GAME_ID,BLUE_WIN,BLUE_KILLS,RED_KILLS,BLUE_DEATHS,RED_DEATHS,RED_ASSISTS,BLUE_ASSISTS,BLUE_WARDS_PLACED,RED_WARDS_PLACED,BLUE_WARDS_DESTROYED,RED_WARDS_DESTROYED,BLUE_DRAGONS,RED_DRAGONS,BLUE_BARONS,RED_BARONS,BLUE_TOWERS,RED_TOWERS,BLUE_ELITE_MONSTERS,RED_ELITE_MONSTERS,BLUE_TEAM_GOLD,RED_TEAM_GOLD,BLUE_TEAM_LEVEL,RED_TEAM_LEVEL,BLUE_TEAM_CS,RED_TEAM_CS,BLUE_TEAAM_CS_PER_MINUTE,RED_TEAAM_CS_PER_MINUTE,BLUE_GOLD_DIFF,RED_GOLD_DIFF,BLUE_GOLD_PER_MIN,RED_GOLD_PER_MIN,BLUE_TEAM_TOP,BLUE_TEAM_JNG,BLUE_TEAM_MID,BLUE_TEAM_ADC,BLUE_TEAM_SUP,RED_TEAM_TOP,RED_TEAM_JNG,RED_TEAM_MID,RED_TEAM_ADC,RED_TEAM_SUP,BLLUE_TEAM_TOP_ITEM_1,BLLUE_TEAM_TOP_ITEM_2,BLLUE_TEAM_TOP_ITEM_3,BLLUE_TEAM_TOP_ITEM_4,BLLUE_TEAM_TOP_ITEM_5,BLLUE_TEAM_TOP_ITEM_6,BLLUE_TEAM_TOP_ITEM_VISION,BLLUE_TEAM_JNG_ITEM_1,BLLUE_TEAM_JNG_ITEM_2,BLLUE_TEAM_JNG_ITEM_3,BLLUE_TEAM_JNG_ITEM_4,BLLUE_TEAM_JNG_ITEM_5,BLLUE_TEAM_JNG_ITEM_6,BLLUE_TEAM_JNG_ITEM_VISION,BLLUE_TEAM_MID_ITEM_1,BLLUE_TEAM_MID_ITEM_2,BLLUE_TEAM_MID_ITEM_3,BLLUE_TEAM_MID_ITEM_4,BLLUE_TEAM_MID_ITEM_5,BLLUE_TEAM_MID_ITEM_6,BLLUE_TEAM_MID_ITEM_VISION,BLLUE_TEAM_ADC_ITEM_1,BLLUE_TEAM_ADC_ITEM_2,BLLUE_TEAM_ADC_ITEM_3,BLLUE_TEAM_ADC_ITEM_4,BLLUE_TEAM_ADC_ITEM_5,BLLUE_TEAM_ADC_ITEM_6,BLLUE_TEAM_ADC_ITEM_VISION,BLLUE_TEAM_SUP_ITEM_1,BLLUE_TEAM_SUP_ITEM_2,BLLUE_TEAM_SUP_ITEM_3,BLLUE_TEAM_SUP_ITEM_4,BLLUE_TEAM_SUP_ITEM_5,BLLUE_TEAM_SUP_ITEM_6,BLLUE_TEAM_SUP_ITEM_VISION,RED_TEAM_TOP_ITEM_1,RED_TEAM_TOP_ITEM_2,RED_TEAM_TOP_ITEM_3,RED_TEAM_TOP_ITEM_4,RED_TEAM_TOP_ITEM_5,RED_TEAM_TOP_ITEM_6,RED_TEAM_TOP_ITEM_VISION,RED_TEAM_JNG_ITEM_1,RED_TEAM_JNG_ITEM_2,RED_TEAM_JNG_ITEM_3,RED_TEAM_JNG_ITEM_4,RED_TEAM_JNG_ITEM_5,RED_TEAM_JNG_ITEM_6,RED_TEAM_JNG_ITEM_VISION,RED_TEAM_MID_ITEM_1,RED_TEAM_MID_ITEM_2,RED_TEAM_MID_ITEM_3,RED_TEAM_MID_ITEM_4,RED_TEAM_MID_ITEM_5,RED_TEAM_MID_ITEM_6,RED_TEAM_MID_ITEM_VISION,RED_TEAM_ADC_ITEM_1,RED_TEAM_ADC_ITEM_2,RED_TEAM_ADC_ITEM_3,RED_TEAM_ADC_ITEM_4,RED_TEAM_ADC_ITEM_5,RED_TEAM_ADC_ITEM_6,RED_TEAM_ADC_ITEM_VISION,RED_TEAM_SUP_ITEM_1,RED_TEAM_SUP_ITEM_2,RED_TEAM_SUP_ITEM_3,RED_TEAM_SUP_ITEM_4,RED_TEAM_SUP_ITEM_5,RED_TEAM_SUP_ITEM_6,RED_TEAM_SUP_ITEM_VISION,BLUE_TEAM_TOP_RUNE_01,BLUE_TEAM_TOP_RUNE_02,BLUE_TEAM_JNG_RUNE_01,BLUE_TEAM_JNG_RUNE_02,BLUE_TEAM_MID_RUNE_01,BLUE_TEAM_MID_RUNE_02,BLUE_TEAM_ADC_RUNE_01,BLUE_TEAM_ADC_RUNE_02,BLUE_TEAM_SUP_RUNE_01,BLUE_TEAM_SUP_RUNE_02,RED_TEAM_TOP_RUNE_01,RED_TEAM_TOP_RUNE_02,RED_TEAM_JNG_RUNE_01,RED_TEAM_JNG_RUNE_02,RED_TEAM_MID_RUNE_01,RED_TEAM_MID_RUNE_02,RED_TEAM_ADC_RUNE_01,RED_TEAM_ADC_RUNE_02,RED_TEAM_SUP_RUNE_01,RED_TEAM_SUP_RUNE_02,BLUE_TEAM_TOP_SUMMONER_01,BLUE_TEAM_TOP_SUMMONER_02,BLUE_TEAM_JNG_SUMMONER_01,BLUE_TEAM_JNG_SUMMONER_02,BLUE_TEAM_MID_SUMMONER_01,BLUE_TEAM_MID_SUMMONER_02,BLUE_TEAM_ADC_SUMMONER_01,BLUE_TEAM_ADC_SUMMONER_02,BLUE_TEAM_SUP_SUMMONER_01,BLUE_TEAM_SUP_SUMMONER_02,RED_TEAM_TOP_SUMMONER_01,RED_TEAM_TOP_SUMMONER_02,RED_TEAM_JNG_SUMMONER_01,RED_TEAM_JNG_SUMMONER_02,RED_TEAM_MID_SUMMONER_01,RED_TEAM_MID_SUMMONER_02,RED_TEAM_ADC_SUMMONER_01,RED_TEAM_ADC_SUMMONER_02,RED_TEAM_SUP_SUMMONER_01,RED_TEAM_SUP_SUMMONER_02,BLUE_TEAM_RIFT_HERALDS,BLUE_TEAM_VOID_GRUBS,BLUE_TEAM_INHIBITORS,RED_TEAM_RIFT_HERALDS,RED_TEAM_VOID_GRUBS,RED_TEAM_INHIBITORS
https://www.op.gg/summoners/euw/blueskies777-EUW/matches/uRd1PvnOddosf0lwLsDESnmg-3BgK5COCqQazBOrFcg%3D/1734564830000,0,29,33,33,29,55,48,68,90,28,24,1,2,0,2,4,9,1,4,56517,64957,14.0,15.8,869,852,29.0,28.4,-8440,8440,1894.9817647058824,2177.9700000000003,Ambessa,Sejuani,Zed,Viktor,Galio,Riven,Zac,Gwen,Kog'Maw,Rakan,Steel Sigil,Eclipse,Spear of Shojin,Mercury's Treads,Caulfield's Warhammer,No_Item,Oracle Lens,Warmog's Armor,Kaenic Rookern,Zeke's Convergence,Mercury's Treads,Cloth Armor,No_Item,Oracle Lens,Eclipse,Serylda's Grudge,Ionian Boots of Lucidity,Opportunity,Edge of Night,Long Sword,Oracle Lens,Needlessly Large Rod,Doran's Ring,Sorcerer's Shoes,Liandry's Torment,Blackfire Torch,Void Staff,Farsight Alteration,Abyssal Mask,Solstice Sleigh,No_Item,Warmog's Armor,Amplifying Tome,Boots of Swiftness,Oracle Lens,Sundered Sky,Eclipse,Doran's Blade,Mercury's Treads,Caulfield's Warhammer,Pickaxe,Oracle Lens,Ionian Boots of Lucidity,Unending Despair,Negatron Cloak,Ruby Crystal,Sunfire Aegis,Spirit Visage,Oracle Lens,Rabadon's Deathcap,Nashor's Tooth,Dark Seal,Sorcerer's Shoes,Shadowflame,Void Staff,Stealth Ward,Blade of The Ruined King,Wit's End,No_Item,Guinsoo's Rageblade,Doran's Blade,Berserker's Greaves,Farsight Alteration,Mercury's Treads,Dark Seal,Dream Maker,Trailblazer,Abyssal Mask,No_Item,Oracle Lens,Grasp of the Undying,Domination,Aftershock,Inspiration,Conqueror,Sorcery,Summon Aery,Precision,Aftershock,Sorcery,Conqueror,Resolve,Aftershock,Precision,Dark Harvest,Sorcery,Lethal Tempo,Resolve,Guardian,Domination,Flash,Teleport,Flash,Smite,Teleport,Flash,Flash,Teleport,Flash,Ignite,Flash,Ignite,Smite,Flash,Ghost,Teleport,Cleanse,Flash,Ignite,Flash,1,3,0,0,3,1
https://www.op.gg/summoners/euw/blueskies777-EUW/matches/uRd1PvnOddqII427JcUmnXHTOVvzDzpR3IF1Uf7uVJM%3D/1734561231000,1,29,15,15,29,14,31,49,53,14,12,1,0,0,0,4,3,1,0,45114,40339,12.4,11.2,689,653,32.4,30.7,4775,-4775,2113.9131428571427,1890.1702857142855,Riven,Wukong,Kassadin,Caitlyn,Pyke,Gnar,Lee Sin,Ahri,Corki,Nautilus,Doran's Blade,Sundered Sky,Eclipse,Long Sword,Ionian Boots of Lucidity,Glowing Mote,Oracle Lens,No_Item,No_Item,No_Item,Slightly Magical Footwear,Sundered Sky,Trinity Force,Oracle Lens,Mejai's Soulstealer,Refillable Potion,Shattered Armguard,Malignance,Boots,Seraph's Embrace,Farsight Alteration,Doran's Blade,The Collector,Infinity Edge,Berserker's Greaves,Long Sword,No_Item,Farsight Alteration,Serrated Dirk,Youmuu's Ghostblade,Celestial Opposition,Boots of Swiftness,Pickaxe,No_Item,Oracle Lens,Trinity Force,Black Cleaver,Ruby Crystal,Plated Steelcaps,No_Item,Doran's Blade,Stealth Ward,Phage,Sundered Sky,No_Item,Pickaxe,Slightly Magical Footwear,No_Item,Stealth Ward,Ionian Boots of Lucidity,Malignance,Fiendish Codex,Horizon Focus,Doran's Ring,No_Item,Stealth Ward,Trinity Force,No_Item,Plated Steelcaps,Essence Reaver,Doran's Blade,No_Item,Farsight Alteration,No_Item,Locket of the Iron Solari,Celestial Opposition,Plated Steelcaps,Refillable Potion,No_Item,Oracle Lens,Conqueror,Inspiration,Conqueror,Inspiration,Electrocute,Sorcery,Lethal Tempo,Sorcery,Hail of Blades,Sorcery,Grasp of the Undying,Precision,Conqueror,Inspiration,Summon Aery,Inspiration,Conqueror,Inspiration,Aftershock,Inspiration,Flash,Teleport,Smite,Flash,Teleport,Flash,Flash,Barrier,Ignite,Flash,Teleport,Flash,Flash,Smite,Teleport,Flash,Flash,Barrier,Flash,Ignite,0,0,0,1,6,0
https://www.op.gg/summoners/euw/blueskies777-EUW/matches/uRd1PvnOddqOKpJ5yp_TP6-G-gEcnrunJ7PNsPPEfAM%3D/1734559389000,0,17,32,32,17,43,19,44,54,16,8,0,2,0,0,3,8,0,2,40458,50655,11.4,12.2,594,700,26.0,30.6,-10197,10197,1770.0375,2216.15625,Irelia,Ivern,Akali,Ezreal,Leona,Renekton,Viego,Zoe,Kalista,Thresh,Blade of The Ruined King,Kraken Slayer,Plated Steelcaps,Doran's Blade,Dagger,Dagger,Stealth Ward,Moonstone Renewer,Redemption,Dark Seal,No_Item,Ionian Boots of Lucidity,Glowing Mote,Oracle Lens,Doran's Ring,Dark Seal,Shadowflame,Stormsurge,Sorcerer's Shoes,Needlessly Large Rod,Oracle Lens,Muramana,Trinity Force,No_Item,Ionian Boots of Lucidity,No_Item,Doran's Blade,Farsight Alteration,Plated Steelcaps,Locket of the Iron Solari,Bloodsong,Kindlegem,No_Item,Cloth Armor,Oracle Lens,Death's Dance,Eclipse,Black Cleaver,Mercury's Treads,Null-Magic Mantle,Cloth Armor,Oracle Lens,Titanic Hydra,Kraken Slayer,Immortal Shieldbow,No_Item,Tunneler,Mercury's Treads,Oracle Lens,Dark Seal,Lich Bane,Doran's Ring,Luden's Companion,Sorcerer's Shoes,Amplifying Tome,Stealth Ward,Doran's Blade,Control Ward,Guinsoo's Rageblade,Berserker's Greaves,Blade of The Ruined King,Recurve Bow,Farsight Alteration,Trailblazer,Solstice Sleigh,No_Item,Kindlegem,Null-Magic Mantle,Boots of Swiftness,Oracle Lens,Conqueror,Resolve,Glacial Augment,Resolve,Electrocute,Resolve,Press the Attack,Inspiration,Aftershock,Inspiration,Conqueror,Resolve,Conqueror,Inspiration,Dark Harvest,Inspiration,Lethal Tempo,Inspiration,Aftershock,Inspiration,Teleport,Flash,Flash,Smite,Ignite,Flash,Barrier,Flash,Ignite,Flash,Flash,Teleport,Flash,Smite,Ignite,Flash,Flash,Cleanse,Flash,Ignite,0,2,0,1,2,1
https://www.op.gg/summoners/euw/blueskies777-EUW/matches/uRd1PvnOddrNJouzPeKdHI1vgL39GiHMWzhSghIb3aM%3D/1734556778000,0,33,36,37,34,63,45,70,72,22,29,0,4,0,2,6,7,0,6,63555,65060,14.8,16.0,950,885,30.599999999999998,28.5,-1505,1505,2043.9798994974874,2092.381909547739,Ambessa,Graves,Akali,Ezreal,Karma,Renekton,Skarner,Sylas,Vayne,Nami,Voltaic Cyclosword,Plated Steelcaps,Eclipse,Executioner's Calling,Spear of Shojin,Long Sword,Oracle Lens,Mercury's Treads,Control Ward,Infinity Edge,Mortal Reminder,Immortal Shieldbow,The Collector,Oracle Lens,Shadowflame,Lich Bane,Stormsurge,Blighting Jewel,Boots,Dark Seal,Oracle Lens,Spear of Shojin,Muramana,Black Cleaver,Trinity Force,Ionian Boots of Lucidity,No_Item,Farsight Alteration,Zaz'Zak's Realmspike,Amplifying Tome,Haunting Guise,Malignance,Imperial Mandate,Ionian Boots of Lucidity,Oracle Lens,No_Item,Eclipse,Randuin's Omen,Sterak's Gage,Plated Steelcaps,No_Item,Oracle Lens,Heartsteel,Sterak's Gage,Spirit Visage,Kindlegem,Ruby Crystal,Plated Steelcaps,Oracle Lens,Hextech Rocketbelt,Cosmic Drive,Zhonya's Hourglass,No_Item,Sorcerer's Shoes,Dark Seal,Oracle Lens,"Jak'Sho, The Protean",Negatron Cloak,Terminus,Blade of The Ruined King,Guinsoo's Rageblade,Berserker's Greaves,Farsight Alteration,Amplifying Tome,Shurelya's Battlesong,Dream Maker,Imperial Mandate,Ardent Censer,Ionian Boots of Lucidity,Oracle Lens,Grasp of the Undying,Domination,Dark Harvest,Precision,Electrocute,Sorcery,Conqueror,Inspiration,Summon Aery,Domination,Conqueror,Resolve,Grasp of the Undying,Inspiration,Conqueror,Resolve,Lethal Tempo,Resolve,Summon Aery,Domination,Teleport,Flash,Smite,Flash,Flash,Ignite,Flash,Barrier,Flash,Ignite,Flash,Teleport,Flash,Smite,Teleport,Flash,Flash,Barrier,Heal,Flash,0,5,0,1,1,1
https://www.op.gg/summoners/euw/blueskies777-EUW/matches/uRd1PvnOddpYamME1zm0_0ErqYAu6lZBnpO-FHvrqiU%3D/1734554132000,1,54,30,30,54,53,103,130,94,44,40,1,3,2,0,10,4,3,3,77729,68694,17.2,16.6,974,1074,28.3,31.200000000000003,9035,-9035,2265.7846153846153,2002.4161943319837,Renekton,Ivern,Corki,Ashe,Pyke,Olaf,Udyr,Viktor,Kog'Maw,Renata Glasc,Eclipse,Plated Steelcaps,Black Cleaver,Executioner's Calling,Spear of Shojin,Kaenic Rookern,Farsight Alteration,Shurelya's Battlesong,Redemption,Moonstone Renewer,Mejai's Soulstealer,Dawncore,Ionian Boots of Lucidity,Oracle Lens,Mortal Reminder,Zeal,Infinity Edge,Muramana,Trinity Force,Mercury's Treads,Farsight Alteration,Bloodthirster,Kraken Slayer,B. F. Sword,Berserker's Greaves,Mortal Reminder,Phantom Dancer,Farsight Alteration,Bloodsong,Youmuu's Ghostblade,Umbral Glaive,Serrated Dirk,Synchronized Souls,No_Item,Oracle Lens,Plated Steelcaps,Death's Dance,Stridebreaker,Doran's Blade,Sterak's Gage,Sundered Sky,Farsight Alteration,Unending Despair,Giant's Belt,Liandry's Torment,Boots of Swiftness,Frozen Heart,"Jak'Sho, The Protean",Oracle Lens,Rabadon's Deathcap,Liandry's Torment,Blackfire Torch,Dark Seal,Boots of Swiftness,Void Staff,Farsight Alteration,"Jak'Sho, The Protean",Blade of The Ruined King,Guinsoo's Rageblade,Berserker's Greaves,Terminus,Cloth Armor,Farsight Alteration,Control Ward,Celestial Opposition,Locket of the Iron Solari,Mikael's Blessing,Redemption,Ionian Boots of Lucidity,Oracle Lens,Conqueror,Resolve,Glacial Augment,Resolve,Conqueror,Inspiration,Lethal Tempo,Inspiration,Hail of Blades,Sorcery,Conqueror,Inspiration,Conqueror,Inspiration,Summon Aery,Resolve,Lethal Tempo,Resolve,Guardian,Domination,Flash,Teleport,Flash,Smite,Teleport,Flash,Flash,Barrier,Flash,Ignite,Flash,Ghost,Flash,Smite,Teleport,Flash,Flash,Barrier,Heal,Flash,1,4,1,0,2,0
https://www.op.gg/summoners/euw/blueskies777-EUW/matches/uRd1PvnOddpKn7SSYcSQoU_i55Io_x2v_BvT432sw10%3D/1734549280000,0,12,29,29,12,25,13,46,67,20,16,1,2,0,1,2,9,1,3,40087,53343,11.8,13.8,686,833,30.0,36.6,-13256,13256,1762.862048192771,2345.8066265060243,Akali,Talon,Smolder,Caitlyn,Maokai,Irelia,Heimerdinger,Corki,Jinx,Thresh,Void Staff,Stormsurge,No_Item,No_Item,Sorcerer's Shoes,Amplifying Tome,Oracle Lens,Youmuu's Ghostblade,Long Sword,No_Item,Serrated Dirk,Slightly Magical Footwear,Hubris,Oracle Lens,Scout's Slingshot,Refillable Potion,Essence Reaver,Doran's Blade,Zeal,Ionian Boots of Lucidity,Farsight Alteration,Doran's Blade,Yun Tal Wildarrows,Berserker's Greaves,Infinity Edge,Zeal,Scout's Slingshot,Farsight Alteration,Celestial Opposition,Boots of Swiftness,Trailblazer,Control Ward,Ruby Crystal,Warden's Mail,Oracle Lens,Doran's Blade,Blade of The Ruined King,Plated Steelcaps,Wit's End,Hullbreaker,Long Sword,Farsight Alteration,Rylai's Crystal Scepter,Liandry's Torment,No_Item,Sorcerer's Shoes,No_Item,No_Item,Stealth Ward,Rapid Firecannon,Muramana,Trinity Force,Pickaxe,No_Item,Plated Steelcaps,Farsight Alteration,The Collector,Berserker's Greaves,Runaan's Hurricane,B. F. Sword,Doran's Blade,No_Item,Farsight Alteration,Solstice Sleigh,Redemption,Mikael's Blessing,Ionian Boots of Lucidity,Ruby Crystal,Control Ward,Oracle Lens,Electrocute,Resolve,Conqueror,Inspiration,Fleet Footwork,Inspiration,Lethal Tempo,Sorcery,Aftershock,Inspiration,Conqueror,Inspiration,Electrocute,Sorcery,Conqueror,Inspiration,Lethal Tempo,Domination,Aftershock,Inspiration,Ignite,Teleport,Smite,Ignite,Teleport,Flash,Barrier,Flash,Flash,Ignite,Flash,Teleport,Smite,Flash,Flash,Teleport,Flash,Barrier,Flash,Ignite,0,3,0,1,3,1
https://www.op.gg/summoners/euw/blueskies777-EUW/matches/uRd1PvnOddokC_0dKm5XO1Am8_DXm1AfsxK-6uAKMoc%3D/1734547014000,1,25,22,22,25,36,37,59,74,29,16,1,2,1,0,7,3,2,2,56835,48395,14.6,12.8,908,748,34.9,28.7,8440,-8440,2183.6605263157894,1859.3868421052632,Vladimir,Vi,Ryze,Corki,Leona,K'Sante,Nidalee,Talon,Jhin,Pyke,Riftmaker,Doran's Ring,No_Item,Liandry's Torment,Sorcerer's Shoes,No_Item,Farsight Alteration,Black Cleaver,Null-Magic Mantle,Sundered Sky,Sterak's Gage,Plated Steelcaps,Warden's Mail,Oracle Lens,Needlessly Large Rod,Frozen Heart,Seraph's Embrace,Doran's Ring,Boots of Swiftness,Rod of Ages,Oracle Lens,Mortal Reminder,Pickaxe,Muramana,Doran's Blade,Plated Steelcaps,Trinity Force,Farsight Alteration,Locket of the Iron Solari,Bloodsong,Control Ward,Knight's Vow,Plated Steelcaps,Negatron Cloak,Oracle Lens,Doran's Shield,Mercury's Treads,Iceborn Gauntlet,Kaenic Rookern,Warden's Mail,No_Item,Oracle Lens,Horizon Focus,Liandry's Torment,Dark Seal,Sorcerer's Shoes,Shadowflame,No_Item,Oracle Lens,Youmuu's Ghostblade,Serpent's Fang,Boots,Long Sword,Black Cleaver,Null-Magic Mantle,Oracle Lens,Doran's Blade,Cloak of Agility,Executioner's Calling,The Collector,Rapid Firecannon,Boots of Swiftness,Farsight Alteration,Celestial Opposition,Youmuu's Ghostblade,Ruby Crystal,Long Sword,Mercury's Treads,Serrated Dirk,Oracle Lens,Summon Aery,Precision,Press the Attack,Inspiration,Phase Rush,Precision,Conqueror,Inspiration,Aftershock,Precision,Aftershock,Inspiration,Conqueror,Sorcery,Conqueror,Sorcery,Fleet Footwork,Inspiration,Hail of Blades,Sorcery,Flash,Ghost,Flash,Smite,Teleport,Flash,Flash,Barrier,Ignite,Flash,Flash,Teleport,Flash,Smite,Flash,Ignite,Cleanse,Flash,Ignite,Flash,1,3,0,0,3,0
https://www.op.gg/summoners/euw/blueskies777-EUW/matches/uRd1PvnOddrXLh1mkTvzIC81n3PR6SnqWXDVf11V718%3D/1734544780000,1,30,18,18,30,21,59,124,102,45,50,3,2,1,1,8,7,4,3,65650,63478,16.2,15.4,1027,1073,31.099999999999998,32.3,2172,-2172,1981.436363636364,1915.8814545454547,Darius,Vi,Ahri,Jhin,Renata Glasc,Gnar,Viego,Hwei,Kalista,Rakan,Stridebreaker,Dead Man's Plate,Control Ward,Ruby Crystal,Plated Steelcaps,Force of Nature,Farsight Alteration,Sundered Sky,Plated Steelcaps,Black Cleaver,Sterak's Gage,Steel Sigil,B. F. Sword,Oracle Lens,Rabadon's Deathcap,Dark Seal,Zhonya's Hourglass,Lich Bane,Malignance,Sorcerer's Shoes,Oracle Lens,The Collector,Rapid Firecannon,Boots of Swiftness,Infinity Edge,Last Whisper,Executioner's Calling,Farsight Alteration,Redemption,Solstice Sleigh,Locket of the Iron Solari,Boots of Swiftness,Kindlegem,No_Item,Oracle Lens,Doran's Blade,Boots of Swiftness,Randuin's Omen,Trinity Force,Sterak's Gage,Negatron Cloak,Oracle Lens,Plated Steelcaps,Long Sword,Long Sword,Sterak's Gage,Kraken Slayer,Titanic Hydra,Oracle Lens,No_Item,Void Staff,Dark Seal,Blackfire Torch,Sorcerer's Shoes,Shadowflame,Oracle Lens,Terminus,Doran's Blade,Blade of The Ruined King,Berserker's Greaves,Guardian Angel,Guinsoo's Rageblade,Farsight Alteration,Solstice Sleigh,Mikael's Blessing,Locket of the Iron Solari,Zeke's Convergence,Ionian Boots of Lucidity,No_Item,Oracle Lens,Conqueror,Resolve,Conqueror,Inspiration,Electrocute,Sorcery,Dark Harvest,Precision,Guardian,Domination,Grasp of the Undying,Inspiration,Conqueror,Inspiration,Arcane Comet,Precision,Lethal Tempo,Domination,Guardian,Domination,Flash,Ghost,Smite,Flash,Flash,Teleport,Barrier,Flash,Heal,Flash,Flash,Teleport,Smite,Flash,Teleport,Flash,Flash,Barrier,Flash,Ignite,0,3,1,1,3,1
https://www.op.gg/summoners/euw/blueskies777-EUW/matches/uRd1PvnOddpGtt7iHRy6YyJmIdlxUUwocN-3-NUSs0o%3D/1734542418000,0,13,26,26,13,32,11,30,45,9,6,0,2,0,0,1,3,0,2,33682,40862,10.8,11.6,583,636,30.9,33.6,-7180,7180,1792.2532110091745,2174.308256880734,Viktor,Udyr,Aurora,Jhin,Jayce,Irelia,Rengar,Hwei,Ashe,Karma,Refillable Potion,Plated Steelcaps,Tear of the Goddess,Doran's Ring,Iceborn Gauntlet,Amplifying Tome,Farsight Alteration,Negatron Cloak,Liandry's Torment,Plated Steelcaps,Frozen Heart,Ruby Crystal,No_Item,Oracle Lens,Zaz'Zak's Realmspike,Refillable Potion,Boots,Liandry's Torment,Dark Seal,No_Item,Oracle Lens,Doran's Blade,The Collector,Plated Steelcaps,No_Item,No_Item,No_Item,Stealth Ward,Youmuu's Ghostblade,Manamune,No_Item,No_Item,Boots,Doran's Blade,Stealth Ward,Wit's End,Control Ward,Blade of The Ruined King,Boots,No_Item,No_Item,Oracle Lens,Profane Hydra,Lord Dominik's Regards,Mercury's Treads,No_Item,Serrated Dirk,No_Item,Eye of the Herald,Doran's Ring,Dark Seal,Luden's Companion,Shadowflame,Sorcerer's Shoes,Needlessly Large Rod,Farsight Alteration,Kraken Slayer,Berserker's Greaves,Phantom Dancer,No_Item,No_Item,Doran's Blade,Farsight Alteration,Zaz'Zak's Realmspike,Imperial Mandate,Bandleglass Mirror,Ionian Boots of Lucidity,Aether Wisp,No_Item,Oracle Lens,Grasp of the Undying,Sorcery,Conqueror,Resolve,Electrocute,Sorcery,Dark Harvest,Precision,Phase Rush,Resolve,Conqueror,Resolve,Conqueror,Domination,Arcane Comet,Precision,Lethal Tempo,Inspiration,Arcane Comet,Domination,Flash,Teleport,Flash,Smite,Heal,Flash,Flash,Barrier,Flash,Teleport,Teleport,Flash,Smite,Flash,Flash,Teleport,Barrier,Flash,Flash,Heal,0,3,0,1,3,0
https://www.op.gg/summoners/euw/blueskies777-EUW/matches/uRd1PvnOddoChUmtodE3yIPBwnkr2qIpbhWkfowvLm0%3D/1734479825000,1,32,10,12,32,8,49,41,45,7,9,3,0,0,0,9,2,3,0,46787,35167,12.4,11.0,667,583,31.9,27.8,11620,-11620,2240.851052631579,1684.3142105263157,Ornn,Taliyah,Qiyana,Ashe,Lulu,Camille,Viego,Sylas,Jinx,Blitzcrank,Doran's Shield,Refillable Potion,Sunfire Aegis,Plated Steelcaps,Bramble Vest,Ruby Crystal,Stealth Ward,No_Item,Luden's Companion,Mejai's Soulstealer,Shadowflame,Sorcerer's Shoes,No_Item,Stealth Ward,Ionian Boots of Lucidity,Profane Hydra,Youmuu's Ghostblade,Refillable Potion,Long Sword,No_Item,Oracle Lens,Infinity Edge,Refillable Potion,Yun Tal Wildarrows,Slightly Magical Footwear,Executioner's Calling,No_Item,Farsight Alteration,Redemption,Dream Maker,Moonstone Renewer,Ionian Boots of Lucidity,Fiendish Codex,Fiendish Codex,Oracle Lens,Ravenous Hydra,Trinity Force,Mercury's Treads,Ruby Crystal,Long Sword,No_Item,Stealth Ward,Tunneler,Giant's Belt,Kraken Slayer,Slightly Magical Footwear,No_Item,Long Sword,Oracle Lens,Doran's Ring,Hextech Alternator,Hextech Rocketbelt,Dark Seal,Sorcerer's Shoes,Aether Wisp,Oracle Lens,Berserker's Greaves,Infinity Edge,Doran's Blade,Zeal,Scout's Slingshot,No_Item,Stealth Ward,Bloodsong,Trailblazer,Ruby Crystal,Boots of Swiftness,No_Item,No_Item,Oracle Lens,Grasp of the Undying,Precision,Dark Harvest,Inspiration,Electrocute,Precision,Lethal Tempo,Inspiration,Summon Aery,Resolve,Conqueror,Resolve,Conqueror,Inspiration,Electrocute,Resolve,Lethal Tempo,Sorcery,Glacial Augment,Sorcery,Teleport,Flash,Smite,Flash,Flash,Ignite,Flash,Barrier,Flash,Heal,Flash,Teleport,Flash,Smite,Teleport,Flash,Flash,Barrier,Flash,Ignite,1,3,2,0,3,0
https://www.op.gg/summoners/euw/blueskies777-EUW/matches/uRd1PvnOddqzhz5B7l4Q9yeErI9oxJktsrQCcos67FU%3D/1734475329000,1,28,30,30,28,43,54,107,133,45,51,1,2,1,1,8,3,2,3,63885,62575,15.6,15.4,865,1023,26.900000000000002,31.8,1310,-1310,2004.235294117647,1963.137254901961,K'Sante,Viego,Veigar,Jhin,Rakan,Ornn,Rengar,Xerath,Ezreal,Pyke,Plated Steelcaps,"Jak'Sho, The Protean",Abyssal Mask,Unending Despair,Chain Vest,Control Ward,Farsight Alteration,Sterak's Gage,Trinity Force,Plated Steelcaps,Kraken Slayer,Long Sword,Cloth Armor,Oracle Lens,Hextech Rocketbelt,Shurelya's Battlesong,Shattered Armguard,Cryptbloom,Rabadon's Deathcap,Symbiotic Soles,Farsight Alteration,Doran's Blade,Plated Steelcaps,Infinity Edge,The Collector,Lord Dominik's Regards,Dagger,Farsight Alteration,Celestial Opposition,Locket of the Iron Solari,Knight's Vow,No_Item,Ionian Boots of Lucidity,Giant's Belt,Oracle Lens,Sunfire Aegis,Heartsteel,Negatron Cloak,Mercury's Treads,Chain Vest,Giant's Belt,Oracle Lens,Edge of Night,Profane Hydra,Youmuu's Ghostblade,Boots,Lord Dominik's Regards,Serrated Dirk,Oracle Lens,Rabadon's Deathcap,Void Staff,Sorcerer's Shoes,Luden's Companion,Hextech Alternator,No_Item,Farsight Alteration,Doran's Blade,Trinity Force,Muramana,Spear of Shojin,Ionian Boots of Lucidity,Last Whisper,Farsight Alteration,Control Ward,Youmuu's Ghostblade,Celestial Opposition,Umbral Glaive,Edge of Night,Synchronized Souls,Oracle Lens,Grasp of the Undying,Sorcery,Conqueror,Inspiration,Unsealed Spellbook,Sorcery,Dark Harvest,Precision,Guardian,Domination,Grasp of the Undying,Inspiration,Conqueror,Domination,Arcane Comet,Precision,Press the Attack,Inspiration,Hail of Blades,Inspiration,Flash,Teleport,Smite,Flash,Flash,Teleport,Flash,Barrier,Flash,Ignite,Teleport,Flash,Flash,Smite,Teleport,Flash,Flash,Barrier,Ignite,Flash,0,6,1,0,0,0
https://www.op.gg/summoners/euw/blueskies777-EUW/matches/uRd1PvnOddobbj94YwP9SIunrhL12J7UZI75z6-ASwo%3D/1734470019000,1,34,22,22,34,24,50,53,65,16,17,1,2,0,0,8,3,1,2,52637,45393,12.4,12.4,635,649,25.4,26.0,7244,-7244,2111.6005813953493,1820.9982558139536,K'Sante,Shaco,Katarina,Vayne,Renata Glasc,Kennen,Kindred,Talon,Ashe,Pyke,Doran's Shield,Kaenic Rookern,No_Item,"Jak'Sho, The Protean",Plated Steelcaps,Iceborn Gauntlet,Oracle Lens,Serrated Dirk,Berserker's Greaves,Opportunity,Eclipse,Rectrix,No_Item,Oracle Lens,Dark Seal,Shadowflame,Lich Bane,Blighting Jewel,Sorcerer's Shoes,Rabadon's Deathcap,Oracle Lens,Refillable Potion,Kraken Slayer,Berserker's Greaves,Guinsoo's Rageblade,No_Item,Doran's Blade,Farsight Alteration,Solstice Sleigh,Locket of the Iron Solari,Control Ward,Kindlegem,Plated Steelcaps,Forbidden Idol,Oracle Lens,Zhonya's Hourglass,Sorcerer's Shoes,Liandry's Torment,No_Item,Dark Seal,No_Item,Stealth Ward,The Collector,Trinity Force,Control Ward,Plated Steelcaps,No_Item,No_Item,Oracle Lens,Serrated Dirk,Tunneler,Youmuu's Ghostblade,Boots of Swiftness,Long Sword,Opportunity,Oracle Lens,Doran's Blade,Kraken Slayer,Berserker's Greaves,Hearthbound Axe,Statikk Shiv,Recurve Bow,Farsight Alteration,Bloodsong,Synchronized Souls,Edge of Night,Umbral Glaive,Control Ward,Long Sword,Oracle Lens,Aftershock,Inspiration,Hail of Blades,Precision,Electrocute,Precision,Press the Attack,Resolve,Guardian,Domination,Summon Aery,Inspiration,Press the Attack,Domination,Electrocute,Sorcery,Press the Attack,Inspiration,Hail of Blades,Sorcery,Exhaust,Teleport,Smite,Ignite,Flash,Teleport,Flash,Barrier,Flash,Heal,Flash,Teleport,Smite,Flash,Ignite,Flash,Flash,Barrier,Flash,Ignite,1,6,2,0,0,0
https://www.op.gg/summoners/euw/blueskies777-EUW/matches/uRd1PvnOddrfq7Q3jmUEZwpoKYWOd-YgvQz51GNq91o%3D/1734468084000,0,15,21,21,15,34,26,51,57,19,21,0,3,0,1,2,5,0,4,41265,48558,11.8,13.0,696,769,31.8,35.2,-7293,7293,1891.3125000000002,2225.5750000000003,K'Sante,Jarvan IV,Viktor,Jinx,Lulu,Gwen,Elise,Akshan,Sivir,Blitzcrank,Doran's Shield,Kaenic Rookern,No_Item,Plated Steelcaps,Unending Despair,No_Item,Oracle Lens,Tunneler,Sundered Sky,Spear of Shojin,Plated Steelcaps,Ruby Crystal,Control Ward,Oracle Lens,Doran's Ring,Luden's Companion,No_Item,Shattered Armguard,Dark Seal,Sorcerer's Shoes,Farsight Alteration,Doran's Blade,Runaan's Hurricane,The Collector,Berserker's Greaves,Cloak of Agility,No_Item,Farsight Alteration,Dream Maker,No_Item,Kindlegem,Forbidden Idol,Moonstone Renewer,Ionian Boots of Lucidity,Oracle Lens,Needlessly Large Rod,Elixir of Sorcery,Nashor's Tooth,Shadowflame,Ionian Boots of Lucidity,No_Item,Farsight Alteration,Sorcerer's Shoes,Blighting Jewel,Control Ward,Liandry's Torment,Dark Seal,Stormsurge,Oracle Lens,Doran's Blade,Boots,Long Sword,The Collector,Statikk Shiv,Rapid Firecannon,Stealth Ward,Navori Flickerblade,Doran's Blade,Last Whisper,Essence Reaver,Infinity Edge,Berserker's Greaves,Farsight Alteration,Celestial Opposition,Boots of Swiftness,Locket of the Iron Solari,Warden's Mail,Cloth Armor,No_Item,Oracle Lens,Grasp of the Undying,Inspiration,Conqueror,Inspiration,Summon Aery,Resolve,Lethal Tempo,Domination,Summon Aery,Resolve,Conqueror,Resolve,Dark Harvest,Precision,Press the Attack,Domination,Lethal Tempo,Sorcery,Glacial Augment,Sorcery,Ghost,Teleport,Flash,Smite,Flash,Teleport,Flash,Barrier,Flash,Heal,Teleport,Flash,Flash,Smite,Flash,Teleport,Flash,Barrier,Flash,Ignite,1,6,0,0,0,0
https://www.op.gg/summoners/euw/blueskies777-EUW/matches/uRd1PvnOddpo25TmoBgChrVrSORJ6ng8NMOSq0aGITY%3D/1734466513000,0,22,34,34,22,47,34,55,61,15,16,0,4,0,1,3,9,0,5,50097,60592,13.8,14.6,807,868,30.2,32.4,-10495,10495,1868.0237288135595,2259.3627118644067,K'Sante,Udyr,Viktor,Ashe,Lulu,Ambessa,Elise,Irelia,Draven,Thresh,Iceborn Gauntlet,Kaenic Rookern,No_Item,Thornmail,No_Item,Plated Steelcaps,Oracle Lens,Dark Seal,Randuin's Omen,Liandry's Torment,Plated Steelcaps,Null-Magic Mantle,No_Item,Oracle Lens,Sorcerer's Shoes,Liandry's Torment,Oblivion Orb,Cosmic Drive,Verdant Barrier,Dark Seal,Farsight Alteration,Bloodthirster,No_Item,No_Item,Kraken Slayer,Phantom Dancer,Berserker's Greaves,Farsight Alteration,Redemption,Dream Maker,No_Item,Moonstone Renewer,Kindlegem,Ionian Boots of Lucidity,Oracle Lens,Doran's Shield,Eclipse,Plated Steelcaps,Black Cleaver,Ruby Crystal,Pickaxe,Oracle Lens,Sorcerer's Shoes,Stormsurge,Liandry's Torment,Dark Seal,Blighting Jewel,Rabadon's Deathcap,Oracle Lens,Blade of The Ruined King,Hullbreaker,Kraken Slayer,Doran's Shield,Mercury's Treads,No_Item,Stealth Ward,B. F. Sword,The Collector,Bloodthirster,Lord Dominik's Regards,Berserker's Greaves,Cloak of Agility,Farsight Alteration,Locket of the Iron Solari,Solstice Sleigh,No_Item,Trailblazer,Ruby Crystal,Boots of Swiftness,Oracle Lens,Grasp of the Undying,Inspiration,Conqueror,Resolve,Summon Aery,Resolve,Lethal Tempo,Inspiration,Summon Aery,Resolve,Grasp of the Undying,Domination,Dark Harvest,Precision,Press the Attack,Inspiration,Lethal Tempo,Domination,Aftershock,Inspiration,Teleport,Flash,Flash,Smite,Flash,Teleport,Flash,Barrier,Flash,Heal,Flash,Teleport,Flash,Smite,Flash,Teleport,Flash,Barrier,Flash,Ignite,0,6,0,1,0,1
https://www.op.gg/summoners/euw/blueskies777-EUW/matches/uRd1PvnOddr4ry_qLbCEn-yTnS7Llh8FHP9lgIMxZU4%3D/1734464606000,0,14,28,28,14,44,18,59,59,20,17,1,3,0,1,3,7,1,4,43049,54336,12.2,13.8,759,822,31.1,33.6,-11287,11287,1757.1020408163265,2217.795918367347,Tryndamere,Wukong,Sylas,Jinx,Lulu,Jax,Vi,Viktor,Ashe,Thresh,Berserker's Greaves,Navori Flickerblade,Ravenous Hydra,Pickaxe,No_Item,Doran's Blade,Oracle Lens,Kindlegem,Trinity Force,Phage,Sundered Sky,No_Item,Slightly Magical Footwear,Stealth Ward,Doran's Ring,Cosmic Drive,Hextech Rocketbelt,Ionian Boots of Lucidity,Blighting Jewel,No_Item,Oracle Lens,Berserker's Greaves,Yun Tal Wildarrows,Phantom Dancer,Doran's Blade,Last Whisper,Long Sword,Farsight Alteration,Redemption,Dream Maker,Control Ward,Ruby Crystal,Moonstone Renewer,Ionian Boots of Lucidity,Oracle Lens,Doran's Blade,Plated Steelcaps,Trinity Force,Sundered Sky,Frozen Heart,Ruby Crystal,Stealth Ward,Sterak's Gage,Sundered Sky,Plated Steelcaps,B. F. Sword,Cloth Armor,Cloth Armor,Oracle Lens,Dark Seal,Sorcerer's Shoes,No_Item,Lich Bane,Luden's Companion,Rabadon's Deathcap,Farsight Alteration,Kraken Slayer,Berserker's Greaves,Phantom Dancer,B. F. Sword,Pickaxe,Doran's Blade,Farsight Alteration,Trailblazer,Solstice Sleigh,Control Ward,Cloth Armor,Kindlegem,Boots of Swiftness,Oracle Lens,Grasp of the Undying,Precision,Conqueror,Inspiration,Conqueror,Resolve,Lethal Tempo,Sorcery,Summon Aery,Resolve,Lethal Tempo,Inspiration,Conqueror,Inspiration,Summon Aery,Precision,Lethal Tempo,Inspiration,Aftershock,Inspiration,Flash,Ignite,Flash,Smite,Teleport,Flash,Cleanse,Flash,Flash,Heal,Flash,Teleport,Flash,Smite,Flash,Teleport,Barrier,Flash,Flash,Ignite,1,0,0,0,6,0
https://www.op.gg/summoners/euw/blueskies777-EUW/matches/uRd1PvnOddpLvZdZKXYBbmvqjT3gV-ATIk6KqlLnUts%3D/1734396642000,0,11,19,19,11,36,18,38,45,14,19,0,2,0,0,0,5,0,2,32714,41730,10.8,11.6,584,643,28.6,31.6,-9016,9016,1614.7294871794873,2059.75,Maokai,Viego,Sylas,Jhin,Janna,K'Sante,Kindred,Viktor,Jinx,Nautilus,Doran's Ring,Tear of the Goddess,Ionian Boots of Lucidity,Unending Despair,Giant's Belt,No_Item,Oracle Lens,Kraken Slayer,Tiamat,Ruby Crystal,Plated Steelcaps,No_Item,No_Item,Oracle Lens,Doran's Ring,Fiendish Codex,Hextech Rocketbelt,Dark Seal,Sorcerer's Shoes,Aether Wisp,Stealth Ward,Pickaxe,Refillable Potion,Cloak of Agility,Boots of Swiftness,The Collector,Doran's Blade,Farsight Alteration,No_Item,Dark Seal,Dream Maker,Echoes of Helia,Boots of Swiftness,No_Item,Oracle Lens,Unending Despair,Tear of the Goddess,No_Item,Spirit Visage,Boots,No_Item,Oracle Lens,Kraken Slayer,Plated Steelcaps,The Collector,No_Item,No_Item,No_Item,Oracle Lens,Luden's Companion,Ionian Boots of Lucidity,Liandry's Torment,Amplifying Tome,Doran's Ring,Amplifying Tome,Farsight Alteration,Doran's Blade,Berserker's Greaves,Kraken Slayer,Pickaxe,Tunneler,Ruby Crystal,Farsight Alteration,Bloodsong,Locket of the Iron Solari,No_Item,Ruby Crystal,Boots of Swiftness,No_Item,Oracle Lens,Grasp of the Undying,Sorcery,Conqueror,Inspiration,Conqueror,Resolve,Fleet Footwork,Sorcery,Summon Aery,Resolve,Grasp of the Undying,Precision,Press the Attack,Inspiration,Summon Aery,Resolve,Lethal Tempo,Inspiration,Aftershock,Inspiration,Teleport,Flash,Smite,Flash,Flash,Teleport,Barrier,Flash,Flash,Heal,Flash,Teleport,Smite,Flash,Flash,Teleport,Barrier,Flash,Flash,Ignite,0,1,0,1,2,0
https://www.op.gg/summoners/euw/blueskies777-EUW/matches/uRd1PvnOddoj742VCMQGW6Raw3JaDFV4FRJ5eLjdTho%3D/1734394720000,1,44,40,40,44,72,95,162,95,37,55,3,4,1,2,10,6,4,6,83039,80289,17.6,17.6,1112,1176,28.0,29.7,2750,-2750,2097.23071672355,2027.776791808874,Ambessa,Viego,Ahri,Viktor,Bard,Irelia,Vi,Qiyana,Kog'Maw,Lulu,Steel Sigil,Plated Steelcaps,Spear of Shojin,Voltaic Cyclosword,Eclipse,Serylda's Grudge,Farsight Alteration,Slightly Magical Footwear,Kraken Slayer,Sundered Sky,Serpent's Fang,Guardian Angel,Death's Dance,Oracle Lens,Rabadon's Deathcap,Liandry's Torment,Cryptbloom,Ionian Boots of Lucidity,Horizon Focus,Malignance,Oracle Lens,Void Staff,Blackfire Torch,Sorcerer's Shoes,Shadowflame,Liandry's Torment,Rabadon's Deathcap,Farsight Alteration,Plated Steelcaps,Bloodsong,Dead Man's Plate,Frozen Heart,Ruby Crystal,No_Item,Oracle Lens,Wit's End,Blade of The Ruined King,Ruby Crystal,Plated Steelcaps,Death's Dance,Hullbreaker,Farsight Alteration,Sterak's Gage,Mercury's Treads,Black Cleaver,Sundered Sky,Guardian Angel,Ruby Crystal,Oracle Lens,Youmuu's Ghostblade,B. F. Sword,Edge of Night,Serpent's Fang,Serylda's Grudge,Ionian Boots of Lucidity,Oracle Lens,Terminus,Blade of The Ruined King,Zephyr,Guinsoo's Rageblade,Runaan's Hurricane,Navori Flickerblade,Farsight Alteration,Dream Maker,Redemption,Mikael's Blessing,Ionian Boots of Lucidity,Moonstone Renewer,Watchful Wardstone,Oracle Lens,Grasp of the Undying,Domination,Conqueror,Inspiration,Electrocute,Precision,Summon Aery,Precision,Guardian,Domination,Conqueror,Inspiration,Conqueror,Inspiration,Electrocute,Precision,Lethal Tempo,Resolve,Summon Aery,Inspiration,Teleport,Flash,Smite,Flash,Teleport,Flash,Flash,Teleport,Heal,Flash,Flash,Teleport,Flash,Smite,Flash,Teleport,Flash,Barrier,Flash,Heal,0,4,2,1,2,0
https://www.op.gg/summoners/euw/blueskies777-EUW/matches/uRd1PvnOddqEJce_jXLpTYg2GJAuJE8LQWXShgzO1yg%3D/1734391575000,1,38,19,20,38,18,50,36,45,17,7,1,1,1,0,10,0,2,1,57546,40688,14.4,12.2,783,646,34.1,28.2,16858,-16858,2508.4153846153845,1773.5794871794872,Jayce,Graves,Sylas,Ziggs,Bard,Lee Sin,Kindred,Viktor,Kog'Maw,Karma,Edge of Night,Muramana,Youmuu's Ghostblade,Serylda's Grudge,Boots of Swiftness,No_Item,Farsight Alteration,Serpent's Fang,Youmuu's Ghostblade,No_Item,The Collector,Edge of Night,Boots of Swiftness,Oracle Lens,Needlessly Large Rod,Hextech Rocketbelt,Dark Seal,Needlessly Large Rod,Sorcerer's Shoes,Stormsurge,Oracle Lens,Doran's Ring,Luden's Companion,Dark Seal,Horizon Focus,Sorcerer's Shoes,Rabadon's Deathcap,Farsight Alteration,Bloodsong,Dead Man's Plate,Statikk Shiv,Null-Magic Mantle,Slightly Magical Footwear,No_Item,Oracle Lens,Eclipse,Boots,Ravenous Hydra,No_Item,Doran's Shield,No_Item,Stealth Ward,The Collector,Trinity Force,Noonquiver,Slightly Magical Footwear,Ruby Crystal,Pickaxe,Oracle Lens,Doran's Ring,Refillable Potion,Shadowflame,Luden's Companion,Sorcerer's Shoes,No_Item,Farsight Alteration,Shadowflame,Luden's Companion,Sorcerer's Shoes,Dark Seal,Needlessly Large Rod,No_Item,Farsight Alteration,Malignance,Fiendish Codex,Glowing Mote,Zaz'Zak's Realmspike,Ionian Boots of Lucidity,Faerie Charm,Oracle Lens,Conqueror,Inspiration,Dark Harvest,Precision,Electrocute,Resolve,Arcane Comet,Inspiration,Guardian,Inspiration,Conqueror,Resolve,Press the Attack,Inspiration,Summon Aery,Resolve,Arcane Comet,Precision,Arcane Comet,Inspiration,Flash,Teleport,Smite,Flash,Flash,Teleport,Flash,Teleport,Flash,Ignite,Flash,Teleport,Smite,Flash,Teleport,Flash,Teleport,Flash,Flash,Ignite,1,3,2,0,3,0
https://www.op.gg/summoners/euw/blueskies777-EUW/matches/uRd1PvnOddr5FOWMJ9QCzleG1Mc5i9m_umznNJky2cQ%3D/1734388638000,0,43,38,38,43,64,65,79,72,27,22,3,2,0,1,6,10,3,3,65685,68194,15.4,15.8,899,923,28.3,29.099999999999998,-2509,2509,2071.394190871369,2150.516182572614,K'Sante,Viego,LeBlanc,Jhin,Blitzcrank,Gnar,Taliyah,Zoe,Ashe,Sona,Spirit Visage,Control Ward,Mercury's Treads,"Jak'Sho, The Protean",No_Item,Iceborn Gauntlet,Stealth Ward,Maw of Malmortius,Sundered Sky,Mercury's Treads,Kraken Slayer,Spirit Visage,No_Item,Oracle Lens,Banshee's Veil,Blighting Jewel,Blasting Wand,Sorcerer's Shoes,Shadowflame,Stormsurge,Oracle Lens,Lord Dominik's Regards,Boots of Swiftness,Infinity Edge,The Collector,Rapid Firecannon,Bloodthirster,Farsight Alteration,Knight's Vow,Control Ward,Solstice Sleigh,Zeke's Convergence,Kindlegem,Boots of Swiftness,Oracle Lens,Sterak's Gage,Plated Steelcaps,Ruby Crystal,Trinity Force,Wit's End,Black Cleaver,Farsight Alteration,Rabadon's Deathcap,Blackfire Torch,Liandry's Torment,Cryptbloom,Sorcerer's Shoes,Dark Seal,Oracle Lens,Horizon Focus,Banshee's Veil,Sorcerer's Shoes,Dark Seal,Luden's Companion,No_Item,Farsight Alteration,Infinity Edge,Cloak of Agility,Kraken Slayer,Phantom Dancer,No_Item,Berserker's Greaves,Farsight Alteration,Rabadon's Deathcap,Moonstone Renewer,No_Item,No_Item,No_Item,No_Item,Oracle Lens,Grasp of the Undying,Precision,Conqueror,Inspiration,Electrocute,Sorcery,Fleet Footwork,Sorcery,Aftershock,Sorcery,Grasp of the Undying,Precision,Dark Harvest,Inspiration,Summon Aery,Precision,Lethal Tempo,Inspiration,Summon Aery,Precision,Teleport,Flash,Flash,Smite,Flash,Teleport,Flash,Barrier,Ignite,Flash,Flash,Teleport,Smite,Flash,Ignite,Flash,Flash,Barrier,Heal,Flash,1,0,1,0,6,2
https://www.op.gg/summoners/euw/blueskies777-EUW/matches/uRd1PvnOddpwDDCZvlm2jJsOkcwJdy23U5IYLYf3oLc%3D/1734372651000,0,10,21,21,10,25,11,44,44,11,19,0,2,0,0,0,10,0,2,30932,43763,10.4,11.4,520,628,27.1,32.7,-12831,12831,1615.8507462686568,2286.126865671642,Tahm Kench,Wukong,Aatrox,Viktor,Ashe,Sylas,Xin Zhao,Irelia,Jinx,Lulu,Doran's Shield,Heartsteel,Refillable Potion,Plated Steelcaps,Ruby Crystal,No_Item,Stealth Ward,Gustwalker Hatchling,Trinity Force,Plated Steelcaps,Tunneler,Caulfield's Warhammer,No_Item,Stealth Ward,Doran's Blade,Refillable Potion,Plated Steelcaps,Hubris,Long Sword,No_Item,Stealth Ward,Sorcerer's Shoes,Fiendish Codex,Glowing Mote,Aether Wisp,Doran's Ring,Blackfire Torch,Farsight Alteration,Umbral Glaive,Control Ward,Bloodsong,Ionian Boots of Lucidity,Refillable Potion,Long Sword,Oracle Lens,Hextech Rocketbelt,Needlessly Large Rod,Dark Seal,Sorcerer's Shoes,Aether Wisp,Doran's Shield,Stealth Ward,Sundered Sky,Titanic Hydra,No_Item,No_Item,Slightly Magical Footwear,No_Item,Oracle Lens,Doran's Blade,Blade of The Ruined King,Plated Steelcaps,Hullbreaker,Steel Sigil,Caulfield's Warhammer,Oracle Lens,Doran's Blade,Yun Tal Wildarrows,Infinity Edge,Cloak of Agility,Berserker's Greaves,Cull,Farsight Alteration,Dream Maker,No_Item,Kindlegem,Moonstone Renewer,Ionian Boots of Lucidity,Forbidden Idol,Oracle Lens,Grasp of the Undying,Inspiration,Conqueror,Inspiration,Conqueror,Resolve,Phase Rush,Resolve,Hail of Blades,Inspiration,Conqueror,Resolve,Conqueror,Inspiration,Conqueror,Resolve,Lethal Tempo,Sorcery,Summon Aery,Resolve,Flash,Teleport,Flash,Smite,Flash,Ignite,Flash,Teleport,Flash,Heal,Flash,Teleport,Smite,Flash,Flash,Teleport,Cleanse,Flash,Flash,Heal,0,0,0,1,6,2
https://www.op.gg/summoners/euw/blueskies777-EUW/matches/uRd1PvnOddqV8Qsh4yx9nL6zHtxfczTthZyaL3EBSC8%3D/1734302410000,1,30,13,13,30,14,49,41,53,22,8,3,0,1,0,3,3,4,0,45219,40190,12.8,11.8,641,657,29.4,30.0,5029,-5029,2081.1017045454546,1849.653409090909,Aurora,Skarner,Jayce,Corki,Janna,Irelia,Karthus,Ryze,Yasuo,Rell,Doran's Ring,Luden's Companion,Sorcerer's Shoes,Rabadon's Deathcap,Dark Seal,Control Ward,Oracle Lens,Spirit Visage,Heartsteel,Plated Steelcaps,Cloth Armor,Cloth Armor,No_Item,Oracle Lens,Doran's Blade,Serylda's Grudge,Youmuu's Ghostblade,Muramana,Ionian Boots of Lucidity,Ruby Crystal,Oracle Lens,Doran's Blade,Muramana,Hexdrinker,Trinity Force,Plated Steelcaps,Caulfield's Warhammer,Farsight Alteration,Echoes of Helia,Zaz'Zak's Realmspike,Redemption,Control Ward,Boots of Swiftness,No_Item,Oracle Lens,Doran's Blade,Blade of The Ruined King,Hullbreaker,Mercury's Treads,Recurve Bow,Negatron Cloak,Oracle Lens,Blackfire Torch,Sorcerer's Shoes,Shadowflame,Dark Seal,Oblivion Orb,Amplifying Tome,Oracle Lens,Refillable Potion,Control Ward,Ionian Boots of Lucidity,Rod of Ages,Seraph's Embrace,Cloth Armor,Farsight Alteration,Pickaxe,Berserker's Greaves,Kraken Slayer,Doran's Blade,B. F. Sword,Cloak of Agility,Farsight Alteration,Refillable Potion,Celestial Opposition,Kindlegem,Cloth Armor,Zeke's Convergence,Ionian Boots of Lucidity,Oracle Lens,Electrocute,Sorcery,Grasp of the Undying,Inspiration,Phase Rush,Inspiration,Conqueror,Inspiration,Summon Aery,Domination,Conqueror,Resolve,Dark Harvest,Precision,Phase Rush,Resolve,Lethal Tempo,Resolve,Aftershock,Inspiration,Flash,Teleport,Flash,Smite,Teleport,Flash,Flash,Barrier,Flash,Heal,Flash,Teleport,Flash,Smite,Flash,Teleport,Flash,Exhaust,Ignite,Flash,1,0,0,0,6,0
https://www.op.gg/summoners/euw/blueskies777-EUW/matches/uRd1PvnOddomtJT-amScRhfkYns_rDavvgCNN75z_0Q%3D/1734299750000,1,40,34,34,40,50,74,88,58,18,25,2,2,1,1,10,6,3,3,73874,67840,16.6,15.8,1015,967,29.5,28.1,6034,-6034,2147.878414096916,1972.440528634361,Kennen,Warwick,Irelia,Hwei,Nautilus,K'Sante,Viego,Vex,Ashe,Sylas,Stormsurge,Hextech Rocketbelt,Sorcerer's Shoes,Shadowflame,Doran's Ring,Void Staff,Stealth Ward,Stridebreaker,Spirit Visage,Boots of Swiftness,Giant's Belt,Blade of The Ruined King,Negatron Cloak,Oracle Lens,Guardian Angel,Blade of The Ruined King,Mercury's Treads,Wit's End,Hullbreaker,Death's Dance,Farsight Alteration,Banshee's Veil,Liandry's Torment,Blackfire Torch,Horizon Focus,Dark Seal,Ionian Boots of Lucidity,Farsight Alteration,Bloodsong,Warmog's Armor,Locket of the Iron Solari,Mercury's Treads,Control Ward,Kindlegem,Oracle Lens,"Jak'Sho, The Protean",Mercury's Treads,No_Item,Thornmail,Unending Despair,Kaenic Rookern,Oracle Lens,Sterak's Gage,Sundered Sky,Control Ward,Mercury's Treads,Guardian Angel,Kraken Slayer,Oracle Lens,Luden's Companion,Needlessly Large Rod,Sorcerer's Shoes,Blighting Jewel,Shadowflame,Stormsurge,Farsight Alteration,Kraken Slayer,Pickaxe,Phantom Dancer,Lord Dominik's Regards,Doran's Blade,Berserker's Greaves,Farsight Alteration,Zhonya's Hourglass,Hextech Rocketbelt,Celestial Opposition,Needlessly Large Rod,Sorcerer's Shoes,Void Staff,Oracle Lens,Conqueror,Inspiration,Press the Attack,Inspiration,Conqueror,Inspiration,Summon Aery,Precision,Aftershock,Inspiration,Grasp of the Undying,Inspiration,Conqueror,Inspiration,Electrocute,Sorcery,Lethal Tempo,Inspiration,Electrocute,Resolve,Flash,Teleport,Flash,Smite,Teleport,Flash,Flash,Teleport,Flash,Ignite,Flash,Teleport,Flash,Smite,Flash,Teleport,Flash,Barrier,Flash,Ignite,0,3,1,1,3,1
https://www.op.gg/summoners/euw/blueskies777-EUW/matches/uRd1PvnOddpcknDk_FbV2L1kMLvAsYtn77--38gcw_A%3D/1734292303000,0,30,34,34,30,55,48,57,60,15,13,0,4,1,0,5,8,1,4,55479,60094,13.8,14.4,767,809,28.1,29.6,-4615,4615,2043.963157894737,2213.9894736842107,Renekton,Karthus,Yone,Ashe,Thresh,Viktor,Ambessa,Akali,Draven,Nami,Black Cleaver,Mercury's Treads,Stridebreaker,Tunneler,Pickaxe,Ruby Crystal,Oracle Lens,Liandry's Torment,Blackfire Torch,Shadowflame,Rabadon's Deathcap,Control Ward,Sorcerer's Shoes,Oracle Lens,Doran's Shield,Chain Vest,Berserker's Greaves,Blade of The Ruined King,Immortal Shieldbow,Negatron Cloak,Farsight Alteration,Mortal Reminder,No_Item,No_Item,Kraken Slayer,Phantom Dancer,Berserker's Greaves,Farsight Alteration,Redemption,Locket of the Iron Solari,Solstice Sleigh,Boots of Swiftness,Kindlegem,Control Ward,Oracle Lens,Doran's Ring,Plated Steelcaps,Iceborn Gauntlet,Seraph's Embrace,Liandry's Torment,No_Item,Stealth Ward,Spear of Shojin,Eclipse,Black Cleaver,Caulfield's Warhammer,Slightly Magical Footwear,No_Item,Oracle Lens,Hextech Rocketbelt,Zhonya's Hourglass,No_Item,Mejai's Soulstealer,Stormsurge,Sorcerer's Shoes,Oracle Lens,Mortal Reminder,The Collector,Pickaxe,Berserker's Greaves,Bloodthirster,No_Item,Farsight Alteration,Imperial Mandate,No_Item,Solstice Sleigh,Staff of Flowing Water,Boots of Swiftness,Amplifying Tome,Oracle Lens,Conqueror,Resolve,Dark Harvest,Precision,Lethal Tempo,Resolve,Lethal Tempo,Inspiration,Aftershock,Inspiration,Grasp of the Undying,Sorcery,Conqueror,Inspiration,Electrocute,Resolve,Lethal Tempo,Domination,Summon Aery,Precision,Flash,Teleport,Smite,Flash,Flash,Teleport,Flash,Barrier,Flash,Ignite,Teleport,Flash,Flash,Smite,Flash,Teleport,Flash,Barrier,Flash,Heal,1,5,0,0,1,1
https://www.op.gg/summoners/euw/blueskies777-EUW/matches/uRd1PvnOddoqRZc7TNxplA--awsEdxlm4gDXZnaGANY%3D/1734289637000,1,24,11,11,24,13,32,43,29,10,13,2,1,1,0,5,1,3,1,47402,37644,13.0,11.4,744,614,34.3,28.3,9758,-9758,2191.224528301887,1740.147169811321,Ashe,Diana,Yasuo,Renekton,Lulu,Vayne,Bel'Veth,Qiyana,Ziggs,Leona,Berserker's Greaves,Control Ward,Phantom Dancer,B. F. Sword,Long Sword,Kraken Slayer,Farsight Alteration,Sorcerer's Shoes,Shattered Armguard,No_Item,Stormsurge,Shadowflame,Rabadon's Deathcap,Oracle Lens,Immortal Shieldbow,Dagger,Phage,Blade of The Ruined King,Berserker's Greaves,Doran's Blade,Farsight Alteration,Stridebreaker,Long Sword,Refillable Potion,Plated Steelcaps,Ruby Crystal,Pickaxe,Farsight Alteration,Bandleglass Mirror,Redemption,Dream Maker,Ionian Boots of Lucidity,Dark Seal,Kindlegem,Oracle Lens,Doran's Blade,Berserker's Greaves,Refillable Potion,Trinity Force,Recurve Bow,No_Item,Oracle Lens,Stridebreaker,Kraken Slayer,Slightly Magical Footwear,No_Item,No_Item,No_Item,Oracle Lens,Youmuu's Ghostblade,Last Whisper,Long Sword,Ionian Boots of Lucidity,Serpent's Fang,No_Item,Oracle Lens,No_Item,Sorcerer's Shoes,Horizon Focus,Luden's Companion,Tear of the Goddess,Doran's Ring,Farsight Alteration,Celestial Opposition,Locket of the Iron Solari,Boots,Chain Vest,Kindlegem,No_Item,Oracle Lens,Lethal Tempo,Inspiration,Electrocute,Sorcery,Grasp of the Undying,Precision,Press the Attack,Resolve,Summon Aery,Resolve,Press the Attack,Resolve,Conqueror,Inspiration,Electrocute,Precision,Arcane Comet,Inspiration,Aftershock,Inspiration,Cleanse,Flash,Flash,Smite,Flash,Teleport,Teleport,Flash,Flash,Heal,Flash,Exhaust,Flash,Smite,Flash,Teleport,Flash,Teleport,Flash,Ignite,0,4,0,1,2,0
https://www.op.gg/summoners/euw/blueskies777-EUW/matches/uRd1PvnOddqPO8ljj7Fb_Kkq_G2xc4w9YPF-DsR0OHY%3D/1734287664000,1,35,20,21,35,30,51,93,53,16,23,1,2,1,0,10,3,2,2,56606,45818,14.0,13.0,742,747,30.5,30.6,10788,-10788,2321.48202247191,1879.0528089887641,Vayne,Ivern,Azir,Ashe,Poppy,Aurora,Viego,Jayce,Corki,Nami,Doran's Blade,Guinsoo's Rageblade,Trinity Force,Dagger,Berserker's Greaves,No_Item,Farsight Alteration,Moonstone Renewer,Ardent Censer,Redemption,No_Item,Mejai's Soulstealer,Ionian Boots of Lucidity,Stealth Ward,Rabadon's Deathcap,Shadowflame,Blighting Jewel,Sorcerer's Shoes,Control Ward,Nashor's Tooth,Farsight Alteration,B. F. Sword,Statikk Shiv,Berserker's Greaves,Phantom Dancer,Infinity Edge,Vampiric Scepter,Farsight Alteration,Dead Man's Plate,Locket of the Iron Solari,No_Item,Bloodsong,Plated Steelcaps,Negatron Cloak,Oracle Lens,Blasting Wand,Malignance,Shadowflame,Sorcerer's Shoes,Blighting Jewel,Dark Seal,Oracle Lens,Kraken Slayer,Titanic Hydra,Tunneler,Plated Steelcaps,Long Sword,Long Sword,Oracle Lens,No_Item,Youmuu's Ghostblade,Manamune,Long Sword,Ionian Boots of Lucidity,Doran's Blade,Farsight Alteration,Doran's Blade,Trinity Force,Plated Steelcaps,Muramana,Zeal,Scout's Slingshot,Farsight Alteration,Dream Maker,Redemption,Imperial Mandate,Dark Seal,Ionian Boots of Lucidity,Control Ward,Oracle Lens,Press the Attack,Resolve,Glacial Augment,Sorcery,Conqueror,Resolve,Lethal Tempo,Inspiration,Hail of Blades,Inspiration,Electrocute,Sorcery,Conqueror,Inspiration,Phase Rush,Resolve,Conqueror,Inspiration,Summon Aery,Inspiration,Flash,Exhaust,Flash,Smite,Flash,Teleport,Flash,Barrier,Flash,Ignite,Flash,Teleport,Flash,Smite,Teleport,Flash,Flash,Cleanse,Flash,Heal,1,4,1,0,2,0
https://www.op.gg/summoners/euw/blueskies777-EUW/matches/uRd1PvnOddoFrUtOEC1Q4Y_m4tdNQj5Lj7B0lYBM4Lw%3D/1734282419000,1,43,40,40,43,58,72,67,75,19,20,1,3,1,0,10,3,2,3,72464,67740,16.4,16.6,967,1035,29.8,32.0,4724,-4724,2232.1500000000005,2086.633928571429,Jayce,Viego,Hwei,Ezreal,Rell,Malphite,Karthus,Kayle,Caitlyn,Thresh,Doran's Blade,Maw of Malmortius,Serylda's Grudge,Eclipse,Mercury's Treads,Tunneler,Farsight Alteration,Negatron Cloak,Plated Steelcaps,"Jak'Sho, The Protean",Maw of Malmortius,Sundered Sky,Trinity Force,Oracle Lens,Blackfire Torch,Liandry's Torment,Banshee's Veil,Needlessly Large Rod,Sorcerer's Shoes,Dark Seal,Farsight Alteration,Serylda's Grudge,Muramana,Spear of Shojin,Trinity Force,Ionian Boots of Lucidity,No_Item,Farsight Alteration,Celestial Opposition,Locket of the Iron Solari,Kindlegem,Control Ward,Kaenic Rookern,Mercury's Treads,Oracle Lens,Abyssal Mask,Chain Vest,Negatron Cloak,Sunfire Aegis,Giant's Belt,Plated Steelcaps,Farsight Alteration,Blackfire Torch,Sorcerer's Shoes,Rabadon's Deathcap,Void Staff,Shadowflame,Oblivion Orb,Oracle Lens,Aether Wisp,Nashor's Tooth,Rabadon's Deathcap,Void Staff,Boots of Swiftness,Sheen,Farsight Alteration,Immortal Shieldbow,Lord Dominik's Regards,Infinity Edge,Rapid Firecannon,Plated Steelcaps,Bloodthirster,Farsight Alteration,Plated Steelcaps,Locket of the Iron Solari,Solstice Sleigh,Chain Vest,Abyssal Mask,Kindlegem,Oracle Lens,Conqueror,Resolve,Conqueror,Inspiration,Arcane Comet,Resolve,Press the Attack,Inspiration,Aftershock,Inspiration,Arcane Comet,Inspiration,Dark Harvest,Precision,Press the Attack,Resolve,Hail of Blades,Inspiration,Aftershock,Inspiration,Flash,Teleport,Smite,Flash,Flash,Teleport,Barrier,Flash,Ignite,Flash,Teleport,Flash,Flash,Smite,Flash,Teleport,Flash,Barrier,Flash,Ignite,1,6,2,0,0,0
https://www.op.gg/summoners/euw/blueskies777-EUW/matches/uRd1PvnOddqxazpAdHwyrYqdfvMc3yxDcGUr5trSvvQ%3D/1734278326000,0,8,35,35,8,47,8,28,45,16,3,0,3,0,0,0,5,0,3,28962,44764,9.6,11.6,499,645,27.0,34.9,-15802,15802,1566.7967213114755,2421.6590163934425,Renekton,Zyra,Akali,Ashe,Tahm Kench,Yasuo,Viego,Kennen,Kog'Maw,Pyke,No_Item,Mercury's Treads,Stridebreaker,No_Item,No_Item,No_Item,Oracle Lens,Liandry's Torment,Sorcerer's Shoes,Dark Seal,Hextech Alternator,Needlessly Large Rod,No_Item,Oracle Lens,Doran's Ring,Refillable Potion,Lich Bane,No_Item,Dark Seal,Sorcerer's Shoes,Oracle Lens,No_Item,Berserker's Greaves,Statikk Shiv,Doran's Blade,Scout's Slingshot,Dagger,Farsight Alteration,Heartsteel,Null-Magic Mantle,Bloodsong,Slightly Magical Footwear,No_Item,No_Item,Oracle Lens,Refillable Potion,Blade of The Ruined King,Berserker's Greaves,Immortal Shieldbow,Dagger,Doran's Shield,Farsight Alteration,No_Item,Blade of The Ruined King,Sundered Sky,Mercury's Treads,Long Sword,Long Sword,Oracle Lens,Hextech Rocketbelt,Zhonya's Hourglass,No_Item,Doran's Blade,Amplifying Tome,Boots,Oracle Lens,Sorcerer's Shoes,Fiendish Codex,Fiendish Codex,Seraph's Embrace,Luden's Companion,Doran's Blade,Farsight Alteration,Celestial Opposition,Youmuu's Ghostblade,No_Item,Mercury's Treads,Serrated Dirk,No_Item,Oracle Lens,Press the Attack,Resolve,Electrocute,Precision,Electrocute,Resolve,Lethal Tempo,Inspiration,Grasp of the Undying,Inspiration,Grasp of the Undying,Precision,Conqueror,Inspiration,Electrocute,Inspiration,Arcane Comet,Precision,Hail of Blades,Sorcery,Flash,Teleport,Flash,Smite,Flash,Teleport,Cleanse,Flash,Ignite,Flash,Teleport,Flash,Flash,Smite,Teleport,Flash,Teleport,Flash,Ignite,Flash,0,3,0,1,0,0
https://www.op.gg/summoners/euw/blueskies777-EUW/matches/uRd1PvnOddqi7_1jbpXVT_f7sY0CWGQGiOotJ09Pqcw%3D/1734276520000,1,41,23,23,42,26,56,55,56,17,18,2,0,0,1,10,1,2,1,56198,45624,13.6,12.4,767,562,33.5,24.599999999999998,10574,-10574,2462.608988764045,1999.2539325842697,Riven,Karthus,Yasuo,Ashe,Rell,Gragas,Master Yi,Galio,Varus,Pyke,Ravenous Hydra,Long Sword,Long Sword,Doran's Blade,Sundered Sky,Mercury's Treads,Oracle Lens,Zhonya's Hourglass,Sorcerer's Shoes,Dark Seal,Blackfire Torch,Shadowflame,No_Item,Oracle Lens,Doran's Blade,Blade of The Ruined King,Berserker's Greaves,Immortal Shieldbow,Cloak of Agility,B. F. Sword,Farsight Alteration,Doran's Blade,B. F. Sword,Statikk Shiv,Berserker's Greaves,Runaan's Hurricane,Bloodthirster,Farsight Alteration,Locket of the Iron Solari,Celestial Opposition,Knight's Vow,Control Ward,No_Item,Mercury's Treads,Oracle Lens,Lich Bane,Lost Chapter,Cosmic Drive,Ionian Boots of Lucidity,Blighting Jewel,Blasting Wand,Oracle Lens,No_Item,Blade of The Ruined King,Boots,Guinsoo's Rageblade,Dagger,No_Item,Oracle Lens,Doran's Ring,Sorcerer's Shoes,Stormsurge,Refillable Potion,Lich Bane,Amplifying Tome,Oracle Lens,Doran's Blade,Berserker's Greaves,Blade of The Ruined King,Guinsoo's Rageblade,Recurve Bow,Long Sword,Farsight Alteration,Youmuu's Ghostblade,Synchronized Souls,Bloodsong,Serrated Dirk,Umbral Glaive,No_Item,Oracle Lens,Conqueror,Inspiration,Dark Harvest,Precision,Grasp of the Undying,Precision,Lethal Tempo,Inspiration,Aftershock,Inspiration,Phase Rush,Precision,Lethal Tempo,Domination,Aftershock,Sorcery,Lethal Tempo,Resolve,Hail of Blades,Resolve,Teleport,Flash,Flash,Smite,Teleport,Flash,Cleanse,Flash,Ignite,Flash,Flash,Teleport,Flash,Smite,Flash,Teleport,Flash,Cleanse,Ignite,Flash,1,6,2,0,0,0
https://www.op.gg/summoners/euw/blueskies777-EUW/matches/uRd1PvnOddo5bq7nd1rlbKq4mzD45N9L-tzuCe3Ue1E%3D/1734223553000,0,25,46,46,25,56,25,54,40,8,17,0,3,0,1,1,11,0,4,50601,65297,13.6,15.6,762,883,28.2,32.6,-14696,14696,1866.8330097087376,2409.0155339805824,Riven,Talon,Viktor,Ziggs,Senna,K'Sante,Karthus,Qiyana,Ashe,Leona,Doran's Blade,Eclipse,Plated Steelcaps,Black Cleaver,Cloth Armor,Cloth Armor,Oracle Lens,Serylda's Grudge,Profane Hydra,Youmuu's Ghostblade,Mercury's Treads,Serrated Dirk,No_Item,Oracle Lens,Shadowflame,Stormsurge,Void Staff,Sorcerer's Shoes,No_Item,No_Item,Farsight Alteration,Doran's Ring,Luden's Companion,Horizon Focus,Sorcerer's Shoes,Void Staff,No_Item,Farsight Alteration,Moonstone Renewer,Boots of Swiftness,Dream Maker,Echoes of Helia,Kindlegem,Forbidden Idol,Oracle Lens,"Jak'Sho, The Protean",Plated Steelcaps,Negatron Cloak,Kaenic Rookern,Iceborn Gauntlet,Bramble Vest,Oracle Lens,Shadowflame,Blackfire Torch,Dark Seal,Sorcerer's Shoes,Rabadon's Deathcap,Blasting Wand,Stealth Ward,Hubris,Profane Hydra,Serylda's Grudge,Ionian Boots of Lucidity,Edge of Night,Opportunity,Oracle Lens,Doran's Blade,Wit's End,Kraken Slayer,Berserker's Greaves,Blade of The Ruined King,Dagger,Farsight Alteration,Locket of the Iron Solari,Knight's Vow,Bloodsong,Ruby Crystal,Mercury's Treads,Control Ward,Oracle Lens,Conqueror,Inspiration,Conqueror,Inspiration,Summon Aery,Resolve,Arcane Comet,Precision,Summon Aery,Resolve,Grasp of the Undying,Inspiration,Dark Harvest,Precision,Electrocute,no-src,Lethal Tempo,Inspiration,Aftershock,Inspiration,Ignite,Flash,Ignite,Smite,Teleport,Flash,Flash,Teleport,Flash,Heal,Flash,Teleport,Flash,Smite,Flash,Teleport,Flash,Barrier,Ignite,Flash,0,1,0,1,5,3
https://www.op.gg/summoners/euw/blueskies777-EUW/matches/uRd1PvnOddozxWOSxGVD_GrixGAnhTfIhHhAmt0wNkE%3D/1734182354000,0,20,35,35,20,63,32,79,87,24,28,0,3,0,1,2,10,0,4,52634,61465,13.8,14.6,833,836,30.2,30.400000000000002,-8831,8831,1902.119801980198,2221.2599009900987,Jayce,Taliyah,Gnar,Corki,Rell,K'Sante,Jarvan IV,Viktor,Caitlyn,Renata Glasc,Doran's Shield,Muramana,Eclipse,Serylda's Grudge,Serpent's Fang,Boots,Oracle Lens,Sorcerer's Shoes,Dark Seal,Zhonya's Hourglass,Blackfire Torch,Shadowflame,Amplifying Tome,Oracle Lens,Doran's Blade,Black Cleaver,Tunneler,Trinity Force,Plated Steelcaps,Pickaxe,Farsight Alteration,Doran's Blade,Plated Steelcaps,Muramana,Trinity Force,Zeal,Scout's Slingshot,Farsight Alteration,Locket of the Iron Solari,Solstice Sleigh,Ionian Boots of Lucidity,Cloth Armor,Kindlegem,Null-Magic Mantle,Oracle Lens,Doran's Shield,Ruby Crystal,Kindlegem,Iceborn Gauntlet,Plated Steelcaps,Unending Despair,Oracle Lens,Randuin's Omen,No_Item,Eclipse,Sterak's Gage,Sundered Sky,Ionian Boots of Lucidity,Stealth Ward,Sorcerer's Shoes,Blackfire Torch,Shattered Armguard,Lich Bane,Shadowflame,Doran's Ring,Farsight Alteration,Mortal Reminder,Rapid Firecannon,The Collector,Infinity Edge,Vampiric Scepter,Boots of Swiftness,Stealth Ward,Celestial Opposition,Redemption,Locket of the Iron Solari,Control Ward,Kindlegem,Ionian Boots of Lucidity,Oracle Lens,Conqueror,Resolve,First Strike,Domination,Grasp of the Undying,Precision,Conqueror,Inspiration,Aftershock,Inspiration,Grasp of the Undying,Inspiration,Conqueror,Inspiration,Summon Aery,Inspiration,First Strike,Precision,Guardian,Domination,Flash,Teleport,Smite,Flash,Flash,Teleport,Flash,Barrier,Ignite,Flash,Flash,Teleport,Smite,Flash,Flash,Teleport,Barrier,Flash,Flash,Heal,0,0,0,1,6,1
https://www.op.gg/summoners/euw/blueskies777-EUW/matches/uRd1PvnOddp1FPMv04XFeFDjinvT_1bMI7IiI9jtrE8%3D/1734179926000,1,19,19,19,19,30,36,67,58,24,23,2,2,1,0,10,2,3,2,55781,48845,14.6,13.4,883,807,32.2,29.3,6936,-6936,2022.4690058479534,1770.9883040935674,Viktor,Xin Zhao,Jayce,Ashe,Lulu,Malphite,Volibear,Kassadin,Ezreal,Milio,Iceborn Gauntlet,Dark Seal,Null-Magic Mantle,Ionian Boots of Lucidity,Cosmic Drive,Glacial Buckler,Farsight Alteration,Sundered Sky,Black Cleaver,No_Item,Mercury's Treads,Pickaxe,Tunneler,Oracle Lens,Doran's Blade,Serylda's Grudge,Youmuu's Ghostblade,Mercury's Treads,Muramana,Ruby Crystal,Farsight Alteration,Infinity Edge,Cloak of Agility,Berserker's Greaves,Phantom Dancer,Doran's Blade,Kraken Slayer,Farsight Alteration,Redemption,Dream Maker,Kindlegem,No_Item,Moonstone Renewer,Ionian Boots of Lucidity,Oracle Lens,Malignance,Sunfire Aegis,Chain Vest,Plated Steelcaps,Bramble Vest,Ruby Crystal,Stealth Ward,Dead Man's Plate,Ionian Boots of Lucidity,Sundered Sky,Iceborn Gauntlet,Spectre's Cowl,Kindlegem,Oracle Lens,Sorcerer's Shoes,Refillable Potion,Zhonya's Hourglass,Seraph's Embrace,Dark Seal,Malignance,Oracle Lens,Muramana,Trinity Force,Caulfield's Warhammer,Doran's Blade,Ionian Boots of Lucidity,No_Item,Farsight Alteration,Dream Maker,Control Ward,Moonstone Renewer,Ionian Boots of Lucidity,Amplifying Tome,Bandleglass Mirror,Oracle Lens,Grasp of the Undying,Sorcery,Conqueror,Inspiration,Conqueror,Inspiration,Lethal Tempo,Inspiration,Summon Aery,Resolve,Arcane Comet,Inspiration,Press the Attack,Sorcery,Electrocute,Sorcery,Conqueror,Inspiration,Summon Aery,Resolve,Teleport,Flash,Flash,Smite,Flash,Teleport,Flash,Barrier,Heal,Flash,Flash,Teleport,Flash,Smite,Flash,Teleport,Flash,Barrier,Heal,Flash,1,5,2,0,0,0
https://www.op.gg/summoners/euw/blueskies777-EUW/matches/uRd1PvnOddo0bvDKdhFdo1HporWGIEXGkRGfuChVtpc%3D/1734177287000,0,23,29,29,23,53,32,57,62,20,23,1,4,1,0,4,9,2,4,59624,67609,15.4,16.2,908,1040,27.7,31.9,-7985,7985,1819.5117370892021,2063.18544600939,K'Sante,Udyr,Viktor,Ashe,Lulu,Gnar,Morgana,Kassadin,Corki,Nami,Abyssal Mask,Iceborn Gauntlet,No_Item,"Jak'Sho, The Protean",Plated Steelcaps,No_Item,Oracle Lens,Kaenic Rookern,Liandry's Torment,Dark Seal,Boots of Swiftness,Dead Man's Plate,"Jak'Sho, The Protean",Oracle Lens,Blackfire Torch,Void Staff,Liandry's Torment,Doran's Ring,Amplifying Tome,Sorcerer's Shoes,Farsight Alteration,Vampiric Scepter,Wit's End,Statikk Shiv,Kraken Slayer,Berserker's Greaves,B. F. Sword,Farsight Alteration,Redemption,Dream Maker,Locket of the Iron Solari,Moonstone Renewer,Ionian Boots of Lucidity,No_Item,Oracle Lens,Doran's Blade,Plated Steelcaps,Sterak's Gage,Tunneler,Wit's End,Trinity Force,Oracle Lens,Ionian Boots of Lucidity,Liandry's Torment,Zhonya's Hourglass,Abyssal Mask,Dark Seal,Oblivion Orb,Oracle Lens,Void Staff,Malignance,Seeker's Armguard,Sorcerer's Shoes,Seraph's Embrace,Mejai's Soulstealer,Oracle Lens,Bloodthirster,Muramana,Lord Dominik's Regards,Trinity Force,Boots of Swiftness,No_Item,Farsight Alteration,Forbidden Idol,Control Ward,Solstice Sleigh,Imperial Mandate,Shurelya's Battlesong,Boots of Swiftness,Oracle Lens,Grasp of the Undying,Sorcery,Conqueror,Inspiration,Summon Aery,Resolve,Lethal Tempo,Inspiration,Summon Aery,Resolve,Grasp of the Undying,Precision,Dark Harvest,Inspiration,Electrocute,Sorcery,Conqueror,Inspiration,Summon Aery,Precision,Flash,Teleport,Flash,Smite,Flash,Teleport,Flash,Barrier,Heal,Flash,Teleport,Flash,Flash,Smite,Flash,Teleport,Barrier,Flash,Flash,Heal,1,0,0,0,6,1
https://www.op.gg/summoners/euw/blueskies777-EUW/matches/uRd1PvnOddp52P0u7XcmeWP8v8Ei7cii0dG7gLOzgyM%3D/1734129890000,1,24,12,12,24,16,21,30,26,6,5,1,1,0,0,2,0,1,1,33417,26146,9.6,9.2,454,410,29.599999999999998,26.7,7271,-7271,2189.3896551724138,1713.0137931034483,Yasuo,Lee Sin,Gragas,Draven,Nautilus,Tryndamere,Master Yi,Kennen,Ashe,Lulu,Doran's Blade,Berserker's Greaves,Recurve Bow,Vampiric Scepter,No_Item,No_Item,Stealth Ward,Gustwalker Hatchling,Eclipse,No_Item,Caulfield's Warhammer,No_Item,Plated Steelcaps,Stealth Ward,Cosmic Drive,Seraph's Embrace,No_Item,Ionian Boots of Lucidity,No_Item,No_Item,Oracle Lens,No_Item,The Collector,Boots,Doran's Blade,B. F. Sword,B. F. Sword,Stealth Ward,Kindlegem,Locket of the Iron Solari,Solstice Sleigh,Plated Steelcaps,No_Item,No_Item,Oracle Lens,Dagger,Berserker's Greaves,Ravenous Hydra,Dagger,Dagger,Doran's Shield,Stealth Ward,Gustwalker Hatchling,Blade of The Ruined King,Berserker's Greaves,Pickaxe,Recurve Bow,Amplifying Tome,Oracle Lens,Doran's Ring,Refillable Potion,Hextech Rocketbelt,Fated Ashes,Boots,No_Item,Oracle Lens,Refillable Potion,Hearthbound Axe,Recurve Bow,Berserker's Greaves,Long Sword,Doran's Blade,Stealth Ward,Runic Compass,Refillable Potion,Bandleglass Mirror,Kindlegem,Boots,No_Item,Oracle Lens,Lethal Tempo,Resolve,Conqueror,Inspiration,Arcane Comet,Precision,Hail of Blades,Precision,Aftershock,Inspiration,Grasp of the Undying,Precision,Lethal Tempo,Domination,Electrocute,Sorcery,Lethal Tempo,Inspiration,Summon Aery,Resolve,Flash,Teleport,Smite,Flash,Flash,Teleport,Barrier,Flash,Ignite,Flash,Flash,Ignite,Flash,Smite,Teleport,Flash,Smite,Flash,Heal,Flash,0,3,0,0,1,0
https://www.op.gg/summoners/euw/blueskies777-EUW/matches/uRd1PvnOddoM6uAzsPSXEXYB8MeLOnT01hpJcCF3IdI%3D/1734125938000,0,38,44,44,38,91,62,63,78,27,18,2,3,1,1,5,8,3,4,71475,79066,16.6,17.4,1034,1083,28.5,29.9,-7591,7591,1979.7032374100718,2189.9575539568345,Gnar,Rek'Sai,Yone,Karthus,Leona,K'Sante,Talon,Karma,Nilah,Lulu,Black Cleaver,Plated Steelcaps,Negatron Cloak,Sterak's Gage,Trinity Force,Recurve Bow,Oracle Lens,Slightly Magical Footwear,Titanic Hydra,Serpent's Fang,Sterak's Gage,Death's Dance,Kindlegem,Oracle Lens,Blade of The Ruined King,Immortal Shieldbow,Infinity Edge,Berserker's Greaves,Giant's Belt,Mortal Reminder,Farsight Alteration,Zhonya's Hourglass,Sorcerer's Shoes,Void Staff,Blackfire Torch,Oblivion Orb,Shadowflame,Farsight Alteration,Bloodsong,Frozen Heart,Warmog's Armor,Giant's Belt,Bramble Vest,Plated Steelcaps,Oracle Lens,"Jak'Sho, The Protean",Giant's Belt,Mercury's Treads,Fimbulwinter,Warden's Mail,Iceborn Gauntlet,Oracle Lens,Black Cleaver,Death's Dance,Youmuu's Ghostblade,Mercury's Treads,Edge of Night,Serpent's Fang,Oracle Lens,Frozen Heart,Horizon Focus,Malignance,Ionian Boots of Lucidity,Dark Seal,Cosmic Drive,Farsight Alteration,The Collector,Infinity Edge,Lord Dominik's Regards,Plated Steelcaps,Maw of Malmortius,Death's Dance,Farsight Alteration,Celestial Opposition,Mikael's Blessing,Redemption,Ionian Boots of Lucidity,Moonstone Renewer,Forbidden Idol,Oracle Lens,Grasp of the Undying,Precision,Conqueror,Inspiration,Lethal Tempo,Resolve,Dark Harvest,Precision,Aftershock,Inspiration,Grasp of the Undying,Inspiration,Conqueror,Inspiration,Summon Aery,Resolve,Conqueror,Domination,Summon Aery,Resolve,Flash,Teleport,Smite,Flash,Flash,Teleport,Flash,Exhaust,Ignite,Flash,Teleport,Flash,Ignite,Smite,Teleport,Flash,Cleanse,Flash,Flash,Heal,0,0,0,1,6,0
https://www.op.gg/summoners/euw/blueskies777-EUW/matches/uRd1PvnOddphnK2jiEJ_5Vo0YNn4NjB_OH_ZXdOKayY%3D/1734123287000,0,17,24,24,17,47,29,46,53,16,19,2,1,0,0,4,9,2,1,44163,52661,12.2,12.8,663,799,26.3,31.7,-8498,8498,1780.766129032258,2123.4274193548385,Shen,Rek'Sai,Katarina,Corki,Nautilus,Gwen,Poppy,Galio,Jhin,Karma,Doran's Shield,Mercury's Treads,Heartsteel,Null-Magic Mantle,Ruby Crystal,No_Item,Farsight Alteration,Mercury's Treads,Titanic Hydra,Serpent's Fang,Tunneler,No_Item,Ruby Crystal,Oracle Lens,Lich Bane,Shadowflame,Dark Seal,Sorcerer's Shoes,Amplifying Tome,Needlessly Large Rod,Stealth Ward,Doran's Blade,Trinity Force,Muramana,Dagger,Mercury's Treads,Mortal Reminder,Farsight Alteration,Refillable Potion,Bloodsong,Kindlegem,Null-Magic Mantle,Heartsteel,Mercury's Treads,Oracle Lens,Rabadon's Deathcap,No_Item,Sorcerer's Shoes,Shadowflame,Nashor's Tooth,Dark Seal,Farsight Alteration,Dead Man's Plate,Locket of the Iron Solari,No_Item,Mercury's Treads,Bami's Cinder,No_Item,Oracle Lens,Doran's Ring,Mercury's Treads,Hollow Radiance,Riftmaker,Blighting Jewel,Fiendish Codex,Farsight Alteration,Doran's Blade,Boots of Swiftness,Infinity Edge,The Collector,Zeal,Dagger,Farsight Alteration,Dream Maker,Kindlegem,Forbidden Idol,Ionian Boots of Lucidity,Moonstone Renewer,Forbidden Idol,Oracle Lens,Grasp of the Undying,Domination,Conqueror,Inspiration,Electrocute,Resolve,Conqueror,Inspiration,Aftershock,Inspiration,Conqueror,Resolve,Phase Rush,Inspiration,Aftershock,Domination,Fleet Footwork,Sorcery,Summon Aery,Resolve,Flash,Teleport,Smite,Flash,Flash,Teleport,Flash,Barrier,Ignite,Flash,Teleport,Flash,Flash,Smite,Flash,Teleport,Flash,Barrier,Flash,Exhaust,1,0,0,0,6,2
https://www.op.gg/summoners/euw/blueskies777-EUW/matches/uRd1PvnOddoLIG9VZPqEUgOSEFVBAloeT8xBXOvvIkA%3D/1734120438000,0,19,40,40,19,68,27,62,66,20,17,0,3,0,1,5,9,0,4,51143,61366,13.4,15.0,774,817,28.9,30.5,-10223,10223,1905.3274509803919,2286.18431372549,Aurora,Zyra,Yasuo,Smolder,Alistar,Ambessa,Brand,Akshan,Samira,Rell,Shadowflame,Sorcerer's Shoes,No_Item,Malignance,Amplifying Tome,Rabadon's Deathcap,Oracle Lens,Rylai's Crystal Scepter,Liandry's Torment,Seeker's Armguard,Sorcerer's Shoes,Dark Seal,No_Item,Oracle Lens,Berserker's Greaves,Blade of The Ruined King,Immortal Shieldbow,Dagger,Bloodthirster,No_Item,Stealth Ward,Doran's Blade,Scout's Slingshot,Cloak of Agility,Spear of Shojin,Essence Reaver,Ionian Boots of Lucidity,Farsight Alteration,Locket of the Iron Solari,Celestial Opposition,No_Item,Trailblazer,Ionian Boots of Lucidity,No_Item,Oracle Lens,Hexdrinker,Eclipse,Boots,No_Item,Voltaic Cyclosword,No_Item,Farsight Alteration,Rylai's Crystal Scepter,Liandry's Torment,Shadowflame,No_Item,Sorcerer's Shoes,No_Item,Oracle Lens,Lord Dominik's Regards,Boots of Swiftness,Doran's Blade,The Collector,Infinity Edge,Rapid Firecannon,Farsight Alteration,Immortal Shieldbow,Infinity Edge,The Collector,Bloodthirster,Mercury's Treads,No_Item,Farsight Alteration,Locket of the Iron Solari,Celestial Opposition,Knight's Vow,No_Item,Zeke's Convergence,Ionian Boots of Lucidity,Oracle Lens,Electrocute,Sorcery,Arcane Comet,Precision,Grasp of the Undying,Precision,Fleet Footwork,Inspiration,Aftershock,Inspiration,Electrocute,Resolve,Conqueror,Inspiration,Press the Attack,Resolve,Conqueror,Domination,Aftershock,Inspiration,Flash,Teleport,Flash,Smite,Teleport,Flash,Flash,Barrier,Flash,Exhaust,Flash,Teleport,Flash,Smite,Flash,Teleport,Flash,Barrier,Ignite,Flash,1,0,0,0,6,2
https://www.op.gg/summoners/euw/blueskies777-EUW/matches/uRd1PvnOddrCv0_2R_I3xaik7q0fwiFhfSMEmDdeBQA%3D/1734012490000,0,17,28,28,17,56,20,74,77,24,29,1,2,0,1,5,8,1,3,44903,53367,12.0,13.8,731,743,30.3,30.799999999999997,-8464,8464,1875.6949367088607,2229.2544303797467,Aurora,Viego,Yasuo,Miss Fortune,Rakan,Kennen,Graves,Sylas,Kalista,Renata Glasc,Shadowflame,Null-Magic Mantle,Amplifying Tome,Malignance,No_Item,Sorcerer's Shoes,Oracle Lens,Pickaxe,Kraken Slayer,Sundered Sky,Slightly Magical Footwear,Tunneler,Ruby Crystal,Oracle Lens,Doran's Blade,Berserker's Greaves,Blade of The Ruined King,B. F. Sword,Immortal Shieldbow,Cloak of Agility,Farsight Alteration,Long Sword,Essence Reaver,Bloodthirster,Cloak of Agility,Boots,Doran's Blade,Farsight Alteration,Ionian Boots of Lucidity,Dark Seal,Dream Maker,Trailblazer,Watchful Wardstone,Cloth Armor,Oracle Lens,Hextech Rocketbelt,Shadowflame,No_Item,Dark Seal,Ionian Boots of Lucidity,Doran's Ring,Stealth Ward,Youmuu's Ghostblade,Boots,The Collector,Lord Dominik's Regards,Cloth Armor,Infinity Edge,Oracle Lens,Dark Seal,Cosmic Drive,Hextech Rocketbelt,Needlessly Large Rod,Boots,Control Ward,Stealth Ward,Guinsoo's Rageblade,Recurve Bow,Berserker's Greaves,Blade of The Ruined King,Doran's Blade,Long Sword,Farsight Alteration,Redemption,Solstice Sleigh,Locket of the Iron Solari,Boots of Swiftness,Control Ward,No_Item,Oracle Lens,Arcane Comet,Domination,Conqueror,Inspiration,Lethal Tempo,Resolve,Press the Attack,Sorcery,Guardian,Domination,Electrocute,Inspiration,Dark Harvest,Precision,Conqueror,Resolve,Lethal Tempo,Domination,Guardian,Domination,Flash,Teleport,Flash,Smite,Flash,Teleport,Flash,Barrier,Exhaust,Flash,Teleport,Flash,Smite,Flash,Teleport,Flash,Flash,Barrier,Heal,Flash,1,6,0,0,0,2
https://www.op.gg/summoners/euw/blueskies777-EUW/matches/uRd1PvnOddoUcb_B8FchAjQ1f6vNr6_-jQiGDFx3J1E%3D/1734004248000,1,48,36,36,48,69,60,73,84,25,35,2,3,2,0,10,3,4,3,79658,72269,17.2,17.0,1003,1109,28.4,31.6,7389,-7389,2250.4278026905827,2041.6802690582958,Ambessa,Vi,Viktor,Samira,Nautilus,Vladimir,Graves,Hwei,Ashe,Janna,Death's Dance,Eclipse,Maw of Malmortius,Spear of Shojin,Plated Steelcaps,Long Sword,Oracle Lens,Black Cleaver,Sundered Sky,Randuin's Omen,Abyssal Mask,Boots of Swiftness,No_Item,Oracle Lens,Lich Bane,Sorcerer's Shoes,Zhonya's Hourglass,Dark Seal,Blackfire Torch,Needlessly Large Rod,Farsight Alteration,Boots of Swiftness,Hubris,The Collector,Bloodthirster,Infinity Edge,Mortal Reminder,Farsight Alteration,Boots of Swiftness,Locket of the Iron Solari,Celestial Opposition,Zeke's Convergence,Knight's Vow,No_Item,Oracle Lens,Riftmaker,Rabadon's Deathcap,Ionian Boots of Lucidity,Stormsurge,Blighting Jewel,No_Item,Farsight Alteration,Youmuu's Ghostblade,Lord Dominik's Regards,Immortal Shieldbow,Plated Steelcaps,Infinity Edge,The Collector,Oracle Lens,Blackfire Torch,Zhonya's Hourglass,Fiendish Codex,Sorcerer's Shoes,Blighting Jewel,Liandry's Torment,Farsight Alteration,Kraken Slayer,Immortal Shieldbow,Infinity Edge,Berserker's Greaves,Last Whisper,Phantom Dancer,Farsight Alteration,Dream Maker,Shurelya's Battlesong,Locket of the Iron Solari,Control Ward,Boots of Swiftness,Moonstone Renewer,Oracle Lens,Grasp of the Undying,Domination,Conqueror,Inspiration,Summon Aery,Resolve,Conqueror,Sorcery,Aftershock,Inspiration,Phase Rush,Precision,Dark Harvest,Precision,Arcane Comet,Precision,Lethal Tempo,Inspiration,Summon Aery,Domination,Flash,Teleport,Smite,Flash,Flash,Teleport,Flash,Barrier,Flash,Ignite,Flash,Ghost,Flash,Smite,Teleport,Flash,Flash,Barrier,Flash,Heal,1,6,4,0,0,0
https://www.op.gg/summoners/euw/blueskies777-EUW/matches/uRd1PvnOddqAgkDv34wQa04gfsDFPnABLYxt95TroNE%3D/1734000946000,1,19,12,12,19,12,26,43,44,10,14,1,0,0,0,4,1,1,0,38233,32011,11.2,10.2,582,555,32.9,31.4,6222,-6222,2176.3399999999997,1822.1646153846152,Renekton,Karthus,Viktor,Corki,Pyke,Ornn,Wukong,Kassadin,Varus,Rakan,Doran's Shield,Black Cleaver,Tunneler,No_Item,Boots,Pickaxe,Oracle Lens,Sorcerer's Shoes,Liandry's Torment,Blackfire Torch,No_Item,No_Item,No_Item,Oracle Lens,Sorcerer's Shoes,No_Item,Haunting Guise,Blackfire Torch,Doran's Ring,No_Item,Farsight Alteration,Doran's Blade,Trinity Force,Manamune,Plated Steelcaps,Long Sword,No_Item,Farsight Alteration,Serrated Dirk,Youmuu's Ghostblade,Celestial Opposition,Boots of Swiftness,Long Sword,No_Item,Oracle Lens,Doran's Shield,Bramble Vest,Sunfire Aegis,Negatron Cloak,No_Item,Slightly Magical Footwear,Farsight Alteration,Maw of Malmortius,Trinity Force,Long Sword,No_Item,Slightly Magical Footwear,No_Item,Oracle Lens,Doran's Shield,Refillable Potion,Dark Seal,Seraph's Embrace,Sorcerer's Shoes,Malignance,Oracle Lens,Doran's Blade,Refillable Potion,Youmuu's Ghostblade,Tear of the Goddess,Boots of Swiftness,Long Sword,Farsight Alteration,Celestial Opposition,Locket of the Iron Solari,Ruby Crystal,Ionian Boots of Lucidity,No_Item,No_Item,Oracle Lens,Conqueror,Resolve,Dark Harvest,Precision,Summon Aery,Resolve,Conqueror,Inspiration,Hail of Blades,Sorcery,Grasp of the Undying,Inspiration,Conqueror,Inspiration,Electrocute,Sorcery,Hail of Blades,Sorcery,Guardian,Domination,Flash,Teleport,Flash,Smite,Flash,Teleport,Flash,Barrier,Flash,Ignite,Flash,Teleport,Flash,Smite,Flash,Teleport,Barrier,Flash,Flash,Heal,1,4,0,0,2,0
https://www.op.gg/summoners/euw/blueskies777-EUW/matches/uRd1PvnOddoXWNPSAgS9eEjdUuq_4ZhsqxZ0aglW1Oo%3D/1733999481000,0,13,26,26,13,41,18,35,37,4,9,0,2,0,0,1,5,0,2,32916,43152,10.6,12.0,499,657,25.8,34.0,-10236,10236,1705.2867469879516,2235.5855421686742,Gnar,Taric,Taliyah,Twitch,Pyke,Jax,Udyr,Yasuo,Ashe,Bard,Black Cleaver,Plated Steelcaps,Refillable Potion,Trinity Force,Ruby Crystal,No_Item,Farsight Alteration,Gustwalker Hatchling,Fimbulwinter,Ionian Boots of Lucidity,Locket of the Iron Solari,No_Item,No_Item,Oracle Lens,Doran's Ring,Seraph's Embrace,Ionian Boots of Lucidity,Haunting Guise,Dark Seal,No_Item,Stealth Ward,Doran's Blade,Blade of The Ruined King,Berserker's Greaves,Long Sword,Pickaxe,Long Sword,Stealth Ward,Umbral Glaive,Synchronized Souls,No_Item,Bloodsong,Long Sword,Long Sword,Oracle Lens,Trinity Force,Phage,No_Item,Doran's Shield,Plated Steelcaps,Dagger,Stealth Ward,Dead Man's Plate,Mejai's Soulstealer,Liandry's Torment,Mercury's Treads,Cloth Armor,No_Item,Oracle Lens,Phage,Blade of The Ruined King,Berserker's Greaves,Doran's Shield,Dagger,Long Sword,Oracle Lens,Doran's Blade,No_Item,Berserker's Greaves,Statikk Shiv,Vampiric Scepter,Kraken Slayer,Farsight Alteration,Dead Man's Plate,Slightly Magical Footwear,Bloodsong,Statikk Shiv,No_Item,No_Item,Oracle Lens,Grasp of the Undying,Precision,Glacial Augment,Precision,Phase Rush,Inspiration,Lethal Tempo,Domination,Hail of Blades,Inspiration,Grasp of the Undying,Inspiration,Conqueror,Inspiration,Lethal Tempo,Resolve,Lethal Tempo,Inspiration,Guardian,Inspiration,Flash,Teleport,Smite,Flash,Flash,Teleport,Flash,Barrier,Flash,Ignite,Flash,Teleport,Flash,Smite,Flash,Teleport,Flash,Barrier,Ignite,Flash,0,1,0,0,3,0
https://www.op.gg/summoners/euw/blueskies777-EUW/matches/uRd1PvnOddrH_UiUNWFFa2_i7mIzERquN_iMyXoQiyU%3D/1733711984000,0,17,28,28,17,52,24,61,61,12,21,2,2,0,1,3,9,2,3,48493,60448,13.6,15.2,772,926,27.4,33.0,-11955,11955,1722.531274131274,2147.187644787645,Riven,Taliyah,Garen,Draven,Milio,Cho'Gath,Viego,Aurora,Caitlyn,Braum,Doran's Shield,Maw of Malmortius,Death's Dance,Long Sword,Mercury's Treads,Glowing Mote,Stealth Ward,Sorcerer's Shoes,Zhonya's Hourglass,Dark Seal,Fated Ashes,Blackfire Torch,Amplifying Tome,Oracle Lens,Stridebreaker,Mortal Reminder,Phantom Dancer,Boots of Swiftness,No_Item,No_Item,Oracle Lens,Bloodthirster,Doran's Blade,Pickaxe,The Collector,Berserker's Greaves,B. F. Sword,Farsight Alteration,Dream Maker,Moonstone Renewer,Amplifying Tome,Echoes of Helia,No_Item,Ionian Boots of Lucidity,Oracle Lens,Doran's Ring,Heartsteel,Riftmaker,Boots of Swiftness,Warmog's Armor,Ruby Crystal,Oracle Lens,No_Item,Plated Steelcaps,Titanic Hydra,Null-Magic Mantle,Death's Dance,Kraken Slayer,Oracle Lens,Cosmic Drive,Control Ward,Shattered Armguard,Plated Steelcaps,Shadowflame,Liandry's Torment,Oracle Lens,Doran's Blade,The Collector,Berserker's Greaves,Last Whisper,Infinity Edge,Cloak of Agility,Farsight Alteration,Solstice Sleigh,Redemption,Locket of the Iron Solari,No_Item,Ionian Boots of Lucidity,No_Item,Oracle Lens,Conqueror,Sorcery,Dark Harvest,Sorcery,Phase Rush,Resolve,Lethal Tempo,Domination,Summon Aery,Resolve,Hail of Blades,Inspiration,Conqueror,Inspiration,Electrocute,Sorcery,Lethal Tempo,Sorcery,Guardian,Inspiration,Ignite,Flash,Flash,Smite,Flash,Ignite,Flash,Barrier,Flash,Heal,Teleport,Flash,Smite,Flash,Flash,Teleport,Barrier,Flash,Flash,Exhaust,0,0,0,1,6,1
https://www.op.gg/summoners/euw/blueskies777-EUW/matches/uRd1PvnOddrDhB72v4LE9Ku-B_fINtCs23wzyP-yCzc%3D/1733708277000,0,33,47,47,33,104,75,72,80,19,33,1,3,0,2,5,9,1,5,63456,70389,14.8,15.8,876,805,26.9,24.7,-6933,6933,1947.3269841269841,2160.0857142857144,Akali,Graves,Galio,Ashe,Leona,Sylas,Skarner,Aatrox,Corki,Thresh,Shattered Armguard,Stormsurge,Shadowflame,Sorcerer's Shoes,Rabadon's Deathcap,Void Staff,Oracle Lens,Youmuu's Ghostblade,Lord Dominik's Regards,Plated Steelcaps,Opportunity,The Collector,Control Ward,Oracle Lens,Riftmaker,Liandry's Torment,Hollow Radiance,Dark Seal,No_Item,Sorcerer's Shoes,Stealth Ward,Pickaxe,Mortal Reminder,B. F. Sword,Kraken Slayer,Berserker's Greaves,Phantom Dancer,Farsight Alteration,Control Ward,Locket of the Iron Solari,Bloodsong,Giant's Belt,Mercury's Treads,Winged Moonplate,Oracle Lens,Hextech Rocketbelt,Zhonya's Hourglass,Needlessly Large Rod,Mercury's Treads,Cosmic Drive,Amplifying Tome,Oracle Lens,Heartsteel,Unending Despair,Warden's Mail,Kaenic Rookern,No_Item,Mercury's Treads,Oracle Lens,Death's Dance,Sundered Sky,Tunneler,Spear of Shojin,Black Cleaver,Mercury's Treads,Oracle Lens,Muramana,Trinity Force,No_Item,Mercury's Treads,Infinity Edge,Rapid Firecannon,Farsight Alteration,Mikael's Blessing,Solstice Sleigh,Locket of the Iron Solari,No_Item,Trailblazer,Boots of Swiftness,Oracle Lens,Electrocute,Sorcery,Dark Harvest,Precision,Aftershock,Domination,Lethal Tempo,Inspiration,Aftershock,Inspiration,Conqueror,Resolve,Grasp of the Undying,Inspiration,Conqueror,Resolve,Conqueror,Resolve,Aftershock,Inspiration,Teleport,Flash,Flash,Smite,Teleport,Flash,Flash,Barrier,Flash,Ignite,Flash,Teleport,Smite,Flash,Flash,Teleport,Flash,Cleanse,Flash,Ignite,0,4,0,1,2,1
https://www.op.gg/summoners/euw/blueskies777-EUW/matches/uRd1PvnOddqGQ3etF3lQRwflYxJx1yBpiwPuJqsBtEg%3D/1733705770000,1,43,24,24,43,35,61,49,48,5,18,1,2,0,0,10,1,1,2,57065,44318,14.2,12.8,733,597,30.1,24.5,12747,-12747,2344.2918918918917,1820.6313513513512,Kennen,Kha'Zix,Yone,Corki,Neeko,Malphite,Viego,Sylas,Jinx,Zac,Shadowflame,Shattered Armguard,Hextech Rocketbelt,Rabadon's Deathcap,Sorcerer's Shoes,No_Item,Oracle Lens,Edge of Night,Youmuu's Ghostblade,Serylda's Grudge,Ionian Boots of Lucidity,Serrated Dirk,Pickaxe,Oracle Lens,B. F. Sword,Berserker's Greaves,Pickaxe,Blade of The Ruined King,Immortal Shieldbow,Cloak of Agility,Farsight Alteration,Muramana,Trinity Force,Plated Steelcaps,No_Item,Cloak of Agility,Doran's Blade,Farsight Alteration,Celestial Opposition,Hextech Rocketbelt,No_Item,Ionian Boots of Lucidity,Dark Seal,Shattered Armguard,Oracle Lens,Doran's Ring,Malignance,Stormsurge,Ionian Boots of Lucidity,No_Item,No_Item,Stealth Ward,Kraken Slayer,Steel Sigil,Titanic Hydra,Slightly Magical Footwear,Pickaxe,No_Item,Stealth Ward,Lich Bane,Needlessly Large Rod,Hextech Rocketbelt,Sorcerer's Shoes,Needlessly Large Rod,Dark Seal,Oracle Lens,Infinity Edge,Yun Tal Wildarrows,Berserker's Greaves,Zeal,Scout's Slingshot,Doran's Blade,Stealth Ward,Ionian Boots of Lucidity,Solstice Sleigh,Unending Despair,No_Item,Zeke's Convergence,No_Item,Oracle Lens,Summon Aery,Domination,Electrocute,Inspiration,Lethal Tempo,Resolve,Conqueror,Resolve,Arcane Comet,Inspiration,Summon Aery,Inspiration,Conqueror,Inspiration,Electrocute,Precision,Lethal Tempo,Inspiration,Aftershock,Inspiration,Flash,Teleport,Flash,Smite,Teleport,Flash,Flash,Barrier,Ignite,Flash,Flash,Teleport,Smite,Flash,Teleport,Flash,Flash,Barrier,Flash,Ignite,1,5,2,0,1,0
https://www.op.gg/summoners/euw/blueskies777-EUW/matches/uRd1PvnOddrCl5tvj5C2qffSrmg3nH9SbDUgBEeTyfQ%3D/1733703706000,0,16,23,23,16,50,28,51,57,19,16,1,1,0,0,2,6,1,1,39897,43979,11.2,12.4,648,676,30.8,32.2,-4082,4082,1893.8449367088608,2087.6107594936707,Lissandra,Lee Sin,K'Sante,Kalista,Neeko,Kayle,Viego,Aurora,Ezreal,Janna,Blackfire Torch,Shadowflame,Dark Seal,Doran's Ring,Sorcerer's Shoes,No_Item,Farsight Alteration,Null-Magic Mantle,Long Sword,Control Ward,Slightly Magical Footwear,Sundered Sky,Eclipse,Stealth Ward,Doran's Shield,Iceborn Gauntlet,Plated Steelcaps,Kaenic Rookern,Ruby Crystal,No_Item,Oracle Lens,Doran's Blade,Blade of The Ruined King,Guinsoo's Rageblade,Berserker's Greaves,Dagger,No_Item,Stealth Ward,Hextech Rocketbelt,Ionian Boots of Lucidity,Celestial Opposition,Amplifying Tome,Amplifying Tome,No_Item,Oracle Lens,Nashor's Tooth,Boots of Swiftness,Needlessly Large Rod,Doran's Ring,Dark Seal,Needlessly Large Rod,Farsight Alteration,Steel Sigil,Kraken Slayer,Titanic Hydra,Plated Steelcaps,No_Item,No_Item,Stealth Ward,Doran's Ring,Malignance,Sorcerer's Shoes,Refillable Potion,Shadowflame,Needlessly Large Rod,Farsight Alteration,Doran's Blade,Muramana,Trinity Force,Caulfield's Warhammer,Ionian Boots of Lucidity,Control Ward,Farsight Alteration,Boots of Swiftness,Dream Maker,Control Ward,Moonstone Renewer,Forbidden Idol,Kindlegem,Oracle Lens,Arcane Comet,Resolve,Conqueror,Inspiration,Grasp of the Undying,Sorcery,Lethal Tempo,Domination,Arcane Comet,Inspiration,Press the Attack,Sorcery,Conqueror,Inspiration,Arcane Comet,Domination,Press the Attack,Inspiration,Summon Aery,Domination,Flash,Teleport,Flash,Smite,Ghost,Teleport,Flash,Barrier,Flash,Heal,Flash,Teleport,Smite,Flash,Flash,Teleport,Flash,Cleanse,Flash,Heal,1,2,0,0,4,1
https://www.op.gg/summoners/euw/blueskies777-EUW/matches/uRd1PvnOddpCDvii2UnpDTJ-2epR0gi1RmhqZXiynUw%3D/1733700700000,0,16,35,35,16,55,18,72,52,12,26,0,4,0,1,2,8,0,5,43368,54890,12.0,14.2,640,781,26.4,32.3,-11522,11522,1784.5205741626792,2258.6315789473683,Irelia,Lillia,Katarina,Lee Sin,Poppy,Renekton,Skarner,Akali,Corki,Nami,Doran's Blade,Plated Steelcaps,Refillable Potion,Blade of The Ruined King,Hullbreaker,No_Item,Stealth Ward,Seeker's Armguard,Liandry's Torment,Dark Seal,Ionian Boots of Lucidity,Riftmaker,Control Ward,Oracle Lens,Doran's Shield,Sorcerer's Shoes,Liandry's Torment,Nashor's Tooth,Dark Seal,Hextech Alternator,Stealth Ward,Eclipse,Sundered Sky,Plated Steelcaps,No_Item,Doran's Shield,No_Item,Stealth Ward,Bloodsong,Synchronized Souls,Dead Man's Plate,Locket of the Iron Solari,Control Ward,No_Item,Oracle Lens,Doran's Blade,Eclipse,Spear of Shojin,Boots,Pickaxe,Ruby Crystal,Oracle Lens,Spirit Visage,Heartsteel,No_Item,Unending Despair,No_Item,Plated Steelcaps,Oracle Lens,Mejai's Soulstealer,Needlessly Large Rod,Needlessly Large Rod,Stormsurge,Shadowflame,Boots,Oracle Lens,Doran's Blade,Essence Reaver,Boots of Swiftness,Infinity Edge,Zeal,Lord Dominik's Regards,Farsight Alteration,Ionian Boots of Lucidity,Dream Maker,Mikael's Blessing,Imperial Mandate,Dark Seal,Amplifying Tome,Oracle Lens,Conqueror,Inspiration,Conqueror,Inspiration,Conqueror,Domination,Conqueror,Resolve,Hail of Blades,Inspiration,Conqueror,Resolve,Grasp of the Undying,Inspiration,Electrocute,Resolve,Conqueror,Inspiration,Summon Aery,Resolve,Teleport,Flash,Flash,Smite,Teleport,Flash,Flash,Teleport,Flash,Ignite,Flash,Teleport,Flash,Smite,Ignite,Flash,Exhaust,Flash,Flash,Heal,0,3,0,1,3,1
https://www.op.gg/summoners/euw/blueskies777-EUW/matches/uRd1PvnOddokRIv87MwhJCxSY9QMrN8Xo20E2XIK4Ug%3D/1733698339000,0,12,23,23,12,28,16,32,24,4,12,0,2,0,0,1,4,0,2,28502,36497,9.4,9.8,423,522,26.6,33.0,-7995,7995,1801.1680555555554,2306.407638888889,Aurora,Skarner,Zed,Varus,Karma,Irelia,Viego,Taliyah,Caitlyn,Morgana,Sorcerer's Shoes,Luden's Companion,No_Item,Amplifying Tome,No_Item,No_Item,Stealth Ward,Scorchclaw Pup,Heartsteel,Ruby Crystal,Ruby Crystal,Slightly Magical Footwear,Null-Magic Mantle,Oracle Lens,Voltaic Cyclosword,Refillable Potion,Long Sword,Boots,Long Sword,No_Item,Stealth Ward,Doran's Blade,Youmuu's Ghostblade,Serrated Dirk,Tear of the Goddess,Boots,No_Item,Stealth Ward,Zaz'Zak's Realmspike,Refillable Potion,Imperial Mandate,Ionian Boots of Lucidity,Glowing Mote,Control Ward,Oracle Lens,Doran's Shield,Blade of The Ruined King,Control Ward,Hullbreaker,Negatron Cloak,Boots,Oracle Lens,Mosstomper Seedling,Kraken Slayer,Boots of Swiftness,Tunneler,Long Sword,Giant's Belt,Oracle Lens,Sorcerer's Shoes,Seeker's Armguard,Luden's Companion,Amplifying Tome,Amplifying Tome,Doran's Ring,Stealth Ward,Berserker's Greaves,Doran's Blade,B. F. Sword,The Collector,Refillable Potion,Cloak of Agility,Farsight Alteration,Redemption,Solstice Sleigh,Cloth Armor,Ionian Boots of Lucidity,Kindlegem,Control Ward,Oracle Lens,Grasp of the Undying,Precision,Aftershock,Inspiration,Electrocute,Resolve,Arcane Comet,Inspiration,Arcane Comet,Inspiration,Conqueror,Resolve,Conqueror,Inspiration,Electrocute,Precision,Fleet Footwork,Sorcery,Arcane Comet,Inspiration,Teleport,Flash,Flash,Smite,Flash,Ignite,Flash,Cleanse,Flash,Heal,Flash,Teleport,Flash,Smite,Teleport,Flash,Barrier,Flash,Flash,Heal,0,3,0,0,3,0
https://www.op.gg/summoners/euw/blueskies777-EUW/matches/uRd1PvnOddrXRQ2kI3XdyPjkrKgwd1C2vDwUFkPcY1I%3D/1733696980000,1,32,23,23,32,39,57,48,39,6,7,1,2,1,0,8,2,2,2,53127,44151,13.6,12.2,658,643,26.9,26.3,8976,-8976,2179.5692307692307,1811.323076923077,K'Sante,Lee Sin,Sylas,Ambessa,Alistar,Renekton,Jarvan IV,Akali,Ashe,Seraphine,Doran's Shield,Negatron Cloak,Thornmail,"Jak'Sho, The Protean",Kindlegem,Plated Steelcaps,Oracle Lens,Sterak's Gage,Eclipse,Mercury's Treads,Sundered Sky,Long Sword,No_Item,Stealth Ward,Shattered Armguard,Hextech Rocketbelt,Cosmic Drive,Dark Seal,Sorcerer's Shoes,Doran's Ring,Oracle Lens,Eclipse,Spear of Shojin,Ionian Boots of Lucidity,Black Cleaver,Doran's Shield,Control Ward,Oracle Lens,Celestial Opposition,Locket of the Iron Solari,Plated Steelcaps,Zeke's Convergence,No_Item,No_Item,Oracle Lens,Black Cleaver,Plated Steelcaps,Sterak's Gage,No_Item,No_Item,No_Item,Oracle Lens,Plated Steelcaps,Long Sword,Sundered Sky,Ruby Crystal,Eclipse,Control Ward,Oracle Lens,Doran's Ring,Stormsurge,Shadowflame,Dark Seal,Sorcerer's Shoes,Amplifying Tome,Oracle Lens,Doran's Blade,Executioner's Calling,Kraken Slayer,Last Whisper,Phantom Dancer,Berserker's Greaves,Farsight Alteration,Control Ward,Dream Maker,Redemption,Ionian Boots of Lucidity,Moonstone Renewer,No_Item,Oracle Lens,Grasp of the Undying,Inspiration,Conqueror,Inspiration,Conqueror,Resolve,Grasp of the Undying,Inspiration,Glacial Augment,Resolve,Conqueror,Resolve,Conqueror,Inspiration,Electrocute,Sorcery,Lethal Tempo,Inspiration,Guardian,Sorcery,Teleport,Flash,Flash,Smite,Flash,Teleport,Flash,Teleport,Exhaust,Flash,Flash,Teleport,Smite,Flash,Ignite,Flash,Flash,Barrier,Flash,Barrier,0,5,1,1,0,0
https://www.op.gg/summoners/euw/blueskies777-EUW/matches/uRd1PvnOddrbM-dOx0MhA9wRxaQb8-2iqz-88piQxTM%3D/1733694605000,1,35,24,24,35,35,50,115,87,41,48,2,2,2,0,11,3,4,2,68294,56900,15.0,14.2,885,875,28.4,28.1,11394,-11394,2197.967816091954,1831.2643678160919,Aurora,Ivern,Corki,Ezreal,Pyke,Gangplank,Viego,Sylas,Sivir,Lulu,Shadowflame,Malignance,Stormsurge,Sorcerer's Shoes,Amplifying Tome,No_Item,Oracle Lens,Dawncore,Forbidden Idol,Redemption,Dark Seal,Ionian Boots of Lucidity,Moonstone Renewer,Oracle Lens,Infinity Edge,Muramana,Trinity Force,Mortal Reminder,Rapid Firecannon,Plated Steelcaps,Farsight Alteration,Caulfield's Warhammer,Muramana,Trinity Force,Spear of Shojin,Ionian Boots of Lucidity,Last Whisper,Farsight Alteration,Celestial Opposition,Umbral Glaive,Edge of Night,The Brutalizer,Synchronized Souls,Caulfield's Warhammer,Oracle Lens,Trinity Force,Cloak of Agility,Cloak of Agility,Ionian Boots of Lucidity,Cloak of Agility,Serpent's Fang,Farsight Alteration,Titanic Hydra,Kraken Slayer,Immortal Shieldbow,Steel Sigil,Caulfield's Warhammer,Boots of Swiftness,Oracle Lens,Hextech Rocketbelt,Sorcerer's Shoes,Doran's Ring,Lich Bane,Dark Seal,No_Item,Farsight Alteration,Navori Flickerblade,Bloodthirster,No_Item,Yun Tal Wildarrows,Berserker's Greaves,Infinity Edge,Farsight Alteration,Redemption,Dream Maker,Moonstone Renewer,No_Item,Ionian Boots of Lucidity,Kindlegem,Oracle Lens,Electrocute,Sorcery,Summon Aery,Inspiration,Conqueror,Inspiration,Press the Attack,Sorcery,Hail of Blades,Resolve,Grasp of the Undying,Precision,Conqueror,Resolve,Conqueror,Resolve,Lethal Tempo,Sorcery,Summon Aery,Resolve,Flash,Teleport,Flash,Smite,Flash,Teleport,Flash,Heal,Flash,Ignite,Teleport,Flash,Flash,Smite,Teleport,Flash,Flash,Barrier,Heal,Flash,1,3,4,0,0,0
https://www.op.gg/summoners/euw/blueskies777-EUW/matches/uRd1PvnOddoyPivorcDFyjxX-je50FsmMoyHSLKf9as%3D/1733691746000,0,14,23,23,14,20,25,40,30,7,8,1,1,0,0,0,6,1,1,32973,42683,10.4,11.4,515,635,27.5,33.8,-9710,9710,1753.4774566473989,2269.8473988439305,Yone,Gragas,Heimerdinger,Jhin,Rakan,Irelia,Elise,Zed,Ashe,Lulu,Blade of The Ruined King,Berserker's Greaves,Noonquiver,Pickaxe,Doran's Blade,No_Item,Stealth Ward,Amplifying Tome,Cosmic Drive,Ionian Boots of Lucidity,Amplifying Tome,Cloth Armor,No_Item,Stealth Ward,Sorcerer's Shoes,Blackfire Torch,Doran's Ring,Fated Ashes,Haunting Guise,Amplifying Tome,Oracle Lens,The Collector,Boots,Doran's Blade,B. F. Sword,Cloak of Agility,Pickaxe,Farsight Alteration,Refillable Potion,Locket of the Iron Solari,Celestial Opposition,Mercury's Treads,Ruby Crystal,Control Ward,Oracle Lens,Doran's Blade,Blade of The Ruined King,Ruby Crystal,Mercury's Treads,Long Sword,Negatron Cloak,Oracle Lens,Sorcerer's Shoes,Shadowflame,Gustwalker Hatchling,Stormsurge,Control Ward,No_Item,Oracle Lens,No_Item,Refillable Potion,No_Item,Ionian Boots of Lucidity,Eclipse,Voltaic Cyclosword,Oracle Lens,Doran's Blade,Kraken Slayer,Phantom Dancer,Berserker's Greaves,Control Ward,No_Item,Farsight Alteration,Dream Maker,Redemption,Control Ward,Moonstone Renewer,Slightly Magical Footwear,No_Item,Oracle Lens,Lethal Tempo,Resolve,Electrocute,Sorcery,Conqueror,Sorcery,Dark Harvest,Precision,Guardian,Domination,Conqueror,Domination,Dark Harvest,Precision,Electrocute,Sorcery,Lethal Tempo,Inspiration,Summon Aery,Inspiration,Teleport,Flash,Smite,Flash,Flash,Teleport,Barrier,Flash,Flash,Ignite,Flash,Teleport,Smite,Flash,Flash,Teleport,Flash,Barrier,Heal,Flash,0,1,0,1,2,0
https://www.op.gg/summoners/euw/blueskies777-EUW/matches/uRd1PvnOddosZZCnvIWGin0g1v17wWY8NwGq24OzGUc%3D/1733690092000,1,21,4,4,21,4,33,35,29,10,9,1,1,0,0,9,1,1,1,39958,26777,10.6,9.6,589,463,34.4,27.1,13181,-13181,2353.0822222222223,1576.8677777777777,Aatrox,Talon,Akali,Ziggs,Janna,Zac,Rengar,Gwen,Zed,Poppy,Doran's Shield,Refillable Potion,Hexdrinker,Sundered Sky,Long Sword,Boots,Stealth Ward,Eclipse,Youmuu's Ghostblade,Slightly Magical Footwear,Phage,No_Item,No_Item,Oracle Lens,Shadowflame,Hextech Rocketbelt,No_Item,Sorcerer's Shoes,No_Item,No_Item,Oracle Lens,Seraph's Embrace,Luden's Companion,Haunting Guise,Amplifying Tome,Doran's Ring,Sorcerer's Shoes,Farsight Alteration,Dark Seal,Solstice Sleigh,Boots of Swiftness,Moonstone Renewer,Kindlegem,Forbidden Idol,Oracle Lens,Doran's Shield,Mejai's Soulstealer,Spirit Visage,Boots,Bami's Cinder,Cloth Armor,Stealth Ward,Gustwalker Hatchling,Boots,Voltaic Cyclosword,Long Sword,No_Item,Long Sword,Oracle Lens,Doran's Ring,Riftmaker,Dagger,Blasting Wand,Slightly Magical Footwear,Amplifying Tome,Oracle Lens,The Brutalizer,No_Item,No_Item,No_Item,Ionian Boots of Lucidity,Eclipse,Oracle Lens,Bloodsong,Winged Moonplate,Winged Moonplate,Boots of Swiftness,Ruby Crystal,No_Item,Oracle Lens,Conqueror,Resolve,Conqueror,Inspiration,Conqueror,Resolve,Arcane Comet,Inspiration,Summon Aery,Resolve,Conqueror,Resolve,Conqueror,Domination,Conqueror,Inspiration,Electrocute,Sorcery,Hail of Blades,Inspiration,Teleport,Flash,Ignite,Smite,Flash,Teleport,Flash,Teleport,Heal,Flash,Flash,Ignite,Flash,Smite,Ignite,Teleport,Flash,Teleport,Flash,Exhaust,1,4,1,0,2,0
https://www.op.gg/summoners/euw/blueskies777-EUW/matches/uRd1PvnOddq-cvDbgSfSsFqpUnOGbYsaa60DW-QUDVI%3D/1733540996000,0,37,41,41,38,47,50,84,75,25,24,2,3,0,2,3,10,2,5,69934,75116,16.2,17.0,1042,1002,30.5,29.5,-5182,5182,2041.8686131386862,2193.167883211679,Ambessa,Kindred,Sylas,Ashe,Janna,Garen,Xin Zhao,Gragas,Fiora,Zoe,Plated Steelcaps,Eclipse,Death's Dance,Spear of Shojin,Maw of Malmortius,Steel Sigil,Oracle Lens,Lord Dominik's Regards,Mercury's Treads,Cloak of Agility,Kraken Slayer,The Collector,B. F. Sword,Oracle Lens,Hextech Rocketbelt,Needlessly Large Rod,Zhonya's Hourglass,Sorcerer's Shoes,Needlessly Large Rod,Shadowflame,Farsight Alteration,Mortal Reminder,Kraken Slayer,Berserker's Greaves,Infinity Edge,Runaan's Hurricane,No_Item,Farsight Alteration,Boots of Swiftness,Mikael's Blessing,Dream Maker,Moonstone Renewer,Echoes of Helia,Control Ward,Oracle Lens,Stridebreaker,Mortal Reminder,Phantom Dancer,Boots of Swiftness,B. F. Sword,Pickaxe,Oracle Lens,Black Cleaver,Titanic Hydra,Eclipse,Plated Steelcaps,Serrated Dirk,Warden's Mail,Oracle Lens,Sorcerer's Shoes,Seraph's Embrace,Lich Bane,Rabadon's Deathcap,Shadowflame,Blighting Jewel,Oracle Lens,Doran's Blade,Ravenous Hydra,Voltaic Cyclosword,Death's Dance,Plated Steelcaps,Caulfield's Warhammer,Farsight Alteration,Zaz'Zak's Realmspike,Luden's Companion,Hextech Alternator,Ionian Boots of Lucidity,Horizon Focus,Vigilant Wardstone,Oracle Lens,Conqueror,Resolve,Conqueror,Domination,Electrocute,Sorcery,Lethal Tempo,Inspiration,Summon Aery,Domination,Phase Rush,Resolve,Conqueror,Domination,Phase Rush,Precision,Fleet Footwork,Domination,Dark Harvest,Inspiration,Flash,Teleport,Flash,Smite,Flash,Teleport,Ghost,Flash,Flash,Ignite,Flash,Ignite,Flash,Smite,Flash,Teleport,Barrier,Flash,Ignite,Flash,1,5,0,0,1,2
https://www.op.gg/summoners/euw/blueskies777-EUW/matches/uRd1PvnOddohx2spZOHTtoCABCymrdH_UmJKXLWtVCA%3D/1733537947000,0,16,27,27,16,47,18,41,50,9,12,1,2,0,1,3,10,1,3,41532,52945,12.0,13.2,680,788,30.099999999999998,35.0,-11413,11413,1847.8220338983053,2355.603813559322,Poppy,Xin Zhao,Garen,Kai'Sa,Leona,Irelia,Talon,Gwen,Jinx,Janna,Plated Steelcaps,Winter's Approach,Eclipse,No_Item,No_Item,No_Item,Stealth Ward,Black Cleaver,Titanic Hydra,Long Sword,Cloth Armor,Boots,No_Item,Oracle Lens,Stridebreaker,Last Whisper,Plated Steelcaps,Doran's Shield,Phantom Dancer,Cloak of Agility,Stealth Ward,Kraken Slayer,Guinsoo's Rageblade,Berserker's Greaves,Recurve Bow,Blasting Wand,Doran's Blade,Farsight Alteration,Bramble Vest,Refillable Potion,Bloodsong,Locket of the Iron Solari,Plated Steelcaps,Ruby Crystal,Oracle Lens,Doran's Blade,Plated Steelcaps,Blade of The Ruined King,Hullbreaker,Rectrix,Hearthbound Axe,Stealth Ward,Black Cleaver,Youmuu's Ghostblade,Eclipse,Slightly Magical Footwear,Steel Sigil,Long Sword,Oracle Lens,Doran's Ring,Nashor's Tooth,Cloth Armor,Plated Steelcaps,Shadowflame,Amplifying Tome,Oracle Lens,Runaan's Hurricane,The Collector,Doran's Blade,Berserker's Greaves,Infinity Edge,Control Ward,Farsight Alteration,Dream Maker,Boots of Swiftness,Mejai's Soulstealer,Echoes of Helia,Kindlegem,Amplifying Tome,Oracle Lens,Conqueror,Resolve,Conqueror,Domination,Phase Rush,Resolve,Lethal Tempo,Inspiration,Aftershock,Domination,Conqueror,Inspiration,Conqueror,Inspiration,Conqueror,Resolve,Lethal Tempo,Sorcery,Summon Aery,Resolve,Flash,Teleport,Flash,Smite,Flash,Ignite,Barrier,Flash,Ignite,Flash,Teleport,Flash,Ignite,Smite,Ignite,Teleport,Cleanse,Flash,Heal,Flash,0,3,0,1,3,1
https://www.op.gg/summoners/euw/blueskies777-EUW/matches/uRd1PvnOddrR2VVFsZ9IJkz-q8FRVHTr8kjVEuoIrfw%3D/1733535716000,0,23,24,24,23,52,28,68,49,16,28,0,4,0,1,6,10,0,5,54793,58238,13.6,14.8,857,824,31.099999999999998,29.8,-3445,3445,1985.9471615720524,2110.8096069869,Lee Sin,Nasus,Malphite,Caitlyn,Pyke,Tryndamere,Viego,Sylas,Varus,Soraka,Profane Hydra,Death's Dance,Mercury's Treads,Edge of Night,Eclipse,Guardian Angel,Stealth Ward,Mercury's Treads,Trinity Force,Sterak's Gage,Chain Vest,Ruby Crystal,No_Item,Oracle Lens,Frozen Heart,Malignance,Tear of the Goddess,Plated Steelcaps,Giant's Belt,Glowing Mote,Stealth Ward,Doran's Blade,Boots,The Collector,Infinity Edge,Zeal,Scout's Slingshot,Farsight Alteration,Bloodsong,Synchronized Souls,Edge of Night,Umbral Glaive,Long Sword,No_Item,Oracle Lens,Berserker's Greaves,Navori Flickerblade,Ravenous Hydra,Vampiric Scepter,Pickaxe,Doran's Blade,Oracle Lens,Kraken Slayer,Sundered Sky,Boots of Swiftness,Caulfield's Warhammer,Steel Sigil,No_Item,Stealth Ward,Sorcerer's Shoes,Hextech Rocketbelt,Zhonya's Hourglass,Dark Seal,Cosmic Drive,No_Item,Stealth Ward,Berserker's Greaves,Blade of The Ruined King,Shattered Armguard,Guinsoo's Rageblade,Terminus,Ruby Crystal,Farsight Alteration,Dream Maker,Redemption,Ionian Boots of Lucidity,Mikael's Blessing,No_Item,Moonstone Renewer,Oracle Lens,Conqueror,Resolve,Phase Rush,Inspiration,Arcane Comet,Domination,Fleet Footwork,Sorcery,Hail of Blades,Resolve,Grasp of the Undying,Precision,Conqueror,Inspiration,Conqueror,Resolve,Lethal Tempo,Inspiration,Summon Aery,Resolve,Ignite,Flash,Flash,Smite,Flash,Teleport,Barrier,Flash,Ignite,Flash,Flash,Ignite,Smite,Flash,Flash,Teleport,Flash,Barrier,Heal,Flash,0,6,0,0,0,2
https://www.op.gg/summoners/euw/blueskies777-EUW/matches/uRd1PvnOddqDP3NHNVuLLcJP3wl0zfTGWIkKq95CcEU%3D/1733532082000,0,25,39,39,25,45,29,53,59,15,17,2,1,0,1,2,7,2,2,50104,61983,13.8,15.0,770,903,27.8,32.5,-11879,11879,1813.5803680981596,2243.5564417177916,Ambessa,Volibear,Qiyana,Caitlyn,Nami,Varus,Kayn,Ahri,Samira,Cho'Gath,Spear of Shojin,Eclipse,Steel Sigil,Boots,No_Item,Long Sword,Oracle Lens,Iceborn Gauntlet,Ionian Boots of Lucidity,Sundered Sky,Kindlegem,Spectre's Cowl,No_Item,Oracle Lens,Frozen Heart,Abyssal Mask,Dawncore,No_Item,No_Item,No_Item,Oracle Lens,Doran's Blade,The Collector,Infinity Edge,Berserker's Greaves,Lord Dominik's Regards,No_Item,Farsight Alteration,No_Item,Dream Maker,No_Item,Shurelya's Battlesong,Imperial Mandate,Ionian Boots of Lucidity,Oracle Lens,Plated Steelcaps,Blade of The Ruined King,Zhonya's Hourglass,Experimental Hexplate,Giant's Belt,Doran's Blade,Stealth Ward,Hubris,Youmuu's Ghostblade,Edge of Night,Pickaxe,Synchronized Souls,Long Sword,Oracle Lens,Rabadon's Deathcap,Zhonya's Hourglass,Sorcerer's Shoes,Aether Wisp,Malignance,Mejai's Soulstealer,Oracle Lens,Doran's Blade,The Collector,Refillable Potion,Plated Steelcaps,Infinity Edge,Noonquiver,Farsight Alteration,Shurelya's Battlesong,Celestial Opposition,Dark Seal,Synchronized Souls,Dead Man's Plate,Cloth Armor,Oracle Lens,Electrocute,Resolve,Press the Attack,Sorcery,Electrocute,Precision,Fleet Footwork,Sorcery,Summon Aery,Domination,Press the Attack,Resolve,Dark Harvest,Sorcery,Electrocute,Sorcery,Conqueror,Domination,Hail of Blades,Sorcery,Flash,Teleport,Flash,Smite,Flash,Teleport,Flash,Barrier,Flash,Heal,Flash,Teleport,Smite,Flash,Flash,Teleport,Flash,Barrier,Ignite,Flash,0,3,0,0,3,1
https://www.op.gg/summoners/euw/blueskies777-EUW/matches/uRd1PvnOddqZ3MbqduKr0DRTSQENcGy_JQWTp8rU8tc%3D/1733529782000,0,21,31,31,21,46,35,70,73,14,24,0,3,0,1,2,9,0,4,49362,59673,13.4,14.6,799,851,28.9,30.8,-10311,10311,1781.847804878049,2154.049756097561,Garen,Xin Zhao,Orianna,Ashe,Lulu,Camille,Kindred,Akali,Kog'Maw,Nautilus,Dead Man's Plate,Boots of Swiftness,Stridebreaker,Tunneler,Ruby Crystal,No_Item,Stealth Ward,Sundered Sky,Titanic Hydra,Warden's Mail,Plated Steelcaps,Ruby Crystal,No_Item,Oracle Lens,Needlessly Large Rod,Luden's Companion,Shadowflame,Sorcerer's Shoes,Needlessly Large Rod,Tear of the Goddess,Farsight Alteration,Infinity Edge,Phantom Dancer,No_Item,Kraken Slayer,Berserker's Greaves,No_Item,Farsight Alteration,Redemption,Ionian Boots of Lucidity,Dream Maker,Aether Wisp,Moonstone Renewer,Faerie Charm,Oracle Lens,Doran's Blade,Plated Steelcaps,Ravenous Hydra,Sterak's Gage,Trinity Force,Pickaxe,Oracle Lens,Infinity Edge,Kraken Slayer,The Collector,Plated Steelcaps,Last Whisper,No_Item,Oracle Lens,Hextech Rocketbelt,Seeker's Armguard,Doran's Shield,Sorcerer's Shoes,No_Item,Shadowflame,Stealth Ward,Blade of The Ruined King,Berserker's Greaves,Negatron Cloak,Doran's Blade,Guinsoo's Rageblade,Recurve Bow,Farsight Alteration,Bloodsong,Control Ward,Locket of the Iron Solari,Plated Steelcaps,Kindlegem,Chain Vest,Oracle Lens,Grasp of the Undying,Inspiration,Conqueror,Inspiration,Summon Aery,Precision,Lethal Tempo,Inspiration,Summon Aery,Resolve,Grasp of the Undying,Sorcery,Press the Attack,Domination,Electrocute,Resolve,Lethal Tempo,Inspiration,Aftershock,Inspiration,Ignite,Flash,Flash,Smite,Flash,Teleport,Flash,Barrier,Heal,Flash,Flash,Teleport,Flash,Smite,Teleport,Flash,Flash,Barrier,Flash,Ignite,0,1,0,1,5,2
https://www.op.gg/summoners/euw/blueskies777-EUW/matches/uRd1PvnOddqeaGNMz_LO6uELH2QIVd6nS2qk__JwHDI%3D/1733526994000,0,17,32,32,17,40,32,78,58,15,25,1,3,0,2,4,10,1,5,52674,64001,13.8,15.8,886,929,30.8,32.4,-11327,11327,1838.4258823529412,2233.760392156863,Gnar,Lillia,Qiyana,Corki,Nami,Yone,Udyr,LeBlanc,Ashe,Lulu,No_Item,Trinity Force,Randuin's Omen,Sterak's Gage,Wit's End,Mercury's Treads,Farsight Alteration,Rylai's Crystal Scepter,Liandry's Torment,Zhonya's Hourglass,Mercury's Treads,Control Ward,Dark Seal,Oracle Lens,Youmuu's Ghostblade,Profane Hydra,Refillable Potion,Serpent's Fang,Boots,No_Item,Oracle Lens,Lord Dominik's Regards,Muramana,No_Item,Boots,Trinity Force,Doran's Blade,Farsight Alteration,Imperial Mandate,Forbidden Idol,No_Item,Solstice Sleigh,Boots of Swiftness,Kindlegem,Oracle Lens,Refillable Potion,Immortal Shieldbow,Stridebreaker,Blade of The Ruined King,Berserker's Greaves,Doran's Shield,Stealth Ward,Dead Man's Plate,Dark Seal,Liandry's Torment,Riftmaker,Boots of Swiftness,Spectre's Cowl,Oracle Lens,Luden's Companion,Sorcerer's Shoes,Stormsurge,Void Staff,Rabadon's Deathcap,No_Item,Oracle Lens,Kraken Slayer,Berserker's Greaves,Last Whisper,Infinity Edge,Phantom Dancer,Cloak of Agility,Farsight Alteration,Dream Maker,Mikael's Blessing,Redemption,No_Item,Ionian Boots of Lucidity,Moonstone Renewer,Oracle Lens,Fleet Footwork,Resolve,Conqueror,Inspiration,Electrocute,Precision,Conqueror,Inspiration,Summon Aery,Domination,Lethal Tempo,Resolve,Conqueror,Inspiration,Electrocute,Sorcery,Lethal Tempo,Inspiration,Summon Aery,Resolve,Flash,Teleport,Flash,Smite,Flash,Teleport,Flash,Barrier,Flash,Heal,Teleport,Flash,Flash,Smite,Teleport,Flash,Flash,Barrier,Flash,Heal,1,3,0,0,3,2
https://www.op.gg/summoners/euw/blueskies777-EUW/matches/uRd1PvnOddq340dxgVBL57_rUmLwA4N9tMuSmeL9gOk%3D/1733524735000,0,20,37,38,20,56,28,61,61,20,22,3,0,0,1,3,4,3,1,44100,51657,11.8,14.0,668,695,28.3,29.4,-7557,7557,1864.6308724832213,2184.155033557047,Sion,Udyr,Cassiopeia,Caitlyn,Karma,Ambessa,Talon,Aurora,Corki,Nami,No_Item,No_Item,Doran's Shield,Kaenic Rookern,Unending Despair,Plated Steelcaps,Stealth Ward,Unending Despair,Dark Seal,Liandry's Torment,Spectre's Cowl,Boots of Swiftness,Negatron Cloak,Oracle Lens,Doran's Ring,Seraph's Embrace,Rylai's Crystal Scepter,Needlessly Large Rod,Cloth Armor,Amplifying Tome,Farsight Alteration,Doran's Blade,Infinity Edge,The Collector,Scout's Slingshot,Cloak of Agility,Berserker's Greaves,Farsight Alteration,Imperial Mandate,Zaz'Zak's Realmspike,Amplifying Tome,Ionian Boots of Lucidity,Bandleglass Mirror,Mejai's Soulstealer,Oracle Lens,Doran's Blade,Eclipse,Black Cleaver,Mercury's Treads,Pickaxe,Steel Sigil,Oracle Lens,Caulfield's Warhammer,Youmuu's Ghostblade,Hubris,Black Cleaver,Slightly Magical Footwear,Pickaxe,Oracle Lens,Sorcerer's Shoes,Luden's Companion,Dark Seal,Liandry's Torment,Rabadon's Deathcap,No_Item,Oracle Lens,Executioner's Calling,Trinity Force,Boots,Muramana,Last Whisper,Doran's Blade,Farsight Alteration,Imperial Mandate,Shurelya's Battlesong,No_Item,Solstice Sleigh,Dark Seal,Boots of Swiftness,Oracle Lens,Grasp of the Undying,Inspiration,Conqueror,Inspiration,Phase Rush,Precision,Lethal Tempo,Sorcery,Arcane Comet,Domination,Conqueror,Resolve,Conqueror,Inspiration,Arcane Comet,Domination,Hail of Blades,Inspiration,Summon Aery,Domination,Teleport,Flash,Flash,Smite,Teleport,Flash,Flash,Barrier,Heal,Flash,Flash,Teleport,Flash,Smite,Teleport,Flash,Flash,Barrier,Flash,Heal,0,6,0,0,0,0
https://www.op.gg/summoners/euw/blueskies777-EUW/matches/uRd1PvnOddrwdViAr-LIe6kVfnHeCiodcNVsb1K-N6U%3D/1733522406000,1,23,13,13,23,16,49,62,67,27,22,0,2,1,0,9,2,1,2,53154,42103,14.0,12.6,835,804,34.0,32.8,11051,-11051,2153.9529411764706,1706.134640522876,Aurora,Xin Zhao,Irelia,Ashe,Thresh,Ambessa,Viego,Ekko,Ezreal,Braum,Doran's Ring,Malignance,Sorcerer's Shoes,No_Item,Shadowflame,No_Item,Oracle Lens,Sundered Sky,Titanic Hydra,Death's Dance,Plated Steelcaps,No_Item,No_Item,Oracle Lens,Doran's Blade,Blade of The Ruined King,Mercury's Treads,Kraken Slayer,Sundered Sky,No_Item,Farsight Alteration,Doran's Blade,B. F. Sword,Phantom Dancer,Berserker's Greaves,Kraken Slayer,Pickaxe,Farsight Alteration,Solstice Sleigh,Redemption,Locket of the Iron Solari,Control Ward,Boots of Swiftness,Ruby Crystal,Oracle Lens,Plated Steelcaps,Long Sword,Eclipse,Long Sword,Voltaic Cyclosword,Doran's Shield,Stealth Ward,Mercury's Treads,Sundered Sky,Kraken Slayer,Long Sword,No_Item,No_Item,Oracle Lens,Doran's Ring,Control Ward,Nashor's Tooth,Dark Seal,Sorcerer's Shoes,Lich Bane,Oracle Lens,Long Sword,Muramana,Trinity Force,Glowing Mote,Ionian Boots of Lucidity,Doran's Blade,Farsight Alteration,Ruby Crystal,Frozen Heart,Control Ward,Solstice Sleigh,Cloth Armor,Plated Steelcaps,Oracle Lens,Electrocute,Sorcery,Conqueror,Inspiration,Press the Attack,Domination,Lethal Tempo,Inspiration,Aftershock,Inspiration,Electrocute,Resolve,Conqueror,Inspiration,Hail of Blades,Sorcery,Press the Attack,Inspiration,Guardian,Inspiration,Flash,Teleport,Flash,Smite,Teleport,Flash,Flash,Barrier,Ignite,Flash,Flash,Teleport,Flash,Smite,Teleport,Flash,Flash,Cleanse,Flash,Ignite,1,6,1,0,0,0
https://www.op.gg/summoners/euw/blueskies777-EUW/matches/uRd1PvnOddo1niAH7-WgROKYM_eoQo67Ri5166MZtFk%3D/1733520035000,1,47,22,24,47,28,78,52,56,21,13,0,2,1,0,10,1,1,2,60298,46461,14.0,12.6,706,640,28.6,25.9,13837,-13837,2436.913989637306,1877.6984455958548,Renekton,Elise,Sylas,Ashe,Thresh,Shen,Viego,Ahri,Draven,Nautilus,Doran's Shield,Black Cleaver,Death's Dance,Tunneler,Sterak's Gage,Plated Steelcaps,Oracle Lens,Shadowflame,Stormsurge,Needlessly Large Rod,Sorcerer's Shoes,Needlessly Large Rod,Dark Seal,Oracle Lens,Mercury's Treads,Zhonya's Hourglass,Hextech Rocketbelt,Mejai's Soulstealer,Cosmic Drive,Amplifying Tome,Oracle Lens,Doran's Blade,Kraken Slayer,Infinity Edge,Cloak of Agility,Phantom Dancer,Berserker's Greaves,Farsight Alteration,Locket of the Iron Solari,Solstice Sleigh,Control Ward,Trailblazer,Kindlegem,Boots of Swiftness,Oracle Lens,Bami's Cinder,Heartsteel,Plated Steelcaps,Spectre's Cowl,Doran's Shield,No_Item,Oracle Lens,Titanic Hydra,Kraken Slayer,Mercury's Treads,Recurve Bow,Long Sword,No_Item,Oracle Lens,Haunting Guise,Dark Seal,Malignance,Mercury's Treads,Oblivion Orb,Fated Ashes,Stealth Ward,Mortal Reminder,The Collector,Cloak of Agility,Bloodthirster,Pickaxe,Berserker's Greaves,Farsight Alteration,Control Ward,Celestial Opposition,Locket of the Iron Solari,Chain Vest,Kindlegem,Mercury's Treads,Oracle Lens,Conqueror,Resolve,Dark Harvest,Precision,Conqueror,Resolve,Lethal Tempo,Inspiration,Aftershock,Inspiration,Grasp of the Undying,Domination,Conqueror,Inspiration,Summon Aery,Domination,Lethal Tempo,Domination,Aftershock,Inspiration,Flash,Teleport,Flash,Smite,Teleport,Flash,Flash,Barrier,Flash,Ignite,Flash,Ignite,Flash,Smite,Teleport,Flash,Flash,Barrier,Ignite,Flash,1,5,1,0,1,0
https://www.op.gg/summoners/euw/blueskies777-EUW/matches/uRd1PvnOddqHKSgNra0CwYHoXrZ649K0ldN2IF39fks%3D/1733516789000,0,12,22,22,12,39,23,46,49,8,13,0,3,0,0,3,3,0,3,37820,43547,11.0,12.2,592,734,27.900000000000002,34.5,-5727,5727,1764.9333333333334,2032.1933333333334,Jax,Skarner,Cassiopeia,Samira,Renata Glasc,Akali,Viego,Ahri,Jinx,Braum,Tiamat,Refillable Potion,Trinity Force,Mercury's Treads,Doran's Blade,Ruby Crystal,Stealth Ward,Warden's Mail,Control Ward,Giant's Belt,No_Item,Heartsteel,Mercury's Treads,Oracle Lens,Doran's Ring,Seraph's Embrace,Verdant Barrier,Liandry's Torment,Dark Seal,No_Item,Farsight Alteration,Doran's Blade,The Collector,Refillable Potion,Infinity Edge,Boots,No_Item,Farsight Alteration,Mikael's Blessing,Kindlegem,Solstice Sleigh,No_Item,Ionian Boots of Lucidity,No_Item,Oracle Lens,Doran's Ring,Dead Man's Plate,Riftmaker,Dark Seal,Null-Magic Mantle,Sorcerer's Shoes,Oracle Lens,Sundered Sky,Control Ward,Tunneler,Long Sword,Kraken Slayer,Plated Steelcaps,Oracle Lens,No_Item,No_Item,Dark Seal,Mercury's Treads,Liandry's Torment,Malignance,Oracle Lens,Infinity Edge,The Collector,Berserker's Greaves,Zeal,No_Item,No_Item,Farsight Alteration,Control Ward,Locket of the Iron Solari,Celestial Opposition,Plated Steelcaps,Ruby Crystal,No_Item,Oracle Lens,Fleet Footwork,Resolve,Aftershock,Inspiration,Phase Rush,Precision,Conqueror,Domination,Guardian,Domination,Conqueror,Resolve,Conqueror,Inspiration,Electrocute,Sorcery,Lethal Tempo,Sorcery,Guardian,Inspiration,Flash,Teleport,Flash,Smite,Teleport,Flash,Flash,Barrier,Flash,Ignite,Ignite,Teleport,Flash,Smite,Teleport,Flash,Barrier,Flash,Flash,Exhaust,1,5,0,0,1,0
https://www.op.gg/summoners/euw/blueskies777-EUW/matches/uRd1PvnOddptfaJ8epoiQxPLX-eYNuuQpSuvBf5eR9Q%3D/1733515143000,0,18,44,44,18,64,19,69,67,26,24,1,2,0,1,2,9,1,3,49322,61871,12.8,14.8,779,825,28.4,30.1,-12549,12549,1804.4634146341464,2263.5731707317073,Jax,Viego,Syndra,Ezreal,Lux,Vladimir,Kindred,Ziggs,Jhin,Camille,Doran's Shield,Trinity Force,Control Ward,Mercury's Treads,Sundered Sky,No_Item,Stealth Ward,Sundered Sky,Kraken Slayer,Plated Steelcaps,Dagger,Null-Magic Mantle,Elixir of Wrath,Oracle Lens,Rabadon's Deathcap,Luden's Companion,No_Item,Mejai's Soulstealer,Sorcerer's Shoes,Stormsurge,Farsight Alteration,Trinity Force,Muramana,Ionian Boots of Lucidity,Spear of Shojin,No_Item,Doran's Blade,Farsight Alteration,Plated Steelcaps,Redemption,Celestial Opposition,No_Item,Control Ward,Locket of the Iron Solari,Oracle Lens,Needlessly Large Rod,Stormsurge,Sorcerer's Shoes,Cosmic Drive,Mejai's Soulstealer,Needlessly Large Rod,Farsight Alteration,Mercury's Treads,Infinity Edge,Trinity Force,The Collector,Control Ward,No_Item,Oracle Lens,Luden's Companion,Horizon Focus,Dark Seal,Doran's Ring,Sorcerer's Shoes,Needlessly Large Rod,Farsight Alteration,Hubris,Youmuu's Ghostblade,Boots of Swiftness,Rapid Firecannon,Pickaxe,Cloak of Agility,Farsight Alteration,Sterak's Gage,Steel Sigil,Bloodsong,Long Sword,Plated Steelcaps,Sundered Sky,Oracle Lens,Grasp of the Undying,Sorcery,Conqueror,Inspiration,First Strike,Sorcery,Press the Attack,Sorcery,Aftershock,Domination,Summon Aery,Precision,Press the Attack,Domination,Arcane Comet,Precision,Dark Harvest,Precision,Hail of Blades,Resolve,Flash,Teleport,Smite,Flash,Flash,Teleport,Barrier,Flash,Flash,Heal,Flash,Teleport,Flash,Smite,Flash,Teleport,Flash,Cleanse,Flash,Ignite,0,4,0,1,2,2
https://www.op.gg/summoners/euw/blueskies777-EUW/matches/uRd1PvnOddqOBZGtb-mxibqRtj8LTyQI0wRrkj2I8ek%3D/1733512849000,1,41,25,25,41,35,74,58,62,20,18,4,0,1,0,9,2,5,0,57945,47455,14.2,12.4,719,708,27.3,26.9,10490,-10490,2201.2625698324023,1802.7597765363128,K'Sante,Kindred,Sylas,Ashe,Lulu,Ambessa,Morgana,Ahri,Corki,Nautilus,"Jak'Sho, The Protean",Bramble Vest,Unending Despair,Doran's Shield,Mercury's Treads,No_Item,Oracle Lens,Infinity Edge,Kraken Slayer,The Collector,Mercury's Treads,No_Item,Warden's Mail,Oracle Lens,Elixir of Sorcery,Zhonya's Hourglass,Hextech Rocketbelt,Dark Seal,Mercury's Treads,Cosmic Drive,Oracle Lens,Doran's Blade,Phantom Dancer,Kraken Slayer,Berserker's Greaves,Vampiric Scepter,B. F. Sword,Farsight Alteration,Redemption,Dream Maker,Moonstone Renewer,No_Item,Ionian Boots of Lucidity,No_Item,Oracle Lens,Voltaic Cyclosword,Long Sword,Plated Steelcaps,Eclipse,Ruby Crystal,No_Item,Farsight Alteration,Horizon Focus,Liandry's Torment,Dark Seal,Mercury's Treads,Oblivion Orb,No_Item,Oracle Lens,Blighting Jewel,Horizon Focus,Doran's Ring,Malignance,Ionian Boots of Lucidity,Dark Seal,Oracle Lens,Trinity Force,Muramana,Lord Dominik's Regards,Plated Steelcaps,Pickaxe,B. F. Sword,Stealth Ward,Boots of Swiftness,Locket of the Iron Solari,Celestial Opposition,Kindlegem,Chain Vest,Control Ward,Oracle Lens,Grasp of the Undying,Sorcery,Press the Attack,Domination,Electrocute,Resolve,Lethal Tempo,Inspiration,Summon Aery,Resolve,Grasp of the Undying,Domination,Arcane Comet,Inspiration,Electrocute,Sorcery,Conqueror,Inspiration,Aftershock,Inspiration,Flash,Teleport,Ghost,Smite,Flash,Teleport,Flash,Barrier,Heal,Flash,Teleport,Flash,Ghost,Smite,Teleport,Flash,Flash,Barrier,Flash,Ignite,1,6,1,0,0,0
https://www.op.gg/summoners/euw/blueskies777-EUW/matches/uRd1PvnOddpLlBWvcq_6JX6e_7qj3lwyfz4In1ZtAGE%3D/1733508797000,0,26,33,33,26,53,42,75,96,23,23,2,2,1,1,6,10,3,3,58839,61286,14.8,15.0,899,833,30.5,28.4,-2447,2447,1999.6066406249997,2082.76640625,K'Sante,Viego,Aurora,Samira,Pyke,Gnar,Xin Zhao,Sylas,Caitlyn,Lux,Plated Steelcaps,Frozen Heart,Negatron Cloak,Chain Vest,Giant's Belt,Iceborn Gauntlet,Oracle Lens,Mercury's Treads,B. F. Sword,Titanic Hydra,Sterak's Gage,Cloth Armor,Kraken Slayer,Oracle Lens,Cosmic Drive,Needlessly Large Rod,Liandry's Torment,Malignance,Sorcerer's Shoes,Needlessly Large Rod,Farsight Alteration,Doran's Blade,Infinity Edge,The Collector,Boots,Mortal Reminder,B. F. Sword,Farsight Alteration,Celestial Opposition,Youmuu's Ghostblade,Serrated Dirk,Umbral Glaive,No_Item,Boots of Swiftness,Oracle Lens,Wit's End,Plated Steelcaps,No_Item,Trinity Force,Black Cleaver,Sterak's Gage,Farsight Alteration,Sundered Sky,Sterak's Gage,Control Ward,Phage,Kindlegem,Plated Steelcaps,Oracle Lens,Cosmic Drive,Hextech Rocketbelt,Dark Seal,Sorcerer's Shoes,Amplifying Tome,Amplifying Tome,Stealth Ward,Lord Dominik's Regards,The Collector,Long Sword,Infinity Edge,Berserker's Greaves,Pickaxe,Farsight Alteration,No_Item,Plated Steelcaps,Redemption,Celestial Opposition,Dead Man's Plate,Kindlegem,Oracle Lens,Grasp of the Undying,Inspiration,Conqueror,Inspiration,Electrocute,Sorcery,Conqueror,Sorcery,Hail of Blades,Sorcery,Grasp of the Undying,Precision,Conqueror,Inspiration,Conqueror,Resolve,Lethal Tempo,Sorcery,Aftershock,Domination,Flash,Teleport,Flash,Smite,Flash,Teleport,Flash,Barrier,Ignite,Flash,Flash,Teleport,Flash,Smite,Flash,Teleport,Flash,Barrier,Flash,Exhaust,0,4,0,1,2,2
https://www.op.gg/summoners/euw/blueskies777-EUW/matches/uRd1PvnOddoE_wJiiE1YLlgVOLngP3GfC5FOlBzIkb0%3D/1733506641000,0,6,27,27,6,49,8,38,42,7,16,0,2,0,0,0,7,0,2,28421,42731,9.8,11.2,504,608,26.9,32.5,-14310,14310,1523.6000000000001,2290.7340206185568,Gwen,Taliyah,Zed,Ezreal,Nautilus,Ambessa,Rek'Sai,Yone,Hwei,Leona,Doran's Ring,Dark Seal,Riftmaker,Boots,Fiendish Codex,No_Item,Stealth Ward,Ionian Boots of Lucidity,Luden's Companion,No_Item,Dark Seal,Fated Ashes,Haunting Guise,Oracle Lens,Eclipse,Ionian Boots of Lucidity,Serrated Dirk,Control Ward,Long Sword,No_Item,Oracle Lens,Doran's Blade,Trinity Force,Ionian Boots of Lucidity,Long Sword,Tear of the Goddess,No_Item,Farsight Alteration,Celestial Opposition,Health Potion,Kindlegem,Cloth Armor,Mercury's Treads,Null-Magic Mantle,Oracle Lens,Eclipse,Doran's Blade,Mercury's Treads,Long Sword,Spear of Shojin,Ruby Crystal,Farsight Alteration,Scorchclaw Pup,Titanic Hydra,Black Cleaver,Pickaxe,Slightly Magical Footwear,Ruby Crystal,Oracle Lens,Refillable Potion,Berserker's Greaves,Blade of The Ruined King,Infinity Edge,No_Item,Doran's Blade,Stealth Ward,Doran's Ring,Luden's Companion,Sorcerer's Shoes,Shadowflame,No_Item,Dark Seal,Farsight Alteration,Bloodsong,Plated Steelcaps,Locket of the Iron Solari,Kindlegem,No_Item,No_Item,Oracle Lens,Conqueror,Resolve,Dark Harvest,Sorcery,First Strike,Sorcery,Conqueror,Sorcery,Aftershock,Inspiration,Conqueror,Resolve,Conqueror,Inspiration,Lethal Tempo,Resolve,Arcane Comet,Precision,Aftershock,Inspiration,Ignite,Teleport,Flash,Smite,Flash,Teleport,Flash,Cleanse,Ignite,Flash,Flash,Teleport,Smite,Flash,Flash,Teleport,Flash,Teleport,Flash,Ignite,0,2,0,1,4,0
https://www.op.gg/summoners/euw/blueskies777-EUW/matches/uRd1PvnOddp4XcwHrdYqmg-jarklDP41KcLWT0gKVtU%3D/1733505187000,1,25,11,11,26,12,34,43,38,13,9,2,0,0,0,5,1,2,0,40829,32642,11.2,10.0,612,526,32.699999999999996,28.1,8187,-8187,2170.6556962025315,1735.3974683544304,Jayce,Kindred,Garen,Ezreal,Nami,Zed,Nidalee,Kennen,Caitlyn,Nautilus,Doran's Blade,Caulfield's Warhammer,Youmuu's Ghostblade,Tear of the Goddess,Hexdrinker,Boots,Stealth Ward,The Collector,Long Sword,No_Item,Trinity Force,No_Item,Boots,Oracle Lens,Stridebreaker,Doran's Shield,Phantom Dancer,Boots of Swiftness,Pickaxe,No_Item,Stealth Ward,Doran's Blade,Trinity Force,Muramana,Ionian Boots of Lucidity,No_Item,No_Item,Farsight Alteration,Dream Maker,Imperial Mandate,Ionian Boots of Lucidity,Bandleglass Mirror,Ruby Crystal,No_Item,Oracle Lens,Eclipse,Opportunity,Ionian Boots of Lucidity,Long Sword,Long Sword,No_Item,Oracle Lens,Dark Seal,Haunting Guise,Control Ward,Fated Ashes,Sorcerer's Shoes,No_Item,Oracle Lens,Hextech Rocketbelt,Refillable Potion,Dark Seal,Sorcerer's Shoes,Hextech Alternator,Doran's Ring,Stealth Ward,Infinity Edge,Refillable Potion,The Collector,Slightly Magical Footwear,Long Sword,No_Item,Farsight Alteration,Bloodsong,Control Ward,Plated Steelcaps,Thornmail,No_Item,No_Item,Oracle Lens,Phase Rush,Precision,Press the Attack,Domination,Phase Rush,Resolve,Conqueror,Sorcery,Summon Aery,Inspiration,Electrocute,Sorcery,Conqueror,Sorcery,Electrocute,Inspiration,Hail of Blades,Inspiration,Aftershock,Inspiration,Flash,Teleport,Smite,Flash,Flash,Ignite,Flash,Barrier,Flash,Heal,Teleport,Flash,Smite,Flash,Teleport,Flash,Flash,Barrier,Flash,Ignite,1,3,0,0,3,0
https://www.op.gg/summoners/euw/blueskies777-EUW/matches/uRd1PvnOddo04pBsZULibgRK3PSK2b7cEq5izA-w6Jc%3D/1733503624000,1,26,20,20,26,27,29,34,40,13,9,2,0,0,0,4,2,2,0,39661,34752,11.0,10.0,574,485,33.800000000000004,28.7,4909,-4909,2338.2231343283584,2048.8119402985076,Jayce,Diana,Swain,Yasuo,Nautilus,Sylas,Graves,Lee Sin,Ezreal,Pyke,Doran's Blade,Long Sword,Youmuu's Ghostblade,Caulfield's Warhammer,Tear of the Goddess,Slightly Magical Footwear,Farsight Alteration,Amplifying Tome,Zhonya's Hourglass,Hextech Rocketbelt,Needlessly Large Rod,Sorcerer's Shoes,Dark Seal,Oracle Lens,Doran's Ring,Dark Seal,Blackfire Torch,Sorcerer's Shoes,Fiendish Codex,Ruby Crystal,Farsight Alteration,Doran's Blade,Blade of The Ruined King,Berserker's Greaves,Immortal Shieldbow,Cloak of Agility,No_Item,Farsight Alteration,Bloodsong,Plated Steelcaps,Locket of the Iron Solari,Kindlegem,Control Ward,Cloth Armor,Oracle Lens,Doran's Ring,Sorcerer's Shoes,Cosmic Drive,No_Item,No_Item,No_Item,Stealth Ward,Youmuu's Ghostblade,Boots,The Collector,Gustwalker Hatchling,Last Whisper,Control Ward,Oracle Lens,Profane Hydra,Control Ward,No_Item,No_Item,Eclipse,Ionian Boots of Lucidity,Stealth Ward,Doran's Blade,Tear of the Goddess,Trinity Force,Ionian Boots of Lucidity,Long Sword,Long Sword,Farsight Alteration,Bloodsong,Umbral Glaive,Long Sword,Synchronized Souls,No_Item,No_Item,Oracle Lens,Conqueror,Inspiration,Conqueror,Inspiration,Conqueror,Resolve,Lethal Tempo,Resolve,Aftershock,Inspiration,Grasp of the Undying,Precision,Dark Harvest,Precision,Conqueror,Resolve,Conqueror,Sorcery,Hail of Blades,Resolve,Flash,Teleport,Flash,Smite,Flash,Exhaust,Teleport,Flash,Flash,Ignite,Teleport,Flash,Smite,Flash,Teleport,Flash,Flash,Barrier,Flash,Ignite,0,6,0,0,0,0
https://www.op.gg/summoners/euw/blueskies777-EUW/matches/uRd1PvnOddpT_IQuBG-5aPWsiMi3QLdC_bLoBCMlaVo%3D/1733501831000,1,21,10,10,21,15,29,53,54,11,10,2,1,0,0,9,1,2,1,46891,36036,12.6,11.4,713,615,33.1,28.599999999999998,10855,-10855,2171.7936842105264,1669.0357894736842,Jayce,Wukong,Hwei,Tahm Kench,Senna,Malphite,Graves,Ahri,Caitlyn,Janna,Doran's Blade,Muramana,Youmuu's Ghostblade,Hexdrinker,Caulfield's Warhammer,Slightly Magical Footwear,Farsight Alteration,Black Cleaver,No_Item,Mercury's Treads,Ruby Crystal,Trinity Force,No_Item,Stealth Ward,Rabadon's Deathcap,No_Item,Seraph's Embrace,Dark Seal,Sorcerer's Shoes,Doran's Ring,Oracle Lens,Doran's Shield,No_Item,Unending Despair,Null-Magic Mantle,Heartsteel,Plated Steelcaps,Stealth Ward,Bloodsong,Boots of Swiftness,Black Cleaver,Zeal,Scout's Slingshot,No_Item,Oracle Lens,Refillable Potion,Doran's Ring,Sunfire Aegis,Plated Steelcaps,Thornmail,Null-Magic Mantle,Oracle Lens,Immortal Shieldbow,The Collector,Boots,Long Sword,Cloak of Agility,Long Sword,Oracle Lens,Malignance,Liandry's Torment,Dark Seal,Ionian Boots of Lucidity,No_Item,Doran's Ring,Oracle Lens,Doran's Blade,Boots,The Collector,Executioner's Calling,Last Whisper,Dagger,Farsight Alteration,Zaz'Zak's Realmspike,Imperial Mandate,Dark Seal,Aether Wisp,Boots of Swiftness,Control Ward,Oracle Lens,Conqueror,Inspiration,Conqueror,Inspiration,Arcane Comet,Precision,Guardian,Inspiration,Summon Aery,Inspiration,Arcane Comet,Resolve,Dark Harvest,Precision,Electrocute,Sorcery,Lethal Tempo,Domination,Hail of Blades,Sorcery,Flash,Teleport,Flash,Smite,Flash,Teleport,Ghost,Teleport,Flash,Heal,Flash,Teleport,Flash,Smite,Teleport,Flash,Flash,Barrier,Flash,Heal,1,6,1,0,0,0
https://www.op.gg/summoners/euw/blueskies777-EUW/matches/uRd1PvnOddot_cHTiMa8Id9Q2n7wVr87WRdQqBfnYec%3D/1733497988000,1,15,9,9,15,13,19,40,33,6,11,1,1,0,0,3,0,1,1,36621,29723,11.0,10.2,639,527,35.2,29.1,6898,-6898,2018.85,1638.575641025641,Aatrox,Graves,Anivia,Ezreal,Janna,Riven,Zac,Ahri,Ashe,Braum,Doran's Shield,Plated Steelcaps,Control Ward,Voltaic Cyclosword,Spear of Shojin,No_Item,Oracle Lens,Youmuu's Ghostblade,Control Ward,Mercury's Treads,Pickaxe,The Collector,No_Item,Oracle Lens,Liandry's Torment,No_Item,No_Item,Malignance,Boots of Swiftness,No_Item,Farsight Alteration,Doran's Blade,Trinity Force,Long Sword,Tear of the Goddess,Slightly Magical Footwear,Long Sword,Farsight Alteration,Dream Maker,Refillable Potion,Boots of Swiftness,Control Ward,Echoes of Helia,No_Item,Oracle Lens,Phage,Ruby Crystal,No_Item,Doran's Blade,Eclipse,Ionian Boots of Lucidity,Stealth Ward,Mosstomper Seedling,Sunfire Aegis,Dark Seal,Ionian Boots of Lucidity,Giant's Belt,No_Item,Oracle Lens,Doran's Ring,Refillable Potion,Malignance,Ionian Boots of Lucidity,Dark Seal,Fiendish Codex,Stealth Ward,Zeal,Kraken Slayer,Berserker's Greaves,Dagger,Dagger,Doran's Blade,Farsight Alteration,Locket of the Iron Solari,Ruby Crystal,Celestial Opposition,Boots,No_Item,No_Item,Oracle Lens,Conqueror,Resolve,Dark Harvest,Precision,Phase Rush,Precision,Conqueror,Inspiration,Summon Aery,Resolve,Conqueror,Sorcery,Aftershock,Precision,Summon Aery,Precision,Lethal Tempo,Inspiration,Guardian,Inspiration,Flash,Teleport,Flash,Smite,Flash,Teleport,Flash,Cleanse,Flash,Heal,Ignite,Flash,Smite,Flash,Flash,Teleport,Barrier,Flash,Flash,Heal,0,3,0,0,3,0
https://www.op.gg/summoners/euw/blueskies777-EUW/matches/uRd1PvnOddqbEydoHTDyd9lEyY6Sq5yslxiW7mnZ38M%3D/1733496190000,1,19,7,7,19,5,24,31,31,8,6,2,0,0,0,2,1,2,0,34052,27007,10.2,9.4,528,474,33.7,30.3,7045,-7045,2179.328,1728.448,Heimerdinger,Kha'Zix,Yasuo,Jhin,Nautilus,Aurora,Viego,Yone,Zeri,Sona,Boots of Swiftness,Doran's Ring,Refillable Potion,Lost Chapter,Amplifying Tome,Giant's Belt,Stealth Ward,Opportunity,Profane Hydra,Long Sword,Slightly Magical Footwear,Long Sword,No_Item,Oracle Lens,Doran's Blade,Kraken Slayer,Berserker's Greaves,Refillable Potion,Noonquiver,No_Item,Farsight Alteration,Youmuu's Ghostblade,Doran's Blade,Boots of Swiftness,No_Item,The Collector,No_Item,Farsight Alteration,Bloodsong,Control Ward,Locket of the Iron Solari,Ruby Crystal,Plated Steelcaps,No_Item,Oracle Lens,Doran's Ring,Malignance,Hextech Alternator,Dark Seal,Needlessly Large Rod,Slightly Magical Footwear,Oracle Lens,Kraken Slayer,Gustwalker Hatchling,No_Item,Ruby Crystal,Plated Steelcaps,No_Item,Oracle Lens,Doran's Blade,Berserker's Greaves,Blade of The Ruined King,No_Item,No_Item,No_Item,Stealth Ward,Doran's Blade,Cull,Berserker's Greaves,Scout's Slingshot,Long Sword,B. F. Sword,Stealth Ward,Echoes of Helia,Boots of Swiftness,Bloodsong,Amplifying Tome,No_Item,No_Item,Oracle Lens,Conqueror,Sorcery,First Strike,Domination,Lethal Tempo,Resolve,Dark Harvest,Sorcery,Aftershock,Inspiration,Arcane Comet,Inspiration,Conqueror,Inspiration,Lethal Tempo,Resolve,Lethal Tempo,Resolve,Summon Aery,Precision,Flash,Teleport,Smite,Flash,Teleport,Flash,Barrier,Flash,Flash,Ignite,Flash,Teleport,Flash,Smite,Flash,Teleport,Flash,Barrier,Flash,Heal,0,5,0,0,1,0
https://www.op.gg/summoners/euw/blueskies777-EUW/matches/uRd1PvnOddrTM-9126TkLXjm-ulnJ4vjb6AYz1f5z1s%3D/1733494708000,0,34,33,33,34,68,45,124,109,41,55,2,4,0,3,7,8,2,7,78995,85951,17.4,17.6,1273,1324,30.5,31.9,-6956,6956,1887.7481617647059,2053.9761029411766,Ambessa,Lee Sin,Akali,Ashe,Nautilus,Heimerdinger,Kha'Zix,Ahri,Zeri,Nami,Serylda's Grudge,Voltaic Cyclosword,Hexdrinker,Edge of Night,Death's Dance,Boots of Swiftness,Oracle Lens,Sundered Sky,Eclipse,No_Item,Mercury's Treads,Sterak's Gage,Guardian Angel,Stealth Ward,Shadowflame,Rabadon's Deathcap,Zhonya's Hourglass,Sorcerer's Shoes,Stormsurge,No_Item,Oracle Lens,Bloodthirster,Berserker's Greaves,Kraken Slayer,Infinity Edge,Phantom Dancer,Guardian Angel,Farsight Alteration,Mercury's Treads,Control Ward,Knight's Vow,Locket of the Iron Solari,Kindlegem,Celestial Opposition,Oracle Lens,Liandry's Torment,Zhonya's Hourglass,Blackfire Torch,Ionian Boots of Lucidity,Rabadon's Deathcap,Rylai's Crystal Scepter,Oracle Lens,Ionian Boots of Lucidity,Opportunity,Youmuu's Ghostblade,Serylda's Grudge,Edge of Night,Guardian Angel,Oracle Lens,Malignance,Zhonya's Hourglass,Rabadon's Deathcap,Sorcerer's Shoes,Lich Bane,Blighting Jewel,Oracle Lens,Immortal Shieldbow,Guardian Angel,Infinity Edge,Yun Tal Wildarrows,Berserker's Greaves,Runaan's Hurricane,Farsight Alteration,Imperial Mandate,Dream Maker,Moonstone Renewer,Shurelya's Battlesong,Staff of Flowing Water,Boots of Swiftness,Oracle Lens,Electrocute,Resolve,Conqueror,Inspiration,Electrocute,Resolve,Lethal Tempo,Inspiration,Aftershock,Inspiration,Conqueror,Sorcery,Dark Harvest,Sorcery,Electrocute,Sorcery,Lethal Tempo,Resolve,Summon Aery,Domination,Flash,Teleport,Flash,Smite,Teleport,Flash,Flash,Barrier,Flash,Ignite,Flash,Teleport,Smite,Flash,Flash,Teleport,Flash,Barrier,Flash,Heal,1,5,1,0,1,1
https://www.op.gg/summoners/euw/blueskies777-EUW/matches/uRd1PvnOddo3Un5bLqoyBH57YEu3NKjzZ2JL9MpFHr0%3D/1733491135000,0,24,37,37,24,66,40,86,78,23,28,2,0,0,1,3,8,2,1,52014,61287,13.4,14.6,751,841,25.599999999999998,28.6,-9273,9273,1776.8757763975154,2093.6552795031057,Jax,Lee Sin,Sylas,Hwei,Maokai,Yasuo,Kayn,Aurora,Smolder,Leona,Doran's Shield,Mercury's Treads,Pickaxe,Sundered Sky,Trinity Force,No_Item,Stealth Ward,Mercury's Treads,Sundered Sky,No_Item,Sterak's Gage,Black Cleaver,No_Item,Stealth Ward,Lich Bane,Hextech Rocketbelt,Seeker's Armguard,Ionian Boots of Lucidity,Doran's Ring,Dark Seal,Oracle Lens,Blighting Jewel,Luden's Companion,Sorcerer's Shoes,Blasting Wand,Shadowflame,Rabadon's Deathcap,Farsight Alteration,Celestial Opposition,Control Ward,Null-Magic Mantle,Trailblazer,Mercury's Treads,Kindlegem,Oracle Lens,Doran's Blade,Berserker's Greaves,Blade of The Ruined King,B. F. Sword,Immortal Shieldbow,Cloak of Agility,Farsight Alteration,Black Cleaver,Eclipse,Plated Steelcaps,Executioner's Calling,Spirit Visage,Caulfield's Warhammer,Stealth Ward,Boots of Swiftness,Zhonya's Hourglass,Liandry's Torment,Cosmic Drive,Verdant Barrier,Dark Seal,Oracle Lens,Hubris,Bloodthirster,Rapid Firecannon,Mercury's Treads,No_Item,No_Item,Farsight Alteration,Control Ward,Bloodsong,Locket of the Iron Solari,Ruby Crystal,Mercury's Treads,Kaenic Rookern,Oracle Lens,Grasp of the Undying,Sorcery,Conqueror,Inspiration,Conqueror,Resolve,Arcane Comet,Precision,Aftershock,Domination,Lethal Tempo,Resolve,Conqueror,Inspiration,Electrocute,Sorcery,Arcane Comet,Inspiration,Aftershock,Inspiration,Flash,Teleport,Flash,Smite,Flash,Teleport,Flash,Teleport,Flash,Ignite,Flash,Teleport,Flash,Smite,Teleport,Flash,Teleport,Flash,Flash,Ignite,0,3,0,1,3,1
https://www.op.gg/summoners/euw/blueskies777-EUW/matches/uRd1PvnOddrVXrgf6M--0CvcNB0w1C4nhU1Ssw-QSnM%3D/1733488710000,0,43,43,43,44,89,68,126,105,54,49,2,3,1,1,4,10,3,4,72504,75122,16.2,17.0,989,1011,28.0,28.6,-2618,2618,2047.663400576369,2121.6011527377523,Ambessa,Nocturne,Akali,Ashe,Pyke,Irelia,Vi,Swain,Smolder,Rakan,Sterak's Gage,Eclipse,Executioner's Calling,Black Cleaver,Plated Steelcaps,Steel Sigil,Oracle Lens,Experimental Hexplate,Stridebreaker,No_Item,Plated Steelcaps,Sterak's Gage,Black Cleaver,Oracle Lens,Zhonya's Hourglass,Shadowflame,Rabadon's Deathcap,Sorcerer's Shoes,Stormsurge,No_Item,Farsight Alteration,Infinity Edge,Kraken Slayer,Phantom Dancer,Mortal Reminder,Berserker's Greaves,Long Sword,Farsight Alteration,Bloodsong,Umbral Glaive,Control Ward,Edge of Night,Synchronized Souls,Maw of Malmortius,Oracle Lens,Death's Dance,Blade of The Ruined King,Titanic Hydra,Plated Steelcaps,Sterak's Gage,Wit's End,Oracle Lens,Control Ward,Plated Steelcaps,Kaenic Rookern,Frozen Heart,Sterak's Gage,Sundered Sky,Oracle Lens,Liandry's Torment,Rylai's Crystal Scepter,Seeker's Armguard,Needlessly Large Rod,Boots of Swiftness,Malignance,Farsight Alteration,Bloodthirster,Hubris,Plated Steelcaps,Last Whisper,Rapid Firecannon,Essence Reaver,Farsight Alteration,Celestial Opposition,Redemption,Locket of the Iron Solari,Mercury's Treads,Knight's Vow,No_Item,Oracle Lens,Conqueror,Resolve,Conqueror,Domination,Electrocute,Resolve,Lethal Tempo,Inspiration,Hail of Blades,Resolve,Conqueror,Domination,Conqueror,Inspiration,Conqueror,Resolve,Arcane Comet,Inspiration,Guardian,Domination,Teleport,Flash,Flash,Smite,Flash,Ignite,Flash,Barrier,Flash,Ignite,Flash,Teleport,Flash,Smite,Flash,Teleport,Barrier,Flash,Flash,Ignite,1,3,0,0,3,1
https://www.op.gg/summoners/euw/blueskies777-EUW/matches/uRd1PvnOddqwpNMvqJ15vFcxeSY2zp_GuNz_pVp3P7A%3D/1733486228000,0,22,34,34,22,66,30,52,51,11,21,1,2,0,1,3,10,1,3,43963,54625,12.0,13.6,619,686,26.0,28.9,-10662,10662,1840.311627906977,2286.6279069767443,Urgot,Vi,Ahri,Ashe,Lulu,Ambessa,Jarvan IV,Sylas,Caitlyn,Seraphine,Sterak's Gage,No_Item,Doran's Shield,No_Item,Black Cleaver,Boots,Oracle Lens,Plated Steelcaps,Executioner's Calling,Sundered Sky,Tunneler,No_Item,Black Cleaver,Oracle Lens,Malignance,Liandry's Torment,Doran's Ring,Sorcerer's Shoes,Oblivion Orb,Dark Seal,Farsight Alteration,Doran's Blade,Berserker's Greaves,Phantom Dancer,Kraken Slayer,Cloak of Agility,No_Item,Farsight Alteration,Moonstone Renewer,Dream Maker,No_Item,Redemption,No_Item,Ionian Boots of Lucidity,Oracle Lens,Eclipse,Doran's Shield,Plated Steelcaps,Sterak's Gage,Control Ward,Pickaxe,Stealth Ward,Pickaxe,Plated Steelcaps,Sundered Sky,Black Cleaver,Tunneler,Ruby Crystal,Oracle Lens,Doran's Ring,Hextech Rocketbelt,Shattered Armguard,Dark Seal,Sorcerer's Shoes,Cosmic Drive,Oracle Lens,Rapid Firecannon,Boots of Swiftness,Last Whisper,Doran's Blade,The Collector,Infinity Edge,Farsight Alteration,Redemption,Forbidden Idol,Solstice Sleigh,Moonstone Renewer,Boots,Forbidden Idol,Oracle Lens,Phase Rush,Resolve,Conqueror,Inspiration,Summon Aery,Domination,Lethal Tempo,Inspiration,Summon Aery,Resolve,Grasp of the Undying,Domination,Conqueror,Inspiration,Conqueror,Resolve,Lethal Tempo,Sorcery,Summon Aery,Resolve,Flash,Teleport,Flash,Smite,Flash,Teleport,Flash,Barrier,Flash,Heal,Teleport,Flash,Flash,Smite,Flash,Teleport,Cleanse,Flash,Flash,Heal,0,2,0,1,4,2
https://www.op.gg/summoners/euw/blueskies777-EUW/matches/uRd1PvnOddpkJ7s83XboEw4JAnkq5lDKCp_3GzHNeuU%3D/1733450808000,1,34,34,34,34,62,54,62,52,19,17,4,1,1,0,11,1,5,1,67073,60792,15.8,16.0,970,889,32.3,29.7,6281,-6281,2235.766666666667,2026.4,Renekton,Karthus,Yone,Caitlyn,Lux,Riven,Viego,Sylas,Fiora,Swain,Pickaxe,Eclipse,Spear of Shojin,Plated Steelcaps,Tunneler,Ruby Crystal,Oracle Lens,Zhonya's Hourglass,Sorcerer's Shoes,Oblivion Orb,Blackfire Torch,Void Staff,Needlessly Large Rod,Oracle Lens,Stridebreaker,No_Item,B. F. Sword,Berserker's Greaves,Immortal Shieldbow,Blade of The Ruined King,Farsight Alteration,Executioner's Calling,Last Whisper,Yun Tal Wildarrows,Berserker's Greaves,Infinity Edge,Rapid Firecannon,Farsight Alteration,Zaz'Zak's Realmspike,Fiendish Codex,Luden's Companion,Blighting Jewel,Sorcerer's Shoes,Shadowflame,Oracle Lens,Doran's Blade,Eclipse,Sundered Sky,Plated Steelcaps,Death's Dance,Hexdrinker,Oracle Lens,Wit's End,Kraken Slayer,Serrated Dirk,Noonquiver,Slightly Magical Footwear,Pickaxe,Stealth Ward,Sorcerer's Shoes,Zhonya's Hourglass,Stormsurge,Shadowflame,Banshee's Veil,No_Item,Stealth Ward,Doran's Blade,Ravenous Hydra,Plated Steelcaps,Death's Dance,Voltaic Cyclosword,Pickaxe,Farsight Alteration,Dark Seal,Celestial Opposition,Mercury's Treads,Malignance,Rylai's Crystal Scepter,Amplifying Tome,Oracle Lens,Conqueror,Resolve,Dark Harvest,Precision,Lethal Tempo,Resolve,Lethal Tempo,Sorcery,Arcane Comet,Inspiration,Conqueror,Resolve,Conqueror,Inspiration,Electrocute,Resolve,Fleet Footwork,Domination,Electrocute,Resolve,Flash,Teleport,Flash,Smite,Flash,Teleport,Barrier,Flash,Flash,Heal,Ignite,Flash,Smite,Flash,Teleport,Flash,Barrier,Flash,Flash,Ignite,1,6,5,0,0,0
https://www.op.gg/summoners/euw/blueskies777-EUW/matches/uRd1PvnOddopFDkNHn2Xbca1f_XaKSsW5_8TQopdy4A%3D/1733447618000,1,13,9,9,13,6,14,28,23,7,7,1,1,0,0,5,0,1,1,33896,25375,10.4,9.2,538,455,35.3,29.7,8521,-8521,2209.292857142857,1653.90625,Irelia,Viego,Lissandra,Nilah,Taric,Jax,Lillia,Aurora,Olaf,Lulu,Hullbreaker,Blade of The Ruined King,Mercury's Treads,Doran's Blade,No_Item,No_Item,Stealth Ward,Kraken Slayer,Vampiric Scepter,Pickaxe,Slightly Magical Footwear,No_Item,Mosstomper Seedling,Eye of the Herald,Doran's Ring,Needlessly Large Rod,Dark Seal,Blackfire Torch,Ionian Boots of Lucidity,Haunting Guise,Farsight Alteration,Doran's Blade,Boots,The Collector,Cloth Armor,Pickaxe,No_Item,Farsight Alteration,Cloth Armor,Fimbulwinter,Slightly Magical Footwear,Solstice Sleigh,Ruby Crystal,No_Item,Oracle Lens,Doran's Blade,Trinity Force,Boots,Long Sword,No_Item,No_Item,Stealth Ward,Liandry's Torment,Ionian Boots of Lucidity,Giant's Belt,Gustwalker Hatchling,No_Item,No_Item,Oracle Lens,Sorcerer's Shoes,Malignance,Control Ward,Doran's Ring,Amplifying Tome,Refillable Potion,Oracle Lens,Doran's Blade,Vampiric Scepter,No_Item,Slightly Magical Footwear,Frozen Heart,Tiamat,Stealth Ward,Dream Maker,Moonstone Renewer,Glowing Mote,Glowing Mote,No_Item,Boots,Oracle Lens,Conqueror,Domination,Press the Attack,Inspiration,Arcane Comet,Resolve,Conqueror,Domination,Glacial Augment,Precision,Lethal Tempo,Resolve,Conqueror,Inspiration,Electrocute,Sorcery,Conqueror,Inspiration,Summon Aery,Resolve,Teleport,Flash,Smite,Flash,Flash,Teleport,Flash,Barrier,Ignite,Flash,Flash,Teleport,Flash,Smite,Teleport,Flash,Flash,Ghost,Flash,Heal,1,6,0,0,0,0
https://www.op.gg/summoners/euw/blueskies777-EUW/matches/uRd1PvnOddrFJj7tnH5QGN9CchL7HYrL26pmDvDUcoM%3D/1733444856000,0,13,25,25,13,30,25,39,39,15,10,1,0,0,0,1,6,1,0,34139,46082,10.4,12.0,565,695,28.0,34.4,-11943,11943,1688.595698924731,2279.3247311827954,Yone,Xin Zhao,Orianna,Caitlyn,Braum,Jax,Jarvan IV,Aurora,Draven,Leona,Doran's Blade,Pickaxe,Recurve Bow,Berserker's Greaves,Long Sword,Dagger,Stealth Ward,Black Cleaver,Eclipse,Long Sword,Cloth Armor,Boots,No_Item,Oracle Lens,Refillable Potion,Seraph's Embrace,Sorcerer's Shoes,Hextech Alternator,Doran's Ring,Dark Seal,Farsight Alteration,Yun Tal Wildarrows,Doran's Blade,Berserker's Greaves,B. F. Sword,Cloak of Agility,Pickaxe,Farsight Alteration,Locket of the Iron Solari,Celestial Opposition,No_Item,Plated Steelcaps,Chain Vest,Kindlegem,Oracle Lens,Doran's Blade,Trinity Force,Stridebreaker,Plated Steelcaps,Ruby Crystal,Long Sword,Stealth Ward,Black Cleaver,Sundered Sky,No_Item,Mercury's Treads,Ruby Crystal,Cloth Armor,Oracle Lens,Doran's Ring,Malignance,Shadowflame,Refillable Potion,Sorcerer's Shoes,No_Item,Oracle Lens,Cloak of Agility,The Collector,Berserker's Greaves,Infinity Edge,Vampiric Scepter,No_Item,Farsight Alteration,Celestial Opposition,Control Ward,Locket of the Iron Solari,Kindlegem,Plated Steelcaps,Ruby Crystal,Oracle Lens,Lethal Tempo,Resolve,Conqueror,Domination,Arcane Comet,Inspiration,Lethal Tempo,Inspiration,Guardian,Inspiration,Lethal Tempo,Resolve,Conqueror,Inspiration,Arcane Comet,Inspiration,Lethal Tempo,Domination,Aftershock,Inspiration,Flash,Teleport,Flash,Smite,Flash,Teleport,Cleanse,Flash,Ignite,Flash,Flash,Teleport,Flash,Smite,Flash,Teleport,Flash,Cleanse,Flash,Ignite,0,4,0,1,2,0
https://www.op.gg/summoners/euw/blueskies777-EUW/matches/uRd1PvnOddqd5K0QGlizKHvwKcb1ntnSYmDKecUJRbI%3D/1733442879000,1,29,18,18,29,14,47,43,46,17,11,2,0,0,0,5,2,2,0,47782,39302,12.8,11.8,701,667,32.7,31.1,8480,-8480,2237.1919075144506,1840.151445086705,Ambessa,Xin Zhao,Ahri,Ashe,Karma,Renekton,Wukong,Sylas,Ziggs,Poppy,Plated Steelcaps,Refillable Potion,Eclipse,Spear of Shojin,Tunneler,No_Item,Oracle Lens,Eclipse,Plated Steelcaps,Phage,Pickaxe,No_Item,Ruby Crystal,Oracle Lens,Rabadon's Deathcap,No_Item,No_Item,Malignance,Sorcerer's Shoes,Liandry's Torment,Stealth Ward,Kraken Slayer,Runaan's Hurricane,Berserker's Greaves,No_Item,No_Item,Doran's Blade,Farsight Alteration,Malignance,Imperial Mandate,Ionian Boots of Lucidity,Zaz'Zak's Realmspike,No_Item,No_Item,Oracle Lens,Plated Steelcaps,Ruby Crystal,Stridebreaker,Eclipse,Long Sword,No_Item,Oracle Lens,Ruby Crystal,No_Item,Slightly Magical Footwear,Tunneler,Sundered Sky,Trinity Force,Oracle Lens,Aether Wisp,Ionian Boots of Lucidity,Hextech Rocketbelt,Dark Seal,Fiendish Codex,Doran's Ring,Oracle Lens,Luden's Companion,Doran's Ring,Tear of the Goddess,Dark Seal,Sorcerer's Shoes,Needlessly Large Rod,Farsight Alteration,Boots of Swiftness,Bloodsong,Control Ward,Kindlegem,Dead Man's Plate,Negatron Cloak,Oracle Lens,Grasp of the Undying,Domination,Conqueror,Domination,Grasp of the Undying,Sorcery,Lethal Tempo,Inspiration,Arcane Comet,Inspiration,Conqueror,Resolve,Conqueror,Inspiration,Conqueror,Resolve,Arcane Comet,Precision,Hail of Blades,Inspiration,Teleport,Flash,Flash,Smite,Flash,Teleport,Flash,Barrier,Flash,Ignite,Flash,Teleport,Smite,Flash,Flash,Teleport,Flash,Teleport,Flash,Ignite,0,4,0,1,2,0
https://www.op.gg/summoners/euw/blueskies777-EUW/matches/uRd1PvnOddoqIiB8i2qMQX95HeLVObG8O9idd6oWibk%3D/1733440957000,1,19,9,9,19,10,35,47,44,12,9,0,0,0,0,5,2,0,0,37710,31669,11.0,10.2,522,515,27.7,27.3,6041,-6041,2015.5344827586205,1692.653448275862,Jax,Wukong,Aurora,Ashe,Rakan,Tahm Kench,Viego,Katarina,Draven,Pyke,Doran's Blade,Trinity Force,Sundered Sky,Ruby Crystal,Slightly Magical Footwear,Long Sword,Stealth Ward,Cloth Armor,Trinity Force,Sundered Sky,Gustwalker Hatchling,Slightly Magical Footwear,No_Item,Oracle Lens,Doran's Ring,Shadowflame,Control Ward,Sorcerer's Shoes,Dark Seal,Malignance,Farsight Alteration,Kraken Slayer,Phantom Dancer,Berserker's Greaves,No_Item,No_Item,Doran's Blade,Farsight Alteration,Celestial Opposition,Control Ward,Locket of the Iron Solari,Plated Steelcaps,No_Item,No_Item,Oracle Lens,Doran's Shield,Boots of Swiftness,Heartsteel,Ruby Crystal,No_Item,No_Item,Stealth Ward,No_Item,Kraken Slayer,No_Item,Slightly Magical Footwear,Ruby Crystal,Tunneler,Oracle Lens,Lich Bane,Sorcerer's Shoes,Refillable Potion,Aether Wisp,Dark Seal,Doran's Ring,Stealth Ward,Hubris,Vampiric Scepter,No_Item,Berserker's Greaves,B. F. Sword,No_Item,Farsight Alteration,Control Ward,Umbral Glaive,No_Item,Bloodsong,No_Item,Boots of Swiftness,Oracle Lens,Lethal Tempo,Inspiration,Conqueror,Inspiration,Electrocute,Sorcery,Lethal Tempo,Inspiration,Guardian,Domination,Grasp of the Undying,Inspiration,Conqueror,Inspiration,Electrocute,Precision,Lethal Tempo,Domination,Hail of Blades,Inspiration,Flash,Teleport,Flash,Smite,Teleport,Flash,Barrier,Flash,Flash,Heal,Flash,Teleport,Flash,Smite,Teleport,Flash,Flash,Cleanse,Flash,Ignite,1,0,0,0,6,0
https://www.op.gg/summoners/euw/blueskies777-EUW/matches/uRd1PvnOddqcpvzm1F-x_ud_bZgBVhIWxI58W4hqdAI%3D/1733439226000,0,29,42,42,29,88,53,78,93,25,38,3,2,0,1,4,10,3,3,61743,66834,14.8,15.4,912,868,28.1,26.6,-5091,5091,1890.091836734694,2045.9387755102043,K'Sante,Viego,Katarina,Kalista,Nautilus,Ambessa,Wukong,Syndra,Ashe,Poppy,Thornmail,Plated Steelcaps,Iceborn Gauntlet,Kaenic Rookern,Chain Vest,Giant's Belt,Farsight Alteration,Steel Sigil,Trinity Force,Sundered Sky,Kraken Slayer,Plated Steelcaps,Pickaxe,Oracle Lens,Lich Bane,Dark Seal,Sorcerer's Shoes,Stormsurge,Rabadon's Deathcap,Amplifying Tome,Farsight Alteration,Wit's End,Berserker's Greaves,Guinsoo's Rageblade,Blade of The Ruined King,Terminus,Ruby Crystal,Farsight Alteration,Celestial Opposition,Locket of the Iron Solari,Control Ward,Knight's Vow,Ruby Crystal,Plated Steelcaps,Oracle Lens,Plated Steelcaps,Eclipse,Sterak's Gage,Cloth Armor,Spear of Shojin,Long Sword,Oracle Lens,Tunneler,No_Item,Plated Steelcaps,Black Cleaver,Sundered Sky,Trinity Force,Oracle Lens,Rabadon's Deathcap,Luden's Companion,Amplifying Tome,Sorcerer's Shoes,Void Staff,Shadowflame,Farsight Alteration,Berserker's Greaves,Kraken Slayer,Terminus,Blade of The Ruined King,Long Sword,Control Ward,Farsight Alteration,Bloodsong,Locket of the Iron Solari,No_Item,Dead Man's Plate,Boots of Swiftness,Warmog's Armor,Oracle Lens,Aftershock,Inspiration,Conqueror,Inspiration,Electrocute,Precision,Lethal Tempo,Domination,Aftershock,Inspiration,Conqueror,Resolve,Conqueror,Inspiration,Electrocute,Sorcery,Lethal Tempo,Inspiration,Aftershock,Inspiration,Flash,Teleport,Flash,Smite,Teleport,Flash,Flash,Cleanse,Ignite,Flash,Flash,Teleport,Smite,Flash,Flash,Teleport,Heal,Flash,Flash,Ignite,1,3,0,0,0,2
https://www.op.gg/summoners/euw/blueskies777-EUW/matches/uRd1PvnOddqNkbtkS0SQxXvdFxG0fjFE9MZ9X6eM9fw%3D/1733432080000,1,22,8,8,22,12,31,49,50,12,8,1,1,0,0,3,3,1,1,42126,36351,12.0,11.0,680,677,32.9,32.800000000000004,5775,-5775,2044.7122807017547,1764.405263157895,Urgot,Diana,Corki,Jinx,Janna,Jayce,Xin Zhao,Cassiopeia,Ashe,Rakan,Doran's Shield,Stridebreaker,Plated Steelcaps,Pickaxe,Phage,Kindlegem,Stealth Ward,Needlessly Large Rod,No_Item,Hextech Alternator,Dark Seal,Sorcerer's Shoes,Lich Bane,Stealth Ward,Doran's Blade,Plated Steelcaps,No_Item,Muramana,Trinity Force,Rapid Firecannon,Farsight Alteration,Doran's Blade,Cull,Pickaxe,Yun Tal Wildarrows,B. F. Sword,Berserker's Greaves,Farsight Alteration,Dream Maker,Echoes of Helia,Boots of Swiftness,Bandleglass Mirror,Ruby Crystal,No_Item,Oracle Lens,Doran's Blade,Slightly Magical Footwear,Youmuu's Ghostblade,Edge of Night,Last Whisper,No_Item,Farsight Alteration,Eclipse,Plated Steelcaps,Tunneler,Caulfield's Warhammer,No_Item,No_Item,Oracle Lens,Liandry's Torment,Seraph's Embrace,Warden's Mail,Dark Seal,Cloth Armor,Sapphire Crystal,Farsight Alteration,Doran's Blade,Berserker's Greaves,Statikk Shiv,Rectrix,Hearthbound Axe,Dagger,Farsight Alteration,Control Ward,Kindlegem,Null-Magic Mantle,Celestial Opposition,Zeke's Convergence,Ionian Boots of Lucidity,Oracle Lens,Phase Rush,Inspiration,Conqueror,Inspiration,Conqueror,Inspiration,Lethal Tempo,Sorcery,Summon Aery,Resolve,Conqueror,Inspiration,Conqueror,Inspiration,Phase Rush,Precision,Lethal Tempo,Inspiration,Guardian,Domination,Flash,Teleport,Flash,Smite,Flash,Teleport,Flash,Barrier,Heal,Flash,Flash,Teleport,Smite,Flash,Teleport,Flash,Flash,Barrier,Ignite,Flash,1,1,0,0,5,0
https://www.op.gg/summoners/euw/blueskies777-EUW/matches/uRd1PvnOddrlO1ONCHsM8Lps4evoz017RFF_L3zJoQU%3D/1733359172000,0,17,37,37,17,62,24,80,69,20,24,0,4,0,2,5,10,0,6,54356,66708,13.8,16.6,902,951,30.4,32.0,-12352,12352,1826.189723320158,2241.177865612648,Volibear,Skarner,Corki,Caitlyn,Nami,Ambessa,Morgana,Viktor,Varus,Lulu,Hextech Rocketbelt,Cosmic Drive,Spirit Visage,Boots of Swiftness,Kindlegem,Chain Vest,Stealth Ward,Sterak's Gage,Heartsteel,Spectre's Cowl,Ruby Crystal,Null-Magic Mantle,Ionian Boots of Lucidity,Oracle Lens,Infinity Edge,Muramana,Trinity Force,Mercury's Treads,Rapid Firecannon,No_Item,Farsight Alteration,Doran's Blade,The Collector,Infinity Edge,Berserker's Greaves,Zeal,Dagger,Farsight Alteration,Ionian Boots of Lucidity,Solstice Sleigh,Kindlegem,Shurelya's Battlesong,Bandleglass Mirror,Imperial Mandate,Oracle Lens,Boots,Sterak's Gage,Eclipse,Spear of Shojin,Long Sword,Doran's Blade,Farsight Alteration,No_Item,Blackfire Torch,Mejai's Soulstealer,Sorcerer's Shoes,Cosmic Drive,Liandry's Torment,Stealth Ward,Blackfire Torch,Sorcerer's Shoes,Zhonya's Hourglass,Blasting Wand,Liandry's Torment,Doran's Ring,Farsight Alteration,Serrated Dirk,Muramana,Serylda's Grudge,Edge of Night,Youmuu's Ghostblade,Boots of Swiftness,Farsight Alteration,Redemption,Locket of the Iron Solari,Control Ward,Dream Maker,Moonstone Renewer,Ionian Boots of Lucidity,Oracle Lens,Press the Attack,Resolve,Aftershock,Inspiration,Fleet Footwork,Inspiration,Lethal Tempo,Sorcery,Summon Aery,Domination,Conqueror,Resolve,Dark Harvest,Inspiration,Summon Aery,Inspiration,Arcane Comet,Inspiration,Summon Aery,Resolve,Flash,Teleport,Flash,Smite,Flash,Teleport,Flash,Barrier,Flash,Heal,Flash,Teleport,Flash,Smite,Flash,Teleport,Barrier,Flash,Flash,Heal,0,2,0,1,4,1
https://www.op.gg/summoners/euw/blueskies777-EUW/matches/uRd1PvnOddpCWJYQRxY__zi_ZzdizMP7shxGG6LCgho%3D/1733356845000,0,34,52,52,34,111,69,83,139,45,28,2,3,2,0,5,8,4,3,73648,77507,16.8,16.8,1003,1011,27.1,27.5,-3859,3859,2003.6588235294116,2108.646323529412,Volibear,Xin Zhao,Sylas,Corki,Hwei,Jax,Lee Sin,Aurora,Ashe,Nami,Boots of Swiftness,Spirit Visage,Hextech Rocketbelt,Oblivion Orb,Unending Despair,Cosmic Drive,Oracle Lens,Sundered Sky,Titanic Hydra,Knight's Vow,Mercury's Treads,Sterak's Gage,Null-Magic Mantle,Oracle Lens,Hextech Rocketbelt,Zhonya's Hourglass,Blighting Jewel,Mercury's Treads,Dark Seal,Cosmic Drive,Oracle Lens,Trinity Force,Muramana,Rapid Firecannon,Bloodthirster,Plated Steelcaps,Null-Magic Mantle,Farsight Alteration,Sorcerer's Shoes,Blackfire Torch,Liandry's Torment,Zaz'Zak's Realmspike,Shadowflame,Banshee's Veil,Oracle Lens,Sterak's Gage,Trinity Force,Sundered Sky,Mercury's Treads,Spear of Shojin,Wit's End,Stealth Ward,Eclipse,Sundered Sky,Long Sword,Plated Steelcaps,Death's Dance,Hexdrinker,Stealth Ward,Rabadon's Deathcap,Malignance,Shadowflame,Blighting Jewel,Liandry's Torment,Sorcerer's Shoes,Farsight Alteration,Kraken Slayer,Phantom Dancer,Vampiric Scepter,Mortal Reminder,Berserker's Greaves,Infinity Edge,Farsight Alteration,Ardent Censer,Solstice Sleigh,Oblivion Orb,Shurelya's Battlesong,Boots of Swiftness,Imperial Mandate,Oracle Lens,Press the Attack,Resolve,Conqueror,Inspiration,Conqueror,Resolve,Conqueror,Inspiration,Summon Aery,Inspiration,Lethal Tempo,Inspiration,Conqueror,Inspiration,Electrocute,Sorcery,Lethal Tempo,Inspiration,Summon Aery,Domination,Flash,Teleport,Flash,Smite,Flash,Teleport,Flash,Barrier,Flash,Ignite,Flash,Teleport,Smite,Flash,Flash,Teleport,Flash,Barrier,Flash,Heal,1,3,0,0,3,2
https://www.op.gg/summoners/euw/blueskies777-EUW/matches/uRd1PvnOddqOhFNEbd-_T1Bv3zYXykyNYi0DTUVyoDI%3D/1733354120000,1,28,25,25,28,32,36,66,63,19,18,0,3,1,0,7,4,1,3,56250,49824,14.2,13.0,818,799,31.2,30.400000000000002,6426,-6426,2133.6206896551726,1889.8758620689655,Ambessa,Bel'Veth,Qiyana,Seraphine,Lulu,Camille,Graves,Syndra,Ashe,Karma,Serylda's Grudge,Edge of Night,Voltaic Cyclosword,Opportunity,Plated Steelcaps,Long Sword,Stealth Ward,No_Item,Kraken Slayer,Stridebreaker,Death's Dance,Dagger,Plated Steelcaps,Oracle Lens,Last Whisper,Ionian Boots of Lucidity,Youmuu's Ghostblade,Edge of Night,Long Sword,Opportunity,Oracle Lens,Doran's Ring,Seraph's Embrace,Liandry's Torment,No_Item,Amplifying Tome,Ionian Boots of Lucidity,Farsight Alteration,Dream Maker,Redemption,Control Ward,Moonstone Renewer,Boots,Cloth Armor,Oracle Lens,Doran's Blade,Trinity Force,Ravenous Hydra,Plated Steelcaps,Tunneler,Ruby Crystal,Oracle Lens,Serpent's Fang,Cloak of Agility,Long Sword,The Collector,Youmuu's Ghostblade,Plated Steelcaps,Oracle Lens,Stormsurge,Zhonya's Hourglass,Dark Seal,Sorcerer's Shoes,No_Item,Shadowflame,Farsight Alteration,Doran's Blade,Kraken Slayer,Phantom Dancer,Berserker's Greaves,Executioner's Calling,Cloak of Agility,Farsight Alteration,Moonstone Renewer,Control Ward,Dream Maker,Boots of Swiftness,Echoes of Helia,No_Item,Oracle Lens,Electrocute,Resolve,Conqueror,Inspiration,Electrocute,Precision,Conqueror,Sorcery,Electrocute,Sorcery,Grasp of the Undying,Sorcery,Dark Harvest,Precision,Arcane Comet,Inspiration,Lethal Tempo,Inspiration,Arcane Comet,Resolve,Flash,Teleport,Smite,Flash,Flash,Teleport,Flash,Teleport,Heal,Flash,Ignite,Teleport,Flash,Smite,Teleport,Flash,Flash,Teleport,Flash,Heal,1,5,1,0,1,0
https://www.op.gg/summoners/euw/blueskies777-EUW/matches/uRd1PvnOddrRSff8fzLA9WXfjjuA9cQQMOiagVs_rzQ%3D/1733351838000,1,35,35,35,35,34,63,72,65,14,24,2,2,1,0,7,4,3,2,62865,55158,15.2,14.0,870,774,30.4,27.1,7707,-7707,2191.623853211009,1922.9394495412844,Gragas,Lee Sin,Hwei,Corki,Nautilus,Aurora,Volibear,Akshan,Samira,Leona,Lich Bane,Cosmic Drive,Needlessly Large Rod,Lost Chapter,Boots of Swiftness,Amplifying Tome,Stealth Ward,Sterak's Gage,Eclipse,Control Ward,Sundered Sky,Steel Sigil,Plated Steelcaps,Stealth Ward,Horizon Focus,Luden's Companion,Needlessly Large Rod,Sorcerer's Shoes,Void Staff,No_Item,Farsight Alteration,Serrated Dirk,Plated Steelcaps,Muramana,Trinity Force,Infinity Edge,Lord Dominik's Regards,Farsight Alteration,Locket of the Iron Solari,Celestial Opposition,Knight's Vow,Bramble Vest,Control Ward,Mercury's Treads,Oracle Lens,Blighting Jewel,Malignance,Zhonya's Hourglass,Dark Seal,Sorcerer's Shoes,Shadowflame,Oracle Lens,Dead Man's Plate,Ionian Boots of Lucidity,Sundered Sky,Spirit Visage,No_Item,No_Item,Oracle Lens,Infinity Edge,The Collector,Zeal,Doran's Blade,Scout's Slingshot,Mercury's Treads,Farsight Alteration,Lord Dominik's Regards,The Collector,Infinity Edge,Plated Steelcaps,Vampiric Scepter,Doran's Blade,Farsight Alteration,Knight's Vow,Bloodsong,Locket of the Iron Solari,Control Ward,Ruby Crystal,Mercury's Treads,Oracle Lens,Phase Rush,Precision,Conqueror,Inspiration,Arcane Comet,Precision,Conqueror,Resolve,Aftershock,Inspiration,Electrocute,Sorcery,Press the Attack,Sorcery,Press the Attack,Inspiration,Conqueror,Domination,Aftershock,Inspiration,Flash,Teleport,Flash,Smite,Teleport,Flash,Flash,Cleanse,Flash,Ignite,Flash,Teleport,Flash,Smite,Flash,Teleport,Flash,Barrier,Flash,Ignite,0,5,1,0,1,0
https://www.op.gg/summoners/euw/blueskies777-EUW/matches/uRd1PvnOddrAF0wQvht3_f40FCSHHr_vAnLAg5S1UGE%3D/1733349578000,0,7,21,22,7,13,7,28,29,6,3,0,2,0,0,0,2,0,2,25141,32386,8.8,10.2,432,496,27.5,31.6,-7245,7245,1605.6436974789915,2068.3495798319327,Renekton,Viego,Aurora,Samira,Rell,Garen,Nidalee,Smolder,Ashe,Tahm Kench,Doran's Blade,Eclipse,Long Sword,Ruby Crystal,Long Sword,Boots,Stealth Ward,Plated Steelcaps,Kraken Slayer,No_Item,No_Item,No_Item,Gustwalker Hatchling,Oracle Lens,Doran's Ring,Dark Seal,Lost Chapter,Blasting Wand,Boots,Amplifying Tome,Stealth Ward,Doran's Blade,Refillable Potion,The Collector,Boots,Pickaxe,No_Item,Stealth Ward,Bloodsong,Zeke's Convergence,No_Item,No_Item,Ionian Boots of Lucidity,No_Item,Oracle Lens,Plated Steelcaps,Stridebreaker,Refillable Potion,Chain Vest,Doran's Shield,Winged Moonplate,Stealth Ward,No_Item,Liandry's Torment,Boots,Amplifying Tome,No_Item,No_Item,Oracle Lens,Doran's Blade,Essence Reaver,Pickaxe,No_Item,Boots,No_Item,Farsight Alteration,Doran's Blade,Kraken Slayer,Refillable Potion,Dagger,Berserker's Greaves,Dagger,Stealth Ward,Heartsteel,Control Ward,Celestial Opposition,No_Item,Boots,No_Item,Oracle Lens,Conqueror,Resolve,Conqueror,Inspiration,Electrocute,Sorcery,Conqueror,Domination,Aftershock,Inspiration,Conqueror,Resolve,Conqueror,Sorcery,Grasp of the Undying,Inspiration,Lethal Tempo,Inspiration,Guardian,Inspiration,Flash,Teleport,Flash,Smite,Flash,Teleport,Flash,Barrier,Flash,Ignite,Ignite,Flash,Smite,Flash,Teleport,Flash,Flash,Cleanse,Exhaust,Flash,0,4,0,0,2,0
https://www.op.gg/summoners/euw/blueskies777-EUW/matches/uRd1PvnOddoHk6rVj-WMfT1GmQ1GIu3oz5JPMlRbfdA%3D/1733347169000,0,15,26,26,15,68,23,79,87,28,32,1,2,0,2,6,10,1,4,64683,69373,15.8,16.4,1194,1014,34.4,29.1,-4690,4690,1863.0378640776698,1998.1220064724919,Gragas,Viego,Vladimir,Corki,Nautilus,Olaf,Ivern,Fiora,Seraphine,Senna,Seraph's Embrace,Zhonya's Hourglass,Cosmic Drive,Doran's Ring,Ionian Boots of Lucidity,Cryptbloom,Oracle Lens,Mercury's Treads,Titanic Hydra,Serpent's Fang,Kraken Slayer,Tunneler,Pickaxe,Oracle Lens,Stormsurge,Liandry's Torment,Rabadon's Deathcap,Sorcerer's Shoes,Void Staff,No_Item,Farsight Alteration,Doran's Blade,Muramana,Trinity Force,Serpent's Fang,Plated Steelcaps,Mortal Reminder,Farsight Alteration,Bloodsong,Locket of the Iron Solari,Chain Vest,Kindlegem,Mercury's Treads,Control Ward,Oracle Lens,Ravenous Hydra,Spirit Visage,Tunneler,Death's Dance,Experimental Hexplate,Ionian Boots of Lucidity,Farsight Alteration,Moonstone Renewer,Redemption,Echoes of Helia,Dawncore,Forbidden Idol,Ionian Boots of Lucidity,Oracle Lens,Ravenous Hydra,Trinity Force,Mercury's Treads,Maw of Malmortius,Steel Sigil,Control Ward,Stealth Ward,Zhonya's Hourglass,Rylai's Crystal Scepter,Seraph's Embrace,Blackfire Torch,Ionian Boots of Lucidity,Oblivion Orb,Farsight Alteration,Bloodsong,Moonstone Renewer,Echoes of Helia,Black Cleaver,Ardent Censer,Boots of Swiftness,Oracle Lens,Grasp of the Undying,Sorcery,Conqueror,Inspiration,Summon Aery,Precision,Fleet Footwork,Inspiration,Aftershock,Inspiration,Conqueror,Inspiration,Summon Aery,Inspiration,Conqueror,Domination,Conqueror,Sorcery,Grasp of the Undying,Precision,Flash,Teleport,Flash,Smite,Flash,Ignite,Flash,Barrier,Flash,Ignite,Flash,Ghost,Flash,Smite,Ignite,Teleport,Flash,Teleport,Flash,Heal,1,6,0,0,0,2
https://www.op.gg/summoners/euw/blueskies777-EUW/matches/uRd1PvnOddqace7sVDoxr_y3haed3cZAmQAfhnweRfM%3D/1733344357000,1,26,14,14,26,24,34,47,37,9,10,2,0,0,0,6,1,2,0,42767,33393,11.4,10.4,566,533,29.8,28.1,9374,-9374,2260.5414285714287,1765.0585714285714,Aurora,Wukong,Ambessa,Ahri,Janna,Renekton,Shaco,Orianna,Ashe,Blitzcrank,Doran's Ring,Boots of Swiftness,Liandry's Torment,Dark Seal,Rylai's Crystal Scepter,Cosmic Drive,Stealth Ward,Control Ward,No_Item,No_Item,Sundered Sky,Trinity Force,Mercury's Treads,Oracle Lens,Doran's Shield,Eclipse,Tunneler,Boots,Pickaxe,Long Sword,Stealth Ward,Horizon Focus,Sorcerer's Shoes,Dark Seal,Doran's Ring,Malignance,Amplifying Tome,Oracle Lens,Solstice Sleigh,Control Ward,Moonstone Renewer,Kindlegem,Boots of Swiftness,Forbidden Idol,Oracle Lens,Doran's Shield,Eclipse,Refillable Potion,Mercury's Treads,Pickaxe,Long Sword,Oracle Lens,Boots,Dark Seal,Blackfire Torch,Fated Ashes,Gustwalker Hatchling,Haunting Guise,Oracle Lens,Doran's Ring,Luden's Companion,Boots,Archangel's Staff,No_Item,Dark Seal,Stealth Ward,Doran's Blade,No_Item,Berserker's Greaves,Phantom Dancer,Kraken Slayer,No_Item,Farsight Alteration,Bloodsong,Zeke's Convergence,Control Ward,Boots of Swiftness,Ruby Crystal,No_Item,Oracle Lens,Grasp of the Undying,Sorcery,Conqueror,Inspiration,Electrocute,Resolve,Summon Aery,Precision,Summon Aery,Domination,Conqueror,Resolve,Electrocute,Inspiration,Summon Aery,Inspiration,Lethal Tempo,Inspiration,Glacial Augment,Sorcery,Teleport,Flash,Flash,Smite,Teleport,Flash,Flash,Teleport,Heal,Flash,Flash,Teleport,Ignite,Smite,Flash,Teleport,Flash,Barrier,Flash,Ignite,1,6,0,0,0,0
https://www.op.gg/summoners/euw/blueskies777-EUW/matches/uRd1PvnOddrfaNj6LOe2RKoLNM6JuvxaiK1xC0XrGWk%3D/1733341108000,1,27,8,8,27,13,33,49,48,14,13,3,0,1,0,5,2,4,0,47047,36389,12.8,11.2,688,631,32.3,29.7,10658,-10658,2208.914024390244,1708.5079268292682,Aatrox,Elise,Yasuo,Ashe,Nautilus,Sylas,Vi,Ambessa,Lucian,Nami,Spear of Shojin,Voltaic Cyclosword,Cloth Armor,Doran's Shield,Caulfield's Warhammer,Plated Steelcaps,Stealth Ward,Sorcerer's Shoes,Rylai's Crystal Scepter,Liandry's Torment,No_Item,Stormsurge,Dark Seal,Oracle Lens,Doran's Blade,Blade of The Ruined King,Berserker's Greaves,Zeal,Pickaxe,Cloak of Agility,Farsight Alteration,Doran's Blade,Berserker's Greaves,Kraken Slayer,Runaan's Hurricane,No_Item,No_Item,Farsight Alteration,Plated Steelcaps,Locket of the Iron Solari,Solstice Sleigh,Kindlegem,Cloth Armor,Control Ward,Oracle Lens,Cosmic Drive,Hextech Rocketbelt,Ionian Boots of Lucidity,Control Ward,No_Item,Dark Seal,Oracle Lens,Black Cleaver,Slightly Magical Footwear,Tunneler,Ruby Crystal,Caulfield's Warhammer,No_Item,Oracle Lens,Doran's Blade,Eclipse,Spear of Shojin,Plated Steelcaps,Long Sword,No_Item,Oracle Lens,Doran's Blade,Plated Steelcaps,Control Ward,Essence Reaver,Rapid Firecannon,Cloak of Agility,Farsight Alteration,Ruby Crystal,No_Item,Dream Maker,Imperial Mandate,Ionian Boots of Lucidity,Oblivion Orb,Oracle Lens,Conqueror,Resolve,Dark Harvest,Precision,Lethal Tempo,Resolve,Lethal Tempo,Inspiration,Aftershock,Inspiration,Grasp of the Undying,Sorcery,Conqueror,Inspiration,Conqueror,Resolve,Press the Attack,Inspiration,Summon Aery,Domination,Teleport,Flash,Flash,Smite,Teleport,Flash,Barrier,Flash,Ignite,Flash,Flash,Teleport,Flash,Smite,Ignite,Teleport,Flash,Barrier,Heal,Flash,1,3,0,0,3,0
https://www.op.gg/summoners/euw/blueskies777-EUW/matches/uRd1PvnOddqneXFi_FSO-TWoSClVUTz4WpiCFeeY0D0%3D/1733339481000,1,30,12,12,30,21,35,57,66,23,15,2,1,1,0,9,3,3,1,52477,42501,13.6,11.8,804,707,33.2,29.2,9976,-9976,2171.462068965517,1758.6620689655172,Jayce,Wukong,Akali,Ashe,Braum,Irelia,Elise,Yone,Caitlyn,Nautilus,Eclipse,Muramana,Ionian Boots of Lucidity,Doran's Blade,Last Whisper,Glowing Mote,Farsight Alteration,No_Item,Trinity Force,Boots of Swiftness,Sundered Sky,No_Item,No_Item,Stealth Ward,Rabadon's Deathcap,No_Item,Dark Seal,Stormsurge,Shadowflame,Boots,Oracle Lens,Berserker's Greaves,Kraken Slayer,Mortal Reminder,Phantom Dancer,Doran's Blade,No_Item,Farsight Alteration,Solstice Sleigh,Locket of the Iron Solari,Knight's Vow,No_Item,Plated Steelcaps,No_Item,Oracle Lens,Doran's Blade,Blade of The Ruined King,Kraken Slayer,Plated Steelcaps,Negatron Cloak,Recurve Bow,Oracle Lens,Sorcerer's Shoes,Dark Seal,No_Item,Stormsurge,Hextech Alternator,Needlessly Large Rod,Oracle Lens,Control Ward,Blade of The Ruined King,Long Sword,Cloak of Agility,Berserker's Greaves,No_Item,Farsight Alteration,Doran's Blade,The Collector,Lord Dominik's Regards,Infinity Edge,Boots,Long Sword,Farsight Alteration,Control Ward,Locket of the Iron Solari,Celestial Opposition,Mercury's Treads,Kindlegem,Chain Vest,Oracle Lens,Phase Rush,Inspiration,Conqueror,Inspiration,Electrocute,Resolve,Lethal Tempo,Inspiration,Guardian,Inspiration,Conqueror,Resolve,Dark Harvest,Precision,Lethal Tempo,Resolve,Hail of Blades,Sorcery,Aftershock,Inspiration,Teleport,Flash,Flash,Smite,Ignite,Flash,Flash,Ghost,Flash,Exhaust,Flash,Teleport,Flash,Smite,Flash,Teleport,Ghost,Flash,Flash,Ignite,1,3,1,0,3,0
https://www.op.gg/summoners/euw/blueskies777-EUW/matches/uRd1PvnOddpr-rPxPMn2bdMeDgakMw34hhZ8wL7O8dc%3D/1733311908000,0,27,42,42,27,71,38,70,73,21,28,0,4,1,0,3,10,1,4,50806,63228,13.0,14.6,633,843,22.6,30.2,-12422,12422,1814.5,2258.1428571428573,Ambessa,Vi,Galio,Varus,Janna,Camille,Elise,Corki,Ashe,Bard,Steel Sigil,Eclipse,Plated Steelcaps,Long Sword,Black Cleaver,Glowing Mote,Farsight Alteration,Black Cleaver,Tunneler,Plated Steelcaps,No_Item,Ruby Crystal,Sundered Sky,Oracle Lens,Doran's Ring,Control Ward,Dark Seal,Riftmaker,Plated Steelcaps,Hollow Radiance,Farsight Alteration,Blade of The Ruined King,Guinsoo's Rageblade,Terminus,Chain Vest,Giant's Belt,Berserker's Greaves,Farsight Alteration,Dream Maker,Forbidden Idol,Moonstone Renewer,Echoes of Helia,Boots of Swiftness,Kindlegem,Oracle Lens,Doran's Blade,Plated Steelcaps,Ravenous Hydra,Trinity Force,Sterak's Gage,Steel Sigil,Oracle Lens,Stormsurge,Shadowflame,No_Item,Dark Seal,Liandry's Torment,Sorcerer's Shoes,Oracle Lens,Infinity Edge,Plated Steelcaps,Trinity Force,Muramana,No_Item,Rapid Firecannon,Farsight Alteration,Kraken Slayer,Vampiric Scepter,Statikk Shiv,Berserker's Greaves,B. F. Sword,No_Item,Farsight Alteration,Dead Man's Plate,Statikk Shiv,Bloodsong,Plated Steelcaps,Negatron Cloak,No_Item,Oracle Lens,Conqueror,Resolve,Conqueror,Inspiration,Phase Rush,Resolve,Lethal Tempo,Inspiration,Summon Aery,Resolve,Grasp of the Undying,Inspiration,Dark Harvest,Precision,Conqueror,Inspiration,Lethal Tempo,Inspiration,Guardian,Inspiration,Flash,Teleport,Flash,Smite,Flash,Teleport,Cleanse,Flash,Heal,Flash,Flash,Teleport,Flash,Smite,Flash,Teleport,Flash,Cleanse,Ignite,Flash,0,5,0,1,1,2
https://www.op.gg/summoners/euw/blueskies777-EUW/matches/uRd1PvnOddoe8wZxoujpabXUPEUxJ7gwQV--DpHZEWM%3D/1733309384000,1,19,14,14,19,32,32,60,82,28,18,3,2,2,0,11,2,5,2,66957,54642,16.2,15.2,1130,1025,36.5,32.9,12315,-12315,2153.1270588235293,1757.115294117647,Ambessa,Elise,Yone,Varus,Senna,Karthus,Rammus,Ahri,Caitlyn,Rakan,Sterak's Gage,Eclipse,Steel Sigil,Spear of Shojin,Glowing Mote,Mercury's Treads,Oracle Lens,Sorcerer's Shoes,Rylai's Crystal Scepter,Rabadon's Deathcap,Stormsurge,Void Staff,Dark Seal,Oracle Lens,Immortal Shieldbow,Null-Magic Mantle,Berserker's Greaves,Blade of The Ruined King,Wit's End,Infinity Edge,Farsight Alteration,Doran's Blade,Muramana,Youmuu's Ghostblade,Boots of Swiftness,Serylda's Grudge,Long Sword,Farsight Alteration,Dream Maker,Boots of Swiftness,Echoes of Helia,Moonstone Renewer,Dark Seal,Dawncore,Oracle Lens,Dark Seal,Rylai's Crystal Scepter,Horizon Focus,Sorcerer's Shoes,Blackfire Torch,Hextech Alternator,Farsight Alteration,Hollow Radiance,Thornmail,Plated Steelcaps,Null-Magic Mantle,Chain Vest,Ruby Crystal,Oracle Lens,Sorcerer's Shoes,Malignance,Horizon Focus,Needlessly Large Rod,Needlessly Large Rod,Dark Seal,Oracle Lens,Rapid Firecannon,Mortal Reminder,B. F. Sword,The Collector,Berserker's Greaves,Infinity Edge,Farsight Alteration,Celestial Opposition,No_Item,Knight's Vow,Ionian Boots of Lucidity,Locket of the Iron Solari,Kindlegem,Oracle Lens,Conqueror,Resolve,Dark Harvest,Precision,Fleet Footwork,Resolve,Hail of Blades,Precision,Summon Aery,Resolve,First Strike,Domination,Aftershock,Precision,Electrocute,Sorcery,Fleet Footwork,Sorcery,Glacial Augment,Resolve,Flash,Teleport,Flash,Smite,Teleport,Flash,Barrier,Flash,Flash,Heal,Flash,Teleport,Flash,Smite,Flash,Teleport,Flash,Cleanse,Ignite,Flash,1,5,3,0,1,0
https://www.op.gg/summoners/euw/blueskies777-EUW/matches/uRd1PvnOddpEnRH93Eb5GgXNV41FzGOQclQ9i05Z77Y%3D/1733306947000,1,28,14,14,28,19,41,81,68,30,37,5,0,1,0,9,2,6,0,68011,54619,16.4,14.6,1060,1002,33.3,31.5,13392,-13392,2128.401798561151,1709.2996402877698,Talon,Elise,Aurora,Ashe,Jax,Akali,Wukong,Vladimir,Corki,Nami,Doran's Blade,Opportunity,Youmuu's Ghostblade,Serylda's Grudge,Ionian Boots of Lucidity,Edge of Night,Oracle Lens,No_Item,Rabadon's Deathcap,Amplifying Tome,Liandry's Torment,Sorcerer's Shoes,Stormsurge,Oracle Lens,Rabadon's Deathcap,Luden's Companion,Hextech Alternator,Dark Seal,Sorcerer's Shoes,Banshee's Veil,Oracle Lens,Wit's End,B. F. Sword,No_Item,Berserker's Greaves,Phantom Dancer,Kraken Slayer,Farsight Alteration,Tunneler,Negatron Cloak,Bloodsong,Sundered Sky,Ruby Crystal,Plated Steelcaps,Oracle Lens,Void Staff,Stormsurge,Shadowflame,Dark Seal,Sorcerer's Shoes,No_Item,Oracle Lens,Sundered Sky,Ruby Crystal,Trinity Force,Mercury's Treads,Pickaxe,Tunneler,Oracle Lens,Rabadon's Deathcap,Shadowflame,Amplifying Tome,Control Ward,Sorcerer's Shoes,Stormsurge,Oracle Lens,Doran's Blade,Rapid Firecannon,Muramana,Plated Steelcaps,Hexdrinker,Trinity Force,Farsight Alteration,Solstice Sleigh,Boots,Dark Seal,Imperial Mandate,Verdant Barrier,Fiendish Codex,Oracle Lens,Conqueror,Domination,Dark Harvest,Precision,Electrocute,Sorcery,Lethal Tempo,Inspiration,Hail of Blades,Inspiration,Conqueror,Resolve,Conqueror,Inspiration,Phase Rush,Inspiration,Conqueror,Inspiration,Summon Aery,Resolve,Teleport,Flash,Flash,Smite,Flash,Teleport,Flash,Barrier,Flash,Ignite,Teleport,Flash,Smite,Flash,Flash,Ignite,Flash,Cleanse,Flash,Heal,1,6,1,0,0,0
https://www.op.gg/summoners/euw/blueskies777-EUW/matches/uRd1PvnOddoBbSKsKjPR1T9e8RdR7F9oqsEgjC4Gh8Q%3D/1733304528000,1,15,6,6,15,9,26,55,40,12,6,1,1,0,0,6,2,1,1,38665,31277,11.0,10.2,540,584,28.4,30.6,7388,-7388,2018.5404411764707,1632.8433823529413,Aurora,Elise,Corki,Yone,Maokai,Yasuo,Lee Sin,Zoe,Jhin,Janna,Doran's Ring,Liandry's Torment,Plated Steelcaps,Refillable Potion,Lost Chapter,No_Item,Stealth Ward,Sorcerer's Shoes,Shadowflame,Giant's Belt,No_Item,Stormsurge,No_Item,Oracle Lens,Doran's Blade,Control Ward,Caulfield's Warhammer,Mercury's Treads,Tear of the Goddess,Trinity Force,Farsight Alteration,Doran's Shield,Blade of The Ruined King,No_Item,Immortal Shieldbow,B. F. Sword,Berserker's Greaves,Farsight Alteration,Boots of Swiftness,Solstice Sleigh,Trailblazer,No_Item,Cloth Armor,Kindlegem,Oracle Lens,Doran's Shield,Berserker's Greaves,Recurve Bow,Wit's End,Rectrix,Long Sword,Oracle Lens,Sundered Sky,No_Item,Slightly Magical Footwear,No_Item,Eclipse,No_Item,Stealth Ward,Dark Seal,Refillable Potion,Ionian Boots of Lucidity,Luden's Companion,Fiendish Codex,Glowing Mote,Oracle Lens,Doran's Blade,Refillable Potion,The Collector,Caulfield's Warhammer,Boots,Serrated Dirk,Farsight Alteration,Echoes of Helia,Dream Maker,Boots,Amplifying Tome,Glowing Mote,Dark Seal,Oracle Lens,Grasp of the Undying,Precision,Dark Harvest,Precision,Conqueror,Inspiration,Lethal Tempo,Resolve,Aftershock,Domination,Grasp of the Undying,Precision,Conqueror,Inspiration,Electrocute,Precision,Dark Harvest,Precision,Summon Aery,Resolve,Flash,Teleport,Flash,Smite,Flash,Cleanse,Flash,Teleport,Flash,Ignite,Flash,Teleport,Smite,Flash,Flash,Ignite,Flash,Cleanse,Heal,Flash,1,6,0,0,0,0
https://www.op.gg/summoners/euw/blueskies777-EUW/matches/uRd1PvnOddqrXbNDOF_s2q9K3spzo2GnfIeXH4Gq1yE%3D/1733302836000,0,8,20,20,8,36,13,41,50,16,10,0,2,0,1,1,10,0,3,34775,46665,11.2,12.6,649,698,30.2,32.4,-11890,11890,1624.358552631579,2179.746710526316,Renekton,Skarner,Neeko,Ezreal,Lux,Gnar,Viego,Hwei,Kai'Sa,Rakan,Plated Steelcaps,Trinity Force,Long Sword,Long Sword,Doran's Blade,No_Item,Stealth Ward,Pickaxe,Heartsteel,Plated Steelcaps,Control Ward,No_Item,No_Item,Oracle Lens,Hextech Rocketbelt,Doran's Ring,Stormsurge,Sorcerer's Shoes,No_Item,No_Item,Stealth Ward,Doran's Blade,Long Sword,Trinity Force,Tear of the Goddess,Ionian Boots of Lucidity,Caulfield's Warhammer,Farsight Alteration,Luden's Companion,Amplifying Tome,Boots of Swiftness,Zaz'Zak's Realmspike,No_Item,No_Item,Oracle Lens,Doran's Blade,Plated Steelcaps,Sterak's Gage,Trinity Force,No_Item,No_Item,Oracle Lens,Black Cleaver,Kraken Slayer,Titanic Hydra,Mercury's Treads,Ruby Crystal,No_Item,Oracle Lens,Ionian Boots of Lucidity,Blackfire Torch,Dark Seal,Doran's Ring,Liandry's Torment,No_Item,Farsight Alteration,Doran's Blade,Refillable Potion,Kraken Slayer,Guinsoo's Rageblade,Berserker's Greaves,Blasting Wand,Farsight Alteration,Locket of the Iron Solari,Solstice Sleigh,Control Ward,Kindlegem,Mercury's Treads,Chain Vest,Oracle Lens,Conqueror,Inspiration,Grasp of the Undying,Inspiration,Arcane Comet,Inspiration,Press the Attack,Inspiration,Arcane Comet,Precision,Grasp of the Undying,Precision,Conqueror,Inspiration,Arcane Comet,Precision,Press the Attack,Inspiration,Guardian,Domination,Teleport,Flash,Smite,Flash,Flash,Teleport,Flash,Barrier,Flash,Heal,Flash,Teleport,Flash,Smite,Flash,Teleport,Flash,Cleanse,Flash,Heal,0,0,0,1,6,2
https://www.op.gg/summoners/euw/blueskies777-EUW/matches/uRd1PvnOddrEhlLQrp9DTbgQSn6f24QdJUjSy2cCix4%3D/1733274566000,1,41,30,30,41,47,54,89,64,15,24,4,0,1,1,10,5,5,1,69014,61165,16.4,15.0,934,876,28.9,27.2,7849,-7849,2137.6017699115046,1894.4911504424779,Gangplank,Volibear,Anivia,Seraphine,Nautilus,Aatrox,Elise,Ziggs,Caitlyn,Lux,Trinity Force,Immortal Shieldbow,Mortal Reminder,The Collector,Mercury's Treads,No_Item,Farsight Alteration,Dead Man's Plate,Mercury's Treads,Sundered Sky,Kaenic Rookern,Long Sword,Pickaxe,Oracle Lens,Banshee's Veil,Haunting Guise,Mercury's Treads,Rod of Ages,Seraph's Embrace,Fated Ashes,Farsight Alteration,Moonstone Renewer,Banshee's Veil,Seraph's Embrace,Boots of Swiftness,No_Item,Blackfire Torch,Farsight Alteration,Bloodsong,No_Item,Locket of the Iron Solari,Mercury's Treads,Abyssal Mask,Thornmail,Oracle Lens,Sundered Sky,Eclipse,Phage,Mercury's Treads,Sterak's Gage,Spear of Shojin,Oracle Lens,Shadowflame,Stormsurge,Void Staff,Sorcerer's Shoes,Amplifying Tome,Dark Seal,Oracle Lens,Needlessly Large Rod,Horizon Focus,Luden's Companion,Sorcerer's Shoes,Void Staff,Dark Seal,Farsight Alteration,The Collector,Infinity Edge,Lord Dominik's Regards,Doran's Blade,No_Item,Berserker's Greaves,Farsight Alteration,Shurelya's Battlesong,Boots of Swiftness,Oblivion Orb,Solstice Sleigh,Imperial Mandate,Amplifying Tome,Oracle Lens,Grasp of the Undying,Inspiration,Press the Attack,Sorcery,Electrocute,Precision,Summon Aery,Inspiration,Aftershock,Inspiration,Conqueror,Resolve,Dark Harvest,Precision,Arcane Comet,Precision,Lethal Tempo,Sorcery,Arcane Comet,Precision,Flash,Teleport,Flash,Smite,Flash,Teleport,Flash,Teleport,Flash,Ignite,Flash,Teleport,Smite,Flash,Flash,Teleport,Flash,Cleanse,Flash,Heal,1,3,2,0,3,0
https://www.op.gg/summoners/euw/blueskies777-EUW/matches/uRd1PvnOddrHdu6UN8T6JEuPiVyGfvgIMkjdKGtcv2o%3D/1733271392000,1,23,14,14,23,14,22,27,30,3,3,2,0,0,0,4,0,2,0,36756,29070,10.4,9.8,513,461,31.6,28.5,7686,-7686,2283.8679611650487,1806.2912621359224,Riven,Volibear,Yasuo,Ashe,Milio,Yone,Elise,Corki,Ezreal,Nautilus,Eclipse,Sundered Sky,Long Sword,Doran's Blade,Ionian Boots of Lucidity,No_Item,Farsight Alteration,Iceborn Gauntlet,Ionian Boots of Lucidity,Sundered Sky,Ruby Crystal,Cloth Armor,No_Item,Oracle Lens,Doran's Shield,Cull,Berserker's Greaves,Kraken Slayer,Zeal,Dagger,Stealth Ward,Doran's Blade,Pickaxe,Berserker's Greaves,Yun Tal Wildarrows,Dagger,B. F. Sword,Stealth Ward,Dream Maker,Forbidden Idol,Moonstone Renewer,Boots of Swiftness,Ruby Crystal,No_Item,Oracle Lens,Doran's Blade,Berserker's Greaves,Blade of The Ruined King,No_Item,No_Item,No_Item,Stealth Ward,Sorcerer's Shoes,Dark Seal,Gustwalker Hatchling,Stormsurge,Amplifying Tome,No_Item,Oracle Lens,Doran's Blade,No_Item,Dagger,Trinity Force,Boots,Manamune,Stealth Ward,Doran's Blade,Tear of the Goddess,Trinity Force,Slightly Magical Footwear,Caulfield's Warhammer,Long Sword,Farsight Alteration,Celestial Opposition,Boots,Locket of the Iron Solari,Cloth Armor,No_Item,Control Ward,Oracle Lens,Conqueror,Sorcery,Press the Attack,Sorcery,Fleet Footwork,Resolve,Lethal Tempo,Inspiration,Summon Aery,Resolve,Lethal Tempo,Resolve,Dark Harvest,Precision,Conqueror,Inspiration,Press the Attack,Inspiration,Aftershock,Inspiration,Ignite,Flash,Flash,Smite,Teleport,Flash,Flash,Barrier,Flash,Heal,Flash,Teleport,Flash,Smite,Flash,Teleport,Flash,Barrier,Flash,Ignite,0,6,0,0,0,0
https://www.op.gg/summoners/euw/blueskies777-EUW/matches/uRd1PvnOddphE0NTNTHTCB2eqMLscD8nnBAVGvm-rBM%3D/1733269225000,0,29,33,33,29,69,68,113,67,27,43,1,4,0,2,4,7,1,6,57755,66349,14.8,16.2,880,975,27.0,29.9,-8594,8594,1766.2936893203885,2029.1199029126215,Maokai,Lee Sin,Aurora,Corki,Bard,Ambessa,Nidalee,Qiyana,Ashe,Poppy,Unending Despair,Fimbulwinter,Boots of Swiftness,Spirit Visage,Cloth Armor,Ruby Crystal,Farsight Alteration,Eclipse,Sundered Sky,No_Item,Plated Steelcaps,Pickaxe,Tunneler,Stealth Ward,Haunting Guise,Fated Ashes,No_Item,Stormsurge,Sorcerer's Shoes,Malignance,Stealth Ward,Mortal Reminder,Muramana,Plated Steelcaps,Trinity Force,The Collector,B. F. Sword,Farsight Alteration,Heartsteel,Boots of Swiftness,Ruby Crystal,Bloodsong,Winged Moonplate,Chain Vest,Oracle Lens,Sterak's Gage,Eclipse,Long Sword,Spear of Shojin,Death's Dance,Mercury's Treads,Oracle Lens,Zhonya's Hourglass,Control Ward,Dark Seal,Sorcerer's Shoes,Liandry's Torment,Needlessly Large Rod,Oracle Lens,Ionian Boots of Lucidity,Profane Hydra,Youmuu's Ghostblade,Guardian Angel,Serylda's Grudge,No_Item,Oracle Lens,B. F. Sword,Berserker's Greaves,Kraken Slayer,Runaan's Hurricane,Lord Dominik's Regards,Pickaxe,Farsight Alteration,Mercury's Treads,Celestial Opposition,Locket of the Iron Solari,No_Item,Bramble Vest,Winged Moonplate,Oracle Lens,Grasp of the Undying,Inspiration,Conqueror,Inspiration,Electrocute,Sorcery,Conqueror,Inspiration,Guardian,Inspiration,Conqueror,Resolve,Conqueror,Sorcery,Electrocute,Precision,Lethal Tempo,Inspiration,Aftershock,Inspiration,Teleport,Ignite,Flash,Smite,Flash,Teleport,Flash,Cleanse,Flash,Exhaust,Flash,Teleport,Flash,Smite,Flash,Ignite,Barrier,Flash,Flash,Ignite,1,3,0,0,3,1
https://www.op.gg/summoners/euw/blueskies777-EUW/matches/uRd1PvnOddo7LtC8Gy9umh1wU7lHHDAqakU4k2-OElU%3D/1733184649000,1,18,12,12,18,16,36,55,55,24,24,1,2,1,0,8,3,2,2,49186,41802,13.0,12.2,755,730,32.6,31.4,7384,-7384,2111.399024390244,1794.4273170731708,Camille,Viego,Hwei,Samira,Janna,K'Sante,Vi,Azir,Ashe,Braum,Trinity Force,Mercury's Treads,Ravenous Hydra,Doran's Blade,Ruby Crystal,Long Sword,Oracle Lens,Titanic Hydra,Sterak's Gage,Kraken Slayer,No_Item,No_Item,Slightly Magical Footwear,Oracle Lens,Blackfire Torch,Sorcerer's Shoes,Liandry's Torment,Doran's Ring,Amplifying Tome,Amplifying Tome,Farsight Alteration,Doran's Blade,The Collector,Infinity Edge,Last Whisper,Noonquiver,Boots,Farsight Alteration,Dream Maker,Bandleglass Mirror,Shurelya's Battlesong,Kindlegem,Boots of Swiftness,No_Item,Oracle Lens,Doran's Shield,Iceborn Gauntlet,Fimbulwinter,Plated Steelcaps,No_Item,No_Item,Stealth Ward,Black Cleaver,Sundered Sky,Plated Steelcaps,Long Sword,Ruby Crystal,No_Item,Oracle Lens,Rabadon's Deathcap,No_Item,Dark Seal,Nashor's Tooth,Shadowflame,Sorcerer's Shoes,Farsight Alteration,Hearthbound Axe,Statikk Shiv,Rectrix,Recurve Bow,Berserker's Greaves,No_Item,Stealth Ward,Solstice Sleigh,Plated Steelcaps,Locket of the Iron Solari,Kindlegem,Cloth Armor,Control Ward,Oracle Lens,Grasp of the Undying,Sorcery,Conqueror,Inspiration,Arcane Comet,Precision,Conqueror,Domination,Summon Aery,Resolve,Grasp of the Undying,Inspiration,Conqueror,Inspiration,Summon Aery,Resolve,Lethal Tempo,Inspiration,Guardian,Inspiration,Flash,Teleport,Smite,Flash,Flash,Teleport,Flash,Barrier,Flash,Heal,Teleport,Flash,Flash,Smite,Teleport,Flash,Barrier,Flash,Flash,Heal,0,4,1,1,2,1
https://www.op.gg/summoners/euw/blueskies777-EUW/matches/uRd1PvnOddrsnAMU8owcPHKJtN0F7lx1hBfXfG_uun8%3D/1733182313000,0,13,18,18,13,31,25,75,70,12,22,0,3,0,1,0,6,0,4,38448,49474,12.0,13.6,698,821,29.7,35.0,-11026,11026,1630.517277486911,2098.112041884817,Camille,Lee Sin,Galio,Karthus,Rell,Yone,Vi,Kayle,Olaf,Bard,Slightly Magical Footwear,Tiamat,Refillable Potion,Doran's Shield,Trinity Force,Cloth Armor,Farsight Alteration,Eclipse,Pickaxe,No_Item,Slightly Magical Footwear,Sundered Sky,Ruby Crystal,Stealth Ward,Doran's Ring,Sunfire Aegis,Plated Steelcaps,Null-Magic Mantle,Frozen Heart,No_Item,Farsight Alteration,Blackfire Torch,Oblivion Orb,Boots,Void Staff,No_Item,Doran's Ring,Farsight Alteration,Solstice Sleigh,Locket of the Iron Solari,Control Ward,Plated Steelcaps,Cloth Armor,Ruby Crystal,Oracle Lens,Doran's Shield,Berserker's Greaves,Blade of The Ruined King,Immortal Shieldbow,Cloak of Agility,No_Item,Oracle Lens,Black Cleaver,Sundered Sky,Mercury's Treads,Pickaxe,No_Item,No_Item,Oracle Lens,Rabadon's Deathcap,Aether Wisp,Boots of Swiftness,Doran's Blade,Glowing Mote,Nashor's Tooth,Farsight Alteration,Doran's Blade,Hexdrinker,Death's Dance,No_Item,Slightly Magical Footwear,Ravenous Hydra,Oracle Lens,Synchronized Souls,Locket of the Iron Solari,Bloodsong,No_Item,Forbidden Idol,Kindlegem,Oracle Lens,Grasp of the Undying,Inspiration,Conqueror,Inspiration,Aftershock,Inspiration,Dark Harvest,Precision,Aftershock,Inspiration,Lethal Tempo,Resolve,Conqueror,Inspiration,Press the Attack,Sorcery,Conqueror,Inspiration,Electrocute,Resolve,Flash,Teleport,Flash,Smite,Flash,Teleport,Flash,Exhaust,Flash,Ignite,Flash,Teleport,Flash,Smite,Flash,Teleport,Flash,Ghost,Ignite,Flash,1,2,0,0,1,1
https://www.op.gg/summoners/euw/blueskies777-EUW/matches/uRd1PvnOddqAjwRLk2vqErt-RzKzDL5VHc6RWMBw3rg%3D/1733180233000,0,18,30,30,18,59,32,58,83,17,24,1,2,0,2,2,11,1,4,51382,63823,14.4,15.4,803,878,26.9,29.5,-12441,12441,1722.3016759776538,2139.31843575419,Gnar,Jarvan IV,Akali,Corki,Yuumi,Sylas,Mordekaiser,Yone,Ashe,Rakan,Trinity Force,Sterak's Gage,Ruby Crystal,Mercury's Treads,No_Item,No_Item,Stealth Ward,Sterak's Gage,Sundered Sky,Ruby Crystal,Plated Steelcaps,Cloth Armor,No_Item,Stealth Ward,Doran's Ring,Dark Seal,Stormsurge,Zhonya's Hourglass,Sorcerer's Shoes,Needlessly Large Rod,Stealth Ward,Muramana,Rapid Firecannon,Trinity Force,Boots of Swiftness,Lord Dominik's Regards,B. F. Sword,Farsight Alteration,Mikael's Blessing,Moonstone Renewer,Dream Maker,Control Ward,Forbidden Idol,Forbidden Idol,Oracle Lens,Amplifying Tome,Zhonya's Hourglass,Hextech Rocketbelt,Ionian Boots of Lucidity,Dark Seal,Cosmic Drive,Oracle Lens,Ionian Boots of Lucidity,Liandry's Torment,Riftmaker,Rylai's Crystal Scepter,No_Item,"Jak'Sho, The Protean",Oracle Lens,Blade of The Ruined King,Refillable Potion,Infinity Edge,Immortal Shieldbow,"Jak'Sho, The Protean",Berserker's Greaves,Oracle Lens,Kraken Slayer,Infinity Edge,Berserker's Greaves,Runaan's Hurricane,Last Whisper,Noonquiver,Farsight Alteration,Solstice Sleigh,Zeke's Convergence,Knight's Vow,No_Item,Kindlegem,Ionian Boots of Lucidity,Oracle Lens,Fleet Footwork,Resolve,Conqueror,Inspiration,Electrocute,Resolve,Conqueror,Inspiration,Summon Aery,Inspiration,Conqueror,Resolve,Conqueror,Resolve,Grasp of the Undying,Precision,Lethal Tempo,Inspiration,Guardian,Domination,Teleport,Flash,Flash,Smite,Teleport,Ignite,Flash,Teleport,Exhaust,Heal,Flash,Teleport,Ghost,Smite,Flash,Teleport,Flash,Barrier,Exhaust,Ignite,0,1,0,1,5,3
