GAME_ID,BLUE_WIN,BLUE_KILLS,RED_KILLS,BLUE_DEATHS,RED_DEATHS,RED_ASSISTS,BLUE_ASSISTS,BLUE_WARDS_PLACED,RED_WARDS_PLACED,BLUE_WARDS_DESTROYED,RED_WARDS_DESTROYED,BLUE_DRAGONS,RED_DRAGONS,BLUE_BARONS,RED_BARONS,BLUE_TOWERS,RED_TOWERS,BLUE_ELITE_MONSTERS,RED_ELITE_MONSTERS,BLUE_TEAM_GOLD,RED_TEAM_GOLD,BLUE_TEAM_LEVEL,RED_TEAM_LEVEL,BLUE_TEAM_CS,RED_TEAM_CS,BLUE_TEAAM_CS_PER_MINUTE,RED_TEAAM_CS_PER_MINUTE,BLUE_GOLD_DIFF,RED_GOLD_DIFF,BLUE_GOLD_PER_MIN,RED_GOLD_PER_MIN,BLUE_TEAM_TOP,BLUE_TEAM_JNG,BLUE_TEAM_MID,BLUE_TEAM_ADC,BLUE_TEAM_SUP,RED_TEAM_TOP,RED_TEAM_JNG,RED_TEAM_MID,RED_TEAM_ADC,RED_TEAM_SUP,BLLUE_TEAM_TOP_ITEM_1,BLLUE_TEAM_TOP_ITEM_2,BLLUE_TEAM_TOP_ITEM_3,BLLUE_TEAM_TOP_ITEM_4,BLLUE_TEAM_TOP_ITEM_5,BLLUE_TEAM_TOP_ITEM_6,BLLUE_TEAM_TOP_ITEM_VISION,BLLUE_TEAM_JNG_ITEM_1,BLLUE_TEAM_JNG_ITEM_2,BLLUE_TEAM_JNG_ITEM_3,BLLUE_TEAM_JNG_ITEM_4,BLLUE_TEAM_JNG_ITEM_5,BLLUE_TEAM_JNG_ITEM_6,BLLUE_TEAM_JNG_ITEM_VISION,BLLUE_TEAM_MID_ITEM_1,BLLUE_TEAM_MID_ITEM_2,BLLUE_TEAM_MID_ITEM_3,BLLUE_TEAM_MID_ITEM_4,BLLUE_TEAM_MID_ITEM_5,BLLUE_TEAM_MID_ITEM_6,BLLUE_TEAM_MID_ITEM_VISION,BLLUE_TEAM_ADC_ITEM_1,BLLUE_TEAM_ADC_ITEM_2,BLLUE_TEAM_ADC_ITEM_3,BLLUE_TEAM_ADC_ITEM_4,BLLUE_TEAM_ADC_ITEM_5,BLLUE_TEAM_ADC_ITEM_6,BLLUE_TEAM_ADC_ITEM_VISION,BLLUE_TEAM_SUP_ITEM_1,BLLUE_TEAM_SUP_ITEM_2,BLLUE_TEAM_SUP_ITEM_3,BLLUE_TEAM_SUP_ITEM_4,BLLUE_TEAM_SUP_ITEM_5,BLLUE_TEAM_SUP_ITEM_6,BLLUE_TEAM_SUP_ITEM_VISION,RED_TEAM_TOP_ITEM_1,RED_TEAM_TOP_ITEM_2,RED_TEAM_TOP_ITEM_3,RED_TEAM_TOP_ITEM_4,RED_TEAM_TOP_ITEM_5,RED_TEAM_TOP_ITEM_6,RED_TEAM_TOP_ITEM_VISION,RED_TEAM_JNG_ITEM_1,RED_TEAM_JNG_ITEM_2,RED_TEAM_JNG_ITEM_3,RED_TEAM_JNG_ITEM_4,RED_TEAM_JNG_ITEM_5,RED_TEAM_JNG_ITEM_6,RED_TEAM_JNG_ITEM_VISION,RED_TEAM_MID_ITEM_1,RED_TEAM_MID_ITEM_2,RED_TEAM_MID_ITEM_3,RED_TEAM_MID_ITEM_4,RED_TEAM_MID_ITEM_5,RED_TEAM_MID_ITEM_6,RED_TEAM_MID_ITEM_VISION,RED_TEAM_ADC_ITEM_1,RED_TEAM_ADC_ITEM_2,RED_TEAM_ADC_ITEM_3,RED_TEAM_ADC_ITEM_4,RED_TEAM_ADC_ITEM_5,RED_TEAM_ADC_ITEM_6,RED_TEAM_ADC_ITEM_VISION,RED_TEAM_SUP_ITEM_1,RED_TEAM_SUP_ITEM_2,RED_TEAM_SUP_ITEM_3,RED_TEAM_SUP_ITEM_4,RED_TEAM_SUP_ITEM_5,RED_TEAM_SUP_ITEM_6,RED_TEAM_SUP_ITEM_VISION,BLUE_TEAM_TOP_RUNE_01,BLUE_TEAM_TOP_RUNE_02,BLUE_TEAM_JNG_RUNE_01,BLUE_TEAM_JNG_RUNE_02,BLUE_TEAM_MID_RUNE_01,BLUE_TEAM_MID_RUNE_02,BLUE_TEAM_ADC_RUNE_01,BLUE_TEAM_ADC_RUNE_02,BLUE_TEAM_SUP_RUNE_01,BLUE_TEAM_SUP_RUNE_02,RED_TEAM_TOP_RUNE_01,RED_TEAM_TOP_RUNE_02,RED_TEAM_JNG_RUNE_01,RED_TEAM_JNG_RUNE_02,RED_TEAM_MID_RUNE_01,RED_TEAM_MID_RUNE_02,RED_TEAM_ADC_RUNE_01,RED_TEAM_ADC_RUNE_02,RED_TEAM_SUP_RUNE_01,RED_TEAM_SUP_RUNE_02,BLUE_TEAM_TOP_SUMMONER_01,BLUE_TEAM_TOP_SUMMONER_02,BLUE_TEAM_JNG_SUMMONER_01,BLUE_TEAM_JNG_SUMMONER_02,BLUE_TEAM_MID_SUMMONER_01,BLUE_TEAM_MID_SUMMONER_02,BLUE_TEAM_ADC_SUMMONER_01,BLUE_TEAM_ADC_SUMMONER_02,BLUE_TEAM_SUP_SUMMONER_01,BLUE_TEAM_SUP_SUMMONER_02,RED_TEAM_TOP_SUMMONER_01,RED_TEAM_TOP_SUMMONER_02,RED_TEAM_JNG_SUMMONER_01,RED_TEAM_JNG_SUMMONER_02,RED_TEAM_MID_SUMMONER_01,RED_TEAM_MID_SUMMONER_02,RED_TEAM_ADC_SUMMONER_01,RED_TEAM_ADC_SUMMONER_02,RED_TEAM_SUP_SUMMONER_01,RED_TEAM_SUP_SUMMONER_02,BLUE_TEAM_RIFT_HERALDS,BLUE_TEAM_VOID_GRUBS,BLUE_TEAM_INHIBITORS,RED_TEAM_RIFT_HERALDS,RED_TEAM_VOID_GRUBS,RED_TEAM_INHIBITORS
https://www.op.gg/summoners/euw/Bgurin-4000/matches/uRd1PvnOddq1bmWXUTc-dPa13g-khNh_E079zHRVRn0%3D/1734652899000,0,11,22,22,11,31,13,43,35,7,11,1,2,0,0,2,5,1,2,35946,44935,11.2,12.6,633,720,29.3,33.4,-8989,8989,1672.4875000000002,2090.725694444445,Kennen,Bel'Veth,Karma,Kog'Maw,Thresh,Riven,Vi,Yone,Karthus,Zac,Needlessly Large Rod,Liandry's Torment,Hextech Alternator,Sorcerer's Shoes,No_Item,No_Item,Oracle Lens,Recurve Bow,Blade of The Ruined King,Kraken Slayer,Boots,Recurve Bow,No_Item,Oracle Lens,Malignance,Amplifying Tome,Ionian Boots of Lucidity,Doran's Ring,Liandry's Torment,Amplifying Tome,Farsight Alteration,Doran's Blade,Blade of The Ruined King,Recurve Bow,Berserker's Greaves,Pickaxe,No_Item,Farsight Alteration,Trailblazer,Solstice Sleigh,Control Ward,No_Item,No_Item,Boots of Swiftness,Oracle Lens,Eclipse,Sundered Sky,No_Item,Boots,Null-Magic Mantle,No_Item,Oracle Lens,Black Cleaver,Sundered Sky,Control Ward,Plated Steelcaps,Ruby Crystal,No_Item,Oracle Lens,Refillable Potion,Berserker's Greaves,Stridebreaker,Blade of The Ruined King,Noonquiver,Doran's Shield,Farsight Alteration,Doran's Ring,Refillable Potion,Blackfire Torch,Sorcerer's Shoes,Horizon Focus,No_Item,Farsight Alteration,Boots,Zeke's Convergence,Solstice Sleigh,Abyssal Mask,No_Item,Control Ward,Oracle Lens,Summon Aery,Resolve,Conqueror,Domination,Summon Aery,Domination,Press the Attack,Resolve,Aftershock,Inspiration,Conqueror,Sorcery,Conqueror,Inspiration,Lethal Tempo,Resolve,Dark Harvest,Precision,Aftershock,Precision,Flash,Teleport,Flash,Smite,Flash,Teleport,Barrier,Flash,Flash,Ignite,Flash,Ignite,Flash,Smite,Teleport,Flash,Exhaust,Flash,Flash,Ignite,0,4,0,1,2,0
https://www.op.gg/summoners/euw/Bgurin-4000/matches/uRd1PvnOddqtATk05gcfQfl9_wa2i7zYkdAGW8Q1v_g%3D/1734650120000,1,17,11,11,17,17,32,61,55,17,24,2,1,0,0,3,0,2,1,37813,32087,11.2,10.6,603,561,31.0,28.8,5726,-5726,1928.71677852349,1636.6523489932886,Renekton,Jarvan IV,Taliyah,Corki,Bard,Malphite,Rammus,Seraphine,Yone,Karma,Doran's Blade,Refillable Potion,Black Cleaver,Mercury's Treads,Sterak's Gage,Null-Magic Mantle,Stealth Ward,No_Item,Tunneler,No_Item,Long Sword,Black Cleaver,Mercury's Treads,Stealth Ward,Seraph's Embrace,Doran's Ring,Fated Ashes,Dark Seal,Sorcerer's Shoes,Haunting Guise,Stealth Ward,Doran's Blade,Mercury's Treads,Tear of the Goddess,Trinity Force,Caulfield's Warhammer,Long Sword,Farsight Alteration,Locket of the Iron Solari,Bloodsong,Mercury's Treads,Ruby Crystal,No_Item,No_Item,Oracle Lens,Doran's Shield,Refillable Potion,Plated Steelcaps,Thornmail,Ruby Crystal,Chain Vest,Oracle Lens,No_Item,Thornmail,Bami's Cinder,Plated Steelcaps,Ruby Crystal,Cloth Armor,Oracle Lens,Doran's Ring,Dark Seal,Tear of the Goddess,Blackfire Torch,Ionian Boots of Lucidity,Blasting Wand,Farsight Alteration,Refillable Potion,Blade of The Ruined King,Immortal Shieldbow,No_Item,No_Item,Berserker's Greaves,Oracle Lens,Dream Maker,Shurelya's Battlesong,Control Ward,No_Item,No_Item,Ionian Boots of Lucidity,Oracle Lens,Conqueror,Resolve,Conqueror,Inspiration,Phase Rush,Precision,Conqueror,Inspiration,Guardian,Domination,Grasp of the Undying,Sorcery,Aftershock,Sorcery,Summon Aery,Precision,Lethal Tempo,Resolve,Arcane Comet,Domination,Flash,Teleport,Flash,Smite,Flash,Teleport,Flash,Cleanse,Heal,Flash,Flash,Teleport,Smite,Flash,Teleport,Flash,Teleport,Flash,Flash,Heal,0,6,0,0,0,0
https://www.op.gg/summoners/euw/Bgurin-4000/matches/uRd1PvnOddqy2QFLbBqOZHf_EBJdCruStCjskWWUc2U%3D/1734648411000,1,34,13,13,34,13,45,42,20,6,7,1,0,0,0,10,0,1,0,43643,27002,11.0,9.2,527,350,29.8,19.7,16641,-16641,2459.2484126984127,1521.54126984127,Viktor,Elise,Jayce,Ashe,Tahm Kench,K'Sante,Karthus,Karma,Ezreal,Camille,Iceborn Gauntlet,Plated Steelcaps,Tear of the Goddess,Kindlegem,Aether Wisp,Fiendish Codex,Stealth Ward,Gustwalker Hatchling,Liandry's Torment,Mejai's Soulstealer,Sorcerer's Shoes,Amplifying Tome,No_Item,Oracle Lens,Doran's Blade,Muramana,Youmuu's Ghostblade,Ionian Boots of Lucidity,Long Sword,Glowing Mote,Stealth Ward,Doran's Blade,Phantom Dancer,B. F. Sword,Long Sword,Kraken Slayer,Berserker's Greaves,Farsight Alteration,Heartsteel,No_Item,Bloodsong,Boots of Swiftness,Kindlegem,Ruby Crystal,Oracle Lens,Doran's Shield,Iceborn Gauntlet,Boots,Null-Magic Mantle,No_Item,No_Item,Stealth Ward,Sorcerer's Shoes,Dark Seal,Blackfire Torch,Amplifying Tome,No_Item,Gustwalker Hatchling,Oracle Lens,Dream Maker,Moonstone Renewer,Ionian Boots of Lucidity,Forbidden Idol,Kindlegem,No_Item,Oracle Lens,Doran's Blade,Trinity Force,Caulfield's Warhammer,Tear of the Goddess,Boots,No_Item,Stealth Ward,Doran's Shield,Trinity Force,Boots,Long Sword,Long Sword,Long Sword,Stealth Ward,Grasp of the Undying,Sorcery,Dark Harvest,Precision,Conqueror,Inspiration,Lethal Tempo,Inspiration,Grasp of the Undying,Inspiration,Grasp of the Undying,Inspiration,Dark Harvest,Precision,Summon Aery,Resolve,Press the Attack,Inspiration,Conqueror,Resolve,Teleport,Flash,Flash,Smite,Teleport,Flash,Barrier,Flash,Flash,Ignite,Teleport,Flash,Flash,Smite,Flash,Heal,Barrier,Flash,Flash,Teleport,1,5,2,0,1,0
https://www.op.gg/summoners/euw/Bgurin-4000/matches/uRd1PvnOddqovBsm7QvqqdrLTO_0zEHK9tLSkY2QQUw%3D/1734646707000,1,16,4,4,17,6,10,36,28,9,4,2,0,0,0,4,0,2,0,33716,22467,10.0,9.0,527,405,34.6,26.6,11249,-11249,2207.3064748201436,1470.8611510791366,Darius,Elise,Corki,Miss Fortune,Neeko,Ambessa,Lillia,Kog'Maw,Naafiri,Janna,Stridebreaker,Dead Man's Plate,No_Item,No_Item,Doran's Shield,Plated Steelcaps,Oracle Lens,Gustwalker Hatchling,Stormsurge,Haunting Guise,Dark Seal,Boots,Fated Ashes,Eye of the Herald,Trinity Force,Caulfield's Warhammer,No_Item,Doran's Blade,Tear of the Goddess,Plated Steelcaps,Farsight Alteration,Doran's Blade,Youmuu's Ghostblade,No_Item,Slightly Magical Footwear,Long Sword,The Collector,Farsight Alteration,Zaz'Zak's Realmspike,Control Ward,Hextech Rocketbelt,Ionian Boots of Lucidity,No_Item,No_Item,Oracle Lens,Doran's Blade,Refillable Potion,Plated Steelcaps,Eclipse,No_Item,No_Item,Stealth Ward,Gustwalker Hatchling,Dark Seal,Blackfire Torch,Fated Ashes,Slightly Magical Footwear,Control Ward,Oracle Lens,Doran's Blade,Recurve Bow,Refillable Potion,Berserker's Greaves,Amplifying Tome,No_Item,Stealth Ward,Doran's Shield,Refillable Potion,Eclipse,Slightly Magical Footwear,No_Item,No_Item,Stealth Ward,Bloodsong,Refillable Potion,Dark Seal,Aether Wisp,Boots of Swiftness,Amplifying Tome,Oracle Lens,Conqueror,Sorcery,Dark Harvest,Precision,Conqueror,Inspiration,Press the Attack,Inspiration,Arcane Comet,Inspiration,Conqueror,Resolve,Conqueror,Inspiration,Lethal Tempo,Resolve,First Strike,Domination,Summon Aery,Domination,Flash,Ghost,Flash,Smite,Teleport,Flash,Flash,Barrier,Heal,Flash,Flash,Teleport,Smite,Flash,Flash,Barrier,Teleport,Flash,Heal,Flash,1,6,0,0,0,0
https://www.op.gg/summoners/euw/Bgurin-4000/matches/uRd1PvnOddoBZWH2HHbuNZBF38EsaCGDCHM6Q7KaoK0%3D/1734644963000,1,27,8,8,27,15,40,49,72,21,19,1,2,1,0,5,1,2,2,49315,39239,13.4,11.8,760,706,32.699999999999996,30.3,10076,-10076,2113.5,1681.6714285714284,Darius,K'Sante,Yone,Viktor,Seraphine,Gangplank,Wukong,Akali,Kog'Maw,Pyke,Stridebreaker,Dead Man's Plate,Null-Magic Mantle,Plated Steelcaps,Sterak's Gage,No_Item,Oracle Lens,Negatron Cloak,No_Item,Boots of Swiftness,Cloth Armor,Iceborn Gauntlet,Spectre's Cowl,Oracle Lens,Doran's Shield,Stridebreaker,Berserker's Greaves,Blade of The Ruined King,Long Sword,Cloak of Agility,Farsight Alteration,Doran's Ring,Blackfire Torch,Sorcerer's Shoes,Liandry's Torment,Hextech Alternator,Needlessly Large Rod,Farsight Alteration,Dream Maker,Ionian Boots of Lucidity,Refillable Potion,Moonstone Renewer,Forbidden Idol,Kindlegem,Oracle Lens,Trinity Force,Refillable Potion,Boots of Swiftness,Serrated Dirk,Pickaxe,Doran's Blade,Stealth Ward,Phage,Boots of Swiftness,Ruby Crystal,Trinity Force,Pickaxe,Control Ward,Stealth Ward,Doran's Ring,No_Item,Shadowflame,Stormsurge,Sorcerer's Shoes,Dark Seal,Oracle Lens,Guinsoo's Rageblade,Blade of The Ruined King,Refillable Potion,Berserker's Greaves,No_Item,No_Item,Farsight Alteration,Bloodsong,Umbral Glaive,Refillable Potion,Control Ward,Boots of Swiftness,Edge of Night,Oracle Lens,Conqueror,Resolve,Aftershock,Inspiration,Grasp of the Undying,Precision,Summon Aery,Precision,Summon Aery,Resolve,Grasp of the Undying,Inspiration,Conqueror,Inspiration,Conqueror,Resolve,Lethal Tempo,Resolve,Hail of Blades,Inspiration,Flash,Ghost,Smite,Flash,Teleport,Flash,Flash,Teleport,Flash,Heal,Flash,Teleport,Flash,Smite,Teleport,Flash,Flash,Barrier,Flash,Ignite,1,6,0,0,0,0
https://www.op.gg/summoners/euw/Bgurin-4000/matches/uRd1PvnOddoEw2S683LDiEayk4fG6YxzGYCal9fPcIE%3D/1734643248000,1,37,29,29,37,52,47,79,61,23,19,3,1,1,0,10,1,4,1,64200,50561,15.2,13.6,893,729,33.1,26.9,13639,-13639,2374.878048780488,1870.3459349593495,Yasuo,Elise,Volibear,Jayce,Poppy,Riven,Camille,Ahri,Ashe,Rell,Negatron Cloak,Recurve Bow,Berserker's Greaves,Immortal Shieldbow,Kraken Slayer,Iceborn Gauntlet,Farsight Alteration,Liandry's Torment,Dark Seal,Control Ward,Stormsurge,Rabadon's Deathcap,Sorcerer's Shoes,Oracle Lens,Boots of Swiftness,Cosmic Drive,Hextech Rocketbelt,Unending Despair,Spirit Visage,Ruby Crystal,Stealth Ward,Edge of Night,Youmuu's Ghostblade,Serylda's Grudge,Serrated Dirk,Boots of Swiftness,Opportunity,Farsight Alteration,Bloodsong,Boots of Swiftness,Dead Man's Plate,Locket of the Iron Solari,Control Ward,No_Item,Oracle Lens,Ionian Boots of Lucidity,Eclipse,Death's Dance,Hexdrinker,No_Item,Glowing Mote,Oracle Lens,Ravenous Hydra,Spear of Shojin,Null-Magic Mantle,Trinity Force,Slightly Magical Footwear,No_Item,Oracle Lens,Needlessly Large Rod,Horizon Focus,Needlessly Large Rod,Ionian Boots of Lucidity,Dark Seal,Malignance,Oracle Lens,Berserker's Greaves,Last Whisper,Long Sword,Kraken Slayer,Phantom Dancer,Doran's Blade,Farsight Alteration,Ionian Boots of Lucidity,Locket of the Iron Solari,Celestial Opposition,Dead Man's Plate,Kindlegem,Negatron Cloak,Oracle Lens,Lethal Tempo,Resolve,Dark Harvest,Precision,Press the Attack,Resolve,Electrocute,Inspiration,Aftershock,Inspiration,Conqueror,Inspiration,Conqueror,Inspiration,Electrocute,Precision,Lethal Tempo,Inspiration,Aftershock,Inspiration,Flash,Teleport,Flash,Smite,Flash,Teleport,Heal,Flash,Flash,Ignite,Flash,Ignite,Flash,Smite,Teleport,Flash,Barrier,Flash,Flash,Ignite,0,6,2,1,0,0
https://www.op.gg/summoners/euw/Bgurin-4000/matches/uRd1PvnOddoBJj1K1U4NMy7lub1MEEwsQDTuxcX98_k%3D/1734641049000,0,39,47,47,39,87,59,87,92,19,23,3,2,0,1,7,10,3,3,64163,69204,15.0,16.4,823,883,26.0,27.8,-5041,5041,2013.6260638297874,2171.8276595744683,K'Sante,Jarvan IV,Zoe,Syndra,Zac,Camille,Qiyana,Viktor,Varus,Poppy,"Jak'Sho, The Protean",Thornmail,Chain Vest,Iceborn Gauntlet,Plated Steelcaps,Kindlegem,Stealth Ward,Sundered Sky,Plated Steelcaps,Pickaxe,Frozen Heart,Black Cleaver,Tunneler,Stealth Ward,Horizon Focus,Blackfire Torch,Zhonya's Hourglass,Riftmaker,Ionian Boots of Lucidity,No_Item,Farsight Alteration,Needlessly Large Rod,Void Staff,Stormsurge,Sorcerer's Shoes,Needlessly Large Rod,Luden's Companion,Farsight Alteration,Ionian Boots of Lucidity,Zeke's Convergence,Celestial Opposition,Spirit Visage,Unending Despair,Ruby Crystal,Oracle Lens,Ravenous Hydra,Spear of Shojin,No_Item,Maw of Malmortius,Mercury's Treads,Trinity Force,Oracle Lens,Serylda's Grudge,Serrated Dirk,Youmuu's Ghostblade,Boots,Tunneler,Profane Hydra,Oracle Lens,Luden's Companion,Liandry's Torment,Void Staff,Doran's Ring,Mercury's Treads,Needlessly Large Rod,Farsight Alteration,Ionian Boots of Lucidity,Youmuu's Ghostblade,Muramana,Caulfield's Warhammer,Edge of Night,Doran's Blade,Farsight Alteration,Bloodsong,Boots of Swiftness,Trailblazer,Abyssal Mask,Kindlegem,No_Item,Oracle Lens,Grasp of the Undying,Precision,Conqueror,Inspiration,Summon Aery,Precision,Electrocute,Sorcery,Aftershock,Precision,Grasp of the Undying,Inspiration,Electrocute,Sorcery,Arcane Comet,Precision,Arcane Comet,Inspiration,Aftershock,Inspiration,Teleport,Flash,Flash,Smite,Teleport,Flash,Heal,Flash,Flash,Ignite,Flash,Teleport,Flash,Smite,Flash,Teleport,Flash,Teleport,Flash,Ignite,0,6,0,1,0,2
https://www.op.gg/summoners/euw/Bgurin-4000/matches/uRd1PvnOddrfDZIfSQ5t8XuMTe_3Y2cmGDWElw7exd0%3D/1734638562000,0,23,43,43,23,48,24,61,69,23,17,0,4,0,1,2,10,0,5,53086,65786,14.2,15.6,845,923,29.200000000000003,31.9,-12700,12700,1827.5508196721312,2264.7639344262293,Yorick,Graves,Viktor,Jhin,Karma,Jayce,Wukong,Ahri,Kalista,Zac,Trinity Force,Sundered Sky,Cloth Armor,No_Item,Plated Steelcaps,No_Item,Oracle Lens,The Collector,Youmuu's Ghostblade,Lord Dominik's Regards,Boots,Cloak of Agility,Pickaxe,Oracle Lens,Liandry's Torment,Rabadon's Deathcap,Ionian Boots of Lucidity,Blackfire Torch,No_Item,No_Item,Farsight Alteration,Infinity Edge,Hubris,Zeal,The Collector,Boots of Swiftness,Scout's Slingshot,Farsight Alteration,Imperial Mandate,Ionian Boots of Lucidity,Zaz'Zak's Realmspike,Control Ward,Oblivion Orb,Fiendish Codex,Oracle Lens,Doran's Blade,Edge of Night,Boots of Swiftness,Eclipse,Muramana,Last Whisper,Farsight Alteration,Sundered Sky,Sterak's Gage,Cloth Armor,Cloth Armor,Trinity Force,Boots of Swiftness,Stealth Ward,Rabadon's Deathcap,Zhonya's Hourglass,Malignance,Dark Seal,Ionian Boots of Lucidity,Lich Bane,Oracle Lens,Terminus,Chain Vest,Blade of The Ruined King,Guinsoo's Rageblade,Berserker's Greaves,Negatron Cloak,Farsight Alteration,Ionian Boots of Lucidity,Knight's Vow,Celestial Opposition,Dark Seal,Zeke's Convergence,Abyssal Mask,Oracle Lens,Conqueror,Resolve,Dark Harvest,Precision,Summon Aery,Precision,Dark Harvest,Precision,Arcane Comet,Domination,Conqueror,Inspiration,Conqueror,Inspiration,Electrocute,Sorcery,Lethal Tempo,Domination,Aftershock,Precision,Flash,Teleport,Flash,Smite,Flash,Teleport,Barrier,Flash,Heal,Flash,Teleport,Flash,Flash,Smite,Teleport,Flash,Flash,Barrier,Flash,Ignite,1,5,0,0,1,2
https://www.op.gg/summoners/euw/Bgurin-4000/matches/uRd1PvnOddoiKRxVcHiQ-2dqwJGPkvLwsJUrvGcnnFI%3D/1734634740000,0,43,38,38,43,65,69,121,104,52,60,2,4,1,0,6,10,3,4,74792,77583,16.8,17.0,1049,1183,28.4,32.0,-2791,2791,2018.6076124567473,2093.9356401384084,Rumble,Nidalee,Qiyana,Miss Fortune,Rakan,Garen,Elise,Orianna,Varus,Leona,Liandry's Torment,Shadowflame,Riftmaker,Control Ward,Needlessly Large Rod,Boots of Swiftness,Farsight Alteration,Zhonya's Hourglass,Lich Bane,Banshee's Veil,Sorcerer's Shoes,Shadowflame,Blighting Jewel,Oracle Lens,Youmuu's Ghostblade,Edge of Night,Guardian Angel,Mercury's Treads,Serpent's Fang,Serylda's Grudge,Oracle Lens,Serylda's Grudge,B. F. Sword,Youmuu's Ghostblade,Mercury's Treads,Edge of Night,The Collector,Farsight Alteration,Celestial Opposition,Locket of the Iron Solari,Knight's Vow,Shurelya's Battlesong,Control Ward,Mercury's Treads,Oracle Lens,Boots of Swiftness,Phantom Dancer,Mortal Reminder,Immortal Shieldbow,Stridebreaker,Pickaxe,Farsight Alteration,Void Staff,Stormsurge,Rylai's Crystal Scepter,Sorcerer's Shoes,Needlessly Large Rod,Lich Bane,Oracle Lens,Void Staff,Zhonya's Hourglass,Sorcerer's Shoes,Mejai's Soulstealer,Luden's Companion,Stormsurge,Farsight Alteration,Youmuu's Ghostblade,Muramana,Edge of Night,Opportunity,Boots of Swiftness,Long Sword,Farsight Alteration,Bloodsong,Locket of the Iron Solari,Warmog's Armor,Spectre's Cowl,Ruby Crystal,Boots of Swiftness,Oracle Lens,Phase Rush,Resolve,Electrocute,Precision,Electrocute,Resolve,First Strike,Sorcery,Guardian,Domination,Phase Rush,Resolve,Dark Harvest,Precision,Arcane Comet,Precision,Arcane Comet,Precision,Aftershock,Inspiration,Flash,Teleport,Smite,Flash,Flash,Teleport,Flash,Cleanse,Flash,Ignite,Flash,Ignite,Flash,Smite,Teleport,Flash,Flash,Barrier,Ignite,Flash,0,6,0,1,0,2
https://www.op.gg/summoners/euw/Bgurin-4000/matches/uRd1PvnOddqq8oNz30X_JgFhXlvkMiZEVp33JZPIsPM%3D/1734631554000,1,20,7,7,20,10,30,40,35,11,7,3,0,0,0,4,2,3,0,40341,34697,12.2,10.8,651,645,32.7,32.5,5644,-5644,2017.05,1734.85,Aatrox,Wukong,Kassadin,Swain,Bard,Irelia,Graves,Gragas,Corki,Nautilus,Spear of Shojin,Sundered Sky,No_Item,Doran's Shield,Plated Steelcaps,No_Item,Oracle Lens,Steel Sigil,Boots of Swiftness,Sundered Sky,Trinity Force,Long Sword,Control Ward,Stealth Ward,Seraph's Embrace,No_Item,Dark Seal,Rod of Ages,Sorcerer's Shoes,No_Item,Oracle Lens,Doran's Ring,Tear of the Goddess,Dark Seal,Cosmic Drive,Plated Steelcaps,Warden's Mail,Farsight Alteration,Dead Man's Plate,Bloodsong,Control Ward,Scout's Slingshot,Boots of Swiftness,Rectrix,Oracle Lens,Doran's Blade,Blade of The Ruined King,Rectrix,Plated Steelcaps,Recurve Bow,No_Item,Stealth Ward,Youmuu's Ghostblade,The Collector,Executioner's Calling,No_Item,Long Sword,Boots,Oracle Lens,Fimbulwinter,Cosmic Drive,No_Item,No_Item,No_Item,Boots,Farsight Alteration,Trinity Force,Muramana,Dagger,Boots,Doran's Blade,No_Item,Farsight Alteration,Celestial Opposition,Control Ward,Locket of the Iron Solari,Mercury's Treads,Kindlegem,No_Item,Oracle Lens,Conqueror,Resolve,Conqueror,Inspiration,Electrocute,Resolve,Conqueror,Sorcery,Guardian,Inspiration,Conqueror,Inspiration,Dark Harvest,Precision,Phase Rush,Precision,Conqueror,Inspiration,Aftershock,Inspiration,Teleport,Flash,Flash,Smite,Teleport,Flash,Flash,Ghost,Flash,Ignite,Teleport,Flash,Smite,Flash,Flash,Teleport,Flash,Barrier,Flash,Ignite,1,2,0,0,1,0
https://www.op.gg/summoners/euw/Bgurin-4000/matches/uRd1PvnOddqsnjbMSPtQnhuk8M0Mo6zXbF_VJT54_1A%3D/1734629531000,0,19,29,30,19,42,30,52,66,20,14,1,3,0,2,3,11,1,5,58207,64887,15.6,16.6,1011,960,32.6,31.0,-6680,6680,1883.1676470588234,2099.285294117647,Riven,Kayn,Aurora,Aphelios,Janna,Singed,Wukong,K'Sante,Corki,Bard,Eclipse,Death's Dance,Plated Steelcaps,Black Cleaver,Caulfield's Warhammer,Executioner's Calling,Oracle Lens,Black Cleaver,Spear of Shojin,Plated Steelcaps,Executioner's Calling,Giant's Belt,Caulfield's Warhammer,Oracle Lens,Rabadon's Deathcap,Malignance,Sorcerer's Shoes,Dark Seal,Liandry's Torment,No_Item,Oracle Lens,Berserker's Greaves,Lord Dominik's Regards,Zeal,Doran's Blade,Yun Tal Wildarrows,Infinity Edge,Farsight Alteration,Dream Maker,Redemption,Control Ward,Boots of Swiftness,No_Item,Moonstone Renewer,Oracle Lens,Riftmaker,Doran's Ring,Boots of Swiftness,Dark Seal,Liandry's Torment,Rylai's Crystal Scepter,Farsight Alteration,Trinity Force,Boots of Swiftness,Sterak's Gage,Sundered Sky,Black Cleaver,No_Item,Stealth Ward,Iceborn Gauntlet,Frozen Heart,Negatron Cloak,Unending Despair,Plated Steelcaps,Ruby Crystal,Oracle Lens,Vampiric Scepter,Mortal Reminder,Plated Steelcaps,Muramana,Infinity Edge,Trinity Force,Farsight Alteration,Locket of the Iron Solari,Bloodsong,Heartsteel,Haunting Guise,No_Item,Boots of Swiftness,Oracle Lens,Conqueror,Sorcery,Conqueror,Inspiration,Electrocute,Sorcery,Fleet Footwork,Sorcery,Summon Aery,Resolve,Phase Rush,Resolve,Conqueror,Inspiration,Aftershock,Sorcery,Conqueror,Inspiration,Arcane Comet,Domination,Flash,Ignite,Flash,Smite,Flash,Teleport,Flash,Ghost,Heal,Flash,Ghost,Flash,Flash,Smite,Flash,Teleport,Flash,Barrier,Flash,Ignite,0,6,0,1,0,3
https://www.op.gg/summoners/euw/Bgurin-4000/matches/uRd1PvnOddpHDifq0O_Tjav2SmkMP4YkmnXtXUXnJec%3D/1734627144000,0,24,33,33,24,47,42,78,77,23,18,2,3,0,1,5,11,2,4,60982,67229,15.4,16.4,948,1011,30.599999999999998,32.6,-6247,6247,1972.9470588235295,2175.055882352941,Yone,Jarvan IV,Aurora,Smolder,Sona,Jax,Karthus,Ekko,Corki,Janna,Immortal Shieldbow,No_Item,Negatron Cloak,Blade of The Ruined King,Berserker's Greaves,Infinity Edge,Stealth Ward,Sterak's Gage,Eclipse,Null-Magic Mantle,Sundered Sky,Ionian Boots of Lucidity,Control Ward,Stealth Ward,Rabadon's Deathcap,Dark Seal,Shattered Armguard,Shadowflame,Sorcerer's Shoes,Luden's Companion,Farsight Alteration,Lord Dominik's Regards,Immortal Shieldbow,Doran's Blade,Rapid Firecannon,Hubris,Boots of Swiftness,Farsight Alteration,Ionian Boots of Lucidity,Bloodsong,Redemption,Moonstone Renewer,Tear of the Goddess,Amplifying Tome,Oracle Lens,Shattered Armguard,Plated Steelcaps,Sundered Sky,Trinity Force,Spear of Shojin,Doran's Blade,Stealth Ward,Sorcerer's Shoes,Rabadon's Deathcap,Shadowflame,Blackfire Torch,Oblivion Orb,No_Item,Oracle Lens,Rabadon's Deathcap,Hextech Rocketbelt,Control Ward,Lich Bane,Sorcerer's Shoes,Shattered Armguard,Stealth Ward,Control Ward,Mortal Reminder,Infinity Edge,Muramana,Plated Steelcaps,Trinity Force,Farsight Alteration,Dream Maker,Shurelya's Battlesong,Redemption,Boots of Swiftness,Dawncore,No_Item,Oracle Lens,Grasp of the Undying,Precision,Conqueror,Inspiration,Electrocute,Precision,Arcane Comet,Inspiration,Summon Aery,Resolve,Grasp of the Undying,Precision,Dark Harvest,Precision,Hail of Blades,Sorcery,Conqueror,Inspiration,Summon Aery,Resolve,Teleport,Flash,Flash,Smite,Flash,Teleport,Flash,Barrier,Heal,Flash,Flash,Teleport,Flash,Smite,Teleport,Flash,Flash,Teleport,Heal,Flash,1,5,0,0,1,3
https://www.op.gg/summoners/euw/Bgurin-4000/matches/uRd1PvnOddpyTlphfvQKkLqrYznhp6cs2mAwy0R2Vv4%3D/1734624296000,1,49,23,23,50,43,74,91,60,25,33,1,2,1,0,10,2,2,2,67185,51085,15.2,13.0,879,754,33.0,28.4,16100,-16100,2533.8342857142857,1926.6342857142856,Rumble,Lee Sin,Viktor,Corki,Pyke,Singed,Wukong,Kayle,Kog'Maw,Braum,Void Staff,Liandry's Torment,Sorcerer's Shoes,Dark Seal,Riftmaker,No_Item,Farsight Alteration,Sundered Sky,Eclipse,No_Item,Plated Steelcaps,Maw of Malmortius,No_Item,Stealth Ward,Void Staff,Zhonya's Hourglass,Needlessly Large Rod,Ionian Boots of Lucidity,Blackfire Torch,Shadowflame,Stealth Ward,Doran's Blade,Muramana,Rapid Firecannon,Trinity Force,Plated Steelcaps,Last Whisper,Farsight Alteration,Bloodsong,Umbral Glaive,Voltaic Cyclosword,Boots of Swiftness,Edge of Night,Control Ward,Oracle Lens,Doran's Ring,Liandry's Torment,Boots of Swiftness,Dark Seal,Rylai's Crystal Scepter,Negatron Cloak,Oracle Lens,Sundered Sky,Trinity Force,Abyssal Mask,No_Item,No_Item,Slightly Magical Footwear,Oracle Lens,Hextech Alternator,Rabadon's Deathcap,Nashor's Tooth,Boots of Swiftness,Needlessly Large Rod,Doran's Shield,Farsight Alteration,Doran's Blade,Guinsoo's Rageblade,"Jak'Sho, The Protean",Berserker's Greaves,Wit's End,Hearthbound Axe,Farsight Alteration,Solstice Sleigh,Knight's Vow,Kindlegem,Null-Magic Mantle,Plated Steelcaps,Cloth Armor,Oracle Lens,Arcane Comet,Resolve,Conqueror,Inspiration,Summon Aery,Inspiration,Conqueror,Inspiration,Hail of Blades,Inspiration,Phase Rush,Resolve,Conqueror,Inspiration,Press the Attack,Resolve,Lethal Tempo,Resolve,Guardian,Inspiration,Flash,Teleport,Flash,Smite,Flash,Teleport,Flash,Barrier,Flash,Ignite,Flash,Ghost,Flash,Smite,Flash,Teleport,Flash,Barrier,Flash,Exhaust,1,3,1,0,3,0
https://www.op.gg/summoners/euw/Bgurin-4000/matches/uRd1PvnOddrvQSc23I1Dgt-jqerAV3SjwE2XhES_6-4%3D/1734621691000,0,13,27,27,14,41,12,73,65,14,17,0,4,0,1,3,3,0,5,43895,50488,11.8,14.0,769,835,31.8,34.5,-6593,6593,1809.888625592417,2081.732701421801,Olaf,Wukong,Viktor,Corki,Leona,Yone,Graves,Singed,Ezreal,Alistar,Doran's Blade,Plated Steelcaps,Death's Dance,Maw of Malmortius,No_Item,Ravenous Hydra,Oracle Lens,Kindlegem,Ruby Crystal,No_Item,Sundered Sky,Trinity Force,Plated Steelcaps,Stealth Ward,Boots,Stormsurge,Control Ward,Shadowflame,Dark Seal,No_Item,Farsight Alteration,Trinity Force,Plated Steelcaps,Muramana,Cloak of Agility,Doran's Blade,Long Sword,Farsight Alteration,Locket of the Iron Solari,Bloodsong,Plated Steelcaps,Ruby Crystal,Null-Magic Mantle,Control Ward,Oracle Lens,Doran's Shield,Stridebreaker,Berserker's Greaves,Blade of The Ruined King,No_Item,No_Item,Farsight Alteration,Youmuu's Ghostblade,Plated Steelcaps,No_Item,Cloak of Agility,The Collector,Lord Dominik's Regards,Oracle Lens,Doran's Ring,Boots of Swiftness,Liandry's Torment,Mejai's Soulstealer,Rylai's Crystal Scepter,Warden's Mail,Stealth Ward,Doran's Blade,Muramana,Trinity Force,Tunneler,Ruby Crystal,Slightly Magical Footwear,Farsight Alteration,Solstice Sleigh,Locket of the Iron Solari,No_Item,Kindlegem,No_Item,Mercury's Treads,Oracle Lens,Conqueror,Inspiration,Conqueror,Inspiration,Summon Aery,Precision,Conqueror,Inspiration,Aftershock,Domination,Grasp of the Undying,Precision,Dark Harvest,Precision,Phase Rush,Resolve,Conqueror,Inspiration,Aftershock,Inspiration,Flash,Ghost,Flash,Smite,Flash,Teleport,Flash,Barrier,Ignite,Flash,Teleport,Flash,Smite,Flash,Flash,Teleport,Flash,Barrier,Ignite,Flash,0,6,0,1,0,0
https://www.op.gg/summoners/euw/Bgurin-4000/matches/uRd1PvnOddr-0h9XkMcrPl7w0w9vjQMnOnIpYWymQOs%3D/1734619201000,1,26,6,6,26,13,43,44,56,21,11,2,1,1,0,11,1,3,1,51051,36099,13.4,11.4,761,719,34.6,32.8,14952,-14952,2325.09504950495,1644.1128712871284,Darius,Wukong,Viktor,Corki,Maokai,Singed,Diana,Yasuo,Jinx,Rakan,Boots of Swiftness,Stridebreaker,Sterak's Gage,Chain Vest,Winged Moonplate,Ruby Crystal,Stealth Ward,Pickaxe,Tunneler,Ionian Boots of Lucidity,Sundered Sky,Trinity Force,Ruby Crystal,Stealth Ward,Sorcerer's Shoes,Dark Seal,Shadowflame,Doran's Ring,Stormsurge,No_Item,Farsight Alteration,Trinity Force,Plated Steelcaps,Doran's Blade,Muramana,Pickaxe,Cloak of Agility,Farsight Alteration,Kindlegem,Redemption,Solstice Sleigh,Boots of Swiftness,Trailblazer,Null-Magic Mantle,Oracle Lens,Rylai's Crystal Scepter,Boots of Swiftness,Liandry's Torment,Dark Seal,Doran's Ring,No_Item,Farsight Alteration,Liandry's Torment,Nashor's Tooth,Sorcerer's Shoes,Dark Seal,Amplifying Tome,No_Item,Oracle Lens,Refillable Potion,Blade of The Ruined King,Berserker's Greaves,Long Sword,Cloak of Agility,Doran's Shield,Farsight Alteration,The Collector,Berserker's Greaves,Runaan's Hurricane,Control Ward,No_Item,No_Item,Farsight Alteration,Celestial Opposition,Locket of the Iron Solari,Ruby Crystal,Faerie Charm,Mercury's Treads,Control Ward,Oracle Lens,Conqueror,Resolve,Conqueror,Inspiration,Summon Aery,Precision,Conqueror,Inspiration,Aftershock,Inspiration,Phase Rush,Resolve,Conqueror,Inspiration,Grasp of the Undying,Precision,Lethal Tempo,Domination,Guardian,Domination,Flash,Ghost,Flash,Smite,Flash,Teleport,Flash,Exhaust,Ignite,Flash,Ghost,Flash,Smite,Flash,Teleport,Flash,Flash,Barrier,Flash,Ignite,1,5,3,0,1,0
https://www.op.gg/summoners/euw/Bgurin-4000/matches/uRd1PvnOddoNAWyNkjcW4MBgfArB27LzHNK1uHH2u18%3D/1734617040000,1,31,14,14,32,16,42,63,43,17,10,1,0,0,0,9,2,1,0,50420,38313,12.8,11.2,692,618,32.3,28.8,12107,-12107,2356.9112426035504,1790.962721893491,Renekton,Wukong,Akali,Ashe,Poppy,Illaoi,Jarvan IV,Sylas,Ziggs,Rell,Doran's Blade,Eclipse,Black Cleaver,Long Sword,Boots,Ruby Crystal,Stealth Ward,No_Item,Black Cleaver,Boots of Swiftness,Ruby Crystal,Maw of Malmortius,Trinity Force,Stealth Ward,Hextech Rocketbelt,Shadowflame,Sorcerer's Shoes,Doran's Ring,Dark Seal,No_Item,Oracle Lens,Doran's Blade,Kraken Slayer,Dagger,Berserker's Greaves,No_Item,Hullbreaker,Farsight Alteration,Bloodsong,Locket of the Iron Solari,No_Item,Null-Magic Mantle,Mercury's Treads,Dead Man's Plate,Oracle Lens,Doran's Blade,Iceborn Gauntlet,Black Cleaver,No_Item,Boots,No_Item,Stealth Ward,Sundered Sky,Ruby Crystal,No_Item,Slightly Magical Footwear,Eclipse,Ruby Crystal,Oracle Lens,Blighting Jewel,Hextech Rocketbelt,Doran's Ring,Dark Seal,Sorcerer's Shoes,Stormsurge,Oracle Lens,Fiendish Codex,Luden's Companion,Tear of the Goddess,Sorcerer's Shoes,Doran's Ring,Fiendish Codex,Farsight Alteration,Bloodsong,Boots of Swiftness,Thornmail,Control Ward,Winged Moonplate,Chain Vest,Oracle Lens,Conqueror,Resolve,Conqueror,Inspiration,Electrocute,Resolve,Lethal Tempo,Inspiration,Hail of Blades,Inspiration,Grasp of the Undying,Sorcery,Conqueror,Inspiration,Electrocute,Resolve,Arcane Comet,Precision,Aftershock,Inspiration,Flash,Teleport,Flash,Smite,Ignite,Teleport,Barrier,Flash,Flash,Ignite,Flash,Teleport,Flash,Smite,Flash,Teleport,Flash,Teleport,Flash,Ignite,1,6,2,0,0,0
https://www.op.gg/summoners/euw/Bgurin-4000/matches/uRd1PvnOddrJaCgfNm0FfuOLt1yUqS2M3di2Mk5TOcA%3D/1734614549000,1,29,11,11,29,14,32,54,48,13,11,2,0,0,0,5,3,2,0,47354,36542,12.6,11.4,707,613,34.5,29.900000000000002,10812,-10812,2315.6626373626373,1786.9439560439562,Gragas,Jarvan IV,Orianna,Draven,Janna,Jayce,Nunu & Willump,Viktor,Caitlyn,Karma,Doran's Ring,Fimbulwinter,Control Ward,Chain Vest,Ionian Boots of Lucidity,Cosmic Drive,Farsight Alteration,Stridebreaker,Black Cleaver,No_Item,No_Item,Sundered Sky,Boots of Swiftness,Stealth Ward,Doran's Ring,Stormsurge,Needlessly Large Rod,Dark Seal,Sorcerer's Shoes,Luden's Companion,Farsight Alteration,The Collector,Bloodthirster,Berserker's Greaves,B. F. Sword,Pickaxe,Doran's Blade,Farsight Alteration,Ionian Boots of Lucidity,Control Ward,Dream Maker,Echoes of Helia,Kindlegem,Forbidden Idol,Oracle Lens,Doran's Blade,Caulfield's Warhammer,Youmuu's Ghostblade,Mercury's Treads,Long Sword,Tear of the Goddess,Farsight Alteration,Hextech Rocketbelt,Dark Seal,Gustwalker Hatchling,No_Item,Hextech Alternator,Sorcerer's Shoes,Oracle Lens,Sorcerer's Shoes,Refillable Potion,Dark Seal,Hextech Alternator,Blackfire Torch,Aether Wisp,Farsight Alteration,Infinity Edge,The Collector,Zeal,Berserker's Greaves,No_Item,No_Item,Farsight Alteration,Ionian Boots of Lucidity,Dream Maker,No_Item,Echoes of Helia,Forbidden Idol,Kindlegem,Oracle Lens,Arcane Comet,Inspiration,Conqueror,Inspiration,Arcane Comet,Precision,Lethal Tempo,Domination,Arcane Comet,Domination,Conqueror,Inspiration,Dark Harvest,Sorcery,Summon Aery,Precision,Fleet Footwork,Sorcery,Arcane Comet,Resolve,Flash,Teleport,Flash,Smite,Teleport,Flash,Flash,Barrier,Flash,Heal,Flash,Teleport,Smite,Flash,Flash,Teleport,Flash,Barrier,Flash,Ignite,1,3,0,0,3,0
https://www.op.gg/summoners/euw/Bgurin-4000/matches/uRd1PvnOddqynDzKMB2bvRTkuKg-DEMLqB-O2-ndiU0%3D/1734612499000,0,19,23,23,19,45,44,91,83,26,40,2,3,0,1,5,9,2,4,64115,72739,16.0,16.8,1140,1192,32.9,34.5,-8624,8624,1858.0265306122449,2107.9465306122447,Jax,Wukong,Viktor,Ziggs,Bard,Gragas,Zac,Yone,Draven,Lulu,Sterak's Gage,Mercury's Treads,Cloth Armor,Trinity Force,No_Item,Sundered Sky,Stealth Ward,Sterak's Gage,Trinity Force,Kindlegem,Boots of Swiftness,Negatron Cloak,Sundered Sky,Stealth Ward,Sorcerer's Shoes,Luden's Companion,Void Staff,Oblivion Orb,Rabadon's Deathcap,Fiendish Codex,Farsight Alteration,Rabadon's Deathcap,Horizon Focus,Luden's Companion,Sorcerer's Shoes,Void Staff,Haunting Guise,Farsight Alteration,Dead Man's Plate,Mercury's Treads,Bloodsong,Liandry's Torment,Null-Magic Mantle,No_Item,Oracle Lens,Ionian Boots of Lucidity,Seeker's Armguard,Cosmic Drive,Lost Chapter,Lich Bane,Banshee's Veil,Oracle Lens,Null-Magic Mantle,Sunfire Aegis,Spirit Visage,Kindlegem,Dark Seal,Mercury's Treads,Oracle Lens,Kaenic Rookern,Stridebreaker,Berserker's Greaves,Blade of The Ruined King,Immortal Shieldbow,No_Item,Farsight Alteration,Mortal Reminder,Bloodthirster,The Collector,Infinity Edge,Cloak of Agility,Berserker's Greaves,Farsight Alteration,Dream Maker,Redemption,No_Item,Ruby Crystal,Moonstone Renewer,Ionian Boots of Lucidity,Oracle Lens,Grasp of the Undying,Inspiration,Conqueror,Inspiration,Summon Aery,Precision,Arcane Comet,Precision,Guardian,Inspiration,Phase Rush,Precision,Aftershock,Inspiration,Grasp of the Undying,Precision,Lethal Tempo,Domination,Summon Aery,Inspiration,Flash,Teleport,Flash,Smite,Flash,Teleport,Flash,Teleport,Ignite,Flash,Flash,Teleport,Smite,Flash,Teleport,Flash,Flash,Barrier,Heal,Flash,0,1,0,1,5,2
https://www.op.gg/summoners/euw/Bgurin-4000/matches/uRd1PvnOddoBNKIIdRvdyl990ZuIY6ijWAWDCI1HliM%3D/1734609540000,0,18,25,25,18,42,28,63,71,19,18,1,3,1,0,2,10,2,3,54559,62340,14.8,15.4,950,995,31.2,32.7,-7781,7781,1788.0680672268907,2043.0756302521008,Camille,Lee Sin,Ambessa,Brand,Nami,Jax,Wukong,Orianna,Caitlyn,Maokai,Ravenous Hydra,Control Ward,Trinity Force,Sterak's Gage,Null-Magic Mantle,Plated Steelcaps,Oracle Lens,Sundered Sky,Eclipse,Sterak's Gage,Plated Steelcaps,Long Sword,Control Ward,Stealth Ward,No_Item,Eclipse,Plated Steelcaps,Spear of Shojin,Phage,Kindlegem,Oracle Lens,Zhonya's Hourglass,Blighting Jewel,No_Item,Liandry's Torment,Rylai's Crystal Scepter,Sorcerer's Shoes,Farsight Alteration,Imperial Mandate,Control Ward,Dream Maker,Forbidden Idol,Moonstone Renewer,Ionian Boots of Lucidity,Oracle Lens,Shattered Armguard,Sterak's Gage,Needlessly Large Rod,Plated Steelcaps,Trinity Force,Sundered Sky,Stealth Ward,Sundered Sky,Sterak's Gage,Black Cleaver,Boots of Swiftness,Control Ward,Trinity Force,Stealth Ward,Sorcerer's Shoes,No_Item,Control Ward,Rabadon's Deathcap,Liandry's Torment,Seraph's Embrace,Oracle Lens,The Collector,Berserker's Greaves,Infinity Edge,Doran's Blade,Lord Dominik's Regards,Zeal,Farsight Alteration,Redemption,Locket of the Iron Solari,Solstice Sleigh,Boots of Swiftness,Kindlegem,Cloth Armor,Oracle Lens,Grasp of the Undying,Sorcery,Conqueror,Inspiration,Electrocute,Resolve,Arcane Comet,Precision,Summon Aery,Resolve,Lethal Tempo,Resolve,Conqueror,Inspiration,Phase Rush,Precision,Lethal Tempo,Domination,Aftershock,Inspiration,Flash,Teleport,Flash,Smite,Teleport,Flash,Teleport,Flash,Flash,Heal,Flash,Teleport,Flash,Smite,Flash,Teleport,Flash,Barrier,Ignite,Flash,0,0,0,1,6,3
https://www.op.gg/summoners/euw/Bgurin-4000/matches/uRd1PvnOddrNJouzPeKdHI1vgL39GiHMWzhSghIb3aM%3D/1734556778000,0,33,36,37,34,63,45,70,72,22,29,0,4,0,2,6,7,0,6,63555,65060,14.8,16.0,950,885,30.599999999999998,28.5,-1505,1505,2050.1612903225805,2098.7096774193546,Ambessa,Graves,Akali,Ezreal,Karma,Renekton,Skarner,Sylas,Vayne,Nami,Voltaic Cyclosword,Plated Steelcaps,Eclipse,Executioner's Calling,Spear of Shojin,Long Sword,Oracle Lens,Mercury's Treads,Control Ward,Infinity Edge,Mortal Reminder,Immortal Shieldbow,The Collector,Oracle Lens,Shadowflame,Lich Bane,Stormsurge,Blighting Jewel,Boots,Dark Seal,Oracle Lens,Spear of Shojin,Muramana,Black Cleaver,Trinity Force,Ionian Boots of Lucidity,No_Item,Farsight Alteration,Zaz'Zak's Realmspike,Amplifying Tome,Haunting Guise,Malignance,Imperial Mandate,Ionian Boots of Lucidity,Oracle Lens,No_Item,Eclipse,Randuin's Omen,Sterak's Gage,Plated Steelcaps,No_Item,Oracle Lens,Heartsteel,Sterak's Gage,Spirit Visage,Kindlegem,Ruby Crystal,Plated Steelcaps,Oracle Lens,Hextech Rocketbelt,Cosmic Drive,Zhonya's Hourglass,No_Item,Sorcerer's Shoes,Dark Seal,Oracle Lens,"Jak'Sho, The Protean",Negatron Cloak,Terminus,Blade of The Ruined King,Guinsoo's Rageblade,Berserker's Greaves,Farsight Alteration,Amplifying Tome,Shurelya's Battlesong,Dream Maker,Imperial Mandate,Ardent Censer,Ionian Boots of Lucidity,Oracle Lens,Grasp of the Undying,Domination,Dark Harvest,Precision,Electrocute,Sorcery,Conqueror,Inspiration,Summon Aery,Domination,Conqueror,Resolve,Grasp of the Undying,Inspiration,Conqueror,Resolve,Lethal Tempo,Resolve,Summon Aery,Domination,Teleport,Flash,Smite,Flash,Flash,Ignite,Flash,Barrier,Flash,Ignite,Flash,Teleport,Flash,Smite,Teleport,Flash,Flash,Barrier,Heal,Flash,0,5,0,1,1,1
https://www.op.gg/summoners/euw/Bgurin-4000/matches/uRd1PvnOddp1k8MKwZQ-UhVflxg_AraLBAnZt8gcD1I%3D/1734553900000,1,30,17,17,30,35,52,75,83,20,20,0,3,1,0,10,2,1,3,58056,48635,14.2,13.2,788,802,28.0,28.400000000000002,9421,-9421,2059.251282051282,1725.087606837607,K'Sante,Ivern,Viktor,Ezreal,Amumu,Yone,Jarvan IV,Sylas,Ashe,Pyke,Boots of Swiftness,Randuin's Omen,"Jak'Sho, The Protean",Bramble Vest,Iceborn Gauntlet,Fimbulwinter,Oracle Lens,Moonstone Renewer,Ionian Boots of Lucidity,Redemption,Dark Seal,Dawncore,Forbidden Idol,Oracle Lens,Needlessly Large Rod,No_Item,Blackfire Torch,Zhonya's Hourglass,Rabadon's Deathcap,Sorcerer's Shoes,Farsight Alteration,Doran's Blade,Ionian Boots of Lucidity,Last Whisper,Muramana,Trinity Force,Long Sword,Farsight Alteration,Locket of the Iron Solari,Control Ward,Celestial Opposition,Knight's Vow,No_Item,Plated Steelcaps,Oracle Lens,Doran's Blade,Blade of The Ruined King,No_Item,Wit's End,Berserker's Greaves,Immortal Shieldbow,Farsight Alteration,Warden's Mail,No_Item,Mercury's Treads,Sterak's Gage,Black Cleaver,Sundered Sky,Stealth Ward,Cosmic Drive,Hextech Rocketbelt,Doran's Shield,Boots,Dark Seal,Fated Ashes,Oracle Lens,Kraken Slayer,Berserker's Greaves,Phantom Dancer,Long Sword,No_Item,Doran's Blade,Farsight Alteration,Celestial Opposition,Mercury's Treads,Umbral Glaive,Control Ward,Serrated Dirk,Tunneler,Oracle Lens,Grasp of the Undying,Inspiration,Glacial Augment,Sorcery,Summon Aery,Inspiration,Press the Attack,Inspiration,Aftershock,Domination,Grasp of the Undying,Precision,Conqueror,Inspiration,Conqueror,Resolve,Lethal Tempo,Inspiration,Hail of Blades,Resolve,Teleport,Flash,Flash,Smite,Flash,Teleport,Teleport,Flash,Flash,Ignite,Teleport,Flash,Flash,Smite,Flash,Teleport,Flash,Barrier,Flash,Ignite,1,3,2,0,3,0
https://www.op.gg/summoners/euw/Bgurin-4000/matches/uRd1PvnOddpmaI7IwFeYYtgU2VWyQfHNFAY3LSwdj3A%3D/1734551457000,0,18,36,36,18,61,20,55,50,15,25,2,1,0,0,0,6,2,1,38759,51493,11.6,12.6,607,688,27.4,31.0,-12734,12734,1755.554705882353,2332.33,Singed,Wukong,Zoe,Draven,Blitzcrank,Jayce,Graves,Viktor,Kog'Maw,Maokai,Doran's Ring,Amplifying Tome,Plated Steelcaps,Dark Seal,Liandry's Torment,Giant's Belt,Stealth Ward,Sundered Sky,Trinity Force,Plated Steelcaps,No_Item,Black Cleaver,No_Item,Stealth Ward,Doran's Ring,Luden's Companion,No_Item,Horizon Focus,Dark Seal,Ionian Boots of Lucidity,Oracle Lens,The Collector,Berserker's Greaves,Long Sword,Long Sword,Vampiric Scepter,Doran's Blade,Farsight Alteration,Bloodsong,Dead Man's Plate,Null-Magic Mantle,Plated Steelcaps,No_Item,No_Item,Oracle Lens,Last Whisper,Boots of Swiftness,Long Sword,Muramana,Pickaxe,Eclipse,Farsight Alteration,Immortal Shieldbow,The Collector,Plated Steelcaps,Long Sword,Cloak of Agility,No_Item,Oracle Lens,Doran's Ring,Cosmic Drive,Blackfire Torch,Boots of Swiftness,Mejai's Soulstealer,Amplifying Tome,Farsight Alteration,Doran's Blade,Guinsoo's Rageblade,Plated Steelcaps,Wit's End,Chain Vest,Negatron Cloak,Farsight Alteration,Celestial Opposition,Dead Man's Plate,Kindlegem,Control Ward,Mercury's Treads,Chain Vest,Oracle Lens,Phase Rush,Resolve,Conqueror,Inspiration,Electrocute,Sorcery,Lethal Tempo,Domination,Glacial Augment,Sorcery,First Strike,Sorcery,Dark Harvest,Precision,Summon Aery,Precision,Lethal Tempo,Resolve,Aftershock,Inspiration,Flash,Teleport,Flash,Smite,Ignite,Flash,Barrier,Flash,Flash,Ignite,Teleport,Flash,Smite,Flash,Teleport,Flash,Flash,Barrier,Flash,Exhaust,0,0,0,1,6,0
https://www.op.gg/summoners/euw/Bgurin-4000/matches/uRd1PvnOddo1oWCeivx9zjGaCBvc6CWdOJfMX7Kz0u8%3D/1734549633000,1,30,15,15,30,23,47,65,53,21,33,1,2,1,0,10,2,2,2,57914,45723,14.2,12.8,852,784,33.7,31.1,12191,-12191,2289.6232558139536,1807.653488372093,K'Sante,Jarvan IV,Viktor,Corki,Nami,Vladimir,Kayn,Vex,Caitlyn,Lux,Kaenic Rookern,Iceborn Gauntlet,No_Item,Mercury's Treads,Thornmail,Warden's Mail,Oracle Lens,Eclipse,Sundered Sky,Spirit Visage,Ionian Boots of Lucidity,Phage,No_Item,Stealth Ward,Lich Bane,Cosmic Drive,Sorcerer's Shoes,Oblivion Orb,Dark Seal,Stormsurge,Farsight Alteration,Doran's Blade,Trinity Force,Muramana,Mercury's Treads,Rapid Firecannon,Cloak of Agility,Farsight Alteration,Dream Maker,Control Ward,Faerie Charm,Boots of Swiftness,Moonstone Renewer,Imperial Mandate,Oracle Lens,Sorcerer's Shoes,Riftmaker,Liandry's Torment,Amplifying Tome,No_Item,No_Item,Farsight Alteration,Plated Steelcaps,Voltaic Cyclosword,Caulfield's Warhammer,Black Cleaver,Steel Sigil,No_Item,Oracle Lens,Liandry's Torment,Blackfire Torch,Ionian Boots of Lucidity,Doran's Ring,Dark Seal,Blighting Jewel,Oracle Lens,Infinity Edge,Doran's Blade,The Collector,Berserker's Greaves,Last Whisper,Cloak of Agility,Farsight Alteration,Zaz'Zak's Realmspike,Oblivion Orb,Shurelya's Battlesong,Control Ward,Kindlegem,Ionian Boots of Lucidity,Oracle Lens,Aftershock,Inspiration,Conqueror,Inspiration,Summon Aery,Resolve,Conqueror,Inspiration,Summon Aery,Resolve,Conqueror,Sorcery,Conqueror,Inspiration,Phase Rush,Inspiration,Fleet Footwork,Inspiration,Arcane Comet,Domination,Teleport,Flash,Flash,Smite,Flash,Teleport,Flash,Cleanse,Flash,Heal,Flash,Teleport,Flash,Smite,Flash,Teleport,Flash,Barrier,Flash,Heal,1,6,2,0,0,0
https://www.op.gg/summoners/euw/Bgurin-4000/matches/uRd1PvnOddpacbSWt5D17sfKN4Y3YrKutED3Wo6XY6Q%3D/1734547492000,1,41,27,27,41,32,61,90,73,36,25,3,1,1,0,9,4,4,1,66242,55178,15.8,14.4,909,891,31.7,31.1,11064,-11064,2308.8497925311203,1923.2165975103735,Ambessa,Volibear,Yasuo,Viktor,Bard,Irelia,Jarvan IV,Anivia,Ashe,Lulu,Voltaic Cyclosword,Opportunity,Serpent's Fang,Plated Steelcaps,Edge of Night,Serrated Dirk,Stealth Ward,Plated Steelcaps,Sundered Sky,Dead Man's Plate,Iceborn Gauntlet,Spectre's Cowl,Ruby Crystal,Oracle Lens,Dead Man's Plate,Blade of The Ruined King,Berserker's Greaves,Immortal Shieldbow,Infinity Edge,Control Ward,Farsight Alteration,Doran's Ring,Rabadon's Deathcap,Blighting Jewel,Sorcerer's Shoes,Luden's Companion,Lich Bane,Farsight Alteration,Solstice Sleigh,Mikael's Blessing,Redemption,Boots of Swiftness,Kindlegem,Kindlegem,Oracle Lens,Blade of The Ruined King,Hullbreaker,Plated Steelcaps,Wit's End,Pickaxe,Steel Sigil,Farsight Alteration,Ionian Boots of Lucidity,Eclipse,Sundered Sky,Black Cleaver,No_Item,No_Item,Stealth Ward,Zhonya's Hourglass,Sorcerer's Shoes,Seraph's Embrace,Rod of Ages,No_Item,No_Item,Farsight Alteration,Doran's Blade,Statikk Shiv,Berserker's Greaves,Kraken Slayer,Phage,Terminus,Farsight Alteration,Redemption,Dream Maker,Kindlegem,Ionian Boots of Lucidity,Moonstone Renewer,No_Item,Oracle Lens,Electrocute,Inspiration,Press the Attack,Sorcery,Lethal Tempo,Resolve,Phase Rush,Precision,Guardian,Domination,Conqueror,Inspiration,Conqueror,Inspiration,Electrocute,Precision,Lethal Tempo,Inspiration,Summon Aery,Resolve,Flash,Teleport,Flash,Smite,Teleport,Flash,Flash,Teleport,Flash,Heal,Teleport,Flash,Flash,Smite,Flash,Teleport,Barrier,Flash,Flash,Heal,0,6,1,0,0,0
https://www.op.gg/summoners/euw/Bgurin-4000/matches/uRd1PvnOddr-ekRdQtZUXcgV0Z4NRFdUjsZzQjOswXc%3D/1734545343000,0,13,23,23,13,23,14,26,27,2,7,0,2,0,0,0,1,0,2,28469,34189,9.4,10.2,480,534,31.6,35.0,-5720,5720,1868.278125,2243.6531250000003,Ornn,Udyr,Yasuo,Draven,Pyke,Renekton,Wukong,Kennen,Karthus,Zoe,Kaenic Rookern,Bramble Vest,Null-Magic Mantle,Slightly Magical Footwear,Doran's Shield,Ruby Crystal,Stealth Ward,Gustwalker Hatchling,Liandry's Torment,Mercury's Treads,Control Ward,Ruby Crystal,No_Item,Eye of the Herald,Doran's Blade,Berserker's Greaves,Blade of The Ruined King,Control Ward,No_Item,No_Item,Stealth Ward,Boots,No_Item,No_Item,The Collector,Vampiric Scepter,Doran's Blade,Stealth Ward,Refillable Potion,Youmuu's Ghostblade,Celestial Opposition,Boots of Swiftness,Serrated Dirk,No_Item,Oracle Lens,Doran's Blade,Refillable Potion,Eclipse,Plated Steelcaps,Pickaxe,Long Sword,Stealth Ward,No_Item,Slightly Magical Footwear,Trinity Force,Tunneler,Glowing Mote,No_Item,Oracle Lens,Doran's Blade,Liandry's Torment,Cull,No_Item,No_Item,Sorcerer's Shoes,Oracle Lens,Blackfire Torch,Sorcerer's Shoes,Amplifying Tome,Needlessly Large Rod,Amplifying Tome,Dark Seal,Farsight Alteration,Zaz'Zak's Realmspike,Control Ward,Ionian Boots of Lucidity,Bandleglass Mirror,Horizon Focus,Dark Seal,Oracle Lens,Grasp of the Undying,Inspiration,Conqueror,Resolve,Lethal Tempo,Resolve,Lethal Tempo,Domination,Hail of Blades,Sorcery,Conqueror,Resolve,Conqueror,Inspiration,Electrocute,Inspiration,Dark Harvest,Precision,Electrocute,Inspiration,Teleport,Flash,Smite,Flash,Flash,Ignite,Flash,Cleanse,Ignite,Flash,Flash,Teleport,Flash,Smite,Teleport,Flash,Exhaust,Flash,Ignite,Flash,1,0,0,0,6,0
https://www.op.gg/summoners/euw/Bgurin-4000/matches/uRd1PvnOddq4YDxPHo8mRbcQQo1PrdC_OeBVxFpwFd4%3D/1734543687000,1,22,12,12,22,13,23,34,36,15,5,0,2,0,0,10,1,0,2,45639,33824,12.4,11.0,684,582,35.8,30.3,11815,-11815,2398.9730769230764,1777.9282051282048,Fiora,Wukong,Ahri,Xayah,Zoe,Darius,Viego,Aurora,Hwei,Thresh,Doran's Blade,Ravenous Hydra,Trinity Force,Plated Steelcaps,Tunneler,No_Item,Stealth Ward,Sundered Sky,Trinity Force,Mercury's Treads,Ruby Crystal,Control Ward,No_Item,Oracle Lens,Doran's Ring,Mercury's Treads,Malignance,Dark Seal,Horizon Focus,No_Item,Oracle Lens,Doran's Blade,Berserker's Greaves,Essence Reaver,No_Item,Navori Flickerblade,No_Item,Farsight Alteration,Zaz'Zak's Realmspike,No_Item,Shurelya's Battlesong,Horizon Focus,Ionian Boots of Lucidity,Dark Seal,Oracle Lens,Refillable Potion,Stridebreaker,Control Ward,Bramble Vest,Plated Steelcaps,Doran's Shield,Stealth Ward,Kraken Slayer,Gustwalker Hatchling,Mercury's Treads,Tunneler,Long Sword,No_Item,Oracle Lens,Malignance,Hextech Alternator,Needlessly Large Rod,No_Item,No_Item,Sorcerer's Shoes,Farsight Alteration,Sorcerer's Shoes,Luden's Companion,Fiendish Codex,Fiendish Codex,Dark Seal,Doran's Ring,Farsight Alteration,Total Biscuit of Everlasting Will,Runic Compass,Control Ward,Trailblazer,No_Item,Boots of Swiftness,Oracle Lens,Conqueror,Resolve,Conqueror,Inspiration,Summon Aery,Precision,Lethal Tempo,Inspiration,Electrocute,Inspiration,Conqueror,Resolve,Conqueror,Inspiration,Arcane Comet,Domination,Arcane Comet,Precision,Aftershock,Inspiration,Flash,Ignite,Flash,Smite,Flash,Teleport,Cleanse,Flash,Ignite,Flash,Flash,Ghost,Flash,Smite,Flash,Teleport,Flash,Teleport,Flash,Ignite,1,6,2,0,0,0
https://www.op.gg/summoners/euw/Bgurin-4000/matches/uRd1PvnOddpbeZdX21-xN-fvWGrprjZ4eIakVKXxeRs%3D/1734541823000,0,17,30,31,17,46,20,73,59,16,25,1,1,0,0,0,10,1,1,36751,51094,11.2,12.8,578,742,26.1,33.7,-14343,14343,1655.0119205298013,2300.921854304636,Cho'Gath,Jarvan IV,Sylas,Jinx,Rakan,Gnar,Taliyah,Yone,Corki,Leona,Doran's Ring,Refillable Potion,Dead Man's Plate,Boots of Swiftness,Phage,Sheen,Oracle Lens,Sundered Sky,Eclipse,No_Item,Tunneler,Ruby Crystal,Ionian Boots of Lucidity,Stealth Ward,Hextech Rocketbelt,Sorcerer's Shoes,Shadowflame,Dark Seal,Amplifying Tome,Doran's Ring,Farsight Alteration,Doran's Blade,The Collector,Berserker's Greaves,Pickaxe,No_Item,No_Item,Farsight Alteration,Locket of the Iron Solari,Solstice Sleigh,Mercury's Treads,Ruby Crystal,Control Ward,No_Item,Oracle Lens,Trinity Force,Black Cleaver,Wit's End,Boots of Swiftness,No_Item,No_Item,Farsight Alteration,No_Item,Dark Seal,Liandry's Torment,Sorcerer's Shoes,Blackfire Torch,No_Item,Stealth Ward,Immortal Shieldbow,Cloak of Agility,No_Item,Doran's Shield,Berserker's Greaves,Blade of The Ruined King,Oracle Lens,B. F. Sword,Pickaxe,Trinity Force,Plated Steelcaps,Muramana,Doran's Blade,Farsight Alteration,Knight's Vow,Null-Magic Mantle,Control Ward,Bloodsong,Boots of Swiftness,Cloth Armor,Oracle Lens,Grasp of the Undying,Domination,Conqueror,Inspiration,Electrocute,Inspiration,Lethal Tempo,Sorcery,Guardian,Domination,Grasp of the Undying,Precision,Dark Harvest,Inspiration,Lethal Tempo,Resolve,Conqueror,Inspiration,Aftershock,Inspiration,Teleport,Flash,Flash,Smite,Teleport,Flash,Flash,Cleanse,Heal,Flash,Teleport,Flash,Smite,Flash,Teleport,Flash,Flash,Barrier,Flash,Ignite,0,2,0,1,4,1
https://www.op.gg/summoners/euw/Bgurin-4000/matches/uRd1PvnOddr-xxSP30bm5qkbJ4G9MI8a0Wzaa1J-6ZU%3D/1734539569000,0,16,31,31,16,52,22,91,74,22,24,2,1,0,0,2,10,2,1,49515,57974,13.8,14.2,867,864,31.5,31.3,-8459,8459,1800.5454545454545,2108.1454545454544,Irelia,Jarvan IV,Lux,Ashe,Pyke,Poppy,Skarner,Aurora,Jhin,Karma,Doran's Blade,Blade of The Ruined King,Terminus,No_Item,Boots,No_Item,Stealth Ward,Black Cleaver,Ruby Crystal,Sundered Sky,Ionian Boots of Lucidity,Eclipse,Spectre's Cowl,Stealth Ward,Needlessly Large Rod,Horizon Focus,Amplifying Tome,No_Item,Sorcerer's Shoes,Luden's Companion,Farsight Alteration,Doran's Blade,Runaan's Hurricane,Kraken Slayer,Berserker's Greaves,Vampiric Scepter,Pickaxe,Farsight Alteration,Control Ward,Edge of Night,Celestial Opposition,No_Item,Umbral Glaive,Boots of Swiftness,Oracle Lens,Fimbulwinter,No_Item,Thornmail,Spirit Visage,Bami's Cinder,Plated Steelcaps,Stealth Ward,Heartsteel,Unending Despair,Tunneler,No_Item,No_Item,Ionian Boots of Lucidity,Oracle Lens,Seeker's Armguard,Luden's Companion,Shadowflame,Void Staff,Sorcerer's Shoes,Needlessly Large Rod,Oracle Lens,Boots of Swiftness,B. F. Sword,Doran's Blade,Immortal Shieldbow,Infinity Edge,Phantom Dancer,Farsight Alteration,Zaz'Zak's Realmspike,Shurelya's Battlesong,Redemption,Dark Seal,Imperial Mandate,Ionian Boots of Lucidity,Oracle Lens,Conqueror,Resolve,Conqueror,Inspiration,Arcane Comet,Domination,Lethal Tempo,Inspiration,Hail of Blades,Resolve,Grasp of the Undying,Inspiration,Aftershock,Inspiration,Electrocute,Precision,Fleet Footwork,Sorcery,Arcane Comet,Domination,Flash,Teleport,Flash,Smite,Teleport,Flash,Flash,Barrier,Ignite,Flash,Teleport,Flash,Flash,Smite,Teleport,Flash,Flash,Barrier,Flash,Ignite,0,1,0,1,2,2
https://www.op.gg/summoners/euw/Bgurin-4000/matches/uRd1PvnOddp_AUQL8NDBGH65YEKazvKaU1ZwdHZls9A%3D/1734536245000,1,25,10,10,25,13,39,47,32,7,10,2,0,0,0,6,2,2,0,41487,34526,11.4,10.6,616,592,33.5,32.1,6961,-6961,2241.8440993788818,1865.6906832298134,Cho'Gath,Jarvan IV,Jax,Viktor,Nami,Volibear,Karthus,Yone,Kalista,Leona,Hextech Rocketbelt,Doran's Ring,Refillable Potion,Sorcerer's Shoes,Aether Wisp,Amplifying Tome,Stealth Ward,Sundered Sky,Eclipse,Ionian Boots of Lucidity,Kindlegem,No_Item,No_Item,Stealth Ward,Boots of Swiftness,Sundered Sky,Negatron Cloak,Recurve Bow,Trinity Force,No_Item,Stealth Ward,Doran's Ring,Blackfire Torch,Dark Seal,Ionian Boots of Lucidity,Liandry's Torment,No_Item,Stealth Ward,Solstice Sleigh,Control Ward,Boots of Swiftness,Imperial Mandate,Bandleglass Mirror,No_Item,Oracle Lens,Doran's Ring,Unending Despair,Winter's Approach,Ruby Crystal,Null-Magic Mantle,Boots,Stealth Ward,Dark Seal,Blackfire Torch,Sorcerer's Shoes,Aether Wisp,No_Item,No_Item,Oracle Lens,Doran's Shield,Control Ward,Stridebreaker,Blade of The Ruined King,Noonquiver,Berserker's Greaves,Oracle Lens,Pickaxe,Recurve Bow,Doran's Blade,Berserker's Greaves,No_Item,Blade of The Ruined King,Farsight Alteration,Control Ward,Locket of the Iron Solari,Bloodsong,No_Item,Mercury's Treads,No_Item,Oracle Lens,Arcane Comet,Inspiration,Conqueror,Inspiration,Lethal Tempo,Resolve,Summon Aery,Precision,Summon Aery,Resolve,Grasp of the Undying,Precision,Dark Harvest,Precision,Fleet Footwork,Resolve,Lethal Tempo,Domination,Aftershock,Inspiration,Flash,Teleport,Flash,Smite,Flash,Teleport,Flash,Teleport,Flash,Heal,Teleport,Flash,Flash,Smite,Teleport,Flash,Flash,Barrier,Flash,Ignite,1,4,0,0,2,0
https://www.op.gg/summoners/euw/Bgurin-4000/matches/uRd1PvnOddqbMpwzcgud_NX71RwmHU_Uk33-y-uAoHE%3D/1734534421000,1,33,22,22,33,31,57,81,80,17,33,2,3,1,2,10,7,3,5,77897,72215,17.4,17.0,1237,1211,33.9,33.1,5682,-5682,2142.1675,1985.9125,Riven,Kindred,Viktor,Swain,Nami,Gragas,Wukong,Ekko,Olaf,Lulu,Sterak's Gage,Sundered Sky,Mortal Reminder,Eclipse,Death's Dance,Mercury's Treads,Oracle Lens,Mercury's Treads,Infinity Edge,Mortal Reminder,The Collector,Trinity Force,No_Item,Oracle Lens,Blackfire Torch,Sorcerer's Shoes,Cryptbloom,Oblivion Orb,Needlessly Large Rod,Liandry's Torment,Farsight Alteration,Cosmic Drive,Shattered Armguard,Liandry's Torment,Boots of Swiftness,Blackfire Torch,Abyssal Mask,Farsight Alteration,Dream Maker,Shurelya's Battlesong,Imperial Mandate,Staff of Flowing Water,Ionian Boots of Lucidity,Forbidden Idol,Oracle Lens,Luden's Companion,Sorcerer's Shoes,Doran's Ring,Shadowflame,Cosmic Drive,Fiendish Codex,Stealth Ward,Sundered Sky,Sterak's Gage,Abyssal Mask,Ruby Crystal,Trinity Force,Boots of Swiftness,Stealth Ward,Stormsurge,Lich Bane,Elixir of Sorcery,Rabadon's Deathcap,Nashor's Tooth,Sorcerer's Shoes,Oracle Lens,Zeke's Convergence,Maw of Malmortius,Plated Steelcaps,Death's Dance,Experimental Hexplate,Ravenous Hydra,Oracle Lens,Dream Maker,Shurelya's Battlesong,Redemption,Moonstone Renewer,Ionian Boots of Lucidity,Kindlegem,Oracle Lens,Conqueror,Inspiration,Press the Attack,Inspiration,Summon Aery,Resolve,Conqueror,Sorcery,Summon Aery,Inspiration,Phase Rush,Inspiration,Conqueror,Inspiration,Hail of Blades,Sorcery,Conqueror,Inspiration,Summon Aery,Domination,Flash,Teleport,Smite,Flash,Teleport,Flash,Ghost,Flash,Flash,Ignite,Flash,Teleport,Flash,Smite,Flash,Teleport,Flash,Ghost,Heal,Flash,1,5,2,0,1,0
https://www.op.gg/summoners/euw/Bgurin-4000/matches/uRd1PvnOddqQN3rdxg65iHxt7oR4pAIFE6Hak81GKGU%3D/1734531572000,1,53,48,48,53,62,106,93,83,36,29,2,2,1,1,11,6,3,3,80551,72114,17.4,16.4,986,894,27.5,24.900000000000002,8437,-8437,2241.419130434783,2006.6504347826087,Kennen,Wukong,Fizz,Jhin,Galio,K'Sante,Warwick,Viktor,Corki,Rell,Hextech Rocketbelt,Void Staff,Dark Seal,Sorcerer's Shoes,Shadowflame,Rabadon's Deathcap,Oracle Lens,Abyssal Mask,Trinity Force,Black Cleaver,Sundered Sky,Tunneler,Plated Steelcaps,Stealth Ward,No_Item,Rabadon's Deathcap,Zhonya's Hourglass,Lich Bane,Sorcerer's Shoes,Void Staff,Oracle Lens,Rapid Firecannon,The Collector,Infinity Edge,Lord Dominik's Regards,Boots of Swiftness,Guardian Angel,Farsight Alteration,Control Ward,Celestial Opposition,Locket of the Iron Solari,Plated Steelcaps,Bramble Vest,Abyssal Mask,Oracle Lens,Iceborn Gauntlet,Fimbulwinter,Kaenic Rookern,Mercury's Treads,Unending Despair,Spectre's Cowl,Farsight Alteration,Stridebreaker,Bramble Vest,Ruby Crystal,Sterak's Gage,Blade of The Ruined King,Mercury's Treads,Oracle Lens,Sorcerer's Shoes,Banshee's Veil,Zhonya's Hourglass,Liandry's Torment,Amplifying Tome,Blackfire Torch,Farsight Alteration,Plated Steelcaps,Trinity Force,Zeal,Muramana,Infinity Edge,Immortal Shieldbow,Farsight Alteration,Knight's Vow,Locket of the Iron Solari,Celestial Opposition,Mercury's Treads,Abyssal Mask,Kindlegem,Oracle Lens,Electrocute,Inspiration,Conqueror,Inspiration,Electrocute,Sorcery,Fleet Footwork,Sorcery,Aftershock,Inspiration,Aftershock,Inspiration,Press the Attack,Inspiration,Fleet Footwork,Resolve,Conqueror,Inspiration,Aftershock,Inspiration,Teleport,Flash,Flash,Smite,Flash,Teleport,Flash,Barrier,Ignite,Flash,Flash,Teleport,Smite,Flash,Teleport,Flash,Flash,Barrier,Flash,Ignite,0,4,3,0,2,0
https://www.op.gg/summoners/euw/Bgurin-4000/matches/uRd1PvnOddqK0LeupSdsCoSO_m1i6ARnVKjnjj6oGEY%3D/1734528845000,1,29,14,14,29,25,44,53,58,19,18,1,2,0,0,10,2,1,2,54651,45727,14.0,13.0,826,797,32.3,31.1,8924,-8924,2139.7746031746033,1790.3693121693123,Darius,Wukong,Akali,Corki,Zac,Poppy,Viego,Galio,Kalista,Senna,Stridebreaker,Refillable Potion,Dead Man's Plate,Plated Steelcaps,Long Sword,No_Item,Oracle Lens,Sundered Sky,Black Cleaver,Plated Steelcaps,Pickaxe,Trinity Force,No_Item,Oracle Lens,Doran's Shield,Liandry's Torment,Sorcerer's Shoes,Needlessly Large Rod,Amplifying Tome,Riftmaker,Stealth Ward,Doran's Blade,Muramana,Plated Steelcaps,Trinity Force,No_Item,Infinity Edge,Farsight Alteration,Celestial Opposition,Zeke's Convergence,Ionian Boots of Lucidity,Unending Despair,Kindlegem,No_Item,Oracle Lens,Iceborn Gauntlet,No_Item,Plated Steelcaps,Fimbulwinter,No_Item,Doran's Shield,Farsight Alteration,Slightly Magical Footwear,Titanic Hydra,Kraken Slayer,Black Cleaver,No_Item,No_Item,Oracle Lens,Doran's Ring,Hollow Radiance,Riftmaker,Amplifying Tome,Sorcerer's Shoes,Dark Seal,Farsight Alteration,Blade of The Ruined King,Guinsoo's Rageblade,Berserker's Greaves,Recurve Bow,Doran's Blade,Hearthbound Axe,Farsight Alteration,Echoes of Helia,Celestial Opposition,Boots of Swiftness,Moonstone Renewer,No_Item,No_Item,Oracle Lens,Conqueror,Resolve,Conqueror,Inspiration,Conqueror,Resolve,Conqueror,Inspiration,Aftershock,Precision,Grasp of the Undying,Inspiration,Conqueror,Inspiration,Aftershock,Sorcery,Lethal Tempo,Inspiration,Summon Aery,Resolve,Flash,Ghost,Flash,Smite,Teleport,Flash,Teleport,Flash,Flash,Ignite,Teleport,Flash,Flash,Smite,Flash,Teleport,Flash,Barrier,Flash,Heal,1,5,2,0,1,0
https://www.op.gg/summoners/euw/Bgurin-4000/matches/uRd1PvnOddr0IBVDv_0HrVnxOcrnef_0o1TwMZt-z2U%3D/1734526418000,0,30,38,38,30,59,52,88,71,31,35,2,4,0,2,4,10,2,6,68267,82196,16.6,17.4,1103,1240,30.1,33.9,-13929,13929,1865.9646666666667,2246.690666666667,Tryndamere,Warwick,Sylas,Jinx,Lulu,Riven,Elise,Akali,Ashe,Senna,Berserker's Greaves,Navori Flickerblade,Ravenous Hydra,Blade of The Ruined King,Wit's End,Doran's Blade,Oracle Lens,Stridebreaker,Bramble Vest,Ruby Crystal,Mercury's Treads,Spirit Visage,Blade of The Ruined King,Oracle Lens,Hextech Rocketbelt,Zhonya's Hourglass,Blighting Jewel,Shadowflame,Rabadon's Deathcap,Sorcerer's Shoes,Oracle Lens,Infinity Edge,Kraken Slayer,Berserker's Greaves,Hullbreaker,Runaan's Hurricane,No_Item,Farsight Alteration,Redemption,Dream Maker,Ionian Boots of Lucidity,Control Ward,Moonstone Renewer,Kindlegem,Oracle Lens,Caulfield's Warhammer,Sundered Sky,Serylda's Grudge,Eclipse,Death's Dance,Plated Steelcaps,Oracle Lens,Void Staff,Sorcerer's Shoes,Rylai's Crystal Scepter,Liandry's Torment,Rabadon's Deathcap,Stormsurge,Oracle Lens,Rabadon's Deathcap,Stormsurge,Shadowflame,Verdant Barrier,Needlessly Large Rod,Sorcerer's Shoes,Oracle Lens,Noonquiver,Kraken Slayer,Runaan's Hurricane,Blade of The Ruined King,Infinity Edge,Berserker's Greaves,Farsight Alteration,Black Cleaver,Serrated Dirk,Bloodsong,Runaan's Hurricane,Hullbreaker,Plated Steelcaps,Oracle Lens,Grasp of the Undying,Precision,Press the Attack,Inspiration,Electrocute,Precision,Lethal Tempo,Sorcery,Summon Aery,Resolve,Conqueror,Inspiration,Dark Harvest,Precision,Electrocute,Resolve,Lethal Tempo,Inspiration,Grasp of the Undying,Precision,Ghost,Ignite,Smite,Flash,Teleport,Flash,Cleanse,Flash,Heal,Flash,Teleport,Flash,Flash,Smite,Ignite,Flash,Flash,Barrier,Flash,Heal,0,3,0,1,3,2
https://www.op.gg/summoners/euw/Bgurin-4000/matches/uRd1PvnOddq46k3sdpzC__qog31wKy_vvpcvKKQuJis%3D/1734523648000,1,28,8,8,28,13,45,48,56,17,7,2,0,1,0,7,3,3,0,47807,39111,13.2,11.8,659,724,28.5,31.400000000000002,8696,-8696,2087.3478873239437,1707.6633802816903,Aurora,Xin Zhao,Twisted Fate,Ashe,Lulu,Jax,Elise,Talon,Ezreal,Karma,Sorcerer's Shoes,Luden's Companion,Doran's Ring,Shadowflame,Rabadon's Deathcap,Blasting Wand,Farsight Alteration,Black Cleaver,Sundered Sky,No_Item,Mercury's Treads,No_Item,No_Item,Oracle Lens,Dark Seal,Doran's Ring,Boots of Swiftness,Rod of Ages,Lich Bane,Control Ward,Stealth Ward,Statikk Shiv,Phantom Dancer,Long Sword,Doran's Blade,Berserker's Greaves,B. F. Sword,Farsight Alteration,Control Ward,Dream Maker,Forbidden Idol,Moonstone Renewer,Ionian Boots of Lucidity,Kindlegem,Oracle Lens,Doran's Shield,Trinity Force,Long Sword,Phage,Long Sword,Mercury's Treads,Stealth Ward,Stormsurge,Hextech Alternator,Needlessly Large Rod,Control Ward,Sorcerer's Shoes,Dark Seal,Oracle Lens,Hubris,No_Item,Youmuu's Ghostblade,Boots of Swiftness,Long Sword,Edge of Night,Oracle Lens,Muramana,Trinity Force,Long Sword,Ionian Boots of Lucidity,Doran's Blade,No_Item,Farsight Alteration,Dream Maker,Mikael's Blessing,Ionian Boots of Lucidity,Kindlegem,Faerie Charm,Control Ward,Oracle Lens,Electrocute,Sorcery,Conqueror,Inspiration,Arcane Comet,Domination,Lethal Tempo,Inspiration,Summon Aery,Resolve,Grasp of the Undying,Inspiration,Dark Harvest,Precision,Electrocute,Sorcery,Press the Attack,Inspiration,Arcane Comet,Inspiration,Flash,Teleport,Smite,Flash,Flash,Teleport,Barrier,Flash,Heal,Flash,Teleport,Flash,Flash,Smite,Ignite,Flash,Flash,Cleanse,Flash,Ignite,1,5,1,0,1,0
https://www.op.gg/summoners/euw/Bgurin-4000/matches/uRd1PvnOddo3zM1u4pq9m2z3RqNOlb6Bj_Rv6sVQJxE%3D/1734521588000,1,29,13,13,29,25,56,78,68,27,28,4,1,1,0,11,0,5,1,63999,52869,15.8,15.2,999,951,32.9,31.400000000000002,11130,-11130,2109.0579545454543,1742.2738636363636,Jax,Nocturne,Ekko,Xayah,Thresh,Kennen,Teemo,Twisted Fate,Ezreal,Braum,Shattered Armguard,Trinity Force,Doran's Shield,Mercury's Treads,Needlessly Large Rod,Sundered Sky,Stealth Ward,Sterak's Gage,Stridebreaker,No_Item,Wit's End,Experimental Hexplate,Mercury's Treads,Oracle Lens,Shadowflame,Lich Bane,Null-Magic Mantle,Mercury's Treads,Dark Seal,Nashor's Tooth,Oracle Lens,Vampiric Scepter,Essence Reaver,Navori Flickerblade,Infinity Edge,Lord Dominik's Regards,Berserker's Greaves,Farsight Alteration,Redemption,Locket of the Iron Solari,Control Ward,Celestial Opposition,Mercury's Treads,Kindlegem,Oracle Lens,Doran's Blade,Shadowflame,Control Ward,Sorcerer's Shoes,Amplifying Tome,Liandry's Torment,Stealth Ward,Liandry's Torment,Nashor's Tooth,Dark Seal,Sorcerer's Shoes,Void Staff,Oblivion Orb,Oracle Lens,Blighting Jewel,Zhonya's Hourglass,Rod of Ages,Boots of Swiftness,Dark Seal,Rapid Firecannon,Stealth Ward,Ionian Boots of Lucidity,Trinity Force,Muramana,Hubris,Doran's Blade,Last Whisper,Farsight Alteration,Mercury's Treads,Locket of the Iron Solari,Kindlegem,Solstice Sleigh,Warden's Mail,No_Item,Oracle Lens,Grasp of the Undying,Inspiration,Conqueror,Domination,Hail of Blades,Sorcery,Lethal Tempo,Inspiration,Glacial Augment,Domination,Summon Aery,Resolve,Press the Attack,Inspiration,Electrocute,Inspiration,Conqueror,Sorcery,Guardian,Inspiration,Flash,Teleport,Flash,Smite,Flash,Teleport,Exhaust,Flash,Flash,Ignite,Teleport,Flash,Flash,Smite,Flash,Teleport,Cleanse,Flash,Exhaust,Flash,1,6,3,0,0,0
https://www.op.gg/summoners/euw/Bgurin-4000/matches/uRd1PvnOddpszi-vmsLdbOpg6IMzDIRLLR8dLcgIacQ%3D/1734518351000,1,30,13,13,30,19,60,95,71,18,27,1,3,2,0,11,4,3,3,65013,52757,16.2,14.0,969,915,32.9,31.0,12256,-12256,2218.4530805687205,1800.2388625592419,Gnar,Viego,Hwei,Ashe,Bard,Karma,Wukong,Orianna,Draven,Lulu,Kaenic Rookern,Sterak's Gage,Trinity Force,Plated Steelcaps,Cloth Armor,Cloth Armor,Farsight Alteration,The Collector,Kraken Slayer,Serpent's Fang,Serrated Dirk,Mercury's Treads,Long Sword,Oracle Lens,Zhonya's Hourglass,Horizon Focus,Liandry's Torment,Doran's Ring,Blackfire Torch,Sorcerer's Shoes,Farsight Alteration,Runaan's Hurricane,Executioner's Calling,Infinity Edge,Berserker's Greaves,Kraken Slayer,Long Sword,Farsight Alteration,Locket of the Iron Solari,Bloodsong,Boots of Swiftness,No_Item,Heartsteel,Haunting Guise,Oracle Lens,Horizon Focus,Malignance,Liandry's Torment,Amplifying Tome,No_Item,Ionian Boots of Lucidity,Stealth Ward,Sterak's Gage,Boots of Swiftness,Kindlegem,Trinity Force,No_Item,Sundered Sky,Stealth Ward,Doran's Ring,Needlessly Large Rod,Sorcerer's Shoes,Luden's Companion,Shadowflame,Needlessly Large Rod,Stealth Ward,Infinity Edge,Berserker's Greaves,The Collector,Noonquiver,Vampiric Scepter,Doran's Blade,Farsight Alteration,Control Ward,Dream Maker,Kindlegem,Moonstone Renewer,Ionian Boots of Lucidity,Forbidden Idol,Oracle Lens,Fleet Footwork,Resolve,Dark Harvest,Inspiration,Arcane Comet,Precision,Lethal Tempo,Inspiration,Arcane Comet,Inspiration,Summon Aery,Inspiration,Conqueror,Inspiration,Summon Aery,Precision,Lethal Tempo,Domination,Summon Aery,Resolve,Flash,Teleport,Flash,Smite,Flash,Teleport,Barrier,Flash,Flash,Ignite,Flash,Teleport,Flash,Smite,Flash,Teleport,Barrier,Flash,Heal,Flash,1,2,3,0,4,0
https://www.op.gg/summoners/euw/Bgurin-4000/matches/uRd1PvnOddpt0YCnv1fVkYmYnwfGvXvEoTOnWLng6L0%3D/1734472163000,0,27,36,36,27,53,35,80,81,24,36,3,1,0,1,6,10,3,2,56971,66480,14.2,15.8,890,953,30.0,32.1,-9509,9509,1922.1922764227643,2243.0243902439024,Jayce,Karthus,Sylas,Caitlyn,Poppy,K'Sante,Jarvan IV,Viktor,Corki,Rell,Youmuu's Ghostblade,Serylda's Grudge,Muramana,Serpent's Fang,No_Item,Ionian Boots of Lucidity,Stealth Ward,Blackfire Torch,Sorcerer's Shoes,Shadowflame,Oblivion Orb,Void Staff,Control Ward,Oracle Lens,Zhonya's Hourglass,Hextech Rocketbelt,Sorcerer's Shoes,Amplifying Tome,Stormsurge,Dark Seal,Oracle Lens,The Collector,Long Sword,Rapid Firecannon,Infinity Edge,Berserker's Greaves,Doran's Blade,Farsight Alteration,Bloodsong,Locket of the Iron Solari,No_Item,Kindlegem,Boots of Swiftness,Dead Man's Plate,Oracle Lens,"Jak'Sho, The Protean",No_Item,Plated Steelcaps,Iceborn Gauntlet,Kaenic Rookern,Tunneler,Oracle Lens,Eclipse,Sundered Sky,Frozen Heart,Spirit Visage,Ruby Crystal,Ionian Boots of Lucidity,Stealth Ward,Sorcerer's Shoes,Dark Seal,Zhonya's Hourglass,Shadowflame,Blackfire Torch,Needlessly Large Rod,Farsight Alteration,Trinity Force,Muramana,Immortal Shieldbow,Vampiric Scepter,Plated Steelcaps,Rapid Firecannon,Farsight Alteration,Celestial Opposition,Locket of the Iron Solari,Zeke's Convergence,Ionian Boots of Lucidity,Kindlegem,No_Item,Oracle Lens,Conqueror,Inspiration,Dark Harvest,Precision,Electrocute,Resolve,Fleet Footwork,Sorcery,Aftershock,Domination,Grasp of the Undying,Inspiration,Conqueror,Inspiration,Summon Aery,Precision,Conqueror,Inspiration,Aftershock,Inspiration,Flash,Teleport,Flash,Smite,Flash,Teleport,Flash,Barrier,Flash,Ignite,Teleport,Flash,Flash,Smite,Flash,Teleport,Flash,Barrier,Flash,Ignite,1,6,1,0,0,1
https://www.op.gg/summoners/euw/Bgurin-4000/matches/uRd1PvnOddpbiETrSfxuktbWVS9rNC15_7bwK70fogM%3D/1734469950000,1,39,30,30,39,48,57,71,69,25,16,2,1,1,0,5,5,3,1,55441,47925,13.4,11.6,642,657,27.099999999999998,27.8,7516,-7516,2347.1372262773725,2028.941605839416,Vladimir,Elise,Akshan,Jinx,Lulu,K'Sante,Lee Sin,Ahri,Ashe,Zoe,Cosmic Drive,Ionian Boots of Lucidity,Control Ward,Doran's Ring,Haunting Guise,Fiendish Codex,Farsight Alteration,Fated Ashes,Amplifying Tome,Sorcerer's Shoes,Dark Seal,Rylai's Crystal Scepter,Stormsurge,Oracle Lens,The Collector,Rapid Firecannon,Statikk Shiv,Long Sword,Doran's Blade,Boots,Stealth Ward,Lord Dominik's Regards,The Collector,Berserker's Greaves,Runaan's Hurricane,Infinity Edge,Bloodthirster,Farsight Alteration,Mikael's Blessing,Dream Maker,Forbidden Idol,Ionian Boots of Lucidity,Kindlegem,Moonstone Renewer,Oracle Lens,"Jak'Sho, The Protean",Randuin's Omen,Control Ward,Kaenic Rookern,Tear of the Goddess,Boots of Swiftness,Stealth Ward,Sterak's Gage,No_Item,No_Item,No_Item,Sundered Sky,Mercury's Treads,Stealth Ward,Doran's Ring,Horizon Focus,Needlessly Large Rod,Dark Seal,Ionian Boots of Lucidity,Malignance,Oracle Lens,Kraken Slayer,Phantom Dancer,Pickaxe,Berserker's Greaves,Cloak of Agility,Doran's Blade,Farsight Alteration,Zaz'Zak's Realmspike,Hextech Rocketbelt,Control Ward,Fiendish Codex,Luden's Companion,Sorcerer's Shoes,Oracle Lens,Summon Aery,Precision,Dark Harvest,Precision,Press the Attack,Domination,Lethal Tempo,Domination,Summon Aery,Resolve,Grasp of the Undying,Inspiration,Conqueror,Inspiration,Electrocute,Sorcery,Lethal Tempo,Inspiration,Electrocute,Inspiration,Flash,Ghost,Flash,Smite,Flash,Teleport,Flash,Barrier,Flash,Heal,Teleport,Flash,Flash,Smite,Teleport,Flash,Flash,Barrier,Flash,Ignite,0,4,0,1,2,0
https://www.op.gg/summoners/euw/Bgurin-4000/matches/uRd1PvnOddrfq7Q3jmUEZwpoKYWOd-YgvQz51GNq91o%3D/1734468084000,0,15,21,21,15,34,26,51,57,19,21,0,3,0,1,2,5,0,4,41265,48558,11.8,13.0,696,769,31.8,35.2,-7293,7293,1890.3519553072624,2224.4446927374297,K'Sante,Jarvan IV,Viktor,Jinx,Lulu,Gwen,Elise,Akshan,Sivir,Blitzcrank,Doran's Shield,Kaenic Rookern,No_Item,Plated Steelcaps,Unending Despair,No_Item,Oracle Lens,Tunneler,Sundered Sky,Spear of Shojin,Plated Steelcaps,Ruby Crystal,Control Ward,Oracle Lens,Doran's Ring,Luden's Companion,No_Item,Shattered Armguard,Dark Seal,Sorcerer's Shoes,Farsight Alteration,Doran's Blade,Runaan's Hurricane,The Collector,Berserker's Greaves,Cloak of Agility,No_Item,Farsight Alteration,Dream Maker,No_Item,Kindlegem,Forbidden Idol,Moonstone Renewer,Ionian Boots of Lucidity,Oracle Lens,Needlessly Large Rod,Elixir of Sorcery,Nashor's Tooth,Shadowflame,Ionian Boots of Lucidity,No_Item,Farsight Alteration,Sorcerer's Shoes,Blighting Jewel,Control Ward,Liandry's Torment,Dark Seal,Stormsurge,Oracle Lens,Doran's Blade,Boots,Long Sword,The Collector,Statikk Shiv,Rapid Firecannon,Stealth Ward,Navori Flickerblade,Doran's Blade,Last Whisper,Essence Reaver,Infinity Edge,Berserker's Greaves,Farsight Alteration,Celestial Opposition,Boots of Swiftness,Locket of the Iron Solari,Warden's Mail,Cloth Armor,No_Item,Oracle Lens,Grasp of the Undying,Inspiration,Conqueror,Inspiration,Summon Aery,Resolve,Lethal Tempo,Domination,Summon Aery,Resolve,Conqueror,Resolve,Dark Harvest,Precision,Press the Attack,Domination,Lethal Tempo,Sorcery,Glacial Augment,Sorcery,Ghost,Teleport,Flash,Smite,Flash,Teleport,Flash,Barrier,Flash,Heal,Teleport,Flash,Flash,Smite,Flash,Teleport,Flash,Barrier,Flash,Ignite,1,6,0,0,0,0
https://www.op.gg/summoners/euw/Bgurin-4000/matches/uRd1PvnOddpo25TmoBgChrVrSORJ6ng8NMOSq0aGITY%3D/1734466513000,0,22,34,34,22,47,34,55,61,15,16,0,4,0,1,3,9,0,5,50097,60592,13.8,14.6,807,868,30.2,32.4,-10495,10495,1868.0237288135595,2259.3627118644067,K'Sante,Udyr,Viktor,Ashe,Lulu,Ambessa,Elise,Irelia,Draven,Thresh,Iceborn Gauntlet,Kaenic Rookern,No_Item,Thornmail,No_Item,Plated Steelcaps,Oracle Lens,Dark Seal,Randuin's Omen,Liandry's Torment,Plated Steelcaps,Null-Magic Mantle,No_Item,Oracle Lens,Sorcerer's Shoes,Liandry's Torment,Oblivion Orb,Cosmic Drive,Verdant Barrier,Dark Seal,Farsight Alteration,Bloodthirster,No_Item,No_Item,Kraken Slayer,Phantom Dancer,Berserker's Greaves,Farsight Alteration,Redemption,Dream Maker,No_Item,Moonstone Renewer,Kindlegem,Ionian Boots of Lucidity,Oracle Lens,Doran's Shield,Eclipse,Plated Steelcaps,Black Cleaver,Ruby Crystal,Pickaxe,Oracle Lens,Sorcerer's Shoes,Stormsurge,Liandry's Torment,Dark Seal,Blighting Jewel,Rabadon's Deathcap,Oracle Lens,Blade of The Ruined King,Hullbreaker,Kraken Slayer,Doran's Shield,Mercury's Treads,No_Item,Stealth Ward,B. F. Sword,The Collector,Bloodthirster,Lord Dominik's Regards,Berserker's Greaves,Cloak of Agility,Farsight Alteration,Locket of the Iron Solari,Solstice Sleigh,No_Item,Trailblazer,Ruby Crystal,Boots of Swiftness,Oracle Lens,Grasp of the Undying,Inspiration,Conqueror,Resolve,Summon Aery,Resolve,Lethal Tempo,Inspiration,Summon Aery,Resolve,Grasp of the Undying,Domination,Dark Harvest,Precision,Press the Attack,Inspiration,Lethal Tempo,Domination,Aftershock,Inspiration,Teleport,Flash,Flash,Smite,Flash,Teleport,Flash,Barrier,Flash,Heal,Flash,Teleport,Flash,Smite,Flash,Teleport,Flash,Barrier,Flash,Ignite,0,6,0,1,0,1
https://www.op.gg/summoners/euw/Bgurin-4000/matches/uRd1PvnOddr4ry_qLbCEn-yTnS7Llh8FHP9lgIMxZU4%3D/1734464606000,0,14,28,28,14,44,18,59,59,20,17,1,3,0,1,3,7,1,4,43049,54336,12.2,13.8,759,822,31.1,33.6,-11287,11287,1770.2392523364488,2234.377570093458,Tryndamere,Wukong,Sylas,Jinx,Lulu,Jax,Vi,Viktor,Ashe,Thresh,Berserker's Greaves,Navori Flickerblade,Ravenous Hydra,Pickaxe,No_Item,Doran's Blade,Oracle Lens,Kindlegem,Trinity Force,Phage,Sundered Sky,No_Item,Slightly Magical Footwear,Stealth Ward,Doran's Ring,Cosmic Drive,Hextech Rocketbelt,Ionian Boots of Lucidity,Blighting Jewel,No_Item,Oracle Lens,Berserker's Greaves,Yun Tal Wildarrows,Phantom Dancer,Doran's Blade,Last Whisper,Long Sword,Farsight Alteration,Redemption,Dream Maker,Control Ward,Ruby Crystal,Moonstone Renewer,Ionian Boots of Lucidity,Oracle Lens,Doran's Blade,Plated Steelcaps,Trinity Force,Sundered Sky,Frozen Heart,Ruby Crystal,Stealth Ward,Sterak's Gage,Sundered Sky,Plated Steelcaps,B. F. Sword,Cloth Armor,Cloth Armor,Oracle Lens,Dark Seal,Sorcerer's Shoes,No_Item,Lich Bane,Luden's Companion,Rabadon's Deathcap,Farsight Alteration,Kraken Slayer,Berserker's Greaves,Phantom Dancer,B. F. Sword,Pickaxe,Doran's Blade,Farsight Alteration,Trailblazer,Solstice Sleigh,Control Ward,Cloth Armor,Kindlegem,Boots of Swiftness,Oracle Lens,Grasp of the Undying,Precision,Conqueror,Inspiration,Conqueror,Resolve,Lethal Tempo,Sorcery,Summon Aery,Resolve,Lethal Tempo,Inspiration,Conqueror,Inspiration,Summon Aery,Precision,Lethal Tempo,Inspiration,Aftershock,Inspiration,Flash,Ignite,Flash,Smite,Teleport,Flash,Cleanse,Flash,Flash,Heal,Flash,Teleport,Flash,Smite,Flash,Teleport,Barrier,Flash,Flash,Ignite,1,0,0,0,6,0
https://www.op.gg/summoners/euw/Bgurin-4000/matches/uRd1PvnOddpeB53QlmByxGapvDx3ELKJYpPmU8x-dLE%3D/1734462509000,1,31,16,17,31,36,53,65,51,23,11,2,1,1,0,10,2,3,1,52295,41519,13.2,11.8,721,642,31.3,27.9,10776,-10776,2262.199438202247,1796.0466292134831,K'Sante,Elise,Galio,Ashe,Lulu,Vayne,Viego,Ahri,Jinx,Alistar,Iceborn Gauntlet,"Jak'Sho, The Protean",Bramble Vest,Plated Steelcaps,Tear of the Goddess,Elixir of Iron,Oracle Lens,No_Item,Stormsurge,Rabadon's Deathcap,Sorcerer's Shoes,Rylai's Crystal Scepter,Dark Seal,Oracle Lens,Doran's Ring,Dark Seal,Hollow Radiance,Plated Steelcaps,Haunting Guise,Fiendish Codex,Stealth Ward,Berserker's Greaves,Infinity Edge,Phantom Dancer,Kraken Slayer,B. F. Sword,Doran's Blade,Farsight Alteration,Redemption,Dream Maker,No_Item,Moonstone Renewer,Ionian Boots of Lucidity,No_Item,Oracle Lens,Blade of The Ruined King,Berserker's Greaves,Trinity Force,No_Item,No_Item,No_Item,Stealth Ward,Sundered Sky,Blade of The Ruined King,Slightly Magical Footwear,Long Sword,Pickaxe,Glowing Mote,Stealth Ward,Doran's Ring,Dark Seal,Amplifying Tome,Malignance,Ionian Boots of Lucidity,Liandry's Torment,Oracle Lens,Doran's Blade,Kraken Slayer,Zeal,Berserker's Greaves,Hullbreaker,Scout's Slingshot,Farsight Alteration,Celestial Opposition,Boots of Swiftness,Control Ward,Locket of the Iron Solari,Kindlegem,Null-Magic Mantle,Oracle Lens,Grasp of the Undying,Inspiration,Dark Harvest,Precision,Aftershock,Sorcery,Lethal Tempo,Inspiration,Summon Aery,Resolve,Fleet Footwork,Sorcery,Conqueror,Inspiration,Electrocute,Precision,Lethal Tempo,Domination,Aftershock,Inspiration,Teleport,Flash,Flash,Smite,Flash,Teleport,Flash,Barrier,Flash,Heal,Flash,Ghost,Flash,Smite,Teleport,Flash,Cleanse,Flash,Flash,Ignite,1,5,2,0,1,0
https://www.op.gg/summoners/euw/Bgurin-4000/matches/uRd1PvnOddq4g0JQA9P_nHcQPOhKGlgbnO5T6roC0Ck%3D/1734460316000,1,35,8,8,35,16,38,71,64,27,20,2,0,0,0,7,1,2,0,50626,35154,12.4,10.6,717,598,34.9,29.1,15472,-15472,2456.409467455621,1705.697041420118,Darius,Elise,Gangplank,Jhin,Poppy,Ambessa,Lee Sin,Katarina,Kalista,Renata Glasc,Doran's Blade,No_Item,No_Item,Plated Steelcaps,Sterak's Gage,Trinity Force,Farsight Alteration,No_Item,Mejai's Soulstealer,Rylai's Crystal Scepter,Liandry's Torment,Sorcerer's Shoes,Stormsurge,Oracle Lens,Trinity Force,Serpent's Fang,Mortal Reminder,Doran's Blade,No_Item,Plated Steelcaps,Oracle Lens,Doran's Blade,Refillable Potion,Youmuu's Ghostblade,Boots of Swiftness,The Collector,Rapid Firecannon,Farsight Alteration,Control Ward,Null-Magic Mantle,Bloodsong,Kindlegem,Dead Man's Plate,Boots of Swiftness,Oracle Lens,Youmuu's Ghostblade,Voltaic Cyclosword,Boots,Cloth Armor,No_Item,No_Item,Stealth Ward,Sundered Sky,Slightly Magical Footwear,Control Ward,Caulfield's Warhammer,Scorchclaw Pup,Pickaxe,Stealth Ward,Dark Seal,Refillable Potion,Lich Bane,Sorcerer's Shoes,Hextech Alternator,No_Item,Oracle Lens,Doran's Blade,Berserker's Greaves,Guinsoo's Rageblade,Blade of The Ruined King,Recurve Bow,No_Item,Farsight Alteration,Mikael's Blessing,Solstice Sleigh,Mercury's Treads,No_Item,No_Item,No_Item,Oracle Lens,Conqueror,Sorcery,Dark Harvest,Precision,First Strike,Sorcery,Dark Harvest,Precision,Hail of Blades,Inspiration,Grasp of the Undying,Precision,Conqueror,Inspiration,Electrocute,Precision,Lethal Tempo,Domination,Guardian,Domination,Flash,Ghost,Flash,Smite,Teleport,Flash,Flash,Barrier,Ignite,Flash,Teleport,Flash,Flash,Smite,Flash,Teleport,Flash,Cleanse,Heal,Flash,0,6,1,0,0,0
https://www.op.gg/summoners/euw/Bgurin-4000/matches/uRd1PvnOddpTRLUhZTq0ZLPxsyPzyJbIThym1ci6MMM%3D/1734458719000,0,12,26,26,12,44,18,59,61,15,15,0,3,0,0,2,6,0,3,40464,50149,11.8,13.4,735,789,31.900000000000002,34.2,-9685,9685,1744.1379310344828,2161.594827586207,Renekton,Zac,Katarina,Viktor,Rell,Jax,Jarvan IV,Galio,Tristana,Thresh,Eclipse,Plated Steelcaps,Ruby Crystal,Sterak's Gage,Long Sword,Doran's Blade,Oracle Lens,Randuin's Omen,No_Item,Dark Seal,Spectre's Cowl,Sunfire Aegis,Ionian Boots of Lucidity,Oracle Lens,Doran's Blade,Blade of The Ruined King,Mercury's Treads,Recurve Bow,Dagger,Rectrix,Stealth Ward,Lich Bane,Luden's Companion,Blighting Jewel,No_Item,Doran's Ring,Sorcerer's Shoes,Farsight Alteration,Celestial Opposition,Ionian Boots of Lucidity,Control Ward,Trailblazer,Kindlegem,Null-Magic Mantle,Oracle Lens,Doran's Shield,Mercury's Treads,Trinity Force,Sundered Sky,Amplifying Tome,Amplifying Tome,Stealth Ward,Sundered Sky,Eclipse,Spectre's Cowl,Mercury's Treads,Ruby Crystal,Glowing Mote,Stealth Ward,Hextech Rocketbelt,Seeker's Armguard,Hollow Radiance,Mejai's Soulstealer,Doran's Ring,Mercury's Treads,Oracle Lens,Infinity Edge,Yun Tal Wildarrows,Navori Flickerblade,Boots,No_Item,No_Item,Farsight Alteration,Force of Nature,Solstice Sleigh,No_Item,Winged Moonplate,Chain Vest,Boots of Swiftness,Oracle Lens,Conqueror,Resolve,Aftershock,Inspiration,Conqueror,Resolve,Summon Aery,Precision,Aftershock,Inspiration,Grasp of the Undying,Inspiration,Conqueror,Inspiration,Aftershock,Sorcery,Press the Attack,Domination,Aftershock,Inspiration,Flash,Teleport,Smite,Flash,Flash,Teleport,Flash,Teleport,Flash,Ignite,Teleport,Flash,Flash,Smite,Flash,Teleport,Flash,Barrier,Flash,Ignite,0,3,0,1,3,1
https://www.op.gg/summoners/euw/Bgurin-4000/matches/uRd1PvnOddpRBHAdIZX0oC0pC6ZN4W5sNwWlBTGEhmQ%3D/1734456567000,1,25,11,12,25,13,39,64,57,9,11,3,0,1,0,5,3,4,0,47842,41188,13.4,12.0,684,734,29.900000000000002,32.0,6654,-6654,2093.0875,1801.975,Jayce,Ivern,Yasuo,Sylas,Rell,Camille,Wukong,Veigar,Corki,Sona,Plated Steelcaps,Muramana,Eclipse,Doran's Blade,Last Whisper,Long Sword,Farsight Alteration,Moonstone Renewer,Redemption,No_Item,Imperial Mandate,Ionian Boots of Lucidity,No_Item,Oracle Lens,Pickaxe,Blade of The Ruined King,Berserker's Greaves,Phantom Dancer,Cloak of Agility,B. F. Sword,Farsight Alteration,Hextech Rocketbelt,No_Item,Needlessly Large Rod,Cosmic Drive,Doran's Ring,Ionian Boots of Lucidity,Oracle Lens,Locket of the Iron Solari,Solstice Sleigh,Plated Steelcaps,Kindlegem,Cloth Armor,Null-Magic Mantle,Oracle Lens,Mercury's Treads,Ravenous Hydra,Pickaxe,Trinity Force,Doran's Shield,Ruby Crystal,Oracle Lens,Sundered Sky,Trinity Force,Mercury's Treads,Ruby Crystal,Glowing Mote,No_Item,Stealth Ward,Fimbulwinter,No_Item,Rod of Ages,Dark Seal,Oblivion Orb,Ionian Boots of Lucidity,Farsight Alteration,Doran's Blade,Muramana,Trinity Force,Plated Steelcaps,No_Item,No_Item,Farsight Alteration,Bloodsong,Echoes of Helia,Boots,Tear of the Goddess,Bandleglass Mirror,Kindlegem,Oracle Lens,Phase Rush,Inspiration,Glacial Augment,Sorcery,Grasp of the Undying,Precision,Conqueror,Resolve,Aftershock,Inspiration,Grasp of the Undying,Inspiration,Conqueror,Inspiration,Grasp of the Undying,Inspiration,Hail of Blades,Precision,Summon Aery,Resolve,Flash,Teleport,Flash,Smite,Flash,Cleanse,Flash,Teleport,Ignite,Flash,Ignite,Teleport,Flash,Smite,Flash,Teleport,Flash,Barrier,Flash,Heal,1,1,0,0,4,0
https://www.op.gg/summoners/euw/Bgurin-4000/matches/uRd1PvnOddq9mIwibrCdgTglGmzu1r3Op4GpTgXkyWM%3D/1734454606000,1,40,36,36,40,81,48,68,75,26,21,1,3,1,0,11,3,2,3,75468,64830,16.4,15.8,1059,959,31.9,28.8,10638,-10638,2253.910067114094,1936.1979865771812,Tryndamere,Wukong,Viktor,Samira,Leona,Urgot,Kindred,Ziggs,Jinx,Seraphine,Berserker's Greaves,Yun Tal Wildarrows,Ravenous Hydra,Blade of The Ruined King,Navori Flickerblade,Lord Dominik's Regards,Oracle Lens,Sterak's Gage,Trinity Force,Steel Sigil,Long Sword,Sundered Sky,Boots of Swiftness,Stealth Ward,Shadowflame,Void Staff,Needlessly Large Rod,Lich Bane,Sorcerer's Shoes,Needlessly Large Rod,Farsight Alteration,Plated Steelcaps,Bloodthirster,Lord Dominik's Regards,The Collector,Infinity Edge,Immortal Shieldbow,Farsight Alteration,Knight's Vow,Celestial Opposition,Locket of the Iron Solari,Zeke's Convergence,No_Item,Plated Steelcaps,Oracle Lens,Overlord's Bloodmail,Hullbreaker,Black Cleaver,No_Item,Sterak's Gage,Boots of Swiftness,Oracle Lens,Plated Steelcaps,Black Cleaver,Trinity Force,Wit's End,Control Ward,No_Item,Oracle Lens,Doran's Ring,Rabadon's Deathcap,Dark Seal,Luden's Companion,Sorcerer's Shoes,Horizon Focus,Farsight Alteration,Doran's Blade,Yun Tal Wildarrows,Berserker's Greaves,Infinity Edge,Mortal Reminder,Cloak of Agility,Farsight Alteration,Redemption,Mikael's Blessing,Dream Maker,Ionian Boots of Lucidity,Bandleglass Mirror,Echoes of Helia,Oracle Lens,Grasp of the Undying,Precision,Conqueror,Inspiration,Arcane Comet,Precision,Conqueror,Domination,Aftershock,Inspiration,Press the Attack,Resolve,Press the Attack,Domination,Arcane Comet,Precision,Lethal Tempo,Sorcery,Summon Aery,Resolve,Flash,Ignite,Flash,Smite,Teleport,Flash,Flash,Barrier,Flash,Ignite,Flash,Teleport,Flash,Smite,Teleport,Flash,Flash,Cleanse,Flash,Heal,1,6,1,0,0,0
https://www.op.gg/summoners/euw/Bgurin-4000/matches/uRd1PvnOddoa03rSmS8uTe3M4UMPZvAMu_KeIY0JA78%3D/1734451798000,1,23,22,22,23,33,36,68,49,13,19,2,1,0,0,3,5,2,1,45355,44910,12.2,11.6,685,677,30.3,29.7,445,-445,2004.0581395348836,1984.3953488372092,Darius,Wukong,Viktor,Ezreal,Rakan,Gwen,Jarvan IV,Sylas,Jhin,Nautilus,Maw of Malmortius,Stridebreaker,No_Item,Mercury's Treads,Doran's Shield,Winged Moonplate,Stealth Ward,Kindlegem,Trinity Force,Negatron Cloak,Ionian Boots of Lucidity,Black Cleaver,No_Item,Stealth Ward,Doran's Ring,Seeker's Armguard,Blackfire Torch,Dark Seal,No_Item,Boots of Swiftness,Stealth Ward,Tunneler,Doran's Blade,No_Item,Ionian Boots of Lucidity,Muramana,Trinity Force,Farsight Alteration,Celestial Opposition,Locket of the Iron Solari,Ionian Boots of Lucidity,Zeke's Convergence,Ruby Crystal,No_Item,Oracle Lens,Doran's Ring,Nashor's Tooth,Shadowflame,Sorcerer's Shoes,Blighting Jewel,Blasting Wand,Stealth Ward,Sterak's Gage,Sundered Sky,Control Ward,No_Item,No_Item,Ionian Boots of Lucidity,Oracle Lens,Control Ward,Hextech Rocketbelt,Void Staff,Dark Seal,Shadowflame,Sorcerer's Shoes,Oracle Lens,Doran's Blade,The Collector,Infinity Edge,Cloak of Agility,Boots of Swiftness,Control Ward,Farsight Alteration,Celestial Opposition,Kindlegem,Control Ward,Locket of the Iron Solari,Chain Vest,Plated Steelcaps,Oracle Lens,Conqueror,Resolve,Conqueror,Inspiration,Summon Aery,Precision,Press the Attack,Inspiration,Guardian,Domination,Dark Harvest,Sorcery,Conqueror,Inspiration,Electrocute,Inspiration,Dark Harvest,Precision,Aftershock,Inspiration,Flash,Ghost,Flash,Smite,Teleport,Flash,Flash,Barrier,Ignite,Flash,Ghost,Teleport,Flash,Smite,Flash,Teleport,Flash,Barrier,Flash,Ignite,0,1,0,1,2,0
https://www.op.gg/summoners/euw/Bgurin-4000/matches/uRd1PvnOddrebw1AznH5usA4YVspL2ZeUqS5GMR7N8s%3D/1734449694000,0,14,29,29,14,63,21,56,88,26,17,0,3,1,0,3,9,1,3,48733,56727,13.4,14.2,799,845,30.5,32.4,-7994,7994,1866.8860696517413,2173.1238805970147,Kled,Nocturne,Viktor,Corki,Sona,Aurora,Wukong,Syndra,Zeri,Bard,Profane Hydra,Doran's Shield,Long Sword,Eclipse,Plated Steelcaps,Pickaxe,Oracle Lens,Stridebreaker,Maw of Malmortius,Plated Steelcaps,Long Sword,Long Sword,Long Sword,Farsight Alteration,Amplifying Tome,Amplifying Tome,Cloth Armor,Sorcerer's Shoes,Blackfire Torch,Lich Bane,Farsight Alteration,Doran's Blade,Muramana,Trinity Force,Rapid Firecannon,Boots of Swiftness,Executioner's Calling,Farsight Alteration,Bloodsong,Echoes of Helia,Seraph's Embrace,Boots,Dark Seal,No_Item,Oracle Lens,Rabadon's Deathcap,Cryptbloom,Sorcerer's Shoes,Malignance,Dark Seal,Amplifying Tome,Farsight Alteration,Sundered Sky,Boots of Swiftness,No_Item,Ruby Crystal,Trinity Force,Sterak's Gage,Stealth Ward,Blackfire Torch,Needlessly Large Rod,Cosmic Drive,Needlessly Large Rod,Dark Seal,Sorcerer's Shoes,Farsight Alteration,Doran's Blade,Berserker's Greaves,Statikk Shiv,Runaan's Hurricane,B. F. Sword,Cloak of Agility,Farsight Alteration,Bloodsong,Dead Man's Plate,No_Item,Synchronized Souls,Giant's Belt,Oblivion Orb,Oracle Lens,Conqueror,Inspiration,Conqueror,Domination,Summon Aery,Resolve,Conqueror,Inspiration,Summon Aery,Resolve,Electrocute,Precision,Conqueror,Inspiration,First Strike,Sorcery,Lethal Tempo,Resolve,Guardian,Domination,Teleport,Flash,Smite,Flash,Teleport,Flash,Flash,Teleport,Flash,Heal,Flash,Teleport,Flash,Smite,Flash,Teleport,Flash,Barrier,Flash,Ignite,1,1,0,0,5,1
https://www.op.gg/summoners/euw/Bgurin-4000/matches/uRd1PvnOddqfgO_7XHpZst49IWt_INLLUxNiuW3EEPU%3D/1734447134000,1,20,7,7,20,5,43,47,50,14,12,1,2,0,0,4,1,1,2,41085,33484,12.0,11.0,653,649,31.5,31.5,7601,-7601,1998.122950819672,1628.4568306010929,Zilean,Viego,Orianna,Jinx,Zac,Riven,Wukong,Galio,Ashe,Yuumi,Doran's Ring,Seraph's Embrace,Ionian Boots of Lucidity,Fiendish Codex,Amplifying Tome,Kindlegem,Stealth Ward,No_Item,Trinity Force,Kindlegem,Sundered Sky,Plated Steelcaps,No_Item,Oracle Lens,Doran's Ring,Refillable Potion,Sorcerer's Shoes,Liandry's Torment,Seraph's Embrace,No_Item,Farsight Alteration,Refillable Potion,Pickaxe,B. F. Sword,Doran's Blade,Berserker's Greaves,Yun Tal Wildarrows,Oracle Lens,Celestial Opposition,Zeke's Convergence,Refillable Potion,Ionian Boots of Lucidity,Kindlegem,Oblivion Orb,Oracle Lens,Doran's Blade,Tunneler,Ionian Boots of Lucidity,Eclipse,Caulfield's Warhammer,Ruby Crystal,Oracle Lens,Trinity Force,Boots of Swiftness,Tunneler,Ruby Crystal,Glowing Mote,No_Item,Eye of the Herald,Doran's Ring,Hollow Radiance,Plated Steelcaps,Refillable Potion,Amplifying Tome,Ruby Crystal,Stealth Ward,Phantom Dancer,Control Ward,Long Sword,Berserker's Greaves,Kraken Slayer,Doran's Blade,Farsight Alteration,Dream Maker,Moonstone Renewer,Echoes of Helia,Control Ward,Dark Seal,No_Item,Oracle Lens,Summon Aery,Resolve,Conqueror,Inspiration,Phase Rush,Inspiration,Lethal Tempo,Sorcery,Aftershock,Precision,Conqueror,Inspiration,Conqueror,Inspiration,Aftershock,Inspiration,Lethal Tempo,Inspiration,Summon Aery,Resolve,Teleport,Flash,Smite,Flash,Flash,Teleport,Ghost,Flash,Flash,Ignite,Flash,Ignite,Flash,Smite,Flash,Teleport,Flash,Barrier,Heal,Exhaust,0,6,0,1,0,0
https://www.op.gg/summoners/euw/Bgurin-4000/matches/uRd1PvnOddrTQ5DL3505qRWd68GaOuBHhGiCrQbLo0A%3D/1734445447000,0,16,27,27,16,37,23,49,68,14,20,1,2,0,1,4,7,1,3,44755,54943,12.2,13.6,738,771,30.2,31.5,-10188,10188,1820.542372881356,2234.969491525424,Renekton,Bel'Veth,Hwei,Varus,Sylas,Gnar,Elise,Jayce,Draven,Nami,Doran's Shield,Sterak's Gage,Null-Magic Mantle,Stridebreaker,Plated Steelcaps,No_Item,Stealth Ward,Blade of The Ruined King,Kraken Slayer,Plated Steelcaps,Warden's Mail,No_Item,No_Item,Oracle Lens,No_Item,Zhonya's Hourglass,Luden's Companion,Dark Seal,Sorcerer's Shoes,No_Item,Farsight Alteration,Youmuu's Ghostblade,Edge of Night,Doran's Blade,Tear of the Goddess,Caulfield's Warhammer,Boots of Swiftness,Farsight Alteration,Zaz'Zak's Realmspike,Hextech Rocketbelt,Amplifying Tome,Boots,Amplifying Tome,Stormsurge,Oracle Lens,No_Item,Ruby Crystal,Long Sword,Plated Steelcaps,Black Cleaver,Trinity Force,Farsight Alteration,Stormsurge,Blasting Wand,Dark Seal,Sorcerer's Shoes,Liandry's Torment,Giant's Belt,Oracle Lens,Doran's Blade,Youmuu's Ghostblade,Opportunity,Serylda's Grudge,Ionian Boots of Lucidity,Ruby Crystal,Farsight Alteration,Serrated Dirk,Bloodthirster,Mortal Reminder,Infinity Edge,Plated Steelcaps,Pickaxe,Farsight Alteration,Blasting Wand,Shurelya's Battlesong,Dream Maker,Imperial Mandate,Ionian Boots of Lucidity,Dark Seal,Oracle Lens,Conqueror,Resolve,Press the Attack,Domination,Summon Aery,Precision,Arcane Comet,Inspiration,Electrocute,Inspiration,Fleet Footwork,Resolve,Dark Harvest,Precision,Phase Rush,Inspiration,Lethal Tempo,Domination,Summon Aery,Domination,Flash,Teleport,Smite,Flash,Teleport,Flash,Flash,Barrier,Flash,Ignite,Teleport,Flash,Flash,Smite,Flash,Teleport,Flash,Barrier,Heal,Flash,1,3,0,0,3,1
https://www.op.gg/summoners/euw/Bgurin-4000/matches/uRd1PvnOddpKClvXNNyUj8WPMmCgLWPk3DBPv3IBDnY%3D/1734443399000,0,24,30,30,24,53,38,70,85,29,26,2,3,0,1,2,9,2,4,53613,63791,14.0,15.4,838,958,28.3,32.2,-10178,10178,1809.7215189873418,2153.2827004219407,Malphite,Skarner,Gwen,Jinx,Lulu,Jayce,Wukong,Vladimir,Viktor,Senna,Hollow Radiance,Doran's Ring,Spectre's Cowl,Frozen Heart,Negatron Cloak,Ionian Boots of Lucidity,Stealth Ward,No_Item,Heartsteel,Plated Steelcaps,Spirit Visage,Thornmail,Negatron Cloak,Oracle Lens,Shadowflame,Nashor's Tooth,Void Staff,Needlessly Large Rod,Sorcerer's Shoes,No_Item,Stealth Ward,Refillable Potion,Infinity Edge,The Collector,Bloodthirster,Berserker's Greaves,Doran's Blade,Farsight Alteration,Redemption,Dream Maker,Moonstone Renewer,Control Ward,Ionian Boots of Lucidity,Ruby Crystal,Oracle Lens,Edge of Night,Youmuu's Ghostblade,Ionian Boots of Lucidity,Opportunity,Serylda's Grudge,B. F. Sword,Farsight Alteration,Boots of Swiftness,Black Cleaver,Control Ward,Trinity Force,Sundered Sky,Negatron Cloak,Stealth Ward,Cosmic Drive,Doran's Ring,Void Staff,Boots of Swiftness,Riftmaker,No_Item,Farsight Alteration,Sorcerer's Shoes,Needlessly Large Rod,Dark Seal,Void Staff,Shadowflame,Luden's Companion,Farsight Alteration,Black Cleaver,Bloodsong,Rapid Firecannon,Boots of Swiftness,Tunneler,Control Ward,Oracle Lens,Arcane Comet,Precision,Grasp of the Undying,Inspiration,Dark Harvest,Sorcery,Press the Attack,Inspiration,Summon Aery,Resolve,Conqueror,Inspiration,Conqueror,Inspiration,Summon Aery,Precision,Arcane Comet,Precision,Fleet Footwork,Inspiration,Teleport,Flash,Flash,Smite,Ghost,Teleport,Flash,Barrier,Heal,Flash,Flash,Teleport,Flash,Smite,Flash,Ghost,Flash,Teleport,Heal,Flash,0,6,0,1,0,1
https://www.op.gg/summoners/euw/Bgurin-4000/matches/uRd1PvnOddqYBw6aRdhoew6DT-iFYWswu8IRBXEf-l0%3D/1734440724000,0,13,18,18,13,35,17,52,50,8,13,2,2,0,1,1,11,2,3,42029,54558,11.8,14.0,724,822,28.3,32.1,-12529,12529,1501.0357142857142,1948.5,Yone,Wukong,Viktor,Jhin,Soraka,Darius,Vi,Gwen,Jinx,Janna,Health Potion,No_Item,No_Item,No_Item,No_Item,Doran's Blade,Stealth Ward,Phage,Trinity Force,Kindlegem,Boots of Swiftness,Sundered Sky,No_Item,Stealth Ward,Doran's Ring,Blackfire Torch,Sorcerer's Shoes,Liandry's Torment,Rabadon's Deathcap,Control Ward,Farsight Alteration,Boots of Swiftness,The Collector,Youmuu's Ghostblade,Last Whisper,Cloak of Agility,Doran's Blade,Farsight Alteration,Dream Maker,Moonstone Renewer,Control Ward,Kindlegem,Forbidden Idol,Boots of Swiftness,Oracle Lens,Stridebreaker,Sterak's Gage,Control Ward,Plated Steelcaps,Dead Man's Plate,"Jak'Sho, The Protean",Oracle Lens,Sterak's Gage,Sundered Sky,Plated Steelcaps,Black Cleaver,No_Item,No_Item,Oracle Lens,Nashor's Tooth,Dark Seal,Shadowflame,Blasting Wand,Sorcerer's Shoes,No_Item,Stealth Ward,Doran's Blade,The Collector,Berserker's Greaves,Executioner's Calling,Infinity Edge,No_Item,Farsight Alteration,Bloodsong,Shurelya's Battlesong,Oblivion Orb,Dark Seal,Boots of Swiftness,Fiendish Codex,Oracle Lens,Lethal Tempo,Resolve,Conqueror,Inspiration,Summon Aery,Resolve,Dark Harvest,Precision,Summon Aery,Resolve,Conqueror,Resolve,Conqueror,Inspiration,Dark Harvest,Sorcery,Press the Attack,Sorcery,Arcane Comet,Domination,Teleport,Flash,Flash,Smite,Flash,Teleport,Flash,Ghost,Heal,Flash,Flash,Ghost,Smite,Flash,Ghost,Teleport,Barrier,Flash,Flash,Heal,0,1,0,1,5,3
https://www.op.gg/summoners/euw/Bgurin-4000/matches/uRd1PvnOddpk55hATukcdTCBK2M0PQxLnjEPAQ1NSfU%3D/1734438538000,1,25,15,15,25,24,49,102,86,35,35,3,2,1,1,9,7,4,3,61330,58805,15.6,14.6,1004,1016,33.4,33.7,2525,-2525,2036.8722627737227,1953.0127737226278,Darius,Wukong,Viktor,Jhin,Janna,Jayce,Nidalee,Akali,Corki,Nautilus,Stridebreaker,Force of Nature,Null-Magic Mantle,Sterak's Gage,Plated Steelcaps,Ruby Crystal,Oracle Lens,Sterak's Gage,Trinity Force,No_Item,No_Item,Sundered Sky,Boots of Swiftness,Stealth Ward,Blackfire Torch,Lich Bane,Rabadon's Deathcap,Dark Seal,Sorcerer's Shoes,No_Item,Farsight Alteration,Boots of Swiftness,Doran's Blade,Youmuu's Ghostblade,Lord Dominik's Regards,The Collector,Rapid Firecannon,Farsight Alteration,Dream Maker,Echoes of Helia,No_Item,Kindlegem,Moonstone Renewer,Boots of Swiftness,Oracle Lens,Muramana,Youmuu's Ghostblade,Ionian Boots of Lucidity,Serylda's Grudge,Serpent's Fang,Doran's Blade,Farsight Alteration,Oblivion Orb,Seeker's Armguard,Control Ward,Sorcerer's Shoes,Liandry's Torment,Horizon Focus,Oracle Lens,Shadowflame,Seeker's Armguard,No_Item,Sorcerer's Shoes,Stormsurge,No_Item,Oracle Lens,Trinity Force,Muramana,Cloak of Agility,Immortal Shieldbow,Mortal Reminder,Plated Steelcaps,Farsight Alteration,Bloodsong,Knight's Vow,Locket of the Iron Solari,Control Ward,Boots,Cloth Armor,Oracle Lens,Conqueror,Resolve,Conqueror,Inspiration,Summon Aery,Precision,Dark Harvest,Precision,Arcane Comet,Domination,Phase Rush,Inspiration,Conqueror,Sorcery,Electrocute,Resolve,Conqueror,Inspiration,Aftershock,Inspiration,Flash,Ghost,Flash,Smite,Flash,Teleport,Flash,Barrier,Flash,Heal,Teleport,Flash,Smite,Flash,Flash,Teleport,Flash,Barrier,Ignite,Flash,0,3,1,1,3,0
https://www.op.gg/summoners/euw/Bgurin-4000/matches/uRd1PvnOddqpsQQsaHikL_-sVBckdjg6P8JFdwkvCf8%3D/1734436205000,0,15,33,33,15,52,21,46,61,14,12,0,3,0,0,2,9,0,3,40998,51107,11.6,12.8,634,725,28.0,32.1,-10109,10109,1804.803260869565,2249.81902173913,Renekton,Teemo,Garen,Corki,Leona,Ambessa,Wukong,Karma,Varus,Tahm Kench,Black Cleaver,Sterak's Gage,Null-Magic Mantle,No_Item,No_Item,Plated Steelcaps,Oracle Lens,Malignance,Shattered Armguard,Dark Seal,Liandry's Torment,Sorcerer's Shoes,No_Item,Oracle Lens,Doran's Shield,Boots of Swiftness,Stridebreaker,Phantom Dancer,No_Item,No_Item,Stealth Ward,Doran's Blade,Trinity Force,Muramana,Last Whisper,No_Item,Slightly Magical Footwear,Farsight Alteration,Locket of the Iron Solari,Bloodsong,Knight's Vow,No_Item,Mercury's Treads,No_Item,Oracle Lens,Doran's Shield,Refillable Potion,Black Cleaver,Long Sword,Eclipse,Plated Steelcaps,Stealth Ward,Black Cleaver,Sundered Sky,Slightly Magical Footwear,No_Item,Null-Magic Mantle,Ruby Crystal,Oracle Lens,Liandry's Torment,Fiendish Codex,Ionian Boots of Lucidity,Doran's Ring,Malignance,Fiendish Codex,Oracle Lens,Guinsoo's Rageblade,Terminus,Berserker's Greaves,"Jak'Sho, The Protean",Blade of The Ruined King,Doran's Blade,Farsight Alteration,Control Ward,Locket of the Iron Solari,Solstice Sleigh,Chain Vest,Kindlegem,Mercury's Treads,Oracle Lens,Conqueror,Resolve,Dark Harvest,Inspiration,Phase Rush,Resolve,Conqueror,Inspiration,Aftershock,Inspiration,Grasp of the Undying,Domination,Conqueror,Inspiration,Summon Aery,Domination,Lethal Tempo,Inspiration,Guardian,Inspiration,Flash,Teleport,Flash,Smite,Ignite,Flash,Barrier,Flash,Ignite,Flash,Flash,Teleport,Smite,Flash,Flash,Teleport,Cleanse,Flash,Exhaust,Flash,1,0,0,0,5,1
https://www.op.gg/summoners/euw/Bgurin-4000/matches/uRd1PvnOddpjnh6AeKnp1PfryPs4JxGCufvW35y4wHc%3D/1734434321000,1,29,15,15,29,28,48,87,92,40,34,3,0,1,0,9,1,4,0,53977,40694,12.8,12.0,733,643,30.1,26.4,13283,-13283,2213.6634831460674,1668.911235955056,Lee Sin,Trundle,Katarina,Corki,Pyke,Zilean,Kha'Zix,Karma,Miss Fortune,Rakan,Mejai's Soulstealer,No_Item,No_Item,No_Item,No_Item,No_Item,Stealth Ward,Boots of Swiftness,Trinity Force,Control Ward,Titanic Hydra,Winged Moonplate,Chain Vest,Oracle Lens,Shadowflame,Dark Seal,Sorcerer's Shoes,Lich Bane,Hextech Alternator,Aether Wisp,Oracle Lens,Rapid Firecannon,Muramana,Ionian Boots of Lucidity,Trinity Force,Immortal Shieldbow,Control Ward,Farsight Alteration,Boots of Swiftness,Bloodsong,No_Item,Umbral Glaive,Serrated Dirk,Ruby Crystal,Oracle Lens,Fiendish Codex,Seraph's Embrace,Fiendish Codex,Fiendish Codex,Ionian Boots of Lucidity,Doran's Ring,Stealth Ward,Pickaxe,Eclipse,Ionian Boots of Lucidity,Spear of Shojin,Phage,Kindlegem,Stealth Ward,Ionian Boots of Lucidity,Redemption,Control Ward,Moonstone Renewer,Dark Seal,Doran's Ring,Oracle Lens,Slightly Magical Footwear,Bloodthirster,The Collector,Doran's Blade,Mortal Reminder,No_Item,Farsight Alteration,Ionian Boots of Lucidity,Locket of the Iron Solari,No_Item,Cloth Armor,Kindlegem,Celestial Opposition,Oracle Lens,Conqueror,Resolve,Lethal Tempo,Inspiration,Dark Harvest,Precision,Conqueror,Inspiration,Hail of Blades,Inspiration,Summon Aery,Precision,Conqueror,Inspiration,Summon Aery,Resolve,Press the Attack,Inspiration,Guardian,Domination,Teleport,Flash,Flash,Smite,Flash,Teleport,Flash,Barrier,Ignite,Flash,Flash,Teleport,Flash,Smite,Flash,Teleport,Barrier,Flash,Flash,Ignite,1,6,1,0,0,0
https://www.op.gg/summoners/euw/Bgurin-4000/matches/uRd1PvnOddqmLEatYsg70J27FUiJZWgM4JUD8kyqUeM%3D/1734431726000,1,26,8,8,28,8,36,73,43,14,20,3,0,1,0,11,2,4,0,54681,43005,13.8,12.8,822,771,33.0,30.9,11676,-11676,2180.9184971098266,1715.228323699422,Karma,Ekko,Yasuo,Caitlyn,Thresh,Gragas,Rengar,Yone,Jinx,Xerath,Malignance,Horizon Focus,Ionian Boots of Lucidity,Kindlegem,Doran's Ring,Aether Wisp,Stealth Ward,Zhonya's Hourglass,Lich Bane,Stormsurge,Slightly Magical Footwear,Amplifying Tome,Dark Seal,Oracle Lens,Doran's Blade,Stridebreaker,Blade of The Ruined King,Berserker's Greaves,Noonquiver,No_Item,Stealth Ward,Berserker's Greaves,Rapid Firecannon,Infinity Edge,The Collector,Cloak of Agility,Doran's Blade,Farsight Alteration,Knight's Vow,Solstice Sleigh,Locket of the Iron Solari,No_Item,Boots of Swiftness,Kindlegem,Oracle Lens,Doran's Ring,Fimbulwinter,Cosmic Drive,Needlessly Large Rod,Ionian Boots of Lucidity,Amplifying Tome,Stealth Ward,Youmuu's Ghostblade,Boots,Serrated Dirk,Serpent's Fang,Tunneler,No_Item,Oracle Lens,Doran's Shield,Tiamat,Phage,Berserker's Greaves,Dagger,Blade of The Ruined King,Stealth Ward,Last Whisper,Infinity Edge,Berserker's Greaves,No_Item,Runaan's Hurricane,No_Item,Farsight Alteration,Luden's Companion,Zaz'Zak's Realmspike,Horizon Focus,Sorcerer's Shoes,No_Item,No_Item,Oracle Lens,Summon Aery,Domination,Dark Harvest,Inspiration,Grasp of the Undying,Precision,Fleet Footwork,Inspiration,Guardian,Domination,Phase Rush,Precision,Conqueror,Domination,Lethal Tempo,Resolve,Lethal Tempo,Sorcery,First Strike,Sorcery,Flash,Teleport,Flash,Smite,Flash,Teleport,Flash,Barrier,Ignite,Flash,Flash,Teleport,Smite,Flash,Flash,Teleport,Barrier,Flash,Flash,Heal,1,6,3,0,0,0
https://www.op.gg/summoners/euw/Bgurin-4000/matches/uRd1PvnOddq6gjhlm3QBO2Rx1c41ojWL1RE-7OOkuyA%3D/1733594590000,1,25,12,12,25,12,35,62,68,18,14,2,1,1,0,9,4,3,1,52675,44465,14.2,12.2,807,803,33.7,33.5,8210,-8210,2199.0533980582522,1856.3058252427184,Ambessa,Jarvan IV,LeBlanc,Ashe,Seraphine,Trundle,Rengar,Zoe,Corki,Nami,Doran's Blade,Eclipse,Spear of Shojin,Plated Steelcaps,The Brutalizer,Long Sword,Stealth Ward,Sundered Sky,Sterak's Gage,Ionian Boots of Lucidity,Ruby Crystal,Warden's Mail,Cloth Armor,Stealth Ward,Doran's Ring,Luden's Companion,Sorcerer's Shoes,Shadowflame,Seeker's Armguard,No_Item,Stealth Ward,Doran's Blade,Phantom Dancer,Kraken Slayer,Berserker's Greaves,Long Sword,No_Item,Farsight Alteration,Dream Maker,Echoes of Helia,No_Item,Forbidden Idol,Moonstone Renewer,Ionian Boots of Lucidity,Oracle Lens,Ravenous Hydra,Boots of Swiftness,Blade of The Ruined King,Phage,Ruby Crystal,No_Item,Stealth Ward,Tiamat,Hubris,Ionian Boots of Lucidity,Serpent's Fang,Last Whisper,Glowing Mote,Oracle Lens,Doran's Ring,Luden's Companion,Control Ward,Horizon Focus,Sorcerer's Shoes,Dark Seal,Farsight Alteration,Doran's Blade,Boots,Scout's Slingshot,Trinity Force,Muramana,Zeal,Farsight Alteration,Shurelya's Battlesong,Oblivion Orb,No_Item,Solstice Sleigh,Imperial Mandate,Boots,Oracle Lens,Grasp of the Undying,Domination,Conqueror,Inspiration,Electrocute,Sorcery,Lethal Tempo,Inspiration,Summon Aery,Resolve,Lethal Tempo,Resolve,First Strike,Domination,Summon Aery,Precision,Conqueror,Resolve,Summon Aery,Domination,Teleport,Flash,Flash,Smite,Flash,Barrier,Flash,Barrier,Flash,Heal,Teleport,Flash,Smite,Flash,Teleport,Flash,Flash,Barrier,Heal,Flash,1,6,1,0,0,0
https://www.op.gg/summoners/euw/Bgurin-4000/matches/uRd1PvnOddr2dgjJHvS702F8yTQx6mlfkGZuThsbHXY%3D/1733592372000,0,26,32,33,26,57,31,66,88,23,20,2,2,0,1,6,10,2,3,58556,63676,14.4,15.2,907,959,30.900000000000002,32.7,-5120,5120,1997.7929411764705,2172.475294117647,Poppy,Kha'Zix,Katarina,Corki,Nautilus,Irelia,Jax,Azir,Ezreal,Braum,Plated Steelcaps,Fimbulwinter,Bramble Vest,Kindlegem,Sundered Sky,Negatron Cloak,Oracle Lens,Long Sword,Profane Hydra,Eclipse,Black Cleaver,The Brutalizer,Ionian Boots of Lucidity,Stealth Ward,Stormsurge,Mejai's Soulstealer,Lich Bane,Sorcerer's Shoes,Shadowflame,Blighting Jewel,Stealth Ward,Mortal Reminder,Plated Steelcaps,Dagger,Trinity Force,Muramana,Zeal,Farsight Alteration,Locket of the Iron Solari,Redemption,Bloodsong,Mercury's Treads,Control Ward,No_Item,Oracle Lens,Pickaxe,Blade of The Ruined King,Hullbreaker,Kraken Slayer,Plated Steelcaps,Steel Sigil,Stealth Ward,Trinity Force,Sterak's Gage,Sundered Sky,Cloth Armor,Plated Steelcaps,Null-Magic Mantle,Stealth Ward,Nashor's Tooth,Zhonya's Hourglass,Shadowflame,Sorcerer's Shoes,Rabadon's Deathcap,No_Item,Farsight Alteration,Caulfield's Warhammer,Ionian Boots of Lucidity,Trinity Force,Muramana,Doran's Blade,No_Item,Farsight Alteration,Locket of the Iron Solari,Ruby Crystal,No_Item,Celestial Opposition,Knight's Vow,Mercury's Treads,Oracle Lens,Grasp of the Undying,Sorcery,Conqueror,Inspiration,Conqueror,Domination,Conqueror,Inspiration,Aftershock,Inspiration,Conqueror,Inspiration,Conqueror,Inspiration,Conqueror,Sorcery,Conqueror,Inspiration,Guardian,Inspiration,Teleport,Flash,Flash,Smite,Teleport,Flash,Flash,Barrier,Flash,Ignite,Teleport,Flash,Flash,Smite,Flash,Teleport,Flash,Barrier,Heal,Flash,1,5,0,0,1,2
https://www.op.gg/summoners/euw/Bgurin-4000/matches/uRd1PvnOddpK02DsFjgYAsuGWxae8a52az_f8PFhrS8%3D/1733589889000,1,27,17,17,27,21,40,52,62,17,20,1,3,1,0,8,3,2,3,58094,48964,15.2,13.8,875,858,32.1,31.5,9130,-9130,2118.7223529411767,1785.7458823529412,Ambessa,Taliyah,Akali,Kalista,Lulu,Kennen,Jarvan IV,Malzahar,Jinx,Braum,Mercury's Treads,Spear of Shojin,Doran's Shield,The Brutalizer,Eclipse,Long Sword,Farsight Alteration,Banshee's Veil,Blackfire Torch,Shadowflame,Dark Seal,Sorcerer's Shoes,Blighting Jewel,Oracle Lens,Needlessly Large Rod,Banshee's Veil,Shadowflame,Stormsurge,Dark Seal,Boots,Oracle Lens,Doran's Blade,Wit's End,Berserker's Greaves,Guinsoo's Rageblade,Chain Vest,Blade of The Ruined King,Farsight Alteration,Dream Maker,Redemption,Synchronized Souls,Ardent Censer,Moonstone Renewer,No_Item,Oracle Lens,Doran's Ring,Blasting Wand,Stormsurge,Sorcerer's Shoes,Shadowflame,Blighting Jewel,Oracle Lens,Spirit Visage,Long Sword,Ionian Boots of Lucidity,Sundered Sky,No_Item,Eclipse,Stealth Ward,Malignance,Void Staff,Sorcerer's Shoes,Shadowflame,Dark Seal,Needlessly Large Rod,Oracle Lens,Doran's Blade,Yun Tal Wildarrows,Zeal,Berserker's Greaves,Scout's Slingshot,Infinity Edge,Farsight Alteration,Solstice Sleigh,Locket of the Iron Solari,Control Ward,Plated Steelcaps,Cloth Armor,Ruby Crystal,Oracle Lens,Grasp of the Undying,Domination,Dark Harvest,Precision,Electrocute,Resolve,Lethal Tempo,Domination,Summon Aery,Resolve,Electrocute,Sorcery,Conqueror,Inspiration,Arcane Comet,Inspiration,Lethal Tempo,Sorcery,Guardian,Inspiration,Flash,Teleport,Flash,Smite,Ignite,Flash,Flash,Barrier,Flash,Heal,Teleport,Flash,Flash,Smite,Teleport,Flash,Flash,Barrier,Exhaust,Flash,1,2,1,0,4,0
https://www.op.gg/summoners/euw/Bgurin-4000/matches/uRd1PvnOddpsEUZzR_l76KuthbSxvDWOBdpGalyN-iI%3D/1733587606000,1,21,5,5,21,5,26,48,39,5,6,0,1,0,0,5,0,0,1,39877,27504,11.4,10.2,611,504,33.1,27.1,12373,-12373,2134.829292929293,1472.4363636363635,Shen,Lee Sin,Malzahar,Jinx,Karma,Kled,Wukong,Azir,Jhin,Janna,Doran's Shield,Heartsteel,Bami's Cinder,Boots,Ruby Crystal,Cloth Armor,Stealth Ward,Plated Steelcaps,Sundered Sky,No_Item,Long Sword,Eclipse,Pickaxe,Stealth Ward,Malignance,Liandry's Torment,Ionian Boots of Lucidity,Blasting Wand,No_Item,No_Item,Stealth Ward,Berserker's Greaves,Zeal,Cull,The Collector,Infinity Edge,Long Sword,Farsight Alteration,Dark Seal,No_Item,Zaz'Zak's Realmspike,Malignance,Ionian Boots of Lucidity,Oblivion Orb,Oracle Lens,Titanic Hydra,Refillable Potion,No_Item,Doran's Shield,Boots,Cloth Armor,Stealth Ward,No_Item,Trinity Force,Serrated Dirk,No_Item,No_Item,Slightly Magical Footwear,Stealth Ward,Doran's Ring,Sorcerer's Shoes,Nashor's Tooth,Ruby Crystal,No_Item,No_Item,Stealth Ward,No_Item,No_Item,Long Sword,Doran's Blade,Infinity Edge,Boots of Swiftness,Farsight Alteration,Boots of Swiftness,Dream Maker,Moonstone Renewer,Dark Seal,Control Ward,No_Item,Oracle Lens,Grasp of the Undying,Inspiration,Conqueror,Inspiration,Arcane Comet,Domination,Lethal Tempo,Sorcery,Arcane Comet,Resolve,Conqueror,Resolve,Conqueror,Inspiration,Hail of Blades,Precision,Dark Harvest,Precision,Summon Aery,Domination,Flash,Teleport,Smite,Flash,Flash,Teleport,Barrier,Flash,Flash,Ignite,Teleport,Flash,Flash,Smite,Flash,Teleport,Barrier,Flash,Heal,Flash,1,6,0,0,0,0
https://www.op.gg/summoners/euw/Bgurin-4000/matches/uRd1PvnOddp_mAAyzMnU2N2xsx-CobJ0bYTEboP3iOY%3D/1733584575000,1,28,9,9,28,18,48,44,29,6,9,2,0,0,0,10,0,2,0,46257,31272,12.2,10.6,661,511,34.1,26.3,14985,-14985,2370.1933884297523,1602.3669421487605,Garen,Viego,Swain,Corki,Nautilus,Shen,Wukong,Sylas,Ezreal,Bard,Stridebreaker,Doran's Shield,Boots of Swiftness,Phantom Dancer,Cloak of Agility,No_Item,Stealth Ward,Control Ward,Sundered Sky,No_Item,Plated Steelcaps,No_Item,Kraken Slayer,Oracle Lens,Fimbulwinter,Riftmaker,Plated Steelcaps,Doran's Ring,Dark Seal,No_Item,Farsight Alteration,Doran's Blade,Trinity Force,Plated Steelcaps,Muramana,Zeal,Dagger,Farsight Alteration,Celestial Opposition,Locket of the Iron Solari,Control Ward,Ruby Crystal,Glowing Mote,Mercury's Treads,Oracle Lens,Refillable Potion,Hollow Radiance,Doran's Shield,Ruby Crystal,Chain Vest,Boots,Stealth Ward,Ruby Crystal,Trinity Force,Black Cleaver,Ruby Crystal,No_Item,Slightly Magical Footwear,Stealth Ward,Doran's Ring,Hextech Rocketbelt,Cosmic Drive,No_Item,Boots,No_Item,Oracle Lens,Trinity Force,Refillable Potion,Doran's Blade,Tear of the Goddess,Ionian Boots of Lucidity,Glowing Mote,Stealth Ward,Dead Man's Plate,Slightly Magical Footwear,Bloodsong,Scout's Slingshot,No_Item,No_Item,Oracle Lens,Phase Rush,Resolve,Conqueror,Inspiration,Conqueror,Sorcery,Conqueror,Inspiration,Aftershock,Precision,Grasp of the Undying,Domination,Conqueror,Inspiration,Conqueror,Resolve,Press the Attack,Inspiration,Guardian,Inspiration,Flash,Ignite,Flash,Smite,Flash,Teleport,Flash,Barrier,Ignite,Flash,Flash,Ignite,Flash,Smite,Flash,Teleport,Flash,Barrier,Ignite,Flash,1,0,3,0,6,0
https://www.op.gg/summoners/euw/Bgurin-4000/matches/uRd1PvnOddoA7PHFklSKU41UC5d2-P1_LIZk_VY35sw%3D/1733582894000,0,12,37,37,12,61,23,96,90,33,48,0,4,0,1,3,11,0,5,52416,66317,14.2,15.8,896,979,30.4,33.2,-13901,13901,1779.7060465116278,2251.693488372093,Gangplank,Kindred,Orianna,Ezreal,Nami,K'Sante,Elise,Ambessa,Caitlyn,Lux,Trinity Force,Serpent's Fang,Lord Dominik's Regards,Noonquiver,Doran's Blade,Plated Steelcaps,Farsight Alteration,The Collector,Kraken Slayer,Cloak of Agility,Mercury's Treads,B. F. Sword,No_Item,Oracle Lens,Seraph's Embrace,Sorcerer's Shoes,No_Item,Refillable Potion,Needlessly Large Rod,Rabadon's Deathcap,Farsight Alteration,Spear of Shojin,Last Whisper,Ionian Boots of Lucidity,Trinity Force,Muramana,No_Item,Farsight Alteration,Boots of Swiftness,Dream Maker,Control Ward,Shurelya's Battlesong,No_Item,Imperial Mandate,Oracle Lens,Doran's Shield,Iceborn Gauntlet,Randuin's Omen,Plated Steelcaps,Negatron Cloak,Thornmail,Stealth Ward,Shadowflame,Stormsurge,Rabadon's Deathcap,Sorcerer's Shoes,Giant's Belt,Blasting Wand,Oracle Lens,Doran's Shield,Spear of Shojin,Plated Steelcaps,Eclipse,Black Cleaver,Steel Sigil,Oracle Lens,Rapid Firecannon,Boots of Swiftness,Infinity Edge,The Collector,Long Sword,Doran's Blade,Farsight Alteration,Luden's Companion,Shurelya's Battlesong,No_Item,Zaz'Zak's Realmspike,Dark Seal,Boots of Swiftness,Oracle Lens,Grasp of the Undying,Inspiration,Press the Attack,Domination,Phase Rush,Precision,Press the Attack,Inspiration,Summon Aery,Domination,Grasp of the Undying,Sorcery,Dark Harvest,Precision,Conqueror,Resolve,First Strike,Sorcery,Arcane Comet,Domination,Flash,Teleport,Flash,Smite,Flash,Teleport,Flash,Cleanse,Flash,Heal,Teleport,Flash,Flash,Smite,Teleport,Flash,Flash,Barrier,Flash,Heal,1,3,0,0,3,3
https://www.op.gg/summoners/euw/Bgurin-4000/matches/uRd1PvnOddqhtP6aC_qN8xMMCC5tLT5elQiNqPbT32M%3D/1733580749000,0,24,39,39,24,47,45,56,76,29,21,0,4,0,2,4,9,0,6,55821,65853,14.2,15.8,849,956,28.8,32.4,-10032,10032,1905.5361445783133,2247.9939759036147,Jayce,Nocturne,Ahri,Jinx,Leona,Irelia,Elise,Ambessa,Kai'Sa,Poppy,Serylda's Grudge,Eclipse,Muramana,Edge of Night,Plated Steelcaps,Serrated Dirk,Oracle Lens,Experimental Hexplate,Stridebreaker,Mercury's Treads,Tunneler,Control Ward,Ruby Crystal,Farsight Alteration,Doran's Ring,Zhonya's Hourglass,Liandry's Torment,Ionian Boots of Lucidity,Malignance,No_Item,Oracle Lens,Doran's Blade,The Collector,Berserker's Greaves,Runaan's Hurricane,Infinity Edge,Last Whisper,Farsight Alteration,Bloodsong,Locket of the Iron Solari,Control Ward,Knight's Vow,Mercury's Treads,No_Item,Oracle Lens,Rectrix,Wit's End,Blade of The Ruined King,Plated Steelcaps,Hullbreaker,Sterak's Gage,Farsight Alteration,Lich Bane,Stormsurge,Needlessly Large Rod,Sorcerer's Shoes,Void Staff,Needlessly Large Rod,Oracle Lens,Doran's Shield,Tunneler,Spear of Shojin,Mercury's Treads,Eclipse,Pickaxe,Oracle Lens,Doran's Blade,Statikk Shiv,Guinsoo's Rageblade,Berserker's Greaves,Zhonya's Hourglass,Nashor's Tooth,Farsight Alteration,Celestial Opposition,Dead Man's Plate,Kindlegem,Mercury's Treads,Null-Magic Mantle,No_Item,Oracle Lens,Conqueror,Inspiration,Conqueror,Domination,Electrocute,Sorcery,Lethal Tempo,Domination,Aftershock,Domination,Conqueror,Resolve,Dark Harvest,Precision,Electrocute,Resolve,Press the Attack,Domination,Aftershock,Inspiration,Flash,Teleport,Flash,Smite,Flash,Teleport,Flash,Barrier,Flash,Ignite,Teleport,Flash,Flash,Smite,Teleport,Flash,Flash,Cleanse,Flash,Ignite,1,3,0,0,3,2
https://www.op.gg/summoners/euw/Bgurin-4000/matches/uRd1PvnOddo7DE954FFW4Yyt9sV6P1mIe_Pg0Lgg8kc%3D/1733578529000,0,4,15,15,4,21,5,26,25,8,5,0,1,0,0,0,3,0,1,24341,31833,9.0,10.0,492,516,32.199999999999996,33.800000000000004,-7492,7492,1599.5514285714285,2091.882857142857,Ambessa,Wukong,Yasuo,Aurora,Alistar,Riven,Vi,Veigar,Nilah,Leona,Plated Steelcaps,Eclipse,No_Item,No_Item,No_Item,Doran's Blade,Stealth Ward,Gustwalker Hatchling,Trinity Force,Long Sword,No_Item,No_Item,Slightly Magical Footwear,Stealth Ward,No_Item,Boots,Dagger,Dagger,Doran's Shield,Blade of The Ruined King,Stealth Ward,Doran's Ring,Malignance,Sorcerer's Shoes,Amplifying Tome,Amplifying Tome,No_Item,Oracle Lens,Locket of the Iron Solari,Boots of Swiftness,No_Item,No_Item,Solstice Sleigh,Control Ward,Oracle Lens,Refillable Potion,Eclipse,Ionian Boots of Lucidity,Doran's Blade,Caulfield's Warhammer,No_Item,Oracle Lens,Gustwalker Hatchling,Control Ward,Slightly Magical Footwear,Sundered Sky,Phage,No_Item,Eye of the Herald,Doran's Ring,Archangel's Staff,Refillable Potion,Ionian Boots of Lucidity,Lost Chapter,Amplifying Tome,Farsight Alteration,Refillable Potion,Immortal Shieldbow,Doran's Blade,The Collector,Plated Steelcaps,Cloak of Agility,Stealth Ward,Bounty of Worlds,Locket of the Iron Solari,Glowing Mote,No_Item,No_Item,Plated Steelcaps,Oracle Lens,Grasp of the Undying,Domination,Conqueror,Inspiration,Lethal Tempo,Resolve,Arcane Comet,Domination,Aftershock,Inspiration,Conqueror,Inspiration,Conqueror,Inspiration,Unsealed Spellbook,Resolve,Conqueror,Inspiration,Aftershock,Precision,Flash,Teleport,Flash,Smite,Flash,Cleanse,Flash,Teleport,Flash,Ignite,Flash,Teleport,Flash,Smite,Flash,Teleport,Flash,Barrier,Ignite,Flash,0,0,0,1,6,0
https://www.op.gg/summoners/euw/Bgurin-4000/matches/uRd1PvnOddroSUl9dRIXpOWe-q7py7NP41WWC4mSR5E%3D/1733577011000,0,26,39,39,26,65,47,67,58,28,21,1,3,1,1,2,7,2,4,57431,65194,14.8,15.6,842,881,28.7,30.0,-7763,7763,1963.9616580310878,2229.4321243523314,Riven,Udyr,Akali,Corki,Karma,Renekton,Vi,Ambessa,Kog'Maw,Soraka,Spear of Shojin,Executioner's Calling,Plated Steelcaps,Long Sword,Death's Dance,Black Cleaver,Oracle Lens,Frozen Heart,Dark Seal,Liandry's Torment,Abyssal Mask,Plated Steelcaps,No_Item,Oracle Lens,Void Staff,Dark Seal,Needlessly Large Rod,Sorcerer's Shoes,Lich Bane,Liandry's Torment,Oracle Lens,No_Item,Trinity Force,Plated Steelcaps,B. F. Sword,Muramana,Mortal Reminder,Farsight Alteration,Zaz'Zak's Realmspike,Moonstone Renewer,Redemption,Ionian Boots of Lucidity,Oblivion Orb,Dark Seal,Oracle Lens,Eclipse,Sterak's Gage,Black Cleaver,Mercury's Treads,Tunneler,Stridebreaker,Stealth Ward,Maw of Malmortius,Sundered Sky,Black Cleaver,Guardian Angel,No_Item,Slightly Magical Footwear,Oracle Lens,Eclipse,Spirit Visage,Sundered Sky,Pickaxe,Ruby Crystal,Boots,Oracle Lens,Rabadon's Deathcap,Tear of the Goddess,Luden's Companion,Shadowflame,Blighting Jewel,No_Item,Farsight Alteration,Celestial Opposition,Redemption,Moonstone Renewer,Forbidden Idol,Forbidden Idol,Ionian Boots of Lucidity,Oracle Lens,Conqueror,Resolve,Conqueror,Resolve,Conqueror,Resolve,Conqueror,Inspiration,Summon Aery,Domination,Press the Attack,Resolve,Conqueror,Inspiration,Grasp of the Undying,Domination,Arcane Comet,Precision,Summon Aery,Resolve,Flash,Ignite,Flash,Smite,Flash,Teleport,Flash,Teleport,Flash,Ignite,Teleport,Flash,Flash,Smite,Flash,Teleport,Flash,Teleport,Heal,Flash,0,4,0,1,2,0
https://www.op.gg/summoners/euw/Bgurin-4000/matches/uRd1PvnOddoAi6V8YSQeZwWqMcoF5m32UNiQxSjJOSE%3D/1733574695000,1,23,3,3,23,3,25,32,36,3,4,1,1,0,0,3,0,1,1,32776,24356,10.2,9.6,459,493,30.099999999999998,32.2,8420,-8420,2143.0461538461536,1592.5076923076922,Ambessa,Vi,Gragas,Corki,Lulu,Yasuo,Diana,Aurora,Ashe,Senna,Eclipse,Sundered Sky,Cloth Armor,Control Ward,Boots,No_Item,Oracle Lens,Phage,Sundered Sky,Kindlegem,Mercury's Treads,Mosstomper Seedling,No_Item,Eye of the Herald,Control Ward,Cosmic Drive,Dark Seal,Tear of the Goddess,No_Item,No_Item,Stealth Ward,Doran's Blade,Plated Steelcaps,Caulfield's Warhammer,Trinity Force,Long Sword,Tear of the Goddess,Farsight Alteration,Dream Maker,Boots of Swiftness,Moonstone Renewer,Forbidden Idol,Ruby Crystal,No_Item,Oracle Lens,Doran's Shield,Recurve Bow,Hearthbound Axe,Long Sword,Refillable Potion,Boots,Stealth Ward,Nashor's Tooth,Symbiotic Soles,No_Item,Dark Seal,No_Item,No_Item,Stealth Ward,Doran's Ring,Luden's Companion,Sorcerer's Shoes,Amplifying Tome,No_Item,No_Item,Stealth Ward,Doran's Blade,Refillable Potion,Recurve Bow,Berserker's Greaves,Hearthbound Axe,Long Sword,Farsight Alteration,Bloodsong,No_Item,No_Item,Kindlegem,Phage,Boots of Swiftness,Oracle Lens,Grasp of the Undying,Domination,Conqueror,Inspiration,Phase Rush,Precision,Conqueror,Inspiration,Summon Aery,Resolve,Grasp of the Undying,Precision,Conqueror,Inspiration,Grasp of the Undying,Precision,Lethal Tempo,Inspiration,Grasp of the Undying,Precision,Flash,Teleport,Flash,Smite,Flash,Teleport,Cleanse,Flash,Flash,Heal,Flash,Teleport,Flash,Smite,Teleport,Flash,Flash,Barrier,Flash,Heal,1,3,0,0,3,0
https://www.op.gg/summoners/euw/Bgurin-4000/matches/uRd1PvnOddqzY_XvRPNoDigxJ2233LEOVP4_mBy55A4%3D/1733572767000,0,8,14,14,9,20,7,37,42,12,15,1,0,0,0,0,3,1,0,25937,30654,9.2,9.6,414,502,27.0,33.0,-4717,4717,1678.2764705882355,1983.494117647059,Urgot,Elise,Ahri,Ashe,Senna,Olaf,Amumu,Yone,Corki,Sona,Doran's Shield,Cull,Plated Steelcaps,Black Cleaver,Long Sword,No_Item,Stealth Ward,Sorcerer's Shoes,Stormsurge,Amplifying Tome,Dark Seal,No_Item,Gustwalker Hatchling,Oracle Lens,Doran's Ring,Dark Seal,Boots,Malignance,No_Item,No_Item,Oracle Lens,Recurve Bow,Rectrix,Berserker's Greaves,Doran's Blade,Cull,Hearthbound Axe,Stealth Ward,Bloodsong,Boots of Swiftness,Kindlegem,Control Ward,Phage,No_Item,Oracle Lens,Doran's Shield,Stridebreaker,Long Sword,Ruby Crystal,Plated Steelcaps,Control Ward,Stealth Ward,Gustwalker Hatchling,Sunfire Aegis,Control Ward,Mercury's Treads,No_Item,No_Item,Oracle Lens,Berserker's Greaves,Blade of The Ruined King,No_Item,Doran's Shield,No_Item,No_Item,Oracle Lens,Doran's Blade,Tear of the Goddess,Trinity Force,Mercury's Treads,Caulfield's Warhammer,Long Sword,Farsight Alteration,Bloodsong,Boots of Swiftness,Echoes of Helia,Dark Seal,Amplifying Tome,Faerie Charm,Oracle Lens,Phase Rush,Resolve,Dark Harvest,Precision,Electrocute,Sorcery,Lethal Tempo,Inspiration,Grasp of the Undying,Precision,Conqueror,Inspiration,Aftershock,Domination,Fleet Footwork,Resolve,Conqueror,Inspiration,Summon Aery,Resolve,Flash,Teleport,Flash,Smite,Teleport,Flash,Barrier,Flash,Flash,Heal,Ghost,Flash,Flash,Smite,Flash,Teleport,Flash,Teleport,Flash,Heal,0,0,0,0,6,0
https://www.op.gg/summoners/euw/Bgurin-4000/matches/uRd1PvnOddopNhpL7JYWV4bOzrgXJDZtpyy3YESxLBM%3D/1733570408000,0,14,26,26,14,42,22,69,79,29,26,0,3,0,1,2,11,0,4,46505,58696,13.0,14.2,795,917,30.4,35.1,-12191,12191,1776.0703517587938,2241.656281407035,Corki,Viego,Aurora,Kai'Sa,Leona,Yone,Elise,Smolder,Samira,Rell,Trinity Force,Muramana,Lord Dominik's Regards,Serrated Dirk,Boots,Cloth Armor,Stealth Ward,Sundered Sky,Kraken Slayer,Plated Steelcaps,Control Ward,Ruby Crystal,Ruby Crystal,Oracle Lens,Shadowflame,Malignance,Sorcerer's Shoes,Dark Seal,No_Item,No_Item,Stealth Ward,Kraken Slayer,Plated Steelcaps,Doran's Blade,Terminus,No_Item,Guinsoo's Rageblade,Farsight Alteration,Bloodsong,Locket of the Iron Solari,Control Ward,Cloth Armor,Bramble Vest,Plated Steelcaps,Oracle Lens,Berserker's Greaves,Dagger,Stridebreaker,Blade of The Ruined King,No_Item,Doran's Shield,Farsight Alteration,Sorcerer's Shoes,Ruby Crystal,No_Item,Mejai's Soulstealer,Stormsurge,Shadowflame,Oracle Lens,Spear of Shojin,Rapid Firecannon,Long Sword,No_Item,Ionian Boots of Lucidity,Essence Reaver,Farsight Alteration,Mercury's Treads,Hubris,The Collector,Infinity Edge,Lord Dominik's Regards,Long Sword,Farsight Alteration,Celestial Opposition,Locket of the Iron Solari,Bramble Vest,Ionian Boots of Lucidity,Ruby Crystal,Zeke's Convergence,Oracle Lens,Conqueror,Inspiration,Conqueror,Inspiration,Electrocute,Sorcery,Press the Attack,Inspiration,Aftershock,Inspiration,Fleet Footwork,Resolve,Dark Harvest,Precision,Grasp of the Undying,Precision,Conqueror,Sorcery,Aftershock,Inspiration,Flash,Teleport,Flash,Smite,Flash,Teleport,Flash,Barrier,Flash,Ignite,Teleport,Flash,Flash,Smite,Teleport,Flash,Flash,Cleanse,Flash,Ignite,0,3,0,1,3,3
https://www.op.gg/summoners/euw/Bgurin-4000/matches/uRd1PvnOddqJUttHIOPewOyp6BW6vXW9Jbg1zRarGmM%3D/1733568133000,1,31,14,14,31,23,34,57,72,29,16,2,1,1,0,11,1,3,1,58506,44329,14.2,13.2,866,749,34.3,29.6,14177,-14177,2301.236,1743.6073333333334,Gnar,Morgana,Irelia,Corki,Nami,Ambessa,Elise,Smolder,Ezreal,Karma,Warden's Mail,Sterak's Gage,Plated Steelcaps,Giant's Belt,Trinity Force,Wit's End,Farsight Alteration,Blackfire Torch,Liandry's Torment,Shattered Armguard,Dark Seal,No_Item,Sorcerer's Shoes,Oracle Lens,Kraken Slayer,Blade of The Ruined King,Tunneler,Wit's End,Plated Steelcaps,Ruby Crystal,Farsight Alteration,Trinity Force,Muramana,Rapid Firecannon,No_Item,Boots,Doran's Blade,Farsight Alteration,Dream Maker,Shurelya's Battlesong,Control Ward,Bandleglass Mirror,Imperial Mandate,Ionian Boots of Lucidity,Oracle Lens,Boots,Ravenous Hydra,Eclipse,Tunneler,Ruby Crystal,No_Item,Farsight Alteration,Sorcerer's Shoes,Stormsurge,Dark Seal,Shadowflame,Blighting Jewel,Control Ward,Oracle Lens,Spear of Shojin,Refillable Potion,Ionian Boots of Lucidity,Essence Reaver,Executioner's Calling,Long Sword,Farsight Alteration,Doran's Blade,Muramana,Trinity Force,Pickaxe,Ruby Crystal,Ionian Boots of Lucidity,Farsight Alteration,Redemption,Dream Maker,Ionian Boots of Lucidity,Moonstone Renewer,Amplifying Tome,No_Item,Oracle Lens,Grasp of the Undying,Precision,Arcane Comet,Inspiration,Conqueror,Inspiration,Conqueror,Resolve,Summon Aery,Inspiration,Grasp of the Undying,Domination,Dark Harvest,Precision,Grasp of the Undying,Precision,Press the Attack,Inspiration,Arcane Comet,Resolve,Flash,Teleport,Flash,Smite,Teleport,Flash,Flash,Barrier,Flash,Heal,Flash,Teleport,Flash,Smite,Teleport,Flash,Flash,Barrier,Heal,Flash,1,6,3,0,0,0
https://www.op.gg/summoners/euw/Bgurin-4000/matches/uRd1PvnOddpETSp_Ok2I14L-6DkGRd6yTnkS4OMWQXc%3D/1733566155000,1,26,9,9,26,20,41,33,52,11,6,0,2,0,0,10,0,0,2,48065,34434,12.8,11.2,719,608,33.2,28.099999999999998,13631,-13631,2221.185606060606,1591.2681818181818,Sylas,Xin Zhao,Anivia,Corki,Bard,Gragas,Wukong,Yasuo,Varus,Sona,Dark Seal,Seeker's Armguard,Hextech Rocketbelt,Cosmic Drive,Doran's Ring,Boots,Oracle Lens,Plated Steelcaps,Titanic Hydra,Sundered Sky,Control Ward,Tunneler,Pickaxe,Oracle Lens,Doran's Ring,Haunting Guise,Rod of Ages,Seraph's Embrace,Sorcerer's Shoes,Amplifying Tome,Farsight Alteration,Muramana,Executioner's Calling,Doran's Blade,Trinity Force,Last Whisper,Boots,Farsight Alteration,Dead Man's Plate,Statikk Shiv,Bloodsong,No_Item,Slightly Magical Footwear,No_Item,Oracle Lens,Fimbulwinter,Mercury's Treads,Refillable Potion,Cosmic Drive,No_Item,No_Item,Stealth Ward,Black Cleaver,Boots of Swiftness,No_Item,No_Item,Trinity Force,No_Item,Stealth Ward,Blade of The Ruined King,Pickaxe,Berserker's Greaves,Cloak of Agility,No_Item,No_Item,Farsight Alteration,Manamune,Youmuu's Ghostblade,Doran's Blade,Glowing Mote,Boots,Refillable Potion,Farsight Alteration,Bloodsong,Echoes of Helia,Bandleglass Mirror,No_Item,Glowing Mote,Boots of Swiftness,Oracle Lens,Conqueror,Resolve,Conqueror,Inspiration,Arcane Comet,Precision,Conqueror,Inspiration,Guardian,Inspiration,Phase Rush,Precision,Conqueror,Inspiration,Lethal Tempo,Resolve,Arcane Comet,Precision,Summon Aery,Resolve,Teleport,Flash,Flash,Smite,Flash,Teleport,Teleport,Flash,Ignite,Flash,Teleport,Flash,Flash,Smite,Flash,Teleport,Flash,Barrier,Flash,Heal,1,5,2,0,1,0
https://www.op.gg/summoners/euw/Bgurin-4000/matches/uRd1PvnOddpT_IQuBG-5aPWsiMi3QLdC_bLoBCMlaVo%3D/1733501831000,1,21,10,10,21,15,29,53,54,11,10,2,1,0,0,9,1,2,1,46891,36036,12.6,11.4,713,615,33.1,28.599999999999998,10855,-10855,2171.7936842105264,1669.0357894736842,Jayce,Wukong,Hwei,Tahm Kench,Senna,Malphite,Graves,Ahri,Caitlyn,Janna,Doran's Blade,Muramana,Youmuu's Ghostblade,Hexdrinker,Caulfield's Warhammer,Slightly Magical Footwear,Farsight Alteration,Black Cleaver,No_Item,Mercury's Treads,Ruby Crystal,Trinity Force,No_Item,Stealth Ward,Rabadon's Deathcap,No_Item,Seraph's Embrace,Dark Seal,Sorcerer's Shoes,Doran's Ring,Oracle Lens,Doran's Shield,No_Item,Unending Despair,Null-Magic Mantle,Heartsteel,Plated Steelcaps,Stealth Ward,Bloodsong,Boots of Swiftness,Black Cleaver,Zeal,Scout's Slingshot,No_Item,Oracle Lens,Refillable Potion,Doran's Ring,Sunfire Aegis,Plated Steelcaps,Thornmail,Null-Magic Mantle,Oracle Lens,Immortal Shieldbow,The Collector,Boots,Long Sword,Cloak of Agility,Long Sword,Oracle Lens,Malignance,Liandry's Torment,Dark Seal,Ionian Boots of Lucidity,No_Item,Doran's Ring,Oracle Lens,Doran's Blade,Boots,The Collector,Executioner's Calling,Last Whisper,Dagger,Farsight Alteration,Zaz'Zak's Realmspike,Imperial Mandate,Dark Seal,Aether Wisp,Boots of Swiftness,Control Ward,Oracle Lens,Conqueror,Inspiration,Conqueror,Inspiration,Arcane Comet,Precision,Guardian,Inspiration,Summon Aery,Inspiration,Arcane Comet,Resolve,Dark Harvest,Precision,Electrocute,Sorcery,Lethal Tempo,Domination,Hail of Blades,Sorcery,Flash,Teleport,Flash,Smite,Flash,Teleport,Ghost,Teleport,Flash,Heal,Flash,Teleport,Flash,Smite,Teleport,Flash,Flash,Barrier,Flash,Heal,1,6,1,0,0,0
https://www.op.gg/summoners/euw/Bgurin-4000/matches/uRd1PvnOddrzLFKG0bijTiGnqQmWRqsJ2GAyWvu37BI%3D/1733500101000,0,12,19,19,12,23,22,37,42,10,11,0,2,0,0,2,1,0,2,35216,35405,10.2,10.6,595,565,31.2,29.7,-189,189,1844.6476190476187,1854.5476190476188,Renekton,Nidalee,Taliyah,Corki,Camille,Olaf,Elise,Kassadin,Jhin,Leona,Doran's Shield,Refillable Potion,Black Cleaver,Boots,Sterak's Gage,No_Item,Oracle Lens,Shadowflame,Hextech Rocketbelt,Dark Seal,Blighting Jewel,Sorcerer's Shoes,Control Ward,Oracle Lens,Mercury's Treads,Luden's Companion,Dark Seal,Amplifying Tome,Doran's Ring,Blasting Wand,Stealth Ward,Doran's Blade,Tear of the Goddess,Long Sword,Trinity Force,Mercury's Treads,Long Sword,Farsight Alteration,Bloodsong,Refillable Potion,Pickaxe,Caulfield's Warhammer,Mercury's Treads,Long Sword,Oracle Lens,Stridebreaker,Refillable Potion,No_Item,Tunneler,Doran's Blade,Plated Steelcaps,Stealth Ward,Liandry's Torment,Stormsurge,Dark Seal,Control Ward,Boots,No_Item,Oracle Lens,Mejai's Soulstealer,Refillable Potion,No_Item,Seraph's Embrace,Mercury's Treads,Rod of Ages,Oracle Lens,Doran's Blade,Refillable Potion,Boots of Swiftness,The Collector,B. F. Sword,No_Item,Farsight Alteration,Bloodsong,Locket of the Iron Solari,Control Ward,No_Item,No_Item,Mercury's Treads,Oracle Lens,Conqueror,Resolve,Dark Harvest,Precision,Electrocute,Precision,Conqueror,Inspiration,Hail of Blades,Resolve,Conqueror,Inspiration,Dark Harvest,Precision,First Strike,Domination,Dark Harvest,Precision,Aftershock,Inspiration,Teleport,Flash,Smite,Flash,Ignite,Flash,Flash,Cleanse,Ignite,Flash,Ghost,Teleport,Flash,Smite,Flash,Teleport,Flash,Barrier,Flash,Ignite,1,3,0,0,0,0
https://www.op.gg/summoners/euw/Bgurin-4000/matches/uRd1PvnOddpwfu1nt2lRdvL-ZCZalQ7iOA5OHHWEAow%3D/1733497550000,1,24,5,6,24,13,45,58,62,15,18,0,3,1,0,9,0,1,3,48645,35580,12.4,11.2,684,657,30.4,29.3,13065,-13065,2162.0,1581.3333333333333,Corki,Jarvan IV,Ahri,Ziggs,Zac,Gnar,Master Yi,Akali,Seraphine,Nami,Zeal,Trinity Force,Plated Steelcaps,Scout's Slingshot,The Collector,Doran's Blade,Farsight Alteration,Black Cleaver,Ionian Boots of Lucidity,No_Item,Kindlegem,Sundered Sky,Spectre's Cowl,Stealth Ward,Malignance,Ionian Boots of Lucidity,Dark Seal,Liandry's Torment,Amplifying Tome,Needlessly Large Rod,Oracle Lens,Doran's Ring,Needlessly Large Rod,Shattered Armguard,Seraph's Embrace,Dark Seal,Sorcerer's Shoes,Farsight Alteration,Celestial Opposition,Locket of the Iron Solari,Zeke's Convergence,Ionian Boots of Lucidity,Dark Seal,Negatron Cloak,Oracle Lens,Doran's Shield,Refillable Potion,Plated Steelcaps,Trinity Force,Negatron Cloak,Ruby Crystal,Stealth Ward,Guinsoo's Rageblade,Blade of The Ruined King,Boots,Dagger,Dagger,No_Item,Oracle Lens,Shadowflame,Hextech Rocketbelt,Amplifying Tome,Mercury's Treads,Dark Seal,Doran's Shield,Oracle Lens,Doran's Ring,Seraph's Embrace,Amplifying Tome,Ionian Boots of Lucidity,Ruby Crystal,Amplifying Tome,Farsight Alteration,Imperial Mandate,Dream Maker,Amplifying Tome,No_Item,Ionian Boots of Lucidity,Glowing Mote,Oracle Lens,Conqueror,Sorcery,Conqueror,Inspiration,Electrocute,Sorcery,Arcane Comet,Precision,Aftershock,Precision,Grasp of the Undying,Precision,Lethal Tempo,Domination,Fleet Footwork,Resolve,Conqueror,Sorcery,Summon Aery,Domination,Flash,Teleport,Flash,Smite,Teleport,Flash,Flash,Teleport,Flash,Ignite,Teleport,Flash,Flash,Smite,Flash,Teleport,Flash,Teleport,Flash,Heal,1,6,1,0,0,0
https://www.op.gg/summoners/euw/Bgurin-4000/matches/uRd1PvnOddqcfPkZvFldtXqnod-pCNYM9dL5F3xy98o%3D/1733495587000,0,13,19,19,13,36,17,54,50,16,17,1,1,0,0,2,2,1,1,34620,36105,10.4,10.8,596,565,32.4,30.7,-1485,1485,1876.1806451612904,1956.6580645161291,Ambessa,Nocturne,Akali,Ashe,Blitzcrank,Yone,Elise,Anivia,Swain,Camille,Doran's Shield,Maw of Malmortius,No_Item,Eclipse,Boots,No_Item,Oracle Lens,No_Item,Stridebreaker,Mercury's Treads,Tunneler,Ruby Crystal,Pickaxe,Eye of the Herald,Shadowflame,Stormsurge,No_Item,Boots,Dark Seal,Doran's Ring,Oracle Lens,Doran's Blade,Berserker's Greaves,Kraken Slayer,Negatron Cloak,No_Item,No_Item,Farsight Alteration,Synchronized Souls,No_Item,Celestial Opposition,Trailblazer,No_Item,No_Item,Oracle Lens,Berserker's Greaves,Refillable Potion,Blade of The Ruined King,Long Sword,No_Item,Doran's Shield,Stealth Ward,Blasting Wand,Dark Seal,No_Item,Sorcerer's Shoes,No_Item,Stormsurge,Oracle Lens,Doran's Ring,Fated Ashes,Boots of Swiftness,Malignance,Ruby Crystal,Amplifying Tome,Farsight Alteration,Blackfire Torch,Kindlegem,Aether Wisp,Plated Steelcaps,No_Item,Doran's Ring,Farsight Alteration,Bloodsong,Sundered Sky,Long Sword,Long Sword,Boots,Long Sword,Oracle Lens,Grasp of the Undying,Domination,Conqueror,Domination,Conqueror,Resolve,Lethal Tempo,Inspiration,Glacial Augment,Sorcery,Fleet Footwork,Resolve,Dark Harvest,Inspiration,Phase Rush,Precision,Conqueror,Resolve,Hail of Blades,Resolve,Teleport,Flash,Flash,Smite,Flash,Teleport,Flash,Barrier,Flash,Ignite,Teleport,Flash,Flash,Smite,Flash,Teleport,Flash,Teleport,Flash,Ignite,1,4,0,0,2,0
https://www.op.gg/summoners/euw/Bgurin-4000/matches/uRd1PvnOddrKECkkKMdfJtVj94MIE1cY4m9tJK65m9Q%3D/1733494030000,1,34,30,30,34,57,76,78,93,21,21,3,2,1,1,8,4,4,3,65758,61898,15.6,15.6,911,915,28.7,28.7,3860,-3860,2071.377,1949.787,Aurora,Viego,Ahri,Ezreal,Nautilus,Yasuo,Wukong,Vex,Corki,Rell,Luden's Companion,Shadowflame,Control Ward,Sorcerer's Shoes,No_Item,Zhonya's Hourglass,Oracle Lens,Sundered Sky,Kraken Slayer,Warden's Mail,Sterak's Gage,Giant's Belt,Plated Steelcaps,Oracle Lens,Malignance,Liandry's Torment,Needlessly Large Rod,Needlessly Large Rod,Void Staff,Ionian Boots of Lucidity,Farsight Alteration,Control Ward,Trinity Force,Ionian Boots of Lucidity,Muramana,Spear of Shojin,Bloodthirster,Farsight Alteration,Control Ward,Bloodsong,Locket of the Iron Solari,Plated Steelcaps,Giant's Belt,Abyssal Mask,Oracle Lens,Immortal Shieldbow,Berserker's Greaves,No_Item,Blade of The Ruined King,Infinity Edge,No_Item,Oracle Lens,Abyssal Mask,Pickaxe,Kindlegem,Boots of Swiftness,Trinity Force,Sundered Sky,Stealth Ward,Needlessly Large Rod,Luden's Companion,Shadowflame,Sorcerer's Shoes,Dark Seal,Needlessly Large Rod,Oracle Lens,Infinity Edge,Trinity Force,Muramana,Mortal Reminder,Mercury's Treads,Zeal,Farsight Alteration,Celestial Opposition,Zeke's Convergence,Locket of the Iron Solari,Ionian Boots of Lucidity,Kindlegem,Control Ward,Oracle Lens,Grasp of the Undying,Precision,Conqueror,Inspiration,Electrocute,Sorcery,Conqueror,Inspiration,Guardian,Inspiration,Lethal Tempo,Resolve,Conqueror,Inspiration,Electrocute,Sorcery,Conqueror,Inspiration,Aftershock,Inspiration,Teleport,Flash,Flash,Smite,Teleport,Flash,Flash,Barrier,Flash,Ignite,Teleport,Flash,Flash,Smite,Flash,Teleport,Barrier,Flash,Flash,Ignite,0,3,2,1,3,0
https://www.op.gg/summoners/euw/Bgurin-4000/matches/uRd1PvnOddovC84xo634eMGO_OXUVkOzNLtOXLO3Kvw%3D/1733491636000,1,29,19,19,29,35,50,119,89,37,50,3,2,1,0,7,6,4,2,62475,58721,15.4,14.4,910,955,28.3,29.6,3754,-3754,1947.272727272727,1830.264935064935,Ashe,Wukong,Akali,Jax,Renata Glasc,Aurora,Kindred,Yasuo,Corki,Nami,Trinity Force,Kraken Slayer,Doran's Blade,Berserker's Greaves,Terminus,Dagger,Farsight Alteration,Black Cleaver,No_Item,Negatron Cloak,Plated Steelcaps,Sundered Sky,Trinity Force,Stealth Ward,Seeker's Armguard,Stormsurge,Dark Seal,Shadowflame,Needlessly Large Rod,Sorcerer's Shoes,Oracle Lens,Trinity Force,Sterak's Gage,No_Item,Sundered Sky,Mercury's Treads,No_Item,Stealth Ward,Celestial Opposition,Redemption,Locket of the Iron Solari,Ionian Boots of Lucidity,Kindlegem,Forbidden Idol,Oracle Lens,Cosmic Drive,Malignance,Sorcerer's Shoes,No_Item,Hextech Alternator,Needlessly Large Rod,Farsight Alteration,Black Cleaver,Trinity Force,Plated Steelcaps,Zeal,Scout's Slingshot,No_Item,Oracle Lens,Doran's Blade,Berserker's Greaves,Stridebreaker,Cloak of Agility,Immortal Shieldbow,Blade of The Ruined King,Stealth Ward,Trinity Force,Muramana,Plated Steelcaps,Doran's Blade,Rapid Firecannon,Infinity Edge,Farsight Alteration,Imperial Mandate,Shurelya's Battlesong,Solstice Sleigh,Redemption,Control Ward,Ionian Boots of Lucidity,Oracle Lens,Press the Attack,Inspiration,Conqueror,Inspiration,Electrocute,Resolve,Fleet Footwork,Resolve,Guardian,Domination,Arcane Comet,Domination,Conqueror,Domination,Lethal Tempo,Resolve,Conqueror,Inspiration,Summon Aery,Inspiration,Flash,Barrier,Flash,Smite,Teleport,Ignite,Flash,Teleport,Flash,Heal,Teleport,Flash,Flash,Smite,Flash,Teleport,Flash,Cleanse,Heal,Flash,0,3,1,1,3,0
https://www.op.gg/summoners/euw/Bgurin-4000/matches/uRd1PvnOddoprMreVclGWNDB5hCChTv1F1e4n8U18ME%3D/1733489182000,0,25,28,28,25,55,42,85,80,26,28,0,3,0,1,3,6,0,4,56278,58763,14.2,15.2,903,898,31.5,31.3,-2485,2485,1968.343842364532,2055.2576354679804,Ambessa,Rengar,Gragas,Kalista,Renata Glasc,Zac,Wukong,Azir,Corki,Alistar,Spear of Shojin,Executioner's Calling,Mercury's Treads,Eclipse,Pickaxe,Kindlegem,Stealth Ward,Sundered Sky,Plated Steelcaps,Pickaxe,Black Cleaver,Eclipse,Steel Sigil,Oracle Lens,Seeker's Armguard,Seraph's Embrace,Cosmic Drive,Ionian Boots of Lucidity,Doran's Ring,No_Item,Farsight Alteration,Plated Steelcaps,Hearthbound Axe,Blade of The Ruined King,Guinsoo's Rageblade,Wit's End,Doran's Blade,Farsight Alteration,Celestial Opposition,Redemption,Locket of the Iron Solari,Kindlegem,Ionian Boots of Lucidity,No_Item,Oracle Lens,Unending Despair,Thornmail,Sunfire Aegis,Plated Steelcaps,Ruby Crystal,Dark Seal,Stealth Ward,No_Item,Bramble Vest,Sundered Sky,Boots of Swiftness,Trinity Force,Black Cleaver,Stealth Ward,Rylai's Crystal Scepter,Nashor's Tooth,Zhonya's Hourglass,Plated Steelcaps,Needlessly Large Rod,Needlessly Large Rod,Farsight Alteration,Trinity Force,Muramana,Infinity Edge,Plated Steelcaps,No_Item,No_Item,Farsight Alteration,Zeke's Convergence,Locket of the Iron Solari,Celestial Opposition,Ionian Boots of Lucidity,Control Ward,Ruby Crystal,Oracle Lens,Grasp of the Undying,Domination,Conqueror,Resolve,Phase Rush,Precision,Lethal Tempo,Resolve,Guardian,Domination,Grasp of the Undying,Precision,Conqueror,Inspiration,Summon Aery,Precision,Conqueror,Inspiration,Aftershock,Inspiration,Flash,Teleport,Flash,Smite,Teleport,Flash,Flash,Barrier,Flash,Heal,Flash,Teleport,Flash,Smite,Teleport,Flash,Barrier,Flash,Flash,Ignite,1,6,0,0,0,0
https://www.op.gg/summoners/euw/Bgurin-4000/matches/uRd1PvnOddruyzn7u5uo2nEZtXpvpZgjZrf_Bblsric%3D/1733486000000,0,10,19,20,10,32,12,29,44,12,9,0,2,0,0,4,2,0,2,33841,33651,10.0,10.6,543,517,32.0,30.3,190,-190,1984.6601503759398,1973.5172932330827,Irelia,Dr. Mundo,Veigar,Caitlyn,Senna,Jax,Elise,Seraphine,Yone,Rell,Refillable Potion,Blade of The Ruined King,Mercury's Treads,Kraken Slayer,Doran's Blade,No_Item,Stealth Ward,Gustwalker Hatchling,Heartsteel,Cloth Armor,No_Item,Ruby Crystal,Slightly Magical Footwear,Oracle Lens,Seraph's Embrace,Refillable Potion,Ionian Boots of Lucidity,Dark Seal,Lost Chapter,Amplifying Tome,Farsight Alteration,Doran's Blade,Berserker's Greaves,The Collector,Pickaxe,B. F. Sword,No_Item,Farsight Alteration,Dream Maker,Control Ward,Locket of the Iron Solari,Redemption,Boots of Swiftness,No_Item,Oracle Lens,Trinity Force,Control Ward,Boots,Doran's Shield,No_Item,No_Item,Stealth Ward,Stormsurge,Sorcerer's Shoes,Haunting Guise,No_Item,No_Item,Dark Seal,Oracle Lens,Refillable Potion,Doran's Ring,Ionian Boots of Lucidity,Seraph's Embrace,Haunting Guise,Amplifying Tome,Farsight Alteration,Doran's Shield,Refillable Potion,No_Item,Blade of The Ruined King,Noonquiver,Berserker's Greaves,Farsight Alteration,Bloodsong,Trailblazer,Refillable Potion,Ionian Boots of Lucidity,Ruby Crystal,Control Ward,Oracle Lens,Press the Attack,Domination,Fleet Footwork,Inspiration,First Strike,Sorcery,Lethal Tempo,Domination,Grasp of the Undying,Precision,Grasp of the Undying,Sorcery,Dark Harvest,Precision,Conqueror,Sorcery,Lethal Tempo,Resolve,Aftershock,Inspiration,Teleport,Flash,Ghost,Smite,Flash,Teleport,Flash,Cleanse,Flash,Heal,Flash,Teleport,Flash,Smite,Flash,Teleport,Flash,Teleport,Flash,Ignite,1,5,0,0,1,0
https://www.op.gg/summoners/euw/Bgurin-4000/matches/uRd1PvnOddp6ExmAVG5N-vXbE59Bf9UNNvLIASoKU1Q%3D/1733484434000,0,14,24,24,14,38,21,70,104,44,42,0,4,0,1,2,9,0,5,44523,54400,12.6,14.0,840,848,33.7,34.0,-9877,9877,1793.2875,2191.1111111111113,Cassiopeia,Graves,Yone,Jinx,Thresh,Kennen,Wukong,Veigar,Xayah,Rakan,Seeker's Armguard,Rod of Ages,Seraph's Embrace,Needlessly Large Rod,No_Item,No_Item,Farsight Alteration,The Collector,Youmuu's Ghostblade,Last Whisper,Long Sword,Boots,Cloak of Agility,Oracle Lens,No_Item,Stridebreaker,Berserker's Greaves,Blade of The Ruined King,No_Item,No_Item,Farsight Alteration,The Collector,Berserker's Greaves,Runaan's Hurricane,Infinity Edge,Doran's Blade,No_Item,Farsight Alteration,Solstice Sleigh,Locket of the Iron Solari,Kindlegem,Ionian Boots of Lucidity,Forbidden Idol,Control Ward,Oracle Lens,Liandry's Torment,Zhonya's Hourglass,Control Ward,Doran's Blade,Amplifying Tome,Sorcerer's Shoes,Oracle Lens,Black Cleaver,Boots of Swiftness,No_Item,Sundered Sky,Trinity Force,No_Item,Stealth Ward,Seraph's Embrace,No_Item,Rabadon's Deathcap,Frozen Heart,Dark Seal,Ionian Boots of Lucidity,Farsight Alteration,Essence Reaver,Mortal Reminder,Berserker's Greaves,Navori Flickerblade,Cloak of Agility,B. F. Sword,Farsight Alteration,No_Item,Solstice Sleigh,Locket of the Iron Solari,Zeke's Convergence,Ionian Boots of Lucidity,No_Item,Oracle Lens,Conqueror,Sorcery,Dark Harvest,Precision,Fleet Footwork,Resolve,Lethal Tempo,Domination,Aftershock,Inspiration,Electrocute,Sorcery,Conqueror,Inspiration,First Strike,Sorcery,Lethal Tempo,Inspiration,Guardian,Domination,Flash,Teleport,Flash,Smite,Teleport,Flash,Flash,Barrier,Flash,Ignite,Flash,Teleport,Flash,Smite,Flash,Teleport,Flash,Barrier,Heal,Flash,0,6,0,1,0,2
https://www.op.gg/summoners/euw/Bgurin-4000/matches/uRd1PvnOddpbgwbI1HhMYfFYKWI2mV4pzSGMZmd3ss0%3D/1733482620000,1,17,7,7,17,8,21,37,30,10,6,2,0,0,0,11,0,2,0,42340,27881,11.6,9.8,664,516,37.1,28.8,14459,-14459,2357.8562874251497,1552.6544910179641,Yone,Elise,Aurora,Ashe,Bard,Corki,Master Yi,Akali,Jhin,Pyke,Doran's Shield,Blade of The Ruined King,Noonquiver,Berserker's Greaves,Cloth Armor,No_Item,Stealth Ward,Hextech Alternator,Needlessly Large Rod,Sorcerer's Shoes,Dark Seal,Stormsurge,No_Item,Oracle Lens,Doran's Ring,Liandry's Torment,Dark Seal,Amplifying Tome,Sorcerer's Shoes,Glowing Mote,Farsight Alteration,Statikk Shiv,Phantom Dancer,Vampiric Scepter,Doran's Blade,Berserker's Greaves,No_Item,Farsight Alteration,Dead Man's Plate,Scout's Slingshot,Bloodsong,Rectrix,Pickaxe,Slightly Magical Footwear,Oracle Lens,Trinity Force,Muramana,Boots,No_Item,No_Item,No_Item,Stealth Ward,Berserker's Greaves,Blade of The Ruined King,No_Item,No_Item,No_Item,No_Item,Stealth Ward,Doran's Ring,Stormsurge,Refillable Potion,Dark Seal,Sorcerer's Shoes,No_Item,Stealth Ward,Doran's Blade,The Collector,Serrated Dirk,Boots of Swiftness,Long Sword,Control Ward,Farsight Alteration,Celestial Opposition,Serrated Dirk,Boots of Swiftness,Caulfield's Warhammer,Control Ward,No_Item,Oracle Lens,Fleet Footwork,Resolve,Dark Harvest,Precision,Electrocute,Precision,Lethal Tempo,Inspiration,Guardian,Inspiration,Conqueror,Inspiration,Lethal Tempo,Domination,Electrocute,Resolve,Dark Harvest,Precision,Hail of Blades,Resolve,Flash,Teleport,Flash,Smite,Flash,Teleport,Flash,Barrier,Ignite,Flash,Flash,Teleport,Flash,Smite,Flash,Teleport,Flash,Cleanse,Flash,Ignite,1,6,3,0,0,0
https://www.op.gg/summoners/euw/Bgurin-4000/matches/uRd1PvnOddqLLLqh1bcOwABwb6iuehI7eEdI8v6fGho%3D/1733481177000,1,20,9,9,20,11,33,56,40,13,19,3,0,0,0,7,2,3,0,47844,40949,13.2,12.2,783,768,33.3,32.6,6895,-6895,2020.7403726708076,1729.5229813664596,Dr. Mundo,Elise,Yone,Ezreal,Bard,Gragas,Zac,Jayce,Jhin,Senna,Warmog's Armor,Doran's Shield,No_Item,Ruby Crystal,Heartsteel,Boots of Swiftness,Oracle Lens,Stormsurge,No_Item,Liandry's Torment,Dark Seal,Sorcerer's Shoes,Needlessly Large Rod,Oracle Lens,Doran's Shield,Blade of The Ruined King,Berserker's Greaves,Immortal Shieldbow,Cloak of Agility,No_Item,Stealth Ward,Trinity Force,Ionian Boots of Lucidity,Muramana,No_Item,No_Item,Doran's Blade,Farsight Alteration,Warmog's Armor,Bloodsong,No_Item,Oblivion Orb,Ruby Crystal,Boots of Swiftness,Oracle Lens,Doran's Ring,Fimbulwinter,Needlessly Large Rod,Cosmic Drive,Boots,No_Item,Farsight Alteration,Warden's Mail,Dark Seal,Ruby Crystal,Spirit Visage,Sunfire Aegis,Ionian Boots of Lucidity,Oracle Lens,Edge of Night,Doran's Blade,Youmuu's Ghostblade,Ionian Boots of Lucidity,No_Item,No_Item,Stealth Ward,Doran's Blade,Statikk Shiv,Boots of Swiftness,Rapid Firecannon,Executioner's Calling,Cloak of Agility,Farsight Alteration,Bloodsong,Boots of Swiftness,Black Cleaver,Navori Flickerblade,No_Item,No_Item,Oracle Lens,Grasp of the Undying,Inspiration,Dark Harvest,Precision,Fleet Footwork,Resolve,Conqueror,Inspiration,Grasp of the Undying,Domination,Phase Rush,Inspiration,Aftershock,Inspiration,Summon Aery,Precision,Fleet Footwork,Sorcery,Summon Aery,Inspiration,Flash,Teleport,Flash,Smite,Teleport,Flash,Barrier,Flash,Flash,Ignite,Teleport,Flash,Smite,Flash,Teleport,Flash,Barrier,Flash,Flash,Heal,1,1,0,0,2,0
https://www.op.gg/summoners/euw/Bgurin-4000/matches/uRd1PvnOddq_Bw85dYdIblATumosdie5EAZ-nt_UCT8%3D/1733438790000,0,13,34,34,13,74,20,85,60,14,29,0,4,0,1,3,5,0,5,47619,57350,13.2,15.0,832,893,30.8,33.0,-9731,9731,1761.2506849315068,2121.1643835616437,Ambessa,Wukong,Yasuo,Ziggs,Poppy,Camille,Xin Zhao,Orianna,Corki,Soraka,Ruby Crystal,Eclipse,Spear of Shojin,Plated Steelcaps,Tunneler,Pickaxe,Oracle Lens,Sundered Sky,Trinity Force,Black Cleaver,Slightly Magical Footwear,No_Item,No_Item,Stealth Ward,Doran's Shield,Stridebreaker,Berserker's Greaves,Blade of The Ruined King,Long Sword,Control Ward,Farsight Alteration,Doran's Ring,Rabadon's Deathcap,Seraph's Embrace,Oblivion Orb,Sorcerer's Shoes,Blighting Jewel,Farsight Alteration,Control Ward,Bloodsong,Executioner's Calling,Boots of Swiftness,Trailblazer,Kindlegem,Oracle Lens,Ravenous Hydra,No_Item,Plated Steelcaps,Trinity Force,No_Item,No_Item,Oracle Lens,Sundered Sky,Null-Magic Mantle,No_Item,Plated Steelcaps,Black Cleaver,Death's Dance,Oracle Lens,Rabadon's Deathcap,Zhonya's Hourglass,Control Ward,Seraph's Embrace,Dark Seal,Sorcerer's Shoes,Farsight Alteration,Plated Steelcaps,Lord Dominik's Regards,No_Item,Muramana,Trinity Force,Rapid Firecannon,Farsight Alteration,Celestial Opposition,Redemption,Moonstone Renewer,Forbidden Idol,Dark Seal,Ionian Boots of Lucidity,Oracle Lens,Grasp of the Undying,Domination,Conqueror,Inspiration,Grasp of the Undying,Precision,Arcane Comet,Precision,Hail of Blades,Inspiration,Press the Attack,Resolve,Conqueror,Inspiration,Phase Rush,Precision,Conqueror,Inspiration,Summon Aery,Resolve,Teleport,Ignite,Flash,Smite,Teleport,Flash,Flash,Teleport,Ignite,Flash,Flash,Teleport,Flash,Smite,Flash,Teleport,Flash,Barrier,Heal,Flash,0,3,0,1,3,0
https://www.op.gg/summoners/euw/Bgurin-4000/matches/uRd1PvnOddris5cX847TMsXTUE7CQrG7nLNsUAvNNs8%3D/1733436715000,0,19,30,30,19,55,34,106,89,24,34,1,2,0,1,4,11,1,3,47968,60677,12.2,14.6,752,839,27.4,30.700000000000003,-12709,12709,1756.2054644808745,2221.507650273224,Smolder,Viego,Aurora,Jinx,Rakan,Sion,Wukong,Syndra,Ashe,Lulu,Zeal,Ionian Boots of Lucidity,Essence Reaver,Spear of Shojin,Scout's Slingshot,No_Item,Farsight Alteration,Mercury's Treads,Kraken Slayer,Trinity Force,Recurve Bow,Dagger,No_Item,Oracle Lens,Doran's Ring,Shadowflame,No_Item,Needlessly Large Rod,Malignance,Sorcerer's Shoes,Farsight Alteration,Berserker's Greaves,Yun Tal Wildarrows,Infinity Edge,Last Whisper,Cloak of Agility,Doran's Blade,Farsight Alteration,Celestial Opposition,Locket of the Iron Solari,Mikael's Blessing,No_Item,Ruby Crystal,Ionian Boots of Lucidity,Oracle Lens,Thornmail,Kaenic Rookern,Plated Steelcaps,Sunfire Aegis,No_Item,No_Item,Farsight Alteration,Sterak's Gage,Trinity Force,No_Item,Sundered Sky,No_Item,Boots of Swiftness,Stealth Ward,Doran's Ring,Sorcerer's Shoes,Luden's Companion,Shadowflame,Stormsurge,Amplifying Tome,Farsight Alteration,Pickaxe,Berserker's Greaves,Kraken Slayer,Phantom Dancer,Infinity Edge,Vampiric Scepter,Farsight Alteration,Boots of Swiftness,Shurelya's Battlesong,Ardent Censer,Dream Maker,Forbidden Idol,Kindlegem,Oracle Lens,Grasp of the Undying,Precision,Conqueror,Inspiration,Arcane Comet,Domination,Lethal Tempo,Sorcery,Guardian,Domination,Grasp of the Undying,Inspiration,Conqueror,Inspiration,Arcane Comet,Inspiration,Lethal Tempo,Inspiration,Summon Aery,Resolve,Flash,Teleport,Flash,Smite,Flash,Teleport,Cleanse,Flash,Flash,Ignite,Flash,Teleport,Flash,Smite,Flash,Teleport,Flash,Barrier,Heal,Flash,1,3,0,0,3,2
https://www.op.gg/summoners/euw/Bgurin-4000/matches/uRd1PvnOddoCd9UWQ9Wkh9KvE6_kF26NlcaZyOfA5rY%3D/1733434064000,0,22,25,25,22,41,43,72,68,16,26,1,4,1,1,3,8,2,5,58557,63163,15.6,15.6,917,986,30.2,32.300000000000004,-4606,4606,1911.4461139896373,2061.7974093264247,Vayne,Vi,Ahri,Jinx,Lulu,K'Sante,Elise,Sylas,Zeri,Senna,Boots of Swiftness,Blade of The Ruined King,Control Ward,Doran's Blade,Wit's End,Guinsoo's Rageblade,Farsight Alteration,Black Cleaver,Sundered Sky,Tunneler,Ruby Crystal,Mercury's Treads,Pickaxe,Oracle Lens,Blighting Jewel,Zhonya's Hourglass,Sorcerer's Shoes,Liandry's Torment,Blasting Wand,Malignance,Oracle Lens,Last Whisper,Cloak of Agility,Infinity Edge,Berserker's Greaves,Runaan's Hurricane,Yun Tal Wildarrows,Farsight Alteration,Redemption,Dream Maker,Forbidden Idol,Moonstone Renewer,Ionian Boots of Lucidity,Kindlegem,Oracle Lens,Iceborn Gauntlet,Thornmail,"Jak'Sho, The Protean",No_Item,Plated Steelcaps,No_Item,Oracle Lens,Sorcerer's Shoes,Stormsurge,Rabadon's Deathcap,Dark Seal,Blighting Jewel,Shadowflame,Oracle Lens,Mercury's Treads,Zhonya's Hourglass,Hextech Rocketbelt,No_Item,Cosmic Drive,Doran's Ring,Oracle Lens,Doran's Blade,Infinity Edge,Yun Tal Wildarrows,Runaan's Hurricane,Noonquiver,Berserker's Greaves,Farsight Alteration,Bloodsong,Black Cleaver,Rapid Firecannon,Serrated Dirk,Boots of Swiftness,Control Ward,Oracle Lens,Lethal Tempo,Domination,Conqueror,Inspiration,Grasp of the Undying,Sorcery,Lethal Tempo,Sorcery,Summon Aery,Resolve,Aftershock,Inspiration,Dark Harvest,Precision,Conqueror,Resolve,Lethal Tempo,Resolve,Fleet Footwork,Sorcery,Flash,Teleport,Smite,Flash,Flash,Teleport,Barrier,Flash,Flash,Heal,Flash,Teleport,Flash,Smite,Flash,Teleport,Flash,Barrier,Flash,Heal,0,4,0,1,1,1
https://www.op.gg/summoners/euw/Bgurin-4000/matches/uRd1PvnOddpwgYrMtDBSI9Lur3WM8-3CVt6_Rwxy2Xk%3D/1733431793000,0,16,30,30,16,22,22,62,73,16,27,1,2,0,1,2,10,1,3,44139,56798,12.8,14.6,733,867,29.3,34.7,-12659,12659,1770.041116751269,2277.686294416244,Ornn,Vi,Hwei,Caitlyn,Janna,Fiora,Elise,Talon,Ashe,Poppy,Doran's Shield,Refillable Potion,Sunfire Aegis,Thornmail,Plated Steelcaps,Ruby Crystal,Stealth Ward,Plated Steelcaps,Sundered Sky,Black Cleaver,Steel Sigil,Long Sword,Pickaxe,Stealth Ward,Doran's Ring,Blackfire Torch,Liandry's Torment,No_Item,Sorcerer's Shoes,Seraph's Embrace,Farsight Alteration,The Collector,Lord Dominik's Regards,Pickaxe,Boots,No_Item,Doran's Blade,Farsight Alteration,Zaz'Zak's Realmspike,Shurelya's Battlesong,Imperial Mandate,Dark Seal,Boots of Swiftness,Control Ward,Oracle Lens,Ravenous Hydra,Spear of Shojin,Doran's Blade,Mercury's Treads,Hullbreaker,Phage,Stealth Ward,Stormsurge,Shadowflame,Needlessly Large Rod,Needlessly Large Rod,Dark Seal,Boots,Oracle Lens,Refillable Potion,Youmuu's Ghostblade,Edge of Night,Boots of Swiftness,Serpent's Fang,Long Sword,Oracle Lens,B. F. Sword,Vampiric Scepter,Berserker's Greaves,Phantom Dancer,Doran's Blade,Kraken Slayer,Farsight Alteration,Locket of the Iron Solari,Bloodsong,Control Ward,Boots of Swiftness,No_Item,Dead Man's Plate,Oracle Lens,Grasp of the Undying,Inspiration,Hail of Blades,Inspiration,Arcane Comet,Precision,Hail of Blades,Sorcery,Hail of Blades,Sorcery,Conqueror,Resolve,Dark Harvest,Precision,Electrocute,Sorcery,Lethal Tempo,Inspiration,Hail of Blades,Inspiration,Flash,Teleport,Flash,Smite,Teleport,Flash,Barrier,Flash,Flash,Heal,Teleport,Flash,Flash,Smite,Flash,Ignite,Barrier,Flash,Ignite,Flash,0,3,0,1,2,2
https://www.op.gg/summoners/euw/Bgurin-4000/matches/uRd1PvnOddqADrqB7vNDcRrzM9aVHFxHk_Q901hnWTc%3D/1733429595000,1,32,13,13,33,13,50,89,51,17,32,4,0,0,0,10,1,4,0,54622,41949,14.2,12.6,797,738,32.1,29.7,12673,-12673,2212.5367088607595,1699.2,Zilean,Wukong,Ambessa,Ziggs,Rakan,Riven,Xin Zhao,Fiddlesticks,Ezreal,Poppy,Doran's Ring,Seraph's Embrace,Frozen Heart,Ionian Boots of Lucidity,Amplifying Tome,Kindlegem,Stealth Ward,Control Ward,Trinity Force,Black Cleaver,Boots of Swiftness,Ruby Crystal,Sundered Sky,Oracle Lens,Doran's Shield,Black Cleaver,Executioner's Calling,Boots,Eclipse,Spear of Shojin,Oracle Lens,Doran's Ring,Seraph's Embrace,Liandry's Torment,Blackfire Torch,Blasting Wand,Sorcerer's Shoes,Farsight Alteration,No_Item,Locket of the Iron Solari,Redemption,Celestial Opposition,Ionian Boots of Lucidity,Ruby Crystal,Oracle Lens,Eclipse,Ionian Boots of Lucidity,Sundered Sky,Death's Dance,Doran's Blade,No_Item,Oracle Lens,Black Cleaver,Eclipse,Long Sword,Long Sword,No_Item,Boots,Oracle Lens,Doran's Ring,Cloth Armor,Dark Seal,Liandry's Torment,Needlessly Large Rod,Boots,Scarecrow Effigy,Muramana,Pickaxe,Trinity Force,Long Sword,Ionian Boots of Lucidity,Ruby Crystal,Stealth Ward,Dead Man's Plate,Bloodsong,Control Ward,No_Item,Boots of Swiftness,No_Item,Oracle Lens,Summon Aery,Inspiration,Conqueror,Inspiration,Conqueror,Resolve,Arcane Comet,Precision,Guardian,Domination,Conqueror,Inspiration,Conqueror,Domination,Summon Aery,Resolve,Press the Attack,Inspiration,Aftershock,Inspiration,Teleport,Flash,Flash,Smite,Teleport,Flash,Teleport,Flash,Flash,Heal,Flash,Teleport,Flash,Smite,Flash,Teleport,Teleport,Flash,Flash,Ignite,1,0,2,0,6,0
https://www.op.gg/summoners/euw/Bgurin-4000/matches/uRd1PvnOddq9xsUzuJTmgme9dloj3UbWKMS9bTtj2v4%3D/1733427366000,1,19,18,18,19,24,32,75,69,29,30,4,1,2,0,11,1,6,1,61144,51897,15.4,14.2,944,932,32.6,32.1,9247,-9247,2117.8368715083798,1797.549720670391,K'Sante,Master Yi,Karma,Corki,Nautilus,Kayle,Xin Zhao,Ahri,Jinx,Lulu,Negatron Cloak,Plated Steelcaps,Iceborn Gauntlet,Kaenic Rookern,Cloth Armor,Giant's Belt,Stealth Ward,Guinsoo's Rageblade,Kraken Slayer,Titanic Hydra,Plated Steelcaps,Dagger,Negatron Cloak,Stealth Ward,Shurelya's Battlesong,Moonstone Renewer,No_Item,Ionian Boots of Lucidity,Horizon Focus,Malignance,Stealth Ward,Doran's Blade,Muramana,Trinity Force,Rapid Firecannon,Plated Steelcaps,B. F. Sword,Farsight Alteration,Knight's Vow,Locket of the Iron Solari,Solstice Sleigh,Plated Steelcaps,Giant's Belt,No_Item,Oracle Lens,Rabadon's Deathcap,Lich Bane,Boots of Swiftness,Nashor's Tooth,No_Item,Doran's Blade,Farsight Alteration,Sundered Sky,Black Cleaver,Eclipse,Plated Steelcaps,Long Sword,No_Item,Oracle Lens,Malignance,Horizon Focus,Liandry's Torment,Sorcerer's Shoes,No_Item,Doran's Ring,Oracle Lens,The Collector,Infinity Edge,Scout's Slingshot,Dagger,Berserker's Greaves,Doran's Blade,Farsight Alteration,No_Item,Dream Maker,Moonstone Renewer,Ionian Boots of Lucidity,Kindlegem,Forbidden Idol,Oracle Lens,Grasp of the Undying,Domination,Lethal Tempo,Domination,Summon Aery,Domination,Conqueror,Resolve,Aftershock,Inspiration,Press the Attack,Sorcery,Conqueror,Domination,Electrocute,Sorcery,Press the Attack,Sorcery,Summon Aery,Resolve,Flash,Teleport,Flash,Smite,Flash,Teleport,Flash,Barrier,Ignite,Flash,Flash,Teleport,Flash,Smite,Flash,Teleport,Flash,Barrier,Heal,Flash,1,3,3,0,3,0
https://www.op.gg/summoners/euw/Bgurin-4000/matches/uRd1PvnOddrfrlrhqqxaFRFeQounS3PvHwI95hSacvc%3D/1733425207000,0,28,38,38,28,52,45,65,78,20,22,0,4,0,1,4,11,0,5,57490,67072,14.2,15.4,868,870,27.9,27.9,-9582,9582,1852.4555555555555,2161.208888888889,Sion,Wukong,Ahri,Jinx,Sona,K'Sante,Xin Zhao,Ziggs,Ashe,Blitzcrank,Doran's Shield,Force of Nature,Unending Despair,Plated Steelcaps,No_Item,Thornmail,Oracle Lens,Trinity Force,Sterak's Gage,Boots of Swiftness,No_Item,Sundered Sky,Black Cleaver,Oracle Lens,Dark Seal,Malignance,Sorcerer's Shoes,Shattered Armguard,Needlessly Large Rod,Horizon Focus,Oracle Lens,Doran's Blade,Berserker's Greaves,Infinity Edge,Mortal Reminder,Yun Tal Wildarrows,Zeal,Farsight Alteration,Boots of Swiftness,Echoes of Helia,Bloodsong,Staff of Flowing Water,Moonstone Renewer,Faerie Charm,Oracle Lens,Knight's Vow,Unending Despair,Spirit Visage,"Jak'Sho, The Protean",Thornmail,Plated Steelcaps,Oracle Lens,Chempunk Chainsword,Titanic Hydra,Black Cleaver,Eclipse,Plated Steelcaps,No_Item,Oracle Lens,Void Staff,Zhonya's Hourglass,Dark Seal,Luden's Companion,Sorcerer's Shoes,Horizon Focus,Farsight Alteration,Doran's Blade,Berserker's Greaves,Kraken Slayer,Phantom Dancer,Lord Dominik's Regards,B. F. Sword,Farsight Alteration,Locket of the Iron Solari,Bloodsong,No_Item,Boots of Swiftness,Kindlegem,Trailblazer,Oracle Lens,Grasp of the Undying,Inspiration,Conqueror,Inspiration,Electrocute,Sorcery,Lethal Tempo,Sorcery,Summon Aery,Precision,Grasp of the Undying,Inspiration,Conqueror,Domination,Arcane Comet,Precision,Lethal Tempo,Inspiration,Glacial Augment,Sorcery,Flash,Teleport,Flash,Smite,Flash,Teleport,Flash,Barrier,Flash,Heal,Teleport,Flash,Flash,Smite,Flash,Teleport,Barrier,Flash,Flash,Ignite,1,1,0,0,5,3
https://www.op.gg/summoners/euw/Bgurin-4000/matches/uRd1PvnOddrJPxrDVqyRqHeu5EE2_qlq9rh132x2cr0%3D/1733422821000,0,21,35,35,21,73,44,97,76,29,28,3,1,0,2,6,10,3,3,62830,73665,14.8,16.6,986,1083,29.3,32.1,-10835,10835,1879.9527559055116,2204.1496062992123,Renekton,Jarvan IV,Jayce,Kog'Maw,Milio,Irelia,Maokai,Yasuo,Hwei,Lulu,Giant's Belt,Doran's Blade,Plated Steelcaps,Eclipse,Sterak's Gage,Spear of Shojin,Farsight Alteration,Black Cleaver,No_Item,Spirit Visage,Eclipse,Sundered Sky,Ionian Boots of Lucidity,Stealth Ward,Serylda's Grudge,Serpent's Fang,Muramana,Opportunity,Edge of Night,Ionian Boots of Lucidity,Farsight Alteration,Horizon Focus,Seraph's Embrace,Amplifying Tome,Luden's Companion,Sorcerer's Shoes,Amplifying Tome,Farsight Alteration,Redemption,Dream Maker,Control Ward,Oblivion Orb,Ionian Boots of Lucidity,Moonstone Renewer,Oracle Lens,Hullbreaker,Blade of The Ruined King,Plated Steelcaps,Spear of Shojin,Death's Dance,Sterak's Gage,Oracle Lens,Abyssal Mask,Kindlegem,Locket of the Iron Solari,Chain Vest,Plated Steelcaps,Frozen Heart,Oracle Lens,Mortal Reminder,No_Item,Stridebreaker,Immortal Shieldbow,Blade of The Ruined King,Berserker's Greaves,Stealth Ward,Rabadon's Deathcap,Liandry's Torment,Sorcerer's Shoes,Blackfire Torch,Void Staff,Needlessly Large Rod,Farsight Alteration,Redemption,Dream Maker,Oblivion Orb,Moonstone Renewer,Ionian Boots of Lucidity,Kindlegem,Oracle Lens,Conqueror,Resolve,Conqueror,Inspiration,First Strike,Sorcery,Arcane Comet,Precision,Summon Aery,Inspiration,Conqueror,Resolve,Phase Rush,Inspiration,Grasp of the Undying,Precision,Arcane Comet,Inspiration,Summon Aery,Resolve,Flash,Teleport,Flash,Smite,Teleport,Flash,Flash,Teleport,Flash,Heal,Teleport,Flash,Flash,Smite,Flash,Teleport,Teleport,Flash,Flash,Heal,1,3,0,0,3,1
https://www.op.gg/summoners/euw/Bgurin-4000/matches/uRd1PvnOddq13z8jBild15WdsPxxppaJlHpQatM8i_Q%3D/1733420485000,0,10,16,16,10,36,14,79,68,25,33,0,4,0,0,2,4,0,4,45418,48359,13.0,13.4,884,896,32.8,33.3,-2941,2941,1691.6825910931173,1801.225910931174,Darius,Wukong,Akali,Swain,Pyke,Jayce,Viego,Hwei,Ziggs,Soraka,Stridebreaker,Tunneler,Force of Nature,Doran's Shield,Ruby Crystal,Plated Steelcaps,Oracle Lens,Sundered Sky,Trinity Force,Hexdrinker,Mercury's Treads,No_Item,No_Item,Stealth Ward,Doran's Shield,Dark Seal,Riftmaker,Dead Man's Plate,Sorcerer's Shoes,Ruby Crystal,Oracle Lens,Doran's Ring,Blackfire Torch,Sorcerer's Shoes,Liandry's Torment,Dark Seal,Amplifying Tome,Farsight Alteration,Control Ward,Celestial Opposition,No_Item,Boots of Swiftness,Umbral Glaive,Hexdrinker,Oracle Lens,Ionian Boots of Lucidity,Muramana,Eclipse,Long Sword,Doran's Blade,Last Whisper,Oracle Lens,Titanic Hydra,Kraken Slayer,No_Item,No_Item,Mercury's Treads,No_Item,Oracle Lens,Fiendish Codex,Fiendish Codex,Seraph's Embrace,Dark Seal,Liandry's Torment,Sorcerer's Shoes,Farsight Alteration,Needlessly Large Rod,Luden's Companion,Dark Seal,Oblivion Orb,Sorcerer's Shoes,Horizon Focus,Farsight Alteration,Dream Maker,Control Ward,Redemption,Moonstone Renewer,No_Item,Ionian Boots of Lucidity,Oracle Lens,Conqueror,Sorcery,Conqueror,Inspiration,Conqueror,Resolve,Conqueror,Resolve,Hail of Blades,Resolve,Phase Rush,Inspiration,Conqueror,Inspiration,Arcane Comet,Precision,Arcane Comet,Precision,Summon Aery,Resolve,Flash,Ghost,Flash,Smite,Ignite,Teleport,Flash,Exhaust,Ignite,Flash,Teleport,Flash,Flash,Smite,Flash,Teleport,Flash,Teleport,Flash,Heal,1,5,0,0,1,0
https://www.op.gg/summoners/euw/Bgurin-4000/matches/uRd1PvnOddpuaaw6Ksjn7Qudr2Mbne5gvlc8D1sTVKI%3D/1733418313000,0,14,34,34,14,61,24,47,53,7,14,1,3,0,1,2,10,1,4,45115,59015,12.6,14.4,708,835,27.1,32.1,-13900,13900,1736.9275,2272.0775,Fiddlesticks,Udyr,Jayce,Caitlyn,Lux,Ahri,Jarvan IV,Aurora,Ashe,Sona,Doran's Ring,Liandry's Torment,Sorcerer's Shoes,Malignance,No_Item,No_Item,Scarecrow Effigy,Dead Man's Plate,Dark Seal,Boots of Swiftness,Liandry's Torment,No_Item,No_Item,Oracle Lens,Muramana,Youmuu's Ghostblade,Caulfield's Warhammer,Mercury's Treads,Last Whisper,No_Item,Stealth Ward,Mortal Reminder,Infinity Edge,No_Item,Boots of Swiftness,Long Sword,The Collector,Farsight Alteration,Luden's Companion,Sorcerer's Shoes,Control Ward,Zaz'Zak's Realmspike,Dark Seal,Hextech Alternator,Oracle Lens,Rabadon's Deathcap,Dark Seal,No_Item,Mercury's Treads,Malignance,Lich Bane,Farsight Alteration,Sterak's Gage,Glacial Buckler,No_Item,Mercury's Treads,Black Cleaver,Sundered Sky,Oracle Lens,Doran's Ring,Amplifying Tome,Banshee's Veil,Boots of Swiftness,Cosmic Drive,Liandry's Torment,Oracle Lens,No_Item,Doran's Blade,Mercurial Scimitar,Kraken Slayer,Berserker's Greaves,Phantom Dancer,Farsight Alteration,Slightly Magical Footwear,Seraph's Embrace,Catalyst of Aeons,Bloodsong,Spectre's Cowl,Mejai's Soulstealer,Oracle Lens,Arcane Comet,Resolve,Conqueror,Resolve,Phase Rush,Inspiration,Hail of Blades,Sorcery,Arcane Comet,Domination,Electrocute,Sorcery,Conqueror,Inspiration,Electrocute,Sorcery,Lethal Tempo,Inspiration,Unsealed Spellbook,Resolve,Flash,Ignite,Flash,Smite,Teleport,Flash,Ghost,Flash,Flash,Heal,Flash,Teleport,Flash,Smite,Teleport,Flash,Flash,Cleanse,Flash,Heal,0,0,0,1,6,2
https://www.op.gg/summoners/euw/Bgurin-4000/matches/uRd1PvnOddrzysA_XufmYwndV637xWm78PsDpZcyjlU%3D/1733415501000,1,33,27,27,33,32,76,94,108,45,40,2,3,1,1,9,5,3,4,70836,68206,16.2,16.4,1040,1084,28.0,29.2,2630,-2630,1897.9980861244017,1827.5291866028706,Gnar,Wukong,Orianna,Ashe,Janna,Riven,Elise,Sylas,Varus,Nautilus,Plated Steelcaps,Sterak's Gage,Trinity Force,"Jak'Sho, The Protean",Wit's End,Negatron Cloak,Oracle Lens,Caulfield's Warhammer,Hexdrinker,Mercury's Treads,Sundered Sky,Trinity Force,Black Cleaver,Oracle Lens,Rabadon's Deathcap,Shattered Armguard,Void Staff,Luden's Companion,Liandry's Torment,Sorcerer's Shoes,Farsight Alteration,Kraken Slayer,Phantom Dancer,Maw of Malmortius,Vampiric Scepter,No_Item,Berserker's Greaves,Farsight Alteration,Dream Maker,Shurelya's Battlesong,Control Ward,Echoes of Helia,Boots of Swiftness,Moonstone Renewer,Oracle Lens,Death's Dance,Black Cleaver,Ionian Boots of Lucidity,Sundered Sky,No_Item,No_Item,Farsight Alteration,Void Staff,Rabadon's Deathcap,Sorcerer's Shoes,Dark Seal,Shadowflame,Stormsurge,Oracle Lens,Hextech Rocketbelt,Zhonya's Hourglass,Mercury's Treads,Cosmic Drive,Blasting Wand,Blighting Jewel,Oracle Lens,Youmuu's Ghostblade,Muramana,Boots of Swiftness,Serylda's Grudge,Serpent's Fang,Edge of Night,Farsight Alteration,Locket of the Iron Solari,Kindlegem,Negatron Cloak,Celestial Opposition,Knight's Vow,Mercury's Treads,Oracle Lens,Grasp of the Undying,Precision,Conqueror,Inspiration,Arcane Comet,Precision,Lethal Tempo,Inspiration,Summon Aery,Resolve,Conqueror,Inspiration,Dark Harvest,Precision,Conqueror,Resolve,Arcane Comet,Inspiration,Aftershock,Inspiration,Teleport,Flash,Flash,Smite,Teleport,Flash,Cleanse,Flash,Heal,Flash,Flash,Teleport,Flash,Smite,Teleport,Flash,Flash,Barrier,Ignite,Flash,1,3,1,0,3,0
https://www.op.gg/summoners/euw/Bgurin-4000/matches/uRd1PvnOddp1-kOCzDbPgDq_0AJXOlgm9mqjRdSqpOA%3D/1733412691000,1,39,35,35,39,54,70,79,93,24,22,2,2,0,1,7,7,2,3,67320,67045,15.6,15.6,959,938,29.6,29.1,275,-275,2079.80487804878,2071.3089430894306,Kled,Karthus,Akali,Corki,Tahm Kench,Yone,Jarvan IV,Vladimir,Jinx,Thresh,Titanic Hydra,Frozen Heart,Doran's Blade,Plated Steelcaps,Serpent's Fang,Executioner's Calling,Farsight Alteration,Void Staff,Sorcerer's Shoes,Oblivion Orb,Blackfire Torch,Liandry's Torment,Needlessly Large Rod,Oracle Lens,Void Staff,Stormsurge,Shadowflame,Dark Seal,Banshee's Veil,Rabadon's Deathcap,Oracle Lens,Muramana,Lord Dominik's Regards,Trinity Force,Doran's Blade,Plated Steelcaps,Rapid Firecannon,Farsight Alteration,Locket of the Iron Solari,Ruby Crystal,No_Item,Celestial Opposition,Knight's Vow,Mercury's Treads,Oracle Lens,No_Item,Wit's End,Berserker's Greaves,Blade of The Ruined King,Immortal Shieldbow,Infinity Edge,Stealth Ward,Black Cleaver,Boots of Swiftness,Abyssal Mask,Caulfield's Warhammer,Pickaxe,Sundered Sky,Stealth Ward,No_Item,Zhonya's Hourglass,Needlessly Large Rod,Sorcerer's Shoes,Shadowflame,Stormsurge,Farsight Alteration,Zeal,Infinity Edge,Yun Tal Wildarrows,Berserker's Greaves,Lord Dominik's Regards,Hexdrinker,Farsight Alteration,Celestial Opposition,Locket of the Iron Solari,Control Ward,Knight's Vow,Kindlegem,Ionian Boots of Lucidity,Oracle Lens,Grasp of the Undying,Precision,Dark Harvest,Precision,Electrocute,Resolve,Conqueror,Inspiration,Guardian,Inspiration,Lethal Tempo,Resolve,Conqueror,Inspiration,Phase Rush,Precision,Lethal Tempo,Sorcery,Aftershock,Inspiration,Flash,Ignite,Flash,Smite,Teleport,Flash,Flash,Barrier,Ignite,Flash,Flash,Teleport,Flash,Smite,Flash,Ghost,Barrier,Flash,Flash,Ignite,0,5,2,1,0,0
https://www.op.gg/summoners/euw/Bgurin-4000/matches/uRd1PvnOddq2G_YxXirCe4LTrh234qOwLQH5nu3oCvk%3D/1733410161000,0,14,27,27,14,48,33,57,54,14,26,1,3,0,1,3,10,1,4,45848,59502,12.8,14.8,720,873,27.5,33.5,-13654,13654,1753.0117647058823,2275.076470588235,Maokai,Viego,Karma,Nilah,Lulu,Ambessa,Ekko,Yone,Draven,Blitzcrank,Doran's Ring,Unending Despair,Bramble Vest,Fimbulwinter,Null-Magic Mantle,Ionian Boots of Lucidity,Stealth Ward,Kraken Slayer,Titanic Hydra,Control Ward,Recurve Bow,Recurve Bow,Plated Steelcaps,Oracle Lens,Horizon Focus,Malignance,Fiendish Codex,Ionian Boots of Lucidity,No_Item,Doran's Ring,Farsight Alteration,Doran's Blade,The Collector,Infinity Edge,Plated Steelcaps,Steel Sigil,Caulfield's Warhammer,Farsight Alteration,Control Ward,Redemption,Solstice Sleigh,Moonstone Renewer,Ionian Boots of Lucidity,Glowing Mote,Oracle Lens,Doran's Shield,Eclipse,Plated Steelcaps,Voltaic Cyclosword,Tunneler,Ruby Crystal,Farsight Alteration,Sorcerer's Shoes,Nashor's Tooth,Dark Seal,Rabadon's Deathcap,Shadowflame,Blasting Wand,Oracle Lens,Immortal Shieldbow,Chain Vest,Ruby Crystal,Blade of The Ruined King,Berserker's Greaves,No_Item,Oracle Lens,The Collector,Serpent's Fang,Infinity Edge,Berserker's Greaves,Doran's Blade,Noonquiver,Farsight Alteration,Zaz'Zak's Realmspike,Malignance,Boots of Swiftness,Control Ward,Stormsurge,No_Item,Oracle Lens,Grasp of the Undying,Inspiration,Conqueror,Inspiration,Summon Aery,Domination,Conqueror,Domination,Summon Aery,Resolve,Conqueror,Resolve,Dark Harvest,Inspiration,Lethal Tempo,Resolve,Lethal Tempo,Domination,First Strike,Resolve,Ignite,Teleport,Smite,Flash,Flash,Teleport,Barrier,Flash,Heal,Flash,Flash,Teleport,Flash,Smite,Teleport,Flash,Flash,Barrier,Ignite,Flash,0,3,0,1,3,1
https://www.op.gg/summoners/euw/Bgurin-4000/matches/uRd1PvnOddpZo0g36fruCcTeQdI269m47oMPT2cKTk4%3D/1733407929000,1,31,25,25,31,45,65,88,92,45,36,1,3,2,0,11,2,3,3,66315,56364,15.6,14.4,919,851,30.900000000000002,28.6,9951,-9951,2221.389162561576,1888.055172413793,Sejuani,Rengar,Ahri,Corki,Rakan,Kled,Wukong,Akali,Swain,Pyke,Unending Despair,"Jak'Sho, The Protean",Control Ward,Bramble Vest,Plated Steelcaps,Fimbulwinter,Oracle Lens,Lord Dominik's Regards,Profane Hydra,Youmuu's Ghostblade,Edge of Night,Ionian Boots of Lucidity,Serrated Dirk,Oracle Lens,Needlessly Large Rod,Needlessly Large Rod,Liandry's Torment,Dark Seal,Mercury's Treads,Malignance,Oracle Lens,Infinity Edge,Muramana,Mortal Reminder,Doran's Blade,Plated Steelcaps,Trinity Force,Farsight Alteration,Solstice Sleigh,Knight's Vow,Locket of the Iron Solari,Ionian Boots of Lucidity,Control Ward,Zeke's Convergence,Oracle Lens,Titanic Hydra,Black Cleaver,Doran's Blade,Tunneler,Ionian Boots of Lucidity,Pickaxe,Oracle Lens,Trinity Force,Sundered Sky,Boots of Swiftness,Phage,Ruby Crystal,Pickaxe,Stealth Ward,Rabadon's Deathcap,Amplifying Tome,Shadowflame,Stormsurge,Boots,Dark Seal,Oracle Lens,Blackfire Torch,No_Item,Sorcerer's Shoes,Zhonya's Hourglass,Dark Seal,Liandry's Torment,Farsight Alteration,Youmuu's Ghostblade,Celestial Opposition,No_Item,Umbral Glaive,Serrated Dirk,Plated Steelcaps,Oracle Lens,Grasp of the Undying,Sorcery,Conqueror,Domination,Grasp of the Undying,Sorcery,Conqueror,Inspiration,Guardian,Domination,Conqueror,Resolve,Conqueror,Inspiration,Electrocute,Resolve,Conqueror,Resolve,Hail of Blades,Resolve,Flash,Teleport,Flash,Smite,Flash,Teleport,Barrier,Flash,Flash,Ignite,Flash,Teleport,Flash,Smite,Ignite,Flash,Flash,Exhaust,Flash,Ignite,1,5,3,0,1,0
https://www.op.gg/summoners/euw/Bgurin-4000/matches/uRd1PvnOddpraYJ5u8Juu7vPc7bVWWDOQjpNYbXr84k%3D/1733405622000,1,32,21,21,32,32,52,72,65,30,20,2,2,0,1,8,4,2,3,55770,50020,14.2,13.4,822,741,31.3,28.299999999999997,5750,-5750,2121.980487804878,1903.2,Ambessa,Elise,Sylas,Jinx,Lulu,Ornn,Nidalee,Yone,Ashe,Braum,Doran's Blade,Voltaic Cyclosword,Plated Steelcaps,Eclipse,Phage,Ruby Crystal,Farsight Alteration,No_Item,Sorcerer's Shoes,Stormsurge,Dark Seal,Shadowflame,Void Staff,Oracle Lens,Zhonya's Hourglass,Hextech Rocketbelt,Control Ward,No_Item,Mercury's Treads,Cosmic Drive,Oracle Lens,Doran's Blade,Last Whisper,The Collector,Berserker's Greaves,Runaan's Hurricane,Infinity Edge,Farsight Alteration,Redemption,Dream Maker,Moonstone Renewer,No_Item,Ionian Boots of Lucidity,No_Item,Oracle Lens,Doran's Shield,Sunfire Aegis,Plated Steelcaps,Thornmail,Warden's Mail,No_Item,Stealth Ward,Blackfire Torch,Liandry's Torment,Sorcerer's Shoes,Hextech Alternator,Dark Seal,No_Item,Oracle Lens,No_Item,Doran's Blade,Berserker's Greaves,Infinity Edge,Blade of The Ruined King,Immortal Shieldbow,Farsight Alteration,No_Item,Phantom Dancer,Berserker's Greaves,Doran's Blade,Infinity Edge,Kraken Slayer,Farsight Alteration,Celestial Opposition,Locket of the Iron Solari,No_Item,Mercury's Treads,Chain Vest,Kindlegem,Oracle Lens,Conqueror,Resolve,Dark Harvest,Precision,Conqueror,Resolve,Lethal Tempo,Domination,Summon Aery,Resolve,Grasp of the Undying,Inspiration,Dark Harvest,Precision,Lethal Tempo,Resolve,Lethal Tempo,Inspiration,Guardian,Inspiration,Flash,Teleport,Flash,Smite,Flash,Teleport,Flash,Barrier,Heal,Flash,Flash,Teleport,Flash,Smite,Flash,Teleport,Flash,Barrier,Ignite,Flash,0,3,2,1,3,0
https://www.op.gg/summoners/euw/Bgurin-4000/matches/uRd1PvnOddqZjAskfc1pW1WG5lhKgKIRnVGbU7iMEG8%3D/1733403446000,0,9,16,16,9,23,17,25,34,6,6,1,1,0,0,0,3,1,1,26613,33094,8.8,10.0,459,487,30.2,32.1,-6481,6481,1755.9092783505155,2183.5216494845363,Ornn,Elise,Ezreal,Corki,Milio,Dr. Mundo,Nocturne,Kayle,Swain,Leona,Kaenic Rookern,Refillable Potion,Ionian Boots of Lucidity,Doran's Shield,Cull,No_Item,Stealth Ward,Stormsurge,Dark Seal,Amplifying Tome,Boots,No_Item,Ruby Crystal,Oracle Lens,Doran's Blade,Tear of the Goddess,Trinity Force,Ionian Boots of Lucidity,No_Item,No_Item,Farsight Alteration,Doran's Blade,Caulfield's Warhammer,Cull,Trinity Force,Tear of the Goddess,Boots,Farsight Alteration,No_Item,Runic Compass,Bandleglass Mirror,Ruby Crystal,Ionian Boots of Lucidity,Glowing Mote,Oracle Lens,Doran's Shield,Control Ward,Slightly Magical Footwear,Unending Despair,Heartsteel,No_Item,Stealth Ward,Gustwalker Hatchling,Stridebreaker,Control Ward,No_Item,Ruby Crystal,Mercury's Treads,Oracle Lens,No_Item,Nashor's Tooth,Boots,Doran's Blade,Cull,Needlessly Large Rod,Farsight Alteration,Doran's Ring,Blackfire Torch,Sorcerer's Shoes,Liandry's Torment,No_Item,No_Item,Farsight Alteration,Bloodsong,Locket of the Iron Solari,Cloth Armor,Giant's Belt,Ruby Crystal,Boots of Swiftness,Oracle Lens,Grasp of the Undying,Inspiration,Dark Harvest,Precision,Conqueror,Inspiration,Hail of Blades,Precision,Summon Aery,Inspiration,Grasp of the Undying,Inspiration,Conqueror,Domination,Press the Attack,Sorcery,Conqueror,Resolve,Aftershock,Inspiration,Teleport,Flash,Flash,Smite,Flash,Barrier,Flash,Teleport,Heal,Flash,Flash,Teleport,Flash,Smite,Flash,Teleport,Flash,Exhaust,Ignite,Flash,0,2,0,0,4,0
https://www.op.gg/summoners/euw/Bgurin-4000/matches/uRd1PvnOddppW9F8bIXcrrF1fmssS_xA6oMCsX8dPkA%3D/1733401654000,0,13,23,23,13,55,24,60,58,15,18,0,4,0,1,3,10,0,5,46139,57866,13.0,14.8,794,896,30.099999999999998,34.0,-11727,11727,1744.5592039800993,2187.96815920398,Aurora,Kayn,Galio,Caitlyn,Lulu,Anivia,Jarvan IV,Zed,Ziggs,Bard,Shadowflame,Needlessly Large Rod,Control Ward,Sorcerer's Shoes,Malignance,Cloth Armor,Stealth Ward,Chempunk Chainsword,Eclipse,Ionian Boots of Lucidity,Kindlegem,Phage,No_Item,Oracle Lens,Plated Steelcaps,Sunfire Aegis,Shattered Armguard,Refillable Potion,Riftmaker,No_Item,Oracle Lens,Doran's Blade,Yun Tal Wildarrows,Lord Dominik's Regards,Berserker's Greaves,Vampiric Scepter,No_Item,Farsight Alteration,Dream Maker,Redemption,No_Item,No_Item,Moonstone Renewer,Ionian Boots of Lucidity,Oracle Lens,Doran's Ring,Oblivion Orb,Liandry's Torment,Boots of Swiftness,Amplifying Tome,Malignance,Farsight Alteration,Ionian Boots of Lucidity,Sundered Sky,Black Cleaver,Abyssal Mask,Eclipse,No_Item,Stealth Ward,Eclipse,Voltaic Cyclosword,Mercury's Treads,Serrated Dirk,Tunneler,No_Item,Oracle Lens,Sorcerer's Shoes,Blackfire Torch,Oblivion Orb,Liandry's Torment,Rabadon's Deathcap,Blighting Jewel,Farsight Alteration,Dead Man's Plate,Negatron Cloak,Bloodsong,Statikk Shiv,Null-Magic Mantle,Slightly Magical Footwear,Oracle Lens,Electrocute,Sorcery,Conqueror,Inspiration,Aftershock,Domination,Lethal Tempo,Sorcery,Summon Aery,Resolve,Phase Rush,Precision,Conqueror,Inspiration,First Strike,Sorcery,Arcane Comet,Inspiration,Guardian,Inspiration,Teleport,Flash,Flash,Smite,Flash,Teleport,Flash,Barrier,Heal,Flash,Flash,Teleport,Flash,Smite,Teleport,Flash,Teleport,Flash,Ignite,Flash,0,4,0,1,2,1
https://www.op.gg/summoners/euw/Bgurin-4000/matches/uRd1PvnOddqKruVc8WrfgLC6hjB89uODjfvvnsYGkfg%3D/1733399236000,0,7,20,21,7,35,8,54,48,9,17,0,3,0,1,3,3,0,4,38377,45908,11.4,13.2,734,777,33.7,35.8,-7531,7531,1766.5603174603173,2113.2253968253967,Irelia,Maokai,LeBlanc,Ezreal,Lux,Ambessa,Jarvan IV,Kassadin,Caitlyn,Sona,Doran's Blade,Plated Steelcaps,Blade of The Ruined King,Kraken Slayer,Winged Moonplate,Ruby Crystal,Farsight Alteration,Abyssal Mask,No_Item,No_Item,No_Item,No_Item,Heartsteel,Oracle Lens,Luden's Companion,Sorcerer's Shoes,No_Item,Doran's Ring,Hextech Alternator,Needlessly Large Rod,Oracle Lens,Doran's Blade,No_Item,No_Item,Ionian Boots of Lucidity,Muramana,Trinity Force,Farsight Alteration,Boots of Swiftness,Control Ward,Zaz'Zak's Realmspike,Oblivion Orb,Hextech Alternator,Lost Chapter,Oracle Lens,Refillable Potion,Spear of Shojin,Eclipse,Steel Sigil,Plated Steelcaps,Long Sword,Stealth Ward,Spectre's Cowl,Sundered Sky,Ionian Boots of Lucidity,Ruby Crystal,Black Cleaver,No_Item,Stealth Ward,Malignance,Amplifying Tome,Seraph's Embrace,Dark Seal,Mercury's Treads,Amplifying Tome,Oracle Lens,Boots,Infinity Edge,Control Ward,Lord Dominik's Regards,Pickaxe,Serrated Dirk,Farsight Alteration,Echoes of Helia,Boots of Swiftness,Bloodsong,Staff of Flowing Water,Amplifying Tome,Faerie Charm,Oracle Lens,Conqueror,Inspiration,Phase Rush,Domination,Electrocute,Sorcery,Press the Attack,Inspiration,Arcane Comet,Resolve,Grasp of the Undying,Domination,Conqueror,Inspiration,First Strike,Domination,Hail of Blades,Sorcery,Summon Aery,Precision,Teleport,Flash,Smite,Flash,Flash,Teleport,Flash,Barrier,Flash,Heal,Flash,Teleport,Flash,Smite,Flash,Teleport,Ghost,Flash,Flash,Heal,1,3,0,0,3,0
https://www.op.gg/summoners/euw/Bgurin-4000/matches/uRd1PvnOddpm0PzBDH1AaKKFjq_fyB9ycWceTpE49QM%3D/1733397683000,1,38,24,24,38,33,53,62,80,28,20,2,1,1,0,10,2,3,1,62512,51768,14.8,14.0,867,808,30.1,28.0,10744,-10744,2161.6299065420562,1790.1084112149533,Renekton,Viego,Sylas,Corki,Lux,Gragas,Wukong,Aurora,Ashe,Karma,Sterak's Gage,Long Sword,Mercury's Treads,Control Ward,Black Cleaver,Doran's Shield,Oracle Lens,Titanic Hydra,Sundered Sky,Plated Steelcaps,Negatron Cloak,Kraken Slayer,Winged Moonplate,Oracle Lens,Zhonya's Hourglass,Mercury's Treads,Hextech Rocketbelt,Dark Seal,Doran's Ring,Cosmic Drive,Oracle Lens,B. F. Sword,Muramana,Trinity Force,Boots of Swiftness,Lord Dominik's Regards,Rapid Firecannon,Farsight Alteration,Sorcerer's Shoes,No_Item,Zaz'Zak's Realmspike,Luden's Companion,Shadowflame,No_Item,Oracle Lens,Ionian Boots of Lucidity,Cosmic Drive,Fimbulwinter,Dark Seal,Spirit Visage,Warden's Mail,Stealth Ward,Pickaxe,Boots of Swiftness,Tunneler,Trinity Force,Ruby Crystal,Sundered Sky,Stealth Ward,Blasting Wand,Sorcerer's Shoes,Malignance,Liandry's Torment,Dark Seal,Blighting Jewel,Stealth Ward,Doran's Blade,Kraken Slayer,Phantom Dancer,Pickaxe,Berserker's Greaves,Cloak of Agility,Farsight Alteration,Malignance,Ionian Boots of Lucidity,Kindlegem,Zaz'Zak's Realmspike,Kindlegem,Kindlegem,Oracle Lens,Conqueror,Resolve,Conqueror,Inspiration,Conqueror,Resolve,Conqueror,Inspiration,Arcane Comet,Resolve,Grasp of the Undying,Sorcery,Conqueror,Inspiration,Electrocute,Sorcery,Lethal Tempo,Inspiration,Arcane Comet,Domination,Teleport,Flash,Flash,Smite,Teleport,Flash,Flash,Barrier,Flash,Heal,Flash,Teleport,Flash,Smite,Flash,Teleport,Flash,Barrier,Flash,Heal,1,0,1,0,6,0
