GAME_ID,BLUE_WIN,BLUE_KILLS,RED_KILLS,BLUE_DEATHS,RED_DEATHS,RED_ASSISTS,BLUE_ASSISTS,BLUE_WARDS_PLACED,RED_WARDS_PLACED,BLUE_WARDS_DESTROYED,RED_WARDS_DESTROYED,BLUE_DRAGONS,RED_DRAGONS,BLUE_BARONS,RED_BARONS,BLUE_TOWERS,RED_TOWERS,BLUE_ELITE_MONSTERS,RED_ELITE_MONSTERS,BLUE_TEAM_GOLD,RED_TEAM_GOLD,BLUE_TEAM_LEVEL,RED_TEAM_LEVEL,BLUE_TEAM_CS,RED_TEAM_CS,BLUE_TEAAM_CS_PER_MINUTE,RED_TEAAM_CS_PER_MINUTE,BLUE_GOLD_DIFF,RED_GOLD_DIFF,BLUE_GOLD_PER_MIN,RED_GOLD_PER_MIN,BLUE_TEAM_TOP,BLUE_TEAM_JNG,BLUE_TEAM_MID,BLUE_TEAM_ADC,BLUE_TEAM_SUP,RED_TEAM_TOP,RED_TEAM_JNG,RED_TEAM_MID,RED_TEAM_ADC,RED_TEAM_SUP,BLLUE_TEAM_TOP_ITEM_1,BLLUE_TEAM_TOP_ITEM_2,BLLUE_TEAM_TOP_ITEM_3,BLLUE_TEAM_TOP_ITEM_4,BLLUE_TEAM_TOP_ITEM_5,BLLUE_TEAM_TOP_ITEM_6,BLLUE_TEAM_TOP_ITEM_VISION,BLLUE_TEAM_JNG_ITEM_1,BLLUE_TEAM_JNG_ITEM_2,BLLUE_TEAM_JNG_ITEM_3,BLLUE_TEAM_JNG_ITEM_4,BLLUE_TEAM_JNG_ITEM_5,BLLUE_TEAM_JNG_ITEM_6,BLLUE_TEAM_JNG_ITEM_VISION,BLLUE_TEAM_MID_ITEM_1,BLLUE_TEAM_MID_ITEM_2,BLLUE_TEAM_MID_ITEM_3,BLLUE_TEAM_MID_ITEM_4,BLLUE_TEAM_MID_ITEM_5,BLLUE_TEAM_MID_ITEM_6,BLLUE_TEAM_MID_ITEM_VISION,BLLUE_TEAM_ADC_ITEM_1,BLLUE_TEAM_ADC_ITEM_2,BLLUE_TEAM_ADC_ITEM_3,BLLUE_TEAM_ADC_ITEM_4,BLLUE_TEAM_ADC_ITEM_5,BLLUE_TEAM_ADC_ITEM_6,BLLUE_TEAM_ADC_ITEM_VISION,BLLUE_TEAM_SUP_ITEM_1,BLLUE_TEAM_SUP_ITEM_2,BLLUE_TEAM_SUP_ITEM_3,BLLUE_TEAM_SUP_ITEM_4,BLLUE_TEAM_SUP_ITEM_5,BLLUE_TEAM_SUP_ITEM_6,BLLUE_TEAM_SUP_ITEM_VISION,RED_TEAM_TOP_ITEM_1,RED_TEAM_TOP_ITEM_2,RED_TEAM_TOP_ITEM_3,RED_TEAM_TOP_ITEM_4,RED_TEAM_TOP_ITEM_5,RED_TEAM_TOP_ITEM_6,RED_TEAM_TOP_ITEM_VISION,RED_TEAM_JNG_ITEM_1,RED_TEAM_JNG_ITEM_2,RED_TEAM_JNG_ITEM_3,RED_TEAM_JNG_ITEM_4,RED_TEAM_JNG_ITEM_5,RED_TEAM_JNG_ITEM_6,RED_TEAM_JNG_ITEM_VISION,RED_TEAM_MID_ITEM_1,RED_TEAM_MID_ITEM_2,RED_TEAM_MID_ITEM_3,RED_TEAM_MID_ITEM_4,RED_TEAM_MID_ITEM_5,RED_TEAM_MID_ITEM_6,RED_TEAM_MID_ITEM_VISION,RED_TEAM_ADC_ITEM_1,RED_TEAM_ADC_ITEM_2,RED_TEAM_ADC_ITEM_3,RED_TEAM_ADC_ITEM_4,RED_TEAM_ADC_ITEM_5,RED_TEAM_ADC_ITEM_6,RED_TEAM_ADC_ITEM_VISION,RED_TEAM_SUP_ITEM_1,RED_TEAM_SUP_ITEM_2,RED_TEAM_SUP_ITEM_3,RED_TEAM_SUP_ITEM_4,RED_TEAM_SUP_ITEM_5,RED_TEAM_SUP_ITEM_6,RED_TEAM_SUP_ITEM_VISION,BLUE_TEAM_TOP_RUNE_01,BLUE_TEAM_TOP_RUNE_02,BLUE_TEAM_JNG_RUNE_01,BLUE_TEAM_JNG_RUNE_02,BLUE_TEAM_MID_RUNE_01,BLUE_TEAM_MID_RUNE_02,BLUE_TEAM_ADC_RUNE_01,BLUE_TEAM_ADC_RUNE_02,BLUE_TEAM_SUP_RUNE_01,BLUE_TEAM_SUP_RUNE_02,RED_TEAM_TOP_RUNE_01,RED_TEAM_TOP_RUNE_02,RED_TEAM_JNG_RUNE_01,RED_TEAM_JNG_RUNE_02,RED_TEAM_MID_RUNE_01,RED_TEAM_MID_RUNE_02,RED_TEAM_ADC_RUNE_01,RED_TEAM_ADC_RUNE_02,RED_TEAM_SUP_RUNE_01,RED_TEAM_SUP_RUNE_02,BLUE_TEAM_TOP_SUMMONER_01,BLUE_TEAM_TOP_SUMMONER_02,BLUE_TEAM_JNG_SUMMONER_01,BLUE_TEAM_JNG_SUMMONER_02,BLUE_TEAM_MID_SUMMONER_01,BLUE_TEAM_MID_SUMMONER_02,BLUE_TEAM_ADC_SUMMONER_01,BLUE_TEAM_ADC_SUMMONER_02,BLUE_TEAM_SUP_SUMMONER_01,BLUE_TEAM_SUP_SUMMONER_02,RED_TEAM_TOP_SUMMONER_01,RED_TEAM_TOP_SUMMONER_02,RED_TEAM_JNG_SUMMONER_01,RED_TEAM_JNG_SUMMONER_02,RED_TEAM_MID_SUMMONER_01,RED_TEAM_MID_SUMMONER_02,RED_TEAM_ADC_SUMMONER_01,RED_TEAM_ADC_SUMMONER_02,RED_TEAM_SUP_SUMMONER_01,RED_TEAM_SUP_SUMMONER_02,BLUE_TEAM_RIFT_HERALDS,BLUE_TEAM_VOID_GRUBS,BLUE_TEAM_INHIBITORS,RED_TEAM_RIFT_HERALDS,RED_TEAM_VOID_GRUBS,RED_TEAM_INHIBITORS
https://www.op.gg/summoners/euw/Phantasmasm-EUW/matches/uRd1PvnOddpbiETrSfxuktbWVS9rNC15_7bwK70fogM%3D/1734469950000,1,39,30,30,39,48,57,71,69,25,16,2,1,1,0,5,5,3,1,55441,47925,13.4,11.6,642,657,27.099999999999998,27.8,7516,-7516,2347.1372262773725,2028.941605839416,Vladimir,Elise,Akshan,Jinx,Lulu,K'Sante,Lee Sin,Ahri,Ashe,Zoe,Cosmic Drive,Ionian Boots of Lucidity,Control Ward,Doran's Ring,Haunting Guise,Fiendish Codex,Farsight Alteration,Fated Ashes,Amplifying Tome,Sorcerer's Shoes,Dark Seal,Rylai's Crystal Scepter,Stormsurge,Oracle Lens,The Collector,Rapid Firecannon,Statikk Shiv,Long Sword,Doran's Blade,Boots,Stealth Ward,Lord Dominik's Regards,The Collector,Berserker's Greaves,Runaan's Hurricane,Infinity Edge,Bloodthirster,Farsight Alteration,Mikael's Blessing,Dream Maker,Forbidden Idol,Ionian Boots of Lucidity,Kindlegem,Moonstone Renewer,Oracle Lens,"Jak'Sho, The Protean",Randuin's Omen,Control Ward,Kaenic Rookern,Tear of the Goddess,Boots of Swiftness,Stealth Ward,Sterak's Gage,No_Item,No_Item,No_Item,Sundered Sky,Mercury's Treads,Stealth Ward,Doran's Ring,Horizon Focus,Needlessly Large Rod,Dark Seal,Ionian Boots of Lucidity,Malignance,Oracle Lens,Kraken Slayer,Phantom Dancer,Pickaxe,Berserker's Greaves,Cloak of Agility,Doran's Blade,Farsight Alteration,Zaz'Zak's Realmspike,Hextech Rocketbelt,Control Ward,Fiendish Codex,Luden's Companion,Sorcerer's Shoes,Oracle Lens,Summon Aery,Precision,Dark Harvest,Precision,Press the Attack,Domination,Lethal Tempo,Domination,Summon Aery,Resolve,Grasp of the Undying,Inspiration,Conqueror,Inspiration,Electrocute,Sorcery,Lethal Tempo,Inspiration,Electrocute,Inspiration,Flash,Ghost,Flash,Smite,Flash,Teleport,Flash,Barrier,Flash,Heal,Teleport,Flash,Flash,Smite,Teleport,Flash,Flash,Barrier,Flash,Ignite,0,4,0,1,2,0
https://www.op.gg/summoners/euw/Phantasmasm-EUW/matches/uRd1PvnOddrfq7Q3jmUEZwpoKYWOd-YgvQz51GNq91o%3D/1734468084000,0,15,21,21,15,34,26,51,57,19,21,0,3,0,1,2,5,0,4,41265,48558,11.8,13.0,696,769,31.8,35.2,-7293,7293,1890.3519553072624,2224.4446927374297,K'Sante,Jarvan IV,Viktor,Jinx,Lulu,Gwen,Elise,Akshan,Sivir,Blitzcrank,Doran's Shield,Kaenic Rookern,No_Item,Plated Steelcaps,Unending Despair,No_Item,Oracle Lens,Tunneler,Sundered Sky,Spear of Shojin,Plated Steelcaps,Ruby Crystal,Control Ward,Oracle Lens,Doran's Ring,Luden's Companion,No_Item,Shattered Armguard,Dark Seal,Sorcerer's Shoes,Farsight Alteration,Doran's Blade,Runaan's Hurricane,The Collector,Berserker's Greaves,Cloak of Agility,No_Item,Farsight Alteration,Dream Maker,No_Item,Kindlegem,Forbidden Idol,Moonstone Renewer,Ionian Boots of Lucidity,Oracle Lens,Needlessly Large Rod,Elixir of Sorcery,Nashor's Tooth,Shadowflame,Ionian Boots of Lucidity,No_Item,Farsight Alteration,Sorcerer's Shoes,Blighting Jewel,Control Ward,Liandry's Torment,Dark Seal,Stormsurge,Oracle Lens,Doran's Blade,Boots,Long Sword,The Collector,Statikk Shiv,Rapid Firecannon,Stealth Ward,Navori Flickerblade,Doran's Blade,Last Whisper,Essence Reaver,Infinity Edge,Berserker's Greaves,Farsight Alteration,Celestial Opposition,Boots of Swiftness,Locket of the Iron Solari,Warden's Mail,Cloth Armor,No_Item,Oracle Lens,Grasp of the Undying,Inspiration,Conqueror,Inspiration,Summon Aery,Resolve,Lethal Tempo,Domination,Summon Aery,Resolve,Conqueror,Resolve,Dark Harvest,Precision,Press the Attack,Domination,Lethal Tempo,Sorcery,Glacial Augment,Sorcery,Ghost,Teleport,Flash,Smite,Flash,Teleport,Flash,Barrier,Flash,Heal,Teleport,Flash,Flash,Smite,Flash,Teleport,Flash,Barrier,Flash,Ignite,1,6,0,0,0,0
https://www.op.gg/summoners/euw/Phantasmasm-EUW/matches/uRd1PvnOddrxzrsDrji3_Tq1GVEniG-spdZs1y6lLaI%3D/1734308715000,0,44,42,42,44,83,73,89,101,28,26,4,2,1,2,9,8,5,4,87698,90740,17.6,18.0,1256,1367,29.099999999999998,31.6,-3042,3042,2030.046296296296,2100.462962962963,Riven,Kha'Zix,Akshan,Kog'Maw,Maokai,Garen,Viego,Syndra,Twitch,Janna,Eclipse,Ionian Boots of Lucidity,Sundered Sky,Death's Dance,Serylda's Grudge,Sterak's Gage,Oracle Lens,Profane Hydra,Youmuu's Ghostblade,Serylda's Grudge,Plated Steelcaps,Edge of Night,Serpent's Fang,Oracle Lens,Infinity Edge,Serpent's Fang,Lord Dominik's Regards,Rapid Firecannon,Boots of Swiftness,The Collector,Farsight Alteration,Sorcerer's Shoes,Zhonya's Hourglass,Rabadon's Deathcap,Luden's Companion,Seraph's Embrace,Horizon Focus,Farsight Alteration,Locket of the Iron Solari,Randuin's Omen,Solstice Sleigh,Boots of Swiftness,Thornmail,Trailblazer,Oracle Lens,Sterak's Gage,Stridebreaker,Phantom Dancer,Plated Steelcaps,Dead Man's Plate,Negatron Cloak,Stealth Ward,Kraken Slayer,Titanic Hydra,Randuin's Omen,Death's Dance,Guardian Angel,Plated Steelcaps,Oracle Lens,Horizon Focus,Cosmic Drive,Sorcerer's Shoes,Zhonya's Hourglass,Rabadon's Deathcap,Blackfire Torch,Stealth Ward,Immortal Shieldbow,Hubris,Infinity Edge,Runaan's Hurricane,Lord Dominik's Regards,Zephyr,Farsight Alteration,Dawncore,Redemption,Dream Maker,Boots of Swiftness,Moonstone Renewer,Echoes of Helia,Oracle Lens,Conqueror,Inspiration,Electrocute,Inspiration,Press the Attack,Domination,Arcane Comet,Precision,Aftershock,Domination,Phase Rush,Resolve,Conqueror,Inspiration,Arcane Comet,Precision,Press the Attack,Domination,Summon Aery,Resolve,Flash,Ignite,Flash,Smite,Flash,Teleport,Teleport,Flash,Flash,Ignite,Ignite,Flash,Flash,Smite,Flash,Teleport,Flash,Barrier,Flash,Heal,0,6,5,1,0,1
https://www.op.gg/summoners/euw/Phantasmasm-EUW/matches/uRd1PvnOddp8Tx6GLA3w_jGEllObGw5u4eBGpfYXeAo%3D/1734305197000,0,39,45,45,40,67,70,90,77,19,31,3,1,0,2,5,11,3,3,69524,73808,16.2,16.4,915,944,28.599999999999998,29.3,-4284,4284,2174.3027027027024,2308.281081081081,Akshan,Elise,Yasuo,Caitlyn,Bard,Garen,Nocturne,Viktor,Ashe,Lulu,Rapid Firecannon,Lord Dominik's Regards,Infinity Edge,The Collector,Boots of Swiftness,Statikk Shiv,Farsight Alteration,Void Staff,Banshee's Veil,Sorcerer's Shoes,Stormsurge,Shadowflame,Amplifying Tome,Oracle Lens,Stridebreaker,Doran's Blade,Immortal Shieldbow,Blade of The Ruined King,No_Item,Berserker's Greaves,Farsight Alteration,The Collector,Vampiric Scepter,Lord Dominik's Regards,Infinity Edge,Slightly Magical Footwear,Rapid Firecannon,Farsight Alteration,Mikael's Blessing,Bloodsong,Control Ward,Redemption,Synchronized Souls,No_Item,Oracle Lens,Dead Man's Plate,Infinity Edge,Stridebreaker,Plated Steelcaps,Phantom Dancer,Negatron Cloak,Oracle Lens,Stridebreaker,Randuin's Omen,Axiom Arc,Tunneler,Mercury's Treads,Experimental Hexplate,Farsight Alteration,Rabadon's Deathcap,Luden's Companion,Stormsurge,Lich Bane,Ionian Boots of Lucidity,Dark Seal,Farsight Alteration,Pickaxe,Kraken Slayer,Berserker's Greaves,Bloodthirster,Phantom Dancer,Cloak of Agility,Farsight Alteration,Dream Maker,Redemption,Kindlegem,Ionian Boots of Lucidity,Moonstone Renewer,Ardent Censer,Oracle Lens,Press the Attack,Domination,Dark Harvest,Precision,Lethal Tempo,Resolve,Hail of Blades,Inspiration,Guardian,Domination,Phase Rush,Resolve,Conqueror,Domination,Summon Aery,Resolve,Lethal Tempo,Inspiration,Summon Aery,Inspiration,Flash,Teleport,Smite,Flash,Flash,Teleport,Flash,Barrier,Flash,Heal,Teleport,Flash,Flash,Smite,Teleport,Flash,Flash,Barrier,Flash,Heal,0,3,0,1,3,3
https://www.op.gg/summoners/euw/Phantasmasm-EUW/matches/uRd1PvnOddqXsZFu49QQ_naqGlqgFiIdGB7EU27-Ku0%3D/1734302319000,1,46,34,34,46,32,74,65,63,12,16,2,2,2,0,9,6,4,2,69904,63945,16.4,14.6,913,938,30.6,31.3,5959,-5959,2330.133333333333,2131.5,Warwick,Graves,Viktor,Corki,Sona,Volibear,Kindred,Akshan,Kog'Maw,Sylas,Stridebreaker,Kraken Slayer,Hullbreaker,Plated Steelcaps,Ruby Crystal,No_Item,Oracle Lens,Youmuu's Ghostblade,Mortal Reminder,Plated Steelcaps,The Collector,Noonquiver,Pickaxe,Oracle Lens,Hextech Alternator,Zhonya's Hourglass,Doran's Ring,Lich Bane,Dark Seal,Plated Steelcaps,Stealth Ward,Muramana,Plated Steelcaps,Trinity Force,Immortal Shieldbow,Infinity Edge,Zeal,Farsight Alteration,Echoes of Helia,Dawncore,Staff of Flowing Water,Bloodsong,Moonstone Renewer,Aether Wisp,Oracle Lens,Doran's Ring,Spectre's Cowl,Navori Flickerblade,Mercury's Treads,Cosmic Drive,Bramble Vest,Stealth Ward,Mortal Reminder,Youmuu's Ghostblade,No_Item,The Collector,Plated Steelcaps,Infinity Edge,Oracle Lens,Infinity Edge,The Collector,Boots,Rapid Firecannon,Mortal Reminder,Statikk Shiv,Farsight Alteration,Blade of The Ruined King,Guinsoo's Rageblade,Plated Steelcaps,Terminus,No_Item,No_Item,Farsight Alteration,Stormsurge,Bloodsong,Shadowflame,Blighting Jewel,Sorcerer's Shoes,Blasting Wand,Oracle Lens,Lethal Tempo,Resolve,Dark Harvest,Precision,Summon Aery,Precision,Conqueror,Inspiration,Summon Aery,Precision,Lethal Tempo,Inspiration,Press the Attack,Inspiration,Press the Attack,Domination,Lethal Tempo,Resolve,Electrocute,Precision,Flash,Barrier,Flash,Smite,Teleport,Flash,Flash,Barrier,Flash,Heal,Teleport,Flash,Flash,Smite,Flash,Teleport,Flash,Barrier,Flash,Ignite,0,2,1,1,4,0
https://www.op.gg/summoners/euw/Phantasmasm-EUW/matches/uRd1PvnOddqAZ6XVSG4uxlnMeU8V94saSMJUcrDYWdc%3D/1734299680000,1,21,8,8,21,12,28,31,26,5,5,1,1,0,0,3,0,1,1,33461,24619,9.8,8.6,487,400,32.1,26.2,8842,-8842,2187.834615384615,1609.7038461538461,Viktor,Ambessa,Akshan,Hwei,Alistar,K'Sante,Vi,Sylas,Kalista,Nautilus,Doran's Ring,No_Item,Rod of Ages,Dark Seal,Ionian Boots of Lucidity,Haunting Guise,Stealth Ward,Mosstomper Seedling,Eclipse,No_Item,Plated Steelcaps,No_Item,No_Item,Oracle Lens,No_Item,Refillable Potion,Boots,Doran's Blade,Statikk Shiv,The Collector,Stealth Ward,Doran's Ring,Blackfire Torch,Boots,Amplifying Tome,No_Item,No_Item,Stealth Ward,Solstice Sleigh,Locket of the Iron Solari,Refillable Potion,Control Ward,Giant's Belt,Boots of Swiftness,Oracle Lens,Kaenic Rookern,No_Item,Doran's Shield,Boots,No_Item,No_Item,Stealth Ward,Gustwalker Hatchling,Sundered Sky,Plated Steelcaps,No_Item,No_Item,No_Item,Oracle Lens,Doran's Ring,Refillable Potion,Hextech Rocketbelt,Dark Seal,Boots,No_Item,Stealth Ward,Blade of The Ruined King,Recurve Bow,No_Item,Berserker's Greaves,Doran's Blade,No_Item,Farsight Alteration,Locket of the Iron Solari,Celestial Opposition,Control Ward,Ruby Crystal,Boots,No_Item,Oracle Lens,Grasp of the Undying,Sorcery,Conqueror,Domination,Press the Attack,Resolve,Arcane Comet,Precision,Aftershock,Inspiration,Grasp of the Undying,Inspiration,Conqueror,Inspiration,Conqueror,Resolve,Lethal Tempo,Domination,Aftershock,Inspiration,Teleport,Flash,Flash,Smite,Flash,Teleport,Flash,Teleport,Flash,Ignite,Flash,Teleport,Flash,Smite,Flash,Teleport,Flash,Barrier,Ignite,Flash,0,6,0,0,0,0
https://www.op.gg/summoners/euw/Phantasmasm-EUW/matches/uRd1PvnOddqNQ21fntbODN0YsJ_UgarY02lU78n5ZXc%3D/1734297600000,1,45,22,22,45,33,67,78,66,30,17,1,0,1,0,11,0,2,0,64336,43140,14.2,12.0,788,613,32.1,24.900000000000002,21196,-21196,2609.0175115207376,1749.4562211981568,Riven,Elise,Akshan,Corki,Pyke,Aatrox,Viego,Viktor,Xayah,Poppy,Eclipse,Death's Dance,Ionian Boots of Lucidity,Doran's Blade,Sundered Sky,Long Sword,Oracle Lens,Needlessly Large Rod,Amplifying Tome,Sorcerer's Shoes,Mejai's Soulstealer,Shadowflame,Lich Bane,Oracle Lens,Boots of Swiftness,Doran's Blade,Noonquiver,Statikk Shiv,Rapid Firecannon,The Collector,Stealth Ward,Plated Steelcaps,Trinity Force,Muramana,Mortal Reminder,B. F. Sword,Cloak of Agility,Farsight Alteration,Bloodsong,No_Item,Youmuu's Ghostblade,Umbral Glaive,Synchronized Souls,Long Sword,Oracle Lens,Doran's Blade,Plated Steelcaps,Spear of Shojin,Sundered Sky,Long Sword,No_Item,Stealth Ward,Kraken Slayer,Titanic Hydra,Slightly Magical Footwear,Null-Magic Mantle,Dagger,No_Item,Oracle Lens,Hextech Alternator,Needlessly Large Rod,Zhonya's Hourglass,Sorcerer's Shoes,Stormsurge,No_Item,Farsight Alteration,Essence Reaver,Navori Flickerblade,Refillable Potion,Cloak of Agility,Berserker's Greaves,Doran's Blade,Farsight Alteration,Plated Steelcaps,Dead Man's Plate,Control Ward,Bloodsong,Bramble Vest,Chain Vest,Oracle Lens,Conqueror,Inspiration,Dark Harvest,Precision,Press the Attack,Domination,Conqueror,Inspiration,Hail of Blades,Resolve,Conqueror,Resolve,Conqueror,Inspiration,Summon Aery,Resolve,Lethal Tempo,Inspiration,Aftershock,Domination,Flash,Ignite,Smite,Flash,Flash,Teleport,Barrier,Flash,Ignite,Flash,Flash,Teleport,Flash,Smite,Flash,Teleport,Flash,Barrier,Flash,Ignite,1,6,2,0,0,0
https://www.op.gg/summoners/euw/Phantasmasm-EUW/matches/uRd1PvnOddrXbUE3ySP6N14EFAvo1nVQ1ETbnWDohbg%3D/1734133183000,1,36,27,27,36,59,83,75,51,9,16,2,1,1,0,9,1,3,1,57608,49494,14.0,13.2,725,699,27.9,27.0,8114,-8114,2215.6923076923076,1903.6153846153845,K'Sante,Skarner,Sylas,Corki,Bard,Camille,Gragas,Akshan,Ashe,Alistar,Giant's Belt,Plated Steelcaps,Iceborn Gauntlet,Thornmail,Frozen Heart,Negatron Cloak,Oracle Lens,Spirit Visage,Heartsteel,Plated Steelcaps,Unending Despair,No_Item,No_Item,Oracle Lens,Cosmic Drive,Hextech Rocketbelt,Zhonya's Hourglass,Sorcerer's Shoes,No_Item,Needlessly Large Rod,Farsight Alteration,Doran's Blade,Muramana,Trinity Force,Rapid Firecannon,B. F. Sword,Boots,Farsight Alteration,Dead Man's Plate,Bloodsong,No_Item,Rectrix,Pickaxe,Boots of Swiftness,Oracle Lens,Ravenous Hydra,Sterak's Gage,Trinity Force,No_Item,Slightly Magical Footwear,Doran's Shield,Oracle Lens,Blighting Jewel,Stormsurge,Control Ward,Sorcerer's Shoes,Shadowflame,Blasting Wand,Oracle Lens,No_Item,Boots of Swiftness,Doran's Blade,Infinity Edge,Lord Dominik's Regards,Noonquiver,Stealth Ward,Doran's Blade,Berserker's Greaves,Kraken Slayer,Phantom Dancer,Lord Dominik's Regards,Control Ward,Farsight Alteration,Dream Maker,Knight's Vow,Slightly Magical Footwear,Locket of the Iron Solari,Bami's Cinder,Cloth Armor,Oracle Lens,Grasp of the Undying,Inspiration,Aftershock,Inspiration,Conqueror,Resolve,Conqueror,Resolve,Guardian,Inspiration,Grasp of the Undying,Inspiration,Electrocute,Inspiration,Press the Attack,Resolve,Lethal Tempo,Inspiration,Glacial Augment,Resolve,Teleport,Flash,Flash,Smite,Flash,Teleport,Flash,Cleanse,Flash,Ignite,Teleport,Flash,Flash,Smite,Flash,Teleport,Flash,Barrier,Flash,Heal,1,2,2,0,4,0
https://www.op.gg/summoners/euw/Phantasmasm-EUW/matches/uRd1PvnOddroF5BY9yCreuuc-If7Ezp9-yFbJFCzC8w%3D/1734130818000,0,13,26,26,13,36,11,58,63,23,20,0,3,0,1,1,8,0,4,41582,52837,12.4,14.0,768,795,30.599999999999998,31.7,-11255,11255,1653.0549180327866,2100.4872950819667,Ryze,Rek'Sai,Akshan,Caitlyn,Karma,Jayce,Elise,Yasuo,Corki,Neeko,Seraph's Embrace,Refillable Potion,Needlessly Large Rod,Rod of Ages,Needlessly Large Rod,Boots,Farsight Alteration,Pickaxe,Titanic Hydra,Edge of Night,Long Sword,Ruby Crystal,Slightly Magical Footwear,Oracle Lens,Boots of Swiftness,Doran's Blade,Dagger,The Collector,Infinity Edge,Dagger,Stealth Ward,Infinity Edge,No_Item,No_Item,The Collector,Berserker's Greaves,Doran's Blade,Farsight Alteration,Dream Maker,Ionian Boots of Lucidity,Moonstone Renewer,Ruby Crystal,Forbidden Idol,Control Ward,Oracle Lens,Youmuu's Ghostblade,Control Ward,Mercury's Treads,Muramana,Doran's Blade,No_Item,Farsight Alteration,Shadowflame,Dark Seal,Sorcerer's Shoes,No_Item,Stormsurge,No_Item,Oracle Lens,Berserker's Greaves,Tiamat,Phage,Kraken Slayer,Immortal Shieldbow,Doran's Shield,Oracle Lens,Rapid Firecannon,No_Item,Muramana,Doran's Blade,Trinity Force,Boots,Farsight Alteration,Hextech Rocketbelt,Zaz'Zak's Realmspike,Hextech Alternator,Dark Seal,Stormsurge,Sorcerer's Shoes,Oracle Lens,Phase Rush,Resolve,Conqueror,Inspiration,Electrocute,Sorcery,Lethal Tempo,Sorcery,Summon Aery,Resolve,Conqueror,Inspiration,Dark Harvest,Precision,Grasp of the Undying,Precision,Conqueror,Resolve,Arcane Comet,Inspiration,Teleport,Flash,Smite,Flash,Flash,Teleport,Flash,Barrier,Ignite,Flash,Flash,Teleport,Flash,Smite,Teleport,Flash,Flash,Barrier,Ignite,Flash,0,4,0,1,2,1
https://www.op.gg/summoners/euw/Phantasmasm-EUW/matches/uRd1PvnOddqEGpr3c9IWaB18wRYEAMsJN04Gcrro3oI%3D/1734128147000,0,34,57,57,34,99,71,119,114,40,66,0,4,0,3,1,11,0,7,70946,83471,16.4,17.2,1040,991,29.1,27.8,-12525,12525,1977.183606557377,2326.240983606557,Gangplank,Qiyana,Viktor,Kalista,Renata Glasc,Akali,Poppy,Akshan,Tristana,Rakan,Trinity Force,The Collector,Serpent's Fang,Infinity Edge,Cloak of Agility,Plated Steelcaps,Oracle Lens,Edge of Night,Control Ward,Profane Hydra,Serylda's Grudge,Ionian Boots of Lucidity,Hubris,Oracle Lens,Blighting Jewel,Blasting Wand,Zhonya's Hourglass,Shadowflame,Sorcerer's Shoes,Luden's Companion,Farsight Alteration,Blade of The Ruined King,Berserker's Greaves,Terminus,"Jak'Sho, The Protean",Guinsoo's Rageblade,Steel Sigil,Farsight Alteration,Locket of the Iron Solari,Redemption,Celestial Opposition,No_Item,Ionian Boots of Lucidity,Ruby Crystal,Oracle Lens,Mercury's Treads,Shadowflame,Zhonya's Hourglass,Lich Bane,Void Staff,No_Item,Stealth Ward,Dead Man's Plate,Bami's Cinder,Ionian Boots of Lucidity,Knight's Vow,"Jak'Sho, The Protean",Giant's Belt,Oracle Lens,Boots of Swiftness,Lord Dominik's Regards,Bloodthirster,Rapid Firecannon,Immortal Shieldbow,Infinity Edge,Farsight Alteration,The Collector,Infinity Edge,Navori Flickerblade,Bloodthirster,Lord Dominik's Regards,Rapid Firecannon,Farsight Alteration,Celestial Opposition,Locket of the Iron Solari,Vigilant Wardstone,Zeke's Convergence,Ionian Boots of Lucidity,Kindlegem,Oracle Lens,Grasp of the Undying,Inspiration,Dark Harvest,Inspiration,Summon Aery,Resolve,Lethal Tempo,Domination,Glacial Augment,Domination,Electrocute,Resolve,Phase Rush,Inspiration,Press the Attack,Resolve,Hail of Blades,Precision,Summon Aery,Domination,Teleport,Flash,Flash,Smite,Flash,Teleport,Flash,Barrier,Flash,Heal,Teleport,Flash,Flash,Smite,Flash,Teleport,Flash,Barrier,Flash,Ignite,0,1,0,1,5,4
https://www.op.gg/summoners/euw/Phantasmasm-EUW/matches/uRd1PvnOddp7cl5AsEJQpTKfyfvNP04fSF4quU23vsc%3D/1734125167000,1,38,33,33,38,73,59,59,97,21,16,3,1,1,1,10,1,4,2,71191,58815,16.2,15.2,1015,795,31.7,24.7,12376,-12376,2221.1592,1835.028,Irelia,Nunu & Willump,Yone,Miss Fortune,Bard,Neeko,Lee Sin,Viktor,Jinx,Karma,Kraken Slayer,Blade of The Ruined King,Mercury's Treads,Wit's End,Hullbreaker,Long Sword,Oracle Lens,Frozen Heart,Mejai's Soulstealer,Mercury's Treads,Liandry's Torment,Thornmail,"Jak'Sho, The Protean",Oracle Lens,B. F. Sword,Berserker's Greaves,Wit's End,Blade of The Ruined King,Immortal Shieldbow,Cloak of Agility,Oracle Lens,The Collector,Youmuu's Ghostblade,Steel Sigil,Edge of Night,Serylda's Grudge,Boots of Swiftness,Farsight Alteration,Dead Man's Plate,Bloodsong,Oblivion Orb,Boots of Swiftness,Statikk Shiv,Mejai's Soulstealer,Oracle Lens,Hextech Rocketbelt,Zhonya's Hourglass,No_Item,Sorcerer's Shoes,Oblivion Orb,Fated Ashes,Farsight Alteration,Sterak's Gage,Eclipse,Plated Steelcaps,Sundered Sky,Phage,Control Ward,Stealth Ward,Sorcerer's Shoes,Refillable Potion,Void Staff,Liandry's Torment,Blackfire Torch,Rabadon's Deathcap,Stealth Ward,Cloak of Agility,Berserker's Greaves,Dagger,Yun Tal Wildarrows,Lord Dominik's Regards,Infinity Edge,Farsight Alteration,Forbidden Idol,Mikael's Blessing,Dream Maker,Ionian Boots of Lucidity,Kindlegem,Moonstone Renewer,Oracle Lens,Conqueror,Resolve,Phase Rush,Precision,Fleet Footwork,Resolve,First Strike,Precision,Guardian,Inspiration,Glacial Augment,Sorcery,Conqueror,Inspiration,Summon Aery,Resolve,Lethal Tempo,Inspiration,Arcane Comet,Resolve,Teleport,Flash,Smite,Flash,Flash,Teleport,Flash,Barrier,Flash,Ignite,Teleport,Flash,Flash,Smite,Flash,Teleport,Flash,Barrier,Exhaust,Flash,0,6,2,1,0,0
https://www.op.gg/summoners/euw/Phantasmasm-EUW/matches/uRd1PvnOddoLIG9VZPqEUgOSEFVBAloeT8xBXOvvIkA%3D/1734120438000,0,19,40,40,19,68,27,62,66,20,17,0,3,0,1,5,9,0,4,51143,61366,13.4,15.0,774,817,28.9,30.5,-10223,10223,1913.9404907975459,2296.519018404908,Aurora,Zyra,Yasuo,Smolder,Alistar,Ambessa,Brand,Akshan,Samira,Rell,Shadowflame,Sorcerer's Shoes,No_Item,Malignance,Amplifying Tome,Rabadon's Deathcap,Oracle Lens,Rylai's Crystal Scepter,Liandry's Torment,Seeker's Armguard,Sorcerer's Shoes,Dark Seal,No_Item,Oracle Lens,Berserker's Greaves,Blade of The Ruined King,Immortal Shieldbow,Dagger,Bloodthirster,No_Item,Stealth Ward,Doran's Blade,Scout's Slingshot,Cloak of Agility,Spear of Shojin,Essence Reaver,Ionian Boots of Lucidity,Farsight Alteration,Locket of the Iron Solari,Celestial Opposition,No_Item,Trailblazer,Ionian Boots of Lucidity,No_Item,Oracle Lens,Hexdrinker,Eclipse,Boots,No_Item,Voltaic Cyclosword,No_Item,Farsight Alteration,Rylai's Crystal Scepter,Liandry's Torment,Shadowflame,No_Item,Sorcerer's Shoes,No_Item,Oracle Lens,Lord Dominik's Regards,Boots of Swiftness,Doran's Blade,The Collector,Infinity Edge,Rapid Firecannon,Farsight Alteration,Immortal Shieldbow,Infinity Edge,The Collector,Bloodthirster,Mercury's Treads,No_Item,Farsight Alteration,Locket of the Iron Solari,Celestial Opposition,Knight's Vow,No_Item,Zeke's Convergence,Ionian Boots of Lucidity,Oracle Lens,Electrocute,Sorcery,Arcane Comet,Precision,Grasp of the Undying,Precision,Fleet Footwork,Inspiration,Aftershock,Inspiration,Electrocute,Resolve,Conqueror,Inspiration,Press the Attack,Resolve,Conqueror,Domination,Aftershock,Inspiration,Flash,Teleport,Flash,Smite,Teleport,Flash,Flash,Barrier,Flash,Exhaust,Flash,Teleport,Flash,Smite,Flash,Teleport,Flash,Barrier,Ignite,Flash,1,0,0,0,6,2
https://www.op.gg/summoners/euw/Phantasmasm-EUW/matches/uRd1PvnOddr1WvO2lCzkVp4paPouFYD_DGhd7ATBuH8%3D/1734030245000,1,28,12,12,28,13,43,50,36,12,12,1,2,0,0,6,0,1,2,44527,32862,12.2,10.6,630,575,32.7,30.0,11665,-11665,2335.3321678321677,1723.5314685314686,Poppy,Nocturne,Viktor,Ashe,Milio,Akshan,Diana,Rumble,Yasuo,Lulu,Kindlegem,Hollow Radiance,Mercury's Treads,Chain Vest,Tear of the Goddess,Doran's Shield,Stealth Ward,Stridebreaker,Black Cleaver,No_Item,Mercury's Treads,No_Item,No_Item,Farsight Alteration,Doran's Ring,Luden's Companion,Needlessly Large Rod,Dark Seal,Sorcerer's Shoes,Stormsurge,Oracle Lens,Kraken Slayer,Refillable Potion,Phantom Dancer,No_Item,Berserker's Greaves,Doran's Blade,Farsight Alteration,Dream Maker,Refillable Potion,Control Ward,Echoes of Helia,Moonstone Renewer,Boots,Oracle Lens,No_Item,Refillable Potion,Boots of Swiftness,Statikk Shiv,B. F. Sword,Doran's Blade,Stealth Ward,Hextech Rocketbelt,Zhonya's Hourglass,Sorcerer's Shoes,Fated Ashes,Amplifying Tome,No_Item,Oracle Lens,Doran's Ring,Boots of Swiftness,Amplifying Tome,Dark Seal,Amplifying Tome,Liandry's Torment,Stealth Ward,Doran's Blade,Berserker's Greaves,Refillable Potion,Blade of The Ruined King,Pickaxe,No_Item,Stealth Ward,Redemption,Dream Maker,Control Ward,Boots,No_Item,Moonstone Renewer,Oracle Lens,Grasp of the Undying,Inspiration,Conqueror,Domination,Summon Aery,Precision,Lethal Tempo,Inspiration,Summon Aery,Resolve,Press the Attack,Inspiration,Conqueror,Inspiration,Arcane Comet,Domination,Lethal Tempo,Resolve,Summon Aery,Resolve,Teleport,Flash,Flash,Smite,Teleport,Flash,Exhaust,Flash,Heal,Flash,Flash,Teleport,Flash,Smite,Flash,Teleport,Flash,Exhaust,Flash,Heal,1,4,0,0,2,0
https://www.op.gg/summoners/euw/Phantasmasm-EUW/matches/uRd1PvnOddrEXPZF4NKhdj5WpOBxwYW2VSAPA0LhIyA%3D/1734028525000,1,45,33,33,45,61,94,88,87,27,40,3,3,2,0,10,5,5,3,81092,72066,17.4,16.8,1067,1067,27.6,27.6,9026,-9026,2111.27100591716,1876.2745562130178,Riven,Poppy,Yasuo,Viktor,Nami,Zilean,Karthus,Kassadin,Akshan,Nautilus,Profane Hydra,No_Item,Last Whisper,Ionian Boots of Lucidity,Sundered Sky,Maw of Malmortius,Oracle Lens,Hollow Radiance,Locket of the Iron Solari,Winged Moonplate,Kaenic Rookern,Force of Nature,Mercury's Treads,Oracle Lens,Kindlegem,Kraken Slayer,Berserker's Greaves,Immortal Shieldbow,Infinity Edge,Abyssal Mask,Farsight Alteration,Luden's Companion,Zhonya's Hourglass,Stormsurge,Sorcerer's Shoes,Rabadon's Deathcap,Void Staff,Farsight Alteration,Dream Maker,Imperial Mandate,Shurelya's Battlesong,Staff of Flowing Water,Bandleglass Mirror,Ionian Boots of Lucidity,Oracle Lens,Doran's Ring,Seraph's Embrace,Ionian Boots of Lucidity,Frozen Heart,Imperial Mandate,Control Ward,Stealth Ward,Oblivion Orb,Blackfire Torch,Sorcerer's Shoes,Liandry's Torment,Void Staff,Shadowflame,Oracle Lens,Void Staff,Seraph's Embrace,Zhonya's Hourglass,Malignance,Sorcerer's Shoes,Verdant Barrier,Oracle Lens,B. F. Sword,Rapid Firecannon,Boots of Swiftness,Infinity Edge,Yun Tal Wildarrows,Lord Dominik's Regards,Farsight Alteration,Mercury's Treads,Control Ward,Knight's Vow,Solstice Sleigh,Locket of the Iron Solari,Negatron Cloak,Oracle Lens,Conqueror,Sorcery,Phase Rush,Inspiration,Lethal Tempo,Resolve,Summon Aery,Precision,Summon Aery,Resolve,Summon Aery,Resolve,Dark Harvest,Precision,Electrocute,Sorcery,Press the Attack,Sorcery,Aftershock,Inspiration,Flash,Ignite,Flash,Smite,Teleport,Flash,Flash,Teleport,Flash,Heal,Teleport,Flash,Flash,Smite,Flash,Teleport,Flash,Barrier,Flash,Ignite,1,5,1,0,1,1
https://www.op.gg/summoners/euw/Phantasmasm-EUW/matches/uRd1PvnOddr1R_lM_GGfNfpUM9SUIInv0chbQxLJ7l4%3D/1734025321000,0,23,39,39,23,78,29,65,67,11,26,0,4,1,0,4,9,1,4,47919,56206,12.6,13.6,660,749,26.4,30.0,-8287,8287,1898.0902597402596,2226.3415584415584,Galio,Warwick,Viktor,Akshan,Nami,Aurora,Viego,Ahri,Ashe,Rell,Doran's Ring,Riftmaker,No_Item,No_Item,Hollow Radiance,Plated Steelcaps,Oracle Lens,Stridebreaker,No_Item,Boots of Swiftness,Frozen Heart,Warden's Mail,Spirit Visage,Stealth Ward,Doran's Ring,Luden's Companion,Shattered Armguard,No_Item,Sorcerer's Shoes,Lich Bane,Farsight Alteration,Doran's Blade,Slightly Magical Footwear,Zeal,Statikk Shiv,Mortal Reminder,Infinity Edge,Farsight Alteration,Ionian Boots of Lucidity,Control Ward,Solstice Sleigh,Imperial Mandate,Bandleglass Mirror,Kindlegem,Oracle Lens,Doran's Ring,Malignance,Refillable Potion,Sorcerer's Shoes,Liandry's Torment,Needlessly Large Rod,Oracle Lens,Kraken Slayer,No_Item,Plated Steelcaps,Sterak's Gage,Sundered Sky,No_Item,Oracle Lens,Horizon Focus,Malignance,Ionian Boots of Lucidity,Fated Ashes,Haunting Guise,Doran's Ring,Oracle Lens,Doran's Blade,Kraken Slayer,Executioner's Calling,Berserker's Greaves,Phantom Dancer,Cloak of Agility,Farsight Alteration,Locket of the Iron Solari,Solstice Sleigh,Mercury's Treads,Zeke's Convergence,Kindlegem,Control Ward,Oracle Lens,Aftershock,Inspiration,Conqueror,Sorcery,Summon Aery,Precision,Press the Attack,Inspiration,Summon Aery,Precision,Conqueror,Domination,Conqueror,Inspiration,Electrocute,Sorcery,Lethal Tempo,Inspiration,Aftershock,Inspiration,Flash,Teleport,Flash,Smite,Flash,Teleport,Flash,Teleport,Flash,Heal,Flash,Teleport,Flash,Smite,Flash,Teleport,Flash,Barrier,Ignite,Flash,0,3,0,1,2,2
https://www.op.gg/summoners/euw/Phantasmasm-EUW/matches/uRd1PvnOddrQds_rCPdFG9D7n1zVofKEIx5MpRdinsI%3D/1734023073000,1,38,23,23,38,34,66,62,86,29,13,1,3,0,1,5,4,1,4,61513,53973,15.2,14.4,909,821,31.400000000000002,28.4,7540,-7540,2129.2961538461536,1868.2961538461539,Zilean,Lillia,Akshan,Ashe,Rell,Yorick,Viego,Sylas,Sivir,Rakan,Oblivion Orb,Seraph's Embrace,Ionian Boots of Lucidity,Cosmic Drive,Frozen Heart,Ruby Crystal,Stealth Ward,Cosmic Drive,Mejai's Soulstealer,Zhonya's Hourglass,Ionian Boots of Lucidity,Amplifying Tome,Liandry's Torment,Oracle Lens,Boots of Swiftness,Doran's Blade,Cloak of Agility,Yun Tal Wildarrows,Infinity Edge,Lord Dominik's Regards,Farsight Alteration,Doran's Blade,Infinity Edge,Kraken Slayer,Runaan's Hurricane,B. F. Sword,Berserker's Greaves,Farsight Alteration,Ionian Boots of Lucidity,Locket of the Iron Solari,Celestial Opposition,Zeke's Convergence,Kindlegem,Negatron Cloak,Oracle Lens,Profane Hydra,Boots of Swiftness,Serylda's Grudge,Opportunity,Serrated Dirk,Ruby Crystal,Farsight Alteration,Ruby Crystal,Trinity Force,Sundered Sky,Mercury's Treads,Wit's End,No_Item,Oracle Lens,Cosmic Drive,Hextech Rocketbelt,Dark Seal,Needlessly Large Rod,Sorcerer's Shoes,Needlessly Large Rod,Stealth Ward,B. F. Sword,Pickaxe,Berserker's Greaves,Navori Flickerblade,Essence Reaver,Cloak of Agility,Farsight Alteration,Dark Seal,Mercury's Treads,Dream Maker,Trailblazer,Control Ward,Kindlegem,Oracle Lens,Summon Aery,Inspiration,Conqueror,Inspiration,Press the Attack,Resolve,Lethal Tempo,Inspiration,Aftershock,Inspiration,Arcane Comet,Inspiration,Conqueror,Inspiration,Electrocute,Resolve,Lethal Tempo,Sorcery,Guardian,Domination,Teleport,Flash,Flash,Smite,Flash,Teleport,Barrier,Flash,Flash,Ignite,Teleport,Flash,Flash,Smite,Flash,Teleport,Barrier,Flash,Ignite,Flash,1,5,1,0,1,1
https://www.op.gg/summoners/euw/Phantasmasm-EUW/matches/uRd1PvnOddrE_2m3rhV0kppuvgL-GJ7rpnx7PRYIlkc%3D/1734020525000,0,20,29,29,20,46,36,66,64,16,23,2,1,0,1,0,9,2,2,44299,58747,13.0,14.4,723,883,26.6,32.4,-14448,14448,1624.2966666666666,2154.056666666667,Zilean,Kha'Zix,Lux,Corki,Zac,Poppy,Lillia,Akshan,Ashe,Lulu,Doran's Ring,Seraph's Embrace,Ionian Boots of Lucidity,Frozen Heart,Ruby Crystal,No_Item,Stealth Ward,Youmuu's Ghostblade,Last Whisper,Mercury's Treads,Opportunity,Long Sword,No_Item,Oracle Lens,Luden's Companion,Sorcerer's Shoes,Doran's Ring,Horizon Focus,Needlessly Large Rod,Needlessly Large Rod,Farsight Alteration,Doran's Blade,Trinity Force,Muramana,Plated Steelcaps,Zeal,Dagger,Farsight Alteration,Celestial Opposition,Zeke's Convergence,Plated Steelcaps,Warden's Mail,Giant's Belt,Dark Seal,Oracle Lens,Unending Despair,Fimbulwinter,Sundered Sky,No_Item,Mercury's Treads,Null-Magic Mantle,Stealth Ward,Zhonya's Hourglass,Cosmic Drive,Liandry's Torment,Ionian Boots of Lucidity,No_Item,No_Item,Oracle Lens,Doran's Blade,Lord Dominik's Regards,Boots of Swiftness,Yun Tal Wildarrows,Infinity Edge,B. F. Sword,Farsight Alteration,Cloak of Agility,Berserker's Greaves,Doran's Blade,Kraken Slayer,Phantom Dancer,B. F. Sword,Farsight Alteration,Mikael's Blessing,Refillable Potion,Dream Maker,Moonstone Renewer,Ionian Boots of Lucidity,Ruby Crystal,Oracle Lens,Summon Aery,Inspiration,Electrocute,Inspiration,Arcane Comet,Precision,Conqueror,Inspiration,Aftershock,Precision,Grasp of the Undying,Inspiration,Conqueror,Inspiration,Press the Attack,Inspiration,Lethal Tempo,Inspiration,Summon Aery,Resolve,Teleport,Flash,Flash,Smite,Teleport,Flash,Flash,Cleanse,Flash,Ignite,Flash,Teleport,Flash,Smite,Flash,Teleport,Flash,Barrier,Heal,Flash,0,0,0,1,6,1
https://www.op.gg/summoners/euw/Phantasmasm-EUW/matches/uRd1PvnOddp3q6ebPWGMTLwnWPXWJ4qw9u-LF7HeJGs%3D/1733959444000,1,24,27,27,24,50,55,83,78,27,24,2,3,0,2,8,4,2,5,65512,62579,15.8,16.0,1049,982,31.5,29.4,2933,-2933,1962.7076923076922,1874.8364372469634,K'Sante,Xin Zhao,Viktor,Varus,Lulu,Camille,Volibear,Hwei,Ashe,Braum,Kaenic Rookern,Thornmail,Boots of Swiftness,No_Item,Negatron Cloak,Iceborn Gauntlet,Oracle Lens,Black Cleaver,Randuin's Omen,Sterak's Gage,Mercury's Treads,Sundered Sky,Negatron Cloak,Oracle Lens,Sorcerer's Shoes,Blackfire Torch,Liandry's Torment,Rabadon's Deathcap,No_Item,No_Item,Farsight Alteration,"Jak'Sho, The Protean",Guinsoo's Rageblade,Blade of The Ruined King,Terminus,Berserker's Greaves,No_Item,Farsight Alteration,Dream Maker,No_Item,Shurelya's Battlesong,Mikael's Blessing,Ardent Censer,Ionian Boots of Lucidity,Oracle Lens,Ravenous Hydra,Trinity Force,No_Item,Plated Steelcaps,Sterak's Gage,No_Item,Oracle Lens,Dead Man's Plate,Sundered Sky,Sterak's Gage,Ionian Boots of Lucidity,Kindlegem,Spectre's Cowl,Oracle Lens,Blighting Jewel,Dark Seal,Rabadon's Deathcap,Horizon Focus,Luden's Companion,Sorcerer's Shoes,Farsight Alteration,Infinity Edge,Berserker's Greaves,Runaan's Hurricane,Statikk Shiv,Lord Dominik's Regards,Vampiric Scepter,Farsight Alteration,Kindlegem,Solstice Sleigh,Locket of the Iron Solari,Thornmail,Mercury's Treads,Control Ward,Oracle Lens,Grasp of the Undying,Inspiration,Conqueror,Inspiration,Summon Aery,Precision,Lethal Tempo,Resolve,Summon Aery,Resolve,Grasp of the Undying,Inspiration,Press the Attack,Sorcery,Arcane Comet,Inspiration,Lethal Tempo,Inspiration,Guardian,Inspiration,Teleport,Flash,Flash,Smite,Flash,Teleport,Flash,Cleanse,Flash,Heal,Flash,Teleport,Flash,Smite,Flash,Teleport,Barrier,Flash,Flash,Ignite,0,6,1,1,0,0
https://www.op.gg/summoners/euw/Phantasmasm-EUW/matches/uRd1PvnOddq5qrKlGBc9xGAaW2rJEjn2xWN32ndKBSs%3D/1733956914000,1,16,10,10,16,18,27,40,35,12,12,1,1,0,0,3,0,1,1,34418,28873,10.2,9.4,537,480,32.6,29.1,5545,-5545,2096.369090909091,1758.6281818181817,Camille,Nidalee,Cho'Gath,Ashe,Nautilus,Zed,Volibear,Akshan,Caitlyn,Lux,Tiamat,Trinity Force,No_Item,Plated Steelcaps,No_Item,No_Item,Stealth Ward,No_Item,Lich Bane,No_Item,Sorcerer's Shoes,Dark Seal,Amplifying Tome,Oracle Lens,Doran's Ring,Refillable Potion,Rod of Ages,Plated Steelcaps,Cloth Armor,Ruby Crystal,Farsight Alteration,Kraken Slayer,Dagger,Zeal,Doran's Blade,Berserker's Greaves,Dagger,Farsight Alteration,Celestial Opposition,Locket of the Iron Solari,Refillable Potion,No_Item,Ionian Boots of Lucidity,No_Item,Oracle Lens,Eclipse,Serrated Dirk,No_Item,Ionian Boots of Lucidity,Doran's Blade,Refillable Potion,Stealth Ward,Mosstomper Seedling,Boots of Swiftness,Sundered Sky,Winged Moonplate,No_Item,No_Item,Oracle Lens,Doran's Blade,Cull,Slightly Magical Footwear,B. F. Sword,B. F. Sword,Last Whisper,Stealth Ward,Yun Tal Wildarrows,Berserker's Greaves,Doran's Blade,No_Item,No_Item,No_Item,Stealth Ward,Zaz'Zak's Realmspike,Control Ward,Amplifying Tome,Sorcerer's Shoes,Luden's Companion,No_Item,Oracle Lens,Conqueror,Resolve,Conqueror,Sorcery,Arcane Comet,Resolve,Lethal Tempo,Inspiration,Aftershock,Inspiration,First Strike,Resolve,Press the Attack,Sorcery,Press the Attack,Inspiration,Lethal Tempo,Sorcery,Arcane Comet,Domination,Flash,Teleport,Smite,Flash,Flash,Teleport,Flash,Barrier,Flash,Ignite,Flash,Teleport,Flash,Smite,Flash,Teleport,Flash,Ghost,Flash,Heal,1,6,0,0,0,0
https://www.op.gg/summoners/euw/Phantasmasm-EUW/matches/uRd1PvnOddrxR4Eg8wGnomTxJZXJRToRhkFdaKtAuCc%3D/1733954664000,0,19,32,32,19,55,20,57,90,18,28,1,2,0,0,3,3,1,2,47817,56537,13.0,14.0,813,825,30.7,31.3,-8720,8720,1808.4634615384618,2138.2583333333337,Garen,Skarner,Graves,Caitlyn,Lux,Rakan,Udyr,Zed,Hwei,Pyke,Doran's Shield,Boots of Swiftness,Stridebreaker,Mortal Reminder,Cloak of Agility,Dagger,Oracle Lens,Heartsteel,Unending Despair,Kaenic Rookern,Mercury's Treads,No_Item,No_Item,Oracle Lens,The Collector,Lord Dominik's Regards,Youmuu's Ghostblade,No_Item,Boots,No_Item,Stealth Ward,Doran's Blade,Lord Dominik's Regards,The Collector,Pickaxe,Berserker's Greaves,Cloak of Agility,Farsight Alteration,Zaz'Zak's Realmspike,Needlessly Large Rod,Shattered Armguard,Sorcerer's Shoes,Luden's Companion,No_Item,Oracle Lens,Plated Steelcaps,Sheen,Tiamat,Heartsteel,Tunneler,Ruby Crystal,Farsight Alteration,Liandry's Torment,Randuin's Omen,Plated Steelcaps,Dark Seal,Unending Despair,Giant's Belt,Oracle Lens,Voltaic Cyclosword,Eclipse,Serylda's Grudge,Serrated Dirk,Ionian Boots of Lucidity,Long Sword,Oracle Lens,Ionian Boots of Lucidity,No_Item,No_Item,Blackfire Torch,Liandry's Torment,Horizon Focus,Stealth Ward,Umbral Glaive,Celestial Opposition,Edge of Night,No_Item,Long Sword,Mercury's Treads,Oracle Lens,Phase Rush,Resolve,Grasp of the Undying,Inspiration,Electrocute,Resolve,Lethal Tempo,Sorcery,Arcane Comet,Domination,Grasp of the Undying,Inspiration,Conqueror,Resolve,First Strike,Sorcery,Arcane Comet,Inspiration,Hail of Blades,Sorcery,Ignite,Flash,Flash,Smite,Flash,Teleport,Barrier,Flash,Flash,Exhaust,Flash,Teleport,Flash,Smite,Flash,Teleport,Flash,Ghost,Flash,Ignite,0,2,0,1,4,0
https://www.op.gg/summoners/euw/Phantasmasm-EUW/matches/uRd1PvnOddpHtgHSafcN-2Bul2N4jYyfR5A3nDyE18w%3D/1733952346000,0,18,26,26,18,35,27,44,62,19,18,1,2,0,0,3,5,1,2,41985,48399,11.8,12.8,683,767,31.1,34.9,-6414,6414,1906.2155172413793,2197.4258620689657,Tryndamere,Volibear,Viktor,Corki,Blitzcrank,Akshan,Master Yi,Sylas,Caitlyn,Thresh,Ravenous Hydra,Doran's Blade,Berserker's Greaves,Phantom Dancer,Dagger,No_Item,Stealth Ward,Iceborn Gauntlet,Sundered Sky,No_Item,Plated Steelcaps,No_Item,No_Item,Oracle Lens,Zhonya's Hourglass,Luden's Companion,Ionian Boots of Lucidity,Dark Seal,Aether Wisp,Needlessly Large Rod,Farsight Alteration,Doran's Blade,Plated Steelcaps,Muramana,Zeal,Trinity Force,No_Item,Farsight Alteration,Kindlegem,Celestial Opposition,Locket of the Iron Solari,Control Ward,No_Item,Boots of Swiftness,Oracle Lens,Doran's Blade,B. F. Sword,Boots of Swiftness,Yun Tal Wildarrows,Lord Dominik's Regards,B. F. Sword,Farsight Alteration,Guinsoo's Rageblade,Blade of The Ruined King,Berserker's Greaves,Tunneler,Giant's Belt,Control Ward,Stealth Ward,Hextech Rocketbelt,Stormsurge,No_Item,Doran's Ring,Sorcerer's Shoes,Seeker's Armguard,Stealth Ward,Infinity Edge,Zeal,Doran's Blade,Berserker's Greaves,No_Item,The Collector,Farsight Alteration,Celestial Opposition,Locket of the Iron Solari,No_Item,Kindlegem,Cloth Armor,Ionian Boots of Lucidity,Oracle Lens,Fleet Footwork,Resolve,Press the Attack,Sorcery,Summon Aery,Resolve,Conqueror,Inspiration,Glacial Augment,Sorcery,Press the Attack,Inspiration,Lethal Tempo,Domination,Phase Rush,Inspiration,Lethal Tempo,Sorcery,Aftershock,Inspiration,Flash,Ignite,Flash,Smite,Flash,Teleport,Barrier,Flash,Flash,Ignite,Flash,Teleport,Flash,Smite,Flash,Teleport,Flash,Barrier,Flash,Ignite,0,4,0,1,2,0
https://www.op.gg/summoners/euw/Phantasmasm-EUW/matches/uRd1PvnOddoyXFVTQ4bX5Q-wkLnieJuc0nF8ofwEuos%3D/1733950253000,0,12,34,34,12,54,17,69,66,20,22,2,1,0,1,2,10,2,2,42527,56725,12.2,14.8,743,834,29.900000000000002,33.6,-14198,14198,1709.6281407035176,2280.402010050251,Yasuo,Master Yi,Garen,Kog'Maw,Pyke,Ambessa,Volibear,Akshan,Ziggs,Rakan,Doran's Shield,Stridebreaker,Berserker's Greaves,Blade of The Ruined King,No_Item,No_Item,Farsight Alteration,Berserker's Greaves,Blade of The Ruined King,Guinsoo's Rageblade,No_Item,No_Item,No_Item,Oracle Lens,Doran's Shield,Mortal Reminder,Stridebreaker,Phantom Dancer,Boots,No_Item,Oracle Lens,Seraph's Embrace,Luden's Companion,Needlessly Large Rod,Sorcerer's Shoes,No_Item,No_Item,Farsight Alteration,Ruby Crystal,Bloodsong,Long Sword,Umbral Glaive,Synchronized Souls,Serrated Dirk,Oracle Lens,Serylda's Grudge,Edge of Night,Voltaic Cyclosword,Plated Steelcaps,No_Item,No_Item,Stealth Ward,Iceborn Gauntlet,Plated Steelcaps,Sundered Sky,Dead Man's Plate,No_Item,No_Item,Oracle Lens,Plated Steelcaps,B. F. Sword,Doran's Blade,Yun Tal Wildarrows,Infinity Edge,Lord Dominik's Regards,Farsight Alteration,Seraph's Embrace,Liandry's Torment,Needlessly Large Rod,Sorcerer's Shoes,Hextech Alternator,No_Item,Farsight Alteration,Celestial Opposition,Locket of the Iron Solari,Knight's Vow,No_Item,Kindlegem,Ionian Boots of Lucidity,Oracle Lens,Grasp of the Undying,Precision,Lethal Tempo,Domination,Phase Rush,Resolve,Arcane Comet,Precision,Hail of Blades,Resolve,Grasp of the Undying,Domination,Press the Attack,Sorcery,Press the Attack,Resolve,Arcane Comet,Inspiration,Guardian,Domination,Teleport,Flash,Flash,Smite,Ignite,Flash,Teleport,Flash,Flash,Ignite,Teleport,Flash,Flash,Smite,Flash,Teleport,Flash,Teleport,Flash,Ignite,0,3,0,1,3,2
https://www.op.gg/summoners/euw/Phantasmasm-EUW/matches/uRd1PvnOddrT8wmCktcvWH_zLyM51OEvNozdrrkFKvE%3D/1733947124000,0,19,35,35,19,76,43,57,80,23,17,0,2,0,1,1,10,0,3,49234,60266,13.2,14.6,776,781,28.7,28.799999999999997,-11032,11032,1813.8842105263159,2220.326315789474,Jayce,Jarvan IV,Akshan,Aurelion Sol,Sona,Yorick,Ivern,Orianna,Kog'Maw,Blitzcrank,Eclipse,Serpent's Fang,Boots of Swiftness,Muramana,No_Item,Doran's Blade,Farsight Alteration,Serpent's Fang,Spirit Visage,Ionian Boots of Lucidity,No_Item,Sundered Sky,No_Item,Oracle Lens,Doran's Blade,Mercury's Treads,Dagger,Infinity Edge,Statikk Shiv,Lord Dominik's Regards,Stealth Ward,Doran's Ring,Liandry's Torment,Rylai's Crystal Scepter,Verdant Barrier,Dark Seal,Sorcerer's Shoes,Farsight Alteration,Bloodsong,Rod of Ages,Seraph's Embrace,No_Item,No_Item,Boots of Swiftness,Oracle Lens,Sundered Sky,Trinity Force,Control Ward,Death's Dance,No_Item,Plated Steelcaps,Stealth Ward,Moonstone Renewer,No_Item,Redemption,Ionian Boots of Lucidity,Staff of Flowing Water,Dark Seal,Oracle Lens,Seraph's Embrace,Void Staff,Dark Seal,Sorcerer's Shoes,Needlessly Large Rod,Needlessly Large Rod,Farsight Alteration,Sorcerer's Shoes,Hextech Alternator,Zhonya's Hourglass,Luden's Companion,Seraph's Embrace,Void Staff,Farsight Alteration,Bloodsong,No_Item,Dead Man's Plate,Boots of Swiftness,Cloth Armor,Kindlegem,Oracle Lens,Conqueror,Inspiration,Conqueror,Inspiration,Press the Attack,Inspiration,Arcane Comet,Precision,Summon Aery,Precision,Grasp of the Undying,Inspiration,Summon Aery,Inspiration,Summon Aery,Resolve,Arcane Comet,Precision,Glacial Augment,Sorcery,Flash,Teleport,Flash,Smite,Flash,Teleport,Flash,Teleport,Heal,Flash,Flash,Teleport,Flash,Smite,Flash,Teleport,Flash,Teleport,Ignite,Flash,1,6,0,0,0,1
https://www.op.gg/summoners/euw/Phantasmasm-EUW/matches/uRd1PvnOddoM8oTuG_RkV0OUj1ykJDfnIEPnykiXhrs%3D/1733944188000,0,19,38,38,19,57,31,65,67,12,19,1,2,0,1,2,11,1,3,46046,58868,12.4,14.0,659,787,27.099999999999998,32.3,-12822,12822,1891.175,2417.792857142857,Poppy,Ivern,Ekko,Ezreal,Leona,Rumble,Viego,Akshan,Veigar,Rell,Sundered Sky,Control Ward,Maw of Malmortius,Boots of Swiftness,Fimbulwinter,No_Item,Farsight Alteration,Imperial Mandate,Redemption,Moonstone Renewer,Ionian Boots of Lucidity,Glowing Mote,No_Item,Oracle Lens,Doran's Ring,Lich Bane,Control Ward,Dark Seal,Nashor's Tooth,Sorcerer's Shoes,Oracle Lens,Trinity Force,Ionian Boots of Lucidity,Muramana,Caulfield's Warhammer,Last Whisper,Doran's Blade,Stealth Ward,Bloodsong,Ruby Crystal,Warmog's Armor,Boots of Swiftness,Control Ward,No_Item,Oracle Lens,Zhonya's Hourglass,Liandry's Torment,Control Ward,Riftmaker,Sorcerer's Shoes,No_Item,Stealth Ward,Sundered Sky,Trinity Force,Ruby Crystal,Mercury's Treads,Long Sword,No_Item,Stealth Ward,Doran's Blade,Boots of Swiftness,Mortal Reminder,Infinity Edge,Statikk Shiv,Cloak of Agility,Stealth Ward,Doran's Ring,Rod of Ages,Needlessly Large Rod,Needlessly Large Rod,Cryptbloom,Ionian Boots of Lucidity,Farsight Alteration,Locket of the Iron Solari,Bloodsong,Control Ward,Mercury's Treads,Thornmail,Zeke's Convergence,Oracle Lens,Grasp of the Undying,Inspiration,Glacial Augment,Resolve,Hail of Blades,Sorcery,Conqueror,Sorcery,Aftershock,Inspiration,Conqueror,Resolve,Conqueror,Inspiration,Press the Attack,Resolve,Summon Aery,Inspiration,Aftershock,Inspiration,Teleport,Flash,Flash,Smite,Teleport,Flash,Flash,Cleanse,Flash,Ignite,Teleport,Flash,Flash,Smite,Flash,Teleport,Flash,Teleport,Flash,Ignite,0,0,0,1,6,3
https://www.op.gg/summoners/euw/Phantasmasm-EUW/matches/uRd1PvnOddqaRf_wqRaMcx-SE9Rjc_6P7HLJDFa-u68%3D/1733776141000,0,33,47,47,34,92,68,99,83,25,39,2,3,1,1,6,11,3,4,67037,75401,15.2,16.6,880,985,25.8,28.9,-8364,8364,1960.1461988304093,2204.707602339181,Ambessa,Nunu & Willump,Akshan,Jinx,Leona,Jax,Rek'Sai,Taliyah,Varus,Braum,Doran's Blade,Mercury's Treads,No_Item,Death's Dance,Spear of Shojin,Eclipse,Farsight Alteration,Liandry's Torment,Redemption,No_Item,"Jak'Sho, The Protean",Bramble Vest,Plated Steelcaps,Stealth Ward,Boots of Swiftness,Bloodthirster,Lord Dominik's Regards,The Collector,Infinity Edge,Rapid Firecannon,Farsight Alteration,Doran's Blade,Infinity Edge,Zeal,Yun Tal Wildarrows,Mortal Reminder,Berserker's Greaves,Farsight Alteration,Control Ward,Locket of the Iron Solari,Celestial Opposition,Knight's Vow,Giant's Belt,Mercury's Treads,Oracle Lens,Needlessly Large Rod,Zhonya's Hourglass,Control Ward,Sundered Sky,Trinity Force,Plated Steelcaps,Stealth Ward,Stridebreaker,Randuin's Omen,No_Item,Sterak's Gage,Black Cleaver,Plated Steelcaps,Oracle Lens,Rabadon's Deathcap,Sorcerer's Shoes,Shattered Armguard,Cosmic Drive,Seraph's Embrace,Needlessly Large Rod,Farsight Alteration,Berserker's Greaves,Blade of The Ruined King,Amplifying Tome,Guinsoo's Rageblade,Runaan's Hurricane,Immortal Shieldbow,Farsight Alteration,Locket of the Iron Solari,Solstice Sleigh,Chain Vest,Frozen Heart,Plated Steelcaps,Ruby Crystal,Oracle Lens,Grasp of the Undying,Domination,Phase Rush,Precision,Press the Attack,Inspiration,Lethal Tempo,Sorcery,Aftershock,Inspiration,Grasp of the Undying,Sorcery,Conqueror,Inspiration,Phase Rush,Precision,Lethal Tempo,Inspiration,Guardian,Inspiration,Flash,Teleport,Smite,Flash,Flash,Teleport,Flash,Barrier,Ignite,Flash,Teleport,Flash,Flash,Smite,Flash,Teleport,Cleanse,Flash,Flash,Ignite,0,5,1,1,1,3
https://www.op.gg/summoners/euw/Phantasmasm-EUW/matches/uRd1PvnOddooriK5F-yLQdyFM9Kfpr0UlNpD0yvXdRA%3D/1733771832000,0,41,43,43,41,79,61,81,72,25,22,0,4,0,2,6,8,0,6,66438,74763,15.6,16.6,890,916,28.3,29.099999999999998,-8325,8325,2098.0421052631577,2360.936842105263,Garen,Pantheon,Sylas,Ziggs,Leona,Gangplank,Zac,Akshan,Caitlyn,Neeko,Boots of Swiftness,Phantom Dancer,Stridebreaker,Mortal Reminder,Long Sword,B. F. Sword,Oracle Lens,Plated Steelcaps,Sundered Sky,Black Cleaver,Sterak's Gage,Executioner's Calling,Serrated Dirk,Oracle Lens,Sorcerer's Shoes,Zhonya's Hourglass,Hextech Rocketbelt,Void Staff,Dark Seal,Shadowflame,Oracle Lens,Rabadon's Deathcap,Liandry's Torment,Sorcerer's Shoes,Seraph's Embrace,Oblivion Orb,Luden's Companion,Farsight Alteration,Knight's Vow,Bloodsong,Locket of the Iron Solari,Control Ward,Kindlegem,Boots of Swiftness,Oracle Lens,Trinity Force,Mortal Reminder,Immortal Shieldbow,The Collector,No_Item,Plated Steelcaps,Farsight Alteration,Spirit Visage,Randuin's Omen,Abyssal Mask,Ionian Boots of Lucidity,Unending Despair,Sunfire Aegis,Oracle Lens,Boots of Swiftness,Cloak of Agility,Doran's Blade,Infinity Edge,Statikk Shiv,Lord Dominik's Regards,Farsight Alteration,The Collector,Infinity Edge,Berserker's Greaves,Immortal Shieldbow,Lord Dominik's Regards,B. F. Sword,Farsight Alteration,Hextech Rocketbelt,Celestial Opposition,Stormsurge,Ionian Boots of Lucidity,Blighting Jewel,Blasting Wand,Oracle Lens,Phase Rush,Resolve,Press the Attack,Inspiration,Electrocute,Resolve,Arcane Comet,Inspiration,Aftershock,Inspiration,Grasp of the Undying,Sorcery,Aftershock,Precision,Press the Attack,Resolve,Lethal Tempo,Domination,Arcane Comet,Inspiration,Ignite,Flash,Smite,Flash,Teleport,Flash,Flash,Teleport,Flash,Ignite,Flash,Teleport,Smite,Flash,Flash,Teleport,Flash,Cleanse,Ignite,Flash,0,0,0,1,6,1
https://www.op.gg/summoners/euw/Phantasmasm-EUW/matches/uRd1PvnOddpEGCS-W7fQfvPI24xzFDjFSPEF6v0pwCc%3D/1733769021000,0,12,20,20,12,18,17,50,46,8,13,0,2,0,1,1,5,0,3,37260,44063,11.4,13.0,626,671,29.4,31.6,-6803,6803,1753.4117647058824,2073.5529411764705,Heimerdinger,Karthus,Akshan,Corki,Alistar,Gnar,Zac,Akali,Varus,Braum,Sorcerer's Shoes,Giant's Belt,Malignance,Amplifying Tome,Doran's Ring,Blasting Wand,Stealth Ward,Shadowflame,Sorcerer's Shoes,Liandry's Torment,Dark Seal,No_Item,No_Item,Farsight Alteration,Doran's Blade,Mercury's Treads,Recurve Bow,Blade of The Ruined King,Pickaxe,Hearthbound Axe,Stealth Ward,Doran's Blade,Control Ward,Manamune,Trinity Force,Slightly Magical Footwear,No_Item,Farsight Alteration,Mercury's Treads,Solstice Sleigh,Locket of the Iron Solari,No_Item,No_Item,No_Item,Oracle Lens,Long Sword,Null-Magic Mantle,Mercury's Treads,Trinity Force,Doran's Blade,No_Item,Stealth Ward,Sunfire Aegis,Spirit Visage,Control Ward,Ionian Boots of Lucidity,No_Item,Dark Seal,Oracle Lens,Shadowflame,Dark Seal,Doran's Shield,Stormsurge,No_Item,Sorcerer's Shoes,Stealth Ward,Doran's Blade,No_Item,Blade of The Ruined King,Berserker's Greaves,Guinsoo's Rageblade,Recurve Bow,Farsight Alteration,No_Item,Celestial Opposition,Locket of the Iron Solari,Redemption,No_Item,Slightly Magical Footwear,Oracle Lens,Electrocute,Sorcery,Dark Harvest,Precision,Grasp of the Undying,Precision,Conqueror,Inspiration,Phase Rush,Inspiration,Fleet Footwork,Resolve,Aftershock,Precision,Electrocute,Resolve,Lethal Tempo,Inspiration,Guardian,Inspiration,Teleport,Flash,Flash,Smite,Flash,Teleport,Flash,Cleanse,Ignite,Flash,Flash,Teleport,Smite,Flash,Teleport,Ignite,Flash,Barrier,Flash,Ignite,0,2,0,1,4,0
https://www.op.gg/summoners/euw/Phantasmasm-EUW/matches/uRd1PvnOddohRr8wjBx2kF1PHAgketEO3pm-h7GUuL0%3D/1733766780000,0,17,29,29,17,56,27,78,60,11,28,0,4,0,1,3,10,0,5,44987,55928,12.8,14.0,734,808,28.5,31.400000000000002,-10941,10941,1747.0679611650485,2171.9611650485435,Gragas,Lee Sin,Orianna,Corki,Rakan,K'Sante,Nunu & Willump,Aurora,Ezreal,Rell,Fimbulwinter,Ionian Boots of Lucidity,Cosmic Drive,Blasting Wand,Amplifying Tome,No_Item,Stealth Ward,Eclipse,Control Ward,Sundered Sky,Mercury's Treads,Ruby Crystal,Glowing Mote,Stealth Ward,Doran's Ring,Void Staff,Sorcerer's Shoes,Needlessly Large Rod,Seraph's Embrace,Liandry's Torment,Farsight Alteration,Doran's Blade,B. F. Sword,Trinity Force,Muramana,No_Item,Slightly Magical Footwear,Farsight Alteration,Mercury's Treads,Dark Seal,Dream Maker,Trailblazer,Control Ward,Kindlegem,Oracle Lens,Doran's Shield,"Jak'Sho, The Protean",Giant's Belt,Iceborn Gauntlet,Mercury's Treads,Hollow Radiance,Stealth Ward,Abyssal Mask,Dark Seal,Mercury's Treads,Liandry's Torment,Bramble Vest,Giant's Belt,Oracle Lens,Doran's Ring,Sorcerer's Shoes,Dark Seal,Needlessly Large Rod,Luden's Companion,Shadowflame,Oracle Lens,Caulfield's Warhammer,Trinity Force,Spear of Shojin,Ionian Boots of Lucidity,Muramana,Last Whisper,Farsight Alteration,Celestial Opposition,Locket of the Iron Solari,Knight's Vow,Mercury's Treads,No_Item,No_Item,Oracle Lens,Phase Rush,Inspiration,Conqueror,Inspiration,Arcane Comet,Precision,Conqueror,Inspiration,Guardian,Domination,Grasp of the Undying,Inspiration,Phase Rush,Precision,Arcane Comet,Domination,Press the Attack,Inspiration,Aftershock,Inspiration,Teleport,Flash,Flash,Smite,Teleport,Flash,Flash,Barrier,Ignite,Flash,Flash,Teleport,Smite,Flash,Flash,Teleport,Flash,Barrier,Flash,Ignite,0,3,0,1,3,1
https://www.op.gg/summoners/euw/Phantasmasm-EUW/matches/uRd1PvnOddqtC9BNXLHbyRhrTPQVh635sYVgKvIStK8%3D/1733763128000,0,17,43,43,17,44,20,63,56,10,22,0,3,0,1,2,11,0,4,48438,63633,13.2,15.2,808,926,31.799999999999997,36.300000000000004,-15195,15195,1893.6666666666667,2487.70987654321,Renekton,Graves,Veigar,Ziggs,Pyke,Gnar,Zac,Akshan,Akali,Zoe,Sterak's Gage,Stridebreaker,Doran's Shield,Plated Steelcaps,Null-Magic Mantle,Kindlegem,Oracle Lens,The Collector,Youmuu's Ghostblade,Control Ward,Mercury's Treads,Noonquiver,Pickaxe,Oracle Lens,Blighting Jewel,Blasting Wand,Rabadon's Deathcap,Doran's Ring,Boots of Swiftness,Fimbulwinter,Oracle Lens,Needlessly Large Rod,Needlessly Large Rod,Horizon Focus,Luden's Companion,Tear of the Goddess,Sorcerer's Shoes,Farsight Alteration,Umbral Glaive,Synchronized Souls,Celestial Opposition,Edge of Night,Control Ward,No_Item,Oracle Lens,Doran's Blade,Refillable Potion,Sterak's Gage,Plated Steelcaps,Trinity Force,Negatron Cloak,Oracle Lens,Ionian Boots of Lucidity,Randuin's Omen,Control Ward,Dark Seal,Sunfire Aegis,Spirit Visage,Oracle Lens,Boots of Swiftness,Lord Dominik's Regards,Doran's Blade,Cloak of Agility,Infinity Edge,Statikk Shiv,Stealth Ward,Banshee's Veil,Rabadon's Deathcap,Dark Seal,Stormsurge,Shadowflame,Boots,Oracle Lens,Zaz'Zak's Realmspike,Luden's Companion,Needlessly Large Rod,Horizon Focus,Dark Seal,Synchronized Souls,Oracle Lens,Press the Attack,Resolve,Dark Harvest,Precision,Summon Aery,Precision,Arcane Comet,Inspiration,Hail of Blades,Resolve,Grasp of the Undying,Precision,Aftershock,Precision,Press the Attack,Domination,Electrocute,Resolve,Electrocute,Inspiration,Teleport,Flash,Flash,Smite,Teleport,Flash,Teleport,Flash,Ignite,Flash,Teleport,Flash,Smite,Flash,Flash,Teleport,Teleport,Flash,Ignite,Flash,0,1,0,1,5,3
https://www.op.gg/summoners/euw/Phantasmasm-EUW/matches/uRd1PvnOddqbEUtTDiB-J_AifdYd_0GFlivcW0bFK0g%3D/1733760420000,1,36,18,19,36,26,55,72,64,28,23,2,1,1,0,10,1,3,1,57759,41734,14.4,12.4,782,647,31.3,25.9,16025,-16025,2322.2690721649483,1677.9649484536083,Ambessa,Kayn,Akshan,Swain,Rakan,Garen,Zed,Aurora,Corki,Bard,Spear of Shojin,Plated Steelcaps,Eclipse,Steel Sigil,Pickaxe,Doran's Blade,Stealth Ward,Black Cleaver,Eclipse,Plated Steelcaps,Control Ward,Death's Dance,Kindlegem,Stealth Ward,Doran's Blade,Boots of Swiftness,Statikk Shiv,B. F. Sword,Pickaxe,Lord Dominik's Regards,Farsight Alteration,Doran's Ring,Blackfire Torch,Cosmic Drive,Zhonya's Hourglass,Mejai's Soulstealer,Sorcerer's Shoes,Farsight Alteration,Mejai's Soulstealer,Ionian Boots of Lucidity,Dream Maker,Knight's Vow,No_Item,Trailblazer,Oracle Lens,Stridebreaker,Boots of Swiftness,Phantom Dancer,Executioner's Calling,No_Item,No_Item,Stealth Ward,Executioner's Calling,Eclipse,Voltaic Cyclosword,Boots,Caulfield's Warhammer,Long Sword,Oracle Lens,Stormsurge,Blasting Wand,Sorcerer's Shoes,Malignance,Control Ward,Dark Seal,Oracle Lens,Doran's Blade,Tear of the Goddess,Trinity Force,Executioner's Calling,Plated Steelcaps,Caulfield's Warhammer,Farsight Alteration,Bloodsong,Control Ward,Cloth Armor,Heartsteel,Giant's Belt,Boots of Swiftness,Oracle Lens,Grasp of the Undying,Domination,Conqueror,Inspiration,Press the Attack,Inspiration,Conqueror,Resolve,Guardian,Domination,Phase Rush,Resolve,Dark Harvest,Precision,Electrocute,Precision,Conqueror,Inspiration,Guardian,Domination,Flash,Teleport,Flash,Smite,Flash,Teleport,Flash,Exhaust,Ignite,Flash,Flash,Ignite,Smite,Flash,Flash,Teleport,Teleport,Flash,Flash,Ignite,1,6,2,0,0,0
https://www.op.gg/summoners/euw/Phantasmasm-EUW/matches/uRd1PvnOddpK0re2XnDTe0moiCSMTcxSfjZ2oogfUrE%3D/1733758456000,1,24,13,13,24,19,48,62,59,16,14,1,2,1,0,8,2,2,2,53992,43546,14.0,12.6,805,734,31.9,28.9,10446,-10446,2136.581818181818,1723.2106951871658,Sion,Graves,Aurora,Caitlyn,Alistar,Riven,Gragas,Akshan,Varus,Maokai,Chain Vest,"Jak'Sho, The Protean",Plated Steelcaps,Bami's Cinder,Frozen Heart,Control Ward,Oracle Lens,The Collector,No_Item,Youmuu's Ghostblade,Plated Steelcaps,Immortal Shieldbow,No_Item,Oracle Lens,Shadowflame,Fiendish Codex,Amplifying Tome,Malignance,Sorcerer's Shoes,Dark Seal,Oracle Lens,Boots of Swiftness,The Collector,Lord Dominik's Regards,Doran's Blade,Infinity Edge,No_Item,Farsight Alteration,Celestial Opposition,No_Item,Null-Magic Mantle,Mercury's Treads,Kindlegem,Warmog's Armor,Oracle Lens,Doran's Blade,Sundered Sky,Black Cleaver,Caulfield's Warhammer,Ionian Boots of Lucidity,Cloth Armor,Stealth Ward,Shadowflame,Dark Seal,Stormsurge,Sorcerer's Shoes,No_Item,No_Item,Stealth Ward,Doran's Blade,No_Item,Boots of Swiftness,Lord Dominik's Regards,Statikk Shiv,Infinity Edge,Farsight Alteration,No_Item,Youmuu's Ghostblade,Muramana,Serrated Dirk,Boots of Swiftness,Doran's Blade,Farsight Alteration,Locket of the Iron Solari,Solstice Sleigh,Ionian Boots of Lucidity,Control Ward,Cloth Armor,Kindlegem,Oracle Lens,Grasp of the Undying,Inspiration,Dark Harvest,Precision,Electrocute,Sorcery,Hail of Blades,Sorcery,Aftershock,Inspiration,Conqueror,Inspiration,Electrocute,Inspiration,Press the Attack,Inspiration,Hail of Blades,Inspiration,Aftershock,Inspiration,Flash,Teleport,Flash,Smite,Flash,Teleport,Ghost,Flash,Ignite,Flash,Ignite,Flash,Flash,Smite,Flash,Teleport,Flash,Barrier,Flash,Ignite,1,6,1,0,0,0
https://www.op.gg/summoners/euw/Phantasmasm-EUW/matches/uRd1PvnOddpTCINMjyBb_xhVFX25zqa-wtbKJZXLJg8%3D/1733755922000,1,26,11,11,26,3,34,50,45,10,9,2,1,0,0,9,1,2,1,48102,36159,12.6,11.6,728,645,32.1,28.400000000000002,11943,-11943,2106.427450980392,1583.4333333333334,Cho'Gath,Talon,Akshan,Ezreal,Vel'Koz,Yasuo,Viego,Ekko,Caitlyn,Leona,Doran's Ring,Abyssal Mask,Negatron Cloak,Plated Steelcaps,Warden's Mail,No_Item,Stealth Ward,Black Cleaver,Youmuu's Ghostblade,Slightly Magical Footwear,Hubris,No_Item,No_Item,Stealth Ward,Doran's Blade,Refillable Potion,Boots of Swiftness,Statikk Shiv,The Collector,Lord Dominik's Regards,Stealth Ward,Last Whisper,Trinity Force,Ionian Boots of Lucidity,Doran's Blade,Muramana,Long Sword,Farsight Alteration,Cloth Armor,Zaz'Zak's Realmspike,Sorcerer's Shoes,Dark Seal,Amplifying Tome,Liandry's Torment,Oracle Lens,Refillable Potion,Stridebreaker,Kraken Slayer,Berserker's Greaves,Doran's Shield,Long Sword,Farsight Alteration,Kraken Slayer,Tunneler,Plated Steelcaps,Long Sword,Long Sword,Ruby Crystal,Stealth Ward,Doran's Ring,Nashor's Tooth,Needlessly Large Rod,Boots,Dark Seal,Amplifying Tome,Stealth Ward,Doran's Blade,Infinity Edge,The Collector,Boots,Dagger,Dagger,Farsight Alteration,Control Ward,Locket of the Iron Solari,Bloodsong,No_Item,No_Item,Boots of Swiftness,Oracle Lens,Hail of Blades,Inspiration,Conqueror,Inspiration,Press the Attack,Resolve,Conqueror,Sorcery,Arcane Comet,Domination,Fleet Footwork,Resolve,Conqueror,Inspiration,Arcane Comet,Domination,Fleet Footwork,Sorcery,Aftershock,Inspiration,Teleport,Flash,Smite,Ignite,Flash,Teleport,Flash,Cleanse,Heal,Flash,Teleport,Flash,Smite,Flash,Teleport,Flash,Flash,Ghost,Ignite,Flash,1,6,1,0,0,0
https://www.op.gg/summoners/euw/Phantasmasm-EUW/matches/uRd1PvnOddo2OTDDJxzYKRKd44fc996qg4rZLllyLUI%3D/1733753859000,1,43,21,21,43,22,42,56,49,8,10,2,0,1,0,9,1,3,0,60047,44087,14.6,12.6,774,740,32.8,31.3,15960,-15960,2561.4454545454546,1880.6342657342657,Gragas,Graves,Aurora,Draven,Poppy,Aatrox,Taliyah,Corki,Smolder,Sylas,Refillable Potion,Boots of Swiftness,Cosmic Drive,Aether Wisp,Lost Chapter,Needlessly Large Rod,Stealth Ward,Immortal Shieldbow,Youmuu's Ghostblade,Control Ward,The Collector,Lord Dominik's Regards,Boots,Oracle Lens,Needlessly Large Rod,Hextech Alternator,Sorcerer's Shoes,Stormsurge,Luden's Companion,Dark Seal,Oracle Lens,Zeal,Infinity Edge,The Collector,Doran's Blade,Berserker's Greaves,Bloodthirster,Farsight Alteration,Locket of the Iron Solari,Bloodsong,Dead Man's Plate,Ruby Crystal,Boots of Swiftness,No_Item,Oracle Lens,Mercury's Treads,Eclipse,Spear of Shojin,Doran's Shield,No_Item,No_Item,Farsight Alteration,Shattered Armguard,Blackfire Torch,Rabadon's Deathcap,Sorcerer's Shoes,Amplifying Tome,No_Item,Oracle Lens,Doran's Blade,Trinity Force,Scout's Slingshot,Muramana,Mercury's Treads,Cloak of Agility,Stealth Ward,Doran's Blade,Hubris,Essence Reaver,Boots,Rapid Firecannon,No_Item,Farsight Alteration,Celestial Opposition,Hextech Rocketbelt,Sorcerer's Shoes,Dark Seal,Shattered Armguard,Control Ward,Oracle Lens,Phase Rush,Precision,Dark Harvest,Precision,Arcane Comet,Domination,Lethal Tempo,Domination,Aftershock,Inspiration,Conqueror,Resolve,First Strike,Sorcery,Conqueror,Inspiration,Arcane Comet,Inspiration,Electrocute,Inspiration,Teleport,Flash,Smite,Flash,Flash,Teleport,Barrier,Flash,Flash,Ignite,Flash,Teleport,Flash,Smite,Flash,Teleport,Barrier,Flash,Flash,Ignite,1,3,3,0,3,0
https://www.op.gg/summoners/euw/Phantasmasm-EUW/matches/uRd1PvnOddqUal7LrfMQyDGFez8lxrNf_vUQn8d0me8%3D/1733751366000,0,6,18,18,6,25,9,38,38,6,8,0,2,0,0,0,4,0,2,27862,36601,9.6,10.4,505,577,29.8,34.0,-8739,8739,1647.315328467153,2164.000729927007,Jax,Viego,Syndra,Samira,Renata Glasc,Dr. Mundo,Nidalee,Akshan,Corki,Leona,Doran's Shield,Trinity Force,Refillable Potion,Cull,Boots,Ruby Crystal,Stealth Ward,Tunneler,Kraken Slayer,Caulfield's Warhammer,Slightly Magical Footwear,Control Ward,No_Item,Oracle Lens,Doran's Ring,Luden's Companion,Refillable Potion,Sorcerer's Shoes,Amplifying Tome,Amplifying Tome,Farsight Alteration,Boots,Hubris,Doran's Blade,Serrated Dirk,Pickaxe,No_Item,Stealth Ward,Celestial Opposition,Locket of the Iron Solari,Refillable Potion,No_Item,Ionian Boots of Lucidity,No_Item,Oracle Lens,Boots of Swiftness,Giant's Belt,Doran's Shield,Warmog's Armor,No_Item,No_Item,Stealth Ward,Horizon Focus,Liandry's Torment,No_Item,Sorcerer's Shoes,No_Item,No_Item,Oracle Lens,Null-Magic Mantle,Refillable Potion,B. F. Sword,Doran's Blade,Statikk Shiv,Boots,Stealth Ward,Doran's Blade,Zeal,Scout's Slingshot,Plated Steelcaps,Trinity Force,Manamune,Farsight Alteration,Bloodsong,Knight's Vow,Kindlegem,Plated Steelcaps,Cloth Armor,No_Item,Oracle Lens,Grasp of the Undying,Inspiration,Conqueror,Inspiration,Summon Aery,Inspiration,Conqueror,Sorcery,Guardian,Inspiration,Grasp of the Undying,Inspiration,Conqueror,Sorcery,Press the Attack,Inspiration,Conqueror,Resolve,Aftershock,Inspiration,Flash,Teleport,Flash,Smite,Teleport,Flash,Flash,Cleanse,Flash,Ignite,Flash,Teleport,Smite,Flash,Flash,Teleport,Flash,Barrier,Flash,Ignite,0,2,0,0,4,0
https://www.op.gg/summoners/euw/Phantasmasm-EUW/matches/uRd1PvnOddpt_lXN-PtUFgvExE4cE2zVjloozPltnE0%3D/1733612270000,1,46,26,26,46,44,76,106,79,26,29,1,4,0,1,10,4,1,5,75562,68488,16.8,16.0,1008,1116,29.099999999999998,32.3,7074,-7074,2194.746887966805,1989.2780082987551,Volibear,Lee Sin,Aurora,Corki,Pyke,Jax,Viego,Varus,Karthus,Sona,Mercury's Treads,Spirit Visage,Cosmic Drive,Fimbulwinter,Negatron Cloak,Unending Despair,Stealth Ward,Mercury's Treads,Eclipse,Guardian Angel,Sterak's Gage,Sundered Sky,Spectre's Cowl,Stealth Ward,Sorcerer's Shoes,Amplifying Tome,Banshee's Veil,Rabadon's Deathcap,Luden's Companion,Shadowflame,Oracle Lens,Infinity Edge,Hexdrinker,Control Ward,Muramana,Trinity Force,Mercury's Treads,Farsight Alteration,Bloodsong,Umbral Glaive,Edge of Night,Maw of Malmortius,B. F. Sword,Boots of Swiftness,Oracle Lens,Lich Bane,Void Staff,Cosmic Drive,Nashor's Tooth,Boots of Swiftness,Amplifying Tome,Stealth Ward,Kraken Slayer,Sundered Sky,Plated Steelcaps,Wit's End,Steel Sigil,Pickaxe,Oracle Lens,Giant's Belt,Wit's End,Guinsoo's Rageblade,Plated Steelcaps,Terminus,Chain Vest,Farsight Alteration,Void Staff,Blackfire Torch,Sorcerer's Shoes,Shadowflame,Morellonomicon,Rabadon's Deathcap,Farsight Alteration,Bloodsong,Echoes of Helia,Staff of Flowing Water,Moonstone Renewer,Forbidden Idol,Boots of Swiftness,Oracle Lens,Grasp of the Undying,Sorcery,Conqueror,Inspiration,Electrocute,Precision,Conqueror,Inspiration,Hail of Blades,Sorcery,Phase Rush,Resolve,Conqueror,Inspiration,Lethal Tempo,Inspiration,Dark Harvest,Precision,Summon Aery,Resolve,Teleport,Flash,Flash,Smite,Flash,Teleport,Flash,Cleanse,Flash,Ignite,Flash,Teleport,Smite,Flash,Flash,Barrier,Flash,Exhaust,Flash,Heal,1,6,3,0,0,0
https://www.op.gg/summoners/euw/Phantasmasm-EUW/matches/uRd1PvnOddqSI4zB9J07AcTxqBZiJ9_ElovAn5H93xI%3D/1733609141000,1,37,30,30,37,56,90,79,80,22,8,2,1,2,0,10,2,4,1,68989,58363,15.6,14.6,873,805,28.6,26.4,10626,-10626,2248.9806167400884,1902.5823788546256,Gangplank,Nidalee,Akshan,Corki,Rell,Riven,Skarner,Syndra,Miss Fortune,Poppy,Youmuu's Ghostblade,Trinity Force,Ionian Boots of Lucidity,Lord Dominik's Regards,Serpent's Fang,B. F. Sword,Farsight Alteration,Sorcerer's Shoes,Liandry's Torment,Zhonya's Hourglass,Dark Seal,Blighting Jewel,Horizon Focus,Oracle Lens,Doran's Blade,Boots of Swiftness,Zeal,Lord Dominik's Regards,Infinity Edge,Statikk Shiv,Stealth Ward,Trinity Force,Lord Dominik's Regards,Muramana,Plated Steelcaps,Doran's Blade,Infinity Edge,Farsight Alteration,Celestial Opposition,Locket of the Iron Solari,Control Ward,Zeke's Convergence,Mercury's Treads,Kindlegem,Oracle Lens,Eclipse,Sundered Sky,Plated Steelcaps,Caulfield's Warhammer,No_Item,No_Item,Stealth Ward,Unending Despair,Heartsteel,Spirit Visage,Plated Steelcaps,No_Item,No_Item,Oracle Lens,Void Staff,Luden's Companion,Ionian Boots of Lucidity,Stormsurge,Shadowflame,No_Item,Farsight Alteration,Serrated Dirk,Youmuu's Ghostblade,The Collector,Serylda's Grudge,Edge of Night,Boots of Swiftness,Oracle Lens,Bloodsong,Randuin's Omen,Dead Man's Plate,Giant's Belt,Negatron Cloak,Plated Steelcaps,Oracle Lens,Grasp of the Undying,Precision,Conqueror,Sorcery,Press the Attack,Inspiration,Conqueror,Inspiration,Aftershock,Inspiration,Conqueror,Resolve,Aftershock,Inspiration,Electrocute,Resolve,First Strike,Sorcery,Aftershock,Precision,Teleport,Flash,Flash,Smite,Flash,Teleport,Flash,Teleport,Flash,Ignite,Flash,Teleport,Flash,Smite,Teleport,Flash,Flash,Barrier,Ignite,Flash,0,3,3,1,2,0
https://www.op.gg/summoners/euw/Phantasmasm-EUW/matches/uRd1PvnOddrD-DxcIqULsEdXIS2hOJn1b_OqC1N2iKk%3D/1733606618000,1,40,18,18,40,22,36,53,51,23,19,1,1,0,0,6,1,1,1,49317,37065,12.2,11.0,645,553,31.2,26.6,12252,-12252,2365.883108108108,1778.1182432432431,Ornn,Sylas,Akshan,Corki,Rakan,Camille,Lee Sin,Anivia,Sivir,Nami,Sunfire Aegis,Refillable Potion,Plated Steelcaps,Doran's Shield,Fimbulwinter,Negatron Cloak,Farsight Alteration,Lich Bane,Hextech Rocketbelt,Sorcerer's Shoes,Dark Seal,Amplifying Tome,Amplifying Tome,Stealth Ward,Infinity Edge,Cloak of Agility,Doran's Blade,Boots of Swiftness,The Collector,Statikk Shiv,Stealth Ward,Infinity Edge,Essence Reaver,Boots,Bloodthirster,Doran's Blade,Dagger,Farsight Alteration,Celestial Opposition,Locket of the Iron Solari,Ruby Crystal,No_Item,No_Item,Ionian Boots of Lucidity,Oracle Lens,Refillable Potion,Tiamat,Trinity Force,Caulfield's Warhammer,Doran's Shield,Slightly Magical Footwear,Stealth Ward,Gustwalker Hatchling,Eclipse,No_Item,Plated Steelcaps,Sundered Sky,No_Item,Stealth Ward,Rod of Ages,Sorcerer's Shoes,Seraph's Embrace,No_Item,No_Item,No_Item,Farsight Alteration,Navori Flickerblade,Essence Reaver,Berserker's Greaves,Cloak of Agility,No_Item,No_Item,Farsight Alteration,Ionian Boots of Lucidity,Dream Maker,Imperial Mandate,No_Item,Glowing Mote,Aether Wisp,Oracle Lens,Grasp of the Undying,Inspiration,Conqueror,Domination,Press the Attack,Inspiration,Hail of Blades,Inspiration,Guardian,Domination,Grasp of the Undying,Inspiration,Conqueror,Inspiration,Arcane Comet,Precision,Lethal Tempo,Inspiration,Summon Aery,Domination,Teleport,Flash,Flash,Smite,Flash,Teleport,Flash,Exhaust,Flash,Ignite,Flash,Teleport,Smite,Flash,Flash,Teleport,Flash,Barrier,Flash,Heal,0,5,0,0,1,0
https://www.op.gg/summoners/euw/Phantasmasm-EUW/matches/uRd1PvnOddo3D5cT20bYiAH1b2zA2ZH8n0Bom38CibU%3D/1733604179000,0,28,48,48,28,65,43,91,82,14,33,1,3,0,2,2,11,1,5,56366,71028,14.8,16.0,836,924,27.6,30.5,-14662,14662,1869.280612244898,2355.5204081632655,Ambessa,Kayn,Malzahar,Ashe,Poppy,Renekton,Diana,Taliyah,Yasuo,Galio,Doran's Shield,Plated Steelcaps,Eclipse,Spear of Shojin,Tunneler,Pickaxe,Stealth Ward,Spear of Shojin,Voltaic Cyclosword,Caulfield's Warhammer,Mercury's Treads,Serylda's Grudge,Pickaxe,Oracle Lens,No_Item,Shattered Armguard,Ionian Boots of Lucidity,Liandry's Torment,Rylai's Crystal Scepter,Malignance,Farsight Alteration,Infinity Edge,No_Item,Berserker's Greaves,Kraken Slayer,Runaan's Hurricane,No_Item,Farsight Alteration,Locket of the Iron Solari,Bloodsong,Negatron Cloak,Boots of Swiftness,Abyssal Mask,No_Item,Oracle Lens,Sterak's Gage,Control Ward,Spirit Visage,Black Cleaver,Plated Steelcaps,Death's Dance,Oracle Lens,Liandry's Torment,Zhonya's Hourglass,Sorcerer's Shoes,Lich Bane,Banshee's Veil,Dark Seal,Oracle Lens,No_Item,Void Staff,Sorcerer's Shoes,Rabadon's Deathcap,Horizon Focus,Seraph's Embrace,Farsight Alteration,Berserker's Greaves,No_Item,B. F. Sword,Immortal Shieldbow,Doran's Shield,Blade of The Ruined King,Farsight Alteration,Control Ward,Locket of the Iron Solari,Bloodsong,Boots of Swiftness,Heartsteel,Trailblazer,Oracle Lens,Grasp of the Undying,Precision,Conqueror,Inspiration,Arcane Comet,Domination,Lethal Tempo,Inspiration,Hail of Blades,Inspiration,Conqueror,Resolve,Conqueror,Inspiration,Phase Rush,Precision,Lethal Tempo,Resolve,Aftershock,Sorcery,Flash,Teleport,Smite,Flash,Flash,Teleport,Barrier,Flash,Flash,Ignite,Teleport,Flash,Flash,Smite,Flash,Teleport,Exhaust,Flash,Flash,Ignite,0,4,0,1,2,2
https://www.op.gg/summoners/euw/Phantasmasm-EUW/matches/uRd1PvnOddrMDNSxOPoiFRHcSnIjvI1lGTEJn7ShUEY%3D/1733601766000,0,14,30,30,14,61,18,60,73,21,13,2,1,0,1,3,9,2,2,42960,51924,11.6,13.4,697,708,29.1,29.5,-8964,8964,1787.3868613138686,2160.341605839416,Gragas,Bel'Veth,Akshan,Draven,Renata Glasc,K'Sante,Viego,Yone,Kog'Maw,Braum,Lost Chapter,Blighting Jewel,Tear of the Goddess,Cosmic Drive,Blasting Wand,Boots of Swiftness,Oracle Lens,Stridebreaker,Kraken Slayer,Mercury's Treads,Dagger,Phage,Pickaxe,Oracle Lens,No_Item,Doran's Blade,Boots of Swiftness,Statikk Shiv,The Collector,Lord Dominik's Regards,Stealth Ward,Doran's Blade,B. F. Sword,The Collector,Berserker's Greaves,Vampiric Scepter,No_Item,Farsight Alteration,Solstice Sleigh,Locket of the Iron Solari,Control Ward,Ionian Boots of Lucidity,Kindlegem,Refillable Potion,Oracle Lens,Thornmail,No_Item,Plated Steelcaps,Tear of the Goddess,"Jak'Sho, The Protean",Kaenic Rookern,Stealth Ward,Sundered Sky,Control Ward,Tunneler,Plated Steelcaps,Ruby Crystal,Kraken Slayer,Oracle Lens,Immortal Shieldbow,Blade of The Ruined King,No_Item,Berserker's Greaves,Pickaxe,No_Item,Farsight Alteration,Doran's Ring,No_Item,Shattered Armguard,Sorcerer's Shoes,Luden's Companion,Seraph's Embrace,Farsight Alteration,Celestial Opposition,Locket of the Iron Solari,No_Item,Kindlegem,Chain Vest,Ionian Boots of Lucidity,Oracle Lens,Phase Rush,Precision,Conqueror,Inspiration,Press the Attack,Inspiration,Lethal Tempo,Domination,Guardian,Domination,Grasp of the Undying,Inspiration,Conqueror,Inspiration,Fleet Footwork,Resolve,Arcane Comet,Precision,Guardian,Inspiration,Teleport,Flash,Flash,Smite,Flash,Teleport,Flash,Barrier,Flash,Ignite,Teleport,Flash,Flash,Smite,Flash,Teleport,Flash,Teleport,Flash,Heal,1,4,0,0,2,1
https://www.op.gg/summoners/euw/Phantasmasm-EUW/matches/uRd1PvnOddodIHoIgrB7iz3jQ9jNwJSg8Nq1FOz3Tlc%3D/1733598678000,0,27,30,30,27,75,39,88,69,24,25,0,3,0,1,5,4,0,4,53265,56298,13.4,14.4,786,806,27.8,28.6,-3033,3033,1881.4999999999998,1988.6358208955223,Zilean,Nidalee,Yasuo,Corki,Pyke,Pantheon,Lee Sin,Aurora,Miss Fortune,Sona,Doran's Ring,Cosmic Drive,Cloth Armor,Ionian Boots of Lucidity,No_Item,Seraph's Embrace,Farsight Alteration,Lich Bane,Hextech Rocketbelt,Zhonya's Hourglass,Sorcerer's Shoes,No_Item,Dark Seal,Oracle Lens,Doran's Shield,Blade of The Ruined King,Berserker's Greaves,Immortal Shieldbow,Infinity Edge,No_Item,Farsight Alteration,Doran's Blade,Trinity Force,Plated Steelcaps,Muramana,Rapid Firecannon,Control Ward,Farsight Alteration,Bloodsong,Youmuu's Ghostblade,Synchronized Souls,Umbral Glaive,Long Sword,No_Item,Oracle Lens,Boots of Swiftness,Eclipse,Sundered Sky,Pickaxe,No_Item,Doran's Blade,Stealth Ward,Plated Steelcaps,Eclipse,Death's Dance,Long Sword,Long Sword,Sundered Sky,Stealth Ward,Sorcerer's Shoes,No_Item,Doran's Ring,Stormsurge,Shadowflame,Luden's Companion,Oracle Lens,Doran's Blade,Youmuu's Ghostblade,The Collector,Lord Dominik's Regards,Long Sword,Boots of Swiftness,Farsight Alteration,Bloodsong,Tear of the Goddess,Ionian Boots of Lucidity,Echoes of Helia,Forbidden Idol,Fiendish Codex,Oracle Lens,Summon Aery,Resolve,Conqueror,Sorcery,Grasp of the Undying,Precision,Conqueror,Inspiration,Hail of Blades,Sorcery,Press the Attack,Sorcery,Conqueror,Inspiration,Electrocute,Precision,First Strike,Sorcery,Summon Aery,Resolve,Flash,Teleport,Smite,Flash,Teleport,Flash,Flash,Barrier,Flash,Ignite,Ignite,Flash,Flash,Smite,Flash,Teleport,Flash,Barrier,Flash,Heal,1,6,0,0,0,0
https://www.op.gg/summoners/euw/Phantasmasm-EUW/matches/uRd1PvnOddpWVBAQOqJ1jdVT5fNgSBgTX-_AYY16Qkk%3D/1733596275000,1,51,36,36,51,51,102,95,85,36,27,2,3,1,1,9,6,3,4,75029,68396,16.8,15.6,942,913,29.0,28.1,6633,-6633,2315.1805714285715,2110.5051428571433,Cho'Gath,Taliyah,Akshan,Jinx,Pyke,Kled,Udyr,Yasuo,Ezreal,Nautilus,Shurelya's Battlesong,Synchronized Souls,Doran's Ring,Dead Man's Plate,Kaenic Rookern,Frozen Heart,Oracle Lens,Zhonya's Hourglass,Ionian Boots of Lucidity,Luden's Companion,Liandry's Torment,Void Staff,Needlessly Large Rod,Oracle Lens,Guinsoo's Rageblade,Doran's Blade,Boots of Swiftness,Blade of The Ruined King,Kraken Slayer,Terminus,Stealth Ward,Mortal Reminder,B. F. Sword,Runaan's Hurricane,Berserker's Greaves,Infinity Edge,Yun Tal Wildarrows,Farsight Alteration,Bloodsong,Youmuu's Ghostblade,Serrated Dirk,Ionian Boots of Lucidity,Edge of Night,Umbral Glaive,Oracle Lens,Titanic Hydra,Mercury's Treads,Ruby Crystal,Black Cleaver,Pickaxe,Sundered Sky,Farsight Alteration,Unending Despair,Liandry's Torment,Giant's Belt,Spirit Visage,Boots of Swiftness,Chain Vest,Oracle Lens,Doran's Shield,Stridebreaker,Berserker's Greaves,Blade of The Ruined King,Immortal Shieldbow,Infinity Edge,Farsight Alteration,Muramana,Tiamat,Serylda's Grudge,Trinity Force,Ionian Boots of Lucidity,Frozen Heart,Farsight Alteration,Bloodsong,Locket of the Iron Solari,Winged Moonplate,Knight's Vow,Plated Steelcaps,Giant's Belt,Oracle Lens,Hail of Blades,Sorcery,Dark Harvest,Inspiration,Press the Attack,Resolve,Lethal Tempo,Sorcery,Hail of Blades,Inspiration,Conqueror,Resolve,Conqueror,Inspiration,Lethal Tempo,Resolve,Press the Attack,Inspiration,Aftershock,Inspiration,Ignite,Flash,Flash,Smite,Flash,Teleport,Flash,Barrier,Flash,Ignite,Teleport,Flash,Flash,Smite,Teleport,Flash,Flash,Barrier,Ignite,Flash,1,2,2,0,4,0
https://www.op.gg/summoners/euw/Phantasmasm-EUW/matches/uRd1PvnOddpJNvxaXoJiCHl104CnyXIrtd5JYUsMaFI%3D/1733593561000,1,16,9,9,16,11,24,33,29,6,5,1,1,0,0,2,0,1,1,31345,24295,9.8,8.6,491,381,31.7,24.5,7050,-7050,2012.9816513761468,1560.2293577981652,Akali,Viego,Yasuo,Varus,Rakan,Akshan,Nidalee,Sylas,Olaf,Lulu,Doran's Shield,Dark Seal,Stormsurge,Refillable Potion,Sorcerer's Shoes,Kindlegem,Stealth Ward,Gustwalker Hatchling,No_Item,Plated Steelcaps,Tunneler,Kraken Slayer,Executioner's Calling,Oracle Lens,Blade of The Ruined King,Refillable Potion,Long Sword,Doran's Shield,Berserker's Greaves,Dagger,Stealth Ward,Doran's Blade,Berserker's Greaves,Blade of The Ruined King,Pickaxe,Recurve Bow,Amplifying Tome,Stealth Ward,Locket of the Iron Solari,Refillable Potion,Bounty of Worlds,No_Item,No_Item,Boots,Oracle Lens,Boots,Refillable Potion,No_Item,Doran's Blade,No_Item,Statikk Shiv,Stealth Ward,Scorchclaw Pup,Fated Ashes,Dark Seal,Ionian Boots of Lucidity,Haunting Guise,No_Item,Oracle Lens,Refillable Potion,Dark Seal,Doran's Ring,Hextech Alternator,Boots,Kindlegem,Stealth Ward,Hexdrinker,Steel Sigil,Long Sword,Doran's Blade,Slightly Magical Footwear,Ravenous Hydra,Stealth Ward,Dream Maker,No_Item,Ruby Crystal,Boots,Moonstone Renewer,No_Item,Oracle Lens,Conqueror,Resolve,Conqueror,Inspiration,Lethal Tempo,Resolve,Lethal Tempo,Resolve,Guardian,Domination,Grasp of the Undying,Precision,Conqueror,Sorcery,Conqueror,Resolve,Conqueror,Inspiration,Summon Aery,Resolve,Ignite,Teleport,Flash,Smite,Teleport,Flash,Barrier,Flash,Flash,Ignite,Flash,Teleport,Flash,Smite,Flash,Teleport,Flash,Ghost,Flash,Heal,0,6,0,0,0,0
https://www.op.gg/summoners/euw/Phantasmasm-EUW/matches/uRd1PvnOddqeUpaOwOysEHw3vMmLEosWm53je9_m4vM%3D/1733591161000,1,32,15,15,32,29,57,44,33,14,6,0,1,0,0,9,1,0,1,47755,37000,12.0,10.8,629,537,31.2,26.6,10755,-10755,2360.921348314607,1829.2134831460676,Ambessa,Nidalee,Akshan,Ashe,Alistar,Shen,Sejuani,Syndra,Draven,Maokai,Mercury's Treads,Eclipse,Voltaic Cyclosword,Long Sword,Kindlegem,Doran's Shield,Stealth Ward,Mejai's Soulstealer,Hextech Rocketbelt,Amplifying Tome,Sorcerer's Shoes,No_Item,No_Item,Oracle Lens,Mercury's Treads,Refillable Potion,Doran's Blade,Infinity Edge,Statikk Shiv,Cloak of Agility,Stealth Ward,Doran's Blade,Berserker's Greaves,Control Ward,Executioner's Calling,Phantom Dancer,Kraken Slayer,Oracle Lens,Locket of the Iron Solari,Solstice Sleigh,Ruby Crystal,Mercury's Treads,Null-Magic Mantle,No_Item,Oracle Lens,Refillable Potion,Plated Steelcaps,Doran's Shield,Hollow Radiance,Dead Man's Plate,Kindlegem,Stealth Ward,Control Ward,Plated Steelcaps,Bramble Vest,Ruby Crystal,Heartsteel,Cloth Armor,Oracle Lens,Doran's Ring,Blackfire Torch,Sorcerer's Shoes,Dark Seal,Aether Wisp,Fiendish Codex,Farsight Alteration,Doran's Blade,The Collector,Berserker's Greaves,Bloodthirster,Cloak of Agility,Serrated Dirk,Farsight Alteration,Celestial Opposition,Trailblazer,No_Item,Boots of Swiftness,No_Item,No_Item,Oracle Lens,Conqueror,Resolve,Conqueror,Sorcery,Press the Attack,Inspiration,Lethal Tempo,Inspiration,Aftershock,Inspiration,Grasp of the Undying,Domination,Aftershock,Domination,Summon Aery,Inspiration,Lethal Tempo,Domination,Aftershock,Domination,Flash,Teleport,Smite,Flash,Flash,Teleport,Cleanse,Flash,Flash,Ignite,Flash,Ignite,Flash,Smite,Flash,Teleport,Flash,Barrier,Flash,Ignite,1,6,2,0,0,0
https://www.op.gg/summoners/euw/Phantasmasm-EUW/matches/uRd1PvnOddqJrh2Adyk-G2Pt66NCqNDkizk_-WX8lTM%3D/1733437002000,1,29,21,22,29,29,50,60,38,11,14,1,0,0,0,8,2,1,0,46780,39335,12.2,11.4,591,568,27.2,26.1,7445,-7445,2153.365079365079,1810.6587301587301,Sion,Lee Sin,Neeko,Caitlyn,Braum,K'Sante,Elise,Akshan,Ashe,Thresh,Control Ward,Randuin's Omen,Thornmail,Heartsteel,Plated Steelcaps,Doran's Shield,Oracle Lens,Tunneler,Eclipse,No_Item,Mercury's Treads,Sundered Sky,Ruby Crystal,Stealth Ward,Hextech Rocketbelt,No_Item,Needlessly Large Rod,Dark Seal,Shadowflame,Sorcerer's Shoes,Farsight Alteration,Doran's Blade,The Collector,Control Ward,B. F. Sword,Pickaxe,Berserker's Greaves,Farsight Alteration,Celestial Opposition,Locket of the Iron Solari,No_Item,Warden's Mail,Plated Steelcaps,No_Item,Oracle Lens,Doran's Shield,Refillable Potion,Plated Steelcaps,Iceborn Gauntlet,Cloth Armor,Kindlegem,Stealth Ward,No_Item,Dark Seal,Needlessly Large Rod,Stormsurge,Sorcerer's Shoes,Shadowflame,Oracle Lens,No_Item,Doran's Blade,Slightly Magical Footwear,Yun Tal Wildarrows,Infinity Edge,Noonquiver,Stealth Ward,Zeal,Scout's Slingshot,No_Item,Berserker's Greaves,Kraken Slayer,Doran's Blade,Farsight Alteration,Trailblazer,Solstice Sleigh,Control Ward,Chain Vest,Kindlegem,Boots of Swiftness,Oracle Lens,Grasp of the Undying,Inspiration,Conqueror,Inspiration,Arcane Comet,Domination,Fleet Footwork,Sorcery,Guardian,Inspiration,Grasp of the Undying,Inspiration,Dark Harvest,Precision,Press the Attack,Inspiration,Lethal Tempo,Inspiration,Aftershock,Inspiration,Flash,Teleport,Smite,Flash,Flash,Teleport,Flash,Cleanse,Flash,Exhaust,Teleport,Ghost,Flash,Smite,Flash,Teleport,Cleanse,Flash,Flash,Ignite,0,1,1,1,2,0
https://www.op.gg/summoners/euw/Phantasmasm-EUW/matches/uRd1PvnOddrEkT9-hh6o09471jxgk_aIWE9h9ed6ZT4%3D/1733435072000,0,27,49,49,27,81,41,55,90,30,15,1,2,0,1,2,10,1,3,57522,66239,14.4,15.8,895,881,30.1,29.4,-8717,8717,1933.9293103448276,2227.0008620689655,Darius,Karthus,Akshan,Jhin,Nautilus,Jayce,Lee Sin,Akali,Corki,Leona,Stridebreaker,Sterak's Gage,No_Item,Negatron Cloak,Death's Dance,Plated Steelcaps,Oracle Lens,Sorcerer's Shoes,Blackfire Torch,Horizon Focus,Shadowflame,Oblivion Orb,No_Item,Oracle Lens,Noonquiver,Long Sword,Long Sword,The Collector,Infinity Edge,Boots of Swiftness,Farsight Alteration,Doran's Blade,Hubris,The Collector,Lord Dominik's Regards,Cloak of Agility,Plated Steelcaps,Farsight Alteration,Plated Steelcaps,Locket of the Iron Solari,Winged Moonplate,Control Ward,Celestial Opposition,Giant's Belt,Oracle Lens,Doran's Blade,Edge of Night,Caulfield's Warhammer,Ionian Boots of Lucidity,Muramana,Eclipse,Farsight Alteration,Eclipse,Sundered Sky,Control Ward,Plated Steelcaps,Sterak's Gage,Spirit Visage,Stealth Ward,Shattered Armguard,Stormsurge,Rabadon's Deathcap,Sorcerer's Shoes,Dark Seal,Shadowflame,Oracle Lens,B. F. Sword,Plated Steelcaps,Muramana,Rapid Firecannon,Trinity Force,Infinity Edge,Farsight Alteration,Control Ward,Bloodsong,Locket of the Iron Solari,Redemption,Kindlegem,Plated Steelcaps,Oracle Lens,Conqueror,Sorcery,Dark Harvest,Precision,Press the Attack,Inspiration,Dark Harvest,Precision,Aftershock,Inspiration,Phase Rush,Inspiration,Conqueror,Inspiration,Electrocute,Resolve,Conqueror,Resolve,Aftershock,Inspiration,Flash,Ghost,Flash,Smite,Flash,Teleport,Flash,Cleanse,Flash,Ignite,Teleport,Flash,Flash,Smite,Teleport,Flash,Flash,Barrier,Flash,Ignite,0,5,0,0,1,1
https://www.op.gg/summoners/euw/Phantasmasm-EUW/matches/uRd1PvnOddqnT5Oagcb9uT_WlFXcCNX1_Sj6UGkLhtY%3D/1733432538000,0,22,29,29,22,44,33,62,66,24,20,1,2,0,1,2,10,1,3,51255,64769,13.6,15.4,845,1010,30.3,36.1,-13514,13514,1839.2942583732058,2324.2464114832537,Gangplank,Ivern,Akshan,Ashe,Bard,Riven,Karthus,Tristana,Varus,Senna,Trinity Force,Mortal Reminder,Serpent's Fang,Noonquiver,Plated Steelcaps,No_Item,Farsight Alteration,Moonstone Renewer,Ionian Boots of Lucidity,Redemption,Dark Seal,Ardent Censer,Control Ward,Oracle Lens,Cloak of Agility,Plated Steelcaps,Doran's Blade,The Collector,Infinity Edge,Lord Dominik's Regards,Farsight Alteration,Kraken Slayer,Phantom Dancer,Berserker's Greaves,Pickaxe,B. F. Sword,Doran's Blade,Farsight Alteration,Bloodsong,Dead Man's Plate,Control Ward,Boots of Swiftness,Kindlegem,Cloth Armor,Oracle Lens,Eclipse,Sundered Sky,Plated Steelcaps,Serpent's Fang,Death's Dance,B. F. Sword,Oracle Lens,Sorcerer's Shoes,Blackfire Torch,Oblivion Orb,Horizon Focus,Shadowflame,No_Item,Oracle Lens,Doran's Blade,Kraken Slayer,Navori Flickerblade,Plated Steelcaps,B. F. Sword,Pickaxe,Farsight Alteration,Doran's Blade,Ionian Boots of Lucidity,Muramana,Serpent's Fang,Youmuu's Ghostblade,Caulfield's Warhammer,Farsight Alteration,Refillable Potion,Bloodsong,Pickaxe,Serrated Dirk,Boots of Swiftness,Black Cleaver,Oracle Lens,Grasp of the Undying,Inspiration,Summon Aery,Inspiration,Press the Attack,Inspiration,Lethal Tempo,Inspiration,Fleet Footwork,Resolve,Conqueror,Inspiration,Dark Harvest,Precision,Press the Attack,Resolve,Hail of Blades,Inspiration,Grasp of the Undying,Precision,Flash,Teleport,Flash,Smite,Flash,Teleport,Barrier,Flash,Flash,Ignite,Flash,Ignite,Flash,Smite,Flash,Teleport,Flash,Cleanse,Flash,Heal,0,1,0,1,5,2
https://www.op.gg/summoners/euw/Phantasmasm-EUW/matches/uRd1PvnOddrEuwPq9q-27J67iaQcLTJ9mo3ZyUqZYLw%3D/1733429151000,0,17,38,38,18,67,35,74,85,18,28,0,4,0,1,2,8,0,5,54414,62815,13.8,15.6,953,958,31.7,31.8,-8401,8401,1813.8,2093.8333333333335,Corki,Taliyah,Gragas,Ezreal,Sona,Gnar,Zac,Akshan,Seraphine,Nautilus,Boots,Muramana,Control Ward,Trinity Force,Rapid Firecannon,Doran's Blade,Farsight Alteration,Oblivion Orb,Sorcerer's Shoes,Rabadon's Deathcap,Liandry's Torment,Blackfire Torch,Void Staff,Oracle Lens,Glowing Mote,Boots of Swiftness,Cosmic Drive,Aether Wisp,Seraph's Embrace,Needlessly Large Rod,Stealth Ward,Doran's Blade,Muramana,Last Whisper,Trinity Force,Ionian Boots of Lucidity,Long Sword,Farsight Alteration,Boots of Swiftness,Echoes of Helia,Bloodsong,Staff of Flowing Water,Moonstone Renewer,No_Item,Oracle Lens,Doran's Blade,Experimental Hexplate,Mercury's Treads,Trinity Force,Tunneler,Ruby Crystal,Oracle Lens,Dark Seal,No_Item,"Jak'Sho, The Protean",Spirit Visage,Sunfire Aegis,Ionian Boots of Lucidity,Oracle Lens,Infinity Edge,Mortal Reminder,Cloak of Agility,The Collector,Statikk Shiv,Boots of Swiftness,Stealth Ward,Control Ward,Seraph's Embrace,Ionian Boots of Lucidity,Blackfire Torch,Liandry's Torment,Morellonomicon,Farsight Alteration,Locket of the Iron Solari,Bloodsong,Mercury's Treads,Abyssal Mask,Kindlegem,Control Ward,Oracle Lens,Conqueror,Inspiration,First Strike,Domination,Phase Rush,Inspiration,Conqueror,Inspiration,Summon Aery,Precision,Fleet Footwork,Resolve,Aftershock,Inspiration,Press the Attack,Domination,Conqueror,Sorcery,Aftershock,Inspiration,Flash,Teleport,Flash,Smite,Teleport,Flash,Flash,Teleport,Flash,Heal,Flash,Teleport,Smite,Flash,Flash,Teleport,Flash,Teleport,Ignite,Flash,0,3,0,0,3,1
https://www.op.gg/summoners/euw/Phantasmasm-EUW/matches/uRd1PvnOddoLUrL0fad54YDDsQ9cbd-Wb4R5s5pVZh8%3D/1733425916000,0,49,52,52,49,85,78,112,96,45,37,4,0,0,3,6,10,4,3,84401,88858,17.6,17.8,1216,1044,29.0,25.0,-4457,4457,2030.7007518796993,2137.936842105263,Taliyah,Karthus,Akshan,Caitlyn,Shaco,Camille,Skarner,Anivia,Hwei,Senna,Sorcerer's Shoes,Zhonya's Hourglass,Luden's Companion,Liandry's Torment,Void Staff,Hextech Alternator,Oracle Lens,Rabadon's Deathcap,Liandry's Torment,Blackfire Torch,Hextech Alternator,Void Staff,Sorcerer's Shoes,Oracle Lens,Mercury's Treads,Noonquiver,No_Item,Infinity Edge,Statikk Shiv,Mortal Reminder,Farsight Alteration,Rapid Firecannon,Bloodthirster,Zephyr,The Collector,Infinity Edge,Lord Dominik's Regards,Farsight Alteration,Voltaic Cyclosword,Boots of Swiftness,Umbral Glaive,Bloodsong,The Collector,Youmuu's Ghostblade,Oracle Lens,Ravenous Hydra,Trinity Force,Mercury's Treads,Maw of Malmortius,Death's Dance,No_Item,Farsight Alteration,Heartsteel,Trailblazer,Frozen Heart,Sterak's Gage,Boots of Swiftness,Spirit Visage,Oracle Lens,Void Staff,Zhonya's Hourglass,Boots of Swiftness,Banshee's Veil,Liandry's Torment,Malignance,Farsight Alteration,Zhonya's Hourglass,Sorcerer's Shoes,Luden's Companion,Shadowflame,Rabadon's Deathcap,Horizon Focus,Farsight Alteration,Dream Maker,Vigilant Wardstone,Redemption,Randuin's Omen,Boots of Swiftness,Moonstone Renewer,Oracle Lens,Phase Rush,Inspiration,Dark Harvest,Precision,Press the Attack,Inspiration,Fleet Footwork,Sorcery,Hail of Blades,Sorcery,Grasp of the Undying,Inspiration,Aftershock,Inspiration,Phase Rush,Precision,Arcane Comet,Precision,Summon Aery,Resolve,Teleport,Flash,Smite,Flash,Flash,Teleport,Flash,Barrier,Flash,Ignite,Flash,Teleport,Flash,Smite,Flash,Teleport,Flash,Teleport,Flash,Heal,0,3,1,1,3,4
https://www.op.gg/summoners/euw/Phantasmasm-EUW/matches/uRd1PvnOddoDxnWdb9AhYmQL_FAHsVRlNdDFFdFFhqw%3D/1733422397000,1,23,12,12,23,12,25,39,29,8,3,0,1,0,0,2,0,0,1,33942,26757,10.0,9.0,489,420,31.3,26.9,7185,-7185,2162.4338709677418,1704.6798387096774,Aurora,Xin Zhao,Akshan,Hwei,Pyke,Yasuo,Viego,Kennen,Ezreal,Lux,Doran's Ring,Hextech Alternator,Control Ward,Boots,Malignance,Needlessly Large Rod,Stealth Ward,Eclipse,Gustwalker Hatchling,Long Sword,Glowing Mote,Boots,No_Item,Oracle Lens,Cloak of Agility,Refillable Potion,Doran's Blade,Statikk Shiv,B. F. Sword,Boots of Swiftness,Stealth Ward,Luden's Companion,Sorcerer's Shoes,Dark Seal,Needlessly Large Rod,Needlessly Large Rod,Doran's Ring,Farsight Alteration,Umbral Glaive,Boots of Swiftness,Control Ward,Celestial Opposition,Serrated Dirk,Long Sword,Oracle Lens,Doran's Blade,Berserker's Greaves,Blade of The Ruined King,Long Sword,No_Item,No_Item,Stealth Ward,Gustwalker Hatchling,Kraken Slayer,Plated Steelcaps,Ruby Crystal,Ruby Crystal,Long Sword,Stealth Ward,Doran's Blade,Shadowflame,Refillable Potion,Boots,Dark Seal,Hextech Alternator,Stealth Ward,Trinity Force,Refillable Potion,Control Ward,Slightly Magical Footwear,Tear of the Goddess,Long Sword,Farsight Alteration,Boots of Swiftness,Locket of the Iron Solari,Celestial Opposition,No_Item,No_Item,Control Ward,Oracle Lens,Arcane Comet,Domination,Conqueror,Domination,Press the Attack,Resolve,Arcane Comet,Precision,Hail of Blades,Sorcery,Lethal Tempo,Resolve,Conqueror,Inspiration,Electrocute,Precision,Press the Attack,Inspiration,Aftershock,Domination,Flash,Teleport,Flash,Smite,Flash,Teleport,Flash,Teleport,Flash,Ignite,Flash,Teleport,Flash,Smite,Flash,Teleport,Barrier,Flash,Flash,Heal,0,0,0,0,6,0
https://www.op.gg/summoners/euw/Phantasmasm-EUW/matches/uRd1PvnOddohSgUOfdpnMV5Huu7cMJ9W_hm2GmST_LA%3D/1733087019000,0,14,26,26,14,46,22,61,54,14,20,0,3,0,0,2,5,0,3,39439,47276,11.6,12.6,645,742,28.9,33.2,-7837,7837,1768.7793939393941,2120.25696969697,Aurora,Vi,Swain,Ashe,Nautilus,Lissandra,Dr. Mundo,Akshan,Caitlyn,Karma,Doran's Ring,Sorcerer's Shoes,No_Item,Dark Seal,Luden's Companion,Stormsurge,Farsight Alteration,Plated Steelcaps,Randuin's Omen,No_Item,Sundered Sky,Pickaxe,No_Item,Oracle Lens,Doran's Ring,Dark Seal,Plated Steelcaps,Blackfire Torch,Oblivion Orb,Cosmic Drive,Farsight Alteration,Kraken Slayer,Phantom Dancer,Berserker's Greaves,Doran's Blade,Long Sword,Long Sword,Stealth Ward,Cloth Armor,Bloodsong,Locket of the Iron Solari,Control Ward,Ruby Crystal,Boots of Swiftness,Oracle Lens,Doran's Ring,Malignance,Sorcerer's Shoes,Dark Seal,Needlessly Large Rod,Amplifying Tome,Farsight Alteration,Boots of Swiftness,Heartsteel,Unending Despair,Bramble Vest,Spectre's Cowl,Ruby Crystal,Oracle Lens,Boots of Swiftness,Refillable Potion,Doran's Blade,Mortal Reminder,Pickaxe,Statikk Shiv,Farsight Alteration,Berserker's Greaves,Executioner's Calling,Cloak of Agility,The Collector,Doran's Blade,Infinity Edge,Farsight Alteration,Dawncore,Dream Maker,Moonstone Renewer,Ionian Boots of Lucidity,No_Item,No_Item,Oracle Lens,Arcane Comet,Domination,Press the Attack,Inspiration,Summon Aery,Resolve,Lethal Tempo,Inspiration,Aftershock,Inspiration,Arcane Comet,Resolve,Fleet Footwork,Inspiration,Press the Attack,Domination,Lethal Tempo,Inspiration,Arcane Comet,Inspiration,Teleport,Flash,Smite,Flash,Ghost,Flash,Flash,Barrier,Flash,Ignite,Flash,Teleport,Flash,Smite,Flash,Ignite,Barrier,Flash,Flash,Heal,1,0,0,0,6,0
https://www.op.gg/summoners/euw/Phantasmasm-EUW/matches/uRd1PvnOddqMsuvaYE-Bx2bs7PunbuMwl_Q8ryhSXls%3D/1733084713000,1,32,18,19,32,33,57,58,60,21,12,3,0,1,0,8,2,4,0,57590,49172,14.6,13.8,843,756,30.7,27.6,8418,-8418,2112.769230769231,1803.9431952662721,K'Sante,Bel'Veth,Sylas,Karthus,Nami,Camille,Rammus,Ambessa,Syndra,Leona,Mercury's Treads,"Jak'Sho, The Protean",Doran's Shield,Cloth Armor,Bramble Vest,Iceborn Gauntlet,Stealth Ward,Mercury's Treads,Stridebreaker,Control Ward,Kraken Slayer,Blade of The Ruined King,Phage,Oracle Lens,Mercury's Treads,Hextech Rocketbelt,Doran's Ring,Cosmic Drive,Needlessly Large Rod,Amplifying Tome,Oracle Lens,Blackfire Torch,Sorcerer's Shoes,Null-Magic Mantle,Shadowflame,Void Staff,Needlessly Large Rod,Farsight Alteration,Zaz'Zak's Realmspike,Imperial Mandate,Boots of Swiftness,Kindlegem,No_Item,Forbidden Idol,Oracle Lens,Doran's Shield,Ravenous Hydra,Mercury's Treads,Trinity Force,Tunneler,No_Item,Oracle Lens,Hollow Radiance,Mercury's Treads,Thornmail,Chain Vest,No_Item,No_Item,Oracle Lens,Control Ward,Spear of Shojin,Mercury's Treads,Eclipse,Voltaic Cyclosword,Long Sword,Farsight Alteration,Luden's Companion,Stormsurge,Ionian Boots of Lucidity,Doran's Ring,Shadowflame,Blighting Jewel,Farsight Alteration,Celestial Opposition,Locket of the Iron Solari,Abyssal Mask,No_Item,No_Item,Mercury's Treads,Oracle Lens,Grasp of the Undying,Inspiration,Conqueror,Domination,Electrocute,Resolve,Dark Harvest,Precision,Summon Aery,Resolve,Grasp of the Undying,Precision,Aftershock,Precision,Conqueror,Domination,First Strike,Sorcery,Aftershock,Inspiration,Flash,Teleport,Flash,Smite,Flash,Teleport,Flash,Exhaust,Flash,Heal,Ignite,Teleport,Flash,Smite,Flash,Teleport,Flash,Teleport,Flash,Ignite,1,4,2,0,2,0
https://www.op.gg/summoners/euw/Phantasmasm-EUW/matches/uRd1PvnOddoMW2E4nai4mdAeV5xP0jfRYR_FizeZyII%3D/1733082202000,0,22,37,37,22,72,29,55,62,11,10,0,3,0,1,2,7,0,4,44775,55886,12.6,14.2,707,742,28.4,29.8,-11111,11111,1795.788770053476,2241.4171122994653,K'Sante,Vi,Wukong,Ezreal,Nautilus,Rumble,Skarner,Akshan,Zed,Nami,Doran's Shield,Chain Vest,Kaenic Rookern,Plated Steelcaps,Sheen,Ruby Crystal,Stealth Ward,Sundered Sky,Black Cleaver,Plated Steelcaps,Steel Sigil,Caulfield's Warhammer,Control Ward,Oracle Lens,Profane Hydra,Black Cleaver,Doran's Shield,Plated Steelcaps,Caulfield's Warhammer,Pickaxe,Stealth Ward,Muramana,Ionian Boots of Lucidity,Trinity Force,No_Item,No_Item,No_Item,Farsight Alteration,Rod of Ages,Bloodsong,Hextech Rocketbelt,Sorcerer's Shoes,No_Item,No_Item,Oracle Lens,Dark Seal,Zhonya's Hourglass,Liandry's Torment,Sorcerer's Shoes,Riftmaker,Amplifying Tome,Oracle Lens,Heartsteel,Unending Despair,Sterak's Gage,No_Item,Plated Steelcaps,No_Item,Oracle Lens,No_Item,Plated Steelcaps,Noonquiver,Statikk Shiv,Lord Dominik's Regards,Infinity Edge,Farsight Alteration,Voltaic Cyclosword,Death's Dance,Ionian Boots of Lucidity,Black Cleaver,Chain Vest,No_Item,Oracle Lens,Slightly Magical Footwear,Imperial Mandate,Zhonya's Hourglass,Celestial Opposition,Control Ward,Dark Seal,Oracle Lens,Grasp of the Undying,Inspiration,Conqueror,Inspiration,Conqueror,Resolve,Press the Attack,Inspiration,Aftershock,Inspiration,Conqueror,Resolve,Grasp of the Undying,Inspiration,Press the Attack,Resolve,Electrocute,Sorcery,Summon Aery,Inspiration,Flash,Teleport,Flash,Smite,Teleport,Flash,Flash,Barrier,Ignite,Flash,Flash,Teleport,Flash,Smite,Flash,Ignite,Teleport,Flash,Flash,Heal,1,2,0,0,1,1
https://www.op.gg/summoners/euw/Phantasmasm-EUW/matches/uRd1PvnOddqUANneKX0qv74MTp7uNjkEjMGEPMO6eFQ%3D/1733079486000,0,5,16,16,5,15,3,25,21,1,4,0,0,0,0,0,7,0,0,17352,30962,7.0,9.0,249,436,19.8,34.8,-13610,13610,1384.9761467889907,2471.2788990825684,Aatrox,Lee Sin,Yone,Ziggs,Alistar,Gwen,Viego,Akshan,Kog'Maw,Nautilus,Caulfield's Warhammer,Doran's Blade,Long Sword,No_Item,Boots,No_Item,Stealth Ward,Gustwalker Hatchling,Opportunity,No_Item,Slightly Magical Footwear,No_Item,No_Item,Stealth Ward,Doran's Shield,Refillable Potion,Berserker's Greaves,Recurve Bow,Vampiric Scepter,No_Item,Stealth Ward,Doran's Ring,Tear of the Goddess,Refillable Potion,Hextech Alternator,Amplifying Tome,Glowing Mote,Stealth Ward,Runic Compass,Ruby Crystal,Refillable Potion,Boots,No_Item,No_Item,Stealth Ward,Rabadon's Deathcap,Refillable Potion,Control Ward,Nashor's Tooth,No_Item,No_Item,Stealth Ward,Kraken Slayer,Gustwalker Hatchling,Ruby Crystal,No_Item,Slightly Magical Footwear,No_Item,Oracle Lens,Doran's Blade,Refillable Potion,Boots,Serrated Dirk,Pickaxe,Statikk Shiv,Stealth Ward,Doran's Ring,Blackfire Torch,Aether Wisp,Sorcerer's Shoes,No_Item,Dark Seal,Stealth Ward,Runic Compass,Refillable Potion,No_Item,Kindlegem,Ionian Boots of Lucidity,Cloth Armor,Oracle Lens,Conqueror,Resolve,Dark Harvest,Inspiration,Fleet Footwork,Resolve,Arcane Comet,Inspiration,Aftershock,Inspiration,Conqueror,Resolve,Conqueror,Inspiration,Press the Attack,Domination,Arcane Comet,Precision,Aftershock,Inspiration,Teleport,Flash,Flash,Smite,Teleport,Flash,Teleport,Flash,Flash,Ignite,Teleport,Ignite,Smite,Flash,Flash,Ignite,Teleport,Flash,Flash,Ignite,0,0,0,0,6,1
https://www.op.gg/summoners/euw/Phantasmasm-EUW/matches/uRd1PvnOddrKc8RcdPESvH52k2NWFtsCnzit6g2K4h4%3D/1733078027000,0,6,22,22,6,36,7,43,46,10,15,0,1,0,0,2,3,0,1,32752,40147,10.6,11.4,612,656,31.4,33.8,-7395,7395,1691.116339869281,2072.9496732026146,K'Sante,Elise,Akshan,Ezreal,Janna,Syndra,Talon,Zed,Twisted Fate,Nautilus,Doran's Shield,Mercury's Treads,Thornmail,Sheen,Chain Vest,Ruby Crystal,Stealth Ward,Gustwalker Hatchling,Stormsurge,No_Item,Sorcerer's Shoes,Dark Seal,No_Item,Oracle Lens,Long Sword,Doran's Blade,Cull,The Collector,Infinity Edge,Boots,Farsight Alteration,Trinity Force,Ionian Boots of Lucidity,Manamune,Doran's Blade,No_Item,No_Item,Farsight Alteration,Dark Seal,Dream Maker,Boots,Moonstone Renewer,Glowing Mote,Control Ward,Oracle Lens,Ionian Boots of Lucidity,Blackfire Torch,Amplifying Tome,Cosmic Drive,Doran's Ring,Dark Seal,Farsight Alteration,Eclipse,Pickaxe,Youmuu's Ghostblade,Kindlegem,Boots of Swiftness,No_Item,Eye of the Herald,Voltaic Cyclosword,Opportunity,Control Ward,Ionian Boots of Lucidity,Serrated Dirk,Ruby Crystal,Oracle Lens,Rapid Firecannon,Kraken Slayer,Dagger,Berserker's Greaves,Long Sword,No_Item,Farsight Alteration,Celestial Opposition,Locket of the Iron Solari,Boots of Swiftness,Kindlegem,No_Item,Cloth Armor,Oracle Lens,Grasp of the Undying,Inspiration,Dark Harvest,Sorcery,Press the Attack,Resolve,Press the Attack,Inspiration,Summon Aery,Domination,First Strike,Sorcery,Conqueror,Inspiration,Electrocute,Sorcery,Lethal Tempo,Sorcery,Aftershock,Inspiration,Teleport,Flash,Smite,Flash,Flash,Teleport,Flash,Cleanse,Heal,Flash,Flash,Teleport,Ignite,Smite,Teleport,Flash,Flash,Ghost,Flash,Ignite,0,3,0,1,3,0
https://www.op.gg/summoners/euw/Phantasmasm-EUW/matches/uRd1PvnOddoLNPHv4p_BGVXOKYHKzglV9AXzfJeI72E%3D/1733075130000,1,15,6,6,15,7,17,33,30,11,7,0,1,0,0,2,1,0,1,30955,26513,9.6,9.4,486,485,31.9,31.9,4442,-4442,2032.39898989899,1740.7525252525254,K'Sante,Wukong,Akshan,Ziggs,Lux,Riven,Elise,Ahri,Kalista,Rell,Doran's Shield,Refillable Potion,Mercury's Treads,Iceborn Gauntlet,Null-Magic Mantle,Cloth Armor,Farsight Alteration,Slightly Magical Footwear,Trinity Force,Gustwalker Hatchling,Tunneler,Caulfield's Warhammer,No_Item,Oracle Lens,Doran's Blade,Slightly Magical Footwear,The Collector,B. F. Sword,Cloak of Agility,No_Item,Farsight Alteration,Sorcerer's Shoes,Fiendish Codex,Fiendish Codex,Tear of the Goddess,Doran's Ring,Luden's Companion,Farsight Alteration,Boots of Swiftness,Locket of the Iron Solari,Celestial Opposition,Kindlegem,Faerie Charm,Control Ward,Oracle Lens,Eclipse,Ionian Boots of Lucidity,Doran's Blade,Long Sword,Long Sword,No_Item,Stealth Ward,Stormsurge,Haunting Guise,Dark Seal,Sorcerer's Shoes,No_Item,Gustwalker Hatchling,Oracle Lens,Doran's Ring,Dark Seal,Control Ward,Boots,Fiendish Codex,Malignance,Oracle Lens,Doran's Blade,Blade of The Ruined King,Berserker's Greaves,No_Item,No_Item,Dagger,Stealth Ward,Celestial Opposition,Mercury's Treads,No_Item,Cloth Armor,Winged Moonplate,No_Item,Oracle Lens,Grasp of the Undying,Inspiration,Conqueror,Inspiration,Press the Attack,Inspiration,Arcane Comet,Precision,Aftershock,Domination,Conqueror,Inspiration,Dark Harvest,Precision,Electrocute,Sorcery,Lethal Tempo,Domination,Aftershock,Inspiration,Flash,Teleport,Smite,Flash,Flash,Teleport,Flash,Teleport,Flash,Heal,Flash,Ignite,Flash,Smite,Flash,Teleport,Flash,Barrier,Flash,Ignite,0,6,0,1,0,0
https://www.op.gg/summoners/euw/Phantasmasm-EUW/matches/uRd1PvnOddqdcDUQZSn17wH6HCjY-22Aloj1Wdq-0TU%3D/1733073467000,1,44,20,20,45,28,83,59,59,23,11,1,1,1,0,7,3,2,1,56368,47327,14.4,12.6,715,678,28.2,26.8,9041,-9041,2239.7880794701987,1880.5430463576158,K'Sante,Lee Sin,Zoe,Corki,Braum,Poppy,Viego,Akshan,Caitlyn,Nautilus,Doran's Shield,Tear of the Goddess,Iceborn Gauntlet,Plated Steelcaps,Thornmail,Randuin's Omen,Stealth Ward,Eclipse,Control Ward,Sterak's Gage,No_Item,Sundered Sky,Plated Steelcaps,Stealth Ward,Dark Seal,Zhonya's Hourglass,Amplifying Tome,Luden's Companion,Horizon Focus,Ionian Boots of Lucidity,Oracle Lens,Doran's Blade,Muramana,Last Whisper,Trinity Force,Cloak of Agility,Plated Steelcaps,Farsight Alteration,Thornmail,Plated Steelcaps,Kindlegem,Celestial Opposition,No_Item,Frozen Heart,Oracle Lens,Heartsteel,Fimbulwinter,Negatron Cloak,Plated Steelcaps,Ruby Crystal,Null-Magic Mantle,Farsight Alteration,Kraken Slayer,Sundered Sky,Sheen,Long Sword,Slightly Magical Footwear,Dagger,Oracle Lens,Boots,B. F. Sword,Doran's Blade,Statikk Shiv,Lord Dominik's Regards,Pickaxe,Stealth Ward,Berserker's Greaves,The Collector,Infinity Edge,Mortal Reminder,No_Item,Doran's Blade,Farsight Alteration,Bloodsong,Mercury's Treads,Locket of the Iron Solari,Zeke's Convergence,Giant's Belt,Ruby Crystal,Oracle Lens,Aftershock,Inspiration,Conqueror,Inspiration,Electrocute,Precision,Conqueror,Inspiration,Guardian,Inspiration,Grasp of the Undying,Sorcery,Conqueror,Inspiration,Press the Attack,Resolve,Fleet Footwork,Sorcery,Aftershock,Inspiration,Flash,Teleport,Flash,Smite,Flash,Exhaust,Barrier,Flash,Flash,Heal,Teleport,Flash,Flash,Smite,Flash,Cleanse,Flash,Barrier,Flash,Ignite,0,0,1,0,6,0
https://www.op.gg/summoners/euw/Phantasmasm-EUW/matches/uRd1PvnOddojrWwTg1Hoq_2h19h2BPExM850tNxMKcg%3D/1733071002000,1,36,27,27,36,42,62,118,77,37,41,2,2,0,1,9,1,2,3,64694,59002,15.4,15.8,926,886,29.8,28.5,5692,-5692,2093.96038647343,1909.7265700483092,Gragas,Lee Sin,Akshan,Ziggs,Rakan,Heimerdinger,Poppy,Malphite,Jhin,Galio,Lich Bane,Stormsurge,Blighting Jewel,Sorcerer's Shoes,Dark Seal,Lost Chapter,Stealth Ward,Sundered Sky,No_Item,Mercury's Treads,Sterak's Gage,Black Cleaver,Ruby Crystal,Stealth Ward,Doran's Blade,Slightly Magical Footwear,Immortal Shieldbow,The Collector,Lord Dominik's Regards,Infinity Edge,Farsight Alteration,Rabadon's Deathcap,Luden's Companion,Sorcerer's Shoes,Mejai's Soulstealer,Horizon Focus,Liandry's Torment,Farsight Alteration,Celestial Opposition,Mercury's Treads,Locket of the Iron Solari,Control Ward,Abyssal Mask,Kindlegem,Oracle Lens,Sorcerer's Shoes,Blackfire Torch,Shadowflame,Rylai's Crystal Scepter,Amplifying Tome,No_Item,Oracle Lens,Sundered Sky,Iceborn Gauntlet,"Jak'Sho, The Protean",Mercury's Treads,No_Item,No_Item,Oracle Lens,Frozen Heart,Iceborn Gauntlet,Kaenic Rookern,Plated Steelcaps,Spirit Visage,No_Item,Oracle Lens,Rapid Firecannon,Lord Dominik's Regards,B. F. Sword,Infinity Edge,The Collector,Boots of Swiftness,Farsight Alteration,Heartsteel,Locket of the Iron Solari,Control Ward,Bloodsong,Ionian Boots of Lucidity,No_Item,Oracle Lens,Arcane Comet,Precision,Conqueror,Inspiration,Press the Attack,Inspiration,Arcane Comet,Precision,Guardian,Domination,Conqueror,Sorcery,Phase Rush,Precision,Arcane Comet,Inspiration,Dark Harvest,Precision,Aftershock,Sorcery,Flash,Teleport,Flash,Smite,Flash,Teleport,Flash,Teleport,Flash,Ignite,Flash,Teleport,Flash,Smite,Flash,Teleport,Flash,Teleport,Flash,Ignite,1,3,1,0,3,0
https://www.op.gg/summoners/euw/Phantasmasm-EUW/matches/uRd1PvnOddrIBQtGg-RNoAHEWoXL-yqe_b2VTjhMCEk%3D/1733068617000,1,43,17,17,43,29,74,74,103,33,27,3,1,1,0,9,3,4,1,68212,57698,16.4,15.4,986,980,32.7,32.6,10514,-10514,2255.8299212598426,1908.1228346456694,Camille,Udyr,Akshan,Ashe,Lulu,Kayle,Volibear,Viktor,Jhin,Bard,Ravenous Hydra,Sterak's Gage,Null-Magic Mantle,Trinity Force,Boots of Swiftness,Steel Sigil,Farsight Alteration,Liandry's Torment,Force of Nature,Boots of Swiftness,Thornmail,Spirit Visage,Chain Vest,Oracle Lens,No_Item,Boots of Swiftness,The Collector,Infinity Edge,Lord Dominik's Regards,Rapid Firecannon,Farsight Alteration,Doran's Blade,Kraken Slayer,Bloodthirster,No_Item,Phantom Dancer,Berserker's Greaves,Farsight Alteration,Dream Maker,Control Ward,Shurelya's Battlesong,Redemption,Ardent Censer,Ionian Boots of Lucidity,Oracle Lens,Dagger,Rabadon's Deathcap,Boots of Swiftness,Nashor's Tooth,Void Staff,Doran's Blade,Farsight Alteration,Dead Man's Plate,Ionian Boots of Lucidity,Sundered Sky,Warden's Mail,Cloth Armor,Glowing Mote,Oracle Lens,Rabadon's Deathcap,No_Item,Sorcerer's Shoes,Void Staff,Blackfire Torch,Liandry's Torment,Farsight Alteration,Infinity Edge,The Collector,Rapid Firecannon,Lord Dominik's Regards,No_Item,Boots of Swiftness,Farsight Alteration,Heartsteel,Boots of Swiftness,Control Ward,Bloodsong,Winged Moonplate,Chain Vest,Oracle Lens,Press the Attack,Resolve,Conqueror,Inspiration,Press the Attack,Resolve,Lethal Tempo,Inspiration,Summon Aery,Resolve,Press the Attack,Sorcery,Press the Attack,Sorcery,First Strike,Sorcery,Fleet Footwork,Inspiration,Guardian,Domination,Flash,Teleport,Flash,Smite,Flash,Teleport,Flash,Barrier,Flash,Heal,Flash,Teleport,Flash,Smite,Flash,Teleport,Flash,Cleanse,Flash,Heal,1,6,2,0,0,0
https://www.op.gg/summoners/euw/Phantasmasm-EUW/matches/uRd1PvnOddqX_BVUl3dRZhJp3bRphBwWAjM1rHwzZgw%3D/1732913239000,1,29,17,17,29,23,36,59,54,11,18,2,2,1,0,10,2,3,2,59412,49617,14.6,14.0,840,888,30.4,32.2,9795,-9795,2148.944680851064,1794.6574468085105,Irelia,Poppy,Fizz,Kog'Maw,Rell,Gragas,Rengar,Akshan,Corki,Nami,Guardian Angel,Blade of The Ruined King,Plated Steelcaps,Kraken Slayer,Wit's End,Steel Sigil,Farsight Alteration,Dead Man's Plate,Sundered Sky,Giant's Belt,Ionian Boots of Lucidity,Warden's Mail,Null-Magic Mantle,Oracle Lens,Void Staff,Zhonya's Hourglass,Ionian Boots of Lucidity,No_Item,Lich Bane,No_Item,Oracle Lens,Doran's Ring,Needlessly Large Rod,Sorcerer's Shoes,Horizon Focus,Luden's Companion,Seraph's Embrace,Farsight Alteration,Bloodsong,Abyssal Mask,Zeke's Convergence,Kindlegem,Control Ward,Ionian Boots of Lucidity,Oracle Lens,Boots of Swiftness,Cosmic Drive,Hextech Rocketbelt,Lost Chapter,Dark Seal,Void Staff,Farsight Alteration,Profane Hydra,Boots,Voltaic Cyclosword,Last Whisper,Long Sword,No_Item,Oracle Lens,No_Item,Null-Magic Mantle,Boots of Swiftness,Noonquiver,The Collector,Infinity Edge,Farsight Alteration,Muramana,Trinity Force,Doran's Blade,Rapid Firecannon,No_Item,Boots of Swiftness,Farsight Alteration,Control Ward,Amplifying Tome,Dream Maker,Imperial Mandate,Ardent Censer,Ionian Boots of Lucidity,Oracle Lens,Conqueror,Inspiration,Hail of Blades,Inspiration,Electrocute,Sorcery,Press the Attack,no-src,Aftershock,Inspiration,Phase Rush,Precision,Conqueror,Domination,Press the Attack,Resolve,Conqueror,Sorcery,Summon Aery,Domination,Teleport,Flash,Flash,Smite,Flash,Teleport,Flash,Teleport,Flash,Ignite,Flash,Teleport,Flash,Smite,Flash,Teleport,Flash,Barrier,Heal,Flash,1,6,2,0,0,0
https://www.op.gg/summoners/euw/Phantasmasm-EUW/matches/uRd1PvnOddrQoFgwnbeDv6ZKXUUI4fTwqP9zURIWUG0%3D/1732825378000,1,41,17,17,41,24,56,61,59,14,7,4,0,1,0,11,1,5,0,56539,45783,14.0,13.2,705,720,28.0,28.599999999999998,10756,-10756,2245.5205673758865,1818.3319148936168,Sion,Viego,Sylas,Ezreal,Bard,Mordekaiser,Amumu,Akshan,Yasuo,Senna,Titanic Hydra,Hollow Radiance,Cloth Armor,Unending Despair,Cloth Armor,Plated Steelcaps,Stealth Ward,Sundered Sky,Wit's End,No_Item,Kraken Slayer,Mercury's Treads,Sterak's Gage,Oracle Lens,Hextech Rocketbelt,Lich Bane,Needlessly Large Rod,Dark Seal,Sorcerer's Shoes,Doran's Ring,Oracle Lens,Spear of Shojin,Ionian Boots of Lucidity,Muramana,No_Item,Trinity Force,Doran's Blade,Farsight Alteration,Dead Man's Plate,Plated Steelcaps,Bloodsong,Negatron Cloak,Warden's Mail,Glacial Buckler,Oracle Lens,Riftmaker,Rylai's Crystal Scepter,Dark Seal,Boots,No_Item,No_Item,Farsight Alteration,Liandry's Torment,Locket of the Iron Solari,Randuin's Omen,Boots,No_Item,No_Item,Oracle Lens,Cull,Boots,Noonquiver,Infinity Edge,Mortal Reminder,Zeal,Stealth Ward,Doran's Shield,Stridebreaker,Blade of The Ruined King,Berserker's Greaves,Noonquiver,No_Item,Farsight Alteration,Bloodsong,Boots of Swiftness,Black Cleaver,Zeal,Dagger,Dagger,Oracle Lens,Grasp of the Undying,Sorcery,Conqueror,Inspiration,Electrocute,Sorcery,Press the Attack,Inspiration,Guardian,Domination,Conqueror,Resolve,Conqueror,Domination,Press the Attack,Resolve,Lethal Tempo,Resolve,Grasp of the Undying,Precision,Teleport,Flash,Flash,Smite,Teleport,Flash,Flash,Cleanse,Ignite,Flash,Flash,Teleport,Flash,Smite,Flash,Teleport,Flash,Exhaust,Flash,Heal,1,6,3,0,0,0
https://www.op.gg/summoners/euw/Phantasmasm-EUW/matches/uRd1PvnOddruasUuifbrPJHqFiQsJSw12zktUU8lhoY%3D/1732823267000,1,32,14,14,32,24,47,51,42,10,11,1,1,0,0,10,1,1,1,50678,36540,13.0,11.4,710,570,33.3,26.8,14138,-14138,2362.1101694915255,1703.1355932203392,Jayce,Vi,Akali,Ziggs,Rakan,K'Sante,Viego,Katarina,Swain,Karma,Serylda's Grudge,Hexdrinker,Youmuu's Ghostblade,Doran's Blade,Muramana,Boots of Swiftness,Farsight Alteration,Trinity Force,Sundered Sky,No_Item,No_Item,Plated Steelcaps,No_Item,Oracle Lens,Shadowflame,Needlessly Large Rod,Stormsurge,Sorcerer's Shoes,Dark Seal,Needlessly Large Rod,Oracle Lens,Sorcerer's Shoes,Oblivion Orb,Tear of the Goddess,Fiendish Codex,Luden's Companion,Doran's Ring,Stealth Ward,Celestial Opposition,Ionian Boots of Lucidity,Locket of the Iron Solari,Redemption,Kindlegem,Control Ward,Oracle Lens,Iceborn Gauntlet,Plated Steelcaps,Ruby Crystal,Doran's Shield,No_Item,No_Item,Stealth Ward,Sterak's Gage,Kraken Slayer,Sundered Sky,Long Sword,Slightly Magical Footwear,No_Item,Oracle Lens,Doran's Shield,Blade of The Ruined King,Boots,No_Item,No_Item,No_Item,Oracle Lens,Cloth Armor,No_Item,No_Item,Boots of Swiftness,Blackfire Torch,Cosmic Drive,Stealth Ward,Dream Maker,Bandleglass Mirror,Aether Wisp,Malignance,No_Item,Ionian Boots of Lucidity,Oracle Lens,Conqueror,Inspiration,Conqueror,Inspiration,Electrocute,Sorcery,Arcane Comet,Precision,Guardian,Domination,Grasp of the Undying,Inspiration,Conqueror,Inspiration,Conqueror,Domination,Conqueror,Resolve,Summon Aery,Resolve,Teleport,Flash,Flash,Smite,Teleport,Ignite,Flash,Teleport,Flash,Heal,Flash,Teleport,Flash,Smite,Teleport,Ignite,Flash,Ghost,Flash,Heal,1,5,1,0,1,0
https://www.op.gg/summoners/euw/Phantasmasm-EUW/matches/uRd1PvnOddq3BnQSbx5G3dBmF9-PIz4OxprfNDMFXtI%3D/1732821457000,1,36,21,21,36,25,43,58,71,26,17,2,1,1,0,9,2,3,1,56529,47303,14.2,12.8,761,732,29.6,28.5,9226,-9226,2203.6728813559325,1844.0152542372882,Annie,Nidalee,Akshan,Xayah,Thresh,Ambessa,Lee Sin,Veigar,Lux,Zoe,Doran's Ring,Needlessly Large Rod,Sorcerer's Shoes,Shadowflame,Malignance,No_Item,Oracle Lens,Liandry's Torment,Lich Bane,No_Item,Sorcerer's Shoes,Horizon Focus,No_Item,Oracle Lens,Noonquiver,Doran's Blade,Boots of Swiftness,Infinity Edge,The Collector,Statikk Shiv,Farsight Alteration,Essence Reaver,Navori Flickerblade,Infinity Edge,No_Item,Berserker's Greaves,No_Item,Farsight Alteration,Mikael's Blessing,Solstice Sleigh,Locket of the Iron Solari,No_Item,Ruby Crystal,Boots of Swiftness,Oracle Lens,Doran's Shield,Pickaxe,Maw of Malmortius,Spear of Shojin,Plated Steelcaps,Steel Sigil,Stealth Ward,Sundered Sky,Eclipse,Long Sword,Ionian Boots of Lucidity,Ruby Crystal,Control Ward,Stealth Ward,Hextech Rocketbelt,Doran's Ring,Seraph's Embrace,Blighting Jewel,Blasting Wand,Sorcerer's Shoes,Stealth Ward,Doran's Ring,Luden's Companion,Boots,Stormsurge,Horizon Focus,Needlessly Large Rod,Farsight Alteration,Zaz'Zak's Realmspike,Aether Wisp,Ionian Boots of Lucidity,Luden's Companion,Dark Seal,Hextech Alternator,Oracle Lens,Electrocute,Sorcery,Dark Harvest,Sorcery,Press the Attack,Inspiration,Lethal Tempo,Inspiration,Aftershock,Inspiration,Electrocute,Resolve,Conqueror,Inspiration,Electrocute,Inspiration,Arcane Comet,Precision,Dark Harvest,Sorcery,Flash,Teleport,Flash,Smite,Flash,Cleanse,Cleanse,Flash,Flash,Ignite,Teleport,Flash,Flash,Smite,Flash,Teleport,Flash,Barrier,Flash,Heal,1,6,2,0,0,0
https://www.op.gg/summoners/euw/Phantasmasm-EUW/matches/uRd1PvnOddp1_miEbUlFYcsFLNyWpP1TCJYCuMMBRFU%3D/1732819108000,0,25,36,36,25,62,40,90,67,24,42,1,4,0,2,3,10,1,6,58150,69539,15.0,16.6,909,998,28.4,31.2,-11389,11389,1810.6586826347307,2165.28622754491,Gnar,Rek'Sai,Veigar,Corki,Rakan,Sylas,Zyra,Akshan,Jinx,Alistar,Sterak's Gage,Wit's End,Trinity Force,Warden's Mail,Mercury's Treads,Ruby Crystal,Stealth Ward,Stridebreaker,Sterak's Gage,Plated Steelcaps,Ruby Crystal,Black Cleaver,No_Item,Oracle Lens,Rabadon's Deathcap,Seraph's Embrace,Rod of Ages,Frozen Heart,Glowing Mote,Ionian Boots of Lucidity,Farsight Alteration,Doran's Blade,Plated Steelcaps,Muramana,Trinity Force,Rapid Firecannon,Long Sword,Farsight Alteration,Locket of the Iron Solari,Solstice Sleigh,Control Ward,Forbidden Idol,Mercury's Treads,Kindlegem,Oracle Lens,Cryptbloom,No_Item,Hextech Rocketbelt,Ionian Boots of Lucidity,Cosmic Drive,No_Item,Oracle Lens,Liandry's Torment,Zhonya's Hourglass,Shadowflame,Mejai's Soulstealer,Sorcerer's Shoes,Amplifying Tome,Oracle Lens,Boots of Swiftness,Rapid Firecannon,B. F. Sword,Infinity Edge,Lord Dominik's Regards,The Collector,Farsight Alteration,Kraken Slayer,Berserker's Greaves,Phantom Dancer,Lord Dominik's Regards,Pickaxe,B. F. Sword,Farsight Alteration,Boots of Swiftness,Trailblazer,Bloodsong,Redemption,No_Item,Kindlegem,Oracle Lens,Fleet Footwork,Resolve,Conqueror,Inspiration,Unsealed Spellbook,Sorcery,Conqueror,Inspiration,Guardian,Domination,Conqueror,Domination,Electrocute,Precision,Press the Attack,Inspiration,Lethal Tempo,Sorcery,Aftershock,Inspiration,Teleport,Flash,Flash,Smite,Flash,Teleport,Flash,Barrier,Flash,Ignite,Flash,Teleport,Flash,Smite,Flash,Teleport,Barrier,Flash,Ignite,Flash,0,6,0,1,0,2
https://www.op.gg/summoners/euw/Phantasmasm-EUW/matches/uRd1PvnOddqD6I5GZ1wop74PeioyxicWRWRn1UTRD4I%3D/1732669726000,0,17,33,33,17,58,20,39,69,13,8,1,1,0,1,2,9,1,2,41571,51635,11.6,13.2,636,667,27.7,29.0,-10064,10064,1809.8938775510203,2248.0544217687075,Fizz,Viego,Akshan,Ezreal,Alistar,Jax,Ivern,Smolder,Corki,Leona,Lich Bane,Seeker's Armguard,Dark Seal,Needlessly Large Rod,Ionian Boots of Lucidity,Doran's Ring,Oracle Lens,Control Ward,Kraken Slayer,Titanic Hydra,Boots,Long Sword,Ruby Crystal,Oracle Lens,Cloak of Agility,Doran's Blade,Slightly Magical Footwear,B. F. Sword,Lord Dominik's Regards,Statikk Shiv,Farsight Alteration,Trinity Force,Pickaxe,Ionian Boots of Lucidity,Vampiric Scepter,Doran's Blade,Muramana,Farsight Alteration,Celestial Opposition,Knight's Vow,No_Item,Kindlegem,Null-Magic Mantle,Boots,Oracle Lens,Zhonya's Hourglass,Cloth Armor,Ionian Boots of Lucidity,Sundered Sky,Trinity Force,Cloth Armor,Stealth Ward,Redemption,Moonstone Renewer,Dark Seal,Forbidden Idol,Ionian Boots of Lucidity,Aether Wisp,Stealth Ward,Doran's Blade,Plated Steelcaps,Trinity Force,Essence Reaver,Cloak of Agility,Dagger,Farsight Alteration,Doran's Blade,Trinity Force,Tear of the Goddess,Plated Steelcaps,Caulfield's Warhammer,Long Sword,Farsight Alteration,Bloodsong,Thornmail,Locket of the Iron Solari,Zeke's Convergence,Ionian Boots of Lucidity,Control Ward,Oracle Lens,Electrocute,Sorcery,Conqueror,Inspiration,Press the Attack,Inspiration,Conqueror,Sorcery,Aftershock,Inspiration,Grasp of the Undying,Sorcery,Summon Aery,Inspiration,Fleet Footwork,Resolve,Conqueror,Inspiration,Aftershock,Inspiration,Teleport,Ignite,Flash,Smite,Flash,Teleport,Flash,Cleanse,Flash,Ignite,Flash,Teleport,Smite,Flash,Flash,Teleport,Flash,Barrier,Flash,Ignite,0,4,0,1,0,1
https://www.op.gg/summoners/euw/Phantasmasm-EUW/matches/uRd1PvnOddoe87hodDW4S3GMCnPeLQbI97_dEHhv4Oo%3D/1732667262000,1,41,32,32,41,47,84,135,113,48,45,4,2,1,0,7,8,5,2,73861,72000,17.0,16.6,1032,1097,28.2,30.0,1861,-1861,2019.4205992509364,1968.5393258426968,Gragas,Vi,Hwei,Jhin,Rakan,Ambessa,Skarner,Sylas,Ashe,Pyke,Void Staff,Hextech Rocketbelt,Zhonya's Hourglass,Sorcerer's Shoes,Cosmic Drive,No_Item,Oracle Lens,Sundered Sky,Sterak's Gage,Black Cleaver,Guardian Angel,Plated Steelcaps,Spirit Visage,Oracle Lens,Control Ward,Ionian Boots of Lucidity,Rabadon's Deathcap,Blackfire Torch,Liandry's Torment,Void Staff,Farsight Alteration,Rapid Firecannon,Long Sword,The Collector,Boots of Swiftness,Infinity Edge,Mortal Reminder,Farsight Alteration,Boots of Swiftness,No_Item,Kindlegem,Locket of the Iron Solari,Redemption,Celestial Opposition,Oracle Lens,Eclipse,Sterak's Gage,Pickaxe,Steel Sigil,Spear of Shojin,Mercury's Treads,Oracle Lens,Mercury's Treads,Heartsteel,No_Item,Sterak's Gage,Kaenic Rookern,Kindlegem,Oracle Lens,Cosmic Drive,Zhonya's Hourglass,Rabadon's Deathcap,Hextech Rocketbelt,Mercury's Treads,Blighting Jewel,Oracle Lens,Lord Dominik's Regards,Phantom Dancer,Yun Tal Wildarrows,Berserker's Greaves,Infinity Edge,Vampiric Scepter,Farsight Alteration,Umbral Glaive,Youmuu's Ghostblade,Celestial Opposition,Serrated Dirk,Edge of Night,Synchronized Souls,Oracle Lens,Phase Rush,Precision,Conqueror,Inspiration,Summon Aery,Resolve,Dark Harvest,Sorcery,Guardian,Domination,Conqueror,Domination,Grasp of the Undying,Inspiration,Conqueror,Resolve,Lethal Tempo,Inspiration,Hail of Blades,Resolve,Flash,Teleport,Flash,Smite,Flash,Teleport,Flash,Cleanse,Flash,Heal,Teleport,Flash,Flash,Smite,Flash,Teleport,Flash,Barrier,Flash,Ignite,0,4,1,1,2,0
https://www.op.gg/summoners/euw/Phantasmasm-EUW/matches/uRd1PvnOddrghHE2WixSXjZzKn1e85tQGNztg7YWmfE%3D/1732664045000,1,31,30,30,31,47,53,87,71,19,26,1,1,0,1,9,4,1,2,61825,54979,14.6,14.2,911,800,31.7,27.900000000000002,6846,-6846,2147.6052631578946,1909.796842105263,Yasuo,Graves,Taliyah,Kai'Sa,Rell,Aurora,Skarner,Sylas,Kalista,Alistar,Doran's Shield,Berserker's Greaves,Blade of The Ruined King,Phage,Dagger,Tiamat,Stealth Ward,No_Item,Youmuu's Ghostblade,Boots of Swiftness,The Collector,Lord Dominik's Regards,No_Item,Oracle Lens,Void Staff,Doran's Ring,Sorcerer's Shoes,Seraph's Embrace,Liandry's Torment,Rabadon's Deathcap,Stealth Ward,Nashor's Tooth,Berserker's Greaves,Statikk Shiv,Guinsoo's Rageblade,Rabadon's Deathcap,Amplifying Tome,Farsight Alteration,Bloodsong,Ionian Boots of Lucidity,Locket of the Iron Solari,Zeke's Convergence,Winged Moonplate,No_Item,Oracle Lens,Mejai's Soulstealer,Zhonya's Hourglass,Malignance,Liandry's Torment,Sorcerer's Shoes,Amplifying Tome,Oracle Lens,Heartsteel,Unending Despair,Control Ward,Abyssal Mask,Plated Steelcaps,No_Item,Oracle Lens,Dark Seal,Hextech Rocketbelt,Zhonya's Hourglass,Sorcerer's Shoes,Shadowflame,Amplifying Tome,Oracle Lens,Blade of The Ruined King,Guinsoo's Rageblade,Doran's Blade,Berserker's Greaves,Hearthbound Axe,Dagger,Farsight Alteration,Plated Steelcaps,Locket of the Iron Solari,Ruby Crystal,Celestial Opposition,Control Ward,Abyssal Mask,Oracle Lens,Lethal Tempo,Resolve,Dark Harvest,Precision,Phase Rush,Resolve,Press the Attack,Domination,Aftershock,Inspiration,Grasp of the Undying,Sorcery,Aftershock,Inspiration,Electrocute,Inspiration,Press the Attack,Domination,Phase Rush,Inspiration,Flash,Teleport,Flash,Smite,Flash,Teleport,Flash,Barrier,Flash,Ignite,Flash,Teleport,Flash,Smite,Flash,Teleport,Flash,Barrier,Flash,Ignite,1,3,1,0,3,0
https://www.op.gg/summoners/euw/Phantasmasm-EUW/matches/uRd1PvnOddozMdnpWLPEfD6OdPnbZfQHHlr3sUlu2Aw%3D/1732660455000,0,9,22,22,9,44,13,38,44,8,12,0,2,0,0,1,3,0,2,32442,37814,10.4,11.0,581,566,31.8,31.0,-5372,5372,1779.0774193548389,2073.670967741936,Gangplank,Elise,Jayce,Caitlyn,Nautilus,Akshan,Jax,Gragas,Taliyah,Lux,Trinity Force,Cloak of Agility,Pickaxe,Doran's Blade,Long Sword,Mercury's Treads,Farsight Alteration,Shadowflame,Dark Seal,No_Item,Stormsurge,Sorcerer's Shoes,No_Item,Oracle Lens,Doran's Blade,Youmuu's Ghostblade,Mercury's Treads,Long Sword,Tear of the Goddess,Long Sword,Oracle Lens,Doran's Blade,Refillable Potion,The Collector,Berserker's Greaves,Cloak of Agility,No_Item,Farsight Alteration,Cloth Armor,Refillable Potion,Runic Compass,Mercury's Treads,Ruby Crystal,Null-Magic Mantle,Oracle Lens,B. F. Sword,Refillable Potion,No_Item,Statikk Shiv,Doran's Blade,Plated Steelcaps,Stealth Ward,Trinity Force,Sundered Sky,Control Ward,Slightly Magical Footwear,Null-Magic Mantle,No_Item,Oracle Lens,Control Ward,Lost Chapter,Ionian Boots of Lucidity,Cosmic Drive,Doran's Ring,No_Item,Stealth Ward,Sorcerer's Shoes,Kindlegem,Mejai's Soulstealer,Luden's Companion,Aether Wisp,Doran's Ring,Farsight Alteration,Shurelya's Battlesong,Boots of Swiftness,Bandleglass Mirror,Celestial Opposition,No_Item,No_Item,Oracle Lens,Grasp of the Undying,Inspiration,Dark Harvest,Precision,Phase Rush,Inspiration,Lethal Tempo,Sorcery,Aftershock,Inspiration,Press the Attack,Resolve,Conqueror,Inspiration,Phase Rush,Precision,Dark Harvest,Precision,Arcane Comet,Precision,Flash,Teleport,Flash,Smite,Flash,Teleport,Flash,Cleanse,Flash,Ignite,Flash,Teleport,Flash,Smite,Teleport,Flash,Teleport,Flash,Flash,Heal,0,3,0,1,3,0
https://www.op.gg/summoners/euw/Phantasmasm-EUW/matches/uRd1PvnOddopNoXidt-vY4yylhY5XPB9z-Ok--IBn8w%3D/1732657928000,0,25,41,41,25,48,31,93,80,42,40,1,2,0,2,3,10,1,4,57220,69691,14.4,16.2,919,1054,31.6,36.2,-12471,12471,1971.123745819398,2400.726755852843,Ambessa,Gwen,Syndra,Ashe,Pyke,Kennen,Karthus,Akshan,Caitlyn,Thresh,Doran's Shield,Ravenous Hydra,Long Sword,Mercury's Treads,Hexdrinker,Eclipse,Stealth Ward,Nashor's Tooth,Shadowflame,Needlessly Large Rod,Needlessly Large Rod,Ionian Boots of Lucidity,No_Item,Oracle Lens,Luden's Companion,Sorcerer's Shoes,Seeker's Armguard,Stormsurge,Rabadon's Deathcap,No_Item,Farsight Alteration,Yun Tal Wildarrows,Phantom Dancer,Berserker's Greaves,Doran's Blade,Infinity Edge,Negatron Cloak,Farsight Alteration,Mercury's Treads,Edge of Night,Celestial Opposition,Maw of Malmortius,Control Ward,Umbral Glaive,Oracle Lens,Stormsurge,Sorcerer's Shoes,Zhonya's Hourglass,Liandry's Torment,Void Staff,Control Ward,Farsight Alteration,Liandry's Torment,Needlessly Large Rod,Blackfire Torch,Void Staff,Shadowflame,Sorcerer's Shoes,Oracle Lens,Lord Dominik's Regards,No_Item,Boots of Swiftness,The Collector,Infinity Edge,Statikk Shiv,Farsight Alteration,No_Item,The Collector,Infinity Edge,Berserker's Greaves,Rapid Firecannon,Noonquiver,Farsight Alteration,Locket of the Iron Solari,Solstice Sleigh,No_Item,Trailblazer,Ruby Crystal,Boots of Swiftness,Oracle Lens,Conqueror,Resolve,Conqueror,Inspiration,First Strike,Sorcery,Lethal Tempo,Inspiration,Hail of Blades,Inspiration,Summon Aery,Domination,Dark Harvest,Precision,Press the Attack,Resolve,Lethal Tempo,Sorcery,Aftershock,Inspiration,Teleport,Flash,Ghost,Smite,Flash,Teleport,Flash,Barrier,Flash,Ignite,Flash,Teleport,Smite,Flash,Flash,Teleport,Flash,Barrier,Flash,Ignite,0,0,0,1,3,2
https://www.op.gg/summoners/euw/Phantasmasm-EUW/matches/uRd1PvnOddrruUFhXvYArnZYqN98_gdFjHh1t_OblnQ%3D/1732554324000,1,45,36,36,45,59,102,139,108,40,47,3,3,0,2,8,8,3,5,80821,83673,17.4,17.4,1171,1259,29.1,31.3,-2852,2852,2008.2793939393937,2079.1472727272726,Jax,Karthus,Yone,Jhin,Bard,Teemo,Talon,Akshan,Ashe,Alistar,Ionian Boots of Lucidity,Pickaxe,Sterak's Gage,Trinity Force,Sundered Sky,Steel Sigil,Stealth Ward,Void Staff,Zhonya's Hourglass,Shadowflame,Blackfire Torch,Sorcerer's Shoes,Rylai's Crystal Scepter,Oracle Lens,Randuin's Omen,Berserker's Greaves,Immortal Shieldbow,Infinity Edge,Blade of The Ruined King,Wit's End,Oracle Lens,B. F. Sword,Boots of Swiftness,The Collector,Infinity Edge,Lord Dominik's Regards,Rapid Firecannon,Farsight Alteration,Dead Man's Plate,Frozen Heart,No_Item,Bloodsong,Kindlegem,Plated Steelcaps,Oracle Lens,Zhonya's Hourglass,Liandry's Torment,Malignance,Frozen Heart,Nashor's Tooth,Rabadon's Deathcap,Farsight Alteration,Youmuu's Ghostblade,Black Cleaver,Maw of Malmortius,Eclipse,Mercury's Treads,Serrated Dirk,Oracle Lens,Immortal Shieldbow,Boots of Swiftness,Infinity Edge,Lord Dominik's Regards,Statikk Shiv,Rapid Firecannon,Farsight Alteration,Bloodthirster,Berserker's Greaves,Kraken Slayer,Phantom Dancer,Mortal Reminder,Immortal Shieldbow,Farsight Alteration,Locket of the Iron Solari,Solstice Sleigh,Redemption,Control Ward,Zeke's Convergence,Boots of Swiftness,Oracle Lens,Press the Attack,Inspiration,Dark Harvest,Precision,Fleet Footwork,Resolve,Dark Harvest,Precision,Guardian,Domination,Press the Attack,Resolve,Conqueror,Inspiration,Press the Attack,Resolve,Lethal Tempo,Inspiration,Phase Rush,Inspiration,Ignite,Flash,Flash,Smite,Teleport,Flash,Flash,Cleanse,Flash,Exhaust,Flash,Ignite,Ignite,Smite,Flash,Teleport,Flash,Barrier,Flash,Ignite,0,3,1,1,3,1
https://www.op.gg/summoners/euw/Phantasmasm-EUW/matches/uRd1PvnOddrcoIz_UvkRrf795UHmZ5gfXZJyyKRVLcI%3D/1732498001000,1,31,25,25,31,58,58,64,55,14,21,1,2,1,0,5,3,2,2,56163,47808,14.0,13.0,780,747,31.4,30.2,8355,-8355,2260.6490566037737,1924.3471698113208,Riven,Jarvan IV,Syndra,Draven,Karma,Ornn,Karthus,Aurora,Ashe,Bard,Eclipse,Mercury's Treads,Sundered Sky,Maw of Malmortius,Pickaxe,Ruby Crystal,Oracle Lens,Sundered Sky,Spirit Visage,No_Item,Eclipse,Mercury's Treads,No_Item,Oracle Lens,Luden's Companion,Banshee's Veil,Control Ward,Stormsurge,Void Staff,Sorcerer's Shoes,Farsight Alteration,Doran's Blade,Last Whisper,No_Item,Infinity Edge,Bloodthirster,Berserker's Greaves,Farsight Alteration,Dream Maker,Ionian Boots of Lucidity,Moonstone Renewer,Echoes of Helia,No_Item,No_Item,Oracle Lens,Thornmail,Sunfire Aegis,Doran's Shield,Null-Magic Mantle,Plated Steelcaps,Ruby Crystal,Farsight Alteration,Void Staff,Control Ward,Liandry's Torment,Sorcerer's Shoes,Oblivion Orb,Blackfire Torch,Oracle Lens,Doran's Ring,Blighting Jewel,Blasting Wand,Ionian Boots of Lucidity,Cosmic Drive,Luden's Companion,Oracle Lens,Kraken Slayer,Phantom Dancer,B. F. Sword,Doran's Blade,Control Ward,Berserker's Greaves,Farsight Alteration,Bloodsong,Dead Man's Plate,Statikk Shiv,Slightly Magical Footwear,Haunting Guise,Fated Ashes,Oracle Lens,Conqueror,Sorcery,Conqueror,Inspiration,First Strike,Sorcery,Press the Attack,Domination,Summon Aery,Domination,Grasp of the Undying,Inspiration,Conqueror,Inspiration,Arcane Comet,Domination,Lethal Tempo,Inspiration,Guardian,Inspiration,Ignite,Flash,Flash,Smite,Teleport,Flash,Flash,Barrier,Flash,Heal,Flash,Teleport,Flash,Smite,Flash,Teleport,Barrier,Flash,Ignite,Flash,1,6,1,0,0,0
https://www.op.gg/summoners/euw/Phantasmasm-EUW/matches/uRd1PvnOddqS9zoVlxE8HZjLrYS8gdzwG1tIFVXwlu4%3D/1732495577000,1,32,19,19,32,31,48,61,42,10,11,2,0,1,0,9,1,3,0,57596,42457,14.4,12.0,816,655,34.5,27.599999999999998,15139,-15139,2446.2817204301077,1803.2811827956991,Taliyah,Graves,Akshan,Ziggs,Blitzcrank,Fiora,Nocturne,Orianna,Caitlyn,Lux,Sorcerer's Shoes,Zhonya's Hourglass,Dark Seal,Doran's Ring,Rabadon's Deathcap,Seraph's Embrace,Farsight Alteration,Youmuu's Ghostblade,The Collector,Plated Steelcaps,No_Item,Infinity Edge,No_Item,Stealth Ward,Boots of Swiftness,Long Sword,Doran's Blade,The Collector,Noonquiver,Statikk Shiv,Farsight Alteration,Control Ward,Sorcerer's Shoes,Doran's Ring,Luden's Companion,Stormsurge,Cryptbloom,Farsight Alteration,Celestial Opposition,Boots of Swiftness,Locket of the Iron Solari,Mikael's Blessing,No_Item,No_Item,Oracle Lens,Plated Steelcaps,Ravenous Hydra,No_Item,No_Item,Trinity Force,No_Item,Farsight Alteration,Stridebreaker,Axiom Arc,Control Ward,Long Sword,Ionian Boots of Lucidity,Eclipse,Oracle Lens,Luden's Companion,Refillable Potion,Sorcerer's Shoes,Seraph's Embrace,Blighting Jewel,No_Item,Oracle Lens,The Collector,Doran's Blade,B. F. Sword,No_Item,Pickaxe,Berserker's Greaves,Farsight Alteration,Shurelya's Battlesong,Seeker's Armguard,Boots of Swiftness,Solstice Sleigh,Control Ward,No_Item,Oracle Lens,Phase Rush,Precision,Dark Harvest,Precision,Press the Attack,Resolve,Arcane Comet,Precision,Glacial Augment,Sorcery,Grasp of the Undying,Sorcery,Conqueror,Domination,Summon Aery,Precision,Hail of Blades,Sorcery,Arcane Comet,Precision,Teleport,Flash,Smite,Flash,Flash,Teleport,Flash,Teleport,Flash,Ignite,Flash,Teleport,Flash,Smite,Teleport,Flash,Barrier,Flash,Flash,Heal,1,6,1,0,0,0
https://www.op.gg/summoners/euw/Phantasmasm-EUW/matches/uRd1PvnOddrfUWrLAze2afU2wpY7pevN6YowKbMKl5U%3D/1732493226000,0,5,23,23,5,30,6,29,30,8,4,1,1,0,0,0,4,1,1,23207,35630,8.4,10.2,430,542,27.4,34.5,-12423,12423,1478.3718518518517,2269.762962962963,Renekton,Graves,Syndra,Zeri,Sona,Rumble,Udyr,Akshan,Yasuo,Senna,Tiamat,Refillable Potion,Phage,Doran's Shield,Boots,No_Item,Stealth Ward,Scorchclaw Pup,Youmuu's Ghostblade,Serrated Dirk,Boots,No_Item,No_Item,Oracle Lens,Doran's Ring,Refillable Potion,Blackfire Torch,Boots,Dark Seal,Amplifying Tome,Farsight Alteration,Doran's Blade,Scout's Slingshot,Berserker's Greaves,Rectrix,Pickaxe,No_Item,Stealth Ward,Boots,Bloodsong,Echoes of Helia,Amplifying Tome,No_Item,No_Item,Oracle Lens,Doran's Ring,Amplifying Tome,Oblivion Orb,Boots,Haunting Guise,Liandry's Torment,Farsight Alteration,No_Item,Liandry's Torment,Boots of Swiftness,Dark Seal,Winged Moonplate,Cloth Armor,Eye of the Herald,Doran's Blade,Refillable Potion,Boots,Pickaxe,Statikk Shiv,Long Sword,Stealth Ward,Doran's Shield,Berserker's Greaves,Noonquiver,Blade of The Ruined King,Control Ward,No_Item,Stealth Ward,Black Cleaver,Boots of Swiftness,Bloodsong,Zeal,Dagger,No_Item,Oracle Lens,Conqueror,Resolve,Dark Harvest,Precision,Summon Aery,Precision,Lethal Tempo,Resolve,Summon Aery,Precision,Arcane Comet,Resolve,Conqueror,Inspiration,Press the Attack,Resolve,Lethal Tempo,Resolve,Grasp of the Undying,Precision,Flash,Teleport,Smite,Flash,Flash,Teleport,Barrier,Flash,Heal,Flash,Teleport,Flash,Flash,Smite,Flash,Teleport,Flash,Exhaust,Flash,Heal,0,0,0,1,6,0
https://www.op.gg/summoners/euw/Phantasmasm-EUW/matches/uRd1PvnOddolL8Vu7zPewvbA_E6Zt8l63xqQhr3yOQA%3D/1732491346000,1,36,19,19,36,29,89,50,43,10,7,3,0,1,0,2,2,4,0,49280,42635,13.4,12.0,626,660,27.5,28.9,6645,-6645,2162.6474820143885,1871.0323741007194,Tahm Kench,Zac,Akshan,Varus,Rakan,Ambessa,Viego,Qiyana,Karthus,Nautilus,Doran's Shield,Plated Steelcaps,Heartsteel,Unending Despair,Cloth Armor,No_Item,Stealth Ward,Unending Despair,No_Item,No_Item,Sunfire Aegis,Ionian Boots of Lucidity,Spirit Visage,Oracle Lens,Doran's Blade,Statikk Shiv,Plated Steelcaps,Lord Dominik's Regards,Pickaxe,B. F. Sword,Farsight Alteration,Caulfield's Warhammer,Youmuu's Ghostblade,Doran's Blade,Tear of the Goddess,Plated Steelcaps,Edge of Night,Farsight Alteration,Celestial Opposition,Ionian Boots of Lucidity,Locket of the Iron Solari,Redemption,Kindlegem,No_Item,Oracle Lens,Mercury's Treads,Cloth Armor,Eclipse,Doran's Shield,Spear of Shojin,Cloth Armor,Oracle Lens,Sundered Sky,Kraken Slayer,Plated Steelcaps,Negatron Cloak,No_Item,Dagger,Oracle Lens,Youmuu's Ghostblade,Profane Hydra,Boots,Last Whisper,Long Sword,Long Sword,Oracle Lens,Sorcerer's Shoes,Blackfire Torch,Amplifying Tome,Oblivion Orb,Liandry's Torment,Doran's Ring,Farsight Alteration,Locket of the Iron Solari,Bramble Vest,Celestial Opposition,Chain Vest,Plated Steelcaps,No_Item,Oracle Lens,Grasp of the Undying,Precision,Aftershock,Precision,Press the Attack,Resolve,Arcane Comet,Inspiration,Guardian,Domination,Grasp of the Undying,Domination,Conqueror,Inspiration,Electrocute,Precision,Dark Harvest,Precision,Aftershock,Inspiration,Flash,Teleport,Smite,Flash,Flash,Teleport,Flash,Barrier,Flash,Heal,Teleport,Flash,Flash,Smite,Flash,Ignite,Flash,Exhaust,Ignite,Flash,0,1,0,1,5,0
https://www.op.gg/summoners/euw/Phantasmasm-EUW/matches/34-jfPz6TmyMiP4myXUMhlSIAeDeUTd7HODBKNikWCU%3D/1731365045000,0,9,17,17,9,31,16,39,37,7,14,0,1,0,0,0,4,0,1,26837,35894,9.4,10.4,454,558,27.2,33.3,-9057,9057,1605.9937007874014,2147.987401574803,K'Sante,Skarner,Aurora,Caitlyn,Nautilus,Fiora,Ivern,Swain,Corki,Janna,Thornmail,Plated Steelcaps,Cloth Armor,Cloth Armor,Doran's Shield,No_Item,Stealth Ward,Mosstomper Seedling,Heartsteel,Control Ward,Cloth Armor,Slightly Magical Footwear,No_Item,Oracle Lens,Dark Seal,Refillable Potion,Sorcerer's Shoes,Malignance,Needlessly Large Rod,Doran's Ring,Oracle Lens,Doran's Blade,Berserker's Greaves,The Collector,Pickaxe,Cloak of Agility,No_Item,Farsight Alteration,Bloodsong,Refillable Potion,Serpent's Fang,Synchronized Souls,No_Item,No_Item,Oracle Lens,Ravenous Hydra,Trinity Force,Refillable Potion,Doran's Blade,Boots,No_Item,Stealth Ward,Redemption,Ionian Boots of Lucidity,Bandleglass Mirror,No_Item,Ruby Crystal,No_Item,Oracle Lens,Doran's Ring,Refillable Potion,Dark Seal,Blackfire Torch,Kindlegem,Boots of Swiftness,Farsight Alteration,Caulfield's Warhammer,Trinity Force,Doran's Blade,Boots of Swiftness,Long Sword,Tear of the Goddess,Stealth Ward,Dream Maker,Control Ward,Dark Seal,Moonstone Renewer,Aether Wisp,Boots of Swiftness,Oracle Lens,Grasp of the Undying,Inspiration,Grasp of the Undying,Inspiration,Electrocute,Precision,Lethal Tempo,Sorcery,Hail of Blades,Inspiration,Grasp of the Undying,Domination,Summon Aery,Inspiration,Conqueror,Resolve,Press the Attack,Inspiration,Summon Aery,Resolve,Flash,Teleport,Flash,Smite,Flash,Teleport,Barrier,Flash,Ignite,Flash,Flash,Teleport,Flash,Smite,Teleport,Flash,Barrier,Flash,Heal,Flash,0,2,0,0,1,0
https://www.op.gg/summoners/euw/Phantasmasm-EUW/matches/34-jfPz6TmzrUSNbj90CdyL3uM-JobT6oQZGUIMDHKw%3D/1731362421000,0,22,31,32,22,64,33,52,63,18,16,1,2,0,1,3,9,1,3,43705,54305,11.8,13.2,632,761,27.0,32.5,-10600,10600,1870.0697115384614,2323.627403846154,Aatrox,Udyr,Sylas,Jhin,Zac,Irelia,Lillia,Akshan,Ashe,Rell,Doran's Blade,Refillable Potion,Eclipse,Plated Steelcaps,Sundered Sky,No_Item,Stealth Ward,"Jak'Sho, The Protean",Dark Seal,Liandry's Torment,Boots of Swiftness,Dead Man's Plate,Amplifying Tome,Oracle Lens,Hextech Rocketbelt,Refillable Potion,Doran's Ring,Kindlegem,Ionian Boots of Lucidity,Fiendish Codex,Stealth Ward,Doran's Blade,The Collector,Youmuu's Ghostblade,Boots of Swiftness,Rapid Firecannon,Cloak of Agility,Farsight Alteration,Celestial Opposition,Warden's Mail,Ionian Boots of Lucidity,Kindlegem,Zeke's Convergence,No_Item,Oracle Lens,Blade of The Ruined King,Kraken Slayer,Mercury's Treads,Null-Magic Mantle,Executioner's Calling,No_Item,Farsight Alteration,Riftmaker,Shattered Armguard,Liandry's Torment,Dark Seal,No_Item,Sorcerer's Shoes,Oracle Lens,Last Whisper,Executioner's Calling,Dagger,Mercury's Treads,Kraken Slayer,Blade of The Ruined King,Stealth Ward,Mortal Reminder,Berserker's Greaves,Kraken Slayer,Phantom Dancer,Pickaxe,No_Item,Farsight Alteration,Ionian Boots of Lucidity,Solstice Sleigh,Knight's Vow,Zeke's Convergence,No_Item,No_Item,Oracle Lens,Conqueror,Resolve,Conqueror,Inspiration,Conqueror,Inspiration,Dark Harvest,Precision,Aftershock,Inspiration,Conqueror,Inspiration,Conqueror,Inspiration,Press the Attack,Resolve,Lethal Tempo,Inspiration,Aftershock,Inspiration,Flash,Teleport,Flash,Smite,Flash,Teleport,Flash,Cleanse,Flash,Ignite,Teleport,Flash,Flash,Smite,Flash,Teleport,Flash,Barrier,Ignite,Flash,1,0,0,0,6,1
https://www.op.gg/summoners/euw/Phantasmasm-EUW/matches/34-jfPz6TmyneIH_RTl7A6PqXJ4AIdE_Ii6ujHuz6bI%3D/1731360369000,1,38,38,38,38,70,63,82,94,28,24,1,3,1,0,7,5,2,3,60157,60447,15.2,14.4,783,860,27.400000000000002,30.2,-290,290,2116.0753768844224,2126.276381909548,Rumble,Viego,Yone,Seraphine,Rell,Aurora,Karthus,Akshan,Corki,Pyke,Liandry's Torment,Zhonya's Hourglass,Riftmaker,Void Staff,Sorcerer's Shoes,No_Item,Farsight Alteration,Kraken Slayer,No_Item,Titanic Hydra,Plated Steelcaps,Negatron Cloak,Recurve Bow,Oracle Lens,Infinity Edge,Berserker's Greaves,Blade of The Ruined King,Immortal Shieldbow,No_Item,No_Item,Farsight Alteration,Redemption,No_Item,Moonstone Renewer,Seraph's Embrace,Ionian Boots of Lucidity,Echoes of Helia,Farsight Alteration,Knight's Vow,Locket of the Iron Solari,Celestial Opposition,No_Item,Ionian Boots of Lucidity,Kindlegem,Oracle Lens,No_Item,Zhonya's Hourglass,Malignance,Ionian Boots of Lucidity,Amplifying Tome,Liandry's Torment,Stealth Ward,Liandry's Torment,Malignance,Rabadon's Deathcap,Sorcerer's Shoes,Dark Seal,Blasting Wand,Farsight Alteration,Boots of Swiftness,B. F. Sword,Pickaxe,The Collector,Mortal Reminder,Statikk Shiv,Farsight Alteration,Slightly Magical Footwear,Trinity Force,Muramana,Infinity Edge,Rapid Firecannon,Cloak of Agility,Farsight Alteration,Synchronized Souls,Bloodsong,Umbral Glaive,Edge of Night,Rectrix,Control Ward,Oracle Lens,Arcane Comet,Resolve,Conqueror,Inspiration,Lethal Tempo,Resolve,Summon Aery,Inspiration,Aftershock,Inspiration,Grasp of the Undying,Sorcery,Dark Harvest,Inspiration,Press the Attack,Resolve,Conqueror,Inspiration,Hail of Blades,Resolve,Teleport,Flash,Flash,Smite,Teleport,Flash,Flash,Teleport,Flash,Ignite,Teleport,Flash,Smite,Flash,Flash,Teleport,Barrier,Flash,Ignite,Flash,1,3,1,0,3,0
https://www.op.gg/summoners/euw/Phantasmasm-EUW/matches/34-jfPz6TmwTZ0Nu5HQxZa_OAzPQZMDtSI4yqFbUoiM%3D/1731357472000,0,41,30,30,41,56,59,93,73,20,40,3,2,1,1,6,7,4,3,65986,67053,16.4,16.6,927,997,28.7,30.9,-1067,1067,2040.80412371134,2073.8041237113403,Irelia,Jax,Gragas,Corki,Janna,Rumble,Viego,Akshan,Fiora,Brand,Blade of The Ruined King,Kraken Slayer,Doran's Blade,Plated Steelcaps,Death's Dance,Tunneler,Farsight Alteration,Ruby Crystal,Plated Steelcaps,Zhonya's Hourglass,Control Ward,Sundered Sky,Trinity Force,Stealth Ward,Zhonya's Hourglass,Abyssal Mask,Oblivion Orb,Cosmic Drive,Ionian Boots of Lucidity,Fimbulwinter,Farsight Alteration,Plated Steelcaps,Mortal Reminder,Doran's Blade,Muramana,Trinity Force,Infinity Edge,Farsight Alteration,Moonstone Renewer,Solstice Sleigh,Forbidden Idol,Mejai's Soulstealer,Echoes of Helia,Boots of Swiftness,Oracle Lens,Shadowflame,Needlessly Large Rod,Needlessly Large Rod,Sorcerer's Shoes,Oblivion Orb,Liandry's Torment,Oracle Lens,Plated Steelcaps,Control Ward,Titanic Hydra,Wit's End,Kraken Slayer,Black Cleaver,Oracle Lens,No_Item,Plated Steelcaps,Immortal Shieldbow,Lord Dominik's Regards,Statikk Shiv,Infinity Edge,Stealth Ward,Doran's Blade,Ravenous Hydra,Serpent's Fang,Voltaic Cyclosword,Steel Sigil,Plated Steelcaps,Farsight Alteration,Zaz'Zak's Realmspike,Rylai's Crystal Scepter,Liandry's Torment,Sorcerer's Shoes,Dark Seal,Oblivion Orb,Oracle Lens,Press the Attack,Domination,Conqueror,Inspiration,Phase Rush,Inspiration,Conqueror,Inspiration,Summon Aery,Resolve,Arcane Comet,Resolve,Conqueror,Inspiration,Press the Attack,Resolve,Fleet Footwork,Domination,Dark Harvest,Precision,Teleport,Flash,Flash,Smite,Teleport,Flash,Flash,Teleport,Flash,Exhaust,Flash,Teleport,Flash,Smite,Flash,Teleport,Barrier,Flash,Ignite,Flash,0,0,1,1,6,1
https://www.op.gg/summoners/euw/Phantasmasm-EUW/matches/34-jfPz6TmxS8TYCK2Hf1GhzXAU8vVOz3TX12Wb4ZNk%3D/1731355134000,0,27,40,40,27,75,61,55,59,10,17,1,3,0,1,4,9,1,4,53544,61054,13.6,14.8,702,834,25.4,30.299999999999997,-7510,7510,1929.1588235294118,2199.739705882353,Shen,Bel'Veth,Aurora,Kai'Sa,Rell,Sylas,Vi,Qiyana,Karthus,Poppy,Chain Vest,Hollow Radiance,Heartsteel,Bramble Vest,Mercury's Treads,Kindlegem,Farsight Alteration,Wit's End,Kraken Slayer,Stridebreaker,Caulfield's Warhammer,No_Item,Slightly Magical Footwear,Oracle Lens,Dark Seal,Sorcerer's Shoes,Blighting Jewel,Rabadon's Deathcap,Luden's Companion,Shadowflame,Oracle Lens,Doran's Blade,Statikk Shiv,Berserker's Greaves,Guinsoo's Rageblade,Nashor's Tooth,Amplifying Tome,Farsight Alteration,Celestial Opposition,Plated Steelcaps,Zeke's Convergence,Chain Vest,Locket of the Iron Solari,Control Ward,Oracle Lens,Zhonya's Hourglass,Lich Bane,Hextech Rocketbelt,Needlessly Large Rod,Sorcerer's Shoes,Needlessly Large Rod,Oracle Lens,Sterak's Gage,Sundered Sky,Mercury's Treads,Spirit Visage,Control Ward,Warden's Mail,Oracle Lens,Hubris,Youmuu's Ghostblade,Ionian Boots of Lucidity,Serpent's Fang,Serrated Dirk,No_Item,Oracle Lens,Blackfire Torch,Liandry's Torment,Zhonya's Hourglass,Blasting Wand,Blighting Jewel,Sorcerer's Shoes,Farsight Alteration,Trailblazer,No_Item,Solstice Sleigh,Warmog's Armor,Boots of Swiftness,No_Item,Oracle Lens,Grasp of the Undying,Domination,Press the Attack,Inspiration,Electrocute,Resolve,Press the Attack,Domination,Aftershock,Inspiration,Electrocute,Resolve,Conqueror,Inspiration,Electrocute,Precision,Dark Harvest,Precision,Aftershock,Inspiration,Flash,Teleport,Flash,Smite,Flash,Teleport,Flash,Barrier,Ignite,Flash,Teleport,Flash,Flash,Smite,Teleport,Flash,Flash,Exhaust,Flash,Ignite,1,6,0,0,0,2
https://www.op.gg/summoners/euw/Phantasmasm-EUW/matches/34-jfPz6TmyRM0FYCZ3EBdbmusmGsWIRppvRmEFVxJA%3D/1731352325000,0,16,27,27,16,33,15,26,33,2,6,0,2,0,0,0,3,0,2,28444,39101,9.6,11.0,421,606,26.799999999999997,38.6,-10657,10657,1806.5783783783784,2483.441891891892,Ambessa,Graves,Karma,Corki,Tahm Kench,Irelia,Karthus,Akshan,Draven,Nautilus,Bramble Vest,Plated Steelcaps,Pickaxe,Caulfield's Warhammer,Long Sword,Doran's Shield,Stealth Ward,Boots,Youmuu's Ghostblade,Scorchclaw Pup,The Collector,Long Sword,Cloak of Agility,Oracle Lens,Doran's Ring,Malignance,Ionian Boots of Lucidity,Fiendish Codex,No_Item,No_Item,Farsight Alteration,Doran's Blade,Refillable Potion,Plated Steelcaps,Hearthbound Axe,Tear of the Goddess,Phage,Farsight Alteration,Plated Steelcaps,Giant's Belt,Solstice Sleigh,Control Ward,Giant's Belt,No_Item,Oracle Lens,Kraken Slayer,Blade of The Ruined King,No_Item,Doran's Blade,Boots,No_Item,Stealth Ward,Blackfire Torch,Haunting Guise,Sorcerer's Shoes,Dark Seal,No_Item,Fated Ashes,Farsight Alteration,No_Item,Serrated Dirk,Doran's Blade,Statikk Shiv,Pickaxe,Boots of Swiftness,Farsight Alteration,Bloodthirster,Long Sword,Berserker's Greaves,Doran's Blade,B. F. Sword,Pickaxe,Farsight Alteration,Celestial Opposition,Ruby Crystal,Locket of the Iron Solari,Mercury's Treads,No_Item,No_Item,Oracle Lens,Conqueror,Resolve,Dark Harvest,Precision,Arcane Comet,Domination,Conqueror,Inspiration,Guardian,Inspiration,Conqueror,Resolve,Dark Harvest,Precision,Press the Attack,Resolve,Lethal Tempo,Inspiration,Aftershock,Inspiration,Flash,Teleport,Flash,Smite,Flash,Teleport,Flash,Barrier,Flash,Exhaust,Flash,Teleport,Flash,Smite,Flash,Teleport,Flash,Barrier,Ignite,Flash,0,4,0,0,0,0
https://www.op.gg/summoners/euw/Phantasmasm-EUW/matches/34-jfPz6TmycsaxsWfjWPsZwF_b_Kje5q8Sw4oYSMlA%3D/1731350541000,0,10,29,29,10,47,12,34,44,3,7,0,2,0,0,1,6,0,2,32304,44291,10.6,11.8,553,658,28.9,34.4,-11987,11987,1684.4228571428569,2309.4592857142857,K'Sante,Viego,Brand,Ezreal,Zac,Akali,Skarner,Corki,Akshan,Bard,Iceborn Gauntlet,Plated Steelcaps,"Jak'Sho, The Protean",No_Item,No_Item,Doran's Shield,Oracle Lens,Pickaxe,Trinity Force,Plated Steelcaps,Long Sword,Dagger,No_Item,Oracle Lens,Doran's Ring,Rylai's Crystal Scepter,Haunting Guise,Tear of the Goddess,Sorcerer's Shoes,Amplifying Tome,Farsight Alteration,Long Sword,Ionian Boots of Lucidity,Trinity Force,Long Sword,Tear of the Goddess,Doran's Blade,Farsight Alteration,Bami's Cinder,Ionian Boots of Lucidity,Solstice Sleigh,Control Ward,Chain Vest,No_Item,Oracle Lens,Doran's Shield,Refillable Potion,Mercury's Treads,Seeker's Armguard,Liandry's Torment,No_Item,Oracle Lens,Tunneler,Heartsteel,Plated Steelcaps,Pickaxe,Ruby Crystal,No_Item,Oracle Lens,Manamune,Scout's Slingshot,Boots of Swiftness,Trinity Force,Doran's Blade,Zeal,Farsight Alteration,Doran's Blade,Refillable Potion,Statikk Shiv,Boots,Lord Dominik's Regards,The Collector,Farsight Alteration,Bloodsong,Spectre's Cowl,Dead Man's Plate,Null-Magic Mantle,Boots of Swiftness,No_Item,Oracle Lens,Grasp of the Undying,Precision,Conqueror,Inspiration,Arcane Comet,Inspiration,Conqueror,Inspiration,Aftershock,Precision,Conqueror,Resolve,Grasp of the Undying,Inspiration,Conqueror,Inspiration,Press the Attack,Resolve,Electrocute,Sorcery,Flash,Teleport,Flash,Smite,Teleport,Flash,Flash,Barrier,Heal,Flash,Ignite,Teleport,Flash,Smite,Flash,Barrier,Flash,Teleport,Flash,Ignite,0,2,0,1,4,0
https://www.op.gg/summoners/euw/Phantasmasm-EUW/matches/34-jfPz6TmxTZ7SPApsLmH3MR9vLacP9uasOv19-lEU%3D/1731292175000,1,44,34,34,44,39,61,81,81,32,28,2,3,1,1,10,7,3,4,76742,73406,17.2,16.4,1029,1088,28.3,30.0,3336,-3336,2126.2910828025474,2033.86050955414,Gnar,Elise,Xerath,Fiora,Nautilus,Yasuo,Graves,Hwei,Kog'Maw,Nami,Wit's End,Sterak's Gage,Randuin's Omen,Trinity Force,Plated Steelcaps,Negatron Cloak,Stealth Ward,Shadowflame,Rabadon's Deathcap,Sorcerer's Shoes,Cryptbloom,Rylai's Crystal Scepter,Stormsurge,Oracle Lens,Luden's Companion,Horizon Focus,Shadowflame,Rabadon's Deathcap,Sorcerer's Shoes,No_Item,Farsight Alteration,Voltaic Cyclosword,Ravenous Hydra,Plated Steelcaps,Eclipse,Serpent's Fang,B. F. Sword,Farsight Alteration,Celestial Opposition,Zeke's Convergence,Knight's Vow,Locket of the Iron Solari,Mercury's Treads,Ruby Crystal,Oracle Lens,Blade of The Ruined King,Immortal Shieldbow,Stridebreaker,Berserker's Greaves,Infinity Edge,Negatron Cloak,Oracle Lens,Mercury's Treads,Youmuu's Ghostblade,The Collector,Lord Dominik's Regards,Immortal Shieldbow,B. F. Sword,Oracle Lens,Doran's Ring,Banshee's Veil,Sorcerer's Shoes,Rabadon's Deathcap,Horizon Focus,Blackfire Torch,Farsight Alteration,Luden's Companion,Shadowflame,Zhonya's Hourglass,Blighting Jewel,Blasting Wand,Sorcerer's Shoes,Farsight Alteration,Boots of Swiftness,Shurelya's Battlesong,Control Ward,Dream Maker,Imperial Mandate,Staff of Flowing Water,Oracle Lens,Grasp of the Undying,Precision,Dark Harvest,Sorcery,Arcane Comet,Inspiration,Fleet Footwork,Domination,Guardian,Inspiration,Grasp of the Undying,Precision,Dark Harvest,Precision,Arcane Comet,Inspiration,Arcane Comet,Precision,Summon Aery,Resolve,Teleport,Flash,Flash,Smite,Flash,Teleport,Ghost,Flash,Ignite,Flash,Teleport,Flash,Flash,Smite,Flash,Teleport,Teleport,Flash,Flash,Heal,1,1,1,0,5,1
https://www.op.gg/summoners/euw/Phantasmasm-EUW/matches/34-jfPz6TmzsyhE1vc6YBXtAmyCVoLlBrq8d1-w_0Zc%3D/1731289531000,0,11,27,27,11,49,16,58,42,10,13,0,3,0,0,3,5,0,3,35698,42776,10.4,11.6,558,584,28.0,29.4,-7078,7078,1784.9,2138.8,Olaf,Viego,Syndra,Ashe,Renata Glasc,Udyr,Vi,Hwei,Caitlyn,Lux,Doran's Blade,Plated Steelcaps,Sundered Sky,Stridebreaker,Cloth Armor,No_Item,Farsight Alteration,Tunneler,Kraken Slayer,Long Sword,Long Sword,Control Ward,Slightly Magical Footwear,Oracle Lens,Refillable Potion,Boots,Luden's Companion,Hextech Alternator,Needlessly Large Rod,Doran's Ring,Farsight Alteration,Berserker's Greaves,Kraken Slayer,Statikk Shiv,Executioner's Calling,No_Item,Doran's Blade,Stealth Ward,Solstice Sleigh,Locket of the Iron Solari,Control Ward,Ruby Crystal,No_Item,Mercury's Treads,Oracle Lens,Doran's Ring,Fimbulwinter,Boots of Swiftness,Unending Despair,Spectre's Cowl,No_Item,Farsight Alteration,No_Item,Sundered Sky,Long Sword,Plated Steelcaps,No_Item,No_Item,Oracle Lens,Sorcerer's Shoes,Refillable Potion,Dark Seal,Needlessly Large Rod,Luden's Companion,Horizon Focus,Farsight Alteration,Infinity Edge,Doran's Blade,The Collector,Berserker's Greaves,Long Sword,No_Item,Farsight Alteration,Sorcerer's Shoes,No_Item,Zaz'Zak's Realmspike,Glowing Mote,Horizon Focus,Amplifying Tome,Oracle Lens,Conqueror,Inspiration,Conqueror,Inspiration,Summon Aery,Inspiration,Lethal Tempo,Inspiration,Guardian,Domination,Grasp of the Undying,Inspiration,Conqueror,Inspiration,Arcane Comet,Inspiration,First Strike,Sorcery,Arcane Comet,Domination,Ghost,Flash,Flash,Smite,Flash,Teleport,Flash,Barrier,Flash,Heal,Flash,Teleport,Smite,Flash,Flash,Teleport,Flash,Barrier,Flash,Ignite,0,5,0,1,1,1
https://www.op.gg/summoners/euw/Phantasmasm-EUW/matches/34-jfPz6Tmw2SJfo26gGAC7-YUTIjzR0esEIUHsGGtU%3D/1731287494000,1,19,5,5,19,6,15,20,13,0,0,1,0,0,0,7,0,1,0,31187,17532,9.0,7.4,442,256,35.7,20.7,13655,-13655,2524.6619047619047,1419.2571428571428,Riven,Viego,Cassiopeia,Fiora,Hwei,Jax,Zac,Kassadin,Ashe,Milio,Doran's Blade,Refillable Potion,Eclipse,No_Item,No_Item,No_Item,Stealth Ward,Gustwalker Hatchling,No_Item,Kraken Slayer,Mercury's Treads,No_Item,No_Item,Oracle Lens,Seraph's Embrace,Fiendish Codex,Glowing Mote,No_Item,No_Item,No_Item,Farsight Alteration,Doran's Blade,Ravenous Hydra,Long Sword,Long Sword,Plated Steelcaps,Glowing Mote,Stealth Ward,Runic Compass,Refillable Potion,Ionian Boots of Lucidity,Lost Chapter,Amplifying Tome,No_Item,Oracle Lens,Doran's Shield,Sheen,Ionian Boots of Lucidity,Ruby Crystal,Long Sword,Dagger,Stealth Ward,Dark Seal,Boots,Sunfire Aegis,No_Item,No_Item,Mosstomper Seedling,Oracle Lens,Doran's Shield,Tear of the Goddess,Ruby Crystal,Sapphire Crystal,Dark Seal,Boots,Stealth Ward,Refillable Potion,Berserker's Greaves,Recurve Bow,Hearthbound Axe,No_Item,Doran's Blade,Stealth Ward,Runic Compass,Ionian Boots of Lucidity,Dark Seal,Control Ward,Faerie Charm,Amplifying Tome,Oracle Lens,Conqueror,Resolve,Conqueror,Inspiration,Conqueror,Sorcery,Fleet Footwork,Domination,Arcane Comet,Precision,Grasp of the Undying,Inspiration,Aftershock,Precision,Fleet Footwork,Resolve,Lethal Tempo,Inspiration,Summon Aery,Domination,Teleport,Flash,Flash,Smite,Flash,Teleport,Barrier,Flash,Flash,Heal,Teleport,Flash,Smite,Flash,Flash,Teleport,Flash,Barrier,Heal,Flash,0,6,1,0,0,0
https://www.op.gg/summoners/euw/Phantasmasm-EUW/matches/34-jfPz6TmzAi_R76-cIYv1ncK-kXGtB_FjCxonlVKQ%3D/1731285213000,0,21,37,37,21,68,40,69,84,19,17,0,4,0,1,5,5,0,5,53099,56791,13.8,15.0,827,827,29.5,29.5,-3692,3692,1894.4869346733667,2026.2115577889447,Gnar,Zac,Akshan,Kog'Maw,Lulu,Ambessa,Viego,Aurora,Corki,Rell,Doran's Blade,Plated Steelcaps,Randuin's Omen,Sterak's Gage,No_Item,Trinity Force,Stealth Ward,"Jak'Sho, The Protean",Ionian Boots of Lucidity,Sunfire Aegis,Dark Seal,Giant's Belt,Cloth Armor,Oracle Lens,Boots of Swiftness,Noonquiver,Doran's Blade,The Collector,Statikk Shiv,Infinity Edge,Farsight Alteration,Blackfire Torch,Seraph's Embrace,Horizon Focus,No_Item,Sorcerer's Shoes,No_Item,Farsight Alteration,Redemption,Dream Maker,No_Item,Moonstone Renewer,Ionian Boots of Lucidity,Ruby Crystal,Oracle Lens,Doran's Shield,Voltaic Cyclosword,Spear of Shojin,Plated Steelcaps,Long Sword,No_Item,Farsight Alteration,Titanic Hydra,Kraken Slayer,Mercury's Treads,Black Cleaver,No_Item,Cloth Armor,Oracle Lens,Rabadon's Deathcap,Control Ward,Malignance,Sorcerer's Shoes,Liandry's Torment,Dark Seal,Farsight Alteration,Doran's Blade,Muramana,B. F. Sword,Mercury's Treads,Lord Dominik's Regards,Trinity Force,Farsight Alteration,Celestial Opposition,Control Ward,Locket of the Iron Solari,Zeke's Convergence,Ionian Boots of Lucidity,Kindlegem,Oracle Lens,Grasp of the Undying,Precision,Aftershock,Precision,Press the Attack,Inspiration,Arcane Comet,Inspiration,Summon Aery,Resolve,Grasp of the Undying,Domination,Conqueror,Inspiration,Electrocute,Sorcery,Conqueror,Inspiration,Aftershock,Inspiration,Teleport,Flash,Smite,Flash,Flash,Teleport,Flash,Teleport,Flash,Heal,Teleport,Flash,Flash,Smite,Flash,Teleport,Flash,Teleport,Flash,Ignite,0,6,0,1,0,0
https://www.op.gg/summoners/euw/Phantasmasm-EUW/matches/34-jfPz6Tmy1YPOy6ote1lywUIYclrz5ffXTPxAg7PU%3D/1731282692000,1,14,7,7,14,8,23,38,32,9,7,0,2,0,0,1,0,0,2,31880,25739,10.0,9.0,542,498,33.9,31.1,6141,-6141,2004.5757575757577,1618.4371212121214,Akshan,Graves,Lissandra,Ezreal,Nautilus,Darius,Viego,Ekko,Jinx,Karma,Statikk Shiv,Refillable Potion,Boots of Swiftness,Long Sword,No_Item,Doran's Blade,Farsight Alteration,No_Item,The Collector,Youmuu's Ghostblade,Long Sword,Boots,No_Item,Eye of the Herald,Ionian Boots of Lucidity,Malignance,Amplifying Tome,No_Item,Doran's Ring,No_Item,Farsight Alteration,Doran's Blade,Tear of the Goddess,Trinity Force,Long Sword,No_Item,Slightly Magical Footwear,Stealth Ward,No_Item,Bloodsong,Winged Moonplate,Giant's Belt,Crystalline Bracer,Boots,Oracle Lens,Stridebreaker,Refillable Potion,No_Item,Doran's Shield,Mercury's Treads,No_Item,Stealth Ward,Scorchclaw Pup,Kraken Slayer,Cloth Armor,Control Ward,No_Item,Slightly Magical Footwear,Oracle Lens,Doran's Ring,Dark Seal,Sorcerer's Shoes,Lich Bane,Amplifying Tome,No_Item,Oracle Lens,Doran's Blade,The Collector,Refillable Potion,Pickaxe,No_Item,Slightly Magical Footwear,Stealth Ward,Boots,Malignance,No_Item,Zaz'Zak's Realmspike,No_Item,No_Item,Oracle Lens,Press the Attack,Resolve,Dark Harvest,Precision,Arcane Comet,Domination,Press the Attack,Inspiration,Glacial Augment,Resolve,Conqueror,Resolve,Conqueror,Inspiration,Electrocute,Sorcery,Lethal Tempo,Inspiration,Arcane Comet,Domination,Flash,Teleport,Flash,Smite,Flash,Teleport,Flash,Barrier,Flash,Ignite,Ghost,Flash,Flash,Smite,Flash,Teleport,Barrier,Flash,Flash,Heal,1,6,0,0,0,0
https://www.op.gg/summoners/euw/Phantasmasm-EUW/matches/34-jfPz6TmzO-3w2pIM9lB-lgUAN8f6QCsUQu_p943A%3D/1731281177000,1,47,33,34,47,56,76,64,71,27,13,0,2,1,0,11,1,1,2,67690,56949,15.2,14.4,771,784,25.7,26.1,10741,-10741,2256.3333333333335,1898.3,K'Sante,Nidalee,Akshan,Brand,Blitzcrank,Vayne,Taliyah,Syndra,Ezreal,Soraka,"Jak'Sho, The Protean",Thornmail,Iceborn Gauntlet,Mercury's Treads,Kaenic Rookern,Tunneler,Oracle Lens,Mejai's Soulstealer,Liandry's Torment,Oblivion Orb,Mercury's Treads,Banshee's Veil,Rabadon's Deathcap,Oracle Lens,Executioner's Calling,Mercury's Treads,Statikk Shiv,The Collector,Infinity Edge,Rapid Firecannon,Farsight Alteration,Rylai's Crystal Scepter,Banshee's Veil,Oblivion Orb,Doran's Ring,Liandry's Torment,Sorcerer's Shoes,Farsight Alteration,Locket of the Iron Solari,Bloodsong,Redemption,Force of Nature,No_Item,Boots of Swiftness,Oracle Lens,Terminus,Boots of Swiftness,Trinity Force,Recurve Bow,No_Item,No_Item,Farsight Alteration,Void Staff,Zhonya's Hourglass,No_Item,Sorcerer's Shoes,Blackfire Torch,Dark Seal,Farsight Alteration,Sorcerer's Shoes,Luden's Companion,Stormsurge,Void Staff,Needlessly Large Rod,Dark Seal,Farsight Alteration,Trinity Force,Muramana,Doran's Blade,Serylda's Grudge,Tunneler,Ionian Boots of Lucidity,Farsight Alteration,Slightly Magical Footwear,Celestial Opposition,Redemption,Moonstone Renewer,Dawncore,No_Item,Oracle Lens,Aftershock,Inspiration,Conqueror,Sorcery,Press the Attack,Inspiration,Arcane Comet,Inspiration,Aftershock,Inspiration,Lethal Tempo,Sorcery,Dark Harvest,Sorcery,Arcane Comet,Inspiration,Press the Attack,Sorcery,Guardian,Inspiration,Teleport,Flash,Flash,Smite,Flash,Teleport,Flash,Teleport,Flash,Ignite,Flash,Teleport,Smite,Flash,Flash,Teleport,Flash,Barrier,Flash,Heal,1,6,3,0,0,0
https://www.op.gg/summoners/euw/Phantasmasm-EUW/matches/34-jfPz6Tmx__ZUJ9WTnnKsZqeb_JLwlPmyEBD835d4%3D/1731278179000,1,35,30,30,35,51,58,60,87,28,13,1,3,1,0,5,3,2,3,58660,49434,15.0,13.2,881,681,33.3,25.8,9226,-9226,2208.9539748953976,1861.531380753138,Akali,Hecarim,Akshan,Corki,Sona,K'Sante,Viego,Sylas,Ziggs,Blitzcrank,Doran's Shield,Control Ward,Rabadon's Deathcap,Liandry's Torment,Banshee's Veil,Sorcerer's Shoes,Oracle Lens,Black Cleaver,Eclipse,Mercury's Treads,Sundered Sky,Pickaxe,No_Item,Stealth Ward,No_Item,Boots of Swiftness,B. F. Sword,Statikk Shiv,The Collector,Mortal Reminder,Farsight Alteration,Trinity Force,Muramana,Rapid Firecannon,Doran's Blade,Mercury's Treads,No_Item,Farsight Alteration,Echoes of Helia,Bloodsong,Faerie Charm,Ionian Boots of Lucidity,Seraph's Embrace,Moonstone Renewer,Oracle Lens,Doran's Shield,Cloth Armor,Iceborn Gauntlet,Negatron Cloak,Plated Steelcaps,Giant's Belt,Stealth Ward,Titanic Hydra,Kraken Slayer,Plated Steelcaps,Steel Sigil,Pickaxe,Caulfield's Warhammer,Oracle Lens,Hextech Rocketbelt,Zhonya's Hourglass,Cosmic Drive,Ionian Boots of Lucidity,Control Ward,Dark Seal,Oracle Lens,Seraph's Embrace,Needlessly Large Rod,Sorcerer's Shoes,Liandry's Torment,Needlessly Large Rod,No_Item,Farsight Alteration,Solstice Sleigh,Redemption,Ruby Crystal,Boots of Swiftness,Trailblazer,Control Ward,Oracle Lens,Conqueror,Resolve,Conqueror,Sorcery,Press the Attack,Resolve,Conqueror,Inspiration,Summon Aery,Resolve,Grasp of the Undying,Inspiration,Conqueror,Inspiration,Conqueror,Resolve,Arcane Comet,Precision,Glacial Augment,Sorcery,Ignite,Teleport,Ghost,Smite,Flash,Teleport,Flash,Barrier,Flash,Heal,Teleport,Flash,Flash,Smite,Flash,Teleport,Flash,Teleport,Flash,Ignite,0,1,0,1,4,0
https://www.op.gg/summoners/euw/Phantasmasm-EUW/matches/34-jfPz6TmyQsbZJExMWM_JdM_4xwBR6rjOHiIQ8S2w%3D/1731275910000,0,27,31,31,27,47,32,77,88,24,21,2,2,0,2,5,8,2,4,55755,62614,14.4,15.2,840,861,29.0,29.8,-6859,6859,1923.5475000000001,2160.183,Aurora,Talon,Akshan,Tristana,Taric,Irelia,Skarner,Zoe,Caitlyn,Lux,Rabadon's Deathcap,No_Item,No_Item,Shadowflame,Luden's Companion,Sorcerer's Shoes,Oracle Lens,Youmuu's Ghostblade,Hubris,Serpent's Fang,Serrated Dirk,Edge of Night,Synchronized Souls,Oracle Lens,B. F. Sword,Pickaxe,Boots of Swiftness,Lord Dominik's Regards,The Collector,Statikk Shiv,Farsight Alteration,Doran's Blade,Infinity Edge,Berserker's Greaves,Cloak of Agility,The Collector,Long Sword,Farsight Alteration,Kindlegem,Forbidden Idol,Dream Maker,Ionian Boots of Lucidity,Knight's Vow,Locket of the Iron Solari,Oracle Lens,No_Item,Kraken Slayer,Wit's End,Plated Steelcaps,Frozen Heart,Blade of The Ruined King,Stealth Ward,Unending Despair,Plated Steelcaps,Randuin's Omen,No_Item,Heartsteel,Cloth Armor,Oracle Lens,Boots,Shattered Armguard,No_Item,Shadowflame,Dark Seal,Luden's Companion,Farsight Alteration,The Collector,Lord Dominik's Regards,Rapid Firecannon,Infinity Edge,Berserker's Greaves,Vampiric Scepter,Farsight Alteration,Celestial Opposition,Shurelya's Battlesong,Redemption,Ionian Boots of Lucidity,Kindlegem,Control Ward,Oracle Lens,Electrocute,Precision,Hail of Blades,Inspiration,Press the Attack,Inspiration,Hail of Blades,Precision,Glacial Augment,Domination,Conqueror,Resolve,Aftershock,Inspiration,Electrocute,Precision,First Strike,Sorcery,Arcane Comet,Inspiration,Teleport,Flash,Ignite,Smite,Flash,Cleanse,Flash,Cleanse,Flash,Ignite,Teleport,Flash,Flash,Smite,Flash,Ignite,Flash,Barrier,Flash,Ignite,1,3,0,0,3,1
https://www.op.gg/summoners/euw/Phantasmasm-EUW/matches/34-jfPz6TmyiY_BC4AFOzueJoJh1fYO-BoQBSbHP-Tk%3D/1731273280000,1,37,31,31,37,45,67,97,100,39,40,4,1,1,1,6,8,5,2,76995,74214,17.4,16.8,1197,1166,32.0,31.3,2781,-2781,2053.2,1979.04,Udyr,Wukong,Aurora,Vayne,Janna,Gragas,Zyra,Irelia,Kai'Sa,Rell,Boots of Swiftness,Thornmail,Frozen Heart,Spirit Visage,Unending Despair,Liandry's Torment,Oracle Lens,Mercury's Treads,Trinity Force,No_Item,Sundered Sky,Kaenic Rookern,Sterak's Gage,Oracle Lens,Void Staff,Amplifying Tome,Sorcerer's Shoes,Luden's Companion,Shadowflame,Rabadon's Deathcap,Oracle Lens,Trinity Force,The Collector,Lord Dominik's Regards,Boots of Swiftness,Rapid Firecannon,Guardian Angel,Farsight Alteration,Boots of Swiftness,Dream Maker,Redemption,Moonstone Renewer,Echoes of Helia,Control Ward,Oracle Lens,Oblivion Orb,Kindlegem,Zhonya's Hourglass,Fimbulwinter,Cosmic Drive,Ionian Boots of Lucidity,Oracle Lens,Rylai's Crystal Scepter,Liandry's Torment,Sorcerer's Shoes,Seeker's Armguard,Cryptbloom,Oblivion Orb,Oracle Lens,Death's Dance,Blade of The Ruined King,Wit's End,Plated Steelcaps,Kraken Slayer,Sundered Sky,Farsight Alteration,Kraken Slayer,Guinsoo's Rageblade,Berserker's Greaves,Wit's End,Immortal Shieldbow,Recurve Bow,Farsight Alteration,Celestial Opposition,Locket of the Iron Solari,Control Ward,Abyssal Mask,Verdant Barrier,Ionian Boots of Lucidity,Oracle Lens,Conqueror,Inspiration,Conqueror,Inspiration,Electrocute,Precision,Press the Attack,Domination,Summon Aery,Domination,Grasp of the Undying,Inspiration,Electrocute,Precision,Press the Attack,Domination,Lethal Tempo,Inspiration,Aftershock,Inspiration,Ghost,Ignite,Flash,Smite,Flash,Teleport,Flash,Barrier,Heal,Flash,Teleport,Flash,Smite,Flash,Teleport,Flash,Flash,Barrier,Flash,Ignite,1,2,0,0,4,1
https://www.op.gg/summoners/euw/Phantasmasm-EUW/matches/34-jfPz6TmwJeyT418TmhhkN6mwe6tulo19jvOKEHNg%3D/1731270404000,1,41,34,34,41,49,79,53,52,15,10,2,0,1,0,7,3,3,0,59164,48724,13.8,12.2,694,593,27.4,23.3,10440,-10440,2340.068656716418,1927.1432835820895,Udyr,Graves,Hwei,Kalista,Leona,Galio,Skarner,Vladimir,Varus,Lulu,Unending Despair,Oblivion Orb,Fimbulwinter,Boots of Swiftness,Null-Magic Mantle,Kindlegem,Farsight Alteration,Immortal Shieldbow,The Collector,Youmuu's Ghostblade,Long Sword,Mercury's Treads,Quicksilver Sash,Oracle Lens,No_Item,Ionian Boots of Lucidity,Doran's Ring,Horizon Focus,Blackfire Torch,Liandry's Torment,Farsight Alteration,Terminus,Blade of The Ruined King,Guinsoo's Rageblade,Berserker's Greaves,Cloth Armor,Null-Magic Mantle,Farsight Alteration,Locket of the Iron Solari,Celestial Opposition,Kindlegem,Plated Steelcaps,Thornmail,No_Item,Oracle Lens,Doran's Shield,Refillable Potion,Hollow Radiance,Mercury's Treads,Riftmaker,Cloth Armor,Farsight Alteration,Heartsteel,Ruby Crystal,No_Item,Plated Steelcaps,No_Item,Sterak's Gage,Oracle Lens,Hextech Rocketbelt,Needlessly Large Rod,Stormsurge,Dark Seal,Slightly Magical Footwear,Needlessly Large Rod,Farsight Alteration,Giant's Belt,Guinsoo's Rageblade,Blade of The Ruined King,Berserker's Greaves,Terminus,Negatron Cloak,Farsight Alteration,Redemption,Dream Maker,Forbidden Idol,Moonstone Renewer,Ionian Boots of Lucidity,Kindlegem,Oracle Lens,Grasp of the Undying,Inspiration,Dark Harvest,Precision,Summon Aery,Inspiration,Lethal Tempo,Domination,Aftershock,Inspiration,Aftershock,Inspiration,Aftershock,Inspiration,Phase Rush,Inspiration,Lethal Tempo,Resolve,Summon Aery,Resolve,Flash,Teleport,Flash,Smite,Flash,Teleport,Flash,Cleanse,Flash,Ignite,Teleport,Flash,Flash,Smite,Flash,Ghost,Flash,Cleanse,Flash,Heal,1,6,1,0,0,0
https://www.op.gg/summoners/euw/Phantasmasm-EUW/matches/34-jfPz6TmxKrTFr3C--Ez99wCoYPzYgKa6Pm0-jGKc%3D/1731268369000,1,30,38,38,30,70,70,67,93,26,24,1,4,1,1,9,9,2,5,70314,69266,16.4,16.0,906,967,26.6,28.5,1048,-1048,2065.9268041237115,2035.1350515463917,Darius,Vi,Akshan,Hwei,Janna,Yone,Lee Sin,Galio,Jinx,Blitzcrank,Stridebreaker,Warden's Mail,Dead Man's Plate,Sterak's Gage,Plated Steelcaps,Giant's Belt,Oracle Lens,Randuin's Omen,Pickaxe,Plated Steelcaps,Black Cleaver,Ruby Crystal,Sundered Sky,Oracle Lens,Rapid Firecannon,Mortal Reminder,Infinity Edge,Statikk Shiv,The Collector,Boots of Swiftness,Farsight Alteration,Amplifying Tome,Haunting Guise,Seraph's Embrace,Sorcerer's Shoes,Stormsurge,Luden's Companion,Farsight Alteration,Echoes of Helia,Ionian Boots of Lucidity,Solstice Sleigh,Moonstone Renewer,Kindlegem,Forbidden Idol,Oracle Lens,Stridebreaker,Immortal Shieldbow,Berserker's Greaves,Doran's Blade,Blade of The Ruined King,Infinity Edge,Farsight Alteration,Eclipse,Black Cleaver,Sundered Sky,Pickaxe,Steel Sigil,Plated Steelcaps,Stealth Ward,"Jak'Sho, The Protean",Riftmaker,Plated Steelcaps,Sunfire Aegis,Thornmail,No_Item,Oracle Lens,Kraken Slayer,Berserker's Greaves,Phantom Dancer,Lord Dominik's Regards,Infinity Edge,Vampiric Scepter,Farsight Alteration,Solstice Sleigh,Redemption,Locket of the Iron Solari,Boots of Swiftness,Trailblazer,Control Ward,Oracle Lens,Conqueror,Resolve,Conqueror,Domination,Press the Attack,Inspiration,Arcane Comet,Inspiration,Summon Aery,Resolve,Lethal Tempo,Resolve,Conqueror,Inspiration,Aftershock,Sorcery,Lethal Tempo,Sorcery,Glacial Augment,Resolve,Ghost,Flash,Flash,Smite,Flash,Teleport,Teleport,Flash,Heal,Flash,Flash,Teleport,Flash,Smite,Flash,Teleport,Barrier,Flash,Flash,Ignite,0,0,1,1,6,1
https://www.op.gg/summoners/euw/Phantasmasm-EUW/matches/34-jfPz6Tmxda56eoKAiAfb2IGlhIDUrgMWc2Hxd3N8%3D/1731112495000,1,40,27,27,40,33,66,67,68,17,13,2,3,2,0,10,3,4,3,70010,58626,16.6,15.0,907,909,28.8,28.9,11384,-11384,2232.751351351352,1869.6940540540543,Skarner,Heimerdinger,Syndra,Ashe,Milio,Ambessa,Karthus,Akshan,Samira,Lux,Fimbulwinter,Spirit Visage,Warmog's Armor,Unending Despair,Plated Steelcaps,Cloth Armor,Stealth Ward,Rabadon's Deathcap,Liandry's Torment,Ionian Boots of Lucidity,Blasting Wand,Blackfire Torch,Blighting Jewel,Oracle Lens,Rabadon's Deathcap,Zhonya's Hourglass,Luden's Companion,Sorcerer's Shoes,Blighting Jewel,Blasting Wand,Stealth Ward,B. F. Sword,Kraken Slayer,Phantom Dancer,Bloodthirster,Berserker's Greaves,Doran's Blade,Farsight Alteration,Redemption,Moonstone Renewer,Dream Maker,Ionian Boots of Lucidity,Echoes of Helia,Control Ward,Oracle Lens,Spear of Shojin,Black Cleaver,Eclipse,No_Item,Pickaxe,Mercury's Treads,Farsight Alteration,Sorcerer's Shoes,Fated Ashes,Haunting Guise,Shadowflame,Blackfire Torch,Malignance,Oracle Lens,Mercury's Treads,B. F. Sword,Cloak of Agility,Mortal Reminder,The Collector,Statikk Shiv,Farsight Alteration,Infinity Edge,The Collector,Mercury's Treads,Mortal Reminder,No_Item,Doran's Blade,Farsight Alteration,Shurelya's Battlesong,Mikael's Blessing,Boots of Swiftness,Zaz'Zak's Realmspike,Oblivion Orb,Control Ward,Oracle Lens,Grasp of the Undying,Sorcery,Conqueror,Sorcery,First Strike,Sorcery,Lethal Tempo,Inspiration,Summon Aery,Resolve,Conqueror,Resolve,Dark Harvest,Sorcery,Press the Attack,Inspiration,Conqueror,Domination,Arcane Comet,Precision,Flash,Teleport,Exhaust,Smite,Flash,Teleport,Barrier,Flash,Heal,Flash,Teleport,Flash,Flash,Smite,Flash,Teleport,Flash,Cleanse,Flash,Heal,1,4,1,0,2,0
https://www.op.gg/summoners/euw/Phantasmasm-EUW/matches/34-jfPz6TmxCfOxB8_TpO_6mwPCLou8h7jlunLC5inM%3D/1731109827000,1,41,15,15,43,26,67,67,49,21,22,1,1,1,0,8,1,2,1,57561,43830,14.2,11.8,746,695,30.900000000000002,28.8,13731,-13731,2384.183431952663,1815.4437869822486,Gragas,Elise,Ezreal,Akshan,Pyke,Aatrox,Ekko,Yone,Ashe,Camille,Cosmic Drive,Riftmaker,Ionian Boots of Lucidity,Fimbulwinter,Oblivion Orb,Ruby Crystal,Stealth Ward,Sorcerer's Shoes,Rabadon's Deathcap,Stormsurge,Control Ward,Needlessly Large Rod,Amplifying Tome,Oracle Lens,Bloodthirster,Trinity Force,Muramana,Ionian Boots of Lucidity,Doran's Blade,No_Item,Farsight Alteration,Doran's Blade,Boots of Swiftness,Infinity Edge,Statikk Shiv,The Collector,Noonquiver,Farsight Alteration,Plated Steelcaps,Tunneler,No_Item,Bloodsong,Serrated Dirk,Umbral Glaive,Oracle Lens,Doran's Shield,Eclipse,Plated Steelcaps,Sundered Sky,Tunneler,No_Item,Stealth Ward,Hextech Rocketbelt,Lich Bane,Dark Seal,Amplifying Tome,Sorcerer's Shoes,No_Item,Oracle Lens,Berserker's Greaves,Pickaxe,Noonquiver,No_Item,Blade of The Ruined King,No_Item,Stealth Ward,Kraken Slayer,Refillable Potion,Infinity Edge,Berserker's Greaves,Last Whisper,Long Sword,Farsight Alteration,Bloodsong,Eclipse,Tunneler,Control Ward,Plated Steelcaps,Caulfield's Warhammer,Oracle Lens,Phase Rush,Resolve,Dark Harvest,Precision,Press the Attack,Inspiration,Press the Attack,Inspiration,Hail of Blades,Resolve,Conqueror,Resolve,Dark Harvest,Inspiration,Fleet Footwork,Resolve,Lethal Tempo,Inspiration,Hail of Blades,Resolve,Flash,Teleport,Smite,Flash,Barrier,Flash,Flash,Teleport,Flash,Ignite,Flash,Teleport,Flash,Smite,Flash,Teleport,Flash,Barrier,Flash,Ignite,1,3,1,0,3,0
https://www.op.gg/summoners/euw/Phantasmasm-EUW/matches/34-jfPz6TmxPmwt2DSy1ZajdllquyjkxawSmRV0QJZE%3D/1731107713000,1,36,22,22,36,34,72,105,74,46,39,1,3,2,0,6,3,3,3,66767,56144,16.4,14.4,959,935,31.5,30.7,10623,-10623,2195.4914414414416,1846.1765765765767,Gnar,Morgana,Aurora,Corki,Poppy,Yasuo,Zac,Sylas,Kai'Sa,Rell,No_Item,Long Sword,Trinity Force,Plated Steelcaps,Force of Nature,Sterak's Gage,Farsight Alteration,Horizon Focus,Liandry's Torment,Zhonya's Hourglass,Blighting Jewel,Ionian Boots of Lucidity,Fiendish Codex,Oracle Lens,Liandry's Torment,Oblivion Orb,Ionian Boots of Lucidity,Doran's Ring,Cosmic Drive,Luden's Companion,Oracle Lens,B. F. Sword,Trinity Force,Mercury's Treads,Muramana,Lord Dominik's Regards,Pickaxe,Farsight Alteration,Locket of the Iron Solari,Control Ward,Bloodsong,Dead Man's Plate,Mercury's Treads,Frozen Heart,Oracle Lens,Infinity Edge,Blade of The Ruined King,Quicksilver Sash,Immortal Shieldbow,Berserker's Greaves,Giant's Belt,Oracle Lens,Knight's Vow,Spirit Visage,Ionian Boots of Lucidity,Sunfire Aegis,Dark Seal,No_Item,Oracle Lens,Zhonya's Hourglass,Hextech Rocketbelt,Dark Seal,Ionian Boots of Lucidity,Cosmic Drive,Doran's Shield,Oracle Lens,Doran's Blade,Statikk Shiv,Nashor's Tooth,Berserker's Greaves,Guinsoo's Rageblade,No_Item,Farsight Alteration,Kindlegem,Celestial Opposition,Locket of the Iron Solari,Control Ward,Negatron Cloak,Mercury's Treads,Oracle Lens,Fleet Footwork,Resolve,Dark Harvest,Inspiration,Electrocute,Sorcery,Conqueror,Inspiration,Hail of Blades,Inspiration,Grasp of the Undying,Precision,Aftershock,Precision,Conqueror,Resolve,Lethal Tempo,Inspiration,Aftershock,Inspiration,Teleport,Flash,Flash,Smite,Flash,Teleport,Flash,Barrier,Flash,Ignite,Teleport,Flash,Smite,Flash,Flash,Teleport,Flash,Cleanse,Flash,Ignite,1,3,0,0,3,0
https://www.op.gg/summoners/euw/Phantasmasm-EUW/matches/34-jfPz6TmwokHq2c0RTbSZaFeLmyrR2lBGbgskvZkY%3D/1731105021000,1,32,19,19,32,37,53,71,107,39,31,4,0,0,0,7,3,4,0,57884,49991,14.0,13.0,825,807,28.9,28.3,7893,-7893,2027.575141242938,1751.097175141243,Cassiopeia,Volibear,Aurora,Corki,Nautilus,Riven,Elise,Lux,Ezreal,Bard,Rylai's Crystal Scepter,Seraph's Embrace,No_Item,Amplifying Tome,Amplifying Tome,Void Staff,Farsight Alteration,Ionian Boots of Lucidity,Sundered Sky,Spirit Visage,Ruby Crystal,No_Item,No_Item,Oracle Lens,Doran's Ring,Sorcerer's Shoes,Dark Seal,Malignance,Shadowflame,Needlessly Large Rod,Oracle Lens,Trinity Force,Muramana,Rapid Firecannon,Infinity Edge,Vampiric Scepter,Mercury's Treads,Farsight Alteration,Kindlegem,Bloodsong,Heartsteel,Negatron Cloak,Ionian Boots of Lucidity,Dead Man's Plate,Oracle Lens,Doran's Shield,Maw of Malmortius,Mercury's Treads,Eclipse,Sundered Sky,Cloth Armor,Stealth Ward,Sorcerer's Shoes,Seeker's Armguard,Stormsurge,Void Staff,No_Item,No_Item,Oracle Lens,Luden's Companion,Shadowflame,Blasting Wand,Doran's Ring,Sorcerer's Shoes,Blighting Jewel,Farsight Alteration,Doran's Blade,Trinity Force,Muramana,Pickaxe,Ionian Boots of Lucidity,Tunneler,Oracle Lens,Kindlegem,Bloodsong,Locket of the Iron Solari,Control Ward,Forbidden Idol,Boots of Swiftness,Oracle Lens,Conqueror,Resolve,Press the Attack,Sorcery,Arcane Comet,Domination,Conqueror,Inspiration,Aftershock,Precision,Conqueror,Resolve,Electrocute,Sorcery,Arcane Comet,Domination,Conqueror,Sorcery,Guardian,Domination,Flash,Teleport,Smite,Flash,Flash,Teleport,Flash,Barrier,Flash,Ignite,Teleport,Flash,Smite,Flash,Flash,Teleport,Flash,Barrier,Flash,Heal,1,3,2,0,3,0
https://www.op.gg/summoners/euw/Phantasmasm-EUW/matches/34-jfPz6TmyctQdjVz-eMYso8TL4ZPw50P7yH7b__zY%3D/1731102613000,0,31,26,27,31,54,60,119,107,36,44,2,3,2,0,9,7,4,3,80568,82557,17.4,17.6,1228,1347,30.3,33.3,-1989,1989,1992.5419354838707,2041.732258064516,Corki,Shen,Aurora,Syndra,Rell,Yone,Graves,Twisted Fate,Seraphine,Nami,Mercurial Scimitar,Boots of Swiftness,Muramana,Serpent's Fang,Trinity Force,No_Item,Farsight Alteration,Titanic Hydra,Bami's Cinder,Kaenic Rookern,Mercury's Treads,Thornmail,Heartsteel,Oracle Lens,Morellonomicon,Void Staff,Ionian Boots of Lucidity,Cosmic Drive,Rabadon's Deathcap,Luden's Companion,Oracle Lens,Banshee's Veil,Luden's Companion,Sorcerer's Shoes,Stormsurge,Needlessly Large Rod,Void Staff,Farsight Alteration,Mercury's Treads,Abyssal Mask,Control Ward,Celestial Opposition,Trailblazer,Kindlegem,Oracle Lens,Kraken Slayer,Immortal Shieldbow,Bloodthirster,Infinity Edge,Berserker's Greaves,Wit's End,Oracle Lens,The Collector,Mercury's Treads,Youmuu's Ghostblade,Immortal Shieldbow,Bloodthirster,Spirit Visage,Oracle Lens,Void Staff,Rabadon's Deathcap,Mercury's Treads,Rod of Ages,Lich Bane,Rapid Firecannon,Stealth Ward,Seraph's Embrace,No_Item,Blackfire Torch,Cryptbloom,Ionian Boots of Lucidity,Rabadon's Deathcap,Farsight Alteration,No_Item,Shurelya's Battlesong,Dream Maker,Imperial Mandate,Staff of Flowing Water,Ionian Boots of Lucidity,Oracle Lens,Conqueror,Inspiration,Grasp of the Undying,Domination,Arcane Comet,Domination,Summon Aery,Inspiration,Aftershock,Inspiration,Lethal Tempo,Resolve,Dark Harvest,Precision,Unsealed Spellbook,Resolve,Summon Aery,Precision,Summon Aery,Domination,Flash,Teleport,Smite,Flash,Flash,Teleport,Teleport,Flash,Flash,Ignite,Teleport,Flash,Flash,Smite,Teleport,Flash,Flash,Teleport,Heal,Flash,1,4,3,0,2,1
https://www.op.gg/summoners/euw/Phantasmasm-EUW/matches/34-jfPz6Tmx5FGfi3gFJ1y6vqY6AzDbvTnrcF784eio%3D/1731099449000,0,10,27,27,10,42,11,42,37,19,20,0,2,0,0,2,5,0,2,35859,46119,11.0,12.8,662,743,31.900000000000002,35.8,-10260,10260,1731.1241379310347,2226.434482758621,Aurora,Elise,Akshan,Zeri,Nautilus,Ryze,Wukong,Sylas,Jinx,Braum,Mercury's Treads,Liandry's Torment,Malignance,Doran's Ring,No_Item,No_Item,Farsight Alteration,Stormsurge,No_Item,Sorcerer's Shoes,Dark Seal,Amplifying Tome,No_Item,Oracle Lens,Doran's Blade,Refillable Potion,Boots,Statikk Shiv,The Collector,No_Item,Farsight Alteration,Yun Tal Wildarrows,Statikk Shiv,Doran's Blade,Cloak of Agility,Berserker's Greaves,No_Item,Farsight Alteration,Locket of the Iron Solari,Bloodsong,No_Item,Plated Steelcaps,No_Item,Kindlegem,Oracle Lens,Ionian Boots of Lucidity,Rod of Ages,Seraph's Embrace,Doran's Ring,Needlessly Large Rod,Needlessly Large Rod,Farsight Alteration,Sundered Sky,Trinity Force,No_Item,Null-Magic Mantle,No_Item,Plated Steelcaps,Oracle Lens,Shattered Armguard,Hextech Rocketbelt,Refillable Potion,Doran's Ring,Lich Bane,Sorcerer's Shoes,Oracle Lens,Zeal,Infinity Edge,Berserker's Greaves,Dagger,Dagger,Doran's Blade,Farsight Alteration,Solstice Sleigh,Locket of the Iron Solari,Giant's Belt,Ruby Crystal,Mercury's Treads,No_Item,Oracle Lens,Electrocute,Sorcery,Dark Harvest,Sorcery,Press the Attack,Resolve,Lethal Tempo,Inspiration,Aftershock,Inspiration,Phase Rush,Precision,Conqueror,Inspiration,Electrocute,Resolve,Press the Attack,Sorcery,Guardian,Inspiration,Flash,Teleport,Flash,Smite,Flash,Teleport,Flash,Barrier,Ignite,Flash,Flash,Teleport,Smite,Flash,Flash,Teleport,Flash,Barrier,Flash,Exhaust,0,0,0,1,6,0
https://www.op.gg/summoners/euw/Phantasmasm-EUW/matches/34-jfPz6TmzZ4EvJ0Q0hi4o8NcUxrXTwFFsoRBtBaqg%3D/1731097509000,1,55,37,37,55,49,103,74,100,30,28,2,2,1,1,10,1,3,3,72612,64543,15.6,15.8,894,807,27.9,25.099999999999998,8069,-8069,2271.452307692308,2019.037435897436,Shen,Nunu & Willump,Akshan,Caitlyn,Veigar,Malphite,Maokai,Akali,Jinx,Pyke,Warmog's Armor,Hollow Radiance,Ionian Boots of Lucidity,Heartsteel,Spirit Visage,Cloth Armor,Stealth Ward,Mercury's Treads,Dark Seal,Bramble Vest,Sunfire Aegis,Abyssal Mask,"Jak'Sho, The Protean",Oracle Lens,Mercury's Treads,Cloak of Agility,Lord Dominik's Regards,Statikk Shiv,The Collector,Infinity Edge,Farsight Alteration,Lord Dominik's Regards,Yun Tal Wildarrows,B. F. Sword,Berserker's Greaves,Infinity Edge,Rapid Firecannon,Farsight Alteration,Celestial Opposition,"Jak'Sho, The Protean",Fimbulwinter,Warmog's Armor,No_Item,Ionian Boots of Lucidity,Oracle Lens,Giant's Belt,Plated Steelcaps,Randuin's Omen,Negatron Cloak,Chain Vest,Thornmail,Stealth Ward,Horizon Focus,Ionian Boots of Lucidity,Liandry's Torment,Cryptbloom,Morellonomicon,Control Ward,Oracle Lens,Seeker's Armguard,Shadowflame,Void Staff,Lich Bane,Sorcerer's Shoes,Doran's Ring,Oracle Lens,Vampiric Scepter,Runaan's Hurricane,The Collector,Berserker's Greaves,Infinity Edge,Lord Dominik's Regards,Farsight Alteration,Rectrix,Bloodsong,Synchronized Souls,Edge of Night,Serrated Dirk,Umbral Glaive,Oracle Lens,Grasp of the Undying,Domination,Phase Rush,Domination,Press the Attack,Resolve,Fleet Footwork,Sorcery,Guardian,Inspiration,Grasp of the Undying,Sorcery,First Strike,Domination,Electrocute,Sorcery,Press the Attack,Domination,Hail of Blades,Resolve,Flash,Ignite,Smite,Flash,Flash,Teleport,Flash,Barrier,Flash,Heal,Teleport,Flash,Flash,Smite,Teleport,Flash,Flash,Barrier,Ignite,Flash,1,4,3,0,2,0
https://www.op.gg/summoners/euw/Phantasmasm-EUW/matches/34-jfPz6TmwOnNZ5nYPhPxCIJhb6QM7_3bMD1i5gJLI%3D/1731094630000,0,8,27,27,9,35,8,55,64,17,14,0,2,0,1,4,6,0,3,40982,49981,11.6,13.6,734,749,32.2,32.7,-8999,8999,1792.9625000000003,2186.6687500000003,Trundle,Lillia,Tristana,Corki,Neeko,Garen,Elise,Akshan,Kai'Sa,Rakan,Ravenous Hydra,Berserker's Greaves,Blade of The Ruined King,Doran's Blade,Phage,No_Item,Stealth Ward,Mercury's Treads,Liandry's Torment,Dark Seal,Fiendish Codex,Haunting Guise,No_Item,Oracle Lens,Navori Flickerblade,Yun Tal Wildarrows,Pickaxe,Boots,Cloak of Agility,Doran's Blade,Farsight Alteration,Muramana,Trinity Force,No_Item,Plated Steelcaps,No_Item,Doran's Blade,Farsight Alteration,Hextech Rocketbelt,Zaz'Zak's Realmspike,No_Item,Ionian Boots of Lucidity,Amplifying Tome,Amplifying Tome,Oracle Lens,Stridebreaker,Phantom Dancer,Berserker's Greaves,Executioner's Calling,Long Sword,Infinity Edge,Oracle Lens,Sorcerer's Shoes,Shadowflame,Dark Seal,Stormsurge,Amplifying Tome,No_Item,Oracle Lens,Doran's Blade,Plated Steelcaps,Cloak of Agility,Infinity Edge,The Collector,Statikk Shiv,Farsight Alteration,Doran's Blade,Kraken Slayer,Berserker's Greaves,Guinsoo's Rageblade,Hearthbound Axe,Dagger,Farsight Alteration,Kindlegem,Plated Steelcaps,Locket of the Iron Solari,Celestial Opposition,Control Ward,No_Item,Oracle Lens,Lethal Tempo,Resolve,Conqueror,Inspiration,Press the Attack,Resolve,Hail of Blades,Inspiration,Arcane Comet,Domination,Phase Rush,Resolve,Dark Harvest,Sorcery,Press the Attack,Inspiration,Lethal Tempo,Inspiration,Guardian,Domination,Ignite,Flash,Flash,Smite,Flash,Teleport,Flash,Barrier,Ignite,Flash,Ignite,Flash,Flash,Smite,Flash,Teleport,Barrier,Flash,Flash,Exhaust,0,3,0,1,3,0
https://www.op.gg/summoners/euw/Phantasmasm-EUW/matches/34-jfPz6TmyGPPmk4bdmkLEf32XDxRPD5E7AvCohjk8%3D/1731092164000,0,21,30,31,21,80,45,63,82,32,18,1,1,0,1,4,9,1,2,54098,59192,13.8,14.8,895,793,30.7,27.2,-5094,5094,1852.6712328767123,2027.123287671233,Renekton,Skarner,Akshan,Jhin,Leona,Jax,Ivern,Yasuo,Caitlyn,Rell,Black Cleaver,Sterak's Gage,Control Ward,Plated Steelcaps,Eclipse,Cloth Armor,Oracle Lens,Sterak's Gage,Bramble Vest,Plated Steelcaps,Ruby Crystal,Cloth Armor,Heartsteel,Oracle Lens,Pickaxe,Boots,B. F. Sword,Mortal Reminder,Statikk Shiv,The Collector,Farsight Alteration,Doran's Blade,The Collector,Infinity Edge,Boots of Swiftness,Rapid Firecannon,Last Whisper,Farsight Alteration,Bloodsong,Control Ward,Zeke's Convergence,Locket of the Iron Solari,Plated Steelcaps,No_Item,Oracle Lens,Warden's Mail,Glacial Buckler,Plated Steelcaps,Sundered Sky,Trinity Force,Doran's Shield,Stealth Ward,Mikael's Blessing,Redemption,No_Item,Moonstone Renewer,Dark Seal,Ionian Boots of Lucidity,Oracle Lens,Doran's Shield,Stridebreaker,Blade of The Ruined King,Pickaxe,Berserker's Greaves,Noonquiver,Farsight Alteration,Slightly Magical Footwear,The Collector,B. F. Sword,Lord Dominik's Regards,Vampiric Scepter,Infinity Edge,Farsight Alteration,Plated Steelcaps,Celestial Opposition,Control Ward,Zeke's Convergence,Kindlegem,Null-Magic Mantle,Oracle Lens,Conqueror,Resolve,Grasp of the Undying,Inspiration,Press the Attack,Resolve,Fleet Footwork,Sorcery,Aftershock,Inspiration,Grasp of the Undying,Sorcery,Summon Aery,Domination,Fleet Footwork,Resolve,First Strike,Sorcery,Aftershock,Inspiration,Flash,Teleport,Smite,Flash,Flash,Teleport,Flash,Cleanse,Flash,Ignite,Teleport,Flash,Smite,Flash,Flash,Teleport,Cleanse,Flash,Flash,Ignite,1,6,0,0,0,1
