GAME_ID,BLUE_WIN,BLUE_KILLS,RED_KILLS,BLUE_DEATHS,RED_DEATHS,RED_ASSISTS,BLUE_ASSISTS,BLUE_WARDS_PLACED,RED_WARDS_PLACED,BLUE_WARDS_DESTROYED,RED_WARDS_DESTROYED,BLUE_DRAGONS,RED_DRAGONS,BLUE_BARONS,RED_BARONS,BLUE_TOWERS,RED_TOWERS,BLUE_ELITE_MONSTERS,RED_ELITE_MONSTERS,BLUE_TEAM_GOLD,RED_TEAM_GOLD,BLUE_TEAM_LEVEL,RED_TEAM_LEVEL,BLUE_TEAM_CS,RED_TEAM_CS,BLUE_TEAAM_CS_PER_MINUTE,RED_TEAAM_CS_PER_MINUTE,BLUE_GOLD_DIFF,RED_GOLD_DIFF,BLUE_GOLD_PER_MIN,RED_GOLD_PER_MIN,BLUE_TEAM_TOP,BLUE_TEAM_JNG,BLUE_TEAM_MID,BLUE_TEAM_ADC,BLUE_TEAM_SUP,RED_TEAM_TOP,RED_TEAM_JNG,RED_TEAM_MID,RED_TEAM_ADC,RED_TEAM_SUP,BLLUE_TEAM_TOP_ITEM_1,BLLUE_TEAM_TOP_ITEM_2,BLLUE_TEAM_TOP_ITEM_3,BLLUE_TEAM_TOP_ITEM_4,BLLUE_TEAM_TOP_ITEM_5,BLLUE_TEAM_TOP_ITEM_6,BLLUE_TEAM_TOP_ITEM_VISION,BLLUE_TEAM_JNG_ITEM_1,BLLUE_TEAM_JNG_ITEM_2,BLLUE_TEAM_JNG_ITEM_3,BLLUE_TEAM_JNG_ITEM_4,BLLUE_TEAM_JNG_ITEM_5,BLLUE_TEAM_JNG_ITEM_6,BLLUE_TEAM_JNG_ITEM_VISION,BLLUE_TEAM_MID_ITEM_1,BLLUE_TEAM_MID_ITEM_2,BLLUE_TEAM_MID_ITEM_3,BLLUE_TEAM_MID_ITEM_4,BLLUE_TEAM_MID_ITEM_5,BLLUE_TEAM_MID_ITEM_6,BLLUE_TEAM_MID_ITEM_VISION,BLLUE_TEAM_ADC_ITEM_1,BLLUE_TEAM_ADC_ITEM_2,BLLUE_TEAM_ADC_ITEM_3,BLLUE_TEAM_ADC_ITEM_4,BLLUE_TEAM_ADC_ITEM_5,BLLUE_TEAM_ADC_ITEM_6,BLLUE_TEAM_ADC_ITEM_VISION,BLLUE_TEAM_SUP_ITEM_1,BLLUE_TEAM_SUP_ITEM_2,BLLUE_TEAM_SUP_ITEM_3,BLLUE_TEAM_SUP_ITEM_4,BLLUE_TEAM_SUP_ITEM_5,BLLUE_TEAM_SUP_ITEM_6,BLLUE_TEAM_SUP_ITEM_VISION,RED_TEAM_TOP_ITEM_1,RED_TEAM_TOP_ITEM_2,RED_TEAM_TOP_ITEM_3,RED_TEAM_TOP_ITEM_4,RED_TEAM_TOP_ITEM_5,RED_TEAM_TOP_ITEM_6,RED_TEAM_TOP_ITEM_VISION,RED_TEAM_JNG_ITEM_1,RED_TEAM_JNG_ITEM_2,RED_TEAM_JNG_ITEM_3,RED_TEAM_JNG_ITEM_4,RED_TEAM_JNG_ITEM_5,RED_TEAM_JNG_ITEM_6,RED_TEAM_JNG_ITEM_VISION,RED_TEAM_MID_ITEM_1,RED_TEAM_MID_ITEM_2,RED_TEAM_MID_ITEM_3,RED_TEAM_MID_ITEM_4,RED_TEAM_MID_ITEM_5,RED_TEAM_MID_ITEM_6,RED_TEAM_MID_ITEM_VISION,RED_TEAM_ADC_ITEM_1,RED_TEAM_ADC_ITEM_2,RED_TEAM_ADC_ITEM_3,RED_TEAM_ADC_ITEM_4,RED_TEAM_ADC_ITEM_5,RED_TEAM_ADC_ITEM_6,RED_TEAM_ADC_ITEM_VISION,RED_TEAM_SUP_ITEM_1,RED_TEAM_SUP_ITEM_2,RED_TEAM_SUP_ITEM_3,RED_TEAM_SUP_ITEM_4,RED_TEAM_SUP_ITEM_5,RED_TEAM_SUP_ITEM_6,RED_TEAM_SUP_ITEM_VISION,BLUE_TEAM_TOP_RUNE_01,BLUE_TEAM_TOP_RUNE_02,BLUE_TEAM_JNG_RUNE_01,BLUE_TEAM_JNG_RUNE_02,BLUE_TEAM_MID_RUNE_01,BLUE_TEAM_MID_RUNE_02,BLUE_TEAM_ADC_RUNE_01,BLUE_TEAM_ADC_RUNE_02,BLUE_TEAM_SUP_RUNE_01,BLUE_TEAM_SUP_RUNE_02,RED_TEAM_TOP_RUNE_01,RED_TEAM_TOP_RUNE_02,RED_TEAM_JNG_RUNE_01,RED_TEAM_JNG_RUNE_02,RED_TEAM_MID_RUNE_01,RED_TEAM_MID_RUNE_02,RED_TEAM_ADC_RUNE_01,RED_TEAM_ADC_RUNE_02,RED_TEAM_SUP_RUNE_01,RED_TEAM_SUP_RUNE_02,BLUE_TEAM_TOP_SUMMONER_01,BLUE_TEAM_TOP_SUMMONER_02,BLUE_TEAM_JNG_SUMMONER_01,BLUE_TEAM_JNG_SUMMONER_02,BLUE_TEAM_MID_SUMMONER_01,BLUE_TEAM_MID_SUMMONER_02,BLUE_TEAM_ADC_SUMMONER_01,BLUE_TEAM_ADC_SUMMONER_02,BLUE_TEAM_SUP_SUMMONER_01,BLUE_TEAM_SUP_SUMMONER_02,RED_TEAM_TOP_SUMMONER_01,RED_TEAM_TOP_SUMMONER_02,RED_TEAM_JNG_SUMMONER_01,RED_TEAM_JNG_SUMMONER_02,RED_TEAM_MID_SUMMONER_01,RED_TEAM_MID_SUMMONER_02,RED_TEAM_ADC_SUMMONER_01,RED_TEAM_ADC_SUMMONER_02,RED_TEAM_SUP_SUMMONER_01,RED_TEAM_SUP_SUMMONER_02,BLUE_TEAM_RIFT_HERALDS,BLUE_TEAM_VOID_GRUBS,BLUE_TEAM_INHIBITORS,RED_TEAM_RIFT_HERALDS,RED_TEAM_VOID_GRUBS,RED_TEAM_INHIBITORS
https://www.op.gg/summoners/euw/Miyamot%C3%B4%20Musash%C3%AE-EUW/matches/uRd1PvnOddrtZigRD0XaICQSdaHK3j2FZmGe-B1yDH4%3D/1734652008000,1,34,22,22,34,27,52,100,66,25,32,2,1,0,0,7,4,2,1,60590,51331,14.8,13.4,901,811,33.6,30.3,9259,-9259,2249.4491017964074,1905.7017964071858,Kled,Taliyah,Veigar,Caitlyn,Poppy,Jax,Fiddlesticks,Corki,Seraphine,Maokai,Titanic Hydra,Black Cleaver,Plated Steelcaps,Tunneler,Long Sword,Long Sword,Farsight Alteration,Liandry's Torment,Rabadon's Deathcap,No_Item,Mercury's Treads,Blackfire Torch,Verdant Barrier,Oracle Lens,Shurelya's Battlesong,Cryptbloom,Rod of Ages,Needlessly Large Rod,Needlessly Large Rod,Ionian Boots of Lucidity,Farsight Alteration,Infinity Edge,Rapid Firecannon,Berserker's Greaves,Last Whisper,Executioner's Calling,The Collector,Farsight Alteration,Trailblazer,Celestial Opposition,Locket of the Iron Solari,No_Item,Kindlegem,Mercury's Treads,Oracle Lens,Doran's Blade,Tunneler,Trinity Force,Ionian Boots of Lucidity,Sundered Sky,Ruby Crystal,Stealth Ward,Shadowflame,Shattered Armguard,No_Item,Liandry's Torment,No_Item,Sorcerer's Shoes,Scarecrow Effigy,Rapid Firecannon,Muramana,Mercury's Treads,No_Item,Trinity Force,No_Item,Stealth Ward,Shurelya's Battlesong,Forbidden Idol,Seraph's Embrace,Moonstone Renewer,Ionian Boots of Lucidity,Forbidden Idol,Farsight Alteration,Celestial Opposition,Trailblazer,Locket of the Iron Solari,Ionian Boots of Lucidity,Ruby Crystal,No_Item,Oracle Lens,Conqueror,Resolve,First Strike,Domination,Unsealed Spellbook,Sorcery,Lethal Tempo,Sorcery,Hail of Blades,Inspiration,Grasp of the Undying,Precision,Electrocute,Inspiration,Conqueror,Inspiration,Summon Aery,Precision,Aftershock,Inspiration,Teleport,Flash,Flash,Smite,Flash,Teleport,Cleanse,Flash,Flash,Ignite,Flash,Teleport,Flash,Smite,Flash,Teleport,Teleport,Flash,Flash,Ignite,1,6,1,0,0,0
https://www.op.gg/summoners/euw/Miyamot%C3%B4%20Musash%C3%AE-EUW/matches/uRd1PvnOddply__RM7Rwjn6qwZyzF6JiX5yaZf1eJg4%3D/1734649292000,0,15,31,31,16,37,20,43,69,19,18,0,3,0,1,1,7,0,4,37721,51207,11.4,13.2,596,742,27.2,33.6,-13486,13486,1707.639864864865,2318.1547297297298,Sion,Viego,Zoe,Viktor,Nautilus,Pantheon,Taliyah,LeBlanc,Miss Fortune,Poppy,Doran's Shield,Plated Steelcaps,Kindlegem,Heartsteel,Chain Vest,Null-Magic Mantle,Oracle Lens,Caulfield's Warhammer,Kraken Slayer,Tunneler,No_Item,Mercury's Treads,No_Item,Oracle Lens,Haunting Guise,Blackfire Torch,Fiendish Codex,Null-Magic Mantle,Ionian Boots of Lucidity,Dark Seal,Stealth Ward,Doran's Ring,Blackfire Torch,Sorcerer's Shoes,Shadowflame,No_Item,No_Item,Farsight Alteration,Bloodsong,Locket of the Iron Solari,Mercury's Treads,No_Item,Kindlegem,Control Ward,Oracle Lens,Black Cleaver,Mercury's Treads,Sundered Sky,Long Sword,Control Ward,Ruby Crystal,Stealth Ward,Blackfire Torch,Liandry's Torment,Mejai's Soulstealer,Mercury's Treads,Needlessly Large Rod,Needlessly Large Rod,Oracle Lens,Amplifying Tome,Void Staff,Sorcerer's Shoes,Dark Seal,Luden's Companion,Rabadon's Deathcap,Oracle Lens,Youmuu's Ghostblade,The Collector,Boots of Swiftness,Doran's Blade,Serylda's Grudge,Dagger,Farsight Alteration,Trailblazer,Celestial Opposition,Mercury's Treads,Control Ward,Cloth Armor,Ruby Crystal,Oracle Lens,Grasp of the Undying,Inspiration,Conqueror,Inspiration,Summon Aery,Precision,Summon Aery,Precision,Aftershock,Inspiration,Press the Attack,Sorcery,First Strike,Domination,Electrocute,Sorcery,First Strike,Sorcery,Hail of Blades,Inspiration,Flash,Teleport,Flash,Smite,Teleport,Flash,Flash,Teleport,Flash,Ignite,Ignite,Flash,Flash,Smite,Teleport,Flash,Teleport,Flash,Flash,Ignite,1,3,0,0,3,0
https://www.op.gg/summoners/euw/Miyamot%C3%B4%20Musash%C3%AE-EUW/matches/uRd1PvnOddojnpqGpZG_W0mFXxmh4T09asDfq8AoE8Y%3D/1734567800000,1,22,17,17,22,33,40,59,58,18,17,1,3,1,0,9,1,2,3,56447,43231,14.0,12.4,856,755,32.8,28.9,13216,-13216,2174.7978354978354,1665.6099567099568,Riven,Lee Sin,Viktor,Caitlyn,Janna,Singed,Viego,Sylas,Jhin,Thresh,Eclipse,Sundered Sky,Death's Dance,Hexdrinker,Ionian Boots of Lucidity,Caulfield's Warhammer,Oracle Lens,Eclipse,Sundered Sky,No_Item,Mercury's Treads,Ruby Crystal,Ruby Crystal,Stealth Ward,Lich Bane,Blackfire Torch,Liandry's Torment,Sorcerer's Shoes,Amplifying Tome,Doran's Ring,Oracle Lens,The Collector,Infinity Edge,Zeal,Doran's Blade,No_Item,Berserker's Greaves,Farsight Alteration,Bloodsong,Shurelya's Battlesong,No_Item,Dark Seal,Moonstone Renewer,Boots of Swiftness,Oracle Lens,Rylai's Crystal Scepter,Liandry's Torment,No_Item,Dark Seal,Plated Steelcaps,No_Item,Oracle Lens,Sundered Sky,Trinity Force,Plated Steelcaps,Control Ward,No_Item,No_Item,Oracle Lens,Hextech Rocketbelt,Cosmic Drive,Amplifying Tome,Needlessly Large Rod,Ionian Boots of Lucidity,Dark Seal,Oracle Lens,B. F. Sword,Boots of Swiftness,The Collector,Hubris,Cloak of Agility,Doran's Blade,Farsight Alteration,Trailblazer,Solstice Sleigh,Control Ward,Kindlegem,Cloth Armor,Boots of Swiftness,Oracle Lens,Conqueror,Inspiration,Conqueror,Inspiration,First Strike,Sorcery,Lethal Tempo,Sorcery,Summon Aery,Domination,Phase Rush,Resolve,Conqueror,Inspiration,Conqueror,Resolve,Dark Harvest,Precision,Aftershock,Inspiration,Flash,Teleport,Flash,Smite,Flash,Teleport,Barrier,Flash,Heal,Flash,Flash,Ghost,Flash,Smite,Flash,Teleport,Flash,Barrier,Flash,Ignite,1,6,2,0,0,0
https://www.op.gg/summoners/euw/Miyamot%C3%B4%20Musash%C3%AE-EUW/matches/uRd1PvnOddpKfj49ArfaYYjrWkUN9H8G3hmk2XslNV8%3D/1734565744000,0,9,25,25,10,40,10,43,32,5,16,0,2,0,0,5,5,0,2,36335,42713,10.6,11.4,571,628,28.0,30.7,-6378,6378,1783.7181818181818,2096.82,Gragas,Viego,Akali,Ashe,K'Sante,Singed,Skarner,Qiyana,Corki,Janna,Luden's Companion,No_Item,Boots,Fimbulwinter,Cosmic Drive,Amplifying Tome,Farsight Alteration,Kraken Slayer,Titanic Hydra,No_Item,Plated Steelcaps,No_Item,No_Item,Oracle Lens,Refillable Potion,Lich Bane,Sorcerer's Shoes,Doran's Ring,Hextech Alternator,No_Item,Oracle Lens,Refillable Potion,Kraken Slayer,Berserker's Greaves,Zeal,No_Item,Doran's Blade,Farsight Alteration,Control Ward,Locket of the Iron Solari,Celestial Opposition,Kindlegem,Boots of Swiftness,Cloth Armor,Oracle Lens,Doran's Ring,Boots of Swiftness,Liandry's Torment,No_Item,Amplifying Tome,No_Item,Oracle Lens,Heartsteel,Sterak's Gage,Plated Steelcaps,Control Ward,No_Item,No_Item,Oracle Lens,Ionian Boots of Lucidity,Profane Hydra,Youmuu's Ghostblade,Refillable Potion,Null-Magic Mantle,No_Item,Oracle Lens,Doran's Blade,Plated Steelcaps,Muramana,Trinity Force,B. F. Sword,Pickaxe,Farsight Alteration,Bloodsong,Shurelya's Battlesong,Control Ward,Dark Seal,Boots of Swiftness,Moonstone Renewer,Oracle Lens,Phase Rush,Inspiration,Conqueror,Inspiration,Electrocute,Resolve,Lethal Tempo,Inspiration,Aftershock,Inspiration,Phase Rush,Resolve,Grasp of the Undying,Inspiration,Electrocute,Precision,Conqueror,Inspiration,Summon Aery,Domination,Flash,Teleport,Flash,Smite,Flash,Ignite,Flash,Barrier,Ignite,Flash,Flash,Ghost,Flash,Smite,Flash,Teleport,Teleport,Flash,Heal,Flash,1,5,0,0,1,0
https://www.op.gg/summoners/euw/Miyamot%C3%B4%20Musash%C3%AE-EUW/matches/uRd1PvnOddqRSpzq0bmF0BZ0VrN6k_YutL83uVmq4-8%3D/1734529027000,1,35,12,12,35,15,65,66,45,13,16,3,0,1,0,8,5,4,0,52642,42901,14.0,12.0,759,737,32.3,31.3,9741,-9741,2231.327572016461,1818.4374485596709,Zilean,Vi,Azir,Samira,Rell,Garen,Skarner,Taliyah,Nilah,Nautilus,Doran's Ring,Ionian Boots of Lucidity,Seraph's Embrace,Cosmic Drive,No_Item,No_Item,Stealth Ward,Slightly Magical Footwear,Sundered Sky,Black Cleaver,Null-Magic Mantle,Long Sword,No_Item,Stealth Ward,Liandry's Torment,Doran's Ring,Nashor's Tooth,Sorcerer's Shoes,Rabadon's Deathcap,Amplifying Tome,Farsight Alteration,Boots,The Collector,Doran's Blade,Infinity Edge,Lord Dominik's Regards,Bloodthirster,Farsight Alteration,Elixir of Iron,Celestial Opposition,Locket of the Iron Solari,Control Ward,Zeke's Convergence,Mercury's Treads,Oracle Lens,Cloak of Agility,Boots of Swiftness,Stridebreaker,Phantom Dancer,B. F. Sword,Pickaxe,Stealth Ward,Heartsteel,Sterak's Gage,Kindlegem,Mercury's Treads,No_Item,No_Item,Oracle Lens,Seraph's Embrace,Doran's Ring,Liandry's Torment,Sorcerer's Shoes,Dark Seal,No_Item,Stealth Ward,B. F. Sword,Essence Reaver,Berserker's Greaves,Doran's Blade,Pickaxe,Cloak of Agility,Farsight Alteration,Celestial Opposition,Control Ward,Locket of the Iron Solari,Kindlegem,Mercury's Treads,Chain Vest,Oracle Lens,Summon Aery,Inspiration,Hail of Blades,Inspiration,Conqueror,Inspiration,Conqueror,Sorcery,Aftershock,Inspiration,Phase Rush,Resolve,Grasp of the Undying,Inspiration,Phase Rush,Precision,Conqueror,Inspiration,Aftershock,Inspiration,Teleport,Flash,Flash,Smite,Teleport,Flash,Flash,Barrier,Flash,Ignite,Ignite,Flash,Flash,Smite,Flash,Teleport,Flash,Barrier,Flash,Ignite,1,1,1,0,5,0
https://www.op.gg/summoners/euw/Miyamot%C3%B4%20Musash%C3%AE-EUW/matches/uRd1PvnOddpLOOh2Oe1v6GA2vN3dQT1nNGK1xMVJqDU%3D/1734527214000,1,19,6,6,19,8,25,30,32,7,3,1,0,0,0,4,0,1,0,35070,23410,10.2,8.8,529,395,34.5,25.8,11660,-11660,2284.8636363636365,1525.1969696969697,Garen,Viego,Ahri,Ashe,Seraphine,Camille,Volibear,Hwei,Kalista,Renata Glasc,Doran's Shield,Slightly Magical Footwear,Executioner's Calling,Phantom Dancer,No_Item,Trinity Force,Stealth Ward,No_Item,Kraken Slayer,Control Ward,Tunneler,No_Item,Slightly Magical Footwear,Oracle Lens,Doran's Ring,Malignance,Imperial Mandate,Sorcerer's Shoes,Control Ward,Fiendish Codex,Oracle Lens,Doran's Blade,No_Item,Vampiric Scepter,Kraken Slayer,Phantom Dancer,Berserker's Greaves,Farsight Alteration,Solstice Sleigh,Redemption,No_Item,Ionian Boots of Lucidity,Amplifying Tome,Faerie Charm,Oracle Lens,Sheen,Phage,Doran's Shield,Dagger,Slightly Magical Footwear,Long Sword,Stealth Ward,Gustwalker Hatchling,Sundered Sky,Control Ward,Slightly Magical Footwear,Pickaxe,Ruby Crystal,Oracle Lens,Boots,Blackfire Torch,No_Item,No_Item,No_Item,Doran's Ring,Farsight Alteration,Blade of The Ruined King,Berserker's Greaves,Recurve Bow,Doran's Blade,No_Item,No_Item,Stealth Ward,Kindlegem,Bounty of Worlds,Refillable Potion,Control Ward,Forbidden Idol,Boots of Swiftness,Oracle Lens,Grasp of the Undying,Inspiration,Conqueror,Inspiration,Electrocute,Sorcery,Lethal Tempo,Inspiration,Guardian,Sorcery,Grasp of the Undying,Inspiration,Press the Attack,Inspiration,Arcane Comet,Precision,Lethal Tempo,Domination,Guardian,Domination,Ignite,Flash,Flash,Smite,Flash,Teleport,Flash,Barrier,Flash,Heal,Flash,Teleport,Flash,Smite,Flash,Teleport,Flash,Cleanse,Flash,Ignite,0,5,0,0,1,0
https://www.op.gg/summoners/euw/Miyamot%C3%B4%20Musash%C3%AE-EUW/matches/uRd1PvnOddoFXDcrWPzN6W5zee2APJ46nCeTs8_ug7c%3D/1734525308000,1,24,24,24,24,34,46,86,65,21,34,2,2,1,0,8,4,3,2,55207,49954,14.2,13.4,849,778,32.7,29.8,5253,-5253,2112.512755102041,1911.5051020408164,Ambessa,Vi,Viktor,Kalista,Renata Glasc,Lee Sin,Darius,Kassadin,Corki,Neeko,Refillable Potion,Sundered Sky,Eclipse,Doran's Shield,Pickaxe,Plated Steelcaps,Oracle Lens,Sundered Sky,Black Cleaver,No_Item,Plated Steelcaps,Ruby Crystal,No_Item,Oracle Lens,Liandry's Torment,Sorcerer's Shoes,Zhonya's Hourglass,Needlessly Large Rod,Blackfire Torch,Mejai's Soulstealer,Farsight Alteration,Blade of The Ruined King,Guinsoo's Rageblade,Hearthbound Axe,Recurve Bow,Berserker's Greaves,Doran's Blade,Farsight Alteration,Celestial Opposition,Boots of Swiftness,Locket of the Iron Solari,Redemption,Control Ward,No_Item,Oracle Lens,Tunneler,No_Item,Doran's Blade,Eclipse,Black Cleaver,Plated Steelcaps,Stealth Ward,Trinity Force,Dead Man's Plate,No_Item,No_Item,Plated Steelcaps,No_Item,Oracle Lens,Refillable Potion,Rod of Ages,Seraph's Embrace,Doran's Shield,Sorcerer's Shoes,Fiendish Codex,Farsight Alteration,Doran's Blade,Plated Steelcaps,B. F. Sword,Trinity Force,Muramana,Rapid Firecannon,Farsight Alteration,Zhonya's Hourglass,Celestial Opposition,Hextech Rocketbelt,Control Ward,No_Item,Ionian Boots of Lucidity,Oracle Lens,Grasp of the Undying,Domination,Conqueror,Inspiration,Summon Aery,Resolve,Lethal Tempo,Domination,Guardian,Domination,Conqueror,Resolve,Lethal Tempo,Inspiration,Fleet Footwork,Resolve,Conqueror,Inspiration,Arcane Comet,Inspiration,Flash,Teleport,Flash,Smite,Flash,Teleport,Flash,Barrier,Exhaust,Flash,Flash,Ignite,Flash,Smite,Teleport,Flash,Flash,Barrier,Flash,Heal,0,4,1,1,2,0
https://www.op.gg/summoners/euw/Miyamot%C3%B4%20Musash%C3%AE-EUW/matches/uRd1PvnOddqV8qyAjCU2CTddEB0VYQy5-y3jlW6qN7g%3D/1734473074000,1,32,18,18,32,29,59,70,53,19,18,1,1,1,0,7,2,2,1,55050,42959,13.8,12.2,754,665,31.7,27.9,12091,-12091,2315.1869158878503,1806.6869158878503,Ambessa,Nidalee,Viktor,Ashe,Poppy,Zac,Graves,Akali,Jinx,Rell,Voltaic Cyclosword,Edge of Night,Opportunity,Serrated Dirk,Slightly Magical Footwear,No_Item,Stealth Ward,Liandry's Torment,Horizon Focus,Blighting Jewel,Sorcerer's Shoes,Dark Seal,No_Item,Oracle Lens,Doran's Ring,Blackfire Torch,Sorcerer's Shoes,Liandry's Torment,Needlessly Large Rod,Needlessly Large Rod,Stealth Ward,Doran's Blade,Infinity Edge,Kraken Slayer,No_Item,Berserker's Greaves,Runaan's Hurricane,Farsight Alteration,Dead Man's Plate,Bloodsong,Locket of the Iron Solari,No_Item,No_Item,Boots of Swiftness,Oracle Lens,Doran's Shield,Sunfire Aegis,Null-Magic Mantle,Plated Steelcaps,Spirit Visage,Control Ward,Farsight Alteration,The Collector,Youmuu's Ghostblade,Mercury's Treads,Long Sword,Long Sword,Cloak of Agility,Oracle Lens,Stormsurge,Shadowflame,Sorcerer's Shoes,Needlessly Large Rod,No_Item,No_Item,Oracle Lens,The Collector,Runaan's Hurricane,Berserker's Greaves,Doran's Blade,B. F. Sword,Pickaxe,Farsight Alteration,Celestial Opposition,Refillable Potion,Locket of the Iron Solari,Control Ward,Mercury's Treads,Kindlegem,Oracle Lens,Grasp of the Undying,Inspiration,Conqueror,Sorcery,Summon Aery,Resolve,Lethal Tempo,Inspiration,Aftershock,Inspiration,Grasp of the Undying,Precision,Dark Harvest,Precision,Electrocute,Resolve,Lethal Tempo,Domination,Aftershock,Inspiration,Flash,Teleport,Flash,Smite,Flash,Teleport,Flash,Barrier,Flash,Ignite,Flash,Teleport,Flash,Smite,Flash,Teleport,Flash,Barrier,Flash,Ignite,0,6,1,0,0,0
https://www.op.gg/summoners/euw/Miyamot%C3%B4%20Musash%C3%AE-EUW/matches/uRd1PvnOddpfZBJqGZYW-FmLe_Bva-nsWMQsInjsxT8%3D/1734388364000,1,17,8,8,17,9,15,30,25,7,8,0,0,0,0,2,0,0,0,30813,25097,9.6,8.6,489,420,32.0,27.5,5716,-5716,2010.6788135593222,1637.6855932203391,Jax,Xin Zhao,Ahri,Ezreal,Lulu,Viktor,Graves,Sylas,Varus,Janna,Doran's Shield,Trinity Force,Plated Steelcaps,Caulfield's Warhammer,Ruby Crystal,No_Item,Stealth Ward,Mosstomper Seedling,Sundered Sky,Ruby Crystal,Slightly Magical Footwear,Long Sword,Long Sword,Oracle Lens,Doran's Ring,Dark Seal,Malignance,Refillable Potion,Sorcerer's Shoes,No_Item,Oracle Lens,Refillable Potion,Slightly Magical Footwear,Trinity Force,Doran's Blade,Tear of the Goddess,Long Sword,Stealth Ward,Dream Maker,Forbidden Idol,No_Item,Kindlegem,Boots,Moonstone Renewer,Oracle Lens,Doran's Ring,Refillable Potion,Boots,Ruby Crystal,Chain Vest,Tear of the Goddess,Oracle Lens,Scorchclaw Pup,Youmuu's Ghostblade,The Collector,Long Sword,Boots,No_Item,Oracle Lens,Doran's Shield,Refillable Potion,Boots,Hextech Rocketbelt,Dark Seal,Glowing Mote,Oracle Lens,Doran's Blade,Refillable Potion,Youmuu's Ghostblade,Ionian Boots of Lucidity,Tear of the Goddess,Long Sword,Stealth Ward,Dream Maker,Boots of Swiftness,Dark Seal,Echoes of Helia,No_Item,No_Item,Oracle Lens,Grasp of the Undying,Inspiration,Conqueror,Inspiration,Electrocute,Sorcery,Press the Attack,Inspiration,Summon Aery,Resolve,Grasp of the Undying,Sorcery,Dark Harvest,Precision,Conqueror,Resolve,Arcane Comet,Inspiration,Summon Aery,Resolve,Flash,Teleport,Flash,Smite,Flash,Teleport,Barrier,Flash,Flash,Heal,Teleport,Flash,Flash,Smite,Flash,Teleport,Flash,Barrier,Flash,Heal,0,6,0,0,0,0
https://www.op.gg/summoners/euw/Miyamot%C3%B4%20Musash%C3%AE-EUW/matches/uRd1PvnOddqs0t1rWCWc-Ct3lZPKMMBlf9tR6FPbhgA%3D/1734386759000,0,7,16,16,7,23,12,32,32,8,11,0,2,0,0,0,1,0,2,26047,32041,9.0,10.2,490,549,32.2,36.2,-5994,5994,1714.2042735042735,2108.6811965811967,Volibear,Gragas,Yasuo,Ashe,Seraphine,Malphite,Viego,Viktor,Yone,Janna,Doran's Ring,Boots of Swiftness,Cosmic Drive,Glowing Mote,No_Item,No_Item,Farsight Alteration,Scorchclaw Pup,Stormsurge,No_Item,Amplifying Tome,Sorcerer's Shoes,No_Item,Oracle Lens,Doran's Blade,Refillable Potion,Vampiric Scepter,Berserker's Greaves,Recurve Bow,Pickaxe,Stealth Ward,Doran's Blade,Berserker's Greaves,Kraken Slayer,Refillable Potion,Dagger,Dagger,Farsight Alteration,Dream Maker,Control Ward,Ruby Crystal,Echoes of Helia,Ionian Boots of Lucidity,No_Item,Oracle Lens,Doran's Ring,Hollow Radiance,Ruby Crystal,No_Item,No_Item,Boots,Stealth Ward,Tiamat,Kraken Slayer,No_Item,Boots of Swiftness,Tunneler,No_Item,Eye of the Herald,Doran's Ring,Blackfire Torch,Sorcerer's Shoes,Amplifying Tome,Amplifying Tome,No_Item,Farsight Alteration,Doran's Blade,Berserker's Greaves,Blade of The Ruined King,Cloak of Agility,Long Sword,No_Item,Oracle Lens,Celestial Opposition,Shurelya's Battlesong,Boots of Swiftness,Glowing Mote,No_Item,No_Item,Oracle Lens,Press the Attack,Resolve,Electrocute,Inspiration,Lethal Tempo,Resolve,Lethal Tempo,Inspiration,Summon Aery,Resolve,Arcane Comet,Resolve,Conqueror,Inspiration,Summon Aery,Precision,Lethal Tempo,Resolve,Arcane Comet,Domination,Flash,Teleport,Flash,Smite,Flash,Teleport,Flash,Barrier,Flash,Heal,Flash,Teleport,Flash,Smite,Flash,Teleport,Flash,Teleport,Flash,Heal,0,4,0,1,2,0
https://www.op.gg/summoners/euw/Miyamot%C3%B4%20Musash%C3%AE-EUW/matches/uRd1PvnOddrVYbB0FN_XV4NxKv3IwKLzxUFcePFNRQ8%3D/1734357209000,1,22,13,13,22,28,42,84,69,27,28,2,2,1,0,8,3,3,2,60255,51212,15.2,13.8,968,916,32.4,30.7,9043,-9043,2028.0951219512197,1723.7209756097561,Ambessa,Jax,Hwei,Varus,Senna,Renekton,Viego,Syndra,Caitlyn,Rell,Doran's Shield,Sterak's Gage,No_Item,Eclipse,Spear of Shojin,Plated Steelcaps,Stealth Ward,Trinity Force,Sundered Sky,Cloth Armor,Mercury's Treads,Sterak's Gage,No_Item,Stealth Ward,Doran's Ring,Blackfire Torch,Horizon Focus,Sorcerer's Shoes,Shadowflame,No_Item,Farsight Alteration,Doran's Blade,Blade of The Ruined King,Guinsoo's Rageblade,Berserker's Greaves,Terminus,Giant's Belt,Farsight Alteration,Bloodsong,Black Cleaver,Locket of the Iron Solari,Dagger,Dagger,Plated Steelcaps,Oracle Lens,Spirit Visage,Stridebreaker,Plated Steelcaps,Eclipse,No_Item,No_Item,Farsight Alteration,Plated Steelcaps,Kraken Slayer,Sterak's Gage,No_Item,No_Item,Sundered Sky,Oracle Lens,Rabadon's Deathcap,Ionian Boots of Lucidity,Dark Seal,Blackfire Torch,Cosmic Drive,No_Item,Farsight Alteration,Doran's Blade,Berserker's Greaves,Executioner's Calling,The Collector,Infinity Edge,Long Sword,Farsight Alteration,Cloth Armor,No_Item,Celestial Opposition,Kindlegem,Locket of the Iron Solari,Plated Steelcaps,Oracle Lens,Grasp of the Undying,Domination,Lethal Tempo,Inspiration,Arcane Comet,Precision,Lethal Tempo,Resolve,Grasp of the Undying,Precision,Conqueror,Resolve,Conqueror,Inspiration,Arcane Comet,Inspiration,Fleet Footwork,Sorcery,Aftershock,Inspiration,Flash,Teleport,Flash,Smite,Flash,Teleport,Flash,Barrier,Flash,Heal,Flash,Teleport,Flash,Smite,Flash,Teleport,Flash,Barrier,Flash,Ignite,1,1,1,0,5,0
https://www.op.gg/summoners/euw/Miyamot%C3%B4%20Musash%C3%AE-EUW/matches/uRd1PvnOddqExcLT1fFDcyp6lsF8wdTtpuJoJdRAKLw%3D/1734354554000,1,28,20,20,29,38,47,119,95,37,44,3,2,0,1,11,5,3,3,67374,64023,15.4,16.0,1034,1085,31.4,33.0,3351,-3351,2038.95,1937.538157894737,Kayle,Lee Sin,Katarina,Varus,Rell,Yone,Vi,Corki,Lucian,Nami,Zhonya's Hourglass,Boots of Swiftness,Nashor's Tooth,Lich Bane,Rabadon's Deathcap,Dagger,Farsight Alteration,No_Item,Eclipse,Plated Steelcaps,Sundered Sky,Guardian Angel,No_Item,Stealth Ward,Dark Seal,Zhonya's Hourglass,Sorcerer's Shoes,No_Item,Lich Bane,Shadowflame,Farsight Alteration,Serrated Dirk,Muramana,Hubris,Opportunity,Boots of Swiftness,Serylda's Grudge,Farsight Alteration,Celestial Opposition,Control Ward,Zeke's Convergence,Ionian Boots of Lucidity,Kindlegem,Negatron Cloak,Oracle Lens,Berserker's Greaves,Blade of The Ruined King,Noonquiver,Pickaxe,No_Item,Stridebreaker,Stealth Ward,Sundered Sky,Black Cleaver,No_Item,Mercury's Treads,Sterak's Gage,Spirit Visage,Oracle Lens,Doran's Blade,Boots of Swiftness,Opportunity,Muramana,Rapid Firecannon,The Collector,Farsight Alteration,Mortal Reminder,Kraken Slayer,Infinity Edge,Ionian Boots of Lucidity,Navori Flickerblade,Vampiric Scepter,Farsight Alteration,Imperial Mandate,No_Item,Dream Maker,Ionian Boots of Lucidity,Moonstone Renewer,Oblivion Orb,Oracle Lens,Press the Attack,Sorcery,Conqueror,Inspiration,Electrocute,Precision,Hail of Blades,Sorcery,Aftershock,Inspiration,Lethal Tempo,Resolve,Conqueror,Inspiration,Conqueror,Resolve,Press the Attack,Sorcery,Summon Aery,Resolve,Flash,Teleport,Flash,Smite,Flash,Teleport,Flash,Barrier,Flash,Ignite,Teleport,Flash,Flash,Smite,Flash,Teleport,Barrier,Flash,Flash,Exhaust,1,6,2,0,0,0
https://www.op.gg/summoners/euw/Miyamot%C3%B4%20Musash%C3%AE-EUW/matches/uRd1PvnOddpjuOv0AyaQJfdwu_ekFSmByxw8GoKKfQU%3D/1734219190000,1,25,14,14,25,15,34,49,42,10,11,1,1,0,0,8,2,1,1,47483,38745,12.6,11.8,694,595,31.099999999999998,26.8,8738,-8738,2132.4700598802397,1740.0449101796407,Ornn,Vi,Orianna,Ezreal,Karma,Skarner,Graves,Viktor,Caitlyn,Leona,Heartsteel,Sunfire Aegis,Doran's Shield,Mercury's Treads,Null-Magic Mantle,No_Item,Stealth Ward,Sundered Sky,Black Cleaver,No_Item,Mercury's Treads,Tunneler,Pickaxe,Oracle Lens,Refillable Potion,Luden's Companion,Sorcerer's Shoes,Doran's Ring,Shadowflame,No_Item,Stealth Ward,Caulfield's Warhammer,Doran's Blade,Long Sword,Trinity Force,Muramana,Mercury's Treads,Farsight Alteration,Control Ward,Refillable Potion,Solstice Sleigh,Seraph's Embrace,Boots of Swiftness,Moonstone Renewer,Oracle Lens,Fimbulwinter,Refillable Potion,Unending Despair,Plated Steelcaps,Ruby Crystal,No_Item,Stealth Ward,Plated Steelcaps,The Collector,Youmuu's Ghostblade,No_Item,No_Item,No_Item,Oracle Lens,Doran's Ring,Blackfire Torch,Amplifying Tome,Boots of Swiftness,Liandry's Torment,Amplifying Tome,Farsight Alteration,Doran's Blade,Infinity Edge,Berserker's Greaves,Yun Tal Wildarrows,No_Item,No_Item,Farsight Alteration,Celestial Opposition,Trailblazer,Control Ward,Kindlegem,Mercury's Treads,No_Item,Oracle Lens,Summon Aery,Resolve,Conqueror,Inspiration,Phase Rush,Resolve,Conqueror,Inspiration,Summon Aery,Inspiration,Grasp of the Undying,Sorcery,Dark Harvest,Precision,Summon Aery,Resolve,Fleet Footwork,Sorcery,Aftershock,Inspiration,Teleport,Flash,Flash,Smite,Flash,Teleport,Barrier,Flash,Flash,Heal,Flash,Teleport,Flash,Smite,Flash,Teleport,Barrier,Flash,Flash,Ignite,1,6,1,0,0,0
https://www.op.gg/summoners/euw/Miyamot%C3%B4%20Musash%C3%AE-EUW/matches/uRd1PvnOddp83kZ3KUG6nfFFOBqONxnzXAZMv184Hvw%3D/1734216022000,0,19,34,34,19,45,31,82,74,13,27,0,2,0,2,3,10,0,4,58895,70141,15.4,16.8,1009,1065,32.3,34.1,-11246,11246,1893.7299035369774,2255.337620578778,Zeri,Karthus,Yone,Ornn,Senna,Fiora,Viego,Sylas,Corki,Nautilus,Doran's Blade,Runaan's Hurricane,Berserker's Greaves,Yun Tal Wildarrows,Infinity Edge,Executioner's Calling,Farsight Alteration,Liandry's Torment,Blackfire Torch,Sorcerer's Shoes,Rabadon's Deathcap,Void Staff,No_Item,Oracle Lens,Blade of The Ruined King,Immortal Shieldbow,Cloak of Agility,Pickaxe,Berserker's Greaves,B. F. Sword,Oracle Lens,Doran's Shield,Thornmail,Plated Steelcaps,Hollow Radiance,Unending Despair,Spectre's Cowl,Stealth Ward,Boots of Swiftness,Bloodsong,Black Cleaver,Rapid Firecannon,No_Item,No_Item,Oracle Lens,Ravenous Hydra,Tunneler,Winged Moonplate,Plated Steelcaps,Death's Dance,Trinity Force,Stealth Ward,Kraken Slayer,Sterak's Gage,No_Item,Plated Steelcaps,Sundered Sky,Wit's End,Oracle Lens,Hextech Rocketbelt,Cosmic Drive,Zhonya's Hourglass,Dark Seal,Sorcerer's Shoes,Fiendish Codex,Oracle Lens,Plated Steelcaps,Muramana,Doran's Blade,Rapid Firecannon,Trinity Force,Infinity Edge,Farsight Alteration,Celestial Opposition,Locket of the Iron Solari,Redemption,Plated Steelcaps,No_Item,Giant's Belt,Oracle Lens,Lethal Tempo,Resolve,Dark Harvest,Precision,Lethal Tempo,Resolve,Unsealed Spellbook,Resolve,Grasp of the Undying,Precision,Grasp of the Undying,Sorcery,Conqueror,Inspiration,Conqueror,Resolve,Conqueror,Inspiration,Aftershock,Inspiration,Flash,Ghost,Flash,Smite,Teleport,Flash,Flash,Teleport,Heal,Flash,Flash,Teleport,Flash,Smite,Teleport,Flash,Flash,Barrier,Flash,Ignite,1,3,0,0,3,2
https://www.op.gg/summoners/euw/Miyamot%C3%B4%20Musash%C3%AE-EUW/matches/uRd1PvnOddrFKxkNRJShtxt9UxAP8vujwxgM90dime0%3D/1734213055000,1,31,16,16,31,26,50,50,40,8,7,0,2,0,0,5,1,0,2,44653,35942,11.8,10.4,569,565,29.8,29.5,8711,-8711,2333.21981981982,1878.0504504504504,Gnar,Lee Sin,Viktor,Jhin,Neeko,K'Sante,Master Yi,Akali,Caitlyn,Nautilus,Doran's Shield,Refillable Potion,Plated Steelcaps,Trinity Force,Ruby Crystal,Ruby Crystal,Stealth Ward,Eclipse,Black Cleaver,No_Item,Plated Steelcaps,Sundered Sky,No_Item,Stealth Ward,Doran's Ring,Blackfire Torch,Sorcerer's Shoes,Liandry's Torment,Control Ward,Amplifying Tome,Farsight Alteration,Doran's Blade,Youmuu's Ghostblade,Pickaxe,The Collector,Boots of Swiftness,B. F. Sword,Farsight Alteration,Celestial Opposition,Hextech Rocketbelt,Control Ward,Ionian Boots of Lucidity,Shattered Armguard,No_Item,Oracle Lens,Spectre's Cowl,Control Ward,Iceborn Gauntlet,Negatron Cloak,Boots of Swiftness,No_Item,Stealth Ward,Pickaxe,Blade of The Ruined King,Berserker's Greaves,Recurve Bow,Amplifying Tome,No_Item,Stealth Ward,Hextech Alternator,Needlessly Large Rod,Dark Seal,Sorcerer's Shoes,Stormsurge,No_Item,Oracle Lens,Doran's Blade,Infinity Edge,The Collector,No_Item,Slightly Magical Footwear,No_Item,Farsight Alteration,Zeke's Convergence,Mercury's Treads,Celestial Opposition,Ruby Crystal,No_Item,No_Item,Oracle Lens,Grasp of the Undying,Precision,Conqueror,Inspiration,First Strike,Sorcery,Dark Harvest,Precision,Arcane Comet,Inspiration,Grasp of the Undying,Inspiration,Lethal Tempo,Domination,Electrocute,Resolve,First Strike,Sorcery,Aftershock,Inspiration,Flash,Teleport,Flash,Smite,Flash,Teleport,Flash,Barrier,Flash,Heal,Teleport,Flash,Flash,Smite,Flash,Teleport,Flash,Cleanse,Ignite,Flash,0,4,0,0,2,0
https://www.op.gg/summoners/euw/Miyamot%C3%B4%20Musash%C3%AE-EUW/matches/uRd1PvnOddrauFKjQn38KR7Lj1nVtwqyWHS38c2v1xc%3D/1733873076000,1,30,18,18,30,34,59,68,54,19,21,1,2,1,0,8,3,2,2,58816,47978,14.2,12.6,815,767,31.1,29.2,10838,-10838,2252.527659574468,1837.4553191489363,K'Sante,Viego,Aurora,Draven,Rell,Riven,Diana,Yasuo,Ashe,Lulu,Giant's Belt,Negatron Cloak,Iceborn Gauntlet,Fimbulwinter,Plated Steelcaps,"Jak'Sho, The Protean",Oracle Lens,Titanic Hydra,No_Item,Randuin's Omen,Kraken Slayer,Plated Steelcaps,Long Sword,Oracle Lens,Shadowflame,Needlessly Large Rod,Dark Seal,Sorcerer's Shoes,Needlessly Large Rod,Luden's Companion,Oracle Lens,No_Item,Hubris,Serpent's Fang,Berserker's Greaves,Doran's Blade,Opportunity,Farsight Alteration,Bloodsong,Locket of the Iron Solari,Zeke's Convergence,No_Item,Ruby Crystal,Ionian Boots of Lucidity,Oracle Lens,Eclipse,Ionian Boots of Lucidity,Sundered Sky,Pickaxe,Long Sword,Doran's Blade,Oracle Lens,Liandry's Torment,Zhonya's Hourglass,No_Item,Sorcerer's Shoes,Dark Seal,Nashor's Tooth,Oracle Lens,Doran's Shield,Stridebreaker,Berserker's Greaves,Blade of The Ruined King,Long Sword,No_Item,Farsight Alteration,Kraken Slayer,Refillable Potion,Phantom Dancer,Lord Dominik's Regards,Doran's Blade,Berserker's Greaves,Stealth Ward,Redemption,Dream Maker,No_Item,Ruby Crystal,Moonstone Renewer,Ionian Boots of Lucidity,Oracle Lens,Grasp of the Undying,Inspiration,Conqueror,Inspiration,Electrocute,Sorcery,Lethal Tempo,Domination,Aftershock,Inspiration,Conqueror,Inspiration,Conqueror,Inspiration,Grasp of the Undying,Precision,Lethal Tempo,Inspiration,Summon Aery,Resolve,Teleport,Flash,Flash,Smite,Flash,Teleport,Flash,Cleanse,Flash,Ignite,Flash,Teleport,Flash,Smite,Teleport,Flash,Flash,Barrier,Flash,Heal,1,1,1,0,5,0
https://www.op.gg/summoners/euw/Miyamot%C3%B4%20Musash%C3%AE-EUW/matches/uRd1PvnOddpcrQ6GnCoJs2A1Nzu4HcYjcxUpx3gSUuY%3D/1733870749000,1,42,21,22,42,42,69,66,73,29,11,3,1,0,0,10,2,3,1,66266,52193,15.4,14.0,922,805,30.6,26.7,14073,-14073,2208.866666666667,1739.7666666666667,Ambessa,Viego,Sylas,Caitlyn,Lux,Yone,Lee Sin,Ahri,Zyra,Lulu,Doran's Blade,Maw of Malmortius,Steel Sigil,Plated Steelcaps,Spear of Shojin,Eclipse,Oracle Lens,Kraken Slayer,Titanic Hydra,Tunneler,Mercury's Treads,Wit's End,No_Item,Oracle Lens,Zhonya's Hourglass,Lich Bane,Dark Seal,Doran's Ring,Sorcerer's Shoes,Shadowflame,Oracle Lens,Rapid Firecannon,Berserker's Greaves,The Collector,Infinity Edge,Vampiric Scepter,Doran's Blade,Farsight Alteration,Control Ward,Celestial Opposition,Shurelya's Battlesong,Redemption,Fiendish Codex,Ionian Boots of Lucidity,Oracle Lens,Immortal Shieldbow,Blade of The Ruined King,B. F. Sword,Control Ward,Berserker's Greaves,Doran's Shield,Stealth Ward,Sterak's Gage,Eclipse,Control Ward,Sundered Sky,Mercury's Treads,Long Sword,Stealth Ward,Doran's Ring,Fiendish Codex,Sorcerer's Shoes,Malignance,Lich Bane,Blighting Jewel,Oracle Lens,Doran's Ring,Liandry's Torment,Blackfire Torch,Sorcerer's Shoes,Void Staff,No_Item,Farsight Alteration,Redemption,Dream Maker,Ionian Boots of Lucidity,No_Item,Moonstone Renewer,Ruby Crystal,Oracle Lens,Grasp of the Undying,Domination,Conqueror,Inspiration,Electrocute,Resolve,Fleet Footwork,Sorcery,Arcane Comet,Inspiration,Lethal Tempo,Resolve,Conqueror,Inspiration,Electrocute,Sorcery,Arcane Comet,Precision,Summon Aery,Resolve,Teleport,Flash,Flash,Smite,Flash,Teleport,Flash,Barrier,Flash,Heal,Teleport,Flash,Flash,Smite,Flash,Teleport,Flash,Teleport,Flash,Heal,1,6,2,0,0,0
https://www.op.gg/summoners/euw/Miyamot%C3%B4%20Musash%C3%AE-EUW/matches/uRd1PvnOddo8_M-gj8s1plRvWVtKCDc-1BT1TyJ9Uik%3D/1733868244000,1,37,20,20,37,31,64,64,68,17,26,2,2,0,1,8,3,2,3,61397,53960,15.2,13.8,870,818,29.5,27.7,7437,-7437,2070.3639534883723,1819.5813953488373,Rumble,Skarner,Lee Sin,Olaf,Nami,Akali,Darius,Gwen,Ashe,Karma,Zhonya's Hourglass,Liandry's Torment,Oblivion Orb,No_Item,Boots of Swiftness,Cloth Armor,Farsight Alteration,Unending Despair,Heartsteel,No_Item,Plated Steelcaps,Ruby Crystal,Spirit Visage,Oracle Lens,Eclipse,Null-Magic Mantle,Control Ward,Mercury's Treads,Sundered Sky,Black Cleaver,Stealth Ward,Vampiric Scepter,Plated Steelcaps,Death's Dance,Maw of Malmortius,Experimental Hexplate,Ravenous Hydra,Oracle Lens,Redemption,Dream Maker,Slightly Magical Footwear,Imperial Mandate,Staff of Flowing Water,Ruby Crystal,Oracle Lens,Blasting Wand,Blighting Jewel,Shadowflame,Sorcerer's Shoes,Dark Seal,Stormsurge,Oracle Lens,Stridebreaker,Dead Man's Plate,Control Ward,Sterak's Gage,Boots of Swiftness,Winged Moonplate,Oracle Lens,Void Staff,Shadowflame,Nashor's Tooth,Cloth Armor,Amplifying Tome,Sorcerer's Shoes,Oracle Lens,Doran's Blade,Kraken Slayer,Phantom Dancer,B. F. Sword,Berserker's Greaves,Cloak of Agility,Farsight Alteration,Redemption,Dream Maker,Ionian Boots of Lucidity,Moonstone Renewer,Forbidden Idol,Control Ward,Oracle Lens,Arcane Comet,Resolve,Grasp of the Undying,Inspiration,Conqueror,Resolve,Conqueror,Inspiration,Summon Aery,Inspiration,Electrocute,Resolve,Conqueror,Inspiration,Conqueror,Resolve,Lethal Tempo,Inspiration,Summon Aery,Resolve,Ignite,Flash,Flash,Smite,Flash,Teleport,Flash,Ghost,Flash,Heal,Teleport,Ignite,Flash,Smite,Ignite,Teleport,Flash,Ghost,Ignite,Flash,1,3,1,0,3,0
https://www.op.gg/summoners/euw/Miyamot%C3%B4%20Musash%C3%AE-EUW/matches/uRd1PvnOddpPa6Y1g-OLCr67eTwkiUqn9FO-hHIei80%3D/1733865273000,1,47,23,23,47,33,89,89,100,41,26,2,1,1,0,11,2,3,1,67248,55028,15.8,14.2,892,862,30.8,29.8,12220,-12220,2312.600904977375,1892.3656108597283,Garen,Graves,LeBlanc,Swain,Leona,Gangplank,Xin Zhao,Anivia,Draven,Rakan,Dead Man's Plate,Randuin's Omen,Stridebreaker,Boots of Swiftness,Negatron Cloak,Winged Moonplate,Stealth Ward,The Collector,Youmuu's Ghostblade,No_Item,Plated Steelcaps,Immortal Shieldbow,Cloak of Agility,Oracle Lens,Shadowflame,Void Staff,No_Item,Sorcerer's Shoes,Luden's Companion,Dark Seal,Oracle Lens,Zhonya's Hourglass,Rylai's Crystal Scepter,Mejai's Soulstealer,Plated Steelcaps,Cosmic Drive,Blackfire Torch,Farsight Alteration,Bloodsong,Knight's Vow,Control Ward,Zeke's Convergence,Locket of the Iron Solari,Plated Steelcaps,Oracle Lens,Trinity Force,Mortal Reminder,The Collector,Immortal Shieldbow,No_Item,Mercury's Treads,Farsight Alteration,Sundered Sky,Wit's End,Cloth Armor,Mercury's Treads,Black Cleaver,Cloth Armor,Oracle Lens,Rod of Ages,Haunting Guise,Sorcerer's Shoes,Seraph's Embrace,Fated Ashes,No_Item,Farsight Alteration,Doran's Blade,Serrated Dirk,B. F. Sword,Bloodthirster,Mercury's Treads,Lord Dominik's Regards,Farsight Alteration,Celestial Opposition,Mercury's Treads,Control Ward,Kindlegem,Negatron Cloak,Locket of the Iron Solari,Oracle Lens,Phase Rush,Resolve,Dark Harvest,Precision,Electrocute,Sorcery,Conqueror,Resolve,Aftershock,Domination,Summon Aery,Resolve,Conqueror,Inspiration,Arcane Comet,Precision,Lethal Tempo,Domination,Guardian,Domination,Ignite,Flash,Flash,Smite,Flash,Teleport,Flash,Exhaust,Flash,Ignite,Flash,Teleport,Flash,Smite,Flash,Teleport,Flash,Cleanse,Flash,Heal,1,0,3,0,6,0
https://www.op.gg/summoners/euw/Miyamot%C3%B4%20Musash%C3%AE-EUW/matches/uRd1PvnOddpF3gtLt_XqUVSAZ2WDKh3aTLOwz3bRpgE%3D/1733861780000,1,24,9,10,24,13,28,33,32,5,6,0,0,0,0,4,0,0,0,36047,25803,10.0,9.0,481,407,31.1,26.2,10244,-10244,2323.0288888888886,1662.8599999999997,Jayce,Nocturne,Sylas,Lux,Zoe,Yone,Elise,Riven,Caitlyn,Lulu,Eclipse,Caulfield's Warhammer,Tear of the Goddess,Plated Steelcaps,Doran's Blade,Serrated Dirk,Farsight Alteration,No_Item,Stridebreaker,No_Item,Boots,Ruby Crystal,Long Sword,Farsight Alteration,Doran's Ring,Hextech Rocketbelt,Sapphire Crystal,Ionian Boots of Lucidity,Dark Seal,Cosmic Drive,Oracle Lens,Luden's Companion,No_Item,No_Item,Doran's Ring,Amplifying Tome,Sorcerer's Shoes,Farsight Alteration,Zaz'Zak's Realmspike,Stormsurge,Dark Seal,Boots,No_Item,No_Item,Oracle Lens,Doran's Shield,Refillable Potion,Berserker's Greaves,Vampiric Scepter,Recurve Bow,Pickaxe,Stealth Ward,Scorchclaw Pup,Stormsurge,Dark Seal,Hextech Alternator,Sorcerer's Shoes,No_Item,Oracle Lens,Doran's Shield,Refillable Potion,Eclipse,Ruby Crystal,Slightly Magical Footwear,Caulfield's Warhammer,Stealth Ward,Doran's Blade,The Collector,Dagger,Boots,Dagger,No_Item,Stealth Ward,Mikael's Blessing,Dream Maker,No_Item,Amplifying Tome,Boots,No_Item,Oracle Lens,Phase Rush,Resolve,Conqueror,Domination,Conqueror,Resolve,Arcane Comet,Precision,Electrocute,Sorcery,Grasp of the Undying,Precision,Dark Harvest,Precision,Conqueror,Inspiration,Fleet Footwork,Sorcery,Summon Aery,Resolve,Flash,Teleport,Flash,Smite,Flash,Teleport,Flash,Barrier,Flash,Ignite,Teleport,Flash,Flash,Smite,Teleport,Flash,Flash,Cleanse,Flash,Heal,0,6,0,0,0,0
https://www.op.gg/summoners/euw/Miyamot%C3%B4%20Musash%C3%AE-EUW/matches/uRd1PvnOddpFcAdyTA2d1sLcMVmWT0u8IXtrw-SRxd4%3D/1733859999000,0,29,29,29,29,62,41,78,70,27,31,3,1,0,2,6,9,3,3,66403,71707,16.0,17.0,1065,1022,31.400000000000002,30.1,-5304,5304,1957.401865671642,2113.7511194029853,Ambessa,Nocturne,Sylas,Jinx,Lux,Renekton,Jax,Aurora,Draven,Soraka,Doran's Blade,Eclipse,Death's Dance,Tunneler,Black Cleaver,Plated Steelcaps,Oracle Lens,Stridebreaker,Experimental Hexplate,Control Ward,Sterak's Gage,Steel Sigil,Ionian Boots of Lucidity,Farsight Alteration,Dark Seal,Zhonya's Hourglass,Hextech Rocketbelt,Cosmic Drive,Mercury's Treads,Void Staff,Oracle Lens,Infinity Edge,The Collector,Mortal Reminder,Berserker's Greaves,Runaan's Hurricane,Vampiric Scepter,Farsight Alteration,Zaz'Zak's Realmspike,Stormsurge,Sorcerer's Shoes,Oblivion Orb,Horizon Focus,Amplifying Tome,Oracle Lens,Plated Steelcaps,Sterak's Gage,Spirit Visage,Guardian Angel,Warden's Mail,Black Cleaver,Oracle Lens,Trinity Force,Warden's Mail,Sundered Sky,Plated Steelcaps,Wit's End,Giant's Belt,Stealth Ward,Liandry's Torment,No_Item,Malignance,Sorcerer's Shoes,Oblivion Orb,Needlessly Large Rod,Oracle Lens,Yun Tal Wildarrows,Lord Dominik's Regards,Bloodthirster,Infinity Edge,Plated Steelcaps,Immortal Shieldbow,Farsight Alteration,Dream Maker,Moonstone Renewer,Ionian Boots of Lucidity,Frozen Heart,Kindlegem,Forbidden Idol,Oracle Lens,Conqueror,Resolve,Lethal Tempo,Domination,Conqueror,Resolve,Lethal Tempo,Domination,Arcane Comet,Domination,Conqueror,Resolve,Lethal Tempo,Inspiration,Grasp of the Undying,Sorcery,Lethal Tempo,Inspiration,Summon Aery,Resolve,Flash,Teleport,Flash,Smite,Teleport,Flash,Flash,Barrier,Flash,Heal,Teleport,Flash,Flash,Smite,Teleport,Flash,Flash,Barrier,Heal,Flash,1,0,0,0,6,1
https://www.op.gg/summoners/euw/Miyamot%C3%B4%20Musash%C3%AE-EUW/matches/uRd1PvnOddpdzScjYthPNefyAPubKALPk6mEK1pdb_4%3D/1733790902000,1,36,21,22,36,28,67,64,48,16,16,1,2,1,0,9,2,2,2,57928,43829,13.6,12.0,727,650,30.5,27.1,14099,-14099,2440.9911949685534,1846.882389937107,Camille,Nocturne,LeBlanc,Smolder,Pyke,K'Sante,Volibear,Garen,Corki,Poppy,Plated Steelcaps,Tunneler,Ravenous Hydra,Doran's Blade,Pickaxe,Trinity Force,Oracle Lens,Black Cleaver,Stridebreaker,Steel Sigil,Plated Steelcaps,Frozen Heart,No_Item,Farsight Alteration,Luden's Companion,Sorcerer's Shoes,Rabadon's Deathcap,Doran's Ring,Stormsurge,Amplifying Tome,Oracle Lens,Mortal Reminder,Spear of Shojin,Doran's Blade,No_Item,Ionian Boots of Lucidity,Hubris,Farsight Alteration,Edge of Night,Celestial Opposition,Umbral Glaive,Synchronized Souls,No_Item,Control Ward,Oracle Lens,Doran's Shield,Negatron Cloak,Tear of the Goddess,Mercury's Treads,Iceborn Gauntlet,"Jak'Sho, The Protean",Farsight Alteration,Dead Man's Plate,Ionian Boots of Lucidity,Sundered Sky,No_Item,No_Item,No_Item,Oracle Lens,Stridebreaker,Boots of Swiftness,No_Item,Zeal,Dagger,Doran's Shield,Stealth Ward,Trinity Force,Rapid Firecannon,Cloak of Agility,Muramana,Doran's Blade,Plated Steelcaps,Farsight Alteration,Bloodsong,Plated Steelcaps,Control Ward,Dead Man's Plate,Chain Vest,Bami's Cinder,Oracle Lens,Conqueror,Resolve,Lethal Tempo,Domination,Electrocute,Sorcery,Arcane Comet,Inspiration,Hail of Blades,Resolve,Grasp of the Undying,Inspiration,Press the Attack,Sorcery,Phase Rush,Resolve,Conqueror,Resolve,Hail of Blades,Inspiration,Teleport,Ignite,Flash,Smite,Teleport,Flash,Flash,Barrier,Flash,Ignite,Teleport,Flash,Flash,Smite,Flash,Ignite,Flash,Barrier,Flash,Ignite,1,6,1,0,0,0
https://www.op.gg/summoners/euw/Miyamot%C3%B4%20Musash%C3%AE-EUW/matches/uRd1PvnOddq-HWaeJL2cuR_00RTKd4KiaxzwYqhe4Lk%3D/1733788619000,1,42,34,34,42,67,84,117,95,38,37,3,0,3,0,10,5,6,0,78766,69573,17.2,16.2,984,1033,26.9,28.3,9193,-9193,2163.901098901099,1911.3461538461538,Gangplank,Xin Zhao,Aurora,Kalista,Thresh,Volibear,Rek'Sai,Hwei,Corki,Rell,Trinity Force,Mortal Reminder,Immortal Shieldbow,Cloak of Agility,Serrated Dirk,Mercury's Treads,Farsight Alteration,Sundered Sky,Black Cleaver,Spirit Visage,Plated Steelcaps,Sterak's Gage,Wit's End,Oracle Lens,Shadowflame,Zhonya's Hourglass,No_Item,Malignance,Sorcerer's Shoes,Rabadon's Deathcap,Oracle Lens,Terminus,B. F. Sword,Blade of The Ruined King,Berserker's Greaves,Guinsoo's Rageblade,"Jak'Sho, The Protean",Farsight Alteration,Ionian Boots of Lucidity,Locket of the Iron Solari,Redemption,Celestial Opposition,Vigilant Wardstone,Kindlegem,Oracle Lens,Oblivion Orb,Boots of Swiftness,Hextech Rocketbelt,Unending Despair,Spirit Visage,Cosmic Drive,Oracle Lens,Plated Steelcaps,Stridebreaker,Control Ward,Eclipse,Sterak's Gage,Black Cleaver,Oracle Lens,Liandry's Torment,Blackfire Torch,Cryptbloom,Mejai's Soulstealer,Sorcerer's Shoes,Rabadon's Deathcap,Farsight Alteration,Infinity Edge,Lord Dominik's Regards,Dagger,Trinity Force,Muramana,Plated Steelcaps,Farsight Alteration,Celestial Opposition,Plated Steelcaps,Locket of the Iron Solari,Control Ward,Warden's Mail,Zeke's Convergence,Oracle Lens,Summon Aery,Precision,Conqueror,Inspiration,Arcane Comet,Domination,Lethal Tempo,Domination,Aftershock,Domination,Press the Attack,Resolve,Conqueror,Inspiration,Summon Aery,Precision,Conqueror,Resolve,Aftershock,Inspiration,Flash,Teleport,Flash,Smite,Teleport,Flash,Flash,Barrier,Flash,Ignite,Flash,Teleport,Flash,Smite,Flash,Teleport,Flash,Barrier,Flash,Ignite,1,6,2,0,0,0
https://www.op.gg/summoners/euw/Miyamot%C3%B4%20Musash%C3%AE-EUW/matches/uRd1PvnOddofX323Ia9q51ow2Qqc6iVveyDzWXRwfeQ%3D/1733785506000,0,17,36,37,17,79,25,50,65,26,15,0,4,0,1,5,9,0,5,50213,59519,13.0,15.0,791,883,28.7,32.1,-9306,9306,1830.971270718232,2170.306077348066,Gragas,Vi,Ahri,Kalista,Thresh,Riven,Nunu & Willump,Taliyah,Varus,Bard,Boots of Swiftness,Cosmic Drive,Lost Chapter,Dark Seal,Lich Bane,Blighting Jewel,Oracle Lens,Sterak's Gage,Sundered Sky,Control Ward,Black Cleaver,Steel Sigil,Mercury's Treads,Oracle Lens,Horizon Focus,Malignance,Sorcerer's Shoes,Void Staff,Doran's Ring,No_Item,Oracle Lens,Doran's Blade,Ruby Crystal,Blade of The Ruined King,Berserker's Greaves,Guinsoo's Rageblade,Dagger,Farsight Alteration,Control Ward,Celestial Opposition,Locket of the Iron Solari,Kindlegem,Mercury's Treads,Chain Vest,Oracle Lens,Eclipse,Sundered Sky,Mercury's Treads,Doran's Blade,Long Sword,No_Item,Oracle Lens,Liandry's Torment,Hextech Rocketbelt,Cloth Armor,Mercury's Treads,Dark Seal,Abyssal Mask,Oracle Lens,Seraph's Embrace,Doran's Ring,Liandry's Torment,Sorcerer's Shoes,Void Staff,Needlessly Large Rod,Stealth Ward,Doran's Blade,Terminus,Guinsoo's Rageblade,Plated Steelcaps,Giant's Belt,Blade of The Ruined King,Farsight Alteration,Celestial Opposition,Locket of the Iron Solari,Redemption,Boots of Swiftness,Kindlegem,Control Ward,Oracle Lens,Phase Rush,Precision,Conqueror,Inspiration,Electrocute,Sorcery,Lethal Tempo,Domination,Glacial Augment,Resolve,Conqueror,Inspiration,Phase Rush,Precision,Phase Rush,Precision,Lethal Tempo,Resolve,Guardian,Domination,Flash,Teleport,Flash,Smite,Teleport,Flash,Flash,Barrier,Flash,Ignite,Flash,Teleport,Flash,Smite,Teleport,Flash,Flash,Barrier,Flash,Ignite,0,6,0,1,0,1
https://www.op.gg/summoners/euw/Miyamot%C3%B4%20Musash%C3%AE-EUW/matches/uRd1PvnOddrsucndnHzdqsIoB4omb8HS8Yyg5LViOO0%3D/1733783292000,1,45,19,20,45,32,62,85,89,31,29,3,1,2,0,11,1,5,1,71150,53770,16.4,14.0,965,864,31.8,28.4,17380,-17380,2341.6455696202534,1769.6455696202534,Gragas,Viego,Azir,Corki,Poppy,Olaf,Taliyah,Viktor,Samira,Leona,Shattered Armguard,Control Ward,Lich Bane,Ionian Boots of Lucidity,Cosmic Drive,Luden's Companion,Farsight Alteration,Sundered Sky,Kraken Slayer,No_Item,Wit's End,Mercury's Treads,Sterak's Gage,Oracle Lens,Nashor's Tooth,Rabadon's Deathcap,Banshee's Veil,Void Staff,Mercury's Treads,Amplifying Tome,Farsight Alteration,Doran's Blade,Mercury's Treads,Trinity Force,Muramana,Lord Dominik's Regards,Dagger,Farsight Alteration,Bloodsong,Trailblazer,Crystalline Bracer,Winged Moonplate,Mercury's Treads,Giant's Belt,Oracle Lens,Stridebreaker,Doran's Blade,Plated Steelcaps,Sterak's Gage,Ruby Crystal,No_Item,Stealth Ward,Liandry's Torment,Blackfire Torch,Void Staff,Ionian Boots of Lucidity,Dark Seal,No_Item,Oracle Lens,Lich Bane,Amplifying Tome,Amplifying Tome,Cryptbloom,Rylai's Crystal Scepter,Sorcerer's Shoes,Farsight Alteration,Doran's Blade,The Collector,Infinity Edge,Lord Dominik's Regards,Mercury's Treads,Immortal Shieldbow,Farsight Alteration,Bloodsong,Locket of the Iron Solari,Control Ward,Mercury's Treads,Kindlegem,Negatron Cloak,Oracle Lens,Phase Rush,Precision,Conqueror,Inspiration,Conqueror,Sorcery,Conqueror,Inspiration,Aftershock,Inspiration,Conqueror,Inspiration,First Strike,Domination,Fleet Footwork,Sorcery,Conqueror,Domination,Aftershock,Inspiration,Flash,Teleport,Flash,Smite,Flash,Teleport,Barrier,Flash,Ignite,Flash,Ghost,Flash,Flash,Smite,Teleport,Flash,Flash,Barrier,Flash,Ignite,1,5,2,0,1,0
https://www.op.gg/summoners/euw/Miyamot%C3%B4%20Musash%C3%AE-EUW/matches/uRd1PvnOddqbHJyylFYZGuPZvvgdK7tEuNnPrsHWFks%3D/1733780716000,1,29,15,15,30,18,42,45,43,9,11,0,1,0,0,6,2,0,1,41613,34530,11.0,10.2,502,516,26.6,27.3,7083,-7083,2192.113392857143,1818.9910714285716,K'Sante,Skarner,Sylas,Ezreal,Poppy,Akali,Kindred,Olaf,Caitlyn,Ashe,Iceborn Gauntlet,Frozen Heart,Doran's Shield,Bramble Vest,Chain Vest,Plated Steelcaps,Stealth Ward,No_Item,Heartsteel,No_Item,Ruby Crystal,Plated Steelcaps,No_Item,Oracle Lens,Shattered Armguard,Hextech Rocketbelt,Cosmic Drive,Ionian Boots of Lucidity,No_Item,Doran's Ring,Oracle Lens,Trinity Force,Tear of the Goddess,Doran's Blade,Caulfield's Warhammer,Ionian Boots of Lucidity,No_Item,Farsight Alteration,Dead Man's Plate,Bloodsong,Refillable Potion,Boots of Swiftness,Kindlegem,Null-Magic Mantle,Oracle Lens,Stormsurge,Sorcerer's Shoes,Refillable Potion,Dark Seal,Hextech Alternator,Doran's Shield,Stealth Ward,No_Item,Phage,Kraken Slayer,Slightly Magical Footwear,Long Sword,Long Sword,Eye of the Herald,Doran's Blade,Stridebreaker,Control Ward,Boots,Sundered Sky,No_Item,Stealth Ward,Doran's Blade,The Collector,Berserker's Greaves,Cloak of Agility,Pickaxe,B. F. Sword,Farsight Alteration,Zaz'Zak's Realmspike,Umbral Glaive,Ruby Crystal,Ionian Boots of Lucidity,Long Sword,Control Ward,Oracle Lens,Grasp of the Undying,Precision,Aftershock,Inspiration,Conqueror,Resolve,Press the Attack,Inspiration,Hail of Blades,Inspiration,Conqueror,Resolve,Conqueror,Inspiration,Conqueror,Inspiration,Lethal Tempo,Sorcery,Hail of Blades,Inspiration,Teleport,Flash,Flash,Smite,Flash,Teleport,Barrier,Flash,Flash,Ignite,Teleport,Flash,Flash,Smite,Flash,Ghost,Flash,Barrier,Flash,Heal,0,3,1,1,3,0
https://www.op.gg/summoners/euw/Miyamot%C3%B4%20Musash%C3%AE-EUW/matches/uRd1PvnOddrTB3ZZ9abjzaZ7UPHqXAJ_TSO4Cnmd5Ek%3D/1733775972000,1,37,23,23,37,45,45,74,82,22,15,1,1,1,0,8,2,2,1,61291,51319,15.2,14.0,852,771,30.099999999999998,27.099999999999998,9972,-9972,2153.4675675675676,1803.1000000000001,Ornn,Lee Sin,Akali,Varus,Zoe,Ambessa,Viego,Taliyah,Ezreal,Bard,Doran's Shield,Sunfire Aegis,Plated Steelcaps,Bramble Vest,Giant's Belt,Negatron Cloak,Stealth Ward,Eclipse,No_Item,Black Cleaver,Sundered Sky,Long Sword,Plated Steelcaps,Stealth Ward,Void Staff,Rabadon's Deathcap,Stormsurge,Verdant Barrier,Shadowflame,Boots,Oracle Lens,Youmuu's Ghostblade,Edge of Night,Muramana,Serrated Dirk,Doran's Blade,Boots of Swiftness,Farsight Alteration,Zaz'Zak's Realmspike,Luden's Companion,No_Item,Horizon Focus,No_Item,Synchronized Souls,Oracle Lens,Doran's Blade,Eclipse,Voltaic Cyclosword,Mercury's Treads,Tunneler,Ruby Crystal,Stealth Ward,Titanic Hydra,Caulfield's Warhammer,Kraken Slayer,Tunneler,Ruby Crystal,Slightly Magical Footwear,Oracle Lens,Doran's Ring,Seraph's Embrace,Liandry's Torment,Sorcerer's Shoes,Shadowflame,No_Item,Farsight Alteration,Doran's Blade,Muramana,B. F. Sword,Vampiric Scepter,Ionian Boots of Lucidity,Trinity Force,Farsight Alteration,Mikael's Blessing,Bloodsong,Locket of the Iron Solari,Boots of Swiftness,Ruby Crystal,Forbidden Idol,Oracle Lens,Grasp of the Undying,Inspiration,Conqueror,Inspiration,Electrocute,Resolve,Hail of Blades,Inspiration,Electrocute,Inspiration,Conqueror,Resolve,Conqueror,Inspiration,Phase Rush,Precision,Press the Attack,Inspiration,Guardian,Domination,Flash,Teleport,Flash,Smite,Ignite,Flash,Flash,Barrier,Ignite,Flash,Flash,Teleport,Flash,Smite,Flash,Teleport,Flash,Barrier,Heal,Flash,1,6,1,0,0,0
https://www.op.gg/summoners/euw/Miyamot%C3%B4%20Musash%C3%AE-EUW/matches/uRd1PvnOddoiA3-Zlq7-cdbadVZJf5CZhlDbu_XB4vE%3D/1733773385000,1,26,14,14,26,14,49,47,54,22,14,0,1,0,0,6,1,0,1,45321,35709,11.4,10.8,630,602,32.9,31.400000000000002,9612,-9612,2370.6369230769233,1867.8553846153848,Gangplank,Taliyah,Corki,Ashe,Rell,Yone,Lee Sin,Azir,Ezreal,Nautilus,Trinity Force,The Collector,Noonquiver,Pickaxe,Plated Steelcaps,No_Item,Farsight Alteration,Shadowflame,Luden's Companion,No_Item,Sorcerer's Shoes,No_Item,No_Item,Oracle Lens,Doran's Blade,Muramana,Trinity Force,Cloak of Agility,Mercury's Treads,Dagger,Farsight Alteration,Kraken Slayer,Statikk Shiv,B. F. Sword,Berserker's Greaves,No_Item,No_Item,Farsight Alteration,Celestial Opposition,Control Ward,Zeke's Convergence,Kindlegem,Boots of Swiftness,Cloth Armor,Oracle Lens,Blade of The Ruined King,Noonquiver,Berserker's Greaves,Pickaxe,No_Item,No_Item,Stealth Ward,Eclipse,Sundered Sky,Control Ward,Slightly Magical Footwear,Long Sword,Ruby Crystal,Stealth Ward,Doran's Ring,Refillable Potion,Hextech Alternator,Nashor's Tooth,Sorcerer's Shoes,Dark Seal,Farsight Alteration,No_Item,Ionian Boots of Lucidity,Manamune,Trinity Force,Doran's Blade,No_Item,Farsight Alteration,Mercury's Treads,Control Ward,Ruby Crystal,Cloth Armor,Null-Magic Mantle,Celestial Opposition,Oracle Lens,Grasp of the Undying,Inspiration,Dark Harvest,Inspiration,Conqueror,Inspiration,Lethal Tempo,Inspiration,Aftershock,Inspiration,Lethal Tempo,Resolve,Conqueror,Inspiration,Conqueror,Sorcery,Conqueror,Inspiration,Aftershock,Inspiration,Flash,Teleport,Flash,Smite,Flash,Teleport,Flash,Barrier,Flash,Ignite,Teleport,Flash,Flash,Smite,Teleport,Flash,Flash,Barrier,Flash,Ignite,1,6,1,0,0,0
https://www.op.gg/summoners/euw/Miyamot%C3%B4%20Musash%C3%AE-EUW/matches/uRd1PvnOddq0y6FFKDJGPreHo67ed5FfJU2CeTz6o4k%3D/1733768300000,1,36,15,15,36,30,67,75,88,31,20,4,0,1,0,10,2,5,0,63713,53074,15.6,14.4,951,926,31.3,30.5,10639,-10639,2112.588947368421,1759.822105263158,K'Sante,Vi,Akali,Jinx,Thresh,Poppy,Ambessa,Ryze,Aurelion Sol,Nautilus,Fimbulwinter,Mercury's Treads,Negatron Cloak,Ruby Crystal,Doran's Shield,Iceborn Gauntlet,Farsight Alteration,Sundered Sky,Sterak's Gage,No_Item,Mercury's Treads,Black Cleaver,Negatron Cloak,Oracle Lens,Rabadon's Deathcap,Banshee's Veil,Blighting Jewel,Stormsurge,Boots,Shadowflame,Oracle Lens,Lord Dominik's Regards,Berserker's Greaves,Yun Tal Wildarrows,Runaan's Hurricane,Infinity Edge,Pickaxe,Farsight Alteration,Locket of the Iron Solari,Solstice Sleigh,Control Ward,Trailblazer,No_Item,Boots of Swiftness,Oracle Lens,Heartsteel,Bami's Cinder,Plated Steelcaps,Fimbulwinter,Thornmail,Spirit Visage,Farsight Alteration,Black Cleaver,Spear of Shojin,Boots,Control Ward,Eclipse,No_Item,Oracle Lens,Seraph's Embrace,Rabadon's Deathcap,Amplifying Tome,Ionian Boots of Lucidity,No_Item,Rod of Ages,Farsight Alteration,Liandry's Torment,Rylai's Crystal Scepter,Zhonya's Hourglass,Sorcerer's Shoes,No_Item,No_Item,Stealth Ward,Celestial Opposition,Plated Steelcaps,Control Ward,Locket of the Iron Solari,Negatron Cloak,Ruby Crystal,Oracle Lens,Grasp of the Undying,Inspiration,Conqueror,Inspiration,Electrocute,Resolve,Lethal Tempo,Sorcery,Aftershock,Inspiration,Grasp of the Undying,Inspiration,Conqueror,Domination,Conqueror,Sorcery,Arcane Comet,Precision,Aftershock,Inspiration,Flash,Teleport,Flash,Smite,Ignite,Flash,Flash,Barrier,Flash,Ignite,Teleport,Flash,Smite,Flash,Flash,Teleport,Flash,Teleport,Flash,Ignite,1,1,2,0,5,0
https://www.op.gg/summoners/euw/Miyamot%C3%B4%20Musash%C3%AE-EUW/matches/uRd1PvnOddpvsoDuko2CcKbcHUr6-ImKH16Z7phVf20%3D/1733765590000,0,22,33,33,22,62,47,63,107,34,26,1,2,0,1,2,10,1,3,55324,65041,14.4,15.8,898,951,29.1,30.8,-9717,9717,1790.4858181818183,2104.963272727273,Gragas,Jarvan IV,Akali,Ezreal,Nami,Camille,Nocturne,Sylas,Aurelion Sol,Rakan,Ionian Boots of Lucidity,Cosmic Drive,Luden's Companion,Lich Bane,Doran's Ring,No_Item,Oracle Lens,Sterak's Gage,Sundered Sky,Control Ward,Spectre's Cowl,Mercury's Treads,Ruby Crystal,Oracle Lens,Rabadon's Deathcap,Void Staff,Dark Seal,Stormsurge,Shadowflame,Boots,Oracle Lens,Trinity Force,Muramana,Spear of Shojin,No_Item,Doran's Blade,Ionian Boots of Lucidity,Farsight Alteration,Bandleglass Mirror,No_Item,Dream Maker,Imperial Mandate,Staff of Flowing Water,Ionian Boots of Lucidity,Oracle Lens,Sterak's Gage,Ravenous Hydra,Guardian Angel,Pickaxe,Mercury's Treads,Trinity Force,Oracle Lens,Experimental Hexplate,Stridebreaker,Cloth Armor,Boots,Maw of Malmortius,Opportunity,Farsight Alteration,No_Item,Hextech Rocketbelt,Zhonya's Hourglass,Mercury's Treads,No_Item,Cosmic Drive,Stealth Ward,Rylai's Crystal Scepter,Liandry's Torment,Zhonya's Hourglass,Dark Seal,No_Item,Sorcerer's Shoes,Farsight Alteration,Solstice Sleigh,Redemption,Locket of the Iron Solari,Control Ward,Negatron Cloak,Ionian Boots of Lucidity,Oracle Lens,Phase Rush,Precision,Conqueror,Inspiration,Electrocute,Resolve,Press the Attack,Inspiration,Summon Aery,Domination,Grasp of the Undying,Inspiration,Conqueror,Domination,Conqueror,Resolve,Arcane Comet,Precision,Guardian,Domination,Teleport,Flash,Flash,Smite,Ignite,Flash,Flash,Barrier,Heal,Flash,Teleport,Flash,Flash,Smite,Flash,Teleport,Flash,Teleport,Flash,Ignite,0,1,0,1,5,2
https://www.op.gg/summoners/euw/Miyamot%C3%B4%20Musash%C3%AE-EUW/matches/uRd1PvnOddotgU_Okze_K7GpYCegEVXhPYqwFC6DjGs%3D/1733762677000,0,12,23,23,12,24,22,56,47,12,14,1,2,0,0,0,4,1,2,36115,43216,11.0,12.0,578,670,26.7,31.0,-7101,7101,1661.7331288343557,1988.4662576687115,Gnar,Lee Sin,Veigar,Caitlyn,Senna,Malphite,Viego,Aurora,Kog'Maw,Alistar,Refillable Potion,Trinity Force,Mercury's Treads,Doran's Shield,No_Item,No_Item,Stealth Ward,Sundered Sky,Eclipse,No_Item,Slightly Magical Footwear,No_Item,No_Item,Stealth Ward,Hextech Rocketbelt,Blighting Jewel,Doran's Ring,Faerie Charm,Blasting Wand,Sorcerer's Shoes,Oracle Lens,Yun Tal Wildarrows,Berserker's Greaves,Infinity Edge,Long Sword,Doran's Blade,Long Sword,Farsight Alteration,Control Ward,Faerie Charm,Dream Maker,Kindlegem,Echoes of Helia,Boots of Swiftness,Oracle Lens,Control Ward,Doran's Ring,Plated Steelcaps,Sunfire Aegis,Frozen Heart,Negatron Cloak,Oracle Lens,Kraken Slayer,Titanic Hydra,Steel Sigil,Plated Steelcaps,Long Sword,No_Item,Oracle Lens,Malignance,Dark Seal,Fiendish Codex,Doran's Ring,Sorcerer's Shoes,Aether Wisp,Oracle Lens,Blade of The Ruined King,Doran's Blade,Refillable Potion,Guinsoo's Rageblade,Dagger,Plated Steelcaps,Farsight Alteration,Celestial Opposition,Locket of the Iron Solari,Winged Moonplate,Boots of Swiftness,Cloth Armor,Control Ward,Oracle Lens,Grasp of the Undying,Precision,Conqueror,Inspiration,Electrocute,Sorcery,Lethal Tempo,Inspiration,Summon Aery,Resolve,Arcane Comet,Resolve,Conqueror,Inspiration,Electrocute,Sorcery,Lethal Tempo,Inspiration,Phase Rush,Inspiration,Teleport,Flash,Flash,Smite,Flash,Teleport,Flash,Barrier,Heal,Flash,Flash,Teleport,Flash,Smite,Flash,Teleport,Flash,Barrier,Ignite,Flash,0,3,0,1,3,0
https://www.op.gg/summoners/euw/Miyamot%C3%B4%20Musash%C3%AE-EUW/matches/uRd1PvnOddqvD4ItS0wq3tp6fZ-YppwDAP8C3ujl8P8%3D/1733760608000,1,24,25,25,24,43,39,62,57,24,19,1,3,1,0,9,4,2,3,52006,48970,13.2,12.4,726,718,28.8,28.6,3036,-3036,2072.7028985507245,1951.7028985507247,Pantheon,Dr. Mundo,Hwei,Jinx,Blitzcrank,Zeri,Elise,Aurora,Ashe,Braum,Doran's Blade,Mercury's Treads,Eclipse,Sundered Sky,Tunneler,No_Item,Stealth Ward,Heartsteel,Spectre's Cowl,Unending Despair,Boots of Swiftness,Ruby Crystal,No_Item,Oracle Lens,Doran's Ring,Verdant Barrier,No_Item,Sorcerer's Shoes,Blackfire Torch,Liandry's Torment,Farsight Alteration,Doran's Blade,Infinity Edge,Zeal,Yun Tal Wildarrows,Dagger,Berserker's Greaves,Farsight Alteration,Celestial Opposition,Control Ward,Locket of the Iron Solari,Boots of Swiftness,Kindlegem,Cloth Armor,Oracle Lens,Doran's Blade,Runaan's Hurricane,Yun Tal Wildarrows,Plated Steelcaps,Cull,B. F. Sword,Farsight Alteration,Liandry's Torment,Stormsurge,Hextech Alternator,Dark Seal,Needlessly Large Rod,Sorcerer's Shoes,Oracle Lens,Liandry's Torment,Malignance,Needlessly Large Rod,Sorcerer's Shoes,No_Item,No_Item,Oracle Lens,Statikk Shiv,Vampiric Scepter,B. F. Sword,Berserker's Greaves,Doran's Blade,Kraken Slayer,Farsight Alteration,Celestial Opposition,Chain Vest,No_Item,Locket of the Iron Solari,Kindlegem,Synchronized Souls,Oracle Lens,Press the Attack,Inspiration,Fleet Footwork,Inspiration,Arcane Comet,Precision,Lethal Tempo,Sorcery,Glacial Augment,Sorcery,Lethal Tempo,Resolve,Dark Harvest,Precision,Electrocute,Sorcery,Lethal Tempo,Inspiration,Guardian,Inspiration,Ignite,Flash,Flash,Smite,Teleport,Flash,Flash,Cleanse,Flash,Ignite,Flash,Barrier,Smite,Flash,Teleport,Flash,Flash,Barrier,Ignite,Flash,1,6,1,0,0,1
https://www.op.gg/summoners/euw/Miyamot%C3%B4%20Musash%C3%AE-EUW/matches/uRd1PvnOddq8ufM1UqxUf9s7kODF28LlhhQNB4lEVCg%3D/1733706814000,1,7,4,4,7,4,5,10,12,1,2,0,0,0,0,0,0,0,0,14913,12657,6.2,5.8,245,202,29.3,24.1,2256,-2256,1770.91875,1503.0187500000002,Corki,Nocturne,Sylas,Riven,Karma,Darius,Zac,Ambessa,Ezreal,Zoe,Doran's Blade,Tear of the Goddess,Phage,No_Item,No_Item,No_Item,Stealth Ward,Mosstomper Seedling,Phage,No_Item,No_Item,No_Item,No_Item,Stealth Ward,Doran's Ring,Hextech Rocketbelt,No_Item,No_Item,No_Item,No_Item,Stealth Ward,Doran's Blade,Eclipse,No_Item,No_Item,No_Item,No_Item,Oracle Lens,Amplifying Tome,World Atlas,Ruby Crystal,Boots,No_Item,No_Item,Oracle Lens,Refillable Potion,Doran's Blade,Long Sword,Boots,No_Item,No_Item,Stealth Ward,Mosstomper Seedling,Ionian Boots of Lucidity,Dark Seal,Control Ward,Ruby Crystal,No_Item,Oracle Lens,Doran's Blade,Caulfield's Warhammer,Refillable Potion,No_Item,Long Sword,Boots,Stealth Ward,Doran's Blade,Tear of the Goddess,Sheen,Long Sword,Long Sword,Control Ward,Stealth Ward,World Atlas,Boots,Dark Seal,Amplifying Tome,No_Item,No_Item,Stealth Ward,Conqueror,Resolve,Lethal Tempo,Domination,Electrocute,Resolve,Conqueror,Inspiration,Summon Aery,Domination,Conqueror,Resolve,Aftershock,Precision,Conqueror,Domination,Press the Attack,Inspiration,Summon Aery,Precision,Barrier,Flash,Flash,Smite,Flash,Teleport,Flash,Ignite,Flash,Ignite,Ghost,Flash,Flash,Smite,Flash,Teleport,Barrier,Flash,Flash,Ignite,0,3,0,0,0,0
https://www.op.gg/summoners/euw/Miyamot%C3%B4%20Musash%C3%AE-EUW/matches/uRd1PvnOddooiTun1xexf0M8N1iyhqM79BYSjGkfHdQ%3D/1733705056000,0,19,32,32,19,59,28,54,54,12,15,1,2,0,1,2,8,1,3,46355,56562,13.0,14.8,743,807,28.1,30.2,-10207,10207,1752.4451219512196,2138.319512195122,Gragas,Skarner,Yasuo,Draven,Milio,K'Sante,Lillia,Corki,Varus,Janna,Lost Chapter,Needlessly Large Rod,Sorcerer's Shoes,Cosmic Drive,Aether Wisp,Sheen,Stealth Ward,Heartsteel,Unending Despair,No_Item,Mercury's Treads,Tunneler,Ruby Crystal,Oracle Lens,Blade of The Ruined King,Immortal Shieldbow,B. F. Sword,Cloak of Agility,Doran's Blade,Berserker's Greaves,Farsight Alteration,Doran's Blade,Bloodthirster,Boots,Infinity Edge,Long Sword,No_Item,Farsight Alteration,Echoes of Helia,Dream Maker,Moonstone Renewer,No_Item,Oblivion Orb,Ionian Boots of Lucidity,Oracle Lens,Boots of Swiftness,Randuin's Omen,No_Item,Chain Vest,Giant's Belt,Kaenic Rookern,Oracle Lens,Riftmaker,Liandry's Torment,Dark Seal,Mercury's Treads,Frozen Heart,Oblivion Orb,Oracle Lens,Trinity Force,Plated Steelcaps,Muramana,Rapid Firecannon,Executioner's Calling,Doran's Blade,Farsight Alteration,Edge of Night,Youmuu's Ghostblade,Muramana,Serylda's Grudge,Boots of Swiftness,No_Item,Farsight Alteration,Control Ward,Dream Maker,Boots of Swiftness,Moonstone Renewer,Echoes of Helia,Forbidden Idol,Oracle Lens,Phase Rush,Resolve,Aftershock,Inspiration,Grasp of the Undying,Precision,Lethal Tempo,Domination,Summon Aery,Resolve,Grasp of the Undying,Inspiration,Conqueror,Inspiration,Conqueror,Inspiration,Arcane Comet,Precision,Summon Aery,Resolve,Teleport,Flash,Flash,Smite,Teleport,Flash,Barrier,Flash,Flash,Heal,Teleport,Flash,Flash,Smite,Teleport,Flash,Flash,Teleport,Flash,Heal,1,3,0,0,3,1
https://www.op.gg/summoners/euw/Miyamot%C3%B4%20Musash%C3%AE-EUW/matches/uRd1PvnOddrU5gWwGAGIUvvB8UP6pgFxvhHm_gn-YsI%3D/1733702509000,0,33,36,36,33,56,41,90,106,24,35,2,2,0,2,8,11,2,4,65681,74669,15.6,17.0,946,1068,28.2,31.7,-8988,8988,1962.2539419087138,2230.77510373444,K'Sante,Sion,LeBlanc,Sylas,Janna,Corki,Talon,Akali,Kog'Maw,Bard,"Jak'Sho, The Protean",Tunneler,Boots of Swiftness,Fimbulwinter,Unending Despair,Kaenic Rookern,Farsight Alteration,Unending Despair,Titanic Hydra,Warden's Mail,Plated Steelcaps,Abyssal Mask,Negatron Cloak,Oracle Lens,Void Staff,Control Ward,Needlessly Large Rod,Sorcerer's Shoes,Shadowflame,Luden's Companion,Stealth Ward,Hextech Rocketbelt,Zhonya's Hourglass,No_Item,Dark Seal,Ionian Boots of Lucidity,Cosmic Drive,Oracle Lens,Shurelya's Battlesong,Dream Maker,Redemption,Control Ward,Echoes of Helia,Boots of Swiftness,Oracle Lens,Trinity Force,Muramana,Mercury's Treads,Mortal Reminder,B. F. Sword,Cloak of Agility,Stealth Ward,Youmuu's Ghostblade,Black Cleaver,Frozen Heart,Maw of Malmortius,Eclipse,Boots of Swiftness,Oracle Lens,Void Staff,Stormsurge,Shadowflame,Sorcerer's Shoes,Rabadon's Deathcap,No_Item,Oracle Lens,Blade of The Ruined King,Guinsoo's Rageblade,Refillable Potion,Berserker's Greaves,Terminus,Wit's End,Farsight Alteration,Bloodsong,Fiendish Codex,Amplifying Tome,Heartsteel,Abyssal Mask,Boots of Swiftness,Oracle Lens,Grasp of the Undying,Inspiration,Phase Rush,Resolve,Electrocute,Sorcery,Electrocute,Precision,Summon Aery,Resolve,Conqueror,Inspiration,Conqueror,Inspiration,Electrocute,Sorcery,Lethal Tempo,Inspiration,Guardian,Domination,Teleport,Flash,Flash,Smite,Flash,Teleport,Flash,Teleport,Flash,Heal,Teleport,Flash,Ignite,Smite,Teleport,Flash,Flash,Barrier,Flash,Ignite,0,6,0,1,0,3
https://www.op.gg/summoners/euw/Miyamot%C3%B4%20Musash%C3%AE-EUW/matches/uRd1PvnOddry_Mo0z8J4JcJSQgdu8GbRCSopr7tOuFk%3D/1733699896000,1,22,9,9,22,9,35,90,53,16,28,2,1,1,0,7,3,3,1,52547,42238,14.2,12.2,825,804,33.2,32.3,10309,-10309,2101.88,1689.52,Yone,Lee Sin,Syndra,Draven,Bard,Jax,Zed,Aurora,Ziggs,Thresh,Berserker's Greaves,Blade of The Ruined King,Doran's Blade,Immortal Shieldbow,B. F. Sword,No_Item,Farsight Alteration,Plated Steelcaps,Control Ward,Eclipse,Caulfield's Warhammer,Black Cleaver,Sundered Sky,Stealth Ward,Luden's Companion,Needlessly Large Rod,Cosmic Drive,Hextech Alternator,No_Item,Sorcerer's Shoes,Farsight Alteration,Doran's Blade,Bloodthirster,The Collector,Berserker's Greaves,B. F. Sword,Cloak of Agility,Farsight Alteration,Bloodsong,Control Ward,Kindlegem,Warmog's Armor,Cloth Armor,Boots of Swiftness,Oracle Lens,Control Ward,Shattered Armguard,Trinity Force,Sundered Sky,Plated Steelcaps,No_Item,Stealth Ward,Eclipse,Voltaic Cyclosword,Long Sword,Slightly Magical Footwear,Long Sword,No_Item,Oracle Lens,Doran's Ring,Shadowflame,Malignance,Sorcerer's Shoes,Dark Seal,No_Item,Farsight Alteration,Doran's Ring,Seraph's Embrace,Fiendish Codex,Luden's Companion,Fiendish Codex,Sorcerer's Shoes,Stealth Ward,Trailblazer,Solstice Sleigh,Control Ward,Kindlegem,Cloth Armor,Boots of Swiftness,Oracle Lens,Lethal Tempo,Resolve,Conqueror,Inspiration,First Strike,Sorcery,Lethal Tempo,Domination,Guardian,Domination,Grasp of the Undying,Sorcery,Electrocute,Inspiration,Arcane Comet,Domination,Arcane Comet,Precision,Aftershock,Inspiration,Flash,Teleport,Flash,Smite,Flash,Teleport,Flash,Exhaust,Flash,Ignite,Teleport,Flash,Flash,Smite,Flash,Teleport,Teleport,Flash,Flash,Ignite,1,6,1,0,0,0
https://www.op.gg/summoners/euw/Miyamot%C3%B4%20Musash%C3%AE-EUW/matches/uRd1PvnOddo2W8OwaIOPiszq-J6Ac5d9_mwJ53vKJVA%3D/1733697849000,1,45,37,37,45,55,50,75,79,16,17,1,2,1,0,10,3,2,2,70720,59987,15.8,15.2,953,871,31.6,29.0,10733,-10733,2369.4845360824743,2009.8737113402062,Irelia,Graves,Anivia,Ezreal,Bard,Gnar,Vi,Akali,Sivir,Janna,Sterak's Gage,Hullbreaker,Blade of The Ruined King,Plated Steelcaps,Wit's End,Steel Sigil,Farsight Alteration,Immortal Shieldbow,Youmuu's Ghostblade,The Collector,Plated Steelcaps,Lord Dominik's Regards,Guardian Angel,Oracle Lens,Zhonya's Hourglass,Oblivion Orb,Boots of Swiftness,Liandry's Torment,Malignance,Doran's Ring,Oracle Lens,Doran's Blade,Muramana,Trinity Force,Serylda's Grudge,Ionian Boots of Lucidity,Cloth Armor,Farsight Alteration,Bloodsong,Locket of the Iron Solari,Forbidden Idol,Boots of Swiftness,Dead Man's Plate,Kindlegem,Oracle Lens,Null-Magic Mantle,Trinity Force,Plated Steelcaps,Sterak's Gage,Ruby Crystal,Thornmail,Farsight Alteration,Sundered Sky,Sterak's Gage,Cloth Armor,Plated Steelcaps,Black Cleaver,Cloth Armor,Oracle Lens,Mejai's Soulstealer,Zhonya's Hourglass,Lich Bane,Sorcerer's Shoes,Shadowflame,Void Staff,Oracle Lens,Essence Reaver,Navori Flickerblade,Mortal Reminder,Control Ward,Pickaxe,Berserker's Greaves,Farsight Alteration,Dream Maker,Ionian Boots of Lucidity,Echoes of Helia,Dark Seal,Moonstone Renewer,Control Ward,Oracle Lens,Conqueror,Domination,Dark Harvest,Precision,Phase Rush,Precision,Press the Attack,Inspiration,Guardian,Inspiration,Grasp of the Undying,Precision,Conqueror,Inspiration,Electrocute,Resolve,Lethal Tempo,Sorcery,Summon Aery,Resolve,Teleport,Flash,Flash,Smite,Flash,Teleport,Flash,Barrier,Ignite,Flash,Flash,Teleport,Flash,Smite,Flash,Teleport,Barrier,Flash,Heal,Flash,0,6,1,0,0,0
https://www.op.gg/summoners/euw/Miyamot%C3%B4%20Musash%C3%AE-EUW/matches/uRd1PvnOddqEc-JYRo5idE0_59URR3CdyiuvVA5xtRQ%3D/1733689573000,1,29,15,15,29,15,31,45,39,10,12,2,0,0,0,6,1,2,0,42476,33299,11.8,10.8,565,516,28.900000000000002,26.5,9177,-9177,2190.867368421053,1717.5273684210529,Kennen,Viego,Akali,Ezreal,Alistar,Malphite,Nidalee,Talon,Sivir,Sylas,Hextech Rocketbelt,Fated Ashes,Null-Magic Mantle,Haunting Guise,Doran's Ring,Boots,Stealth Ward,Sundered Sky,Trinity Force,Ruby Crystal,Control Ward,Slightly Magical Footwear,No_Item,Oracle Lens,Doran's Ring,Shadowflame,Sorcerer's Shoes,Lich Bane,Dark Seal,Amplifying Tome,Oracle Lens,Doran's Blade,Trinity Force,Muramana,Ionian Boots of Lucidity,Spear of Shojin,Long Sword,Farsight Alteration,Locket of the Iron Solari,Refillable Potion,Knight's Vow,Celestial Opposition,Control Ward,Boots of Swiftness,Oracle Lens,Hollow Radiance,Null-Magic Mantle,No_Item,Cloth Armor,Boots,No_Item,Farsight Alteration,Liandry's Torment,Fiendish Codex,Dark Seal,Sorcerer's Shoes,Fiendish Codex,Amplifying Tome,Oracle Lens,Mercury's Treads,Serrated Dirk,Youmuu's Ghostblade,Hexdrinker,Doran's Blade,Long Sword,Oracle Lens,Essence Reaver,Zeal,Dagger,Dagger,Doran's Blade,Berserker's Greaves,Farsight Alteration,Celestial Opposition,Stormsurge,Hextech Alternator,Sorcerer's Shoes,No_Item,No_Item,Oracle Lens,Grasp of the Undying,Domination,Conqueror,Inspiration,Electrocute,Resolve,Press the Attack,Inspiration,Aftershock,Inspiration,Arcane Comet,Inspiration,Conqueror,Sorcery,Electrocute,Sorcery,Lethal Tempo,Sorcery,Electrocute,Sorcery,Flash,Teleport,Flash,Smite,Flash,Teleport,Barrier,Flash,Ignite,Flash,Teleport,Flash,Flash,Smite,Ignite,Flash,Barrier,Flash,Flash,Ignite,1,4,0,0,2,0
https://www.op.gg/summoners/euw/Miyamot%C3%B4%20Musash%C3%AE-EUW/matches/uRd1PvnOddpZ_rHtscE7pjACVZIsCn9SCsDA2OQJa60%3D/1733687550000,0,24,38,38,24,86,40,104,107,39,40,3,2,0,2,3,8,3,4,68402,79337,16.6,17.4,1127,1141,28.4,28.7,-10935,10935,1721.374834437086,1996.5602649006623,Anivia,Viego,Akali,Ezreal,Braum,Ambessa,Ivern,Yasuo,Corki,Nautilus,Morellonomicon,Seraph's Embrace,Sorcerer's Shoes,Liandry's Torment,Ruby Crystal,Rod of Ages,Farsight Alteration,Sundered Sky,Kraken Slayer,Death's Dance,Plated Steelcaps,Tunneler,Ruby Crystal,Oracle Lens,Shadowflame,Zhonya's Hourglass,No_Item,Lich Bane,Sorcerer's Shoes,Dark Seal,Oracle Lens,Frozen Heart,Muramana,Trinity Force,Ionian Boots of Lucidity,Spear of Shojin,Serpent's Fang,Farsight Alteration,Celestial Opposition,No_Item,Kindlegem,Plated Steelcaps,Thornmail,Knight's Vow,Oracle Lens,Sterak's Gage,Voltaic Cyclosword,Eclipse,Mercury's Treads,Spear of Shojin,Caulfield's Warhammer,Oracle Lens,Moonstone Renewer,Mikael's Blessing,Redemption,No_Item,Ionian Boots of Lucidity,Dawncore,Oracle Lens,Blade of The Ruined King,Stridebreaker,No_Item,Berserker's Greaves,Infinity Edge,Immortal Shieldbow,Farsight Alteration,Infinity Edge,Trinity Force,Muramana,Rapid Firecannon,Boots of Swiftness,Bloodthirster,Farsight Alteration,Locket of the Iron Solari,Bloodsong,Knight's Vow,Warmog's Armor,Mercury's Treads,No_Item,Oracle Lens,Electrocute,Precision,Conqueror,Inspiration,Electrocute,Resolve,Conqueror,Inspiration,Guardian,Inspiration,Conqueror,Resolve,Summon Aery,Resolve,Lethal Tempo,Resolve,Conqueror,Resolve,Aftershock,Inspiration,Flash,Teleport,Flash,Smite,Teleport,Flash,Barrier,Flash,Flash,Ignite,Flash,Teleport,Flash,Smite,Flash,Teleport,Flash,Barrier,Ignite,Flash,1,4,0,0,1,2
https://www.op.gg/summoners/euw/Miyamot%C3%B4%20Musash%C3%AE-EUW/matches/uRd1PvnOddpkWgmDUnQ1O7V1SD4e9QJDx4BAoQU8WSM%3D/1733684548000,1,18,13,13,18,25,17,51,45,14,15,2,1,0,0,6,0,2,1,44636,37178,12.6,11.6,748,646,33.6,29.1,7458,-7458,2010.3236641221374,1674.4290076335878,Jax,Ambessa,Aurora,Caitlyn,Lux,Volibear,Viego,Ahri,Jhin,Karma,Mercury's Treads,Trinity Force,Stridebreaker,Doran's Blade,Tunneler,Pickaxe,Stealth Ward,Spear of Shojin,Voltaic Cyclosword,Mercury's Treads,No_Item,No_Item,No_Item,Oracle Lens,Doran's Ring,Refillable Potion,Luden's Companion,Mercury's Treads,Blighting Jewel,Fiendish Codex,Farsight Alteration,Doran's Blade,Berserker's Greaves,The Collector,Infinity Edge,No_Item,No_Item,Farsight Alteration,Luden's Companion,Celestial Opposition,Ionian Boots of Lucidity,Control Ward,Amplifying Tome,Blasting Wand,Oracle Lens,Refillable Potion,Dark Seal,Cosmic Drive,Chain Vest,Ionian Boots of Lucidity,Ruby Crystal,Stealth Ward,Kraken Slayer,Titanic Hydra,Negatron Cloak,Plated Steelcaps,Recurve Bow,No_Item,Oracle Lens,Doran's Ring,Needlessly Large Rod,Hextech Alternator,Boots,Malignance,Mejai's Soulstealer,Oracle Lens,Doran's Blade,Boots of Swiftness,The Collector,Pickaxe,B. F. Sword,No_Item,Farsight Alteration,Dream Maker,Forbidden Idol,Kindlegem,Ionian Boots of Lucidity,Moonstone Renewer,No_Item,Oracle Lens,Lethal Tempo,Inspiration,Conqueror,Inspiration,Arcane Comet,Domination,Lethal Tempo,Sorcery,Arcane Comet,Inspiration,Grasp of the Undying,Precision,Conqueror,Inspiration,Electrocute,Sorcery,Fleet Footwork,Sorcery,Arcane Comet,Inspiration,Teleport,Flash,Flash,Smite,Flash,Teleport,Flash,Barrier,Flash,Heal,Teleport,Flash,Flash,Smite,Flash,Teleport,Flash,Cleanse,Flash,Ignite,1,6,0,0,0,0
https://www.op.gg/summoners/euw/Miyamot%C3%B4%20Musash%C3%AE-EUW/matches/uRd1PvnOddpO3jPwScX3FXWnj1meHsoBD2n6UpltrI0%3D/1733682363000,1,14,4,4,14,6,18,56,55,22,19,3,0,0,0,3,2,3,0,42022,35905,12.4,11.4,803,730,36.8,33.5,6117,-6117,1928.0682352941176,1647.405882352941,Aurora,Wukong,Ezreal,Jhin,Seraphine,K'Sante,Lillia,Smolder,Caitlyn,Lux,Boots of Swiftness,Malignance,Liandry's Torment,Blighting Jewel,No_Item,No_Item,Farsight Alteration,No_Item,Mercury's Treads,Black Cleaver,No_Item,Trinity Force,No_Item,Oracle Lens,Last Whisper,Slightly Magical Footwear,Muramana,Trinity Force,Control Ward,Doran's Blade,Farsight Alteration,Doran's Blade,The Collector,B. F. Sword,Hubris,No_Item,Boots of Swiftness,Farsight Alteration,Dream Maker,Mikael's Blessing,No_Item,Kindlegem,No_Item,Ionian Boots of Lucidity,Oracle Lens,Unending Despair,Kaenic Rookern,Cloth Armor,Plated Steelcaps,Glowing Mote,Doran's Shield,Stealth Ward,Liandry's Torment,Seeker's Armguard,Dark Seal,Ionian Boots of Lucidity,Needlessly Large Rod,No_Item,Oracle Lens,Doran's Blade,No_Item,Essence Reaver,Tunneler,Ionian Boots of Lucidity,Ruby Crystal,Farsight Alteration,Doran's Blade,The Collector,Cloak of Agility,Boots,Pickaxe,B. F. Sword,Farsight Alteration,Sorcerer's Shoes,Control Ward,Zaz'Zak's Realmspike,Luden's Companion,No_Item,No_Item,Oracle Lens,Electrocute,Sorcery,Conqueror,Inspiration,Press the Attack,Inspiration,Dark Harvest,Precision,Guardian,Sorcery,Grasp of the Undying,Inspiration,Dark Harvest,Inspiration,Fleet Footwork,Sorcery,Fleet Footwork,Sorcery,Arcane Comet,Resolve,Teleport,Flash,Flash,Smite,Flash,Teleport,Flash,Barrier,Heal,Flash,Flash,Teleport,Flash,Smite,Teleport,Flash,Barrier,Flash,Flash,Heal,1,1,0,0,5,0
https://www.op.gg/summoners/euw/Miyamot%C3%B4%20Musash%C3%AE-EUW/matches/uRd1PvnOddru45DndW1E8Coq6e5JmFPFkFEJSQwrJEQ%3D/1733680337000,1,24,8,8,24,12,32,54,45,14,9,2,0,1,0,9,2,3,0,49958,38436,13.6,12.0,777,680,35.0,30.5,11522,-11522,2261.6121621621623,1740.0081081081082,Ornn,Diana,Yone,Sivir,Thresh,Ambessa,Lee Sin,Corki,Karthus,Zilean,Thornmail,Plated Steelcaps,Sunfire Aegis,Cloth Armor,Giant's Belt,No_Item,Farsight Alteration,Shadowflame,Lich Bane,Seeker's Armguard,Dark Seal,Sorcerer's Shoes,No_Item,Stealth Ward,Doran's Blade,Refillable Potion,Berserker's Greaves,Blade of The Ruined King,Immortal Shieldbow,No_Item,Stealth Ward,Doran's Blade,Navori Flickerblade,B. F. Sword,Berserker's Greaves,Infinity Edge,Essence Reaver,Farsight Alteration,Trailblazer,Boots of Swiftness,Solstice Sleigh,Locket of the Iron Solari,No_Item,No_Item,Oracle Lens,Eclipse,Black Cleaver,Plated Steelcaps,Long Sword,Long Sword,No_Item,Stealth Ward,Eclipse,Sundered Sky,Control Ward,Slightly Magical Footwear,Dark Seal,No_Item,Stealth Ward,Doran's Blade,Muramana,Trinity Force,Plated Steelcaps,Zeal,Dagger,Stealth Ward,Doran's Ring,Sorcerer's Shoes,Blackfire Torch,Hextech Alternator,Needlessly Large Rod,No_Item,Farsight Alteration,Ionian Boots of Lucidity,Solstice Sleigh,Kindlegem,Fiendish Codex,Fiendish Codex,No_Item,Oracle Lens,Grasp of the Undying,Precision,Conqueror,Inspiration,Lethal Tempo,Resolve,Lethal Tempo,Inspiration,Guardian,Inspiration,Conqueror,Resolve,Conqueror,Inspiration,Conqueror,Inspiration,Dark Harvest,Precision,Summon Aery,Resolve,Flash,Teleport,Flash,Smite,Flash,Teleport,Barrier,Flash,Ignite,Flash,Flash,Teleport,Flash,Smite,Teleport,Flash,Flash,Exhaust,Exhaust,Flash,1,4,2,0,2,0
https://www.op.gg/summoners/euw/Miyamot%C3%B4%20Musash%C3%AE-EUW/matches/uRd1PvnOddpEjtmjBkwo2ldD9DSAmYGut2pJn94UC28%3D/1733676723000,1,31,13,14,31,21,48,66,72,23,18,1,2,1,0,11,3,2,2,58252,47289,14.8,13.4,843,851,33.0,33.3,10963,-10963,2276.5149425287354,1848.0758620689653,Zilean,Viego,Yone,Taliyah,Maokai,Corki,Zyra,Gwen,Yasuo,Rell,Doran's Ring,Seraph's Embrace,Cosmic Drive,Ionian Boots of Lucidity,Glacial Buckler,No_Item,Stealth Ward,Kraken Slayer,Titanic Hydra,No_Item,Mercury's Treads,Wit's End,Tunneler,Oracle Lens,Infinity Edge,No_Item,No_Item,Blade of The Ruined King,Immortal Shieldbow,Berserker's Greaves,Oracle Lens,Sorcerer's Shoes,Zhonya's Hourglass,Luden's Companion,Mejai's Soulstealer,Cosmic Drive,Amplifying Tome,Farsight Alteration,Celestial Opposition,Control Ward,Locket of the Iron Solari,Boots of Swiftness,Kindlegem,Trailblazer,Oracle Lens,Muramana,No_Item,Plated Steelcaps,Trinity Force,Scout's Slingshot,No_Item,Farsight Alteration,Blackfire Torch,Liandry's Torment,Control Ward,Sorcerer's Shoes,No_Item,No_Item,Oracle Lens,Doran's Ring,Shadowflame,Ionian Boots of Lucidity,Needlessly Large Rod,Nashor's Tooth,Needlessly Large Rod,Farsight Alteration,Doran's Blade,Kraken Slayer,Berserker's Greaves,Immortal Shieldbow,Pickaxe,B. F. Sword,Farsight Alteration,Zeke's Convergence,Celestial Opposition,Mercury's Treads,Kindlegem,Cloth Armor,No_Item,Oracle Lens,Summon Aery,Resolve,Conqueror,Inspiration,Lethal Tempo,Resolve,Dark Harvest,Precision,Aftershock,Inspiration,Conqueror,Resolve,Arcane Comet,Precision,Conqueror,Resolve,Lethal Tempo,Resolve,Aftershock,Inspiration,Teleport,Flash,Flash,Smite,Teleport,Flash,Teleport,Flash,Flash,Ignite,Teleport,Flash,Flash,Smite,Teleport,Flash,Exhaust,Flash,Flash,Ignite,1,6,2,0,0,0
https://www.op.gg/summoners/euw/Miyamot%C3%B4%20Musash%C3%AE-EUW/matches/uRd1PvnOddpHqIYOHHtOGg_S9EChyRfR2Rd93vY1FX8%3D/1733674309000,0,20,19,19,20,46,49,62,71,32,24,2,1,0,1,2,9,2,2,46953,57165,13.0,14.2,744,880,27.5,32.4,-10212,10212,1721.61,2096.0499999999997,Zilean,Xin Zhao,Orianna,Ashe,Lulu,Irelia,Jarvan IV,Taliyah,Ezreal,Karma,Doran's Ring,Seraph's Embrace,Frozen Heart,Ionian Boots of Lucidity,Oblivion Orb,Control Ward,Stealth Ward,Sundered Sky,Titanic Hydra,Control Ward,Pickaxe,Plated Steelcaps,Tunneler,Oracle Lens,Doran's Ring,Shadowflame,Luden's Companion,Stormsurge,No_Item,Sorcerer's Shoes,Farsight Alteration,Mortal Reminder,Runaan's Hurricane,No_Item,Kraken Slayer,Berserker's Greaves,Doran's Blade,Farsight Alteration,Dream Maker,Boots of Swiftness,Ardent Censer,Aether Wisp,Dark Seal,Bandleglass Mirror,Oracle Lens,Caulfield's Warhammer,Wit's End,Steel Sigil,Blade of The Ruined King,Plated Steelcaps,Hullbreaker,Farsight Alteration,Eclipse,Sundered Sky,No_Item,Ionian Boots of Lucidity,Spirit Visage,No_Item,Stealth Ward,Sorcerer's Shoes,Zhonya's Hourglass,Luden's Companion,No_Item,Liandry's Torment,Dark Seal,Farsight Alteration,Serpent's Fang,Muramana,Trinity Force,No_Item,Ionian Boots of Lucidity,No_Item,Farsight Alteration,No_Item,Solstice Sleigh,Mikael's Blessing,Ruby Crystal,Ionian Boots of Lucidity,Moonstone Renewer,Oracle Lens,Summon Aery,Resolve,Conqueror,Inspiration,Summon Aery,Inspiration,Lethal Tempo,Inspiration,Summon Aery,Resolve,Conqueror,Inspiration,Conqueror,Inspiration,Phase Rush,Precision,Press the Attack,Inspiration,Summon Aery,Resolve,Teleport,Flash,Smite,Flash,Teleport,Flash,Flash,Barrier,Flash,Heal,Flash,Teleport,Flash,Smite,Teleport,Flash,Flash,Barrier,Heal,Flash,0,1,0,1,5,1
https://www.op.gg/summoners/euw/Miyamot%C3%B4%20Musash%C3%AE-EUW/matches/uRd1PvnOddoSJUkItsx58TAbxwPjdeYsAy-V_zcYDIY%3D/1733671634000,0,15,24,24,15,32,27,70,96,46,39,2,2,0,1,2,10,2,3,51088,65401,14.2,15.4,931,1037,31.2,34.8,-14313,14313,1710.5357142857142,2189.765625,Aatrox,Skarner,Aurora,Ashe,Braum,Riven,Diana,Talon,Ezreal,Pyke,Pickaxe,Sundered Sky,Eclipse,Plated Steelcaps,Tunneler,Ruby Crystal,Stealth Ward,Unending Despair,Heartsteel,Abyssal Mask,Plated Steelcaps,Thornmail,Cloth Armor,Oracle Lens,Shadowflame,Needlessly Large Rod,Sorcerer's Shoes,No_Item,Dark Seal,Luden's Companion,Oracle Lens,Doran's Blade,Statikk Shiv,Runaan's Hurricane,Berserker's Greaves,Infinity Edge,No_Item,Farsight Alteration,Solstice Sleigh,Plated Steelcaps,Locket of the Iron Solari,Rejuvenation Bead,Chain Vest,Kindlegem,Oracle Lens,Death's Dance,Mortal Reminder,Eclipse,Ionian Boots of Lucidity,Sundered Sky,No_Item,Oracle Lens,Stormsurge,Nashor's Tooth,No_Item,Shadowflame,Amplifying Tome,Sorcerer's Shoes,Farsight Alteration,Black Cleaver,Youmuu's Ghostblade,Tiamat,Boots,Eclipse,Tunneler,Oracle Lens,Doran's Blade,Trinity Force,Muramana,Mortal Reminder,Ionian Boots of Lucidity,No_Item,Farsight Alteration,Bloodsong,Umbral Glaive,Maw of Malmortius,Long Sword,Boots of Swiftness,Control Ward,Oracle Lens,Conqueror,Resolve,Grasp of the Undying,Inspiration,Electrocute,Precision,Lethal Tempo,Inspiration,Guardian,Inspiration,Conqueror,Inspiration,Conqueror,Inspiration,Conqueror,Sorcery,Conqueror,Sorcery,Hail of Blades,Sorcery,Flash,Teleport,Flash,Smite,Flash,Teleport,Barrier,Flash,Exhaust,Flash,Flash,Ignite,Smite,Flash,Ignite,Flash,Flash,Cleanse,Flash,Ignite,0,3,0,1,3,1
https://www.op.gg/summoners/euw/Miyamot%C3%B4%20Musash%C3%AE-EUW/matches/uRd1PvnOddobW5_ckFFG78ZhI_ePgyQYzVXiUhRJBB0%3D/1733662141000,0,21,27,27,21,43,36,58,84,19,14,1,2,0,1,2,9,1,3,46297,57860,13.6,15.0,754,854,27.5,31.2,-11563,11563,1698.33216080402,2122.502512562814,Zilean,Skarner,Garen,Ashe,Karma,Yone,Viego,Aurora,Kog'Maw,Bard,Doran's Ring,Seraph's Embrace,Ionian Boots of Lucidity,Abyssal Mask,No_Item,Control Ward,Stealth Ward,Sterak's Gage,Heartsteel,Unending Despair,Ruby Crystal,Mercury's Treads,No_Item,Oracle Lens,Stridebreaker,Boots of Swiftness,The Collector,Phantom Dancer,No_Item,No_Item,Stealth Ward,Doran's Blade,Berserker's Greaves,Statikk Shiv,Runaan's Hurricane,B. F. Sword,Pickaxe,Farsight Alteration,Dream Maker,Redemption,Moonstone Renewer,Ionian Boots of Lucidity,No_Item,Dark Seal,Oracle Lens,Doran's Blade,Berserker's Greaves,Blade of The Ruined King,Immortal Shieldbow,Phage,Dagger,Farsight Alteration,Trinity Force,Kraken Slayer,Sterak's Gage,Boots of Swiftness,Steel Sigil,Long Sword,Oracle Lens,Seeker's Armguard,No_Item,Luden's Companion,Dark Seal,Sorcerer's Shoes,Shadowflame,Stealth Ward,Blighting Jewel,Sorcerer's Shoes,Blasting Wand,Horizon Focus,Luden's Companion,Seraph's Embrace,Farsight Alteration,Solstice Sleigh,Mikael's Blessing,Locket of the Iron Solari,Control Ward,Boots of Swiftness,Kindlegem,Oracle Lens,Summon Aery,Inspiration,Grasp of the Undying,Inspiration,Phase Rush,Resolve,Lethal Tempo,Inspiration,Summon Aery,Resolve,Grasp of the Undying,Precision,Conqueror,Inspiration,Electrocute,Inspiration,Arcane Comet,Precision,Guardian,Domination,Teleport,Flash,Smite,Flash,Flash,Ignite,Barrier,Flash,Flash,Heal,Teleport,Flash,Flash,Smite,Teleport,Flash,Flash,Teleport,Flash,Ignite,0,0,0,1,6,2
https://www.op.gg/summoners/euw/Miyamot%C3%B4%20Musash%C3%AE-EUW/matches/uRd1PvnOddrcJs5Wkj_2RmtNjlHlc0-5m64NIdh4S88%3D/1733660136000,1,17,5,5,17,4,24,27,24,7,8,0,1,0,0,3,0,0,1,32642,24433,10.2,9.2,542,458,35.3,29.9,8209,-8209,2125.01610738255,1590.604697986577,K'Sante,Xin Zhao,Kennen,Ashe,Lulu,Zilean,Rengar,Twisted Fate,Caitlyn,Nautilus,Mercury's Treads,Doran's Shield,Iceborn Gauntlet,Chain Vest,No_Item,No_Item,Stealth Ward,No_Item,Titanic Hydra,No_Item,Slightly Magical Footwear,Ruby Crystal,Caulfield's Warhammer,Oracle Lens,Hextech Rocketbelt,No_Item,Hextech Alternator,Sorcerer's Shoes,Dark Seal,Doran's Ring,Stealth Ward,Doran's Blade,Statikk Shiv,Zeal,Berserker's Greaves,Scout's Slingshot,No_Item,Farsight Alteration,Dream Maker,Control Ward,Ionian Boots of Lucidity,Forbidden Idol,Moonstone Renewer,No_Item,Oracle Lens,Doran's Ring,Glowing Mote,Archangel's Staff,No_Item,Boots,No_Item,Stealth Ward,Gustwalker Hatchling,Pickaxe,Serrated Dirk,Rectrix,Long Sword,Control Ward,Oracle Lens,Rod of Ages,Scout's Slingshot,Ionian Boots of Lucidity,No_Item,Dark Seal,Doran's Ring,Farsight Alteration,Doran's Blade,The Collector,Cloak of Agility,Berserker's Greaves,Pickaxe,No_Item,Stealth Ward,Bloodsong,No_Item,Kindlegem,Boots of Swiftness,Null-Magic Mantle,Cloth Armor,Oracle Lens,Grasp of the Undying,Sorcery,Conqueror,Inspiration,Electrocute,Inspiration,Lethal Tempo,Inspiration,Summon Aery,Resolve,Summon Aery,Inspiration,Conqueror,Domination,Unsealed Spellbook,Domination,Fleet Footwork,Sorcery,Aftershock,Inspiration,Teleport,Flash,Flash,Smite,Teleport,Flash,Barrier,Flash,Flash,Heal,Teleport,Flash,Flash,Smite,Flash,Teleport,Flash,Barrier,Flash,Exhaust,0,6,0,0,0,0
https://www.op.gg/summoners/euw/Miyamot%C3%B4%20Musash%C3%AE-EUW/matches/uRd1PvnOddpTtXwd83Nhdf45U3mReyj6QT8sDien_Jw%3D/1733658476000,1,19,25,25,19,37,28,66,83,28,23,2,1,1,0,9,3,3,1,53191,48731,13.8,13.2,841,765,32.8,29.799999999999997,4460,-4460,2078.4718487394957,1904.194537815126,Gnar,Nidalee,Yone,Corki,Bard,Kennen,Ivern,Garen,Ashe,Pyke,Doran's Shield,Trinity Force,Randuin's Omen,Mercury's Treads,Sterak's Gage,Wit's End,Farsight Alteration,Liandry's Torment,Amplifying Tome,Control Ward,Sorcerer's Shoes,Horizon Focus,Hextech Alternator,Oracle Lens,Doran's Blade,Blade of The Ruined King,Stridebreaker,No_Item,Berserker's Greaves,Cloak of Agility,Farsight Alteration,Muramana,Zeal,Trinity Force,Scout's Slingshot,Plated Steelcaps,No_Item,Farsight Alteration,Dead Man's Plate,Mercury's Treads,Bloodsong,Statikk Shiv,Negatron Cloak,Cloth Armor,Oracle Lens,Sorcerer's Shoes,Void Staff,Needlessly Large Rod,No_Item,Hextech Rocketbelt,No_Item,Oracle Lens,Redemption,Moonstone Renewer,Dark Seal,Ionian Boots of Lucidity,Faerie Charm,Blasting Wand,Oracle Lens,Stridebreaker,The Collector,Boots of Swiftness,Phantom Dancer,No_Item,No_Item,Stealth Ward,Statikk Shiv,No_Item,Mortal Reminder,Berserker's Greaves,Doran's Blade,Phantom Dancer,Farsight Alteration,Bloodsong,Rectrix,Umbral Glaive,Synchronized Souls,Serrated Dirk,Long Sword,Oracle Lens,Grasp of the Undying,Inspiration,Conqueror,Sorcery,Lethal Tempo,Resolve,Conqueror,Inspiration,Guardian,Inspiration,Summon Aery,Domination,Summon Aery,Domination,Phase Rush,Resolve,Lethal Tempo,Inspiration,Hail of Blades,Sorcery,Flash,Teleport,Flash,Smite,Flash,Teleport,Cleanse,Flash,Ignite,Flash,Teleport,Flash,Flash,Smite,Flash,Ignite,Flash,Barrier,Flash,Ignite,1,6,1,0,0,0
https://www.op.gg/summoners/euw/Miyamot%C3%B4%20Musash%C3%AE-EUW/matches/uRd1PvnOddpNiy3ajxANnEjtDPmUw_rE-2pbAH3BvrE%3D/1733618535000,0,17,34,34,17,61,27,39,53,10,11,0,2,0,0,2,10,0,2,38946,51851,11.2,12.6,561,669,26.599999999999998,31.5,-12905,12905,1846.1415584415583,2457.872077922078,K'Sante,Nidalee,Yasuo,Corki,Alistar,Gwen,Lee Sin,Neeko,Aphelios,Nautilus,Doran's Shield,"Jak'Sho, The Protean",Kaenic Rookern,Boots,Null-Magic Mantle,No_Item,Oracle Lens,Scorchclaw Pup,Liandry's Torment,Dark Seal,Sorcerer's Shoes,Horizon Focus,Amplifying Tome,Oracle Lens,Doran's Shield,Blade of The Ruined King,Control Ward,Immortal Shieldbow,Berserker's Greaves,Cloak of Agility,Farsight Alteration,Trinity Force,Muramana,Refillable Potion,Boots,Dagger,Doran's Blade,Farsight Alteration,Knight's Vow,Celestial Opposition,Locket of the Iron Solari,Ionian Boots of Lucidity,No_Item,No_Item,Oracle Lens,Plated Steelcaps,Refillable Potion,Riftmaker,Doran's Ring,Nashor's Tooth,No_Item,Farsight Alteration,Eclipse,Sundered Sky,Control Ward,Plated Steelcaps,Black Cleaver,Tunneler,Stealth Ward,Hextech Rocketbelt,Zhonya's Hourglass,Fated Ashes,Dark Seal,Doran's Ring,Ionian Boots of Lucidity,Oracle Lens,Doran's Blade,Infinity Edge,Berserker's Greaves,The Collector,Cloak of Agility,Lord Dominik's Regards,Farsight Alteration,Bloodsong,Locket of the Iron Solari,Control Ward,Plated Steelcaps,Chain Vest,Kindlegem,Oracle Lens,Grasp of the Undying,Domination,Conqueror,Sorcery,Fleet Footwork,Resolve,Conqueror,Inspiration,Aftershock,Inspiration,Conqueror,Resolve,Conqueror,Inspiration,Summon Aery,Precision,Press the Attack,Sorcery,Aftershock,Inspiration,Flash,Teleport,Flash,Smite,Flash,Teleport,Flash,Barrier,Ignite,Flash,Flash,Teleport,Flash,Smite,Flash,Teleport,Flash,Barrier,Ignite,Flash,0,2,0,1,4,2
https://www.op.gg/summoners/euw/Miyamot%C3%B4%20Musash%C3%AE-EUW/matches/uRd1PvnOddpT9W3pn9RheYTjqeZkpaQzL7iF7SEXmT0%3D/1733616317000,0,30,32,32,30,54,52,100,87,26,28,4,1,0,2,5,10,4,3,60897,68656,14.6,15.8,917,909,28.6,28.3,-7759,7759,1903.03125,2145.5,Renekton,Viego,Zoe,Ashe,Alistar,Ambessa,Kindred,Galio,Ziggs,Thresh,Sterak's Gage,Black Cleaver,Cloth Armor,Plated Steelcaps,Cloth Armor,Eclipse,Oracle Lens,Kraken Slayer,Titanic Hydra,Warden's Mail,Plated Steelcaps,Wit's End,Death's Dance,Oracle Lens,Dark Seal,Stormsurge,Amplifying Tome,Luden's Companion,Sorcerer's Shoes,Lich Bane,Stealth Ward,Kraken Slayer,Phantom Dancer,Lord Dominik's Regards,Berserker's Greaves,B. F. Sword,Pickaxe,Farsight Alteration,Solstice Sleigh,Locket of the Iron Solari,Control Ward,Boots of Swiftness,Thornmail,Chain Vest,Oracle Lens,Doran's Shield,Plated Steelcaps,Eclipse,Spear of Shojin,Death's Dance,Null-Magic Mantle,Farsight Alteration,Lord Dominik's Regards,Kraken Slayer,Infinity Edge,The Collector,Plated Steelcaps,Immortal Shieldbow,Oracle Lens,Riftmaker,Zhonya's Hourglass,No_Item,Mercury's Treads,Ruby Crystal,Hollow Radiance,Oracle Lens,Shadowflame,Luden's Companion,Rabadon's Deathcap,Sorcerer's Shoes,Tear of the Goddess,Blighting Jewel,Farsight Alteration,Mikael's Blessing,Solstice Sleigh,No_Item,Trailblazer,Null-Magic Mantle,Boots of Swiftness,Oracle Lens,Conqueror,Resolve,Conqueror,Inspiration,Dark Harvest,Inspiration,Lethal Tempo,Inspiration,Aftershock,Inspiration,Grasp of the Undying,Domination,Conqueror,Domination,Aftershock,Precision,Arcane Comet,Precision,Aftershock,Inspiration,Flash,Teleport,Flash,Smite,Ignite,Flash,Barrier,Flash,Ignite,Flash,Flash,Teleport,Smite,Flash,Flash,Teleport,Flash,Teleport,Flash,Ignite,0,5,0,1,1,2
https://www.op.gg/summoners/euw/Miyamot%C3%B4%20Musash%C3%AE-EUW/matches/uRd1PvnOddqZ3MbqduKr0DRTSQENcGy_JQWTp8rU8tc%3D/1733529782000,0,21,31,31,21,46,35,70,73,14,24,0,3,0,1,2,9,0,4,49362,59673,13.4,14.6,799,851,28.9,30.8,-10311,10311,1787.2448275862068,2160.5741379310343,Garen,Xin Zhao,Orianna,Ashe,Lulu,Camille,Kindred,Akali,Kog'Maw,Nautilus,Dead Man's Plate,Boots of Swiftness,Stridebreaker,Tunneler,Ruby Crystal,No_Item,Stealth Ward,Sundered Sky,Titanic Hydra,Warden's Mail,Plated Steelcaps,Ruby Crystal,No_Item,Oracle Lens,Needlessly Large Rod,Luden's Companion,Shadowflame,Sorcerer's Shoes,Needlessly Large Rod,Tear of the Goddess,Farsight Alteration,Infinity Edge,Phantom Dancer,No_Item,Kraken Slayer,Berserker's Greaves,No_Item,Farsight Alteration,Redemption,Ionian Boots of Lucidity,Dream Maker,Aether Wisp,Moonstone Renewer,Faerie Charm,Oracle Lens,Doran's Blade,Plated Steelcaps,Ravenous Hydra,Sterak's Gage,Trinity Force,Pickaxe,Oracle Lens,Infinity Edge,Kraken Slayer,The Collector,Plated Steelcaps,Last Whisper,No_Item,Oracle Lens,Hextech Rocketbelt,Seeker's Armguard,Doran's Shield,Sorcerer's Shoes,No_Item,Shadowflame,Stealth Ward,Blade of The Ruined King,Berserker's Greaves,Negatron Cloak,Doran's Blade,Guinsoo's Rageblade,Recurve Bow,Farsight Alteration,Bloodsong,Control Ward,Locket of the Iron Solari,Plated Steelcaps,Kindlegem,Chain Vest,Oracle Lens,Grasp of the Undying,Inspiration,Conqueror,Inspiration,Summon Aery,Precision,Lethal Tempo,Inspiration,Summon Aery,Resolve,Grasp of the Undying,Sorcery,Press the Attack,Domination,Electrocute,Resolve,Lethal Tempo,Inspiration,Aftershock,Inspiration,Ignite,Flash,Flash,Smite,Flash,Teleport,Flash,Barrier,Heal,Flash,Flash,Teleport,Flash,Smite,Teleport,Flash,Flash,Barrier,Flash,Ignite,0,1,0,1,5,2
https://www.op.gg/summoners/euw/Miyamot%C3%B4%20Musash%C3%AE-EUW/matches/uRd1PvnOddqhIzBql_1q_Q5hVmt5F3PAIy1R2fwNZeg%3D/1733525449000,0,26,36,36,26,56,25,90,92,38,33,1,4,0,2,3,11,1,6,60601,74238,15.6,17.2,1001,1121,30.1,33.9,-13637,13637,1833.977631578947,2246.6763157894734,K'Sante,Diana,Zed,Ezreal,Karma,Corki,Viego,Gragas,Caitlyn,Leona,Plated Steelcaps,Randuin's Omen,Chain Vest,Unending Despair,Fimbulwinter,Giant's Belt,Stealth Ward,Zhonya's Hourglass,Nashor's Tooth,No_Item,Mercury's Treads,Lich Bane,No_Item,Oracle Lens,Spear of Shojin,Ionian Boots of Lucidity,Long Sword,Serylda's Grudge,Voltaic Cyclosword,Eclipse,Oracle Lens,Tunneler,Trinity Force,Muramana,Ionian Boots of Lucidity,Serylda's Grudge,Pickaxe,Farsight Alteration,Mikael's Blessing,Dream Maker,No_Item,Redemption,Oblivion Orb,Ionian Boots of Lucidity,Oracle Lens,Doran's Blade,Lord Dominik's Regards,Muramana,Trinity Force,Rapid Firecannon,Boots,Farsight Alteration,Kraken Slayer,Titanic Hydra,Wit's End,Plated Steelcaps,Sterak's Gage,Death's Dance,Oracle Lens,Zhonya's Hourglass,Cosmic Drive,Rod of Ages,Fimbulwinter,Ionian Boots of Lucidity,Sheen,Oracle Lens,Doran's Blade,Infinity Edge,The Collector,Lord Dominik's Regards,Rapid Firecannon,Boots of Swiftness,Farsight Alteration,Bloodsong,Locket of the Iron Solari,No_Item,Dead Man's Plate,Kindlegem,Boots of Swiftness,Oracle Lens,Grasp of the Undying,Sorcery,Conqueror,Inspiration,Conqueror,Sorcery,Conqueror,Sorcery,Arcane Comet,Inspiration,Conqueror,Inspiration,Conqueror,Inspiration,Phase Rush,Precision,Hail of Blades,Sorcery,Aftershock,Domination,Teleport,Flash,Smite,Flash,Flash,Teleport,Flash,Cleanse,Flash,Heal,Flash,Teleport,Flash,Smite,Flash,Teleport,Barrier,Flash,Flash,Ignite,1,2,0,0,1,3
https://www.op.gg/summoners/euw/Miyamot%C3%B4%20Musash%C3%AE-EUW/matches/uRd1PvnOddrwdViAr-LIe6kVfnHeCiodcNVsb1K-N6U%3D/1733522406000,1,23,13,13,23,16,49,62,67,27,22,0,2,1,0,9,2,1,2,53154,42103,14.0,12.6,835,804,34.0,32.8,11051,-11051,2153.9529411764706,1706.134640522876,Aurora,Xin Zhao,Irelia,Ashe,Thresh,Ambessa,Viego,Ekko,Ezreal,Braum,Doran's Ring,Malignance,Sorcerer's Shoes,No_Item,Shadowflame,No_Item,Oracle Lens,Sundered Sky,Titanic Hydra,Death's Dance,Plated Steelcaps,No_Item,No_Item,Oracle Lens,Doran's Blade,Blade of The Ruined King,Mercury's Treads,Kraken Slayer,Sundered Sky,No_Item,Farsight Alteration,Doran's Blade,B. F. Sword,Phantom Dancer,Berserker's Greaves,Kraken Slayer,Pickaxe,Farsight Alteration,Solstice Sleigh,Redemption,Locket of the Iron Solari,Control Ward,Boots of Swiftness,Ruby Crystal,Oracle Lens,Plated Steelcaps,Long Sword,Eclipse,Long Sword,Voltaic Cyclosword,Doran's Shield,Stealth Ward,Mercury's Treads,Sundered Sky,Kraken Slayer,Long Sword,No_Item,No_Item,Oracle Lens,Doran's Ring,Control Ward,Nashor's Tooth,Dark Seal,Sorcerer's Shoes,Lich Bane,Oracle Lens,Long Sword,Muramana,Trinity Force,Glowing Mote,Ionian Boots of Lucidity,Doran's Blade,Farsight Alteration,Ruby Crystal,Frozen Heart,Control Ward,Solstice Sleigh,Cloth Armor,Plated Steelcaps,Oracle Lens,Electrocute,Sorcery,Conqueror,Inspiration,Press the Attack,Domination,Lethal Tempo,Inspiration,Aftershock,Inspiration,Electrocute,Resolve,Conqueror,Inspiration,Hail of Blades,Sorcery,Press the Attack,Inspiration,Guardian,Inspiration,Flash,Teleport,Flash,Smite,Teleport,Flash,Flash,Barrier,Ignite,Flash,Flash,Teleport,Flash,Smite,Teleport,Flash,Flash,Cleanse,Flash,Ignite,1,6,1,0,0,0
https://www.op.gg/summoners/euw/Miyamot%C3%B4%20Musash%C3%AE-EUW/matches/uRd1PvnOddpNAKjxiJ1VBfcVVxB58qfdkUyCB915D4E%3D/1733520477000,1,20,13,13,20,18,40,92,80,40,35,2,2,0,1,9,2,2,3,54209,45689,13.6,13.6,861,841,33.0,32.2,8520,-8520,2058.5696202531644,1735.0253164556964,Gnar,Viego,Azir,Ziggs,Poppy,Garen,Wukong,Akali,Corki,Rakan,Wit's End,Sterak's Gage,Plated Steelcaps,Warden's Mail,No_Item,Trinity Force,Stealth Ward,Sundered Sky,Hearthbound Axe,No_Item,Trinity Force,Rectrix,Plated Steelcaps,Oracle Lens,Doran's Ring,Needlessly Large Rod,Liandry's Torment,Nashor's Tooth,Needlessly Large Rod,Sorcerer's Shoes,Farsight Alteration,Luden's Companion,Control Ward,Sorcerer's Shoes,Fated Ashes,Amplifying Tome,Seraph's Embrace,Farsight Alteration,Bloodsong,No_Item,Kindlegem,Dead Man's Plate,Boots of Swiftness,Cloth Armor,Oracle Lens,Dead Man's Plate,No_Item,Stridebreaker,Boots of Swiftness,Pickaxe,No_Item,Oracle Lens,Trinity Force,Sundered Sky,No_Item,Mercury's Treads,No_Item,No_Item,Oracle Lens,Doran's Ring,Shadowflame,Needlessly Large Rod,Stormsurge,Boots,Dark Seal,Oracle Lens,Muramana,Trinity Force,Boots,Rapid Firecannon,Doran's Blade,No_Item,Farsight Alteration,Celestial Opposition,Mercury's Treads,Locket of the Iron Solari,Control Ward,Kindlegem,Forbidden Idol,Oracle Lens,Grasp of the Undying,Precision,Conqueror,Inspiration,Conqueror,Sorcery,Arcane Comet,Inspiration,Hail of Blades,Inspiration,Phase Rush,Resolve,Conqueror,Inspiration,Electrocute,Resolve,Conqueror,Resolve,Guardian,Domination,Flash,Teleport,Flash,Smite,Teleport,Flash,Flash,Teleport,Flash,Ignite,Ignite,Flash,Flash,Smite,Ignite,Flash,Flash,Barrier,Heal,Flash,1,6,1,0,0,0
https://www.op.gg/summoners/euw/Miyamot%C3%B4%20Musash%C3%AE-EUW/matches/uRd1PvnOddqE9xy8HXw5cUGOOBqOqZ9EkISBviDexFk%3D/1733516668000,0,25,38,38,25,70,56,87,85,24,37,0,4,0,1,4,8,0,5,56273,67120,14.2,15.8,859,964,27.4,30.8,-10847,10847,1808.775,2157.4285714285716,Jayce,Skarner,Galio,Ashe,Nami,Renekton,Karthus,Taliyah,Jinx,Lulu,Opportunity,Muramana,Youmuu's Ghostblade,Doran's Blade,Ionian Boots of Lucidity,Serrated Dirk,Farsight Alteration,Unending Despair,Heartsteel,No_Item,Kaenic Rookern,Mercury's Treads,Warden's Mail,Oracle Lens,Riftmaker,Hollow Radiance,Control Ward,Mercury's Treads,Frozen Heart,Null-Magic Mantle,Oracle Lens,Phantom Dancer,Yun Tal Wildarrows,Berserker's Greaves,Infinity Edge,B. F. Sword,Doran's Blade,Farsight Alteration,Boots of Swiftness,Solstice Sleigh,Imperial Mandate,Shurelya's Battlesong,Oblivion Orb,Bandleglass Mirror,Oracle Lens,Stridebreaker,Sterak's Gage,Plated Steelcaps,Black Cleaver,Pickaxe,Tunneler,Farsight Alteration,Sorcerer's Shoes,Void Staff,Blackfire Torch,Liandry's Torment,Hextech Alternator,Needlessly Large Rod,Oracle Lens,Ionian Boots of Lucidity,Seraph's Embrace,Liandry's Torment,Mejai's Soulstealer,Needlessly Large Rod,Void Staff,Farsight Alteration,Doran's Blade,Phantom Dancer,Last Whisper,Infinity Edge,Berserker's Greaves,The Collector,Farsight Alteration,Mikael's Blessing,Shurelya's Battlesong,Watchful Wardstone,Solstice Sleigh,Forbidden Idol,Ionian Boots of Lucidity,Oracle Lens,Phase Rush,Precision,Grasp of the Undying,Inspiration,Aftershock,Inspiration,Lethal Tempo,Inspiration,Summon Aery,Domination,Press the Attack,Resolve,Dark Harvest,Precision,Conqueror,Sorcery,Press the Attack,Inspiration,Summon Aery,Resolve,Flash,Teleport,Flash,Smite,Flash,Teleport,Barrier,Flash,Flash,Heal,Flash,Teleport,Flash,Smite,Teleport,Flash,Flash,Barrier,Flash,Heal,1,3,0,0,3,2
https://www.op.gg/summoners/euw/Miyamot%C3%B4%20Musash%C3%AE-EUW/matches/uRd1PvnOddqFm71T3xYqkMBdkJUkyugDdePnFCse3wo%3D/1733514160000,0,11,27,27,11,37,11,40,53,10,9,0,3,0,0,2,2,0,3,38717,44697,11.6,12.4,701,687,32.2,31.6,-5980,5980,1779.733064516129,2054.6201612903224,Renekton,Master Yi,Taliyah,Ezreal,Soraka,Aatrox,Xin Zhao,Akali,Caitlyn,Lux,Plated Steelcaps,Eclipse,Doran's Blade,Sundered Sky,Null-Magic Mantle,Ruby Crystal,Oracle Lens,Guinsoo's Rageblade,Kraken Slayer,Berserker's Greaves,No_Item,No_Item,No_Item,Oracle Lens,Ionian Boots of Lucidity,Haunting Guise,Blackfire Torch,Doran's Ring,Fated Ashes,Dark Seal,Farsight Alteration,Trinity Force,Muramana,Ionian Boots of Lucidity,No_Item,No_Item,No_Item,Farsight Alteration,Celestial Opposition,Moonstone Renewer,Kindlegem,Forbidden Idol,Dark Seal,Ionian Boots of Lucidity,Oracle Lens,Doran's Shield,Plated Steelcaps,No_Item,Tunneler,Long Sword,Spear of Shojin,Stealth Ward,Sundered Sky,Titanic Hydra,Control Ward,Plated Steelcaps,Ruby Crystal,Bramble Vest,Oracle Lens,Doran's Ring,Stormsurge,Dark Seal,Shadowflame,Mercury's Treads,Needlessly Large Rod,Oracle Lens,Executioner's Calling,Pickaxe,B. F. Sword,Doran's Blade,The Collector,Berserker's Greaves,Farsight Alteration,Sorcerer's Shoes,Luden's Companion,Control Ward,Zaz'Zak's Realmspike,Oblivion Orb,Dark Seal,Oracle Lens,Conqueror,Resolve,Lethal Tempo,Domination,Dark Harvest,Precision,Press the Attack,Inspiration,Summon Aery,Resolve,Conqueror,Resolve,Conqueror,Inspiration,Electrocute,Sorcery,Fleet Footwork,Sorcery,Arcane Comet,Domination,Teleport,Flash,Flash,Smite,Teleport,Flash,Flash,Barrier,Heal,Flash,Flash,Teleport,Flash,Smite,Teleport,Ignite,Barrier,Flash,Flash,Ignite,1,2,0,0,4,0
https://www.op.gg/summoners/euw/Miyamot%C3%B4%20Musash%C3%AE-EUW/matches/uRd1PvnOddpLeHUQ04Lt1qZevlDn0OME6eB29LsCQwc%3D/1733512049000,1,44,47,47,44,100,76,163,139,46,67,5,3,2,2,11,6,7,5,101911,94167,18.0,17.8,1428,1265,27.7,24.5,7744,-7744,1984.8944767441862,1834.066569767442,Kled,Brand,Sylas,Corki,Janna,Rumble,Skarner,Akali,Jinx,Thresh,Profane Hydra,Lord Dominik's Regards,Serpent's Fang,Mercury's Treads,Eclipse,Maw of Malmortius,Farsight Alteration,Liandry's Torment,Rylai's Crystal Scepter,Rabadon's Deathcap,Cosmic Drive,Void Staff,Banshee's Veil,Oracle Lens,Blasting Wand,Rabadon's Deathcap,Hextech Rocketbelt,Zhonya's Hourglass,Cosmic Drive,Sorcerer's Shoes,Stealth Ward,Bloodthirster,Mortal Reminder,Muramana,Rapid Firecannon,Trinity Force,Infinity Edge,Farsight Alteration,Solstice Sleigh,Shurelya's Battlesong,Redemption,Moonstone Renewer,Boots of Swiftness,Dawncore,Oracle Lens,Zhonya's Hourglass,Sorcerer's Shoes,Banshee's Veil,Liandry's Torment,Rabadon's Deathcap,Oblivion Orb,Oracle Lens,Warden's Mail,Heartsteel,Thornmail,Sterak's Gage,Hollow Radiance,Mercury's Treads,Oracle Lens,Rabadon's Deathcap,Mejai's Soulstealer,Zhonya's Hourglass,Shadowflame,Riftmaker,Void Staff,Oracle Lens,Infinity Edge,Yun Tal Wildarrows,Zephyr,Lord Dominik's Regards,Runaan's Hurricane,Guardian Angel,Farsight Alteration,Solstice Sleigh,Redemption,Locket of the Iron Solari,Control Ward,Zeke's Convergence,Boots of Swiftness,Oracle Lens,Conqueror,Sorcery,Conqueror,Inspiration,Conqueror,Resolve,Conqueror,Inspiration,Summon Aery,Inspiration,Arcane Comet,Resolve,Grasp of the Undying,Inspiration,Conqueror,Resolve,Lethal Tempo,Sorcery,Aftershock,Inspiration,Ignite,Flash,Flash,Smite,Flash,Teleport,Barrier,Flash,Heal,Flash,Flash,Teleport,Flash,Smite,Ignite,Teleport,Flash,Barrier,Ignite,Flash,1,6,4,0,0,3
https://www.op.gg/summoners/euw/Miyamot%C3%B4%20Musash%C3%AE-EUW/matches/uRd1PvnOddoqIiB8i2qMQX95HeLVObG8O9idd6oWibk%3D/1733440957000,1,19,9,9,19,10,35,47,44,12,9,0,0,0,0,5,2,0,0,37710,31669,11.0,10.2,522,515,27.7,27.3,6041,-6041,1994.278846153846,1674.8028846153845,Jax,Wukong,Aurora,Ashe,Rakan,Tahm Kench,Viego,Katarina,Draven,Pyke,Doran's Blade,Trinity Force,Sundered Sky,Ruby Crystal,Slightly Magical Footwear,Long Sword,Stealth Ward,Cloth Armor,Trinity Force,Sundered Sky,Gustwalker Hatchling,Slightly Magical Footwear,No_Item,Oracle Lens,Doran's Ring,Shadowflame,Control Ward,Sorcerer's Shoes,Dark Seal,Malignance,Farsight Alteration,Kraken Slayer,Phantom Dancer,Berserker's Greaves,No_Item,No_Item,Doran's Blade,Farsight Alteration,Celestial Opposition,Control Ward,Locket of the Iron Solari,Plated Steelcaps,No_Item,No_Item,Oracle Lens,Doran's Shield,Boots of Swiftness,Heartsteel,Ruby Crystal,No_Item,No_Item,Stealth Ward,No_Item,Kraken Slayer,No_Item,Slightly Magical Footwear,Ruby Crystal,Tunneler,Oracle Lens,Lich Bane,Sorcerer's Shoes,Refillable Potion,Aether Wisp,Dark Seal,Doran's Ring,Stealth Ward,Hubris,Vampiric Scepter,No_Item,Berserker's Greaves,B. F. Sword,No_Item,Farsight Alteration,Control Ward,Umbral Glaive,No_Item,Bloodsong,No_Item,Boots of Swiftness,Oracle Lens,Lethal Tempo,Inspiration,Conqueror,Inspiration,Electrocute,Sorcery,Lethal Tempo,Inspiration,Guardian,Domination,Grasp of the Undying,Inspiration,Conqueror,Inspiration,Electrocute,Precision,Lethal Tempo,Domination,Hail of Blades,Inspiration,Flash,Teleport,Flash,Smite,Teleport,Flash,Barrier,Flash,Flash,Heal,Flash,Teleport,Flash,Smite,Teleport,Flash,Flash,Cleanse,Flash,Ignite,1,0,0,0,6,0
https://www.op.gg/summoners/euw/Miyamot%C3%B4%20Musash%C3%AE-EUW/matches/uRd1PvnOddq_Bw85dYdIblATumosdie5EAZ-nt_UCT8%3D/1733438790000,0,13,34,34,13,74,20,85,60,14,29,0,4,0,1,3,5,0,5,47619,57350,13.2,15.0,832,893,30.8,33.0,-9731,9731,1751.503448275862,2109.425287356322,Ambessa,Wukong,Yasuo,Ziggs,Poppy,Camille,Xin Zhao,Orianna,Corki,Soraka,Ruby Crystal,Eclipse,Spear of Shojin,Plated Steelcaps,Tunneler,Pickaxe,Oracle Lens,Sundered Sky,Trinity Force,Black Cleaver,Slightly Magical Footwear,No_Item,No_Item,Stealth Ward,Doran's Shield,Stridebreaker,Berserker's Greaves,Blade of The Ruined King,Long Sword,Control Ward,Farsight Alteration,Doran's Ring,Rabadon's Deathcap,Seraph's Embrace,Oblivion Orb,Sorcerer's Shoes,Blighting Jewel,Farsight Alteration,Control Ward,Bloodsong,Executioner's Calling,Boots of Swiftness,Trailblazer,Kindlegem,Oracle Lens,Ravenous Hydra,No_Item,Plated Steelcaps,Trinity Force,No_Item,No_Item,Oracle Lens,Sundered Sky,Null-Magic Mantle,No_Item,Plated Steelcaps,Black Cleaver,Death's Dance,Oracle Lens,Rabadon's Deathcap,Zhonya's Hourglass,Control Ward,Seraph's Embrace,Dark Seal,Sorcerer's Shoes,Farsight Alteration,Plated Steelcaps,Lord Dominik's Regards,No_Item,Muramana,Trinity Force,Rapid Firecannon,Farsight Alteration,Celestial Opposition,Redemption,Moonstone Renewer,Forbidden Idol,Dark Seal,Ionian Boots of Lucidity,Oracle Lens,Grasp of the Undying,Domination,Conqueror,Inspiration,Grasp of the Undying,Precision,Arcane Comet,Precision,Hail of Blades,Inspiration,Press the Attack,Resolve,Conqueror,Inspiration,Phase Rush,Precision,Conqueror,Inspiration,Summon Aery,Resolve,Teleport,Ignite,Flash,Smite,Teleport,Flash,Flash,Teleport,Ignite,Flash,Flash,Teleport,Flash,Smite,Flash,Teleport,Flash,Barrier,Heal,Flash,0,3,0,1,3,0
https://www.op.gg/summoners/euw/Miyamot%C3%B4%20Musash%C3%AE-EUW/matches/uRd1PvnOddrwCCVQHadF9I5Fe7zOliQoJkjvrQB9xOY%3D/1733436647000,0,3,11,11,3,20,7,42,44,15,25,0,2,0,0,0,2,0,2,28366,35107,10.0,11.0,625,689,34.6,38.0,-6741,6741,1567.1823204419888,1939.6132596685081,Yone,Skarner,Rumble,Kai'Sa,Alistar,Darius,Vi,Ahri,Corki,Leona,Doran's Shield,Berserker's Greaves,Blade of The Ruined King,No_Item,No_Item,No_Item,Stealth Ward,No_Item,Plated Steelcaps,Heartsteel,Giant's Belt,Control Ward,Cloth Armor,Eye of the Herald,Sorcerer's Shoes,Blighting Jewel,No_Item,Dark Seal,Doran's Ring,Liandry's Torment,Farsight Alteration,Doran's Blade,Statikk Shiv,Berserker's Greaves,Pickaxe,Control Ward,Dagger,Farsight Alteration,Celestial Opposition,Control Ward,Locket of the Iron Solari,Boots,Cloth Armor,No_Item,Oracle Lens,Trinity Force,Refillable Potion,Doran's Shield,Mercury's Treads,Negatron Cloak,No_Item,Oracle Lens,Sundered Sky,Black Cleaver,No_Item,Slightly Magical Footwear,No_Item,No_Item,Oracle Lens,Doran's Ring,Malignance,Aether Wisp,Dark Seal,Ionian Boots of Lucidity,No_Item,Oracle Lens,Doran's Blade,Slightly Magical Footwear,No_Item,Trinity Force,Manamune,Zeal,Farsight Alteration,Cloth Armor,Bloodsong,Locket of the Iron Solari,No_Item,No_Item,Boots,Oracle Lens,Lethal Tempo,Resolve,Aftershock,Inspiration,Phase Rush,Domination,Press the Attack,Domination,Aftershock,Inspiration,Conqueror,Sorcery,Conqueror,Inspiration,Electrocute,Sorcery,Conqueror,Inspiration,Aftershock,Inspiration,Teleport,Flash,Flash,Smite,Ignite,Flash,Flash,Cleanse,Flash,Ignite,Flash,Ghost,Flash,Smite,Flash,Teleport,Flash,Barrier,Flash,Ignite,1,2,0,0,4,0
https://www.op.gg/summoners/euw/Miyamot%C3%B4%20Musash%C3%AE-EUW/matches/uRd1PvnOddrEkT9-hh6o09471jxgk_aIWE9h9ed6ZT4%3D/1733435072000,0,27,49,49,27,81,41,55,90,30,15,1,2,0,1,2,10,1,3,57522,66239,14.4,15.8,895,881,30.1,29.4,-8717,8717,1917.4,2207.9666666666667,Darius,Karthus,Akshan,Jhin,Nautilus,Jayce,Lee Sin,Akali,Corki,Leona,Stridebreaker,Sterak's Gage,No_Item,Negatron Cloak,Death's Dance,Plated Steelcaps,Oracle Lens,Sorcerer's Shoes,Blackfire Torch,Horizon Focus,Shadowflame,Oblivion Orb,No_Item,Oracle Lens,Noonquiver,Long Sword,Long Sword,The Collector,Infinity Edge,Boots of Swiftness,Farsight Alteration,Doran's Blade,Hubris,The Collector,Lord Dominik's Regards,Cloak of Agility,Plated Steelcaps,Farsight Alteration,Plated Steelcaps,Locket of the Iron Solari,Winged Moonplate,Control Ward,Celestial Opposition,Giant's Belt,Oracle Lens,Doran's Blade,Edge of Night,Caulfield's Warhammer,Ionian Boots of Lucidity,Muramana,Eclipse,Farsight Alteration,Eclipse,Sundered Sky,Control Ward,Plated Steelcaps,Sterak's Gage,Spirit Visage,Stealth Ward,Shattered Armguard,Stormsurge,Rabadon's Deathcap,Sorcerer's Shoes,Dark Seal,Shadowflame,Oracle Lens,B. F. Sword,Plated Steelcaps,Muramana,Rapid Firecannon,Trinity Force,Infinity Edge,Farsight Alteration,Control Ward,Bloodsong,Locket of the Iron Solari,Redemption,Kindlegem,Plated Steelcaps,Oracle Lens,Conqueror,Sorcery,Dark Harvest,Precision,Press the Attack,Inspiration,Dark Harvest,Precision,Aftershock,Inspiration,Phase Rush,Inspiration,Conqueror,Inspiration,Electrocute,Resolve,Conqueror,Resolve,Aftershock,Inspiration,Flash,Ghost,Flash,Smite,Flash,Teleport,Flash,Cleanse,Flash,Ignite,Teleport,Flash,Flash,Smite,Teleport,Flash,Flash,Barrier,Flash,Ignite,0,5,0,0,1,1
https://www.op.gg/summoners/euw/Miyamot%C3%B4%20Musash%C3%AE-EUW/matches/uRd1PvnOddriIE_wPiAYWp9Aw8nW88ksinT_tXwl6LY%3D/1733432580000,1,31,23,23,31,45,56,70,52,12,18,3,0,1,0,9,2,4,0,56174,47848,14.0,13.0,737,770,27.7,28.8,8326,-8326,2102.418713450292,1790.8023391812865,Zac,Udyr,Yasuo,Corki,Nautilus,Maokai,Skarner,Akali,Caitlyn,Soraka,Thornmail,No_Item,Mercury's Treads,Dark Seal,Spirit Visage,Sunfire Aegis,Stealth Ward,Liandry's Torment,Spirit Visage,Dark Seal,Unending Despair,Ruby Crystal,Mercury's Treads,Oracle Lens,Doran's Shield,Blade of The Ruined King,Berserker's Greaves,Immortal Shieldbow,Infinity Edge,Dead Man's Plate,Farsight Alteration,Doran's Blade,No_Item,Trinity Force,Rapid Firecannon,Boots,Muramana,Farsight Alteration,Bloodsong,Locket of the Iron Solari,Ionian Boots of Lucidity,Kindlegem,Oblivion Orb,Chain Vest,Oracle Lens,Ruby Crystal,Unending Despair,Ionian Boots of Lucidity,Fimbulwinter,Oblivion Orb,Kindlegem,Stealth Ward,Heartsteel,Randuin's Omen,No_Item,Plated Steelcaps,Abyssal Mask,No_Item,Oracle Lens,Riftmaker,Lich Bane,Sorcerer's Shoes,Haunting Guise,Amplifying Tome,Doran's Shield,Oracle Lens,The Collector,Mortal Reminder,B. F. Sword,Berserker's Greaves,Pickaxe,Cloak of Agility,Farsight Alteration,Celestial Opposition,Redemption,Moonstone Renewer,Dark Seal,Forbidden Idol,Ionian Boots of Lucidity,Oracle Lens,Grasp of the Undying,Precision,Conqueror,Resolve,Grasp of the Undying,Precision,Conqueror,Resolve,Electrocute,Resolve,Grasp of the Undying,Inspiration,Grasp of the Undying,Inspiration,Conqueror,Resolve,Fleet Footwork,Sorcery,Summon Aery,Resolve,Flash,Teleport,Smite,Flash,Teleport,Flash,Flash,Barrier,Flash,Ignite,Ignite,Teleport,Flash,Smite,Flash,Teleport,Flash,Barrier,Heal,Flash,1,6,2,0,0,0
https://www.op.gg/summoners/euw/Miyamot%C3%B4%20Musash%C3%AE-EUW/matches/uRd1PvnOddprXPPwaE4uBctUOTLMbDFeNkeBi0y6Kws%3D/1733428454000,1,32,29,29,32,47,55,69,77,37,21,3,1,2,0,11,3,5,1,66665,57263,15.0,14.4,858,897,29.0,30.3,9402,-9402,2254.3719806763283,1936.429951690821,Gnar,Xin Zhao,Taliyah,Draven,Lulu,Yone,Vi,Akali,Hwei,Rakan,Wit's End,Plated Steelcaps,Sterak's Gage,Trinity Force,Ruby Crystal,Warden's Mail,Oracle Lens,Black Cleaver,Sundered Sky,No_Item,Mercury's Treads,Spirit Visage,Sterak's Gage,Oracle Lens,Sorcerer's Shoes,Zhonya's Hourglass,Blackfire Torch,Liandry's Torment,Dark Seal,Fiendish Codex,Farsight Alteration,Infinity Edge,Serpent's Fang,Long Sword,Bloodthirster,Berserker's Greaves,The Collector,Farsight Alteration,Redemption,Dream Maker,Watchful Wardstone,Forbidden Idol,Ionian Boots of Lucidity,Moonstone Renewer,Oracle Lens,B. F. Sword,Stridebreaker,Blade of The Ruined King,Cloak of Agility,Pickaxe,Berserker's Greaves,Oracle Lens,Sundered Sky,Randuin's Omen,Black Cleaver,Null-Magic Mantle,Rejuvenation Bead,Plated Steelcaps,Oracle Lens,Rabadon's Deathcap,Void Staff,Boots,Dark Seal,Stormsurge,Shadowflame,Oracle Lens,Blasting Wand,Horizon Focus,Ionian Boots of Lucidity,Luden's Companion,Blighting Jewel,Dark Seal,Farsight Alteration,Locket of the Iron Solari,Celestial Opposition,Control Ward,Zeke's Convergence,Mercury's Treads,Ruby Crystal,Oracle Lens,Grasp of the Undying,Precision,Conqueror,Inspiration,Conqueror,Sorcery,Lethal Tempo,Domination,Summon Aery,Resolve,Lethal Tempo,Resolve,Conqueror,Inspiration,Electrocute,Resolve,Arcane Comet,Inspiration,Guardian,Domination,Teleport,Flash,Flash,Smite,Teleport,Flash,Flash,Barrier,Flash,Heal,Flash,Teleport,Smite,Flash,Ignite,Flash,Teleport,Flash,Flash,Ignite,1,2,2,0,4,0
https://www.op.gg/summoners/euw/Miyamot%C3%B4%20Musash%C3%AE-EUW/matches/uRd1PvnOddpCWJYQRxY__zi_ZzdizMP7shxGG6LCgho%3D/1733356845000,0,34,52,52,34,111,69,83,139,45,28,2,3,2,0,5,8,4,3,73648,77507,16.8,16.8,1003,1011,27.1,27.5,-3859,3859,1990.4864864864865,2094.7837837837837,Volibear,Xin Zhao,Sylas,Corki,Hwei,Jax,Lee Sin,Aurora,Ashe,Nami,Boots of Swiftness,Spirit Visage,Hextech Rocketbelt,Oblivion Orb,Unending Despair,Cosmic Drive,Oracle Lens,Sundered Sky,Titanic Hydra,Knight's Vow,Mercury's Treads,Sterak's Gage,Null-Magic Mantle,Oracle Lens,Hextech Rocketbelt,Zhonya's Hourglass,Blighting Jewel,Mercury's Treads,Dark Seal,Cosmic Drive,Oracle Lens,Trinity Force,Muramana,Rapid Firecannon,Bloodthirster,Plated Steelcaps,Null-Magic Mantle,Farsight Alteration,Sorcerer's Shoes,Blackfire Torch,Liandry's Torment,Zaz'Zak's Realmspike,Shadowflame,Banshee's Veil,Oracle Lens,Sterak's Gage,Trinity Force,Sundered Sky,Mercury's Treads,Spear of Shojin,Wit's End,Stealth Ward,Eclipse,Sundered Sky,Long Sword,Plated Steelcaps,Death's Dance,Hexdrinker,Stealth Ward,Rabadon's Deathcap,Malignance,Shadowflame,Blighting Jewel,Liandry's Torment,Sorcerer's Shoes,Farsight Alteration,Kraken Slayer,Phantom Dancer,Vampiric Scepter,Mortal Reminder,Berserker's Greaves,Infinity Edge,Farsight Alteration,Ardent Censer,Solstice Sleigh,Oblivion Orb,Shurelya's Battlesong,Boots of Swiftness,Imperial Mandate,Oracle Lens,Press the Attack,Resolve,Conqueror,Inspiration,Conqueror,Resolve,Conqueror,Inspiration,Summon Aery,Inspiration,Lethal Tempo,Inspiration,Conqueror,Inspiration,Electrocute,Sorcery,Lethal Tempo,Inspiration,Summon Aery,Domination,Flash,Teleport,Flash,Smite,Flash,Teleport,Flash,Barrier,Flash,Ignite,Flash,Teleport,Smite,Flash,Flash,Teleport,Flash,Barrier,Flash,Heal,1,3,0,0,3,2
https://www.op.gg/summoners/euw/Miyamot%C3%B4%20Musash%C3%AE-EUW/matches/uRd1PvnOddrx134KSaNzfeK1xlS422swN88jJXM612Q%3D/1733353736000,0,21,31,31,22,69,29,79,94,35,32,3,1,1,1,8,8,4,2,62787,63028,15.2,16.0,1027,923,33.0,29.6,-241,241,2010.0874100719427,2017.802877697842,Darius,Bel'Veth,Corki,Aurora,Nautilus,Gnar,Ivern,Fizz,Ezreal,Nami,Stridebreaker,Sterak's Gage,Boots of Swiftness,Negatron Cloak,Ruby Crystal,Chain Vest,Oracle Lens,Hullbreaker,Kraken Slayer,Plated Steelcaps,Wit's End,Guardian Angel,Cloth Armor,Oracle Lens,B. F. Sword,Muramana,Trinity Force,Rapid Firecannon,Mercury's Treads,Cloak of Agility,Farsight Alteration,Shadowflame,Malignance,Shattered Armguard,Sorcerer's Shoes,Horizon Focus,Needlessly Large Rod,Farsight Alteration,Celestial Opposition,Control Ward,Locket of the Iron Solari,Knight's Vow,Mercury's Treads,Bramble Vest,Oracle Lens,Plated Steelcaps,Sterak's Gage,Warden's Mail,Wit's End,Doran's Blade,Trinity Force,Oracle Lens,Mejai's Soulstealer,Redemption,Control Ward,Ionian Boots of Lucidity,Moonstone Renewer,Staff of Flowing Water,Oracle Lens,Zhonya's Hourglass,Cryptbloom,Lich Bane,Ionian Boots of Lucidity,Dark Seal,Needlessly Large Rod,Oracle Lens,Ionian Boots of Lucidity,Muramana,Serylda's Grudge,Trinity Force,Spear of Shojin,No_Item,Farsight Alteration,Boots of Swiftness,Dream Maker,Fiendish Codex,Shurelya's Battlesong,Forbidden Idol,Imperial Mandate,Oracle Lens,Conqueror,Sorcery,Press the Attack,Domination,Conqueror,Inspiration,Electrocute,Sorcery,Aftershock,Inspiration,Grasp of the Undying,Precision,Glacial Augment,Sorcery,Electrocute,Sorcery,Conqueror,Inspiration,Summon Aery,Domination,Flash,Ghost,Flash,Smite,Flash,Teleport,Flash,Teleport,Flash,Ignite,Teleport,Flash,Flash,Smite,Flash,Ignite,Flash,Barrier,Flash,Heal,1,6,2,0,0,1
https://www.op.gg/summoners/euw/Miyamot%C3%B4%20Musash%C3%AE-EUW/matches/uRd1PvnOddofocVeIrZCWRil7jcfTGtUCaYdqrJLxn0%3D/1733350722000,1,38,18,18,38,23,47,53,60,18,15,4,0,1,0,11,4,5,0,61722,52773,15.2,13.8,855,831,32.1,31.2,8949,-8949,2328.6027272727274,1990.9813636363638,Gangplank,Xin Zhao,Sylas,Ashe,Karma,Gwen,Karthus,Ambessa,Corki,Pyke,Trinity Force,The Collector,Mortal Reminder,Essence Reaver,Boots of Swiftness,No_Item,Farsight Alteration,Wit's End,Titanic Hydra,Tunneler,Plated Steelcaps,Sundered Sky,Ruby Crystal,Oracle Lens,Shattered Armguard,Hextech Rocketbelt,Cosmic Drive,Dark Seal,Riftmaker,Ionian Boots of Lucidity,Oracle Lens,Doran's Blade,Berserker's Greaves,Kraken Slayer,Trinity Force,Recurve Bow,Hearthbound Axe,Farsight Alteration,Locket of the Iron Solari,Control Ward,Zaz'Zak's Realmspike,Boots of Swiftness,Moonstone Renewer,Echoes of Helia,Oracle Lens,Rabadon's Deathcap,No_Item,Nashor's Tooth,Shadowflame,Sorcerer's Shoes,Oblivion Orb,Farsight Alteration,Blackfire Torch,Shadowflame,Dark Seal,Needlessly Large Rod,Sorcerer's Shoes,No_Item,Oracle Lens,Plated Steelcaps,Eclipse,Spear of Shojin,Control Ward,Ruby Crystal,Doran's Shield,Oracle Lens,Slightly Magical Footwear,Muramana,Trinity Force,Infinity Edge,Doran's Blade,Cloak of Agility,Farsight Alteration,Synchronized Souls,Control Ward,No_Item,Bloodsong,Youmuu's Ghostblade,Edge of Night,Oracle Lens,Grasp of the Undying,Inspiration,Conqueror,Inspiration,Conqueror,Resolve,Lethal Tempo,Inspiration,Arcane Comet,Resolve,Conqueror,Resolve,Dark Harvest,Precision,Conqueror,Resolve,Conqueror,Inspiration,Hail of Blades,Resolve,Flash,Teleport,Flash,Smite,Flash,Teleport,Flash,Barrier,Flash,Heal,Teleport,Flash,Smite,Flash,Teleport,Flash,Barrier,Flash,Flash,Ignite,0,6,3,1,0,0
https://www.op.gg/summoners/euw/Miyamot%C3%B4%20Musash%C3%AE-EUW/matches/uRd1PvnOddorVaK93YA8dJ1agaJckgLbqB7Q0jimbGI%3D/1733348346000,0,33,47,47,33,77,44,63,88,33,23,2,2,1,0,5,11,3,2,57519,67128,14.0,15.4,711,845,24.2,28.7,-9609,9609,1952.9706976744185,2279.2297674418605,Sett,Skarner,Sylas,Kog'Maw,Pyke,Gragas,Xin Zhao,Fizz,Caitlyn,Nami,Stridebreaker,Sterak's Gage,Mercury's Treads,Tunneler,Tunneler,No_Item,Oracle Lens,Abyssal Mask,No_Item,Control Ward,Sterak's Gage,Heartsteel,Mercury's Treads,Oracle Lens,Banshee's Veil,No_Item,No_Item,No_Item,No_Item,No_Item,Oracle Lens,Doran's Ring,Hextech Alternator,Sorcerer's Shoes,Rylai's Crystal Scepter,Luden's Companion,Seraph's Embrace,Farsight Alteration,Celestial Opposition,Umbral Glaive,Ionian Boots of Lucidity,Edge of Night,Control Ward,Long Sword,Oracle Lens,Ionian Boots of Lucidity,Lost Chapter,Cosmic Drive,Void Staff,Riftmaker,Lich Bane,Oracle Lens,Eclipse,Sundered Sky,Kindlegem,Plated Steelcaps,No_Item,Phage,Oracle Lens,Zhonya's Hourglass,Cryptbloom,Ionian Boots of Lucidity,Dark Seal,Doran's Ring,Lich Bane,Oracle Lens,B. F. Sword,Infinity Edge,The Collector,Berserker's Greaves,Lord Dominik's Regards,Rapid Firecannon,Farsight Alteration,Moonstone Renewer,Dream Maker,Faerie Charm,Shurelya's Battlesong,Boots of Swiftness,Imperial Mandate,Oracle Lens,Conqueror,Resolve,Grasp of the Undying,Inspiration,Electrocute,Inspiration,Arcane Comet,Precision,Hail of Blades,Resolve,Phase Rush,Precision,Conqueror,Inspiration,Electrocute,Sorcery,Lethal Tempo,Domination,Summon Aery,Domination,Flash,Teleport,Smite,Flash,Flash,Teleport,Flash,Teleport,Flash,Ignite,Teleport,Flash,Flash,Smite,Flash,Ignite,Flash,Barrier,Flash,Heal,1,5,0,0,1,3
https://www.op.gg/summoners/euw/Miyamot%C3%B4%20Musash%C3%AE-EUW/matches/uRd1PvnOddoyQUJBj6ZsJxVnqIdLEiQrfi0Z_7DEFFQ%3D/1733346253000,0,16,31,31,16,62,28,72,77,22,24,0,3,1,0,2,3,1,3,45846,52912,13.0,13.8,748,805,29.2,31.2,-7066,7066,1792.8603351955305,2069.1843575418993,Aurora,Xin Zhao,Ahri,Corki,Nautilus,Jayce,Viego,Kayle,Ashe,Braum,Malignance,Dark Seal,No_Item,Hextech Alternator,Stormsurge,Boots of Swiftness,Oracle Lens,Sundered Sky,Titanic Hydra,Long Sword,Plated Steelcaps,Ruby Crystal,Ruby Crystal,Oracle Lens,Needlessly Large Rod,Doran's Ring,Malignance,Horizon Focus,Sorcerer's Shoes,Amplifying Tome,Oracle Lens,Doran's Blade,Trinity Force,Muramana,Plated Steelcaps,B. F. Sword,Cloak of Agility,Farsight Alteration,Bloodsong,Kindlegem,Warmog's Armor,Mercury's Treads,Control Ward,No_Item,Oracle Lens,Eclipse,Muramana,Opportunity,Tunneler,Doran's Blade,Ionian Boots of Lucidity,Farsight Alteration,Kraken Slayer,Plated Steelcaps,Titanic Hydra,Steel Sigil,Caulfield's Warhammer,No_Item,Oracle Lens,Lich Bane,Rabadon's Deathcap,Nashor's Tooth,Needlessly Large Rod,No_Item,Boots of Swiftness,Farsight Alteration,Doran's Blade,Trinity Force,Kraken Slayer,Berserker's Greaves,Dagger,No_Item,Farsight Alteration,Kindlegem,Celestial Opposition,Locket of the Iron Solari,Control Ward,Chain Vest,Mercury's Treads,Oracle Lens,Electrocute,Sorcery,Conqueror,Inspiration,Electrocute,Sorcery,Conqueror,Inspiration,Aftershock,Inspiration,Phase Rush,Inspiration,Conqueror,Inspiration,Press the Attack,Sorcery,Lethal Tempo,Inspiration,Guardian,Inspiration,Teleport,Flash,Flash,Smite,Teleport,Flash,Teleport,Flash,Flash,Ignite,Teleport,Flash,Smite,Flash,Flash,Teleport,Flash,Barrier,Flash,Heal,1,0,0,0,3,0
https://www.op.gg/summoners/euw/Miyamot%C3%B4%20Musash%C3%AE-EUW/matches/uRd1PvnOddphE0NTNTHTCB2eqMLscD8nnBAVGvm-rBM%3D/1733269225000,0,29,33,33,29,69,68,113,67,27,43,1,4,0,2,4,7,1,6,57755,66349,14.8,16.2,880,975,27.0,29.9,-8594,8594,1768.0102040816328,2031.091836734694,Maokai,Lee Sin,Aurora,Corki,Bard,Ambessa,Nidalee,Qiyana,Ashe,Poppy,Unending Despair,Fimbulwinter,Boots of Swiftness,Spirit Visage,Cloth Armor,Ruby Crystal,Farsight Alteration,Eclipse,Sundered Sky,No_Item,Plated Steelcaps,Pickaxe,Tunneler,Stealth Ward,Haunting Guise,Fated Ashes,No_Item,Stormsurge,Sorcerer's Shoes,Malignance,Stealth Ward,Mortal Reminder,Muramana,Plated Steelcaps,Trinity Force,The Collector,B. F. Sword,Farsight Alteration,Heartsteel,Boots of Swiftness,Ruby Crystal,Bloodsong,Winged Moonplate,Chain Vest,Oracle Lens,Sterak's Gage,Eclipse,Long Sword,Spear of Shojin,Death's Dance,Mercury's Treads,Oracle Lens,Zhonya's Hourglass,Control Ward,Dark Seal,Sorcerer's Shoes,Liandry's Torment,Needlessly Large Rod,Oracle Lens,Ionian Boots of Lucidity,Profane Hydra,Youmuu's Ghostblade,Guardian Angel,Serylda's Grudge,No_Item,Oracle Lens,B. F. Sword,Berserker's Greaves,Kraken Slayer,Runaan's Hurricane,Lord Dominik's Regards,Pickaxe,Farsight Alteration,Mercury's Treads,Celestial Opposition,Locket of the Iron Solari,No_Item,Bramble Vest,Winged Moonplate,Oracle Lens,Grasp of the Undying,Inspiration,Conqueror,Inspiration,Electrocute,Sorcery,Conqueror,Inspiration,Guardian,Inspiration,Conqueror,Resolve,Conqueror,Sorcery,Electrocute,Precision,Lethal Tempo,Inspiration,Aftershock,Inspiration,Teleport,Ignite,Flash,Smite,Flash,Teleport,Flash,Cleanse,Flash,Exhaust,Flash,Teleport,Flash,Smite,Flash,Ignite,Barrier,Flash,Flash,Ignite,1,3,0,0,3,1
https://www.op.gg/summoners/euw/Miyamot%C3%B4%20Musash%C3%AE-EUW/matches/uRd1PvnOddr-pJdlW0-zqby3I5jdW9Vx-8JW6LioBIY%3D/1733266517000,1,21,14,14,21,22,32,48,59,17,10,1,2,1,0,11,1,2,2,56476,42463,14.0,13.0,885,718,34.5,28.0,14013,-14013,2193.8753846153845,1649.5242307692306,Irelia,Zyra,Qiyana,Jhin,Thresh,Aatrox,Skarner,Malphite,Varus,Shaco,Doran's Blade,Blade of The Ruined King,Terminus,Mercury's Treads,Sundered Sky,Giant's Belt,Farsight Alteration,Liandry's Torment,Shadowflame,Blasting Wand,Sorcerer's Shoes,Amplifying Tome,Giant's Belt,Oracle Lens,Eclipse,Long Sword,Muramana,Serylda's Grudge,Slightly Magical Footwear,Long Sword,Oracle Lens,B. F. Sword,Long Sword,Doran's Blade,Mortal Reminder,Infinity Edge,Plated Steelcaps,Farsight Alteration,Kindlegem,Locket of the Iron Solari,Forbidden Idol,Solstice Sleigh,Control Ward,Ionian Boots of Lucidity,Oracle Lens,Eclipse,Refillable Potion,Serylda's Grudge,Plated Steelcaps,Long Sword,No_Item,Farsight Alteration,Sterak's Gage,Null-Magic Mantle,No_Item,Heartsteel,No_Item,Ionian Boots of Lucidity,Oracle Lens,Doran's Ring,Plated Steelcaps,Refillable Potion,Sunfire Aegis,Thornmail,Ruby Crystal,Farsight Alteration,Boots of Swiftness,Muramana,Opportunity,Edge of Night,Long Sword,No_Item,Farsight Alteration,Umbral Glaive,No_Item,Voltaic Cyclosword,Bloodsong,Boots,Long Sword,Oracle Lens,Conqueror,Inspiration,Arcane Comet,Precision,First Strike,Domination,Dark Harvest,Precision,Aftershock,Inspiration,Conqueror,Resolve,Grasp of the Undying,Inspiration,Grasp of the Undying,Sorcery,Arcane Comet,Inspiration,Hail of Blades,Sorcery,Flash,Teleport,Flash,Smite,Flash,Teleport,Barrier,Flash,Exhaust,Flash,Flash,Teleport,Flash,Smite,Flash,Teleport,Flash,Barrier,Flash,Ignite,1,6,2,0,0,0
https://www.op.gg/summoners/euw/Miyamot%C3%B4%20Musash%C3%AE-EUW/matches/uRd1PvnOddq1P8r8ScweCT1OJmEV8mvk5fWmowt530o%3D/1733262952000,0,41,39,40,42,84,93,124,103,44,47,1,5,1,2,8,9,2,7,79943,80818,17.2,17.8,1093,1098,27.7,27.8,-875,875,2033.8855123674912,2056.146996466431,Renekton,Ivern,Akali,Ashe,Vi,K'Sante,Master Yi,Sylas,Ezreal,Braum,Sterak's Gage,Eclipse,Black Cleaver,Plated Steelcaps,Spirit Visage,Steel Sigil,Oracle Lens,Mejai's Soulstealer,Redemption,Dawncore,Ionian Boots of Lucidity,Moonstone Renewer,Staff of Flowing Water,Oracle Lens,Sorcerer's Shoes,Zhonya's Hourglass,Hextech Rocketbelt,Lich Bane,Rabadon's Deathcap,Void Staff,Oracle Lens,Berserker's Greaves,Infinity Edge,Vampiric Scepter,Phantom Dancer,Yun Tal Wildarrows,Lord Dominik's Regards,Farsight Alteration,Sundered Sky,Watchful Wardstone,Celestial Opposition,Knight's Vow,Ionian Boots of Lucidity,Kindlegem,Oracle Lens,Thornmail,Kaenic Rookern,Mercury's Treads,Giant's Belt,"Jak'Sho, The Protean",Iceborn Gauntlet,Oracle Lens,Guinsoo's Rageblade,Blade of The Ruined King,Titanic Hydra,Kraken Slayer,Berserker's Greaves,Caulfield's Warhammer,Oracle Lens,Zhonya's Hourglass,Hextech Rocketbelt,Cosmic Drive,Blighting Jewel,Ionian Boots of Lucidity,Rabadon's Deathcap,Oracle Lens,Trinity Force,Muramana,Serylda's Grudge,Spear of Shojin,Serpent's Fang,Mercury's Treads,Farsight Alteration,Solstice Sleigh,Locket of the Iron Solari,Chain Vest,Knight's Vow,Bramble Vest,Mercury's Treads,Oracle Lens,Conqueror,Resolve,Summon Aery,Inspiration,Electrocute,Resolve,Lethal Tempo,Inspiration,Aftershock,Domination,Grasp of the Undying,Inspiration,Lethal Tempo,Domination,Conqueror,Resolve,Conqueror,Inspiration,Guardian,Inspiration,Teleport,Flash,Flash,Smite,Teleport,Flash,Barrier,Flash,Flash,Ignite,Flash,Teleport,Flash,Smite,Flash,Teleport,Flash,Barrier,Flash,Exhaust,0,3,1,1,0,1
https://www.op.gg/summoners/euw/Miyamot%C3%B4%20Musash%C3%AE-EUW/matches/uRd1PvnOddrS7cyf916QPNZNmIZLhJ3HryJdw0oXwxQ%3D/1733002270000,0,13,29,29,13,28,14,47,42,9,14,0,2,0,0,1,5,0,2,35602,43970,10.8,11.8,618,656,31.7,33.8,-8368,8368,1835.3826086956522,2266.776397515528,Fiora,Graves,Syndra,Xayah,Pyke,Ambessa,Zyra,Yasuo,Ashe,Braum,Slightly Magical Footwear,Ravenous Hydra,Phage,Hearthbound Axe,No_Item,Doran's Shield,Stealth Ward,Long Sword,The Collector,Youmuu's Ghostblade,Boots,Control Ward,Long Sword,Oracle Lens,Refillable Potion,Seeker's Armguard,No_Item,Doran's Ring,Boots,Luden's Companion,Stealth Ward,Doran's Blade,Essence Reaver,Navori Flickerblade,Berserker's Greaves,Last Whisper,Control Ward,Farsight Alteration,Celestial Opposition,Boots of Swiftness,No_Item,Umbral Glaive,Long Sword,Long Sword,Oracle Lens,Doran's Shield,Spear of Shojin,Plated Steelcaps,Eclipse,No_Item,No_Item,Stealth Ward,Liandry's Torment,Blasting Wand,Dark Seal,Ionian Boots of Lucidity,Shadowflame,Giant's Belt,Oracle Lens,Doran's Shield,Berserker's Greaves,Kraken Slayer,Navori Flickerblade,Cloak of Agility,No_Item,Farsight Alteration,Kraken Slayer,Phantom Dancer,Long Sword,Pickaxe,Berserker's Greaves,No_Item,Farsight Alteration,Plated Steelcaps,Cloth Armor,Locket of the Iron Solari,Solstice Sleigh,Control Ward,Cloth Armor,Oracle Lens,Grasp of the Undying,Inspiration,Dark Harvest,Precision,Electrocute,Sorcery,Press the Attack,Inspiration,Hail of Blades,Sorcery,Conqueror,Resolve,Electrocute,Precision,Fleet Footwork,Resolve,Lethal Tempo,Inspiration,Guardian,Inspiration,Flash,Teleport,Flash,Smite,Teleport,Flash,Flash,Cleanse,Flash,Ignite,Flash,Teleport,Flash,Smite,Teleport,Flash,Flash,Barrier,Flash,Ignite,0,0,0,1,6,0
https://www.op.gg/summoners/euw/Miyamot%C3%B4%20Musash%C3%AE-EUW/matches/uRd1PvnOddrzZk0Mu7BPC8FuPk6aM50YUUVY1GjMrtU%3D/1733000199000,1,40,31,31,41,55,56,73,58,17,25,3,1,2,0,10,1,5,1,64925,55235,15.4,14.4,835,785,29.3,27.599999999999998,9690,-9690,2268.8844086021504,1930.255376344086,Heimerdinger,Viego,Ambessa,Karthus,Nautilus,Renekton,Yorick,Veigar,Corki,Thresh,Blackfire Torch,Rylai's Crystal Scepter,Blighting Jewel,Sorcerer's Shoes,Fiendish Codex,Liandry's Torment,Oracle Lens,Trinity Force,Kraken Slayer,Recurve Bow,Boots of Swiftness,Sundered Sky,Null-Magic Mantle,Oracle Lens,Steel Sigil,Sterak's Gage,Caulfield's Warhammer,Spear of Shojin,Voltaic Cyclosword,Mercury's Treads,Oracle Lens,Blackfire Torch,Sorcerer's Shoes,Shadowflame,Void Staff,Oblivion Orb,Needlessly Large Rod,Farsight Alteration,Plated Steelcaps,Locket of the Iron Solari,Celestial Opposition,Kindlegem,Knight's Vow,Control Ward,Oracle Lens,Eclipse,Pickaxe,Sterak's Gage,Steel Sigil,Caulfield's Warhammer,Mercury's Treads,Oracle Lens,Black Cleaver,Trinity Force,Bramble Vest,Mercury's Treads,No_Item,No_Item,Oracle Lens,Fimbulwinter,Void Staff,Rabadon's Deathcap,Dark Seal,Ionian Boots of Lucidity,Verdant Barrier,Farsight Alteration,Infinity Edge,Slightly Magical Footwear,Trinity Force,Muramana,Lord Dominik's Regards,No_Item,Farsight Alteration,Solstice Sleigh,Boots of Swiftness,Locket of the Iron Solari,Redemption,Ruby Crystal,No_Item,Oracle Lens,Conqueror,Sorcery,Conqueror,Inspiration,Conqueror,Resolve,Dark Harvest,Precision,Aftershock,Inspiration,Conqueror,Resolve,Conqueror,Inspiration,Electrocute,Sorcery,Conqueror,Inspiration,Aftershock,Inspiration,Flash,Teleport,Flash,Smite,Flash,Teleport,Flash,Exhaust,Flash,Ignite,Teleport,Flash,Smite,Flash,Flash,Teleport,Flash,Barrier,Flash,Ignite,1,6,2,0,0,0
https://www.op.gg/summoners/euw/Miyamot%C3%B4%20Musash%C3%AE-EUW/matches/uRd1PvnOddrV1u9a5y1LMzSviXbNomp0YtQfzVH49MQ%3D/1732997373000,1,26,9,9,26,12,20,36,24,7,8,1,0,0,0,4,0,1,0,37132,26268,10.6,9.2,531,456,34.0,29.3,10864,-10864,2387.057142857143,1688.6571428571428,Vayne,Viego,Hwei,Corki,Pyke,Swain,Nunu & Willump,Jayce,Smolder,Nami,Doran's Blade,Statikk Shiv,Sheen,Plated Steelcaps,Phage,No_Item,Farsight Alteration,Kraken Slayer,Slightly Magical Footwear,Sundered Sky,No_Item,Gustwalker Hatchling,Control Ward,Eye of the Herald,Doran's Ring,Sorcerer's Shoes,Haunting Guise,Control Ward,Dark Seal,Blackfire Torch,Stealth Ward,Trinity Force,Boots,Manamune,Doran's Blade,Zeal,Dagger,Farsight Alteration,Bloodsong,Umbral Glaive,Control Ward,Boots of Swiftness,Serrated Dirk,Ruby Crystal,Oracle Lens,Doran's Ring,Malignance,Boots,Amplifying Tome,Blasting Wand,No_Item,Stealth Ward,Gustwalker Hatchling,Liandry's Torment,Dark Seal,Ionian Boots of Lucidity,No_Item,No_Item,Oracle Lens,Doran's Blade,No_Item,Youmuu's Ghostblade,Tear of the Goddess,No_Item,Boots,Farsight Alteration,Vampiric Scepter,Boots of Swiftness,Hubris,Dagger,No_Item,Doran's Blade,Farsight Alteration,Ionian Boots of Lucidity,Imperial Mandate,No_Item,Solstice Sleigh,Kindlegem,Forbidden Idol,Oracle Lens,Press the Attack,Domination,Conqueror,Inspiration,Arcane Comet,Precision,Conqueror,Inspiration,Hail of Blades,Resolve,Conqueror,Resolve,Phase Rush,Domination,Electrocute,Sorcery,Arcane Comet,Inspiration,Summon Aery,Inspiration,Teleport,Flash,Flash,Smite,Flash,Teleport,Flash,Barrier,Flash,Ignite,Flash,Teleport,Flash,Smite,Teleport,Flash,Flash,Teleport,Heal,Flash,1,6,0,0,0,0
https://www.op.gg/summoners/euw/Miyamot%C3%B4%20Musash%C3%AE-EUW/matches/uRd1PvnOddpRl7LKV0Y2wJDRADj6p_JUlMjGWdrLBQY%3D/1732996100000,0,11,25,25,11,45,21,62,61,13,19,0,4,1,0,3,7,1,4,45585,53915,13.2,14.2,781,862,29.8,32.9,-8330,8330,1745.2542857142857,2064.174285714286,Jax,Wukong,Sylas,Corki,Leona,Poppy,Volibear,Ryze,Ashe,Braum,Trinity Force,Sundered Sky,Long Sword,Ruby Crystal,Ruby Crystal,Mercury's Treads,Stealth Ward,Trinity Force,Black Cleaver,Tunneler,Boots of Swiftness,No_Item,No_Item,Oracle Lens,Hextech Rocketbelt,Sorcerer's Shoes,Dark Seal,Doran's Ring,Shadowflame,Amplifying Tome,Oracle Lens,Infinity Edge,Trinity Force,Muramana,Doran's Blade,No_Item,Plated Steelcaps,Farsight Alteration,Mercury's Treads,Locket of the Iron Solari,Celestial Opposition,Kindlegem,Chain Vest,Control Ward,Oracle Lens,Unending Despair,"Jak'Sho, The Protean",No_Item,Sundered Sky,Fimbulwinter,Mercury's Treads,Oracle Lens,Iceborn Gauntlet,Ionian Boots of Lucidity,Black Cleaver,Frozen Heart,Glowing Mote,Spectre's Cowl,Oracle Lens,Rod of Ages,Seraph's Embrace,Cloth Armor,Liandry's Torment,Oblivion Orb,Mercury's Treads,Farsight Alteration,Elixir of Wrath,Trinity Force,Zeal,Kraken Slayer,Berserker's Greaves,Doran's Blade,Farsight Alteration,Knight's Vow,Celestial Opposition,Locket of the Iron Solari,Control Ward,No_Item,Mercury's Treads,Oracle Lens,Grasp of the Undying,Inspiration,Conqueror,Inspiration,Electrocute,Sorcery,Conqueror,Inspiration,Aftershock,Inspiration,Grasp of the Undying,Sorcery,Press the Attack,Sorcery,Phase Rush,Precision,Lethal Tempo,Inspiration,Guardian,Inspiration,Flash,Teleport,Flash,Smite,Teleport,Flash,Flash,Cleanse,Flash,Ignite,Teleport,Flash,Flash,Smite,Flash,Teleport,Flash,Cleanse,Flash,Ignite,0,3,0,1,3,1
https://www.op.gg/summoners/euw/Miyamot%C3%B4%20Musash%C3%AE-EUW/matches/uRd1PvnOddrMouvGPjGHEOndt6wZiSPtqxCKMyjy9lM%3D/1732993703000,1,25,7,7,25,13,35,33,33,5,3,2,0,0,0,6,0,2,0,38349,23654,10.2,7.8,537,337,35.1,22.099999999999998,14695,-14695,2507.4346153846154,1546.6076923076923,Renekton,Vi,Aurora,Ashe,Seraphine,Ambessa,Skarner,Twisted Fate,Jhin,Lux,Doran's Blade,No_Item,Mercury's Treads,Sterak's Gage,Steel Sigil,Black Cleaver,Stealth Ward,No_Item,Sundered Sky,Phage,Slightly Magical Footwear,Pickaxe,Ruby Crystal,Oracle Lens,Sorcerer's Shoes,Aether Wisp,Dark Seal,Doran's Ring,Luden's Companion,Hextech Alternator,Farsight Alteration,Kraken Slayer,No_Item,No_Item,Berserker's Greaves,No_Item,Doran's Blade,Stealth Ward,Solstice Sleigh,Redemption,No_Item,Boots of Swiftness,Dark Seal,No_Item,Oracle Lens,Doran's Blade,Eclipse,Boots,No_Item,No_Item,No_Item,Stealth Ward,Mosstomper Seedling,Heartsteel,Ionian Boots of Lucidity,Ruby Crystal,Ruby Crystal,No_Item,Stealth Ward,Refillable Potion,Dark Seal,Rod of Ages,Ionian Boots of Lucidity,Aether Wisp,Doran's Ring,Farsight Alteration,Refillable Potion,Boots of Swiftness,Serrated Dirk,Rectrix,No_Item,Doran's Blade,Stealth Ward,Boots,Hextech Alternator,Runic Compass,Lost Chapter,No_Item,No_Item,Oracle Lens,Conqueror,Resolve,Conqueror,Inspiration,Electrocute,Sorcery,Lethal Tempo,Inspiration,Summon Aery,Resolve,Conqueror,Resolve,Aftershock,Inspiration,Electrocute,Sorcery,Fleet Footwork,Inspiration,Arcane Comet,Resolve,Teleport,Flash,Flash,Smite,Flash,Teleport,Flash,Cleanse,Flash,Heal,Teleport,Ignite,Flash,Smite,Flash,Teleport,Cleanse,Flash,Flash,Heal,0,6,0,0,0,0
https://www.op.gg/summoners/euw/Miyamot%C3%B4%20Musash%C3%AE-EUW/matches/uRd1PvnOddoT65nJqqRmDKPSnZ-7pzfIBv3e82V_QY0%3D/1732991864000,1,29,21,21,29,34,53,56,55,22,10,1,1,1,0,9,2,2,1,54493,44540,14.0,12.4,777,693,31.7,28.3,9953,-9953,2212.0920792079205,1808.059405940594,Olaf,Vi,Orianna,Ashe,Nami,Garen,Skarner,Vex,Ezreal,Lux,Doran's Blade,Stridebreaker,Sterak's Gage,Steel Sigil,Plated Steelcaps,Null-Magic Mantle,Stealth Ward,Sundered Sky,Black Cleaver,No_Item,Ruby Crystal,Ruby Crystal,Mercury's Treads,Oracle Lens,Seraph's Embrace,Liandry's Torment,Doran's Ring,Dark Seal,Mercury's Treads,Shadowflame,Farsight Alteration,Berserker's Greaves,Kraken Slayer,Phantom Dancer,Long Sword,No_Item,Doran's Blade,Farsight Alteration,Blasting Wand,Shurelya's Battlesong,Dream Maker,Imperial Mandate,Ionian Boots of Lucidity,Forbidden Idol,Oracle Lens,Stridebreaker,Executioner's Calling,Doran's Shield,Boots of Swiftness,Phantom Dancer,Long Sword,Farsight Alteration,Heartsteel,Unending Despair,No_Item,Mercury's Treads,Bramble Vest,Null-Magic Mantle,Oracle Lens,Shadowflame,Lost Chapter,Horizon Focus,Sorcerer's Shoes,No_Item,No_Item,Stealth Ward,Tunneler,Ionian Boots of Lucidity,Muramana,Trinity Force,Pickaxe,Doran's Blade,Farsight Alteration,Sorcerer's Shoes,Shattered Armguard,Zaz'Zak's Realmspike,Luden's Companion,Control Ward,No_Item,Oracle Lens,Conqueror,Inspiration,Conqueror,Inspiration,Summon Aery,Precision,Fleet Footwork,Inspiration,Summon Aery,Domination,Phase Rush,Resolve,Grasp of the Undying,Inspiration,Electrocute,Sorcery,Press the Attack,Inspiration,Arcane Comet,Resolve,Ghost,Flash,Smite,Flash,Flash,Teleport,Barrier,Flash,Heal,Flash,Flash,Teleport,Flash,Smite,Teleport,Flash,Flash,Barrier,Flash,Heal,0,4,1,0,2,0
https://www.op.gg/summoners/euw/Miyamot%C3%B4%20Musash%C3%AE-EUW/matches/uRd1PvnOddppgjG9GNHauOenC7YplMp8853DiRkI4Bg%3D/1732989303000,1,26,16,16,26,23,33,58,44,11,19,3,0,1,0,9,1,4,0,54443,44338,14.0,13.0,826,805,34.199999999999996,33.199999999999996,10105,-10105,2258.552401746725,1839.349344978166,Tryndamere,Dr. Mundo,Hwei,Caitlyn,Nautilus,Renekton,Zyra,Akshan,Ezreal,Sona,Berserker's Greaves,Navori Flickerblade,Ravenous Hydra,Kraken Slayer,No_Item,No_Item,Oracle Lens,Heartsteel,Unending Despair,No_Item,Boots of Swiftness,Spirit Visage,Cloth Armor,Oracle Lens,Luden's Companion,No_Item,Shadowflame,Mejai's Soulstealer,Horizon Focus,Sorcerer's Shoes,Farsight Alteration,The Collector,Lord Dominik's Regards,B. F. Sword,Boots of Swiftness,Doran's Blade,Pickaxe,Farsight Alteration,Bloodsong,Locket of the Iron Solari,No_Item,Kindlegem,Chain Vest,Plated Steelcaps,Oracle Lens,Stridebreaker,Plated Steelcaps,Sterak's Gage,Pickaxe,Long Sword,Control Ward,Stealth Ward,Shadowflame,Liandry's Torment,Sorcerer's Shoes,Oblivion Orb,No_Item,No_Item,Oracle Lens,Doran's Blade,Berserker's Greaves,Statikk Shiv,The Collector,Pickaxe,No_Item,Farsight Alteration,Ionian Boots of Lucidity,Trinity Force,Muramana,Pickaxe,Tunneler,Doran's Blade,Farsight Alteration,Bloodsong,Echoes of Helia,Moonstone Renewer,No_Item,No_Item,Boots of Swiftness,Oracle Lens,Grasp of the Undying,Precision,Fleet Footwork,Inspiration,Arcane Comet,Precision,Hail of Blades,Sorcery,Aftershock,Inspiration,Conqueror,Resolve,Electrocute,Precision,Press the Attack,Resolve,Conqueror,Inspiration,Summon Aery,Precision,Ghost,Ignite,Flash,Smite,Flash,Teleport,Ghost,Flash,Flash,Ignite,Teleport,Flash,Flash,Smite,Flash,Teleport,Barrier,Flash,Flash,Heal,1,5,1,0,1,0
https://www.op.gg/summoners/euw/Miyamot%C3%B4%20Musash%C3%AE-EUW/matches/uRd1PvnOddpfevauvVwlAic6NX4ySN1OYocjQ_wJvHg%3D/1732987014000,0,17,41,41,17,89,30,76,101,32,29,1,3,1,0,3,9,2,3,59165,65083,14.6,15.0,935,936,29.8,29.8,-5918,5918,1887.1594827586207,2075.923275862069,Yone,Master Yi,Malzahar,Zeri,Lulu,Gragas,Zyra,Yasuo,Smolder,Karma,B. F. Sword,Cloak of Agility,Blade of The Ruined King,Berserker's Greaves,"Jak'Sho, The Protean",Immortal Shieldbow,Farsight Alteration,Guinsoo's Rageblade,Blade of The Ruined King,Kraken Slayer,Berserker's Greaves,Dagger,No_Item,Farsight Alteration,Doran's Ring,Blackfire Torch,Sorcerer's Shoes,Blasting Wand,Liandry's Torment,Amplifying Tome,Farsight Alteration,Bloodthirster,Yun Tal Wildarrows,Berserker's Greaves,Runaan's Hurricane,Infinity Edge,No_Item,Farsight Alteration,Shurelya's Battlesong,Ionian Boots of Lucidity,Control Ward,Dream Maker,Moonstone Renewer,Ardent Censer,Oracle Lens,Cosmic Drive,Boots of Swiftness,Fimbulwinter,Shadowflame,Blasting Wand,Oblivion Orb,Oracle Lens,Liandry's Torment,Rylai's Crystal Scepter,Oblivion Orb,Ionian Boots of Lucidity,Shadowflame,Blighting Jewel,Oracle Lens,"Jak'Sho, The Protean",Berserker's Greaves,Stridebreaker,No_Item,Blade of The Ruined King,Noonquiver,Stealth Ward,Rapid Firecannon,Hubris,Boots of Swiftness,Lord Dominik's Regards,Cloak of Agility,No_Item,Farsight Alteration,Dream Maker,Redemption,Control Ward,Ionian Boots of Lucidity,Dark Seal,Moonstone Renewer,Oracle Lens,Fleet Footwork,Resolve,Lethal Tempo,Domination,Summon Aery,Domination,Lethal Tempo,Resolve,Summon Aery,Inspiration,Phase Rush,Resolve,Electrocute,Precision,Lethal Tempo,Resolve,Arcane Comet,Inspiration,Summon Aery,Resolve,Teleport,Flash,Flash,Smite,Teleport,Flash,Flash,Barrier,Heal,Flash,Flash,Teleport,Flash,Smite,Flash,Teleport,Flash,Teleport,Heal,Flash,0,1,0,1,5,2
https://www.op.gg/summoners/euw/Miyamot%C3%B4%20Musash%C3%AE-EUW/matches/uRd1PvnOddrZGiMk01-sGrkig3NQj5kdabSAHt8XxHA%3D/1732984074000,0,25,23,23,25,39,24,54,50,12,18,3,0,0,1,3,9,3,1,45835,51639,12.2,12.8,717,716,30.8,30.8,-5804,5804,1979.2386363636363,2229.865909090909,Malphite,Ambessa,Taliyah,Draven,Blitzcrank,Renekton,Vi,Aurora,Jinx,Sylas,Doran's Ring,"Jak'Sho, The Protean",No_Item,Thornmail,Plated Steelcaps,Ruby Crystal,Stealth Ward,Voltaic Cyclosword,Spear of Shojin,No_Item,Slightly Magical Footwear,Pickaxe,No_Item,Oracle Lens,Doran's Ring,Ionian Boots of Lucidity,Cosmic Drive,Luden's Companion,No_Item,Dark Seal,Oracle Lens,Phantom Dancer,The Collector,Vampiric Scepter,Infinity Edge,Berserker's Greaves,Noonquiver,Farsight Alteration,Boots of Swiftness,Celestial Opposition,Trailblazer,Refillable Potion,Cloth Armor,Kindlegem,Oracle Lens,Black Cleaver,Control Ward,Boots of Swiftness,Sterak's Gage,Ruby Crystal,No_Item,Stealth Ward,Black Cleaver,No_Item,Sundered Sky,Ruby Crystal,Ruby Crystal,Plated Steelcaps,Oracle Lens,Cosmic Drive,Amplifying Tome,Malignance,Liandry's Torment,Mejai's Soulstealer,Doran's Ring,Oracle Lens,Kraken Slayer,Berserker's Greaves,Phantom Dancer,Lord Dominik's Regards,B. F. Sword,Doran's Blade,Farsight Alteration,Celestial Opposition,Hextech Rocketbelt,Shattered Armguard,Ionian Boots of Lucidity,Dark Seal,No_Item,Oracle Lens,Arcane Comet,Resolve,Conqueror,Inspiration,Phase Rush,Precision,Lethal Tempo,Domination,Glacial Augment,Sorcery,Conqueror,Resolve,Conqueror,Inspiration,Electrocute,Sorcery,Lethal Tempo,Sorcery,Electrocute,Resolve,Flash,Teleport,Flash,Smite,Flash,Teleport,Flash,Barrier,Flash,Ignite,Teleport,Flash,Flash,Smite,Flash,Teleport,Barrier,Flash,Ignite,Flash,0,0,0,1,6,1
https://www.op.gg/summoners/euw/Miyamot%C3%B4%20Musash%C3%AE-EUW/matches/uRd1PvnOddq9sJM9Um8jVjtZ7KdDeU1QK1lLBAKjVWk%3D/1732982048000,0,21,38,38,21,63,45,66,75,21,30,0,4,0,2,3,9,0,6,51404,63657,13.4,15.4,783,800,27.900000000000002,28.4,-12253,12253,1831.2675000000002,2267.7806250000003,Sett,Jarvan IV,Veigar,Ziggs,Sona,Heimerdinger,Viego,Galio,Draven,Thresh,Stridebreaker,Mercury's Treads,Black Cleaver,Tunneler,Tunneler,No_Item,Oracle Lens,Sundered Sky,Spear of Shojin,Null-Magic Mantle,Slightly Magical Footwear,Kindlegem,No_Item,Oracle Lens,Rabadon's Deathcap,Blackfire Torch,Fiendish Codex,Void Staff,Amplifying Tome,Ionian Boots of Lucidity,Farsight Alteration,Doran's Ring,Rabadon's Deathcap,Luden's Companion,No_Item,Horizon Focus,Sorcerer's Shoes,Farsight Alteration,Boots of Swiftness,Echoes of Helia,Bloodsong,Staff of Flowing Water,Bandleglass Mirror,No_Item,Oracle Lens,Doran's Ring,Shadowflame,Dark Seal,Rabadon's Deathcap,Void Staff,Sorcerer's Shoes,Oracle Lens,Control Ward,Titanic Hydra,Kraken Slayer,"Jak'Sho, The Protean",Ruby Crystal,Mercury's Treads,Oracle Lens,Hollow Radiance,Mercury's Treads,Riftmaker,Doran's Shield,Amplifying Tome,No_Item,Oracle Lens,Berserker's Greaves,Infinity Edge,Rapid Firecannon,Noonquiver,Bloodthirster,The Collector,Farsight Alteration,Mikael's Blessing,Boots of Swiftness,Celestial Opposition,No_Item,Kindlegem,Cloth Armor,Oracle Lens,Conqueror,Resolve,Conqueror,Inspiration,First Strike,Sorcery,Arcane Comet,Precision,Summon Aery,Precision,Conqueror,Sorcery,Conqueror,Inspiration,Aftershock,Sorcery,Lethal Tempo,Domination,Aftershock,Domination,Flash,Teleport,Flash,Smite,Flash,Teleport,Flash,Teleport,Flash,Heal,Flash,Exhaust,Flash,Smite,Flash,Teleport,Flash,Heal,Flash,Ignite,0,0,0,1,3,2
https://www.op.gg/summoners/euw/Miyamot%C3%B4%20Musash%C3%AE-EUW/matches/uRd1PvnOddo-gfNlRZLG3h3SYIWP0wguS_2gMj-1WDQ%3D/1732978228000,0,32,47,47,33,84,55,104,113,50,38,1,1,0,2,2,11,1,3,61716,71881,15.6,16.0,899,912,28.6,29.1,-10165,10165,1952.2408163265306,2273.7867346938774,Heimerdinger,Vi,Galio,Corki,Maokai,Gnar,Lee Sin,Ahri,Ezreal,Poppy,Doran's Ring,Rabadon's Deathcap,Dark Seal,Shadowflame,Blighting Jewel,Sorcerer's Shoes,Oracle Lens,Black Cleaver,Sundered Sky,Control Ward,B. F. Sword,Sterak's Gage,Plated Steelcaps,Oracle Lens,Doran's Ring,No_Item,Zhonya's Hourglass,Plated Steelcaps,Riftmaker,Hollow Radiance,Farsight Alteration,Infinity Edge,Plated Steelcaps,Rapid Firecannon,Trinity Force,Noonquiver,Muramana,Farsight Alteration,Boots of Swiftness,Locket of the Iron Solari,Solstice Sleigh,No_Item,Trailblazer,Giant's Belt,Oracle Lens,Control Ward,"Jak'Sho, The Protean",No_Item,Mercury's Treads,Trinity Force,Sterak's Gage,Farsight Alteration,Black Cleaver,Eclipse,Steel Sigil,Sterak's Gage,Mercury's Treads,Sundered Sky,Stealth Ward,Rabadon's Deathcap,Malignance,Mercury's Treads,Liandry's Torment,Void Staff,Mejai's Soulstealer,Oracle Lens,Trinity Force,Muramana,Long Sword,Ionian Boots of Lucidity,Serylda's Grudge,B. F. Sword,Farsight Alteration,Knight's Vow,Bloodsong,Locket of the Iron Solari,No_Item,Dead Man's Plate,Boots of Swiftness,Oracle Lens,Conqueror,Sorcery,Conqueror,Inspiration,Aftershock,Sorcery,Conqueror,Inspiration,Aftershock,Domination,Fleet Footwork,Resolve,Conqueror,Inspiration,Electrocute,Sorcery,Conqueror,Inspiration,Aftershock,Inspiration,Flash,Exhaust,Flash,Smite,Teleport,Flash,Flash,Teleport,Flash,Ignite,Teleport,Flash,Flash,Smite,Flash,Teleport,Flash,Cleanse,Flash,Ignite,0,2,0,1,4,4
https://www.op.gg/summoners/euw/Miyamot%C3%B4%20Musash%C3%AE-EUW/matches/uRd1PvnOddqtvjhZEmdRQ6iag3j4pD8oQmlToZ-QRig%3D/1732975671000,1,18,7,7,18,4,17,34,23,4,3,0,0,0,0,3,1,0,0,34365,24102,10.4,9.0,540,409,35.6,26.9,10263,-10263,2254.3439999999996,1581.0911999999998,Renekton,Taliyah,Yone,Corki,Rell,Heimerdinger,Ambessa,Sylas,Draven,Alistar,Sterak's Gage,Long Sword,Control Ward,No_Item,Mercury's Treads,Stridebreaker,Stealth Ward,No_Item,Blackfire Torch,Mejai's Soulstealer,Sorcerer's Shoes,Amplifying Tome,Amplifying Tome,Oracle Lens,Blade of The Ruined King,Berserker's Greaves,Refillable Potion,Cloak of Agility,No_Item,No_Item,Farsight Alteration,Long Sword,Tear of the Goddess,Doran's Blade,Trinity Force,Plated Steelcaps,Caulfield's Warhammer,Farsight Alteration,Ionian Boots of Lucidity,Locket of the Iron Solari,Ruby Crystal,Celestial Opposition,Control Ward,No_Item,Oracle Lens,Sorcerer's Shoes,Blackfire Torch,Doran's Ring,No_Item,No_Item,No_Item,Oracle Lens,Eclipse,Long Sword,No_Item,Gustwalker Hatchling,Long Sword,Boots,Stealth Ward,Hextech Rocketbelt,Needlessly Large Rod,Control Ward,Dark Seal,Doran's Ring,Sorcerer's Shoes,Stealth Ward,Doran's Blade,Serrated Dirk,Caulfield's Warhammer,Dagger,Long Sword,No_Item,Stealth Ward,Runic Compass,Null-Magic Mantle,Control Ward,Kindlegem,Plated Steelcaps,Cloth Armor,Oracle Lens,Press the Attack,Resolve,First Strike,Domination,Lethal Tempo,Resolve,Conqueror,Inspiration,Aftershock,Inspiration,Conqueror,Sorcery,Conqueror,Domination,Conqueror,Resolve,Lethal Tempo,Domination,Aftershock,Inspiration,Teleport,Flash,Flash,Smite,Flash,Teleport,Flash,Barrier,Ignite,Flash,Flash,Teleport,Flash,Smite,Flash,Teleport,Cleanse,Flash,Ignite,Flash,1,5,0,0,1,0
https://www.op.gg/summoners/euw/Miyamot%C3%B4%20Musash%C3%AE-EUW/matches/uRd1PvnOddry-vqs_zJIo4RkxyD5iG4iRa9AHoZB9Pc%3D/1732974073000,0,16,33,33,16,49,17,86,63,20,25,0,4,0,1,1,6,0,5,43052,57662,12.6,14.8,695,859,26.2,32.4,-14610,14610,1614.4499999999998,2162.325,Mordekaiser,Lee Sin,Jax,Xayah,Alistar,Ambessa,Vi,Ahri,Katarina,Soraka,Haunting Guise,Rylai's Crystal Scepter,Doran's Shield,Mercury's Treads,Fiendish Codex,No_Item,Stealth Ward,Pickaxe,Eclipse,Tunneler,No_Item,Plated Steelcaps,Ruby Crystal,Stealth Ward,Shattered Armguard,Trinity Force,Control Ward,Sundered Sky,Mercury's Treads,No_Item,Stealth Ward,Long Sword,Cloak of Agility,Berserker's Greaves,Infinity Edge,Essence Reaver,Navori Flickerblade,Farsight Alteration,Kindlegem,Control Ward,Celestial Opposition,Zeke's Convergence,Oblivion Orb,Ionian Boots of Lucidity,Oracle Lens,Doran's Shield,Spear of Shojin,Pickaxe,Ionian Boots of Lucidity,Eclipse,Voltaic Cyclosword,Farsight Alteration,Trinity Force,Black Cleaver,No_Item,Plated Steelcaps,Tunneler,Ruby Crystal,Oracle Lens,Horizon Focus,Malignance,Mejai's Soulstealer,Doran's Ring,Sorcerer's Shoes,Rabadon's Deathcap,Oracle Lens,Plated Steelcaps,Blade of The Ruined King,Kraken Slayer,Long Sword,Recurve Bow,Long Sword,Oracle Lens,Celestial Opposition,Redemption,Moonstone Renewer,Forbidden Idol,Dark Seal,Ionian Boots of Lucidity,Oracle Lens,Conqueror,Resolve,Conqueror,Inspiration,Lethal Tempo,Resolve,Lethal Tempo,Inspiration,Phase Rush,Inspiration,Grasp of the Undying,Domination,Conqueror,Inspiration,Electrocute,Sorcery,Conqueror,Resolve,Summon Aery,Resolve,Teleport,Flash,Flash,Smite,Flash,Teleport,Flash,Barrier,Flash,Ignite,Flash,Teleport,Flash,Smite,Teleport,Flash,Flash,Teleport,Heal,Flash,1,2,0,0,0,1
https://www.op.gg/summoners/euw/Miyamot%C3%B4%20Musash%C3%AE-EUW/matches/uRd1PvnOddqvrLBkJkwliDS_Y3SoMeBH5niOCZeobEQ%3D/1732971854000,1,22,7,7,22,15,27,36,34,10,6,1,0,0,0,3,0,1,0,33851,24251,10.2,8.6,489,378,32.1,24.7,9600,-9600,2212.0455445544553,1584.718811881188,Gnar,Nidalee,Ornn,Corki,Nautilus,Darius,Viego,Sylas,Ezreal,Sona,Doran's Blade,Cull,Trinity Force,Plated Steelcaps,Winged Moonplate,Cloth Armor,Stealth Ward,Gustwalker Hatchling,No_Item,Dark Seal,Sorcerer's Shoes,Lich Bane,No_Item,Oracle Lens,Doran's Shield,Winter's Approach,Plated Steelcaps,Ruby Crystal,Bramble Vest,No_Item,Stealth Ward,Refillable Potion,Boots,Tear of the Goddess,Doran's Blade,Trinity Force,Caulfield's Warhammer,Farsight Alteration,Bloodsong,Locket of the Iron Solari,Control Ward,Chain Vest,Kindlegem,Plated Steelcaps,Oracle Lens,Phage,Refillable Potion,Doran's Shield,Long Sword,Boots of Swiftness,Long Sword,Stealth Ward,Kraken Slayer,Gustwalker Hatchling,Boots of Swiftness,Long Sword,No_Item,No_Item,Oracle Lens,Hextech Rocketbelt,Needlessly Large Rod,Aether Wisp,Slightly Magical Footwear,Dark Seal,Doran's Ring,Stealth Ward,Doran's Blade,Refillable Potion,Tear of the Goddess,Slightly Magical Footwear,Trinity Force,No_Item,Farsight Alteration,Bloodsong,Echoes of Helia,Boots,Bandleglass Mirror,No_Item,No_Item,Oracle Lens,Grasp of the Undying,Precision,Dark Harvest,Precision,Unsealed Spellbook,Resolve,Conqueror,Inspiration,Aftershock,Inspiration,Conqueror,Sorcery,Conqueror,Inspiration,Conqueror,Inspiration,Conqueror,Inspiration,Summon Aery,Resolve,Flash,Teleport,Smite,Flash,Flash,Teleport,Teleport,Flash,Flash,Ignite,Flash,Ghost,Flash,Smite,Teleport,Flash,Flash,Barrier,Flash,Heal,0,4,0,0,2,0
https://www.op.gg/summoners/euw/Miyamot%C3%B4%20Musash%C3%AE-EUW/matches/uRd1PvnOddoXFII1K2nMETELGeuReDdHos6XM6g87SA%3D/1732970333000,0,17,48,48,18,53,23,57,54,10,21,0,3,0,1,2,11,0,4,46389,62274,13.2,15.2,703,837,26.8,32.0,-15885,15885,1766.1866972477067,2370.9825688073397,Garen,Graves,Syndra,Aphelios,Sona,Quinn,Kayn,Akali,Ornn,Nautilus,Berserker's Greaves,Phantom Dancer,Stridebreaker,Doran's Shield,Last Whisper,Cloak of Agility,Oracle Lens,Lord Dominik's Regards,Youmuu's Ghostblade,Noonquiver,Boots,The Collector,No_Item,Oracle Lens,Luden's Companion,Sorcerer's Shoes,Stormsurge,No_Item,Doran's Ring,No_Item,Farsight Alteration,Doran's Blade,No_Item,No_Item,Infinity Edge,Berserker's Greaves,Immortal Shieldbow,Farsight Alteration,Bloodsong,Echoes of Helia,Moonstone Renewer,Forbidden Idol,Blasting Wand,Boots of Swiftness,Oracle Lens,Lord Dominik's Regards,Edge of Night,Hubris,The Collector,Youmuu's Ghostblade,Synchronized Souls,Oracle Lens,Opportunity,Hubris,Ionian Boots of Lucidity,Serrated Dirk,Edge of Night,No_Item,Stealth Ward,Rabadon's Deathcap,Shadowflame,Lich Bane,No_Item,Sorcerer's Shoes,Doran's Shield,Oracle Lens,Doran's Shield,Fimbulwinter,Plated Steelcaps,Unending Despair,Thornmail,Ruby Crystal,Stealth Ward,Plated Steelcaps,Locket of the Iron Solari,Trailblazer,Solstice Sleigh,Control Ward,Cloth Armor,Oracle Lens,Conqueror,Resolve,Dark Harvest,Precision,First Strike,Sorcery,Conqueror,Sorcery,Summon Aery,Resolve,Electrocute,Sorcery,Dark Harvest,Inspiration,Electrocute,Resolve,Unsealed Spellbook,Resolve,Glacial Augment,Resolve,Teleport,Flash,Flash,Smite,Flash,Teleport,Flash,Barrier,Flash,Heal,Flash,Ignite,Flash,Smite,Teleport,Ignite,Flash,Teleport,Ignite,Flash,1,2,0,0,4,3
https://www.op.gg/summoners/euw/Miyamot%C3%B4%20Musash%C3%AE-EUW/matches/uRd1PvnOddp4ox9TkRMabBrVfdTq7ySEo2_XU3FNB6A%3D/1732968050000,1,24,7,7,24,9,29,40,45,9,9,1,2,0,0,5,0,1,2,41091,30032,11.2,10.6,626,564,34.0,30.5,11059,-11059,2221.7808139534886,1623.8232558139537,Karma,Viego,LeBlanc,Jinx,Lulu,Gragas,Zac,Aurora,Lucian,Nami,Doran's Ring,Malignance,No_Item,Horizon Focus,Amplifying Tome,Ionian Boots of Lucidity,Stealth Ward,Sundered Sky,Kraken Slayer,Dagger,Mercury's Treads,Negatron Cloak,No_Item,Oracle Lens,Sorcerer's Shoes,Hextech Alternator,Luden's Companion,No_Item,Doran's Ring,Horizon Focus,Oracle Lens,Doran's Blade,Berserker's Greaves,The Collector,Cloak of Agility,Pickaxe,B. F. Sword,Farsight Alteration,Ionian Boots of Lucidity,Control Ward,Dream Maker,Moonstone Renewer,Kindlegem,Forbidden Idol,Oracle Lens,Doran's Ring,Lost Chapter,Boots of Swiftness,Refillable Potion,Cosmic Drive,No_Item,Stealth Ward,Ruby Crystal,Null-Magic Mantle,Control Ward,Mercury's Treads,Sunfire Aegis,No_Item,Oracle Lens,Doran's Ring,Malignance,Ionian Boots of Lucidity,Dark Seal,Hextech Alternator,No_Item,Stealth Ward,B. F. Sword,Cloak of Agility,Refillable Potion,Slightly Magical Footwear,Essence Reaver,Doran's Blade,Farsight Alteration,Boots of Swiftness,Solstice Sleigh,Faerie Charm,Imperial Mandate,Glowing Mote,No_Item,Oracle Lens,Summon Aery,Domination,Conqueror,Inspiration,Electrocute,Sorcery,Press the Attack,Sorcery,Summon Aery,Resolve,Phase Rush,Precision,Aftershock,Precision,Electrocute,Sorcery,Press the Attack,Inspiration,Summon Aery,Domination,Flash,Teleport,Flash,Smite,Teleport,Flash,Flash,Barrier,Flash,Heal,Flash,Teleport,Smite,Flash,Flash,Teleport,Flash,Barrier,Flash,Heal,1,6,0,0,0,0
https://www.op.gg/summoners/euw/Miyamot%C3%B4%20Musash%C3%AE-EUW/matches/uRd1PvnOddoip_mzWIAZj_BilJfykBrFhJ_t8FIGK2w%3D/1732966316000,1,24,20,20,25,32,35,63,66,19,18,1,2,1,0,9,3,2,2,55477,46554,14.0,13.2,817,722,30.7,27.2,8923,-8923,2088.9487654320988,1752.9592592592592,Neeko,Jax,Ambessa,Caitlyn,Lux,Gragas,Xin Zhao,Karma,Corki,Nami,Doran's Ring,Hextech Rocketbelt,Shadowflame,Sorcerer's Shoes,Dark Seal,Seeker's Armguard,Farsight Alteration,Trinity Force,Sundered Sky,Recurve Bow,Mercury's Treads,Null-Magic Mantle,Recurve Bow,Stealth Ward,Spear of Shojin,Eclipse,Plated Steelcaps,Voltaic Cyclosword,No_Item,No_Item,Oracle Lens,Mortal Reminder,The Collector,Berserker's Greaves,Zeal,Infinity Edge,Doran's Blade,Farsight Alteration,Sorcerer's Shoes,Control Ward,Zaz'Zak's Realmspike,Luden's Companion,Morellonomicon,Amplifying Tome,Oracle Lens,Seraph's Embrace,No_Item,Shattered Armguard,No_Item,Cosmic Drive,Ionian Boots of Lucidity,Farsight Alteration,Black Cleaver,Sundered Sky,Ruby Crystal,Tunneler,Slightly Magical Footwear,Pickaxe,Oracle Lens,Liandry's Torment,Malignance,Ionian Boots of Lucidity,Dark Seal,Horizon Focus,Amplifying Tome,Stealth Ward,Doran's Blade,Refillable Potion,Scout's Slingshot,Muramana,Trinity Force,Slightly Magical Footwear,Farsight Alteration,Dream Maker,Refillable Potion,Imperial Mandate,Boots,Moonstone Renewer,Amplifying Tome,Oracle Lens,Electrocute,Sorcery,Press the Attack,Inspiration,Conqueror,Resolve,Fleet Footwork,Sorcery,Arcane Comet,Resolve,Phase Rush,Inspiration,Conqueror,Inspiration,Summon Aery,Domination,Conqueror,Inspiration,Summon Aery,Resolve,Teleport,Flash,Flash,Smite,Teleport,Flash,Flash,Barrier,Flash,Heal,Teleport,Flash,Smite,Flash,Flash,Teleport,Flash,Barrier,Flash,Heal,1,6,2,0,0,0
https://www.op.gg/summoners/euw/Miyamot%C3%B4%20Musash%C3%AE-EUW/matches/uRd1PvnOddqzBduDVHwQ2uuXOPypz91qj4zR-9ZLqfY%3D/1732921948000,0,16,28,28,16,58,22,59,48,9,17,1,2,0,1,2,6,1,3,38540,50608,11.8,13.6,623,725,27.6,32.1,-12068,12068,1707.7604790419164,2242.510179640719,Ambessa,Xin Zhao,Jhin,Ahri,Janna,Olaf,Amumu,Jayce,Ashe,Zilean,Doran's Blade,Executioner's Calling,Eclipse,Plated Steelcaps,Pickaxe,Tunneler,Stealth Ward,Ruby Crystal,Tiamat,No_Item,Mercury's Treads,Sundered Sky,Tunneler,Oracle Lens,The Collector,Doran's Blade,Boots of Swiftness,Mortal Reminder,No_Item,No_Item,Farsight Alteration,Horizon Focus,Control Ward,Malignance,Doran's Ring,No_Item,Sorcerer's Shoes,Farsight Alteration,Mikael's Blessing,Dream Maker,Control Ward,Boots of Swiftness,Kindlegem,Faerie Charm,Oracle Lens,Death's Dance,Stridebreaker,Sterak's Gage,Plated Steelcaps,No_Item,No_Item,Oracle Lens,Liandry's Torment,Thornmail,No_Item,Plated Steelcaps,Kindlegem,Negatron Cloak,Oracle Lens,No_Item,Youmuu's Ghostblade,Boots of Swiftness,Muramana,Doran's Blade,Serylda's Grudge,Oracle Lens,B. F. Sword,Doran's Blade,Kraken Slayer,Phantom Dancer,Berserker's Greaves,Long Sword,Farsight Alteration,Locket of the Iron Solari,Solstice Sleigh,Forbidden Idol,Ionian Boots of Lucidity,Kindlegem,Kindlegem,Oracle Lens,Grasp of the Undying,Domination,Conqueror,Inspiration,Fleet Footwork,Sorcery,Electrocute,Sorcery,Summon Aery,Domination,Conqueror,Inspiration,Conqueror,Domination,Electrocute,Resolve,Lethal Tempo,Inspiration,Summon Aery,Precision,Flash,Teleport,Smite,Flash,Flash,Cleanse,Teleport,Flash,Heal,Flash,Ghost,Flash,Flash,Smite,Flash,Teleport,Flash,Barrier,Flash,Heal,1,2,0,0,4,0
https://www.op.gg/summoners/euw/Miyamot%C3%B4%20Musash%C3%AE-EUW/matches/uRd1PvnOddrAST7Ni6Wp3xX0ITLbyrO4Z1RzRg45k60%3D/1732918958000,1,29,23,23,29,45,63,124,88,39,46,3,1,1,1,10,5,4,2,71945,64488,17.0,15.8,1094,1031,31.5,29.7,7457,-7457,2069.3210702341134,1854.838795986622,Jax,Volibear,Katarina,Ashe,Renata Glasc,Gragas,Viego,Ahri,Jhin,Blitzcrank,Randuin's Omen,Zhonya's Hourglass,Sundered Sky,Trinity Force,Mercury's Treads,Tunneler,Stealth Ward,Sundered Sky,Randuin's Omen,Sterak's Gage,Mercury's Treads,Spirit Visage,No_Item,Oracle Lens,Lich Bane,Shadowflame,Rabadon's Deathcap,Sorcerer's Shoes,Dark Seal,Amplifying Tome,Oracle Lens,Vampiric Scepter,Kraken Slayer,Infinity Edge,Berserker's Greaves,Phantom Dancer,Lord Dominik's Regards,Farsight Alteration,No_Item,Bloodsong,Locket of the Iron Solari,Redemption,Forbidden Idol,Boots of Swiftness,Oracle Lens,Boots of Swiftness,Zhonya's Hourglass,Cosmic Drive,Frozen Heart,Fimbulwinter,Oblivion Orb,Farsight Alteration,Sundered Sky,Kraken Slayer,Control Ward,Plated Steelcaps,Negatron Cloak,Sterak's Gage,Oracle Lens,Malignance,Shadowflame,Rabadon's Deathcap,Dark Seal,Sorcerer's Shoes,Haunting Guise,Farsight Alteration,Youmuu's Ghostblade,The Collector,Mortal Reminder,Rapid Firecannon,Boots of Swiftness,Cloak of Agility,Farsight Alteration,Bloodsong,Locket of the Iron Solari,Winged Moonplate,Knight's Vow,Boots of Swiftness,Control Ward,Oracle Lens,Grasp of the Undying,Inspiration,Press the Attack,Sorcery,Electrocute,Resolve,Lethal Tempo,Inspiration,Guardian,Domination,Phase Rush,Precision,Conqueror,Inspiration,Electrocute,Sorcery,Dark Harvest,Inspiration,Glacial Augment,Sorcery,Flash,Teleport,Flash,Smite,Flash,Teleport,Flash,Barrier,Flash,Heal,Flash,Teleport,Smite,Flash,Flash,Teleport,Cleanse,Flash,Flash,Ignite,0,0,2,1,6,0
https://www.op.gg/summoners/euw/Miyamot%C3%B4%20Musash%C3%AE-EUW/matches/uRd1PvnOddr9ibd1jg7nguMsqCU-Tr8WUap5Jhf5V_o%3D/1732916495000,0,12,20,20,13,26,16,30,39,5,4,0,1,0,0,0,0,0,1,27876,31714,9.2,9.8,457,504,28.8,31.9,-3838,3838,1768.2537313432836,2011.7089552238806,Gragas,Mordekaiser,Taliyah,Tristana,Annie,Ambessa,Viego,Sylas,Smolder,Galio,Refillable Potion,Aether Wisp,Lost Chapter,Boots of Swiftness,Fiendish Codex,Ruby Crystal,Stealth Ward,Mosstomper Seedling,Rylai's Crystal Scepter,Plated Steelcaps,No_Item,No_Item,No_Item,Oracle Lens,Sorcerer's Shoes,Luden's Companion,Doran's Ring,Blighting Jewel,No_Item,Dark Seal,Stealth Ward,Berserker's Greaves,The Collector,Doran's Blade,Zeal,No_Item,No_Item,Farsight Alteration,Dark Seal,Solstice Sleigh,Rylai's Crystal Scepter,Ionian Boots of Lucidity,Ruby Crystal,No_Item,Oracle Lens,Doran's Shield,Mercury's Treads,Tunneler,Pickaxe,Ruby Crystal,Long Sword,Stealth Ward,Gustwalker Hatchling,Trinity Force,Recurve Bow,Mercury's Treads,Dagger,Negatron Cloak,Eye of the Herald,Hextech Rocketbelt,Kindlegem,Mercury's Treads,Dark Seal,Fiendish Codex,Doran's Ring,Stealth Ward,Slightly Magical Footwear,Hubris,Last Whisper,No_Item,No_Item,Doran's Blade,Stealth Ward,Bloodsong,Ruby Crystal,Mercury's Treads,No_Item,Giant's Belt,Crystalline Bracer,Oracle Lens,Phase Rush,Resolve,Conqueror,Resolve,Phase Rush,Precision,Press the Attack,Inspiration,Glacial Augment,Resolve,Conqueror,Resolve,Conqueror,Inspiration,Conqueror,Resolve,Arcane Comet,Inspiration,Aftershock,Sorcery,Flash,Teleport,Flash,Smite,Teleport,Flash,Barrier,Flash,Ignite,Flash,Flash,Teleport,Flash,Smite,Flash,Teleport,Flash,Barrier,Ignite,Flash,0,1,0,1,5,0
https://www.op.gg/summoners/euw/Miyamot%C3%B4%20Musash%C3%AE-EUW/matches/uRd1PvnOddp7Jm-lmqe_bnq3nkHfONBuMQ8drfRJXPA%3D/1732915003000,1,19,6,6,19,3,26,44,37,18,11,1,0,0,0,1,0,1,0,34104,25430,10.2,9.8,561,496,35.7,31.5,8674,-8674,2177.725301204819,1623.8433734939758,Viego,Skarner,Ryze,Kai'Sa,Pyke,Volibear,Rumble,Yone,Kalista,Rakan,Doran's Blade,Kraken Slayer,Plated Steelcaps,Pickaxe,Long Sword,No_Item,Stealth Ward,Scorchclaw Pup,Heartsteel,Kindlegem,Slightly Magical Footwear,Null-Magic Mantle,No_Item,Oracle Lens,Boots,Tear of the Goddess,Control Ward,Rod of Ages,Doran's Ring,Lost Chapter,Stealth Ward,Pickaxe,Statikk Shiv,Long Sword,Doran's Blade,Dagger,Berserker's Greaves,Stealth Ward,Celestial Opposition,Mercury's Treads,Long Sword,Umbral Glaive,No_Item,No_Item,Oracle Lens,Doran's Ring,Boots of Swiftness,Spirit Visage,Refillable Potion,No_Item,No_Item,Farsight Alteration,Gustwalker Hatchling,Liandry's Torment,Plated Steelcaps,Amplifying Tome,No_Item,No_Item,Oracle Lens,Refillable Potion,Berserker's Greaves,Vampiric Scepter,Recurve Bow,Pickaxe,Doran's Blade,Stealth Ward,Doran's Blade,Recurve Bow,Blade of The Ruined King,Berserker's Greaves,No_Item,No_Item,Stealth Ward,Celestial Opposition,Mercury's Treads,Kindlegem,Control Ward,Cloth Armor,Null-Magic Mantle,Oracle Lens,Press the Attack,Resolve,Grasp of the Undying,Inspiration,Phase Rush,Precision,Lethal Tempo,Inspiration,Hail of Blades,Sorcery,Grasp of the Undying,Precision,Conqueror,Resolve,Lethal Tempo,Resolve,Lethal Tempo,Resolve,Guardian,Domination,Teleport,Flash,Flash,Smite,Flash,Teleport,Flash,Barrier,Ignite,Flash,Flash,Teleport,Flash,Smite,Flash,Teleport,Flash,Barrier,Heal,Flash,0,6,0,0,0,0
https://www.op.gg/summoners/euw/Miyamot%C3%B4%20Musash%C3%AE-EUW/matches/uRd1PvnOddqX_BVUl3dRZhJp3bRphBwWAjM1rHwzZgw%3D/1732913239000,1,29,17,17,29,23,36,59,54,11,18,2,2,1,0,10,2,3,2,59412,49617,14.6,14.0,840,888,30.4,32.2,9795,-9795,2160.4363636363637,1804.2545454545457,Irelia,Poppy,Fizz,Kog'Maw,Rell,Gragas,Rengar,Akshan,Corki,Nami,Guardian Angel,Blade of The Ruined King,Plated Steelcaps,Kraken Slayer,Wit's End,Steel Sigil,Farsight Alteration,Dead Man's Plate,Sundered Sky,Giant's Belt,Ionian Boots of Lucidity,Warden's Mail,Null-Magic Mantle,Oracle Lens,Void Staff,Zhonya's Hourglass,Ionian Boots of Lucidity,No_Item,Lich Bane,No_Item,Oracle Lens,Doran's Ring,Needlessly Large Rod,Sorcerer's Shoes,Horizon Focus,Luden's Companion,Seraph's Embrace,Farsight Alteration,Bloodsong,Abyssal Mask,Zeke's Convergence,Kindlegem,Control Ward,Ionian Boots of Lucidity,Oracle Lens,Boots of Swiftness,Cosmic Drive,Hextech Rocketbelt,Lost Chapter,Dark Seal,Void Staff,Farsight Alteration,Profane Hydra,Boots,Voltaic Cyclosword,Last Whisper,Long Sword,No_Item,Oracle Lens,No_Item,Null-Magic Mantle,Boots of Swiftness,Noonquiver,The Collector,Infinity Edge,Farsight Alteration,Muramana,Trinity Force,Doran's Blade,Rapid Firecannon,No_Item,Boots of Swiftness,Farsight Alteration,Control Ward,Amplifying Tome,Dream Maker,Imperial Mandate,Ardent Censer,Ionian Boots of Lucidity,Oracle Lens,Conqueror,Inspiration,Hail of Blades,Inspiration,Electrocute,Sorcery,Press the Attack,no-src,Aftershock,Inspiration,Phase Rush,Precision,Conqueror,Domination,Press the Attack,Resolve,Conqueror,Sorcery,Summon Aery,Domination,Teleport,Flash,Flash,Smite,Flash,Teleport,Flash,Teleport,Flash,Ignite,Flash,Teleport,Flash,Smite,Flash,Teleport,Flash,Barrier,Heal,Flash,1,6,2,0,0,0
https://www.op.gg/summoners/euw/Miyamot%C3%B4%20Musash%C3%AE-EUW/matches/uRd1PvnOddoQzkQT381i-1P7jeg7p9cVG16g0NBh2fk%3D/1732911084000,1,40,39,39,40,58,68,90,92,35,31,1,3,2,0,11,2,3,3,81676,72319,17.4,17.0,1184,1062,31.8,28.5,9357,-9357,2193.419081272085,1942.1356890459365,Irelia,Taliyah,Smolder,Ashe,Shen,Volibear,Ambessa,Sylas,Varus,Galio,Kraken Slayer,Blade of The Ruined King,Wit's End,Plated Steelcaps,Sundered Sky,Chempunk Chainsword,Stealth Ward,Liandry's Torment,Blackfire Torch,Giant's Belt,Sorcerer's Shoes,Void Staff,Rabadon's Deathcap,Oracle Lens,Bloodthirster,Lord Dominik's Regards,Rapid Firecannon,Spear of Shojin,Hubris,Boots of Swiftness,Farsight Alteration,Kraken Slayer,Cloak of Agility,Berserker's Greaves,Mortal Reminder,Bloodthirster,Phantom Dancer,Farsight Alteration,Locket of the Iron Solari,Control Ward,Celestial Opposition,Heartsteel,Boots of Swiftness,Kindlegem,Oracle Lens,Iceborn Gauntlet,Plated Steelcaps,Warden's Mail,Bramble Vest,Navori Flickerblade,Spirit Visage,Stealth Ward,Spear of Shojin,Voltaic Cyclosword,Maw of Malmortius,Cloth Armor,Mercury's Treads,Black Cleaver,Oracle Lens,Cosmic Drive,Zhonya's Hourglass,Hextech Rocketbelt,Needlessly Large Rod,Needlessly Large Rod,Sorcerer's Shoes,Oracle Lens,Serpent's Fang,Youmuu's Ghostblade,Serylda's Grudge,Boots of Swiftness,Muramana,Edge of Night,Farsight Alteration,Bloodsong,Heartsteel,Locket of the Iron Solari,Kindlegem,Bramble Vest,Mercury's Treads,Oracle Lens,Press the Attack,Domination,First Strike,Precision,Arcane Comet,Inspiration,Lethal Tempo,Inspiration,Grasp of the Undying,Domination,Press the Attack,Resolve,Conqueror,Domination,Conqueror,Resolve,Arcane Comet,Precision,Aftershock,Sorcery,Teleport,Flash,Flash,Smite,Flash,Teleport,Barrier,Flash,Flash,Ignite,Flash,Teleport,Smite,Flash,Flash,Teleport,Flash,Cleanse,Ignite,Flash,1,3,3,0,3,0
https://www.op.gg/summoners/euw/Miyamot%C3%B4%20Musash%C3%AE-EUW/matches/uRd1PvnOddrjsYnye6RtdYn8YrrdLxlYBBMAV23m7y8%3D/1732908268000,0,15,27,27,15,29,12,79,96,31,44,0,2,0,1,3,9,0,3,50723,60829,13.8,15.4,888,1019,32.2,37.0,-10106,10106,1846.4951754385968,2214.3890350877195,Ambessa,Graves,Corki,Ziggs,Poppy,Renekton,Nidalee,Yone,Xayah,Bard,Doran's Shield,Pickaxe,Voltaic Cyclosword,Tunneler,Plated Steelcaps,Ruby Crystal,Farsight Alteration,Long Sword,Pickaxe,Opportunity,Lord Dominik's Regards,The Collector,Boots,Oracle Lens,Mortal Reminder,No_Item,Plated Steelcaps,Trinity Force,Muramana,Doran's Blade,Farsight Alteration,Amplifying Tome,Horizon Focus,Luden's Companion,Seraph's Embrace,Sorcerer's Shoes,Fated Ashes,Farsight Alteration,Bloodsong,Boots of Swiftness,Locket of the Iron Solari,Bramble Vest,Ruby Crystal,Dead Man's Plate,Oracle Lens,No_Item,Doran's Blade,Plated Steelcaps,Spear of Shojin,Eclipse,Black Cleaver,Farsight Alteration,Liandry's Torment,Lich Bane,Horizon Focus,Sorcerer's Shoes,Mejai's Soulstealer,No_Item,Oracle Lens,Infinity Edge,No_Item,No_Item,Blade of The Ruined King,Immortal Shieldbow,Berserker's Greaves,Oracle Lens,Infinity Edge,Essence Reaver,Berserker's Greaves,Navori Flickerblade,B. F. Sword,No_Item,Farsight Alteration,Boots of Swiftness,Warmog's Armor,Winged Moonplate,Bloodsong,Chain Vest,Ruby Crystal,Oracle Lens,Conqueror,Resolve,Dark Harvest,Precision,Conqueror,Inspiration,Arcane Comet,Inspiration,Hail of Blades,Inspiration,Conqueror,Resolve,Conqueror,Sorcery,Grasp of the Undying,Precision,Lethal Tempo,Inspiration,Guardian,Domination,Flash,Teleport,Smite,Flash,Flash,Teleport,Teleport,Flash,Ignite,Flash,Teleport,Flash,Flash,Smite,Flash,Teleport,Barrier,Flash,Flash,Heal,0,3,0,1,3,1
https://www.op.gg/summoners/euw/Miyamot%C3%B4%20Musash%C3%AE-EUW/matches/uRd1PvnOddqNCp0SjsffuEzL_smjVOK9EdHQGic4xjs%3D/1732904486000,1,33,15,15,34,24,56,66,68,27,21,3,0,1,0,9,2,4,0,49940,37885,13.0,11.0,635,617,28.3,27.4,12055,-12055,2231.95530726257,1693.1843575418995,Shen,Nunu & Willump,Taliyah,Corki,Nautilus,Kayle,Vi,Hwei,Ezreal,Pyke,Heartsteel,Doran's Shield,Plated Steelcaps,Rejuvenation Bead,Bami's Cinder,No_Item,Farsight Alteration,Liandry's Torment,Hextech Rocketbelt,Blighting Jewel,Mejai's Soulstealer,Sorcerer's Shoes,Needlessly Large Rod,Stealth Ward,Sorcerer's Shoes,Luden's Companion,Cloth Armor,Liandry's Torment,Needlessly Large Rod,Doran's Ring,Farsight Alteration,Doran's Blade,Muramana,Trinity Force,Rapid Firecannon,Cloak of Agility,Plated Steelcaps,Farsight Alteration,Plated Steelcaps,Locket of the Iron Solari,Celestial Opposition,Kindlegem,No_Item,No_Item,Oracle Lens,No_Item,No_Item,No_Item,Berserker's Greaves,Riftmaker,Nashor's Tooth,Farsight Alteration,Sundered Sky,Black Cleaver,No_Item,Slightly Magical Footwear,No_Item,No_Item,Oracle Lens,Doran's Ring,No_Item,Mercury's Treads,Dark Seal,Horizon Focus,Blackfire Torch,Farsight Alteration,Doran's Blade,Muramana,Ionian Boots of Lucidity,Control Ward,No_Item,Trinity Force,Farsight Alteration,Bloodsong,Control Ward,Boots of Swiftness,Umbral Glaive,Serrated Dirk,Long Sword,Oracle Lens,Grasp of the Undying,Domination,Dark Harvest,Sorcery,Phase Rush,Precision,Conqueror,Inspiration,Aftershock,Inspiration,Lethal Tempo,Sorcery,Conqueror,Inspiration,Arcane Comet,Precision,Conqueror,Inspiration,Hail of Blades,Resolve,Flash,Teleport,Smite,Flash,Teleport,Flash,Teleport,Flash,Flash,Ignite,Flash,Teleport,Flash,Smite,Flash,Teleport,Flash,Barrier,Flash,Ignite,1,1,2,0,3,0
,,-1,-1,-1,-1,-1,-1,-1,-1,-1,-1,-1,-1,-1,-1,-1,-1,-1,-1,-1,-1,-1.0,-1.0,-1,-1,-1.0,-1.0,-1,-1,-1.0,-1.0,,,,,,,,,,,,,,,,,,,,,,,,,,,,,,,,,,,,,,,,,,,,,,,,,,,,,,,,,,,,,,,,,,,,,,,,,,,,,,,,,,,,,,,,,,,,,,,,,,,,,,,,,,,,,,,,,,,,,,,,,-1,-1,-1,-1,-1,-1
https://www.op.gg/summoners/euw/Miyamot%C3%B4%20Musash%C3%AE-EUW/matches/uRd1PvnOddq4TP1RBu32G-3wNvMcBTHhy2oKdByQvSo%3D/1732874731000,0,12,24,24,13,46,19,56,54,17,18,2,2,0,1,3,8,2,3,47603,57016,13.4,15.0,881,904,32.6,33.4,-9413,9413,1753.7947368421053,2100.5894736842106,K'Sante,Diana,Lucian,Draven,Janna,Gragas,Master Yi,Ryze,Corki,Bard,Unending Despair,Kaenic Rookern,Control Ward,Null-Magic Mantle,Plated Steelcaps,Doran's Shield,Stealth Ward,Nashor's Tooth,Riftmaker,No_Item,Mercury's Treads,Rabadon's Deathcap,Amplifying Tome,Oracle Lens,Essence Reaver,Infinity Edge,Slightly Magical Footwear,Control Ward,Mortal Reminder,Doran's Blade,Farsight Alteration,Doran's Blade,Berserker's Greaves,Bloodthirster,Lord Dominik's Regards,Cloak of Agility,No_Item,Farsight Alteration,Control Ward,Bloodsong,Kindlegem,Boots of Swiftness,Amplifying Tome,Echoes of Helia,Oracle Lens,Hextech Rocketbelt,Refillable Potion,Cosmic Drive,Ionian Boots of Lucidity,Lost Chapter,Amplifying Tome,Oracle Lens,Guinsoo's Rageblade,Blade of The Ruined King,Kraken Slayer,No_Item,Plated Steelcaps,No_Item,Farsight Alteration,Ionian Boots of Lucidity,Rod of Ages,Seraph's Embrace,Refillable Potion,Frozen Heart,No_Item,Farsight Alteration,Null-Magic Mantle,Plated Steelcaps,Infinity Edge,Muramana,Trinity Force,Mortal Reminder,Farsight Alteration,Dead Man's Plate,Statikk Shiv,Bloodsong,Negatron Cloak,Null-Magic Mantle,Slightly Magical Footwear,Oracle Lens,Grasp of the Undying,Inspiration,Conqueror,Inspiration,Press the Attack,Inspiration,Lethal Tempo,Domination,Summon Aery,Resolve,Phase Rush,Precision,Lethal Tempo,Domination,Conqueror,Sorcery,Conqueror,Inspiration,Guardian,Inspiration,Flash,Teleport,Flash,Smite,Flash,Teleport,Barrier,Flash,Flash,Heal,Teleport,Flash,Flash,Smite,Teleport,Flash,Barrier,Flash,Ignite,Flash,1,6,0,0,0,1
https://www.op.gg/summoners/euw/Miyamot%C3%B4%20Musash%C3%AE-EUW/matches/uRd1PvnOddqxPUi7a5iu-_-sbezXL2rAojYnnvHDi-s%3D/1732872295000,1,25,24,24,25,40,45,77,74,27,19,2,3,2,0,8,7,4,3,69056,62267,17.0,15.8,1136,1072,34.6,32.6,6789,-6789,2097.6054607508536,1891.3866894197954,Ambessa,Lillia,Yone,Caitlyn,Neeko,Volibear,Vi,Orianna,Corki,Lulu,Eclipse,Sterak's Gage,Black Cleaver,Plated Steelcaps,Death's Dance,Long Sword,Farsight Alteration,Rabadon's Deathcap,Riftmaker,Zhonya's Hourglass,Slightly Magical Footwear,Liandry's Torment,No_Item,Oracle Lens,Berserker's Greaves,Blade of The Ruined King,Immortal Shieldbow,Infinity Edge,B. F. Sword,No_Item,Oracle Lens,Doran's Blade,Berserker's Greaves,Infinity Edge,Yun Tal Wildarrows,Mortal Reminder,Zeal,Farsight Alteration,Hextech Rocketbelt,Celestial Opposition,Zhonya's Hourglass,Oblivion Orb,Control Ward,Ionian Boots of Lucidity,Oracle Lens,Plated Steelcaps,Randuin's Omen,Hextech Rocketbelt,Cosmic Drive,Spirit Visage,Chain Vest,Oracle Lens,Sundered Sky,Black Cleaver,No_Item,Plated Steelcaps,Sterak's Gage,Steel Sigil,Oracle Lens,No_Item,Shattered Armguard,Sorcerer's Shoes,Stormsurge,Luden's Companion,Doran's Ring,Farsight Alteration,Plated Steelcaps,Trinity Force,Muramana,Infinity Edge,Immortal Shieldbow,Doran's Blade,Farsight Alteration,Dream Maker,Mikael's Blessing,Redemption,Moonstone Renewer,Ionian Boots of Lucidity,No_Item,Oracle Lens,Conqueror,Resolve,Conqueror,Inspiration,Fleet Footwork,Resolve,Lethal Tempo,Sorcery,Arcane Comet,Inspiration,Grasp of the Undying,Precision,Conqueror,Inspiration,Summon Aery,Precision,Conqueror,Sorcery,Summon Aery,Resolve,Teleport,Flash,Smite,Flash,Teleport,Flash,Flash,Barrier,Flash,Ignite,Flash,Teleport,Flash,Smite,Teleport,Flash,Barrier,Flash,Flash,Heal,1,3,1,0,3,1
https://www.op.gg/summoners/euw/Miyamot%C3%B4%20Musash%C3%AE-EUW/matches/uRd1PvnOddok2bREqPOmwEgBgPIKkD1IkiJgj00QHxs%3D/1732839332000,0,2,24,24,2,32,2,22,34,4,7,0,1,0,0,0,2,0,1,21145,32790,8.2,10.2,387,500,25.6,33.0,-11645,11645,1398.5669291338584,2168.7874015748034,Yone,Elise,Irelia,Kog'Maw,Pantheon,Renekton,Volibear,K'Sante,Ashe,Renata Glasc,Doran's Shield,Recurve Bow,Berserker's Greaves,Vampiric Scepter,Recurve Bow,Pickaxe,Stealth Ward,Gustwalker Hatchling,Stormsurge,No_Item,Dark Seal,Boots,No_Item,Oracle Lens,Doran's Blade,Blade of The Ruined King,No_Item,No_Item,Slightly Magical Footwear,No_Item,Stealth Ward,Tear of the Goddess,Boots,Lost Chapter,Amplifying Tome,Amplifying Tome,Doran's Ring,Stealth Ward,Runic Compass,Refillable Potion,Boots,Phage,Kindlegem,Cloth Armor,Oracle Lens,Doran's Shield,Eclipse,Boots,Ruby Crystal,Caulfield's Warhammer,Serrated Dirk,Farsight Alteration,Gustwalker Hatchling,Sundered Sky,Winged Moonplate,Boots,Cloth Armor,No_Item,Oracle Lens,Doran's Shield,Thornmail,Iceborn Gauntlet,Plated Steelcaps,Null-Magic Mantle,No_Item,Stealth Ward,Doran's Blade,Kraken Slayer,Refillable Potion,Dagger,No_Item,Berserker's Greaves,Farsight Alteration,Mikael's Blessing,Bloodsong,Ruby Crystal,Control Ward,Cloth Armor,Boots of Swiftness,Oracle Lens,Grasp of the Undying,Precision,Dark Harvest,Precision,Conqueror,Inspiration,Arcane Comet,Precision,Press the Attack,Domination,Press the Attack,Resolve,Press the Attack,Sorcery,Aftershock,Inspiration,Lethal Tempo,Inspiration,Guardian,Domination,Flash,Teleport,Smite,Flash,Teleport,Flash,Teleport,Flash,Ignite,Flash,Flash,Teleport,Flash,Smite,Flash,Teleport,Barrier,Flash,Flash,Heal,0,5,0,0,1,0
