GAME_ID,BLUE_WIN,BLUE_KILLS,RED_KILLS,BLUE_DEATHS,RED_DEATHS,RED_ASSISTS,BLUE_ASSISTS,BLUE_WARDS_PLACED,RED_WARDS_PLACED,BLUE_WARDS_DESTROYED,RED_WARDS_DESTROYED,BLUE_DRAGONS,RED_DRAGONS,BLUE_BARONS,RED_BARONS,BLUE_TOWERS,RED_TOWERS,BLUE_ELITE_MONSTERS,RED_ELITE_MONSTERS,BLUE_TEAM_GOLD,RED_TEAM_GOLD,BLUE_TEAM_LEVEL,RED_TEAM_LEVEL,BLUE_TEAM_CS,RED_TEAM_CS,BLUE_TEAAM_CS_PER_MINUTE,RED_TEAAM_CS_PER_MINUTE,BLUE_GOLD_DIFF,RED_GOLD_DIFF,BLUE_GOLD_PER_MIN,RED_GOLD_PER_MIN,BLUE_TEAM_TOP,BLUE_TEAM_JNG,BLUE_TEAM_MID,BLUE_TEAM_ADC,BLUE_TEAM_SUP,RED_TEAM_TOP,RED_TEAM_JNG,RED_TEAM_MID,RED_TEAM_ADC,RED_TEAM_SUP,BLLUE_TEAM_TOP_ITEM_1,BLLUE_TEAM_TOP_ITEM_2,BLLUE_TEAM_TOP_ITEM_3,BLLUE_TEAM_TOP_ITEM_4,BLLUE_TEAM_TOP_ITEM_5,BLLUE_TEAM_TOP_ITEM_6,BLLUE_TEAM_TOP_ITEM_VISION,BLLUE_TEAM_JNG_ITEM_1,BLLUE_TEAM_JNG_ITEM_2,BLLUE_TEAM_JNG_ITEM_3,BLLUE_TEAM_JNG_ITEM_4,BLLUE_TEAM_JNG_ITEM_5,BLLUE_TEAM_JNG_ITEM_6,BLLUE_TEAM_JNG_ITEM_VISION,BLLUE_TEAM_MID_ITEM_1,BLLUE_TEAM_MID_ITEM_2,BLLUE_TEAM_MID_ITEM_3,BLLUE_TEAM_MID_ITEM_4,BLLUE_TEAM_MID_ITEM_5,BLLUE_TEAM_MID_ITEM_6,BLLUE_TEAM_MID_ITEM_VISION,BLLUE_TEAM_ADC_ITEM_1,BLLUE_TEAM_ADC_ITEM_2,BLLUE_TEAM_ADC_ITEM_3,BLLUE_TEAM_ADC_ITEM_4,BLLUE_TEAM_ADC_ITEM_5,BLLUE_TEAM_ADC_ITEM_6,BLLUE_TEAM_ADC_ITEM_VISION,BLLUE_TEAM_SUP_ITEM_1,BLLUE_TEAM_SUP_ITEM_2,BLLUE_TEAM_SUP_ITEM_3,BLLUE_TEAM_SUP_ITEM_4,BLLUE_TEAM_SUP_ITEM_5,BLLUE_TEAM_SUP_ITEM_6,BLLUE_TEAM_SUP_ITEM_VISION,RED_TEAM_TOP_ITEM_1,RED_TEAM_TOP_ITEM_2,RED_TEAM_TOP_ITEM_3,RED_TEAM_TOP_ITEM_4,RED_TEAM_TOP_ITEM_5,RED_TEAM_TOP_ITEM_6,RED_TEAM_TOP_ITEM_VISION,RED_TEAM_JNG_ITEM_1,RED_TEAM_JNG_ITEM_2,RED_TEAM_JNG_ITEM_3,RED_TEAM_JNG_ITEM_4,RED_TEAM_JNG_ITEM_5,RED_TEAM_JNG_ITEM_6,RED_TEAM_JNG_ITEM_VISION,RED_TEAM_MID_ITEM_1,RED_TEAM_MID_ITEM_2,RED_TEAM_MID_ITEM_3,RED_TEAM_MID_ITEM_4,RED_TEAM_MID_ITEM_5,RED_TEAM_MID_ITEM_6,RED_TEAM_MID_ITEM_VISION,RED_TEAM_ADC_ITEM_1,RED_TEAM_ADC_ITEM_2,RED_TEAM_ADC_ITEM_3,RED_TEAM_ADC_ITEM_4,RED_TEAM_ADC_ITEM_5,RED_TEAM_ADC_ITEM_6,RED_TEAM_ADC_ITEM_VISION,RED_TEAM_SUP_ITEM_1,RED_TEAM_SUP_ITEM_2,RED_TEAM_SUP_ITEM_3,RED_TEAM_SUP_ITEM_4,RED_TEAM_SUP_ITEM_5,RED_TEAM_SUP_ITEM_6,RED_TEAM_SUP_ITEM_VISION,BLUE_TEAM_TOP_RUNE_01,BLUE_TEAM_TOP_RUNE_02,BLUE_TEAM_JNG_RUNE_01,BLUE_TEAM_JNG_RUNE_02,BLUE_TEAM_MID_RUNE_01,BLUE_TEAM_MID_RUNE_02,BLUE_TEAM_ADC_RUNE_01,BLUE_TEAM_ADC_RUNE_02,BLUE_TEAM_SUP_RUNE_01,BLUE_TEAM_SUP_RUNE_02,RED_TEAM_TOP_RUNE_01,RED_TEAM_TOP_RUNE_02,RED_TEAM_JNG_RUNE_01,RED_TEAM_JNG_RUNE_02,RED_TEAM_MID_RUNE_01,RED_TEAM_MID_RUNE_02,RED_TEAM_ADC_RUNE_01,RED_TEAM_ADC_RUNE_02,RED_TEAM_SUP_RUNE_01,RED_TEAM_SUP_RUNE_02,BLUE_TEAM_TOP_SUMMONER_01,BLUE_TEAM_TOP_SUMMONER_02,BLUE_TEAM_JNG_SUMMONER_01,BLUE_TEAM_JNG_SUMMONER_02,BLUE_TEAM_MID_SUMMONER_01,BLUE_TEAM_MID_SUMMONER_02,BLUE_TEAM_ADC_SUMMONER_01,BLUE_TEAM_ADC_SUMMONER_02,BLUE_TEAM_SUP_SUMMONER_01,BLUE_TEAM_SUP_SUMMONER_02,RED_TEAM_TOP_SUMMONER_01,RED_TEAM_TOP_SUMMONER_02,RED_TEAM_JNG_SUMMONER_01,RED_TEAM_JNG_SUMMONER_02,RED_TEAM_MID_SUMMONER_01,RED_TEAM_MID_SUMMONER_02,RED_TEAM_ADC_SUMMONER_01,RED_TEAM_ADC_SUMMONER_02,RED_TEAM_SUP_SUMMONER_01,RED_TEAM_SUP_SUMMONER_02,BLUE_TEAM_RIFT_HERALDS,BLUE_TEAM_VOID_GRUBS,BLUE_TEAM_INHIBITORS,RED_TEAM_RIFT_HERALDS,RED_TEAM_VOID_GRUBS,RED_TEAM_INHIBITORS
https://www.op.gg/summoners/euw/SIXTY5-EUW/matches/uRd1PvnOddr85WnNHpdk7oYsyC811XacWZMqXBtlT58%3D/1734561703000,0,20,33,33,20,56,20,60,66,16,23,0,3,0,1,2,8,0,4,43882,53654,12.2,14.0,660,737,26.4,29.5,-9772,9772,1759.9732620320856,2151.898395721925,K'Sante,Heimerdinger,Syndra,Varus,Thresh,Aurora,Nidalee,Jayce,Ashe,Braum,"Jak'Sho, The Protean",Kaenic Rookern,Mercury's Treads,Cloth Armor,No_Item,No_Item,Stealth Ward,Winged Moonplate,Crystalline Bracer,Giant's Belt,Rylai's Crystal Scepter,Sorcerer's Shoes,No_Item,Stealth Ward,Doran's Ring,Luden's Companion,Sorcerer's Shoes,Stormsurge,Dark Seal,Void Staff,Farsight Alteration,Doran's Blade,Edge of Night,Hubris,Ionian Boots of Lucidity,Caulfield's Warhammer,Tear of the Goddess,Farsight Alteration,Mikael's Blessing,Solstice Sleigh,Control Ward,Trailblazer,No_Item,Boots of Swiftness,Oracle Lens,Boots of Swiftness,Doran's Ring,Liandry's Torment,No_Item,Malignance,Needlessly Large Rod,Farsight Alteration,Banshee's Veil,Lich Bane,Needlessly Large Rod,Amplifying Tome,Sorcerer's Shoes,Dark Seal,Oracle Lens,Serrated Dirk,Youmuu's Ghostblade,Mercury's Treads,Control Ward,Muramana,Opportunity,Farsight Alteration,Doran's Blade,Berserker's Greaves,Statikk Shiv,Runaan's Hurricane,Vampiric Scepter,B. F. Sword,Farsight Alteration,Celestial Opposition,Knight's Vow,Locket of the Iron Solari,Null-Magic Mantle,Control Ward,Mercury's Treads,Oracle Lens,Grasp of the Undying,Inspiration,Electrocute,Sorcery,First Strike,Sorcery,Hail of Blades,Sorcery,Aftershock,Inspiration,Grasp of the Undying,Precision,Dark Harvest,Precision,Phase Rush,Inspiration,Lethal Tempo,Inspiration,Guardian,Inspiration,Flash,Teleport,Smite,Flash,Flash,Teleport,Flash,Barrier,Flash,Ignite,Flash,Teleport,Smite,Flash,Teleport,Flash,Barrier,Flash,Flash,Heal,0,0,0,1,6,1
https://www.op.gg/summoners/euw/SIXTY5-EUW/matches/uRd1PvnOddqAcZE6usEdLL9UjRQ4iDd944nCmS_Wm1M%3D/1734559500000,0,27,39,39,27,76,35,70,58,15,28,1,3,0,1,4,6,1,4,60011,64616,14.6,15.6,906,898,30.5,30.3,-4605,4605,2018.0690265486726,2172.927433628319,Ambessa,Elise,Syndra,Caitlyn,Lux,Riven,Kha'Zix,Ahri,Jinx,Lulu,Doran's Blade,Voltaic Cyclosword,Death's Dance,Mercury's Treads,Caulfield's Warhammer,Spear of Shojin,Farsight Alteration,Void Staff,Sorcerer's Shoes,Needlessly Large Rod,Stormsurge,Hextech Alternator,Dark Seal,Oracle Lens,Sorcerer's Shoes,Luden's Companion,Needlessly Large Rod,Shadowflame,Needlessly Large Rod,Dark Seal,Farsight Alteration,The Collector,Rapid Firecannon,Infinity Edge,Slightly Magical Footwear,Lord Dominik's Regards,Serpent's Fang,Farsight Alteration,Stormsurge,Horizon Focus,Zaz'Zak's Realmspike,Amplifying Tome,Amplifying Tome,Sorcerer's Shoes,Oracle Lens,Eclipse,Death's Dance,Sundered Sky,Ionian Boots of Lucidity,Serrated Dirk,Doran's Blade,Oracle Lens,Profane Hydra,Edge of Night,No_Item,Eclipse,Mercury's Treads,No_Item,Oracle Lens,Lich Bane,Mercury's Treads,Zhonya's Hourglass,No_Item,Rabadon's Deathcap,Malignance,Oracle Lens,Rapid Firecannon,B. F. Sword,Berserker's Greaves,Infinity Edge,The Collector,Doran's Blade,Farsight Alteration,Mikael's Blessing,Redemption,Dream Maker,Ionian Boots of Lucidity,No_Item,Moonstone Renewer,Oracle Lens,Grasp of the Undying,Domination,Dark Harvest,Precision,Arcane Comet,Inspiration,First Strike,Sorcery,Arcane Comet,Domination,Conqueror,Inspiration,Conqueror,Inspiration,Electrocute,Resolve,Fleet Footwork,Inspiration,Summon Aery,Resolve,Teleport,Flash,Smite,Flash,Teleport,Flash,Flash,Barrier,Heal,Flash,Ignite,Flash,Flash,Smite,Teleport,Flash,Flash,Cleanse,Flash,Heal,0,5,0,0,1,0
https://www.op.gg/summoners/euw/SIXTY5-EUW/matches/uRd1PvnOddogVxe2riALN-8ZlRLZqF4b8M-402eol6U%3D/1734529210000,0,17,18,18,17,28,13,71,61,22,29,1,3,0,1,4,10,1,4,47814,56199,14.0,14.6,880,946,32.8,35.4,-8385,8385,1783.5380952380954,2096.3119047619048,Aurora,Lee Sin,Kassadin,Xayah,Rakan,Irelia,Graves,Vex,Ashe,Seraphine,Luden's Companion,Void Staff,Dark Seal,Oblivion Orb,Doran's Ring,Sorcerer's Shoes,Stealth Ward,Sundered Sky,Eclipse,Caulfield's Warhammer,Plated Steelcaps,Long Sword,No_Item,Stealth Ward,Rod of Ages,Mercury's Treads,Fimbulwinter,Frozen Heart,Doran's Shield,No_Item,Oracle Lens,Doran's Blade,Essence Reaver,Berserker's Greaves,Navori Flickerblade,Infinity Edge,No_Item,Farsight Alteration,Boots of Swiftness,Locket of the Iron Solari,Knight's Vow,Solstice Sleigh,No_Item,No_Item,Oracle Lens,Doran's Blade,Hullbreaker,Blade of The Ruined King,Boots,Wit's End,Frozen Heart,Stealth Ward,Boots,Youmuu's Ghostblade,Last Whisper,Maw of Malmortius,Long Sword,The Collector,Oracle Lens,Shadowflame,Luden's Companion,Sorcerer's Shoes,Hextech Alternator,Aether Wisp,No_Item,Farsight Alteration,Mortal Reminder,Berserker's Greaves,Runaan's Hurricane,Statikk Shiv,No_Item,Doran's Blade,Farsight Alteration,Solstice Sleigh,Redemption,Control Ward,Boots of Swiftness,Bandleglass Mirror,Kindlegem,Oracle Lens,Electrocute,Resolve,Conqueror,Inspiration,Conqueror,Domination,Lethal Tempo,Inspiration,Guardian,Domination,Conqueror,Resolve,Dark Harvest,Precision,Electrocute,Sorcery,Lethal Tempo,Inspiration,Guardian,Sorcery,Flash,Teleport,Smite,Flash,Flash,Teleport,Barrier,Flash,Ignite,Flash,Flash,Teleport,Flash,Smite,Flash,Ignite,Barrier,Flash,Flash,Heal,0,6,0,1,0,1
https://www.op.gg/summoners/euw/SIXTY5-EUW/matches/uRd1PvnOddp-iGaUUHf5lN3zs0JEWzCkvFn1g_AOK5o%3D/1734526911000,0,33,41,41,33,58,45,102,63,19,32,3,2,0,2,7,9,3,4,64151,66619,15.0,16.2,990,903,33.1,30.2,-2468,2468,2148.0425339366516,2230.681447963801,Ambessa,Rengar,Taliyah,Caitlyn,Pyke,K'Sante,Viego,Sylas,Ashe,Bard,Edge of Night,Serylda's Grudge,Voltaic Cyclosword,Plated Steelcaps,Serrated Dirk,Cull,Stealth Ward,Ionian Boots of Lucidity,Profane Hydra,Youmuu's Ghostblade,Serpent's Fang,Lord Dominik's Regards,Serrated Dirk,Oracle Lens,Sorcerer's Shoes,Liandry's Torment,Doran's Ring,Seraph's Embrace,Blighting Jewel,No_Item,Farsight Alteration,Lord Dominik's Regards,The Collector,Infinity Edge,Rapid Firecannon,Bloodthirster,Berserker's Greaves,Farsight Alteration,Celestial Opposition,Youmuu's Ghostblade,Control Ward,Mercury's Treads,Serrated Dirk,Tunneler,Oracle Lens,"Jak'Sho, The Protean",Randuin's Omen,Iceborn Gauntlet,Plated Steelcaps,Tear of the Goddess,Ruby Crystal,Stealth Ward,Kraken Slayer,Plated Steelcaps,Titanic Hydra,Sundered Sky,Sterak's Gage,Ruby Crystal,Oracle Lens,Zhonya's Hourglass,Hextech Rocketbelt,Dark Seal,Shadowflame,Stormsurge,Sorcerer's Shoes,Oracle Lens,Berserker's Greaves,Runaan's Hurricane,Statikk Shiv,Doran's Blade,Bloodthirster,B. F. Sword,Farsight Alteration,Dead Man's Plate,Plated Steelcaps,Bloodsong,Statikk Shiv,Warden's Mail,Ruby Crystal,Oracle Lens,Electrocute,Inspiration,Conqueror,Domination,Phase Rush,Resolve,Lethal Tempo,Sorcery,Hail of Blades,Sorcery,Grasp of the Undying,Inspiration,Conqueror,Inspiration,Electrocute,Resolve,Lethal Tempo,Inspiration,Guardian,Inspiration,Flash,Teleport,Flash,Smite,Teleport,Flash,Barrier,Flash,Ignite,Flash,Teleport,Flash,Flash,Smite,Flash,Teleport,Barrier,Flash,Ignite,Flash,1,6,0,0,0,1
https://www.op.gg/summoners/euw/SIXTY5-EUW/matches/uRd1PvnOddqH0vaoZoleLw9jZytP-Z20rkamzvCcBb4%3D/1734524711000,1,45,15,15,45,21,88,80,38,8,25,1,2,1,0,10,1,2,2,59496,42596,14.0,12.4,750,699,30.6,28.5,16900,-16900,2420.871724137931,1733.2165517241378,Pantheon,Ivern,Aurelion Sol,Corki,Pyke,Renekton,Dr. Mundo,Viktor,Xayah,Braum,Plated Steelcaps,Black Cleaver,Sundered Sky,Doran's Blade,Pickaxe,Long Sword,Stealth Ward,Staff of Flowing Water,Mejai's Soulstealer,Redemption,Ionian Boots of Lucidity,Control Ward,Moonstone Renewer,Oracle Lens,Sorcerer's Shoes,Blackfire Torch,Needlessly Large Rod,Control Ward,Rylai's Crystal Scepter,Liandry's Torment,Farsight Alteration,Doran's Blade,Lord Dominik's Regards,Trinity Force,Muramana,Boots,No_Item,Farsight Alteration,Celestial Opposition,Youmuu's Ghostblade,No_Item,Mercury's Treads,Serrated Dirk,Edge of Night,Oracle Lens,Pickaxe,Tunneler,Plated Steelcaps,Black Cleaver,Ruby Crystal,Doran's Shield,Stealth Ward,Unending Despair,Heartsteel,Boots of Swiftness,Spectre's Cowl,No_Item,No_Item,Oracle Lens,Refillable Potion,Luden's Companion,Sorcerer's Shoes,Doran's Ring,Shadowflame,Amplifying Tome,Farsight Alteration,Essence Reaver,Berserker's Greaves,Navori Flickerblade,Doran's Blade,Infinity Edge,No_Item,Farsight Alteration,Celestial Opposition,Locket of the Iron Solari,Refillable Potion,Plated Steelcaps,Knight's Vow,No_Item,Oracle Lens,Press the Attack,Sorcery,Glacial Augment,Sorcery,Arcane Comet,Precision,Conqueror,Inspiration,Hail of Blades,Sorcery,Conqueror,Resolve,Fleet Footwork,Inspiration,Summon Aery,Resolve,Lethal Tempo,Inspiration,Guardian,Inspiration,Ignite,Flash,Flash,Smite,Flash,Teleport,Flash,Barrier,Ignite,Flash,Flash,Teleport,Flash,Smite,Teleport,Flash,Cleanse,Flash,Flash,Ignite,1,5,2,0,1,0
https://www.op.gg/summoners/euw/SIXTY5-EUW/matches/uRd1PvnOddoqXdrtyPIaSxr4Rt7OViG3ucxaptrGfLg%3D/1734474596000,1,40,15,15,40,18,44,89,76,25,24,4,0,1,0,10,2,5,0,64170,50959,15.6,14.0,918,864,31.5,29.599999999999998,13211,-13211,2207.448,1752.9895999999999,Urgot,Shaco,Aurora,Syndra,Rakan,Gnar,Karthus,Corki,Talon,Vel'Koz,Doran's Shield,Plated Steelcaps,Black Cleaver,"Jak'Sho, The Protean",Sterak's Gage,Long Sword,Oracle Lens,No_Item,Youmuu's Ghostblade,Berserker's Greaves,Lord Dominik's Regards,Long Sword,Voltaic Cyclosword,Oracle Lens,Rabadon's Deathcap,Luden's Companion,Zhonya's Hourglass,Sorcerer's Shoes,Mejai's Soulstealer,Shadowflame,Oracle Lens,Void Staff,Blackfire Torch,Sorcerer's Shoes,Dark Seal,Cosmic Drive,No_Item,Farsight Alteration,Celestial Opposition,Redemption,Locket of the Iron Solari,No_Item,Boots of Swiftness,Ruby Crystal,Oracle Lens,Sterak's Gage,Wit's End,Trinity Force,Plated Steelcaps,Chain Vest,No_Item,Farsight Alteration,Shadowflame,Blackfire Torch,Sorcerer's Shoes,Blasting Wand,Blighting Jewel,No_Item,Oracle Lens,Doran's Blade,Trinity Force,Muramana,Immortal Shieldbow,No_Item,Boots of Swiftness,Farsight Alteration,Edge of Night,Youmuu's Ghostblade,Doran's Blade,Mercury's Treads,Caulfield's Warhammer,No_Item,Stealth Ward,Zaz'Zak's Realmspike,Horizon Focus,Sorcerer's Shoes,Lost Chapter,Hextech Alternator,No_Item,Oracle Lens,Press the Attack,Resolve,Hail of Blades,Precision,Electrocute,Sorcery,Arcane Comet,Precision,Guardian,Domination,Fleet Footwork,Resolve,Dark Harvest,Precision,Conqueror,Inspiration,Conqueror,Sorcery,Arcane Comet,Domination,Flash,Teleport,Smite,Ignite,Teleport,Flash,Flash,Teleport,Flash,Heal,Teleport,Flash,Flash,Smite,Barrier,Flash,Ignite,Flash,Heal,Flash,0,0,2,0,5,0
https://www.op.gg/summoners/euw/SIXTY5-EUW/matches/uRd1PvnOddqQJUrQZSzUQJvlOxiYy4vpY3veuSxmSJ8%3D/1734472217000,1,30,39,39,31,92,52,94,126,55,33,3,3,1,1,9,7,4,4,76167,69923,16.8,16.0,1152,879,29.8,22.7,6244,-6244,1965.6,1804.4645161290323,Swain,Viego,Yasuo,Corki,Nautilus,Zilean,Elise,Syndra,Kog'Maw,Braum,Giant's Belt,Blackfire Torch,Mercury's Treads,Zhonya's Hourglass,Spirit Visage,Liandry's Torment,Farsight Alteration,Mercury's Treads,No_Item,Wit's End,Kraken Slayer,Sterak's Gage,Sundered Sky,Oracle Lens,Kraken Slayer,Immortal Shieldbow,Bloodthirster,Pickaxe,Navori Flickerblade,Mercury's Treads,Farsight Alteration,Rapid Firecannon,Trinity Force,Boots of Swiftness,Muramana,Vampiric Scepter,Maw of Malmortius,Oracle Lens,Celestial Opposition,Locket of the Iron Solari,Watchful Wardstone,Abyssal Mask,Negatron Cloak,Mercury's Treads,Oracle Lens,Shurelya's Battlesong,Control Ward,Dark Seal,Seraph's Embrace,Cosmic Drive,Boots of Swiftness,Stealth Ward,No_Item,Stormsurge,Zhonya's Hourglass,Liandry's Torment,Sorcerer's Shoes,Void Staff,Oracle Lens,Rabadon's Deathcap,Sorcerer's Shoes,Blackfire Torch,Cosmic Drive,Void Staff,Needlessly Large Rod,Farsight Alteration,Terminus,Guinsoo's Rageblade,Blade of The Ruined King,Berserker's Greaves,"Jak'Sho, The Protean",Warden's Mail,Farsight Alteration,Kindlegem,Solstice Sleigh,Plated Steelcaps,Knight's Vow,Thornmail,Null-Magic Mantle,Oracle Lens,Conqueror,Resolve,Conqueror,Inspiration,Fleet Footwork,Resolve,Conqueror,Inspiration,Aftershock,Inspiration,Grasp of the Undying,Sorcery,Dark Harvest,Precision,First Strike,Sorcery,Lethal Tempo,Resolve,Guardian,Inspiration,Flash,Teleport,Flash,Smite,Teleport,Flash,Cleanse,Flash,Flash,Ignite,Flash,Teleport,Smite,Flash,Flash,Teleport,Flash,Barrier,Ignite,Flash,0,3,2,1,3,2
https://www.op.gg/summoners/euw/SIXTY5-EUW/matches/uRd1PvnOddrzHp5BbaEMVr99KiSNE03oEayL9eWDyt8%3D/1734468828000,1,35,13,13,35,18,61,59,48,9,15,1,0,1,0,9,1,2,0,51346,38660,13.2,11.8,662,642,29.1,28.4,12686,-12686,2263.2776315789474,1704.0921052631581,Gnar,Lee Sin,Viktor,Kog'Maw,Braum,Malphite,Viego,Syndra,Corki,Nautilus,Black Cleaver,Mercury's Treads,Trinity Force,Control Ward,Pickaxe,No_Item,Farsight Alteration,Mercury's Treads,Eclipse,Sundered Sky,Phage,Ruby Crystal,No_Item,Stealth Ward,Needlessly Large Rod,Dark Seal,Zhonya's Hourglass,Luden's Companion,Mercury's Treads,No_Item,Farsight Alteration,Wit's End,Guinsoo's Rageblade,Blade of The Ruined King,Cloth Armor,Null-Magic Mantle,Berserker's Greaves,Farsight Alteration,Celestial Opposition,Locket of the Iron Solari,No_Item,Mercury's Treads,Kindlegem,Cloth Armor,Oracle Lens,Boots,Sunfire Aegis,Control Ward,Tear of the Goddess,Kaenic Rookern,Cloth Armor,Farsight Alteration,Slightly Magical Footwear,Control Ward,Kraken Slayer,Trinity Force,Recurve Bow,Dagger,Oracle Lens,Stormsurge,No_Item,No_Item,Dark Seal,Luden's Companion,Ionian Boots of Lucidity,Oracle Lens,Doran's Blade,Muramana,Long Sword,Trinity Force,Plated Steelcaps,No_Item,Farsight Alteration,Control Ward,Plated Steelcaps,Bloodsong,Locket of the Iron Solari,Ruby Crystal,Cloth Armor,Oracle Lens,Fleet Footwork,Resolve,Conqueror,Inspiration,Summon Aery,Resolve,Lethal Tempo,Resolve,Guardian,Inspiration,Arcane Comet,Inspiration,Conqueror,Inspiration,Arcane Comet,Inspiration,Conqueror,Inspiration,Aftershock,Inspiration,Flash,Teleport,Flash,Smite,Flash,Teleport,Flash,Barrier,Flash,Heal,Flash,Teleport,Flash,Smite,Teleport,Flash,Barrier,Flash,Flash,Ignite,1,4,2,0,2,0
https://www.op.gg/summoners/euw/SIXTY5-EUW/matches/uRd1PvnOddrg_3uXsgSpkZjTc9v_ILkMh-0wj2oEmuo%3D/1734466556000,0,14,31,31,15,46,19,57,50,14,14,1,2,0,0,3,5,1,2,43087,50065,12.2,13.2,666,725,27.8,30.2,-6978,6978,1791.5121052631578,2081.65,Jax,Viego,Swain,Ashe,Soraka,Viktor,Kindred,Sylas,Caitlyn,Lux,Trinity Force,Mercury's Treads,No_Item,No_Item,No_Item,Stridebreaker,Stealth Ward,Titanic Hydra,Kraken Slayer,Mercury's Treads,Long Sword,Negatron Cloak,Dagger,Stealth Ward,Blackfire Torch,Cosmic Drive,No_Item,Oblivion Orb,Dark Seal,Sorcerer's Shoes,Stealth Ward,Zeal,Kraken Slayer,Berserker's Greaves,Dagger,Dagger,Doran's Blade,Farsight Alteration,Celestial Opposition,Redemption,Moonstone Renewer,No_Item,No_Item,Ionian Boots of Lucidity,Oracle Lens,Doran's Ring,Oblivion Orb,Plated Steelcaps,Liandry's Torment,Dark Seal,Lost Chapter,Farsight Alteration,Mortal Reminder,Trinity Force,The Collector,Boots of Swiftness,Long Sword,No_Item,Oracle Lens,Needlessly Large Rod,Doran's Ring,Dark Seal,Rod of Ages,Plated Steelcaps,Riftmaker,Stealth Ward,Doran's Blade,Berserker's Greaves,The Collector,Infinity Edge,Scout's Slingshot,No_Item,Farsight Alteration,Seeker's Armguard,Zaz'Zak's Realmspike,Ionian Boots of Lucidity,Horizon Focus,No_Item,No_Item,Oracle Lens,Grasp of the Undying,Inspiration,Conqueror,Inspiration,Conqueror,Resolve,Lethal Tempo,Inspiration,Summon Aery,Resolve,Grasp of the Undying,Sorcery,Press the Attack,Domination,Conqueror,Resolve,Fleet Footwork,Sorcery,Arcane Comet,Domination,Teleport,Flash,Flash,Smite,Ghost,Flash,Barrier,Flash,Heal,Flash,Teleport,Flash,Flash,Smite,Flash,Teleport,Flash,Cleanse,Heal,Flash,1,3,0,0,3,1
https://www.op.gg/summoners/euw/SIXTY5-EUW/matches/uRd1PvnOddr4ry_qLbCEn-yTnS7Llh8FHP9lgIMxZU4%3D/1734464606000,0,14,28,28,14,44,18,59,59,20,17,1,3,0,1,3,7,1,4,43049,54336,12.2,13.8,759,822,31.1,33.6,-11287,11287,1770.2392523364488,2234.377570093458,Tryndamere,Wukong,Sylas,Jinx,Lulu,Jax,Vi,Viktor,Ashe,Thresh,Berserker's Greaves,Navori Flickerblade,Ravenous Hydra,Pickaxe,No_Item,Doran's Blade,Oracle Lens,Kindlegem,Trinity Force,Phage,Sundered Sky,No_Item,Slightly Magical Footwear,Stealth Ward,Doran's Ring,Cosmic Drive,Hextech Rocketbelt,Ionian Boots of Lucidity,Blighting Jewel,No_Item,Oracle Lens,Berserker's Greaves,Yun Tal Wildarrows,Phantom Dancer,Doran's Blade,Last Whisper,Long Sword,Farsight Alteration,Redemption,Dream Maker,Control Ward,Ruby Crystal,Moonstone Renewer,Ionian Boots of Lucidity,Oracle Lens,Doran's Blade,Plated Steelcaps,Trinity Force,Sundered Sky,Frozen Heart,Ruby Crystal,Stealth Ward,Sterak's Gage,Sundered Sky,Plated Steelcaps,B. F. Sword,Cloth Armor,Cloth Armor,Oracle Lens,Dark Seal,Sorcerer's Shoes,No_Item,Lich Bane,Luden's Companion,Rabadon's Deathcap,Farsight Alteration,Kraken Slayer,Berserker's Greaves,Phantom Dancer,B. F. Sword,Pickaxe,Doran's Blade,Farsight Alteration,Trailblazer,Solstice Sleigh,Control Ward,Cloth Armor,Kindlegem,Boots of Swiftness,Oracle Lens,Grasp of the Undying,Precision,Conqueror,Inspiration,Conqueror,Resolve,Lethal Tempo,Sorcery,Summon Aery,Resolve,Lethal Tempo,Inspiration,Conqueror,Inspiration,Summon Aery,Precision,Lethal Tempo,Inspiration,Aftershock,Inspiration,Flash,Ignite,Flash,Smite,Teleport,Flash,Cleanse,Flash,Flash,Heal,Flash,Teleport,Flash,Smite,Flash,Teleport,Barrier,Flash,Flash,Ignite,1,0,0,0,6,0
https://www.op.gg/summoners/euw/SIXTY5-EUW/matches/uRd1PvnOddpeB53QlmByxGapvDx3ELKJYpPmU8x-dLE%3D/1734462509000,1,31,16,17,31,36,53,65,51,23,11,2,1,1,0,10,2,3,1,52295,41519,13.2,11.8,721,642,31.3,27.9,10776,-10776,2259.6604938271607,1794.030864197531,K'Sante,Elise,Galio,Ashe,Lulu,Vayne,Viego,Ahri,Jinx,Alistar,Iceborn Gauntlet,"Jak'Sho, The Protean",Bramble Vest,Plated Steelcaps,Tear of the Goddess,Elixir of Iron,Oracle Lens,No_Item,Stormsurge,Rabadon's Deathcap,Sorcerer's Shoes,Rylai's Crystal Scepter,Dark Seal,Oracle Lens,Doran's Ring,Dark Seal,Hollow Radiance,Plated Steelcaps,Haunting Guise,Fiendish Codex,Stealth Ward,Berserker's Greaves,Infinity Edge,Phantom Dancer,Kraken Slayer,B. F. Sword,Doran's Blade,Farsight Alteration,Redemption,Dream Maker,No_Item,Moonstone Renewer,Ionian Boots of Lucidity,No_Item,Oracle Lens,Blade of The Ruined King,Berserker's Greaves,Trinity Force,No_Item,No_Item,No_Item,Stealth Ward,Sundered Sky,Blade of The Ruined King,Slightly Magical Footwear,Long Sword,Pickaxe,Glowing Mote,Stealth Ward,Doran's Ring,Dark Seal,Amplifying Tome,Malignance,Ionian Boots of Lucidity,Liandry's Torment,Oracle Lens,Doran's Blade,Kraken Slayer,Zeal,Berserker's Greaves,Hullbreaker,Scout's Slingshot,Farsight Alteration,Celestial Opposition,Boots of Swiftness,Control Ward,Locket of the Iron Solari,Kindlegem,Null-Magic Mantle,Oracle Lens,Grasp of the Undying,Inspiration,Dark Harvest,Precision,Aftershock,Sorcery,Lethal Tempo,Inspiration,Summon Aery,Resolve,Fleet Footwork,Sorcery,Conqueror,Inspiration,Electrocute,Precision,Lethal Tempo,Domination,Aftershock,Inspiration,Teleport,Flash,Flash,Smite,Flash,Teleport,Flash,Barrier,Flash,Heal,Flash,Ghost,Flash,Smite,Teleport,Flash,Cleanse,Flash,Flash,Ignite,1,5,2,0,1,0
https://www.op.gg/summoners/euw/SIXTY5-EUW/matches/uRd1PvnOddp_einh2URBG306EcNkLW2Z1RuOnncfkBc%3D/1734460486000,0,47,55,55,47,65,77,74,82,17,22,3,2,1,2,8,6,4,4,75123,82887,16.8,17.6,1000,1099,27.6,30.400000000000002,-7764,7764,2080.8718309859155,2295.9309859154932,Vladimir,Master Yi,Viktor,Corki,Lulu,Ambessa,Graves,Akali,Jinx,Sylas,Riftmaker,Control Ward,Zhonya's Hourglass,Ionian Boots of Lucidity,Oblivion Orb,Cosmic Drive,Farsight Alteration,Guinsoo's Rageblade,Blade of The Ruined King,Titanic Hydra,Kraken Slayer,Berserker's Greaves,B. F. Sword,Oracle Lens,Blighting Jewel,Zhonya's Hourglass,Rabadon's Deathcap,Luden's Companion,Blasting Wand,Sorcerer's Shoes,Farsight Alteration,Bloodthirster,Muramana,Trinity Force,Immortal Shieldbow,Zephyr,Rapid Firecannon,Farsight Alteration,Dream Maker,Shurelya's Battlesong,Locket of the Iron Solari,Kindlegem,Ionian Boots of Lucidity,Moonstone Renewer,Oracle Lens,Youmuu's Ghostblade,Edge of Night,Voltaic Cyclosword,Serylda's Grudge,Opportunity,Serpent's Fang,Stealth Ward,Infinity Edge,The Collector,Lord Dominik's Regards,Plated Steelcaps,Immortal Shieldbow,Serpent's Fang,Oracle Lens,Shadowflame,Stormsurge,Zhonya's Hourglass,Oblivion Orb,Sorcerer's Shoes,No_Item,Oracle Lens,Bloodthirster,The Collector,Berserker's Greaves,Runaan's Hurricane,Infinity Edge,Lord Dominik's Regards,Farsight Alteration,Zhonya's Hourglass,Hextech Rocketbelt,Celestial Opposition,Stormsurge,Ionian Boots of Lucidity,Amplifying Tome,Oracle Lens,Summon Aery,Precision,Lethal Tempo,Domination,Summon Aery,Resolve,Conqueror,Inspiration,Summon Aery,Domination,Electrocute,Inspiration,Dark Harvest,Precision,Electrocute,Resolve,Lethal Tempo,Domination,Electrocute,Resolve,Flash,Ghost,Flash,Smite,Flash,Teleport,Barrier,Flash,Heal,Flash,Flash,Teleport,Smite,Flash,Flash,Teleport,Flash,Barrier,Flash,Ignite,0,0,2,1,6,0
https://www.op.gg/summoners/euw/SIXTY5-EUW/matches/uRd1PvnOddoKm-W9kl3lv35jOoNMJBtlwCLo07kcZzY%3D/1734456508000,0,39,34,34,39,49,51,101,80,26,35,4,1,0,2,9,10,4,3,70678,74942,16.0,17.0,998,1044,27.7,28.9,-4264,4264,1965.1931707317074,2083.7531707317075,Riven,Lee Sin,Vel'Koz,Corki,Karma,Warwick,Zac,Viktor,Caitlyn,Milio,Death's Dance,Executioner's Calling,Sundered Sky,Eclipse,Boots of Swiftness,Caulfield's Warhammer,Stealth Ward,Chempunk Chainsword,Eclipse,No_Item,Black Cleaver,Caulfield's Warhammer,Mercury's Treads,Stealth Ward,Dark Seal,Banshee's Veil,Sorcerer's Shoes,Horizon Focus,Rabadon's Deathcap,Shadowflame,Farsight Alteration,Muramana,Bloodthirster,Trinity Force,Mortal Reminder,Doran's Blade,Boots of Swiftness,Farsight Alteration,Shurelya's Battlesong,Zaz'Zak's Realmspike,Watchful Wardstone,Malignance,Moonstone Renewer,Ionian Boots of Lucidity,Oracle Lens,Stridebreaker,Hexdrinker,Caulfield's Warhammer,Hullbreaker,Boots of Swiftness,Death's Dance,Stealth Ward,Mejai's Soulstealer,Abyssal Mask,Unending Despair,Spirit Visage,Sunfire Aegis,Ionian Boots of Lucidity,Oracle Lens,Rabadon's Deathcap,Dark Seal,Stormsurge,Zhonya's Hourglass,Shadowflame,Sorcerer's Shoes,Farsight Alteration,Doran's Blade,Berserker's Greaves,The Collector,Infinity Edge,Rapid Firecannon,Bloodthirster,Farsight Alteration,Dream Maker,Dawncore,Echoes of Helia,Forbidden Idol,Ionian Boots of Lucidity,Moonstone Renewer,Oracle Lens,Conqueror,Sorcery,Conqueror,Inspiration,Arcane Comet,Precision,Conqueror,Inspiration,Summon Aery,Domination,Grasp of the Undying,Precision,Aftershock,Inspiration,Arcane Comet,Resolve,Lethal Tempo,Sorcery,Summon Aery,Inspiration,Flash,Ignite,Flash,Smite,Flash,Teleport,Barrier,Flash,Flash,Ignite,Ghost,Teleport,Smite,Flash,Flash,Teleport,Flash,Barrier,Flash,Heal,1,1,2,0,5,1
https://www.op.gg/summoners/euw/SIXTY5-EUW/matches/uRd1PvnOddp1AwA_PITofk51p1KMbq73IPqH2djdn54%3D/1734453789000,0,12,33,33,12,58,20,93,77,23,34,1,4,1,1,4,9,2,5,59081,70292,15.2,16.8,1048,1099,32.3,33.7,-11211,11211,1817.876923076923,2162.8307692307694,Renekton,Karthus,Garen,Ezreal,Rakan,Riven,Talon,Viktor,Corki,Janna,Sterak's Gage,Spear of Shojin,Eclipse,Plated Steelcaps,Cloth Armor,Cloth Armor,Oracle Lens,Shadowflame,Liandry's Torment,Amplifying Tome,Sorcerer's Shoes,Rabadon's Deathcap,Blackfire Torch,Farsight Alteration,Stridebreaker,Phantom Dancer,Boots of Swiftness,Mortal Reminder,No_Item,No_Item,Stealth Ward,Muramana,Trinity Force,Bloodthirster,Doran's Blade,Last Whisper,Ionian Boots of Lucidity,Farsight Alteration,Locket of the Iron Solari,Celestial Opposition,Null-Magic Mantle,Ionian Boots of Lucidity,Trailblazer,Kindlegem,Oracle Lens,Eclipse,Black Cleaver,Sundered Sky,Plated Steelcaps,Hexdrinker,Doran's Blade,Stealth Ward,Youmuu's Ghostblade,Eclipse,Black Cleaver,Maw of Malmortius,Long Sword,Ionian Boots of Lucidity,Oracle Lens,Zhonya's Hourglass,Sorcerer's Shoes,Blackfire Torch,Liandry's Torment,Rabadon's Deathcap,No_Item,Farsight Alteration,Trinity Force,Zeal,Muramana,Bloodthirster,Boots of Swiftness,Scout's Slingshot,Farsight Alteration,Dream Maker,Redemption,Forbidden Idol,Boots of Swiftness,Moonstone Renewer,Forbidden Idol,Oracle Lens,Press the Attack,Resolve,Dark Harvest,Precision,Phase Rush,Resolve,Press the Attack,Inspiration,Guardian,Domination,Conqueror,Resolve,Conqueror,Inspiration,First Strike,Sorcery,Conqueror,Inspiration,Summon Aery,Resolve,Teleport,Flash,Smite,Exhaust,Flash,Ignite,Flash,Barrier,Ignite,Flash,Ignite,Flash,Ignite,Smite,Flash,Teleport,Barrier,Flash,Heal,Flash,0,3,0,1,3,1
https://www.op.gg/summoners/euw/SIXTY5-EUW/matches/uRd1PvnOddo7VFQBQOw8X67zMYsIfxKZCw_Ww1bMkdM%3D/1734451052000,1,19,12,12,19,14,37,69,43,14,16,2,1,1,0,9,2,3,1,51601,41583,13.8,12.6,829,729,34.6,30.4,10018,-10018,2144.457142857143,1728.1246753246753,Jax,Talon,Hwei,Ashe,Bard,Gragas,Rengar,Nasus,Corki,Lulu,Refillable Potion,Trinity Force,No_Item,Mercury's Treads,Doran's Shield,Spear of Shojin,Stealth Ward,Youmuu's Ghostblade,Eclipse,Phage,Cloth Armor,Long Sword,Slightly Magical Footwear,Oracle Lens,Shadowflame,Void Staff,Dark Seal,Doran's Ring,Boots of Swiftness,Blackfire Torch,Oracle Lens,Bloodthirster,Berserker's Greaves,Kraken Slayer,Phantom Dancer,Cloak of Agility,Control Ward,Farsight Alteration,Kindlegem,Bloodsong,Plated Steelcaps,Dead Man's Plate,Cloth Armor,Null-Magic Mantle,Oracle Lens,Hextech Rocketbelt,No_Item,Lost Chapter,Ionian Boots of Lucidity,Cosmic Drive,No_Item,Farsight Alteration,Last Whisper,Profane Hydra,Youmuu's Ghostblade,Boots,No_Item,No_Item,Oracle Lens,Trinity Force,Negatron Cloak,Boots of Swiftness,Frozen Heart,Ruby Crystal,Doran's Shield,Farsight Alteration,Boots of Swiftness,Trinity Force,Muramana,Doran's Blade,Noonquiver,Long Sword,Farsight Alteration,Dream Maker,Shurelya's Battlesong,Mikael's Blessing,Boots,Dark Seal,No_Item,Oracle Lens,Grasp of the Undying,Inspiration,Conqueror,Inspiration,Arcane Comet,Precision,Lethal Tempo,Inspiration,Guardian,Domination,Phase Rush,Inspiration,Conqueror,Domination,Fleet Footwork,Resolve,Conqueror,Inspiration,Summon Aery,Domination,Teleport,Flash,Ignite,Smite,Teleport,Flash,Flash,Barrier,Heal,Flash,Teleport,Flash,Flash,Smite,Ghost,Teleport,Cleanse,Flash,Heal,Flash,1,3,1,0,3,0
https://www.op.gg/summoners/euw/SIXTY5-EUW/matches/uRd1PvnOddpTQm1Yu5y7eCEopAKzVVOrI0GJCgwZrDo%3D/1734448883000,0,18,34,34,18,63,22,49,78,26,11,0,4,0,1,7,11,0,5,52973,62279,13.6,15.8,808,947,28.5,33.5,-9306,9306,1871.1855721393033,2199.904975124378,Maokai,Wukong,Viktor,Nilah,Sona,Kennen,Talon,Orianna,Corki,Rakan,Spirit Visage,Fimbulwinter,Mercury's Treads,Chain Vest,Glowing Mote,No_Item,Oracle Lens,Sundered Sky,Slightly Magical Footwear,Trinity Force,Hexdrinker,Caulfield's Warhammer,No_Item,Oracle Lens,Lich Bane,No_Item,Blackfire Torch,Liandry's Torment,Ionian Boots of Lucidity,No_Item,Farsight Alteration,Mercury's Treads,Infinity Edge,Lord Dominik's Regards,The Collector,Doran's Blade,Immortal Shieldbow,Farsight Alteration,Boots of Swiftness,Seraph's Embrace,Spirit Visage,Bloodsong,Giant's Belt,Warden's Mail,Oracle Lens,Hextech Rocketbelt,Verdant Barrier,Shadowflame,Doran's Ring,Sorcerer's Shoes,Blighting Jewel,Farsight Alteration,Youmuu's Ghostblade,Eclipse,Quicksilver Sash,Black Cleaver,Serpent's Fang,Boots of Swiftness,Oracle Lens,Void Staff,Needlessly Large Rod,Luden's Companion,Stormsurge,Dark Seal,Sorcerer's Shoes,Farsight Alteration,Doran's Blade,Muramana,B. F. Sword,Trinity Force,Boots of Swiftness,Last Whisper,Farsight Alteration,Mercury's Treads,Locket of the Iron Solari,Oblivion Orb,Dream Maker,Control Ward,Kindlegem,Oracle Lens,Grasp of the Undying,Inspiration,Conqueror,Inspiration,Summon Aery,Precision,Conqueror,Inspiration,Unsealed Spellbook,Resolve,Conqueror,Inspiration,Conqueror,Inspiration,Arcane Comet,Precision,Conqueror,Inspiration,Guardian,Domination,Flash,Teleport,Smite,Flash,Flash,Teleport,Flash,Barrier,Flash,Heal,Flash,Teleport,Ignite,Smite,Teleport,Flash,Cleanse,Flash,Ignite,Flash,1,3,0,0,3,1
https://www.op.gg/summoners/euw/SIXTY5-EUW/matches/uRd1PvnOddrBHr_3sMjlLXuFk0-kORrbzDhdVlZwFIQ%3D/1734446815000,0,20,38,38,20,59,32,56,58,15,19,0,3,0,0,2,7,0,3,39824,49885,11.0,12.4,593,633,27.0,28.9,-10061,10061,1810.1818181818182,2267.5,Dr. Mundo,Udyr,Corki,Ashe,Renata Glasc,Cho'Gath,Master Yi,Viktor,Jhin,Rell,Doran's Shield,Boots of Swiftness,Warmog's Armor,Giant's Belt,Giant's Belt,No_Item,Oracle Lens,Unending Despair,Dark Seal,Liandry's Torment,Plated Steelcaps,Negatron Cloak,Ruby Crystal,Oracle Lens,Doran's Blade,Zeal,Muramana,Trinity Force,Slightly Magical Footwear,No_Item,Farsight Alteration,Doran's Blade,Refillable Potion,Statikk Shiv,Runaan's Hurricane,Berserker's Greaves,No_Item,Farsight Alteration,Locket of the Iron Solari,Solstice Sleigh,Ionian Boots of Lucidity,Kindlegem,Forbidden Idol,No_Item,Oracle Lens,Unending Despair,Control Ward,Heartsteel,Tear of the Goddess,Boots of Swiftness,No_Item,Oracle Lens,Guinsoo's Rageblade,Blade of The Ruined King,Tiamat,Kraken Slayer,Berserker's Greaves,Tunneler,Farsight Alteration,Cryptbloom,Ionian Boots of Lucidity,No_Item,Aether Wisp,Blackfire Torch,Liandry's Torment,Farsight Alteration,Boots of Swiftness,The Collector,Youmuu's Ghostblade,Cloak of Agility,Last Whisper,No_Item,Farsight Alteration,Mikael's Blessing,Boots of Swiftness,Celestial Opposition,No_Item,Ardent Censer,No_Item,Oracle Lens,Grasp of the Undying,Inspiration,Conqueror,Inspiration,Conqueror,Inspiration,Lethal Tempo,Inspiration,Guardian,Domination,Grasp of the Undying,Inspiration,Lethal Tempo,Domination,Summon Aery,Precision,Dark Harvest,Precision,Aftershock,Inspiration,Ghost,Teleport,Flash,Smite,Teleport,Flash,Cleanse,Flash,Heal,Flash,Flash,Teleport,Flash,Smite,Teleport,Flash,Flash,Cleanse,Ignite,Flash,0,2,0,1,4,2
https://www.op.gg/summoners/euw/SIXTY5-EUW/matches/uRd1PvnOddrw0d7fxEQDTnTXMctqDjxrjrfcjlKFqkM%3D/1734444941000,0,45,53,53,46,71,86,58,104,28,15,1,5,0,3,7,11,1,8,82050,88098,17.6,17.8,1163,1084,31.0,28.900000000000002,-6048,6048,2183.4033613445376,2344.344537815126,Tryndamere,Nidalee,Ashe,Gnar,Braum,Quinn,Master Yi,Ekko,Samira,Rell,Berserker's Greaves,Randuin's Omen,Ravenous Hydra,Blade of The Ruined King,Navori Flickerblade,Yun Tal Wildarrows,Oracle Lens,Shadowflame,Sorcerer's Shoes,Liandry's Torment,Zhonya's Hourglass,Void Staff,Giant's Belt,Oracle Lens,Bloodthirster,Statikk Shiv,Berserker's Greaves,Runaan's Hurricane,Mortal Reminder,B. F. Sword,Farsight Alteration,Randuin's Omen,Wit's End,"Jak'Sho, The Protean",Trinity Force,Sterak's Gage,Plated Steelcaps,Stealth Ward,Knight's Vow,Celestial Opposition,Locket of the Iron Solari,Frozen Heart,Plated Steelcaps,Ruby Crystal,Oracle Lens,Infinity Edge,Edge of Night,Lord Dominik's Regards,The Collector,Opportunity,Synchronized Souls,Oracle Lens,Guinsoo's Rageblade,Blade of The Ruined King,Titanic Hydra,Mercury's Treads,Wit's End,Recurve Bow,Farsight Alteration,Rabadon's Deathcap,Hextech Rocketbelt,Sorcerer's Shoes,Lich Bane,Nashor's Tooth,Shattered Armguard,Oracle Lens,Boots of Swiftness,The Collector,Bloodthirster,Infinity Edge,Lord Dominik's Regards,Guardian Angel,Farsight Alteration,Celestial Opposition,Randuin's Omen,Locket of the Iron Solari,Watchful Wardstone,Zeke's Convergence,Plated Steelcaps,Oracle Lens,Grasp of the Undying,Precision,Dark Harvest,Sorcery,Lethal Tempo,Inspiration,Grasp of the Undying,Precision,Guardian,Inspiration,Electrocute,Sorcery,Lethal Tempo,Domination,Phase Rush,Domination,Conqueror,Sorcery,Aftershock,Inspiration,Flash,Ignite,Flash,Smite,Barrier,Flash,Flash,Teleport,Flash,Ignite,Flash,Ignite,Flash,Smite,Teleport,Flash,Flash,Cleanse,Flash,Ignite,1,6,0,0,0,4
https://www.op.gg/summoners/euw/SIXTY5-EUW/matches/uRd1PvnOddoCgU3VKXRkE0Rze5sOztVXeBXtkLobGIk%3D/1734441839000,0,8,21,21,9,24,11,26,35,10,4,0,1,0,0,0,2,0,1,25299,32993,9.0,9.8,447,481,29.5,31.5,-7694,7694,1665.5175000000002,2172.039166666667,Ornn,Udyr,Yasuo,Ashe,Milio,Ambessa,Viego,Syndra,Lucian,Nami,Doran's Shield,Plated Steelcaps,Sunfire Aegis,No_Item,No_Item,No_Item,Stealth Ward,Gustwalker Hatchling,Dark Seal,Haunting Guise,Plated Steelcaps,Fated Ashes,No_Item,Oracle Lens,Refillable Potion,Blade of The Ruined King,Berserker's Greaves,Cloak of Agility,Long Sword,Doran's Shield,Stealth Ward,Doran's Blade,Refillable Potion,Statikk Shiv,Berserker's Greaves,Dagger,Dagger,Stealth Ward,Dream Maker,Echoes of Helia,Ionian Boots of Lucidity,No_Item,No_Item,No_Item,Oracle Lens,Voltaic Cyclosword,Serpent's Fang,Long Sword,Boots,No_Item,No_Item,Stealth Ward,Gustwalker Hatchling,Blade of The Ruined King,Tunneler,Slightly Magical Footwear,Glowing Mote,No_Item,Eye of the Herald,Luden's Companion,Hextech Alternator,Refillable Potion,Aether Wisp,Sorcerer's Shoes,No_Item,Farsight Alteration,Slightly Magical Footwear,Long Sword,Long Sword,Navori Flickerblade,Essence Reaver,Doran's Blade,Farsight Alteration,Aether Wisp,No_Item,Dream Maker,Imperial Mandate,Ionian Boots of Lucidity,Bandleglass Mirror,Oracle Lens,Grasp of the Undying,Precision,Conqueror,Resolve,Lethal Tempo,Resolve,Lethal Tempo,Inspiration,Summon Aery,Resolve,Conqueror,Resolve,Conqueror,Inspiration,First Strike,Sorcery,Press the Attack,Inspiration,Summon Aery,Domination,Flash,Teleport,Flash,Smite,Flash,Teleport,Barrier,Flash,Flash,Heal,Flash,Teleport,Flash,Smite,Flash,Teleport,Flash,Barrier,Heal,Flash,0,0,0,1,6,0
https://www.op.gg/summoners/euw/SIXTY5-EUW/matches/uRd1PvnOddo33SSYPmT3B0CMIzakNhIFFXPHPa9MbqY%3D/1734440580000,1,32,25,25,32,49,45,83,72,23,29,4,0,1,0,10,2,5,0,67326,59446,16.2,15.0,975,911,29.7,27.9,7880,-7880,2049.052173913043,1809.2260869565216,Ambessa,Kindred,Viktor,Ashe,Milio,Renekton,Karthus,Qiyana,Jhin,Nami,Death's Dance,Tunneler,Eclipse,Plated Steelcaps,Spear of Shojin,No_Item,Farsight Alteration,The Collector,Wit's End,Plated Steelcaps,Black Cleaver,Trinity Force,No_Item,Oracle Lens,Cosmic Drive,Lich Bane,Dark Seal,Blackfire Torch,Sorcerer's Shoes,Needlessly Large Rod,Farsight Alteration,Immortal Shieldbow,Statikk Shiv,Berserker's Greaves,Runaan's Hurricane,Bloodthirster,No_Item,Farsight Alteration,Dream Maker,Redemption,Ionian Boots of Lucidity,Forbidden Idol,Echoes of Helia,Blasting Wand,Oracle Lens,Sterak's Gage,Tunneler,Ruby Crystal,Plated Steelcaps,Eclipse,Stridebreaker,Stealth Ward,Shadowflame,Blackfire Torch,Sorcerer's Shoes,Rabadon's Deathcap,Blighting Jewel,Blasting Wand,Farsight Alteration,Youmuu's Ghostblade,Serylda's Grudge,Long Sword,Serpent's Fang,Ionian Boots of Lucidity,Long Sword,Oracle Lens,Lord Dominik's Regards,Infinity Edge,The Collector,Boots of Swiftness,No_Item,No_Item,Farsight Alteration,Forbidden Idol,Shurelya's Battlesong,Dream Maker,Imperial Mandate,Fiendish Codex,Boots of Swiftness,Oracle Lens,Grasp of the Undying,Domination,Press the Attack,Domination,Summon Aery,Resolve,Lethal Tempo,Inspiration,Summon Aery,Resolve,Conqueror,Resolve,First Strike,Domination,Electrocute,Precision,Fleet Footwork,Sorcery,Summon Aery,Domination,Flash,Teleport,Flash,Smite,Flash,Teleport,Barrier,Flash,Flash,Heal,Teleport,Flash,Smite,Flash,Flash,Teleport,Flash,Barrier,Heal,Flash,1,1,2,0,5,0
https://www.op.gg/summoners/euw/SIXTY5-EUW/matches/uRd1PvnOddr-kfuABDrszIQSlSqUbo3_Iv8bmcQbNI8%3D/1734379071000,1,29,29,29,29,47,59,82,86,25,26,3,1,1,1,8,5,4,2,67673,61751,16.2,14.8,1049,911,32.199999999999996,28.0,5922,-5922,2089.9014705882355,1907.0161764705883,Aurora,Viego,Jayce,Ashe,Lulu,Ambessa,Taliyah,Garen,Kog'Maw,Janna,Shadowflame,Cosmic Drive,Liandry's Torment,Sorcerer's Shoes,No_Item,Mejai's Soulstealer,Farsight Alteration,Sundered Sky,Kraken Slayer,Sterak's Gage,Mercury's Treads,Wit's End,Long Sword,Oracle Lens,Youmuu's Ghostblade,Doran's Blade,Boots of Swiftness,Muramana,Serpent's Fang,Eclipse,Stealth Ward,Bloodthirster,Statikk Shiv,Berserker's Greaves,Runaan's Hurricane,Mortal Reminder,Pickaxe,Farsight Alteration,Redemption,Dream Maker,Kindlegem,Cloth Armor,Ionian Boots of Lucidity,Moonstone Renewer,Oracle Lens,Sterak's Gage,Spear of Shojin,Eclipse,Plated Steelcaps,Tunneler,No_Item,Farsight Alteration,Mejai's Soulstealer,Shadowflame,Zhonya's Hourglass,Luden's Companion,Sorcerer's Shoes,No_Item,Oracle Lens,Stridebreaker,Mortal Reminder,Phantom Dancer,Boots of Swiftness,The Collector,Cloth Armor,Stealth Ward,Luden's Companion,Rabadon's Deathcap,Dark Seal,Sorcerer's Shoes,Shadowflame,No_Item,Farsight Alteration,Celestial Opposition,Forbidden Idol,Mikael's Blessing,Moonstone Renewer,Echoes of Helia,Boots of Swiftness,Oracle Lens,Grasp of the Undying,Precision,Conqueror,Inspiration,Conqueror,Inspiration,Lethal Tempo,Inspiration,Summon Aery,Resolve,Grasp of the Undying,Domination,First Strike,Domination,Phase Rush,Resolve,Arcane Comet,Precision,Summon Aery,Resolve,Flash,Teleport,Smite,Flash,Flash,Teleport,Barrier,Flash,Flash,Heal,Flash,Teleport,Flash,Smite,Flash,Ignite,Barrier,Flash,Flash,Heal,1,3,1,0,3,0
https://www.op.gg/summoners/euw/SIXTY5-EUW/matches/uRd1PvnOddpxz-sBhl8cKGqeAAU0b4LRcuBRahvZgqU%3D/1734376201000,0,32,41,41,32,74,55,70,59,18,18,0,3,1,0,3,10,1,3,57707,64954,14.6,15.2,820,847,28.2,29.1,-7247,7247,1991.0602339181287,2241.102923976608,Ambessa,Viego,Yasuo,Swain,Nautilus,Poppy,Taliyah,Garen,Ashe,Lulu,Black Cleaver,Pickaxe,Eclipse,Tunneler,Plated Steelcaps,No_Item,Stealth Ward,Titanic Hydra,Kraken Slayer,Black Cleaver,Long Sword,Mercury's Treads,Control Ward,Stealth Ward,Doran's Blade,Stridebreaker,Berserker's Greaves,Blade of The Ruined King,Immortal Shieldbow,Cloth Armor,Farsight Alteration,Rylai's Crystal Scepter,Blackfire Torch,Sorcerer's Shoes,Zhonya's Hourglass,Liandry's Torment,Fiendish Codex,Farsight Alteration,Locket of the Iron Solari,Knight's Vow,Bloodsong,Forbidden Idol,Kindlegem,Boots of Swiftness,Oracle Lens,Iceborn Gauntlet,Control Ward,Giant's Belt,Thornmail,Abyssal Mask,Plated Steelcaps,Farsight Alteration,Void Staff,Luden's Companion,Zhonya's Hourglass,Sorcerer's Shoes,Verdant Barrier,Dark Seal,Oracle Lens,Stridebreaker,Phantom Dancer,The Collector,Executioner's Calling,Cloak of Agility,Boots of Swiftness,Stealth Ward,Bloodthirster,Executioner's Calling,Statikk Shiv,Berserker's Greaves,Runaan's Hurricane,Doran's Blade,Farsight Alteration,Dream Maker,Shurelya's Battlesong,Locket of the Iron Solari,Dark Seal,Ionian Boots of Lucidity,Kindlegem,Oracle Lens,Grasp of the Undying,Domination,Conqueror,Inspiration,Grasp of the Undying,Precision,Conqueror,Resolve,Aftershock,Inspiration,Grasp of the Undying,Sorcery,First Strike,Domination,Phase Rush,Resolve,Lethal Tempo,Inspiration,Summon Aery,Domination,Teleport,Flash,Flash,Smite,Teleport,Flash,Flash,Exhaust,Flash,Ignite,Teleport,Flash,Flash,Smite,Flash,Ignite,Cleanse,Flash,Heal,Flash,1,4,0,0,2,2
https://www.op.gg/summoners/euw/SIXTY5-EUW/matches/uRd1PvnOddrdds4UP5abaQx1fztWz9qKQ8gNYa50854%3D/1734373961000,0,16,30,30,16,60,25,59,61,24,29,0,4,0,1,2,8,0,5,43236,54797,12.2,14.0,742,815,29.5,32.6,-11561,11561,1729.44,2191.88,Yone,Ekko,Kassadin,Ashe,Viego,Jax,Ivern,Garen,Viktor,Nautilus,Immortal Shieldbow,Control Ward,No_Item,Blade of The Ruined King,Berserker's Greaves,Doran's Shield,Stealth Ward,Hextech Rocketbelt,Dark Seal,Blasting Wand,Mercury's Treads,Fiendish Codex,Recurve Bow,Stealth Ward,Dark Seal,No_Item,Zhonya's Hourglass,Malignance,Sorcerer's Shoes,Seraph's Embrace,Oracle Lens,Doran's Blade,Statikk Shiv,Runaan's Hurricane,Last Whisper,Berserker's Greaves,Long Sword,Farsight Alteration,Refillable Potion,Celestial Opposition,Ruby Crystal,Mercury's Treads,Blade of The Ruined King,Long Sword,Oracle Lens,Sundered Sky,Trinity Force,No_Item,Plated Steelcaps,Dagger,Null-Magic Mantle,Stealth Ward,Moonstone Renewer,Redemption,Mejai's Soulstealer,Ionian Boots of Lucidity,Blasting Wand,Forbidden Idol,Oracle Lens,Stridebreaker,No_Item,Refillable Potion,Phantom Dancer,Serrated Dirk,Boots of Swiftness,Oracle Lens,Rabadon's Deathcap,Blackfire Torch,Sorcerer's Shoes,Mejai's Soulstealer,Shadowflame,Haunting Guise,Stealth Ward,Celestial Opposition,No_Item,Locket of the Iron Solari,Plated Steelcaps,Negatron Cloak,Kindlegem,Oracle Lens,Grasp of the Undying,Precision,Dark Harvest,Inspiration,Electrocute,Sorcery,Lethal Tempo,Inspiration,Conqueror,Resolve,Press the Attack,Resolve,Glacial Augment,Resolve,Phase Rush,Resolve,Summon Aery,Precision,Aftershock,Inspiration,Teleport,Flash,Flash,Smite,Flash,Teleport,Barrier,Flash,Flash,Ignite,Flash,Teleport,Flash,Smite,Flash,Ignite,Flash,Teleport,Flash,Ignite,0,6,0,1,0,1
https://www.op.gg/summoners/euw/SIXTY5-EUW/matches/uRd1PvnOddoKg5YpPICOCbhCcpTvMEAhZfhJU24sG2A%3D/1734371585000,1,37,10,11,37,15,49,64,56,22,18,2,1,1,0,9,1,3,1,53681,40171,14.0,12.2,758,691,31.8,29.1,13510,-13510,2260.2526315789473,1691.4105263157894,Gragas,Poppy,Ahri,Ezreal,Rakan,Pantheon,Viego,Veigar,Corki,Janna,Zhonya's Hourglass,Fiendish Codex,Fimbulwinter,Cosmic Drive,Ionian Boots of Lucidity,Fiendish Codex,Farsight Alteration,Bami's Cinder,Locket of the Iron Solari,Bramble Vest,Mercury's Treads,Dead Man's Plate,Null-Magic Mantle,Oracle Lens,Malignance,Ionian Boots of Lucidity,Horizon Focus,Needlessly Large Rod,Needlessly Large Rod,Mejai's Soulstealer,Oracle Lens,Doran's Blade,Muramana,Trinity Force,Spear of Shojin,No_Item,Ionian Boots of Lucidity,Farsight Alteration,Solstice Sleigh,Ionian Boots of Lucidity,Locket of the Iron Solari,Zeke's Convergence,Ruby Crystal,Control Ward,Oracle Lens,Sundered Sky,No_Item,Eclipse,Mercury's Treads,No_Item,No_Item,Stealth Ward,Sundered Sky,Kraken Slayer,Mercury's Treads,Null-Magic Mantle,No_Item,No_Item,Stealth Ward,Doran's Ring,Liandry's Torment,Glowing Mote,Fimbulwinter,No_Item,Boots of Swiftness,Farsight Alteration,Doran's Blade,Muramana,Trinity Force,Boots of Swiftness,Long Sword,B. F. Sword,Farsight Alteration,Dream Maker,Boots,Dark Seal,Ardent Censer,Amplifying Tome,Ruby Crystal,Oracle Lens,Arcane Comet,Precision,Phase Rush,Inspiration,Electrocute,Sorcery,Press the Attack,Inspiration,Guardian,Domination,Conqueror,Sorcery,Conqueror,Inspiration,Summon Aery,Precision,Conqueror,Inspiration,Summon Aery,Domination,Flash,Teleport,Flash,Smite,Teleport,Flash,Flash,Barrier,Flash,Ignite,Flash,Ignite,Flash,Smite,Flash,Teleport,Barrier,Flash,Flash,Heal,1,6,2,0,0,0
https://www.op.gg/summoners/euw/SIXTY5-EUW/matches/uRd1PvnOddpYPHCTrwgURKKx0Zt_cnK4C7B82R5L-2s%3D/1734367042000,0,18,36,36,18,63,28,62,97,30,26,0,3,0,1,2,8,0,4,48451,60969,13.0,15.0,768,827,29.0,31.2,-12518,12518,1816.9125,2286.3375,Kennen,Nocturne,Viktor,Caitlyn,Bard,Zilean,Hecarim,Yone,Ashe,Pyke,Hextech Rocketbelt,Shadowflame,Blighting Jewel,Sorcerer's Shoes,Dark Seal,Doran's Ring,Stealth Ward,Frozen Heart,Tunneler,Stridebreaker,Control Ward,Plated Steelcaps,No_Item,Oracle Lens,Luden's Companion,Stormsurge,Zhonya's Hourglass,Sorcerer's Shoes,Amplifying Tome,No_Item,Stealth Ward,Doran's Blade,The Collector,Berserker's Greaves,Infinity Edge,Cloak of Agility,Long Sword,Farsight Alteration,Dead Man's Plate,Statikk Shiv,Bloodsong,Plated Steelcaps,Ruby Crystal,No_Item,Oracle Lens,Doran's Ring,Seraph's Embrace,Abyssal Mask,Ionian Boots of Lucidity,Amplifying Tome,No_Item,Stealth Ward,Control Ward,Ionian Boots of Lucidity,Eclipse,Black Cleaver,Death's Dance,No_Item,Oracle Lens,Recurve Bow,Blade of The Ruined King,Negatron Cloak,Berserker's Greaves,Immortal Shieldbow,Infinity Edge,Oracle Lens,Runaan's Hurricane,Berserker's Greaves,Lord Dominik's Regards,B. F. Sword,Statikk Shiv,No_Item,Farsight Alteration,Umbral Glaive,Edge of Night,Bloodsong,Youmuu's Ghostblade,Synchronized Souls,No_Item,Oracle Lens,Electrocute,Inspiration,Lethal Tempo,Domination,First Strike,Sorcery,Hail of Blades,Sorcery,Guardian,Inspiration,Summon Aery,Resolve,Phase Rush,Precision,Fleet Footwork,Resolve,Lethal Tempo,Inspiration,Hail of Blades,Resolve,Teleport,Flash,Flash,Smite,Flash,Teleport,Flash,Ghost,Ignite,Flash,Teleport,Flash,Smite,Ghost,Teleport,Flash,Barrier,Flash,Ignite,Flash,0,1,0,1,5,1
https://www.op.gg/summoners/euw/SIXTY5-EUW/matches/uRd1PvnOddoJqu7eBQsG3QzKnlilH3twN2cuH9WhQxw%3D/1734364890000,1,34,27,27,34,37,55,132,85,48,45,1,3,1,0,11,3,2,3,72417,59847,16.4,15.6,1094,983,33.7,30.3,12570,-12570,2236.4073529411767,1848.2161764705884,Kayle,Rengar,Veigar,Ashe,Pyke,K'Sante,Nocturne,Vex,Kog'Maw,Rell,Wit's End,Guinsoo's Rageblade,Boots of Swiftness,Nashor's Tooth,Terminus,Recurve Bow,Farsight Alteration,Edge of Night,Profane Hydra,Youmuu's Ghostblade,Lord Dominik's Regards,Boots,Serrated Dirk,Oracle Lens,Rabadon's Deathcap,Luden's Companion,Amplifying Tome,Kindlegem,Void Staff,Sorcerer's Shoes,Farsight Alteration,Runaan's Hurricane,Berserker's Greaves,Statikk Shiv,Wit's End,Lord Dominik's Regards,Bloodthirster,Farsight Alteration,Celestial Opposition,No_Item,Umbral Glaive,Synchronized Souls,Serrated Dirk,Edge of Night,Oracle Lens,Giant's Belt,Chain Vest,Negatron Cloak,Plated Steelcaps,Kaenic Rookern,Iceborn Gauntlet,Oracle Lens,Experimental Hexplate,Caulfield's Warhammer,Stridebreaker,Hexdrinker,No_Item,Plated Steelcaps,Oracle Lens,Blighting Jewel,Luden's Companion,Zhonya's Hourglass,Sorcerer's Shoes,Dark Seal,Stormsurge,Oracle Lens,"Jak'Sho, The Protean",Guinsoo's Rageblade,Plated Steelcaps,Wit's End,Terminus,Cloth Armor,Farsight Alteration,Locket of the Iron Solari,Celestial Opposition,Control Ward,Knight's Vow,Kindlegem,Ionian Boots of Lucidity,Oracle Lens,Lethal Tempo,Sorcery,Conqueror,Domination,Electrocute,Sorcery,Lethal Tempo,Inspiration,Hail of Blades,Resolve,Grasp of the Undying,Inspiration,Lethal Tempo,Domination,Electrocute,Sorcery,Lethal Tempo,Resolve,Aftershock,Inspiration,Flash,Teleport,Flash,Smite,Flash,Teleport,Cleanse,Flash,Flash,Ignite,Teleport,Flash,Flash,Smite,Flash,Teleport,Flash,Barrier,Ignite,Flash,1,6,2,0,0,0
https://www.op.gg/summoners/euw/SIXTY5-EUW/matches/uRd1PvnOddpoN9-HAfOSh2oF-BCcvVGQWt-1HCk7OP4%3D/1734360725000,0,11,29,29,11,41,6,42,42,8,12,0,2,0,0,2,10,0,2,34961,46732,11.0,12.2,583,690,29.3,34.6,-11771,11771,1748.05,2336.6,Zilean,Nocturne,Viktor,Draven,Nautilus,Lee Sin,Shaco,Lux,Kog'Maw,Rell,Doran's Ring,Refillable Potion,Seraph's Embrace,Ionian Boots of Lucidity,Warden's Mail,No_Item,Stealth Ward,Sterak's Gage,Ionian Boots of Lucidity,Stridebreaker,Control Ward,No_Item,No_Item,Farsight Alteration,Doran's Ring,Luden's Companion,Refillable Potion,Sorcerer's Shoes,Hextech Alternator,Needlessly Large Rod,Farsight Alteration,Doran's Blade,The Collector,Boots,Infinity Edge,No_Item,No_Item,Farsight Alteration,Locket of the Iron Solari,Celestial Opposition,Refillable Potion,Plated Steelcaps,No_Item,No_Item,Oracle Lens,Mercury's Treads,Eclipse,Ravenous Hydra,No_Item,No_Item,Doran's Shield,Stealth Ward,Berserker's Greaves,Youmuu's Ghostblade,Profane Hydra,No_Item,No_Item,No_Item,Oracle Lens,Luden's Companion,Sorcerer's Shoes,Refillable Potion,Doran's Ring,Horizon Focus,No_Item,Oracle Lens,Guinsoo's Rageblade,Vampiric Scepter,Wit's End,Chain Vest,Negatron Cloak,Plated Steelcaps,Farsight Alteration,Celestial Opposition,Zeke's Convergence,Boots of Swiftness,Locket of the Iron Solari,No_Item,No_Item,Oracle Lens,Summon Aery,Resolve,Lethal Tempo,Domination,Summon Aery,Precision,Lethal Tempo,Domination,Aftershock,Inspiration,Conqueror,Resolve,Hail of Blades,Precision,First Strike,Sorcery,Lethal Tempo,Resolve,Aftershock,Inspiration,Teleport,Flash,Flash,Smite,Teleport,Flash,Flash,Barrier,Flash,Ignite,Flash,Teleport,Smite,Ignite,Teleport,Flash,Flash,Barrier,Flash,Ignite,0,2,0,1,4,2
https://www.op.gg/summoners/euw/SIXTY5-EUW/matches/uRd1PvnOddrDzCZYfSzEiowYtfT5W3OifjJbAz31euE%3D/1734358045000,0,5,20,20,5,28,6,32,41,10,8,0,0,0,0,0,3,0,0,24088,34661,8.8,10.4,437,552,27.9,35.3,-10573,10573,1531.1751937984495,2203.257364341085,Gnar,Rengar,Sylas,Corki,Lulu,Viktor,Zac,Irelia,Jinx,Pyke,Doran's Shield,Plated Steelcaps,Refillable Potion,Phage,Hearthbound Axe,Glowing Mote,Stealth Ward,Voltaic Cyclosword,Long Sword,Long Sword,Boots,No_Item,Gustwalker Hatchling,Stealth Ward,Doran's Ring,Dark Seal,Hextech Rocketbelt,Boots,Null-Magic Mantle,Amplifying Tome,Oracle Lens,Doran's Blade,Tear of the Goddess,Refillable Potion,Trinity Force,Slightly Magical Footwear,Long Sword,Stealth Ward,Control Ward,Dream Maker,Kindlegem,No_Item,Ionian Boots of Lucidity,Bandleglass Mirror,Oracle Lens,Doran's Ring,Refillable Potion,Luden's Companion,Hextech Alternator,Sorcerer's Shoes,Dark Seal,Farsight Alteration,Mosstomper Seedling,Sunfire Aegis,Boots,Dark Seal,Unending Despair,No_Item,Stealth Ward,Refillable Potion,Boots,Blade of The Ruined King,Tunneler,No_Item,Doran's Blade,Stealth Ward,B. F. Sword,Dagger,Yun Tal Wildarrows,Boots,Doran's Blade,Dagger,Farsight Alteration,Celestial Opposition,Refillable Potion,Boots of Swiftness,No_Item,Umbral Glaive,No_Item,Oracle Lens,Grasp of the Undying,Precision,Fleet Footwork,Domination,Conqueror,Resolve,Conqueror,Inspiration,Summon Aery,Resolve,Summon Aery,Resolve,Aftershock,Precision,Conqueror,Inspiration,Lethal Tempo,Sorcery,Hail of Blades,Resolve,Teleport,Flash,Smite,Flash,Teleport,Flash,Barrier,Flash,Heal,Flash,Teleport,Flash,Flash,Smite,Flash,Teleport,Barrier,Flash,Flash,Ignite,0,3,0,0,3,0
https://www.op.gg/summoners/euw/SIXTY5-EUW/matches/uRd1PvnOddqtzKFjggj743-k1Z3IG-JmxpdpRhL6hDE%3D/1734356242000,1,29,26,26,29,51,67,89,77,29,32,2,3,2,0,9,5,4,3,68896,62209,15.8,15.6,892,962,26.6,28.6,6687,-6687,2059.391304347826,1859.508152173913,Ornn,Lee Sin,Twisted Fate,Lucian,Janna,Aurora,Vi,Akali,Ashe,Nami,Doran's Shield,Hollow Radiance,Warmog's Armor,"Jak'Sho, The Protean",Plated Steelcaps,No_Item,Farsight Alteration,Eclipse,Mercury's Treads,No_Item,Sundered Sky,Kindlegem,Phage,Stealth Ward,Shattered Armguard,Rod of Ages,Shurelya's Battlesong,Ionian Boots of Lucidity,Lich Bane,Rapid Firecannon,Oracle Lens,Maw of Malmortius,Essence Reaver,Boots of Swiftness,The Collector,Infinity Edge,Rapid Firecannon,Farsight Alteration,Boots of Swiftness,Moonstone Renewer,Dream Maker,Forbidden Idol,Dawncore,Echoes of Helia,Oracle Lens,Zhonya's Hourglass,Sorcerer's Shoes,Liandry's Torment,Dark Seal,Void Staff,Rabadon's Deathcap,Farsight Alteration,Guardian Angel,Sterak's Gage,Negatron Cloak,Kindlegem,Plated Steelcaps,Sundered Sky,Oracle Lens,Riftmaker,Mercury's Treads,Dark Seal,Dead Man's Plate,Abyssal Mask,Amplifying Tome,Farsight Alteration,Berserker's Greaves,Kraken Slayer,Mortal Reminder,Phantom Dancer,B. F. Sword,No_Item,Farsight Alteration,Kindlegem,Forbidden Idol,Dream Maker,Imperial Mandate,Staff of Flowing Water,Ionian Boots of Lucidity,Oracle Lens,Summon Aery,Resolve,Conqueror,Inspiration,Electrocute,Inspiration,Press the Attack,Inspiration,Summon Aery,Resolve,Electrocute,Sorcery,Conqueror,Inspiration,Conqueror,Resolve,Press the Attack,Inspiration,Summon Aery,Domination,Teleport,Flash,Smite,Flash,Teleport,Flash,Barrier,Flash,Flash,Heal,Flash,Teleport,Flash,Smite,Ignite,Teleport,Barrier,Flash,Heal,Flash,0,0,2,1,6,0
https://www.op.gg/summoners/euw/SIXTY5-EUW/matches/uRd1PvnOddqAy9Yv_R_esyteUZnaXrT8LUBEOCz7hmY%3D/1734353426000,0,30,41,41,30,76,62,90,99,30,29,2,2,0,1,7,7,2,3,65510,69126,15.6,16.2,967,957,28.0,27.7,-3616,3616,1881.3128205128203,1985.1569230769228,Renekton,Shaco,Ahri,Jhin,Zac,Viktor,Ambessa,Sylas,Corki,Thresh,Stridebreaker,Randuin's Omen,Ruby Crystal,Plated Steelcaps,Black Cleaver,Sterak's Gage,Oracle Lens,Serpent's Fang,Youmuu's Ghostblade,Lord Dominik's Regards,Berserker's Greaves,Voltaic Cyclosword,No_Item,Oracle Lens,Shadowflame,Blasting Wand,Blighting Jewel,Malignance,Rabadon's Deathcap,Sorcerer's Shoes,Oracle Lens,Zeal,Lord Dominik's Regards,The Collector,Boots of Swiftness,Doran's Blade,Infinity Edge,Farsight Alteration,Zeke's Convergence,Knight's Vow,Celestial Opposition,Mercury's Treads,Abyssal Mask,Ruby Crystal,Oracle Lens,Control Ward,Liandry's Torment,Plated Steelcaps,Abyssal Mask,Iceborn Gauntlet,No_Item,Farsight Alteration,Control Ward,Plated Steelcaps,Null-Magic Mantle,Sterak's Gage,Eclipse,Death's Dance,Oracle Lens,Cosmic Drive,Hextech Rocketbelt,Shattered Armguard,Sorcerer's Shoes,Dark Seal,Needlessly Large Rod,Oracle Lens,Lord Dominik's Regards,Bloodthirster,Muramana,Trinity Force,Zephyr,Infinity Edge,Farsight Alteration,Mikael's Blessing,Celestial Opposition,Knight's Vow,No_Item,Locket of the Iron Solari,Boots of Swiftness,Oracle Lens,Conqueror,Resolve,Hail of Blades,Precision,Electrocute,Resolve,Fleet Footwork,Sorcery,Aftershock,Precision,Grasp of the Undying,Sorcery,Conqueror,Inspiration,Electrocute,Resolve,Conqueror,Inspiration,Aftershock,Inspiration,Teleport,Flash,Smite,Ignite,Flash,Teleport,Flash,Barrier,Flash,Ignite,Flash,Teleport,Flash,Smite,Flash,Teleport,Cleanse,Flash,Flash,Ignite,0,6,1,0,0,1
https://www.op.gg/summoners/euw/SIXTY5-EUW/matches/uRd1PvnOddq_UsO2T2BbhecaWLWJ6BUqlkz5ygs-VZA%3D/1734350692000,0,23,44,44,23,53,34,77,70,18,28,0,4,0,2,5,11,0,6,57391,72630,14.4,16.8,885,994,29.4,33.1,-15239,15239,1905.4719367588934,2411.430830039526,Camille,Ivern,Viktor,Corki,Nautilus,Riven,Taliyah,Yone,Ezreal,Neeko,Ravenous Hydra,No_Item,Plated Steelcaps,Doran's Blade,Sterak's Gage,Trinity Force,Stealth Ward,Shurelya's Battlesong,Moonstone Renewer,Redemption,Synchronized Souls,Mejai's Soulstealer,Forbidden Idol,Oracle Lens,Zhonya's Hourglass,Blackfire Torch,Sorcerer's Shoes,Needlessly Large Rod,Dark Seal,Liandry's Torment,Farsight Alteration,Muramana,Boots of Swiftness,Rapid Firecannon,Trinity Force,Doran's Blade,Cloak of Agility,Farsight Alteration,Ruby Crystal,Bloodsong,Warmog's Armor,Cloth Armor,Boots of Swiftness,Abyssal Mask,Oracle Lens,Eclipse,Ionian Boots of Lucidity,No_Item,Sundered Sky,Serpent's Fang,Serylda's Grudge,Oracle Lens,No_Item,Dark Seal,Zhonya's Hourglass,Shadowflame,Luden's Companion,Sorcerer's Shoes,Oracle Lens,Mortal Reminder,Immortal Shieldbow,Blade of The Ruined King,Berserker's Greaves,Infinity Edge,Negatron Cloak,Oracle Lens,Last Whisper,Muramana,Trinity Force,Ionian Boots of Lucidity,Spear of Shojin,Caulfield's Warhammer,Farsight Alteration,Hextech Rocketbelt,Zaz'Zak's Realmspike,Needlessly Large Rod,Shattered Armguard,Stormsurge,Sorcerer's Shoes,Oracle Lens,Grasp of the Undying,Sorcery,Glacial Augment,Sorcery,Summon Aery,Resolve,Hail of Blades,Precision,Aftershock,Inspiration,Conqueror,Sorcery,First Strike,Domination,Lethal Tempo,Resolve,Press the Attack,Sorcery,Arcane Comet,Inspiration,Flash,Teleport,Smite,Flash,Flash,Teleport,Barrier,Flash,Flash,Ignite,Ignite,Flash,Flash,Smite,Flash,Teleport,Flash,Barrier,Ignite,Flash,1,4,0,0,2,3
https://www.op.gg/summoners/euw/SIXTY5-EUW/matches/uRd1PvnOddqL47eQEgRT-ai5j3-3BSlImxOT7SJMCIQ%3D/1734347515000,0,29,34,34,29,55,46,93,109,42,51,2,2,0,1,3,10,2,3,59084,67340,15.0,15.6,914,973,30.200000000000003,32.3,-8256,8256,1958.9347593582888,2232.663101604278,Jax,Lee Sin,Viktor,Jinx,Nautilus,Ambessa,Zyra,Yone,Corki,Pyke,Sundered Sky,Trinity Force,Control Ward,Plated Steelcaps,No_Item,Seeker's Armguard,Stealth Ward,Eclipse,Plated Steelcaps,Control Ward,Sundered Sky,Black Cleaver,Death's Dance,Stealth Ward,Iceborn Gauntlet,Liandry's Torment,Seraph's Embrace,Sorcerer's Shoes,Negatron Cloak,Dark Seal,Farsight Alteration,Infinity Edge,Yun Tal Wildarrows,Berserker's Greaves,Runaan's Hurricane,Last Whisper,Cloak of Agility,Farsight Alteration,Celestial Opposition,Locket of the Iron Solari,Abyssal Mask,Plated Steelcaps,Ruby Crystal,Control Ward,Oracle Lens,Spear of Shojin,Eclipse,Plated Steelcaps,Sundered Sky,Control Ward,No_Item,Oracle Lens,Liandry's Torment,Giant's Belt,Zhonya's Hourglass,Ionian Boots of Lucidity,Blackfire Torch,No_Item,Oracle Lens,Infinity Edge,Blade of The Ruined King,Immortal Shieldbow,No_Item,No_Item,Berserker's Greaves,Oracle Lens,Plated Steelcaps,B. F. Sword,Trinity Force,Rapid Firecannon,Lord Dominik's Regards,Muramana,Farsight Alteration,Youmuu's Ghostblade,Control Ward,Bloodsong,Synchronized Souls,Umbral Glaive,Opportunity,Oracle Lens,Grasp of the Undying,Inspiration,Conqueror,Inspiration,Summon Aery,Precision,Press the Attack,Inspiration,Aftershock,Inspiration,Grasp of the Undying,Domination,Arcane Comet,Precision,Fleet Footwork,Resolve,Conqueror,Inspiration,Hail of Blades,Resolve,Teleport,Flash,Smite,Flash,Flash,Teleport,Flash,Barrier,Ignite,Flash,Flash,Teleport,Flash,Smite,Flash,Teleport,Barrier,Flash,Ignite,Flash,0,3,0,1,3,2
https://www.op.gg/summoners/euw/SIXTY5-EUW/matches/uRd1PvnOddoI0EdjkSaO5fKvnRPx7ea0NJqK4x2YPQs%3D/1734345032000,1,30,10,10,30,12,56,47,53,17,9,2,0,0,0,9,2,2,0,48154,36349,12.8,11.2,711,573,32.5,26.3,11805,-11805,2195.6227979274613,1657.3637305699483,Renekton,Vi,Viktor,Ashe,Lulu,Gnar,Viego,Sylas,Kai'Sa,Maokai,Doran's Shield,Stridebreaker,Sterak's Gage,Ruby Crystal,Plated Steelcaps,No_Item,Oracle Lens,Sundered Sky,Black Cleaver,No_Item,No_Item,No_Item,Plated Steelcaps,Oracle Lens,Doran's Ring,Haunting Guise,Blackfire Torch,No_Item,Fated Ashes,Sorcerer's Shoes,Farsight Alteration,Doran's Blade,Vampiric Scepter,Statikk Shiv,Berserker's Greaves,Runaan's Hurricane,B. F. Sword,Farsight Alteration,Moonstone Renewer,Dream Maker,Ionian Boots of Lucidity,Forbidden Idol,Aether Wisp,No_Item,Oracle Lens,Doran's Blade,Long Sword,Plated Steelcaps,Trinity Force,Winged Moonplate,Tunneler,Farsight Alteration,Titanic Hydra,Kraken Slayer,No_Item,No_Item,Slightly Magical Footwear,No_Item,Oracle Lens,Doran's Ring,Hextech Rocketbelt,Dark Seal,Needlessly Large Rod,Sorcerer's Shoes,Aether Wisp,Oracle Lens,Doran's Blade,Pickaxe,Kraken Slayer,Recurve Bow,Berserker's Greaves,No_Item,Farsight Alteration,Celestial Opposition,Kindlegem,Trailblazer,No_Item,Boots of Swiftness,No_Item,Oracle Lens,Conqueror,Resolve,Conqueror,Inspiration,Summon Aery,Resolve,Lethal Tempo,Inspiration,Summon Aery,Resolve,Fleet Footwork,Resolve,Conqueror,Inspiration,Electrocute,Resolve,Lethal Tempo,Domination,Aftershock,Domination,Flash,Teleport,Flash,Smite,Flash,Teleport,Cleanse,Flash,Flash,Heal,Teleport,Flash,Flash,Smite,Flash,Teleport,Cleanse,Flash,Flash,Ignite,1,0,1,0,6,0
https://www.op.gg/summoners/euw/SIXTY5-EUW/matches/uRd1PvnOddpKHiukDHOyzf7QpTWRujcnaHgM9CR-v8s%3D/1734343133000,1,27,14,14,28,21,39,57,53,19,17,1,2,0,0,5,3,1,2,45576,39438,12.6,11.4,692,671,30.8,29.8,6138,-6138,2031.701204819277,1758.0795180722891,Jayce,Skarner,Sylas,Corki,Blitzcrank,Aurora,Dr. Mundo,Ahri,Ashe,Janna,Long Sword,Caulfield's Warhammer,Tear of the Goddess,Doran's Blade,Maw of Malmortius,Ionian Boots of Lucidity,Stealth Ward,Heartsteel,Mercury's Treads,No_Item,Unending Despair,No_Item,No_Item,Oracle Lens,Rabadon's Deathcap,Hextech Rocketbelt,Dark Seal,Cosmic Drive,Sorcerer's Shoes,Amplifying Tome,Oracle Lens,Doran's Blade,Muramana,Scout's Slingshot,Trinity Force,Zeal,Boots of Swiftness,Farsight Alteration,Bloodsong,Control Ward,Boots of Swiftness,Trailblazer,Forbidden Idol,Kindlegem,Oracle Lens,Sorcerer's Shoes,Refillable Potion,Luden's Companion,Shadowflame,Blasting Wand,Dark Seal,Oracle Lens,Heartsteel,Warmog's Armor,Control Ward,Ruby Crystal,Boots of Swiftness,Chain Vest,Oracle Lens,Doran's Ring,Malignance,Sorcerer's Shoes,Fiendish Codex,Dark Seal,Amplifying Tome,Farsight Alteration,Doran's Blade,Refillable Potion,Kraken Slayer,Phantom Dancer,Pickaxe,Berserker's Greaves,Farsight Alteration,Dream Maker,Echoes of Helia,Kindlegem,Boots of Swiftness,No_Item,No_Item,Oracle Lens,Phase Rush,Precision,Grasp of the Undying,Inspiration,Electrocute,Resolve,Conqueror,Inspiration,Glacial Augment,Resolve,Arcane Comet,Domination,Fleet Footwork,Inspiration,Electrocute,Sorcery,Lethal Tempo,Inspiration,Summon Aery,Resolve,Teleport,Flash,Smite,Flash,Flash,Teleport,Barrier,Flash,Flash,Ignite,Flash,Teleport,Flash,Smite,Ignite,Flash,Flash,Barrier,Heal,Flash,1,3,0,0,0,0
https://www.op.gg/summoners/euw/SIXTY5-EUW/matches/uRd1PvnOddo2SpNSzpA4mpkjmhDhztwy-sd60S7DEcA%3D/1734341039000,1,36,20,20,37,40,61,69,85,31,21,0,3,1,0,9,2,1,3,60787,47969,14.4,13.0,817,696,29.9,25.5,12818,-12818,2214.0960264900664,1747.2152317880796,Gragas,Jarvan IV,Viktor,Corki,Nami,Kled,Kindred,LeBlanc,Ezreal,Bard,Needlessly Large Rod,No_Item,Hextech Alternator,Cosmic Drive,Luden's Companion,Ionian Boots of Lucidity,Oracle Lens,Spear of Shojin,Sundered Sky,No_Item,Plated Steelcaps,B. F. Sword,Sterak's Gage,Oracle Lens,Dark Seal,No_Item,Sorcerer's Shoes,Shadowflame,Stormsurge,Rabadon's Deathcap,Farsight Alteration,Doran's Blade,Muramana,Vampiric Scepter,Trinity Force,Plated Steelcaps,Rapid Firecannon,Farsight Alteration,Solstice Sleigh,Forbidden Idol,Staff of Flowing Water,Ionian Boots of Lucidity,Imperial Mandate,Kindlegem,Oracle Lens,Titanic Hydra,Black Cleaver,Ionian Boots of Lucidity,Long Sword,No_Item,No_Item,Farsight Alteration,The Collector,Mercury's Treads,Pickaxe,B. F. Sword,Trinity Force,Control Ward,Oracle Lens,Shadowflame,Control Ward,Luden's Companion,Dark Seal,Sorcerer's Shoes,No_Item,Farsight Alteration,Doran's Blade,Muramana,Ionian Boots of Lucidity,Trinity Force,Spear of Shojin,Last Whisper,Farsight Alteration,Bloodsong,Locket of the Iron Solari,Control Ward,Negatron Cloak,Synchronized Souls,Kindlegem,Oracle Lens,Phase Rush,Domination,Conqueror,Inspiration,Summon Aery,Resolve,Conqueror,Inspiration,Summon Aery,Inspiration,Grasp of the Undying,Precision,Press the Attack,Domination,Electrocute,Sorcery,Press the Attack,Inspiration,Guardian,Domination,Teleport,Flash,Smite,Flash,Flash,Teleport,Barrier,Flash,Flash,Heal,Flash,Ignite,Flash,Smite,Teleport,Flash,Flash,Barrier,Ignite,Flash,1,3,1,0,0,0
https://www.op.gg/summoners/euw/SIXTY5-EUW/matches/uRd1PvnOddrrN_sYsIzJR-aACJ6K7W-u6-lug4JSR3Q%3D/1734291425000,0,27,50,50,27,66,41,51,73,16,16,0,3,0,1,1,10,0,4,52447,68724,13.8,15.4,726,865,25.8,30.8,-16277,16277,1862.023668639053,2439.9053254437868,Rumble,Vi,Malzahar,Caitlyn,Lux,Riven,Viego,LeBlanc,Jhin,Pyke,Liandry's Torment,Shadowflame,Rabadon's Deathcap,No_Item,No_Item,Plated Steelcaps,Oracle Lens,Trinity Force,Control Ward,Mercury's Treads,Sundered Sky,Ruby Crystal,Pickaxe,Oracle Lens,Doran's Ring,Malignance,Sorcerer's Shoes,Liandry's Torment,Rylai's Crystal Scepter,No_Item,Farsight Alteration,The Collector,Infinity Edge,Lord Dominik's Regards,Doran's Blade,Berserker's Greaves,Cloak of Agility,Stealth Ward,Zaz'Zak's Realmspike,Zhonya's Hourglass,Stormsurge,Sorcerer's Shoes,No_Item,No_Item,Oracle Lens,Sundered Sky,Black Cleaver,Long Sword,Ionian Boots of Lucidity,Eclipse,Maw of Malmortius,Farsight Alteration,Sundered Sky,Kraken Slayer,B. F. Sword,Sterak's Gage,Steel Sigil,Mercury's Treads,Oracle Lens,Dark Seal,Luden's Companion,Shadowflame,Needlessly Large Rod,Banshee's Veil,Sorcerer's Shoes,Oracle Lens,The Collector,Boots of Swiftness,Rapid Firecannon,Infinity Edge,Mortal Reminder,Vampiric Scepter,Farsight Alteration,Edge of Night,Umbral Glaive,Celestial Opposition,No_Item,Long Sword,Boots of Swiftness,Oracle Lens,Arcane Comet,Resolve,Conqueror,Inspiration,Arcane Comet,Inspiration,First Strike,Sorcery,Arcane Comet,Domination,Conqueror,Inspiration,Conqueror,Inspiration,Electrocute,Sorcery,Fleet Footwork,Inspiration,Hail of Blades,Resolve,Ignite,Flash,Smite,Flash,Teleport,Flash,Flash,Barrier,Heal,Flash,Flash,Teleport,Smite,Flash,Teleport,Flash,Barrier,Flash,Flash,Ignite,0,4,0,1,2,2
https://www.op.gg/summoners/euw/SIXTY5-EUW/matches/uRd1PvnOddosS2tGjU0wRUdQd9MUgJNx1vaFXEtpQmk%3D/1734289261000,0,12,28,28,12,41,24,62,59,13,19,0,3,0,1,4,10,0,4,44635,56186,12.2,14.4,751,847,30.3,34.0,-11551,11551,1805.0919117647059,2272.2279411764707,Sett,Lee Sin,Karthus,Ashe,Lulu,K'Sante,Nidalee,Yone,Ezreal,Nami,Doran's Blade,Refillable Potion,Pickaxe,Boots,Tunneler,Stridebreaker,Stealth Ward,Sundered Sky,Control Ward,Eclipse,No_Item,Boots,No_Item,Stealth Ward,Doran's Ring,Needlessly Large Rod,Malignance,Sorcerer's Shoes,Shadowflame,Needlessly Large Rod,Farsight Alteration,Statikk Shiv,Berserker's Greaves,B. F. Sword,Doran's Blade,Runaan's Hurricane,Last Whisper,Farsight Alteration,Redemption,Dream Maker,Moonstone Renewer,Control Ward,Ionian Boots of Lucidity,No_Item,Oracle Lens,Kaenic Rookern,"Jak'Sho, The Protean",Thornmail,No_Item,Boots of Swiftness,Iceborn Gauntlet,Oracle Lens,Blackfire Torch,Sorcerer's Shoes,Hextech Alternator,Mejai's Soulstealer,Liandry's Torment,Amplifying Tome,Oracle Lens,Berserker's Greaves,Blade of The Ruined King,Immortal Shieldbow,Pickaxe,Long Sword,B. F. Sword,Farsight Alteration,No_Item,No_Item,Ionian Boots of Lucidity,Muramana,Trinity Force,Doran's Blade,Farsight Alteration,Zaz'Zak's Realmspike,Control Ward,Ionian Boots of Lucidity,Imperial Mandate,Bandleglass Mirror,Dark Seal,Oracle Lens,Conqueror,Resolve,Dark Harvest,Precision,First Strike,Domination,Lethal Tempo,Inspiration,Summon Aery,Resolve,Grasp of the Undying,Inspiration,Dark Harvest,Precision,Lethal Tempo,Resolve,Press the Attack,Inspiration,Summon Aery,Domination,Flash,Teleport,Smite,Flash,Flash,Teleport,Barrier,Flash,Heal,Flash,Teleport,Flash,Flash,Smite,Teleport,Flash,Cleanse,Flash,Heal,Flash,0,0,0,1,6,2
https://www.op.gg/summoners/euw/SIXTY5-EUW/matches/uRd1PvnOddqOMfncsKDjjhxFuLg5nwvHT_jnfZpHeyA%3D/1734286897000,1,30,15,15,32,22,54,58,84,36,17,3,1,2,0,10,1,5,1,68237,52988,16.4,14.4,1047,972,33.9,31.5,15249,-15249,2202.194090909091,1710.0672727272727,Riven,Viego,Syndra,Corki,Soraka,Kayle,Wukong,Viktor,Kai'Sa,Sona,Eclipse,Ionian Boots of Lucidity,Death's Dance,Caulfield's Warhammer,Doran's Blade,Hexdrinker,Oracle Lens,"Jak'Sho, The Protean",Sterak's Gage,Executioner's Calling,Sundered Sky,Trinity Force,Boots of Swiftness,Oracle Lens,Blackfire Torch,Cosmic Drive,Rabadon's Deathcap,Blasting Wand,Dark Seal,Sorcerer's Shoes,Farsight Alteration,Muramana,Maw of Malmortius,Trinity Force,Boots of Swiftness,Doran's Blade,Bloodthirster,Farsight Alteration,Dream Maker,Boots of Swiftness,Dawncore,Forbidden Idol,Forbidden Idol,Moonstone Renewer,Oracle Lens,Void Staff,Boots of Swiftness,Nashor's Tooth,Rabadon's Deathcap,Aether Wisp,No_Item,Farsight Alteration,Giant's Belt,Trinity Force,Executioner's Calling,Plated Steelcaps,Sundered Sky,Control Ward,Oracle Lens,Blighting Jewel,Blasting Wand,Zhonya's Hourglass,Sorcerer's Shoes,Dark Seal,Luden's Companion,Farsight Alteration,No_Item,Verdant Barrier,Nashor's Tooth,Berserker's Greaves,Guinsoo's Rageblade,Statikk Shiv,Farsight Alteration,Bloodsong,Echoes of Helia,Staff of Flowing Water,Forbidden Idol,Forbidden Idol,Boots of Swiftness,Oracle Lens,Conqueror,Sorcery,Press the Attack,Inspiration,Arcane Comet,Inspiration,Conqueror,Inspiration,Summon Aery,Resolve,Press the Attack,Sorcery,Conqueror,Inspiration,Summon Aery,Resolve,Lethal Tempo,Inspiration,Summon Aery,Precision,Flash,Ignite,Flash,Smite,Teleport,Flash,Barrier,Flash,Flash,Heal,Flash,Teleport,Flash,Smite,Flash,Teleport,Barrier,Flash,Heal,Flash,1,4,2,0,2,0
https://www.op.gg/summoners/euw/SIXTY5-EUW/matches/uRd1PvnOddpBsPr5yJcWeBpClA5nzPYfU624kZd5EgA%3D/1734284651000,0,7,16,16,7,25,7,42,61,22,17,0,2,0,0,2,6,0,2,35721,42676,11.6,11.8,698,675,32.7,31.5,-6955,6955,1668.5467105263158,1993.4184210526316,Nasus,Rengar,Aurora,Corki,Karma,Ambessa,Rammus,Lux,Ashe,Bard,Doran's Shield,Trinity Force,Warden's Mail,Mercury's Treads,Cloth Armor,Glowing Mote,Farsight Alteration,Youmuu's Ghostblade,Edge of Night,No_Item,Boots,No_Item,No_Item,Oracle Lens,Sorcerer's Shoes,Luden's Companion,Amplifying Tome,Doran's Ring,Amplifying Tome,Dark Seal,Oracle Lens,Muramana,Berserker's Greaves,No_Item,No_Item,Trinity Force,No_Item,Farsight Alteration,Dream Maker,Moonstone Renewer,No_Item,Boots of Swiftness,Amplifying Tome,Glowing Mote,Oracle Lens,Doran's Blade,Eclipse,Phage,Kindlegem,No_Item,Boots,Stealth Ward,Unending Despair,Boots,Thornmail,Bami's Cinder,Cloth Armor,No_Item,Oracle Lens,Luden's Companion,Doran's Ring,Sorcerer's Shoes,Stormsurge,Dark Seal,Hextech Alternator,Farsight Alteration,Bloodthirster,Statikk Shiv,No_Item,Runaan's Hurricane,No_Item,Berserker's Greaves,Farsight Alteration,Mikael's Blessing,Boots of Swiftness,Kindlegem,Solstice Sleigh,Faerie Charm,No_Item,Oracle Lens,Fleet Footwork,Resolve,Conqueror,Domination,Electrocute,Precision,Conqueror,Inspiration,Arcane Comet,Precision,Conqueror,Domination,Aftershock,Precision,Arcane Comet,Domination,Lethal Tempo,Inspiration,Guardian,Domination,Ghost,Teleport,Smite,Flash,Flash,Teleport,Flash,Barrier,Flash,Heal,Flash,Teleport,Smite,Flash,Flash,Teleport,Barrier,Flash,Flash,Heal,0,0,0,1,6,1
https://www.op.gg/summoners/euw/SIXTY5-EUW/matches/uRd1PvnOddqT4atv9KX4Li3tiN3YmurCb7fGjE3A8fE%3D/1734282575000,1,19,18,18,19,36,31,63,54,21,28,2,2,1,0,10,2,3,2,55124,44221,14.0,12.6,880,703,35.6,28.5,10903,-10903,2241.0224299065417,1797.769626168224,Vayne,Gwen,Yone,Ashe,Tahm Kench,Warwick,Vi,Twisted Fate,Jhin,Karma,Doran's Blade,Randuin's Omen,Recurve Bow,Wit's End,Kraken Slayer,Boots of Swiftness,Farsight Alteration,Needlessly Large Rod,Dark Seal,Nashor's Tooth,Rabadon's Deathcap,Amplifying Tome,Slightly Magical Footwear,Oracle Lens,Infinity Edge,Berserker's Greaves,No_Item,Blade of The Ruined King,Immortal Shieldbow,No_Item,Oracle Lens,Bloodthirster,Statikk Shiv,Doran's Blade,Berserker's Greaves,Runaan's Hurricane,No_Item,Farsight Alteration,Solstice Sleigh,Control Ward,Bramble Vest,Plated Steelcaps,Ruby Crystal,Heartsteel,Oracle Lens,Stridebreaker,Doran's Blade,Plated Steelcaps,Tunneler,Winged Moonplate,No_Item,Oracle Lens,Sterak's Gage,Sundered Sky,Cloth Armor,Plated Steelcaps,Ruby Crystal,No_Item,Stealth Ward,Aether Wisp,Rod of Ages,Ionian Boots of Lucidity,Lich Bane,Bandleglass Mirror,Rapid Firecannon,Oracle Lens,Infinity Edge,Zeal,The Collector,Dagger,Boots of Swiftness,No_Item,Farsight Alteration,Forbidden Idol,Dream Maker,No_Item,Ionian Boots of Lucidity,Moonstone Renewer,Forbidden Idol,Oracle Lens,Lethal Tempo,Resolve,Conqueror,Inspiration,Fleet Footwork,Resolve,Lethal Tempo,Inspiration,Guardian,Precision,Lethal Tempo,Resolve,Conqueror,Inspiration,Electrocute,Inspiration,Fleet Footwork,Sorcery,Summon Aery,Inspiration,Flash,Cleanse,Ghost,Smite,Flash,Teleport,Barrier,Flash,Ignite,Flash,Flash,Barrier,Flash,Smite,Teleport,Flash,Flash,Barrier,Heal,Flash,0,6,2,1,0,0
https://www.op.gg/summoners/euw/SIXTY5-EUW/matches/uRd1PvnOddonmaVfP2_wiujQoPeXhZBcMAj_gWvk498%3D/1734280527000,1,39,21,21,39,34,50,54,52,16,8,1,2,1,0,11,1,2,2,60032,45613,14.6,12.8,777,659,30.5,25.9,14419,-14419,2360.2324786324784,1793.3316239316237,Ambessa,Elise,Olaf,Yone,Rell,Tahm Kench,Master Yi,Katarina,Smolder,Alistar,Guardian Angel,Plated Steelcaps,Voltaic Cyclosword,Eclipse,Tunneler,Pickaxe,Stealth Ward,Shadowflame,Stormsurge,Dark Seal,Sorcerer's Shoes,Lich Bane,Amplifying Tome,Oracle Lens,Doran's Blade,Maw of Malmortius,Plated Steelcaps,No_Item,Death's Dance,Ravenous Hydra,Stealth Ward,Doran's Blade,Blade of The Ruined King,Infinity Edge,Berserker's Greaves,Immortal Shieldbow,Steel Sigil,Farsight Alteration,Heartsteel,Randuin's Omen,Bloodsong,Winged Moonplate,Ionian Boots of Lucidity,Chain Vest,Oracle Lens,Unending Despair,Heartsteel,Boots of Swiftness,No_Item,No_Item,No_Item,Stealth Ward,Guinsoo's Rageblade,Blade of The Ruined King,Rectrix,Recurve Bow,Mercury's Treads,Long Sword,Farsight Alteration,Lich Bane,Shadowflame,Sorcerer's Shoes,Dark Seal,Needlessly Large Rod,No_Item,Oracle Lens,Spear of Shojin,Essence Reaver,Boots of Swiftness,Doran's Blade,Vampiric Scepter,Pickaxe,Farsight Alteration,Celestial Opposition,Control Ward,Zeke's Convergence,Abyssal Mask,Boots of Swiftness,Cloth Armor,Oracle Lens,Conqueror,Resolve,Electrocute,Precision,Conqueror,Inspiration,Lethal Tempo,Resolve,Aftershock,Inspiration,Grasp of the Undying,Precision,Lethal Tempo,Domination,Electrocute,Resolve,Fleet Footwork,Inspiration,Aftershock,Inspiration,Flash,Teleport,Smite,Flash,Flash,Ghost,Teleport,Flash,Flash,Ignite,Ghost,Teleport,Flash,Smite,Flash,Teleport,Cleanse,Flash,Flash,Ignite,0,0,3,0,6,0
https://www.op.gg/summoners/euw/SIXTY5-EUW/matches/uRd1PvnOddqxazpAdHwyrYqdfvMc3yxDcGUr5trSvvQ%3D/1734278326000,0,8,35,35,8,47,8,28,45,16,3,0,3,0,0,0,5,0,3,28962,44764,9.6,11.6,499,645,27.0,34.9,-15802,15802,1566.7967213114755,2421.6590163934425,Renekton,Zyra,Akali,Ashe,Tahm Kench,Yasuo,Viego,Kennen,Kog'Maw,Pyke,No_Item,Mercury's Treads,Stridebreaker,No_Item,No_Item,No_Item,Oracle Lens,Liandry's Torment,Sorcerer's Shoes,Dark Seal,Hextech Alternator,Needlessly Large Rod,No_Item,Oracle Lens,Doran's Ring,Refillable Potion,Lich Bane,No_Item,Dark Seal,Sorcerer's Shoes,Oracle Lens,No_Item,Berserker's Greaves,Statikk Shiv,Doran's Blade,Scout's Slingshot,Dagger,Farsight Alteration,Heartsteel,Null-Magic Mantle,Bloodsong,Slightly Magical Footwear,No_Item,No_Item,Oracle Lens,Refillable Potion,Blade of The Ruined King,Berserker's Greaves,Immortal Shieldbow,Dagger,Doran's Shield,Farsight Alteration,No_Item,Blade of The Ruined King,Sundered Sky,Mercury's Treads,Long Sword,Long Sword,Oracle Lens,Hextech Rocketbelt,Zhonya's Hourglass,No_Item,Doran's Blade,Amplifying Tome,Boots,Oracle Lens,Sorcerer's Shoes,Fiendish Codex,Fiendish Codex,Seraph's Embrace,Luden's Companion,Doran's Blade,Farsight Alteration,Celestial Opposition,Youmuu's Ghostblade,No_Item,Mercury's Treads,Serrated Dirk,No_Item,Oracle Lens,Press the Attack,Resolve,Electrocute,Precision,Electrocute,Resolve,Lethal Tempo,Inspiration,Grasp of the Undying,Inspiration,Grasp of the Undying,Precision,Conqueror,Inspiration,Electrocute,Inspiration,Arcane Comet,Precision,Hail of Blades,Sorcery,Flash,Teleport,Flash,Smite,Flash,Teleport,Cleanse,Flash,Ignite,Flash,Teleport,Flash,Flash,Smite,Teleport,Flash,Teleport,Flash,Ignite,Flash,0,3,0,1,0,0
https://www.op.gg/summoners/euw/SIXTY5-EUW/matches/uRd1PvnOddqi7_1jbpXVT_f7sY0CWGQGiOotJ09Pqcw%3D/1734276520000,1,41,23,23,42,26,56,55,56,17,18,2,0,0,1,10,1,2,1,56198,45624,13.6,12.4,767,562,33.5,24.599999999999998,10574,-10574,2450.4941860465115,1989.4186046511627,Riven,Karthus,Yasuo,Ashe,Rell,Gragas,Master Yi,Galio,Varus,Pyke,Ravenous Hydra,Long Sword,Long Sword,Doran's Blade,Sundered Sky,Mercury's Treads,Oracle Lens,Zhonya's Hourglass,Sorcerer's Shoes,Dark Seal,Blackfire Torch,Shadowflame,No_Item,Oracle Lens,Doran's Blade,Blade of The Ruined King,Berserker's Greaves,Immortal Shieldbow,Cloak of Agility,B. F. Sword,Farsight Alteration,Doran's Blade,B. F. Sword,Statikk Shiv,Berserker's Greaves,Runaan's Hurricane,Bloodthirster,Farsight Alteration,Locket of the Iron Solari,Celestial Opposition,Knight's Vow,Control Ward,No_Item,Mercury's Treads,Oracle Lens,Lich Bane,Lost Chapter,Cosmic Drive,Ionian Boots of Lucidity,Blighting Jewel,Blasting Wand,Oracle Lens,No_Item,Blade of The Ruined King,Boots,Guinsoo's Rageblade,Dagger,No_Item,Oracle Lens,Doran's Ring,Sorcerer's Shoes,Stormsurge,Refillable Potion,Lich Bane,Amplifying Tome,Oracle Lens,Doran's Blade,Berserker's Greaves,Blade of The Ruined King,Guinsoo's Rageblade,Recurve Bow,Long Sword,Farsight Alteration,Youmuu's Ghostblade,Synchronized Souls,Bloodsong,Serrated Dirk,Umbral Glaive,No_Item,Oracle Lens,Conqueror,Inspiration,Dark Harvest,Precision,Grasp of the Undying,Precision,Lethal Tempo,Inspiration,Aftershock,Inspiration,Phase Rush,Precision,Lethal Tempo,Domination,Aftershock,Sorcery,Lethal Tempo,Resolve,Hail of Blades,Resolve,Teleport,Flash,Flash,Smite,Teleport,Flash,Cleanse,Flash,Ignite,Flash,Flash,Teleport,Flash,Smite,Flash,Teleport,Flash,Cleanse,Ignite,Flash,1,6,2,0,0,0
https://www.op.gg/summoners/euw/SIXTY5-EUW/matches/uRd1PvnOddoKta_I_d7GF0Ceho0q_GeM76EVt6ty0G4%3D/1734274733000,0,27,49,49,27,73,30,54,86,25,17,1,4,0,2,6,10,1,6,61370,73501,15.2,17.2,906,982,27.6,30.0,-12131,12131,1869.1370558375634,2238.6091370558374,K'Sante,Rengar,Nasus,Ashe,Yuumi,Riven,Volibear,Qiyana,Karthus,Poppy,Negatron Cloak,Chain Vest,Plated Steelcaps,Thornmail,Iceborn Gauntlet,Giant's Belt,Oracle Lens,Youmuu's Ghostblade,Lord Dominik's Regards,Serrated Dirk,Edge of Night,Ionian Boots of Lucidity,Profane Hydra,Oracle Lens,Spirit Visage,Trinity Force,Ionian Boots of Lucidity,Frozen Heart,Thornmail,Tunneler,Farsight Alteration,B. F. Sword,Berserker's Greaves,Lord Dominik's Regards,Statikk Shiv,Runaan's Hurricane,Cloak of Agility,Farsight Alteration,Amplifying Tome,Mikael's Blessing,Bloodsong,Imperial Mandate,Glowing Mote,Moonstone Renewer,Oracle Lens,Eclipse,Death's Dance,Black Cleaver,Sundered Sky,Ionian Boots of Lucidity,Executioner's Calling,Oracle Lens,Dead Man's Plate,Sundered Sky,Frozen Heart,Boots of Swiftness,Executioner's Calling,Pickaxe,Oracle Lens,Youmuu's Ghostblade,Serpent's Fang,Steel Sigil,Serylda's Grudge,Edge of Night,Ionian Boots of Lucidity,Oracle Lens,Rabadon's Deathcap,Blackfire Torch,Liandry's Torment,Sorcerer's Shoes,Void Staff,Dark Seal,Farsight Alteration,Bloodsong,Dead Man's Plate,No_Item,Boots of Swiftness,Thornmail,Giant's Belt,Oracle Lens,Grasp of the Undying,Precision,Conqueror,Domination,Fleet Footwork,Resolve,Lethal Tempo,Inspiration,Summon Aery,Resolve,Conqueror,Inspiration,Press the Attack,Sorcery,Electrocute,Precision,Dark Harvest,Precision,Hail of Blades,Inspiration,Teleport,Flash,Smite,Flash,Flash,Ghost,Barrier,Flash,Exhaust,Heal,Flash,Teleport,Flash,Smite,Flash,Ignite,Exhaust,Flash,Flash,Ignite,0,0,0,0,1,2
https://www.op.gg/summoners/euw/SIXTY5-EUW/matches/uRd1PvnOddpJ2Z0HvJmTJTfogHXbul6YKZA8pd5nuM8%3D/1734272328000,0,8,17,18,8,14,9,36,35,6,15,0,1,0,0,1,4,0,1,33503,40932,11.0,12.2,656,717,33.1,36.0,-7429,7429,1685.0621301775147,2058.7100591715975,Riven,Brand,Qiyana,Ashe,Blitzcrank,K'Sante,Viego,Annie,Caitlyn,Karma,Death's Dance,No_Item,Black Cleaver,Ionian Boots of Lucidity,No_Item,No_Item,Oracle Lens,No_Item,Liandry's Torment,Sorcerer's Shoes,Dark Seal,Amplifying Tome,No_Item,Oracle Lens,Youmuu's Ghostblade,Profane Hydra,Refillable Potion,Long Sword,Boots,No_Item,Oracle Lens,Doran's Blade,Berserker's Greaves,Statikk Shiv,Runaan's Hurricane,No_Item,No_Item,Farsight Alteration,Forbidden Idol,Celestial Opposition,No_Item,Boots of Swiftness,Kindlegem,No_Item,Stealth Ward,Doran's Shield,Thornmail,Iceborn Gauntlet,Negatron Cloak,Plated Steelcaps,No_Item,Oracle Lens,Plated Steelcaps,Kraken Slayer,Long Sword,Recurve Bow,Negatron Cloak,Titanic Hydra,Oracle Lens,Doran's Ring,Malignance,Rylai's Crystal Scepter,Liandry's Torment,Dark Seal,Sorcerer's Shoes,Oracle Lens,Doran's Blade,Control Ward,Berserker's Greaves,The Collector,B. F. Sword,Cloak of Agility,Farsight Alteration,Dream Maker,Moonstone Renewer,No_Item,Faerie Charm,Ionian Boots of Lucidity,No_Item,Oracle Lens,Conqueror,Inspiration,Arcane Comet,Precision,Electrocute,Precision,Lethal Tempo,Inspiration,Glacial Augment,Sorcery,Grasp of the Undying,Precision,Conqueror,Inspiration,First Strike,Precision,Lethal Tempo,Inspiration,Lethal Tempo,Inspiration,Flash,Teleport,Flash,Smite,Flash,Teleport,Barrier,Flash,Flash,Ignite,Teleport,Flash,Smite,Flash,Flash,Teleport,Cleanse,Flash,Heal,Flash,0,3,0,1,3,0
https://www.op.gg/summoners/euw/SIXTY5-EUW/matches/uRd1PvnOddqTqt-bU-3NO8GeeUJfi6adutjZUapAr84%3D/1734270439000,0,8,15,15,8,32,17,48,46,12,19,0,2,0,1,1,5,0,3,40444,46960,12.2,13.4,781,817,32.4,34.0,-6516,6516,1683.4558375634515,1954.680203045685,Aurora,Dr. Mundo,Yone,Jhin,Soraka,Renekton,Ivern,Azir,Corki,Rell,Luden's Companion,Sorcerer's Shoes,Hextech Alternator,Dark Seal,Needlessly Large Rod,No_Item,Farsight Alteration,Boots of Swiftness,Heartsteel,Bramble Vest,Spectre's Cowl,Kindlegem,No_Item,Oracle Lens,Berserker's Greaves,Blade of The Ruined King,Immortal Shieldbow,No_Item,No_Item,No_Item,Oracle Lens,Boots of Swiftness,No_Item,No_Item,The Collector,Rapid Firecannon,Infinity Edge,Farsight Alteration,Celestial Opposition,Moonstone Renewer,Dark Seal,Kindlegem,Faerie Charm,Ionian Boots of Lucidity,Oracle Lens,Doran's Shield,Refillable Potion,Mercury's Treads,Stridebreaker,Black Cleaver,Ruby Crystal,Stealth Ward,Control Ward,Ionian Boots of Lucidity,Redemption,Moonstone Renewer,Ardent Censer,Dark Seal,Oracle Lens,Sorcerer's Shoes,Nashor's Tooth,Oblivion Orb,Rabadon's Deathcap,Needlessly Large Rod,No_Item,Oracle Lens,Refillable Potion,Muramana,Trinity Force,Doran's Blade,B. F. Sword,Plated Steelcaps,Farsight Alteration,Celestial Opposition,Bramble Vest,Dead Man's Plate,Ruby Crystal,Glowing Mote,Plated Steelcaps,Oracle Lens,Electrocute,Sorcery,Fleet Footwork,Inspiration,Lethal Tempo,Resolve,Fleet Footwork,Sorcery,Summon Aery,Resolve,Conqueror,Resolve,Summon Aery,Domination,Conqueror,Sorcery,Conqueror,Inspiration,Aftershock,Inspiration,Flash,Teleport,Flash,Smite,Flash,Teleport,Cleanse,Flash,Heal,Flash,Flash,Teleport,Flash,Smite,Flash,Teleport,Barrier,Flash,Flash,Ignite,0,4,0,1,0,0
https://www.op.gg/summoners/euw/SIXTY5-EUW/matches/uRd1PvnOddr0yrLToP03dP-m5ylZFLDdUjzjDIUlJGs%3D/1734267599000,1,36,15,15,37,22,55,65,60,19,15,3,1,1,0,10,1,4,1,59239,47582,14.6,13.0,829,787,31.8,30.1,11657,-11657,2273.124418604651,1825.820930232558,Tahm Kench,Viego,Aurora,Kog'Maw,Rell,Ornn,Kindred,Neeko,Corki,Thresh,Riftmaker,Doran's Shield,Heartsteel,Boots of Swiftness,Unending Despair,No_Item,Stealth Ward,Sterak's Gage,Kraken Slayer,Recurve Bow,Recurve Bow,Slightly Magical Footwear,Titanic Hydra,Oracle Lens,Shadowflame,Malignance,Dark Seal,Sorcerer's Shoes,Amplifying Tome,No_Item,Farsight Alteration,Randuin's Omen,Guinsoo's Rageblade,Terminus,Wit's End,Doran's Blade,Plated Steelcaps,Farsight Alteration,Mikael's Blessing,Celestial Opposition,Zeke's Convergence,Mercury's Treads,Control Ward,Kindlegem,Oracle Lens,Kaenic Rookern,Sunfire Aegis,Fimbulwinter,Mercury's Treads,No_Item,No_Item,Farsight Alteration,Trinity Force,Kraken Slayer,Wit's End,Pickaxe,Glowing Mote,Boots of Swiftness,Oracle Lens,Hextech Rocketbelt,Void Staff,Doran's Ring,Sorcerer's Shoes,Stormsurge,No_Item,Stealth Ward,Doran's Blade,Trinity Force,Muramana,B. F. Sword,No_Item,Boots of Swiftness,Farsight Alteration,Kindlegem,Solstice Sleigh,Control Ward,Trailblazer,Null-Magic Mantle,Boots of Swiftness,Oracle Lens,Grasp of the Undying,Precision,Conqueror,Inspiration,Electrocute,Sorcery,Lethal Tempo,Resolve,Aftershock,Inspiration,Grasp of the Undying,Inspiration,Press the Attack,Domination,Arcane Comet,Inspiration,Conqueror,Inspiration,Aftershock,Inspiration,Ghost,Teleport,Smite,Flash,Flash,Teleport,Flash,Barrier,Flash,Ignite,Flash,Teleport,Flash,Smite,Flash,Teleport,Cleanse,Flash,Flash,Ignite,1,1,2,0,5,0
https://www.op.gg/summoners/euw/SIXTY5-EUW/matches/uRd1PvnOddrkG4ckz2LTJoJNu_F9Pf5Evq6v1Z3TBmo%3D/1734193609000,1,49,25,25,49,36,62,52,55,17,13,2,2,1,0,10,2,3,2,62973,51666,15.0,13.4,790,763,29.6,28.5,11307,-11307,2368.9842857142858,1943.6257142857144,Ambessa,Nocturne,Katarina,Caitlyn,Nautilus,Vayne,Master Yi,Aurora,Ashe,Blitzcrank,Voltaic Cyclosword,Spear of Shojin,Death's Dance,Long Sword,Plated Steelcaps,Eclipse,Oracle Lens,Stridebreaker,Experimental Hexplate,Plated Steelcaps,Tunneler,Frozen Heart,Ruby Crystal,Oracle Lens,Shadowflame,Sorcerer's Shoes,Zhonya's Hourglass,Lich Bane,Dark Seal,No_Item,Oracle Lens,The Collector,Infinity Edge,Berserker's Greaves,Lord Dominik's Regards,Doran's Blade,Cloak of Agility,Farsight Alteration,Locket of the Iron Solari,Refillable Potion,Celestial Opposition,Knight's Vow,Warden's Mail,Plated Steelcaps,Oracle Lens,Doran's Blade,Guinsoo's Rageblade,Berserker's Greaves,Trinity Force,Hearthbound Axe,Dagger,Farsight Alteration,Guinsoo's Rageblade,Blade of The Ruined King,Kraken Slayer,No_Item,Boots,No_Item,Farsight Alteration,Shadowflame,Luden's Companion,Stormsurge,Dark Seal,Sorcerer's Shoes,Amplifying Tome,Oracle Lens,Runaan's Hurricane,Statikk Shiv,Berserker's Greaves,Doran's Blade,Vampiric Scepter,Lord Dominik's Regards,Farsight Alteration,Control Ward,Locket of the Iron Solari,Celestial Opposition,Trailblazer,Synchronized Souls,Null-Magic Mantle,Oracle Lens,Grasp of the Undying,Domination,Conqueror,Domination,Electrocute,Resolve,Lethal Tempo,Domination,Aftershock,Inspiration,Press the Attack,Resolve,Lethal Tempo,Domination,Electrocute,Sorcery,Lethal Tempo,Inspiration,Aftershock,Inspiration,Teleport,Flash,Flash,Smite,Teleport,Flash,Flash,Barrier,Flash,Ignite,Flash,Ghost,Flash,Smite,Flash,Teleport,Barrier,Flash,Flash,Ignite,1,6,2,0,0,0
https://www.op.gg/summoners/euw/SIXTY5-EUW/matches/uRd1PvnOddq8kWN4RQfWt-hKn3PuOVCjp4Jq7RlStBA%3D/1734191000000,1,51,26,26,51,38,72,106,66,23,37,4,1,2,0,9,4,6,1,70814,62041,16.6,15.2,978,959,30.599999999999998,30.0,8773,-8773,2226.466375545852,1950.6340611353712,Camille,Viego,Viktor,Ashe,Renata Glasc,Quinn,Zyra,Corki,Caitlyn,Leona,Kaenic Rookern,Sterak's Gage,Plated Steelcaps,No_Item,Trinity Force,No_Item,Farsight Alteration,Kraken Slayer,Sundered Sky,Wit's End,Steel Sigil,Mercury's Treads,No_Item,Oracle Lens,Liandry's Torment,Blackfire Torch,Zhonya's Hourglass,Mejai's Soulstealer,Sorcerer's Shoes,Rabadon's Deathcap,Farsight Alteration,Bloodthirster,Infinity Edge,Kraken Slayer,Phantom Dancer,Last Whisper,Berserker's Greaves,Farsight Alteration,Mikael's Blessing,Solstice Sleigh,Locket of the Iron Solari,Mercury's Treads,Forbidden Idol,Control Ward,Oracle Lens,Profane Hydra,Opportunity,Synchronized Souls,The Collector,Edge of Night,Long Sword,Oracle Lens,Verdant Barrier,Sorcerer's Shoes,Rylai's Crystal Scepter,Liandry's Torment,Mejai's Soulstealer,Rabadon's Deathcap,Oracle Lens,Trinity Force,Muramana,Boots of Swiftness,Doran's Blade,Immortal Shieldbow,Cloak of Agility,Farsight Alteration,Doran's Blade,Berserker's Greaves,The Collector,Infinity Edge,Lord Dominik's Regards,No_Item,Farsight Alteration,Knight's Vow,Locket of the Iron Solari,Celestial Opposition,Control Ward,Negatron Cloak,Plated Steelcaps,Oracle Lens,Grasp of the Undying,Inspiration,Conqueror,Inspiration,Summon Aery,Precision,Lethal Tempo,Inspiration,Guardian,Domination,Electrocute,Sorcery,Electrocute,Precision,Conqueror,Inspiration,Lethal Tempo,Domination,Aftershock,Inspiration,Teleport,Flash,Flash,Smite,Teleport,Flash,Flash,Cleanse,Heal,Flash,Teleport,Flash,Flash,Smite,Teleport,Flash,Flash,Barrier,Flash,Ignite,0,0,2,1,6,0
https://www.op.gg/summoners/euw/SIXTY5-EUW/matches/uRd1PvnOddpY16y_zId95lQw-cel0YDpjoDsj9n5tR8%3D/1734186853000,1,19,9,10,19,8,24,41,51,16,13,1,2,0,0,5,1,1,2,43928,35569,12.0,11.6,705,666,33.7,32.0,8359,-8359,2098.4713375796177,1699.156050955414,Riven,Diana,Garen,Ashe,Rell,Viktor,Viego,Aurora,Caitlyn,Lux,Doran's Shield,Sundered Sky,Eclipse,Caulfield's Warhammer,Mercury's Treads,Long Sword,Oracle Lens,Lich Bane,Zhonya's Hourglass,Dark Seal,Sorcerer's Shoes,Ruby Crystal,No_Item,Oracle Lens,Stridebreaker,Doran's Shield,Mercury's Treads,Phantom Dancer,No_Item,No_Item,Stealth Ward,Doran's Blade,Statikk Shiv,Runaan's Hurricane,Berserker's Greaves,No_Item,No_Item,Farsight Alteration,Locket of the Iron Solari,Celestial Opposition,Control Ward,Mercury's Treads,Ruby Crystal,No_Item,Oracle Lens,Iceborn Gauntlet,Doran's Ring,Lost Chapter,Amplifying Tome,Boots,Dark Seal,Stealth Ward,Titanic Hydra,Kraken Slayer,No_Item,No_Item,No_Item,Mercury's Treads,Oracle Lens,Refillable Potion,Boots,Liandry's Torment,Lost Chapter,No_Item,Doran's Ring,Stealth Ward,Infinity Edge,No_Item,The Collector,Berserker's Greaves,No_Item,Doran's Blade,Farsight Alteration,Mikael's Blessing,Celestial Opposition,Refillable Potion,Control Ward,No_Item,Ionian Boots of Lucidity,Oracle Lens,Conqueror,Resolve,Conqueror,Inspiration,Phase Rush,Resolve,Lethal Tempo,Inspiration,Aftershock,Inspiration,Grasp of the Undying,Sorcery,Conqueror,Inspiration,Electrocute,Sorcery,Lethal Tempo,Domination,Aftershock,Inspiration,Flash,Teleport,Flash,Smite,Flash,Ignite,Cleanse,Flash,Flash,Ignite,Flash,Teleport,Smite,Flash,Teleport,Flash,Flash,Barrier,Flash,Exhaust,1,5,0,0,1,0
https://www.op.gg/summoners/euw/SIXTY5-EUW/matches/uRd1PvnOddrO8eF1hhgpxVuDnYJ98KZaSPiopYfRhao%3D/1734185126000,0,4,17,17,4,18,9,31,37,6,8,1,1,0,0,0,5,1,1,26875,38239,10.2,11.4,490,631,26.5,34.199999999999996,-11364,11364,1461.3281249999998,2079.2456249999996,Riven,Udyr,Viktor,Tristana,Seraphine,Corki,Viego,Vi,Kennen,Soraka,Doran's Shield,Refillable Potion,Plated Steelcaps,Hexdrinker,Pickaxe,Long Sword,Stealth Ward,Liandry's Torment,Kindlegem,Cloth Armor,No_Item,Dark Seal,Plated Steelcaps,Oracle Lens,Doran's Ring,Sorcerer's Shoes,Dark Seal,Lost Chapter,Luden's Companion,Amplifying Tome,Stealth Ward,Kraken Slayer,Doran's Blade,Refillable Potion,Boots,Cloth Armor,Dagger,Stealth Ward,Dream Maker,Redemption,Control Ward,No_Item,Ionian Boots of Lucidity,No_Item,Oracle Lens,Doran's Blade,Trinity Force,Tear of the Goddess,Mercury's Treads,Long Sword,Glowing Mote,Farsight Alteration,Wit's End,Kraken Slayer,Control Ward,Mercury's Treads,Long Sword,Ruby Crystal,Oracle Lens,Eclipse,Refillable Potion,Ionian Boots of Lucidity,Sheen,Phage,No_Item,Oracle Lens,Needlessly Large Rod,Stormsurge,Sorcerer's Shoes,Shadowflame,Amplifying Tome,No_Item,Stealth Ward,Celestial Opposition,Moonstone Renewer,Dark Seal,Kindlegem,Faerie Charm,Ionian Boots of Lucidity,Oracle Lens,Conqueror,Resolve,Conqueror,Resolve,First Strike,Sorcery,Press the Attack,Resolve,Guardian,Sorcery,Conqueror,Inspiration,Conqueror,Inspiration,Hail of Blades,Resolve,Electrocute,Resolve,Summon Aery,Resolve,Flash,Teleport,Smite,Flash,Flash,Teleport,Teleport,Flash,Heal,Flash,Barrier,Flash,Smite,Flash,Flash,Ignite,Flash,Teleport,Heal,Flash,0,1,0,1,2,0
https://www.op.gg/summoners/euw/SIXTY5-EUW/matches/uRd1PvnOddpEVSCSyObCTspX4JE9RkRETVfcGl1L9do%3D/1734179880000,0,18,35,35,18,75,37,64,76,19,28,2,2,0,1,3,9,2,3,52150,60719,14.2,14.8,849,843,28.0,27.7,-8569,8569,1707.2916666666665,1987.8244047619046,Warwick,Wukong,Vex,Ashe,Nami,Kled,Viego,Aurora,Corki,Lulu,Stridebreaker,Plated Steelcaps,Hullbreaker,Terminus,Kraken Slayer,No_Item,Oracle Lens,Plated Steelcaps,Trinity Force,Sundered Sky,Phage,Glowing Mote,No_Item,Oracle Lens,Blackfire Torch,Liandry's Torment,Needlessly Large Rod,Dark Seal,Needlessly Large Rod,Sorcerer's Shoes,Farsight Alteration,Cloak of Agility,No_Item,Berserker's Greaves,Kraken Slayer,Phantom Dancer,Doran's Blade,Farsight Alteration,Ionian Boots of Lucidity,Control Ward,Solstice Sleigh,Echoes of Helia,Imperial Mandate,Faerie Charm,Oracle Lens,Titanic Hydra,Pickaxe,Plated Steelcaps,Executioner's Calling,Frozen Heart,Phage,Oracle Lens,Sterak's Gage,Warden's Mail,Null-Magic Mantle,Kraken Slayer,Plated Steelcaps,Sundered Sky,Oracle Lens,Cosmic Drive,Malignance,Liandry's Torment,Ionian Boots of Lucidity,Needlessly Large Rod,Dark Seal,Oracle Lens,Doran's Blade,Muramana,Bloodthirster,Trinity Force,Mercury's Treads,B. F. Sword,Farsight Alteration,Redemption,Mikael's Blessing,Dream Maker,Moonstone Renewer,Ionian Boots of Lucidity,No_Item,Oracle Lens,Lethal Tempo,Resolve,Conqueror,Domination,Electrocute,Sorcery,Lethal Tempo,Inspiration,Summon Aery,Precision,Conqueror,Resolve,Conqueror,Inspiration,Electrocute,Precision,Conqueror,Inspiration,Summon Aery,Resolve,Flash,Barrier,Flash,Smite,Teleport,Flash,Flash,Barrier,Flash,Heal,Flash,Ignite,Flash,Smite,Teleport,Flash,Barrier,Flash,Heal,Flash,0,6,0,1,0,2
https://www.op.gg/summoners/euw/SIXTY5-EUW/matches/uRd1PvnOddo0bvDKdhFdo1HporWGIEXGkRGfuChVtpc%3D/1734177287000,0,23,29,29,23,53,32,57,62,20,23,1,4,1,0,4,9,2,4,59624,67609,15.4,16.2,908,1040,27.7,31.9,-7985,7985,1829.6173285198556,2074.6444043321303,K'Sante,Udyr,Viktor,Ashe,Lulu,Gnar,Morgana,Kassadin,Corki,Nami,Abyssal Mask,Iceborn Gauntlet,No_Item,"Jak'Sho, The Protean",Plated Steelcaps,No_Item,Oracle Lens,Kaenic Rookern,Liandry's Torment,Dark Seal,Boots of Swiftness,Dead Man's Plate,"Jak'Sho, The Protean",Oracle Lens,Blackfire Torch,Void Staff,Liandry's Torment,Doran's Ring,Amplifying Tome,Sorcerer's Shoes,Farsight Alteration,Vampiric Scepter,Wit's End,Statikk Shiv,Kraken Slayer,Berserker's Greaves,B. F. Sword,Farsight Alteration,Redemption,Dream Maker,Locket of the Iron Solari,Moonstone Renewer,Ionian Boots of Lucidity,No_Item,Oracle Lens,Doran's Blade,Plated Steelcaps,Sterak's Gage,Tunneler,Wit's End,Trinity Force,Oracle Lens,Ionian Boots of Lucidity,Liandry's Torment,Zhonya's Hourglass,Abyssal Mask,Dark Seal,Oblivion Orb,Oracle Lens,Void Staff,Malignance,Seeker's Armguard,Sorcerer's Shoes,Seraph's Embrace,Mejai's Soulstealer,Oracle Lens,Bloodthirster,Muramana,Lord Dominik's Regards,Trinity Force,Boots of Swiftness,No_Item,Farsight Alteration,Forbidden Idol,Control Ward,Solstice Sleigh,Imperial Mandate,Shurelya's Battlesong,Boots of Swiftness,Oracle Lens,Grasp of the Undying,Sorcery,Conqueror,Inspiration,Summon Aery,Resolve,Lethal Tempo,Inspiration,Summon Aery,Resolve,Grasp of the Undying,Precision,Dark Harvest,Inspiration,Electrocute,Sorcery,Conqueror,Inspiration,Summon Aery,Precision,Flash,Teleport,Flash,Smite,Flash,Teleport,Flash,Barrier,Heal,Flash,Teleport,Flash,Flash,Smite,Flash,Teleport,Barrier,Flash,Flash,Heal,1,0,0,0,6,1
https://www.op.gg/summoners/euw/SIXTY5-EUW/matches/uRd1PvnOddrMEakEfGaK6YbFowtdsN0eNrrmMqFY8fY%3D/1734174761000,0,18,32,32,18,59,24,63,82,21,21,1,3,0,1,3,7,1,4,51709,58583,14.0,15.4,921,885,32.300000000000004,31.1,-6874,6874,1809.815,2050.405,Jax,Udyr,Lux,Corki,Lulu,Malphite,Lee Sin,Hwei,Ashe,Rell,Zhonya's Hourglass,Long Sword,Trinity Force,Mercury's Treads,No_Item,Sundered Sky,Stealth Ward,Unending Despair,Negatron Cloak,Liandry's Torment,Boots of Swiftness,Spirit Visage,Giant's Belt,Oracle Lens,Blackfire Torch,Shadowflame,Doran's Ring,Needlessly Large Rod,No_Item,Sorcerer's Shoes,Stealth Ward,Doran's Blade,Muramana,Lord Dominik's Regards,Trinity Force,Boots of Swiftness,No_Item,Farsight Alteration,Redemption,Dream Maker,Moonstone Renewer,Control Ward,Ionian Boots of Lucidity,No_Item,Oracle Lens,Doran's Shield,Plated Steelcaps,Frozen Heart,Sunfire Aegis,Chain Vest,Bramble Vest,Stealth Ward,No_Item,Eclipse,Mercury's Treads,Maw of Malmortius,Sundered Sky,No_Item,Stealth Ward,Sorcerer's Shoes,Blackfire Torch,Oblivion Orb,Liandry's Torment,Cryptbloom,Dark Seal,Farsight Alteration,Doran's Blade,Berserker's Greaves,Kraken Slayer,Phantom Dancer,Vampiric Scepter,B. F. Sword,Farsight Alteration,Celestial Opposition,Locket of the Iron Solari,Zeke's Convergence,Kindlegem,Control Ward,Ionian Boots of Lucidity,Oracle Lens,Grasp of the Undying,Sorcery,Conqueror,Resolve,Arcane Comet,Domination,Conqueror,Inspiration,Summon Aery,Resolve,Grasp of the Undying,Sorcery,Conqueror,Inspiration,Summon Aery,Precision,Lethal Tempo,Inspiration,Aftershock,Inspiration,Flash,Teleport,Flash,Smite,Flash,Teleport,Cleanse,Flash,Heal,Flash,Flash,Teleport,Flash,Smite,Flash,Teleport,Flash,Barrier,Flash,Ignite,1,6,0,0,0,1
https://www.op.gg/summoners/euw/SIXTY5-EUW/matches/uRd1PvnOddrLIkYSkkJTzAXQS3VPjZoEiyC-M0vjiaM%3D/1734172538000,1,21,0,0,21,0,16,36,25,4,7,1,0,0,0,3,1,1,0,32741,22817,10.0,8.8,530,469,34.6,30.599999999999998,9924,-9924,2140.757692307692,1491.8807692307691,K'Sante,Viego,Orianna,Ezreal,Blitzcrank,Gnar,Nidalee,Irelia,Corki,Sona,Iceborn Gauntlet,Doran's Shield,Refillable Potion,Plated Steelcaps,Tear of the Goddess,Chain Vest,Farsight Alteration,Gustwalker Hatchling,Hullbreaker,Slightly Magical Footwear,Giant's Belt,Ruby Crystal,No_Item,Oracle Lens,Doran's Ring,Mejai's Soulstealer,Refillable Potion,Oblivion Orb,Sorcerer's Shoes,Luden's Companion,Stealth Ward,Caulfield's Warhammer,Ionian Boots of Lucidity,No_Item,Doran's Blade,Tear of the Goddess,Trinity Force,Farsight Alteration,Trailblazer,No_Item,Celestial Opposition,Synchronized Souls,No_Item,No_Item,Oracle Lens,Refillable Potion,Hearthbound Axe,No_Item,Plated Steelcaps,Doran's Blade,Phage,Farsight Alteration,Scorchclaw Pup,Dark Seal,Boots,Liandry's Torment,No_Item,No_Item,Oracle Lens,Blade of The Ruined King,Winged Moonplate,Boots,Pickaxe,Doran's Blade,No_Item,Stealth Ward,Doran's Blade,Trinity Force,Tear of the Goddess,No_Item,No_Item,Slightly Magical Footwear,Stealth Ward,Bloodsong,Echoes of Helia,No_Item,No_Item,No_Item,Boots,Oracle Lens,Grasp of the Undying,Inspiration,Conqueror,Inspiration,Phase Rush,Resolve,Press the Attack,Inspiration,Glacial Augment,Sorcery,Fleet Footwork,Resolve,Conqueror,Sorcery,Conqueror,Domination,Conqueror,Inspiration,Summon Aery,Inspiration,Flash,Teleport,Flash,Smite,Flash,Teleport,Barrier,Flash,Flash,Ignite,Flash,Teleport,Flash,Smite,Flash,Teleport,Barrier,Flash,Flash,Heal,0,3,0,0,3,0
https://www.op.gg/summoners/euw/SIXTY5-EUW/matches/uRd1PvnOddqqO1q_lF6Ca_7A9Xc3zND7gnJ39eccsr4%3D/1734115295000,0,22,33,33,23,48,37,43,67,14,10,1,1,0,1,3,9,1,2,47407,57694,12.8,14.6,717,840,28.200000000000003,33.0,-10287,10287,1858.5698863636364,2261.8670454545454,Qiyana,Xin Zhao,Viktor,Corki,Rell,Pantheon,Dr. Mundo,Aurora,Varus,Poppy,Serylda's Grudge,Profane Hydra,Youmuu's Ghostblade,Doran's Blade,Ionian Boots of Lucidity,No_Item,Oracle Lens,Frozen Heart,Sundered Sky,Spectre's Cowl,Plated Steelcaps,No_Item,Black Cleaver,Oracle Lens,Doran's Ring,Blighting Jewel,Blackfire Torch,Ionian Boots of Lucidity,Liandry's Torment,Blasting Wand,Farsight Alteration,Doran's Blade,Muramana,No_Item,Trinity Force,No_Item,Boots of Swiftness,Farsight Alteration,Ionian Boots of Lucidity,Locket of the Iron Solari,Celestial Opposition,Abyssal Mask,No_Item,No_Item,Oracle Lens,Plated Steelcaps,Sterak's Gage,Eclipse,Sundered Sky,Long Sword,Long Sword,Stealth Ward,Unending Despair,Heartsteel,Boots of Swiftness,Spirit Visage,Bramble Vest,Ruby Crystal,Oracle Lens,Needlessly Large Rod,Malignance,Sorcerer's Shoes,Hextech Alternator,Dark Seal,Stormsurge,Oracle Lens,Berserker's Greaves,Blade of The Ruined King,No_Item,Terminus,No_Item,Guinsoo's Rageblade,Farsight Alteration,Bloodsong,Locket of the Iron Solari,No_Item,Plated Steelcaps,Dead Man's Plate,No_Item,Oracle Lens,Conqueror,Domination,Conqueror,Inspiration,Summon Aery,Resolve,Conqueror,Inspiration,Aftershock,Inspiration,Press the Attack,Sorcery,Fleet Footwork,Inspiration,Electrocute,Sorcery,Lethal Tempo,Resolve,Aftershock,Inspiration,Flash,Ignite,Flash,Smite,Flash,Teleport,Barrier,Flash,Flash,Ignite,Ignite,Flash,Flash,Smite,Flash,Teleport,Flash,Barrier,Flash,Ignite,0,0,0,1,6,1
https://www.op.gg/summoners/euw/SIXTY5-EUW/matches/uRd1PvnOddr97mXdfqh5afYoCi4lNoYjfNAYh30a5Rg%3D/1734113265000,1,24,15,15,24,29,34,66,62,21,21,3,0,1,0,10,2,4,0,54944,45212,13.8,13.0,824,755,31.0,28.5,9732,-9732,2069.3194805194803,1702.7896103896103,Pantheon,Rek'Sai,Viktor,Ezreal,Janna,Jax,Nocturne,Hwei,Corki,Nautilus,Plated Steelcaps,Black Cleaver,Doran's Blade,Hullbreaker,Dagger,Long Sword,Stealth Ward,Stridebreaker,Mercury's Treads,No_Item,Steel Sigil,No_Item,Black Cleaver,Oracle Lens,Needlessly Large Rod,Control Ward,Liandry's Torment,Blackfire Torch,Dark Seal,Sorcerer's Shoes,Farsight Alteration,Muramana,Trinity Force,Last Whisper,Spear of Shojin,Long Sword,Ionian Boots of Lucidity,Farsight Alteration,Forbidden Idol,Dream Maker,Redemption,Boots of Swiftness,Moonstone Renewer,Control Ward,Oracle Lens,Doran's Shield,Trinity Force,Plated Steelcaps,Tunneler,Caulfield's Warhammer,No_Item,Stealth Ward,Plated Steelcaps,Stridebreaker,Sterak's Gage,Steel Sigil,No_Item,No_Item,Farsight Alteration,Doran's Ring,Luden's Companion,Sorcerer's Shoes,Amplifying Tome,Liandry's Torment,Needlessly Large Rod,Farsight Alteration,Doran's Blade,Trinity Force,Muramana,Rapid Firecannon,No_Item,Boots of Swiftness,Farsight Alteration,Bloodsong,Warmog's Armor,Cloth Armor,Ionian Boots of Lucidity,Control Ward,Ruby Crystal,Oracle Lens,Conqueror,Sorcery,Conqueror,Inspiration,Summon Aery,Resolve,Conqueror,Inspiration,Summon Aery,Resolve,Grasp of the Undying,Sorcery,Lethal Tempo,Domination,Arcane Comet,Precision,Conqueror,Inspiration,Aftershock,Inspiration,Ignite,Flash,Flash,Smite,Flash,Teleport,Flash,Barrier,Flash,Heal,Flash,Teleport,Flash,Smite,Flash,Teleport,Barrier,Flash,Flash,Ignite,1,6,2,0,0,0
https://www.op.gg/summoners/euw/SIXTY5-EUW/matches/uRd1PvnOddrK5NQc_DSgHWwOWv0MHqjXcjyoyjyabzQ%3D/1734111207000,1,27,10,10,27,11,29,43,36,6,16,2,0,0,0,8,2,2,0,46786,35827,12.4,10.8,683,622,33.9,30.8,10959,-10959,2322.4705035971224,1778.4625899280577,Renekton,Taliyah,Viktor,Corki,Bard,Swain,Wukong,Veigar,Ashe,Senna,Doran's Shield,Stridebreaker,Mercury's Treads,Death's Dance,No_Item,Eclipse,Oracle Lens,No_Item,Blackfire Torch,Sorcerer's Shoes,Dark Seal,Hextech Alternator,Needlessly Large Rod,Oracle Lens,Blackfire Torch,Sorcerer's Shoes,Liandry's Torment,Doran's Ring,Aether Wisp,No_Item,Farsight Alteration,Trinity Force,Tear of the Goddess,Refillable Potion,Plated Steelcaps,Doran's Blade,Caulfield's Warhammer,Farsight Alteration,Mikael's Blessing,Bloodsong,Mercury's Treads,Kindlegem,Cloth Armor,Null-Magic Mantle,Oracle Lens,Blackfire Torch,Giant's Belt,Amplifying Tome,Dark Seal,Doran's Ring,Boots of Swiftness,Oracle Lens,Ruby Crystal,Trinity Force,Tunneler,Caulfield's Warhammer,Mercury's Treads,No_Item,Oracle Lens,Doran's Ring,Winter's Approach,Refillable Potion,Verdant Barrier,Needlessly Large Rod,Ionian Boots of Lucidity,Farsight Alteration,Doran's Blade,Statikk Shiv,Berserker's Greaves,Runaan's Hurricane,Vampiric Scepter,No_Item,Farsight Alteration,Boots of Swiftness,Black Cleaver,Dream Maker,Kindlegem,No_Item,Bandleglass Mirror,Oracle Lens,Conqueror,Resolve,Dark Harvest,Inspiration,Arcane Comet,Resolve,Conqueror,Inspiration,Guardian,Domination,Summon Aery,Precision,Conqueror,Inspiration,Summon Aery,Inspiration,Lethal Tempo,Inspiration,Summon Aery,Resolve,Teleport,Flash,Smite,Flash,Flash,Teleport,Flash,Barrier,Heal,Flash,Teleport,Flash,Smite,Flash,Flash,Teleport,Barrier,Flash,Heal,Flash,1,4,2,0,2,0
https://www.op.gg/summoners/euw/SIXTY5-EUW/matches/uRd1PvnOddrwR1JEbSYue92iuA1VCor36_YcUKxC40c%3D/1734109543000,1,28,17,18,28,19,72,109,121,74,36,1,3,1,0,9,2,2,3,68957,58479,16.2,14.8,1037,1078,30.6,31.8,10478,-10478,2049.193867924528,1737.8193396226413,Zilean,Viego,Veigar,Ashe,Rell,Malphite,Nidalee,Yasuo,Corki,Rakan,Blasting Wand,Seraph's Embrace,Cosmic Drive,Ionian Boots of Lucidity,Frozen Heart,Oblivion Orb,Stealth Ward,No_Item,Plated Steelcaps,Wit's End,Death's Dance,Sundered Sky,Kraken Slayer,Oracle Lens,Hextech Rocketbelt,Rabadon's Deathcap,Banshee's Veil,Cryptbloom,Seraph's Embrace,Boots of Swiftness,Farsight Alteration,Berserker's Greaves,Doran's Blade,Runaan's Hurricane,Statikk Shiv,Mortal Reminder,B. F. Sword,Farsight Alteration,Control Ward,Celestial Opposition,Locket of the Iron Solari,Plated Steelcaps,Trailblazer,No_Item,Oracle Lens,Spirit Visage,Frozen Heart,Sunfire Aegis,Kindlegem,Mercury's Treads,Negatron Cloak,Farsight Alteration,Lich Bane,Sorcerer's Shoes,No_Item,Liandry's Torment,Dark Seal,Shadowflame,Oracle Lens,Doran's Shield,Stridebreaker,Berserker's Greaves,Blade of The Ruined King,Iceborn Gauntlet,No_Item,Farsight Alteration,Mercury's Treads,Trinity Force,Muramana,Infinity Edge,Rapid Firecannon,No_Item,Farsight Alteration,Dark Seal,Mercury's Treads,Dream Maker,Kindlegem,Watchful Wardstone,Trailblazer,Oracle Lens,Summon Aery,Inspiration,Conqueror,Inspiration,First Strike,Resolve,Lethal Tempo,Inspiration,Aftershock,Inspiration,Arcane Comet,Inspiration,Conqueror,Domination,Grasp of the Undying,Precision,Conqueror,Inspiration,Guardian,Domination,Teleport,Flash,Smite,Flash,Flash,Teleport,Barrier,Flash,Ignite,Flash,Flash,Teleport,Smite,Flash,Teleport,Flash,Flash,Cleanse,Ignite,Flash,1,4,3,0,2,0
https://www.op.gg/summoners/euw/SIXTY5-EUW/matches/uRd1PvnOddqwfYu7fZNNIUTW_mp2EdlVROzj5yz45LU%3D/1734106806000,1,33,14,15,33,16,47,65,51,19,19,1,2,0,0,9,1,1,2,53241,40827,13.2,12.2,796,721,34.4,31.2,12414,-12414,2301.5640625000005,1764.9171875000002,Aurora,Xin Zhao,Ahri,Corki,Bard,Zilean,Kayn,Vex,Jinx,Thresh,Shadowflame,Mejai's Soulstealer,Amplifying Tome,Ionian Boots of Lucidity,Luden's Companion,Doran's Ring,Farsight Alteration,Sterak's Gage,Sundered Sky,Plated Steelcaps,No_Item,No_Item,No_Item,Oracle Lens,Sorcerer's Shoes,Banshee's Veil,Malignance,Liandry's Torment,Dark Seal,Amplifying Tome,Oracle Lens,Trinity Force,Muramana,Doran's Blade,Mercury's Treads,Rapid Firecannon,No_Item,Farsight Alteration,Bloodsong,Giant's Belt,Negatron Cloak,Dead Man's Plate,Chain Vest,Boots of Swiftness,Oracle Lens,Doran's Ring,Seraph's Embrace,Ionian Boots of Lucidity,Cosmic Drive,No_Item,Control Ward,Stealth Ward,Last Whisper,Edge of Night,Voltaic Cyclosword,Mercury's Treads,Long Sword,No_Item,Oracle Lens,Needlessly Large Rod,Stormsurge,Control Ward,Luden's Companion,Dark Seal,Sorcerer's Shoes,Oracle Lens,Doran's Blade,Infinity Edge,Berserker's Greaves,The Collector,No_Item,No_Item,Farsight Alteration,Solstice Sleigh,No_Item,Locket of the Iron Solari,Ionian Boots of Lucidity,Kindlegem,Chain Vest,Oracle Lens,Electrocute,Sorcery,Hail of Blades,Precision,Electrocute,Sorcery,Conqueror,Inspiration,Guardian,Domination,Summon Aery,Inspiration,Conqueror,Inspiration,Electrocute,Sorcery,Press the Attack,Sorcery,Aftershock,Inspiration,Teleport,Flash,Flash,Smite,Flash,Teleport,Flash,Barrier,Flash,Ignite,Teleport,Flash,Smite,Flash,Flash,Teleport,Barrier,Flash,Ignite,Flash,1,6,1,0,0,0
https://www.op.gg/summoners/euw/SIXTY5-EUW/matches/uRd1PvnOddrYn2te9QzEvy3nWK9sHqxDx8Z8KbnKkf4%3D/1734017485000,1,20,7,7,20,5,16,36,20,3,5,0,1,0,0,3,0,0,1,31510,23397,10.0,9.0,497,405,32.6,26.5,8113,-8113,2073.735042735043,1539.802564102564,Darius,Viego,Akali,Ashe,Neeko,Yone,Warwick,LeBlanc,Caitlyn,Tahm Kench,Doran's Shield,Refillable Potion,Trinity Force,Plated Steelcaps,No_Item,No_Item,Stealth Ward,Kraken Slayer,Sundered Sky,Slightly Magical Footwear,No_Item,No_Item,No_Item,Oracle Lens,Doran's Shield,Stormsurge,Dark Seal,Needlessly Large Rod,Amplifying Tome,Boots,Oracle Lens,Doran's Blade,Berserker's Greaves,Scout's Slingshot,Statikk Shiv,Zeal,No_Item,Farsight Alteration,Celestial Opposition,Sorcerer's Shoes,Control Ward,Amplifying Tome,Cloth Armor,Hextech Rocketbelt,Oracle Lens,Doran's Shield,Refillable Potion,Berserker's Greaves,Blade of The Ruined King,No_Item,No_Item,Stealth Ward,Tunneler,Stridebreaker,Gustwalker Hatchling,Plated Steelcaps,Pickaxe,No_Item,Oracle Lens,Boots,Refillable Potion,Hextech Alternator,Dark Seal,Doran's Ring,Lost Chapter,Stealth Ward,Doran's Blade,The Collector,Boots,Control Ward,No_Item,No_Item,Farsight Alteration,Refillable Potion,Locket of the Iron Solari,Celestial Opposition,Cloth Armor,No_Item,Slightly Magical Footwear,Oracle Lens,Conqueror,Sorcery,Conqueror,Inspiration,Electrocute,Resolve,Lethal Tempo,Inspiration,Arcane Comet,Inspiration,Grasp of the Undying,Precision,Press the Attack,Inspiration,Electrocute,Sorcery,Hail of Blades,Sorcery,Grasp of the Undying,Inspiration,Flash,Ghost,Flash,Smite,Flash,Teleport,Barrier,Flash,Flash,Heal,Teleport,Flash,Flash,Smite,Flash,Teleport,Flash,Cleanse,Ignite,Flash,0,6,0,0,0,0
https://www.op.gg/summoners/euw/SIXTY5-EUW/matches/uRd1PvnOddpYzJjj1L2LtXXtcd5kwVSesGNDXkDtib4%3D/1734015313000,1,20,9,9,20,6,26,32,22,7,6,2,0,0,0,3,0,2,0,33527,24989,10.2,9.0,530,435,34.9,28.7,8538,-8538,2209.734090909091,1647.0022727272726,Jax,Karthus,Kayle,Ashe,Rell,Yone,Brand,Sylas,Varus,Pantheon,Doran's Shield,Trinity Force,Plated Steelcaps,Tunneler,Glowing Mote,Ruby Crystal,Stealth Ward,Blackfire Torch,Sorcerer's Shoes,Dark Seal,Null-Magic Mantle,Control Ward,No_Item,Oracle Lens,No_Item,Nashor's Tooth,No_Item,Boots of Swiftness,Doran's Blade,No_Item,Farsight Alteration,Statikk Shiv,Runaan's Hurricane,Berserker's Greaves,Doran's Blade,B. F. Sword,No_Item,Farsight Alteration,Zeke's Convergence,Control Ward,No_Item,Celestial Opposition,No_Item,Ionian Boots of Lucidity,Oracle Lens,Doran's Blade,Pickaxe,Berserker's Greaves,Recurve Bow,Vampiric Scepter,Recurve Bow,Farsight Alteration,Gustwalker Hatchling,Liandry's Torment,Sorcerer's Shoes,Dark Seal,No_Item,No_Item,Oracle Lens,Hextech Alternator,Bounty of Worlds,Sorcerer's Shoes,Dark Seal,Aether Wisp,No_Item,Oracle Lens,Serrated Dirk,Doran's Blade,Tear of the Goddess,Long Sword,Boots,Pickaxe,Stealth Ward,Doran's Blade,Eclipse,Long Sword,Boots,Long Sword,No_Item,Farsight Alteration,Grasp of the Undying,Inspiration,Dark Harvest,Precision,Press the Attack,Sorcery,Lethal Tempo,Inspiration,Aftershock,Inspiration,Fleet Footwork,Resolve,Conqueror,Inspiration,Electrocute,Sorcery,Hail of Blades,Inspiration,Press the Attack,Sorcery,Flash,Teleport,Flash,Smite,Flash,Teleport,Barrier,Flash,Ignite,Flash,Teleport,Flash,Flash,Smite,Ignite,Flash,Flash,Barrier,Flash,Ignite,0,6,0,0,0,0
https://www.op.gg/summoners/euw/SIXTY5-EUW/matches/uRd1PvnOddrQvZqX3RMBq0mAfULqIItcPMksy51Q7zA%3D/1734013540000,1,35,22,22,35,42,62,76,58,26,22,3,0,0,0,7,1,3,0,63898,53546,15.6,14.6,994,888,33.6,30.1,10352,-10352,2166.4987124463523,1815.508154506438,Aurora,Karthus,Yone,Ashe,Nautilus,Malphite,Kindred,Viktor,Ezreal,Bard,Liandry's Torment,Cosmic Drive,Malignance,Mercury's Treads,Blasting Wand,Blighting Jewel,Farsight Alteration,Zhonya's Hourglass,Shadowflame,Sorcerer's Shoes,Void Staff,Blackfire Torch,No_Item,Oracle Lens,Infinity Edge,Long Sword,Cloth Armor,Blade of The Ruined King,Berserker's Greaves,Immortal Shieldbow,Oracle Lens,No_Item,Statikk Shiv,Runaan's Hurricane,Berserker's Greaves,Bloodthirster,B. F. Sword,Farsight Alteration,Locket of the Iron Solari,Mercury's Treads,Celestial Opposition,Ruby Crystal,No_Item,Knight's Vow,Oracle Lens,Doran's Ring,Randuin's Omen,Mercury's Treads,Hollow Radiance,Kindlegem,Refillable Potion,Farsight Alteration,Wit's End,Kraken Slayer,Mercury's Treads,Cloak of Agility,Trinity Force,No_Item,Oracle Lens,Rabadon's Deathcap,Luden's Companion,Lich Bane,Boots of Swiftness,No_Item,No_Item,Farsight Alteration,Muramana,Bloodthirster,No_Item,Trinity Force,Doran's Blade,Ionian Boots of Lucidity,Farsight Alteration,Dead Man's Plate,Statikk Shiv,Bloodsong,Negatron Cloak,Slightly Magical Footwear,Spectre's Cowl,Oracle Lens,Grasp of the Undying,Precision,Dark Harvest,Precision,Lethal Tempo,Resolve,Lethal Tempo,Inspiration,Aftershock,Inspiration,Arcane Comet,Resolve,Press the Attack,Domination,Summon Aery,Resolve,Press the Attack,Inspiration,Guardian,Inspiration,Teleport,Flash,Flash,Smite,Flash,Teleport,Barrier,Flash,Flash,Ignite,Flash,Teleport,Flash,Smite,Flash,Teleport,Flash,Barrier,Ignite,Flash,1,6,1,0,0,0
https://www.op.gg/summoners/euw/SIXTY5-EUW/matches/uRd1PvnOddq4mufwnwcqrFI2airJTtZSCPWJhzMDxYw%3D/1734010857000,1,59,30,30,59,53,89,64,105,30,26,4,0,1,0,8,4,5,0,74600,64362,17.0,15.4,876,925,25.799999999999997,27.1,10238,-10238,2175.8333333333335,1877.2250000000001,Shen,Shaco,Sylas,Ezreal,Bard,K'Sante,Vi,Aurora,Ashe,Pyke,Thornmail,Redemption,Sunfire Aegis,Ionian Boots of Lucidity,Heartsteel,Spectre's Cowl,Stealth Ward,Eclipse,Abyssal Mask,Randuin's Omen,Kaenic Rookern,Boots of Swiftness,Dead Man's Plate,Oracle Lens,Hextech Rocketbelt,Cosmic Drive,Zhonya's Hourglass,Needlessly Large Rod,Needlessly Large Rod,Sorcerer's Shoes,Oracle Lens,Fiendish Codex,Trinity Force,Muramana,Ionian Boots of Lucidity,Serylda's Grudge,Navori Flickerblade,Farsight Alteration,Dead Man's Plate,Berserker's Greaves,Bloodsong,Statikk Shiv,Kaenic Rookern,Liandry's Torment,Oracle Lens,Negatron Cloak,Kaenic Rookern,Plated Steelcaps,Iceborn Gauntlet,Chain Vest,Thornmail,Stealth Ward,No_Item,Mercury's Treads,Steel Sigil,Spirit Visage,Sundered Sky,Sterak's Gage,Oracle Lens,Rabadon's Deathcap,Luden's Companion,Sorcerer's Shoes,Shadowflame,Void Staff,Fiendish Codex,Farsight Alteration,Infinity Edge,Berserker's Greaves,Statikk Shiv,Runaan's Hurricane,Mortal Reminder,No_Item,Farsight Alteration,Bloodsong,Youmuu's Ghostblade,Synchronized Souls,Umbral Glaive,Serrated Dirk,No_Item,Oracle Lens,Grasp of the Undying,Domination,Hail of Blades,Precision,Conqueror,Resolve,Conqueror,Sorcery,Guardian,Inspiration,Grasp of the Undying,Inspiration,Conqueror,Inspiration,Electrocute,Sorcery,Lethal Tempo,Inspiration,Hail of Blades,Sorcery,Flash,Teleport,Ignite,Smite,Flash,Teleport,Barrier,Flash,Ignite,Flash,Ghost,Teleport,Flash,Smite,Flash,Teleport,Barrier,Flash,Flash,Ignite,0,6,0,1,0,0
https://www.op.gg/summoners/euw/SIXTY5-EUW/matches/uRd1PvnOddoRpMlGNFTE6B92ahc1PSbNPbanP8FRP4o%3D/1734007604000,1,31,17,17,31,23,36,36,49,15,7,2,0,1,0,8,2,3,0,53107,41102,13.8,12.0,733,686,32.2,30.1,12005,-12005,2334.3736263736264,1806.6813186813188,Jax,Udyr,Zac,Caitlyn,Bard,K'Sante,Skarner,Gwen,Ashe,Karma,Trinity Force,Tunneler,Long Sword,Caulfield's Warhammer,Ruby Crystal,Plated Steelcaps,Stealth Ward,Unending Despair,Mejai's Soulstealer,Liandry's Torment,Boots of Swiftness,Spirit Visage,Cloth Armor,Oracle Lens,Spirit Visage,Hextech Rocketbelt,Ionian Boots of Lucidity,Mejai's Soulstealer,Kindlegem,Chain Vest,Stealth Ward,Infinity Edge,Cloak of Agility,Yun Tal Wildarrows,Doran's Blade,Berserker's Greaves,Last Whisper,Farsight Alteration,Dead Man's Plate,Statikk Shiv,Bloodsong,Cloth Armor,Slightly Magical Footwear,Haunting Guise,Oracle Lens,Chain Vest,Doran's Shield,Mercury's Treads,Unending Despair,Null-Magic Mantle,Thornmail,Oracle Lens,Spectre's Cowl,Heartsteel,Mercury's Treads,Unending Despair,Kindlegem,No_Item,Oracle Lens,Shadowflame,No_Item,Nashor's Tooth,Sorcerer's Shoes,No_Item,No_Item,Farsight Alteration,Berserker's Greaves,Statikk Shiv,Runaan's Hurricane,Doran's Blade,Executioner's Calling,No_Item,Farsight Alteration,Dream Maker,Moonstone Renewer,No_Item,Ionian Boots of Lucidity,Kindlegem,Forbidden Idol,Oracle Lens,Grasp of the Undying,Sorcery,Conqueror,Inspiration,Conqueror,Resolve,Fleet Footwork,Sorcery,Guardian,Inspiration,Grasp of the Undying,Sorcery,Grasp of the Undying,Inspiration,Dark Harvest,Sorcery,Lethal Tempo,Inspiration,Summon Aery,Resolve,Teleport,Flash,Flash,Smite,Flash,Teleport,Flash,Teleport,Ignite,Flash,Flash,Teleport,Flash,Smite,Ghost,Teleport,Barrier,Flash,Flash,Heal,1,3,1,0,3,0
https://www.op.gg/summoners/euw/SIXTY5-EUW/matches/uRd1PvnOddo1ph6I1iOIdUVdDX1Z99vkgrHZKvfPSoE%3D/1734005754000,0,20,33,33,20,52,33,56,61,19,24,0,3,0,1,3,8,0,4,44146,54166,12.2,13.8,721,756,30.400000000000002,31.8,-10020,10020,1851.283870967742,2271.4774193548387,Camille,Zyra,Viktor,Ashe,Karma,Renekton,Skarner,Anivia,Caitlyn,Nautilus,Ravenous Hydra,Trinity Force,Doran's Shield,Slightly Magical Footwear,Ruby Crystal,No_Item,Stealth Ward,Amplifying Tome,Liandry's Torment,Sorcerer's Shoes,Stormsurge,Needlessly Large Rod,Amplifying Tome,Oracle Lens,Doran's Ring,Blackfire Torch,Ionian Boots of Lucidity,Liandry's Torment,Void Staff,No_Item,Farsight Alteration,B. F. Sword,Refillable Potion,Berserker's Greaves,Doran's Blade,Runaan's Hurricane,Statikk Shiv,Farsight Alteration,Synchronized Souls,Control Ward,Dream Maker,Echoes of Helia,Forbidden Idol,Kindlegem,Oracle Lens,Sterak's Gage,Doran's Shield,Stridebreaker,Mercury's Treads,Negatron Cloak,No_Item,Stealth Ward,Heartsteel,Sterak's Gage,Control Ward,No_Item,No_Item,Mercury's Treads,Oracle Lens,Doran's Ring,Haunting Guise,Seraph's Embrace,Sorcerer's Shoes,No_Item,Rod of Ages,Farsight Alteration,Berserker's Greaves,Quicksilver Sash,The Collector,Bloodthirster,Rapid Firecannon,Infinity Edge,Farsight Alteration,Celestial Opposition,Locket of the Iron Solari,Spectre's Cowl,Boots of Swiftness,Null-Magic Mantle,Control Ward,Oracle Lens,Grasp of the Undying,Inspiration,Arcane Comet,Precision,Arcane Comet,Precision,Lethal Tempo,Inspiration,Arcane Comet,Resolve,Conqueror,Resolve,Aftershock,Inspiration,Arcane Comet,Precision,Fleet Footwork,Sorcery,Aftershock,Inspiration,Ignite,Teleport,Flash,Smite,Flash,Teleport,Barrier,Flash,Flash,Heal,Flash,Teleport,Flash,Smite,Flash,Teleport,Flash,Teleport,Flash,Ignite,0,6,0,1,0,1
https://www.op.gg/summoners/euw/SIXTY5-EUW/matches/uRd1PvnOddp3q6ebPWGMTLwnWPXWJ4qw9u-LF7HeJGs%3D/1733959444000,1,24,27,27,24,50,55,83,78,27,24,2,3,0,2,8,4,2,5,65512,62579,15.8,16.0,1049,982,31.5,29.4,2933,-2933,1962.7076923076922,1874.8364372469634,K'Sante,Xin Zhao,Viktor,Varus,Lulu,Camille,Volibear,Hwei,Ashe,Braum,Kaenic Rookern,Thornmail,Boots of Swiftness,No_Item,Negatron Cloak,Iceborn Gauntlet,Oracle Lens,Black Cleaver,Randuin's Omen,Sterak's Gage,Mercury's Treads,Sundered Sky,Negatron Cloak,Oracle Lens,Sorcerer's Shoes,Blackfire Torch,Liandry's Torment,Rabadon's Deathcap,No_Item,No_Item,Farsight Alteration,"Jak'Sho, The Protean",Guinsoo's Rageblade,Blade of The Ruined King,Terminus,Berserker's Greaves,No_Item,Farsight Alteration,Dream Maker,No_Item,Shurelya's Battlesong,Mikael's Blessing,Ardent Censer,Ionian Boots of Lucidity,Oracle Lens,Ravenous Hydra,Trinity Force,No_Item,Plated Steelcaps,Sterak's Gage,No_Item,Oracle Lens,Dead Man's Plate,Sundered Sky,Sterak's Gage,Ionian Boots of Lucidity,Kindlegem,Spectre's Cowl,Oracle Lens,Blighting Jewel,Dark Seal,Rabadon's Deathcap,Horizon Focus,Luden's Companion,Sorcerer's Shoes,Farsight Alteration,Infinity Edge,Berserker's Greaves,Runaan's Hurricane,Statikk Shiv,Lord Dominik's Regards,Vampiric Scepter,Farsight Alteration,Kindlegem,Solstice Sleigh,Locket of the Iron Solari,Thornmail,Mercury's Treads,Control Ward,Oracle Lens,Grasp of the Undying,Inspiration,Conqueror,Inspiration,Summon Aery,Precision,Lethal Tempo,Resolve,Summon Aery,Resolve,Grasp of the Undying,Inspiration,Press the Attack,Sorcery,Arcane Comet,Inspiration,Lethal Tempo,Inspiration,Guardian,Inspiration,Teleport,Flash,Flash,Smite,Flash,Teleport,Flash,Cleanse,Flash,Heal,Flash,Teleport,Flash,Smite,Flash,Teleport,Barrier,Flash,Flash,Ignite,0,6,1,1,0,0
https://www.op.gg/summoners/euw/SIXTY5-EUW/matches/uRd1PvnOddrodWTlSYZyhh68jO3YtrGwMbI1nRMoZTo%3D/1733956050000,1,23,12,12,23,12,36,35,32,12,9,1,1,0,0,3,1,1,1,37662,29589,10.8,9.6,558,499,33.7,30.1,8073,-8073,2278.3185185185184,1789.9518518518519,K'Sante,Jarvan IV,Viktor,Jinx,Rell,Garen,Karthus,Yone,Caitlyn,Nautilus,Doran's Shield,Tear of the Goddess,Iceborn Gauntlet,Cloth Armor,Slightly Magical Footwear,Kaenic Rookern,Stealth Ward,Mosstomper Seedling,Eclipse,Slightly Magical Footwear,Sundered Sky,Tunneler,Ruby Crystal,Oracle Lens,Doran's Ring,Luden's Companion,Sorcerer's Shoes,Needlessly Large Rod,Amplifying Tome,Amplifying Tome,Farsight Alteration,Doran's Blade,Berserker's Greaves,The Collector,Rapid Firecannon,No_Item,No_Item,Stealth Ward,Ruby Crystal,Celestial Opposition,Locket of the Iron Solari,No_Item,No_Item,Mercury's Treads,Oracle Lens,Boots of Swiftness,No_Item,Stridebreaker,No_Item,No_Item,No_Item,Stealth Ward,Sorcerer's Shoes,Dark Seal,Gustwalker Hatchling,Blackfire Torch,Hextech Alternator,No_Item,Oracle Lens,Doran's Shield,Refillable Potion,Pickaxe,Blade of The Ruined King,Berserker's Greaves,Long Sword,Stealth Ward,Doran's Blade,Boots,The Collector,B. F. Sword,Pickaxe,Cloak of Agility,Stealth Ward,Locket of the Iron Solari,Bloodsong,No_Item,No_Item,No_Item,Plated Steelcaps,Oracle Lens,Grasp of the Undying,Inspiration,Conqueror,Inspiration,Summon Aery,Precision,Press the Attack,Sorcery,Aftershock,Inspiration,Phase Rush,Resolve,Dark Harvest,Precision,Fleet Footwork,Resolve,Lethal Tempo,Sorcery,Aftershock,Inspiration,Teleport,Flash,Smite,Flash,Flash,Teleport,Barrier,Flash,Flash,Ignite,Ignite,Flash,Flash,Smite,Flash,Teleport,Barrier,Flash,Flash,Ignite,0,5,0,0,1,0
https://www.op.gg/summoners/euw/SIXTY5-EUW/matches/uRd1PvnOddoZe9UscsPaQmQ4tS3vn7BFKqcFeCFX_7M%3D/1733953832000,0,29,41,41,29,60,52,91,91,29,39,0,4,0,2,5,10,0,6,67020,76244,15.8,17.0,1006,1108,28.9,31.7,-9224,9224,1914.857142857143,2178.4,Ambessa,Rek'Sai,Viktor,Kog'Maw,Nautilus,Urgot,Pantheon,Galio,Ashe,Thresh,Plated Steelcaps,Eclipse,Spear of Shojin,Black Cleaver,Spirit Visage,Long Sword,Oracle Lens,Stridebreaker,Black Cleaver,Bramble Vest,Chain Vest,Plated Steelcaps,Sterak's Gage,Oracle Lens,Liandry's Torment,Blackfire Torch,Lich Bane,Ionian Boots of Lucidity,Rabadon's Deathcap,Blighting Jewel,Oracle Lens,Sorcerer's Shoes,Needlessly Large Rod,Needlessly Large Rod,Luden's Companion,Seraph's Embrace,Nashor's Tooth,Farsight Alteration,Locket of the Iron Solari,Abyssal Mask,Celestial Opposition,Mercury's Treads,No_Item,No_Item,Oracle Lens,Overlord's Bloodmail,Tiamat,Sterak's Gage,Black Cleaver,Boots of Swiftness,Hullbreaker,Oracle Lens,Boots of Swiftness,Sundered Sky,Black Cleaver,Sterak's Gage,Serrated Dirk,Pickaxe,Oracle Lens,Hollow Radiance,Zhonya's Hourglass,Mejai's Soulstealer,Mercury's Treads,Rabadon's Deathcap,Riftmaker,Oracle Lens,Bloodthirster,Lord Dominik's Regards,Runaan's Hurricane,Berserker's Greaves,B. F. Sword,Statikk Shiv,Farsight Alteration,Locket of the Iron Solari,Solstice Sleigh,No_Item,Trailblazer,Kindlegem,Boots of Swiftness,Oracle Lens,Grasp of the Undying,Domination,Conqueror,Inspiration,First Strike,Precision,Arcane Comet,Precision,Aftershock,Inspiration,Press the Attack,Resolve,Press the Attack,Inspiration,Aftershock,Sorcery,Lethal Tempo,Inspiration,Aftershock,Inspiration,Teleport,Flash,Flash,Smite,Flash,Teleport,Flash,Teleport,Flash,Ignite,Flash,Teleport,Smite,Flash,Flash,Teleport,Barrier,Flash,Flash,Ignite,1,2,0,0,4,1
https://www.op.gg/summoners/euw/SIXTY5-EUW/matches/uRd1PvnOddrR3ok93nZkqxL5RDvQnyg147yDA3tuiaY%3D/1733951264000,1,28,19,19,28,28,40,59,68,21,26,1,2,1,0,9,1,2,2,53985,44073,14.0,12.4,785,738,33.1,31.2,9912,-9912,2281.5089285714284,1862.6089285714286,Yone,Skarner,Viktor,Ezreal,Zac,Heimerdinger,Wukong,Kassadin,Ashe,Rakan,Infinity Edge,No_Item,Immortal Shieldbow,Doran's Shield,Berserker's Greaves,Blade of The Ruined King,Oracle Lens,Dead Man's Plate,Heartsteel,Sterak's Gage,Slightly Magical Footwear,Null-Magic Mantle,No_Item,Oracle Lens,Sorcerer's Shoes,Refillable Potion,Needlessly Large Rod,Luden's Companion,Doran's Ring,Lich Bane,Farsight Alteration,Doran's Blade,Caulfield's Warhammer,Ionian Boots of Lucidity,Trinity Force,Tear of the Goddess,No_Item,Stealth Ward,Celestial Opposition,Knight's Vow,Ionian Boots of Lucidity,Zeke's Convergence,Ruby Crystal,No_Item,Oracle Lens,Malignance,No_Item,Rylai's Crystal Scepter,Sorcerer's Shoes,No_Item,Doran's Ring,Stealth Ward,Black Cleaver,Hexdrinker,Boots of Swiftness,Trinity Force,Long Sword,Long Sword,Oracle Lens,Doran's Shield,Malignance,Seraph's Embrace,Ionian Boots of Lucidity,Dark Seal,Needlessly Large Rod,Oracle Lens,Doran's Blade,Berserker's Greaves,Statikk Shiv,Runaan's Hurricane,Executioner's Calling,No_Item,Farsight Alteration,Solstice Sleigh,Kindlegem,Zeke's Convergence,Control Ward,No_Item,Mercury's Treads,Oracle Lens,Fleet Footwork,Resolve,Aftershock,Inspiration,First Strike,Sorcery,Press the Attack,Inspiration,Aftershock,Precision,Electrocute,Sorcery,Conqueror,Inspiration,Fleet Footwork,Resolve,Lethal Tempo,Inspiration,Guardian,Domination,Flash,Teleport,Smite,Flash,Flash,Teleport,Flash,Cleanse,Flash,Ignite,Teleport,Flash,Flash,Smite,Teleport,Flash,Barrier,Flash,Flash,Heal,1,6,2,0,0,0
https://www.op.gg/summoners/euw/SIXTY5-EUW/matches/uRd1PvnOddo0rc0-RyUMtDR-eq7NmpZa4JbyGe8_jbg%3D/1733945035000,1,38,15,15,38,15,49,52,79,26,16,3,0,1,0,11,4,4,0,62174,45856,15.0,13.0,894,701,34.0,26.6,16318,-16318,2370.8373540856032,1748.594552529183,Renekton,Kindred,Akali,Ashe,Lulu,Jax,Rengar,Sylas,Ezreal,Rakan,Warden's Mail,Sterak's Gage,Plated Steelcaps,Black Cleaver,Sundered Sky,No_Item,Stealth Ward,Infinity Edge,The Collector,Lord Dominik's Regards,Boots,No_Item,No_Item,Oracle Lens,Rabadon's Deathcap,Shadowflame,Needlessly Large Rod,Stormsurge,Boots,Dark Seal,Oracle Lens,Statikk Shiv,Berserker's Greaves,Runaan's Hurricane,Doran's Blade,Vampiric Scepter,B. F. Sword,Farsight Alteration,Redemption,Locket of the Iron Solari,Dream Maker,Ionian Boots of Lucidity,Moonstone Renewer,No_Item,Oracle Lens,Trinity Force,Steel Sigil,Long Sword,Plated Steelcaps,Sundered Sky,Long Sword,Stealth Ward,Serpent's Fang,Voltaic Cyclosword,Ionian Boots of Lucidity,Lord Dominik's Regards,Pickaxe,No_Item,Stealth Ward,Needlessly Large Rod,Hextech Rocketbelt,Doran's Ring,Dark Seal,Boots,Lich Bane,Oracle Lens,Trinity Force,Muramana,Ionian Boots of Lucidity,Doran's Blade,Fiendish Codex,Fiendish Codex,Farsight Alteration,Dark Seal,Ionian Boots of Lucidity,Dream Maker,Trailblazer,Control Ward,Kindlegem,Oracle Lens,Conqueror,Resolve,Press the Attack,Domination,Electrocute,Resolve,Lethal Tempo,Inspiration,Summon Aery,Resolve,Grasp of the Undying,Sorcery,Conqueror,Domination,Electrocute,Resolve,Conqueror,Inspiration,Guardian,Domination,Flash,Teleport,Smite,Flash,Ignite,Flash,Barrier,Flash,Flash,Heal,Flash,Teleport,Smite,Flash,Flash,Teleport,Flash,Cleanse,Ignite,Flash,0,1,3,0,2,0
https://www.op.gg/summoners/euw/SIXTY5-EUW/matches/uRd1PvnOddp_oRHNClAk8ZXgxsdafPqhl12xB1-z2Kk%3D/1733942770000,0,17,34,34,17,66,22,60,66,14,18,2,1,0,1,2,8,2,2,45702,55816,12.2,14.4,720,766,27.7,29.4,-10114,10114,1766.396319018405,2157.3055214723927,Gragas,Viego,Yasuo,Caitlyn,Lux,Shen,Graves,Taliyah,Ashe,Seraphine,Lich Bane,No_Item,Cosmic Drive,Boots of Swiftness,Tear of the Goddess,No_Item,Farsight Alteration,Titanic Hydra,Kraken Slayer,Serrated Dirk,Slightly Magical Footwear,No_Item,No_Item,Oracle Lens,Doran's Shield,Stridebreaker,Berserker's Greaves,Blade of The Ruined King,Immortal Shieldbow,Pickaxe,Farsight Alteration,The Collector,Lord Dominik's Regards,Doran's Blade,Cloak of Agility,Berserker's Greaves,No_Item,Farsight Alteration,Zaz'Zak's Realmspike,Luden's Companion,Hextech Alternator,Control Ward,Dark Seal,Sorcerer's Shoes,Oracle Lens,Doran's Shield,Chain Vest,Randuin's Omen,Plated Steelcaps,Hollow Radiance,Bramble Vest,Farsight Alteration,Youmuu's Ghostblade,No_Item,Mercury's Treads,The Collector,Warden's Mail,Immortal Shieldbow,Oracle Lens,Sorcerer's Shoes,Zhonya's Hourglass,Mejai's Soulstealer,Haunting Guise,Luden's Companion,Doran's Ring,Farsight Alteration,Doran's Blade,Bloodthirster,Berserker's Greaves,Statikk Shiv,Runaan's Hurricane,No_Item,Farsight Alteration,Dream Maker,Forbidden Idol,Echoes of Helia,Moonstone Renewer,Kindlegem,Ionian Boots of Lucidity,Oracle Lens,Phase Rush,Precision,Conqueror,Inspiration,Lethal Tempo,Resolve,Lethal Tempo,Sorcery,Arcane Comet,Domination,Grasp of the Undying,Inspiration,Fleet Footwork,Inspiration,Phase Rush,Precision,Lethal Tempo,Inspiration,Summon Aery,Resolve,Flash,Teleport,Flash,Smite,Teleport,Flash,Flash,Cleanse,Flash,Heal,Teleport,Flash,Flash,Smite,Teleport,Flash,Barrier,Flash,Flash,Heal,0,3,0,1,3,1
https://www.op.gg/summoners/euw/SIXTY5-EUW/matches/uRd1PvnOddqahExSfA6eoUlVfreWqHdQvBI7Eyjlu6g%3D/1733940678000,1,36,17,17,36,22,56,54,49,20,7,2,0,0,0,7,1,2,0,47763,37277,12.0,10.6,603,546,27.6,25.0,10486,-10486,2201.251304347826,1717.9834782608696,Garen,Viego,Sylas,Jinx,Nautilus,Ahri,Lee Sin,Darius,Corki,Karma,Doran's Shield,Stridebreaker,Long Sword,Boots of Swiftness,Executioner's Calling,Long Sword,Stealth Ward,Ruby Crystal,Titanic Hydra,Tunneler,Plated Steelcaps,Pickaxe,Kraken Slayer,Oracle Lens,Hextech Rocketbelt,Cosmic Drive,Mejai's Soulstealer,No_Item,Mercury's Treads,Amplifying Tome,Oracle Lens,Doran's Blade,Lord Dominik's Regards,The Collector,Berserker's Greaves,Rapid Firecannon,No_Item,Farsight Alteration,Bloodsong,Plated Steelcaps,Kindlegem,Knight's Vow,Control Ward,No_Item,Oracle Lens,Stormsurge,Refillable Potion,No_Item,Sorcerer's Shoes,Malignance,No_Item,Farsight Alteration,Gustwalker Hatchling,Eclipse,Plated Steelcaps,Control Ward,Tunneler,Ruby Crystal,Stealth Ward,Trinity Force,Sterak's Gage,Plated Steelcaps,Doran's Blade,Steel Sigil,Caulfield's Warhammer,Stealth Ward,Doran's Blade,Tear of the Goddess,Refillable Potion,Boots,Trinity Force,Long Sword,Stealth Ward,Redemption,Celestial Opposition,Ionian Boots of Lucidity,Oblivion Orb,No_Item,No_Item,Oracle Lens,Phase Rush,Resolve,Conqueror,Inspiration,Conqueror,Resolve,Press the Attack,Sorcery,Aftershock,Inspiration,Grasp of the Undying,Sorcery,Conqueror,Inspiration,Conqueror,Inspiration,Conqueror,Inspiration,Arcane Comet,Resolve,Ignite,Flash,Smite,Flash,Flash,Teleport,Barrier,Flash,Flash,Ignite,Ignite,Flash,Flash,Smite,Flash,Ghost,Flash,Barrier,Flash,Heal,1,3,1,0,3,0
https://www.op.gg/summoners/euw/SIXTY5-EUW/matches/uRd1PvnOddpmsT5LI9YQWYxUHm727dl5MWWKGQeNiqQ%3D/1733938604000,0,6,31,31,7,59,7,73,99,36,37,0,4,0,1,0,11,0,5,41182,61613,13.0,14.8,799,959,29.1,35.0,-20431,20431,1497.5272727272727,2240.4727272727273,Zilean,Graves,Akali,Ashe,Seraphine,Riven,Wukong,Orianna,Varus,Rakan,Doran's Ring,Seraph's Embrace,Ionian Boots of Lucidity,Warden's Mail,Glacial Buckler,No_Item,Stealth Ward,Last Whisper,Boots,Youmuu's Ghostblade,Long Sword,No_Item,The Collector,Oracle Lens,Doran's Ring,Needlessly Large Rod,Dark Seal,Boots,Stormsurge,Shadowflame,Oracle Lens,Doran's Blade,Runaan's Hurricane,Berserker's Greaves,Statikk Shiv,Executioner's Calling,Last Whisper,Farsight Alteration,Dream Maker,Mikael's Blessing,Amplifying Tome,Ionian Boots of Lucidity,Control Ward,Faerie Charm,Oracle Lens,Profane Hydra,Pickaxe,Serylda's Grudge,Long Sword,Sundered Sky,Ionian Boots of Lucidity,Oracle Lens,Sundered Sky,Abyssal Mask,Warden's Mail,Boots of Swiftness,Trinity Force,Ruby Crystal,Stealth Ward,Doran's Ring,Seraph's Embrace,Sorcerer's Shoes,Shadowflame,Needlessly Large Rod,Needlessly Large Rod,Farsight Alteration,Edge of Night,Muramana,Youmuu's Ghostblade,Boots of Swiftness,Last Whisper,Caulfield's Warhammer,Farsight Alteration,Mercury's Treads,Locket of the Iron Solari,Control Ward,Celestial Opposition,Kindlegem,Zeke's Convergence,Oracle Lens,Summon Aery,Resolve,Dark Harvest,Precision,Electrocute,Resolve,Lethal Tempo,Inspiration,Summon Aery,Inspiration,Conqueror,Sorcery,Conqueror,Inspiration,Summon Aery,Precision,Arcane Comet,Precision,Guardian,Domination,Teleport,Flash,Smite,Flash,Ignite,Flash,Barrier,Flash,Flash,Heal,Flash,Teleport,Flash,Smite,Teleport,Flash,Barrier,Flash,Flash,Heal,0,5,0,1,1,2
https://www.op.gg/summoners/euw/SIXTY5-EUW/matches/uRd1PvnOddrOyySvS00MBGBNR9kKzacx2qtZrp8vSyc%3D/1733933368000,1,28,16,16,28,23,47,51,46,15,22,2,1,1,0,9,1,3,1,52132,38930,13.4,11.4,767,653,33.8,28.7,13202,-13202,2304.783157894737,1721.1157894736843,Jayce,Udyr,Viktor,Ashe,Alistar,Zilean,Jarvan IV,Aurora,Corki,Neeko,Boots of Swiftness,Serylda's Grudge,Youmuu's Ghostblade,Muramana,Null-Magic Mantle,Doran's Blade,Farsight Alteration,Unending Despair,Dark Seal,Liandry's Torment,Spirit Visage,Boots of Swiftness,No_Item,Oracle Lens,Needlessly Large Rod,Shadowflame,Sorcerer's Shoes,Stormsurge,Needlessly Large Rod,Doran's Ring,Stealth Ward,B. F. Sword,Statikk Shiv,Runaan's Hurricane,Berserker's Greaves,Vampiric Scepter,No_Item,Farsight Alteration,Locket of the Iron Solari,Solstice Sleigh,Control Ward,Plated Steelcaps,Giant's Belt,Winged Moonplate,Oracle Lens,Doran's Ring,Seraph's Embrace,Ionian Boots of Lucidity,Frozen Heart,No_Item,Control Ward,Stealth Ward,Ionian Boots of Lucidity,Null-Magic Mantle,Ruby Crystal,Sundered Sky,No_Item,Eclipse,Oracle Lens,Luden's Companion,Refillable Potion,Dark Seal,Hextech Alternator,Sorcerer's Shoes,Doran's Ring,Oracle Lens,Doran's Blade,Muramana,Zeal,Trinity Force,Boots of Swiftness,Control Ward,Farsight Alteration,Zaz'Zak's Realmspike,Hextech Rocketbelt,Shattered Armguard,No_Item,No_Item,Ionian Boots of Lucidity,Oracle Lens,Phase Rush,Inspiration,Conqueror,Inspiration,Summon Aery,Resolve,Lethal Tempo,Inspiration,Phase Rush,Inspiration,Summon Aery,Resolve,Conqueror,Inspiration,Electrocute,Sorcery,Conqueror,Inspiration,Arcane Comet,Inspiration,Teleport,Flash,Flash,Smite,Flash,Teleport,Barrier,Flash,Ignite,Flash,Teleport,Flash,Smite,Flash,Teleport,Flash,Flash,Barrier,Flash,Heal,0,6,1,0,0,0
https://www.op.gg/summoners/euw/SIXTY5-EUW/matches/uRd1PvnOddoiUnm2_3DmuO8RdPkU4O_08W8eawWa32k%3D/1733876303000,0,35,41,41,35,59,60,93,90,32,31,2,4,0,2,7,10,2,6,73059,78587,17.0,17.8,1060,1064,27.0,27.1,-5528,5528,1853.2039024390244,1993.4263414634147,K'Sante,Wukong,Aurora,Ezreal,Nami,Kennen,Viego,Qiyana,Ashe,Bard,"Jak'Sho, The Protean",Tunneler,Plated Steelcaps,Fimbulwinter,Thornmail,Kaenic Rookern,Stealth Ward,Trinity Force,Sundered Sky,No_Item,Plated Steelcaps,Death's Dance,Black Cleaver,Oracle Lens,Rabadon's Deathcap,Sorcerer's Shoes,Shadowflame,Stormsurge,No_Item,Malignance,Oracle Lens,Bloodthirster,Muramana,Trinity Force,Ionian Boots of Lucidity,Spear of Shojin,Serylda's Grudge,Farsight Alteration,Dream Maker,Control Ward,Echoes of Helia,Boots of Swiftness,Moonstone Renewer,Forbidden Idol,Oracle Lens,Hextech Rocketbelt,Void Staff,Sorcerer's Shoes,Shadowflame,Oblivion Orb,Blasting Wand,Oracle Lens,Titanic Hydra,No_Item,Sundered Sky,Kraken Slayer,Death's Dance,Plated Steelcaps,Oracle Lens,Ionian Boots of Lucidity,Profane Hydra,Youmuu's Ghostblade,Edge of Night,Opportunity,Serylda's Grudge,Oracle Lens,No_Item,Statikk Shiv,Lord Dominik's Regards,Infinity Edge,Berserker's Greaves,Runaan's Hurricane,Farsight Alteration,Dead Man's Plate,Locket of the Iron Solari,Bloodsong,Statikk Shiv,Mercury's Treads,Oblivion Orb,Oracle Lens,Grasp of the Undying,Inspiration,Conqueror,Inspiration,Electrocute,Sorcery,Press the Attack,Inspiration,Summon Aery,Resolve,Electrocute,Precision,Conqueror,Inspiration,Electrocute,Precision,Lethal Tempo,Inspiration,Guardian,Inspiration,Teleport,Flash,Smite,Flash,Teleport,Flash,Barrier,Flash,Flash,Heal,Flash,Teleport,Flash,Smite,Flash,Ignite,Barrier,Flash,Flash,Ignite,0,1,2,1,5,2
https://www.op.gg/summoners/euw/SIXTY5-EUW/matches/uRd1PvnOddoxMSlPSrs7lCFJBLZdXtrErAJBS5Sh0I0%3D/1733873078000,1,26,13,13,26,19,26,39,40,9,8,1,1,0,0,6,0,1,1,44374,30869,11.6,10.2,676,500,35.8,26.6,13505,-13505,2353.1666666666665,1636.9924242424242,Yone,Skarner,Xerath,Corki,Leona,Zyra,Xin Zhao,Aurora,Smolder,Alistar,Doran's Shield,Negatron Cloak,Blade of The Ruined King,Immortal Shieldbow,Berserker's Greaves,No_Item,Stealth Ward,Unending Despair,Heartsteel,No_Item,No_Item,Slightly Magical Footwear,No_Item,Oracle Lens,Shadowflame,Dark Seal,Luden's Companion,Sorcerer's Shoes,No_Item,No_Item,Farsight Alteration,Boots of Swiftness,Trinity Force,Muramana,Doran's Blade,Vampiric Scepter,No_Item,Farsight Alteration,Locket of the Iron Solari,Bloodsong,No_Item,Ionian Boots of Lucidity,Bramble Vest,Abyssal Mask,Oracle Lens,Doran's Ring,Liandry's Torment,Sorcerer's Shoes,Blackfire Torch,No_Item,No_Item,Farsight Alteration,Gustwalker Hatchling,Sundered Sky,No_Item,Kindlegem,Slightly Magical Footwear,Phage,Oracle Lens,Doran's Ring,Blighting Jewel,Malignance,Sorcerer's Shoes,No_Item,No_Item,Stealth Ward,Doran's Blade,Boots,Pickaxe,Ruby Crystal,Essence Reaver,Tunneler,Stealth Ward,Mercury's Treads,Bloodsong,Zeke's Convergence,Control Ward,No_Item,No_Item,Oracle Lens,Lethal Tempo,Resolve,Grasp of the Undying,Inspiration,Arcane Comet,Precision,Lethal Tempo,Inspiration,Aftershock,Inspiration,Arcane Comet,Precision,Conqueror,Inspiration,Electrocute,Sorcery,Fleet Footwork,Inspiration,Aftershock,Inspiration,Teleport,Flash,Flash,Smite,Teleport,Flash,Barrier,Flash,Ignite,Flash,Flash,Teleport,Flash,Smite,Flash,Teleport,Flash,Teleport,Ignite,Flash,1,6,0,0,0,0
https://www.op.gg/summoners/euw/SIXTY5-EUW/matches/uRd1PvnOddoLkS6z7qhB5iGRmxXM2Y5-N_bNlF0E8No%3D/1733871146000,0,30,32,32,30,42,58,76,54,13,24,1,2,0,0,4,7,1,2,54160,57485,13.8,14.0,768,788,28.3,29.0,-3325,3325,1983.767441860465,2105.5552325581393,Jax,Wukong,Yone,Ashe,Seraphine,Riven,Rengar,Sylas,Varus,Alistar,No_Item,Zhonya's Hourglass,Sundered Sky,Trinity Force,No_Item,Plated Steelcaps,Stealth Ward,Maw of Malmortius,Trinity Force,Boots of Swiftness,Sundered Sky,No_Item,No_Item,Oracle Lens,No_Item,Blade of The Ruined King,Berserker's Greaves,Immortal Shieldbow,Ruby Crystal,No_Item,Oracle Lens,Last Whisper,Runaan's Hurricane,Immortal Shieldbow,Statikk Shiv,Berserker's Greaves,Doran's Blade,Farsight Alteration,Redemption,Celestial Opposition,No_Item,Rylai's Crystal Scepter,Ionian Boots of Lucidity,Oblivion Orb,Oracle Lens,Eclipse,Sundered Sky,Steel Sigil,Caulfield's Warhammer,Ionian Boots of Lucidity,Doran's Blade,Oracle Lens,Pickaxe,Voltaic Cyclosword,Serpent's Fang,Plated Steelcaps,No_Item,Lord Dominik's Regards,Stealth Ward,No_Item,Sorcerer's Shoes,Hextech Rocketbelt,Zhonya's Hourglass,Shadowflame,Rabadon's Deathcap,Farsight Alteration,Youmuu's Ghostblade,Long Sword,Doran's Blade,Serrated Dirk,Boots of Swiftness,Muramana,Farsight Alteration,Dream Maker,Knight's Vow,Ruby Crystal,Locket of the Iron Solari,Plated Steelcaps,Bramble Vest,Oracle Lens,Grasp of the Undying,Sorcery,Conqueror,Inspiration,Lethal Tempo,Resolve,Lethal Tempo,Inspiration,Summon Aery,Resolve,Conqueror,Inspiration,Conqueror,Domination,Electrocute,Precision,Hail of Blades,Inspiration,Glacial Augment,Resolve,Teleport,Flash,Flash,Smite,Flash,Teleport,Barrier,Flash,Flash,Heal,Flash,Ignite,Smite,Flash,Flash,Teleport,Flash,Barrier,Flash,Heal,0,2,0,1,4,1
https://www.op.gg/summoners/euw/SIXTY5-EUW/matches/uRd1PvnOddp5To1M9mQLcL5AjTK0U7HdX98V2MtumFk%3D/1733868822000,1,18,7,7,18,9,25,40,31,5,8,1,0,0,0,4,0,1,0,33912,24624,10.0,9.0,499,441,32.7,28.9,9288,-9288,2211.6521739130435,1605.9130434782608,Renekton,Udyr,Jayce,Corki,Rakan,K'Sante,Viego,Akali,Sivir,Nami,Phage,Black Cleaver,Control Ward,Boots,Doran's Blade,Long Sword,Farsight Alteration,Control Ward,Dark Seal,Liandry's Torment,No_Item,Boots of Swiftness,Chain Vest,Eye of the Herald,Manamune,Youmuu's Ghostblade,Boots,Serrated Dirk,Doran's Blade,Long Sword,Oracle Lens,Doran's Blade,Boots of Swiftness,Manamune,Trinity Force,No_Item,No_Item,Farsight Alteration,Solstice Sleigh,Ionian Boots of Lucidity,Zeke's Convergence,Ruby Crystal,Dark Seal,No_Item,Oracle Lens,Cloth Armor,Cloth Armor,Thornmail,Plated Steelcaps,Doran's Shield,No_Item,Farsight Alteration,Gustwalker Hatchling,Tiamat,Tunneler,Slightly Magical Footwear,Kraken Slayer,No_Item,Oracle Lens,Stormsurge,Doran's Ring,Dark Seal,No_Item,No_Item,No_Item,Stealth Ward,Essence Reaver,No_Item,Cull,Doran's Blade,No_Item,Boots,Stealth Ward,Ionian Boots of Lucidity,Dream Maker,Imperial Mandate,No_Item,Faerie Charm,No_Item,Oracle Lens,Conqueror,Resolve,Conqueror,Inspiration,Conqueror,Domination,Conqueror,Inspiration,Glacial Augment,Domination,Grasp of the Undying,Inspiration,Conqueror,Inspiration,Electrocute,Sorcery,Lethal Tempo,Inspiration,Summon Aery,Resolve,Flash,Teleport,Smite,Flash,Flash,Teleport,Barrier,Flash,Exhaust,Ignite,Flash,Teleport,Smite,Flash,Flash,Teleport,Flash,Barrier,Heal,Flash,1,6,0,0,0,0
https://www.op.gg/summoners/euw/SIXTY5-EUW/matches/uRd1PvnOddp0Z5PqSW2kMd-03-nRJwa6RfCfz2GLGbM%3D/1733856667000,0,26,29,29,26,44,41,60,70,32,17,1,2,0,1,3,10,1,3,47243,57870,13.0,14.2,701,844,26.9,32.5,-10627,10627,1825.816425120773,2236.521739130435,Zilean,Vi,Aurora,Ezreal,Karma,Jayce,Dr. Mundo,Lux,Corki,Nautilus,Aether Wisp,Seraph's Embrace,Frozen Heart,Ionian Boots of Lucidity,Fiendish Codex,Kindlegem,Stealth Ward,Sundered Sky,Trinity Force,No_Item,Long Sword,Slightly Magical Footwear,Ruby Crystal,Oracle Lens,Shadowflame,Sorcerer's Shoes,Luden's Companion,Dark Seal,Cryptbloom,Oblivion Orb,Stealth Ward,Doran's Blade,Caulfield's Warhammer,No_Item,Trinity Force,Muramana,Ionian Boots of Lucidity,Farsight Alteration,Zaz'Zak's Realmspike,Malignance,Imperial Mandate,Bandleglass Mirror,Amplifying Tome,Ionian Boots of Lucidity,Oracle Lens,Tunneler,Youmuu's Ghostblade,Serylda's Grudge,Muramana,Ionian Boots of Lucidity,Serrated Dirk,Farsight Alteration,Negatron Cloak,Heartsteel,Unending Despair,Spirit Visage,Boots of Swiftness,Ruby Crystal,Oracle Lens,Boots of Swiftness,Luden's Companion,No_Item,Horizon Focus,Rabadon's Deathcap,No_Item,Farsight Alteration,Boots of Swiftness,Muramana,Trinity Force,Rapid Firecannon,B. F. Sword,Vampiric Scepter,Farsight Alteration,Celestial Opposition,No_Item,Kindlegem,Boots of Swiftness,Null-Magic Mantle,Zeke's Convergence,Oracle Lens,Summon Aery,Resolve,Conqueror,Inspiration,Electrocute,Sorcery,Press the Attack,Inspiration,Arcane Comet,Inspiration,Phase Rush,Inspiration,Fleet Footwork,Inspiration,Arcane Comet,Domination,Conqueror,Inspiration,Aftershock,Inspiration,Teleport,Flash,Smite,Flash,Flash,Teleport,Flash,Barrier,Flash,Heal,Teleport,Flash,Flash,Smite,Flash,Teleport,Barrier,Flash,Flash,Ignite,1,0,0,0,6,1
https://www.op.gg/summoners/euw/SIXTY5-EUW/matches/uRd1PvnOddrCuJCk6TJSCdWKt01hBlbslL8FKoTPByo%3D/1733854390000,1,35,16,16,35,16,51,63,51,14,13,0,3,1,0,8,2,1,3,56839,46753,14.8,13.0,799,799,30.5,30.5,10086,-10086,2159.246927374302,1776.0916201117318,Zilean,Rengar,Syndra,Caitlyn,Lux,Yone,Viego,Corki,Sylas,Lulu,Frozen Heart,Seraph's Embrace,Ionian Boots of Lucidity,Fiendish Codex,Kindlegem,Oblivion Orb,Stealth Ward,Pickaxe,Profane Hydra,Ionian Boots of Lucidity,Lord Dominik's Regards,Voltaic Cyclosword,Long Sword,Stealth Ward,Ionian Boots of Lucidity,Cosmic Drive,No_Item,Dark Seal,Needlessly Large Rod,Blackfire Torch,Farsight Alteration,Lord Dominik's Regards,Berserker's Greaves,The Collector,Infinity Edge,No_Item,No_Item,Farsight Alteration,Zaz'Zak's Realmspike,Luden's Companion,Horizon Focus,Needlessly Large Rod,Ionian Boots of Lucidity,Control Ward,Oracle Lens,Doran's Blade,Blade of The Ruined King,Stridebreaker,Berserker's Greaves,No_Item,No_Item,Farsight Alteration,Kraken Slayer,Sundered Sky,Titanic Hydra,Slightly Magical Footwear,No_Item,No_Item,Oracle Lens,Doran's Blade,Trinity Force,Muramana,Long Sword,Long Sword,Boots of Swiftness,Farsight Alteration,Ionian Boots of Lucidity,Zhonya's Hourglass,Hextech Rocketbelt,Dark Seal,Cosmic Drive,No_Item,Oracle Lens,Redemption,Dream Maker,No_Item,Ionian Boots of Lucidity,No_Item,Moonstone Renewer,Oracle Lens,Summon Aery,Resolve,Conqueror,Domination,Summon Aery,Resolve,Conqueror,Inspiration,Arcane Comet,Domination,Lethal Tempo,Resolve,Conqueror,Inspiration,Conqueror,Inspiration,Conqueror,Resolve,Summon Aery,Resolve,Teleport,Flash,Smite,Flash,Teleport,Flash,Flash,Barrier,Flash,Heal,Flash,Teleport,Smite,Flash,Barrier,Flash,Teleport,Flash,Flash,Heal,1,0,1,0,6,0
https://www.op.gg/summoners/euw/SIXTY5-EUW/matches/uRd1PvnOddpzM92YuNBeri8C_rcUjzIBJZjkNrW7rzo%3D/1733852151000,0,17,24,24,17,41,35,73,93,31,18,1,2,1,0,6,9,2,2,57256,61730,14.6,15.2,987,1010,33.3,34.1,-4474,4474,1933.6456140350876,2084.7412280701756,Riven,Viego,Azir,Corki,Nami,Jax,Lillia,Yone,Ashe,Bard,Sundered Sky,Death's Dance,Eclipse,No_Item,Ionian Boots of Lucidity,No_Item,Oracle Lens,Control Ward,Trinity Force,Long Sword,Mercury's Treads,Sundered Sky,Pickaxe,Oracle Lens,Zhonya's Hourglass,Shadowflame,Sorcerer's Shoes,Rabadon's Deathcap,Nashor's Tooth,Doran's Ring,Farsight Alteration,No_Item,Bloodthirster,Trinity Force,Doran's Blade,Boots of Swiftness,Muramana,Farsight Alteration,Imperial Mandate,Shurelya's Battlesong,Boots of Swiftness,Dream Maker,Control Ward,Kindlegem,Oracle Lens,Zhonya's Hourglass,Sundered Sky,No_Item,Trinity Force,Tunneler,Plated Steelcaps,Stealth Ward,Zhonya's Hourglass,Kindlegem,Aether Wisp,Ionian Boots of Lucidity,Rylai's Crystal Scepter,Liandry's Torment,Oracle Lens,Immortal Shieldbow,Stridebreaker,Negatron Cloak,Berserker's Greaves,Blade of The Ruined King,Cloth Armor,Oracle Lens,Doran's Blade,Infinity Edge,Vampiric Scepter,Berserker's Greaves,Kraken Slayer,Phantom Dancer,Farsight Alteration,Locket of the Iron Solari,Redemption,Celestial Opposition,Plated Steelcaps,No_Item,No_Item,Oracle Lens,Conqueror,Sorcery,Conqueror,Inspiration,Conqueror,Sorcery,Conqueror,Inspiration,Summon Aery,Resolve,Grasp of the Undying,Sorcery,Conqueror,Inspiration,Fleet Footwork,Resolve,Lethal Tempo,Inspiration,Guardian,Inspiration,Flash,Ignite,Smite,Flash,Flash,Teleport,Cleanse,Flash,Heal,Flash,Flash,Teleport,Flash,Smite,Teleport,Flash,Flash,Barrier,Flash,Ignite,0,0,1,1,6,2
https://www.op.gg/summoners/euw/SIXTY5-EUW/matches/uRd1PvnOddrLZ73YI0FEMR6GkCqSwgCoh1I0lXoBhaU%3D/1733848829000,1,19,4,4,20,3,29,40,31,10,10,1,0,0,0,3,0,1,0,34770,25477,10.8,9.4,532,481,32.9,29.8,9293,-9293,2164.9245283018868,1586.3037735849055,Aurora,Vi,Yasuo,Swain,Rakan,Sion,Wukong,Lux,Miss Fortune,Sona,Doran's Ring,Dark Seal,Sorcerer's Shoes,Malignance,Amplifying Tome,No_Item,Stealth Ward,No_Item,Caulfield's Warhammer,Boots,Tunneler,Ruby Crystal,Eclipse,Oracle Lens,Doran's Blade,Berserker's Greaves,No_Item,Blade of The Ruined King,Phage,Long Sword,Stealth Ward,Doran's Ring,Blackfire Torch,Sorcerer's Shoes,Fiendish Codex,Aether Wisp,Ruby Crystal,Farsight Alteration,Ionian Boots of Lucidity,Celestial Opposition,Redemption,Kindlegem,No_Item,No_Item,Oracle Lens,Hollow Radiance,Cloth Armor,No_Item,Doran's Shield,Boots,No_Item,Stealth Ward,Gustwalker Hatchling,Trinity Force,No_Item,Tunneler,Ruby Crystal,Slightly Magical Footwear,Oracle Lens,Luden's Companion,Refillable Potion,Amplifying Tome,Slightly Magical Footwear,Doran's Ring,Amplifying Tome,Farsight Alteration,Bloodthirster,Doran's Blade,Boots,Long Sword,No_Item,No_Item,Stealth Ward,Bloodsong,Seraph's Embrace,Faerie Charm,Amplifying Tome,Slightly Magical Footwear,No_Item,Oracle Lens,Conqueror,Sorcery,Hail of Blades,Precision,Lethal Tempo,Resolve,Conqueror,Resolve,Guardian,Domination,Arcane Comet,Resolve,Conqueror,Inspiration,First Strike,Domination,Press the Attack,Sorcery,Summon Aery,Inspiration,Flash,Teleport,Smite,Flash,Flash,Teleport,Flash,Exhaust,Flash,Ignite,Flash,Teleport,Smite,Flash,Teleport,Flash,Flash,Barrier,Flash,Heal,1,6,0,0,0,0
https://www.op.gg/summoners/euw/SIXTY5-EUW/matches/uRd1PvnOddrlXYYHaxLPqhWG-sfLcuMpuRCVlRNMLT0%3D/1733846240000,0,35,42,43,35,56,54,93,72,40,36,1,3,0,1,4,11,1,4,64165,71997,15.2,16.6,972,943,30.8,29.9,-7832,7832,2030.5379746835442,2278.386075949367,Gnar,Zyra,Hwei,Ashe,Pyke,Anivia,Vi,Sylas,Olaf,Senna,Sterak's Gage,Refillable Potion,Randuin's Omen,Mercury's Treads,No_Item,Trinity Force,Oracle Lens,Zhonya's Hourglass,Oblivion Orb,Control Ward,Shadowflame,Liandry's Torment,Sorcerer's Shoes,Oracle Lens,Cryptbloom,Dark Seal,Seeker's Armguard,Sorcerer's Shoes,Liandry's Torment,Blackfire Torch,Farsight Alteration,Doran's Blade,Statikk Shiv,Runaan's Hurricane,Mortal Reminder,Berserker's Greaves,Infinity Edge,Farsight Alteration,Edge of Night,Bloodsong,Boots of Swiftness,Umbral Glaive,Guardian Angel,Executioner's Calling,Oracle Lens,Zhonya's Hourglass,Seraph's Embrace,Amplifying Tome,Rod of Ages,Sorcerer's Shoes,No_Item,Farsight Alteration,Sterak's Gage,Sundered Sky,Control Ward,Abyssal Mask,Ruby Crystal,Mercury's Treads,Oracle Lens,Zhonya's Hourglass,Hextech Rocketbelt,Void Staff,Dark Seal,Mercury's Treads,Shadowflame,Oracle Lens,Doran's Blade,Death's Dance,Maw of Malmortius,Phage,Plated Steelcaps,Ravenous Hydra,Oracle Lens,Bloodsong,Boots of Swiftness,Black Cleaver,Control Ward,Rapid Firecannon,Edge of Night,Oracle Lens,Grasp of the Undying,Precision,Arcane Comet,Precision,Summon Aery,Precision,Lethal Tempo,Inspiration,Hail of Blades,Resolve,Arcane Comet,Precision,Conqueror,Inspiration,Electrocute,Resolve,Conqueror,Inspiration,Grasp of the Undying,Precision,Teleport,Flash,Flash,Smite,Teleport,Flash,Barrier,Flash,Flash,Ignite,Flash,Teleport,Flash,Smite,Flash,Teleport,Flash,Ghost,Flash,Heal,1,5,0,0,1,3
https://www.op.gg/summoners/euw/SIXTY5-EUW/matches/uRd1PvnOddocyhTjjCImCOYQHj4V7ukUxXBxi0R9xnw%3D/1733843653000,0,24,27,27,24,53,43,73,114,48,26,0,5,0,2,5,7,0,7,60290,70097,15.0,16.4,971,978,29.2,29.2,-9807,9807,1796.3959183673471,2088.6044897959187,Darius,Rek'Sai,Ahri,Ashe,Nami,Jayce,Zac,Galio,Jhin,Pyke,Stridebreaker,Dead Man's Plate,No_Item,Sterak's Gage,Plated Steelcaps,No_Item,Oracle Lens,Mercury's Treads,Titanic Hydra,Black Cleaver,Sterak's Gage,No_Item,No_Item,Oracle Lens,Void Staff,Malignance,No_Item,Shadowflame,Rabadon's Deathcap,Sorcerer's Shoes,Farsight Alteration,Doran's Blade,Berserker's Greaves,Phantom Dancer,Kraken Slayer,Mortal Reminder,No_Item,Farsight Alteration,Shurelya's Battlesong,Dream Maker,Fiendish Codex,Forbidden Idol,Ionian Boots of Lucidity,Imperial Mandate,Oracle Lens,Serylda's Grudge,Hubris,Opportunity,Edge of Night,No_Item,Ionian Boots of Lucidity,Farsight Alteration,Dead Man's Plate,Sunfire Aegis,Dark Seal,Ionian Boots of Lucidity,Spirit Visage,Cloth Armor,Oracle Lens,Doran's Ring,Riftmaker,Hollow Radiance,Plated Steelcaps,Dark Seal,Thornmail,Farsight Alteration,Bloodthirster,Boots of Swiftness,Rapid Firecannon,The Collector,Infinity Edge,Lord Dominik's Regards,Farsight Alteration,Celestial Opposition,Umbral Glaive,Control Ward,Boots of Swiftness,Edge of Night,Null-Magic Mantle,Oracle Lens,Conqueror,Sorcery,Conqueror,Inspiration,Electrocute,Sorcery,Lethal Tempo,Inspiration,Summon Aery,Resolve,Phase Rush,Inspiration,Aftershock,Precision,Aftershock,Inspiration,Dark Harvest,Sorcery,Hail of Blades,Resolve,Flash,Ghost,Smite,Flash,Flash,Teleport,Barrier,Flash,Flash,Heal,Flash,Teleport,Smite,Flash,Flash,Teleport,Barrier,Flash,Flash,Ignite,1,6,0,0,0,1
https://www.op.gg/summoners/euw/SIXTY5-EUW/matches/uRd1PvnOddolMw0LecQ0CnB6-5LlAASMYCteVRybWh4%3D/1733841065000,1,32,19,19,32,31,33,66,52,23,30,2,1,1,0,9,3,3,1,58682,47759,14.8,13.2,878,811,34.2,31.5,10923,-10923,2270.6100502512563,1847.9613065326635,Rumble,Talon,Ryze,Jinx,Rakan,K'Sante,Viego,Aurora,Corki,Nami,Liandry's Torment,Sorcerer's Shoes,Void Staff,Dark Seal,Doran's Ring,Needlessly Large Rod,Oracle Lens,Youmuu's Ghostblade,Serpent's Fang,Edge of Night,Caulfield's Warhammer,Slightly Magical Footwear,Opportunity,Oracle Lens,Sorcerer's Shoes,Cosmic Drive,Control Ward,Seraph's Embrace,Rabadon's Deathcap,Rod of Ages,Farsight Alteration,Infinity Edge,Control Ward,Berserker's Greaves,The Collector,Noonquiver,Doran's Blade,Farsight Alteration,Dark Seal,Trailblazer,Dream Maker,Redemption,No_Item,Ionian Boots of Lucidity,Oracle Lens,"Jak'Sho, The Protean",Kaenic Rookern,Doran's Shield,Plated Steelcaps,Giant's Belt,Cloth Armor,Farsight Alteration,Sundered Sky,Blade of The Ruined King,Mercury's Treads,Negatron Cloak,Dagger,No_Item,Oracle Lens,Needlessly Large Rod,Shadowflame,Needlessly Large Rod,Sorcerer's Shoes,Malignance,No_Item,Farsight Alteration,Doran's Blade,Muramana,Boots of Swiftness,Trinity Force,Noonquiver,B. F. Sword,Farsight Alteration,Imperial Mandate,Ionian Boots of Lucidity,Echoes of Helia,Dream Maker,Control Ward,Amplifying Tome,Oracle Lens,Arcane Comet,Domination,Conqueror,Inspiration,Phase Rush,Resolve,Press the Attack,Sorcery,Guardian,Domination,Grasp of the Undying,Sorcery,Conqueror,Inspiration,Arcane Comet,Domination,Conqueror,Inspiration,Summon Aery,Resolve,Flash,Teleport,Flash,Smite,Flash,Teleport,Flash,Barrier,Ignite,Flash,Teleport,Flash,Smite,Flash,Flash,Teleport,Barrier,Flash,Heal,Flash,1,6,1,0,0,0
https://www.op.gg/summoners/euw/SIXTY5-EUW/matches/uRd1PvnOddovs8rmOob_LAceRJ5lI6XIlRbFT7jhUeg%3D/1733839015000,0,23,31,31,23,53,35,80,92,37,30,1,4,0,1,5,8,1,5,63180,67769,15.2,16.2,1051,1060,32.1,32.4,-4589,4589,1937.52,2078.249333333333,Kayle,Skarner,Ryze,Caitlyn,Neeko,Gragas,Viego,Hwei,Corki,Rakan,Nashor's Tooth,Lich Bane,Doran's Blade,Boots of Swiftness,Rabadon's Deathcap,Blighting Jewel,Farsight Alteration,Sterak's Gage,Heartsteel,Mercury's Treads,Kindlegem,Chain Vest,Ruby Crystal,Oracle Lens,Void Staff,Rabadon's Deathcap,No_Item,Ionian Boots of Lucidity,Rod of Ages,Seraph's Embrace,Farsight Alteration,The Collector,Noonquiver,Infinity Edge,Doran's Blade,Rapid Firecannon,Berserker's Greaves,Farsight Alteration,Celestial Opposition,Zhonya's Hourglass,Hextech Rocketbelt,Control Ward,Ionian Boots of Lucidity,Blighting Jewel,Oracle Lens,Doran's Ring,Lost Chapter,Lich Bane,Cosmic Drive,Boots of Swiftness,Blighting Jewel,Farsight Alteration,Titanic Hydra,No_Item,Mercury's Treads,Kraken Slayer,Force of Nature,Long Sword,Oracle Lens,Dark Seal,Blackfire Torch,Ionian Boots of Lucidity,Shadowflame,Blighting Jewel,Rabadon's Deathcap,Farsight Alteration,Infinity Edge,Muramana,Rapid Firecannon,Trinity Force,Bloodthirster,Boots of Swiftness,Farsight Alteration,Trailblazer,Abyssal Mask,Dream Maker,Mercury's Treads,No_Item,Ruby Crystal,Oracle Lens,Press the Attack,Sorcery,Grasp of the Undying,Inspiration,Phase Rush,Resolve,Fleet Footwork,Sorcery,Arcane Comet,Inspiration,Phase Rush,Precision,Conqueror,Inspiration,Arcane Comet,Precision,Conqueror,Inspiration,Guardian,Domination,Flash,Teleport,Flash,Smite,Flash,Teleport,Flash,Barrier,Flash,Heal,Flash,Teleport,Flash,Smite,Teleport,Flash,Cleanse,Flash,Ignite,Flash,0,3,0,1,3,1
https://www.op.gg/summoners/euw/SIXTY5-EUW/matches/uRd1PvnOddpITl67h5o7n3UqdodQQKBGyOBkVWd5wJo%3D/1733836093000,0,31,38,38,31,83,49,53,78,24,9,1,3,1,0,4,8,2,3,57530,62894,14.4,15.2,783,857,25.4,27.7,-5364,5364,1865.8378378378377,2039.8054054054053,Maokai,Ambessa,Azir,Corki,Leona,K'Sante,Viego,Syndra,Caitlyn,Janna,Unending Despair,Fimbulwinter,Spectre's Cowl,Kindlegem,No_Item,Plated Steelcaps,Stealth Ward,Spear of Shojin,Voltaic Cyclosword,Plated Steelcaps,Death's Dance,No_Item,No_Item,Oracle Lens,Rabadon's Deathcap,Nashor's Tooth,Sorcerer's Shoes,Liandry's Torment,Void Staff,Oblivion Orb,Farsight Alteration,Muramana,Rapid Firecannon,Trinity Force,Last Whisper,Boots of Swiftness,Vampiric Scepter,Farsight Alteration,Warmog's Armor,Locket of the Iron Solari,Bloodsong,No_Item,No_Item,Boots of Swiftness,Oracle Lens,Kaenic Rookern,Unending Despair,No_Item,Doran's Shield,Plated Steelcaps,Iceborn Gauntlet,Oracle Lens,Titanic Hydra,Tunneler,Mercury's Treads,Ruby Crystal,Kraken Slayer,Long Sword,Stealth Ward,Blackfire Torch,Amplifying Tome,Rabadon's Deathcap,Sorcerer's Shoes,Cosmic Drive,Dark Seal,Farsight Alteration,Long Sword,Lord Dominik's Regards,Mercury's Treads,Infinity Edge,The Collector,Rapid Firecannon,Farsight Alteration,Redemption,Dream Maker,Bandleglass Mirror,Echoes of Helia,Boots of Swiftness,Glowing Mote,Oracle Lens,Grasp of the Undying,Inspiration,Conqueror,Domination,Summon Aery,Precision,Conqueror,Inspiration,Aftershock,Inspiration,Grasp of the Undying,Inspiration,Conqueror,Inspiration,Arcane Comet,Inspiration,Lethal Tempo,Sorcery,Summon Aery,Resolve,Teleport,Flash,Flash,Smite,Flash,Teleport,Barrier,Flash,Ignite,Flash,Teleport,Flash,Flash,Smite,Teleport,Flash,Cleanse,Flash,Heal,Flash,0,1,0,0,2,1
https://www.op.gg/summoners/euw/SIXTY5-EUW/matches/uRd1PvnOddp7WBOtkMeYwOAfN1fMY_zd_qGAusyn_MU%3D/1733833723000,0,9,22,22,9,32,10,31,33,8,11,0,0,0,0,0,5,0,0,31072,41472,10.2,11.4,529,631,27.5,32.9,-10400,10400,1622.1411764705883,2165.0823529411764,Maokai,Graves,Galio,Varus,Janna,Ambessa,Nidalee,Ahri,Ashe,Leona,Unending Despair,Fimbulwinter,No_Item,No_Item,Doran's Shield,Boots,Stealth Ward,Scorchclaw Pup,Youmuu's Ghostblade,Boots,Long Sword,Long Sword,Long Sword,Eye of the Herald,Doran's Ring,Hollow Radiance,Mercury's Treads,Refillable Potion,Amplifying Tome,Amplifying Tome,Oracle Lens,No_Item,Doran's Blade,No_Item,Blade of The Ruined King,Guinsoo's Rageblade,Berserker's Greaves,Farsight Alteration,Forbidden Idol,Dream Maker,Echoes of Helia,Ruby Crystal,Boots of Swiftness,No_Item,Oracle Lens,Doran's Shield,Refillable Potion,Eclipse,Mercury's Treads,Tunneler,No_Item,Stealth Ward,Horizon Focus,Liandry's Torment,Mercury's Treads,Mejai's Soulstealer,No_Item,No_Item,Oracle Lens,Refillable Potion,Fiendish Codex,Ionian Boots of Lucidity,Liandry's Torment,Malignance,Amplifying Tome,Oracle Lens,Statikk Shiv,Runaan's Hurricane,Long Sword,Doran's Blade,Berserker's Greaves,No_Item,Farsight Alteration,Bloodsong,Locket of the Iron Solari,Ruby Crystal,Cloth Armor,No_Item,Mercury's Treads,Oracle Lens,Grasp of the Undying,Inspiration,Dark Harvest,Precision,Phase Rush,Resolve,Lethal Tempo,Resolve,Summon Aery,Resolve,Grasp of the Undying,Domination,Dark Harvest,Sorcery,First Strike,Sorcery,Lethal Tempo,Inspiration,Aftershock,Inspiration,Teleport,Ignite,Flash,Smite,Teleport,Flash,Cleanse,Flash,Heal,Flash,Teleport,Flash,Flash,Smite,Flash,Teleport,Cleanse,Flash,Ignite,Flash,1,0,0,0,6,0
https://www.op.gg/summoners/euw/SIXTY5-EUW/matches/uRd1PvnOddqIzRNtEa35mBRB6lqsv2rQZ3AHRAZV2OY%3D/1733787414000,1,32,33,33,32,43,51,68,64,15,21,1,1,1,0,9,3,2,1,58007,52928,13.8,13.8,711,748,25.099999999999998,26.5,5079,-5079,2064.65593220339,1883.877966101695,Aatrox,Wukong,Taliyah,Jinx,Nautilus,K'Sante,Viego,Katarina,Caitlyn,Blitzcrank,Doran's Shield,Voltaic Cyclosword,Spear of Shojin,Plated Steelcaps,Last Whisper,Long Sword,Stealth Ward,Maw of Malmortius,Trinity Force,Boots of Swiftness,Sundered Sky,Caulfield's Warhammer,Pickaxe,Oracle Lens,Luden's Companion,Sorcerer's Shoes,Zhonya's Hourglass,Ruby Crystal,Amplifying Tome,Amplifying Tome,Farsight Alteration,Doran's Blade,Berserker's Greaves,Yun Tal Wildarrows,Infinity Edge,Phantom Dancer,Last Whisper,Farsight Alteration,Celestial Opposition,Locket of the Iron Solari,Knight's Vow,Control Ward,Kindlegem,Plated Steelcaps,Oracle Lens,Iceborn Gauntlet,Plated Steelcaps,Thornmail,Negatron Cloak,Doran's Shield,Chain Vest,Oracle Lens,Plated Steelcaps,Titanic Hydra,Control Ward,Kraken Slayer,Sundered Sky,Long Sword,Oracle Lens,Lich Bane,Seeker's Armguard,Blighting Jewel,Nashor's Tooth,Sorcerer's Shoes,Mejai's Soulstealer,Oracle Lens,Yun Tal Wildarrows,Berserker's Greaves,Infinity Edge,Last Whisper,No_Item,Doran's Blade,Farsight Alteration,Celestial Opposition,Locket of the Iron Solari,Bandleglass Mirror,Refillable Potion,Boots of Swiftness,Aether Wisp,Oracle Lens,Conqueror,Resolve,Conqueror,Inspiration,Electrocute,Sorcery,Press the Attack,Sorcery,Aftershock,Inspiration,Grasp of the Undying,Inspiration,Conqueror,Inspiration,Conqueror,Domination,Lethal Tempo,Sorcery,Glacial Augment,Sorcery,Teleport,Flash,Flash,Smite,Flash,Teleport,Barrier,Flash,Ignite,Flash,Flash,Teleport,Flash,Smite,Ignite,Flash,Barrier,Flash,Ignite,Flash,0,3,2,1,3,0
https://www.op.gg/summoners/euw/SIXTY5-EUW/matches/uRd1PvnOddqMJ4bEE0fWDvTUlUFWSJ9iZxc-W87gLbE%3D/1733784782000,1,33,17,17,33,20,40,43,45,13,14,2,1,1,0,11,1,3,1,56813,42271,14.0,12.2,838,744,36.5,32.4,14542,-14542,2475.650279329609,1841.9765363128492,Gnar,Karthus,Taliyah,Varus,Nautilus,Renekton,Bel'Veth,Orianna,Ashe,Lulu,Doran's Blade,Randuin's Omen,Trinity Force,Sterak's Gage,Plated Steelcaps,No_Item,Stealth Ward,Zhonya's Hourglass,Blackfire Torch,Mejai's Soulstealer,Sorcerer's Shoes,Void Staff,Amplifying Tome,Oracle Lens,Sorcerer's Shoes,Zhonya's Hourglass,Luden's Companion,Rabadon's Deathcap,Dark Seal,Doran's Ring,Farsight Alteration,Muramana,Control Ward,Doran's Blade,Ionian Boots of Lucidity,Hubris,Serpent's Fang,Farsight Alteration,Locket of the Iron Solari,Bloodsong,Control Ward,Boots of Swiftness,Kindlegem,Null-Magic Mantle,Oracle Lens,Ruby Crystal,Plated Steelcaps,Black Cleaver,Eclipse,Long Sword,Doran's Shield,Oracle Lens,Pickaxe,Kraken Slayer,Stridebreaker,Mercury's Treads,Long Sword,Control Ward,Oracle Lens,No_Item,No_Item,Seraph's Embrace,Shadowflame,Mercury's Treads,Doran's Ring,Stealth Ward,Doran's Blade,Runaan's Hurricane,B. F. Sword,Statikk Shiv,Berserker's Greaves,Long Sword,Farsight Alteration,Redemption,Dream Maker,Ruby Crystal,Mikael's Blessing,No_Item,Ionian Boots of Lucidity,Oracle Lens,Grasp of the Undying,Precision,Dark Harvest,Precision,Phase Rush,Precision,Arcane Comet,Inspiration,Aftershock,Inspiration,Conqueror,Resolve,Conqueror,Domination,Arcane Comet,Precision,Lethal Tempo,Inspiration,Summon Aery,Resolve,Flash,Teleport,Flash,Smite,Teleport,Flash,Flash,Barrier,Flash,Ignite,Flash,Teleport,Smite,Flash,Flash,Teleport,Barrier,Flash,Flash,Heal,1,6,3,0,0,0
https://www.op.gg/summoners/euw/SIXTY5-EUW/matches/uRd1PvnOddqm1kUPXh_-57u5WObdfzC-Hnd3Nm1f1s0%3D/1733692606000,0,12,26,26,12,38,15,61,52,11,17,0,2,0,1,1,5,0,3,39555,51952,12.0,14.0,716,829,30.6,35.4,-12397,12397,1685.950819672131,2214.3475409836065,Orianna,Graves,K'Sante,Corki,Rell,Ambessa,Rengar,Akali,Caitlyn,Nami,Shadowflame,Luden's Companion,Control Ward,Amplifying Tome,Amplifying Tome,Sorcerer's Shoes,Farsight Alteration,Phage,Youmuu's Ghostblade,Plated Steelcaps,Pickaxe,Kindlegem,No_Item,Oracle Lens,Plated Steelcaps,Thornmail,Unending Despair,Cloth Armor,Null-Magic Mantle,No_Item,Farsight Alteration,Doran's Blade,Trinity Force,Muramana,Plated Steelcaps,No_Item,No_Item,Farsight Alteration,No_Item,Locket of the Iron Solari,Celestial Opposition,Bramble Vest,Plated Steelcaps,Chain Vest,Oracle Lens,Doran's Blade,Long Sword,Spear of Shojin,Plated Steelcaps,Cloth Armor,Black Cleaver,Oracle Lens,Serrated Dirk,Tiamat,Youmuu's Ghostblade,Last Whisper,Boots,No_Item,Oracle Lens,Refillable Potion,Hextech Rocketbelt,Shattered Armguard,No_Item,Shadowflame,Sorcerer's Shoes,Stealth Ward,Doran's Blade,The Collector,Berserker's Greaves,Lord Dominik's Regards,Infinity Edge,No_Item,Farsight Alteration,Shurelya's Battlesong,Dream Maker,No_Item,Imperial Mandate,Ionian Boots of Lucidity,No_Item,Oracle Lens,Summon Aery,Precision,Dark Harvest,Precision,Grasp of the Undying,Inspiration,Conqueror,Inspiration,Aftershock,Inspiration,Grasp of the Undying,Domination,Conqueror,Domination,Fleet Footwork,Resolve,Lethal Tempo,Sorcery,Summon Aery,Resolve,Flash,Teleport,Flash,Smite,Flash,Teleport,Barrier,Flash,Flash,Ignite,Flash,Teleport,Flash,Smite,Flash,Teleport,Flash,Barrier,Flash,Heal,1,3,0,0,3,0
https://www.op.gg/summoners/euw/SIXTY5-EUW/matches/uRd1PvnOddpUuFSm9fmCb7KNu1BkTRlM-5bcImaLDhg%3D/1733689816000,1,34,23,23,34,36,62,85,79,31,33,4,1,2,0,9,5,6,1,69629,61029,16.6,15.6,1018,1022,31.1,31.2,8600,-8600,2126.6,1863.9399014778326,Pantheon,Taliyah,Yasuo,Ashe,Seraphine,Ambessa,Bel'Veth,Ahri,Caitlyn,Lux,Plated Steelcaps,Sundered Sky,Serpent's Fang,Tunneler,Ruby Crystal,Black Cleaver,Stealth Ward,Zhonya's Hourglass,Luden's Companion,Cryptbloom,Dark Seal,Sorcerer's Shoes,Shadowflame,Oracle Lens,Doran's Shield,Stridebreaker,Berserker's Greaves,Blade of The Ruined King,Immortal Shieldbow,Cloth Armor,Farsight Alteration,Doran's Blade,Berserker's Greaves,Statikk Shiv,Runaan's Hurricane,Infinity Edge,Bloodthirster,Farsight Alteration,Dream Maker,Redemption,Control Ward,Moonstone Renewer,Dawncore,Ionian Boots of Lucidity,Oracle Lens,Pickaxe,Black Cleaver,Tunneler,Plated Steelcaps,Death's Dance,Eclipse,Oracle Lens,Kraken Slayer,Hullbreaker,Immortal Shieldbow,Death's Dance,Spectre's Cowl,Boots of Swiftness,Oracle Lens,Rabadon's Deathcap,Malignance,Sorcerer's Shoes,Control Ward,Horizon Focus,No_Item,Oracle Lens,The Collector,Infinity Edge,Berserker's Greaves,Lord Dominik's Regards,Zeal,Dagger,Farsight Alteration,Mikael's Blessing,Celestial Opposition,Control Ward,Redemption,No_Item,Ionian Boots of Lucidity,Oracle Lens,Press the Attack,Sorcery,Dark Harvest,Inspiration,Grasp of the Undying,Precision,Lethal Tempo,Inspiration,Guardian,Precision,Grasp of the Undying,Domination,Press the Attack,Domination,Electrocute,Sorcery,Lethal Tempo,Sorcery,Arcane Comet,Inspiration,Ignite,Flash,Flash,Smite,Teleport,Flash,Barrier,Flash,Flash,Heal,Flash,Teleport,Flash,Smite,Teleport,Flash,Flash,Cleanse,Flash,Heal,1,6,2,0,0,0
https://www.op.gg/summoners/euw/SIXTY5-EUW/matches/uRd1PvnOddoXf1UQld1_8zKf1QCh25AQfCbnLJrHyb0%3D/1733687241000,1,29,13,13,29,11,31,43,44,8,5,1,1,0,0,5,1,1,1,44401,34070,12.2,10.8,639,595,32.7,30.4,10331,-10331,2285.7319526627216,1753.8994082840234,Yone,Diana,Yasuo,Ashe,Sylas,Riven,Viego,Ambessa,Caitlyn,Lux,Doran's Blade,Immortal Shieldbow,No_Item,Blade of The Ruined King,No_Item,Berserker's Greaves,Farsight Alteration,Hextech Rocketbelt,No_Item,Zhonya's Hourglass,No_Item,Sorcerer's Shoes,No_Item,Oracle Lens,Doran's Blade,Blade of The Ruined King,Berserker's Greaves,Immortal Shieldbow,Dagger,No_Item,Farsight Alteration,Doran's Blade,Statikk Shiv,Runaan's Hurricane,Berserker's Greaves,Infinity Edge,No_Item,Farsight Alteration,Hextech Rocketbelt,Zaz'Zak's Realmspike,Sorcerer's Shoes,Aether Wisp,Dark Seal,Control Ward,Oracle Lens,Doran's Blade,Eclipse,Caulfield's Warhammer,Ionian Boots of Lucidity,Tunneler,Cloth Armor,Oracle Lens,Kraken Slayer,Boots of Swiftness,Long Sword,No_Item,Giant's Belt,Ruby Crystal,Oracle Lens,Doran's Blade,Eclipse,Refillable Potion,Spear of Shojin,No_Item,Boots,Stealth Ward,The Collector,Refillable Potion,Infinity Edge,Slightly Magical Footwear,No_Item,No_Item,Farsight Alteration,Mikael's Blessing,Celestial Opposition,Ruby Crystal,No_Item,No_Item,Boots of Swiftness,Oracle Lens,Lethal Tempo,Resolve,Conqueror,Inspiration,Lethal Tempo,Resolve,Lethal Tempo,Inspiration,Electrocute,Sorcery,Conqueror,Inspiration,Conqueror,Inspiration,Conqueror,Resolve,Hail of Blades,Inspiration,Aftershock,Inspiration,Flash,Teleport,Flash,Smite,Teleport,Flash,Barrier,Flash,Ignite,Flash,Flash,Teleport,Flash,Smite,Flash,Teleport,Flash,Barrier,Flash,Heal,1,1,0,0,5,0
https://www.op.gg/summoners/euw/SIXTY5-EUW/matches/uRd1PvnOddrowwpKzWuJM6lj82jcBo1I2F2UaCnkP8Q%3D/1733685283000,1,17,9,9,17,6,27,41,30,5,4,0,2,0,0,2,2,0,2,32472,28991,11.0,10.0,503,522,30.8,32.2,3481,-3481,1998.2769230769231,1784.0615384615385,Zac,Viego,Azir,Kai'Sa,Poppy,Gwen,Lee Sin,LeBlanc,Nilah,Janna,Doran's Shield,Bami's Cinder,Spirit Visage,Boots,No_Item,No_Item,Stealth Ward,Gustwalker Hatchling,Trinity Force,Slightly Magical Footwear,Tunneler,Caulfield's Warhammer,No_Item,Oracle Lens,No_Item,Refillable Potion,Doran's Ring,Fated Ashes,Mercury's Treads,Nashor's Tooth,Stealth Ward,Doran's Blade,Yun Tal Wildarrows,Slightly Magical Footwear,Pickaxe,Recurve Bow,Dagger,Farsight Alteration,Bloodsong,Boots of Swiftness,Winged Moonplate,No_Item,Ruby Crystal,Chain Vest,Oracle Lens,Doran's Ring,Hextech Alternator,Nashor's Tooth,Plated Steelcaps,Needlessly Large Rod,No_Item,Farsight Alteration,Eclipse,Slightly Magical Footwear,Control Ward,Tunneler,Ruby Crystal,Scorchclaw Pup,Stealth Ward,Refillable Potion,Luden's Companion,Dark Seal,Doran's Ring,Sorcerer's Shoes,No_Item,Stealth Ward,Doran's Blade,The Collector,Refillable Potion,Plated Steelcaps,Cloak of Agility,Long Sword,Farsight Alteration,Boots of Swiftness,No_Item,Dream Maker,Kindlegem,Bandleglass Mirror,Dark Seal,Oracle Lens,Conqueror,Resolve,Conqueror,Inspiration,Fleet Footwork,Resolve,Press the Attack,Inspiration,Hail of Blades,Inspiration,Conqueror,Resolve,Conqueror,Inspiration,Electrocute,Sorcery,Conqueror,Inspiration,Summon Aery,Resolve,Flash,Teleport,Flash,Smite,Teleport,Flash,Barrier,Flash,Flash,Ignite,Teleport,Flash,Smite,Flash,Teleport,Flash,Barrier,Flash,Flash,Heal,1,6,0,0,0,0
https://www.op.gg/summoners/euw/SIXTY5-EUW/matches/uRd1PvnOddq2DqBzW4lBhRu-UEW2udNNkkoOeJHC9yw%3D/1733683498000,1,34,22,22,34,29,71,83,71,31,23,4,1,2,0,11,6,6,1,69481,59651,16.6,15.2,971,940,29.0,28.1,9830,-9830,2081.617004048583,1787.114979757085,Heimerdinger,Vi,Vel'Koz,Ashe,Karma,Cho'Gath,Xin Zhao,Azir,Corki,Nautilus,Malignance,Void Staff,Sorcerer's Shoes,Rylai's Crystal Scepter,Amplifying Tome,Doran's Ring,Stealth Ward,Black Cleaver,Guardian Angel,Plated Steelcaps,Sundered Sky,Abyssal Mask,No_Item,Oracle Lens,Liandry's Torment,Mejai's Soulstealer,Zhonya's Hourglass,Blackfire Torch,Horizon Focus,Ionian Boots of Lucidity,Farsight Alteration,Doran's Blade,Berserker's Greaves,Kraken Slayer,Phantom Dancer,Bloodthirster,Hexdrinker,Farsight Alteration,Mikael's Blessing,Watchful Wardstone,Dream Maker,Echoes of Helia,Moonstone Renewer,Boots of Swiftness,Oracle Lens,Shurelya's Battlesong,Synchronized Souls,Dead Man's Plate,Riftmaker,Negatron Cloak,Zhonya's Hourglass,Oracle Lens,Titanic Hydra,Black Cleaver,Tunneler,Mercury's Treads,Cloth Armor,Ruby Crystal,Oracle Lens,Sorcerer's Shoes,Nashor's Tooth,Void Staff,Zhonya's Hourglass,Liandry's Torment,Needlessly Large Rod,Farsight Alteration,Doran's Blade,Muramana,Boots of Swiftness,Trinity Force,Bloodthirster,B. F. Sword,Farsight Alteration,Locket of the Iron Solari,Control Ward,Celestial Opposition,Chain Vest,Kindlegem,Mercury's Treads,Oracle Lens,Electrocute,Sorcery,Conqueror,Inspiration,Arcane Comet,Precision,Lethal Tempo,Inspiration,Arcane Comet,Resolve,Hail of Blades,Sorcery,Conqueror,Inspiration,Summon Aery,Precision,Conqueror,Inspiration,Aftershock,Inspiration,Teleport,Flash,Smite,Flash,Teleport,Flash,Flash,Barrier,Flash,Heal,Teleport,Flash,Smite,Flash,Flash,Teleport,Barrier,Flash,Flash,Ignite,0,2,3,1,4,0
https://www.op.gg/summoners/euw/SIXTY5-EUW/matches/uRd1PvnOddoSJUkItsx58TAbxwPjdeYsAy-V_zcYDIY%3D/1733671634000,0,15,24,24,15,32,27,70,96,46,39,2,2,0,1,2,10,2,3,51088,65401,14.2,15.4,931,1037,31.2,34.8,-14313,14313,1710.5357142857142,2189.765625,Aatrox,Skarner,Aurora,Ashe,Braum,Riven,Diana,Talon,Ezreal,Pyke,Pickaxe,Sundered Sky,Eclipse,Plated Steelcaps,Tunneler,Ruby Crystal,Stealth Ward,Unending Despair,Heartsteel,Abyssal Mask,Plated Steelcaps,Thornmail,Cloth Armor,Oracle Lens,Shadowflame,Needlessly Large Rod,Sorcerer's Shoes,No_Item,Dark Seal,Luden's Companion,Oracle Lens,Doran's Blade,Statikk Shiv,Runaan's Hurricane,Berserker's Greaves,Infinity Edge,No_Item,Farsight Alteration,Solstice Sleigh,Plated Steelcaps,Locket of the Iron Solari,Rejuvenation Bead,Chain Vest,Kindlegem,Oracle Lens,Death's Dance,Mortal Reminder,Eclipse,Ionian Boots of Lucidity,Sundered Sky,No_Item,Oracle Lens,Stormsurge,Nashor's Tooth,No_Item,Shadowflame,Amplifying Tome,Sorcerer's Shoes,Farsight Alteration,Black Cleaver,Youmuu's Ghostblade,Tiamat,Boots,Eclipse,Tunneler,Oracle Lens,Doran's Blade,Trinity Force,Muramana,Mortal Reminder,Ionian Boots of Lucidity,No_Item,Farsight Alteration,Bloodsong,Umbral Glaive,Maw of Malmortius,Long Sword,Boots of Swiftness,Control Ward,Oracle Lens,Conqueror,Resolve,Grasp of the Undying,Inspiration,Electrocute,Precision,Lethal Tempo,Inspiration,Guardian,Inspiration,Conqueror,Inspiration,Conqueror,Inspiration,Conqueror,Sorcery,Conqueror,Sorcery,Hail of Blades,Sorcery,Flash,Teleport,Flash,Smite,Flash,Teleport,Barrier,Flash,Exhaust,Flash,Flash,Ignite,Smite,Flash,Ignite,Flash,Flash,Cleanse,Flash,Ignite,0,3,0,1,3,1
https://www.op.gg/summoners/euw/SIXTY5-EUW/matches/uRd1PvnOddoDuaEp72olmfkiaMY5e63cwnqrEhX33WU%3D/1733668826000,1,27,16,16,27,30,68,63,73,26,18,1,3,1,0,11,2,2,3,59674,49126,15.0,14.2,878,902,29.9,30.7,10548,-10548,2032.1416216216214,1672.9394594594594,Cho'Gath,Zac,Sylas,Corki,Blitzcrank,Zilean,Viego,Swain,Jinx,Thresh,Boots of Swiftness,Randuin's Omen,Abyssal Mask,Warmog's Armor,No_Item,Negatron Cloak,Oracle Lens,Randuin's Omen,Haunting Guise,Abyssal Mask,Ionian Boots of Lucidity,Dark Seal,Sunfire Aegis,Oracle Lens,Zhonya's Hourglass,Hextech Rocketbelt,Amplifying Tome,Sorcerer's Shoes,Cosmic Drive,Doran's Ring,Oracle Lens,Trinity Force,Muramana,Plated Steelcaps,Rapid Firecannon,Doran's Blade,B. F. Sword,Farsight Alteration,Celestial Opposition,Boots of Swiftness,Locket of the Iron Solari,Negatron Cloak,Kindlegem,Glacial Buckler,Oracle Lens,Cosmic Drive,Seraph's Embrace,Ionian Boots of Lucidity,Amplifying Tome,Control Ward,No_Item,Stealth Ward,Chempunk Chainsword,Kraken Slayer,Wit's End,Control Ward,Mercury's Treads,No_Item,Stealth Ward,Blackfire Torch,Dark Seal,Liandry's Torment,Mercury's Treads,Cloth Armor,Rylai's Crystal Scepter,Farsight Alteration,Doran's Blade,Berserker's Greaves,Yun Tal Wildarrows,Runaan's Hurricane,Mortal Reminder,No_Item,Farsight Alteration,Mercury's Treads,Celestial Opposition,Locket of the Iron Solari,Control Ward,Kindlegem,Cloth Armor,Oracle Lens,Grasp of the Undying,Inspiration,Aftershock,Precision,Conqueror,Resolve,Conqueror,Resolve,Aftershock,Inspiration,Summon Aery,Inspiration,Conqueror,Inspiration,Conqueror,Resolve,Press the Attack,Inspiration,Aftershock,Inspiration,Teleport,Flash,Smite,Flash,Flash,Teleport,Flash,Barrier,Ignite,Flash,Teleport,Flash,Flash,Smite,Flash,Teleport,Barrier,Flash,Flash,Ignite,0,3,3,1,0,0
https://www.op.gg/summoners/euw/SIXTY5-EUW/matches/uRd1PvnOddrzUTVfWPHURkBSN8m3HR5aj-ItInULH3Y%3D/1733665190000,1,36,29,29,36,55,62,91,91,35,34,4,1,0,2,10,3,4,3,74609,69746,16.0,16.4,1074,986,28.7,26.400000000000002,4863,-4863,1987.8522491349484,1858.2844290657442,Quinn,Viego,Zoe,Corki,Nami,Riven,Taliyah,Qiyana,Kog'Maw,Janna,Profane Hydra,Serrated Dirk,Serylda's Grudge,Opportunity,Edge of Night,Synchronized Souls,Oracle Lens,Titanic Hydra,Mercury's Treads,Sterak's Gage,Kraken Slayer,No_Item,Sundered Sky,Oracle Lens,Stormsurge,Sorcerer's Shoes,Dark Seal,Luden's Companion,Lich Bane,Cryptbloom,Stealth Ward,Lord Dominik's Regards,Mercury's Treads,Pickaxe,Muramana,Trinity Force,Rapid Firecannon,Farsight Alteration,Imperial Mandate,Solstice Sleigh,Shurelya's Battlesong,Watchful Wardstone,Oblivion Orb,Ionian Boots of Lucidity,Oracle Lens,Serylda's Grudge,Death's Dance,Ruby Crystal,Plated Steelcaps,Sundered Sky,Eclipse,Stealth Ward,Banshee's Veil,Luden's Companion,Rabadon's Deathcap,Void Staff,Sorcerer's Shoes,Shadowflame,Oracle Lens,Youmuu's Ghostblade,Profane Hydra,No_Item,Boots,Edge of Night,Serpent's Fang,Oracle Lens,Doran's Ring,Sorcerer's Shoes,Horizon Focus,Luden's Companion,Seraph's Embrace,Void Staff,Farsight Alteration,Dream Maker,Shurelya's Battlesong,Kindlegem,Boots of Swiftness,Moonstone Renewer,Echoes of Helia,Oracle Lens,Electrocute,Sorcery,Conqueror,Inspiration,Dark Harvest,Inspiration,Conqueror,Inspiration,Summon Aery,Inspiration,Conqueror,Resolve,First Strike,Domination,Electrocute,Precision,Arcane Comet,Precision,Summon Aery,Resolve,Ignite,Flash,Flash,Smite,Ignite,Flash,Barrier,Flash,Flash,Heal,Flash,Teleport,Flash,Smite,Flash,Teleport,Flash,Teleport,Heal,Flash,1,3,1,0,0,0
https://www.op.gg/summoners/euw/SIXTY5-EUW/matches/uRd1PvnOddobW5_ckFFG78ZhI_ePgyQYzVXiUhRJBB0%3D/1733662141000,0,21,27,27,21,43,36,58,84,19,14,1,2,0,1,2,9,1,3,46297,57860,13.6,15.0,754,854,27.5,31.2,-11563,11563,1699.96796875,2124.546875,Zilean,Skarner,Garen,Ashe,Karma,Yone,Viego,Aurora,Kog'Maw,Bard,Doran's Ring,Seraph's Embrace,Ionian Boots of Lucidity,Abyssal Mask,No_Item,Control Ward,Stealth Ward,Sterak's Gage,Heartsteel,Unending Despair,Ruby Crystal,Mercury's Treads,No_Item,Oracle Lens,Stridebreaker,Boots of Swiftness,The Collector,Phantom Dancer,No_Item,No_Item,Stealth Ward,Doran's Blade,Berserker's Greaves,Statikk Shiv,Runaan's Hurricane,B. F. Sword,Pickaxe,Farsight Alteration,Dream Maker,Redemption,Moonstone Renewer,Ionian Boots of Lucidity,No_Item,Dark Seal,Oracle Lens,Doran's Blade,Berserker's Greaves,Blade of The Ruined King,Immortal Shieldbow,Phage,Dagger,Farsight Alteration,Trinity Force,Kraken Slayer,Sterak's Gage,Boots of Swiftness,Steel Sigil,Long Sword,Oracle Lens,Seeker's Armguard,No_Item,Luden's Companion,Dark Seal,Sorcerer's Shoes,Shadowflame,Stealth Ward,Blighting Jewel,Sorcerer's Shoes,Blasting Wand,Horizon Focus,Luden's Companion,Seraph's Embrace,Farsight Alteration,Solstice Sleigh,Mikael's Blessing,Locket of the Iron Solari,Control Ward,Boots of Swiftness,Kindlegem,Oracle Lens,Summon Aery,Inspiration,Grasp of the Undying,Inspiration,Phase Rush,Resolve,Lethal Tempo,Inspiration,Summon Aery,Resolve,Grasp of the Undying,Precision,Conqueror,Inspiration,Electrocute,Inspiration,Arcane Comet,Precision,Guardian,Domination,Teleport,Flash,Smite,Flash,Flash,Ignite,Barrier,Flash,Flash,Heal,Teleport,Flash,Flash,Smite,Teleport,Flash,Flash,Teleport,Flash,Ignite,0,0,0,1,6,2
