GAME_ID,BLUE_WIN,BLUE_KILLS,RED_KILLS,BLUE_DEATHS,RED_DEATHS,RED_ASSISTS,BLUE_ASSISTS,BLUE_WARDS_PLACED,RED_WARDS_PLACED,BLUE_WARDS_DESTROYED,RED_WARDS_DESTROYED,BLUE_DRAGONS,RED_DRAGONS,BLUE_BARONS,RED_BARONS,BLUE_TOWERS,RED_TOWERS,BLUE_ELITE_MONSTERS,RED_ELITE_MONSTERS,BLUE_TEAM_GOLD,RED_TEAM_GOLD,BLUE_TEAM_LEVEL,RED_TEAM_LEVEL,BLUE_TEAM_CS,RED_TEAM_CS,BLUE_TEAAM_CS_PER_MINUTE,RED_TEAAM_CS_PER_MINUTE,BLUE_GOLD_DIFF,RED_GOLD_DIFF,BLUE_GOLD_PER_MIN,RED_GOLD_PER_MIN,BLUE_TEAM_TOP,BLUE_TEAM_JNG,BLUE_TEAM_MID,BLUE_TEAM_ADC,BLUE_TEAM_SUP,RED_TEAM_TOP,RED_TEAM_JNG,RED_TEAM_MID,RED_TEAM_ADC,RED_TEAM_SUP,BLLUE_TEAM_TOP_ITEM_1,BLLUE_TEAM_TOP_ITEM_2,BLLUE_TEAM_TOP_ITEM_3,BLLUE_TEAM_TOP_ITEM_4,BLLUE_TEAM_TOP_ITEM_5,BLLUE_TEAM_TOP_ITEM_6,BLLUE_TEAM_TOP_ITEM_VISION,BLLUE_TEAM_JNG_ITEM_1,BLLUE_TEAM_JNG_ITEM_2,BLLUE_TEAM_JNG_ITEM_3,BLLUE_TEAM_JNG_ITEM_4,BLLUE_TEAM_JNG_ITEM_5,BLLUE_TEAM_JNG_ITEM_6,BLLUE_TEAM_JNG_ITEM_VISION,BLLUE_TEAM_MID_ITEM_1,BLLUE_TEAM_MID_ITEM_2,BLLUE_TEAM_MID_ITEM_3,BLLUE_TEAM_MID_ITEM_4,BLLUE_TEAM_MID_ITEM_5,BLLUE_TEAM_MID_ITEM_6,BLLUE_TEAM_MID_ITEM_VISION,BLLUE_TEAM_ADC_ITEM_1,BLLUE_TEAM_ADC_ITEM_2,BLLUE_TEAM_ADC_ITEM_3,BLLUE_TEAM_ADC_ITEM_4,BLLUE_TEAM_ADC_ITEM_5,BLLUE_TEAM_ADC_ITEM_6,BLLUE_TEAM_ADC_ITEM_VISION,BLLUE_TEAM_SUP_ITEM_1,BLLUE_TEAM_SUP_ITEM_2,BLLUE_TEAM_SUP_ITEM_3,BLLUE_TEAM_SUP_ITEM_4,BLLUE_TEAM_SUP_ITEM_5,BLLUE_TEAM_SUP_ITEM_6,BLLUE_TEAM_SUP_ITEM_VISION,RED_TEAM_TOP_ITEM_1,RED_TEAM_TOP_ITEM_2,RED_TEAM_TOP_ITEM_3,RED_TEAM_TOP_ITEM_4,RED_TEAM_TOP_ITEM_5,RED_TEAM_TOP_ITEM_6,RED_TEAM_TOP_ITEM_VISION,RED_TEAM_JNG_ITEM_1,RED_TEAM_JNG_ITEM_2,RED_TEAM_JNG_ITEM_3,RED_TEAM_JNG_ITEM_4,RED_TEAM_JNG_ITEM_5,RED_TEAM_JNG_ITEM_6,RED_TEAM_JNG_ITEM_VISION,RED_TEAM_MID_ITEM_1,RED_TEAM_MID_ITEM_2,RED_TEAM_MID_ITEM_3,RED_TEAM_MID_ITEM_4,RED_TEAM_MID_ITEM_5,RED_TEAM_MID_ITEM_6,RED_TEAM_MID_ITEM_VISION,RED_TEAM_ADC_ITEM_1,RED_TEAM_ADC_ITEM_2,RED_TEAM_ADC_ITEM_3,RED_TEAM_ADC_ITEM_4,RED_TEAM_ADC_ITEM_5,RED_TEAM_ADC_ITEM_6,RED_TEAM_ADC_ITEM_VISION,RED_TEAM_SUP_ITEM_1,RED_TEAM_SUP_ITEM_2,RED_TEAM_SUP_ITEM_3,RED_TEAM_SUP_ITEM_4,RED_TEAM_SUP_ITEM_5,RED_TEAM_SUP_ITEM_6,RED_TEAM_SUP_ITEM_VISION,BLUE_TEAM_TOP_RUNE_01,BLUE_TEAM_TOP_RUNE_02,BLUE_TEAM_JNG_RUNE_01,BLUE_TEAM_JNG_RUNE_02,BLUE_TEAM_MID_RUNE_01,BLUE_TEAM_MID_RUNE_02,BLUE_TEAM_ADC_RUNE_01,BLUE_TEAM_ADC_RUNE_02,BLUE_TEAM_SUP_RUNE_01,BLUE_TEAM_SUP_RUNE_02,RED_TEAM_TOP_RUNE_01,RED_TEAM_TOP_RUNE_02,RED_TEAM_JNG_RUNE_01,RED_TEAM_JNG_RUNE_02,RED_TEAM_MID_RUNE_01,RED_TEAM_MID_RUNE_02,RED_TEAM_ADC_RUNE_01,RED_TEAM_ADC_RUNE_02,RED_TEAM_SUP_RUNE_01,RED_TEAM_SUP_RUNE_02,BLUE_TEAM_TOP_SUMMONER_01,BLUE_TEAM_TOP_SUMMONER_02,BLUE_TEAM_JNG_SUMMONER_01,BLUE_TEAM_JNG_SUMMONER_02,BLUE_TEAM_MID_SUMMONER_01,BLUE_TEAM_MID_SUMMONER_02,BLUE_TEAM_ADC_SUMMONER_01,BLUE_TEAM_ADC_SUMMONER_02,BLUE_TEAM_SUP_SUMMONER_01,BLUE_TEAM_SUP_SUMMONER_02,RED_TEAM_TOP_SUMMONER_01,RED_TEAM_TOP_SUMMONER_02,RED_TEAM_JNG_SUMMONER_01,RED_TEAM_JNG_SUMMONER_02,RED_TEAM_MID_SUMMONER_01,RED_TEAM_MID_SUMMONER_02,RED_TEAM_ADC_SUMMONER_01,RED_TEAM_ADC_SUMMONER_02,RED_TEAM_SUP_SUMMONER_01,RED_TEAM_SUP_SUMMONER_02,BLUE_TEAM_RIFT_HERALDS,BLUE_TEAM_VOID_GRUBS,BLUE_TEAM_INHIBITORS,RED_TEAM_RIFT_HERALDS,RED_TEAM_VOID_GRUBS,RED_TEAM_INHIBITORS
https://www.op.gg/summoners/euw/LiL%20TommyG-EUW/matches/uRd1PvnOddoj4h4ce10_zM45G7ZA7IHF7gVArYzcEsk%3D/1734540411000,0,27,29,30,27,37,37,94,86,31,35,2,1,1,0,5,9,3,1,57475,58860,15.0,14.8,833,914,29.3,32.0,-1385,1385,2017.1514423076924,2065.7596153846152,Aurora,Zac,Yone,Caitlyn,Bard,Fiora,Poppy,Sylas,Varus,Pyke,Shadowflame,Blighting Jewel,Oblivion Orb,Sorcerer's Shoes,Luden's Companion,Needlessly Large Rod,Farsight Alteration,Sunfire Aegis,Randuin's Omen,Spirit Visage,Dark Seal,Ionian Boots of Lucidity,Chain Vest,Oracle Lens,Blade of The Ruined King,Berserker's Greaves,Immortal Shieldbow,Refillable Potion,B. F. Sword,No_Item,Farsight Alteration,Mortal Reminder,Boots of Swiftness,Infinity Edge,The Collector,Bloodthirster,No_Item,Farsight Alteration,Bloodsong,Cloth Armor,Kindlegem,Dead Man's Plate,Frozen Heart,Boots of Swiftness,Oracle Lens,Ravenous Hydra,Trinity Force,Hullbreaker,Death's Dance,Boots,No_Item,Oracle Lens,Sundered Sky,Dead Man's Plate,Spectre's Cowl,Control Ward,Plated Steelcaps,Null-Magic Mantle,Oracle Lens,Hextech Rocketbelt,Sorcerer's Shoes,Seeker's Armguard,Doran's Ring,Dark Seal,Cosmic Drive,Stealth Ward,Edge of Night,Muramana,Caulfield's Warhammer,Boots of Swiftness,Youmuu's Ghostblade,Doran's Blade,Farsight Alteration,No_Item,Bloodsong,Tunneler,Boots of Swiftness,Serrated Dirk,Umbral Glaive,Oracle Lens,Electrocute,Precision,Aftershock,Precision,Lethal Tempo,Resolve,Hail of Blades,Sorcery,Guardian,Domination,Press the Attack,Resolve,Phase Rush,Inspiration,Conqueror,Resolve,Arcane Comet,Precision,Hail of Blades,Resolve,Flash,Teleport,Smite,Flash,Flash,Teleport,Ghost,Flash,Flash,Exhaust,Flash,Teleport,Flash,Smite,Teleport,Flash,Barrier,Flash,Ignite,Flash,1,6,0,0,0,2
https://www.op.gg/summoners/euw/LiL%20TommyG-EUW/matches/uRd1PvnOddq4aGHLa6kmaDqLYp6ud0gS0whHVqXTTtU%3D/1734537878000,0,10,28,28,10,54,12,106,82,28,46,0,4,0,1,4,7,0,5,49735,56472,13.2,15.6,894,872,30.9,30.0,-6737,6737,1724.1466666666665,1957.696,Gnar,Wukong,Hwei,Jinx,Bard,Zilean,Shaco,Anivia,Kog'Maw,Janna,Doran's Shield,Mercury's Treads,Ruby Crystal,Trinity Force,Wit's End,Tunneler,Farsight Alteration,Trinity Force,Sundered Sky,Control Ward,Mercury's Treads,Null-Magic Mantle,Ruby Crystal,Oracle Lens,Horizon Focus,Luden's Companion,Sorcerer's Shoes,Shadowflame,Aether Wisp,Amplifying Tome,Farsight Alteration,Doran's Blade,Berserker's Greaves,Kraken Slayer,Hullbreaker,Zeal,Dagger,Farsight Alteration,Bloodsong,Cloth Armor,Null-Magic Mantle,Dead Man's Plate,Kindlegem,Boots of Swiftness,Oracle Lens,Doran's Ring,Ionian Boots of Lucidity,Seraph's Embrace,Frozen Heart,Fiendish Codex,Control Ward,Stealth Ward,No_Item,Youmuu's Ghostblade,Voltaic Cyclosword,Opportunity,Berserker's Greaves,Noonquiver,Oracle Lens,Zhonya's Hourglass,Haunting Guise,Seraph's Embrace,Rod of Ages,Doran's Ring,Sorcerer's Shoes,Farsight Alteration,Doran's Blade,Blade of The Ruined King,Guinsoo's Rageblade,Terminus,Berserker's Greaves,Chain Vest,Farsight Alteration,Dream Maker,Shurelya's Battlesong,Redemption,Boots of Swiftness,Mejai's Soulstealer,No_Item,Oracle Lens,Fleet Footwork,Resolve,Conqueror,Inspiration,Arcane Comet,Precision,Lethal Tempo,Sorcery,Guardian,Domination,Summon Aery,Inspiration,Hail of Blades,Precision,Electrocute,Precision,Lethal Tempo,Resolve,Summon Aery,Inspiration,Teleport,Flash,Flash,Smite,Flash,Teleport,Flash,Barrier,Flash,Ignite,Teleport,Flash,Smite,Ignite,Flash,Teleport,Flash,Barrier,Flash,Heal,1,3,0,0,0,1
https://www.op.gg/summoners/euw/LiL%20TommyG-EUW/matches/uRd1PvnOddr-bqDZQkwgPu3rq56L3M270UemxT6RzVo%3D/1734535507000,0,5,25,25,5,36,5,36,31,8,9,0,1,0,0,0,2,0,1,24101,32427,9.0,9.8,442,475,28.4,30.5,-8326,8326,1549.35,2084.592857142857,Gnar,Skarner,Zed,Katarina,Bard,Tahm Kench,Shaco,Riven,Seraphine,Leona,Refillable Potion,Trinity Force,Plated Steelcaps,Doran's Blade,No_Item,No_Item,Stealth Ward,Gustwalker Hatchling,Heartsteel,Null-Magic Mantle,No_Item,Slightly Magical Footwear,No_Item,Oracle Lens,Eclipse,No_Item,No_Item,Doran's Blade,Mercury's Treads,No_Item,Oracle Lens,Doran's Shield,Refillable Potion,Mercury's Treads,Recurve Bow,Pickaxe,Long Sword,Stealth Ward,Bloodsong,Winged Moonplate,Chain Vest,Ruby Crystal,No_Item,Boots of Swiftness,Oracle Lens,Cloth Armor,Doran's Shield,Heartsteel,Slightly Magical Footwear,No_Item,No_Item,Stealth Ward,No_Item,Youmuu's Ghostblade,Plated Steelcaps,Hearthbound Axe,Ruby Crystal,Gustwalker Hatchling,Oracle Lens,Refillable Potion,Caulfield's Warhammer,Long Sword,Doran's Blade,Eclipse,Boots,Stealth Ward,Seraph's Embrace,Ionian Boots of Lucidity,Dark Seal,Doran's Ring,Needlessly Large Rod,Amplifying Tome,Stealth Ward,Bloodsong,Cloth Armor,Rejuvenation Bead,Plated Steelcaps,Kindlegem,No_Item,Oracle Lens,Fleet Footwork,Resolve,Grasp of the Undying,Inspiration,First Strike,Precision,Conqueror,Resolve,Guardian,Domination,Grasp of the Undying,Inspiration,Hail of Blades,Precision,Conqueror,Sorcery,Summon Aery,Precision,Aftershock,Inspiration,Teleport,Flash,Smite,Ghost,Flash,Teleport,Flash,Teleport,Flash,Ignite,Flash,Teleport,Smite,Ignite,Ignite,Flash,Teleport,Flash,Flash,Ignite,0,2,0,0,4,0
https://www.op.gg/summoners/euw/LiL%20TommyG-EUW/matches/uRd1PvnOddr3ustE4psN2kL_ufVPUIvmk1RWyXVQDi0%3D/1734457073000,1,27,14,14,27,19,25,34,61,16,6,2,1,1,0,5,1,3,1,46564,35935,12.8,11.2,655,577,31.7,27.8,10629,-10629,2235.0719999999997,1724.8799999999999,Olaf,Viego,LeBlanc,Ezreal,Alistar,Ambessa,Hecarim,Akali,Corki,Bard,Doran's Blade,Plated Steelcaps,No_Item,Death's Dance,Experimental Hexplate,Ravenous Hydra,Oracle Lens,Titanic Hydra,Kraken Slayer,Slightly Magical Footwear,Tunneler,Control Ward,No_Item,Oracle Lens,Doran's Ring,Sorcerer's Shoes,Luden's Companion,Stormsurge,Mejai's Soulstealer,Needlessly Large Rod,Oracle Lens,Doran's Blade,Muramana,Trinity Force,Ionian Boots of Lucidity,Long Sword,Ruby Crystal,Farsight Alteration,Dream Maker,Knight's Vow,Locket of the Iron Solari,Plated Steelcaps,No_Item,No_Item,Oracle Lens,Eclipse,Long Sword,The Brutalizer,Plated Steelcaps,Long Sword,Doran's Blade,Stealth Ward,Sundered Sky,Eclipse,Plated Steelcaps,Ruby Crystal,No_Item,No_Item,Stealth Ward,Stormsurge,Needlessly Large Rod,Dark Seal,No_Item,Boots,Hextech Alternator,Oracle Lens,Boots,Refillable Potion,Executioner's Calling,Trinity Force,Muramana,Doran's Blade,Farsight Alteration,Bloodsong,Control Ward,Cloth Armor,Dead Man's Plate,No_Item,Boots of Swiftness,Oracle Lens,Conqueror,Inspiration,Conqueror,Inspiration,Electrocute,Sorcery,Press the Attack,Inspiration,Glacial Augment,Resolve,Grasp of the Undying,Domination,Conqueror,Inspiration,Electrocute,Resolve,Conqueror,Resolve,Guardian,Domination,Flash,Ghost,Smite,Flash,Flash,Teleport,Flash,Barrier,Flash,Heal,Teleport,Flash,Ghost,Smite,Flash,Teleport,Barrier,Flash,Flash,Ignite,1,5,0,0,0,0
https://www.op.gg/summoners/euw/LiL%20TommyG-EUW/matches/uRd1PvnOddrnjQ84Tak06UHkqG418g92nlv67Jhl9E0%3D/1734447921000,1,39,18,18,39,26,70,60,60,23,21,1,1,1,0,8,3,2,1,54963,42925,13.8,11.6,743,626,31.200000000000003,26.2,12038,-12038,2287.477456647399,1786.4739884393064,Jax,Ivern,Akali,Xayah,Rakan,Jayce,Warwick,Gwen,Ezreal,Bard,Doran's Shield,Spear of Shojin,Trinity Force,Pickaxe,Ruby Crystal,Plated Steelcaps,Stealth Ward,Staff of Flowing Water,Dark Seal,Redemption,Ionian Boots of Lucidity,Moonstone Renewer,Forbidden Idol,Oracle Lens,Doran's Ring,Zhonya's Hourglass,Dark Seal,Stormsurge,Shadowflame,Sorcerer's Shoes,Oracle Lens,Navori Flickerblade,Infinity Edge,Berserker's Greaves,Vampiric Scepter,B. F. Sword,Doran's Blade,Farsight Alteration,Ionian Boots of Lucidity,Celestial Opposition,Locket of the Iron Solari,Zeke's Convergence,No_Item,Control Ward,Oracle Lens,Doran's Blade,Muramana,Mercury's Treads,Eclipse,Caulfield's Warhammer,No_Item,Stealth Ward,Stridebreaker,Kindlegem,Blade of The Ruined King,Mercury's Treads,Null-Magic Mantle,Ruby Crystal,Oracle Lens,Nashor's Tooth,Shadowflame,Amplifying Tome,No_Item,Sorcerer's Shoes,No_Item,Farsight Alteration,Doran's Blade,Muramana,Control Ward,Trinity Force,Ionian Boots of Lucidity,No_Item,Farsight Alteration,Bloodsong,Dead Man's Plate,Giant's Belt,Cloth Armor,Boots of Swiftness,Null-Magic Mantle,Oracle Lens,Grasp of the Undying,Inspiration,Summon Aery,Inspiration,Electrocute,Resolve,Press the Attack,Inspiration,Guardian,Domination,Conqueror,Resolve,Press the Attack,Inspiration,Dark Harvest,Sorcery,Press the Attack,Inspiration,Guardian,Domination,Flash,Teleport,Flash,Smite,Flash,Teleport,Flash,Barrier,Flash,Ignite,Flash,Teleport,Smite,Flash,Ghost,Teleport,Barrier,Flash,Flash,Ignite,0,1,1,1,2,0
https://www.op.gg/summoners/euw/LiL%20TommyG-EUW/matches/uRd1PvnOddrv2aeOUxJU1HBr9BiP4R2wdCRDBm4uA78%3D/1734446147000,0,14,21,21,14,50,22,71,66,28,21,2,0,0,1,0,7,2,1,42761,53618,12.6,14.0,742,863,28.5,33.0,-10857,10857,1641.0978378378377,2057.7718918918918,Darius,Nocturne,Swain,Caitlyn,Braum,Gnar,Ivern,Yone,Ziggs,Nautilus,Sterak's Gage,Stridebreaker,Plated Steelcaps,No_Item,No_Item,No_Item,Stealth Ward,Stridebreaker,Tunneler,Serpent's Fang,No_Item,Mercury's Treads,No_Item,Farsight Alteration,Blackfire Torch,Liandry's Torment,Boots of Swiftness,Dark Seal,Doran's Ring,Seeker's Armguard,Farsight Alteration,Yun Tal Wildarrows,Pickaxe,Berserker's Greaves,Lord Dominik's Regards,Cloak of Agility,Doran's Blade,Farsight Alteration,Celestial Opposition,Locket of the Iron Solari,Null-Magic Mantle,Kindlegem,Plated Steelcaps,No_Item,Oracle Lens,"Jak'Sho, The Protean",Sterak's Gage,Mercury's Treads,Trinity Force,Ruby Crystal,No_Item,Farsight Alteration,Moonstone Renewer,Ionian Boots of Lucidity,Redemption,Mejai's Soulstealer,Forbidden Idol,No_Item,Oracle Lens,Doran's Shield,Navori Flickerblade,Blade of The Ruined King,Berserker's Greaves,Immortal Shieldbow,No_Item,Farsight Alteration,Liandry's Torment,Blackfire Torch,Rabadon's Deathcap,Tear of the Goddess,Sorcerer's Shoes,No_Item,Farsight Alteration,Plated Steelcaps,Locket of the Iron Solari,Kindlegem,Celestial Opposition,No_Item,Chain Vest,Oracle Lens,Conqueror,Sorcery,Lethal Tempo,Domination,Summon Aery,Precision,Lethal Tempo,Inspiration,Guardian,Precision,Grasp of the Undying,Precision,Summon Aery,Inspiration,Grasp of the Undying,Precision,Arcane Comet,Inspiration,Aftershock,Inspiration,Ghost,Flash,Smite,Flash,Teleport,Flash,Flash,Barrier,Flash,Ignite,Flash,Teleport,Flash,Smite,Teleport,Flash,Teleport,Flash,Ignite,Flash,0,5,0,1,1,1
https://www.op.gg/summoners/euw/LiL%20TommyG-EUW/matches/uRd1PvnOddpJ67pVgTYopixdQzyQbEhWf6wvPEfPgkU%3D/1734209193000,0,27,39,39,27,77,37,70,93,28,25,1,3,0,1,2,11,1,4,56372,67095,14.2,16.0,857,891,27.2,28.299999999999997,-10723,10723,1808.1584905660375,2152.1037735849054,Rumble,Viego,Qiyana,Twitch,Blitzcrank,Aatrox,Bel'Veth,Jayce,Hwei,Bard,Shattered Armguard,Boots of Swiftness,Liandry's Torment,Shadowflame,Rabadon's Deathcap,No_Item,Oracle Lens,Sundered Sky,Kraken Slayer,Plated Steelcaps,Tunneler,Pickaxe,Ruby Crystal,Oracle Lens,Youmuu's Ghostblade,Profane Hydra,Serrated Dirk,Serylda's Grudge,No_Item,Boots,Oracle Lens,Zhonya's Hourglass,Mejai's Soulstealer,Rabadon's Deathcap,Berserker's Greaves,Nashor's Tooth,Doran's Ring,Farsight Alteration,Locket of the Iron Solari,Bloodsong,Dead Man's Plate,Boots of Swiftness,No_Item,Control Ward,Oracle Lens,Doran's Shield,Spear of Shojin,No_Item,Maw of Malmortius,Sundered Sky,Mercury's Treads,Farsight Alteration,Plated Steelcaps,Kraken Slayer,Thornmail,Spectre's Cowl,Null-Magic Mantle,Blade of The Ruined King,Oracle Lens,Youmuu's Ghostblade,Edge of Night,Hexdrinker,Muramana,Boots of Swiftness,Doran's Blade,Oracle Lens,Mejai's Soulstealer,Needlessly Large Rod,Sorcerer's Shoes,Liandry's Torment,Blackfire Torch,Shadowflame,Farsight Alteration,Bloodsong,Locket of the Iron Solari,No_Item,Dead Man's Plate,Abyssal Mask,Boots of Swiftness,Oracle Lens,Arcane Comet,Resolve,Conqueror,Inspiration,Electrocute,Precision,Hail of Blades,Precision,Glacial Augment,Sorcery,Conqueror,Resolve,Press the Attack,Domination,Conqueror,Resolve,Arcane Comet,Precision,Guardian,Domination,Ignite,Flash,Smite,Flash,Flash,Teleport,Flash,Barrier,Flash,Ignite,Flash,Teleport,Smite,Flash,Flash,Teleport,Flash,Teleport,Flash,Exhaust,0,3,0,1,3,3
https://www.op.gg/summoners/euw/LiL%20TommyG-EUW/matches/uRd1PvnOddpPjWVtF6Fr_4T0GIs_-DFTIXiG0poLCgM%3D/1734205838000,1,38,29,30,38,37,75,66,89,20,14,2,2,0,1,9,3,2,3,63698,58173,15.4,14.4,923,821,31.2,27.8,5525,-5525,2165.1044334975372,1977.3088669950741,K'Sante,Kindred,Taliyah,Corki,Neeko,Aurora,Jarvan IV,Cho'Gath,Draven,Bard,Mercury's Treads,Negatron Cloak,Iceborn Gauntlet,Giant's Belt,Kaenic Rookern,Chain Vest,Farsight Alteration,The Collector,Trinity Force,Boots of Swiftness,Lord Dominik's Regards,Cloak of Agility,Pickaxe,Oracle Lens,Sorcerer's Shoes,Seraph's Embrace,Rylai's Crystal Scepter,Liandry's Torment,Dark Seal,Blasting Wand,Farsight Alteration,Trinity Force,Muramana,Infinity Edge,Plated Steelcaps,Rapid Firecannon,Faerie Charm,Farsight Alteration,Zaz'Zak's Realmspike,Liandry's Torment,Hextech Rocketbelt,Oblivion Orb,No_Item,Ionian Boots of Lucidity,Oracle Lens,Shadowflame,Liandry's Torment,Void Staff,Sorcerer's Shoes,Amplifying Tome,Amplifying Tome,Stealth Ward,Randuin's Omen,Ruby Crystal,Ruby Crystal,Sundered Sky,Eclipse,Ionian Boots of Lucidity,Oracle Lens,"Jak'Sho, The Protean",Lost Chapter,Riftmaker,Mercury's Treads,Fiendish Codex,No_Item,Farsight Alteration,Infinity Edge,The Collector,Bloodthirster,Lord Dominik's Regards,Berserker's Greaves,No_Item,Farsight Alteration,Bloodsong,Locket of the Iron Solari,Ruby Crystal,Dead Man's Plate,Negatron Cloak,Boots of Swiftness,Oracle Lens,Grasp of the Undying,Inspiration,Conqueror,Domination,Conqueror,Sorcery,Conqueror,Inspiration,Arcane Comet,Domination,Grasp of the Undying,Precision,Conqueror,Inspiration,Hail of Blades,Inspiration,Lethal Tempo,Domination,Guardian,Domination,Flash,Teleport,Flash,Smite,Teleport,Flash,Flash,Barrier,Flash,Ignite,Teleport,Flash,Smite,Flash,Flash,Teleport,Flash,Barrier,Flash,Ignite,0,3,1,1,3,0
https://www.op.gg/summoners/euw/LiL%20TommyG-EUW/matches/uRd1PvnOddqu4wYJQGw8OY27KQGDAaG5-8dj8oRaIFo%3D/1734122129000,0,7,18,18,7,21,10,37,31,6,9,0,1,0,0,0,3,0,1,24384,33055,8.6,9.6,410,499,26.9,32.9,-8671,8671,1597.5724137931034,2165.6724137931033,Vayne,Viego,Taliyah,Draven,Bard,Renekton,Kha'Zix,Sylas,Corki,Sona,Hearthbound Axe,Refillable Potion,Phage,Berserker's Greaves,Doran's Blade,Long Sword,Stealth Ward,Gustwalker Hatchling,Trinity Force,Control Ward,Long Sword,Slightly Magical Footwear,Long Sword,Oracle Lens,Doran's Ring,Luden's Companion,Sorcerer's Shoes,Dark Seal,Fiendish Codex,No_Item,Stealth Ward,Doran's Blade,Serrated Dirk,Boots,Long Sword,Long Sword,Pickaxe,Stealth Ward,Bloodsong,Boots of Swiftness,Winged Moonplate,Chain Vest,No_Item,No_Item,Oracle Lens,Doran's Shield,Plated Steelcaps,Pickaxe,Stridebreaker,No_Item,No_Item,Stealth Ward,Gustwalker Hatchling,Youmuu's Ghostblade,Opportunity,No_Item,No_Item,No_Item,Eye of the Herald,Refillable Potion,Hextech Rocketbelt,Doran's Ring,Dark Seal,Sorcerer's Shoes,No_Item,Oracle Lens,Trinity Force,Caulfield's Warhammer,Plated Steelcaps,Doran's Blade,Long Sword,Tear of the Goddess,Farsight Alteration,Bloodsong,Rod of Ages,Dark Seal,No_Item,No_Item,Plated Steelcaps,Oracle Lens,Press the Attack,Resolve,Conqueror,Inspiration,Electrocute,Precision,Lethal Tempo,Domination,Guardian,Domination,Conqueror,Resolve,Dark Harvest,Sorcery,Electrocute,Resolve,Conqueror,Inspiration,Summon Aery,Inspiration,Flash,Ghost,Smite,Flash,Ignite,Flash,Flash,Cleanse,Flash,Ignite,Flash,Teleport,Smite,Flash,Flash,Teleport,Flash,Barrier,Flash,Heal,0,1,0,1,2,0
https://www.op.gg/summoners/euw/LiL%20TommyG-EUW/matches/uRd1PvnOddpDSfbC79L4rx-e8wMxF6JTzZamRD9rsDc%3D/1734120138000,0,44,45,45,44,76,73,121,148,53,52,3,3,0,2,7,8,3,5,87752,91890,17.4,17.6,1235,1322,26.599999999999998,28.5,-4138,4138,1873.3573033707867,1961.6966292134834,Nidalee,Wukong,Veigar,Hwei,Lux,Aurora,Gragas,Yasuo,Corki,Bard,Boots of Swiftness,Trinity Force,Shattered Armguard,Abyssal Mask,Sundered Sky,Dead Man's Plate,Oracle Lens,Sundered Sky,Trinity Force,Plated Steelcaps,Maw of Malmortius,Guardian Angel,Kaenic Rookern,Oracle Lens,Hextech Rocketbelt,Seraph's Embrace,Horizon Focus,Void Staff,Rabadon's Deathcap,Boots of Swiftness,Farsight Alteration,Rabadon's Deathcap,Seraph's Embrace,Void Staff,Banshee's Veil,Sorcerer's Shoes,Liandry's Torment,Farsight Alteration,Boots of Swiftness,Zhonya's Hourglass,Celestial Opposition,Shadowflame,Luden's Companion,Control Ward,Oracle Lens,Rabadon's Deathcap,Zhonya's Hourglass,Shadowflame,Malignance,Banshee's Veil,Sorcerer's Shoes,Oracle Lens,Shadowflame,Stormsurge,Rabadon's Deathcap,Blighting Jewel,Sorcerer's Shoes,Lich Bane,Oracle Lens,Infinity Edge,Mercurial Scimitar,Stridebreaker,Immortal Shieldbow,Berserker's Greaves,"Jak'Sho, The Protean",Oracle Lens,Plated Steelcaps,Muramana,Bloodthirster,Maw of Malmortius,Trinity Force,Lord Dominik's Regards,Farsight Alteration,Bloodsong,Locket of the Iron Solari,Negatron Cloak,Abyssal Mask,Force of Nature,Mercury's Treads,Oracle Lens,Grasp of the Undying,Precision,Conqueror,Inspiration,First Strike,Resolve,Arcane Comet,Precision,Aftershock,Domination,Grasp of the Undying,Precision,Dark Harvest,Inspiration,Grasp of the Undying,Precision,Conqueror,Inspiration,Guardian,Domination,Flash,Teleport,Flash,Smite,Flash,Teleport,Flash,Teleport,Flash,Heal,Teleport,Flash,Flash,Smite,Teleport,Flash,Flash,Barrier,Flash,Ignite,1,6,0,0,0,1
https://www.op.gg/summoners/euw/LiL%20TommyG-EUW/matches/uRd1PvnOddp6oK66_yIuRtcoQWmwD8zLanDNtNioDpQ%3D/1734116342000,0,15,23,23,15,35,15,50,46,11,13,0,2,0,0,1,10,0,2,36712,47971,10.6,12.0,555,705,26.9,34.1,-11259,11259,1773.7258426966291,2317.7,Heimerdinger,Ivern,Yone,Draven,Bard,Viktor,Kayn,Ahri,Caitlyn,Lulu,Sorcerer's Shoes,Blackfire Torch,Zhonya's Hourglass,Amplifying Tome,Amplifying Tome,Doran's Ring,Oracle Lens,Gustwalker Hatchling,Moonstone Renewer,Redemption,Control Ward,Dark Seal,Ionian Boots of Lucidity,Stealth Ward,Doran's Shield,Blade of The Ruined King,Refillable Potion,Berserker's Greaves,Noonquiver,No_Item,Farsight Alteration,Doran's Blade,Bloodthirster,The Collector,Long Sword,No_Item,Berserker's Greaves,Farsight Alteration,Bloodsong,Kindlegem,Dead Man's Plate,No_Item,No_Item,Boots of Swiftness,Oracle Lens,Tear of the Goddess,Mercury's Treads,Ruby Crystal,Glowing Mote,Abyssal Mask,Doran's Ring,Farsight Alteration,Serpent's Fang,Voltaic Cyclosword,Mercury's Treads,Long Sword,No_Item,No_Item,Stealth Ward,Horizon Focus,Malignance,Sorcerer's Shoes,Dark Seal,Doran's Ring,Rabadon's Deathcap,Oracle Lens,Berserker's Greaves,No_Item,Doran's Blade,The Collector,Rapid Firecannon,Infinity Edge,Farsight Alteration,Redemption,Dream Maker,No_Item,Ionian Boots of Lucidity,Moonstone Renewer,No_Item,Oracle Lens,Conqueror,Sorcery,Summon Aery,Inspiration,Fleet Footwork,Resolve,Lethal Tempo,Domination,Guardian,Domination,Grasp of the Undying,Sorcery,Conqueror,Inspiration,Electrocute,Sorcery,Lethal Tempo,Sorcery,Summon Aery,Resolve,Flash,Teleport,Flash,Smite,Teleport,Flash,Flash,Barrier,Flash,Exhaust,Flash,Teleport,Flash,Smite,Teleport,Flash,Flash,Barrier,Flash,Heal,1,0,0,0,6,1
https://www.op.gg/summoners/euw/LiL%20TommyG-EUW/matches/uRd1PvnOddrPwZT32obovowCy11wMO5rFwX2OJ9S7U4%3D/1734114520000,1,30,15,16,30,18,47,84,57,23,20,1,2,0,0,7,1,1,2,52336,40225,13.6,12.4,789,712,33.6,30.3,12111,-12111,2221.088780487805,1707.1097560975609,Galio,Viego,Viktor,Corki,Bard,Zilean,Vi,Yasuo,Zyra,Heimerdinger,Doran's Shield,Riftmaker,Hollow Radiance,No_Item,Frozen Heart,Mercury's Treads,Farsight Alteration,Mercury's Treads,Kraken Slayer,Tunneler,Negatron Cloak,Ruby Crystal,Sundered Sky,Oracle Lens,Hextech Alternator,Boots of Swiftness,Zhonya's Hourglass,Refillable Potion,Doran's Ring,Lich Bane,Farsight Alteration,No_Item,Mercury's Treads,Quicksilver Sash,Trinity Force,Vampiric Scepter,Muramana,Farsight Alteration,Bloodsong,No_Item,Abyssal Mask,Dead Man's Plate,No_Item,Boots of Swiftness,Oracle Lens,Doran's Ring,Ionian Boots of Lucidity,Seraph's Embrace,Kindlegem,Fiendish Codex,Amplifying Tome,Stealth Ward,Mercury's Treads,Sundered Sky,Black Cleaver,Long Sword,Ruby Crystal,Control Ward,Oracle Lens,Doran's Shield,Blade of The Ruined King,Immortal Shieldbow,B. F. Sword,Cloak of Agility,Berserker's Greaves,Farsight Alteration,Doran's Ring,Liandry's Torment,Sorcerer's Shoes,Sapphire Crystal,Blighting Jewel,Blasting Wand,Farsight Alteration,Sorcerer's Shoes,Blackfire Torch,Zaz'Zak's Realmspike,Blighting Jewel,Blasting Wand,No_Item,Oracle Lens,Aftershock,Sorcery,Conqueror,Inspiration,Summon Aery,Resolve,Conqueror,Inspiration,Guardian,Domination,Summon Aery,Inspiration,Conqueror,Inspiration,Grasp of the Undying,Precision,Arcane Comet,Precision,Conqueror,Sorcery,Flash,Teleport,Flash,Smite,Flash,Teleport,Barrier,Flash,Flash,Ignite,Teleport,Flash,Flash,Smite,Flash,Teleport,Flash,Teleport,Flash,Exhaust,1,4,1,0,2,0
https://www.op.gg/summoners/euw/LiL%20TommyG-EUW/matches/uRd1PvnOddrnLQCiShNKM6Q8hVk5nriUBsKx1IxypSE%3D/1734112605000,1,45,21,21,45,31,64,79,72,32,21,1,1,1,0,10,1,2,1,62116,44786,14.4,12.8,746,632,29.2,24.8,17330,-17330,2432.8766666666666,1754.1183333333333,Viktor,Viego,Orianna,Corki,Pyke,Zilean,Talon,Sylas,Ezreal,Bard,Iceborn Gauntlet,Mercury's Treads,Fated Ashes,Refillable Potion,Abyssal Mask,No_Item,Stealth Ward,Sundered Sky,Kraken Slayer,Control Ward,Tunneler,Ruby Crystal,Mercury's Treads,Oracle Lens,Seraph's Embrace,Dark Seal,Hextech Alternator,Stormsurge,Sorcerer's Shoes,Needlessly Large Rod,Farsight Alteration,Boots,Immortal Shieldbow,Rapid Firecannon,B. F. Sword,Trinity Force,Muramana,Farsight Alteration,Youmuu's Ghostblade,Voltaic Cyclosword,Bloodsong,Synchronized Souls,Serpent's Fang,Umbral Glaive,Oracle Lens,Cosmic Drive,Seraph's Embrace,Ionian Boots of Lucidity,No_Item,No_Item,No_Item,Stealth Ward,Edge of Night,Hubris,No_Item,No_Item,Youmuu's Ghostblade,Slightly Magical Footwear,Oracle Lens,Zhonya's Hourglass,Hextech Rocketbelt,Refillable Potion,Sorcerer's Shoes,Cosmic Drive,No_Item,Oracle Lens,Doran's Blade,Trinity Force,Ionian Boots of Lucidity,Muramana,No_Item,No_Item,Farsight Alteration,Bloodsong,Locket of the Iron Solari,No_Item,Dead Man's Plate,No_Item,Boots of Swiftness,Oracle Lens,Grasp of the Undying,Sorcery,Conqueror,Inspiration,Summon Aery,Inspiration,Conqueror,Inspiration,Hail of Blades,Resolve,Summon Aery,Inspiration,Conqueror,Inspiration,Electrocute,Resolve,Conqueror,Inspiration,Guardian,Domination,Flash,Teleport,Flash,Smite,Flash,Teleport,Barrier,Flash,Ignite,Flash,Teleport,Flash,Ignite,Smite,Flash,Teleport,Flash,Barrier,Flash,Exhaust,1,4,2,0,2,0
https://www.op.gg/summoners/euw/LiL%20TommyG-EUW/matches/uRd1PvnOddqKnol9iAJ-BlmwoOUK4e0rlJNLqTM6fcA%3D/1734110103000,0,28,27,27,28,47,53,96,123,48,40,2,3,0,1,5,9,2,4,65783,68482,15.6,16.0,1058,1012,30.7,29.4,-2699,2699,1905.6186507936509,1983.8039682539684,Darius,Sylas,Garen,Varus,Thresh,Galio,Viego,Jayce,Caitlyn,Bard,Stridebreaker,Dead Man's Plate,Death's Dance,Negatron Cloak,Plated Steelcaps,Chain Vest,Oracle Lens,Hextech Rocketbelt,Dark Seal,Shadowflame,Sorcerer's Shoes,Rabadon's Deathcap,Amplifying Tome,Stealth Ward,Stridebreaker,No_Item,Phantom Dancer,The Collector,Boots of Swiftness,Dead Man's Plate,Oracle Lens,"Jak'Sho, The Protean",Berserker's Greaves,Blade of The Ruined King,Zeal,Terminus,Guinsoo's Rageblade,Farsight Alteration,Solstice Sleigh,Trailblazer,Warmog's Armor,Control Ward,No_Item,Boots of Swiftness,Oracle Lens,Needlessly Large Rod,Shadowflame,Zhonya's Hourglass,Sorcerer's Shoes,Dark Seal,Stormsurge,Oracle Lens,Sundered Sky,Black Cleaver,Plated Steelcaps,Null-Magic Mantle,No_Item,Trinity Force,Oracle Lens,Youmuu's Ghostblade,Serylda's Grudge,Doran's Blade,Muramana,Ionian Boots of Lucidity,Edge of Night,Oracle Lens,Doran's Blade,Voltaic Cyclosword,Infinity Edge,Lord Dominik's Regards,Zeal,Boots of Swiftness,Farsight Alteration,Bloodsong,Locket of the Iron Solari,No_Item,Dead Man's Plate,Giant's Belt,Boots of Swiftness,Oracle Lens,Conqueror,Sorcery,Dark Harvest,Inspiration,Phase Rush,Resolve,Lethal Tempo,Inspiration,Aftershock,Inspiration,Aftershock,Sorcery,Conqueror,Inspiration,Phase Rush,Inspiration,Hail of Blades,Sorcery,Guardian,Domination,Flash,Ghost,Flash,Smite,Flash,Ignite,Barrier,Flash,Flash,Ignite,Flash,Ghost,Smite,Flash,Flash,Teleport,Flash,Cleanse,Flash,Ignite,1,1,0,0,0,1
https://www.op.gg/summoners/euw/LiL%20TommyG-EUW/matches/uRd1PvnOddqwfYu7fZNNIUTW_mp2EdlVROzj5yz45LU%3D/1734106806000,1,33,14,15,33,16,47,65,51,19,19,1,2,0,0,9,1,1,2,53241,40827,13.2,12.2,796,721,34.4,31.2,12414,-12414,2299.043181818182,1762.9840909090908,Aurora,Xin Zhao,Ahri,Corki,Bard,Zilean,Kayn,Vex,Jinx,Thresh,Shadowflame,Mejai's Soulstealer,Amplifying Tome,Ionian Boots of Lucidity,Luden's Companion,Doran's Ring,Farsight Alteration,Sterak's Gage,Sundered Sky,Plated Steelcaps,No_Item,No_Item,No_Item,Oracle Lens,Sorcerer's Shoes,Banshee's Veil,Malignance,Liandry's Torment,Dark Seal,Amplifying Tome,Oracle Lens,Trinity Force,Muramana,Doran's Blade,Mercury's Treads,Rapid Firecannon,No_Item,Farsight Alteration,Bloodsong,Giant's Belt,Negatron Cloak,Dead Man's Plate,Chain Vest,Boots of Swiftness,Oracle Lens,Doran's Ring,Seraph's Embrace,Ionian Boots of Lucidity,Cosmic Drive,No_Item,Control Ward,Stealth Ward,Last Whisper,Edge of Night,Voltaic Cyclosword,Mercury's Treads,Long Sword,No_Item,Oracle Lens,Needlessly Large Rod,Stormsurge,Control Ward,Luden's Companion,Dark Seal,Sorcerer's Shoes,Oracle Lens,Doran's Blade,Infinity Edge,Berserker's Greaves,The Collector,No_Item,No_Item,Farsight Alteration,Solstice Sleigh,No_Item,Locket of the Iron Solari,Ionian Boots of Lucidity,Kindlegem,Chain Vest,Oracle Lens,Electrocute,Sorcery,Hail of Blades,Precision,Electrocute,Sorcery,Conqueror,Inspiration,Guardian,Domination,Summon Aery,Inspiration,Conqueror,Inspiration,Electrocute,Sorcery,Press the Attack,Sorcery,Aftershock,Inspiration,Teleport,Flash,Flash,Smite,Flash,Teleport,Flash,Barrier,Flash,Ignite,Teleport,Flash,Smite,Flash,Flash,Teleport,Barrier,Flash,Ignite,Flash,1,6,1,0,0,0
https://www.op.gg/summoners/euw/LiL%20TommyG-EUW/matches/uRd1PvnOddpgb8yxvREo6ML-EOMsNtA1tmJq2Em59iY%3D/1734023762000,0,27,34,34,27,45,51,74,75,18,26,1,2,1,0,2,9,2,2,52804,58121,13.6,13.8,739,867,27.0,31.8,-5317,5317,1931.1177142857143,2125.568,Yone,Graves,Viktor,Corki,Bard,Jax,Wukong,Aurora,Jhin,Rell,Doran's Blade,Blade of The Ruined King,Berserker's Greaves,Immortal Shieldbow,Cloth Armor,Cloth Armor,Oracle Lens,Mortal Reminder,Youmuu's Ghostblade,Immortal Shieldbow,The Collector,Plated Steelcaps,No_Item,Oracle Lens,Needlessly Large Rod,Liandry's Torment,Luden's Companion,Amplifying Tome,Ionian Boots of Lucidity,Dark Seal,Farsight Alteration,Trinity Force,Doran's Blade,Plated Steelcaps,Muramana,Noonquiver,Pickaxe,Farsight Alteration,Bloodsong,Kindlegem,No_Item,Heartsteel,"Jak'Sho, The Protean",Boots of Swiftness,Oracle Lens,Shattered Armguard,Needlessly Large Rod,Plated Steelcaps,No_Item,Trinity Force,Sundered Sky,Stealth Ward,No_Item,Trinity Force,Black Cleaver,Sundered Sky,Tunneler,Plated Steelcaps,Oracle Lens,Stormsurge,Sorcerer's Shoes,Luden's Companion,Dark Seal,Needlessly Large Rod,Doran's Ring,Oracle Lens,Doran's Blade,B. F. Sword,Youmuu's Ghostblade,The Collector,Boots of Swiftness,Mortal Reminder,Farsight Alteration,No_Item,Locket of the Iron Solari,Celestial Opposition,Kindlegem,Boots of Swiftness,Chain Vest,Oracle Lens,Lethal Tempo,Resolve,Dark Harvest,Precision,Summon Aery,Precision,Conqueror,Inspiration,Guardian,Domination,Lethal Tempo,Resolve,Conqueror,Inspiration,Electrocute,Sorcery,Fleet Footwork,Sorcery,Aftershock,Inspiration,Teleport,Flash,Flash,Smite,Teleport,Flash,Flash,Barrier,Flash,Ignite,Flash,Teleport,Smite,Flash,Flash,Teleport,Flash,Barrier,Ignite,Flash,1,0,0,0,6,1
https://www.op.gg/summoners/euw/LiL%20TommyG-EUW/matches/uRd1PvnOddobaLw7ytXjPsMtq_20pJ6RoKfAzFwq0vE%3D/1733939098000,0,9,24,24,9,37,10,60,51,13,19,1,2,0,1,1,10,1,3,38136,53488,12.2,13.8,712,830,30.8,35.9,-15352,15352,1649.1243243243243,2312.9945945945947,Garen,Master Yi,Orianna,Corki,Bard,Jayce,Udyr,Viktor,Taliyah,Janna,Stridebreaker,Boots of Swiftness,Doran's Shield,Phantom Dancer,No_Item,No_Item,Stealth Ward,Guinsoo's Rageblade,Blade of The Ruined King,Dagger,Rectrix,Boots,No_Item,Oracle Lens,Refillable Potion,Seraph's Embrace,Sorcerer's Shoes,Liandry's Torment,Doran's Ring,No_Item,Farsight Alteration,Doran's Blade,Refillable Potion,Trinity Force,Muramana,No_Item,Mercury's Treads,Farsight Alteration,Bloodsong,Warmog's Armor,Ruby Crystal,No_Item,No_Item,Boots of Swiftness,Oracle Lens,Plated Steelcaps,Doran's Blade,Youmuu's Ghostblade,Muramana,Last Whisper,Caulfield's Warhammer,Farsight Alteration,Dead Man's Plate,Mejai's Soulstealer,Liandry's Torment,Plated Steelcaps,Ruby Crystal,Chain Vest,Oracle Lens,Sorcerer's Shoes,Dark Seal,Lich Bane,Stormsurge,Doran's Ring,Shadowflame,Farsight Alteration,Sorcerer's Shoes,Zhonya's Hourglass,Dark Seal,Luden's Companion,Doran's Ring,Blasting Wand,Farsight Alteration,Dark Seal,Moonstone Renewer,Dream Maker,Echoes of Helia,Boots of Swiftness,No_Item,Oracle Lens,Phase Rush,Resolve,Lethal Tempo,Domination,Arcane Comet,Inspiration,Conqueror,Inspiration,Guardian,Domination,Phase Rush,Inspiration,Conqueror,Inspiration,Summon Aery,Resolve,Dark Harvest,Precision,Summon Aery,Domination,Flash,Ignite,Flash,Smite,Flash,Teleport,Teleport,Flash,Flash,Ignite,Teleport,Flash,Flash,Smite,Flash,Teleport,Teleport,Flash,Flash,Heal,0,0,0,1,6,2
https://www.op.gg/summoners/euw/LiL%20TommyG-EUW/matches/uRd1PvnOddqAxeeHjERi1tobCAFlZvjoMNZBfz3Tktk%3D/1733937084000,0,23,31,31,23,60,54,95,117,34,31,3,2,2,0,4,9,5,2,63449,70600,16.2,16.0,973,1071,29.1,32.0,-7151,7151,1886.9591078066915,2099.628252788104,Riven,Bel'Veth,Taliyah,Lux,Nautilus,Kennen,Nocturne,Aurora,Draven,Bard,Hexdrinker,Control Ward,Serylda's Grudge,Eclipse,Sundered Sky,Mercury's Treads,Oracle Lens,Mercury's Treads,Stridebreaker,Kraken Slayer,"Jak'Sho, The Protean",Wit's End,Long Sword,Oracle Lens,Sorcerer's Shoes,Zhonya's Hourglass,Luden's Companion,Verdant Barrier,Rabadon's Deathcap,Dark Seal,Farsight Alteration,Zhonya's Hourglass,No_Item,Luden's Companion,Dark Seal,Rabadon's Deathcap,Sorcerer's Shoes,Farsight Alteration,Locket of the Iron Solari,Bloodsong,Control Ward,Mercury's Treads,Abyssal Mask,Kindlegem,Oracle Lens,Sorcerer's Shoes,Shadowflame,Rabadon's Deathcap,Stormsurge,Void Staff,No_Item,Oracle Lens,Maw of Malmortius,Experimental Hexplate,Stridebreaker,Ionian Boots of Lucidity,No_Item,Ruby Crystal,Farsight Alteration,Luden's Companion,Cryptbloom,Needlessly Large Rod,Stormsurge,Dark Seal,Sorcerer's Shoes,Oracle Lens,Lord Dominik's Regards,The Collector,Infinity Edge,Bloodthirster,Berserker's Greaves,Cloak of Agility,Farsight Alteration,Bloodsong,Chain Vest,Giant's Belt,Warmog's Armor,Negatron Cloak,Boots of Swiftness,Oracle Lens,Conqueror,Resolve,Conqueror,Inspiration,Phase Rush,Precision,Arcane Comet,Precision,Aftershock,Inspiration,Electrocute,Inspiration,Conqueror,Domination,Electrocute,Sorcery,Lethal Tempo,Domination,Guardian,Domination,Teleport,Flash,Smite,Flash,Teleport,Flash,Flash,Teleport,Flash,Ignite,Flash,Teleport,Flash,Smite,Flash,Teleport,Flash,Barrier,Flash,Exhaust,0,0,0,1,6,1
https://www.op.gg/summoners/euw/LiL%20TommyG-EUW/matches/uRd1PvnOddrFSHi8Umlc4_CIod4x9Lf3N12qG7uytiE%3D/1733933970000,1,42,19,19,42,31,65,62,54,17,12,2,2,1,0,9,1,3,2,56886,43816,14.2,12.4,677,648,27.4,26.1,13070,-13070,2294.8329545454544,1767.5772727272727,Aurora,Shaco,Sylas,Yasuo,Bard,Ambessa,Viego,Akali,Seraphine,Rell,Cosmic Drive,No_Item,Seeker's Armguard,Dark Seal,Sorcerer's Shoes,Malignance,Stealth Ward,Eclipse,Dead Man's Plate,No_Item,Cloth Armor,Boots of Swiftness,Abyssal Mask,Oracle Lens,Shattered Armguard,Hextech Rocketbelt,Cosmic Drive,Sorcerer's Shoes,Doran's Ring,Dark Seal,Oracle Lens,Doran's Blade,Blade of The Ruined King,Berserker's Greaves,Immortal Shieldbow,Infinity Edge,Spectre's Cowl,Farsight Alteration,Bloodsong,No_Item,Kindlegem,Heartsteel,"Jak'Sho, The Protean",Boots of Swiftness,Oracle Lens,Ruby Crystal,Eclipse,Tunneler,Voltaic Cyclosword,Plated Steelcaps,Control Ward,Farsight Alteration,Titanic Hydra,No_Item,Kraken Slayer,Plated Steelcaps,No_Item,No_Item,Stealth Ward,Shadowflame,Dark Seal,Sorcerer's Shoes,Stormsurge,Needlessly Large Rod,Amplifying Tome,Oracle Lens,Tear of the Goddess,Dark Seal,Liandry's Torment,Lost Chapter,Ionian Boots of Lucidity,Fated Ashes,Farsight Alteration,Heartsteel,Bloodsong,Control Ward,Locket of the Iron Solari,No_Item,Boots,Oracle Lens,Electrocute,Sorcery,Hail of Blades,Precision,Conqueror,Resolve,Lethal Tempo,Resolve,Guardian,Domination,Grasp of the Undying,Domination,Conqueror,Inspiration,Electrocute,Resolve,Summon Aery,Precision,Aftershock,Inspiration,Teleport,Flash,Ignite,Smite,Flash,Teleport,Exhaust,Flash,Flash,Ignite,Flash,Teleport,Flash,Smite,Ignite,Flash,Teleport,Flash,Flash,Ignite,0,5,1,0,0,0
https://www.op.gg/summoners/euw/LiL%20TommyG-EUW/matches/uRd1PvnOddrZ8TW6DmVXuXasJYNjFQTHvvDvHqijUf4%3D/1733931870000,0,4,20,21,5,21,7,32,40,11,13,0,1,0,0,0,2,0,1,21964,33569,9.0,9.8,406,511,26.8,33.7,-11605,11605,1445.7316455696202,2209.6050632911392,K'Sante,Ivern,Akali,Ezreal,Bard,Camille,Nidalee,Viktor,Draven,Janna,Doran's Shield,Refillable Potion,Chain Vest,Ruby Crystal,Boots,Sheen,Stealth Ward,Gustwalker Hatchling,Ionian Boots of Lucidity,Redemption,Glowing Mote,Dark Seal,No_Item,Oracle Lens,Doran's Shield,Aether Wisp,Hextech Alternator,Dark Seal,Sorcerer's Shoes,Amplifying Tome,Oracle Lens,Doran's Blade,Boots,Sheen,Tear of the Goddess,Phage,Long Sword,Stealth Ward,Bloodsong,Winged Moonplate,Ruby Crystal,No_Item,No_Item,Boots of Swiftness,Oracle Lens,Tiamat,Doran's Shield,Trinity Force,Ionian Boots of Lucidity,No_Item,No_Item,Oracle Lens,No_Item,Liandry's Torment,No_Item,Needlessly Large Rod,Sorcerer's Shoes,Dark Seal,Oracle Lens,Seraph's Embrace,Slightly Magical Footwear,No_Item,Aether Wisp,Glowing Mote,Needlessly Large Rod,Oracle Lens,B. F. Sword,Vampiric Scepter,Berserker's Greaves,The Collector,Cloak of Agility,Doran's Blade,Farsight Alteration,Boots of Swiftness,Shurelya's Battlesong,Mejai's Soulstealer,Zaz'Zak's Realmspike,No_Item,No_Item,Oracle Lens,Grasp of the Undying,Inspiration,Summon Aery,Domination,Electrocute,Resolve,Conqueror,Sorcery,Guardian,Domination,Grasp of the Undying,Inspiration,Conqueror,Domination,First Strike,Resolve,Lethal Tempo,Sorcery,Hail of Blades,Sorcery,Teleport,Flash,Flash,Smite,Flash,Teleport,Exhaust,Flash,Flash,Ignite,Flash,Teleport,Smite,Flash,Teleport,Flash,Flash,Barrier,Heal,Flash,0,0,0,0,6,0
https://www.op.gg/summoners/euw/LiL%20TommyG-EUW/matches/uRd1PvnOddqlcEybD4qABf4pFBU1mTHPtCZ6G23Qwhg%3D/1733930380000,0,24,35,35,24,64,38,86,85,26,38,1,4,0,1,3,9,1,5,57005,67650,15.0,16.0,853,958,27.9,31.3,-10645,10645,1867.823404255319,2216.6170212765956,K'Sante,Viego,Viktor,Lux,Bard,Gnar,Kayn,Akali,Draven,Nautilus,Iceborn Gauntlet,Unending Despair,Spirit Visage,Bramble Vest,Plated Steelcaps,Chain Vest,Oracle Lens,Kraken Slayer,Titanic Hydra,Giant's Belt,Plated Steelcaps,Executioner's Calling,Long Sword,Oracle Lens,Oblivion Orb,Ionian Boots of Lucidity,Blackfire Torch,Dark Seal,Void Staff,Liandry's Torment,Farsight Alteration,Seraph's Embrace,Zhonya's Hourglass,Doran's Ring,Boots,Rabadon's Deathcap,Control Ward,Farsight Alteration,Bloodsong,Dead Man's Plate,Oblivion Orb,Heartsteel,Kindlegem,Boots of Swiftness,Oracle Lens,Trinity Force,Black Cleaver,Spectre's Cowl,Kindlegem,Doran's Blade,Boots of Swiftness,Oracle Lens,Spear of Shojin,Black Cleaver,Sterak's Gage,Ionian Boots of Lucidity,Spectre's Cowl,No_Item,Oracle Lens,Void Staff,Shadowflame,Spectre's Cowl,Mercury's Treads,Negatron Cloak,Liandry's Torment,Oracle Lens,The Collector,Phantom Dancer,Lord Dominik's Regards,Infinity Edge,Zephyr,Bloodthirster,Farsight Alteration,Celestial Opposition,Locket of the Iron Solari,No_Item,Knight's Vow,Boots of Swiftness,Kindlegem,Oracle Lens,Aftershock,Inspiration,Conqueror,Inspiration,Grasp of the Undying,Sorcery,Arcane Comet,Precision,Guardian,Domination,Grasp of the Undying,Precision,Conqueror,Inspiration,Fleet Footwork,Resolve,Lethal Tempo,Domination,Aftershock,Inspiration,Teleport,Flash,Flash,Smite,Teleport,Flash,Flash,Barrier,Flash,Ignite,Flash,Teleport,Flash,Smite,Flash,Teleport,Flash,Heal,Flash,Ignite,1,5,0,0,1,1
https://www.op.gg/summoners/euw/LiL%20TommyG-EUW/matches/uRd1PvnOddqb6JmFGbGsgCYcLBsrcrpKIZZbuJyT6dk%3D/1733927417000,0,35,44,44,35,68,65,73,79,23,32,2,2,0,2,3,10,2,4,63452,73294,15.4,16.8,879,944,27.1,29.2,-9842,9842,1963.4203773584904,2267.965283018868,Urgot,Ambessa,Ornn,Caitlyn,Lux,Gnar,Shaco,Sylas,Corki,Bard,Dead Man's Plate,Sterak's Gage,Tunneler,Boots of Swiftness,Ruby Crystal,Long Sword,Oracle Lens,Spear of Shojin,Mercury's Treads,Voltaic Cyclosword,Death's Dance,Spirit Visage,No_Item,Oracle Lens,"Jak'Sho, The Protean",Unending Despair,Hollow Radiance,No_Item,Plated Steelcaps,Bramble Vest,Stealth Ward,Berserker's Greaves,Zeal,Doran's Blade,Infinity Edge,The Collector,Mortal Reminder,Farsight Alteration,Luden's Companion,Amplifying Tome,Stormsurge,Zaz'Zak's Realmspike,Rabadon's Deathcap,Boots of Swiftness,Oracle Lens,Black Cleaver,Trinity Force,Plated Steelcaps,Death's Dance,Sterak's Gage,B. F. Sword,Oracle Lens,Eclipse,Abyssal Mask,Randuin's Omen,Boots of Swiftness,Ruby Crystal,Dead Man's Plate,Oracle Lens,Zhonya's Hourglass,Hextech Rocketbelt,Cosmic Drive,Sorcerer's Shoes,Needlessly Large Rod,Needlessly Large Rod,Oracle Lens,Rapid Firecannon,Muramana,Trinity Force,Plated Steelcaps,Lord Dominik's Regards,No_Item,Farsight Alteration,Bloodsong,Heartsteel,Imperial Mandate,Giant's Belt,Chain Vest,Boots of Swiftness,Oracle Lens,Phase Rush,Inspiration,Conqueror,Inspiration,Grasp of the Undying,Inspiration,Hail of Blades,Sorcery,Arcane Comet,Precision,Grasp of the Undying,Precision,Hail of Blades,Precision,Conqueror,Resolve,Conqueror,Inspiration,Guardian,Domination,Flash,Teleport,Flash,Smite,Flash,Teleport,Barrier,Flash,Flash,Heal,Teleport,Flash,Ignite,Smite,Flash,Teleport,Flash,Barrier,Flash,Ignite,0,0,0,1,3,2
https://www.op.gg/summoners/euw/LiL%20TommyG-EUW/matches/uRd1PvnOddpTnrf4IJwuFg9LDonSbn3VcapDKI9Sc7g%3D/1733923685000,0,10,26,26,10,38,11,33,49,15,11,0,1,0,0,1,3,0,1,30689,38651,10.2,11.0,557,523,31.4,29.5,-7962,7962,1726.25625,2174.11875,Ambessa,Shaco,Viktor,Corki,Nautilus,Renekton,Rammus,Ahri,Twitch,Bard,Doran's Shield,Eclipse,Long Sword,Plated Steelcaps,Ruby Crystal,No_Item,Oracle Lens,Gustwalker Hatchling,Youmuu's Ghostblade,The Collector,Noonquiver,No_Item,Slightly Magical Footwear,Stealth Ward,Doran's Ring,Blackfire Torch,Fated Ashes,Sorcerer's Shoes,Amplifying Tome,No_Item,Stealth Ward,Doran's Blade,Tear of the Goddess,Refillable Potion,Boots of Swiftness,Trinity Force,No_Item,Stealth Ward,Control Ward,Celestial Opposition,Locket of the Iron Solari,Plated Steelcaps,Ruby Crystal,No_Item,Oracle Lens,Doran's Blade,Eclipse,Refillable Potion,Plated Steelcaps,Tunneler,No_Item,Farsight Alteration,Plated Steelcaps,Chain Vest,Thornmail,Bami's Cinder,Chain Vest,No_Item,Oracle Lens,Sorcerer's Shoes,Horizon Focus,No_Item,Malignance,Doran's Ring,Dark Seal,Oracle Lens,Doran's Blade,Runaan's Hurricane,Berserker's Greaves,The Collector,B. F. Sword,No_Item,Farsight Alteration,Bloodsong,No_Item,Ruby Crystal,Heartsteel,Cloth Armor,Boots of Swiftness,Oracle Lens,Grasp of the Undying,Domination,Hail of Blades,Inspiration,Arcane Comet,Precision,Conqueror,Inspiration,Glacial Augment,Resolve,Conqueror,Resolve,Aftershock,Precision,Summon Aery,Precision,Lethal Tempo,Domination,Guardian,Domination,Flash,Teleport,Ignite,Smite,Flash,Teleport,Barrier,Flash,Flash,Ignite,Flash,Teleport,Smite,Flash,Flash,Teleport,Flash,Barrier,Flash,Exhaust,0,0,0,0,4,0
https://www.op.gg/summoners/euw/LiL%20TommyG-EUW/matches/uRd1PvnOddphAye9RCO3UuGZcV0yaDVbsBAmNm_PqSQ%3D/1733921500000,1,24,13,13,24,17,32,86,55,15,26,1,2,1,0,10,3,2,2,52096,43598,13.8,12.4,732,795,29.2,31.7,8498,-8498,2078.441450777202,1739.4020725388602,Kennen,Jax,Aurora,Jinx,Bard,Rumble,Viego,Sylas,Ezreal,Karma,Hextech Rocketbelt,Needlessly Large Rod,Sorcerer's Shoes,Mejai's Soulstealer,Shadowflame,Void Staff,Oracle Lens,Mercury's Treads,Trinity Force,Sundered Sky,No_Item,No_Item,No_Item,Stealth Ward,Luden's Companion,Control Ward,Void Staff,Doran's Ring,Dark Seal,Sorcerer's Shoes,Oracle Lens,Doran's Blade,Yun Tal Wildarrows,Berserker's Greaves,Infinity Edge,Scout's Slingshot,No_Item,Farsight Alteration,Bloodsong,Cloth Armor,Null-Magic Mantle,Warmog's Armor,Kindlegem,Boots of Swiftness,Oracle Lens,Hextech Rocketbelt,Shadowflame,Control Ward,Amplifying Tome,No_Item,Mercury's Treads,Oracle Lens,Titanic Hydra,Kraken Slayer,Mercury's Treads,Negatron Cloak,Spectre's Cowl,Control Ward,Oracle Lens,Doran's Ring,Mercury's Treads,Hextech Rocketbelt,Dark Seal,Cosmic Drive,Spectre's Cowl,Oracle Lens,Doran's Blade,Trinity Force,Ionian Boots of Lucidity,Muramana,Long Sword,Ruby Crystal,Farsight Alteration,Kindlegem,No_Item,Dream Maker,Echoes of Helia,Forbidden Idol,Synchronized Souls,Oracle Lens,Electrocute,Inspiration,Conqueror,Inspiration,Electrocute,Precision,Fleet Footwork,Sorcery,Guardian,Domination,Arcane Comet,Domination,Conqueror,Inspiration,Conqueror,Resolve,Conqueror,Inspiration,Arcane Comet,Resolve,Teleport,Flash,Flash,Smite,Flash,Teleport,Flash,Barrier,Flash,Ignite,Flash,Teleport,Flash,Smite,Teleport,Flash,Flash,Barrier,Flash,Heal,1,6,2,0,0,0
https://www.op.gg/summoners/euw/LiL%20TommyG-EUW/matches/uRd1PvnOddpEcnVTre749al04rPQI_LzQmw8nJAUDTM%3D/1733919452000,0,37,37,37,37,55,51,97,75,29,29,2,1,0,1,8,9,2,2,63287,66034,14.8,16.0,891,904,28.9,29.2,-2747,2747,2061.6219696969697,2151.107575757576,Irelia,Zac,Annie,Caitlyn,Bard,Gragas,Bel'Veth,Aurora,Jhin,Leona,Mercury's Treads,Blade of The Ruined King,Kraken Slayer,Hullbreaker,Steel Sigil,Wit's End,Farsight Alteration,Bramble Vest,Chain Vest,Ionian Boots of Lucidity,Spirit Visage,Dark Seal,Sunfire Aegis,Oracle Lens,Blasting Wand,Ionian Boots of Lucidity,Liandry's Torment,Doran's Ring,Malignance,Amplifying Tome,Oracle Lens,Infinity Edge,Lord Dominik's Regards,No_Item,The Collector,Slightly Magical Footwear,Hubris,Farsight Alteration,Bloodsong,Kindlegem,Null-Magic Mantle,Heartsteel,"Jak'Sho, The Protean",Boots of Swiftness,Oracle Lens,Seraph's Embrace,Rod of Ages,Warden's Mail,No_Item,Cosmic Drive,Ionian Boots of Lucidity,Stealth Ward,Kraken Slayer,Stridebreaker,Plated Steelcaps,Blade of The Ruined King,Wit's End,Guardian Angel,Oracle Lens,Needlessly Large Rod,Cryptbloom,No_Item,Malignance,Mercury's Treads,Liandry's Torment,Farsight Alteration,The Collector,Boots of Swiftness,Mortal Reminder,Infinity Edge,Doran's Blade,Zeal,Farsight Alteration,Locket of the Iron Solari,Bloodsong,Randuin's Omen,Mercury's Treads,Negatron Cloak,Bramble Vest,Oracle Lens,Conqueror,Resolve,Aftershock,Inspiration,Electrocute,Sorcery,Hail of Blades,Inspiration,Guardian,Domination,Phase Rush,Inspiration,Conqueror,Domination,Arcane Comet,Domination,Dark Harvest,Precision,Aftershock,Inspiration,Flash,Teleport,Flash,Smite,Flash,Teleport,Flash,Cleanse,Flash,Ignite,Flash,Teleport,Flash,Smite,Flash,Teleport,Flash,Barrier,Ignite,Flash,0,5,1,1,1,2
https://www.op.gg/summoners/euw/LiL%20TommyG-EUW/matches/uRd1PvnOddobki2Ojm6_moe2vk7ev3nEP2h3WtH7Q-0%3D/1733916814000,0,17,39,39,17,88,28,77,94,29,20,0,3,0,1,3,10,0,4,56154,64803,14.6,16.0,957,869,30.8,27.9,-8649,8649,1816.7470588235294,2096.5676470588232,Gnar,Viego,Akali,Jinx,Lulu,Malphite,Lee Sin,Garen,Seraphine,Bard,Mercury's Treads,Cloth Armor,Wit's End,Black Cleaver,Ruby Crystal,Trinity Force,Oracle Lens,Kraken Slayer,Pickaxe,Mercury's Treads,Sundered Sky,Phage,Kindlegem,Oracle Lens,Doran's Ring,Void Staff,No_Item,Zhonya's Hourglass,Liandry's Torment,Sorcerer's Shoes,Oracle Lens,Pickaxe,The Collector,Berserker's Greaves,Runaan's Hurricane,Mortal Reminder,Doran's Blade,Farsight Alteration,Dream Maker,Shurelya's Battlesong,Kindlegem,No_Item,Ardent Censer,Ionian Boots of Lucidity,Oracle Lens,Unending Despair,Mejai's Soulstealer,Fimbulwinter,"Jak'Sho, The Protean",Cloth Armor,Ionian Boots of Lucidity,Oracle Lens,Plated Steelcaps,Steel Sigil,Sundered Sky,Pickaxe,Maw of Malmortius,Eclipse,Stealth Ward,Stridebreaker,The Collector,Boots of Swiftness,No_Item,Phantom Dancer,No_Item,Stealth Ward,Redemption,Shurelya's Battlesong,Ionian Boots of Lucidity,Cosmic Drive,Seraph's Embrace,Aether Wisp,Farsight Alteration,Bloodsong,Boots of Swiftness,Dead Man's Plate,Statikk Shiv,Kindlegem,No_Item,Oracle Lens,Grasp of the Undying,Precision,Conqueror,Inspiration,Conqueror,Resolve,Lethal Tempo,Domination,Summon Aery,Resolve,Arcane Comet,Precision,Conqueror,Inspiration,Phase Rush,Resolve,Summon Aery,Inspiration,Guardian,Domination,Teleport,Flash,Flash,Smite,Flash,Teleport,Flash,Barrier,Flash,Heal,Flash,Teleport,Smite,Flash,Flash,Ignite,Flash,Teleport,Ignite,Flash,1,5,0,0,1,2
https://www.op.gg/summoners/euw/LiL%20TommyG-EUW/matches/uRd1PvnOddoY2gw1ChgKeyRzxbH5qk8GeqLyrja-bPM%3D/1733860910000,1,31,15,15,32,25,36,52,39,10,12,2,0,0,0,10,3,2,0,46994,39675,12.6,11.2,622,595,30.5,29.2,7319,-7319,2295.683908045977,1938.1465517241381,Aurora,Wukong,Sylas,Yasuo,Bard,Gangplank,Nidalee,Garen,Kai'Sa,Rell,Needlessly Large Rod,Serrated Dirk,Luden's Companion,Sorcerer's Shoes,Dark Seal,Shadowflame,Oracle Lens,No_Item,Trinity Force,Tunneler,Control Ward,Slightly Magical Footwear,No_Item,Oracle Lens,Needlessly Large Rod,Hextech Rocketbelt,Ionian Boots of Lucidity,Dark Seal,Cosmic Drive,Amplifying Tome,Oracle Lens,Refillable Potion,No_Item,Kraken Slayer,Berserker's Greaves,Immortal Shieldbow,Doran's Blade,Oracle Lens,Bloodsong,Heartsteel,Ruby Crystal,No_Item,No_Item,Boots of Swiftness,Oracle Lens,Trinity Force,Doran's Shield,Mercury's Treads,Cloak of Agility,Long Sword,No_Item,Farsight Alteration,Control Ward,Dark Seal,Sorcerer's Shoes,Lich Bane,Scorchclaw Pup,Rabadon's Deathcap,Oracle Lens,Stridebreaker,Doran's Shield,Boots of Swiftness,Phantom Dancer,Cloak of Agility,No_Item,Stealth Ward,Doran's Blade,Statikk Shiv,Berserker's Greaves,Guinsoo's Rageblade,No_Item,No_Item,Farsight Alteration,Trailblazer,Bloodsong,Kindlegem,Boots of Swiftness,Null-Magic Mantle,Control Ward,Oracle Lens,Electrocute,Sorcery,Conqueror,Inspiration,Conqueror,Resolve,Lethal Tempo,Resolve,Guardian,Domination,Summon Aery,Resolve,Dark Harvest,Inspiration,Phase Rush,Resolve,Press the Attack,Domination,Aftershock,Inspiration,Teleport,Flash,Flash,Smite,Flash,Teleport,Flash,Exhaust,Flash,Ignite,Flash,Teleport,Flash,Smite,Flash,Ignite,Flash,Barrier,Flash,Ignite,0,6,2,1,0,0
https://www.op.gg/summoners/euw/LiL%20TommyG-EUW/matches/uRd1PvnOddps87YSBfrb6itfXmG0GETPVeImai5v3cI%3D/1733858622000,0,10,16,16,10,14,13,41,43,15,13,1,1,0,0,1,4,1,1,28520,34751,9.6,10.6,495,566,30.400000000000002,34.8,-6231,6231,1751.6220472440946,2134.313385826772,Gnar,Xin Zhao,Ahri,Ziggs,Leona,Sylas,Dr. Mundo,Corki,Caitlyn,Bard,Doran's Blade,Trinity Force,Refillable Potion,Boots of Swiftness,No_Item,No_Item,Oracle Lens,Tunneler,Titanic Hydra,Caulfield's Warhammer,Gustwalker Hatchling,Ruby Crystal,Slightly Magical Footwear,Oracle Lens,Doran's Ring,Malignance,Refillable Potion,Boots,Oblivion Orb,No_Item,Oracle Lens,Sorcerer's Shoes,Doran's Ring,Luden's Companion,Tear of the Goddess,No_Item,No_Item,Stealth Ward,Kindlegem,Bloodsong,Null-Magic Mantle,Control Ward,Cloth Armor,Boots of Swiftness,Oracle Lens,Refillable Potion,Lost Chapter,Doran's Ring,Boots,Cosmic Drive,Amplifying Tome,Stealth Ward,Dead Man's Plate,Heartsteel,Boots of Swiftness,Ruby Crystal,Ruby Crystal,No_Item,Eye of the Herald,Doran's Blade,Mercury's Treads,Trinity Force,Tear of the Goddess,Caulfield's Warhammer,Long Sword,Farsight Alteration,Doran's Blade,The Collector,Boots,B. F. Sword,Control Ward,No_Item,Farsight Alteration,Bloodsong,Winged Moonplate,Crystalline Bracer,Control Ward,Giant's Belt,Boots of Swiftness,Oracle Lens,Lethal Tempo,Resolve,Conqueror,Inspiration,Electrocute,Sorcery,Arcane Comet,Precision,Aftershock,Inspiration,Conqueror,Resolve,Fleet Footwork,Inspiration,Conqueror,Inspiration,Lethal Tempo,Sorcery,Guardian,Domination,Flash,Teleport,Smite,Flash,Flash,Teleport,Flash,Teleport,Flash,Ignite,Teleport,Flash,Flash,Smite,Flash,Teleport,Flash,Cleanse,Flash,Ignite,0,3,0,1,3,0
,,-1,-1,-1,-1,-1,-1,-1,-1,-1,-1,-1,-1,-1,-1,-1,-1,-1,-1,-1,-1,-1.0,-1.0,-1,-1,-1.0,-1.0,-1,-1,-1.0,-1.0,,,,,,,,,,,,,,,,,,,,,,,,,,,,,,,,,,,,,,,,,,,,,,,,,,,,,,,,,,,,,,,,,,,,,,,,,,,,,,,,,,,,,,,,,,,,,,,,,,,,,,,,,,,,,,,,,,,,,,,,,-1,-1,-1,-1,-1,-1
https://www.op.gg/summoners/euw/LiL%20TommyG-EUW/matches/uRd1PvnOddoEGmOySnn8osclkvg7JxB_K0vKMzWzwVM%3D/1733855930000,0,26,35,35,26,66,41,74,75,29,32,2,2,0,1,4,8,2,3,54778,64874,14.6,15.8,898,997,30.6,33.8,-10096,10096,1865.4129729729727,2209.2227027027025,Ornn,Karthus,Aurora,Corki,Nami,Gnar,Viego,Syndra,Sivir,Rell,Randuin's Omen,Plated Steelcaps,Unending Despair,Spectre's Cowl,Bramble Vest,Negatron Cloak,Stealth Ward,Rabadon's Deathcap,Blackfire Torch,Fiendish Codex,Sorcerer's Shoes,Void Staff,Control Ward,Oracle Lens,Mercury's Treads,Malignance,Control Ward,Cosmic Drive,Amplifying Tome,Doran's Ring,Oracle Lens,Trinity Force,Muramana,Rapid Firecannon,Infinity Edge,Plated Steelcaps,Doran's Blade,Farsight Alteration,Dream Maker,Shurelya's Battlesong,No_Item,Imperial Mandate,Faerie Charm,Ionian Boots of Lucidity,Oracle Lens,Wit's End,No_Item,Black Cleaver,Mercury's Treads,Trinity Force,Doran's Blade,Oracle Lens,Mercury's Treads,Kraken Slayer,Sterak's Gage,Wit's End,Cloth Armor,Long Sword,Oracle Lens,Luden's Companion,Stormsurge,Blighting Jewel,Sorcerer's Shoes,Mejai's Soulstealer,Blasting Wand,Farsight Alteration,Doran's Blade,Berserker's Greaves,B. F. Sword,Essence Reaver,Lord Dominik's Regards,Infinity Edge,Farsight Alteration,Celestial Opposition,Locket of the Iron Solari,Control Ward,Zeke's Convergence,Ionian Boots of Lucidity,Kindlegem,Oracle Lens,Summon Aery,Resolve,Dark Harvest,Precision,Electrocute,Sorcery,Conqueror,Inspiration,Electrocute,Sorcery,Grasp of the Undying,Precision,Conqueror,Inspiration,Summon Aery,Inspiration,Lethal Tempo,Inspiration,Aftershock,Inspiration,Flash,Teleport,Flash,Smite,Teleport,Flash,Flash,Barrier,Flash,Heal,Teleport,Flash,Smite,Flash,Flash,Teleport,Barrier,Flash,Flash,Ignite,1,6,0,0,0,1
https://www.op.gg/summoners/euw/LiL%20TommyG-EUW/matches/uRd1PvnOddqZyWS1DYm_5g6MmYAcf6tP_piqYG3akVw%3D/1733853032000,0,22,33,33,22,52,30,67,99,36,21,1,2,0,1,3,11,1,3,52691,63343,13.6,15.0,832,875,29.400000000000002,31.0,-10652,10652,1872.9028436018957,2251.5284360189576,Urgot,Nunu & Willump,Corki,Kalista,Sylas,Dr. Mundo,Lee Sin,Zoe,Varus,Bard,Black Cleaver,Doran's Blade,Sterak's Gage,Overlord's Bloodmail,Tunneler,Boots of Swiftness,Oracle Lens,Liandry's Torment,Dark Seal,Plated Steelcaps,"Jak'Sho, The Protean",Bramble Vest,Cloth Armor,Oracle Lens,Muramana,Executioner's Calling,Trinity Force,Mercury's Treads,Last Whisper,Control Ward,Farsight Alteration,Doran's Blade,Blade of The Ruined King,Guinsoo's Rageblade,Berserker's Greaves,Terminus,No_Item,Farsight Alteration,Zaz'Zak's Realmspike,Hextech Rocketbelt,Shattered Armguard,Control Ward,Ionian Boots of Lucidity,Needlessly Large Rod,Oracle Lens,Control Ward,Warmog's Armor,Boots of Swiftness,Unending Despair,Spectre's Cowl,Heartsteel,Stealth Ward,Eclipse,Control Ward,Sundered Sky,Black Cleaver,Guardian Angel,Plated Steelcaps,Stealth Ward,Luden's Companion,Rabadon's Deathcap,Amplifying Tome,Ionian Boots of Lucidity,Lich Bane,Dark Seal,Farsight Alteration,Blade of The Ruined King,Terminus,Berserker's Greaves,Guinsoo's Rageblade,Giant's Belt,Doran's Blade,Farsight Alteration,Bloodsong,Control Ward,Ruby Crystal,"Jak'Sho, The Protean",Heartsteel,Boots of Swiftness,Oracle Lens,Phase Rush,Resolve,Phase Rush,Precision,Fleet Footwork,Inspiration,Lethal Tempo,Domination,Electrocute,Sorcery,Grasp of the Undying,Inspiration,Conqueror,Inspiration,Electrocute,Sorcery,Lethal Tempo,Resolve,Guardian,Domination,Flash,Teleport,Smite,Flash,Flash,Teleport,Flash,Barrier,Flash,Ignite,Flash,Teleport,Flash,Smite,Ignite,Flash,Flash,Barrier,Flash,Ignite,0,1,0,1,2,3
https://www.op.gg/summoners/euw/LiL%20TommyG-EUW/matches/uRd1PvnOddqucciz9ggyah7lVSrvx8WIx-ToaOs2Qfk%3D/1733850412000,1,30,10,10,30,21,70,112,70,25,36,4,0,1,0,11,2,5,0,63098,50268,16.0,14.0,957,887,31.0,28.8,12830,-12830,2034.4682242990655,1620.7906542056076,Riven,Lee Sin,Jayce,Hwei,Bard,Aurora,Wukong,Galio,Jhin,Janna,Black Cleaver,Eclipse,Death's Dance,Glowing Mote,Ionian Boots of Lucidity,No_Item,Stealth Ward,Sundered Sky,Eclipse,Control Ward,Sterak's Gage,B. F. Sword,Mercury's Treads,Stealth Ward,Youmuu's Ghostblade,Muramana,Serylda's Grudge,Mercury's Treads,Serpent's Fang,No_Item,Farsight Alteration,Blackfire Torch,Sorcerer's Shoes,Mejai's Soulstealer,Horizon Focus,Needlessly Large Rod,Needlessly Large Rod,Farsight Alteration,Bloodsong,Chain Vest,Giant's Belt,Warmog's Armor,Negatron Cloak,Boots of Swiftness,Oracle Lens,Doran's Ring,Void Staff,Needlessly Large Rod,Hextech Alternator,Liandry's Torment,Plated Steelcaps,Farsight Alteration,Sundered Sky,Trinity Force,Slightly Magical Footwear,Negatron Cloak,Kindlegem,No_Item,Oracle Lens,Riftmaker,Warden's Mail,Glacial Buckler,Plated Steelcaps,Hollow Radiance,Doran's Ring,Oracle Lens,Youmuu's Ghostblade,Infinity Edge,Boots of Swiftness,Doran's Blade,The Collector,Last Whisper,Farsight Alteration,Dream Maker,Moonstone Renewer,Ionian Boots of Lucidity,Echoes of Helia,Amplifying Tome,No_Item,Oracle Lens,Conqueror,Inspiration,Conqueror,Inspiration,Phase Rush,Precision,Arcane Comet,Precision,Guardian,Domination,Grasp of the Undying,Precision,Conqueror,Inspiration,Aftershock,Sorcery,Dark Harvest,Sorcery,Summon Aery,Resolve,Flash,Teleport,Flash,Smite,Flash,Teleport,Flash,Teleport,Flash,Ignite,Flash,Teleport,Flash,Smite,Flash,Teleport,Barrier,Flash,Heal,Flash,1,5,3,0,1,0
https://www.op.gg/summoners/euw/LiL%20TommyG-EUW/matches/uRd1PvnOddqI_NCvSLjAyqTLBUFSXtkklssSaHU-ItM%3D/1733847419000,1,15,8,8,15,8,21,32,30,4,6,1,0,0,0,3,0,1,0,32099,25397,10.0,9.0,504,476,31.8,30.099999999999998,6702,-6702,2023.046218487395,1600.6512605042017,K'Sante,Master Yi,Akali,Corki,Nautilus,Yone,Elise,Darius,Yasuo,Alistar,Doran's Shield,Total Biscuit of Everlasting Will,Iceborn Gauntlet,Plated Steelcaps,Control Ward,No_Item,Stealth Ward,No_Item,Blade of The Ruined King,Plated Steelcaps,No_Item,No_Item,No_Item,Eye of the Herald,Doran's Shield,Refillable Potion,Dead Man's Plate,Ruby Crystal,Boots,Dark Seal,Stealth Ward,Slightly Magical Footwear,Trinity Force,Manamune,Doran's Blade,No_Item,No_Item,Farsight Alteration,Locket of the Iron Solari,Celestial Opposition,Plated Steelcaps,Control Ward,Ruby Crystal,No_Item,Oracle Lens,Doran's Shield,Blade of The Ruined King,No_Item,No_Item,Berserker's Greaves,Long Sword,Stealth Ward,Scorchclaw Pup,Sorcerer's Shoes,Dark Seal,Stormsurge,Control Ward,No_Item,Oracle Lens,Trinity Force,Refillable Potion,Plated Steelcaps,No_Item,No_Item,No_Item,Stealth Ward,Doran's Blade,Berserker's Greaves,Refillable Potion,Recurve Bow,Long Sword,No_Item,Stealth Ward,Celestial Opposition,Kindlegem,Cloth Armor,Null-Magic Mantle,No_Item,Boots of Swiftness,Oracle Lens,Grasp of the Undying,Inspiration,Lethal Tempo,Domination,Conqueror,Resolve,Conqueror,Inspiration,Aftershock,Inspiration,Grasp of the Undying,Precision,Dark Harvest,Precision,Conqueror,Sorcery,Lethal Tempo,Resolve,Aftershock,Inspiration,Flash,Teleport,Flash,Smite,Teleport,Ignite,Barrier,Flash,Flash,Ignite,Teleport,Flash,Flash,Smite,Flash,Ghost,Flash,Exhaust,Flash,Ignite,1,6,0,0,0,0
https://www.op.gg/summoners/euw/LiL%20TommyG-EUW/matches/uRd1PvnOddpjf5shSkYDGl0ARv9h3i0GuBCuHYTgXTM%3D/1733774048000,0,7,8,8,7,11,11,14,24,6,2,0,1,0,0,0,0,0,1,18352,20014,7.2,7.4,295,324,26.0,28.4,-1662,1662,1609.8245614035088,1755.6140350877192,Shen,Viego,Akali,Talon,Maokai,Sejuani,Graves,Orianna,Caitlyn,Bard,Doran's Shield,Refillable Potion,Bami's Cinder,Boots,Ruby Crystal,Cloth Armor,Stealth Ward,Gustwalker Hatchling,Kraken Slayer,Control Ward,Slightly Magical Footwear,No_Item,No_Item,Oracle Lens,Doran's Shield,Refillable Potion,Hextech Rocketbelt,Boots,Dark Seal,No_Item,Oracle Lens,Serrated Dirk,Refillable Potion,Rectrix,Long Sword,Boots,No_Item,Oracle Lens,Runic Compass,Winged Moonplate,Total Biscuit of Everlasting Will,Boots of Swiftness,Cloth Armor,No_Item,Oracle Lens,Doran's Ring,Refillable Potion,Bami's Cinder,Ruby Crystal,Ionian Boots of Lucidity,Tear of the Goddess,Stealth Ward,Gustwalker Hatchling,Youmuu's Ghostblade,Serrated Dirk,Control Ward,No_Item,No_Item,Oracle Lens,Doran's Ring,Refillable Potion,Amplifying Tome,Tear of the Goddess,Lost Chapter,Boots,Stealth Ward,Doran's Blade,Yun Tal Wildarrows,No_Item,Boots,Dagger,No_Item,Stealth Ward,Refillable Potion,Runic Compass,Control Ward,Kindlegem,Boots,Giant's Belt,Oracle Lens,Grasp of the Undying,Domination,Press the Attack,Inspiration,Electrocute,Resolve,Electrocute,Sorcery,Aftershock,Inspiration,Grasp of the Undying,Sorcery,Dark Harvest,Precision,Summon Aery,Precision,Lethal Tempo,Sorcery,Guardian,Domination,Flash,Teleport,Smite,Flash,Teleport,Flash,Flash,Ignite,Flash,Ignite,Flash,Teleport,Smite,Flash,Flash,Teleport,Barrier,Flash,Ignite,Flash,0,3,0,0,0,0
https://www.op.gg/summoners/euw/LiL%20TommyG-EUW/matches/uRd1PvnOddpqCHbq8zGIfdmTaYOAnHDPGaZoS-o1yOg%3D/1733772885000,0,21,45,45,21,103,31,66,101,32,21,0,4,0,1,5,11,0,5,55699,64500,13.8,15.8,859,824,28.3,27.2,-8801,8801,1856.6333333333334,2150.0,Irelia,Udyr,Veigar,Ezreal,Tahm Kench,Soraka,Master Yi,Yone,Jinx,Bard,Steel Sigil,Plated Steelcaps,Executioner's Calling,Caulfield's Warhammer,Kraken Slayer,Blade of The Ruined King,Farsight Alteration,Eclipse,Stridebreaker,Plated Steelcaps,Dead Man's Plate,Hearthbound Axe,Ruby Crystal,Oracle Lens,Blighting Jewel,Seraph's Embrace,Oblivion Orb,Frozen Heart,Fiendish Codex,Ionian Boots of Lucidity,Farsight Alteration,Plated Steelcaps,Trinity Force,Executioner's Calling,Muramana,Frozen Heart,Vampiric Scepter,Farsight Alteration,Heartsteel,Thornmail,Bloodsong,Control Ward,Chain Vest,Plated Steelcaps,Oracle Lens,Ionian Boots of Lucidity,Redemption,Moonstone Renewer,Blasting Wand,Forbidden Idol,Forbidden Idol,Stealth Ward,Guinsoo's Rageblade,Blade of The Ruined King,Titanic Hydra,Plated Steelcaps,Kraken Slayer,Recurve Bow,Farsight Alteration,Berserker's Greaves,Infinity Edge,Iceborn Gauntlet,Immortal Shieldbow,Negatron Cloak,Blade of The Ruined King,Farsight Alteration,Doran's Blade,Berserker's Greaves,The Collector,Scout's Slingshot,Lord Dominik's Regards,Zeal,Farsight Alteration,Bloodsong,Negatron Cloak,Heartsteel,Cloth Armor,Giant's Belt,Boots of Swiftness,Oracle Lens,Conqueror,Inspiration,Press the Attack,Sorcery,First Strike,Sorcery,Press the Attack,Inspiration,Grasp of the Undying,Inspiration,Summon Aery,Resolve,Lethal Tempo,Domination,Lethal Tempo,Resolve,Lethal Tempo,Sorcery,Guardian,Domination,Teleport,Flash,Flash,Smite,Flash,Teleport,Barrier,Flash,Ignite,Flash,Teleport,Flash,Flash,Smite,Flash,Teleport,Barrier,Flash,Flash,Ignite,1,5,0,0,1,3
https://www.op.gg/summoners/euw/LiL%20TommyG-EUW/matches/uRd1PvnOddoqu2qsfb8RUyi0Jtv6WmbxrzilDFWI9N8%3D/1733770183000,1,27,14,14,27,20,59,87,63,28,28,2,2,0,0,8,3,2,2,53293,48363,14.2,13.0,788,880,29.0,32.4,4930,-4930,1976.4291390728476,1793.594701986755,Zilean,Rek'Sai,Kayle,Ezreal,Bard,Veigar,Udyr,Aurora,Jhin,Tahm Kench,Abyssal Mask,Seraph's Embrace,Fiendish Codex,Control Ward,Ionian Boots of Lucidity,No_Item,Stealth Ward,Mercury's Treads,Titanic Hydra,Serpent's Fang,Spectre's Cowl,Null-Magic Mantle,No_Item,Oracle Lens,Boots of Swiftness,Nashor's Tooth,Rabadon's Deathcap,Needlessly Large Rod,Doran's Ring,Amplifying Tome,Farsight Alteration,Mercury's Treads,Trinity Force,No_Item,Maw of Malmortius,Muramana,Long Sword,Farsight Alteration,Bloodsong,No_Item,Negatron Cloak,Warmog's Armor,Kindlegem,Boots of Swiftness,Oracle Lens,Doran's Ring,Blackfire Torch,Rabadon's Deathcap,Void Staff,Fiendish Codex,Boots of Swiftness,Farsight Alteration,Dead Man's Plate,Liandry's Torment,Boots of Swiftness,Abyssal Mask,No_Item,Dark Seal,Oracle Lens,Doran's Ring,Sorcerer's Shoes,Dark Seal,Malignance,Shadowflame,Amplifying Tome,Oracle Lens,Doran's Blade,Infinity Edge,Boots of Swiftness,The Collector,Zeal,No_Item,Farsight Alteration,No_Item,Cloth Armor,Solstice Sleigh,Negatron Cloak,Heartsteel,Boots of Swiftness,Oracle Lens,Summon Aery,Inspiration,Conqueror,Inspiration,Press the Attack,Sorcery,Press the Attack,Inspiration,Guardian,Domination,Summon Aery,Inspiration,Conqueror,Inspiration,Electrocute,Sorcery,Fleet Footwork,Sorcery,Grasp of the Undying,Inspiration,Teleport,Flash,Smite,Flash,Flash,Teleport,Barrier,Flash,Flash,Ignite,Flash,Teleport,Flash,Smite,Teleport,Flash,Barrier,Flash,Ignite,Flash,0,0,1,1,6,0
https://www.op.gg/summoners/euw/LiL%20TommyG-EUW/matches/uRd1PvnOddo-hH8FTI3TXTGuxvvWXg1VjM48tdp34Vs%3D/1733767536000,0,21,39,39,22,86,31,62,68,26,20,0,3,0,1,3,10,0,4,46228,55085,12.6,13.8,640,668,25.3,26.5,-8857,8857,1836.005673758865,2187.77304964539,Camille,Gragas,Aurora,Yasuo,Leona,Fiddlesticks,Vi,Lissandra,Corki,Bard,Ravenous Hydra,Doran's Shield,Trinity Force,Slightly Magical Footwear,Tunneler,Ruby Crystal,Stealth Ward,Sorcerer's Shoes,Dark Seal,Control Ward,Lich Bane,Stormsurge,No_Item,Oracle Lens,Rabadon's Deathcap,Malignance,Sorcerer's Shoes,Shadowflame,Amplifying Tome,No_Item,Farsight Alteration,Doran's Shield,Wit's End,Long Sword,Cloak of Agility,Blade of The Ruined King,Berserker's Greaves,Farsight Alteration,Kindlegem,Control Ward,Mercury's Treads,Locket of the Iron Solari,Cloth Armor,Bloodsong,Oracle Lens,Doran's Ring,Liandry's Torment,Riftmaker,Sorcerer's Shoes,Amplifying Tome,Negatron Cloak,Scarecrow Effigy,Trinity Force,Mercury's Treads,Sundered Sky,Long Sword,Warden's Mail,Glacial Buckler,Oracle Lens,Zhonya's Hourglass,Ionian Boots of Lucidity,Control Ward,Malignance,Doran's Ring,Mejai's Soulstealer,Farsight Alteration,Doran's Blade,Muramana,Infinity Edge,Trinity Force,Plated Steelcaps,Giant's Belt,Farsight Alteration,Heartsteel,Bloodsong,"Jak'Sho, The Protean",Cloak of Agility,Long Sword,Boots of Swiftness,Oracle Lens,Grasp of the Undying,Inspiration,Dark Harvest,Precision,Arcane Comet,Domination,Fleet Footwork,Resolve,Aftershock,Domination,Summon Aery,Resolve,Conqueror,Domination,First Strike,Sorcery,Conqueror,Inspiration,Guardian,Domination,Ignite,Teleport,Flash,Smite,Flash,Teleport,Exhaust,Flash,Flash,Ignite,Flash,Teleport,Smite,Flash,Flash,Teleport,Cleanse,Flash,Flash,Ignite,0,2,0,1,4,2
https://www.op.gg/summoners/euw/LiL%20TommyG-EUW/matches/uRd1PvnOddqhA8ERGXvxEycEYpzEoTFSdk3il7f7Nw8%3D/1733765227000,0,31,38,38,31,73,39,83,123,42,36,2,3,0,1,6,2,2,4,61780,60672,14.8,15.4,924,791,29.700000000000003,25.5,1108,-1108,1990.4016736401675,1954.7046025104603,Ambessa,Udyr,Ryze,Kalista,Karma,Darius,Viego,LeBlanc,Corki,Bard,Sterak's Gage,Spear of Shojin,Ravenous Hydra,Plated Steelcaps,No_Item,Null-Magic Mantle,Farsight Alteration,Eclipse,Stridebreaker,Plated Steelcaps,Dead Man's Plate,Kindlegem,Phage,Oracle Lens,Blighting Jewel,Zhonya's Hourglass,Stormsurge,Boots of Swiftness,Dark Seal,Seraph's Embrace,Stealth Ward,Doran's Blade,Guinsoo's Rageblade,Plated Steelcaps,Blade of The Ruined King,Terminus,"Jak'Sho, The Protean",Farsight Alteration,Dream Maker,Shurelya's Battlesong,Redemption,Ionian Boots of Lucidity,Kindlegem,Control Ward,Oracle Lens,Stridebreaker,Sterak's Gage,Negatron Cloak,Bramble Vest,Giant's Belt,Plated Steelcaps,Stealth Ward,Serpent's Fang,Kraken Slayer,Death's Dance,Phage,Plated Steelcaps,Glowing Mote,Oracle Lens,Zhonya's Hourglass,Luden's Companion,Shadowflame,Sorcerer's Shoes,Dark Seal,Blighting Jewel,Oracle Lens,Doran's Blade,Muramana,Trinity Force,Plated Steelcaps,Lord Dominik's Regards,Pickaxe,Farsight Alteration,Bloodsong,"Jak'Sho, The Protean",No_Item,Warmog's Armor,No_Item,Boots of Swiftness,Oracle Lens,Summon Aery,Domination,Press the Attack,Inspiration,Phase Rush,Inspiration,Lethal Tempo,Domination,Arcane Comet,Resolve,Conqueror,Inspiration,Conqueror,Inspiration,Electrocute,Sorcery,Conqueror,Resolve,Guardian,Domination,Teleport,Flash,Flash,Smite,Flash,Teleport,Flash,Barrier,Flash,Heal,Teleport,Flash,Flash,Smite,Teleport,Flash,Barrier,Flash,Flash,Ignite,1,0,0,0,6,0
https://www.op.gg/summoners/euw/LiL%20TommyG-EUW/matches/uRd1PvnOddpgw_XWziP0oHSAnyE4Vfv-FizyDCsum6Q%3D/1733762509000,1,38,24,24,38,36,81,63,79,35,20,3,1,1,0,9,3,4,1,62496,50718,14.8,13.2,780,738,28.8,27.1,11778,-11778,2293.018705035971,1860.8762589928056,Fiddlesticks,Viego,Galio,Draven,Braum,Aatrox,Wukong,Sylas,Corki,Nautilus,Doran's Ring,Refillable Potion,Sorcerer's Shoes,Blackfire Torch,Liandry's Torment,No_Item,Scarecrow Effigy,Titanic Hydra,Sterak's Gage,No_Item,Kraken Slayer,Plated Steelcaps,No_Item,Oracle Lens,Cryptbloom,Riftmaker,Hollow Radiance,Plated Steelcaps,No_Item,No_Item,Oracle Lens,Doran's Blade,Essence Reaver,Infinity Edge,Plated Steelcaps,Mortal Reminder,Vampiric Scepter,Farsight Alteration,Celestial Opposition,Locket of the Iron Solari,No_Item,Knight's Vow,Bramble Vest,Plated Steelcaps,Oracle Lens,Doran's Shield,Sterak's Gage,Long Sword,Eclipse,Mercury's Treads,No_Item,Oracle Lens,Sundered Sky,Trinity Force,Plated Steelcaps,Long Sword,Long Sword,No_Item,Oracle Lens,Hextech Rocketbelt,Shattered Armguard,Dark Seal,Doran's Ring,Mercury's Treads,Cosmic Drive,Farsight Alteration,Muramana,Rapid Firecannon,Trinity Force,Boots,B. F. Sword,Doran's Blade,Farsight Alteration,Zeke's Convergence,Knight's Vow,Celestial Opposition,Plated Steelcaps,No_Item,No_Item,Oracle Lens,Summon Aery,Resolve,Conqueror,Inspiration,Aftershock,Domination,Lethal Tempo,Domination,Guardian,Precision,Conqueror,Resolve,Conqueror,Inspiration,Conqueror,Resolve,Conqueror,Resolve,Aftershock,Domination,Flash,Teleport,Flash,Smite,Teleport,Flash,Barrier,Flash,Flash,Ignite,Flash,Teleport,Smite,Flash,Teleport,Flash,Flash,Barrier,Flash,Ignite,0,6,1,1,0,0
https://www.op.gg/summoners/euw/LiL%20TommyG-EUW/matches/uRd1PvnOddqbEUtTDiB-J_AifdYd_0GFlivcW0bFK0g%3D/1733760420000,1,36,18,19,36,26,55,72,64,28,23,2,1,1,0,10,1,3,1,57759,41734,14.4,12.4,782,647,31.3,25.9,16025,-16025,2328.2697674418605,1682.3007751937985,Ambessa,Kayn,Akshan,Swain,Rakan,Garen,Zed,Aurora,Corki,Bard,Spear of Shojin,Plated Steelcaps,Eclipse,Steel Sigil,Pickaxe,Doran's Blade,Stealth Ward,Black Cleaver,Eclipse,Plated Steelcaps,Control Ward,Death's Dance,Kindlegem,Stealth Ward,Doran's Blade,Boots of Swiftness,Statikk Shiv,B. F. Sword,Pickaxe,Lord Dominik's Regards,Farsight Alteration,Doran's Ring,Blackfire Torch,Cosmic Drive,Zhonya's Hourglass,Mejai's Soulstealer,Sorcerer's Shoes,Farsight Alteration,Mejai's Soulstealer,Ionian Boots of Lucidity,Dream Maker,Knight's Vow,No_Item,Trailblazer,Oracle Lens,Stridebreaker,Boots of Swiftness,Phantom Dancer,Executioner's Calling,No_Item,No_Item,Stealth Ward,Executioner's Calling,Eclipse,Voltaic Cyclosword,Boots,Caulfield's Warhammer,Long Sword,Oracle Lens,Stormsurge,Blasting Wand,Sorcerer's Shoes,Malignance,Control Ward,Dark Seal,Oracle Lens,Doran's Blade,Tear of the Goddess,Trinity Force,Executioner's Calling,Plated Steelcaps,Caulfield's Warhammer,Farsight Alteration,Bloodsong,Control Ward,Cloth Armor,Heartsteel,Giant's Belt,Boots of Swiftness,Oracle Lens,Grasp of the Undying,Domination,Conqueror,Inspiration,Press the Attack,Inspiration,Conqueror,Resolve,Guardian,Domination,Phase Rush,Resolve,Dark Harvest,Precision,Electrocute,Precision,Conqueror,Inspiration,Guardian,Domination,Flash,Teleport,Flash,Smite,Flash,Teleport,Flash,Exhaust,Ignite,Flash,Flash,Ignite,Smite,Flash,Flash,Teleport,Teleport,Flash,Flash,Ignite,1,6,2,0,0,0
https://www.op.gg/summoners/euw/LiL%20TommyG-EUW/matches/uRd1PvnOddrU5gWwGAGIUvvB8UP6pgFxvhHm_gn-YsI%3D/1733702509000,0,33,36,36,33,56,41,90,106,24,35,2,2,0,2,8,11,2,4,65681,74669,15.6,17.0,946,1068,28.2,31.7,-8988,8988,1941.087972508591,2206.7127147766323,K'Sante,Sion,LeBlanc,Sylas,Janna,Corki,Talon,Akali,Kog'Maw,Bard,"Jak'Sho, The Protean",Tunneler,Boots of Swiftness,Fimbulwinter,Unending Despair,Kaenic Rookern,Farsight Alteration,Unending Despair,Titanic Hydra,Warden's Mail,Plated Steelcaps,Abyssal Mask,Negatron Cloak,Oracle Lens,Void Staff,Control Ward,Needlessly Large Rod,Sorcerer's Shoes,Shadowflame,Luden's Companion,Stealth Ward,Hextech Rocketbelt,Zhonya's Hourglass,No_Item,Dark Seal,Ionian Boots of Lucidity,Cosmic Drive,Oracle Lens,Shurelya's Battlesong,Dream Maker,Redemption,Control Ward,Echoes of Helia,Boots of Swiftness,Oracle Lens,Trinity Force,Muramana,Mercury's Treads,Mortal Reminder,B. F. Sword,Cloak of Agility,Stealth Ward,Youmuu's Ghostblade,Black Cleaver,Frozen Heart,Maw of Malmortius,Eclipse,Boots of Swiftness,Oracle Lens,Void Staff,Stormsurge,Shadowflame,Sorcerer's Shoes,Rabadon's Deathcap,No_Item,Oracle Lens,Blade of The Ruined King,Guinsoo's Rageblade,Refillable Potion,Berserker's Greaves,Terminus,Wit's End,Farsight Alteration,Bloodsong,Fiendish Codex,Amplifying Tome,Heartsteel,Abyssal Mask,Boots of Swiftness,Oracle Lens,Grasp of the Undying,Inspiration,Phase Rush,Resolve,Electrocute,Sorcery,Electrocute,Precision,Summon Aery,Resolve,Conqueror,Inspiration,Conqueror,Inspiration,Electrocute,Sorcery,Lethal Tempo,Inspiration,Guardian,Domination,Teleport,Flash,Flash,Smite,Flash,Teleport,Flash,Teleport,Flash,Heal,Teleport,Flash,Ignite,Smite,Teleport,Flash,Flash,Barrier,Flash,Ignite,0,6,0,1,0,3
https://www.op.gg/summoners/euw/LiL%20TommyG-EUW/matches/uRd1PvnOddry_Mo0z8J4JcJSQgdu8GbRCSopr7tOuFk%3D/1733699896000,1,22,9,9,22,9,35,90,53,16,28,2,1,1,0,7,3,3,1,52547,42238,14.2,12.2,825,804,33.2,32.3,10309,-10309,2106.957004830918,1693.600966183575,Yone,Lee Sin,Syndra,Draven,Bard,Jax,Zed,Aurora,Ziggs,Thresh,Berserker's Greaves,Blade of The Ruined King,Doran's Blade,Immortal Shieldbow,B. F. Sword,No_Item,Farsight Alteration,Plated Steelcaps,Control Ward,Eclipse,Caulfield's Warhammer,Black Cleaver,Sundered Sky,Stealth Ward,Luden's Companion,Needlessly Large Rod,Cosmic Drive,Hextech Alternator,No_Item,Sorcerer's Shoes,Farsight Alteration,Doran's Blade,Bloodthirster,The Collector,Berserker's Greaves,B. F. Sword,Cloak of Agility,Farsight Alteration,Bloodsong,Control Ward,Kindlegem,Warmog's Armor,Cloth Armor,Boots of Swiftness,Oracle Lens,Control Ward,Shattered Armguard,Trinity Force,Sundered Sky,Plated Steelcaps,No_Item,Stealth Ward,Eclipse,Voltaic Cyclosword,Long Sword,Slightly Magical Footwear,Long Sword,No_Item,Oracle Lens,Doran's Ring,Shadowflame,Malignance,Sorcerer's Shoes,Dark Seal,No_Item,Farsight Alteration,Doran's Ring,Seraph's Embrace,Fiendish Codex,Luden's Companion,Fiendish Codex,Sorcerer's Shoes,Stealth Ward,Trailblazer,Solstice Sleigh,Control Ward,Kindlegem,Cloth Armor,Boots of Swiftness,Oracle Lens,Lethal Tempo,Resolve,Conqueror,Inspiration,First Strike,Sorcery,Lethal Tempo,Domination,Guardian,Domination,Grasp of the Undying,Sorcery,Electrocute,Inspiration,Arcane Comet,Domination,Arcane Comet,Precision,Aftershock,Inspiration,Flash,Teleport,Flash,Smite,Flash,Teleport,Flash,Exhaust,Flash,Ignite,Teleport,Flash,Flash,Smite,Flash,Teleport,Teleport,Flash,Flash,Ignite,1,6,1,0,0,0
https://www.op.gg/summoners/euw/LiL%20TommyG-EUW/matches/uRd1PvnOddrxbPr_JyMXUgzSebPxtgXYFU3BvjJDOEA%3D/1733690669000,0,23,37,37,23,62,38,92,105,52,31,2,2,2,0,6,7,4,2,64338,65926,15.4,16.2,992,947,30.3,28.8,-1588,1588,1950.6734042553192,1998.8202127659574,Orianna,Shaco,Renekton,Kai'Sa,Rell,Shen,Bel'Veth,Sylas,Ezreal,Bard,Needlessly Large Rod,Seraph's Embrace,Ionian Boots of Lucidity,Liandry's Torment,Void Staff,Control Ward,Farsight Alteration,Ionian Boots of Lucidity,Blackfire Torch,Liandry's Torment,Void Staff,Needlessly Large Rod,Needlessly Large Rod,Oracle Lens,Black Cleaver,Control Ward,"Jak'Sho, The Protean",Sterak's Gage,Plated Steelcaps,No_Item,Oracle Lens,Berserker's Greaves,Kraken Slayer,The Collector,B. F. Sword,Terminus,Guinsoo's Rageblade,Farsight Alteration,Control Ward,Celestial Opposition,Locket of the Iron Solari,Knight's Vow,Plated Steelcaps,Winged Moonplate,Oracle Lens,Negatron Cloak,Sunfire Aegis,Spectre's Cowl,Plated Steelcaps,Doran's Shield,Heartsteel,Farsight Alteration,Wit's End,Kraken Slayer,Mercury's Treads,Blade of The Ruined King,Phage,Dagger,Oracle Lens,Hextech Rocketbelt,Cosmic Drive,Zhonya's Hourglass,No_Item,Sorcerer's Shoes,Dark Seal,Oracle Lens,Tunneler,Muramana,Bloodthirster,Ionian Boots of Lucidity,Serylda's Grudge,Trinity Force,Farsight Alteration,Bloodsong,No_Item,Kindlegem,Heartsteel,"Jak'Sho, The Protean",Boots of Swiftness,Oracle Lens,Grasp of the Undying,Sorcery,Electrocute,Inspiration,Conqueror,Resolve,Press the Attack,Inspiration,Aftershock,Inspiration,Grasp of the Undying,Domination,Conqueror,Inspiration,Conqueror,Resolve,Press the Attack,Inspiration,Guardian,Domination,Teleport,Flash,Ignite,Smite,Flash,Teleport,Barrier,Flash,Ignite,Flash,Flash,Ignite,Flash,Smite,Teleport,Flash,Flash,Exhaust,Flash,Ignite,1,6,0,0,0,1
https://www.op.gg/summoners/euw/LiL%20TommyG-EUW/matches/uRd1PvnOddqV-KcWyv03fDqtzcCRF1vpy5Ne5LrxCTQ%3D/1733688073000,1,41,25,25,41,38,62,76,79,25,23,1,2,1,0,9,2,2,2,60856,48076,14.2,13.0,782,641,29.4,24.2,12780,-12780,2293.8030769230772,1812.0953846153848,Gnar,Lee Sin,Ahri,Smolder,Maokai,Malphite,Viego,Zoe,Caitlyn,Bard,Warden's Mail,Recurve Bow,Trinity Force,Mercury's Treads,Sterak's Gage,Recurve Bow,Stealth Ward,Eclipse,Pickaxe,Sundered Sky,Plated Steelcaps,Death's Dance,Tunneler,Stealth Ward,Malignance,Needlessly Large Rod,Needlessly Large Rod,Mercury's Treads,Mejai's Soulstealer,Horizon Focus,Oracle Lens,Doran's Blade,Hubris,Rapid Firecannon,Lord Dominik's Regards,Boots of Swiftness,Vampiric Scepter,Farsight Alteration,Watchful Wardstone,Locket of the Iron Solari,Solstice Sleigh,Negatron Cloak,Trailblazer,Boots of Swiftness,Oracle Lens,Plated Steelcaps,Thornmail,Abyssal Mask,Chain Vest,Null-Magic Mantle,Doran's Ring,Oracle Lens,Sundered Sky,Kraken Slayer,Long Sword,Mercury's Treads,No_Item,No_Item,Stealth Ward,Dark Seal,Lich Bane,Doran's Ring,Luden's Companion,Sorcerer's Shoes,Cryptbloom,Stealth Ward,Lord Dominik's Regards,Control Ward,The Collector,Berserker's Greaves,Infinity Edge,Dagger,Farsight Alteration,Bloodsong,Null-Magic Mantle,No_Item,Kindlegem,Boots of Swiftness,Warmog's Armor,Oracle Lens,Fleet Footwork,Resolve,Conqueror,Inspiration,Electrocute,Sorcery,Arcane Comet,Inspiration,Aftershock,Inspiration,Arcane Comet,Resolve,Conqueror,Inspiration,Dark Harvest,Inspiration,Hail of Blades,Sorcery,Guardian,Domination,Teleport,Flash,Flash,Smite,Flash,Teleport,Flash,Teleport,Ignite,Flash,Flash,Teleport,Flash,Smite,Ignite,Flash,Flash,Cleanse,Flash,Ignite,1,6,1,0,0,0
https://www.op.gg/summoners/euw/LiL%20TommyG-EUW/matches/uRd1PvnOddrIfaRQQvjFI0d6BU9sxVEBQrk2pfuuHbY%3D/1733672868000,1,39,32,32,40,58,77,79,71,26,27,3,0,1,0,9,4,4,0,64667,54635,15.2,13.2,805,744,28.9,26.599999999999998,10032,-10032,2329.1080508474574,1967.7860169491526,Gragas,Bel'Veth,Sylas,Draven,Rell,Jayce,Sejuani,Tristana,Swain,Senna,Lost Chapter,Boots of Swiftness,No_Item,Lich Bane,Rabadon's Deathcap,Cosmic Drive,Oracle Lens,Plated Steelcaps,Control Ward,Randuin's Omen,Blade of The Ruined King,Null-Magic Mantle,Kraken Slayer,Oracle Lens,Hextech Rocketbelt,Needlessly Large Rod,Lich Bane,Dark Seal,Ionian Boots of Lucidity,Amplifying Tome,Farsight Alteration,Doran's Blade,Infinity Edge,Noonquiver,The Collector,Boots,Lord Dominik's Regards,Farsight Alteration,Celestial Opposition,Locket of the Iron Solari,Watchful Wardstone,Bramble Vest,Zeke's Convergence,Ionian Boots of Lucidity,Oracle Lens,Muramana,Edge of Night,Youmuu's Ghostblade,Ionian Boots of Lucidity,Serylda's Grudge,No_Item,Farsight Alteration,Kaenic Rookern,Plated Steelcaps,Control Ward,Frozen Heart,Zeke's Convergence,No_Item,Oracle Lens,Berserker's Greaves,No_Item,Infinity Edge,Noonquiver,Yun Tal Wildarrows,Navori Flickerblade,Farsight Alteration,Plated Steelcaps,Amplifying Tome,Amplifying Tome,Blackfire Torch,Liandry's Torment,Oblivion Orb,Farsight Alteration,Ionian Boots of Lucidity,Echoes of Helia,Moonstone Renewer,Dream Maker,Blasting Wand,Forbidden Idol,Oracle Lens,Phase Rush,Precision,Press the Attack,Domination,Electrocute,Resolve,Lethal Tempo,Domination,Aftershock,Inspiration,Phase Rush,Inspiration,Aftershock,Domination,Press the Attack,Resolve,Conqueror,Resolve,Summon Aery,Resolve,Teleport,Flash,Smite,Flash,Teleport,Flash,Flash,Barrier,Flash,Ignite,Flash,Teleport,Flash,Smite,Flash,Teleport,Exhaust,Flash,Heal,Flash,0,3,2,1,3,0
https://www.op.gg/summoners/euw/LiL%20TommyG-EUW/matches/uRd1PvnOddq4mLTsudiN6dvkdPg9SQ9ENx_CXxOD1sw%3D/1733670721000,1,37,32,32,37,51,61,94,70,23,33,3,1,2,0,10,5,5,1,71807,63480,16.8,15.4,1044,930,32.8,29.1,8327,-8327,2261.6377952755906,1999.3700787401574,Volibear,Talon,Yone,Seraphine,Bard,Garen,Vi,Ahri,Ezreal,Senna,Boots of Swiftness,Cosmic Drive,Hextech Rocketbelt,Unending Despair,Spirit Visage,Dark Seal,Oracle Lens,Edge of Night,Youmuu's Ghostblade,Boots of Swiftness,Black Cleaver,Hubris,Serpent's Fang,Oracle Lens,Bloodthirster,Dagger,Berserker's Greaves,Blade of The Ruined King,Immortal Shieldbow,Infinity Edge,Farsight Alteration,Liandry's Torment,Doran's Ring,Seraph's Embrace,Ionian Boots of Lucidity,Rylai's Crystal Scepter,Needlessly Large Rod,Farsight Alteration,Bloodsong,Locket of the Iron Solari,Redemption,Warmog's Armor,No_Item,Boots of Swiftness,Oracle Lens,Stridebreaker,Mortal Reminder,Plated Steelcaps,Phantom Dancer,Cloak of Agility,B. F. Sword,Farsight Alteration,Trinity Force,Black Cleaver,Tunneler,Sundered Sky,Slightly Magical Footwear,Ruby Crystal,Oracle Lens,Malignance,Shadowflame,Shattered Armguard,Sorcerer's Shoes,Dark Seal,Rabadon's Deathcap,Farsight Alteration,Muramana,Serylda's Grudge,Trinity Force,Pickaxe,Ionian Boots of Lucidity,Long Sword,Farsight Alteration,Ionian Boots of Lucidity,Echoes of Helia,Control Ward,Dream Maker,Moonstone Renewer,Dawncore,Oracle Lens,Press the Attack,Resolve,Conqueror,Inspiration,Lethal Tempo,Resolve,Conqueror,Sorcery,Guardian,Domination,Phase Rush,Resolve,Conqueror,Inspiration,Electrocute,Sorcery,Press the Attack,Sorcery,Summon Aery,Resolve,Flash,Teleport,Ignite,Smite,Flash,Teleport,Flash,Teleport,Flash,Ignite,Ignite,Flash,Smite,Flash,Flash,Teleport,Teleport,Flash,Heal,Flash,0,1,2,1,5,0
https://www.op.gg/summoners/euw/LiL%20TommyG-EUW/matches/uRd1PvnOddqhVXgr7y_Ewb8_EQJBsFY7_Hc-VHl0Bqw%3D/1733621006000,1,23,9,9,23,10,34,54,47,16,21,2,0,0,0,9,2,2,0,45765,34859,12.0,10.6,677,573,33.0,27.8,10906,-10906,2231.3283582089553,1699.5930348258707,Jax,Viego,Sylas,Jhin,Bard,Irelia,Ekko,Jayce,Ezreal,Nami,Control Ward,Seeker's Armguard,Plated Steelcaps,Doran's Shield,Trinity Force,Sundered Sky,Stealth Ward,Kraken Slayer,Negatron Cloak,Titanic Hydra,Plated Steelcaps,Dagger,No_Item,Oracle Lens,Hextech Rocketbelt,Lich Bane,Dark Seal,Sorcerer's Shoes,No_Item,No_Item,Farsight Alteration,B. F. Sword,Doran's Blade,The Collector,Boots of Swiftness,Pickaxe,Cloak of Agility,Farsight Alteration,Bloodsong,Chain Vest,No_Item,Heartsteel,Giant's Belt,Boots of Swiftness,Oracle Lens,Doran's Blade,Blade of The Ruined King,Recurve Bow,Plated Steelcaps,Hearthbound Axe,Rectrix,Stealth Ward,Gustwalker Hatchling,Dark Seal,Lich Bane,Blasting Wand,Sorcerer's Shoes,Recurve Bow,Oracle Lens,Doran's Blade,Muramana,Ionian Boots of Lucidity,Long Sword,Voltaic Cyclosword,No_Item,Oracle Lens,Trinity Force,Long Sword,Ionian Boots of Lucidity,No_Item,Tear of the Goddess,Doran's Blade,Farsight Alteration,Dream Maker,Boots of Swiftness,Imperial Mandate,Bandleglass Mirror,Amplifying Tome,No_Item,Oracle Lens,Grasp of the Undying,Inspiration,Conqueror,Inspiration,Electrocute,Sorcery,Dark Harvest,Precision,Guardian,Domination,Conqueror,Domination,Hail of Blades,Inspiration,First Strike,Sorcery,Press the Attack,Inspiration,Summon Aery,Domination,Teleport,Flash,Smite,Flash,Flash,Teleport,Flash,Barrier,Flash,Ignite,Teleport,Flash,Flash,Smite,Flash,Teleport,Barrier,Flash,Flash,Heal,1,4,1,0,2,0
https://www.op.gg/summoners/euw/LiL%20TommyG-EUW/matches/uRd1PvnOddpZ79QjUDZza8RN2iXAJ3ZV3MZcOEJ33T0%3D/1733617321000,0,20,34,34,20,39,27,46,51,17,15,0,2,0,0,0,11,0,2,36941,48633,10.2,11.4,516,583,27.2,30.8,-11692,11692,1945.297340425532,2560.993085106383,Tristana,Graves,Taliyah,Varus,Lulu,Irelia,Dr. Mundo,Seraphine,Jayce,Bard,Berserker's Greaves,The Collector,Infinity Edge,Zeal,Dagger,No_Item,Farsight Alteration,No_Item,Youmuu's Ghostblade,Boots,The Collector,No_Item,Cloak of Agility,Oracle Lens,Doran's Ring,Refillable Potion,Seraph's Embrace,Fiendish Codex,Sorcerer's Shoes,Amplifying Tome,Stealth Ward,Doran's Blade,Berserker's Greaves,Blade of The Ruined King,Recurve Bow,Pickaxe,Amplifying Tome,Farsight Alteration,Dream Maker,No_Item,Ionian Boots of Lucidity,Moonstone Renewer,Amplifying Tome,Forbidden Idol,Oracle Lens,Doran's Blade,Blade of The Ruined King,Cull,Plated Steelcaps,Death's Dance,Hullbreaker,Farsight Alteration,Thornmail,Heartsteel,Plated Steelcaps,Ruby Crystal,No_Item,No_Item,Stealth Ward,Moonstone Renewer,Seraph's Embrace,Ionian Boots of Lucidity,Aether Wisp,Doran's Ring,Amplifying Tome,Farsight Alteration,Opportunity,Youmuu's Ghostblade,Muramana,Serrated Dirk,Doran's Blade,Boots of Swiftness,Oracle Lens,Bloodsong,Warmog's Armor,Kindlegem,Forbidden Idol,No_Item,Boots of Swiftness,Oracle Lens,Hail of Blades,Precision,Dark Harvest,Precision,Phase Rush,Inspiration,Lethal Tempo,Inspiration,Summon Aery,Resolve,Conqueror,Inspiration,Fleet Footwork,Inspiration,Summon Aery,Inspiration,Dark Harvest,Sorcery,Guardian,Domination,Flash,Teleport,Flash,Smite,Teleport,Flash,Flash,Barrier,Flash,Barrier,Teleport,Flash,Smite,Flash,Teleport,Flash,Flash,Teleport,Flash,Exhaust,0,2,0,1,4,3
https://www.op.gg/summoners/euw/LiL%20TommyG-EUW/matches/uRd1PvnOddopbo5FE_Wa8YNir8ZlaNbLcw6t1Y2akuY%3D/1733615005000,0,26,35,35,26,52,41,59,72,28,14,1,3,0,1,3,11,1,4,52932,65785,14.6,16.0,819,996,28.8,35.1,-12853,12853,1871.0846511627906,2325.4232558139533,Tahm Kench,Wukong,Akali,Karthus,Sona,Garen,Hecarim,Swain,Smolder,Lulu,Doran's Shield,Spectre's Cowl,Kindlegem,Unending Despair,Heartsteel,Mercury's Treads,Stealth Ward,Control Ward,No_Item,Plated Steelcaps,Sterak's Gage,Sundered Sky,Trinity Force,Oracle Lens,Shadowflame,Stormsurge,Rabadon's Deathcap,Doran's Ring,Sorcerer's Shoes,Amplifying Tome,Oracle Lens,Dark Seal,Blackfire Torch,Sorcerer's Shoes,Oblivion Orb,Void Staff,Amplifying Tome,Farsight Alteration,Bloodsong,Rod of Ages,Seraph's Embrace,Fiendish Codex,Forbidden Idol,Boots of Swiftness,Oracle Lens,Stridebreaker,Phantom Dancer,Infinity Edge,Berserker's Greaves,Cloak of Agility,Executioner's Calling,Farsight Alteration,Sundered Sky,Mercury's Treads,Eclipse,Black Cleaver,Hexdrinker,Caulfield's Warhammer,Stealth Ward,Cosmic Drive,Dark Seal,Negatron Cloak,Boots of Swiftness,Blackfire Torch,Rylai's Crystal Scepter,Farsight Alteration,No_Item,Spear of Shojin,Essence Reaver,Ionian Boots of Lucidity,Bloodthirster,Long Sword,Farsight Alteration,Redemption,Dream Maker,Locket of the Iron Solari,Control Ward,Moonstone Renewer,Ionian Boots of Lucidity,Oracle Lens,Grasp of the Undying,Precision,Conqueror,Inspiration,Electrocute,Sorcery,Dark Harvest,Precision,Summon Aery,Precision,Phase Rush,Precision,Conqueror,Sorcery,Conqueror,Resolve,Fleet Footwork,Inspiration,Summon Aery,Resolve,Flash,Teleport,Smite,Flash,Teleport,Flash,Flash,Exhaust,Heal,Flash,Flash,Ignite,Ghost,Smite,Teleport,Flash,Barrier,Flash,Flash,Ignite,0,0,0,1,6,2
https://www.op.gg/summoners/euw/LiL%20TommyG-EUW/matches/uRd1PvnOddpX2vVTCi2PcXnbJIZnwPEO6T2uq_QJxvI%3D/1733612330000,0,28,41,41,28,76,43,62,82,25,15,0,3,0,1,6,9,0,4,58809,63399,14.0,15.6,886,848,30.9,29.6,-4590,4590,2058.315,2218.9649999999997,Garen,Nunu & Willump,Yone,Corki,Nautilus,Malphite,Evelynn,Yasuo,Ezreal,Bard,Stridebreaker,Lord Dominik's Regards,Boots of Swiftness,Phantom Dancer,Negatron Cloak,Ruby Crystal,Stealth Ward,Zhonya's Hourglass,Hextech Rocketbelt,Sorcerer's Shoes,Liandry's Torment,Hextech Alternator,Elixir of Sorcery,Oracle Lens,Infinity Edge,Berserker's Greaves,Blade of The Ruined King,Immortal Shieldbow,No_Item,No_Item,Stealth Ward,Trinity Force,Mercury's Treads,Rapid Firecannon,Muramana,Last Whisper,Long Sword,Farsight Alteration,Locket of the Iron Solari,Bloodsong,Knight's Vow,No_Item,Boots of Swiftness,Kindlegem,Oracle Lens,Randuin's Omen,No_Item,Frozen Heart,Thornmail,Doran's Shield,Plated Steelcaps,Farsight Alteration,Rabadon's Deathcap,Mejai's Soulstealer,Lich Bane,Sorcerer's Shoes,Void Staff,Amplifying Tome,Farsight Alteration,Winged Moonplate,Blade of The Ruined King,Berserker's Greaves,Immortal Shieldbow,Infinity Edge,Chain Vest,Farsight Alteration,B. F. Sword,Muramana,Serylda's Grudge,Trinity Force,Doran's Blade,Ionian Boots of Lucidity,Farsight Alteration,Bloodsong,Locket of the Iron Solari,Kindlegem,Dead Man's Plate,Forbidden Idol,Boots of Swiftness,Oracle Lens,Phase Rush,Resolve,Phase Rush,Domination,Lethal Tempo,Resolve,Conqueror,Inspiration,Aftershock,Inspiration,Grasp of the Undying,Sorcery,Electrocute,Sorcery,Lethal Tempo,Resolve,Press the Attack,Sorcery,Guardian,Domination,Flash,Ignite,Flash,Smite,Teleport,Flash,Barrier,Flash,Flash,Ignite,Flash,Teleport,Smite,Flash,Teleport,Flash,Barrier,Flash,Flash,Exhaust,1,6,0,0,0,1
https://www.op.gg/summoners/euw/LiL%20TommyG-EUW/matches/uRd1PvnOddrsXLZvtgW55quPjOeYtKPW104Z3WXopXs%3D/1733609844000,1,25,13,13,25,22,39,37,37,6,7,1,2,0,0,5,1,1,2,40852,32065,10.6,10.0,562,496,31.0,27.4,8787,-8787,2269.5555555555557,1781.388888888889,Aurora,Ivern,Yasuo,Xayah,Sona,Urgot,Udyr,Riven,Karthus,Nautilus,Doran's Ring,Sorcerer's Shoes,Liandry's Torment,Aether Wisp,Fiendish Codex,No_Item,Oracle Lens,Gustwalker Hatchling,Redemption,Ionian Boots of Lucidity,Moonstone Renewer,Dark Seal,Control Ward,Eye of the Herald,Doran's Blade,Blade of The Ruined King,Berserker's Greaves,Immortal Shieldbow,Refillable Potion,No_Item,Farsight Alteration,Berserker's Greaves,Essence Reaver,Navori Flickerblade,B. F. Sword,Last Whisper,Doran's Blade,Farsight Alteration,Boots of Swiftness,Echoes of Helia,Bloodsong,Ardent Censer,No_Item,No_Item,Oracle Lens,Stridebreaker,Cloth Armor,Mercury's Treads,No_Item,No_Item,No_Item,Farsight Alteration,Warden's Mail,Liandry's Torment,Mercury's Treads,No_Item,No_Item,No_Item,Oracle Lens,Doran's Blade,No_Item,Phage,Eclipse,Sundered Sky,Ionian Boots of Lucidity,Stealth Ward,Blackfire Torch,Sorcerer's Shoes,Oblivion Orb,Tear of the Goddess,Amplifying Tome,Needlessly Large Rod,Farsight Alteration,Bloodsong,No_Item,Cloth Armor,Bramble Vest,Kindlegem,Mercury's Treads,Oracle Lens,Grasp of the Undying,Precision,Summon Aery,Inspiration,Grasp of the Undying,Precision,Lethal Tempo,Inspiration,Summon Aery,Precision,Phase Rush,Resolve,Conqueror,Inspiration,Conqueror,Sorcery,Dark Harvest,Precision,Glacial Augment,Resolve,Teleport,Flash,Flash,Smite,Teleport,Flash,Flash,Barrier,Flash,Heal,Teleport,Flash,Flash,Smite,Flash,Teleport,Flash,Exhaust,Flash,Ignite,1,0,0,0,6,0
https://www.op.gg/summoners/euw/LiL%20TommyG-EUW/matches/uRd1PvnOddrXDJJW-SARs_fPzwhciCrIy7SKN3CAa3o%3D/1733608382000,1,28,26,26,28,20,45,81,69,14,28,2,2,0,0,8,3,2,2,52985,49617,13.4,13.4,715,810,28.8,32.6,3368,-3368,2136.044502617801,2000.2664921465969,Gnar,Lee Sin,Syndra,Ezreal,Bard,Malphite,Kha'Zix,Yasuo,Kai'Sa,Zoe,Doran's Shield,Trinity Force,Null-Magic Mantle,No_Item,Plated Steelcaps,Black Cleaver,Stealth Ward,Control Ward,Sterak's Gage,Eclipse,Ionian Boots of Lucidity,Sundered Sky,No_Item,Stealth Ward,Luden's Companion,Rabadon's Deathcap,Sorcerer's Shoes,Stormsurge,Dark Seal,No_Item,Farsight Alteration,Doran's Blade,Muramana,Trinity Force,Ionian Boots of Lucidity,Long Sword,Warden's Mail,Farsight Alteration,Bloodsong,Negatron Cloak,Giant's Belt,Chain Vest,Heartsteel,Boots of Swiftness,Oracle Lens,Frozen Heart,Doran's Shield,Sunfire Aegis,Mercury's Treads,Giant's Belt,No_Item,Oracle Lens,Youmuu's Ghostblade,Profane Hydra,Serylda's Grudge,No_Item,No_Item,Slightly Magical Footwear,Oracle Lens,Cloak of Agility,No_Item,Doran's Blade,Immortal Shieldbow,Blade of The Ruined King,Berserker's Greaves,Farsight Alteration,Kraken Slayer,Berserker's Greaves,Guinsoo's Rageblade,Nashor's Tooth,Seeker's Armguard,No_Item,Farsight Alteration,Zaz'Zak's Realmspike,Dark Seal,Needlessly Large Rod,Synchronized Souls,Horizon Focus,Luden's Companion,Oracle Lens,Grasp of the Undying,Precision,Conqueror,Inspiration,First Strike,Sorcery,Conqueror,Inspiration,Guardian,Domination,Arcane Comet,Resolve,Dark Harvest,Inspiration,Lethal Tempo,Resolve,Lethal Tempo,Inspiration,First Strike,Sorcery,Flash,Teleport,Flash,Smite,Flash,Teleport,Flash,Barrier,Flash,Ignite,Teleport,Flash,Smite,Flash,Flash,Teleport,Barrier,Flash,Ignite,Flash,1,3,1,0,3,0
https://www.op.gg/summoners/euw/LiL%20TommyG-EUW/matches/uRd1PvnOddrLzpqU6-saaqwVkzD3XVqUEfFLcuYG77Q%3D/1733603719000,0,29,48,48,29,63,37,101,74,26,39,0,4,0,2,5,10,0,6,64672,75847,15.6,16.6,986,1029,29.2,30.3,-11175,11175,1898.88,2226.997021276596,Ambessa,Lillia,Yone,Caitlyn,Bard,Volibear,Skarner,Akali,Jhin,Leona,Maw of Malmortius,Serylda's Grudge,Voltaic Cyclosword,Serrated Dirk,Boots of Swiftness,Long Sword,Stealth Ward,Zhonya's Hourglass,Liandry's Torment,Mercury's Treads,Dark Seal,No_Item,Riftmaker,Oracle Lens,Blade of The Ruined King,Doran's Shield,B. F. Sword,Immortal Shieldbow,Pickaxe,Berserker's Greaves,Oracle Lens,Lord Dominik's Regards,Maw of Malmortius,Berserker's Greaves,Yun Tal Wildarrows,Infinity Edge,B. F. Sword,Farsight Alteration,Bloodsong,Heartsteel,Imperial Mandate,Oblivion Orb,Negatron Cloak,Boots of Swiftness,Oracle Lens,Randuin's Omen,Spirit Visage,Hextech Rocketbelt,Unending Despair,Cosmic Drive,Mejai's Soulstealer,Oracle Lens,Randuin's Omen,Heartsteel,Plated Steelcaps,Null-Magic Mantle,Unending Despair,Kindlegem,Oracle Lens,Banshee's Veil,Void Staff,Dark Seal,Rabadon's Deathcap,Shadowflame,Stormsurge,Oracle Lens,Infinity Edge,The Collector,Lord Dominik's Regards,Rapid Firecannon,Boots of Swiftness,Vampiric Scepter,Farsight Alteration,Bloodsong,Warmog's Armor,Heartsteel,Plated Steelcaps,Ruby Crystal,No_Item,Oracle Lens,Conqueror,Resolve,Conqueror,Inspiration,Grasp of the Undying,Precision,Lethal Tempo,Sorcery,Grasp of the Undying,Domination,Press the Attack,Resolve,Aftershock,Inspiration,Electrocute,Resolve,Dark Harvest,Precision,Aftershock,Inspiration,Flash,Teleport,Flash,Smite,Flash,Teleport,Flash,Cleanse,Flash,Ignite,Flash,Teleport,Flash,Smite,Flash,Teleport,Barrier,Flash,Ignite,Flash,0,4,0,1,2,2
https://www.op.gg/summoners/euw/LiL%20TommyG-EUW/matches/uRd1PvnOddq2wKit4dcvdFF5i5QMLr1PyPWgmM8yuWc%3D/1733601329000,1,44,29,29,44,37,70,53,53,8,6,1,1,1,0,7,2,2,1,54637,44254,13.2,11.6,573,478,24.2,20.2,10383,-10383,2310.155033557047,1871.1422818791946,Tahm Kench,Lillia,LeBlanc,Varus,Sona,Ambessa,Wukong,Kassadin,Taliyah,Bard,Mercury's Treads,Heartsteel,Chain Vest,Bami's Cinder,Dark Seal,No_Item,Stealth Ward,Zhonya's Hourglass,Liandry's Torment,Sorcerer's Shoes,Riftmaker,Oblivion Orb,No_Item,Oracle Lens,Rabadon's Deathcap,No_Item,Luden's Companion,Sorcerer's Shoes,Mejai's Soulstealer,Void Staff,Oracle Lens,Wit's End,Blade of The Ruined King,Recurve Bow,Doran's Blade,Pickaxe,Berserker's Greaves,Farsight Alteration,Boots of Swiftness,Echoes of Helia,Bloodsong,Staff of Flowing Water,Bandleglass Mirror,Kindlegem,Oracle Lens,Spear of Shojin,Doran's Blade,Eclipse,Long Sword,Boots,The Brutalizer,Oracle Lens,Gustwalker Hatchling,Trinity Force,Ruby Crystal,Mercury's Treads,Maw of Malmortius,Long Sword,Stealth Ward,Malignance,Mercury's Treads,Dark Seal,Seraph's Embrace,Negatron Cloak,No_Item,Oracle Lens,Rabadon's Deathcap,Ionian Boots of Lucidity,Blighting Jewel,No_Item,Luden's Companion,Dark Seal,Oracle Lens,Bloodsong,Null-Magic Mantle,Kindlegem,Warmog's Armor,Oblivion Orb,Boots of Swiftness,Oracle Lens,Grasp of the Undying,Precision,Conqueror,Inspiration,Electrocute,Sorcery,Lethal Tempo,Inspiration,Summon Aery,Precision,Conqueror,Domination,Conqueror,Inspiration,First Strike,Domination,Dark Harvest,Precision,Guardian,Domination,Ghost,Teleport,Flash,Smite,Flash,Teleport,Flash,Barrier,Flash,Heal,Teleport,Flash,Flash,Smite,Flash,Teleport,Flash,Teleport,Flash,Exhaust,0,4,1,0,1,0
https://www.op.gg/summoners/euw/LiL%20TommyG-EUW/matches/uRd1PvnOddoKhpHZjpTNDMQj3Od1n439cRMoer4yklk%3D/1733584144000,1,26,15,15,26,25,48,70,69,22,26,1,3,1,0,11,3,2,3,59381,47099,14.4,13.4,886,879,33.1,32.9,12282,-12282,2220.55,1761.2651260504201,Dr. Mundo,Rek'Sai,Yone,Varus,Veigar,Lee Sin,Trundle,Corki,Ashe,Lulu,Heartsteel,Warmog's Armor,Thornmail,Boots of Swiftness,Unending Despair,No_Item,Oracle Lens,Titanic Hydra,Black Cleaver,No_Item,Warden's Mail,Sterak's Gage,Plated Steelcaps,Oracle Lens,Blade of The Ruined King,Doran's Shield,Berserker's Greaves,Immortal Shieldbow,B. F. Sword,Control Ward,Farsight Alteration,Doran's Blade,Youmuu's Ghostblade,Tear of the Goddess,Boots of Swiftness,Caulfield's Warhammer,Opportunity,Farsight Alteration,Zaz'Zak's Realmspike,Rylai's Crystal Scepter,Morellonomicon,No_Item,No_Item,Ionian Boots of Lucidity,Oracle Lens,Profane Hydra,No_Item,Serylda's Grudge,Executioner's Calling,Eclipse,Boots,Stealth Ward,Titanic Hydra,Bami's Cinder,Spectre's Cowl,Plated Steelcaps,Control Ward,Kindlegem,Oracle Lens,Doran's Blade,Plated Steelcaps,Muramana,Trinity Force,Executioner's Calling,Long Sword,Farsight Alteration,Statikk Shiv,Berserker's Greaves,Runaan's Hurricane,Doran's Blade,B. F. Sword,Last Whisper,Farsight Alteration,Dream Maker,Shurelya's Battlesong,Ruby Crystal,Glowing Mote,Ardent Censer,Ionian Boots of Lucidity,Oracle Lens,Grasp of the Undying,Inspiration,Conqueror,Inspiration,Fleet Footwork,Resolve,Arcane Comet,Precision,Summon Aery,Inspiration,Conqueror,Resolve,Press the Attack,Inspiration,Conqueror,Inspiration,Lethal Tempo,Inspiration,Summon Aery,Resolve,Teleport,Ghost,Flash,Smite,Flash,Teleport,Barrier,Flash,Flash,Ignite,Teleport,Flash,Flash,Smite,Flash,Teleport,Barrier,Flash,Flash,Heal,1,5,2,0,1,0
https://www.op.gg/summoners/euw/LiL%20TommyG-EUW/matches/uRd1PvnOddp2nVrGNwokRkl9m-OPjbiMWgya3FaflxM%3D/1733581479000,1,22,11,11,22,17,42,61,79,22,25,2,0,0,0,3,1,2,0,45089,38336,12.8,12.0,753,690,33.3,30.4,6753,-6753,1985.784974093264,1688.3730569948186,Zilean,Wukong,Kayle,Kog'Maw,Galio,Teemo,Jarvan IV,Veigar,Corki,Bard,Doran's Ring,Cosmic Drive,Seraph's Embrace,Ionian Boots of Lucidity,No_Item,No_Item,Stealth Ward,Sundered Sky,Trinity Force,Mercury's Treads,No_Item,Control Ward,No_Item,Oracle Lens,No_Item,Doran's Ring,Nashor's Tooth,Rabadon's Deathcap,Boots of Swiftness,No_Item,Farsight Alteration,Doran's Ring,Seraph's Embrace,Fiendish Codex,Luden's Companion,Fiendish Codex,Sorcerer's Shoes,Farsight Alteration,Celestial Opposition,Null-Magic Mantle,Refillable Potion,Plated Steelcaps,Ruby Crystal,Dead Man's Plate,Oracle Lens,Doran's Ring,Boots of Swiftness,Liandry's Torment,Malignance,No_Item,No_Item,Oracle Lens,Control Ward,Sundered Sky,Slightly Magical Footwear,Black Cleaver,No_Item,No_Item,Oracle Lens,Rod of Ages,No_Item,Shurelya's Battlesong,Fiendish Codex,Doran's Ring,Ionian Boots of Lucidity,Farsight Alteration,Doran's Blade,Muramana,Trinity Force,No_Item,No_Item,Boots of Swiftness,Farsight Alteration,Bloodsong,Cloth Armor,Negatron Cloak,Giant's Belt,Heartsteel,Boots of Swiftness,Oracle Lens,Summon Aery,Resolve,Conqueror,Inspiration,Press the Attack,Sorcery,Arcane Comet,Precision,Aftershock,Inspiration,Fleet Footwork,Domination,Conqueror,Inspiration,Summon Aery,Resolve,Conqueror,Inspiration,Guardian,Domination,Teleport,Flash,Flash,Smite,Flash,Teleport,Flash,Teleport,Flash,Ignite,Ghost,Cleanse,Flash,Smite,Flash,Teleport,Barrier,Flash,Flash,Ignite,0,2,0,0,2,0
https://www.op.gg/summoners/euw/LiL%20TommyG-EUW/matches/uRd1PvnOddoW7cqb8_3vwcqquBPq1EgjJ56OZOh_ENA%3D/1733518695000,1,30,11,11,31,21,61,89,110,46,44,3,1,2,0,10,7,5,1,65821,58197,16.2,14.4,1003,1048,32.6,34.3,7624,-7624,2151.8403846153847,1902.5942307692308,Zilean,Hecarim,Orianna,Corki,Lulu,Irelia,Kindred,Yasuo,Lux,Bard,Cosmic Drive,Ionian Boots of Lucidity,Seraph's Embrace,Frozen Heart,No_Item,No_Item,Stealth Ward,Spear of Shojin,Eclipse,Ionian Boots of Lucidity,Death's Dance,Phage,Ruby Crystal,Stealth Ward,Rabadon's Deathcap,Seraph's Embrace,Sorcerer's Shoes,Mejai's Soulstealer,Shadowflame,Blighting Jewel,Farsight Alteration,Trinity Force,Muramana,Infinity Edge,Rapid Firecannon,Control Ward,Plated Steelcaps,Farsight Alteration,Redemption,Dream Maker,Moonstone Renewer,Control Ward,Ionian Boots of Lucidity,Kindlegem,Oracle Lens,Mercury's Treads,Wit's End,Blade of The Ruined King,Death's Dance,Hullbreaker,No_Item,Farsight Alteration,The Collector,Kraken Slayer,Infinity Edge,Boots,No_Item,No_Item,Oracle Lens,Doran's Shield,Stridebreaker,Berserker's Greaves,Blade of The Ruined King,Immortal Shieldbow,Chain Vest,Farsight Alteration,Doran's Ring,Control Ward,Luden's Companion,Shadowflame,Needlessly Large Rod,Sorcerer's Shoes,Farsight Alteration,Bloodsong,Locket of the Iron Solari,No_Item,Heartsteel,No_Item,Boots of Swiftness,Oracle Lens,Summon Aery,Resolve,Phase Rush,Precision,Summon Aery,Inspiration,Conqueror,Inspiration,Summon Aery,Resolve,Conqueror,Resolve,Press the Attack,Domination,Grasp of the Undying,Precision,Arcane Comet,Inspiration,Guardian,Domination,Teleport,Flash,Ghost,Smite,Flash,Teleport,Flash,Barrier,Heal,Flash,Flash,Teleport,Flash,Smite,Teleport,Flash,Flash,Teleport,Flash,Ignite,1,2,3,0,4,2
https://www.op.gg/summoners/euw/LiL%20TommyG-EUW/matches/uRd1PvnOddoqJbyPwJ-Bp3mlx8y7gaGEl7tnSJ_9ejs%3D/1733516151000,1,17,3,3,17,2,31,43,56,18,14,2,0,0,0,5,0,2,0,38151,28736,11.2,10.6,603,569,31.9,30.1,9415,-9415,2005.3730769230767,1510.482051282051,Yasuo,Rek'Sai,Zilean,Jinx,Lulu,K'Sante,Graves,Akali,Caitlyn,Bard,Refillable Potion,Blade of The Ruined King,Berserker's Greaves,Immortal Shieldbow,No_Item,Doran's Shield,Farsight Alteration,Black Cleaver,Titanic Hydra,Slightly Magical Footwear,Ruby Crystal,No_Item,No_Item,Oracle Lens,Doran's Ring,Seraph's Embrace,Ionian Boots of Lucidity,Glacial Buckler,Cloth Armor,Cloth Armor,Stealth Ward,B. F. Sword,Yun Tal Wildarrows,Berserker's Greaves,No_Item,Cloak of Agility,Phantom Dancer,Farsight Alteration,Kindlegem,Dream Maker,No_Item,Ionian Boots of Lucidity,Moonstone Renewer,No_Item,Oracle Lens,Cloth Armor,Iceborn Gauntlet,Plated Steelcaps,Doran's Shield,Negatron Cloak,No_Item,Stealth Ward,Plated Steelcaps,Opportunity,Serrated Dirk,No_Item,No_Item,No_Item,Oracle Lens,Refillable Potion,Boots,Stormsurge,Hextech Alternator,Doran's Ring,No_Item,Stealth Ward,Pickaxe,Cloak of Agility,B. F. Sword,Doran's Blade,Slightly Magical Footwear,The Collector,Farsight Alteration,Bloodsong,Crystalline Bracer,Ruby Crystal,Giant's Belt,No_Item,Boots of Swiftness,Oracle Lens,Grasp of the Undying,Precision,Conqueror,Inspiration,Summon Aery,Inspiration,Lethal Tempo,Sorcery,Summon Aery,Resolve,Aftershock,Inspiration,Dark Harvest,Precision,Electrocute,Sorcery,First Strike,Sorcery,Guardian,Domination,Teleport,Flash,Smite,Flash,Teleport,Flash,Barrier,Flash,Heal,Flash,Teleport,Ghost,Flash,Smite,Teleport,Ignite,Ghost,Flash,Flash,Ignite,1,3,0,0,3,0
https://www.op.gg/summoners/euw/LiL%20TommyG-EUW/matches/uRd1PvnOddp5E1O80lThzaUODxRa-PA9AaPA52bZDBk%3D/1733514682000,0,19,30,30,19,62,36,62,99,32,21,2,2,0,1,2,7,2,3,51011,56561,13.0,14.2,820,775,29.3,27.5,-5550,5550,1821.8214285714287,2020.0357142857142,Zilean,Volibear,Yone,Draven,Lulu,Sylas,Vi,Katarina,Ezreal,Bard,Doran's Ring,Kindlegem,Seraph's Embrace,Ionian Boots of Lucidity,Oblivion Orb,Fiendish Codex,Stealth Ward,Spirit Visage,Sundered Sky,Cloth Armor,Plated Steelcaps,Control Ward,Ruby Crystal,Oracle Lens,B. F. Sword,Negatron Cloak,Immortal Shieldbow,Cloak of Agility,Berserker's Greaves,Blade of The Ruined King,Oracle Lens,The Collector,Bloodthirster,Infinity Edge,Cloak of Agility,Mortal Reminder,Berserker's Greaves,Farsight Alteration,Redemption,Dream Maker,Control Ward,Ionian Boots of Lucidity,Moonstone Renewer,Ruby Crystal,Oracle Lens,Dark Seal,Rabadon's Deathcap,Hextech Rocketbelt,Zhonya's Hourglass,Needlessly Large Rod,Sorcerer's Shoes,Oracle Lens,Trinity Force,Sundered Sky,No_Item,Warden's Mail,Ruby Crystal,Plated Steelcaps,Oracle Lens,Void Staff,Dark Seal,No_Item,Lich Bane,Sorcerer's Shoes,Shadowflame,Farsight Alteration,Doran's Blade,Trinity Force,Muramana,Caulfield's Warhammer,Long Sword,Ionian Boots of Lucidity,Farsight Alteration,Bloodsong,Ruby Crystal,Chain Vest,Heartsteel,Winged Moonplate,Boots of Swiftness,Oracle Lens,Summon Aery,Resolve,Press the Attack,Inspiration,Fleet Footwork,Resolve,Lethal Tempo,Domination,Summon Aery,Resolve,Electrocute,Precision,Conqueror,Inspiration,Conqueror,Domination,Conqueror,Inspiration,Guardian,Domination,Teleport,Flash,Flash,Smite,Teleport,Flash,Flash,Barrier,Flash,Heal,Flash,Teleport,Smite,Flash,Teleport,Flash,Flash,Barrier,Flash,Ignite,1,1,0,0,2,1
https://www.op.gg/summoners/euw/LiL%20TommyG-EUW/matches/uRd1PvnOddr_tbluIIvRfgOyEphxyFJEv8zAwwGCrbM%3D/1733512399000,1,42,32,32,42,47,60,89,97,37,42,4,1,1,0,8,3,5,1,71365,65458,16.4,15.8,1036,1028,29.900000000000002,29.6,5907,-5907,2046.3082437275987,1876.931899641577,K'Sante,Zac,Syndra,Yasuo,Vel'Koz,Aurora,Wukong,Katarina,Talon,Bard,Ruby Crystal,No_Item,Thornmail,Mercury's Treads,Iceborn Gauntlet,Force of Nature,Stealth Ward,Mejai's Soulstealer,Glowing Mote,Unending Despair,Spirit Visage,Sunfire Aegis,Ionian Boots of Lucidity,Oracle Lens,Needlessly Large Rod,Zhonya's Hourglass,Cosmic Drive,Blackfire Torch,Sorcerer's Shoes,Needlessly Large Rod,Farsight Alteration,Infinity Edge,Stridebreaker,Immortal Shieldbow,Steel Sigil,Blade of The Ruined King,Berserker's Greaves,Farsight Alteration,Shattered Armguard,Liandry's Torment,Zaz'Zak's Realmspike,Ionian Boots of Lucidity,Horizon Focus,Dark Seal,Oracle Lens,Doran's Ring,Liandry's Torment,Boots of Swiftness,Cosmic Drive,Void Staff,Oblivion Orb,Oracle Lens,Pickaxe,Sundered Sky,Maw of Malmortius,Mercury's Treads,Trinity Force,Phage,Oracle Lens,Mejai's Soulstealer,Lich Bane,Needlessly Large Rod,Sorcerer's Shoes,Stormsurge,Amplifying Tome,Farsight Alteration,Eclipse,Opportunity,Profane Hydra,Synchronized Souls,Black Cleaver,Edge of Night,Oracle Lens,Bloodsong,Amplifying Tome,No_Item,Heartsteel,Abyssal Mask,Boots of Swiftness,Oracle Lens,Grasp of the Undying,Inspiration,Aftershock,Inspiration,First Strike,Sorcery,Grasp of the Undying,Precision,Arcane Comet,Domination,Electrocute,Sorcery,Conqueror,Inspiration,Electrocute,Precision,Conqueror,Sorcery,Grasp of the Undying,Domination,Teleport,Flash,Smite,Flash,Flash,Teleport,Flash,Exhaust,Heal,Flash,Teleport,Flash,Flash,Smite,Teleport,Flash,Ignite,Flash,Flash,Ignite,0,6,1,0,0,0
https://www.op.gg/summoners/euw/LiL%20TommyG-EUW/matches/uRd1PvnOddrUuVwrxjmTYEWEpyeNlrka9UJYtxMV7rw%3D/1733491413000,0,13,24,24,13,49,26,82,44,12,34,0,4,0,1,2,6,0,5,43677,53708,12.6,14.2,735,824,29.5,33.0,-10031,10031,1742.1724719101123,2142.285393258427,K'Sante,Lee Sin,Azir,Jinx,Bard,Riven,Sejuani,Akali,Corki,Senna,Doran's Shield,Thornmail,Iceborn Gauntlet,Plated Steelcaps,No_Item,No_Item,Stealth Ward,Sundered Sky,Eclipse,Slightly Magical Footwear,Pickaxe,No_Item,Ruby Crystal,Stealth Ward,Sorcerer's Shoes,Nashor's Tooth,Shadowflame,Refillable Potion,Doran's Ring,No_Item,Oracle Lens,Berserker's Greaves,The Collector,Runaan's Hurricane,Infinity Edge,Doran's Blade,Long Sword,Farsight Alteration,Bloodsong,Giant's Belt,No_Item,Heartsteel,No_Item,Boots of Swiftness,Oracle Lens,Sundered Sky,No_Item,No_Item,Doran's Blade,Black Cleaver,Ionian Boots of Lucidity,Stealth Ward,Plated Steelcaps,No_Item,Negatron Cloak,Frozen Heart,Ruby Crystal,Heartsteel,Oracle Lens,Doran's Ring,Rabadon's Deathcap,Shadowflame,Stormsurge,Dark Seal,Boots,Oracle Lens,Doran's Blade,Trinity Force,Lord Dominik's Regards,No_Item,Plated Steelcaps,Muramana,Farsight Alteration,Dream Maker,Moonstone Renewer,Boots of Swiftness,Echoes of Helia,Dark Seal,Blasting Wand,Oracle Lens,Aftershock,Inspiration,Conqueror,Inspiration,Fleet Footwork,Sorcery,Lethal Tempo,Domination,Guardian,Domination,Conqueror,Inspiration,Aftershock,Inspiration,Electrocute,Resolve,Conqueror,Inspiration,Summon Aery,Resolve,Flash,Teleport,Smite,Flash,Flash,Teleport,Flash,Barrier,Flash,Ignite,Teleport,Flash,Flash,Smite,Ignite,Flash,Barrier,Flash,Flash,Heal,0,4,0,1,2,0
https://www.op.gg/summoners/euw/LiL%20TommyG-EUW/matches/uRd1PvnOddq7paGEETK-krypvQrcAAyRJyrQMKS_ahY%3D/1733421853000,0,12,43,43,12,50,17,72,79,21,26,1,2,0,1,1,8,1,3,38990,57467,11.6,14.0,640,786,26.6,32.800000000000004,-18477,18477,1622.4026845637584,2391.2442953020136,Gragas,Master Yi,Kog'Maw,Corki,Bard,Taliyah,Jax,Aurora,Jhin,Pyke,Doran's Ring,Seraph's Embrace,Dark Seal,Cosmic Drive,No_Item,Boots,Stealth Ward,Guinsoo's Rageblade,Kraken Slayer,Boots,Ruby Crystal,Pickaxe,Recurve Bow,Oracle Lens,Doran's Ring,Refillable Potion,Luden's Companion,Sorcerer's Shoes,Hextech Alternator,Needlessly Large Rod,Farsight Alteration,Doran's Blade,Muramana,Trinity Force,No_Item,No_Item,Plated Steelcaps,Farsight Alteration,Bloodsong,Warmog's Armor,Ruby Crystal,No_Item,No_Item,Boots of Swiftness,Oracle Lens,Boots of Swiftness,Seraph's Embrace,Shadowflame,Mejai's Soulstealer,Doran's Ring,Rabadon's Deathcap,Farsight Alteration,Mercury's Treads,Trinity Force,Seeker's Armguard,Sundered Sky,Needlessly Large Rod,Control Ward,Stealth Ward,Needlessly Large Rod,Blasting Wand,Malignance,Mejai's Soulstealer,Sorcerer's Shoes,Shadowflame,Farsight Alteration,Doran's Blade,B. F. Sword,Pickaxe,Boots of Swiftness,The Collector,Hubris,Farsight Alteration,Edge of Night,Bloodsong,No_Item,Umbral Glaive,Ionian Boots of Lucidity,Rectrix,Oracle Lens,Phase Rush,Precision,Lethal Tempo,Domination,Arcane Comet,Precision,Conqueror,Inspiration,Guardian,Domination,Phase Rush,Inspiration,Conqueror,Inspiration,Arcane Comet,Domination,Dark Harvest,Precision,Hail of Blades,Resolve,Flash,Teleport,Flash,Smite,Flash,Teleport,Teleport,Flash,Flash,Ignite,Teleport,Flash,Flash,Smite,Flash,Teleport,Flash,Barrier,Flash,Ignite,0,0,0,1,3,1
https://www.op.gg/summoners/euw/LiL%20TommyG-EUW/matches/uRd1PvnOddraOhXgKQjD1oS3yUyGHyC80Yhv9Z7EKhg%3D/1733419889000,1,25,10,10,25,14,45,39,48,13,16,1,1,0,0,4,1,1,1,42212,32595,11.8,10.6,613,534,31.0,27.1,9617,-9617,2139.1216216216217,1651.7736486486485,Ezreal,Vi,Akali,Taliyah,Sona,Corki,Ivern,Heimerdinger,Sivir,Bard,Trinity Force,Doran's Blade,Tear of the Goddess,Ionian Boots of Lucidity,Long Sword,Long Sword,Farsight Alteration,Sterak's Gage,Sundered Sky,Ruby Crystal,No_Item,No_Item,Slightly Magical Footwear,Oracle Lens,Needlessly Large Rod,Needlessly Large Rod,Dark Seal,Stormsurge,Shadowflame,Boots,Oracle Lens,Sorcerer's Shoes,Luden's Companion,Shadowflame,Dark Seal,Doran's Ring,Amplifying Tome,Farsight Alteration,Slightly Magical Footwear,Seraph's Embrace,Catalyst of Aeons,Bloodsong,No_Item,Dark Seal,Oracle Lens,Doran's Blade,Refillable Potion,Trinity Force,Tear of the Goddess,Mercury's Treads,Caulfield's Warhammer,Farsight Alteration,Redemption,Ionian Boots of Lucidity,Moonstone Renewer,Control Ward,No_Item,No_Item,Oracle Lens,Sorcerer's Shoes,Doran's Ring,Dark Seal,Blackfire Torch,Fiendish Codex,Blighting Jewel,Stealth Ward,Doran's Blade,Refillable Potion,Essence Reaver,Zeal,Berserker's Greaves,Dagger,Farsight Alteration,Bloodsong,Warmog's Armor,No_Item,No_Item,No_Item,Boots of Swiftness,Oracle Lens,Press the Attack,Inspiration,Conqueror,Inspiration,Electrocute,Resolve,Arcane Comet,Inspiration,Unsealed Spellbook,Resolve,Conqueror,Inspiration,Summon Aery,Domination,Electrocute,Sorcery,Lethal Tempo,Sorcery,Guardian,Domination,Barrier,Flash,Flash,Smite,Ignite,Flash,Teleport,Flash,Flash,Heal,Teleport,Flash,Flash,Smite,Flash,Teleport,Barrier,Flash,Flash,Ignite,1,1,0,0,2,0
https://www.op.gg/summoners/euw/LiL%20TommyG-EUW/matches/uRd1PvnOddoDfGsZFPRefPhDIOwDc-b7BQsMqvSNIz0%3D/1733418184000,0,28,30,30,28,38,49,80,81,35,39,2,2,0,1,3,9,2,3,51799,60132,13.6,14.4,799,842,29.0,30.6,-8333,8333,1866.6306306306305,2166.9189189189187,Darius,Gragas,Talon,Yasuo,Bard,Ambessa,Dr. Mundo,Sylas,Swain,Pyke,Stridebreaker,Sterak's Gage,Negatron Cloak,Death's Dance,Boots of Swiftness,Executioner's Calling,Oracle Lens,Sorcerer's Shoes,Zhonya's Hourglass,Dark Seal,Lich Bane,Control Ward,No_Item,Oracle Lens,Eclipse,Serrated Dirk,Chempunk Chainsword,Black Cleaver,Ionian Boots of Lucidity,No_Item,Oracle Lens,Doran's Shield,Stridebreaker,Berserker's Greaves,Blade of The Ruined King,Noonquiver,No_Item,Farsight Alteration,Bloodsong,Negatron Cloak,Oblivion Orb,Giant's Belt,Heartsteel,Boots of Swiftness,Oracle Lens,Doran's Blade,Death's Dance,Eclipse,Plated Steelcaps,Spear of Shojin,Ruby Crystal,Stealth Ward,Heartsteel,Randuin's Omen,Unending Despair,Boots of Swiftness,No_Item,No_Item,Oracle Lens,Shadowflame,Zhonya's Hourglass,Hextech Rocketbelt,Boots,Needlessly Large Rod,Needlessly Large Rod,Oracle Lens,Doran's Ring,Blackfire Torch,Oblivion Orb,Zhonya's Hourglass,Plated Steelcaps,Dark Seal,Farsight Alteration,Bloodsong,Edge of Night,Umbral Glaive,Synchronized Souls,Serrated Dirk,Long Sword,Oracle Lens,Conqueror,Sorcery,Dark Harvest,Inspiration,Conqueror,Sorcery,Lethal Tempo,Resolve,Grasp of the Undying,Domination,Grasp of the Undying,Domination,Fleet Footwork,Inspiration,Conqueror,Resolve,Conqueror,Resolve,Hail of Blades,Sorcery,Flash,Ghost,Smite,Flash,Ignite,Flash,Exhaust,Flash,Flash,Ignite,Teleport,Flash,Flash,Smite,Teleport,Flash,Flash,Exhaust,Flash,Ignite,0,3,0,0,3,1
https://www.op.gg/summoners/euw/LiL%20TommyG-EUW/matches/uRd1PvnOddo5zinyAjrIrQhJmxBEajzLKLJ35-hOQcs%3D/1733415638000,0,21,33,33,21,57,28,52,75,19,17,1,1,0,1,2,9,1,2,44147,53263,12.0,13.6,700,674,31.3,30.1,-9116,9116,1975.8097902097902,2383.7986013986015,Vayne,Vi,Sylas,Zeri,Lulu,Aurora,Bel'Veth,Katarina,Hwei,Bard,Trinity Force,Recurve Bow,Berserker's Greaves,Pickaxe,Doran's Blade,Recurve Bow,Farsight Alteration,Slightly Magical Footwear,Sundered Sky,Black Cleaver,Cloth Armor,Long Sword,Long Sword,Stealth Ward,Doran's Ring,Shadowflame,Hextech Rocketbelt,Mercury's Treads,Dark Seal,Amplifying Tome,Oracle Lens,Runaan's Hurricane,Statikk Shiv,Berserker's Greaves,Noonquiver,Pickaxe,Doran's Blade,Farsight Alteration,Dream Maker,Shurelya's Battlesong,Kindlegem,Forbidden Idol,Ionian Boots of Lucidity,Imperial Mandate,Oracle Lens,Doran's Ring,Sorcerer's Shoes,Malignance,Hextech Alternator,Needlessly Large Rod,Dark Seal,Stealth Ward,Wit's End,Kraken Slayer,Stridebreaker,Long Sword,Boots,Long Sword,Oracle Lens,Mejai's Soulstealer,Lich Bane,Blighting Jewel,Sorcerer's Shoes,Blasting Wand,Stormsurge,Farsight Alteration,Doran's Ring,Liandry's Torment,Blackfire Torch,Needlessly Large Rod,Boots,Mejai's Soulstealer,Farsight Alteration,Bloodsong,No_Item,"Jak'Sho, The Protean",Heartsteel,No_Item,Boots of Swiftness,Oracle Lens,Press the Attack,Resolve,Hail of Blades,Inspiration,Conqueror,Resolve,Lethal Tempo,Inspiration,Electrocute,Sorcery,Electrocute,Sorcery,Conqueror,Domination,Conqueror,Domination,Arcane Comet,Precision,Guardian,Domination,Flash,Ghost,Flash,Smite,Teleport,Flash,Barrier,Flash,Ignite,Flash,Teleport,Flash,Smite,Flash,Ignite,Teleport,Flash,Teleport,Flash,Ignite,0,2,0,1,4,1
https://www.op.gg/summoners/euw/LiL%20TommyG-EUW/matches/uRd1PvnOddquWRvbQpIH5siRaT7Q-uiAA33P1ZdnK-g%3D/1733413705000,1,36,17,18,36,23,61,57,62,22,17,1,1,1,0,10,4,2,1,53952,41495,13.6,11.2,723,592,32.2,26.3,12457,-12457,2405.9675675675676,1850.4527027027025,Aurora,Vi,Akali,Corki,Nautilus,Gragas,Rengar,Katarina,Lucian,Bard,Boots of Swiftness,Zhonya's Hourglass,Amplifying Tome,Cosmic Drive,Dark Seal,Liandry's Torment,Oracle Lens,Black Cleaver,Sundered Sky,No_Item,Plated Steelcaps,Negatron Cloak,Ruby Crystal,Oracle Lens,Needlessly Large Rod,Needlessly Large Rod,Stormsurge,Boots,Dark Seal,Shadowflame,Oracle Lens,Doran's Blade,Muramana,Trinity Force,Plated Steelcaps,Cloak of Agility,Pickaxe,Farsight Alteration,Bloodsong,Locket of the Iron Solari,No_Item,Plated Steelcaps,Chain Vest,Kindlegem,Oracle Lens,Needlessly Large Rod,Lost Chapter,Amplifying Tome,Ionian Boots of Lucidity,Cosmic Drive,Doran's Ring,Stealth Ward,Control Ward,Profane Hydra,Youmuu's Ghostblade,Boots,Serrated Dirk,Last Whisper,Oracle Lens,Doran's Blade,Blade of The Ruined King,Wit's End,Dagger,Boots,Long Sword,Stealth Ward,Doran's Blade,Essence Reaver,Infinity Edge,Berserker's Greaves,Cloak of Agility,Long Sword,Farsight Alteration,Bloodsong,Heartsteel,No_Item,No_Item,No_Item,Boots of Swiftness,Oracle Lens,Electrocute,Sorcery,Conqueror,Inspiration,Electrocute,Resolve,Conqueror,Inspiration,Glacial Augment,Resolve,Phase Rush,Inspiration,Conqueror,Domination,Conqueror,Domination,Press the Attack,Inspiration,Guardian,Domination,Teleport,Flash,Flash,Smite,Ignite,Flash,Teleport,Flash,Flash,Ignite,Flash,Teleport,Flash,Smite,Ignite,Teleport,Barrier,Flash,Flash,Exhaust,0,6,2,1,0,0
https://www.op.gg/summoners/euw/LiL%20TommyG-EUW/matches/uRd1PvnOddrW74L_WG1tfdkFlepTvesZ0dH3Tga46fs%3D/1733355704000,0,33,48,48,33,77,34,114,120,30,30,3,2,0,2,7,11,3,4,69376,77426,16.6,17.2,1008,956,28.6,27.2,-8050,8050,1975.7566343042074,2205.012297734628,Lee Sin,Xin Zhao,Sylas,Corki,Bard,Gangplank,Elise,Cassiopeia,Yasuo,Poppy,Profane Hydra,Serpent's Fang,Mercury's Treads,Edge of Night,Eclipse,Serylda's Grudge,Stealth Ward,Tiamat,Sundered Sky,Sterak's Gage,Mercury's Treads,Ruby Crystal,Giant's Belt,Oracle Lens,Hextech Rocketbelt,Void Staff,Needlessly Large Rod,Mercury's Treads,Needlessly Large Rod,Shadowflame,Oracle Lens,Lord Dominik's Regards,Muramana,Rapid Firecannon,Trinity Force,Mercury's Treads,Hexdrinker,Farsight Alteration,Bloodsong,Cloth Armor,Kindlegem,Heartsteel,"Jak'Sho, The Protean",Boots of Swiftness,Oracle Lens,Trinity Force,The Collector,Mortal Reminder,Infinity Edge,Cloak of Agility,Plated Steelcaps,Farsight Alteration,Sorcerer's Shoes,Seeker's Armguard,Stormsurge,Shadowflame,Rabadon's Deathcap,Cryptbloom,Oracle Lens,Rylai's Crystal Scepter,Zhonya's Hourglass,No_Item,Void Staff,Rod of Ages,Seraph's Embrace,Farsight Alteration,Doran's Shield,Stridebreaker,Berserker's Greaves,Blade of The Ruined King,Immortal Shieldbow,Steel Sigil,Farsight Alteration,Abyssal Mask,Locket of the Iron Solari,Bloodsong,Control Ward,Dead Man's Plate,Boots of Swiftness,Oracle Lens,Conqueror,Resolve,Conqueror,Inspiration,Electrocute,Sorcery,Conqueror,Inspiration,Guardian,Domination,Grasp of the Undying,Inspiration,Dark Harvest,Sorcery,Conqueror,Sorcery,Lethal Tempo,Resolve,Aftershock,Domination,Teleport,Flash,Flash,Smite,Teleport,Flash,Flash,Barrier,Flash,Exhaust,Flash,Teleport,Flash,Smite,Flash,Teleport,Exhaust,Flash,Flash,Ignite,0,3,1,1,3,2
https://www.op.gg/summoners/euw/LiL%20TommyG-EUW/matches/uRd1PvnOddq9SbNxgGFG1Guknmis7uDN5v5vQgAebaA%3D/1733352519000,1,22,11,11,22,14,29,43,38,13,9,1,0,0,0,2,1,1,0,34388,30715,10.4,9.6,455,538,26.7,31.599999999999998,3673,-3673,2036.1315789473683,1818.6513157894735,Aatrox,Xin Zhao,Fizz,Smolder,Bard,Varus,Elise,Yasuo,Corki,Lulu,Doran's Shield,Refillable Potion,Plated Steelcaps,Caulfield's Warhammer,Ruby Crystal,Long Sword,Stealth Ward,Gustwalker Hatchling,Sundered Sky,Black Cleaver,Long Sword,No_Item,Slightly Magical Footwear,Oracle Lens,Doran's Ring,No_Item,Seeker's Armguard,Lich Bane,Ionian Boots of Lucidity,Mejai's Soulstealer,Oracle Lens,Doran's Blade,Hubris,Ionian Boots of Lucidity,Zeal,Long Sword,No_Item,Farsight Alteration,Bloodsong,No_Item,Heartsteel,No_Item,No_Item,Boots of Swiftness,Oracle Lens,Doran's Blade,Refillable Potion,Experimental Hexplate,Boots,Long Sword,Dagger,Stealth Ward,Scorchclaw Pup,Sorcerer's Shoes,No_Item,Stormsurge,No_Item,No_Item,Oracle Lens,Doran's Blade,Blade of The Ruined King,Berserker's Greaves,Dagger,No_Item,No_Item,Farsight Alteration,Trinity Force,Tear of the Goddess,Plated Steelcaps,Caulfield's Warhammer,Long Sword,Doran's Blade,Farsight Alteration,Dream Maker,No_Item,Forbidden Idol,Boots,Kindlegem,Moonstone Renewer,Oracle Lens,Conqueror,Resolve,Conqueror,Inspiration,Electrocute,Sorcery,Arcane Comet,Inspiration,Guardian,Domination,Press the Attack,Resolve,Electrocute,Precision,Lethal Tempo,Resolve,Conqueror,Inspiration,Summon Aery,Resolve,Teleport,Flash,Flash,Smite,Ignite,Flash,Flash,Teleport,Flash,Exhaust,Teleport,Flash,Smite,Flash,Teleport,Flash,Teleport,Flash,Flash,Heal,0,3,0,0,3,0
https://www.op.gg/summoners/euw/LiL%20TommyG-EUW/matches/uRd1PvnOddrd7w3QxWhHgtjm7rk0V0MUWj-lhn3iQOw%3D/1733351114000,0,30,35,35,31,57,30,100,114,41,42,1,4,0,2,6,8,1,6,64328,70630,15.6,16.8,985,984,28.4,28.4,-6302,6302,1857.1682008368202,2039.1087866108787,Sett,Zac,Fizz,Varus,Nami,Darius,Viego,Aurora,Qiyana,Bard,Stridebreaker,Negatron Cloak,Plated Steelcaps,Sterak's Gage,Winged Moonplate,Black Cleaver,Oracle Lens,No_Item,"Jak'Sho, The Protean",Spirit Visage,Unending Despair,Sunfire Aegis,Ionian Boots of Lucidity,Oracle Lens,Zhonya's Hourglass,Cryptbloom,Mejai's Soulstealer,Needlessly Large Rod,Lich Bane,Ionian Boots of Lucidity,Oracle Lens,Doran's Blade,Berserker's Greaves,Guinsoo's Rageblade,Zhonya's Hourglass,Blade of The Ruined King,Recurve Bow,Farsight Alteration,Boots of Swiftness,Dream Maker,Fiendish Codex,Shurelya's Battlesong,Imperial Mandate,Moonstone Renewer,Oracle Lens,Stridebreaker,Sterak's Gage,Giant's Belt,Force of Nature,Negatron Cloak,Plated Steelcaps,Oracle Lens,B. F. Sword,Mercury's Treads,Titanic Hydra,Death's Dance,Kraken Slayer,Wit's End,Oracle Lens,Zhonya's Hourglass,Malignance,Liandry's Torment,Needlessly Large Rod,Sorcerer's Shoes,Needlessly Large Rod,Farsight Alteration,Serrated Dirk,Profane Hydra,Youmuu's Ghostblade,Serylda's Grudge,Tunneler,Ionian Boots of Lucidity,Oracle Lens,Bloodsong,Watchful Wardstone,Heartsteel,Oblivion Orb,"Jak'Sho, The Protean",Boots of Swiftness,Oracle Lens,Conqueror,Resolve,Aftershock,Inspiration,Electrocute,Sorcery,Lethal Tempo,Inspiration,Summon Aery,Domination,Conqueror,Sorcery,Conqueror,Inspiration,Electrocute,Sorcery,Electrocute,Precision,Guardian,Domination,Flash,Ignite,Smite,Flash,Flash,Ignite,Flash,Barrier,Flash,Heal,Flash,Ghost,Smite,Flash,Flash,Teleport,Flash,Teleport,Flash,Ignite,0,3,1,1,3,1
,,-1,-1,-1,-1,-1,-1,-1,-1,-1,-1,-1,-1,-1,-1,-1,-1,-1,-1,-1,-1,-1.0,-1.0,-1,-1,-1.0,-1.0,-1,-1,-1.0,-1.0,,,,,,,,,,,,,,,,,,,,,,,,,,,,,,,,,,,,,,,,,,,,,,,,,,,,,,,,,,,,,,,,,,,,,,,,,,,,,,,,,,,,,,,,,,,,,,,,,,,,,,,,,,,,,,,,,,,,,,,,,-1,-1,-1,-1,-1,-1
https://www.op.gg/summoners/euw/LiL%20TommyG-EUW/matches/uRd1PvnOddoHk6rVj-WMfT1GmQ1GIu3oz5JPMlRbfdA%3D/1733347169000,0,15,26,26,15,68,23,79,87,28,32,1,2,0,2,6,10,1,4,64683,69373,15.8,16.4,1194,1014,34.4,29.1,-4690,4690,1855.0596226415093,1989.5652830188678,Gragas,Viego,Vladimir,Corki,Nautilus,Olaf,Ivern,Fiora,Seraphine,Senna,Seraph's Embrace,Zhonya's Hourglass,Cosmic Drive,Doran's Ring,Ionian Boots of Lucidity,Cryptbloom,Oracle Lens,Mercury's Treads,Titanic Hydra,Serpent's Fang,Kraken Slayer,Tunneler,Pickaxe,Oracle Lens,Stormsurge,Liandry's Torment,Rabadon's Deathcap,Sorcerer's Shoes,Void Staff,No_Item,Farsight Alteration,Doran's Blade,Muramana,Trinity Force,Serpent's Fang,Plated Steelcaps,Mortal Reminder,Farsight Alteration,Bloodsong,Locket of the Iron Solari,Chain Vest,Kindlegem,Mercury's Treads,Control Ward,Oracle Lens,Ravenous Hydra,Spirit Visage,Tunneler,Death's Dance,Experimental Hexplate,Ionian Boots of Lucidity,Farsight Alteration,Moonstone Renewer,Redemption,Echoes of Helia,Dawncore,Forbidden Idol,Ionian Boots of Lucidity,Oracle Lens,Ravenous Hydra,Trinity Force,Mercury's Treads,Maw of Malmortius,Steel Sigil,Control Ward,Stealth Ward,Zhonya's Hourglass,Rylai's Crystal Scepter,Seraph's Embrace,Blackfire Torch,Ionian Boots of Lucidity,Oblivion Orb,Farsight Alteration,Bloodsong,Moonstone Renewer,Echoes of Helia,Black Cleaver,Ardent Censer,Boots of Swiftness,Oracle Lens,Grasp of the Undying,Sorcery,Conqueror,Inspiration,Summon Aery,Precision,Fleet Footwork,Inspiration,Aftershock,Inspiration,Conqueror,Inspiration,Summon Aery,Inspiration,Conqueror,Domination,Conqueror,Sorcery,Grasp of the Undying,Precision,Flash,Teleport,Flash,Smite,Flash,Ignite,Flash,Barrier,Flash,Ignite,Flash,Ghost,Flash,Smite,Ignite,Teleport,Flash,Teleport,Flash,Heal,1,6,0,0,0,2
https://www.op.gg/summoners/euw/LiL%20TommyG-EUW/matches/uRd1PvnOddqHkRngORRBQ6fpE3ONQgzmTvx3dTuimOg%3D/1733343941000,1,29,21,22,29,28,40,107,80,29,34,0,3,1,0,9,4,1,3,59989,52999,14.8,13.6,873,904,30.2,31.400000000000002,6990,-6990,2073.352534562212,1831.76267281106,Yone,Vi,Kayle,Xayah,Bard,Jax,Talon,Syndra,Corki,Lulu,Pickaxe,B. F. Sword,Berserker's Greaves,Blade of The Ruined King,Immortal Shieldbow,Cloak of Agility,Farsight Alteration,Death's Dance,No_Item,Sundered Sky,Long Sword,Plated Steelcaps,Hexdrinker,Oracle Lens,Shattered Armguard,Nashor's Tooth,Rabadon's Deathcap,Lich Bane,Doran's Shield,Boots of Swiftness,Farsight Alteration,Doran's Blade,Mortal Reminder,Navori Flickerblade,Berserker's Greaves,Essence Reaver,B. F. Sword,Farsight Alteration,Bloodsong,No_Item,Giant's Belt,Warmog's Armor,Null-Magic Mantle,Boots of Swiftness,Oracle Lens,Sundered Sky,Trinity Force,Cloth Armor,No_Item,Plated Steelcaps,No_Item,Stealth Ward,Hubris,Opportunity,Serrated Dirk,Black Cleaver,Slightly Magical Footwear,Long Sword,Oracle Lens,Sorcerer's Shoes,Luden's Companion,Shadowflame,Blighting Jewel,Dark Seal,Doran's Ring,Farsight Alteration,Plated Steelcaps,Trinity Force,Pickaxe,Rapid Firecannon,Doran's Blade,Muramana,Farsight Alteration,Redemption,Kindlegem,Dream Maker,Moonstone Renewer,Ionian Boots of Lucidity,Cloth Armor,Oracle Lens,Fleet Footwork,Resolve,Conqueror,Inspiration,Press the Attack,Sorcery,Lethal Tempo,Inspiration,Guardian,Domination,Lethal Tempo,Resolve,Conqueror,Inspiration,Summon Aery,Precision,Conqueror,Inspiration,Summon Aery,Resolve,Flash,Teleport,Flash,Smite,Flash,Teleport,Flash,Barrier,Flash,Ignite,Flash,Teleport,Flash,Smite,Teleport,Flash,Barrier,Flash,Flash,Heal,0,4,1,1,2,0
https://www.op.gg/summoners/euw/LiL%20TommyG-EUW/matches/uRd1PvnOddqDHsdbTt2XNMjnxnn_GiIezpAsEp3a4kY%3D/1733341853000,0,24,41,41,24,64,26,77,102,45,37,0,2,0,1,3,7,0,3,54516,64691,13.8,15.8,860,864,28.8,28.9,-10175,10175,1817.2,2156.366666666667,Gnar,Elise,Yone,Corki,Leona,Gangplank,Hecarim,Zoe,Veigar,Bard,Sterak's Gage,Trinity Force,Control Ward,Kindlegem,Plated Steelcaps,No_Item,Stealth Ward,Control Ward,Sorcerer's Shoes,Dark Seal,Stormsurge,Void Staff,Shadowflame,Oracle Lens,Berserker's Greaves,Stridebreaker,Negatron Cloak,Blade of The Ruined King,Recurve Bow,Recurve Bow,Oracle Lens,Doran's Blade,Trinity Force,Mercury's Treads,Essence Reaver,Infinity Edge,Hexdrinker,Farsight Alteration,Bloodsong,Mercury's Treads,Warmog's Armor,Kindlegem,Control Ward,Cloth Armor,Oracle Lens,Trinity Force,The Collector,Immortal Shieldbow,Pickaxe,Cloak of Agility,Ionian Boots of Lucidity,Farsight Alteration,Spear of Shojin,Eclipse,Locket of the Iron Solari,Ionian Boots of Lucidity,Glowing Mote,Pickaxe,Stealth Ward,Mejai's Soulstealer,Shattered Armguard,Banshee's Veil,Ionian Boots of Lucidity,Horizon Focus,Blackfire Torch,Oracle Lens,Rod of Ages,Cryptbloom,Ionian Boots of Lucidity,No_Item,Rabadon's Deathcap,Horizon Focus,Farsight Alteration,Bloodsong,No_Item,Ruby Crystal,Heartsteel,"Jak'Sho, The Protean",Boots of Swiftness,Oracle Lens,Fleet Footwork,Resolve,Electrocute,Precision,Fleet Footwork,Resolve,Conqueror,Sorcery,Aftershock,Inspiration,Summon Aery,Resolve,Phase Rush,Precision,Electrocute,Precision,Summon Aery,Inspiration,Grasp of the Undying,Domination,Teleport,Flash,Smite,Flash,Flash,Teleport,Flash,Barrier,Flash,Ignite,Flash,Teleport,Ghost,Smite,Flash,Ignite,Flash,Teleport,Flash,Exhaust,1,3,0,0,3,2
https://www.op.gg/summoners/euw/LiL%20TommyG-EUW/matches/uRd1PvnOddqTOtRjZHKyk09qMdPZL8ByjhcfxZ3_tsc%3D/1733339231000,1,20,15,15,20,16,33,54,38,13,14,1,2,0,0,2,3,1,2,40470,39916,12.0,11.6,656,661,30.5,30.7,554,-554,1884.480916030534,1858.6839694656485,Fiddlesticks,Sejuani,Irelia,Ezreal,Bard,Aurora,Shaco,LeBlanc,Caitlyn,Maokai,Doran's Ring,Liandry's Torment,Sorcerer's Shoes,Hextech Alternator,Needlessly Large Rod,No_Item,Scarecrow Effigy,Winter's Approach,Zeke's Convergence,Spectre's Cowl,Negatron Cloak,Slightly Magical Footwear,No_Item,Oracle Lens,Wit's End,Blade of The Ruined King,Hearthbound Axe,Boots,Ruby Crystal,No_Item,Oracle Lens,Doran's Blade,No_Item,Refillable Potion,Trinity Force,Muramana,Ionian Boots of Lucidity,Farsight Alteration,Bloodsong,No_Item,Ruby Crystal,Warmog's Armor,No_Item,Boots of Swiftness,Oracle Lens,Refillable Potion,Mercury's Treads,Doran's Ring,Oblivion Orb,Liandry's Torment,Blighting Jewel,Farsight Alteration,Last Whisper,Youmuu's Ghostblade,Control Ward,Infinity Edge,Long Sword,Slightly Magical Footwear,Oracle Lens,Doran's Ring,Luden's Companion,Sorcerer's Shoes,Void Staff,Dark Seal,Needlessly Large Rod,Oracle Lens,Doran's Blade,The Collector,B. F. Sword,Berserker's Greaves,Cloak of Agility,Pickaxe,Farsight Alteration,Solstice Sleigh,Warmog's Armor,No_Item,No_Item,Boots of Swiftness,No_Item,Oracle Lens,Summon Aery,Resolve,Aftershock,Inspiration,Conqueror,Inspiration,Press the Attack,Inspiration,Guardian,Domination,Grasp of the Undying,Precision,Hail of Blades,Inspiration,Electrocute,Sorcery,Lethal Tempo,Sorcery,Aftershock,Inspiration,Flash,Ignite,Smite,Flash,Flash,Teleport,Barrier,Flash,Flash,Exhaust,Flash,Teleport,Smite,Ignite,Teleport,Flash,Flash,Cleanse,Ignite,Flash,0,3,0,1,3,0
https://www.op.gg/summoners/euw/LiL%20TommyG-EUW/matches/uRd1PvnOddpMKXuFUGDpzaMNTZu7MoedbelPWfHrjm4%3D/1733336738000,1,42,12,12,42,17,52,42,79,25,15,2,1,1,0,11,4,3,1,61323,46224,15.2,12.6,890,764,35.6,30.6,15099,-15099,2452.92,1848.96,Fiddlesticks,Rengar,Akali,Caitlyn,Thresh,Fiora,Diana,Zed,Ezreal,Bard,Zhonya's Hourglass,Oblivion Orb,Liandry's Torment,Doran's Ring,Boots,No_Item,Scarecrow Effigy,Serpent's Fang,Profane Hydra,Youmuu's Ghostblade,Ionian Boots of Lucidity,Serylda's Grudge,Long Sword,Oracle Lens,Doran's Ring,Shadowflame,Rabadon's Deathcap,Boots,Stormsurge,Mejai's Soulstealer,Oracle Lens,Berserker's Greaves,Noonquiver,Long Sword,Yun Tal Wildarrows,Doran's Blade,Infinity Edge,Farsight Alteration,Solstice Sleigh,Warmog's Armor,Synchronized Souls,Kindlegem,Cloth Armor,Cloth Armor,Oracle Lens,Ravenous Hydra,Plated Steelcaps,Trinity Force,Caulfield's Warhammer,Steel Sigil,No_Item,Stealth Ward,Hextech Rocketbelt,Rabadon's Deathcap,Amplifying Tome,Dark Seal,Sorcerer's Shoes,No_Item,Stealth Ward,Refillable Potion,Eclipse,Opportunity,Ionian Boots of Lucidity,Serrated Dirk,Long Sword,Farsight Alteration,Doran's Blade,Trinity Force,Caulfield's Warhammer,Muramana,Spear of Shojin,Ionian Boots of Lucidity,Farsight Alteration,Bloodsong,Kindlegem,Cloth Armor,Heartsteel,Null-Magic Mantle,Boots of Swiftness,Oracle Lens,Summon Aery,Resolve,Conqueror,Domination,Electrocute,Resolve,Fleet Footwork,Sorcery,Glacial Augment,Resolve,Grasp of the Undying,Inspiration,Conqueror,Inspiration,Conqueror,Domination,Press the Attack,Inspiration,Guardian,Domination,Flash,Teleport,Flash,Smite,Ignite,Flash,Barrier,Flash,Ignite,Flash,Teleport,Flash,Flash,Smite,Ignite,Flash,Barrier,Flash,Flash,Ignite,1,3,2,0,3,0
https://www.op.gg/summoners/euw/LiL%20TommyG-EUW/matches/uRd1PvnOddp6zMlDtXyPeniClbNLhJYFHxjr-fH6E8s%3D/1733333641000,1,40,27,27,40,39,60,61,54,21,10,3,0,1,0,9,2,4,0,56506,45794,14.2,12.2,745,674,30.5,27.6,10712,-10712,2299.662790697674,1863.7093023255813,Volibear,Viego,Hwei,Corki,Bard,Veigar,Lee Sin,Akali,Caitlyn,Lux,Mercury's Treads,Cosmic Drive,Unending Despair,Spirit Visage,Warden's Mail,Ruby Crystal,Stealth Ward,Titanic Hydra,Kraken Slayer,Mercury's Treads,Caulfield's Warhammer,Tunneler,No_Item,Oracle Lens,Blighting Jewel,Horizon Focus,Mejai's Soulstealer,Doran's Ring,Sorcerer's Shoes,Blackfire Torch,Oracle Lens,Trinity Force,Muramana,Doran's Blade,Rapid Firecannon,Mercury's Treads,Cloak of Agility,Farsight Alteration,Bloodsong,Control Ward,No_Item,Warmog's Armor,Dead Man's Plate,Boots of Swiftness,Oracle Lens,Shurelya's Battlesong,Doran's Ring,Rabadon's Deathcap,No_Item,No_Item,Boots of Swiftness,Farsight Alteration,Maw of Malmortius,Eclipse,Slightly Magical Footwear,Long Sword,Long Sword,Control Ward,Stealth Ward,Void Staff,Stormsurge,Dark Seal,Needlessly Large Rod,Sorcerer's Shoes,No_Item,Stealth Ward,Doran's Blade,The Collector,Berserker's Greaves,Infinity Edge,Rapid Firecannon,No_Item,Farsight Alteration,Celestial Opposition,Shurelya's Battlesong,Imperial Mandate,Ionian Boots of Lucidity,Control Ward,Oblivion Orb,Oracle Lens,Grasp of the Undying,Inspiration,Conqueror,Inspiration,Arcane Comet,Precision,Conqueror,Inspiration,Guardian,Domination,Summon Aery,Inspiration,Conqueror,Inspiration,Conqueror,Resolve,Fleet Footwork,Sorcery,Arcane Comet,Domination,Teleport,Flash,Flash,Smite,Teleport,Flash,Flash,Barrier,Flash,Ignite,Flash,Teleport,Flash,Smite,Teleport,Ignite,Flash,Barrier,Flash,Ignite,1,5,1,0,1,0
https://www.op.gg/summoners/euw/LiL%20TommyG-EUW/matches/uRd1PvnOddro4LsqZ4rzB2Q_si5PpRwZ9BERAm0BSSM%3D/1733331456000,0,27,42,42,27,72,62,110,111,40,56,1,3,0,2,3,9,1,5,59388,71156,15.0,16.6,906,986,28.0,30.599999999999998,-11768,11768,1851.0545454545454,2217.8493506493505,Irelia,Viego,Orianna,Aurelion Sol,Rell,Aurora,Rengar,Wukong,Corki,Bard,Giant's Belt,Kraken Slayer,Blade of The Ruined King,Plated Steelcaps,Wit's End,Tunneler,Stealth Ward,Titanic Hydra,Trinity Force,Sundered Sky,Hexdrinker,Plated Steelcaps,Control Ward,Oracle Lens,Shadowflame,Seraph's Embrace,Dark Seal,Void Staff,Control Ward,Ionian Boots of Lucidity,Farsight Alteration,Liandry's Torment,No_Item,Zhonya's Hourglass,Sorcerer's Shoes,Rylai's Crystal Scepter,Needlessly Large Rod,Farsight Alteration,Bloodsong,Locket of the Iron Solari,Kindlegem,Ionian Boots of Lucidity,Zeke's Convergence,No_Item,Oracle Lens,Needlessly Large Rod,Void Staff,Dark Seal,Luden's Companion,Shadowflame,Sorcerer's Shoes,Oracle Lens,Ionian Boots of Lucidity,Profane Hydra,Youmuu's Ghostblade,Lord Dominik's Regards,Serpent's Fang,B. F. Sword,Oracle Lens,Profane Hydra,Trinity Force,Plated Steelcaps,Doran's Blade,Sundered Sky,Long Sword,Oracle Lens,Doran's Blade,Infinity Edge,Rapid Firecannon,Trinity Force,Mercury's Treads,Muramana,Farsight Alteration,Bloodsong,No_Item,Kindlegem,Heartsteel,"Jak'Sho, The Protean",Boots of Swiftness,Oracle Lens,Conqueror,Resolve,Conqueror,Inspiration,Phase Rush,Inspiration,Arcane Comet,Precision,Aftershock,Inspiration,Electrocute,Precision,Conqueror,Domination,Conqueror,Inspiration,Conqueror,Inspiration,Guardian,Domination,Flash,Teleport,Flash,Smite,Teleport,Flash,Flash,Teleport,Flash,Ignite,Teleport,Flash,Flash,Smite,Teleport,Flash,Flash,Barrier,Flash,Ignite,1,3,0,0,3,1
https://www.op.gg/summoners/euw/LiL%20TommyG-EUW/matches/uRd1PvnOddpMJDJ2VEyUNRvuNpSA6jKClYSs5r3CEqc%3D/1733329027000,0,40,46,46,40,82,67,77,113,35,25,1,4,2,0,7,6,3,4,72466,71380,16.4,16.6,952,1025,27.6,29.8,1086,-1086,2110.039411764706,2078.4176470588236,Ekko,Viego,Aurora,Corki,Nautilus,Yasuo,Rengar,Akali,Varus,Bard,Rabadon's Deathcap,Lich Bane,No_Item,Shadowflame,Sorcerer's Shoes,Zhonya's Hourglass,Oracle Lens,Titanic Hydra,Kraken Slayer,Sundered Sky,Mercury's Treads,Black Cleaver,Control Ward,Oracle Lens,Sorcerer's Shoes,Luden's Companion,Shattered Armguard,Rabadon's Deathcap,Stormsurge,Dark Seal,Farsight Alteration,Trinity Force,Muramana,B. F. Sword,The Collector,Rapid Firecannon,Plated Steelcaps,Farsight Alteration,Locket of the Iron Solari,Celestial Opposition,Knight's Vow,Negatron Cloak,Warden's Mail,Plated Steelcaps,Oracle Lens,"Jak'Sho, The Protean",Berserker's Greaves,Blade of The Ruined King,Infinity Edge,Immortal Shieldbow,Steel Sigil,Farsight Alteration,Lord Dominik's Regards,Opportunity,Profane Hydra,Ionian Boots of Lucidity,Edge of Night,Cloak of Agility,Oracle Lens,Shadowflame,Shattered Armguard,Hextech Rocketbelt,Sorcerer's Shoes,No_Item,Void Staff,Oracle Lens,Maw of Malmortius,Opportunity,Boots of Swiftness,Muramana,Edge of Night,Control Ward,Farsight Alteration,Bloodsong,Locket of the Iron Solari,Negatron Cloak,Heartsteel,Trailblazer,Boots of Swiftness,Oracle Lens,Hail of Blades,Sorcery,Conqueror,Inspiration,Electrocute,Sorcery,Conqueror,Inspiration,Aftershock,Inspiration,Fleet Footwork,Resolve,Conqueror,Domination,Electrocute,Resolve,Arcane Comet,Precision,Guardian,Domination,Teleport,Flash,Flash,Smite,Flash,Teleport,Flash,Exhaust,Flash,Ignite,Flash,Teleport,Smite,Flash,Flash,Teleport,Barrier,Flash,Flash,Ignite,1,3,1,0,3,1
https://www.op.gg/summoners/euw/LiL%20TommyG-EUW/matches/uRd1PvnOddpWzCAdaBUmRklepmosUKdrNDUiJyWz6UY%3D/1733256965000,0,16,27,27,16,43,24,45,44,3,11,0,2,0,0,1,5,0,2,33930,46440,10.4,11.8,458,681,23.4,34.6,-12510,12510,1733.115107913669,2372.115107913669,Aurora,Xin Zhao,Sylas,Ezreal,Braum,Yasuo,Dr. Mundo,Vladimir,Draven,Nautilus,Malignance,Refillable Potion,Sorcerer's Shoes,Amplifying Tome,Doran's Ring,No_Item,Oracle Lens,Sundered Sky,Gustwalker Hatchling,Tunneler,Ruby Crystal,Plated Steelcaps,Long Sword,Oracle Lens,Doran's Ring,Hextech Rocketbelt,Dark Seal,Sorcerer's Shoes,Fiendish Codex,Amplifying Tome,Farsight Alteration,Long Sword,Ionian Boots of Lucidity,Muramana,Trinity Force,No_Item,Doran's Blade,Farsight Alteration,Solstice Sleigh,Plated Steelcaps,Thornmail,Warden's Mail,Glacial Buckler,No_Item,Oracle Lens,No_Item,Stridebreaker,Berserker's Greaves,No_Item,No_Item,Wit's End,Farsight Alteration,Heartsteel,Boots of Swiftness,Unending Despair,Bramble Vest,No_Item,No_Item,Oracle Lens,Sorcerer's Shoes,Cosmic Drive,Oblivion Orb,Dark Seal,Fiendish Codex,No_Item,Farsight Alteration,Doran's Blade,Bloodthirster,Berserker's Greaves,Infinity Edge,Cloak of Agility,Last Whisper,Farsight Alteration,Bloodsong,Locket of the Iron Solari,Control Ward,Plated Steelcaps,Negatron Cloak,Winged Moonplate,Oracle Lens,Grasp of the Undying,Sorcery,Conqueror,Inspiration,Grasp of the Undying,Sorcery,Conqueror,Inspiration,Guardian,Precision,Fleet Footwork,Resolve,Fleet Footwork,Inspiration,Phase Rush,Precision,Lethal Tempo,Sorcery,Aftershock,Inspiration,Flash,Teleport,Flash,Smite,Teleport,Flash,Flash,Barrier,Flash,Ignite,Teleport,Flash,Flash,Smite,Flash,Ghost,Flash,Barrier,Flash,Ignite,0,3,0,1,3,0
https://www.op.gg/summoners/euw/LiL%20TommyG-EUW/matches/uRd1PvnOddq66Olr5EYrxOunU2-8M2As_tTUoa7FTBI%3D/1733255027000,1,18,14,14,18,25,41,68,74,31,23,2,2,2,0,10,2,4,2,61962,53806,15.2,14.4,1008,966,33.2,31.799999999999997,8156,-8156,2028.8442477876106,1761.7893805309734,Poppy,Viego,Syndra,Corki,Janna,Jax,Zac,Aurora,Ezreal,Senna,Spirit Visage,Sunfire Aegis,Fimbulwinter,Unending Despair,Plated Steelcaps,Control Ward,Oracle Lens,Sundered Sky,Trinity Force,No_Item,Sterak's Gage,Mercury's Treads,No_Item,Oracle Lens,Needlessly Large Rod,Mejai's Soulstealer,Cosmic Drive,Blackfire Torch,Void Staff,Sorcerer's Shoes,Oracle Lens,Doran's Blade,Plated Steelcaps,Rapid Firecannon,Trinity Force,Muramana,No_Item,Farsight Alteration,Dream Maker,Forbidden Idol,Boots of Swiftness,Echoes of Helia,Kindlegem,Moonstone Renewer,Oracle Lens,Doran's Shield,Trinity Force,Sundered Sky,No_Item,Ionian Boots of Lucidity,Seeker's Armguard,Stealth Ward,Spirit Visage,Kindlegem,Ionian Boots of Lucidity,Chain Vest,Sunfire Aegis,Ruby Crystal,Oracle Lens,Rabadon's Deathcap,Liandry's Torment,Malignance,Amplifying Tome,Mercury's Treads,Dark Seal,Farsight Alteration,Doran's Blade,Muramana,Trinity Force,Ionian Boots of Lucidity,Serylda's Grudge,Vampiric Scepter,Farsight Alteration,Bloodsong,Black Cleaver,Echoes of Helia,Kindlegem,Bandleglass Mirror,Boots of Swiftness,Oracle Lens,Grasp of the Undying,Sorcery,Conqueror,Inspiration,Summon Aery,Precision,Conqueror,Inspiration,Summon Aery,Resolve,Grasp of the Undying,Inspiration,Aftershock,Precision,Arcane Comet,Domination,Press the Attack,Sorcery,Grasp of the Undying,Precision,Teleport,Flash,Flash,Smite,Flash,Teleport,Barrier,Flash,Heal,Flash,Flash,Teleport,Smite,Flash,Flash,Teleport,Barrier,Flash,Flash,Heal,1,3,2,0,3,0
https://www.op.gg/summoners/euw/LiL%20TommyG-EUW/matches/uRd1PvnOddrSAQSal8qUQJEjazFUQAlFRHtcZg80DTE%3D/1733252454000,1,21,11,11,21,9,23,36,21,5,9,0,1,0,0,2,0,0,1,33158,26856,9.8,9.6,465,457,30.4,29.9,6302,-6302,2155.27,1745.6399999999999,Gangplank,Rammus,Sylas,Corki,Bard,Garen,Nidalee,Zeri,Talon,Maokai,Trinity Force,Doran's Blade,Plated Steelcaps,Cloak of Agility,Long Sword,No_Item,Stealth Ward,Mosstomper Seedling,Hollow Radiance,Thornmail,Plated Steelcaps,Cloth Armor,No_Item,Stealth Ward,Hextech Rocketbelt,No_Item,Amplifying Tome,Dark Seal,Boots,Doran's Ring,Oracle Lens,Doran's Blade,Trinity Force,Plated Steelcaps,Manamune,Dagger,Dagger,Farsight Alteration,Bloodsong,Heartsteel,Control Ward,No_Item,No_Item,Boots of Swiftness,Oracle Lens,Doran's Shield,Refillable Potion,Stridebreaker,Long Sword,Cloak of Agility,No_Item,Stealth Ward,Scorchclaw Pup,Sorcerer's Shoes,Liandry's Torment,Control Ward,Fiendish Codex,Dark Seal,Oracle Lens,Doran's Blade,Refillable Potion,Yun Tal Wildarrows,Berserker's Greaves,No_Item,No_Item,Stealth Ward,Youmuu's Ghostblade,Refillable Potion,Doran's Blade,Pickaxe,Phage,Ionian Boots of Lucidity,Oracle Lens,Solstice Sleigh,Boots of Swiftness,Winged Moonplate,Chain Vest,Ruby Crystal,No_Item,Oracle Lens,Grasp of the Undying,Sorcery,Aftershock,Precision,Conqueror,Sorcery,Conqueror,Inspiration,Guardian,Domination,Phase Rush,Resolve,Conqueror,Sorcery,Lethal Tempo,Resolve,Conqueror,Sorcery,Aftershock,Inspiration,Flash,Teleport,Flash,Smite,Flash,Teleport,Cleanse,Flash,Flash,Exhaust,Ignite,Flash,Flash,Smite,Barrier,Flash,Flash,Ignite,Flash,Ignite,0,3,0,0,3,0
https://www.op.gg/summoners/euw/LiL%20TommyG-EUW/matches/uRd1PvnOddosuxmCDanr2HORr9mWWT9w_5cAj11jXjs%3D/1733250646000,0,33,55,55,33,82,55,95,88,28,39,1,3,0,0,2,10,1,3,64129,75973,15.4,16.2,901,973,26.7,28.799999999999997,-11844,11844,1904.2672489082968,2255.966812227074,Vladimir,Skarner,Galio,Caitlyn,Poppy,Aatrox,Nidalee,Talon,Corki,Rakan,Stormsurge,Riftmaker,Void Staff,Ionian Boots of Lucidity,Needlessly Large Rod,Mejai's Soulstealer,Farsight Alteration,Control Ward,Heartsteel,Unending Despair,Plated Steelcaps,Sterak's Gage,Spirit Visage,Oracle Lens,Rabadon's Deathcap,No_Item,Synchronized Souls,Dark Seal,Shadowflame,Stormsurge,Farsight Alteration,Berserker's Greaves,Zeal,Doran's Blade,Infinity Edge,Yun Tal Wildarrows,Lord Dominik's Regards,Farsight Alteration,Bloodsong,Boots of Swiftness,Locket of the Iron Solari,Watchful Wardstone,Dead Man's Plate,Thornmail,Oracle Lens,Serylda's Grudge,Spear of Shojin,Mercury's Treads,Eclipse,Sundered Sky,Negatron Cloak,Oracle Lens,Horizon Focus,Liandry's Torment,Control Ward,Zhonya's Hourglass,Sorcerer's Shoes,Cryptbloom,Oracle Lens,Youmuu's Ghostblade,Opportunity,Axiom Arc,Black Cleaver,Ionian Boots of Lucidity,Edge of Night,Oracle Lens,Mortal Reminder,Muramana,Trinity Force,Rapid Firecannon,Mercury's Treads,B. F. Sword,Farsight Alteration,Celestial Opposition,Locket of the Iron Solari,Redemption,Zeke's Convergence,Forbidden Idol,Ionian Boots of Lucidity,Oracle Lens,Summon Aery,Precision,Grasp of the Undying,Inspiration,Aftershock,Domination,Lethal Tempo,Sorcery,Hail of Blades,Inspiration,Conqueror,Resolve,Conqueror,Sorcery,Conqueror,Sorcery,Conqueror,Inspiration,Guardian,Domination,Flash,Ignite,Smite,Flash,Ignite,Flash,Flash,Barrier,Flash,Ignite,Flash,Teleport,Flash,Smite,Flash,Ignite,Flash,Barrier,Flash,Ignite,0,0,0,1,6,2
https://www.op.gg/summoners/euw/LiL%20TommyG-EUW/matches/uRd1PvnOddqPRUQcZSG3ehlYC99KXGaD63rYRkgBTrY%3D/1733248052000,0,13,45,45,13,70,21,58,87,28,32,0,4,0,1,6,11,0,5,53155,62870,13.8,15.4,837,864,30.1,31.099999999999998,-9715,9715,1902.1151960784312,2249.7598039215686,Gwen,Xin Zhao,Yone,Kog'Maw,Senna,Darius,Nidalee,Talon,Varus,Bard,Needlessly Large Rod,Sorcerer's Shoes,Needlessly Large Rod,Nashor's Tooth,Shadowflame,Void Staff,Farsight Alteration,Mercury's Treads,Ruby Crystal,Control Ward,No_Item,Sundered Sky,Black Cleaver,Oracle Lens,B. F. Sword,Berserker's Greaves,Blade of The Ruined King,Immortal Shieldbow,Pickaxe,Cloak of Agility,Stealth Ward,Blade of The Ruined King,Guinsoo's Rageblade,Berserker's Greaves,Wit's End,No_Item,No_Item,Farsight Alteration,Black Cleaver,Bloodsong,Rapid Firecannon,Boots of Swiftness,Kindlegem,Control Ward,Oracle Lens,Trinity Force,Dead Man's Plate,Pickaxe,Mercury's Treads,Tunneler,Doran's Shield,Oracle Lens,Shadowflame,Sorcerer's Shoes,Stormsurge,Mejai's Soulstealer,Shattered Armguard,Lich Bane,Oracle Lens,Youmuu's Ghostblade,Hubris,Death's Dance,Black Cleaver,Doran's Blade,Boots of Swiftness,Oracle Lens,Control Ward,Serrated Dirk,Ionian Boots of Lucidity,Hubris,Muramana,Tunneler,Farsight Alteration,Bloodsong,No_Item,Ruby Crystal,Heartsteel,"Jak'Sho, The Protean",Boots of Swiftness,Oracle Lens,Conqueror,Inspiration,Conqueror,Inspiration,Lethal Tempo,Resolve,Lethal Tempo,Resolve,Grasp of the Undying,Precision,Conqueror,Sorcery,Dark Harvest,Precision,Conqueror,Sorcery,Hail of Blades,Sorcery,Guardian,Domination,Teleport,Ignite,Smite,Flash,Teleport,Flash,Flash,Cleanse,Flash,Heal,Ghost,Flash,Flash,Smite,Flash,Ignite,Flash,Barrier,Flash,Ignite,0,3,1,1,3,3
https://www.op.gg/summoners/euw/LiL%20TommyG-EUW/matches/uRd1PvnOddrW7XxUrnmG2LzyObGLcjfMJ3b5gmaN_wk%3D/1733246050000,1,25,18,18,25,37,55,67,77,27,25,1,3,1,0,8,6,2,3,56947,51516,14.8,13.2,812,826,28.7,29.3,5431,-5431,2009.8941176470587,1818.2117647058822,Aatrox,Jarvan IV,Corki,Soraka,Lulu,Gwen,Vi,LeBlanc,Jinx,Milio,Eclipse,Voltaic Cyclosword,Maw of Malmortius,Sundered Sky,Null-Magic Mantle,Plated Steelcaps,Stealth Ward,Warden's Mail,Slightly Magical Footwear,Spirit Visage,Sundered Sky,Eclipse,Glacial Buckler,Oracle Lens,Trinity Force,Muramana,Boots of Swiftness,Doran's Blade,Pickaxe,No_Item,Farsight Alteration,Doran's Ring,Moonstone Renewer,No_Item,Ionian Boots of Lucidity,Echoes of Helia,Dawncore,Farsight Alteration,Redemption,Dream Maker,No_Item,Ionian Boots of Lucidity,Moonstone Renewer,Ruby Crystal,Oracle Lens,Nashor's Tooth,Oblivion Orb,Dark Seal,Sorcerer's Shoes,Shadowflame,Void Staff,Farsight Alteration,Trinity Force,Sundered Sky,No_Item,Ruby Crystal,Slightly Magical Footwear,Long Sword,Oracle Lens,Shadowflame,Luden's Companion,Amplifying Tome,Oblivion Orb,Sorcerer's Shoes,Dark Seal,Oracle Lens,Doran's Blade,Yun Tal Wildarrows,Infinity Edge,Berserker's Greaves,Mortal Reminder,Scout's Slingshot,Farsight Alteration,Dream Maker,Echoes of Helia,Glowing Mote,Ardent Censer,Oblivion Orb,Ionian Boots of Lucidity,Oracle Lens,Conqueror,Resolve,Conqueror,Inspiration,Conqueror,Inspiration,Summon Aery,Resolve,Summon Aery,Resolve,Conqueror,Inspiration,Conqueror,Inspiration,Electrocute,Sorcery,Lethal Tempo,Inspiration,Summon Aery,Resolve,Teleport,Flash,Smite,Flash,Flash,Teleport,Flash,Barrier,Flash,Heal,Teleport,Ignite,Smite,Flash,Teleport,Flash,Flash,Barrier,Flash,Heal,1,6,1,0,0,1
https://www.op.gg/summoners/euw/LiL%20TommyG-EUW/matches/uRd1PvnOddqaDTjUpDHeBhKGy3nPZo0eTXfHaY-lkF8%3D/1733233236000,0,9,31,31,9,60,15,74,72,26,20,0,3,0,1,3,8,0,4,37760,49822,11.2,13.2,652,728,29.0,32.3,-12062,12062,1680.6473988439307,2217.5109826589596,Aatrox,Skarner,Akali,Ashe,Bard,Renekton,Udyr,Aurora,Jinx,Pyke,Black Cleaver,Sundered Sky,Plated Steelcaps,No_Item,No_Item,No_Item,Oracle Lens,Heartsteel,Thornmail,Cloth Armor,No_Item,No_Item,Plated Steelcaps,Oracle Lens,Doran's Ring,Needlessly Large Rod,Stormsurge,Shadowflame,Dark Seal,Boots,Oracle Lens,Doran's Blade,Refillable Potion,Kraken Slayer,Berserker's Greaves,Dagger,Dagger,Stealth Ward,Bloodsong,No_Item,No_Item,Heartsteel,Ruby Crystal,Boots of Swiftness,Oracle Lens,Doran's Shield,Control Ward,Plated Steelcaps,Black Cleaver,Tunneler,Ruby Crystal,Farsight Alteration,Dead Man's Plate,Dark Seal,Boots of Swiftness,Liandry's Torment,Fiendish Codex,No_Item,Oracle Lens,Doran's Ring,Refillable Potion,Control Ward,Mercury's Treads,Liandry's Torment,Malignance,Farsight Alteration,Doran's Blade,Yun Tal Wildarrows,Berserker's Greaves,Runaan's Hurricane,Infinity Edge,Cloak of Agility,Farsight Alteration,Youmuu's Ghostblade,Synchronized Souls,Bloodsong,No_Item,Serrated Dirk,Umbral Glaive,Oracle Lens,Conqueror,Resolve,Aftershock,Inspiration,Electrocute,Resolve,Lethal Tempo,Inspiration,Guardian,Domination,Conqueror,Resolve,Conqueror,Resolve,Electrocute,Sorcery,Lethal Tempo,Sorcery,Hail of Blades,Resolve,Flash,Teleport,Smite,Flash,Ignite,Flash,Flash,Barrier,Flash,Exhaust,Flash,Teleport,Flash,Smite,Flash,Teleport,Flash,Cleanse,Ignite,Flash,1,3,0,0,3,1
https://www.op.gg/summoners/euw/LiL%20TommyG-EUW/matches/uRd1PvnOddrKZSL2EDgOBrbfu_GV_Gs8bwhweWz9Xjc%3D/1733169521000,1,36,14,14,36,20,64,99,83,38,33,3,1,1,0,9,3,4,1,68100,55869,16.6,14.8,1057,988,34.2,32.0,12231,-12231,2207.193675889328,1810.7739130434782,Riven,Nidalee,Ambessa,Smolder,Bard,Volibear,Xin Zhao,Vel'Koz,Corki,Poppy,Plated Steelcaps,Sundered Sky,Long Sword,Eclipse,Hexdrinker,Black Cleaver,Oracle Lens,Sorcerer's Shoes,Rabadon's Deathcap,Zhonya's Hourglass,Shadowflame,Lich Bane,Mejai's Soulstealer,Oracle Lens,Sterak's Gage,Eclipse,The Brutalizer,Spear of Shojin,Mercury's Treads,No_Item,Oracle Lens,Pickaxe,Hubris,Ionian Boots of Lucidity,Rapid Firecannon,Lord Dominik's Regards,Tunneler,Farsight Alteration,Boots of Swiftness,Heartsteel,Warmog's Armor,Bloodsong,No_Item,No_Item,Oracle Lens,Frozen Heart,Dark Seal,Boots of Swiftness,Cosmic Drive,No_Item,Riftmaker,Stealth Ward,Sundered Sky,Eclipse,Tunneler,Pickaxe,Control Ward,Plated Steelcaps,Oracle Lens,Blighting Jewel,Horizon Focus,Dark Seal,Rabadon's Deathcap,Ionian Boots of Lucidity,Blackfire Torch,Oracle Lens,The Collector,Infinity Edge,Rapid Firecannon,Boots of Swiftness,Opportunity,Doran's Blade,Farsight Alteration,Bloodsong,Locket of the Iron Solari,Cloth Armor,Dead Man's Plate,Kindlegem,Boots of Swiftness,Oracle Lens,Conqueror,Resolve,Dark Harvest,Precision,Electrocute,Resolve,Arcane Comet,Inspiration,Guardian,Domination,Grasp of the Undying,Precision,Hail of Blades,Precision,Arcane Comet,Precision,Hail of Blades,Precision,Hail of Blades,Inspiration,Ignite,Flash,Smite,Flash,Teleport,Flash,Flash,Teleport,Flash,Ignite,Teleport,Flash,Flash,Smite,Teleport,Flash,Flash,Barrier,Flash,Ignite,1,3,2,0,3,0
https://www.op.gg/summoners/euw/LiL%20TommyG-EUW/matches/uRd1PvnOddoDZluvIYRzZ0-58gNODITPEJ_09YhJSOs%3D/1733167011000,1,34,15,15,34,25,56,51,85,35,22,2,1,1,0,10,1,3,1,59277,43069,14.4,12.8,873,709,33.3,27.1,16208,-16208,2276.864900662252,1654.3059602649007,Jayce,Shaco,Orianna,Jhin,Poppy,Aurora,Lee Sin,Naafiri,Ezreal,Bard,Serylda's Grudge,Long Sword,Opportunity,Hubris,Edge of Night,Ionian Boots of Lucidity,Oracle Lens,Ionian Boots of Lucidity,Blackfire Torch,Liandry's Torment,Rabadon's Deathcap,Amplifying Tome,No_Item,Oracle Lens,Doran's Ring,Blackfire Torch,Boots of Swiftness,Liandry's Torment,Fiendish Codex,Aether Wisp,Farsight Alteration,Doran's Blade,The Collector,Boots of Swiftness,Infinity Edge,Rapid Firecannon,No_Item,Farsight Alteration,Locket of the Iron Solari,Bloodsong,Control Ward,Dead Man's Plate,Boots of Swiftness,Ruby Crystal,Oracle Lens,Doran's Ring,Needlessly Large Rod,Luden's Companion,Dark Seal,Sorcerer's Shoes,Hextech Alternator,Stealth Ward,Sundered Sky,Eclipse,Control Ward,Ruby Crystal,No_Item,Mercury's Treads,Stealth Ward,Eclipse,Serrated Dirk,Profane Hydra,Ionian Boots of Lucidity,No_Item,No_Item,Farsight Alteration,Spear of Shojin,Muramana,Ionian Boots of Lucidity,Trinity Force,Long Sword,Long Sword,Farsight Alteration,Bloodsong,Locket of the Iron Solari,No_Item,No_Item,Warmog's Armor,Boots of Swiftness,Oracle Lens,Electrocute,Inspiration,Electrocute,Inspiration,Summon Aery,Precision,Fleet Footwork,Sorcery,Hail of Blades,Inspiration,Electrocute,Sorcery,Conqueror,Inspiration,Conqueror,Resolve,Press the Attack,Inspiration,Guardian,Domination,Flash,Teleport,Ignite,Smite,Teleport,Flash,Flash,Barrier,Flash,Ignite,Flash,Teleport,Smite,Flash,Flash,Teleport,Barrier,Flash,Flash,Exhaust,0,4,2,0,2,0
https://www.op.gg/summoners/euw/LiL%20TommyG-EUW/matches/uRd1PvnOddompmDwy7I_RTc3JTwBL5929vxhLD5EgH4%3D/1733151275000,1,27,17,17,27,22,35,51,73,29,19,2,1,1,0,10,1,3,1,57767,45139,15.0,13.2,869,752,33.199999999999996,28.8,12628,-12628,2200.647619047619,1719.5809523809523,Gnar,Wukong,Akali,Ziggs,Senna,Teemo,Vi,Vex,Jinx,Bard,Doran's Shield,Trinity Force,Mercury's Treads,Wit's End,Sterak's Gage,No_Item,Oracle Lens,Trinity Force,Sundered Sky,Mercury's Treads,Warden's Mail,No_Item,No_Item,Oracle Lens,Rabadon's Deathcap,Amplifying Tome,Stormsurge,Dark Seal,Shadowflame,Boots,Oracle Lens,Doran's Ring,Seraph's Embrace,Zhonya's Hourglass,Horizon Focus,Sorcerer's Shoes,No_Item,Farsight Alteration,Bloodsong,Boots of Swiftness,Black Cleaver,Rapid Firecannon,Control Ward,Serrated Dirk,Oracle Lens,Liandry's Torment,Nashor's Tooth,Amplifying Tome,Amplifying Tome,No_Item,Boots of Swiftness,Farsight Alteration,Hexdrinker,Plated Steelcaps,Sundered Sky,Trinity Force,No_Item,Caulfield's Warhammer,Oracle Lens,Shadowflame,Lost Chapter,Refillable Potion,Horizon Focus,Sorcerer's Shoes,Amplifying Tome,Stealth Ward,Doran's Blade,Refillable Potion,The Collector,Berserker's Greaves,Infinity Edge,Scout's Slingshot,Farsight Alteration,Bloodsong,Chain Vest,Heartsteel,Giant's Belt,No_Item,Boots of Swiftness,Oracle Lens,Fleet Footwork,Resolve,Conqueror,Inspiration,Electrocute,Resolve,Arcane Comet,Precision,Grasp of the Undying,Precision,Press the Attack,Resolve,Conqueror,Inspiration,Electrocute,Sorcery,Lethal Tempo,Domination,Guardian,Domination,Flash,Teleport,Flash,Smite,Ignite,Flash,Flash,Teleport,Flash,Heal,Flash,Ignite,Flash,Smite,Teleport,Flash,Flash,Teleport,Flash,Ignite,0,6,2,1,0,0
https://www.op.gg/summoners/euw/LiL%20TommyG-EUW/matches/uRd1PvnOddqBmiG_h245BWhdenznWxVieVWs1fl2U0w%3D/1733149141000,1,39,26,27,39,47,72,75,84,34,32,2,2,1,0,9,3,3,2,64799,53784,15.2,13.6,870,776,30.700000000000003,27.2,11015,-11015,2284.820231213873,1896.4300578034681,Yone,Skarner,Galio,Ezreal,Nami,Renekton,Viego,Vex,Kog'Maw,Bard,Berserker's Greaves,Blade of The Ruined King,Stridebreaker,Wit's End,B. F. Sword,Immortal Shieldbow,Oracle Lens,Sterak's Gage,Heartsteel,Mercury's Treads,Spectre's Cowl,Cloth Armor,Negatron Cloak,Oracle Lens,Abyssal Mask,Mercury's Treads,Hollow Radiance,Riftmaker,No_Item,Dark Seal,Oracle Lens,Pickaxe,Ionian Boots of Lucidity,Tunneler,Trinity Force,Muramana,Serylda's Grudge,Farsight Alteration,Moonstone Renewer,Solstice Sleigh,Amplifying Tome,Shurelya's Battlesong,Imperial Mandate,Boots of Swiftness,Oracle Lens,Eclipse,Bramble Vest,Spirit Visage,Plated Steelcaps,Tunneler,Ruby Crystal,Stealth Ward,Titanic Hydra,Kraken Slayer,Long Sword,Slightly Magical Footwear,Black Cleaver,Ruby Crystal,Oracle Lens,Blackfire Torch,Sorcerer's Shoes,Liandry's Torment,Void Staff,Dark Seal,No_Item,Farsight Alteration,Sorcerer's Shoes,Blighting Jewel,Shadowflame,Nashor's Tooth,Guinsoo's Rageblade,Blasting Wand,Farsight Alteration,Bloodsong,Negatron Cloak,Giant's Belt,Chain Vest,Heartsteel,Boots of Swiftness,Oracle Lens,Lethal Tempo,Resolve,Grasp of the Undying,Inspiration,Aftershock,Sorcery,Conqueror,Inspiration,Summon Aery,Domination,Conqueror,Resolve,Conqueror,Inspiration,First Strike,Domination,Press the Attack,Inspiration,Guardian,Domination,Teleport,Flash,Flash,Smite,Flash,Teleport,Flash,Teleport,Flash,Heal,Flash,Teleport,Smite,Flash,Flash,Teleport,Barrier,Flash,Flash,Ignite,1,6,1,0,0,0
https://www.op.gg/summoners/euw/LiL%20TommyG-EUW/matches/uRd1PvnOddpiTucP0BWPt2HZF3iuA8f9NVO0A1rAH9w%3D/1733081341000,0,22,34,34,22,62,32,82,122,56,40,1,4,0,1,5,8,1,5,62964,68467,15.4,16.8,1056,1020,31.8,30.8,-5503,5503,1909.8085308056873,2076.724170616114,Ziggs,Vi,Syndra,Corki,Lulu,Aurora,Graves,Jayce,Kog'Maw,Bard,Horizon Focus,Luden's Companion,Sorcerer's Shoes,Tear of the Goddess,Liandry's Torment,No_Item,Farsight Alteration,Titanic Hydra,Trinity Force,Sundered Sky,Maw of Malmortius,Plated Steelcaps,No_Item,Oracle Lens,Blackfire Torch,Liandry's Torment,Rabadon's Deathcap,Control Ward,Ionian Boots of Lucidity,Banshee's Veil,Farsight Alteration,Boots of Swiftness,Cloak of Agility,Doran's Blade,Trinity Force,Muramana,Bloodthirster,Farsight Alteration,Dawncore,Redemption,Dream Maker,No_Item,Moonstone Renewer,Boots of Swiftness,Oracle Lens,Luden's Companion,Sorcerer's Shoes,Blasting Wand,Zhonya's Hourglass,Dark Seal,Shadowflame,Oracle Lens,Youmuu's Ghostblade,No_Item,Infinity Edge,Mortal Reminder,The Collector,Boots of Swiftness,Oracle Lens,Muramana,Eclipse,Mercury's Treads,Edge of Night,Serylda's Grudge,Hexdrinker,Farsight Alteration,Doran's Ring,Sorcerer's Shoes,Horizon Focus,Luden's Companion,Seraph's Embrace,Void Staff,Farsight Alteration,Bloodsong,Locket of the Iron Solari,No_Item,Warmog's Armor,Negatron Cloak,Boots of Swiftness,Oracle Lens,Arcane Comet,Precision,Conqueror,Inspiration,First Strike,Sorcery,Fleet Footwork,Inspiration,Summon Aery,Resolve,Electrocute,Sorcery,Dark Harvest,Sorcery,Phase Rush,Inspiration,Arcane Comet,Precision,Grasp of the Undying,Domination,Flash,Teleport,Flash,Smite,Teleport,Flash,Teleport,Flash,Heal,Flash,Flash,Teleport,Flash,Smite,Flash,Teleport,Flash,Teleport,Flash,Ignite,1,5,0,0,1,2
https://www.op.gg/summoners/euw/LiL%20TommyG-EUW/matches/uRd1PvnOddpbI5CEGIsTThizbnnTtKmtekEI9aoOYRc%3D/1733078482000,1,38,25,25,38,25,59,93,78,31,22,3,1,1,0,11,5,4,1,64001,54671,15.2,14.0,853,825,30.8,29.8,9330,-9330,2311.1472222222224,1974.2305555555554,Gnar,Vi,Aurora,Varus,Bard,Sylas,Viego,Garen,Ezreal,Nautilus,Dead Man's Plate,Sterak's Gage,Trinity Force,No_Item,Boots of Swiftness,Executioner's Calling,Oracle Lens,Trinity Force,Sterak's Gage,Sundered Sky,Steel Sigil,Plated Steelcaps,B. F. Sword,Oracle Lens,Doran's Ring,Blackfire Torch,Dark Seal,Cosmic Drive,Boots of Swiftness,Haunting Guise,Oracle Lens,Opportunity,Boots of Swiftness,Youmuu's Ghostblade,Long Sword,Muramana,Edge of Night,Farsight Alteration,Bloodsong,"Jak'Sho, The Protean",No_Item,Heartsteel,No_Item,Boots of Swiftness,Oracle Lens,Doran's Ring,Cosmic Drive,Hextech Rocketbelt,Shattered Armguard,Sorcerer's Shoes,Dark Seal,Stealth Ward,Steel Sigil,Kraken Slayer,Titanic Hydra,Caulfield's Warhammer,Plated Steelcaps,No_Item,Oracle Lens,Stridebreaker,No_Item,Boots of Swiftness,Mortal Reminder,The Collector,Phantom Dancer,Oracle Lens,Doran's Blade,Muramana,Trinity Force,Ionian Boots of Lucidity,Serylda's Grudge,Cloth Armor,Farsight Alteration,Mercury's Treads,Control Ward,Knight's Vow,Locket of the Iron Solari,No_Item,Bloodsong,Oracle Lens,Grasp of the Undying,Inspiration,Conqueror,Inspiration,Electrocute,Sorcery,Hail of Blades,Precision,Grasp of the Undying,Domination,Electrocute,Resolve,Conqueror,Inspiration,Phase Rush,Resolve,Conqueror,Inspiration,Aftershock,Inspiration,Teleport,Flash,Flash,Smite,Flash,Teleport,Barrier,Flash,Flash,Ignite,Flash,Teleport,Smite,Flash,Flash,Ignite,Flash,Barrier,Flash,Ignite,1,1,3,0,4,0
https://www.op.gg/summoners/euw/LiL%20TommyG-EUW/matches/uRd1PvnOddqwf4NOZcHghZKM8xK2gfRHur6MBPMjbac%3D/1733076301000,1,38,30,30,38,57,63,72,102,31,31,1,3,0,0,7,1,1,3,61088,53601,14.2,13.6,839,767,28.4,25.900000000000002,7487,-7487,2071.3747126436783,1817.5051724137932,Gragas,Ivern,Smolder,Varus,Maokai,Aurora,Shaco,Corki,Jhin,Bard,Cosmic Drive,Fimbulwinter,Force of Nature,Ionian Boots of Lucidity,No_Item,No_Item,Farsight Alteration,No_Item,Redemption,Ionian Boots of Lucidity,Dawncore,No_Item,Moonstone Renewer,Oracle Lens,Bloodthirster,Hubris,Rapid Firecannon,Mercury's Treads,Lord Dominik's Regards,Doran's Blade,Farsight Alteration,Serylda's Grudge,Youmuu's Ghostblade,Long Sword,Boots of Swiftness,Edge of Night,Muramana,Farsight Alteration,Solstice Sleigh,No_Item,Warmog's Armor,Boots of Swiftness,Kindlegem,Cloth Armor,Oracle Lens,Liandry's Torment,Dark Seal,Malignance,Cosmic Drive,No_Item,Sorcerer's Shoes,Farsight Alteration,Ionian Boots of Lucidity,Blackfire Torch,Liandry's Torment,Rabadon's Deathcap,Amplifying Tome,No_Item,Oracle Lens,Doran's Blade,Muramana,Trinity Force,Plated Steelcaps,Infinity Edge,No_Item,Farsight Alteration,Hubris,Doran's Blade,Serpent's Fang,Boots of Swiftness,Mortal Reminder,No_Item,Farsight Alteration,Bloodsong,Locket of the Iron Solari,Control Ward,Heartsteel,Cloth Armor,Ionian Boots of Lucidity,Oracle Lens,Phase Rush,Inspiration,Glacial Augment,Sorcery,Arcane Comet,Inspiration,Arcane Comet,Precision,Aftershock,Inspiration,Electrocute,Sorcery,Electrocute,Inspiration,Conqueror,Inspiration,Dark Harvest,Precision,Grasp of the Undying,Domination,Flash,Teleport,Flash,Smite,Flash,Teleport,Flash,Barrier,Ignite,Flash,Flash,Teleport,Ignite,Smite,Flash,Teleport,Flash,Barrier,Flash,Ignite,1,1,1,0,5,0
https://www.op.gg/summoners/euw/LiL%20TommyG-EUW/matches/uRd1PvnOddpNbvYYaFvz_M1rUG2mWajzKVbGzDa2VW0%3D/1733066215000,0,16,29,29,16,58,31,82,71,31,31,1,2,1,0,2,9,2,2,44850,54856,12.4,13.6,671,780,25.599999999999998,29.900000000000002,-10006,10006,1706.9776119402984,2087.8029850746266,Ornn,Skarner,Syndra,Ezreal,Bard,Camille,Viego,Sylas,Kai'Sa,Rakan,Unending Despair,Doran's Shield,Fimbulwinter,Negatron Cloak,Plated Steelcaps,No_Item,Stealth Ward,Control Ward,Sterak's Gage,Heartsteel,Ionian Boots of Lucidity,Null-Magic Mantle,No_Item,Oracle Lens,Cosmic Drive,Needlessly Large Rod,Dark Seal,Blackfire Torch,Needlessly Large Rod,Sorcerer's Shoes,Farsight Alteration,Doran's Blade,Ionian Boots of Lucidity,Trinity Force,Muramana,Pickaxe,Tunneler,Farsight Alteration,Bloodsong,Chain Vest,Giant's Belt,Heartsteel,No_Item,Ionian Boots of Lucidity,Oracle Lens,Ravenous Hydra,Mercury's Treads,No_Item,Ruby Crystal,No_Item,Trinity Force,Oracle Lens,Titanic Hydra,No_Item,Sundered Sky,Kraken Slayer,Mercury's Treads,No_Item,Oracle Lens,Fiendish Codex,Cosmic Drive,Hextech Rocketbelt,Sorcerer's Shoes,Dark Seal,Amplifying Tome,Oracle Lens,Doran's Blade,Nashor's Tooth,Berserker's Greaves,Guinsoo's Rageblade,Statikk Shiv,Needlessly Large Rod,Farsight Alteration,Celestial Opposition,No_Item,Redemption,Mercury's Treads,Kindlegem,Cloth Armor,Oracle Lens,Grasp of the Undying,Inspiration,Grasp of the Undying,Inspiration,First Strike,Sorcery,Conqueror,Inspiration,Grasp of the Undying,Domination,Conqueror,Inspiration,Conqueror,Inspiration,Conqueror,Resolve,Lethal Tempo,Inspiration,Guardian,Domination,Teleport,Flash,Smite,Flash,Flash,Teleport,Flash,Barrier,Flash,Ignite,Flash,Teleport,Smite,Flash,Flash,Teleport,Flash,Barrier,Ignite,Flash,0,2,0,1,4,2
https://www.op.gg/summoners/euw/LiL%20TommyG-EUW/matches/uRd1PvnOddp3CHd7i7Syxvf_ZBOIGddS2_Hx1PSThoU%3D/1733063986000,1,41,31,31,41,58,79,101,115,45,49,3,2,3,0,8,5,6,2,73972,70045,16.8,16.4,989,1115,27.1,30.6,3927,-3927,2036.5708860759491,1928.4541139240505,Gragas,Nocturne,Anivia,Caitlyn,Thresh,Darius,Wukong,Azir,Corki,Bard,Zhonya's Hourglass,Cosmic Drive,Hextech Rocketbelt,Void Staff,Lost Chapter,Boots of Swiftness,Farsight Alteration,Plated Steelcaps,Stridebreaker,Sterak's Gage,Experimental Hexplate,B. F. Sword,Cloth Armor,Farsight Alteration,Void Staff,Malignance,Liandry's Torment,Boots of Swiftness,Catalyst of Aeons,Shattered Armguard,Farsight Alteration,Mortal Reminder,Rapid Firecannon,The Collector,B. F. Sword,Berserker's Greaves,Infinity Edge,Farsight Alteration,Locket of the Iron Solari,Solstice Sleigh,Redemption,Ionian Boots of Lucidity,Knight's Vow,Control Ward,Oracle Lens,Stridebreaker,Sterak's Gage,No_Item,Force of Nature,"Jak'Sho, The Protean",Mercury's Treads,Oracle Lens,Maw of Malmortius,Trinity Force,Sundered Sky,Mercury's Treads,Kindlegem,Phage,Oracle Lens,Doran's Ring,Shattered Armguard,Sorcerer's Shoes,Shadowflame,Nashor's Tooth,Dark Seal,Stealth Ward,Ionian Boots of Lucidity,Infinity Edge,Lord Dominik's Regards,Rapid Firecannon,Muramana,Trinity Force,Farsight Alteration,Bloodsong,Kindlegem,Giant's Belt,Heartsteel,"Jak'Sho, The Protean",Boots of Swiftness,Oracle Lens,Phase Rush,Precision,Lethal Tempo,Domination,Phase Rush,Precision,Lethal Tempo,Sorcery,Glacial Augment,Resolve,Conqueror,Sorcery,Conqueror,Inspiration,Hail of Blades,Sorcery,Conqueror,Inspiration,Guardian,Domination,Flash,Teleport,Flash,Smite,Ignite,Flash,Barrier,Flash,Flash,Ignite,Flash,Ghost,Flash,Smite,Teleport,Flash,Flash,Cleanse,Flash,Ignite,1,2,3,0,4,0
https://www.op.gg/summoners/euw/LiL%20TommyG-EUW/matches/uRd1PvnOddqe_aXe-zPYQMr_bhq79kwav3uSphn_Dsc%3D/1733012502000,0,18,40,40,18,47,25,50,64,15,17,0,2,0,0,0,10,0,2,37560,55307,11.2,13.4,548,740,25.0,33.6,-17747,17747,1712.294117647059,2521.348529411765,Diana,Hecarim,Qiyana,Kai'Sa,Rakan,Riven,Graves,Akali,Corki,Pyke,Doran's Ring,Lich Bane,Zhonya's Hourglass,Dark Seal,No_Item,Sorcerer's Shoes,Stealth Ward,Frozen Heart,Plated Steelcaps,Eclipse,Long Sword,No_Item,No_Item,Oracle Lens,Refillable Potion,Profane Hydra,Youmuu's Ghostblade,Ionian Boots of Lucidity,No_Item,No_Item,Oracle Lens,Kraken Slayer,Doran's Blade,Berserker's Greaves,Guinsoo's Rageblade,Dagger,No_Item,Farsight Alteration,Celestial Opposition,Control Ward,Cloth Armor,Zeke's Convergence,Kindlegem,Ionian Boots of Lucidity,Oracle Lens,Doran's Blade,Ravenous Hydra,Sundered Sky,Plated Steelcaps,Steel Sigil,Long Sword,Oracle Lens,Lord Dominik's Regards,The Collector,Youmuu's Ghostblade,Boots,Noonquiver,No_Item,Oracle Lens,Negatron Cloak,Riftmaker,Kindlegem,Dead Man's Plate,Sorcerer's Shoes,Dark Seal,Farsight Alteration,Plated Steelcaps,Rapid Firecannon,Trinity Force,Muramana,Cloak of Agility,Doran's Blade,Farsight Alteration,Serrated Dirk,Umbral Glaive,Bloodsong,No_Item,Boots of Swiftness,Tunneler,Oracle Lens,Electrocute,Sorcery,Phase Rush,Precision,Electrocute,Precision,Lethal Tempo,Inspiration,Guardian,Domination,Conqueror,Sorcery,Dark Harvest,Precision,Conqueror,Resolve,Conqueror,Inspiration,Hail of Blades,Resolve,Ignite,Flash,Ghost,Smite,Flash,Ignite,Barrier,Flash,Flash,Ignite,Flash,Ignite,Flash,Smite,Ignite,Teleport,Flash,Barrier,Flash,Ignite,0,0,0,1,5,2
https://www.op.gg/summoners/euw/LiL%20TommyG-EUW/matches/uRd1PvnOddqiVXW-Gjx5ftglu99PjQcT8Lzm7BuYTuU%3D/1733010226000,1,34,15,15,34,16,44,69,41,13,25,1,1,1,0,6,2,2,1,50934,40594,13.4,11.6,655,643,28.0,27.5,10340,-10340,2187.7691275167786,1743.634899328859,Wukong,Viego,Annie,Corki,Bard,Ambessa,Diana,Qiyana,Yasuo,Zoe,Doran's Shield,Sundered Sky,Plated Steelcaps,Trinity Force,Phage,Pickaxe,Stealth Ward,Boots of Swiftness,Kraken Slayer,Titanic Hydra,Sterak's Gage,No_Item,No_Item,Oracle Lens,Liandry's Torment,Dark Seal,Sorcerer's Shoes,Malignance,Doran's Ring,No_Item,Oracle Lens,Doran's Blade,Muramana,Trinity Force,Plated Steelcaps,Pickaxe,B. F. Sword,Farsight Alteration,Bloodsong,Locket of the Iron Solari,No_Item,No_Item,Heartsteel,Boots of Swiftness,Oracle Lens,Refillable Potion,Eclipse,Plated Steelcaps,Spear of Shojin,Ruby Crystal,Doran's Blade,Stealth Ward,Sorcerer's Shoes,Zhonya's Hourglass,No_Item,Hextech Rocketbelt,No_Item,Dark Seal,Oracle Lens,Youmuu's Ghostblade,Serpent's Fang,Boots,Glowing Mote,Long Sword,Long Sword,Oracle Lens,Doran's Shield,Blade of The Ruined King,Phantom Dancer,Berserker's Greaves,Long Sword,Cloak of Agility,Farsight Alteration,Zaz'Zak's Realmspike,Refillable Potion,Horizon Focus,Sorcerer's Shoes,Luden's Companion,No_Item,Oracle Lens,Conqueror,Resolve,Conqueror,Inspiration,Electrocute,Sorcery,Conqueror,Resolve,Grasp of the Undying,Domination,Grasp of the Undying,Domination,Conqueror,Inspiration,Electrocute,Precision,Fleet Footwork,Resolve,Electrocute,Sorcery,Flash,Teleport,Flash,Smite,Flash,Teleport,Barrier,Flash,Flash,Exhaust,Flash,Teleport,Smite,Flash,Flash,Teleport,Exhaust,Flash,Flash,Ignite,1,3,0,0,3,0
https://www.op.gg/summoners/euw/LiL%20TommyG-EUW/matches/uRd1PvnOddq7tXfa8qKQMxW3IhLiYB8urjRSAvXEMu8%3D/1733008165000,1,52,49,49,52,55,74,95,75,18,37,0,5,2,0,9,9,2,5,75503,73134,17.0,16.0,872,909,25.5,26.6,2369,-2369,2206.054732510288,2136.837037037037,Vayne,Skarner,Cassiopeia,Smolder,Bard,Yone,Vi,Fiora,Sylas,Nautilus,Randuin's Omen,Phantom Dancer,Trinity Force,Guinsoo's Rageblade,Terminus,Bloodthirster,Farsight Alteration,Sterak's Gage,Heartsteel,Unending Despair,Plated Steelcaps,Kindlegem,Null-Magic Mantle,Oracle Lens,Seraph's Embrace,Liandry's Torment,Zhonya's Hourglass,Rylai's Crystal Scepter,Oblivion Orb,No_Item,Farsight Alteration,Plated Steelcaps,Essence Reaver,Spear of Shojin,Rapid Firecannon,Mortal Reminder,Vampiric Scepter,Farsight Alteration,Bloodsong,"Jak'Sho, The Protean",Giant's Belt,Oblivion Orb,Heartsteel,Boots of Swiftness,Oracle Lens,Stridebreaker,Blade of The Ruined King,No_Item,Immortal Shieldbow,Berserker's Greaves,No_Item,Oracle Lens,Sundered Sky,Trinity Force,Black Cleaver,Mercury's Treads,Tunneler,Pickaxe,Stealth Ward,Guardian Angel,Ravenous Hydra,Plated Steelcaps,Voltaic Cyclosword,Hullbreaker,Tunneler,Oracle Lens,Cosmic Drive,Zhonya's Hourglass,Blasting Wand,Hextech Rocketbelt,Rabadon's Deathcap,Mercury's Treads,Oracle Lens,Celestial Opposition,Locket of the Iron Solari,Mikael's Blessing,Mercury's Treads,Kindlegem,Chain Vest,Oracle Lens,Press the Attack,Resolve,Grasp of the Undying,Inspiration,Conqueror,Sorcery,Fleet Footwork,Inspiration,Grasp of the Undying,Domination,Lethal Tempo,Resolve,Conqueror,Inspiration,Fleet Footwork,Domination,Electrocute,Resolve,Aftershock,Inspiration,Flash,Ghost,Flash,Smite,Flash,Teleport,Flash,Barrier,Flash,Ignite,Flash,Teleport,Flash,Smite,Barrier,Flash,Flash,Teleport,Flash,Ignite,1,6,1,0,0,1
https://www.op.gg/summoners/euw/LiL%20TommyG-EUW/matches/uRd1PvnOddo8H-CIxGNGfbi6oOSXFY3eCF77FNrlW4c%3D/1733005172000,1,20,6,6,20,3,24,39,31,9,9,0,0,0,0,0,1,0,0,29962,26182,9.6,8.8,447,476,29.2,31.0,3780,-3780,1964.72131147541,1716.8524590163934,Ornn,Nidalee,Swain,Ezreal,Bard,Yone,Diana,Yasuo,Corki,Nami,Doran's Shield,Sunfire Aegis,Plated Steelcaps,Kindlegem,No_Item,No_Item,Farsight Alteration,Scorchclaw Pup,Dark Seal,No_Item,Amplifying Tome,Sorcerer's Shoes,Lich Bane,Oracle Lens,Refillable Potion,Blackfire Torch,Boots,Doran's Ring,No_Item,No_Item,Stealth Ward,Trinity Force,Long Sword,Glowing Mote,Doran's Blade,Tear of the Goddess,Ionian Boots of Lucidity,Stealth Ward,Bloodsong,No_Item,Giant's Belt,Crystalline Bracer,Giant's Belt,Boots of Swiftness,Oracle Lens,Doran's Blade,Berserker's Greaves,Blade of The Ruined King,Pickaxe,No_Item,No_Item,Oracle Lens,Scorchclaw Pup,Hextech Rocketbelt,Dark Seal,Sorcerer's Shoes,Amplifying Tome,Amplifying Tome,Oracle Lens,Kraken Slayer,Berserker's Greaves,Executioner's Calling,Doran's Shield,No_Item,No_Item,Stealth Ward,Trinity Force,Tear of the Goddess,Doran's Blade,Boots,No_Item,No_Item,Farsight Alteration,Imperial Mandate,Control Ward,Dream Maker,Ionian Boots of Lucidity,No_Item,No_Item,Oracle Lens,Grasp of the Undying,Precision,Electrocute,Sorcery,Summon Aery,Precision,Press the Attack,Inspiration,Grasp of the Undying,Domination,Grasp of the Undying,Precision,Conqueror,Inspiration,Lethal Tempo,Resolve,Conqueror,Inspiration,Summon Aery,Domination,Flash,Teleport,Flash,Smite,Ghost,Flash,Barrier,Flash,Flash,Exhaust,Teleport,Flash,Flash,Smite,Flash,Ignite,Flash,Barrier,Flash,Heal,0,5,0,0,1,0
https://www.op.gg/summoners/euw/LiL%20TommyG-EUW/matches/uRd1PvnOddplmCyWrXzFmMn6Ptx0VHri1ORjcEvwjnM%3D/1733002954000,0,7,18,18,7,21,6,32,45,11,11,0,2,0,0,0,0,0,2,25887,31122,9.6,10.2,513,491,32.2,30.8,-5235,5235,1624.822340425532,1953.4021276595747,Urgot,Kindred,Hwei,Jinx,Thresh,Gnar,Skarner,Syndra,Ezreal,Bard,Doran's Blade,Youmuu's Ghostblade,Boots of Swiftness,No_Item,No_Item,Long Sword,Stealth Ward,No_Item,Kraken Slayer,Phage,Dagger,No_Item,Slightly Magical Footwear,Oracle Lens,Fated Ashes,No_Item,Boots of Swiftness,Blackfire Torch,Dark Seal,Doran's Ring,Farsight Alteration,Doran's Blade,Cull,Berserker's Greaves,Yun Tal Wildarrows,No_Item,No_Item,Stealth Ward,Bounty of Worlds,Null-Magic Mantle,Control Ward,Kindlegem,Cloth Armor,Ionian Boots of Lucidity,Oracle Lens,Trinity Force,Cloth Armor,Boots,No_Item,No_Item,No_Item,Oracle Lens,Gustwalker Hatchling,Heartsteel,Unending Despair,No_Item,Slightly Magical Footwear,No_Item,Oracle Lens,Sorcerer's Shoes,Refillable Potion,Control Ward,Doran's Ring,Luden's Companion,Needlessly Large Rod,Stealth Ward,Doran's Blade,Trinity Force,Tear of the Goddess,Long Sword,Ionian Boots of Lucidity,Long Sword,Farsight Alteration,Bloodsong,Warmog's Armor,Ruby Crystal,No_Item,No_Item,Boots of Swiftness,Oracle Lens,Press the Attack,Sorcery,Conqueror,Inspiration,Arcane Comet,Precision,Lethal Tempo,Sorcery,Aftershock,Inspiration,Grasp of the Undying,Precision,Grasp of the Undying,Inspiration,Arcane Comet,Precision,Press the Attack,Sorcery,Guardian,Domination,Ignite,Flash,Flash,Smite,Flash,Teleport,Flash,Barrier,Flash,Ignite,Flash,Teleport,Flash,Smite,Flash,Teleport,Barrier,Flash,Flash,Ignite,0,3,0,0,3,0
https://www.op.gg/summoners/euw/LiL%20TommyG-EUW/matches/uRd1PvnOddoB-UWq0Y0Z1uiKv6AywaTdPv9g2wvEzMU%3D/1732981970000,0,27,48,48,27,79,46,133,98,46,53,2,3,0,2,3,9,2,5,64801,77527,16.0,17.4,968,1031,27.2,29.0,-12726,12726,1816.8504672897197,2173.654205607477,Heimerdinger,Pantheon,Orianna,Varus,Bard,Ambessa,Rumble,Akali,Caitlyn,Lux,Rabadon's Deathcap,Dark Seal,Rylai's Crystal Scepter,Blackfire Torch,Ionian Boots of Lucidity,Blighting Jewel,Oracle Lens,Eclipse,Sundered Sky,Sterak's Gage,Abyssal Mask,Long Sword,Mercury's Treads,Oracle Lens,Cosmic Drive,Blackfire Torch,Ionian Boots of Lucidity,Liandry's Torment,Dark Seal,Rabadon's Deathcap,Farsight Alteration,Edge of Night,Youmuu's Ghostblade,Muramana,Boots of Swiftness,Long Sword,Doran's Blade,Farsight Alteration,Bloodsong,Locket of the Iron Solari,No_Item,Heartsteel,Abyssal Mask,Boots of Swiftness,Oracle Lens,Eclipse,Maw of Malmortius,Black Cleaver,Mercury's Treads,Long Sword,No_Item,Stealth Ward,Shadowflame,Liandry's Torment,Zhonya's Hourglass,Blighting Jewel,Rylai's Crystal Scepter,Boots of Swiftness,Oracle Lens,Abyssal Mask,Mejai's Soulstealer,Zhonya's Hourglass,Dead Man's Plate,Mercury's Treads,Riftmaker,Farsight Alteration,Berserker's Greaves,Immortal Shieldbow,Bloodthirster,The Collector,Rapid Firecannon,Infinity Edge,Farsight Alteration,Shurelya's Battlesong,Imperial Mandate,Zaz'Zak's Realmspike,Blackfire Torch,Ionian Boots of Lucidity,Needlessly Large Rod,Oracle Lens,Conqueror,Sorcery,Press the Attack,Inspiration,Summon Aery,Precision,Hail of Blades,Inspiration,Guardian,Domination,Conqueror,Resolve,Conqueror,Inspiration,Conqueror,Resolve,Lethal Tempo,Inspiration,Arcane Comet,Precision,Flash,Teleport,Flash,Smite,Flash,Teleport,Flash,Cleanse,Flash,Ignite,Teleport,Flash,Smite,Flash,Ignite,Teleport,Cleanse,Flash,Flash,Heal,1,3,0,0,3,1
