GAME_ID,BLUE_WIN,BLUE_KILLS,RED_KILLS,BLUE_DEATHS,RED_DEATHS,RED_ASSISTS,BLUE_ASSISTS,BLUE_WARDS_PLACED,RED_WARDS_PLACED,BLUE_WARDS_DESTROYED,RED_WARDS_DESTROYED,BLUE_DRAGONS,RED_DRAGONS,BLUE_BARONS,RED_BARONS,BLUE_TOWERS,RED_TOWERS,BLUE_ELITE_MONSTERS,RED_ELITE_MONSTERS,BLUE_TEAM_GOLD,RED_TEAM_GOLD,BLUE_TEAM_LEVEL,RED_TEAM_LEVEL,BLUE_TEAM_CS,RED_TEAM_CS,BLUE_TEAAM_CS_PER_MINUTE,RED_TEAAM_CS_PER_MINUTE,BLUE_GOLD_DIFF,RED_GOLD_DIFF,BLUE_GOLD_PER_MIN,RED_GOLD_PER_MIN,BLUE_TEAM_TOP,BLUE_TEAM_JNG,BLUE_TEAM_MID,BLUE_TEAM_ADC,BLUE_TEAM_SUP,RED_TEAM_TOP,RED_TEAM_JNG,RED_TEAM_MID,RED_TEAM_ADC,RED_TEAM_SUP,BLLUE_TEAM_TOP_ITEM_1,BLLUE_TEAM_TOP_ITEM_2,BLLUE_TEAM_TOP_ITEM_3,BLLUE_TEAM_TOP_ITEM_4,BLLUE_TEAM_TOP_ITEM_5,BLLUE_TEAM_TOP_ITEM_6,BLLUE_TEAM_TOP_ITEM_VISION,BLLUE_TEAM_JNG_ITEM_1,BLLUE_TEAM_JNG_ITEM_2,BLLUE_TEAM_JNG_ITEM_3,BLLUE_TEAM_JNG_ITEM_4,BLLUE_TEAM_JNG_ITEM_5,BLLUE_TEAM_JNG_ITEM_6,BLLUE_TEAM_JNG_ITEM_VISION,BLLUE_TEAM_MID_ITEM_1,BLLUE_TEAM_MID_ITEM_2,BLLUE_TEAM_MID_ITEM_3,BLLUE_TEAM_MID_ITEM_4,BLLUE_TEAM_MID_ITEM_5,BLLUE_TEAM_MID_ITEM_6,BLLUE_TEAM_MID_ITEM_VISION,BLLUE_TEAM_ADC_ITEM_1,BLLUE_TEAM_ADC_ITEM_2,BLLUE_TEAM_ADC_ITEM_3,BLLUE_TEAM_ADC_ITEM_4,BLLUE_TEAM_ADC_ITEM_5,BLLUE_TEAM_ADC_ITEM_6,BLLUE_TEAM_ADC_ITEM_VISION,BLLUE_TEAM_SUP_ITEM_1,BLLUE_TEAM_SUP_ITEM_2,BLLUE_TEAM_SUP_ITEM_3,BLLUE_TEAM_SUP_ITEM_4,BLLUE_TEAM_SUP_ITEM_5,BLLUE_TEAM_SUP_ITEM_6,BLLUE_TEAM_SUP_ITEM_VISION,RED_TEAM_TOP_ITEM_1,RED_TEAM_TOP_ITEM_2,RED_TEAM_TOP_ITEM_3,RED_TEAM_TOP_ITEM_4,RED_TEAM_TOP_ITEM_5,RED_TEAM_TOP_ITEM_6,RED_TEAM_TOP_ITEM_VISION,RED_TEAM_JNG_ITEM_1,RED_TEAM_JNG_ITEM_2,RED_TEAM_JNG_ITEM_3,RED_TEAM_JNG_ITEM_4,RED_TEAM_JNG_ITEM_5,RED_TEAM_JNG_ITEM_6,RED_TEAM_JNG_ITEM_VISION,RED_TEAM_MID_ITEM_1,RED_TEAM_MID_ITEM_2,RED_TEAM_MID_ITEM_3,RED_TEAM_MID_ITEM_4,RED_TEAM_MID_ITEM_5,RED_TEAM_MID_ITEM_6,RED_TEAM_MID_ITEM_VISION,RED_TEAM_ADC_ITEM_1,RED_TEAM_ADC_ITEM_2,RED_TEAM_ADC_ITEM_3,RED_TEAM_ADC_ITEM_4,RED_TEAM_ADC_ITEM_5,RED_TEAM_ADC_ITEM_6,RED_TEAM_ADC_ITEM_VISION,RED_TEAM_SUP_ITEM_1,RED_TEAM_SUP_ITEM_2,RED_TEAM_SUP_ITEM_3,RED_TEAM_SUP_ITEM_4,RED_TEAM_SUP_ITEM_5,RED_TEAM_SUP_ITEM_6,RED_TEAM_SUP_ITEM_VISION,BLUE_TEAM_TOP_RUNE_01,BLUE_TEAM_TOP_RUNE_02,BLUE_TEAM_JNG_RUNE_01,BLUE_TEAM_JNG_RUNE_02,BLUE_TEAM_MID_RUNE_01,BLUE_TEAM_MID_RUNE_02,BLUE_TEAM_ADC_RUNE_01,BLUE_TEAM_ADC_RUNE_02,BLUE_TEAM_SUP_RUNE_01,BLUE_TEAM_SUP_RUNE_02,RED_TEAM_TOP_RUNE_01,RED_TEAM_TOP_RUNE_02,RED_TEAM_JNG_RUNE_01,RED_TEAM_JNG_RUNE_02,RED_TEAM_MID_RUNE_01,RED_TEAM_MID_RUNE_02,RED_TEAM_ADC_RUNE_01,RED_TEAM_ADC_RUNE_02,RED_TEAM_SUP_RUNE_01,RED_TEAM_SUP_RUNE_02,BLUE_TEAM_TOP_SUMMONER_01,BLUE_TEAM_TOP_SUMMONER_02,BLUE_TEAM_JNG_SUMMONER_01,BLUE_TEAM_JNG_SUMMONER_02,BLUE_TEAM_MID_SUMMONER_01,BLUE_TEAM_MID_SUMMONER_02,BLUE_TEAM_ADC_SUMMONER_01,BLUE_TEAM_ADC_SUMMONER_02,BLUE_TEAM_SUP_SUMMONER_01,BLUE_TEAM_SUP_SUMMONER_02,RED_TEAM_TOP_SUMMONER_01,RED_TEAM_TOP_SUMMONER_02,RED_TEAM_JNG_SUMMONER_01,RED_TEAM_JNG_SUMMONER_02,RED_TEAM_MID_SUMMONER_01,RED_TEAM_MID_SUMMONER_02,RED_TEAM_ADC_SUMMONER_01,RED_TEAM_ADC_SUMMONER_02,RED_TEAM_SUP_SUMMONER_01,RED_TEAM_SUP_SUMMONER_02,BLUE_TEAM_RIFT_HERALDS,BLUE_TEAM_VOID_GRUBS,BLUE_TEAM_INHIBITORS,RED_TEAM_RIFT_HERALDS,RED_TEAM_VOID_GRUBS,RED_TEAM_INHIBITORS
https://www.op.gg/summoners/euw/yuqi-golem/matches/uRd1PvnOddrJaCgfNm0FfuOLt1yUqS2M3di2Mk5TOcA%3D/1734614549000,1,29,11,11,29,14,32,54,48,13,11,2,0,0,0,5,3,2,0,47354,36542,12.6,11.4,707,613,34.5,29.900000000000002,10812,-10812,2315.6626373626373,1786.9439560439562,Gragas,Jarvan IV,Orianna,Draven,Janna,Jayce,Nunu & Willump,Viktor,Caitlyn,Karma,Doran's Ring,Fimbulwinter,Control Ward,Chain Vest,Ionian Boots of Lucidity,Cosmic Drive,Farsight Alteration,Stridebreaker,Black Cleaver,No_Item,No_Item,Sundered Sky,Boots of Swiftness,Stealth Ward,Doran's Ring,Stormsurge,Needlessly Large Rod,Dark Seal,Sorcerer's Shoes,Luden's Companion,Farsight Alteration,The Collector,Bloodthirster,Berserker's Greaves,B. F. Sword,Pickaxe,Doran's Blade,Farsight Alteration,Ionian Boots of Lucidity,Control Ward,Dream Maker,Echoes of Helia,Kindlegem,Forbidden Idol,Oracle Lens,Doran's Blade,Caulfield's Warhammer,Youmuu's Ghostblade,Mercury's Treads,Long Sword,Tear of the Goddess,Farsight Alteration,Hextech Rocketbelt,Dark Seal,Gustwalker Hatchling,No_Item,Hextech Alternator,Sorcerer's Shoes,Oracle Lens,Sorcerer's Shoes,Refillable Potion,Dark Seal,Hextech Alternator,Blackfire Torch,Aether Wisp,Farsight Alteration,Infinity Edge,The Collector,Zeal,Berserker's Greaves,No_Item,No_Item,Farsight Alteration,Ionian Boots of Lucidity,Dream Maker,No_Item,Echoes of Helia,Forbidden Idol,Kindlegem,Oracle Lens,Arcane Comet,Inspiration,Conqueror,Inspiration,Arcane Comet,Precision,Lethal Tempo,Domination,Arcane Comet,Domination,Conqueror,Inspiration,Dark Harvest,Sorcery,Summon Aery,Precision,Fleet Footwork,Sorcery,Arcane Comet,Resolve,Flash,Teleport,Flash,Smite,Teleport,Flash,Flash,Barrier,Flash,Heal,Flash,Teleport,Smite,Flash,Flash,Teleport,Flash,Barrier,Flash,Ignite,1,3,0,0,3,0
https://www.op.gg/summoners/euw/yuqi-golem/matches/uRd1PvnOddo-2G0MVUhZc_DL20L428_DKz5_2jhppTc%3D/1734443126000,0,6,16,16,6,24,6,22,34,6,4,0,2,0,0,0,2,0,2,23896,31749,8.8,10.2,418,513,27.099999999999998,33.3,-7853,7853,1541.6774193548388,2048.3225806451615,Kled,Zac,Ahri,Caitlyn,Nami,Darius,Ekko,Ambessa,Corki,Nautilus,Tiamat,Doran's Blade,Tunneler,Boots,Glowing Mote,Ruby Crystal,Stealth Ward,Dark Seal,Sunfire Aegis,Ionian Boots of Lucidity,Kindlegem,No_Item,Mosstomper Seedling,Oracle Lens,Doran's Ring,Refillable Potion,No_Item,Ionian Boots of Lucidity,Dark Seal,Malignance,Oracle Lens,Doran's Blade,The Collector,Refillable Potion,B. F. Sword,Boots,No_Item,Stealth Ward,No_Item,No_Item,Dream Maker,Imperial Mandate,Boots,Glowing Mote,Oracle Lens,Stridebreaker,Refillable Potion,Mercury's Treads,No_Item,No_Item,No_Item,Stealth Ward,Scorchclaw Pup,Lich Bane,No_Item,Hextech Alternator,Kindlegem,Sorcerer's Shoes,Oracle Lens,Doran's Shield,Refillable Potion,Pickaxe,Plated Steelcaps,Long Sword,Spear of Shojin,Stealth Ward,Doran's Blade,Refillable Potion,Trinity Force,Caulfield's Warhammer,Tear of the Goddess,Mercury's Treads,Farsight Alteration,Mercury's Treads,Celestial Opposition,Locket of the Iron Solari,No_Item,No_Item,Control Ward,Oracle Lens,Conqueror,Resolve,Aftershock,Precision,Electrocute,Sorcery,Lethal Tempo,Sorcery,Summon Aery,Domination,Conqueror,Resolve,Dark Harvest,Inspiration,Arcane Comet,Domination,Conqueror,Inspiration,Aftershock,Inspiration,Flash,Ignite,Smite,Flash,Flash,Teleport,Flash,Barrier,Heal,Flash,Flash,Ghost,Flash,Smite,Flash,Teleport,Flash,Barrier,Flash,Ignite,0,3,0,0,3,0
https://www.op.gg/summoners/euw/yuqi-golem/matches/uRd1PvnOddqJAVG3ZL9StISkH7tRvi2RLnsf1jqYcwo%3D/1734439117000,0,9,26,26,9,46,9,53,50,16,14,1,1,0,0,1,9,1,1,36140,46248,11.2,12.8,618,697,28.8,32.5,-10108,10108,1689.3846153846155,2161.88875739645,Kennen,Kindred,Jax,Corki,Leona,Yone,Warwick,Rumble,Caitlyn,Janna,Hextech Rocketbelt,Doran's Blade,Amplifying Tome,Needlessly Large Rod,Needlessly Large Rod,Sorcerer's Shoes,Stealth Ward,Cloak of Agility,Kraken Slayer,Serrated Dirk,Pickaxe,Boots,No_Item,Oracle Lens,Doran's Shield,Refillable Potion,Trinity Force,Mercury's Treads,Sundered Sky,No_Item,Stealth Ward,Doran's Blade,Refillable Potion,Trinity Force,Manamune,No_Item,Slightly Magical Footwear,Farsight Alteration,Plated Steelcaps,Control Ward,Cloth Armor,Locket of the Iron Solari,Kindlegem,Bloodsong,Oracle Lens,Berserker's Greaves,Blade of The Ruined King,Tiamat,Doran's Shield,Phage,Dagger,Stealth Ward,Stridebreaker,Spirit Visage,Mercury's Treads,Blade of The Ruined King,No_Item,Dark Seal,Oracle Lens,Doran's Ring,Shattered Armguard,Needlessly Large Rod,Sorcerer's Shoes,Liandry's Torment,No_Item,Oracle Lens,The Collector,Long Sword,Cloak of Agility,Berserker's Greaves,Infinity Edge,Doran's Blade,Farsight Alteration,Dream Maker,Boots of Swiftness,Echoes of Helia,No_Item,Moonstone Renewer,Ruby Crystal,Oracle Lens,Electrocute,Inspiration,Conqueror,Domination,Grasp of the Undying,Inspiration,Conqueror,Inspiration,Aftershock,Domination,Fleet Footwork,Resolve,Press the Attack,Inspiration,Arcane Comet,Domination,Lethal Tempo,Sorcery,Summon Aery,Resolve,Teleport,Flash,Flash,Smite,Flash,Teleport,Flash,Barrier,Flash,Ignite,Flash,Teleport,Smite,Flash,Flash,Teleport,Flash,Cleanse,Exhaust,Flash,0,3,0,1,3,1
https://www.op.gg/summoners/euw/yuqi-golem/matches/uRd1PvnOddrWPp1Us-tSufsft_YAtKMRAtlv4vjzdOY%3D/1734386767000,0,25,41,41,25,60,46,80,78,23,21,0,4,0,2,3,11,0,6,60033,68241,15.2,16.6,888,937,28.299999999999997,29.799999999999997,-8208,8208,1911.3645739910314,2172.695515695067,Renekton,Diana,Yasuo,Jhin,Bard,Ambessa,Viego,Warwick,Seraphine,Poppy,Sterak's Gage,Executioner's Calling,Eclipse,Plated Steelcaps,Pickaxe,Tunneler,Oracle Lens,Zhonya's Hourglass,Lich Bane,Hextech Alternator,Sorcerer's Shoes,Needlessly Large Rod,No_Item,Oracle Lens,Infinity Edge,Doran's Blade,Berserker's Greaves,Blade of The Ruined King,Immortal Shieldbow,Long Sword,Stealth Ward,Infinity Edge,Boots of Swiftness,The Collector,Mortal Reminder,Rapid Firecannon,Vampiric Scepter,Farsight Alteration,Ruby Crystal,Bloodsong,Dead Man's Plate,Statikk Shiv,Oblivion Orb,Plated Steelcaps,Oracle Lens,Profane Hydra,Voltaic Cyclosword,Boots of Swiftness,Eclipse,Spear of Shojin,Doran's Blade,Stealth Ward,Plated Steelcaps,Titanic Hydra,Control Ward,Kraken Slayer,Sundered Sky,Sterak's Gage,Oracle Lens,Stridebreaker,Plated Steelcaps,Kraken Slayer,Ruby Crystal,Hullbreaker,No_Item,Oracle Lens,Cosmic Drive,Rabadon's Deathcap,Tear of the Goddess,Blackfire Torch,Sorcerer's Shoes,Giant's Belt,Farsight Alteration,Bloodsong,Plated Steelcaps,Dead Man's Plate,Control Ward,Giant's Belt,Thornmail,Oracle Lens,Conqueror,Resolve,Conqueror,Inspiration,Lethal Tempo,Resolve,Fleet Footwork,Inspiration,Guardian,Domination,Arcane Comet,Domination,Conqueror,Inspiration,Lethal Tempo,Resolve,Arcane Comet,Precision,Aftershock,Inspiration,Flash,Teleport,Smite,Flash,Flash,Teleport,Barrier,Flash,Heal,Flash,Flash,Teleport,Flash,Smite,Flash,Barrier,Flash,Teleport,Flash,Ignite,0,2,0,0,1,3
https://www.op.gg/summoners/euw/yuqi-golem/matches/uRd1PvnOddruqzGMCCJcOB0jGyeFWwEHq1qSwtV_a-E%3D/1734384122000,0,20,25,25,20,32,20,51,62,16,13,0,3,0,1,4,6,0,4,46506,54270,13.0,14.2,787,803,30.7,31.400000000000002,-7764,7764,1808.5666666666666,2110.5,Ambessa,Talon,Akali,Caitlyn,Lux,Taliyah,Vi,Twisted Fate,Ezreal,Lulu,Doran's Shield,Long Sword,Spear of Shojin,Long Sword,The Brutalizer,Mercury's Treads,Stealth Ward,Edge of Night,Boots of Swiftness,Youmuu's Ghostblade,Serrated Dirk,No_Item,No_Item,Oracle Lens,Blighting Jewel,Rabadon's Deathcap,Lich Bane,Stormsurge,Boots,Dark Seal,Oracle Lens,Doran's Blade,The Collector,Infinity Edge,Berserker's Greaves,Long Sword,Long Sword,Farsight Alteration,Zaz'Zak's Realmspike,Hextech Alternator,Aether Wisp,Luden's Companion,No_Item,Sorcerer's Shoes,Oracle Lens,Boots of Swiftness,Zhonya's Hourglass,Fated Ashes,Luden's Companion,Dark Seal,Haunting Guise,Farsight Alteration,Sterak's Gage,Sundered Sky,Plated Steelcaps,Ruby Crystal,Caulfield's Warhammer,Pickaxe,Oracle Lens,Rod of Ages,Lich Bane,Mejai's Soulstealer,Ionian Boots of Lucidity,Rabadon's Deathcap,Rapid Firecannon,Stealth Ward,Muramana,Ionian Boots of Lucidity,Tunneler,Trinity Force,No_Item,Pickaxe,Farsight Alteration,No_Item,Dream Maker,Moonstone Renewer,Ionian Boots of Lucidity,Kindlegem,Forbidden Idol,Oracle Lens,Grasp of the Undying,Domination,Conqueror,Inspiration,Electrocute,Resolve,Fleet Footwork,Sorcery,Arcane Comet,Inspiration,Phase Rush,Precision,Conqueror,Inspiration,Electrocute,Inspiration,Press the Attack,Inspiration,Summon Aery,Resolve,Flash,Teleport,Flash,Smite,Ignite,Flash,Barrier,Flash,Flash,Heal,Teleport,Flash,Flash,Smite,Teleport,Flash,Teleport,Flash,Heal,Flash,1,3,0,0,3,1
https://www.op.gg/summoners/euw/yuqi-golem/matches/uRd1PvnOddpjdObjWTtGwRTrUsZiFgEY50rFWo-5ecU%3D/1734381550000,0,18,34,34,18,58,20,43,44,9,18,0,3,0,1,2,8,0,4,40501,50244,11.2,13.0,561,668,24.2,28.8,-9743,9743,1740.5388429752065,2159.2462809917356,Ambessa,Ivern,Akali,Aphelios,Thresh,Viktor,Jarvan IV,Swain,Kalista,Tahm Kench,Voltaic Cyclosword,Boots of Swiftness,Long Sword,Pickaxe,Long Sword,Eclipse,Oracle Lens,Moonstone Renewer,Redemption,No_Item,Ionian Boots of Lucidity,No_Item,No_Item,Oracle Lens,Void Staff,Control Ward,Stormsurge,Dark Seal,Boots,Shadowflame,Oracle Lens,Doran's Blade,Refillable Potion,Boots,The Collector,Noonquiver,Long Sword,Farsight Alteration,Trailblazer,Solstice Sleigh,No_Item,No_Item,No_Item,Boots of Swiftness,Oracle Lens,No_Item,Sorcerer's Shoes,Blackfire Torch,Needlessly Large Rod,Liandry's Torment,No_Item,Farsight Alteration,No_Item,Ruby Crystal,Negatron Cloak,Sundered Sky,Eclipse,Ionian Boots of Lucidity,Oracle Lens,Doran's Ring,Blackfire Torch,Boots of Swiftness,Cosmic Drive,Needlessly Large Rod,Amplifying Tome,Oracle Lens,Doran's Blade,Blade of The Ruined King,Berserker's Greaves,Guinsoo's Rageblade,Wit's End,Terminus,Farsight Alteration,Mercury's Treads,Bloodsong,Unending Despair,Heartsteel,No_Item,No_Item,Oracle Lens,Grasp of the Undying,Domination,Glacial Augment,Resolve,Electrocute,Resolve,Press the Attack,Sorcery,Aftershock,Inspiration,Summon Aery,Resolve,Conqueror,Inspiration,Conqueror,Resolve,Lethal Tempo,Domination,Grasp of the Undying,Inspiration,Flash,Teleport,Flash,Smite,Ignite,Flash,Flash,Barrier,Flash,Ignite,Teleport,Flash,Smite,Flash,Teleport,Flash,Flash,Cleanse,Flash,Exhaust,0,3,0,1,3,1
https://www.op.gg/summoners/euw/yuqi-golem/matches/uRd1PvnOddrJBIxgPn2n-qaWmKa1a5QMPFbO2YxI274%3D/1734300741000,1,52,32,32,52,69,73,78,87,26,15,1,3,1,0,9,5,2,3,74903,64987,16.4,15.6,928,836,26.6,23.900000000000002,9916,-9916,2140.0857142857144,1856.7714285714285,K'Sante,Viego,Ziggs,Jhin,Blitzcrank,Maokai,Lee Sin,Viktor,Ashe,Karma,Doran's Shield,Iceborn Gauntlet,Unending Despair,Kaenic Rookern,Mercury's Treads,Warden's Mail,Oracle Lens,B. F. Sword,Mercury's Treads,Sterak's Gage,Wit's End,Sundered Sky,Kraken Slayer,Oracle Lens,Sorcerer's Shoes,Void Staff,Rabadon's Deathcap,Seraph's Embrace,Luden's Companion,Shadowflame,Farsight Alteration,Boots of Swiftness,Rapid Firecannon,Doran's Blade,Infinity Edge,Lord Dominik's Regards,The Collector,Farsight Alteration,Celestial Opposition,Dead Man's Plate,Locket of the Iron Solari,Synchronized Souls,Kindlegem,No_Item,Oracle Lens,Kindlegem,Fimbulwinter,Heartsteel,Ionian Boots of Lucidity,Unending Despair,Spectre's Cowl,Oracle Lens,Sterak's Gage,Ruby Crystal,Eclipse,Mercury's Treads,Spirit Visage,Sundered Sky,Stealth Ward,Cryptbloom,Aether Wisp,Horizon Focus,Ionian Boots of Lucidity,Luden's Companion,Lich Bane,Stealth Ward,Kraken Slayer,Phantom Dancer,Doran's Blade,Mortal Reminder,Pickaxe,Berserker's Greaves,Farsight Alteration,Dream Maker,Dark Seal,Moonstone Renewer,Dawncore,Boots of Swiftness,Needlessly Large Rod,Oracle Lens,Grasp of the Undying,Inspiration,Conqueror,Inspiration,First Strike,Sorcery,Fleet Footwork,Sorcery,Glacial Augment,Sorcery,Grasp of the Undying,Sorcery,Conqueror,Inspiration,Arcane Comet,Precision,Lethal Tempo,Inspiration,Summon Aery,Inspiration,Teleport,Flash,Smite,Flash,Teleport,Flash,Flash,Barrier,Flash,Ignite,Flash,Teleport,Flash,Smite,Teleport,Flash,Barrier,Flash,Flash,Ignite,1,5,2,0,1,0
https://www.op.gg/summoners/euw/yuqi-golem/matches/uRd1PvnOddor-LQvHdpAbLwBniRxHDNaqt0fpx-_U7A%3D/1734296146000,0,30,32,32,30,55,47,62,57,14,18,1,3,0,0,3,9,1,3,50306,59538,13.8,14.4,728,789,27.0,29.4,-9232,9232,1859.7975757575757,2201.101818181818,Riven,Lee Sin,Syndra,Ashe,Rell,Ambessa,Jarvan IV,Akshan,Karthus,Senna,Pickaxe,Eclipse,Ionian Boots of Lucidity,Sundered Sky,Caulfield's Warhammer,Long Sword,Farsight Alteration,Null-Magic Mantle,Eclipse,Death's Dance,Black Cleaver,Plated Steelcaps,Long Sword,Stealth Ward,Needlessly Large Rod,Luden's Companion,Dark Seal,Hextech Alternator,Stormsurge,Sorcerer's Shoes,Farsight Alteration,Doran's Blade,Phantom Dancer,Kraken Slayer,B. F. Sword,Berserker's Greaves,Cloak of Agility,Farsight Alteration,Celestial Opposition,Dead Man's Plate,Locket of the Iron Solari,Ruby Crystal,No_Item,Plated Steelcaps,Oracle Lens,Voltaic Cyclosword,Plated Steelcaps,No_Item,Eclipse,Sterak's Gage,Doran's Shield,Oracle Lens,Control Ward,Eclipse,Frozen Heart,Null-Magic Mantle,Plated Steelcaps,Sundered Sky,Oracle Lens,Mercury's Treads,The Collector,Statikk Shiv,Lord Dominik's Regards,B. F. Sword,Cloak of Agility,Farsight Alteration,Blackfire Torch,Sorcerer's Shoes,Stormsurge,Shadowflame,Needlessly Large Rod,Doran's Ring,Farsight Alteration,Boots of Swiftness,Rapid Firecannon,Bloodsong,Black Cleaver,Tunneler,No_Item,Oracle Lens,Conqueror,Resolve,Conqueror,Inspiration,Summon Aery,Inspiration,Lethal Tempo,Inspiration,Aftershock,Inspiration,Grasp of the Undying,Domination,Conqueror,Inspiration,Press the Attack,Resolve,Dark Harvest,Precision,Grasp of the Undying,Precision,Flash,Ignite,Flash,Smite,Teleport,Flash,Barrier,Flash,Flash,Ignite,Flash,Teleport,Flash,Smite,Teleport,Flash,Flash,Exhaust,Heal,Flash,1,0,0,0,6,1
https://www.op.gg/summoners/euw/yuqi-golem/matches/uRd1PvnOddr6z4YirIm0zdbpKGQZjne9GyHRJK9TgVI%3D/1734259915000,0,8,21,21,8,22,8,25,38,3,4,1,1,0,0,0,3,1,1,25381,33617,9.2,10.2,432,486,27.9,31.4,-8236,8236,1644.4028169014082,2178.002816901408,Garen,Viego,Hwei,Ezreal,Karma,Ambessa,Lee Sin,Viktor,Caitlyn,Lux,Doran's Shield,Stridebreaker,Ruby Crystal,Boots,No_Item,No_Item,Stealth Ward,Tiamat,Kraken Slayer,Slightly Magical Footwear,Giant's Belt,Gustwalker Hatchling,Ruby Crystal,Stealth Ward,Doran's Ring,Sorcerer's Shoes,Luden's Companion,No_Item,Dark Seal,No_Item,Stealth Ward,Trinity Force,Refillable Potion,Control Ward,Ionian Boots of Lucidity,Doran's Blade,Tear of the Goddess,Stealth Ward,Ionian Boots of Lucidity,Dream Maker,Kindlegem,Control Ward,Forbidden Idol,No_Item,Oracle Lens,Doran's Blade,Eclipse,Plated Steelcaps,Ruby Crystal,Ruby Crystal,No_Item,Stealth Ward,Gustwalker Hatchling,Eclipse,Control Ward,Slightly Magical Footwear,Caulfield's Warhammer,Tunneler,Stealth Ward,Doran's Ring,Luden's Companion,Refillable Potion,Boots,No_Item,No_Item,Farsight Alteration,Health Potion,No_Item,Doran's Blade,Infinity Edge,Boots,Yun Tal Wildarrows,Farsight Alteration,Celestial Opposition,Luden's Companion,Sorcerer's Shoes,Amplifying Tome,Dark Seal,No_Item,Oracle Lens,Phase Rush,Resolve,Conqueror,Inspiration,Arcane Comet,Precision,Press the Attack,Inspiration,Arcane Comet,Domination,Grasp of the Undying,Domination,Conqueror,Inspiration,Summon Aery,Precision,Lethal Tempo,Sorcery,Arcane Comet,Inspiration,Ignite,Flash,Flash,Smite,Flash,Teleport,Cleanse,Flash,Flash,Heal,Flash,Teleport,Smite,Flash,Teleport,Flash,Flash,Barrier,Flash,Heal,0,5,0,0,1,0
https://www.op.gg/summoners/euw/yuqi-golem/matches/uRd1PvnOddotP10GBfBmAF3p-ez6R1y58UBzTlQjy2w%3D/1734258608000,0,12,17,17,12,30,13,29,32,1,5,0,1,0,0,0,3,0,1,25499,33235,8.4,9.8,371,481,24.1,31.2,-7736,7736,1645.0967741935483,2144.1935483870966,Aurora,Skarner,Cho'Gath,Ashe,Braum,Ambessa,Rengar,Swain,Kalista,Milio,Doran's Ring,Luden's Companion,Amplifying Tome,Slightly Magical Footwear,Dark Seal,Amplifying Tome,Stealth Ward,Gustwalker Hatchling,Heartsteel,Control Ward,Kindlegem,Ruby Crystal,Plated Steelcaps,Oracle Lens,Shurelya's Battlesong,Symbiotic Soles,Ruby Crystal,Doran's Ring,Dark Seal,Cloth Armor,Stealth Ward,Yun Tal Wildarrows,Refillable Potion,Berserker's Greaves,No_Item,No_Item,No_Item,Stealth Ward,Locket of the Iron Solari,Celestial Opposition,No_Item,Control Ward,Boots,No_Item,Oracle Lens,Doran's Shield,Mercury's Treads,Voltaic Cyclosword,No_Item,No_Item,No_Item,Stealth Ward,Gustwalker Hatchling,Voltaic Cyclosword,Control Ward,Long Sword,Boots,No_Item,Eye of the Herald,Blackfire Torch,Doran's Ring,Dark Seal,Boots,Amplifying Tome,No_Item,Stealth Ward,Doran's Blade,Berserker's Greaves,Blade of The Ruined King,Guinsoo's Rageblade,Dagger,Dagger,Farsight Alteration,Dream Maker,Redemption,Control Ward,Bandleglass Mirror,Kindlegem,Ionian Boots of Lucidity,Oracle Lens,First Strike,Domination,Grasp of the Undying,Inspiration,Hail of Blades,Sorcery,Lethal Tempo,Inspiration,Guardian,Inspiration,Grasp of the Undying,Domination,Conqueror,Domination,Conqueror,Resolve,Lethal Tempo,Domination,Summon Aery,Resolve,Flash,Teleport,Flash,Smite,Flash,Ignite,Barrier,Flash,Flash,Ignite,Flash,Teleport,Flash,Smite,Flash,Teleport,Flash,Cleanse,Heal,Flash,0,2,0,1,4,0
https://www.op.gg/summoners/euw/yuqi-golem/matches/uRd1PvnOddrJYyDrAoplTB24fSogo9Lw482Y5hgZSQM%3D/1734177897000,1,23,18,18,23,25,28,51,41,10,14,3,0,1,0,9,4,4,0,50079,41875,13.0,11.4,729,660,32.8,29.7,8204,-8204,2250.741573033708,1882.0224719101125,Rumble,Bel'Veth,Tristana,Viktor,Maokai,Camille,Viego,Akali,Jinx,Zac,Doran's Ring,Zhonya's Hourglass,Refillable Potion,Sorcerer's Shoes,Dark Seal,Liandry's Torment,Oracle Lens,Plated Steelcaps,Long Sword,Dagger,Null-Magic Mantle,Kraken Slayer,Stridebreaker,Oracle Lens,Doran's Blade,Kraken Slayer,Refillable Potion,Null-Magic Mantle,Berserker's Greaves,Navori Flickerblade,Farsight Alteration,Refillable Potion,Liandry's Torment,No_Item,Doran's Ring,Sorcerer's Shoes,Blackfire Torch,Farsight Alteration,Knight's Vow,Celestial Opposition,Locket of the Iron Solari,Control Ward,No_Item,Boots of Swiftness,Oracle Lens,Ravenous Hydra,Control Ward,Doran's Shield,Trinity Force,Boots,No_Item,Oracle Lens,Plated Steelcaps,Long Sword,Long Sword,Tunneler,Giant's Belt,Trinity Force,Oracle Lens,Doran's Shield,Stormsurge,Shadowflame,Refillable Potion,Sorcerer's Shoes,Control Ward,Oracle Lens,Yun Tal Wildarrows,Berserker's Greaves,Doran's Blade,Infinity Edge,Last Whisper,Long Sword,Farsight Alteration,Ionian Boots of Lucidity,Zeke's Convergence,Celestial Opposition,Abyssal Mask,No_Item,Cloth Armor,Oracle Lens,Arcane Comet,Resolve,Conqueror,Domination,Press the Attack,Resolve,Summon Aery,Precision,Aftershock,Inspiration,Conqueror,Resolve,Conqueror,Inspiration,Electrocute,Resolve,Lethal Tempo,Sorcery,Aftershock,Precision,Flash,Teleport,Smite,Flash,Teleport,Flash,Teleport,Flash,Flash,Ignite,Flash,Teleport,Flash,Smite,Flash,Teleport,Flash,Cleanse,Flash,Ignite,1,5,1,0,1,0
https://www.op.gg/summoners/euw/yuqi-golem/matches/uRd1PvnOddr0ErEpCdOkQMSsb5gdMvW0qRGBCfDanS4%3D/1734173008000,0,27,40,40,27,67,49,77,74,23,30,1,3,1,0,5,6,2,3,65330,67351,15.4,15.6,928,921,28.5,28.2,-2021,2021,2014.8504672897193,2077.1803738317753,Rumble,Wukong,Anivia,Fiora,Senna,Ambessa,Warwick,Vex,Tristana,Nautilus,Zhonya's Hourglass,Void Staff,Liandry's Torment,Plated Steelcaps,Doran's Ring,Hextech Alternator,Oracle Lens,Trinity Force,Sundered Sky,Control Ward,Steel Sigil,Sterak's Gage,Mercury's Treads,Oracle Lens,Malignance,Liandry's Torment,No_Item,Boots of Swiftness,Catalyst of Aeons,Zhonya's Hourglass,Farsight Alteration,Eclipse,Ravenous Hydra,Death's Dance,Bloodthirster,Boots,No_Item,Stealth Ward,Bloodsong,Black Cleaver,Control Ward,Phantom Dancer,Boots of Swiftness,Chempunk Chainsword,Oracle Lens,Spear of Shojin,Mercury's Treads,Voltaic Cyclosword,Eclipse,Serylda's Grudge,No_Item,Oracle Lens,Stridebreaker,Caulfield's Warhammer,Spirit Visage,Steel Sigil,Mercury's Treads,Blade of The Ruined King,Oracle Lens,Shadowflame,Lost Chapter,Refillable Potion,Horizon Focus,Sorcerer's Shoes,Blighting Jewel,Stealth Ward,Doran's Blade,Yun Tal Wildarrows,Infinity Edge,Navori Flickerblade,Mortal Reminder,Berserker's Greaves,Farsight Alteration,Plated Steelcaps,Locket of the Iron Solari,Celestial Opposition,Spectre's Cowl,Knight's Vow,No_Item,Oracle Lens,Arcane Comet,Resolve,Conqueror,Inspiration,Phase Rush,Precision,Fleet Footwork,Domination,Grasp of the Undying,Precision,Grasp of the Undying,Domination,Press the Attack,Inspiration,Electrocute,Sorcery,Lethal Tempo,Inspiration,Aftershock,Inspiration,Flash,Teleport,Flash,Smite,Ignite,Flash,Flash,Barrier,Heal,Flash,Ignite,Teleport,Smite,Flash,Teleport,Flash,Flash,Barrier,Flash,Ignite,1,3,0,0,3,1
https://www.op.gg/summoners/euw/yuqi-golem/matches/uRd1PvnOddoB_lnZUsFa92TIB_14WbCq-VGtS2ryBqc%3D/1733964572000,0,10,26,26,10,29,9,35,55,2,8,0,2,0,0,0,6,0,2,29869,43665,10.4,12.2,516,665,26.5,34.1,-13796,13796,1525.2255319148935,2229.702127659574,Sion,Karthus,Yone,Caitlyn,Nami,Pantheon,Volibear,Viktor,Ezreal,Bard,Doran's Shield,Plated Steelcaps,Sunfire Aegis,Null-Magic Mantle,Ruby Crystal,No_Item,Stealth Ward,Dark Seal,Tear of the Goddess,Boots of Swiftness,Blackfire Torch,Aether Wisp,Gustwalker Hatchling,Stealth Ward,Blade of The Ruined King,Noonquiver,No_Item,Berserker's Greaves,No_Item,No_Item,Farsight Alteration,Doran's Blade,Berserker's Greaves,The Collector,Cloak of Agility,Pickaxe,No_Item,Farsight Alteration,Imperial Mandate,Dream Maker,No_Item,Ionian Boots of Lucidity,Ruby Crystal,No_Item,Oracle Lens,Black Cleaver,Doran's Blade,Eclipse,Long Sword,No_Item,Plated Steelcaps,Stealth Ward,No_Item,Dark Seal,Ionian Boots of Lucidity,Navori Flickerblade,Null-Magic Mantle,Rod of Ages,Eye of the Herald,Aether Wisp,Ionian Boots of Lucidity,Stormsurge,Luden's Companion,Aether Wisp,Aether Wisp,Stealth Ward,Trinity Force,Tear of the Goddess,Caulfield's Warhammer,Ionian Boots of Lucidity,Caulfield's Warhammer,Doran's Blade,Farsight Alteration,Solstice Sleigh,Locket of the Iron Solari,No_Item,Winged Moonplate,Boots of Swiftness,Ruby Crystal,Oracle Lens,Grasp of the Undying,Inspiration,Dark Harvest,Precision,Fleet Footwork,Resolve,Lethal Tempo,Sorcery,Summon Aery,Resolve,Conqueror,Inspiration,Press the Attack,Inspiration,Summon Aery,Precision,Press the Attack,Inspiration,Guardian,Domination,Flash,Teleport,Flash,Smite,Flash,Teleport,Flash,Barrier,Flash,Heal,Teleport,Flash,Smite,Flash,Teleport,Flash,Barrier,Flash,Heal,Flash,0,1,0,1,5,0
https://www.op.gg/summoners/euw/yuqi-golem/matches/uRd1PvnOddrXMZLDNplJSM5aY7p8S-7B-9nGyF9rgp0%3D/1733961685000,1,48,25,25,48,32,78,69,59,20,14,2,1,1,0,7,6,3,1,63628,57011,16.0,13.8,855,879,30.4,31.4,6617,-6617,2255.595767195767,2021.0248677248678,K'Sante,Lee Sin,Garen,Viktor,Senna,Mordekaiser,Rengar,Sion,Caitlyn,Brand,Kaenic Rookern,Warden's Mail,Fimbulwinter,"Jak'Sho, The Protean",Plated Steelcaps,Iceborn Gauntlet,Oracle Lens,Eclipse,Control Ward,Randuin's Omen,Tunneler,Mercury's Treads,Sundered Sky,Stealth Ward,Stridebreaker,Boots of Swiftness,Phantom Dancer,Mortal Reminder,No_Item,No_Item,Stealth Ward,Doran's Ring,Luden's Companion,Sorcerer's Shoes,Lich Bane,Refillable Potion,Needlessly Large Rod,Farsight Alteration,Bloodsong,Boots of Swiftness,Black Cleaver,Rapid Firecannon,No_Item,No_Item,Oracle Lens,Doran's Shield,Riftmaker,Plated Steelcaps,Rylai's Crystal Scepter,Cloth Armor,Abyssal Mask,Stealth Ward,Serrated Dirk,Profane Hydra,Lord Dominik's Regards,Ionian Boots of Lucidity,Voltaic Cyclosword,Tunneler,Stealth Ward,Sunfire Aegis,Unending Despair,Spirit Visage,Boots of Swiftness,No_Item,No_Item,Stealth Ward,Lord Dominik's Regards,Zeal,The Collector,Berserker's Greaves,Infinity Edge,Doran's Blade,Farsight Alteration,Zaz'Zak's Realmspike,Rylai's Crystal Scepter,Control Ward,Liandry's Torment,Sorcerer's Shoes,Oblivion Orb,Oracle Lens,Grasp of the Undying,Inspiration,Conqueror,Inspiration,Phase Rush,Resolve,Summon Aery,Precision,Grasp of the Undying,Precision,Conqueror,Resolve,Conqueror,Domination,Grasp of the Undying,Inspiration,Lethal Tempo,Sorcery,Arcane Comet,Precision,Teleport,Flash,Flash,Smite,Flash,Ignite,Teleport,Flash,Flash,Heal,Flash,Ignite,Smite,Flash,Flash,Teleport,Flash,Barrier,Flash,Ignite,0,3,1,1,3,0
https://www.op.gg/summoners/euw/yuqi-golem/matches/uRd1PvnOddpBwjviy5_lVaCgZTu61Et5mrW2ttl8OvA%3D/1733959456000,1,31,13,14,31,24,43,57,38,8,13,1,1,0,0,10,1,1,1,48506,34367,12.0,10.6,684,566,35.5,29.400000000000002,14139,-14139,2520.1441340782126,1785.5480446927374,Fiora,Karthus,Irelia,Kai'Sa,Rakan,Aurora,Viego,Jayce,Jhin,Leona,Ravenous Hydra,Dagger,Sheen,Doran's Shield,Phage,Slightly Magical Footwear,Stealth Ward,Blackfire Torch,Sorcerer's Shoes,Dark Seal,Shadowflame,Aether Wisp,Hextech Alternator,Oracle Lens,Doran's Blade,Blade of The Ruined King,Plated Steelcaps,Hullbreaker,Refillable Potion,Death's Dance,Stealth Ward,Doran's Blade,Berserker's Greaves,Guinsoo's Rageblade,Kraken Slayer,Hearthbound Axe,Dagger,Farsight Alteration,Locket of the Iron Solari,Solstice Sleigh,Mercury's Treads,Zeke's Convergence,Control Ward,No_Item,Oracle Lens,Doran's Ring,Malignance,Sorcerer's Shoes,Needlessly Large Rod,No_Item,No_Item,Oracle Lens,No_Item,Kraken Slayer,Tunneler,Giant's Belt,Long Sword,Slightly Magical Footwear,Oracle Lens,Muramana,Slightly Magical Footwear,Eclipse,Long Sword,Long Sword,Doran's Blade,Farsight Alteration,The Collector,B. F. Sword,Pickaxe,No_Item,Doran's Blade,Boots of Swiftness,Oracle Lens,Plated Steelcaps,Control Ward,Ruby Crystal,Locket of the Iron Solari,No_Item,Bloodsong,Oracle Lens,Grasp of the Undying,Inspiration,Dark Harvest,Precision,Conqueror,Inspiration,Lethal Tempo,Inspiration,Guardian,Domination,Arcane Comet,Resolve,Conqueror,Inspiration,Phase Rush,Inspiration,Fleet Footwork,Sorcery,Aftershock,Domination,Flash,Teleport,Flash,Smite,Teleport,Flash,Flash,Cleanse,Heal,Flash,Flash,Teleport,Flash,Smite,Flash,Teleport,Flash,Barrier,Flash,Ignite,1,5,2,0,1,0
https://www.op.gg/summoners/euw/yuqi-golem/matches/uRd1PvnOddobfcJenClUJzkoUEU87dv0p-WJFdzeYsI%3D/1733862624000,1,35,36,36,35,68,75,58,92,24,20,2,0,0,2,8,8,2,2,66131,64713,15.2,15.4,925,813,29.4,26.0,1418,-1418,2104.168181818182,2059.05,Sion,Skarner,Akali,Draven,Nautilus,Gwen,Ivern,Qiyana,Ezreal,Leona,Tunneler,Hollow Radiance,Giant's Belt,Unending Despair,Spirit Visage,Boots of Swiftness,Oracle Lens,Mercury's Treads,Heartsteel,Tunneler,Abyssal Mask,Unending Despair,Bramble Vest,Oracle Lens,Needlessly Large Rod,Needlessly Large Rod,Riftmaker,Dead Man's Plate,Sorcerer's Shoes,Abyssal Mask,Oracle Lens,Infinity Edge,The Collector,Lord Dominik's Regards,Berserker's Greaves,Vampiric Scepter,Immortal Shieldbow,Farsight Alteration,Bloodsong,Plated Steelcaps,Locket of the Iron Solari,Knight's Vow,Kindlegem,Control Ward,Oracle Lens,Rabadon's Deathcap,Nashor's Tooth,Dark Seal,Ionian Boots of Lucidity,Riftmaker,Void Staff,Stealth Ward,Moonstone Renewer,Staff of Flowing Water,Redemption,Ionian Boots of Lucidity,Dawncore,Dark Seal,Oracle Lens,Eclipse,Profane Hydra,Serpent's Fang,Mercury's Treads,Black Cleaver,Tunneler,Oracle Lens,Doran's Blade,Trinity Force,Serylda's Grudge,Muramana,Ionian Boots of Lucidity,Zeal,Farsight Alteration,Locket of the Iron Solari,Bloodsong,Control Ward,Boots of Swiftness,Zeke's Convergence,Giant's Belt,Oracle Lens,Grasp of the Undying,Inspiration,Aftershock,Inspiration,Conqueror,Resolve,Lethal Tempo,Domination,Aftershock,Inspiration,Conqueror,Resolve,Summon Aery,Inspiration,Conqueror,Sorcery,Press the Attack,Inspiration,Aftershock,Domination,Flash,Teleport,Smite,Flash,Ignite,Teleport,Flash,Barrier,Flash,Ignite,Ghost,Teleport,Flash,Smite,Flash,Teleport,Flash,Barrier,Flash,Ignite,0,6,1,0,0,1
https://www.op.gg/summoners/euw/yuqi-golem/matches/uRd1PvnOddrLZ73YI0FEMR6GkCqSwgCoh1I0lXoBhaU%3D/1733848829000,1,19,4,4,20,3,29,40,31,10,10,1,0,0,0,3,0,1,0,34770,25477,10.8,9.4,532,481,32.9,29.8,9293,-9293,2164.9245283018868,1586.3037735849055,Aurora,Vi,Yasuo,Swain,Rakan,Sion,Wukong,Lux,Miss Fortune,Sona,Doran's Ring,Dark Seal,Sorcerer's Shoes,Malignance,Amplifying Tome,No_Item,Stealth Ward,No_Item,Caulfield's Warhammer,Boots,Tunneler,Ruby Crystal,Eclipse,Oracle Lens,Doran's Blade,Berserker's Greaves,No_Item,Blade of The Ruined King,Phage,Long Sword,Stealth Ward,Doran's Ring,Blackfire Torch,Sorcerer's Shoes,Fiendish Codex,Aether Wisp,Ruby Crystal,Farsight Alteration,Ionian Boots of Lucidity,Celestial Opposition,Redemption,Kindlegem,No_Item,No_Item,Oracle Lens,Hollow Radiance,Cloth Armor,No_Item,Doran's Shield,Boots,No_Item,Stealth Ward,Gustwalker Hatchling,Trinity Force,No_Item,Tunneler,Ruby Crystal,Slightly Magical Footwear,Oracle Lens,Luden's Companion,Refillable Potion,Amplifying Tome,Slightly Magical Footwear,Doran's Ring,Amplifying Tome,Farsight Alteration,Bloodthirster,Doran's Blade,Boots,Long Sword,No_Item,No_Item,Stealth Ward,Bloodsong,Seraph's Embrace,Faerie Charm,Amplifying Tome,Slightly Magical Footwear,No_Item,Oracle Lens,Conqueror,Sorcery,Hail of Blades,Precision,Lethal Tempo,Resolve,Conqueror,Resolve,Guardian,Domination,Arcane Comet,Resolve,Conqueror,Inspiration,First Strike,Domination,Press the Attack,Sorcery,Summon Aery,Inspiration,Flash,Teleport,Smite,Flash,Flash,Teleport,Flash,Exhaust,Flash,Ignite,Flash,Teleport,Smite,Flash,Teleport,Flash,Flash,Barrier,Flash,Heal,1,6,0,0,0,0
https://www.op.gg/summoners/euw/yuqi-golem/matches/uRd1PvnOddoHoiBhJrFLcKnfrrkbaBiz1ZaofpOfyYM%3D/1733835187000,0,25,35,35,26,60,40,104,88,39,53,4,1,0,2,6,8,4,3,65909,71197,15.6,16.6,1086,1006,31.4,29.2,-5288,5288,1917.3527272727272,2071.1854545454544,Aurora,Talon,Yasuo,Jinx,Pyke,Yone,Sejuani,Rumble,Caitlyn,Janna,Shattered Armguard,Liandry's Torment,Dark Seal,Ionian Boots of Lucidity,Luden's Companion,Needlessly Large Rod,Oracle Lens,Youmuu's Ghostblade,Black Cleaver,Axiom Arc,Serpent's Fang,Slightly Magical Footwear,Serrated Dirk,Oracle Lens,Doran's Blade,Stridebreaker,Infinity Edge,Blade of The Ruined King,Berserker's Greaves,Immortal Shieldbow,Farsight Alteration,Last Whisper,Infinity Edge,The Collector,Berserker's Greaves,Runaan's Hurricane,Doran's Blade,Farsight Alteration,Celestial Opposition,Boots of Swiftness,Umbral Glaive,Control Ward,Serrated Dirk,Edge of Night,Oracle Lens,Randuin's Omen,Stridebreaker,No_Item,Berserker's Greaves,Blade of The Ruined King,Immortal Shieldbow,Oracle Lens,Randuin's Omen,Locket of the Iron Solari,Bramble Vest,Plated Steelcaps,Ruby Crystal,Frozen Heart,Oracle Lens,Zhonya's Hourglass,Shadowflame,Sorcerer's Shoes,Stormsurge,No_Item,Liandry's Torment,Oracle Lens,Doran's Blade,Berserker's Greaves,The Collector,Infinity Edge,Rapid Firecannon,Last Whisper,Farsight Alteration,Boots of Swiftness,Dream Maker,Shurelya's Battlesong,Moonstone Renewer,Echoes of Helia,No_Item,Oracle Lens,Electrocute,Sorcery,Conqueror,Inspiration,Lethal Tempo,Resolve,Lethal Tempo,Domination,Hail of Blades,Resolve,Grasp of the Undying,Precision,Aftershock,Domination,Arcane Comet,Resolve,Lethal Tempo,Sorcery,Summon Aery,Resolve,Teleport,Flash,Flash,Smite,Teleport,Flash,Flash,Barrier,Ignite,Flash,Teleport,Flash,Flash,Smite,Flash,Teleport,Flash,Barrier,Heal,Flash,0,1,0,1,5,1
https://www.op.gg/summoners/euw/yuqi-golem/matches/uRd1PvnOddqh5N1Wkr9nf9GIcnDUxE7YRxz1dIszdiM%3D/1733779998000,1,32,14,15,32,16,38,65,50,15,15,0,1,1,0,9,3,1,1,53722,42798,13.4,12.4,729,716,30.8,30.2,10924,-10924,2270.723711340206,1808.9876288659793,Gwen,Elise,Corki,Caitlyn,Thresh,Gnar,Dr. Mundo,Yone,Kog'Maw,Soraka,Needlessly Large Rod,Needlessly Large Rod,Sorcerer's Shoes,Shadowflame,Dark Seal,Nashor's Tooth,Farsight Alteration,Blighting Jewel,Dark Seal,Oblivion Orb,Stormsurge,Shadowflame,Sorcerer's Shoes,Oracle Lens,Trinity Force,Plated Steelcaps,No_Item,Last Whisper,Muramana,Doran's Blade,Stealth Ward,Doran's Blade,The Collector,Berserker's Greaves,Infinity Edge,Last Whisper,No_Item,Farsight Alteration,Solstice Sleigh,Trailblazer,Locket of the Iron Solari,Control Ward,Ruby Crystal,Boots of Swiftness,Oracle Lens,Force of Nature,Ruby Crystal,Trinity Force,Boots of Swiftness,Ruby Crystal,No_Item,Stealth Ward,Spirit Visage,Heartsteel,Control Ward,Chain Vest,No_Item,Boots of Swiftness,Oracle Lens,Doran's Shield,Blade of The Ruined King,Refillable Potion,Berserker's Greaves,Immortal Shieldbow,No_Item,Oracle Lens,Refillable Potion,Doran's Ring,Fiendish Codex,Sorcerer's Shoes,Luden's Companion,Seraph's Embrace,Farsight Alteration,Celestial Opposition,Moonstone Renewer,Kindlegem,Dark Seal,Forbidden Idol,Ionian Boots of Lucidity,Oracle Lens,Conqueror,Resolve,Dark Harvest,Precision,Conqueror,Inspiration,Fleet Footwork,Sorcery,Glacial Augment,Resolve,Grasp of the Undying,Precision,Fleet Footwork,Inspiration,Lethal Tempo,Resolve,Arcane Comet,Precision,Summon Aery,Resolve,Teleport,Flash,Flash,Smite,Teleport,Flash,Flash,Barrier,Flash,Ignite,Flash,Teleport,Flash,Smite,Flash,Teleport,Flash,Teleport,Heal,Flash,0,2,1,1,1,0
https://www.op.gg/summoners/euw/yuqi-golem/matches/uRd1PvnOddo4iiXFURK-eRyLrOkB6PCAgd58sxVx7LU%3D/1733778091000,0,22,36,37,22,46,34,66,82,25,18,0,4,0,1,2,5,0,5,48081,56075,13.0,14.2,739,785,28.3,30.3,-7994,7994,1860.2767857142858,2169.5684523809523,Gragas,Viego,Sylas,Varus,Zoe,Sion,Wukong,Ryze,Corki,Taliyah,Doran's Ring,Hextech Alternator,Boots of Swiftness,Tear of the Goddess,Cosmic Drive,Lost Chapter,Oracle Lens,Sundered Sky,Kraken Slayer,Control Ward,Sterak's Gage,Mercury's Treads,No_Item,Oracle Lens,Cosmic Drive,Shattered Armguard,Hextech Rocketbelt,Needlessly Large Rod,Dark Seal,Mercury's Treads,Oracle Lens,Berserker's Greaves,Doran's Blade,No_Item,Terminus,Guinsoo's Rageblade,Blade of The Ruined King,Farsight Alteration,Celestial Opposition,Horizon Focus,No_Item,Sorcerer's Shoes,Oblivion Orb,Hextech Alternator,Oracle Lens,Hollow Radiance,Mercury's Treads,Unending Despair,Giant's Belt,Negatron Cloak,Cloth Armor,Oracle Lens,Black Cleaver,Trinity Force,No_Item,Sundered Sky,Mercury's Treads,No_Item,Oracle Lens,Doran's Ring,Seraph's Embrace,Seeker's Armguard,Sorcerer's Shoes,Rod of Ages,No_Item,Farsight Alteration,B. F. Sword,Trinity Force,Muramana,Rapid Firecannon,Pickaxe,Slightly Magical Footwear,Farsight Alteration,Ionian Boots of Lucidity,Zaz'Zak's Realmspike,Luden's Companion,Dark Seal,Horizon Focus,Oblivion Orb,Oracle Lens,Phase Rush,Inspiration,Conqueror,Inspiration,Electrocute,Resolve,Lethal Tempo,Inspiration,Summon Aery,Inspiration,Grasp of the Undying,Inspiration,Conqueror,Inspiration,Phase Rush,Resolve,Conqueror,Inspiration,Summon Aery,Domination,Teleport,Flash,Flash,Smite,Teleport,Flash,Flash,Barrier,Flash,Ignite,Flash,Teleport,Smite,Flash,Teleport,Flash,Flash,Cleanse,Ignite,Flash,0,1,0,1,5,0
https://www.op.gg/summoners/euw/yuqi-golem/matches/uRd1PvnOddq4Vet4krO04WdSqygNMjCW2KaX5NJPFcA%3D/1733776082000,1,21,19,19,21,31,35,49,66,24,13,1,2,1,0,6,2,2,2,48871,39370,13.0,11.8,719,580,31.6,25.5,9501,-9501,2150.324,1732.28,Renekton,Skarner,Azir,Miss Fortune,Heimerdinger,Shen,Ivern,Ambessa,Kog'Maw,Leona,Mercury's Treads,Eclipse,Sterak's Gage,Ruby Crystal,Ruby Crystal,Control Ward,Oracle Lens,Sterak's Gage,Control Ward,Heartsteel,Slightly Magical Footwear,Chain Vest,No_Item,Oracle Lens,Sorcerer's Shoes,Seeker's Armguard,Needlessly Large Rod,No_Item,Nashor's Tooth,Liandry's Torment,Farsight Alteration,Boots of Swiftness,Infinity Edge,Youmuu's Ghostblade,No_Item,Serpent's Fang,The Collector,Farsight Alteration,Sorcerer's Shoes,Blackfire Torch,Zaz'Zak's Realmspike,Oblivion Orb,No_Item,No_Item,Oracle Lens,Doran's Shield,Boots,Dead Man's Plate,Bami's Cinder,Spectre's Cowl,No_Item,Farsight Alteration,Amplifying Tome,Ionian Boots of Lucidity,Redemption,Forbidden Idol,Dark Seal,Moonstone Renewer,Oracle Lens,Boots,Refillable Potion,Voltaic Cyclosword,Edge of Night,Serrated Dirk,No_Item,Stealth Ward,Blade of The Ruined King,Guinsoo's Rageblade,Refillable Potion,Wit's End,Berserker's Greaves,No_Item,Farsight Alteration,Bloodsong,Locket of the Iron Solari,Control Ward,Boots of Swiftness,Kindlegem,Chain Vest,Oracle Lens,Conqueror,Resolve,Aftershock,Inspiration,Conqueror,Sorcery,Press the Attack,Inspiration,Conqueror,Sorcery,Grasp of the Undying,Domination,Summon Aery,Inspiration,Electrocute,Resolve,Lethal Tempo,Inspiration,Aftershock,Inspiration,Flash,Teleport,Flash,Smite,Flash,Teleport,Barrier,Flash,Flash,Exhaust,Flash,Teleport,Smite,Flash,Teleport,Flash,Flash,Barrier,Flash,Ignite,0,3,0,0,3,0
https://www.op.gg/summoners/euw/yuqi-golem/matches/uRd1PvnOddpjf5shSkYDGl0ARv9h3i0GuBCuHYTgXTM%3D/1733774048000,0,7,8,8,7,11,11,14,24,6,2,0,1,0,0,0,0,0,1,18352,20014,7.2,7.4,295,324,26.0,28.4,-1662,1662,1622.423188405797,1769.3536231884057,Shen,Viego,Akali,Talon,Maokai,Sejuani,Graves,Orianna,Caitlyn,Bard,Doran's Shield,Refillable Potion,Bami's Cinder,Boots,Ruby Crystal,Cloth Armor,Stealth Ward,Gustwalker Hatchling,Kraken Slayer,Control Ward,Slightly Magical Footwear,No_Item,No_Item,Oracle Lens,Doran's Shield,Refillable Potion,Hextech Rocketbelt,Boots,Dark Seal,No_Item,Oracle Lens,Serrated Dirk,Refillable Potion,Rectrix,Long Sword,Boots,No_Item,Oracle Lens,Runic Compass,Winged Moonplate,Total Biscuit of Everlasting Will,Boots of Swiftness,Cloth Armor,No_Item,Oracle Lens,Doran's Ring,Refillable Potion,Bami's Cinder,Ruby Crystal,Ionian Boots of Lucidity,Tear of the Goddess,Stealth Ward,Gustwalker Hatchling,Youmuu's Ghostblade,Serrated Dirk,Control Ward,No_Item,No_Item,Oracle Lens,Doran's Ring,Refillable Potion,Amplifying Tome,Tear of the Goddess,Lost Chapter,Boots,Stealth Ward,Doran's Blade,Yun Tal Wildarrows,No_Item,Boots,Dagger,No_Item,Stealth Ward,Refillable Potion,Runic Compass,Control Ward,Kindlegem,Boots,Giant's Belt,Oracle Lens,Grasp of the Undying,Domination,Press the Attack,Inspiration,Electrocute,Resolve,Electrocute,Sorcery,Aftershock,Inspiration,Grasp of the Undying,Sorcery,Dark Harvest,Precision,Summon Aery,Precision,Lethal Tempo,Sorcery,Guardian,Domination,Flash,Teleport,Smite,Flash,Teleport,Flash,Flash,Ignite,Flash,Ignite,Flash,Teleport,Smite,Flash,Flash,Teleport,Barrier,Flash,Ignite,Flash,0,3,0,0,0,0
https://www.op.gg/summoners/euw/yuqi-golem/matches/uRd1PvnOddpRi2K7cgHbX0SIqeIifdr5t1ZURHHLPdw%3D/1733760197000,1,38,26,26,38,40,52,75,102,36,18,4,1,2,0,11,2,6,1,72342,60952,16.8,15.6,1034,1006,31.5,30.9,11390,-11390,2225.9076923076923,1875.446153846154,Heimerdinger,Kindred,Katarina,Corki,Sylas,Galio,Lee Sin,Vladimir,Caitlyn,Lux,Liandry's Torment,Cryptbloom,Amplifying Tome,Ionian Boots of Lucidity,Blackfire Torch,Rylai's Crystal Scepter,Oracle Lens,Trinity Force,Kraken Slayer,Boots,Mortal Reminder,Infinity Edge,Pickaxe,Oracle Lens,Mejai's Soulstealer,Lich Bane,Shattered Armguard,Sorcerer's Shoes,Shadowflame,Rabadon's Deathcap,Farsight Alteration,Mercury's Treads,Trinity Force,Muramana,Rapid Firecannon,Executioner's Calling,Pickaxe,Farsight Alteration,Zaz'Zak's Realmspike,Hextech Rocketbelt,Zhonya's Hourglass,No_Item,Ionian Boots of Lucidity,Oblivion Orb,Oracle Lens,Doran's Ring,Zhonya's Hourglass,Negatron Cloak,Hollow Radiance,Kindlegem,Mercury's Treads,Oracle Lens,Dead Man's Plate,Eclipse,Maw of Malmortius,Slightly Magical Footwear,No_Item,Control Ward,Stealth Ward,Cosmic Drive,Control Ward,Zhonya's Hourglass,Riftmaker,Rabadon's Deathcap,Sorcerer's Shoes,Farsight Alteration,The Collector,Rapid Firecannon,Berserker's Greaves,Infinity Edge,Noonquiver,Bloodthirster,Farsight Alteration,Zhonya's Hourglass,Zaz'Zak's Realmspike,Shurelya's Battlesong,Sorcerer's Shoes,Amplifying Tome,No_Item,Oracle Lens,Conqueror,Sorcery,Press the Attack,Domination,Conqueror,Domination,Conqueror,Inspiration,Electrocute,Sorcery,Grasp of the Undying,Sorcery,Conqueror,Inspiration,Electrocute,Sorcery,Lethal Tempo,Sorcery,Arcane Comet,Domination,Flash,Teleport,Smite,Flash,Teleport,Flash,Cleanse,Flash,Flash,Ignite,Flash,Teleport,Flash,Smite,Ignite,Ghost,Flash,Barrier,Heal,Flash,1,2,2,0,4,0
https://www.op.gg/summoners/euw/yuqi-golem/matches/uRd1PvnOddp-mQpW-ALwZE2Ez5RP9tlVI8_hS1JWHnA%3D/1733740903000,0,30,38,38,30,52,39,61,60,19,33,1,3,0,1,3,10,1,4,55892,62890,14.0,15.0,804,865,28.3,30.400000000000002,-6998,6998,1954.8433497536946,2199.600985221675,K'Sante,Viego,Sylas,Draven,Neeko,Gwen,Graves,Galio,Aphelios,Tahm Kench,Boots of Swiftness,Force of Nature,Iceborn Gauntlet,"Jak'Sho, The Protean",Cloth Armor,Cloth Armor,Oracle Lens,Sundered Sky,Kraken Slayer,Plated Steelcaps,Wit's End,Steel Sigil,Caulfield's Warhammer,Oracle Lens,Hextech Rocketbelt,Dark Seal,Zhonya's Hourglass,Lich Bane,Sorcerer's Shoes,No_Item,Stealth Ward,The Collector,Doran's Blade,Berserker's Greaves,Infinity Edge,Last Whisper,Cloak of Agility,Farsight Alteration,Hextech Rocketbelt,Seeker's Armguard,Solstice Sleigh,Sorcerer's Shoes,Needlessly Large Rod,Control Ward,Oracle Lens,Nashor's Tooth,Riftmaker,Ionian Boots of Lucidity,Rabadon's Deathcap,No_Item,Doran's Ring,Stealth Ward,Plated Steelcaps,Youmuu's Ghostblade,Mortal Reminder,Noonquiver,The Collector,No_Item,Oracle Lens,Doran's Ring,Hollow Radiance,Liandry's Torment,Plated Steelcaps,Riftmaker,Dark Seal,Stealth Ward,Boots of Swiftness,The Collector,Lord Dominik's Regards,Infinity Edge,Doran's Blade,Zeal,Farsight Alteration,Solstice Sleigh,Control Ward,Knight's Vow,Kindlegem,Boots,Heartsteel,Oracle Lens,Grasp of the Undying,Inspiration,Conqueror,Inspiration,Conqueror,Inspiration,Lethal Tempo,Sorcery,Electrocute,Sorcery,Conqueror,Resolve,Dark Harvest,Precision,Aftershock,Sorcery,Press the Attack,Sorcery,Guardian,Inspiration,Flash,Teleport,Flash,Smite,Flash,Teleport,Flash,Barrier,Exhaust,Flash,Flash,Teleport,Flash,Smite,Flash,Teleport,Barrier,Flash,Flash,Exhaust,1,4,0,0,0,2
https://www.op.gg/summoners/euw/yuqi-golem/matches/uRd1PvnOddrjk8uMHzqF4NzVbbdnDk2lcvklwxBpy04%3D/1733699626000,0,25,44,44,26,68,31,35,52,18,11,2,1,1,0,3,9,3,1,48941,57931,13.2,14.0,653,777,26.9,31.8,-8990,8990,2011.6852760736197,2381.212883435583,Gwen,Dr. Mundo,Talon,Caitlyn,Bard,Sylas,Graves,Sion,Corki,Rakan,Needlessly Large Rod,Riftmaker,Nashor's Tooth,Ionian Boots of Lucidity,Amplifying Tome,No_Item,Farsight Alteration,Heartsteel,Titanic Hydra,Randuin's Omen,Boots of Swiftness,No_Item,No_Item,Oracle Lens,Youmuu's Ghostblade,Serpent's Fang,Serylda's Grudge,Serrated Dirk,Doran's Blade,Ionian Boots of Lucidity,Oracle Lens,The Collector,Refillable Potion,Infinity Edge,Last Whisper,Slightly Magical Footwear,No_Item,Farsight Alteration,Bloodsong,Dead Man's Plate,Statikk Shiv,Haunting Guise,Slightly Magical Footwear,Fated Ashes,Oracle Lens,Rabadon's Deathcap,Hextech Rocketbelt,Dark Seal,Doran's Ring,Ionian Boots of Lucidity,Cosmic Drive,Oracle Lens,No_Item,Youmuu's Ghostblade,Cloak of Agility,The Collector,Mortal Reminder,Slightly Magical Footwear,Oracle Lens,Doran's Shield,Boots of Swiftness,Force of Nature,Sunfire Aegis,Ruby Crystal,Cloth Armor,Oracle Lens,Trinity Force,Muramana,Rapid Firecannon,Cloak of Agility,Boots,Doran's Blade,Farsight Alteration,Locket of the Iron Solari,Celestial Opposition,Control Ward,Ionian Boots of Lucidity,Ruby Crystal,Zeke's Convergence,Oracle Lens,Conqueror,Inspiration,Fleet Footwork,Inspiration,Conqueror,Sorcery,Hail of Blades,Inspiration,Guardian,Inspiration,Conqueror,Resolve,Fleet Footwork,Inspiration,Grasp of the Undying,Inspiration,Conqueror,Resolve,Guardian,Domination,Ghost,Teleport,Flash,Smite,Flash,Ignite,Flash,Teleport,Flash,Ignite,Flash,Ignite,Smite,Flash,Flash,Teleport,Flash,Barrier,Ignite,Flash,1,3,0,0,3,2
https://www.op.gg/summoners/euw/yuqi-golem/matches/uRd1PvnOddpAWhlseO8nH7qfuf72XYq4OruPY4LlOTk%3D/1733697735000,1,32,19,19,32,29,63,72,58,16,29,1,1,1,0,11,1,2,1,58915,48839,14.4,13.2,807,790,30.3,29.7,10076,-10076,2215.398760330578,1836.5078512396694,Aatrox,Jarvan IV,Viktor,Ziggs,Nautilus,Gnar,Ivern,Aurora,Draven,Leona,Plated Steelcaps,Refillable Potion,Spear of Shojin,Sundered Sky,No_Item,No_Item,Stealth Ward,Sundered Sky,Eclipse,No_Item,Mercury's Treads,Ruby Crystal,Spear of Shojin,Oracle Lens,Sorcerer's Shoes,Stormsurge,Lich Bane,Dark Seal,Shadowflame,Rabadon's Deathcap,Farsight Alteration,Seraph's Embrace,Doran's Ring,Luden's Companion,Sorcerer's Shoes,Void Staff,Amplifying Tome,Farsight Alteration,Plated Steelcaps,Celestial Opposition,Locket of the Iron Solari,Abyssal Mask,No_Item,No_Item,Oracle Lens,Black Cleaver,Wit's End,Trinity Force,No_Item,Plated Steelcaps,No_Item,Stealth Ward,Ionian Boots of Lucidity,Moonstone Renewer,Redemption,Dark Seal,Aether Wisp,No_Item,Oracle Lens,Ionian Boots of Lucidity,Liandry's Torment,Dark Seal,Malignance,Banshee's Veil,No_Item,Farsight Alteration,Doran's Blade,Bloodthirster,Infinity Edge,The Collector,Berserker's Greaves,Cloak of Agility,Farsight Alteration,No_Item,Locket of the Iron Solari,Bloodsong,Negatron Cloak,Winged Moonplate,Mercury's Treads,Oracle Lens,Conqueror,Resolve,Conqueror,Inspiration,Summon Aery,Resolve,Arcane Comet,Precision,Aftershock,Inspiration,Grasp of the Undying,Precision,Summon Aery,Domination,Electrocute,Sorcery,Lethal Tempo,Domination,Aftershock,Inspiration,Teleport,Flash,Flash,Smite,Flash,Teleport,Teleport,Flash,Ignite,Flash,Flash,Teleport,Smite,Flash,Flash,Teleport,Flash,Barrier,Ignite,Flash,1,6,3,0,0,0
https://www.op.gg/summoners/euw/yuqi-golem/matches/uRd1PvnOddpC_kFZO24xqZCf5_R_LdixuQ-EZZdRp7o%3D/1733695545000,0,33,48,48,34,90,52,105,114,32,34,2,3,2,0,6,10,4,3,73213,79514,16.6,17.2,1023,1114,28.1,30.7,-6301,6301,2011.3461538461538,2184.4505494505497,Jax,Jarvan IV,Anivia,Smolder,Pyke,Gragas,Shaco,Hwei,Sivir,Rakan,Mercury's Treads,Shattered Armguard,Trinity Force,Force of Nature,Sundered Sky,Maw of Malmortius,Stealth Ward,Sundered Sky,Eclipse,Spirit Visage,Mercury's Treads,Null-Magic Mantle,Kindlegem,Oracle Lens,Abyssal Mask,Zhonya's Hourglass,Mercury's Treads,Malignance,Liandry's Torment,Fated Ashes,Oracle Lens,Ionian Boots of Lucidity,Maw of Malmortius,Bloodthirster,Rapid Firecannon,Lord Dominik's Regards,Hubris,Oracle Lens,Celestial Opposition,Youmuu's Ghostblade,No_Item,Edge of Night,Boots of Swiftness,Maw of Malmortius,Oracle Lens,Banshee's Veil,Zhonya's Hourglass,Ionian Boots of Lucidity,Aether Wisp,Cryptbloom,Seraph's Embrace,Stealth Ward,Sorcerer's Shoes,Blackfire Torch,Liandry's Torment,Rabadon's Deathcap,Void Staff,No_Item,Oracle Lens,Void Staff,Zhonya's Hourglass,Liandry's Torment,Dark Seal,Ionian Boots of Lucidity,Luden's Companion,Farsight Alteration,Lord Dominik's Regards,Yun Tal Wildarrows,Zephyr,Infinity Edge,Navori Flickerblade,Bloodthirster,Farsight Alteration,Zeke's Convergence,Control Ward,Ionian Boots of Lucidity,Locket of the Iron Solari,Redemption,Celestial Opposition,Oracle Lens,Grasp of the Undying,Inspiration,Conqueror,Inspiration,Phase Rush,Precision,Fleet Footwork,Inspiration,Hail of Blades,Sorcery,Arcane Comet,Inspiration,Electrocute,Inspiration,Arcane Comet,Inspiration,Lethal Tempo,Sorcery,Guardian,Domination,Flash,Teleport,Flash,Smite,Flash,Teleport,Flash,Teleport,Ignite,Flash,Flash,Teleport,Ignite,Smite,Teleport,Flash,Flash,Barrier,Flash,Ignite,0,0,1,1,6,2
https://www.op.gg/summoners/euw/yuqi-golem/matches/uRd1PvnOddqJrh2Adyk-G2Pt66NCqNDkizk_-WX8lTM%3D/1733437002000,1,29,21,22,29,29,50,60,38,11,14,1,0,0,0,8,2,1,0,46780,39335,12.2,11.4,591,568,27.2,26.1,7445,-7445,2173.006451612903,1827.174193548387,Sion,Lee Sin,Neeko,Caitlyn,Braum,K'Sante,Elise,Akshan,Ashe,Thresh,Control Ward,Randuin's Omen,Thornmail,Heartsteel,Plated Steelcaps,Doran's Shield,Oracle Lens,Tunneler,Eclipse,No_Item,Mercury's Treads,Sundered Sky,Ruby Crystal,Stealth Ward,Hextech Rocketbelt,No_Item,Needlessly Large Rod,Dark Seal,Shadowflame,Sorcerer's Shoes,Farsight Alteration,Doran's Blade,The Collector,Control Ward,B. F. Sword,Pickaxe,Berserker's Greaves,Farsight Alteration,Celestial Opposition,Locket of the Iron Solari,No_Item,Warden's Mail,Plated Steelcaps,No_Item,Oracle Lens,Doran's Shield,Refillable Potion,Plated Steelcaps,Iceborn Gauntlet,Cloth Armor,Kindlegem,Stealth Ward,No_Item,Dark Seal,Needlessly Large Rod,Stormsurge,Sorcerer's Shoes,Shadowflame,Oracle Lens,No_Item,Doran's Blade,Slightly Magical Footwear,Yun Tal Wildarrows,Infinity Edge,Noonquiver,Stealth Ward,Zeal,Scout's Slingshot,No_Item,Berserker's Greaves,Kraken Slayer,Doran's Blade,Farsight Alteration,Trailblazer,Solstice Sleigh,Control Ward,Chain Vest,Kindlegem,Boots of Swiftness,Oracle Lens,Grasp of the Undying,Inspiration,Conqueror,Inspiration,Arcane Comet,Domination,Fleet Footwork,Sorcery,Guardian,Inspiration,Grasp of the Undying,Inspiration,Dark Harvest,Precision,Press the Attack,Inspiration,Lethal Tempo,Inspiration,Aftershock,Inspiration,Flash,Teleport,Smite,Flash,Flash,Teleport,Flash,Cleanse,Flash,Exhaust,Teleport,Ghost,Flash,Smite,Flash,Teleport,Cleanse,Flash,Flash,Ignite,0,1,1,1,2,0
https://www.op.gg/summoners/euw/yuqi-golem/matches/uRd1PvnOddpfPowRaXWhetW22LaMwmlkyDg0AsFS1ZI%3D/1733434706000,0,15,35,35,15,71,22,56,51,19,22,1,0,0,0,0,9,1,0,39079,52405,11.0,12.8,535,712,24.2,32.3,-13326,13326,1765.617469879518,2367.6957831325303,Gangplank,Skarner,Syndra,Ziggs,Bard,Sion,Ivern,Irelia,Kog'Maw,Janna,Trinity Force,Serpent's Fang,Executioner's Calling,Cloak of Agility,Mercury's Treads,No_Item,Farsight Alteration,Bramble Vest,No_Item,No_Item,Sterak's Gage,Heartsteel,Ionian Boots of Lucidity,Oracle Lens,Doran's Ring,Blackfire Torch,Sorcerer's Shoes,Dark Seal,Cosmic Drive,Amplifying Tome,Stealth Ward,Doran's Ring,Luden's Companion,No_Item,Fiendish Codex,Fiendish Codex,Sorcerer's Shoes,Farsight Alteration,Solstice Sleigh,Redemption,Boots of Swiftness,Negatron Cloak,Kindlegem,No_Item,Oracle Lens,Sunfire Aegis,Boots of Swiftness,Unending Despair,Spectre's Cowl,Doran's Shield,Kindlegem,Oracle Lens,Redemption,Ionian Boots of Lucidity,Moonstone Renewer,Mejai's Soulstealer,Forbidden Idol,No_Item,Oracle Lens,Doran's Shield,Blade of The Ruined King,Mercury's Treads,Refillable Potion,Wit's End,Sundered Sky,Farsight Alteration,No_Item,Doran's Ring,Sorcerer's Shoes,Horizon Focus,Luden's Companion,Seraph's Embrace,Farsight Alteration,Dream Maker,Mejai's Soulstealer,Control Ward,Boots of Swiftness,Echoes of Helia,Kindlegem,Oracle Lens,Summon Aery,Precision,Grasp of the Undying,Inspiration,First Strike,Sorcery,Arcane Comet,Inspiration,Guardian,Domination,Grasp of the Undying,Inspiration,Glacial Augment,Resolve,Conqueror,Inspiration,Arcane Comet,Precision,Summon Aery,Resolve,Flash,Teleport,Smite,Flash,Teleport,Flash,Teleport,Flash,Flash,Ignite,Flash,Teleport,Flash,Smite,Flash,Teleport,Flash,Teleport,Heal,Flash,0,2,0,1,4,1
https://www.op.gg/summoners/euw/yuqi-golem/matches/uRd1PvnOddrfrlrhqqxaFRFeQounS3PvHwI95hSacvc%3D/1733425207000,0,28,38,38,28,52,45,65,78,20,22,0,4,0,1,4,11,0,5,57490,67072,14.2,15.4,868,870,27.9,27.9,-9582,9582,1852.4555555555555,2161.208888888889,Sion,Wukong,Ahri,Jinx,Sona,K'Sante,Xin Zhao,Ziggs,Ashe,Blitzcrank,Doran's Shield,Force of Nature,Unending Despair,Plated Steelcaps,No_Item,Thornmail,Oracle Lens,Trinity Force,Sterak's Gage,Boots of Swiftness,No_Item,Sundered Sky,Black Cleaver,Oracle Lens,Dark Seal,Malignance,Sorcerer's Shoes,Shattered Armguard,Needlessly Large Rod,Horizon Focus,Oracle Lens,Doran's Blade,Berserker's Greaves,Infinity Edge,Mortal Reminder,Yun Tal Wildarrows,Zeal,Farsight Alteration,Boots of Swiftness,Echoes of Helia,Bloodsong,Staff of Flowing Water,Moonstone Renewer,Faerie Charm,Oracle Lens,Knight's Vow,Unending Despair,Spirit Visage,"Jak'Sho, The Protean",Thornmail,Plated Steelcaps,Oracle Lens,Chempunk Chainsword,Titanic Hydra,Black Cleaver,Eclipse,Plated Steelcaps,No_Item,Oracle Lens,Void Staff,Zhonya's Hourglass,Dark Seal,Luden's Companion,Sorcerer's Shoes,Horizon Focus,Farsight Alteration,Doran's Blade,Berserker's Greaves,Kraken Slayer,Phantom Dancer,Lord Dominik's Regards,B. F. Sword,Farsight Alteration,Locket of the Iron Solari,Bloodsong,No_Item,Boots of Swiftness,Kindlegem,Trailblazer,Oracle Lens,Grasp of the Undying,Inspiration,Conqueror,Inspiration,Electrocute,Sorcery,Lethal Tempo,Sorcery,Summon Aery,Precision,Grasp of the Undying,Inspiration,Conqueror,Domination,Arcane Comet,Precision,Lethal Tempo,Inspiration,Glacial Augment,Sorcery,Flash,Teleport,Flash,Smite,Flash,Teleport,Flash,Barrier,Flash,Heal,Teleport,Flash,Flash,Smite,Flash,Teleport,Barrier,Flash,Flash,Ignite,1,1,0,0,5,3
https://www.op.gg/summoners/euw/yuqi-golem/matches/uRd1PvnOddp-Cg1sy_MP-keFWEga7gAWQRb2RUINKhI%3D/1733412049000,0,9,18,19,9,25,14,35,45,8,9,0,1,0,0,1,1,0,1,31045,34344,10.2,11.0,555,575,30.4,31.5,-3299,3299,1699.543795620438,1880.14598540146,Aurora,Rengar,Viktor,Ashe,Pyke,Zilean,Gragas,Garen,Corki,Leona,Doran's Ring,Sorcerer's Shoes,Stormsurge,Hextech Alternator,Dark Seal,No_Item,Farsight Alteration,Serrated Dirk,Youmuu's Ghostblade,Boots,Tiamat,Long Sword,No_Item,Oracle Lens,Doran's Ring,Blighting Jewel,Seraph's Embrace,Ionian Boots of Lucidity,Ruby Crystal,No_Item,Stealth Ward,Doran's Blade,Kraken Slayer,Berserker's Greaves,Zeal,No_Item,No_Item,Farsight Alteration,Celestial Opposition,Mercury's Treads,Serrated Dirk,Caulfield's Warhammer,Control Ward,No_Item,Oracle Lens,Doran's Ring,Refillable Potion,Archangel's Staff,Ionian Boots of Lucidity,No_Item,Control Ward,Stealth Ward,Amplifying Tome,Ionian Boots of Lucidity,Lich Bane,Dark Seal,Needlessly Large Rod,Amplifying Tome,Oracle Lens,Stridebreaker,Phantom Dancer,Boots of Swiftness,No_Item,No_Item,No_Item,Stealth Ward,Doran's Blade,Tear of the Goddess,Trinity Force,Plated Steelcaps,Caulfield's Warhammer,No_Item,Farsight Alteration,Celestial Opposition,Refillable Potion,Locket of the Iron Solari,Plated Steelcaps,No_Item,No_Item,Oracle Lens,Summon Aery,Precision,Conqueror,Domination,Summon Aery,Resolve,Lethal Tempo,Inspiration,Hail of Blades,Inspiration,Summon Aery,Inspiration,Dark Harvest,Inspiration,Phase Rush,Resolve,Conqueror,Inspiration,Aftershock,Inspiration,Flash,Teleport,Flash,Smite,Teleport,Flash,Flash,Cleanse,Flash,Ignite,Teleport,Flash,Flash,Smite,Flash,Ignite,Teleport,Flash,Flash,Ignite,0,3,0,0,3,0
https://www.op.gg/summoners/euw/yuqi-golem/matches/uRd1PvnOddqnzCAUjisaA2ofZJdgaVqYtwGOAryE1lc%3D/1733410384000,1,21,13,13,21,7,29,40,39,12,8,2,0,0,0,5,2,2,0,41121,34819,11.8,10.8,669,607,34.6,31.5,6302,-6302,2135.741860465116,1808.4286821705425,Sion,Hecarim,Aurora,Corki,Senna,Riven,Karthus,Yone,Caitlyn,Nami,Doran's Shield,Ruby Crystal,Unending Despair,Plated Steelcaps,Cloth Armor,Spectre's Cowl,Stealth Ward,Spear of Shojin,Eclipse,No_Item,Ionian Boots of Lucidity,Caulfield's Warhammer,No_Item,Oracle Lens,Doran's Ring,Dark Seal,Luden's Companion,Sorcerer's Shoes,Shadowflame,Needlessly Large Rod,Oracle Lens,Doran's Blade,Long Sword,Tear of the Goddess,Trinity Force,Plated Steelcaps,Long Sword,Farsight Alteration,Boots of Swiftness,Bloodsong,Control Ward,Black Cleaver,Zeal,Dagger,Oracle Lens,Doran's Blade,Eclipse,Black Cleaver,Steel Sigil,Ionian Boots of Lucidity,Caulfield's Warhammer,Oracle Lens,Blackfire Torch,Sorcerer's Shoes,Dark Seal,Oblivion Orb,Amplifying Tome,Gustwalker Hatchling,Oracle Lens,Doran's Shield,Refillable Potion,Long Sword,Blade of The Ruined King,Long Sword,Berserker's Greaves,Farsight Alteration,Doran's Blade,The Collector,Cloak of Agility,Berserker's Greaves,Refillable Potion,No_Item,Farsight Alteration,Boots of Swiftness,Dream Maker,Amplifying Tome,Glowing Mote,Imperial Mandate,No_Item,Oracle Lens,Grasp of the Undying,Inspiration,Phase Rush,Precision,Electrocute,Precision,Conqueror,Inspiration,Fleet Footwork,Inspiration,Conqueror,Inspiration,Dark Harvest,Precision,Fleet Footwork,Resolve,Fleet Footwork,Sorcery,Summon Aery,Domination,Flash,Teleport,Ghost,Smite,Flash,Teleport,Flash,Barrier,Flash,Heal,Teleport,Flash,Flash,Smite,Flash,Teleport,Barrier,Flash,Flash,Heal,1,3,1,0,3,0
https://www.op.gg/summoners/euw/yuqi-golem/matches/uRd1PvnOddpZo0g36fruCcTeQdI269m47oMPT2cKTk4%3D/1733407929000,1,31,25,25,31,45,65,88,92,45,36,1,3,2,0,11,2,3,3,66315,56364,15.6,14.4,919,851,30.900000000000002,28.6,9951,-9951,2222.849162011173,1889.296089385475,Sejuani,Rengar,Ahri,Corki,Rakan,Kled,Wukong,Akali,Swain,Pyke,Unending Despair,"Jak'Sho, The Protean",Control Ward,Bramble Vest,Plated Steelcaps,Fimbulwinter,Oracle Lens,Lord Dominik's Regards,Profane Hydra,Youmuu's Ghostblade,Edge of Night,Ionian Boots of Lucidity,Serrated Dirk,Oracle Lens,Needlessly Large Rod,Needlessly Large Rod,Liandry's Torment,Dark Seal,Mercury's Treads,Malignance,Oracle Lens,Infinity Edge,Muramana,Mortal Reminder,Doran's Blade,Plated Steelcaps,Trinity Force,Farsight Alteration,Solstice Sleigh,Knight's Vow,Locket of the Iron Solari,Ionian Boots of Lucidity,Control Ward,Zeke's Convergence,Oracle Lens,Titanic Hydra,Black Cleaver,Doran's Blade,Tunneler,Ionian Boots of Lucidity,Pickaxe,Oracle Lens,Trinity Force,Sundered Sky,Boots of Swiftness,Phage,Ruby Crystal,Pickaxe,Stealth Ward,Rabadon's Deathcap,Amplifying Tome,Shadowflame,Stormsurge,Boots,Dark Seal,Oracle Lens,Blackfire Torch,No_Item,Sorcerer's Shoes,Zhonya's Hourglass,Dark Seal,Liandry's Torment,Farsight Alteration,Youmuu's Ghostblade,Celestial Opposition,No_Item,Umbral Glaive,Serrated Dirk,Plated Steelcaps,Oracle Lens,Grasp of the Undying,Sorcery,Conqueror,Domination,Grasp of the Undying,Sorcery,Conqueror,Inspiration,Guardian,Domination,Conqueror,Resolve,Conqueror,Inspiration,Electrocute,Resolve,Conqueror,Resolve,Hail of Blades,Resolve,Flash,Teleport,Flash,Smite,Flash,Teleport,Barrier,Flash,Flash,Ignite,Flash,Teleport,Flash,Smite,Ignite,Flash,Flash,Exhaust,Flash,Ignite,1,5,3,0,1,0
https://www.op.gg/summoners/euw/yuqi-golem/matches/uRd1PvnOddpwsAJz-yjmRZX_bFUDI7NBoOVzJwqmh0k%3D/1733405186000,1,28,10,10,28,21,39,33,49,15,4,2,1,0,0,11,0,2,1,49522,34165,12.6,11.2,680,600,30.7,27.099999999999998,15357,-15357,2245.4074534161487,1549.0962732919254,Akali,Viego,K'Sante,Corki,Leona,Smolder,Udyr,Syndra,Yone,Taric,Shadowflame,Hextech Rocketbelt,Dark Seal,Mercury's Treads,Negatron Cloak,Doran's Shield,Oracle Lens,Titanic Hydra,Kraken Slayer,Mercury's Treads,Glowing Mote,Sterak's Gage,Steel Sigil,Oracle Lens,Doran's Shield,Unending Despair,Spirit Visage,Plated Steelcaps,Ruby Crystal,Negatron Cloak,Oracle Lens,Doran's Blade,Trinity Force,Muramana,Plated Steelcaps,Scout's Slingshot,Dagger,Farsight Alteration,Bloodsong,Locket of the Iron Solari,Giant's Belt,Winged Moonplate,Rejuvenation Bead,Boots of Swiftness,Oracle Lens,Doran's Blade,Tear of the Goddess,Ionian Boots of Lucidity,Trinity Force,Long Sword,Caulfield's Warhammer,Farsight Alteration,Heartsteel,Bramble Vest,Ruby Crystal,Mercury's Treads,No_Item,No_Item,Oracle Lens,Doran's Ring,Cosmic Drive,Blackfire Torch,Sorcerer's Shoes,Dark Seal,No_Item,Stealth Ward,Blade of The Ruined King,Doran's Shield,Berserker's Greaves,Long Sword,Pickaxe,Cloak of Agility,Stealth Ward,Mercury's Treads,Fimbulwinter,Ruby Crystal,Celestial Opposition,No_Item,No_Item,Oracle Lens,Conqueror,Resolve,Conqueror,Inspiration,Aftershock,Domination,Conqueror,Inspiration,Aftershock,Inspiration,Grasp of the Undying,Sorcery,Grasp of the Undying,Inspiration,Phase Rush,Inspiration,Fleet Footwork,Resolve,Guardian,Precision,Teleport,Flash,Flash,Smite,Flash,Teleport,Flash,Teleport,Ignite,Flash,Teleport,Flash,Flash,Smite,Teleport,Flash,Flash,Exhaust,Heal,Flash,1,6,3,0,0,0
https://www.op.gg/summoners/euw/yuqi-golem/matches/uRd1PvnOddrf9AJt-3rTleO17OQPQuKSpwF_laSbzBU%3D/1733403148000,1,47,29,29,47,53,82,96,105,29,31,4,0,2,0,10,4,6,0,77983,67783,17.6,16.2,1079,1078,30.8,30.7,10200,-10200,2223.733984375,1932.874609375,Gragas,Skarner,Ahri,Caitlyn,Lux,Aurora,Kindred,Yone,Syndra,Blitzcrank,Banshee's Veil,Zhonya's Hourglass,Fimbulwinter,Sorcerer's Shoes,Fiendish Codex,Cosmic Drive,Oracle Lens,Unending Despair,Plated Steelcaps,Heartsteel,Spirit Visage,Ruby Crystal,No_Item,Farsight Alteration,Malignance,Liandry's Torment,Ionian Boots of Lucidity,Void Staff,Verdant Barrier,Rabadon's Deathcap,Oracle Lens,Bloodthirster,Berserker's Greaves,The Collector,Lord Dominik's Regards,Rapid Firecannon,Infinity Edge,Farsight Alteration,Locket of the Iron Solari,Redemption,Mikael's Blessing,Celestial Opposition,Watchful Wardstone,Ionian Boots of Lucidity,Oracle Lens,Stormsurge,Aether Wisp,Sorcerer's Shoes,Luden's Companion,Kindlegem,Oblivion Orb,Oracle Lens,Infinity Edge,Trinity Force,Mercury's Treads,Executioner's Calling,Last Whisper,No_Item,Oracle Lens,Immortal Shieldbow,"Jak'Sho, The Protean",Berserker's Greaves,Blade of The Ruined King,Infinity Edge,Death's Dance,Farsight Alteration,Sorcerer's Shoes,Aether Wisp,Void Staff,Luden's Companion,Shadowflame,Rabadon's Deathcap,Farsight Alteration,Control Ward,Locket of the Iron Solari,Bloodsong,Trailblazer,Kindlegem,Boots of Swiftness,Oracle Lens,Arcane Comet,Inspiration,Aftershock,Inspiration,Electrocute,Sorcery,Lethal Tempo,Sorcery,Aftershock,Inspiration,Electrocute,Sorcery,Press the Attack,Domination,Lethal Tempo,Resolve,First Strike,Sorcery,Glacial Augment,Sorcery,Flash,Teleport,Flash,Smite,Teleport,Flash,Barrier,Flash,Heal,Flash,Flash,Teleport,Flash,Smite,Flash,Teleport,Teleport,Flash,Flash,Ignite,0,6,2,1,0,0
https://www.op.gg/summoners/euw/yuqi-golem/matches/uRd1PvnOddp5J6-Y2tVJzjct0OQt9Nqv38H6QxkXL00%3D/1733356656000,1,40,19,19,40,36,73,64,75,24,15,2,2,1,0,10,3,3,2,65314,53263,15.8,14.0,893,846,29.7,28.2,12051,-12051,2166.1929648241207,1766.5115577889446,K'Sante,Bel'Veth,Sylas,Hwei,Lulu,Gnar,Vi,Galio,Ezreal,Nami,Kaenic Rookern,Thornmail,"Jak'Sho, The Protean",Iceborn Gauntlet,Mercury's Treads,Chain Vest,Oracle Lens,Death's Dance,Plated Steelcaps,Stridebreaker,Kraken Slayer,Recurve Bow,Recurve Bow,Oracle Lens,Sorcerer's Shoes,Zhonya's Hourglass,Hextech Rocketbelt,Dark Seal,Needlessly Large Rod,Cosmic Drive,Oracle Lens,No_Item,No_Item,Cryptbloom,Blackfire Torch,Liandry's Torment,Sorcerer's Shoes,Farsight Alteration,Redemption,Dream Maker,No_Item,Ionian Boots of Lucidity,Moonstone Renewer,Forbidden Idol,Oracle Lens,No_Item,Trinity Force,Plated Steelcaps,Long Sword,Black Cleaver,No_Item,Stealth Ward,Sundered Sky,Black Cleaver,Frozen Heart,No_Item,No_Item,Mercury's Treads,Oracle Lens,Shadowflame,Stormsurge,Rod of Ages,Boots of Swiftness,Aether Wisp,No_Item,Oracle Lens,Mortal Reminder,Trinity Force,Muramana,Ionian Boots of Lucidity,Spear of Shojin,No_Item,Farsight Alteration,Dream Maker,Control Ward,Redemption,Imperial Mandate,Kindlegem,Ionian Boots of Lucidity,Oracle Lens,Grasp of the Undying,Inspiration,Conqueror,Domination,Conqueror,Inspiration,Arcane Comet,Precision,Summon Aery,Resolve,Grasp of the Undying,Precision,Conqueror,Inspiration,Aftershock,Sorcery,Press the Attack,Inspiration,Summon Aery,Inspiration,Teleport,Flash,Smite,Flash,Teleport,Flash,Flash,Teleport,Flash,Heal,Flash,Teleport,Flash,Smite,Flash,Teleport,Barrier,Flash,Heal,Flash,0,4,2,1,2,0
https://www.op.gg/summoners/euw/yuqi-golem/matches/uRd1PvnOddphSptrK0BCaFinGaKOt7fc1MEbnR-F2ZQ%3D/1733354092000,0,34,32,32,34,40,51,79,88,36,29,1,4,2,0,4,10,3,4,68088,70525,16.2,16.6,1002,1079,29.0,31.0,-2437,2437,1962.361572052402,2032.5982532751093,Jax,Zac,Katarina,Corki,Neeko,Gragas,Viego,Hwei,Ashe,Galio,Wit's End,Sundered Sky,Mercury's Treads,Trinity Force,No_Item,No_Item,Stealth Ward,Randuin's Omen,Haunting Guise,Abyssal Mask,Spirit Visage,Sunfire Aegis,Ionian Boots of Lucidity,Oracle Lens,Mejai's Soulstealer,Lich Bane,Rabadon's Deathcap,Stormsurge,Sorcerer's Shoes,Blighting Jewel,Farsight Alteration,Doran's Blade,The Collector,Trinity Force,Infinity Edge,Muramana,Plated Steelcaps,Farsight Alteration,Hextech Rocketbelt,Zaz'Zak's Realmspike,Blighting Jewel,Blasting Wand,Mercury's Treads,Shadowflame,Oracle Lens,Cosmic Drive,Zhonya's Hourglass,Ionian Boots of Lucidity,Doran's Ring,Fimbulwinter,Banshee's Veil,Oracle Lens,Sundered Sky,Kraken Slayer,No_Item,Sterak's Gage,Plated Steelcaps,Wit's End,Oracle Lens,Needlessly Large Rod,Seraph's Embrace,Mercury's Treads,Liandry's Torment,Void Staff,Needlessly Large Rod,Farsight Alteration,Berserker's Greaves,Phantom Dancer,Maw of Malmortius,Kraken Slayer,Mortal Reminder,No_Item,Farsight Alteration,Control Ward,Abyssal Mask,Solstice Sleigh,Giant's Belt,Trailblazer,Boots of Swiftness,Oracle Lens,Grasp of the Undying,Sorcery,Aftershock,Inspiration,Electrocute,Precision,Conqueror,Inspiration,Arcane Comet,Inspiration,Arcane Comet,Inspiration,Conqueror,Inspiration,Arcane Comet,Precision,Lethal Tempo,Inspiration,Aftershock,Sorcery,Teleport,Flash,Smite,Flash,Teleport,Flash,Flash,Cleanse,Flash,Ignite,Flash,Teleport,Flash,Smite,Flash,Teleport,Barrier,Flash,Flash,Ignite,0,4,0,1,2,3
https://www.op.gg/summoners/euw/yuqi-golem/matches/uRd1PvnOddoHk6rVj-WMfT1GmQ1GIu3oz5JPMlRbfdA%3D/1733347169000,0,15,26,26,15,68,23,79,87,28,32,1,2,0,2,6,10,1,4,64683,69373,15.8,16.4,1194,1014,34.4,29.1,-4690,4690,1863.0378640776698,1998.1220064724919,Gragas,Viego,Vladimir,Corki,Nautilus,Olaf,Ivern,Fiora,Seraphine,Senna,Seraph's Embrace,Zhonya's Hourglass,Cosmic Drive,Doran's Ring,Ionian Boots of Lucidity,Cryptbloom,Oracle Lens,Mercury's Treads,Titanic Hydra,Serpent's Fang,Kraken Slayer,Tunneler,Pickaxe,Oracle Lens,Stormsurge,Liandry's Torment,Rabadon's Deathcap,Sorcerer's Shoes,Void Staff,No_Item,Farsight Alteration,Doran's Blade,Muramana,Trinity Force,Serpent's Fang,Plated Steelcaps,Mortal Reminder,Farsight Alteration,Bloodsong,Locket of the Iron Solari,Chain Vest,Kindlegem,Mercury's Treads,Control Ward,Oracle Lens,Ravenous Hydra,Spirit Visage,Tunneler,Death's Dance,Experimental Hexplate,Ionian Boots of Lucidity,Farsight Alteration,Moonstone Renewer,Redemption,Echoes of Helia,Dawncore,Forbidden Idol,Ionian Boots of Lucidity,Oracle Lens,Ravenous Hydra,Trinity Force,Mercury's Treads,Maw of Malmortius,Steel Sigil,Control Ward,Stealth Ward,Zhonya's Hourglass,Rylai's Crystal Scepter,Seraph's Embrace,Blackfire Torch,Ionian Boots of Lucidity,Oblivion Orb,Farsight Alteration,Bloodsong,Moonstone Renewer,Echoes of Helia,Black Cleaver,Ardent Censer,Boots of Swiftness,Oracle Lens,Grasp of the Undying,Sorcery,Conqueror,Inspiration,Summon Aery,Precision,Fleet Footwork,Inspiration,Aftershock,Inspiration,Conqueror,Inspiration,Summon Aery,Inspiration,Conqueror,Domination,Conqueror,Sorcery,Grasp of the Undying,Precision,Flash,Teleport,Flash,Smite,Flash,Ignite,Flash,Barrier,Flash,Ignite,Flash,Ghost,Flash,Smite,Ignite,Teleport,Flash,Teleport,Flash,Heal,1,6,0,0,0,2
https://www.op.gg/summoners/euw/yuqi-golem/matches/uRd1PvnOddrX8635ovO56FXgVnuABAhu7x8pKywLEy4%3D/1733340814000,0,33,30,30,34,33,42,92,73,17,23,4,1,1,1,7,9,5,2,66766,70121,16.2,16.2,1015,1065,30.2,31.7,-3355,3355,1991.2666666666667,2091.3280701754384,Sion,Viego,Sylas,Corki,Nautilus,Gnar,Shaco,Katarina,Jinx,Hwei,Randuin's Omen,Chain Vest,Sunfire Aegis,Bramble Vest,Kaenic Rookern,Plated Steelcaps,Stealth Ward,Plated Steelcaps,Kraken Slayer,B. F. Sword,Sterak's Gage,Sundered Sky,Steel Sigil,Oracle Lens,Zhonya's Hourglass,Shadowflame,Sorcerer's Shoes,Stormsurge,Doran's Ring,Needlessly Large Rod,Oracle Lens,Infinity Edge,Trinity Force,Muramana,Plated Steelcaps,Rapid Firecannon,Bloodthirster,Farsight Alteration,Bloodsong,Locket of the Iron Solari,Knight's Vow,No_Item,Giant's Belt,Mercury's Treads,Oracle Lens,Doran's Blade,Wit's End,Chain Vest,Trinity Force,Black Cleaver,Plated Steelcaps,Oracle Lens,Infinity Edge,Youmuu's Ghostblade,Berserker's Greaves,Lord Dominik's Regards,Serrated Dirk,Ruby Crystal,Oracle Lens,Lich Bane,No_Item,Zhonya's Hourglass,Sorcerer's Shoes,Rabadon's Deathcap,Stormsurge,Farsight Alteration,Lord Dominik's Regards,Doran's Blade,Yun Tal Wildarrows,Berserker's Greaves,Infinity Edge,No_Item,Farsight Alteration,Liandry's Torment,Zaz'Zak's Realmspike,Blackfire Torch,Ionian Boots of Lucidity,Blighting Jewel,Fiendish Codex,Oracle Lens,Grasp of the Undying,Inspiration,Conqueror,Inspiration,Conqueror,Resolve,Conqueror,Inspiration,Aftershock,Inspiration,Grasp of the Undying,Precision,Hail of Blades,Sorcery,Conqueror,Domination,Lethal Tempo,Sorcery,Arcane Comet,Inspiration,Teleport,Flash,Flash,Smite,Flash,Teleport,Flash,Barrier,Flash,Ignite,Flash,Teleport,Smite,Ignite,Ignite,Teleport,Flash,Barrier,Heal,Flash,0,1,0,1,5,1
https://www.op.gg/summoners/euw/yuqi-golem/matches/uRd1PvnOddqSwss8-q58q2GHXT7FOxucdziR3lt5uYc%3D/1733337994000,0,4,18,18,5,21,4,28,38,9,9,0,1,0,0,0,4,0,1,24441,35247,9.2,10.8,466,561,28.8,34.6,-10806,10806,1513.0142857142857,2181.957142857143,Ambessa,Pantheon,Ziggs,Draven,Thresh,Renekton,Kindred,Aurora,Smolder,Renata Glasc,Long Sword,Doran's Blade,Ravenous Hydra,No_Item,Boots,No_Item,Stealth Ward,Youmuu's Ghostblade,Gustwalker Hatchling,Caulfield's Warhammer,Long Sword,Slightly Magical Footwear,Pickaxe,Oracle Lens,Horizon Focus,Lost Chapter,Slightly Magical Footwear,Amplifying Tome,Tear of the Goddess,No_Item,Farsight Alteration,Doran's Blade,Bloodthirster,Boots,No_Item,No_Item,No_Item,Stealth Ward,Dream Maker,Kindlegem,Cloth Armor,Null-Magic Mantle,No_Item,Plated Steelcaps,Oracle Lens,Doran's Shield,Black Cleaver,Refillable Potion,Plated Steelcaps,Long Sword,No_Item,Stealth Ward,Control Ward,Trinity Force,Long Sword,Kraken Slayer,Boots,No_Item,Oracle Lens,Doran's Ring,Refillable Potion,Luden's Companion,Sorcerer's Shoes,Hextech Alternator,Aether Wisp,Farsight Alteration,Hubris,Rapid Firecannon,Refillable Potion,Doran's Blade,Boots of Swiftness,No_Item,Oracle Lens,Control Ward,Locket of the Iron Solari,Dream Maker,Ionian Boots of Lucidity,Kindlegem,No_Item,Oracle Lens,Conqueror,Resolve,Conqueror,Inspiration,Unsealed Spellbook,Sorcery,Press the Attack,Sorcery,Aftershock,Domination,Conqueror,Resolve,Press the Attack,Domination,Electrocute,Sorcery,Arcane Comet,Inspiration,Guardian,Domination,Ignite,Teleport,Smite,Flash,Flash,Teleport,Barrier,Flash,Flash,Ignite,Flash,Teleport,Flash,Smite,Teleport,Flash,Flash,Teleport,Flash,Heal,0,0,0,0,6,0
https://www.op.gg/summoners/euw/yuqi-golem/matches/uRd1PvnOddonq5RZGRWQ5cWzUBv3Y1H2uI5FoF55Sdo%3D/1733335068000,1,23,7,7,23,9,17,27,28,7,3,2,0,0,0,3,0,2,0,34103,26777,10.6,9.4,525,484,32.6,30.0,7326,-7326,2122.737755102041,1666.7316326530613,Malphite,Master Yi,LeBlanc,Ezreal,Karma,Sylas,Viego,Corki,Caitlyn,Teemo,Doran's Ring,Plated Steelcaps,Dark Seal,Sunfire Aegis,Negatron Cloak,Chain Vest,Oracle Lens,No_Item,Kraken Slayer,Berserker's Greaves,No_Item,No_Item,No_Item,Farsight Alteration,Doran's Ring,Luden's Companion,Amplifying Tome,Sorcerer's Shoes,No_Item,No_Item,Oracle Lens,Doran's Blade,Manamune,Trinity Force,Refillable Potion,Ionian Boots of Lucidity,Control Ward,Farsight Alteration,Zaz'Zak's Realmspike,No_Item,Ionian Boots of Lucidity,Mejai's Soulstealer,Amplifying Tome,Malignance,Oracle Lens,Hextech Rocketbelt,Fiendish Codex,Amplifying Tome,Doran's Ring,Boots,Dark Seal,Stealth Ward,Tiamat,Kraken Slayer,Scorchclaw Pup,Slightly Magical Footwear,Ruby Crystal,Long Sword,Oracle Lens,Doran's Blade,Trinity Force,Long Sword,Tear of the Goddess,Long Sword,Boots,Stealth Ward,Doran's Blade,Berserker's Greaves,Serrated Dirk,Pickaxe,Refillable Potion,Cloak of Agility,Stealth Ward,Dark Seal,Refillable Potion,Zaz'Zak's Realmspike,Boots,Fated Ashes,Haunting Guise,Oracle Lens,Arcane Comet,Resolve,Lethal Tempo,Domination,Electrocute,Precision,Press the Attack,Inspiration,Arcane Comet,Resolve,Conqueror,Resolve,Conqueror,Inspiration,Conqueror,Inspiration,Lethal Tempo,Sorcery,Dark Harvest,Precision,Flash,Teleport,Flash,Smite,Teleport,Flash,Flash,Barrier,Flash,Heal,Teleport,Flash,Flash,Smite,Teleport,Flash,Barrier,Flash,Ignite,Flash,0,2,0,0,4,0
https://www.op.gg/summoners/euw/yuqi-golem/matches/uRd1PvnOddqVMhrYx5cnMvDSMOh9Lzq-a2PKzgR14o8%3D/1733238483000,0,39,41,41,40,65,66,108,82,36,43,2,4,2,0,7,9,4,4,79747,79788,17.4,17.2,1084,1158,27.9,29.7,-41,41,2055.5903726708075,2056.647204968944,Malphite,Elise,Zed,Ashe,Lulu,Jayce,Karthus,Tahm Kench,Talon,Senna,Locket of the Iron Solari,Knight's Vow,Redemption,Plated Steelcaps,No_Item,Thornmail,Oracle Lens,Liandry's Torment,Shadowflame,Rabadon's Deathcap,Sorcerer's Shoes,Stormsurge,Blighting Jewel,Oracle Lens,Serylda's Grudge,Maw of Malmortius,Ionian Boots of Lucidity,Opportunity,Eclipse,Edge of Night,Oracle Lens,Bloodthirster,Kraken Slayer,Mortal Reminder,Infinity Edge,Berserker's Greaves,Phantom Dancer,Farsight Alteration,Redemption,Dream Maker,Locket of the Iron Solari,Watchful Wardstone,Moonstone Renewer,Ionian Boots of Lucidity,Oracle Lens,Youmuu's Ghostblade,Shattered Armguard,Mercury's Treads,Muramana,Serylda's Grudge,Maw of Malmortius,Oracle Lens,Blackfire Torch,Shattered Armguard,Shadowflame,Rabadon's Deathcap,Liandry's Torment,Sorcerer's Shoes,Oracle Lens,Randuin's Omen,Heartsteel,Plated Steelcaps,No_Item,Spirit Visage,Bramble Vest,Farsight Alteration,Edge of Night,Youmuu's Ghostblade,Profane Hydra,Serpent's Fang,Synchronized Souls,Serylda's Grudge,Oracle Lens,Bloodsong,Rapid Firecannon,Youmuu's Ghostblade,Boots of Swiftness,Serrated Dirk,Black Cleaver,Oracle Lens,Arcane Comet,Resolve,Dark Harvest,Precision,Electrocute,Precision,Lethal Tempo,Inspiration,Summon Aery,Resolve,Conqueror,Inspiration,Dark Harvest,Precision,Grasp of the Undying,Inspiration,Electrocute,Sorcery,Grasp of the Undying,Precision,Flash,Teleport,Flash,Smite,Teleport,Flash,Flash,Barrier,Heal,Flash,Flash,Teleport,Smite,Flash,Teleport,Flash,Ignite,Flash,Flash,Heal,1,1,0,0,5,2
https://www.op.gg/summoners/euw/yuqi-golem/matches/uRd1PvnOddoZaPuOX3aaaLkxAdoFr6ujpplJYkL-dxQ%3D/1733234159000,1,23,10,10,23,14,25,31,36,13,10,0,2,0,0,4,0,0,2,39261,29190,11.0,10.0,604,505,36.2,30.2,10071,-10071,2361.3500000000004,1755.630434782609,Jayce,Zac,Yone,Caitlyn,Elise,Malphite,Rengar,Syndra,Corki,Nautilus,Doran's Blade,Tear of the Goddess,Caulfield's Warhammer,Long Sword,Mercury's Treads,Eclipse,Oracle Lens,Ionian Boots of Lucidity,Sunfire Aegis,No_Item,Dark Seal,Spectre's Cowl,Kindlegem,Oracle Lens,Ruby Crystal,Berserker's Greaves,Blade of The Ruined King,Dagger,Long Sword,Doran's Shield,Oracle Lens,Infinity Edge,No_Item,The Collector,No_Item,Boots,No_Item,Farsight Alteration,Refillable Potion,Seeker's Armguard,Bloodsong,Needlessly Large Rod,Cosmic Drive,Sorcerer's Shoes,Oracle Lens,Iceborn Gauntlet,Plated Steelcaps,Control Ward,No_Item,Refillable Potion,Doran's Ring,Stealth Ward,Gustwalker Hatchling,Hubris,No_Item,Boots,Long Sword,Long Sword,Oracle Lens,Blackfire Torch,Dark Seal,Kindlegem,Sorcerer's Shoes,Doran's Ring,No_Item,Stealth Ward,Doran's Blade,Refillable Potion,Essence Reaver,Boots,The Collector,No_Item,Farsight Alteration,Celestial Opposition,Boots,Locket of the Iron Solari,Null-Magic Mantle,No_Item,No_Item,Oracle Lens,Conqueror,Inspiration,Aftershock,Precision,Fleet Footwork,Resolve,Lethal Tempo,Sorcery,Dark Harvest,Inspiration,Summon Aery,Resolve,Conqueror,Domination,First Strike,Sorcery,Hail of Blades,Inspiration,Aftershock,Inspiration,Flash,Teleport,Smite,Flash,Flash,Teleport,Flash,Barrier,Ignite,Flash,Teleport,Flash,Flash,Smite,Teleport,Flash,Flash,Barrier,Flash,Ignite,0,6,0,0,0,0
https://www.op.gg/summoners/euw/yuqi-golem/matches/uRd1PvnOddptxNaa4B8VBP7AssEWeMeh1cHAfgCMaiE%3D/1733232664000,1,31,27,27,31,31,53,89,75,33,17,1,4,1,0,9,6,2,4,70659,62706,16.8,15.4,1069,957,31.1,27.8,7953,-7953,2057.7884210526317,1826.1747368421054,Jayce,Viego,Aurora,Corki,Leona,Garen,Vi,Akali,Ashe,Braum,Infinity Edge,Muramana,Hubris,Serylda's Grudge,Ionian Boots of Lucidity,Maw of Malmortius,Oracle Lens,Kraken Slayer,Sundered Sky,Sterak's Gage,Plated Steelcaps,Null-Magic Mantle,No_Item,Oracle Lens,Shadowflame,Mejai's Soulstealer,Malignance,Cosmic Drive,Sorcerer's Shoes,Blasting Wand,Oracle Lens,Infinity Edge,Trinity Force,Muramana,Mercury's Treads,Lord Dominik's Regards,Zeal,Farsight Alteration,Locket of the Iron Solari,Kindlegem,Control Ward,Bloodsong,Knight's Vow,Mercury's Treads,Oracle Lens,Force of Nature,Stridebreaker,Ruby Crystal,Dead Man's Plate,Plated Steelcaps,Doran's Shield,Stealth Ward,No_Item,Trinity Force,Plated Steelcaps,Sterak's Gage,Cloth Armor,Sundered Sky,Farsight Alteration,Rabadon's Deathcap,Blighting Jewel,Banshee's Veil,Sorcerer's Shoes,Shadowflame,Stormsurge,Oracle Lens,Pickaxe,Kraken Slayer,Edge of Night,Runaan's Hurricane,Last Whisper,Berserker's Greaves,Farsight Alteration,Bramble Vest,Celestial Opposition,Locket of the Iron Solari,Knight's Vow,Ruby Crystal,Plated Steelcaps,Oracle Lens,Conqueror,Inspiration,Conqueror,Inspiration,Electrocute,Precision,Conqueror,Inspiration,Aftershock,Domination,Phase Rush,Resolve,Hail of Blades,Precision,Electrocute,Resolve,Lethal Tempo,Inspiration,Guardian,Precision,Flash,Teleport,Flash,Smite,Flash,Teleport,Barrier,Flash,Ignite,Flash,Ignite,Flash,Flash,Smite,Flash,Teleport,Flash,Cleanse,Flash,Ignite,0,6,2,1,0,1
https://www.op.gg/summoners/euw/yuqi-golem/matches/uRd1PvnOddo6seP6Kn9NCAumWHNYm3gF2To2Fe6tWzE%3D/1733140054000,0,34,45,45,34,61,39,48,51,15,19,0,4,0,0,1,10,0,4,51763,65024,13.8,15.2,722,888,26.5,32.6,-13261,13261,1891.8456852791878,2376.511675126904,Riven,Graves,Akali,Jinx,Rell,Gragas,Udyr,Yasuo,Jhin,Nautilus,Eclipse,Black Cleaver,No_Item,Mercury's Treads,No_Item,Doran's Blade,Stealth Ward,Youmuu's Ghostblade,Control Ward,The Collector,Mercury's Treads,Last Whisper,No_Item,Oracle Lens,Void Staff,Dark Seal,Seeker's Armguard,Stormsurge,Sorcerer's Shoes,Shadowflame,Oracle Lens,Berserker's Greaves,Doran's Blade,B. F. Sword,Runaan's Hurricane,Mortal Reminder,Yun Tal Wildarrows,Farsight Alteration,Celestial Opposition,Locket of the Iron Solari,Control Ward,Giant's Belt,Zeke's Convergence,Ionian Boots of Lucidity,Oracle Lens,Doran's Ring,Cosmic Drive,Fimbulwinter,Ionian Boots of Lucidity,"Jak'Sho, The Protean",Ruby Crystal,Oracle Lens,Liandry's Torment,Unending Despair,Spirit Visage,Dark Seal,Giant's Belt,Plated Steelcaps,Oracle Lens,Kraken Slayer,Berserker's Greaves,Doran's Blade,Blade of The Ruined King,Immortal Shieldbow,Cloak of Agility,Stealth Ward,Youmuu's Ghostblade,Infinity Edge,Rapid Firecannon,The Collector,Boots of Swiftness,Cloak of Agility,Farsight Alteration,Bloodsong,Kindlegem,Plated Steelcaps,Null-Magic Mantle,Warmog's Armor,Ruby Crystal,Oracle Lens,Conqueror,Inspiration,Dark Harvest,Precision,Electrocute,Resolve,Lethal Tempo,Sorcery,Aftershock,Inspiration,Grasp of the Undying,Inspiration,Conqueror,Inspiration,Lethal Tempo,Resolve,Dark Harvest,Precision,Aftershock,Precision,Teleport,Flash,Smite,Flash,Teleport,Flash,Flash,Barrier,Ignite,Flash,Flash,Teleport,Flash,Smite,Flash,Teleport,Flash,Barrier,Flash,Ignite,0,6,0,1,0,1
https://www.op.gg/summoners/euw/yuqi-golem/matches/uRd1PvnOddpatTeVszgxaF0-flmX8SsU1d_7rmgsQzY%3D/1733137817000,1,41,21,21,41,24,68,81,63,23,27,2,3,2,0,11,3,4,3,67386,58789,16.0,15.4,910,1033,29.0,32.8,8597,-8597,2136.629268292683,1864.041463414634,Poppy,Viego,Aurora,Ziggs,Alistar,K'Sante,Elise,Yasuo,Kalista,Rell,Negatron Cloak,Plated Steelcaps,Fimbulwinter,Ruby Crystal,Tunneler,Unending Despair,Farsight Alteration,Titanic Hydra,Kraken Slayer,Wit's End,Death's Dance,Kaenic Rookern,Boots of Swiftness,Oracle Lens,Sorcerer's Shoes,Liandry's Torment,Cosmic Drive,Malignance,No_Item,No_Item,Oracle Lens,Rabadon's Deathcap,Seraph's Embrace,No_Item,Horizon Focus,Sorcerer's Shoes,Cryptbloom,Farsight Alteration,Celestial Opposition,Locket of the Iron Solari,Zeke's Convergence,Plated Steelcaps,Kindlegem,No_Item,Oracle Lens,Doran's Shield,No_Item,"Jak'Sho, The Protean",Mercury's Treads,Spirit Visage,Unending Despair,Oracle Lens,Rabadon's Deathcap,Liandry's Torment,Blighting Jewel,Sorcerer's Shoes,Stormsurge,Shadowflame,Oracle Lens,Infinity Edge,Cloak of Agility,Immortal Shieldbow,Berserker's Greaves,Blade of The Ruined King,No_Item,Farsight Alteration,Mortal Reminder,Blade of The Ruined King,Control Ward,Berserker's Greaves,Dagger,Wit's End,Farsight Alteration,Control Ward,Locket of the Iron Solari,Celestial Opposition,Zeke's Convergence,Boots of Swiftness,No_Item,Oracle Lens,Grasp of the Undying,Sorcery,Conqueror,Inspiration,Electrocute,Sorcery,Arcane Comet,Precision,Aftershock,Inspiration,Grasp of the Undying,Inspiration,Dark Harvest,Precision,Grasp of the Undying,Precision,Lethal Tempo,Domination,Aftershock,Inspiration,Flash,Teleport,Flash,Smite,Flash,Teleport,Flash,Teleport,Flash,Ignite,Flash,Teleport,Flash,Smite,Teleport,Flash,Flash,Barrier,Ignite,Flash,1,3,4,0,3,0
https://www.op.gg/summoners/euw/yuqi-golem/matches/uRd1PvnOddr4u89b6LOjKPvnPQVeZNBhcJ7su772mKw%3D/1733076088000,0,27,29,29,27,55,45,81,85,26,25,0,3,0,1,4,7,0,4,61698,63768,15.0,16.0,1015,971,31.900000000000002,30.6,-2070,2070,1940.188679245283,2005.2830188679245,Renekton,Viego,Vex,Ashe,Vel'Koz,Aatrox,Lee Sin,Ahri,Corki,Nami,Doran's Blade,Sterak's Gage,Spirit Visage,Dead Man's Plate,Plated Steelcaps,Eclipse,Oracle Lens,Titanic Hydra,Kraken Slayer,Plated Steelcaps,Sterak's Gage,No_Item,Dagger,Oracle Lens,Shadowflame,Luden's Companion,Shattered Armguard,Needlessly Large Rod,Sorcerer's Shoes,Control Ward,Stealth Ward,Doran's Blade,Executioner's Calling,Statikk Shiv,Phantom Dancer,Wit's End,Berserker's Greaves,Farsight Alteration,Horizon Focus,Liandry's Torment,Sorcerer's Shoes,Zaz'Zak's Realmspike,No_Item,Shadowflame,Oracle Lens,Spear of Shojin,Sundered Sky,Plated Steelcaps,Doran's Shield,Executioner's Calling,Tunneler,Oracle Lens,Control Ward,Eclipse,Sundered Sky,Long Sword,Mercury's Treads,Sterak's Gage,Stealth Ward,Horizon Focus,Rabadon's Deathcap,Dark Seal,Malignance,Sorcerer's Shoes,Blighting Jewel,Farsight Alteration,Mortal Reminder,Essence Reaver,No_Item,Plated Steelcaps,Trinity Force,Infinity Edge,Farsight Alteration,Ionian Boots of Lucidity,Solstice Sleigh,Mikael's Blessing,Imperial Mandate,Dawncore,Dark Seal,Oracle Lens,Conqueror,Resolve,Conqueror,Inspiration,Electrocute,Sorcery,Press the Attack,Inspiration,Dark Harvest,Sorcery,Conqueror,Resolve,Conqueror,Inspiration,Electrocute,Sorcery,Conqueror,Inspiration,Summon Aery,Domination,Flash,Teleport,Flash,Smite,Teleport,Flash,Barrier,Flash,Heal,Flash,Teleport,Flash,Smite,Flash,Flash,Teleport,Barrier,Flash,Heal,Flash,1,2,0,0,4,1
https://www.op.gg/summoners/euw/yuqi-golem/matches/uRd1PvnOddqSBTAOI4Ca3i8ntlE_tCK0530hYgnLHeQ%3D/1733073905000,1,33,25,25,33,32,35,41,60,21,10,4,0,0,0,6,2,4,0,57592,49292,14.0,13.2,887,754,34.3,29.1,8300,-8300,2235.3059360730595,1913.1598173515981,Renekton,Shaco,Akali,Ezreal,Heimerdinger,Yone,Graves,Orianna,Ashe,Seraphine,Spear of Shojin,Eclipse,Plated Steelcaps,Dead Man's Plate,Spirit Visage,Tunneler,Oracle Lens,Ionian Boots of Lucidity,Blackfire Torch,Liandry's Torment,Shadowflame,No_Item,No_Item,Oracle Lens,Needlessly Large Rod,Hextech Rocketbelt,Amplifying Tome,Sorcerer's Shoes,Lich Bane,Needlessly Large Rod,Oracle Lens,Ionian Boots of Lucidity,Doran's Blade,No_Item,Muramana,Trinity Force,Serylda's Grudge,Farsight Alteration,Sorcerer's Shoes,Blackfire Torch,Zaz'Zak's Realmspike,Needlessly Large Rod,Amplifying Tome,Oblivion Orb,Oracle Lens,Berserker's Greaves,Blade of The Ruined King,Stridebreaker,Doran's Shield,Recurve Bow,No_Item,Farsight Alteration,Youmuu's Ghostblade,Mercury's Treads,Control Ward,The Collector,No_Item,Mortal Reminder,Oracle Lens,Aether Wisp,Refillable Potion,Zhonya's Hourglass,Dark Seal,Ionian Boots of Lucidity,Luden's Companion,Farsight Alteration,Infinity Edge,Berserker's Greaves,Kraken Slayer,Phantom Dancer,Vampiric Scepter,No_Item,Farsight Alteration,Solstice Sleigh,Redemption,No_Item,Moonstone Renewer,Ionian Boots of Lucidity,Null-Magic Mantle,Oracle Lens,Conqueror,Resolve,Electrocute,Inspiration,Electrocute,Resolve,Conqueror,Sorcery,Conqueror,Sorcery,Lethal Tempo,Resolve,Dark Harvest,Precision,Summon Aery,Precision,Lethal Tempo,Inspiration,Summon Aery,Resolve,Flash,Teleport,Ignite,Smite,Flash,Teleport,Cleanse,Flash,Flash,Ignite,Teleport,Flash,Smite,Flash,Flash,Teleport,Barrier,Flash,Flash,Heal,1,6,0,0,0,0
https://www.op.gg/summoners/euw/yuqi-golem/matches/uRd1PvnOddq1p13CR_IBMzmZZ4NL5pSzOnzdDD7VwIs%3D/1733071984000,1,40,38,39,40,68,57,108,90,34,38,1,3,2,0,11,6,3,3,74020,65263,16.6,15.4,986,909,31.9,29.5,8757,-8757,2382.2528735632186,2100.418390804598,Gnar,Gragas,Yone,Kai'Sa,Pyke,Viego,Elise,Aurora,Jhin,Bard,Wit's End,Doran's Blade,Trinity Force,Black Cleaver,Plated Steelcaps,Tunneler,Stealth Ward,Zhonya's Hourglass,Sorcerer's Shoes,No_Item,Lich Bane,Shadowflame,No_Item,Oracle Lens,No_Item,Berserker's Greaves,Infinity Edge,Immortal Shieldbow,Blade of The Ruined King,Death's Dance,Farsight Alteration,Berserker's Greaves,Statikk Shiv,Zhonya's Hourglass,Nashor's Tooth,Blighting Jewel,Guinsoo's Rageblade,Farsight Alteration,Bloodsong,Youmuu's Ghostblade,No_Item,Synchronized Souls,Edge of Night,Umbral Glaive,Oracle Lens,Titanic Hydra,Kraken Slayer,Wit's End,Sundered Sky,Warden's Mail,Plated Steelcaps,Stealth Ward,Sorcerer's Shoes,No_Item,Dark Seal,Stormsurge,Shadowflame,Rabadon's Deathcap,Oracle Lens,Rabadon's Deathcap,Shadowflame,Seeker's Armguard,No_Item,Sorcerer's Shoes,Malignance,Oracle Lens,Doran's Blade,The Collector,Plated Steelcaps,Infinity Edge,Lord Dominik's Regards,Rapid Firecannon,Farsight Alteration,Bloodsong,Locket of the Iron Solari,Redemption,Control Ward,Giant's Belt,Boots of Swiftness,Oracle Lens,Grasp of the Undying,Precision,Dark Harvest,Inspiration,Lethal Tempo,Resolve,Lethal Tempo,Inspiration,Hail of Blades,Sorcery,Conqueror,Resolve,Dark Harvest,Precision,Electrocute,Sorcery,Dark Harvest,Precision,Guardian,Domination,Flash,Teleport,Flash,Smite,Flash,Teleport,Cleanse,Flash,Flash,Ignite,Flash,Teleport,Smite,Flash,Flash,Teleport,Flash,Barrier,Ignite,Flash,0,1,2,1,5,0
https://www.op.gg/summoners/euw/yuqi-golem/matches/uRd1PvnOddoq8PdIwQfOtFfuNxGg_G6WWIpsOa9oho0%3D/1733069637000,1,18,6,6,18,4,26,33,32,6,1,1,1,0,0,3,0,1,1,35727,26054,10.6,9.6,573,479,35.1,29.3,9673,-9673,2174.6869565217394,1585.8956521739133,Gnar,Viego,Ahri,Ezreal,Nami,Ornn,Skarner,Kayle,Ashe,Lulu,Phage,Trinity Force,Boots of Swiftness,No_Item,Doran's Blade,Pickaxe,Stealth Ward,Sundered Sky,Kraken Slayer,No_Item,Ruby Crystal,Plated Steelcaps,No_Item,Oracle Lens,Doran's Ring,Malignance,Dark Seal,Fated Ashes,Ionian Boots of Lucidity,Amplifying Tome,Oracle Lens,Boots,No_Item,Trinity Force,Caulfield's Warhammer,Tear of the Goddess,Doran's Blade,Farsight Alteration,Echoes of Helia,Control Ward,Solstice Sleigh,Ionian Boots of Lucidity,Faerie Charm,No_Item,Oracle Lens,Plated Steelcaps,Unending Despair,Tear of the Goddess,Cloth Armor,No_Item,Doran's Shield,Stealth Ward,Gustwalker Hatchling,Heartsteel,Unending Despair,Slightly Magical Footwear,No_Item,No_Item,Oracle Lens,Nashor's Tooth,Dark Seal,Boots of Swiftness,No_Item,No_Item,No_Item,Farsight Alteration,Doran's Blade,Hearthbound Axe,Dagger,Berserker's Greaves,Recurve Bow,Rectrix,Stealth Ward,Dream Maker,Bandleglass Mirror,Ionian Boots of Lucidity,Dark Seal,Kindlegem,No_Item,Oracle Lens,Grasp of the Undying,Precision,Conqueror,Inspiration,Electrocute,Sorcery,Press the Attack,Inspiration,Summon Aery,Precision,Grasp of the Undying,Inspiration,Grasp of the Undying,Inspiration,Press the Attack,Sorcery,Lethal Tempo,Inspiration,Summon Aery,Inspiration,Flash,Teleport,Smite,Flash,Flash,Teleport,Cleanse,Flash,Flash,Heal,Teleport,Flash,Flash,Smite,Flash,Teleport,Barrier,Flash,Flash,Heal,1,3,0,0,3,0
https://www.op.gg/summoners/euw/yuqi-golem/matches/uRd1PvnOddrvqgtrv7RBWn94MC1zSHEEGCtMxZxnCz4%3D/1733066161000,1,20,7,7,20,9,29,31,31,2,4,0,2,0,0,3,1,0,2,34469,26054,10.2,9.2,495,460,31.0,28.7,8415,-8415,2150.3596330275227,1625.3871559633026,Jax,Nunu & Willump,Sylas,Ashe,Pyke,Gnar,Viego,Pantheon,Jhin,Thresh,Plated Steelcaps,Trinity Force,Amplifying Tome,Amplifying Tome,Cloth Armor,Doran's Shield,Stealth Ward,Warden's Mail,Mejai's Soulstealer,Cloth Armor,Cloth Armor,Sunfire Aegis,Plated Steelcaps,Oracle Lens,Plated Steelcaps,Hextech Rocketbelt,Doran's Ring,Haunting Guise,Dark Seal,No_Item,Stealth Ward,Kraken Slayer,Zeal,Refillable Potion,No_Item,Berserker's Greaves,No_Item,Stealth Ward,Bloodsong,Youmuu's Ghostblade,Control Ward,Plated Steelcaps,Long Sword,Long Sword,Oracle Lens,Doran's Blade,Trinity Force,Ruby Crystal,Plated Steelcaps,No_Item,No_Item,Stealth Ward,Gustwalker Hatchling,Kraken Slayer,Slightly Magical Footwear,Tunneler,No_Item,No_Item,Stealth Ward,Eclipse,Refillable Potion,Control Ward,Long Sword,Boots,Long Sword,Stealth Ward,Doran's Blade,Boots of Swiftness,Statikk Shiv,Pickaxe,Cloak of Agility,No_Item,Stealth Ward,Runic Compass,No_Item,Null-Magic Mantle,Kindlegem,Boots of Swiftness,Cloth Armor,Oracle Lens,Grasp of the Undying,Sorcery,Phase Rush,Precision,Conqueror,Resolve,Lethal Tempo,Inspiration,Hail of Blades,Sorcery,Grasp of the Undying,Precision,Conqueror,Inspiration,Press the Attack,Sorcery,Fleet Footwork,Inspiration,Aftershock,Inspiration,Teleport,Flash,Smite,Flash,Flash,Teleport,Barrier,Flash,Ignite,Flash,Flash,Teleport,Smite,Flash,Flash,Teleport,Cleanse,Flash,Ignite,Flash,0,6,0,0,0,0
https://www.op.gg/summoners/euw/yuqi-golem/matches/uRd1PvnOddrI0bdcgaCWk43wlN0Tf5UOs2U8C1g1cJg%3D/1733064643000,1,16,4,4,16,5,26,30,33,11,6,1,1,0,0,1,0,1,1,29918,24626,9.6,9.0,483,471,31.7,30.900000000000002,5292,-5292,1963.3687499999999,1616.08125,Ambessa,Graves,Twitch,Jinx,Thresh,Zac,Viego,Gragas,Aphelios,Renata Glasc,Eclipse,Pickaxe,Mercury's Treads,Doran's Shield,No_Item,No_Item,Farsight Alteration,No_Item,Boots,Youmuu's Ghostblade,Serrated Dirk,No_Item,No_Item,Oracle Lens,Doran's Ring,Dark Seal,Needlessly Large Rod,Haunting Guise,Nashor's Tooth,Boots,Farsight Alteration,Doran's Blade,Berserker's Greaves,Yun Tal Wildarrows,No_Item,No_Item,No_Item,Stealth Ward,Solstice Sleigh,Boots of Swiftness,Cloth Armor,Control Ward,Kindlegem,Null-Magic Mantle,Oracle Lens,Doran's Shield,Spirit Visage,Ionian Boots of Lucidity,No_Item,No_Item,No_Item,Stealth Ward,Kraken Slayer,Gustwalker Hatchling,Boots of Swiftness,Long Sword,No_Item,No_Item,Oracle Lens,Doran's Ring,Winter's Approach,Refillable Potion,Ionian Boots of Lucidity,Ruby Crystal,No_Item,Oracle Lens,Doran's Blade,The Collector,B. F. Sword,Boots of Swiftness,No_Item,No_Item,Stealth Ward,Celestial Opposition,Null-Magic Mantle,Ionian Boots of Lucidity,Kindlegem,Cloth Armor,No_Item,Oracle Lens,Conqueror,Resolve,Dark Harvest,Precision,Hail of Blades,Precision,Lethal Tempo,Sorcery,Aftershock,Inspiration,Grasp of the Undying,Precision,Conqueror,Inspiration,Grasp of the Undying,Sorcery,Press the Attack,Sorcery,Guardian,Domination,Ignite,Teleport,Flash,Smite,Flash,Ignite,Flash,Barrier,Ignite,Flash,Teleport,Flash,Flash,Smite,Flash,Teleport,Flash,Barrier,Flash,Heal,0,6,0,0,0,0
https://www.op.gg/summoners/euw/yuqi-golem/matches/uRd1PvnOddpYCXY507UF_e7JkxYdM3uDnPz_ufH1ZyQ%3D/1733063364000,1,30,18,18,30,32,75,70,88,39,25,1,2,1,0,10,2,2,2,63535,54060,15.2,14.0,867,890,27.9,28.7,9475,-9475,2053.656565656566,1747.3939393939395,Sion,Morgana,Yone,Jinx,Bard,Gragas,Skarner,Yasuo,Caitlyn,Nami,Chain Vest,Randuin's Omen,Unending Despair,Hollow Radiance,Plated Steelcaps,Giant's Belt,Oracle Lens,No_Item,Seeker's Armguard,Rabadon's Deathcap,Horizon Focus,Sorcerer's Shoes,Liandry's Torment,Oracle Lens,Berserker's Greaves,Kraken Slayer,Randuin's Omen,Immortal Shieldbow,Pickaxe,Cloak of Agility,Oracle Lens,No_Item,Berserker's Greaves,Last Whisper,Infinity Edge,Executioner's Calling,The Collector,Farsight Alteration,Bloodsong,Locket of the Iron Solari,Redemption,Boots of Swiftness,Kindlegem,Chain Vest,Oracle Lens,Doran's Ring,Seraph's Embrace,Ionian Boots of Lucidity,Cosmic Drive,Cloth Armor,No_Item,Oracle Lens,Sterak's Gage,Heartsteel,Kindlegem,Plated Steelcaps,Ruby Crystal,No_Item,Oracle Lens,Blade of The Ruined King,Immortal Shieldbow,Infinity Edge,Berserker's Greaves,Steel Sigil,Long Sword,Farsight Alteration,Boots,The Collector,Immortal Shieldbow,Lord Dominik's Regards,Infinity Edge,Long Sword,Farsight Alteration,Boots of Swiftness,Solstice Sleigh,Bandleglass Mirror,Ardent Censer,Kindlegem,Imperial Mandate,Oracle Lens,Grasp of the Undying,Inspiration,Dark Harvest,Precision,Lethal Tempo,Resolve,Lethal Tempo,Sorcery,Fleet Footwork,Resolve,Phase Rush,Inspiration,Aftershock,Inspiration,Lethal Tempo,Resolve,Hail of Blades,Sorcery,Summon Aery,Domination,Flash,Teleport,Flash,Smite,Flash,Teleport,Barrier,Flash,Ignite,Flash,Flash,Teleport,Flash,Smite,Teleport,Flash,Ghost,Flash,Flash,Heal,1,6,2,0,0,0
https://www.op.gg/summoners/euw/yuqi-golem/matches/uRd1PvnOddqZF2_F3LCrJoEmkBlTFHfj4C2H2y6qD0A%3D/1733006598000,1,18,5,5,18,4,26,38,41,14,8,1,1,0,0,4,1,1,1,36248,28976,11.0,10.2,588,554,31.6,29.6,7272,-7272,1936.916030534351,1548.3358778625952,K'Sante,Kha'Zix,Hwei,Ashe,Karma,Gragas,Skarner,Syndra,Kalista,Renata Glasc,Mercury's Treads,Ruby Crystal,Kaenic Rookern,Chain Vest,Doran's Shield,Kindlegem,Stealth Ward,Opportunity,Control Ward,Youmuu's Ghostblade,Ruby Crystal,Mercury's Treads,No_Item,Oracle Lens,Doran's Ring,Refillable Potion,Dark Seal,Fated Ashes,Blackfire Torch,Boots,Stealth Ward,Doran's Blade,Kraken Slayer,Berserker's Greaves,Phantom Dancer,B. F. Sword,Cloak of Agility,Farsight Alteration,Zaz'Zak's Realmspike,Malignance,Ionian Boots of Lucidity,Imperial Mandate,No_Item,Control Ward,Oracle Lens,Doran's Ring,Seraph's Embrace,Amplifying Tome,Refillable Potion,Ionian Boots of Lucidity,No_Item,Stealth Ward,Tunneler,Heartsteel,No_Item,No_Item,Plated Steelcaps,No_Item,Oracle Lens,Luden's Companion,Cosmic Drive,Refillable Potion,Ionian Boots of Lucidity,Dark Seal,No_Item,Stealth Ward,Doran's Blade,Blade of The Ruined King,Berserker's Greaves,Control Ward,No_Item,No_Item,Farsight Alteration,Celestial Opposition,Ionian Boots of Lucidity,Locket of the Iron Solari,No_Item,No_Item,No_Item,Oracle Lens,Aftershock,Inspiration,Conqueror,Inspiration,Arcane Comet,Precision,Lethal Tempo,Inspiration,Arcane Comet,Inspiration,Grasp of the Undying,Sorcery,Aftershock,Inspiration,Arcane Comet,Inspiration,Press the Attack,Domination,Guardian,Domination,Flash,Teleport,Smite,Ghost,Teleport,Flash,Flash,Barrier,Flash,Heal,Flash,Teleport,Smite,Flash,Teleport,Flash,Flash,Barrier,Flash,Heal,0,0,0,1,6,0
https://www.op.gg/summoners/euw/yuqi-golem/matches/uRd1PvnOddrzto2eiR8R_dnGDUuCPlnm0dv0h1ZBaxU%3D/1733004901000,0,21,32,32,22,67,34,71,59,18,19,0,3,0,1,5,6,0,4,51600,57019,13.2,14.4,816,779,30.7,29.4,-5419,5419,1930.8387096774193,2133.614193548387,Riven,Elise,Tristana,Karthus,Rell,Gragas,Viego,Ahri,Corki,Soraka,Mercury's Treads,Eclipse,Sundered Sky,Long Sword,Doran's Shield,Pickaxe,Oracle Lens,Control Ward,Banshee's Veil,Stormsurge,Liandry's Torment,Sorcerer's Shoes,No_Item,Oracle Lens,Doran's Blade,Infinity Edge,The Collector,Berserker's Greaves,Navori Flickerblade,Cloak of Agility,Farsight Alteration,Blackfire Torch,Needlessly Large Rod,Sorcerer's Shoes,Oblivion Orb,Shadowflame,Amplifying Tome,Farsight Alteration,Bloodsong,Null-Magic Mantle,Zeke's Convergence,Ionian Boots of Lucidity,Kindlegem,Bramble Vest,Oracle Lens,Fimbulwinter,Cosmic Drive,Plated Steelcaps,Doran's Ring,Negatron Cloak,Cloth Armor,Oracle Lens,Titanic Hydra,Kraken Slayer,Tunneler,Pickaxe,Ruby Crystal,Mercury's Treads,Oracle Lens,Doran's Ring,Shadowflame,Malignance,Dark Seal,Sorcerer's Shoes,Needlessly Large Rod,Oracle Lens,Trinity Force,Doran's Blade,Muramana,Boots of Swiftness,The Collector,B. F. Sword,Farsight Alteration,Dream Maker,No_Item,Redemption,Ruby Crystal,Moonstone Renewer,Ionian Boots of Lucidity,Oracle Lens,Conqueror,Inspiration,Dark Harvest,Precision,Press the Attack,Resolve,Dark Harvest,Precision,Aftershock,Inspiration,Grasp of the Undying,Sorcery,Conqueror,Inspiration,Electrocute,Sorcery,Conqueror,Inspiration,Summon Aery,Resolve,Flash,Teleport,Smite,Flash,Teleport,Flash,Flash,Exhaust,Flash,Ignite,Flash,Teleport,Flash,Smite,Flash,Teleport,Flash,Cleanse,Flash,Heal,1,3,0,0,3,0
https://www.op.gg/summoners/euw/yuqi-golem/matches/uRd1PvnOddpWZGtOUHV28emB3Vi0jZVC_ld-Ku8pvyo%3D/1732997339000,0,16,34,34,16,70,22,61,87,26,23,0,4,0,1,3,11,0,5,48109,60539,13.2,14.6,752,840,26.8,29.9,-12430,12430,1719.8386473429953,2164.1961352657004,Gragas,Skarner,Aurora,Jinx,Thresh,Riven,Vi,Smolder,Hwei,Rakan,Hextech Rocketbelt,Seeker's Armguard,Fimbulwinter,Cosmic Drive,Ionian Boots of Lucidity,No_Item,Oracle Lens,Sterak's Gage,Heartsteel,Mercury's Treads,Null-Magic Mantle,Ruby Crystal,No_Item,Oracle Lens,Doran's Ring,Cosmic Drive,Zhonya's Hourglass,Sorcerer's Shoes,Malignance,No_Item,Farsight Alteration,Doran's Blade,Infinity Edge,Berserker's Greaves,The Collector,Cloak of Agility,No_Item,Farsight Alteration,Celestial Opposition,Locket of the Iron Solari,Control Ward,Ionian Boots of Lucidity,Forbidden Idol,Kindlegem,Oracle Lens,Death's Dance,Black Cleaver,No_Item,Mercury's Treads,Sundered Sky,No_Item,Stealth Ward,Black Cleaver,Sundered Sky,No_Item,Mercury's Treads,Sterak's Gage,Null-Magic Mantle,Oracle Lens,Last Whisper,Ionian Boots of Lucidity,Essence Reaver,Rapid Firecannon,Spear of Shojin,Noonquiver,Farsight Alteration,Liandry's Torment,Blackfire Torch,Void Staff,Sorcerer's Shoes,Dark Seal,Control Ward,Farsight Alteration,Locket of the Iron Solari,Solstice Sleigh,Mercury's Treads,Zeke's Convergence,Ruby Crystal,No_Item,Oracle Lens,Grasp of the Undying,Sorcery,Grasp of the Undying,Inspiration,Electrocute,Sorcery,Lethal Tempo,Sorcery,Aftershock,Inspiration,Conqueror,Resolve,Conqueror,Inspiration,Grasp of the Undying,Inspiration,Arcane Comet,Precision,Guardian,Domination,Flash,Teleport,Smite,Flash,Teleport,Flash,Flash,Barrier,Ignite,Flash,Flash,Teleport,Flash,Smite,Teleport,Flash,Flash,Teleport,Heal,Flash,0,6,0,1,0,3
https://www.op.gg/summoners/euw/yuqi-golem/matches/uRd1PvnOddre9DzIw1pUjzF9bPzsOIcWQQQ3E_jFPXs%3D/1732994501000,1,30,18,19,30,27,63,71,60,22,15,4,0,1,0,8,6,5,0,59201,50667,14.8,13.4,824,808,30.599999999999998,30.0,8534,-8534,2192.6296296296296,1876.5555555555557,Gnar,Nidalee,Twisted Fate,Kalista,Braum,Fiora,Viego,Ryze,Jinx,Sett,Doran's Blade,Plated Steelcaps,Trinity Force,Phage,Kindlegem,Sterak's Gage,Stealth Ward,Zhonya's Hourglass,Hextech Rocketbelt,Dark Seal,Shadowflame,Amplifying Tome,Sorcerer's Shoes,Oracle Lens,Rod of Ages,Lich Bane,Rapid Firecannon,Dark Seal,Amplifying Tome,Plated Steelcaps,Farsight Alteration,Doran's Blade,Blade of The Ruined King,Berserker's Greaves,Guinsoo's Rageblade,Terminus,Giant's Belt,Farsight Alteration,Locket of the Iron Solari,Celestial Opposition,No_Item,Chain Vest,Plated Steelcaps,Kindlegem,Oracle Lens,Ravenous Hydra,Plated Steelcaps,Trinity Force,Doran's Blade,Long Sword,Long Sword,Stealth Ward,Sterak's Gage,Kraken Slayer,Negatron Cloak,Recurve Bow,Mercury's Treads,Recurve Bow,Oracle Lens,Seraph's Embrace,Zhonya's Hourglass,Mercury's Treads,Cosmic Drive,Needlessly Large Rod,Control Ward,Farsight Alteration,Cloak of Agility,Serrated Dirk,Doran's Blade,Infinity Edge,Yun Tal Wildarrows,Berserker's Greaves,Stealth Ward,Boots of Swiftness,Stridebreaker,Kindlegem,Long Sword,Bloodsong,Ruby Crystal,Oracle Lens,Grasp of the Undying,Precision,Dark Harvest,Precision,Unsealed Spellbook,Resolve,Lethal Tempo,Domination,Guardian,Inspiration,Press the Attack,Sorcery,Conqueror,Inspiration,Phase Rush,Inspiration,Lethal Tempo,Sorcery,Conqueror,Resolve,Flash,Teleport,Smite,Flash,Flash,Teleport,Flash,Barrier,Flash,Exhaust,Flash,Teleport,Flash,Smite,Flash,Teleport,Flash,Ghost,Ghost,Flash,0,1,2,1,5,0
https://www.op.gg/summoners/euw/yuqi-golem/matches/uRd1PvnOddr7u2EKmtIlbnVK41b_KzAw15E1734wooA%3D/1732974979000,0,20,35,35,20,49,30,81,67,16,20,0,3,0,1,3,11,0,4,47828,60530,13.4,15.2,746,895,27.7,33.1,-12702,12702,1769.6360000000002,2239.61,Renekton,Ekko,Yone,Jhin,Bard,Gragas,Graves,Sylas,Corki,Veigar,Mercury's Treads,Sterak's Gage,Black Cleaver,Doran's Shield,Null-Magic Mantle,No_Item,Farsight Alteration,Rabadon's Deathcap,Lich Bane,Dark Seal,Sorcerer's Shoes,Amplifying Tome,No_Item,Oracle Lens,Blade of The Ruined King,Berserker's Greaves,Doran's Shield,Dagger,Immortal Shieldbow,No_Item,Farsight Alteration,Lord Dominik's Regards,Statikk Shiv,Boots of Swiftness,Infinity Edge,Zeal,Scout's Slingshot,Farsight Alteration,Kindlegem,Locket of the Iron Solari,Celestial Opposition,Boots of Swiftness,No_Item,Chain Vest,Oracle Lens,Shattered Armguard,Seraph's Embrace,Ionian Boots of Lucidity,Cosmic Drive,Doran's Ring,No_Item,Oracle Lens,The Collector,Immortal Shieldbow,Youmuu's Ghostblade,Infinity Edge,Boots of Swiftness,Cloak of Agility,Oracle Lens,Needlessly Large Rod,Hextech Rocketbelt,Zhonya's Hourglass,Sorcerer's Shoes,Lich Bane,Needlessly Large Rod,Farsight Alteration,Trinity Force,Muramana,Pickaxe,Doran's Blade,No_Item,Plated Steelcaps,Farsight Alteration,Solstice Sleigh,Ardent Censer,Chain Vest,Boots of Swiftness,Ruby Crystal,Sheen,Oracle Lens,Conqueror,Resolve,Dark Harvest,Sorcery,Conqueror,Resolve,Fleet Footwork,Sorcery,Guardian,Domination,Grasp of the Undying,Sorcery,Dark Harvest,Precision,Electrocute,Resolve,Conqueror,Inspiration,Glacial Augment,Resolve,Flash,Teleport,Flash,Smite,Teleport,Flash,Flash,Barrier,Flash,Ignite,Flash,Teleport,Flash,Smite,Flash,Teleport,Teleport,Flash,Flash,Heal,0,6,0,0,0,2
https://www.op.gg/summoners/euw/yuqi-golem/matches/uRd1PvnOddqvrLBkJkwliDS_Y3SoMeBH5niOCZeobEQ%3D/1732971854000,1,22,7,7,22,15,27,36,34,10,6,1,0,0,0,3,0,1,0,33851,24251,10.2,8.6,489,378,32.1,24.7,9600,-9600,2223.788321167883,1593.131386861314,Gnar,Nidalee,Ornn,Corki,Nautilus,Darius,Viego,Sylas,Ezreal,Sona,Doran's Blade,Cull,Trinity Force,Plated Steelcaps,Winged Moonplate,Cloth Armor,Stealth Ward,Gustwalker Hatchling,No_Item,Dark Seal,Sorcerer's Shoes,Lich Bane,No_Item,Oracle Lens,Doran's Shield,Winter's Approach,Plated Steelcaps,Ruby Crystal,Bramble Vest,No_Item,Stealth Ward,Refillable Potion,Boots,Tear of the Goddess,Doran's Blade,Trinity Force,Caulfield's Warhammer,Farsight Alteration,Bloodsong,Locket of the Iron Solari,Control Ward,Chain Vest,Kindlegem,Plated Steelcaps,Oracle Lens,Phage,Refillable Potion,Doran's Shield,Long Sword,Boots of Swiftness,Long Sword,Stealth Ward,Kraken Slayer,Gustwalker Hatchling,Boots of Swiftness,Long Sword,No_Item,No_Item,Oracle Lens,Hextech Rocketbelt,Needlessly Large Rod,Aether Wisp,Slightly Magical Footwear,Dark Seal,Doran's Ring,Stealth Ward,Doran's Blade,Refillable Potion,Tear of the Goddess,Slightly Magical Footwear,Trinity Force,No_Item,Farsight Alteration,Bloodsong,Echoes of Helia,Boots,Bandleglass Mirror,No_Item,No_Item,Oracle Lens,Grasp of the Undying,Precision,Dark Harvest,Precision,Unsealed Spellbook,Resolve,Conqueror,Inspiration,Aftershock,Inspiration,Conqueror,Sorcery,Conqueror,Inspiration,Conqueror,Inspiration,Conqueror,Inspiration,Summon Aery,Resolve,Flash,Teleport,Smite,Flash,Flash,Teleport,Teleport,Flash,Flash,Ignite,Flash,Ghost,Flash,Smite,Teleport,Flash,Flash,Barrier,Flash,Heal,0,4,0,0,2,0
https://www.op.gg/summoners/euw/yuqi-golem/matches/uRd1PvnOddrz7lIpIwQCb__i6ZKfKQY4tqU59Bnhzl4%3D/1732904116000,0,18,30,30,19,67,25,66,67,27,27,0,3,0,1,4,9,0,4,56236,62659,14.4,16.0,988,969,33.4,32.7,-6423,6423,1890.90480349345,2106.874672489083,Gnar,Lillia,Talon,Caitlyn,Nautilus,Gragas,Jarvan IV,Garen,Ashe,Milio,Trinity Force,Mercury's Treads,Sterak's Gage,Doran's Shield,Pickaxe,Kindlegem,Stealth Ward,Rylai's Crystal Scepter,Sorcerer's Shoes,Zhonya's Hourglass,Dark Seal,Liandry's Torment,Blighting Jewel,Oracle Lens,Tiamat,Youmuu's Ghostblade,Serpent's Fang,Synchronized Souls,Serylda's Grudge,Edge of Night,Oracle Lens,Lord Dominik's Regards,The Collector,Berserker's Greaves,Doran's Blade,Dagger,Infinity Edge,Farsight Alteration,Bloodsong,Locket of the Iron Solari,Plated Steelcaps,Control Ward,Bramble Vest,Chain Vest,Oracle Lens,Hextech Rocketbelt,Shattered Armguard,Sorcerer's Shoes,Doran's Ring,Cosmic Drive,Seraph's Embrace,Oracle Lens,Eclipse,Sundered Sky,Frozen Heart,Ionian Boots of Lucidity,Spectre's Cowl,Control Ward,Oracle Lens,Stridebreaker,No_Item,Plated Steelcaps,Phantom Dancer,The Collector,No_Item,Stealth Ward,Kraken Slayer,Bloodthirster,Runaan's Hurricane,Berserker's Greaves,Long Sword,No_Item,Farsight Alteration,Dream Maker,Kindlegem,Ionian Boots of Lucidity,Dawncore,Forbidden Idol,Moonstone Renewer,Oracle Lens,Grasp of the Undying,Precision,Conqueror,Inspiration,Conqueror,Sorcery,Lethal Tempo,Sorcery,Glacial Augment,Resolve,Arcane Comet,Inspiration,Conqueror,Inspiration,Phase Rush,Resolve,Lethal Tempo,Inspiration,Summon Aery,Resolve,Flash,Teleport,Flash,Smite,Flash,Ignite,Flash,Barrier,Flash,Ignite,Flash,Teleport,Flash,Smite,Flash,Ignite,Barrier,Flash,Flash,Heal,1,6,0,0,0,2
https://www.op.gg/summoners/euw/yuqi-golem/matches/uRd1PvnOddp7lCnajEc0cxYmGPxVsB2pt8nnRM3cOQY%3D/1732894194000,1,33,30,30,33,55,61,86,75,31,32,1,4,0,2,9,6,1,6,66534,65588,15.8,15.6,1010,956,31.099999999999998,29.5,946,-946,2039.3563218390805,2010.360153256705,Gwen,Ambessa,Hwei,Corki,Nautilus,Aatrox,Kindred,LeBlanc,Ezreal,Tahm Kench,Void Staff,Shattered Armguard,Sorcerer's Shoes,Malignance,Rabadon's Deathcap,Nashor's Tooth,Oracle Lens,Voltaic Cyclosword,Steel Sigil,Spear of Shojin,Caulfield's Warhammer,Slightly Magical Footwear,Black Cleaver,Oracle Lens,Doran's Ring,Liandry's Torment,Blackfire Torch,Ionian Boots of Lucidity,Dark Seal,Cryptbloom,Stealth Ward,Doran's Blade,Muramana,Trinity Force,Plated Steelcaps,Executioner's Calling,Infinity Edge,Farsight Alteration,Trailblazer,Knight's Vow,Celestial Opposition,No_Item,Plated Steelcaps,Kindlegem,Oracle Lens,Mortal Reminder,Sundered Sky,Mercury's Treads,Maw of Malmortius,No_Item,No_Item,Farsight Alteration,The Collector,Kraken Slayer,Berserker's Greaves,Infinity Edge,Rapid Firecannon,Cloak of Agility,Oracle Lens,Cryptbloom,Sorcerer's Shoes,No_Item,Shadowflame,Stormsurge,Luden's Companion,Oracle Lens,Trinity Force,Muramana,Serylda's Grudge,Bloodthirster,Hexdrinker,Ionian Boots of Lucidity,Farsight Alteration,Solstice Sleigh,Plated Steelcaps,Heartsteel,Kaenic Rookern,Cloth Armor,Control Ward,Oracle Lens,Conqueror,Resolve,Conqueror,Inspiration,Summon Aery,Precision,Conqueror,Inspiration,Aftershock,Inspiration,Conqueror,Resolve,Conqueror,Domination,Electrocute,Sorcery,Conqueror,Inspiration,Guardian,Inspiration,Ghost,Teleport,Smite,Flash,Flash,Teleport,Teleport,Flash,Ignite,Flash,Flash,Teleport,Flash,Smite,Flash,Teleport,Flash,Barrier,Flash,Heal,1,5,1,0,1,0
https://www.op.gg/summoners/euw/yuqi-golem/matches/uRd1PvnOddqa3F7BzUcP0quTJE129e-Kfi2ggCrPsMg%3D/1732891737000,1,25,14,14,25,15,33,39,31,7,11,1,1,0,0,5,0,1,1,41511,31558,11.6,10.2,596,512,32.0,27.5,9953,-9953,2219.6854166666667,1687.476388888889,K'Sante,Rengar,Hwei,Karthus,Senna,Kayle,Rek'Sai,LeBlanc,Corki,Thresh,Doran's Shield,Plated Steelcaps,Iceborn Gauntlet,Unending Despair,Spectre's Cowl,Control Ward,Oracle Lens,Youmuu's Ghostblade,Edge of Night,Tiamat,Slightly Magical Footwear,Glowing Mote,No_Item,Oracle Lens,Doran's Ring,Needlessly Large Rod,Luden's Companion,Sorcerer's Shoes,Dark Seal,Needlessly Large Rod,Stealth Ward,Doran's Ring,Sorcerer's Shoes,Blackfire Torch,Dark Seal,Shadowflame,Amplifying Tome,Farsight Alteration,Boots,No_Item,Dream Maker,Umbral Glaive,Serrated Dirk,Tunneler,Oracle Lens,Doran's Blade,Nashor's Tooth,Refillable Potion,Boots of Swiftness,Amplifying Tome,No_Item,Farsight Alteration,Scorchclaw Pup,Titanic Hydra,Pickaxe,Slightly Magical Footwear,Tunneler,Ruby Crystal,Oracle Lens,Doran's Ring,Amplifying Tome,Dark Seal,Boots,Luden's Companion,Hextech Alternator,Oracle Lens,Doran's Blade,Tear of the Goddess,Refillable Potion,Trinity Force,Caulfield's Warhammer,Boots,Stealth Ward,Solstice Sleigh,Boots of Swiftness,Locket of the Iron Solari,Kindlegem,Forbidden Idol,Control Ward,Oracle Lens,Grasp of the Undying,Inspiration,Dark Harvest,Inspiration,Summon Aery,Precision,Summon Aery,Precision,Grasp of the Undying,Inspiration,Lethal Tempo,Sorcery,Press the Attack,Inspiration,Electrocute,Sorcery,Conqueror,Inspiration,Aftershock,Inspiration,Flash,Teleport,Flash,Smite,Flash,Teleport,Exhaust,Flash,Flash,Heal,Teleport,Flash,Smite,Flash,Flash,Teleport,Flash,Cleanse,Flash,Ignite,0,0,0,0,4,0
https://www.op.gg/summoners/euw/yuqi-golem/matches/uRd1PvnOddrnTBLYrYjM3BxKE9uAPNTk9ateFGSY4fQ%3D/1732874039000,0,24,48,48,25,58,35,51,37,5,13,1,3,0,1,1,11,1,4,48213,64156,13.4,15.6,647,837,25.0,32.2,-15943,15943,1848.945145631068,2460.3514563106796,Ambessa,Graves,Varus,Akali,Veigar,Gnar,Udyr,Zed,Karthus,Leona,Spear of Shojin,Eclipse,Control Ward,Long Sword,Plated Steelcaps,No_Item,Stealth Ward,Youmuu's Ghostblade,Immortal Shieldbow,Control Ward,Lord Dominik's Regards,No_Item,Boots,Oracle Lens,Serylda's Grudge,Youmuu's Ghostblade,Muramana,No_Item,Boots,No_Item,Farsight Alteration,Doran's Shield,Dark Seal,Shadowflame,Lich Bane,Sorcerer's Shoes,Amplifying Tome,Oracle Lens,Hextech Rocketbelt,Zaz'Zak's Realmspike,Verdant Barrier,Cryptbloom,Control Ward,Ionian Boots of Lucidity,Oracle Lens,Plated Steelcaps,Trinity Force,Black Cleaver,Doran's Shield,Control Ward,Thornmail,Stealth Ward,Heartsteel,Liandry's Torment,Mejai's Soulstealer,Kaenic Rookern,Mercury's Treads,Chain Vest,Oracle Lens,Tunneler,Youmuu's Ghostblade,Voltaic Cyclosword,Serylda's Grudge,Ionian Boots of Lucidity,Serrated Dirk,Oracle Lens,Doran's Ring,Zhonya's Hourglass,Blasting Wand,Sorcerer's Shoes,Liandry's Torment,Blackfire Torch,Farsight Alteration,Locket of the Iron Solari,Bloodsong,Warmog's Armor,Ruby Crystal,Boots of Swiftness,No_Item,Oracle Lens,Grasp of the Undying,Domination,Dark Harvest,Precision,Arcane Comet,Precision,Conqueror,Resolve,Arcane Comet,Inspiration,Grasp of the Undying,Precision,Conqueror,Inspiration,Electrocute,Resolve,Dark Harvest,Precision,Aftershock,Inspiration,Flash,Teleport,Flash,Smite,Flash,Barrier,Teleport,Flash,Flash,Heal,Flash,Teleport,Flash,Smite,Flash,Teleport,Flash,Exhaust,Flash,Ignite,1,3,0,0,3,2
https://www.op.gg/summoners/euw/yuqi-golem/matches/uRd1PvnOddrhl_qOxJA-RtCR1N0MY2NZjpHFsmPdj2I%3D/1732871498000,0,16,31,31,18,46,21,44,42,8,7,0,2,0,0,3,3,0,2,40777,45032,11.0,12.4,593,609,27.5,28.2,-4255,4255,1894.9311764705885,2092.663529411765,Gragas,Elise,Corki,Draven,Leona,Yasuo,Graves,Ornn,Seraphine,Bard,Hextech Rocketbelt,Seraph's Embrace,Doran's Ring,Sorcerer's Shoes,Blasting Wand,Blighting Jewel,Oracle Lens,Scorchclaw Pup,Stormsurge,Needlessly Large Rod,Dark Seal,Hextech Alternator,Sorcerer's Shoes,Oracle Lens,Trinity Force,Tear of the Goddess,Refillable Potion,Plated Steelcaps,Caulfield's Warhammer,Long Sword,Farsight Alteration,Infinity Edge,The Collector,Berserker's Greaves,Doran's Blade,Vampiric Scepter,Cloak of Agility,Farsight Alteration,Locket of the Iron Solari,Boots of Swiftness,Kindlegem,Cloth Armor,No_Item,Celestial Opposition,Oracle Lens,Doran's Shield,Berserker's Greaves,Kraken Slayer,Noonquiver,No_Item,Cloak of Agility,Stealth Ward,The Collector,Youmuu's Ghostblade,Mercury's Treads,Cloak of Agility,No_Item,No_Item,Oracle Lens,Unending Despair,Spectre's Cowl,Refillable Potion,Doran's Shield,Ruby Crystal,Plated Steelcaps,Farsight Alteration,Seraph's Embrace,Liandry's Torment,Doran's Ring,Ionian Boots of Lucidity,Dark Seal,Blackfire Torch,Farsight Alteration,Dead Man's Plate,Mercury's Treads,Bloodsong,Statikk Shiv,Warden's Mail,Giant's Belt,Oracle Lens,Phase Rush,Inspiration,Dark Harvest,Precision,Conqueror,Inspiration,Lethal Tempo,Sorcery,Aftershock,Inspiration,Lethal Tempo,Resolve,Dark Harvest,Precision,Unsealed Spellbook,Resolve,Summon Aery,Precision,Guardian,Inspiration,Flash,Teleport,Flash,Smite,Flash,Teleport,Flash,Cleanse,Flash,Ignite,Flash,Teleport,Flash,Smite,Flash,Teleport,Flash,Teleport,Ignite,Flash,0,6,0,0,0,0
https://www.op.gg/summoners/euw/yuqi-golem/matches/uRd1PvnOddqDvQswwXfoP4Z7Qo604fbRIZQCoCtQSWk%3D/1732869548000,0,33,45,45,33,62,51,64,63,19,24,0,4,0,2,3,10,0,6,60474,70172,14.8,16.4,833,887,26.3,28.0,-9698,9698,1899.846902654867,2204.5185840707964,Gnar,Hecarim,Zoe,Brand,Nami,Jayce,Zyra,Viego,Jhin,Bard,Trinity Force,Sterak's Gage,Plated Steelcaps,Abyssal Mask,Warden's Mail,Giant's Belt,Oracle Lens,Spear of Shojin,Eclipse,Ionian Boots of Lucidity,Black Cleaver,Zeke's Convergence,Pickaxe,Stealth Ward,Dark Seal,Zhonya's Hourglass,Blighting Jewel,Sorcerer's Shoes,Horizon Focus,Luden's Companion,Oracle Lens,Amplifying Tome,Blackfire Torch,Ionian Boots of Lucidity,Liandry's Torment,Rylai's Crystal Scepter,No_Item,Farsight Alteration,Dream Maker,Control Ward,Imperial Mandate,Staff of Flowing Water,Ionian Boots of Lucidity,Kindlegem,Oracle Lens,Youmuu's Ghostblade,Opportunity,Ionian Boots of Lucidity,Serylda's Grudge,Muramana,Eclipse,Oracle Lens,Liandry's Torment,Zhonya's Hourglass,Control Ward,Rylai's Crystal Scepter,Sorcerer's Shoes,Blighting Jewel,Oracle Lens,Sundered Sky,Kraken Slayer,Mercury's Treads,Control Ward,Sterak's Gage,No_Item,Stealth Ward,Infinity Edge,Youmuu's Ghostblade,Mortal Reminder,Boots of Swiftness,The Collector,Cloak of Agility,Farsight Alteration,Dead Man's Plate,Kaenic Rookern,Bloodsong,Statikk Shiv,Slightly Magical Footwear,Ruby Crystal,Oracle Lens,Grasp of the Undying,Precision,Phase Rush,Precision,Electrocute,Inspiration,Arcane Comet,Domination,Summon Aery,Inspiration,Conqueror,Inspiration,Arcane Comet,Precision,Conqueror,Resolve,Dark Harvest,Precision,Guardian,Inspiration,Flash,Teleport,Ghost,Smite,Flash,Ignite,Flash,Teleport,Flash,Heal,Flash,Teleport,Flash,Smite,Flash,Ignite,Flash,Cleanse,Ignite,Flash,1,5,0,0,1,1
https://www.op.gg/summoners/euw/yuqi-golem/matches/uRd1PvnOddpEuee-K8sRz4lBiho3kL8fO4lmX5Mk3Kg%3D/1732867045000,0,8,18,18,8,30,8,36,30,5,5,0,2,0,0,2,3,0,2,28341,32361,9.4,9.8,482,441,29.5,26.9,-4020,4020,1724.0774999999999,1968.6274999999998,Ambessa,Diana,Gragas,Aphelios,Zilean,Kassadin,Viego,Nunu & Willump,Corki,Lulu,Eclipse,Long Sword,Refillable Potion,Mercury's Treads,Doran's Blade,No_Item,Stealth Ward,Hextech Rocketbelt,Gustwalker Hatchling,Shattered Armguard,Dark Seal,Slightly Magical Footwear,Amplifying Tome,Oracle Lens,Aether Wisp,Fiendish Codex,Seraph's Embrace,Sorcerer's Shoes,Doran's Ring,Kindlegem,Stealth Ward,Doran's Blade,Berserker's Greaves,Cull,Yun Tal Wildarrows,No_Item,No_Item,Farsight Alteration,Solstice Sleigh,Ionian Boots of Lucidity,Aether Wisp,Bandleglass Mirror,No_Item,No_Item,Oracle Lens,Rod of Ages,Tear of the Goddess,No_Item,No_Item,No_Item,Boots,Farsight Alteration,Gustwalker Hatchling,Kraken Slayer,Titanic Hydra,Ruby Crystal,Slightly Magical Footwear,No_Item,Eye of the Herald,Doran's Ring,Sorcerer's Shoes,Dark Seal,Rod of Ages,Ruby Crystal,Amplifying Tome,Stealth Ward,Doran's Blade,Manamune,Trinity Force,No_Item,No_Item,Slightly Magical Footwear,Farsight Alteration,Dream Maker,Ionian Boots of Lucidity,Forbidden Idol,Moonstone Renewer,No_Item,No_Item,Oracle Lens,Conqueror,Domination,Conqueror,Inspiration,Phase Rush,Inspiration,Press the Attack,Sorcery,Summon Aery,Domination,Conqueror,Resolve,Conqueror,Inspiration,Electrocute,Sorcery,Conqueror,Inspiration,Summon Aery,Resolve,Flash,Teleport,Flash,Smite,Flash,Teleport,Flash,Barrier,Flash,Heal,Teleport,Flash,Smite,Flash,Flash,Ignite,Flash,Barrier,Flash,Heal,0,3,0,1,3,0
https://www.op.gg/summoners/euw/yuqi-golem/matches/uRd1PvnOddq-z6dJVoMB8nzegIiZNCWJsSua-jcztNw%3D/1732770894000,1,35,19,19,35,25,71,50,41,9,13,2,1,1,0,10,3,3,1,54230,40566,13.6,11.6,736,555,32.3,24.3,13664,-13664,2382.35838150289,1782.0901734104045,Jayce,Viego,Ahri,Ashe,Renata Glasc,Malphite,Sejuani,Mordekaiser,Kalista,Pantheon,Doran's Blade,Muramana,No_Item,Ionian Boots of Lucidity,Opportunity,Last Whisper,Oracle Lens,Black Cleaver,Titanic Hydra,Tunneler,Mercury's Treads,Pickaxe,Kraken Slayer,Oracle Lens,Needlessly Large Rod,Shattered Armguard,Sorcerer's Shoes,Liandry's Torment,Dark Seal,Malignance,Farsight Alteration,Kraken Slayer,Berserker's Greaves,Pickaxe,Lord Dominik's Regards,Cloak of Agility,B. F. Sword,Stealth Ward,Solstice Sleigh,Redemption,Mikael's Blessing,Ionian Boots of Lucidity,Ruby Crystal,No_Item,Oracle Lens,Warden's Mail,Sunfire Aegis,Thornmail,Plated Steelcaps,Negatron Cloak,Doran's Ring,Stealth Ward,No_Item,Control Ward,Giant's Belt,Frozen Heart,Zeke's Convergence,Plated Steelcaps,Oracle Lens,Warden's Mail,Doran's Shield,Amplifying Tome,Rylai's Crystal Scepter,Plated Steelcaps,Liandry's Torment,Stealth Ward,Recurve Bow,Blade of The Ruined King,Berserker's Greaves,Doran's Blade,Guinsoo's Rageblade,No_Item,Farsight Alteration,Youmuu's Ghostblade,Refillable Potion,Bloodsong,Long Sword,Ionian Boots of Lucidity,No_Item,Oracle Lens,Conqueror,Inspiration,Conqueror,Inspiration,Summon Aery,Precision,Lethal Tempo,Inspiration,Guardian,Domination,Arcane Comet,Resolve,Aftershock,Precision,Conqueror,Resolve,Lethal Tempo,Domination,Press the Attack,Domination,Flash,Teleport,Smite,Flash,Teleport,Flash,Flash,Barrier,Flash,Heal,Teleport,Flash,Smite,Flash,Ghost,Flash,Cleanse,Flash,Flash,Ignite,0,4,2,1,2,0
https://www.op.gg/summoners/euw/yuqi-golem/matches/uRd1PvnOddqsOofaodjU_3ylPJBc1lFNR6WOJeVQCPg%3D/1732768650000,0,45,51,51,45,69,90,75,65,18,23,3,2,1,0,9,9,4,2,72209,75603,16.4,16.8,865,979,24.7,27.9,-3394,3394,2058.1309178743963,2154.8681159420294,Gragas,Kha'Zix,Orianna,Caitlyn,Lulu,Darius,Viego,Vladimir,Jinx,Thresh,Hextech Rocketbelt,Zhonya's Hourglass,Fimbulwinter,Needlessly Large Rod,Ionian Boots of Lucidity,Cosmic Drive,Oracle Lens,Youmuu's Ghostblade,Slightly Magical Footwear,Serylda's Grudge,Opportunity,Edge of Night,Serrated Dirk,Oracle Lens,Luden's Companion,Seraph's Embrace,Zhonya's Hourglass,Sorcerer's Shoes,Oblivion Orb,Void Staff,Farsight Alteration,Infinity Edge,Berserker's Greaves,Vampiric Scepter,The Collector,Mortal Reminder,Rapid Firecannon,Farsight Alteration,Redemption,Dream Maker,Locket of the Iron Solari,Control Ward,Moonstone Renewer,Ionian Boots of Lucidity,Oracle Lens,Doran's Shield,Sterak's Gage,Cloth Armor,Dead Man's Plate,Mercury's Treads,Trinity Force,Oracle Lens,Sundered Sky,Kraken Slayer,Plated Steelcaps,Death's Dance,Guardian Angel,No_Item,Oracle Lens,Void Staff,Zhonya's Hourglass,Sorcerer's Shoes,Cosmic Drive,Rabadon's Deathcap,Mejai's Soulstealer,Farsight Alteration,Berserker's Greaves,The Collector,Runaan's Hurricane,Infinity Edge,Bloodthirster,Immortal Shieldbow,Farsight Alteration,Solstice Sleigh,Locket of the Iron Solari,Redemption,Control Ward,Boots of Swiftness,Knight's Vow,Oracle Lens,Phase Rush,Inspiration,Dark Harvest,Inspiration,Phase Rush,Precision,Lethal Tempo,Sorcery,Summon Aery,Resolve,Conqueror,Sorcery,Conqueror,Inspiration,Phase Rush,Precision,Lethal Tempo,Domination,Guardian,Inspiration,Flash,Teleport,Smite,Flash,Flash,Teleport,Flash,Barrier,Heal,Flash,Ghost,Flash,Flash,Smite,Flash,Ghost,Flash,Barrier,Flash,Ignite,1,6,2,0,0,1
https://www.op.gg/summoners/euw/yuqi-golem/matches/uRd1PvnOddpKDG3MQfH3hyf2WmugidvYStk5RwfYz0M%3D/1732737456000,1,30,17,17,30,16,32,39,49,17,10,3,0,1,0,6,2,4,0,51145,41733,13.4,12.2,727,713,32.9,32.3,9412,-9412,2305.9595375722542,1881.6034682080926,Dr. Mundo,Volibear,Yone,Ezreal,Lux,Gnar,Skarner,Ahri,Caitlyn,Zoe,Doran's Shield,Warmog's Armor,Boots of Swiftness,Heartsteel,Tunneler,Ruby Crystal,Stealth Ward,Dead Man's Plate,Mercury's Treads,Control Ward,Kindlegem,Sundered Sky,Chain Vest,Oracle Lens,Doran's Shield,Berserker's Greaves,Blade of The Ruined King,Immortal Shieldbow,Infinity Edge,Long Sword,Oracle Lens,Long Sword,Trinity Force,No_Item,Muramana,Ionian Boots of Lucidity,No_Item,Farsight Alteration,Sorcerer's Shoes,Control Ward,Zaz'Zak's Realmspike,Luden's Companion,Amplifying Tome,No_Item,Oracle Lens,Trinity Force,Refillable Potion,Boots of Swiftness,Doran's Blade,Black Cleaver,Control Ward,Stealth Ward,Unending Despair,No_Item,Heartsteel,Cloth Armor,Slightly Magical Footwear,Bramble Vest,Oracle Lens,Horizon Focus,Doran's Ring,Dark Seal,Ionian Boots of Lucidity,Malignance,No_Item,Stealth Ward,The Collector,Berserker's Greaves,Infinity Edge,Last Whisper,No_Item,Doran's Blade,Farsight Alteration,Luden's Companion,Dark Seal,Sorcerer's Shoes,Hextech Alternator,Control Ward,Zaz'Zak's Realmspike,Oracle Lens,Grasp of the Undying,Inspiration,Press the Attack,Sorcery,Fleet Footwork,Resolve,Press the Attack,Inspiration,Arcane Comet,Resolve,Grasp of the Undying,Precision,Grasp of the Undying,Inspiration,Summon Aery,Precision,Fleet Footwork,Inspiration,Dark Harvest,Sorcery,Flash,Teleport,Smite,Flash,Flash,Teleport,Flash,Cleanse,Flash,Heal,Flash,Teleport,Smite,Flash,Flash,Teleport,Flash,Barrier,Flash,Ignite,1,5,1,0,1,0
https://www.op.gg/summoners/euw/yuqi-golem/matches/uRd1PvnOddq05dq4N_8NCrU649OqCDIRE_rS9PKGHhw%3D/1732735614000,1,49,34,34,51,55,114,76,51,23,20,2,1,1,0,9,5,3,1,66206,59219,16.0,13.8,808,798,27.1,26.7,6987,-6987,2206.866666666667,1973.9666666666667,Zilean,Udyr,Jayce,Ashe,Milio,Gragas,Jarvan IV,Sylas,Corki,Lux,Doran's Ring,Seraph's Embrace,Ionian Boots of Lucidity,Fiendish Codex,Frozen Heart,No_Item,Stealth Ward,Unending Despair,Dark Seal,Liandry's Torment,Mercury's Treads,Spirit Visage,Giant's Belt,Oracle Lens,Eclipse,Muramana,Serylda's Grudge,Doran's Blade,Ionian Boots of Lucidity,Hexdrinker,Farsight Alteration,Kraken Slayer,Bloodthirster,Wit's End,B. F. Sword,Berserker's Greaves,Pickaxe,Farsight Alteration,Dream Maker,Control Ward,Ionian Boots of Lucidity,Echoes of Helia,Moonstone Renewer,Morellonomicon,Oracle Lens,Hextech Rocketbelt,Cosmic Drive,Amplifying Tome,Ionian Boots of Lucidity,Doran's Ring,Fimbulwinter,Oracle Lens,Sundered Sky,Sterak's Gage,Control Ward,Null-Magic Mantle,Plated Steelcaps,Serpent's Fang,Oracle Lens,Needlessly Large Rod,Lich Bane,Hextech Rocketbelt,Sorcerer's Shoes,Dark Seal,Void Staff,Oracle Lens,Doran's Blade,Trinity Force,Cloak of Agility,Boots of Swiftness,Muramana,Mortal Reminder,Farsight Alteration,Sorcerer's Shoes,Needlessly Large Rod,Zaz'Zak's Realmspike,Luden's Companion,Oblivion Orb,Shadowflame,Oracle Lens,Summon Aery,Inspiration,Conqueror,Inspiration,Phase Rush,Inspiration,Lethal Tempo,Inspiration,Summon Aery,Resolve,Phase Rush,Inspiration,Conqueror,Inspiration,Electrocute,Resolve,Conqueror,Inspiration,Arcane Comet,Resolve,Teleport,Flash,Flash,Smite,Flash,Teleport,Flash,Barrier,Heal,Flash,Flash,Teleport,Flash,Smite,Flash,Teleport,Flash,Cleanse,Flash,Heal,1,0,1,0,6,0
https://www.op.gg/summoners/euw/yuqi-golem/matches/uRd1PvnOddrrHTaGOeJxUFBhZIFuL6KtWGI9OI9i3G0%3D/1732724812000,0,25,38,38,25,51,34,48,53,21,10,1,3,0,1,3,11,1,4,49431,62022,12.6,14.6,714,840,27.4,32.2,-12591,12591,1901.1923076923076,2385.4615384615386,Tryndamere,Graves,Fizz,Tristana,Leona,Gragas,Diana,Corki,Caitlyn,Nautilus,Ravenous Hydra,Navori Flickerblade,No_Item,Doran's Shield,No_Item,Berserker's Greaves,Oracle Lens,Immortal Shieldbow,Youmuu's Ghostblade,Last Whisper,Mercury's Treads,The Collector,Cloak of Agility,Oracle Lens,Blighting Jewel,Zhonya's Hourglass,Dark Seal,Lich Bane,Ionian Boots of Lucidity,Blasting Wand,Oracle Lens,Last Whisper,Noonquiver,Infinity Edge,The Collector,Berserker's Greaves,Doran's Blade,Farsight Alteration,Plated Steelcaps,Negatron Cloak,Bloodsong,Control Ward,Kindlegem,Locket of the Iron Solari,Oracle Lens,Hextech Rocketbelt,Zhonya's Hourglass,Control Ward,Ionian Boots of Lucidity,Fimbulwinter,Cosmic Drive,Oracle Lens,Riftmaker,Plated Steelcaps,Negatron Cloak,Dark Seal,No_Item,Liandry's Torment,Oracle Lens,Trinity Force,Muramana,Hexdrinker,Doran's Blade,Plated Steelcaps,B. F. Sword,Farsight Alteration,Doran's Blade,Refillable Potion,The Collector,Berserker's Greaves,Infinity Edge,Zeal,Farsight Alteration,Bloodsong,Knight's Vow,Locket of the Iron Solari,Plated Steelcaps,Control Ward,No_Item,Oracle Lens,Grasp of the Undying,Precision,Dark Harvest,Precision,Electrocute,Sorcery,Hail of Blades,Precision,Aftershock,Inspiration,Grasp of the Undying,Inspiration,Conqueror,Inspiration,Conqueror,Inspiration,Press the Attack,Sorcery,Aftershock,Precision,Ghost,Flash,Flash,Smite,Flash,Teleport,Flash,Barrier,Flash,Ignite,Flash,Teleport,Flash,Smite,Teleport,Flash,Flash,Barrier,Flash,Ignite,1,5,0,0,1,3
https://www.op.gg/summoners/euw/yuqi-golem/matches/uRd1PvnOddqrbGroAz8HhxFNv2WthkC4YESCL6BWwMU%3D/1732675259000,1,25,7,7,25,10,19,34,27,9,9,1,1,0,0,2,0,1,1,33133,26557,10.2,9.0,491,442,30.3,27.3,6576,-6576,2036.6155963302751,1632.4027522935778,Skarner,Kha'Zix,Ahri,Ezreal,Leona,Fiora,Viego,Akali,Caitlyn,Lux,Doran's Shield,Tear of the Goddess,Boots,Bramble Vest,Unending Despair,No_Item,Stealth Ward,No_Item,Youmuu's Ghostblade,No_Item,Serrated Dirk,Slightly Magical Footwear,Pickaxe,Eye of the Herald,Doran's Ring,Malignance,Dark Seal,Refillable Potion,Sorcerer's Shoes,Hextech Alternator,Oracle Lens,Manamune,Glowing Mote,Trinity Force,Control Ward,Doran's Blade,Boots,Farsight Alteration,Locket of the Iron Solari,Solstice Sleigh,Control Ward,Null-Magic Mantle,Boots,No_Item,Oracle Lens,Doran's Blade,Tiamat,Mercury's Treads,Cull,Vampiric Scepter,No_Item,Stealth Ward,Gustwalker Hatchling,Boots,Kraken Slayer,No_Item,No_Item,No_Item,Oracle Lens,Refillable Potion,Winged Moonplate,Sorcerer's Shoes,Doran's Shield,Ruby Crystal,Chain Vest,Stealth Ward,Doran's Blade,The Collector,Berserker's Greaves,B. F. Sword,Pickaxe,No_Item,Farsight Alteration,Ionian Boots of Lucidity,Bounty of Worlds,No_Item,No_Item,Bandleglass Mirror,Fiendish Codex,Oracle Lens,Grasp of the Undying,Sorcery,Dark Harvest,Inspiration,Electrocute,Sorcery,Conqueror,Sorcery,Aftershock,Inspiration,Grasp of the Undying,Sorcery,Conqueror,Domination,Conqueror,Resolve,Lethal Tempo,Sorcery,Arcane Comet,Inspiration,Teleport,Flash,Smite,Flash,Flash,Teleport,Flash,Barrier,Flash,Ignite,Flash,Teleport,Flash,Smite,Flash,Teleport,Flash,Cleanse,Flash,Ignite,1,0,0,0,3,0
https://www.op.gg/summoners/euw/yuqi-golem/matches/uRd1PvnOddoc-CVNo61Gj7sv6biqhvyxAbqjynFq9hM%3D/1732641776000,1,38,27,27,38,32,57,91,80,27,31,3,1,1,0,9,3,4,1,71216,59307,16.2,15.2,1028,961,32.0,30.099999999999998,11909,-11909,2227.7825641025643,1855.2446153846154,Ambessa,Lillia,Corki,Jhin,Nautilus,Gragas,Kayn,Hwei,Caitlyn,Nami,Kindlegem,Death's Dance,Eclipse,Mercury's Treads,Black Cleaver,Spectre's Cowl,Farsight Alteration,Rylai's Crystal Scepter,Haunting Guise,Dark Seal,Liandry's Torment,Zhonya's Hourglass,Ionian Boots of Lucidity,Oracle Lens,Mercury's Treads,Infinity Edge,Muramana,Trinity Force,Rapid Firecannon,Doran's Blade,Farsight Alteration,Doran's Blade,Infinity Edge,Boots of Swiftness,The Collector,Rapid Firecannon,Bloodthirster,Farsight Alteration,Solstice Sleigh,Locket of the Iron Solari,Giant's Belt,Knight's Vow,No_Item,Boots of Swiftness,Oracle Lens,Zhonya's Hourglass,Amplifying Tome,No_Item,Ionian Boots of Lucidity,Fimbulwinter,Cosmic Drive,Oracle Lens,Serpent's Fang,Hubris,Axiom Arc,Ionian Boots of Lucidity,Caulfield's Warhammer,Opportunity,Oracle Lens,Rabadon's Deathcap,No_Item,Sorcerer's Shoes,Horizon Focus,Seraph's Embrace,Amplifying Tome,Farsight Alteration,Lord Dominik's Regards,Infinity Edge,The Collector,Boots,Vampiric Scepter,Cloak of Agility,Farsight Alteration,Fiendish Codex,Shurelya's Battlesong,Dream Maker,Imperial Mandate,Ionian Boots of Lucidity,Forbidden Idol,Oracle Lens,Grasp of the Undying,Domination,Conqueror,Inspiration,Hail of Blades,Inspiration,Fleet Footwork,Sorcery,Aftershock,Inspiration,Phase Rush,Inspiration,Dark Harvest,Inspiration,Arcane Comet,Precision,Hail of Blades,Sorcery,Summon Aery,Domination,Teleport,Flash,Flash,Smite,Teleport,Flash,Flash,Barrier,Flash,Ignite,Flash,Teleport,Smite,Flash,Flash,Teleport,Ghost,Flash,Heal,Flash,1,0,1,0,1,0
https://www.op.gg/summoners/euw/yuqi-golem/matches/uRd1PvnOddrZMN7DQo517uGCIn9e355e_OOFLBXScI4%3D/1732538874000,0,24,47,47,24,86,47,55,54,16,13,0,3,0,1,1,8,0,4,45327,57426,12.2,14.0,605,660,24.2,26.400000000000002,-12099,12099,1818.6759259259259,2304.1296296296296,K'Sante,Jarvan IV,Ryze,Kai'Sa,Rell,Teemo,Viego,Veigar,Xayah,Nautilus,Negatron Cloak,Hollow Radiance,Chain Vest,Giant's Belt,Doran's Shield,Mercury's Treads,Oracle Lens,Sundered Sky,Spear of Shojin,Mercury's Treads,Tunneler,Long Sword,No_Item,Oracle Lens,Seraph's Embrace,Banshee's Veil,Refillable Potion,Mercury's Treads,Needlessly Large Rod,Needlessly Large Rod,Stealth Ward,Statikk Shiv,Berserker's Greaves,Nashor's Tooth,Doran's Blade,Guinsoo's Rageblade,Amplifying Tome,Farsight Alteration,Locket of the Iron Solari,Solstice Sleigh,Chain Vest,Kindlegem,Plated Steelcaps,No_Item,Oracle Lens,Liandry's Torment,Malignance,Nashor's Tooth,Boots of Swiftness,Doran's Ring,Blasting Wand,Farsight Alteration,Mercury's Treads,Blade of The Ruined King,Titanic Hydra,Sterak's Gage,Ruby Crystal,Control Ward,Oracle Lens,Sorcerer's Shoes,Needlessly Large Rod,No_Item,Fimbulwinter,Rabadon's Deathcap,Void Staff,Farsight Alteration,Navori Flickerblade,Lord Dominik's Regards,Cloak of Agility,Essence Reaver,Berserker's Greaves,Cull,Farsight Alteration,Locket of the Iron Solari,Celestial Opposition,Control Ward,Knight's Vow,Giant's Belt,Mercury's Treads,Oracle Lens,Grasp of the Undying,Domination,Conqueror,Inspiration,Phase Rush,Precision,Lethal Tempo,Inspiration,Aftershock,Inspiration,Press the Attack,Resolve,Conqueror,Inspiration,Arcane Comet,Domination,Lethal Tempo,Inspiration,Aftershock,Inspiration,Flash,Teleport,Smite,Flash,Flash,Teleport,Flash,Barrier,Flash,Ignite,Flash,Ignite,Flash,Smite,Flash,Teleport,Flash,Barrier,Flash,Ignite,0,2,0,1,4,1
https://www.op.gg/summoners/euw/yuqi-golem/matches/34-jfPz6TmzGwkKdOQzqoobICMNbIAdz9tS0ysQEniQ%3D/1732451289000,1,16,8,8,16,7,22,27,29,7,1,1,0,0,0,2,0,1,0,32967,25317,10.0,9.6,505,447,30.9,27.4,7650,-7650,2014.65,1547.15,Gragas,Warwick,Ahri,Ezreal,Bard,Aatrox,Nidalee,Yone,Jinx,Blitzcrank,Doran's Ring,Cosmic Drive,Ionian Boots of Lucidity,Tear of the Goddess,Giant's Belt,Glowing Mote,Stealth Ward,Gustwalker Hatchling,Stridebreaker,Boots of Swiftness,Long Sword,Cloth Armor,No_Item,Oracle Lens,Doran's Ring,Refillable Potion,Control Ward,Horizon Focus,Ionian Boots of Lucidity,Malignance,Oracle Lens,Doran's Blade,Trinity Force,Long Sword,Tear of the Goddess,Caulfield's Warhammer,Ionian Boots of Lucidity,Farsight Alteration,Bloodsong,Dead Man's Plate,Plated Steelcaps,No_Item,No_Item,No_Item,Oracle Lens,Refillable Potion,Doran's Shield,Spear of Shojin,Mercury's Treads,No_Item,No_Item,Stealth Ward,Scorchclaw Pup,Liandry's Torment,Sorcerer's Shoes,Fiendish Codex,Amplifying Tome,No_Item,Oracle Lens,Doran's Shield,Blade of The Ruined King,Boots,Dagger,Refillable Potion,No_Item,Stealth Ward,Doran's Blade,The Collector,Cloak of Agility,Boots,No_Item,No_Item,Stealth Ward,Locket of the Iron Solari,Boots of Swiftness,Ruby Crystal,No_Item,No_Item,Celestial Opposition,Oracle Lens,Phase Rush,Inspiration,Lethal Tempo,Domination,Electrocute,Sorcery,Press the Attack,Inspiration,Guardian,Inspiration,Conqueror,Resolve,Conqueror,Sorcery,Fleet Footwork,Resolve,Press the Attack,Sorcery,Glacial Augment,Sorcery,Flash,Teleport,Ghost,Smite,Flash,Teleport,Flash,Barrier,Ignite,Flash,Flash,Teleport,Flash,Smite,Flash,Teleport,Flash,Barrier,Flash,Ignite,1,3,0,0,3,0
https://www.op.gg/summoners/euw/yuqi-golem/matches/34-jfPz6TmxTDtk_idOo3B_p9EnfRz2iTbdqb_gM4Jw%3D/1732449746000,1,15,7,7,15,5,26,48,50,8,9,2,1,0,0,4,1,2,1,37832,31425,11.6,10.8,660,632,34.4,32.9,6407,-6407,1964.3538461538462,1631.6826923076924,Akshan,Lee Sin,Gragas,Jinx,Bard,Kennen,Nocturne,Yone,Ezreal,Nami,Doran's Blade,Statikk Shiv,Berserker's Greaves,Serrated Dirk,No_Item,Pickaxe,Farsight Alteration,Sundered Sky,Eclipse,Cloth Armor,No_Item,Slightly Magical Footwear,No_Item,Stealth Ward,Doran's Ring,Cosmic Drive,Winter's Approach,Ionian Boots of Lucidity,Cloth Armor,No_Item,Oracle Lens,Doran's Blade,Berserker's Greaves,Infinity Edge,The Collector,Cloak of Agility,No_Item,Farsight Alteration,Bloodsong,Dead Man's Plate,Plated Steelcaps,Cloth Armor,Cloth Armor,No_Item,Oracle Lens,Doran's Ring,Hextech Rocketbelt,Refillable Potion,Sorcerer's Shoes,Hextech Alternator,No_Item,Stealth Ward,Tunneler,Stridebreaker,Boots,Pickaxe,No_Item,No_Item,Farsight Alteration,Doran's Shield,Blade of The Ruined King,Berserker's Greaves,Pickaxe,Cloak of Agility,No_Item,Oracle Lens,Trinity Force,Muramana,Doran's Blade,No_Item,No_Item,Slightly Magical Footwear,Farsight Alteration,Boots of Swiftness,Dream Maker,Bandleglass Mirror,Fiendish Codex,No_Item,No_Item,Oracle Lens,Press the Attack,Resolve,Conqueror,Inspiration,Arcane Comet,Inspiration,Press the Attack,Sorcery,Guardian,Inspiration,Summon Aery,Domination,Conqueror,Domination,Fleet Footwork,Resolve,Press the Attack,Inspiration,Summon Aery,Domination,Flash,Teleport,Flash,Smite,Flash,Teleport,Flash,Barrier,Ignite,Flash,Teleport,Flash,Flash,Smite,Teleport,Flash,Flash,Barrier,Flash,Heal,1,6,0,0,0,0
https://www.op.gg/summoners/euw/yuqi-golem/matches/34-jfPz6Tmz1TuNmWWxRr1yDtK3tChcLZ5SX3JEsppY%3D/1732370954000,1,31,13,13,31,16,56,82,68,23,17,4,0,1,0,8,6,5,0,57938,50348,15.2,13.4,836,849,29.599999999999998,30.099999999999998,7590,-7590,2054.1654545454544,1785.0654545454545,Shen,Diana,Karma,Corki,Blitzcrank,Gragas,Kha'Zix,Aurora,Jinx,Bard,Refillable Potion,Kindlegem,Mercury's Treads,Hollow Radiance,Dead Man's Plate,No_Item,Stealth Ward,Hextech Rocketbelt,Rabadon's Deathcap,Zhonya's Hourglass,Sorcerer's Shoes,Blasting Wand,Mejai's Soulstealer,Oracle Lens,Horizon Focus,Liandry's Torment,No_Item,Doran's Ring,Malignance,Ionian Boots of Lucidity,Stealth Ward,Lord Dominik's Regards,Muramana,Trinity Force,Boots,Zeal,Doran's Blade,Farsight Alteration,Locket of the Iron Solari,Bloodsong,No_Item,Trailblazer,Boots of Swiftness,No_Item,Oracle Lens,Doran's Ring,Fimbulwinter,Unending Despair,Ionian Boots of Lucidity,Cosmic Drive,Control Ward,Stealth Ward,Edge of Night,Ionian Boots of Lucidity,Serrated Dirk,No_Item,No_Item,Youmuu's Ghostblade,Oracle Lens,Cosmic Drive,Liandry's Torment,Malignance,Dark Seal,Sorcerer's Shoes,Blasting Wand,Oracle Lens,Doran's Blade,Yun Tal Wildarrows,Infinity Edge,Berserker's Greaves,Runaan's Hurricane,No_Item,Farsight Alteration,Bloodsong,Dead Man's Plate,Kindlegem,Mercury's Treads,Null-Magic Mantle,Cloth Armor,Oracle Lens,Grasp of the Undying,Domination,Conqueror,Inspiration,Summon Aery,Domination,Conqueror,Inspiration,Glacial Augment,Sorcery,Phase Rush,Inspiration,Dark Harvest,Inspiration,Electrocute,Sorcery,Lethal Tempo,Sorcery,Guardian,Inspiration,Flash,Ignite,Flash,Smite,Flash,Teleport,Flash,Barrier,Flash,Ignite,Flash,Teleport,Flash,Smite,Flash,Teleport,Flash,Heal,Ignite,Flash,1,3,1,0,3,0
https://www.op.gg/summoners/euw/yuqi-golem/matches/34-jfPz6TmzKE0a1x5EeOT59GxIb9Zx6NoZpee8721c%3D/1732368785000,1,22,19,19,22,23,36,55,49,14,15,0,2,1,0,7,2,1,2,45470,40057,12.4,11.4,595,595,26.7,26.7,5413,-5413,2030.9933333333333,1789.2126666666668,Gnar,Rengar,Fizz,Soraka,Leona,K'Sante,Wukong,Ryze,Ashe,Lux,Doran's Blade,Trinity Force,Mercury's Treads,Black Cleaver,Ruby Crystal,No_Item,Stealth Ward,No_Item,Profane Hydra,Voltaic Cyclosword,Ionian Boots of Lucidity,Long Sword,Lord Dominik's Regards,Stealth Ward,Doran's Ring,Shattered Armguard,Dark Seal,Ionian Boots of Lucidity,Lich Bane,Needlessly Large Rod,Oracle Lens,Forbidden Idol,Redemption,No_Item,Moonstone Renewer,Doran's Ring,Ionian Boots of Lucidity,Farsight Alteration,Mercury's Treads,Locket of the Iron Solari,Ruby Crystal,Bloodsong,No_Item,No_Item,Oracle Lens,Kaenic Rookern,No_Item,No_Item,Iceborn Gauntlet,Plated Steelcaps,Doran's Shield,Stealth Ward,Trinity Force,Sundered Sky,Mercury's Treads,Executioner's Calling,Ruby Crystal,No_Item,Oracle Lens,Dark Seal,Sorcerer's Shoes,Seraph's Embrace,Warden's Mail,Rod of Ages,Oblivion Orb,Oracle Lens,Runaan's Hurricane,Long Sword,Yun Tal Wildarrows,No_Item,Berserker's Greaves,Doran's Blade,Farsight Alteration,Oblivion Orb,Shattered Armguard,Boots of Swiftness,Dream Maker,Control Ward,No_Item,Oracle Lens,Grasp of the Undying,Precision,Conqueror,Domination,Electrocute,Sorcery,Summon Aery,Resolve,Aftershock,Inspiration,Grasp of the Undying,Inspiration,Conqueror,Inspiration,Phase Rush,Resolve,Lethal Tempo,Inspiration,Arcane Comet,Precision,Flash,Teleport,Smite,Flash,Flash,Ignite,Heal,Flash,Ignite,Flash,Teleport,Flash,Smite,Flash,Teleport,Flash,Flash,Cleanse,Flash,Heal,1,0,0,0,6,0
https://www.op.gg/summoners/euw/yuqi-golem/matches/34-jfPz6Tmy91AZK0K7ahcoJ1CwWii4fVy5Ly9pysJA%3D/1732281792000,1,33,13,13,33,18,53,46,62,20,9,2,1,1,0,11,4,3,1,60905,47230,15.6,13.2,909,838,33.7,31.0,13675,-13675,2256.747767857143,1750.0401785714287,Gragas,Kindred,Qiyana,Ashe,Maokai,Riven,Karthus,Yone,Miss Fortune,Nautilus,Zhonya's Hourglass,Fimbulwinter,Dead Man's Plate,Control Ward,Ionian Boots of Lucidity,Cosmic Drive,Oracle Lens,The Collector,Kraken Slayer,Boots,Infinity Edge,No_Item,No_Item,Oracle Lens,Ionian Boots of Lucidity,Youmuu's Ghostblade,Edge of Night,Hubris,Opportunity,Long Sword,Oracle Lens,Bloodthirster,Kraken Slayer,Berserker's Greaves,Phantom Dancer,Cloak of Agility,No_Item,Farsight Alteration,Locket of the Iron Solari,Ruby Crystal,Giant's Belt,Celestial Opposition,Winged Moonplate,Plated Steelcaps,Oracle Lens,Doran's Blade,Sundered Sky,Eclipse,Mercury's Treads,Pickaxe,Phage,Stealth Ward,Liandry's Torment,Blackfire Torch,Sorcerer's Shoes,Dark Seal,No_Item,No_Item,Farsight Alteration,Berserker's Greaves,Infinity Edge,Yun Tal Wildarrows,Ruby Crystal,No_Item,No_Item,Oracle Lens,Cloak of Agility,Youmuu's Ghostblade,Hubris,Last Whisper,The Collector,Boots of Swiftness,Farsight Alteration,Bloodsong,Locket of the Iron Solari,Knight's Vow,Plated Steelcaps,Ruby Crystal,No_Item,Oracle Lens,Grasp of the Undying,Sorcery,Press the Attack,Domination,Electrocute,Precision,Lethal Tempo,Inspiration,Aftershock,Inspiration,Conqueror,Inspiration,Dark Harvest,Precision,Fleet Footwork,Resolve,Press the Attack,Inspiration,Aftershock,Inspiration,Flash,Teleport,Flash,Smite,Flash,Teleport,Flash,Barrier,Flash,Ignite,Teleport,Flash,Smite,Flash,Teleport,Flash,Flash,Cleanse,Flash,Ignite,1,4,3,0,2,0
https://www.op.gg/summoners/euw/yuqi-golem/matches/34-jfPz6TmwCch2xwkjlcASO6Q-mIeD4iY12yAj5Va0%3D/1732277172000,1,38,26,26,38,41,55,81,70,22,24,4,1,1,1,9,5,5,2,73774,64452,17.0,15.8,1079,1046,31.0,30.0,9322,-9322,2119.6261194029853,1851.792537313433,Ekko,Bel'Veth,Akshan,Jinx,Thresh,Gragas,Zyra,Talon,Ezreal,Xerath,Rabadon's Deathcap,Hextech Rocketbelt,No_Item,Dark Seal,Mercury's Treads,Nashor's Tooth,Oracle Lens,No_Item,Stridebreaker,Mercury's Treads,Wit's End,Kraken Slayer,Black Cleaver,Oracle Lens,Rapid Firecannon,Statikk Shiv,Boots of Swiftness,The Collector,Infinity Edge,Lord Dominik's Regards,Farsight Alteration,Berserker's Greaves,The Collector,Infinity Edge,Rapid Firecannon,Hexdrinker,Lord Dominik's Regards,Farsight Alteration,Force of Nature,Solstice Sleigh,Bramble Vest,Locket of the Iron Solari,Mercury's Treads,Null-Magic Mantle,Oracle Lens,Cosmic Drive,Zhonya's Hourglass,Cryptbloom,Ionian Boots of Lucidity,Fimbulwinter,Control Ward,Oracle Lens,Liandry's Torment,Sorcerer's Shoes,Blighting Jewel,Blasting Wand,Shadowflame,Stormsurge,Oracle Lens,Youmuu's Ghostblade,Ionian Boots of Lucidity,Serpent's Fang,Black Cleaver,Eclipse,Edge of Night,Farsight Alteration,Control Ward,B. F. Sword,Ionian Boots of Lucidity,Serylda's Grudge,Trinity Force,Muramana,Farsight Alteration,Sorcerer's Shoes,Blighting Jewel,Zaz'Zak's Realmspike,Luden's Companion,Needlessly Large Rod,Blasting Wand,Oracle Lens,Arcane Comet,Domination,Conqueror,Inspiration,Press the Attack,Inspiration,Press the Attack,Inspiration,Glacial Augment,Resolve,Arcane Comet,Inspiration,Electrocute,Precision,Conqueror,Sorcery,Press the Attack,Sorcery,Arcane Comet,Inspiration,Teleport,Flash,Smite,Flash,Teleport,Flash,Barrier,Flash,Flash,Heal,Flash,Teleport,Flash,Smite,Ignite,Flash,Flash,Barrier,Heal,Flash,0,2,1,1,4,0
https://www.op.gg/summoners/euw/yuqi-golem/matches/34-jfPz6TmzEjOTylH4DtrOonenVRmaB5C0y_fNt3Bg%3D/1732274291000,1,24,11,11,24,13,37,34,36,7,8,1,1,0,0,4,0,1,1,38380,29002,10.6,9.8,556,487,33.4,29.2,9378,-9378,2309.3050847457625,1745.0355932203388,Gragas,Jarvan IV,Ahri,Draven,Nautilus,Gnar,Udyr,Galio,Caitlyn,Nami,Doran's Ring,Tear of the Goddess,Cosmic Drive,Ionian Boots of Lucidity,Glowing Mote,Control Ward,Oracle Lens,Mosstomper Seedling,Sundered Sky,Eclipse,No_Item,Boots of Swiftness,No_Item,Stealth Ward,Doran's Ring,Malignance,Ionian Boots of Lucidity,Mejai's Soulstealer,Horizon Focus,No_Item,Farsight Alteration,Bloodthirster,B. F. Sword,Pickaxe,Serrated Dirk,Slightly Magical Footwear,Doran's Blade,Farsight Alteration,Refillable Potion,Bloodsong,No_Item,Heartsteel,Null-Magic Mantle,Slightly Magical Footwear,Oracle Lens,Doran's Blade,Mercury's Treads,Trinity Force,Long Sword,Ruby Crystal,No_Item,Stealth Ward,Mosstomper Seedling,Dark Seal,Liandry's Torment,Boots of Swiftness,Unending Despair,Glowing Mote,Oracle Lens,Refillable Potion,Mercury's Treads,Doran's Ring,Spectre's Cowl,Bami's Cinder,Dark Seal,Farsight Alteration,Doran's Blade,Berserker's Greaves,The Collector,Pickaxe,No_Item,No_Item,Farsight Alteration,Imperial Mandate,Solstice Sleigh,Control Ward,Amplifying Tome,Boots,No_Item,Oracle Lens,Arcane Comet,Inspiration,Conqueror,Inspiration,Electrocute,Sorcery,Lethal Tempo,Inspiration,Aftershock,Inspiration,Grasp of the Undying,Precision,Conqueror,Resolve,Aftershock,Sorcery,Lethal Tempo,Sorcery,Summon Aery,Domination,Flash,Teleport,Flash,Smite,Flash,Teleport,Barrier,Flash,Ignite,Flash,Flash,Teleport,Flash,Smite,Teleport,Flash,Flash,Barrier,Flash,Heal,1,4,0,0,2,0
https://www.op.gg/summoners/euw/yuqi-golem/matches/34-jfPz6TmxDqw9UkBR6cxJAvUDzZaKsUQ-cSG6NF74%3D/1732272673000,0,3,25,25,3,31,4,32,31,4,5,2,0,0,0,0,4,2,0,21887,34218,8.4,10.0,397,478,25.8,31.099999999999998,-12331,12331,1430.239603960396,2236.0277227722772,K'Sante,Udyr,Ahri,Ezreal,Rakan,Gragas,Nocturne,Akali,Ashe,Pyke,Mercury's Treads,Spectre's Cowl,Kindlegem,No_Item,Refillable Potion,Doran's Shield,Stealth Ward,Gustwalker Hatchling,Dark Seal,Boots of Swiftness,Fated Ashes,Haunting Guise,No_Item,Oracle Lens,Refillable Potion,Malignance,Amplifying Tome,No_Item,Boots,Doran's Ring,Stealth Ward,Trinity Force,Refillable Potion,Slightly Magical Footwear,Tear of the Goddess,Long Sword,Doran's Blade,Stealth Ward,Solstice Sleigh,Kindlegem,Cloth Armor,No_Item,Mercury's Treads,No_Item,Oracle Lens,Doran's Ring,Seraph's Embrace,Ionian Boots of Lucidity,Ruby Crystal,Fiendish Codex,No_Item,Stealth Ward,Scorchclaw Pup,Experimental Hexplate,Mercury's Treads,Glowing Mote,No_Item,No_Item,Oracle Lens,Refillable Potion,Lich Bane,Dark Seal,Mercury's Treads,Needlessly Large Rod,Doran's Shield,Oracle Lens,Doran's Blade,Refillable Potion,Kraken Slayer,Berserker's Greaves,Scout's Slingshot,No_Item,Farsight Alteration,Umbral Glaive,Synchronized Souls,Bloodsong,Serrated Dirk,Long Sword,No_Item,Oracle Lens,Grasp of the Undying,Inspiration,Conqueror,Resolve,Electrocute,Sorcery,Press the Attack,Inspiration,Guardian,Domination,Phase Rush,Inspiration,Lethal Tempo,Domination,Electrocute,Resolve,Lethal Tempo,Inspiration,Hail of Blades,Resolve,Teleport,Flash,Flash,Smite,Teleport,Flash,Cleanse,Flash,Flash,Heal,Flash,Teleport,Flash,Smite,Teleport,Ignite,Flash,Barrier,Ignite,Flash,0,0,0,0,6,1
https://www.op.gg/summoners/euw/yuqi-golem/matches/34-jfPz6Tmy0k6GdpTowS_iFyL5snx3-xSiFU5chtqA%3D/1731942479000,1,33,15,15,34,25,46,50,45,12,11,0,1,1,0,8,2,1,1,56312,43473,13.8,12.2,723,703,29.0,28.2,12839,-12839,2252.48,1738.92,Camille,Skarner,Orianna,Jhin,Senna,Gnar,Taliyah,Katarina,Aphelios,Lulu,Ravenous Hydra,Trinity Force,Pickaxe,Long Sword,Mercury's Treads,Ruby Crystal,Stealth Ward,Unending Despair,Heartsteel,Negatron Cloak,Null-Magic Mantle,Mercury's Treads,No_Item,Oracle Lens,Doran's Ring,Shadowflame,No_Item,Seraph's Embrace,Sorcerer's Shoes,Luden's Companion,Farsight Alteration,Youmuu's Ghostblade,Rapid Firecannon,The Collector,Doran's Blade,Boots of Swiftness,Cloak of Agility,Farsight Alteration,Bloodsong,Serrated Dirk,Runaan's Hurricane,Boots of Swiftness,Black Cleaver,No_Item,Oracle Lens,Doran's Blade,Trinity Force,Plated Steelcaps,Black Cleaver,No_Item,No_Item,Stealth Ward,Liandry's Torment,Luden's Companion,No_Item,Needlessly Large Rod,Sorcerer's Shoes,No_Item,Oracle Lens,Sorcerer's Shoes,Lich Bane,Riftmaker,Rabadon's Deathcap,No_Item,Dark Seal,Oracle Lens,Doran's Blade,The Collector,Serrated Dirk,Berserker's Greaves,Rectrix,Long Sword,Farsight Alteration,Dream Maker,Shurelya's Battlesong,Kindlegem,Ionian Boots of Lucidity,Fiendish Codex,Control Ward,Oracle Lens,Grasp of the Undying,Sorcery,Grasp of the Undying,Inspiration,Summon Aery,Precision,Dark Harvest,Precision,Grasp of the Undying,Precision,Grasp of the Undying,Precision,Dark Harvest,Inspiration,Grasp of the Undying,Domination,Press the Attack,Sorcery,Summon Aery,Resolve,Flash,Teleport,Flash,Smite,Flash,Teleport,Barrier,Flash,Flash,Heal,Flash,Teleport,Smite,Flash,Teleport,Ignite,Flash,Barrier,Flash,Heal,1,6,2,0,0,0
https://www.op.gg/summoners/euw/yuqi-golem/matches/34-jfPz6TmwH8nQCOt4Y5Pvp_u9nkvApgjzAJs5_kaY%3D/1731940577000,0,14,31,31,14,36,25,56,51,21,18,0,2,0,0,1,7,0,2,40021,52453,11.8,13.2,703,812,30.1,34.7,-12432,12432,1715.1857142857143,2247.9857142857145,Gragas,Ivern,Ziggs,Jinx,Leona,Ahri,Vi,Gnar,Corki,Rell,Doran's Ring,Tear of the Goddess,Ionian Boots of Lucidity,Cosmic Drive,Giant's Belt,No_Item,Stealth Ward,Redemption,Ionian Boots of Lucidity,Dark Seal,Moonstone Renewer,Forbidden Idol,Ruby Crystal,Oracle Lens,No_Item,No_Item,No_Item,No_Item,No_Item,No_Item,Farsight Alteration,The Collector,Doran's Blade,Infinity Edge,No_Item,Berserker's Greaves,No_Item,Farsight Alteration,Bloodsong,Locket of the Iron Solari,Plated Steelcaps,Kindlegem,Cloth Armor,No_Item,Oracle Lens,Doran's Ring,Shadowflame,Verdant Barrier,Dark Seal,Malignance,Sorcerer's Shoes,Oracle Lens,Sundered Sky,Black Cleaver,Mercury's Treads,Tunneler,Pickaxe,Ruby Crystal,Oracle Lens,Negatron Cloak,Mercury's Treads,Trinity Force,Doran's Blade,Sterak's Gage,Dagger,Oracle Lens,Doran's Blade,Mercury's Treads,Trinity Force,Muramana,Zeal,Scout's Slingshot,Farsight Alteration,Locket of the Iron Solari,Celestial Opposition,No_Item,Mercury's Treads,Null-Magic Mantle,Kindlegem,Oracle Lens,Phase Rush,Inspiration,Summon Aery,Domination,Arcane Comet,Precision,Press the Attack,Inspiration,Aftershock,Inspiration,Electrocute,Sorcery,Conqueror,Inspiration,Grasp of the Undying,Precision,Conqueror,Inspiration,Aftershock,Inspiration,Flash,Teleport,Flash,Smite,Flash,Teleport,Flash,Barrier,Flash,Ignite,Flash,Teleport,Flash,Smite,Flash,Teleport,Flash,Barrier,Ignite,Flash,0,0,0,1,3,1
https://www.op.gg/summoners/euw/yuqi-golem/matches/34-jfPz6Tmxujf39T-PUi7MPpfjfYT36XyY8R4UrBsA%3D/1731847633000,0,29,38,38,29,79,55,66,69,22,27,1,2,0,1,1,11,1,3,51234,63530,13.4,15.2,720,896,24.7,30.7,-12296,12296,1764.9990430622008,2188.593301435407,Fiddlesticks,Skarner,Karma,Ashe,Nautilus,Jayce,Xin Zhao,Talon,Swain,Thresh,Abyssal Mask,Plated Steelcaps,Liandry's Torment,Unending Despair,Amplifying Tome,No_Item,Scarecrow Effigy,Unending Despair,Plated Steelcaps,Spirit Visage,Heartsteel,No_Item,Chain Vest,Oracle Lens,Ionian Boots of Lucidity,Control Ward,Oblivion Orb,Malignance,Cosmic Drive,Liandry's Torment,Oracle Lens,Long Sword,Executioner's Calling,Runaan's Hurricane,Kraken Slayer,Doran's Blade,Berserker's Greaves,Farsight Alteration,Bloodsong,Locket of the Iron Solari,No_Item,Kindlegem,Negatron Cloak,Mercury's Treads,Oracle Lens,Doran's Blade,Muramana,Eclipse,Serylda's Grudge,Ionian Boots of Lucidity,Long Sword,Stealth Ward,Mercury's Treads,Eclipse,Black Cleaver,Sundered Sky,Cloth Armor,Kindlegem,Oracle Lens,Youmuu's Ghostblade,Mercury's Treads,Serpent's Fang,Edge of Night,Serylda's Grudge,Serrated Dirk,Farsight Alteration,Shattered Armguard,Blackfire Torch,Liandry's Torment,Boots of Swiftness,Cosmic Drive,Oblivion Orb,Farsight Alteration,Locket of the Iron Solari,Solstice Sleigh,Control Ward,Trailblazer,Kindlegem,Boots of Swiftness,Oracle Lens,Summon Aery,Resolve,Aftershock,Inspiration,Arcane Comet,Domination,Lethal Tempo,Inspiration,Aftershock,Inspiration,Conqueror,Inspiration,Conqueror,Inspiration,Electrocute,Sorcery,Summon Aery,Precision,Aftershock,Inspiration,Flash,Teleport,Flash,Smite,Flash,Teleport,Flash,Barrier,Flash,Ignite,Flash,Teleport,Flash,Smite,Ignite,Flash,Flash,Teleport,Flash,Ignite,1,4,0,0,2,2
https://www.op.gg/summoners/euw/yuqi-golem/matches/34-jfPz6TmzbOP2WwVGw6-ia03mE4drYs0M_RAJM_cc%3D/1731844985000,0,13,34,34,13,60,20,52,49,10,10,0,2,0,1,3,5,0,3,39937,49190,11.2,13.4,578,678,25.4,30.0,-9253,9253,1752.6309352517985,2158.6978417266187,Renekton,Xin Zhao,Gragas,Swain,Nami,Jax,Viego,Sylas,Karthus,Nautilus,Blade of The Ruined King,Mercury's Treads,Doran's Blade,Phage,Kindlegem,No_Item,Stealth Ward,Tunneler,Ruby Crystal,Pickaxe,No_Item,Mercury's Treads,Sundered Sky,Stealth Ward,Cosmic Drive,Shattered Armguard,Fimbulwinter,Doran's Ring,Control Ward,Ionian Boots of Lucidity,Oracle Lens,Malignance,Abyssal Mask,Refillable Potion,Amplifying Tome,Mercury's Treads,No_Item,Eye of the Herald,Dream Maker,Shurelya's Battlesong,Imperial Mandate,Oblivion Orb,Ionian Boots of Lucidity,No_Item,Oracle Lens,Tiamat,Trinity Force,Ruby Crystal,Mercury's Treads,Doran's Shield,Long Sword,Stealth Ward,Plated Steelcaps,Titanic Hydra,Kraken Slayer,Sterak's Gage,Null-Magic Mantle,No_Item,Oracle Lens,Cosmic Drive,Doran's Ring,Hextech Rocketbelt,Ionian Boots of Lucidity,Negatron Cloak,Kindlegem,Farsight Alteration,Needlessly Large Rod,Blackfire Torch,Shadowflame,Dark Seal,Sorcerer's Shoes,Oblivion Orb,Farsight Alteration,Celestial Opposition,Refillable Potion,Control Ward,Mercury's Treads,Thornmail,Winter's Approach,Oracle Lens,Conqueror,Inspiration,Conqueror,Inspiration,Phase Rush,Inspiration,Conqueror,Resolve,Summon Aery,Domination,Lethal Tempo,Resolve,Conqueror,Inspiration,Conqueror,Resolve,Dark Harvest,Precision,Glacial Augment,Resolve,Ignite,Flash,Smite,Flash,Flash,Teleport,Flash,Exhaust,Ignite,Flash,Flash,Teleport,Smite,Flash,Teleport,Flash,Flash,Exhaust,Flash,Ignite,1,6,0,0,0,0
https://www.op.gg/summoners/euw/yuqi-golem/matches/34-jfPz6TmyxxP6I7J1rTzpk0nu06xa2olrVZfoVyug%3D/1731834273000,1,45,31,31,45,44,49,83,87,18,33,2,2,0,1,9,7,2,3,70151,66411,16.0,16.2,965,987,29.7,30.4,3740,-3740,2154.243307086614,2039.392913385827,Gnar,Graves,Ahri,Corki,Leona,Yone,Teemo,Zoe,Ashe,Nami,Phage,Randuin's Omen,Force of Nature,Trinity Force,Doran's Blade,Plated Steelcaps,Stealth Ward,Lord Dominik's Regards,Youmuu's Ghostblade,Mercury's Treads,The Collector,Vampiric Scepter,Pickaxe,Oracle Lens,Malignance,Shadowflame,Rabadon's Deathcap,Doran's Ring,Verdant Barrier,Mercury's Treads,Oracle Lens,Infinity Edge,Essence Reaver,Mercury's Treads,Rapid Firecannon,Bloodthirster,Noonquiver,Farsight Alteration,Bloodsong,Control Ward,Abyssal Mask,Trailblazer,Glacial Buckler,Plated Steelcaps,Oracle Lens,Blade of The Ruined King,Immortal Shieldbow,Quicksilver Sash,Berserker's Greaves,Infinity Edge,Vampiric Scepter,Stealth Ward,Malignance,Needlessly Large Rod,Sorcerer's Shoes,Liandry's Torment,Shadowflame,Nashor's Tooth,Oracle Lens,Doran's Ring,Lich Bane,Sorcerer's Shoes,Needlessly Large Rod,Luden's Companion,Void Staff,Stealth Ward,Berserker's Greaves,Kraken Slayer,Phantom Dancer,Infinity Edge,Noonquiver,Long Sword,Farsight Alteration,Boots of Swiftness,Dream Maker,Ardent Censer,Moonstone Renewer,Kindlegem,Imperial Mandate,Oracle Lens,Grasp of the Undying,Precision,Dark Harvest,Precision,Electrocute,Sorcery,Hail of Blades,Inspiration,Aftershock,Inspiration,Fleet Footwork,Resolve,Dark Harvest,Sorcery,Electrocute,Precision,Lethal Tempo,Inspiration,Summon Aery,Domination,Flash,Teleport,Flash,Smite,Teleport,Flash,Flash,Cleanse,Flash,Ignite,Teleport,Flash,Flash,Smite,Flash,Ignite,Flash,Cleanse,Flash,Heal,1,4,1,0,2,1
https://www.op.gg/summoners/euw/yuqi-golem/matches/34-jfPz6Tmz-PqIMT2tFCymRlZbM_ne1gNc8_StWkLU%3D/1731831656000,0,3,2,2,3,2,1,13,13,0,1,0,0,0,0,0,0,0,0,11623,12244,5.2,5.8,181,206,22.4,25.4,-621,621,1426.4590909090912,1502.6727272727276,Darius,Ivern,Tryndamere,Ezreal,Yuumi,Gragas,Bel'Veth,Mordekaiser,Jhin,Janna,Doran's Shield,Refillable Potion,Boots,Phage,No_Item,No_Item,Stealth Ward,Gustwalker Hatchling,Ionian Boots of Lucidity,Dark Seal,Ruby Crystal,Control Ward,No_Item,Oracle Lens,Doran's Blade,Boots,Vampiric Scepter,Dagger,No_Item,No_Item,Stealth Ward,Doran's Blade,Tear of the Goddess,Hearthbound Axe,No_Item,Glowing Mote,No_Item,Stealth Ward,Runic Compass,Faerie Charm,Dark Seal,No_Item,No_Item,No_Item,Oracle Lens,Doran's Ring,Tear of the Goddess,No_Item,Ionian Boots of Lucidity,No_Item,No_Item,Stealth Ward,Gustwalker Hatchling,Hearthbound Axe,No_Item,No_Item,No_Item,No_Item,Oracle Lens,Doran's Ring,Refillable Potion,Plated Steelcaps,No_Item,Dark Seal,No_Item,Stealth Ward,Refillable Potion,Doran's Blade,Serrated Dirk,Boots,No_Item,No_Item,Stealth Ward,World Atlas,Boots of Swiftness,Faerie Charm,No_Item,No_Item,No_Item,Stealth Ward,Conqueror,Resolve,Summon Aery,Domination,Fleet Footwork,Resolve,Press the Attack,Inspiration,Summon Aery,Resolve,Phase Rush,Inspiration,Conqueror,Inspiration,Conqueror,Sorcery,Dark Harvest,Sorcery,Summon Aery,Domination,Flash,Ghost,Flash,Smite,Flash,Ghost,Flash,Barrier,Exhaust,Heal,Flash,Teleport,Smite,Flash,Ignite,Flash,Flash,Barrier,Flash,Heal,0,0,0,0,0,0
https://www.op.gg/summoners/euw/yuqi-golem/matches/34-jfPz6Tmwo940ER2vWnSlapqeuiKHqs-0UusudZpo%3D/1731829597000,1,31,22,22,31,28,40,56,49,12,12,2,1,1,0,10,2,3,1,55477,45385,14.2,12.4,772,682,32.0,28.3,10092,-10092,2314.377914110429,1893.3619631901838,Ambessa,Viego,Corki,Kog'Maw,Leona,Maokai,Lee Sin,Zoe,Jhin,Rell,Black Cleaver,Mercury's Treads,Voltaic Cyclosword,Executioner's Calling,Spear of Shojin,Doran's Shield,Farsight Alteration,Kraken Slayer,Slightly Magical Footwear,Titanic Hydra,Sterak's Gage,No_Item,Control Ward,Oracle Lens,Doran's Blade,Rapid Firecannon,Trinity Force,Mercury's Treads,Muramana,Cloak of Agility,Farsight Alteration,Doran's Ring,Luden's Companion,Sorcerer's Shoes,Dark Seal,Stormsurge,Hextech Alternator,Farsight Alteration,Locket of the Iron Solari,Bloodsong,Abyssal Mask,Cloth Armor,No_Item,Mercury's Treads,Oracle Lens,Unending Despair,Fimbulwinter,No_Item,No_Item,No_Item,Plated Steelcaps,Stealth Ward,Black Cleaver,Eclipse,Sundered Sky,Boots,No_Item,No_Item,Stealth Ward,Doran's Ring,Dark Seal,Luden's Companion,Sorcerer's Shoes,Lich Bane,Blighting Jewel,Farsight Alteration,Youmuu's Ghostblade,B. F. Sword,The Collector,Doran's Blade,Boots of Swiftness,Pickaxe,Farsight Alteration,Celestial Opposition,Control Ward,Mercury's Treads,Trailblazer,Kindlegem,Cloth Armor,Oracle Lens,Conqueror,Domination,Conqueror,Inspiration,Fleet Footwork,Inspiration,Arcane Comet,Precision,Aftershock,Inspiration,Grasp of the Undying,Inspiration,Conqueror,Domination,Electrocute,Precision,Dark Harvest,Sorcery,Aftershock,Inspiration,Teleport,Ignite,Smite,Flash,Teleport,Flash,Teleport,Flash,Flash,Ignite,Flash,Teleport,Flash,Smite,Flash,Ignite,Flash,Barrier,Flash,Ignite,1,6,2,0,0,0
https://www.op.gg/summoners/euw/yuqi-golem/matches/34-jfPz6TmyndDfXj4Z-H4xtASnxXjJvH-4ows2ndJY%3D/1731814802000,0,18,27,27,18,38,26,56,58,13,14,0,4,0,0,0,6,0,4,42653,52521,12.2,13.0,693,773,27.7,30.9,-9868,9868,1710.5630208333332,2106.3109375,Cassiopeia,Skarner,Sylas,Jhin,Lux,Gragas,Viego,Corki,Kog'Maw,Nami,Seraph's Embrace,Rod of Ages,Amplifying Tome,Rylai's Crystal Scepter,Amplifying Tome,No_Item,Farsight Alteration,Frozen Heart,Heartsteel,Plated Steelcaps,Giant's Belt,Negatron Cloak,Null-Magic Mantle,Oracle Lens,Sorcerer's Shoes,Lich Bane,Hextech Rocketbelt,Doran's Ring,Amplifying Tome,No_Item,Stealth Ward,The Collector,Boots of Swiftness,Infinity Edge,No_Item,No_Item,No_Item,Farsight Alteration,Luden's Companion,Zaz'Zak's Realmspike,Control Ward,Dark Seal,Oblivion Orb,Sorcerer's Shoes,Oracle Lens,Cosmic Drive,No_Item,Ionian Boots of Lucidity,Doran's Ring,Fimbulwinter,No_Item,Stealth Ward,Mercury's Treads,Titanic Hydra,Kraken Slayer,No_Item,Maw of Malmortius,No_Item,Oracle Lens,Doran's Blade,Muramana,Trinity Force,Lord Dominik's Regards,Boots,Pickaxe,Farsight Alteration,No_Item,Guinsoo's Rageblade,Berserker's Greaves,Runaan's Hurricane,Wit's End,Doran's Blade,Farsight Alteration,Solstice Sleigh,Shurelya's Battlesong,No_Item,Imperial Mandate,Kindlegem,Ionian Boots of Lucidity,Oracle Lens,Conqueror,Sorcery,Aftershock,Inspiration,Electrocute,Precision,Fleet Footwork,Sorcery,Arcane Comet,Domination,Arcane Comet,Inspiration,Conqueror,Inspiration,Conqueror,Inspiration,Lethal Tempo,Resolve,Summon Aery,Precision,Flash,Teleport,Flash,Smite,Flash,Teleport,Flash,Barrier,Flash,Exhaust,Flash,Teleport,Flash,Smite,Flash,Teleport,Flash,Ghost,Heal,Flash,0,3,0,1,3,0
https://www.op.gg/summoners/euw/yuqi-golem/matches/34-jfPz6TmxbMuCq4z1WkuFYdnhgNwAxHrCLdqthC-U%3D/1731812135000,1,49,35,35,49,57,67,89,71,23,22,2,0,1,0,9,2,3,0,68627,61335,16.0,15.6,853,891,27.8,28.9,7292,-7292,2237.2904761904765,1999.5659340659342,Quinn,Sylas,Ambessa,Caitlyn,Thresh,Renekton,Elise,Taliyah,Seraphine,Jarvan IV,Stridebreaker,No_Item,The Collector,Lord Dominik's Regards,Synchronized Souls,Cloak of Agility,Farsight Alteration,Banshee's Veil,Dark Seal,Lich Bane,Rabadon's Deathcap,Mercury's Treads,Amplifying Tome,Oracle Lens,Spear of Shojin,Voltaic Cyclosword,Caulfield's Warhammer,Mercury's Treads,Maw of Malmortius,Steel Sigil,Stealth Ward,The Collector,Bloodthirster,Infinity Edge,Berserker's Greaves,Rapid Firecannon,Last Whisper,Farsight Alteration,Celestial Opposition,Knight's Vow,Locket of the Iron Solari,No_Item,Spectre's Cowl,Mercury's Treads,Oracle Lens,Stridebreaker,Plated Steelcaps,Black Cleaver,Sterak's Gage,Caulfield's Warhammer,No_Item,Oracle Lens,Shadowflame,Stormsurge,Void Staff,Control Ward,Sorcerer's Shoes,Needlessly Large Rod,Oracle Lens,Blighting Jewel,Seraph's Embrace,Dark Seal,Sorcerer's Shoes,Liandry's Torment,Shadowflame,Farsight Alteration,Seraph's Embrace,Ionian Boots of Lucidity,Blackfire Torch,Rylai's Crystal Scepter,Amplifying Tome,Amplifying Tome,Farsight Alteration,Bloodsong,Eclipse,Long Sword,Umbral Glaive,Synchronized Souls,Last Whisper,Oracle Lens,Electrocute,Sorcery,Dark Harvest,Inspiration,Conqueror,Resolve,Fleet Footwork,Sorcery,Aftershock,Domination,Press the Attack,Resolve,Dark Harvest,Precision,Electrocute,Sorcery,Summon Aery,Precision,Hail of Blades,Resolve,Flash,Ignite,Flash,Smite,Flash,Teleport,Flash,Cleanse,Flash,Ignite,Flash,Teleport,Flash,Smite,Flash,Teleport,Teleport,Flash,Ignite,Flash,1,3,2,0,0,0
https://www.op.gg/summoners/euw/yuqi-golem/matches/34-jfPz6TmywbzNXehrkt1J7VpnhVzNULAACS2EBJCE%3D/1731809236000,1,16,7,7,16,7,12,29,25,4,4,1,1,0,0,2,0,1,1,31902,26850,10.2,9.6,503,467,30.599999999999998,28.5,5052,-5052,1949.5666666666666,1640.8333333333333,Ahri,Udyr,Gragas,Kalista,Seraphine,Ornn,Bel'Veth,Yone,Karthus,Senna,Ionian Boots of Lucidity,Malignance,Control Ward,Doran's Ring,Amplifying Tome,Amplifying Tome,Stealth Ward,Gustwalker Hatchling,Dark Seal,Giant's Belt,Liandry's Torment,No_Item,Boots of Swiftness,Oracle Lens,Ionian Boots of Lucidity,Cosmic Drive,Kindlegem,Tear of the Goddess,Doran's Ring,Ruby Crystal,Stealth Ward,Hubris,Serrated Dirk,Boots of Swiftness,Pickaxe,No_Item,No_Item,Stealth Ward,Control Ward,Dream Maker,Ionian Boots of Lucidity,Bandleglass Mirror,Echoes of Helia,No_Item,Oracle Lens,Doran's Shield,Sunfire Aegis,Mercury's Treads,No_Item,No_Item,No_Item,Stealth Ward,Tiamat,Kraken Slayer,Boots,Dagger,Gustwalker Hatchling,Long Sword,Oracle Lens,Doran's Shield,Berserker's Greaves,Blade of The Ruined King,Cloak of Agility,No_Item,No_Item,Stealth Ward,Doran's Ring,Blackfire Torch,Sorcerer's Shoes,No_Item,No_Item,Dark Seal,Farsight Alteration,Bloodsong,Boots of Swiftness,Phage,Kindlegem,No_Item,No_Item,Oracle Lens,Summon Aery,Inspiration,Conqueror,Inspiration,Phase Rush,Precision,Hail of Blades,Precision,Summon Aery,Resolve,Grasp of the Undying,Precision,Conqueror,Domination,Fleet Footwork,Resolve,Dark Harvest,Precision,Grasp of the Undying,Precision,Teleport,Flash,Flash,Smite,Flash,Teleport,Flash,Cleanse,Flash,Heal,Flash,Teleport,Flash,Smite,Flash,Teleport,Flash,Exhaust,Heal,Flash,0,6,0,0,0,0
https://www.op.gg/summoners/euw/yuqi-golem/matches/34-jfPz6Tmwkv5scePSjMJOXde8WGGpS7-TpjBycoic%3D/1731807649000,0,10,28,28,10,36,11,35,33,3,5,0,2,0,0,0,8,0,2,30708,43030,10.0,11.6,510,541,26.5,28.2,-12322,12322,1607.371875,2252.3515625,Pantheon,Hecarim,Yone,Caitlyn,Neeko,Nidalee,Vi,Gragas,Jhin,Karma,Ionian Boots of Lucidity,Eclipse,Tunneler,Caulfield's Warhammer,No_Item,No_Item,Stealth Ward,Ruby Crystal,Eclipse,Ionian Boots of Lucidity,Pickaxe,Ruby Crystal,No_Item,Stealth Ward,Doran's Shield,Phage,Control Ward,Blade of The Ruined King,Dagger,Berserker's Greaves,Farsight Alteration,Doran's Blade,Hubris,Pickaxe,Boots,Long Sword,Long Sword,Farsight Alteration,Celestial Opposition,Ionian Boots of Lucidity,No_Item,No_Item,No_Item,Hextech Rocketbelt,Oracle Lens,Fiendish Codex,Lich Bane,Doran's Blade,Plated Steelcaps,Mejai's Soulstealer,No_Item,Farsight Alteration,No_Item,Sundered Sky,Plated Steelcaps,Phage,Kindlegem,No_Item,Oracle Lens,Doran's Ring,Cosmic Drive,Ionian Boots of Lucidity,Tear of the Goddess,Giant's Belt,Kindlegem,Oracle Lens,Doran's Blade,The Collector,Boots of Swiftness,Youmuu's Ghostblade,Rapid Firecannon,B. F. Sword,Farsight Alteration,Zaz'Zak's Realmspike,Amplifying Tome,Malignance,Ionian Boots of Lucidity,Fiendish Codex,Control Ward,Oracle Lens,Press the Attack,Sorcery,Phase Rush,Precision,Fleet Footwork,Resolve,First Strike,Sorcery,Arcane Comet,Domination,Grasp of the Undying,Precision,Conqueror,Inspiration,Grasp of the Undying,Sorcery,Dark Harvest,Precision,Arcane Comet,Domination,Ignite,Flash,Ghost,Smite,Teleport,Flash,Flash,Ghost,Ignite,Flash,Flash,Ignite,Flash,Smite,Flash,Teleport,Flash,Cleanse,Ignite,Flash,0,4,0,1,2,1
https://www.op.gg/summoners/euw/yuqi-golem/matches/34-jfPz6TmzfA2SXrhBpfnIkih4vP5awn-h9-RqD-dE%3D/1731805982000,0,19,39,39,19,60,27,53,51,9,12,0,3,0,1,1,11,0,4,40826,58363,12.0,14.2,593,818,25.8,35.6,-17537,17537,1769.1266666666668,2529.0633333333335,Fiora,Lee Sin,Hwei,Corki,Janna,Gnar,Karthus,Nidalee,Jhin,Senna,Doran's Shield,Null-Magic Mantle,Bloodthirster,Plated Steelcaps,Long Sword,Stridebreaker,Oracle Lens,Phage,Eclipse,Sundered Sky,Control Ward,Mercury's Treads,No_Item,Stealth Ward,Horizon Focus,Control Ward,Dark Seal,Luden's Companion,Sorcerer's Shoes,Doran's Ring,Farsight Alteration,Hubris,The Collector,Long Sword,Boots,Pickaxe,No_Item,Stealth Ward,Dream Maker,Boots of Swiftness,Redemption,Moonstone Renewer,No_Item,No_Item,Oracle Lens,Doran's Blade,Black Cleaver,Trinity Force,Recurve Bow,Cull,Plated Steelcaps,Stealth Ward,Shadowflame,No_Item,Sorcerer's Shoes,Mejai's Soulstealer,Stormsurge,Blackfire Torch,Oracle Lens,Shadowflame,Amplifying Tome,Lich Bane,Sorcerer's Shoes,Rabadon's Deathcap,No_Item,Stealth Ward,Doran's Blade,Rapid Firecannon,The Collector,Cloak of Agility,Pickaxe,Boots of Swiftness,Farsight Alteration,Black Cleaver,Bloodsong,No_Item,Rapid Firecannon,Boots of Swiftness,No_Item,Oracle Lens,Press the Attack,Resolve,Conqueror,Inspiration,Arcane Comet,Inspiration,Hail of Blades,Precision,Arcane Comet,Domination,Grasp of the Undying,Precision,Dark Harvest,Precision,Grasp of the Undying,Precision,Dark Harvest,Precision,Fleet Footwork,Sorcery,Flash,Teleport,Flash,Smite,Flash,Teleport,Flash,Barrier,Flash,Heal,Flash,Teleport,Flash,Smite,Flash,Ignite,Barrier,Flash,Flash,Heal,0,1,0,1,5,3
https://www.op.gg/summoners/euw/yuqi-golem/matches/34-jfPz6TmwVAK1NFdQDwqIBfWhqLdw-pCC2-5m4Hnw%3D/1731666842000,1,32,10,10,32,15,53,56,50,19,15,2,1,1,0,9,2,3,1,59327,46098,14.8,13.2,857,817,32.1,30.599999999999998,13229,-13229,2229.2569696969695,1732.1672727272728,Galio,Skarner,LeBlanc,Jhin,Janna,Gnar,Shaco,Smolder,Karthus,Nami,"Jak'Sho, The Protean",Amplifying Tome,Sorcerer's Shoes,Riftmaker,Cloth Armor,Sunfire Aegis,Oracle Lens,Control Ward,Heartsteel,Thornmail,Warmog's Armor,Slightly Magical Footwear,Unending Despair,Oracle Lens,Luden's Companion,Stormsurge,Amplifying Tome,Dark Seal,Doran's Ring,Sorcerer's Shoes,Oracle Lens,Infinity Edge,Youmuu's Ghostblade,The Collector,Rapid Firecannon,Vampiric Scepter,Boots of Swiftness,Farsight Alteration,Zaz'Zak's Realmspike,Shurelya's Battlesong,Kindlegem,Boots of Swiftness,Echoes of Helia,Forbidden Idol,Oracle Lens,Long Sword,Ruby Crystal,Trinity Force,Mercury's Treads,Doran's Blade,Black Cleaver,Farsight Alteration,Stridebreaker,Berserker's Greaves,Eclipse,Long Sword,Long Sword,No_Item,Oracle Lens,Muramana,Refillable Potion,Rapid Firecannon,Spear of Shojin,Mercury's Treads,No_Item,Stealth Ward,Blackfire Torch,Liandry's Torment,Ruby Crystal,Sorcerer's Shoes,No_Item,Doran's Ring,Farsight Alteration,Imperial Mandate,Dark Seal,Dream Maker,Ionian Boots of Lucidity,Control Ward,Fiendish Codex,Oracle Lens,Phase Rush,Inspiration,Aftershock,Inspiration,Electrocute,Sorcery,Dark Harvest,Precision,Summon Aery,Domination,Grasp of the Undying,Precision,Hail of Blades,Precision,Fleet Footwork,Resolve,Dark Harvest,Precision,Summon Aery,Resolve,Flash,Teleport,Flash,Smite,Teleport,Ignite,Flash,Barrier,Flash,Heal,Flash,Teleport,Smite,Ignite,Flash,Teleport,Flash,Exhaust,Heal,Flash,1,6,2,0,0,0
https://www.op.gg/summoners/euw/yuqi-golem/matches/34-jfPz6TmyS3ubJZ73FBBjIysUBgqs4dqaS9J5dAz4%3D/1731664724000,1,31,17,17,31,20,63,87,70,22,25,4,0,1,1,7,4,5,1,62040,54641,16.0,14.4,936,889,30.0,28.4,7399,-7399,1976.764705882353,1741.012254901961,Aurora,Vi,Corki,Jhin,Braum,Gragas,Shaco,Orianna,Ezreal,Poppy,Mercury's Treads,Malignance,Doran's Ring,Mejai's Soulstealer,Cosmic Drive,Needlessly Large Rod,Farsight Alteration,Mercury's Treads,Sundered Sky,Black Cleaver,Death's Dance,Tunneler,Ruby Crystal,Stealth Ward,Doran's Blade,Muramana,Plated Steelcaps,Trinity Force,Rapid Firecannon,Long Sword,Farsight Alteration,Youmuu's Ghostblade,Lord Dominik's Regards,The Collector,Boots of Swiftness,Pickaxe,B. F. Sword,Farsight Alteration,Negatron Cloak,Locket of the Iron Solari,Solstice Sleigh,Plated Steelcaps,Control Ward,Knight's Vow,Oracle Lens,Warden's Mail,Zhonya's Hourglass,Cosmic Drive,Ionian Boots of Lucidity,Fimbulwinter,Control Ward,Oracle Lens,Infinity Edge,Lord Dominik's Regards,Youmuu's Ghostblade,Berserker's Greaves,Serrated Dirk,No_Item,Oracle Lens,Zhonya's Hourglass,Liandry's Torment,Blasting Wand,Sorcerer's Shoes,Seraph's Embrace,Dark Seal,Farsight Alteration,Doran's Blade,Trinity Force,Muramana,Spear of Shojin,Long Sword,Ionian Boots of Lucidity,Farsight Alteration,Solstice Sleigh,Trailblazer,Control Ward,No_Item,Plated Steelcaps,Locket of the Iron Solari,Oracle Lens,Grasp of the Undying,Sorcery,Hail of Blades,Inspiration,Conqueror,Inspiration,Dark Harvest,Precision,Guardian,Inspiration,Phase Rush,Inspiration,Hail of Blades,Inspiration,Summon Aery,Precision,Conqueror,Inspiration,Aftershock,Inspiration,Flash,Teleport,Flash,Smite,Flash,Teleport,Flash,Barrier,Heal,Flash,Flash,Teleport,Ignite,Smite,Flash,Teleport,Flash,Barrier,Flash,Ignite,0,1,1,1,2,0
https://www.op.gg/summoners/euw/yuqi-golem/matches/34-jfPz6TmwuSn32muzC51G9XDZnA3Eq0GYA3pI2Bwg%3D/1731662497000,1,21,9,9,22,8,28,30,31,12,6,1,1,0,0,2,0,1,1,31996,26975,10.2,9.4,484,489,31.0,31.3,5021,-5021,2060.348484848485,1737.0265151515152,Renekton,Teemo,Qiyana,Caitlyn,Lux,Maokai,Udyr,Yone,Draven,Pyke,Doran's Blade,Black Cleaver,Mercury's Treads,No_Item,No_Item,No_Item,Stealth Ward,Gustwalker Hatchling,Sorcerer's Shoes,Control Ward,Nashor's Tooth,Dark Seal,Amplifying Tome,Oracle Lens,Hubris,Refillable Potion,Ionian Boots of Lucidity,Serpent's Fang,Long Sword,Long Sword,Oracle Lens,Doran's Blade,The Collector,Berserker's Greaves,B. F. Sword,Control Ward,No_Item,Farsight Alteration,Plated Steelcaps,Locket of the Iron Solari,Celestial Opposition,Control Ward,No_Item,No_Item,Oracle Lens,Doran's Shield,Tear of the Goddess,Unending Despair,Plated Steelcaps,Giant's Belt,Glowing Mote,Stealth Ward,Mosstomper Seedling,Dark Seal,Mercury's Treads,Liandry's Torment,No_Item,No_Item,Oracle Lens,Berserker's Greaves,Refillable Potion,No_Item,Doran's Blade,Blade of The Ruined King,No_Item,Stealth Ward,Doran's Blade,Bloodthirster,No_Item,Boots,Long Sword,Long Sword,Farsight Alteration,Celestial Opposition,Refillable Potion,Ionian Boots of Lucidity,Serrated Dirk,Caulfield's Warhammer,No_Item,Oracle Lens,Conqueror,Resolve,Dark Harvest,Inspiration,Electrocute,Precision,Fleet Footwork,Sorcery,Aftershock,Domination,Grasp of the Undying,Sorcery,Conqueror,Resolve,Lethal Tempo,Resolve,Press the Attack,Inspiration,Hail of Blades,Resolve,Flash,Teleport,Flash,Smite,Flash,Teleport,Flash,Barrier,Flash,Heal,Flash,Teleport,Flash,Smite,Flash,Teleport,Flash,Barrier,Flash,Ignite,0,5,0,0,1,0
https://www.op.gg/summoners/euw/yuqi-golem/matches/34-jfPz6Tmxx5RpdMEFOMs0o5ug2izWSX6Ksi1_6i-c%3D/1731661265000,1,7,2,2,7,1,4,9,6,1,0,0,0,0,0,0,0,0,0,13052,9757,5.8,5.0,197,143,27.2,19.7,3295,-3295,1794.65,1341.5875,Maokai,Jarvan IV,Swain,Corki,Sona,Fiora,Diana,Galio,Jhin,Nami,Doran's Shield,Tear of the Goddess,Chain Vest,Boots,Health Potion,No_Item,Stealth Ward,Scorchclaw Pup,Caulfield's Warhammer,Dagger,Pickaxe,Long Sword,No_Item,Stealth Ward,Doran's Ring,Boots,Amplifying Tome,Dark Seal,No_Item,No_Item,Stealth Ward,Boots,Total Biscuit of Everlasting Will,Hearthbound Axe,Sheen,Tear of the Goddess,Doran's Blade,Stealth Ward,Faerie Charm,World Atlas,Boots of Swiftness,No_Item,No_Item,No_Item,Oracle Lens,Doran's Blade,Tiamat,Refillable Potion,No_Item,No_Item,No_Item,Stealth Ward,Scorchclaw Pup,Aether Wisp,Dark Seal,No_Item,No_Item,No_Item,Oracle Lens,Doran's Shield,Refillable Potion,Control Ward,Boots,Bami's Cinder,No_Item,Stealth Ward,Doran's Blade,No_Item,No_Item,No_Item,No_Item,No_Item,Stealth Ward,No_Item,World Atlas,No_Item,No_Item,No_Item,No_Item,Stealth Ward,Grasp of the Undying,Sorcery,Conqueror,Inspiration,Conqueror,Sorcery,Conqueror,Inspiration,Summon Aery,Precision,Grasp of the Undying,Domination,Conqueror,Inspiration,Aftershock,Sorcery,Fleet Footwork,Sorcery,Summon Aery,Domination,Flash,Teleport,Flash,Smite,Flash,Ghost,Flash,Barrier,Heal,Flash,Flash,Teleport,Smite,Flash,Teleport,Flash,Ghost,Flash,Flash,Heal,0,3,0,0,0,0
https://www.op.gg/summoners/euw/yuqi-golem/matches/34-jfPz6TmwQaAuKERxzdnf46f3NGfUa9PVWU5IMh7E%3D/1731660290000,0,26,41,42,27,70,34,69,90,34,27,3,2,1,1,4,10,4,3,63735,71451,15.6,17.0,1005,1030,30.8,31.4,-7716,7716,1958.5234375,2195.6296875000003,Maokai,Graves,Sylas,Corki,Lulu,Aurora,Skarner,Vex,Lucian,Nami,Unending Despair,Ruby Crystal,Cloth Armor,Spirit Visage,Ionian Boots of Lucidity,Fimbulwinter,Oracle Lens,Maw of Malmortius,The Collector,Lord Dominik's Regards,No_Item,Mercury's Treads,Youmuu's Ghostblade,Oracle Lens,Hextech Rocketbelt,Zhonya's Hourglass,Blasting Wand,Blighting Jewel,Cosmic Drive,Mercury's Treads,Oracle Lens,Berserker's Greaves,Trinity Force,Essence Reaver,Lord Dominik's Regards,Infinity Edge,No_Item,Farsight Alteration,Dream Maker,Redemption,Mikael's Blessing,Ionian Boots of Lucidity,Moonstone Renewer,Control Ward,Oracle Lens,Mercury's Treads,Cosmic Drive,Liandry's Torment,Rabadon's Deathcap,Void Staff,Doran's Ring,Farsight Alteration,Titanic Hydra,Sterak's Gage,Heartsteel,Unending Despair,Plated Steelcaps,Null-Magic Mantle,Oracle Lens,Rabadon's Deathcap,Luden's Companion,Shattered Armguard,Dark Seal,Void Staff,Sorcerer's Shoes,Oracle Lens,Slightly Magical Footwear,Noonquiver,Last Whisper,Rapid Firecannon,Infinity Edge,The Collector,Farsight Alteration,Echoes of Helia,Dream Maker,Moonstone Renewer,Aether Wisp,Boots of Swiftness,Imperial Mandate,Oracle Lens,Grasp of the Undying,Sorcery,Dark Harvest,Precision,Electrocute,Resolve,Conqueror,Inspiration,Summon Aery,Resolve,Grasp of the Undying,Sorcery,Aftershock,Inspiration,Electrocute,Sorcery,Press the Attack,Inspiration,Summon Aery,Domination,Flash,Teleport,Flash,Smite,Flash,Teleport,Flash,Barrier,Flash,Heal,Flash,Teleport,Flash,Smite,Flash,Ignite,Flash,Barrier,Flash,Heal,1,0,0,0,6,2
,,-1,-1,-1,-1,-1,-1,-1,-1,-1,-1,-1,-1,-1,-1,-1,-1,-1,-1,-1,-1,-1.0,-1.0,-1,-1,-1.0,-1.0,-1,-1,-1.0,-1.0,,,,,,,,,,,,,,,,,,,,,,,,,,,,,,,,,,,,,,,,,,,,,,,,,,,,,,,,,,,,,,,,,,,,,,,,,,,,,,,,,,,,,,,,,,,,,,,,,,,,,,,,,,,,,,,,,,,,,,,,,-1,-1,-1,-1,-1,-1
