GAME_ID,BLUE_WIN,BLUE_KILLS,RED_KILLS,BLUE_DEATHS,RED_DEATHS,RED_ASSISTS,BLUE_ASSISTS,BLUE_WARDS_PLACED,RED_WARDS_PLACED,BLUE_WARDS_DESTROYED,RED_WARDS_DESTROYED,BLUE_DRAGONS,RED_DRAGONS,BLUE_BARONS,RED_BARONS,BLUE_TOWERS,RED_TOWERS,BLUE_ELITE_MONSTERS,RED_ELITE_MONSTERS,BLUE_TEAM_GOLD,RED_TEAM_GOLD,BLUE_TEAM_LEVEL,RED_TEAM_LEVEL,BLUE_TEAM_CS,RED_TEAM_CS,BLUE_TEAAM_CS_PER_MINUTE,RED_TEAAM_CS_PER_MINUTE,BLUE_GOLD_DIFF,RED_GOLD_DIFF,BLUE_GOLD_PER_MIN,RED_GOLD_PER_MIN,BLUE_TEAM_TOP,BLUE_TEAM_JNG,BLUE_TEAM_MID,BLUE_TEAM_ADC,BLUE_TEAM_SUP,RED_TEAM_TOP,RED_TEAM_JNG,RED_TEAM_MID,RED_TEAM_ADC,RED_TEAM_SUP,BLLUE_TEAM_TOP_ITEM_1,BLLUE_TEAM_TOP_ITEM_2,BLLUE_TEAM_TOP_ITEM_3,BLLUE_TEAM_TOP_ITEM_4,BLLUE_TEAM_TOP_ITEM_5,BLLUE_TEAM_TOP_ITEM_6,BLLUE_TEAM_TOP_ITEM_VISION,BLLUE_TEAM_JNG_ITEM_1,BLLUE_TEAM_JNG_ITEM_2,BLLUE_TEAM_JNG_ITEM_3,BLLUE_TEAM_JNG_ITEM_4,BLLUE_TEAM_JNG_ITEM_5,BLLUE_TEAM_JNG_ITEM_6,BLLUE_TEAM_JNG_ITEM_VISION,BLLUE_TEAM_MID_ITEM_1,BLLUE_TEAM_MID_ITEM_2,BLLUE_TEAM_MID_ITEM_3,BLLUE_TEAM_MID_ITEM_4,BLLUE_TEAM_MID_ITEM_5,BLLUE_TEAM_MID_ITEM_6,BLLUE_TEAM_MID_ITEM_VISION,BLLUE_TEAM_ADC_ITEM_1,BLLUE_TEAM_ADC_ITEM_2,BLLUE_TEAM_ADC_ITEM_3,BLLUE_TEAM_ADC_ITEM_4,BLLUE_TEAM_ADC_ITEM_5,BLLUE_TEAM_ADC_ITEM_6,BLLUE_TEAM_ADC_ITEM_VISION,BLLUE_TEAM_SUP_ITEM_1,BLLUE_TEAM_SUP_ITEM_2,BLLUE_TEAM_SUP_ITEM_3,BLLUE_TEAM_SUP_ITEM_4,BLLUE_TEAM_SUP_ITEM_5,BLLUE_TEAM_SUP_ITEM_6,BLLUE_TEAM_SUP_ITEM_VISION,RED_TEAM_TOP_ITEM_1,RED_TEAM_TOP_ITEM_2,RED_TEAM_TOP_ITEM_3,RED_TEAM_TOP_ITEM_4,RED_TEAM_TOP_ITEM_5,RED_TEAM_TOP_ITEM_6,RED_TEAM_TOP_ITEM_VISION,RED_TEAM_JNG_ITEM_1,RED_TEAM_JNG_ITEM_2,RED_TEAM_JNG_ITEM_3,RED_TEAM_JNG_ITEM_4,RED_TEAM_JNG_ITEM_5,RED_TEAM_JNG_ITEM_6,RED_TEAM_JNG_ITEM_VISION,RED_TEAM_MID_ITEM_1,RED_TEAM_MID_ITEM_2,RED_TEAM_MID_ITEM_3,RED_TEAM_MID_ITEM_4,RED_TEAM_MID_ITEM_5,RED_TEAM_MID_ITEM_6,RED_TEAM_MID_ITEM_VISION,RED_TEAM_ADC_ITEM_1,RED_TEAM_ADC_ITEM_2,RED_TEAM_ADC_ITEM_3,RED_TEAM_ADC_ITEM_4,RED_TEAM_ADC_ITEM_5,RED_TEAM_ADC_ITEM_6,RED_TEAM_ADC_ITEM_VISION,RED_TEAM_SUP_ITEM_1,RED_TEAM_SUP_ITEM_2,RED_TEAM_SUP_ITEM_3,RED_TEAM_SUP_ITEM_4,RED_TEAM_SUP_ITEM_5,RED_TEAM_SUP_ITEM_6,RED_TEAM_SUP_ITEM_VISION,BLUE_TEAM_TOP_RUNE_01,BLUE_TEAM_TOP_RUNE_02,BLUE_TEAM_JNG_RUNE_01,BLUE_TEAM_JNG_RUNE_02,BLUE_TEAM_MID_RUNE_01,BLUE_TEAM_MID_RUNE_02,BLUE_TEAM_ADC_RUNE_01,BLUE_TEAM_ADC_RUNE_02,BLUE_TEAM_SUP_RUNE_01,BLUE_TEAM_SUP_RUNE_02,RED_TEAM_TOP_RUNE_01,RED_TEAM_TOP_RUNE_02,RED_TEAM_JNG_RUNE_01,RED_TEAM_JNG_RUNE_02,RED_TEAM_MID_RUNE_01,RED_TEAM_MID_RUNE_02,RED_TEAM_ADC_RUNE_01,RED_TEAM_ADC_RUNE_02,RED_TEAM_SUP_RUNE_01,RED_TEAM_SUP_RUNE_02,BLUE_TEAM_TOP_SUMMONER_01,BLUE_TEAM_TOP_SUMMONER_02,BLUE_TEAM_JNG_SUMMONER_01,BLUE_TEAM_JNG_SUMMONER_02,BLUE_TEAM_MID_SUMMONER_01,BLUE_TEAM_MID_SUMMONER_02,BLUE_TEAM_ADC_SUMMONER_01,BLUE_TEAM_ADC_SUMMONER_02,BLUE_TEAM_SUP_SUMMONER_01,BLUE_TEAM_SUP_SUMMONER_02,RED_TEAM_TOP_SUMMONER_01,RED_TEAM_TOP_SUMMONER_02,RED_TEAM_JNG_SUMMONER_01,RED_TEAM_JNG_SUMMONER_02,RED_TEAM_MID_SUMMONER_01,RED_TEAM_MID_SUMMONER_02,RED_TEAM_ADC_SUMMONER_01,RED_TEAM_ADC_SUMMONER_02,RED_TEAM_SUP_SUMMONER_01,RED_TEAM_SUP_SUMMONER_02,BLUE_TEAM_RIFT_HERALDS,BLUE_TEAM_VOID_GRUBS,BLUE_TEAM_INHIBITORS,RED_TEAM_RIFT_HERALDS,RED_TEAM_VOID_GRUBS,RED_TEAM_INHIBITORS
https://www.op.gg/summoners/euw/Czekoladowski-BAR/matches/uRd1PvnOddpH1GAPZcy88Ml5HjKEvVAKDvwSYwOq4ls%3D/1734480522000,1,25,13,13,25,22,44,45,52,13,6,3,0,0,0,9,0,3,0,46911,35500,12.2,11.2,647,592,29.8,27.3,11411,-11411,2161.344502617801,1635.6020942408377,Gnar,Jarvan IV,Sylas,Hwei,Zyra,Cassiopeia,Xin Zhao,Aurora,Ashe,Thresh,Doran's Shield,Cloth Armor,Ruby Crystal,Sterak's Gage,Trinity Force,Mercury's Treads,Farsight Alteration,Sundered Sky,Mercury's Treads,Eclipse,No_Item,No_Item,No_Item,Oracle Lens,Aether Wisp,Hextech Rocketbelt,Doran's Ring,Dark Seal,Sorcerer's Shoes,Hextech Alternator,Oracle Lens,Doran's Ring,Sorcerer's Shoes,Luden's Companion,Refillable Potion,Shadowflame,Needlessly Large Rod,Farsight Alteration,Zaz'Zak's Realmspike,Liandry's Torment,Sorcerer's Shoes,Oblivion Orb,Blasting Wand,Blighting Jewel,Oracle Lens,Blasting Wand,Giant's Belt,No_Item,Seraph's Embrace,Rod of Ages,Amplifying Tome,Stealth Ward,No_Item,Sundered Sky,Plated Steelcaps,Pickaxe,Tunneler,No_Item,Oracle Lens,Doran's Ring,Dark Seal,Amplifying Tome,Luden's Companion,Sorcerer's Shoes,Blighting Jewel,Stealth Ward,Berserker's Greaves,Kraken Slayer,Zeal,Dagger,Dagger,Doran's Blade,Farsight Alteration,Force of Nature,Solstice Sleigh,Control Ward,No_Item,No_Item,Boots of Swiftness,Oracle Lens,Fleet Footwork,Resolve,Conqueror,Inspiration,Electrocute,Resolve,Arcane Comet,Precision,Arcane Comet,Precision,Conqueror,Sorcery,Conqueror,Inspiration,Electrocute,Sorcery,Lethal Tempo,Inspiration,Aftershock,Inspiration,Teleport,Flash,Smite,Flash,Flash,Teleport,Flash,Teleport,Flash,Ignite,Flash,Teleport,Flash,Smite,Teleport,Flash,Barrier,Flash,Flash,Ignite,1,1,1,0,2,0
https://www.op.gg/summoners/euw/Czekoladowski-BAR/matches/uRd1PvnOddoWhHKpLJaI3NJ3OETro55MHqiAQ9Owwss%3D/1734478559000,0,3,20,20,3,32,7,54,56,21,18,1,3,0,0,0,8,1,3,36432,50461,12.0,14.2,758,904,30.5,36.4,-14029,14029,1460.7169811320755,2023.2004716981132,Aurora,Graves,Yone,Corki,Braum,K'Sante,Talon,Zac,Varus,Thresh,Doran's Ring,Blackfire Torch,Liandry's Torment,Sorcerer's Shoes,Amplifying Tome,No_Item,Farsight Alteration,Youmuu's Ghostblade,The Collector,No_Item,Boots,No_Item,No_Item,Oracle Lens,Doran's Blade,Tiamat,Berserker's Greaves,Blade of The Ruined King,Dagger,Phage,Farsight Alteration,Doran's Blade,Plated Steelcaps,Muramana,Trinity Force,No_Item,No_Item,Farsight Alteration,Knight's Vow,Mercury's Treads,Control Ward,Solstice Sleigh,No_Item,No_Item,Oracle Lens,Plated Steelcaps,"Jak'Sho, The Protean",Tear of the Goddess,Kaenic Rookern,Kindlegem,Chain Vest,Oracle Lens,Opportunity,Boots of Swiftness,Youmuu's Ghostblade,Hubris,Serrated Dirk,No_Item,Oracle Lens,Doran's Shield,Hextech Rocketbelt,Boots,Spirit Visage,Unending Despair,No_Item,Stealth Ward,Youmuu's Ghostblade,Muramana,Serrated Dirk,Doran's Blade,Long Sword,Boots of Swiftness,Farsight Alteration,Trailblazer,Solstice Sleigh,No_Item,Kindlegem,No_Item,Boots of Swiftness,Oracle Lens,Summon Aery,Domination,Dark Harvest,Precision,Conqueror,Resolve,Conqueror,Inspiration,Guardian,Inspiration,Grasp of the Undying,Inspiration,Conqueror,Inspiration,Conqueror,Resolve,Arcane Comet,Precision,Aftershock,Inspiration,Flash,Teleport,Smite,Flash,Teleport,Flash,Flash,Cleanse,Flash,Heal,Teleport,Flash,Ignite,Smite,Flash,Teleport,Barrier,Flash,Flash,Ignite,0,2,0,1,4,1
https://www.op.gg/summoners/euw/Czekoladowski-BAR/matches/uRd1PvnOddoXXL34nGPT-yqIJRL1QV3F8mNin8UVQ8Q%3D/1734476218000,0,19,32,32,19,53,23,86,113,36,38,0,4,0,1,3,10,0,5,57989,73808,15.2,17.0,1028,1162,30.599999999999998,34.6,-15819,15819,1727.331914893617,2198.536170212766,Yone,Taliyah,Azir,Ashe,Milio,Corki,Jarvan IV,Viktor,Riven,Pyke,Cloak of Agility,Immortal Shieldbow,B. F. Sword,Blade of The Ruined King,Berserker's Greaves,No_Item,Farsight Alteration,Zhonya's Hourglass,Sorcerer's Shoes,Liandry's Torment,Blackfire Torch,Blighting Jewel,No_Item,Oracle Lens,Zhonya's Hourglass,Blighting Jewel,Blasting Wand,Sorcerer's Shoes,Liandry's Torment,Nashor's Tooth,Farsight Alteration,Kraken Slayer,Infinity Edge,Executioner's Calling,No_Item,Phantom Dancer,Berserker's Greaves,Farsight Alteration,Redemption,Dream Maker,Dark Seal,Staff of Flowing Water,Echoes of Helia,Ionian Boots of Lucidity,Oracle Lens,The Collector,Trinity Force,Mercury's Treads,Mortal Reminder,Muramana,Pickaxe,Farsight Alteration,Sundered Sky,Eclipse,Spectre's Cowl,Plated Steelcaps,Spirit Visage,No_Item,Oracle Lens,Sorcerer's Shoes,Luden's Companion,Lich Bane,Rabadon's Deathcap,Dark Seal,Void Staff,Farsight Alteration,Eclipse,Maw of Malmortius,Doran's Blade,Ionian Boots of Lucidity,Sundered Sky,Death's Dance,Oracle Lens,Celestial Opposition,Refillable Potion,Synchronized Souls,Control Ward,Umbral Glaive,Edge of Night,Oracle Lens,Grasp of the Undying,Precision,Dark Harvest,Inspiration,Conqueror,Resolve,Lethal Tempo,Inspiration,Summon Aery,Resolve,Conqueror,Inspiration,Conqueror,Inspiration,Summon Aery,Resolve,Conqueror,Inspiration,Hail of Blades,Inspiration,Teleport,Flash,Smite,Flash,Teleport,Flash,Barrier,Flash,Flash,Heal,Flash,Barrier,Flash,Smite,Flash,Teleport,Flash,Ignite,Flash,Ignite,0,3,0,1,3,1
https://www.op.gg/summoners/euw/Czekoladowski-BAR/matches/uRd1PvnOddo2e-QPHHMP2w8Ic2gcKNP75t_aGWTdgd4%3D/1734390752000,1,36,16,16,37,15,46,78,55,31,26,2,1,1,0,9,3,3,1,60098,49122,15.2,13.6,906,829,34.8,31.7,10976,-10976,2302.8205607476634,1882.2448598130838,Gragas,Viego,Ahri,Caitlyn,Pyke,Riven,Fiddlesticks,Yone,Ezreal,Lulu,Doran's Ring,Fimbulwinter,Cosmic Drive,Ionian Boots of Lucidity,Kindlegem,Amplifying Tome,Oracle Lens,Titanic Hydra,Kraken Slayer,No_Item,Sundered Sky,Mercury's Treads,Long Sword,Oracle Lens,Malignance,Zhonya's Hourglass,Lich Bane,Needlessly Large Rod,Sorcerer's Shoes,Doran's Ring,Oracle Lens,Doran's Blade,The Collector,Infinity Edge,Lord Dominik's Regards,Zeal,Berserker's Greaves,Farsight Alteration,Celestial Opposition,Edge of Night,Control Ward,Umbral Glaive,Long Sword,Mercury's Treads,Oracle Lens,Eclipse,Sundered Sky,Plated Steelcaps,Death's Dance,Hexdrinker,Long Sword,Stealth Ward,Sorcerer's Shoes,Hextech Rocketbelt,Zhonya's Hourglass,Dark Seal,Liandry's Torment,No_Item,Scarecrow Effigy,Blade of The Ruined King,Doran's Shield,Berserker's Greaves,Immortal Shieldbow,No_Item,No_Item,Stealth Ward,Muramana,Refillable Potion,Caulfield's Warhammer,Trinity Force,No_Item,Ionian Boots of Lucidity,Farsight Alteration,Redemption,Dream Maker,No_Item,No_Item,Ionian Boots of Lucidity,Moonstone Renewer,Oracle Lens,Phase Rush,Inspiration,Conqueror,Inspiration,Electrocute,Sorcery,Lethal Tempo,Sorcery,Hail of Blades,Resolve,Conqueror,Sorcery,Dark Harvest,Inspiration,Lethal Tempo,Resolve,Conqueror,Inspiration,Summon Aery,Resolve,Flash,Teleport,Smite,Flash,Flash,Teleport,Barrier,Flash,Flash,Ignite,Flash,Teleport,Flash,Smite,Teleport,Flash,Flash,Barrier,Flash,Heal,1,4,1,0,2,0
https://www.op.gg/summoners/euw/Czekoladowski-BAR/matches/uRd1PvnOddpfZBJqGZYW-FmLe_Bva-nsWMQsInjsxT8%3D/1734388364000,1,17,8,8,17,9,15,30,25,7,8,0,0,0,0,2,0,0,0,30813,25097,9.6,8.6,489,420,32.0,27.5,5716,-5716,2010.6788135593222,1637.6855932203391,Jax,Xin Zhao,Ahri,Ezreal,Lulu,Viktor,Graves,Sylas,Varus,Janna,Doran's Shield,Trinity Force,Plated Steelcaps,Caulfield's Warhammer,Ruby Crystal,No_Item,Stealth Ward,Mosstomper Seedling,Sundered Sky,Ruby Crystal,Slightly Magical Footwear,Long Sword,Long Sword,Oracle Lens,Doran's Ring,Dark Seal,Malignance,Refillable Potion,Sorcerer's Shoes,No_Item,Oracle Lens,Refillable Potion,Slightly Magical Footwear,Trinity Force,Doran's Blade,Tear of the Goddess,Long Sword,Stealth Ward,Dream Maker,Forbidden Idol,No_Item,Kindlegem,Boots,Moonstone Renewer,Oracle Lens,Doran's Ring,Refillable Potion,Boots,Ruby Crystal,Chain Vest,Tear of the Goddess,Oracle Lens,Scorchclaw Pup,Youmuu's Ghostblade,The Collector,Long Sword,Boots,No_Item,Oracle Lens,Doran's Shield,Refillable Potion,Boots,Hextech Rocketbelt,Dark Seal,Glowing Mote,Oracle Lens,Doran's Blade,Refillable Potion,Youmuu's Ghostblade,Ionian Boots of Lucidity,Tear of the Goddess,Long Sword,Stealth Ward,Dream Maker,Boots of Swiftness,Dark Seal,Echoes of Helia,No_Item,No_Item,Oracle Lens,Grasp of the Undying,Inspiration,Conqueror,Inspiration,Electrocute,Sorcery,Press the Attack,Inspiration,Summon Aery,Resolve,Grasp of the Undying,Sorcery,Dark Harvest,Precision,Conqueror,Resolve,Arcane Comet,Inspiration,Summon Aery,Resolve,Flash,Teleport,Flash,Smite,Flash,Teleport,Barrier,Flash,Flash,Heal,Teleport,Flash,Flash,Smite,Flash,Teleport,Flash,Barrier,Flash,Heal,0,6,0,0,0,0
https://www.op.gg/summoners/euw/Czekoladowski-BAR/matches/uRd1PvnOddoeRaslTQkm0kSuGUhCWTajVnMcGXSCCec%3D/1734386962000,1,37,17,17,38,19,44,40,45,8,10,2,1,0,1,9,2,2,2,49153,42946,12.6,12.2,613,649,27.6,29.2,6207,-6207,2219.8129032258066,1939.4967741935484,Malphite,Volibear,Qiyana,Hwei,Lulu,Gwen,Jarvan IV,Viktor,Jhin,Senna,Unending Despair,Hollow Radiance,Plated Steelcaps,Ruby Crystal,No_Item,No_Item,Oracle Lens,Spirit Visage,Ionian Boots of Lucidity,Dead Man's Plate,Tunneler,Mejai's Soulstealer,Ruby Crystal,Oracle Lens,Youmuu's Ghostblade,Serpent's Fang,Ionian Boots of Lucidity,Last Whisper,Long Sword,Long Sword,Oracle Lens,Doran's Ring,Luden's Companion,Sorcerer's Shoes,Rabadon's Deathcap,Shadowflame,No_Item,Farsight Alteration,Redemption,Dream Maker,Forbidden Idol,Moonstone Renewer,Ionian Boots of Lucidity,No_Item,Oracle Lens,Doran's Ring,Needlessly Large Rod,Shadowflame,Sorcerer's Shoes,Dark Seal,Nashor's Tooth,Farsight Alteration,Sundered Sky,Eclipse,Tunneler,Slightly Magical Footwear,No_Item,No_Item,Oracle Lens,Doran's Ring,Blackfire Torch,Sorcerer's Shoes,Liandry's Torment,Blighting Jewel,No_Item,Farsight Alteration,Boots of Swiftness,Hubris,Last Whisper,The Collector,Cloak of Agility,Doran's Blade,Farsight Alteration,Dream Maker,Kindlegem,Control Ward,Echoes of Helia,Bandleglass Mirror,Boots of Swiftness,Oracle Lens,Arcane Comet,Resolve,Press the Attack,Sorcery,Electrocute,Precision,Arcane Comet,Precision,Summon Aery,Resolve,Conqueror,Resolve,Conqueror,Inspiration,First Strike,Sorcery,Dark Harvest,Precision,Summon Aery,Resolve,Flash,Teleport,Smite,Ghost,Flash,Teleport,Flash,Teleport,Flash,Heal,Teleport,Flash,Flash,Smite,Teleport,Flash,Flash,Barrier,Heal,Flash,1,6,2,0,0,0
https://www.op.gg/summoners/euw/Czekoladowski-BAR/matches/uRd1PvnOddruqzGMCCJcOB0jGyeFWwEHq1qSwtV_a-E%3D/1734384122000,0,20,25,25,20,32,20,51,62,16,13,0,3,0,1,4,6,0,4,46506,54270,13.0,14.2,787,803,30.7,31.400000000000002,-7764,7764,1823.2465909090909,2127.630681818182,Ambessa,Talon,Akali,Caitlyn,Lux,Taliyah,Vi,Twisted Fate,Ezreal,Lulu,Doran's Shield,Long Sword,Spear of Shojin,Long Sword,The Brutalizer,Mercury's Treads,Stealth Ward,Edge of Night,Boots of Swiftness,Youmuu's Ghostblade,Serrated Dirk,No_Item,No_Item,Oracle Lens,Blighting Jewel,Rabadon's Deathcap,Lich Bane,Stormsurge,Boots,Dark Seal,Oracle Lens,Doran's Blade,The Collector,Infinity Edge,Berserker's Greaves,Long Sword,Long Sword,Farsight Alteration,Zaz'Zak's Realmspike,Hextech Alternator,Aether Wisp,Luden's Companion,No_Item,Sorcerer's Shoes,Oracle Lens,Boots of Swiftness,Zhonya's Hourglass,Fated Ashes,Luden's Companion,Dark Seal,Haunting Guise,Farsight Alteration,Sterak's Gage,Sundered Sky,Plated Steelcaps,Ruby Crystal,Caulfield's Warhammer,Pickaxe,Oracle Lens,Rod of Ages,Lich Bane,Mejai's Soulstealer,Ionian Boots of Lucidity,Rabadon's Deathcap,Rapid Firecannon,Stealth Ward,Muramana,Ionian Boots of Lucidity,Tunneler,Trinity Force,No_Item,Pickaxe,Farsight Alteration,No_Item,Dream Maker,Moonstone Renewer,Ionian Boots of Lucidity,Kindlegem,Forbidden Idol,Oracle Lens,Grasp of the Undying,Domination,Conqueror,Inspiration,Electrocute,Resolve,Fleet Footwork,Sorcery,Arcane Comet,Inspiration,Phase Rush,Precision,Conqueror,Inspiration,Electrocute,Inspiration,Press the Attack,Inspiration,Summon Aery,Resolve,Flash,Teleport,Flash,Smite,Ignite,Flash,Barrier,Flash,Flash,Heal,Teleport,Flash,Flash,Smite,Teleport,Flash,Teleport,Flash,Heal,Flash,1,3,0,0,3,1
https://www.op.gg/summoners/euw/Czekoladowski-BAR/matches/uRd1PvnOddqoNpW9818P6xU9Ufi8Oq10rJaQXTz1wk0%3D/1734218585000,1,42,30,30,42,52,77,73,84,37,28,2,2,1,0,9,3,3,2,67680,60429,15.8,14.8,865,914,27.3,28.7,7251,-7251,2128.082474226804,1900.0871134020617,K'Sante,Kindred,Akali,Zoe,Rell,Pantheon,Karthus,Yone,Ashe,Pyke,"Jak'Sho, The Protean",Plated Steelcaps,Kindlegem,Unending Despair,Iceborn Gauntlet,Locket of the Iron Solari,Stealth Ward,Yun Tal Wildarrows,Noonquiver,Plated Steelcaps,Infinity Edge,The Collector,Long Sword,Oracle Lens,Needlessly Large Rod,Stormsurge,Zhonya's Hourglass,Sorcerer's Shoes,Mejai's Soulstealer,Shadowflame,Oracle Lens,Dark Seal,Zhonya's Hourglass,Blighting Jewel,Luden's Companion,Lich Bane,Sorcerer's Shoes,Stealth Ward,Celestial Opposition,Plated Steelcaps,Locket of the Iron Solari,Control Ward,Knight's Vow,Zeke's Convergence,Oracle Lens,Mercury's Treads,Sterak's Gage,Black Cleaver,Sundered Sky,No_Item,No_Item,Stealth Ward,Zhonya's Hourglass,Sorcerer's Shoes,Dark Seal,Shadowflame,Blackfire Torch,Needlessly Large Rod,Oracle Lens,Berserker's Greaves,Blade of The Ruined King,Infinity Edge,Negatron Cloak,Immortal Shieldbow,Recurve Bow,Farsight Alteration,Mortal Reminder,Berserker's Greaves,Kraken Slayer,Runaan's Hurricane,Pickaxe,No_Item,Farsight Alteration,Celestial Opposition,Hexdrinker,Edge of Night,Serrated Dirk,Plated Steelcaps,Umbral Glaive,Oracle Lens,Grasp of the Undying,Inspiration,Lethal Tempo,Domination,Electrocute,Resolve,Dark Harvest,Inspiration,Aftershock,Inspiration,Press the Attack,Sorcery,Dark Harvest,Precision,Lethal Tempo,Resolve,Lethal Tempo,Inspiration,Hail of Blades,Resolve,Teleport,Flash,Smite,Flash,Teleport,Flash,Ignite,Flash,Flash,Ignite,Ignite,Flash,Flash,Smite,Teleport,Flash,Cleanse,Flash,Ignite,Flash,0,6,1,1,0,0
https://www.op.gg/summoners/euw/Czekoladowski-BAR/matches/uRd1PvnOddp83kZ3KUG6nfFFOBqONxnzXAZMv184Hvw%3D/1734216022000,0,19,34,34,19,45,31,82,74,13,27,0,2,0,2,3,10,0,4,58895,70141,15.4,16.8,1009,1065,32.3,34.1,-11246,11246,1886.4804687499998,2246.70390625,Zeri,Karthus,Yone,Ornn,Senna,Fiora,Viego,Sylas,Corki,Nautilus,Doran's Blade,Runaan's Hurricane,Berserker's Greaves,Yun Tal Wildarrows,Infinity Edge,Executioner's Calling,Farsight Alteration,Liandry's Torment,Blackfire Torch,Sorcerer's Shoes,Rabadon's Deathcap,Void Staff,No_Item,Oracle Lens,Blade of The Ruined King,Immortal Shieldbow,Cloak of Agility,Pickaxe,Berserker's Greaves,B. F. Sword,Oracle Lens,Doran's Shield,Thornmail,Plated Steelcaps,Hollow Radiance,Unending Despair,Spectre's Cowl,Stealth Ward,Boots of Swiftness,Bloodsong,Black Cleaver,Rapid Firecannon,No_Item,No_Item,Oracle Lens,Ravenous Hydra,Tunneler,Winged Moonplate,Plated Steelcaps,Death's Dance,Trinity Force,Stealth Ward,Kraken Slayer,Sterak's Gage,No_Item,Plated Steelcaps,Sundered Sky,Wit's End,Oracle Lens,Hextech Rocketbelt,Cosmic Drive,Zhonya's Hourglass,Dark Seal,Sorcerer's Shoes,Fiendish Codex,Oracle Lens,Plated Steelcaps,Muramana,Doran's Blade,Rapid Firecannon,Trinity Force,Infinity Edge,Farsight Alteration,Celestial Opposition,Locket of the Iron Solari,Redemption,Plated Steelcaps,No_Item,Giant's Belt,Oracle Lens,Lethal Tempo,Resolve,Dark Harvest,Precision,Lethal Tempo,Resolve,Unsealed Spellbook,Resolve,Grasp of the Undying,Precision,Grasp of the Undying,Sorcery,Conqueror,Inspiration,Conqueror,Resolve,Conqueror,Inspiration,Aftershock,Inspiration,Flash,Ghost,Flash,Smite,Teleport,Flash,Flash,Teleport,Heal,Flash,Flash,Teleport,Flash,Smite,Teleport,Flash,Flash,Barrier,Flash,Ignite,1,3,0,0,3,2
https://www.op.gg/summoners/euw/Czekoladowski-BAR/matches/uRd1PvnOddrsPLFKl5GVbTm0ijTr2gUYYuBtw2iP2YQ%3D/1734130394000,0,2,8,8,3,9,1,24,26,5,4,0,2,0,0,0,1,0,2,22444,26911,8.4,9.4,460,510,32.4,35.8,-4467,4467,1582.3827338129497,1897.3223021582735,Riven,Skarner,Azir,Aurelion Sol,Rakan,Viktor,Ambessa,Singed,Yasuo,Nami,Doran's Blade,Refillable Potion,Cull,Eclipse,Ruby Crystal,Slightly Magical Footwear,Stealth Ward,Slightly Magical Footwear,Mosstomper Seedling,Crystalline Bracer,Giant's Belt,No_Item,No_Item,Oracle Lens,Fiendish Codex,Doran's Ring,Dark Seal,Boots,Blasting Wand,Recurve Bow,Stealth Ward,Doran's Ring,Refillable Potion,Rylai's Crystal Scepter,Fated Ashes,No_Item,Boots,Stealth Ward,Celestial Opposition,Ruby Crystal,Refillable Potion,Null-Magic Mantle,Cloth Armor,Ionian Boots of Lucidity,Oracle Lens,Luden's Companion,Doran's Ring,Boots,Amplifying Tome,Dark Seal,Control Ward,Farsight Alteration,Eclipse,Gustwalker Hatchling,Mercury's Treads,Long Sword,Long Sword,No_Item,Oracle Lens,Doran's Ring,Refillable Potion,Liandry's Torment,Boots of Swiftness,Ruby Crystal,Amplifying Tome,Stealth Ward,Doran's Shield,Refillable Potion,Kraken Slayer,Dagger,No_Item,Berserker's Greaves,Stealth Ward,Dream Maker,Fiendish Codex,Bandleglass Mirror,Boots,No_Item,No_Item,Oracle Lens,Conqueror,Inspiration,Grasp of the Undying,Inspiration,Conqueror,Sorcery,Arcane Comet,Precision,Guardian,Domination,Arcane Comet,Resolve,Conqueror,Domination,Phase Rush,Resolve,Lethal Tempo,Resolve,Summon Aery,Resolve,Teleport,Flash,Smite,Flash,Teleport,Flash,Flash,Teleport,Ignite,Flash,Flash,Teleport,Smite,Flash,Flash,Ghost,Exhaust,Flash,Flash,Heal,0,3,0,0,3,0
https://www.op.gg/summoners/euw/Czekoladowski-BAR/matches/uRd1PvnOddonmVyOZonrFxQmb4IW783z5wpaMUgmttA%3D/1734127656000,1,41,25,25,41,38,71,66,49,14,14,0,2,1,0,11,1,1,2,59321,50699,14.4,13.8,762,717,29.0,27.299999999999997,8622,-8622,2259.847619047619,1931.3904761904762,Fiora,Nunu & Willump,Swain,Ezreal,Maokai,K'Sante,Amumu,Taliyah,Corki,Leona,Eclipse,Ravenous Hydra,Ionian Boots of Lucidity,Trinity Force,Death's Dance,Pickaxe,Stealth Ward,Rabadon's Deathcap,Hextech Rocketbelt,Blighting Jewel,Dark Seal,Sorcerer's Shoes,Blasting Wand,Oracle Lens,Blackfire Torch,Liandry's Torment,Needlessly Large Rod,Dark Seal,Mercury's Treads,Seeker's Armguard,Oracle Lens,Caulfield's Warhammer,Muramana,Trinity Force,Mercury's Treads,Spear of Shojin,Last Whisper,Farsight Alteration,Solstice Sleigh,Mercury's Treads,Trailblazer,Kindlegem,Negatron Cloak,Control Ward,Oracle Lens,Doran's Shield,Thornmail,Plated Steelcaps,Iceborn Gauntlet,Negatron Cloak,Chain Vest,Stealth Ward,Mercury's Treads,Bami's Cinder,Abyssal Mask,Fated Ashes,Amplifying Tome,Ruby Crystal,Oracle Lens,Sorcerer's Shoes,Luden's Companion,Rabadon's Deathcap,Cosmic Drive,Dark Seal,Void Staff,Farsight Alteration,Last Whisper,Mercury's Treads,Muramana,Trinity Force,Executioner's Calling,Control Ward,Farsight Alteration,Celestial Opposition,Locket of the Iron Solari,Mercury's Treads,Knight's Vow,No_Item,No_Item,Oracle Lens,Conqueror,Resolve,Dark Harvest,Sorcery,Conqueror,Resolve,Conqueror,Inspiration,Aftershock,Inspiration,Grasp of the Undying,Inspiration,Conqueror,Domination,Phase Rush,Precision,Conqueror,Inspiration,Aftershock,Inspiration,Teleport,Flash,Flash,Smite,Ghost,Flash,Cleanse,Flash,Flash,Ignite,Flash,Teleport,Flash,Smite,Teleport,Flash,Flash,Cleanse,Flash,Ignite,1,2,3,0,4,0
https://www.op.gg/summoners/euw/Czekoladowski-BAR/matches/uRd1PvnOddom42lqSdFwdCfcZTrY0Ce6RzdfvXFP2uE%3D/1734125552000,0,21,34,34,21,75,30,64,82,15,16,3,1,0,1,5,10,3,2,54869,62352,13.8,15.0,868,846,30.5,29.7,-7483,7483,1932.8852272727272,2196.490909090909,Riven,Vi,Viktor,Zeri,Braum,Jayce,Lee Sin,Ahri,Jhin,Rell,Doran's Shield,Plated Steelcaps,Eclipse,Sundered Sky,Steel Sigil,Caulfield's Warhammer,Stealth Ward,Black Cleaver,Sundered Sky,Plated Steelcaps,Sterak's Gage,Control Ward,Cloth Armor,Oracle Lens,Needlessly Large Rod,Zhonya's Hourglass,Sorcerer's Shoes,Needlessly Large Rod,Liandry's Torment,Blackfire Torch,Farsight Alteration,Cloak of Agility,Yun Tal Wildarrows,Navori Flickerblade,Berserker's Greaves,Lord Dominik's Regards,B. F. Sword,Farsight Alteration,Celestial Opposition,Knight's Vow,Locket of the Iron Solari,No_Item,No_Item,Plated Steelcaps,Oracle Lens,Serpent's Fang,Eclipse,Muramana,Serylda's Grudge,Plated Steelcaps,Doran's Blade,Farsight Alteration,Plated Steelcaps,Eclipse,Sterak's Gage,Sundered Sky,Long Sword,No_Item,Stealth Ward,Shadowflame,Zhonya's Hourglass,Sorcerer's Shoes,Malignance,Dark Seal,No_Item,Stealth Ward,The Collector,Mortal Reminder,Pickaxe,B. F. Sword,No_Item,Plated Steelcaps,Farsight Alteration,Plated Steelcaps,Locket of the Iron Solari,Celestial Opposition,Abyssal Mask,Ruby Crystal,No_Item,Oracle Lens,Conqueror,Inspiration,Conqueror,Inspiration,First Strike,Sorcery,Lethal Tempo,Inspiration,Guardian,Inspiration,First Strike,Resolve,Conqueror,Inspiration,Electrocute,Sorcery,Dark Harvest,Precision,Aftershock,Inspiration,Teleport,Flash,Flash,Smite,Teleport,Flash,Flash,Cleanse,Flash,Ignite,Flash,Teleport,Smite,Flash,Flash,Teleport,Barrier,Flash,Flash,Ignite,1,2,0,0,4,2
https://www.op.gg/summoners/euw/Czekoladowski-BAR/matches/uRd1PvnOddp3x_ThHSXynzxG5YaNZapK00KBoR3Nbrg%3D/1734122881000,1,31,36,36,31,69,52,105,82,29,38,4,0,1,1,8,9,5,1,72932,66305,17.0,15.0,1145,879,33.4,25.700000000000003,6627,-6627,2125.1708609271527,1932.0662251655633,Yone,Shaco,Veigar,Ezreal,Pyke,Shen,Vi,Ahri,Jinx,Lulu,Berserker's Greaves,Immortal Shieldbow,Doran's Shield,Wit's End,Infinity Edge,Blade of The Ruined King,Farsight Alteration,Boots,Blackfire Torch,Liandry's Torment,Void Staff,Amplifying Tome,Needlessly Large Rod,Oracle Lens,Rabadon's Deathcap,No_Item,Liandry's Torment,Cryptbloom,Fimbulwinter,Boots of Swiftness,Farsight Alteration,Ionian Boots of Lucidity,Trinity Force,Muramana,Serylda's Grudge,Bloodthirster,Navori Flickerblade,Farsight Alteration,Serpent's Fang,Synchronized Souls,Bloodsong,No_Item,Umbral Glaive,Serrated Dirk,Oracle Lens,Cloth Armor,Kaenic Rookern,Doran's Shield,Sunfire Aegis,Plated Steelcaps,Bramble Vest,Farsight Alteration,Sterak's Gage,Sundered Sky,Guardian Angel,Plated Steelcaps,Control Ward,Negatron Cloak,Oracle Lens,Shadowflame,Malignance,Rabadon's Deathcap,Blighting Jewel,Sorcerer's Shoes,Banshee's Veil,Oracle Lens,Doran's Blade,Yun Tal Wildarrows,Infinity Edge,Berserker's Greaves,Runaan's Hurricane,Mortal Reminder,Farsight Alteration,Mikael's Blessing,Redemption,Dream Maker,Dawncore,Moonstone Renewer,Ionian Boots of Lucidity,Oracle Lens,Lethal Tempo,Resolve,Electrocute,Inspiration,Summon Aery,Precision,Conqueror,Inspiration,Hail of Blades,Resolve,Grasp of the Undying,Domination,Conqueror,Inspiration,Electrocute,Sorcery,Lethal Tempo,Sorcery,Summon Aery,Resolve,Flash,Teleport,Ignite,Smite,Flash,Teleport,Flash,Barrier,Ignite,Flash,Flash,Teleport,Flash,Smite,Teleport,Flash,Flash,Barrier,Flash,Heal,0,0,1,1,6,6
https://www.op.gg/summoners/euw/Czekoladowski-BAR/matches/uRd1PvnOddpwcJI_EZJgIZ6xcCQwBAQ_1z9SpjCDWzo%3D/1734119585000,1,22,18,18,22,31,33,60,73,12,16,2,1,1,0,9,2,3,1,55040,45657,14.2,13.4,877,809,33.6,31.1,9383,-9383,2096.7619047619046,1739.3142857142857,Taliyah,Viego,Irelia,Ashe,Sona,Zilean,Zac,Sylas,Varus,Neeko,Shadowflame,Seraph's Embrace,Haunting Guise,Sorcerer's Shoes,Amplifying Tome,No_Item,Farsight Alteration,Control Ward,Titanic Hydra,Kraken Slayer,Sterak's Gage,Slightly Magical Footwear,No_Item,Oracle Lens,Wit's End,Hullbreaker,"Jak'Sho, The Protean",Mercury's Treads,No_Item,Blade of The Ruined King,Farsight Alteration,Doran's Blade,Phantom Dancer,Kraken Slayer,Executioner's Calling,Berserker's Greaves,No_Item,Farsight Alteration,Boots of Swiftness,Echoes of Helia,Bloodsong,Staff of Flowing Water,Bandleglass Mirror,No_Item,Oracle Lens,Doran's Ring,Oblivion Orb,Seraph's Embrace,Frozen Heart,Ionian Boots of Lucidity,No_Item,Stealth Ward,Spirit Visage,Dark Seal,Sunfire Aegis,Ionian Boots of Lucidity,Warden's Mail,Giant's Belt,Oracle Lens,Hextech Rocketbelt,Zhonya's Hourglass,Shadowflame,Dark Seal,Sorcerer's Shoes,Doran's Ring,Stealth Ward,Doran's Blade,Muramana,Youmuu's Ghostblade,Boots of Swiftness,Serpent's Fang,Long Sword,Farsight Alteration,Celestial Opposition,Ionian Boots of Lucidity,Amplifying Tome,Amplifying Tome,Control Ward,Hextech Rocketbelt,Oracle Lens,Phase Rush,Precision,Conqueror,Inspiration,Conqueror,Inspiration,Lethal Tempo,Inspiration,Summon Aery,Precision,Summon Aery,Resolve,Aftershock,Precision,Conqueror,Resolve,Arcane Comet,Inspiration,Arcane Comet,Inspiration,Teleport,Flash,Flash,Smite,Flash,Teleport,Flash,Cleanse,Flash,Heal,Teleport,Flash,Flash,Smite,Flash,Teleport,Cleanse,Flash,Flash,Heal,1,6,1,0,0,0
https://www.op.gg/summoners/euw/Czekoladowski-BAR/matches/uRd1PvnOddrzcy0YVMzYmNJUHbDP6B7wJcORifFzFFk%3D/1734116569000,0,42,37,37,42,63,63,97,104,51,45,3,2,1,0,6,8,4,2,68200,68568,15.6,16.6,926,1007,27.7,30.0,-368,368,2045.9999999999998,2057.04,Aurora,Viego,LeBlanc,Varus,Pyke,Qiyana,Xin Zhao,Katarina,Veigar,Rakan,Horizon Focus,Zhonya's Hourglass,Blighting Jewel,Ionian Boots of Lucidity,Dark Seal,Luden's Companion,Oracle Lens,Sundered Sky,Kraken Slayer,Steel Sigil,Mercury's Treads,Sterak's Gage,Caulfield's Warhammer,Oracle Lens,Void Staff,Rabadon's Deathcap,Mejai's Soulstealer,Banshee's Veil,Luden's Companion,Sorcerer's Shoes,Oracle Lens,Youmuu's Ghostblade,Ionian Boots of Lucidity,No_Item,Muramana,Serylda's Grudge,Opportunity,Farsight Alteration,Umbral Glaive,Boots of Swiftness,Celestial Opposition,Edge of Night,Serrated Dirk,Rectrix,Oracle Lens,Serylda's Grudge,Death's Dance,Youmuu's Ghostblade,Ionian Boots of Lucidity,Hubris,Edge of Night,Oracle Lens,Sundered Sky,Titanic Hydra,Kindlegem,Spectre's Cowl,Mercury's Treads,Sterak's Gage,Oracle Lens,Lich Bane,Seeker's Armguard,Sorcerer's Shoes,Shadowflame,Dark Seal,Needlessly Large Rod,Farsight Alteration,Rod of Ages,Fimbulwinter,No_Item,Verdant Barrier,Rabadon's Deathcap,Ionian Boots of Lucidity,Farsight Alteration,Celestial Opposition,Control Ward,Locket of the Iron Solari,Knight's Vow,Mercury's Treads,Negatron Cloak,Oracle Lens,Electrocute,Precision,Conqueror,Inspiration,Electrocute,Sorcery,Arcane Comet,Inspiration,Hail of Blades,Resolve,Electrocute,Precision,Conqueror,Inspiration,Conqueror,Resolve,Summon Aery,Inspiration,Guardian,Domination,Teleport,Flash,Smite,Flash,Teleport,Flash,Teleport,Flash,Ignite,Flash,Flash,Teleport,Smite,Flash,Flash,Teleport,Flash,Teleport,Flash,Ignite,1,6,1,0,0,1
https://www.op.gg/summoners/euw/Czekoladowski-BAR/matches/uRd1PvnOddqWIjX8JQWopsC45hQxmAqM0W4oiT1NZQU%3D/1734113687000,0,5,13,13,5,17,4,44,54,20,18,1,2,0,1,0,10,1,3,35357,49413,12.2,13.6,753,868,32.8,38.0,-14056,14056,1547.9681592039801,2163.355223880597,Malphite,Bel'Veth,Ahri,Ezreal,Bard,Aurora,Udyr,Yone,Corki,Lulu,Giant's Belt,No_Item,Doran's Shield,Ionian Boots of Lucidity,Warden's Mail,Kaenic Rookern,Stealth Ward,Mercury's Treads,Tiamat,Dagger,Kraken Slayer,Ruby Crystal,Long Sword,Oracle Lens,Doran's Ring,Fiendish Codex,Malignance,Dark Seal,Sorcerer's Shoes,Fiendish Codex,Oracle Lens,Doran's Blade,Muramana,Trinity Force,Ionian Boots of Lucidity,Control Ward,No_Item,Farsight Alteration,Heartsteel,Bloodsong,Ruby Crystal,Boots of Swiftness,Control Ward,No_Item,Oracle Lens,Malignance,Doran's Ring,Dark Seal,Boots of Swiftness,Cosmic Drive,Amplifying Tome,Stealth Ward,Boots of Swiftness,Liandry's Torment,Unending Despair,Ruby Crystal,Dark Seal,Null-Magic Mantle,Oracle Lens,Blade of The Ruined King,Infinity Edge,B. F. Sword,No_Item,Immortal Shieldbow,Berserker's Greaves,Oracle Lens,Trinity Force,Refillable Potion,No_Item,Muramana,Doran's Blade,Plated Steelcaps,Farsight Alteration,No_Item,Dream Maker,Forbidden Idol,Moonstone Renewer,Ionian Boots of Lucidity,Ruby Crystal,Oracle Lens,Arcane Comet,Resolve,Conqueror,Inspiration,Summon Aery,Precision,Conqueror,Inspiration,Guardian,Inspiration,Arcane Comet,Domination,Conqueror,Resolve,Lethal Tempo,Resolve,Conqueror,Inspiration,Summon Aery,Resolve,Teleport,Flash,Smite,Flash,Flash,Teleport,Barrier,Flash,Flash,Ignite,Teleport,Flash,Flash,Smite,Teleport,Flash,Flash,Barrier,Heal,Flash,0,0,0,1,6,2
https://www.op.gg/summoners/euw/Czekoladowski-BAR/matches/uRd1PvnOddpnYjQyWXzgH0Uff6uYQ5LU1einLH9bV7w%3D/1734043453000,1,32,17,17,32,28,41,72,68,23,19,2,1,1,0,10,1,3,1,59021,43744,13.8,12.2,812,707,33.3,29.0,15277,-15277,2404.5592592592593,1782.162962962963,Warwick,Ivern,Orianna,Caitlyn,Pyke,Heimerdinger,Viego,Ekko,Corki,Poppy,Doran's Blade,Mercury's Treads,Titanic Hydra,Hullbreaker,Sterak's Gage,No_Item,Stealth Ward,Redemption,Mikael's Blessing,No_Item,Dark Seal,Moonstone Renewer,Boots of Swiftness,Oracle Lens,Needlessly Large Rod,Doran's Ring,Banshee's Veil,Sorcerer's Shoes,Aether Wisp,Seraph's Embrace,Farsight Alteration,Doran's Blade,No_Item,Boots of Swiftness,Infinity Edge,Lord Dominik's Regards,The Collector,Farsight Alteration,Celestial Opposition,No_Item,No_Item,Umbral Glaive,Frozen Heart,Plated Steelcaps,Oracle Lens,Malignance,Sorcerer's Shoes,Oblivion Orb,Rylai's Crystal Scepter,No_Item,No_Item,Stealth Ward,Titanic Hydra,Kraken Slayer,Executioner's Calling,Tunneler,No_Item,Mercury's Treads,Oracle Lens,Doran's Ring,Nashor's Tooth,Dark Seal,Sorcerer's Shoes,Lich Bane,No_Item,Oracle Lens,Slightly Magical Footwear,Trinity Force,Muramana,Cloak of Agility,Doran's Blade,Executioner's Calling,Farsight Alteration,Bloodsong,Locket of the Iron Solari,Chain Vest,Ruby Crystal,Boots of Swiftness,Winged Moonplate,Oracle Lens,Lethal Tempo,Resolve,Summon Aery,Inspiration,Phase Rush,Precision,Hail of Blades,Sorcery,Hail of Blades,Resolve,Conqueror,Sorcery,Conqueror,Inspiration,Hail of Blades,Sorcery,Conqueror,Inspiration,Hail of Blades,Inspiration,Barrier,Flash,Smite,Flash,Teleport,Flash,Flash,Ghost,Flash,Ignite,Teleport,Flash,Smite,Flash,Flash,Teleport,Barrier,Flash,Flash,Ignite,1,6,2,0,0,0
https://www.op.gg/summoners/euw/Czekoladowski-BAR/matches/uRd1PvnOddq865VjOfNFy_V8VKNF9ot98AZpfVqKeI8%3D/1734041286000,1,20,6,6,20,14,36,39,38,5,9,1,1,0,0,9,1,1,1,41579,30303,11.2,10.0,616,546,33.1,29.3,11276,-11276,2227.4464285714284,1623.375,Yone,Viego,Akali,Ziggs,Alistar,Malphite,Udyr,Viktor,Yasuo,Lulu,Doran's Shield,Phage,Berserker's Greaves,Blade of The Ruined King,Dagger,Long Sword,Farsight Alteration,Titanic Hydra,Mercury's Treads,Control Ward,No_Item,Kraken Slayer,No_Item,Oracle Lens,Doran's Ring,No_Item,Dark Seal,Boots,Stormsurge,Shadowflame,Oracle Lens,Sorcerer's Shoes,Seraph's Embrace,No_Item,Doran's Ring,Luden's Companion,No_Item,Stealth Ward,Locket of the Iron Solari,Ruby Crystal,Control Ward,Celestial Opposition,Boots of Swiftness,No_Item,Oracle Lens,Refillable Potion,Doran's Ring,Hollow Radiance,Boots,Ruby Crystal,Cloth Armor,Stealth Ward,Mosstomper Seedling,Liandry's Torment,Dark Seal,Boots of Swiftness,Glowing Mote,No_Item,Oracle Lens,Doran's Ring,Luden's Companion,No_Item,Haunting Guise,Fated Ashes,Ionian Boots of Lucidity,Stealth Ward,Refillable Potion,Kraken Slayer,Berserker's Greaves,Noonquiver,No_Item,Doran's Shield,Oracle Lens,Dream Maker,Refillable Potion,No_Item,Moonstone Renewer,Boots,No_Item,Oracle Lens,Grasp of the Undying,Precision,Conqueror,Inspiration,Electrocute,Resolve,Arcane Comet,Precision,Aftershock,Inspiration,Arcane Comet,Resolve,Conqueror,Resolve,Summon Aery,Precision,Lethal Tempo,Resolve,Summon Aery,Resolve,Teleport,Flash,Flash,Smite,Ignite,Flash,Teleport,Flash,Flash,Ignite,Flash,Teleport,Flash,Smite,Teleport,Flash,Exhaust,Flash,Flash,Heal,1,6,1,0,0,0
https://www.op.gg/summoners/euw/Czekoladowski-BAR/matches/uRd1PvnOddpTSOxJSwPQxt9P918bXDKKVMAsp1ZJ-4o%3D/1733962335000,1,11,10,10,11,10,19,38,29,8,6,1,1,0,0,4,2,1,1,37003,33182,11.4,10.4,665,598,35.3,31.7,3821,-3821,1958.9823529411765,1756.6941176470589,Yone,Viego,Ahri,Ezreal,Braum,Yasuo,Zac,Kennen,Aphelios,Leona,Blade of The Ruined King,Berserker's Greaves,Cloak of Agility,No_Item,No_Item,Doran's Shield,Stealth Ward,Titanic Hydra,Kraken Slayer,Slightly Magical Footwear,No_Item,No_Item,No_Item,Oracle Lens,Doran's Ring,Mercury's Treads,Amplifying Tome,Refillable Potion,Malignance,Dark Seal,Stealth Ward,Tear of the Goddess,Caulfield's Warhammer,Long Sword,Trinity Force,Doran's Blade,Ionian Boots of Lucidity,Farsight Alteration,Locket of the Iron Solari,Ruby Crystal,No_Item,Solstice Sleigh,No_Item,Mercury's Treads,Oracle Lens,Blade of The Ruined King,Berserker's Greaves,Refillable Potion,No_Item,Pickaxe,Cloak of Agility,Stealth Ward,Ionian Boots of Lucidity,Sunfire Aegis,Thornmail,Dark Seal,Ruby Crystal,Mosstomper Seedling,Eye of the Herald,Doran's Blade,Control Ward,Liandry's Torment,Shadowflame,Dark Seal,Sorcerer's Shoes,Oracle Lens,Doran's Blade,The Collector,No_Item,Berserker's Greaves,Long Sword,No_Item,Farsight Alteration,Locket of the Iron Solari,Runic Compass,No_Item,Boots,No_Item,Ruby Crystal,Oracle Lens,Fleet Footwork,Resolve,Conqueror,Inspiration,Electrocute,Sorcery,Conqueror,Inspiration,Guardian,Inspiration,Grasp of the Undying,Precision,Aftershock,Precision,Summon Aery,Domination,Press the Attack,Sorcery,Aftershock,Inspiration,Flash,Teleport,Smite,Flash,Teleport,Flash,Barrier,Flash,Flash,Exhaust,Flash,Teleport,Flash,Smite,Flash,Teleport,Cleanse,Flash,Ignite,Flash,0,6,0,1,0,0
https://www.op.gg/summoners/euw/Czekoladowski-BAR/matches/uRd1PvnOddr0aOzyEi884Lu-U-ZxiRwWVXlz6xBjbA8%3D/1733960328000,1,27,17,17,27,30,44,45,57,17,14,2,1,1,0,10,2,3,1,53468,41555,13.2,12.0,728,693,30.8,29.2,11913,-11913,2256.7662337662337,1753.9448051948052,Olaf,Viego,Viktor,Ezreal,Zyra,Jayce,Skarner,Akali,Draven,Rell,Stridebreaker,Refillable Potion,Sterak's Gage,Plated Steelcaps,Steel Sigil,No_Item,Stealth Ward,No_Item,Death's Dance,Titanic Hydra,Negatron Cloak,Kraken Slayer,Plated Steelcaps,Oracle Lens,Liandry's Torment,Mercury's Treads,Blackfire Torch,Amplifying Tome,No_Item,No_Item,Stealth Ward,Doran's Blade,Ionian Boots of Lucidity,Trinity Force,Muramana,Last Whisper,Caulfield's Warhammer,Farsight Alteration,Zhonya's Hourglass,Zaz'Zak's Realmspike,No_Item,No_Item,Liandry's Torment,Slightly Magical Footwear,Oracle Lens,Doran's Blade,Muramana,Youmuu's Ghostblade,Boots of Swiftness,Long Sword,Long Sword,Stealth Ward,Sterak's Gage,Heartsteel,Control Ward,Plated Steelcaps,Ruby Crystal,No_Item,Oracle Lens,Shattered Armguard,Needlessly Large Rod,Stormsurge,Shadowflame,Sorcerer's Shoes,Doran's Shield,Oracle Lens,Bloodthirster,Doran's Blade,Berserker's Greaves,Pickaxe,B. F. Sword,Cloak of Agility,Farsight Alteration,Solstice Sleigh,Zeke's Convergence,Control Ward,Ruby Crystal,Ionian Boots of Lucidity,Cloth Armor,Oracle Lens,Conqueror,Resolve,Conqueror,Inspiration,Summon Aery,Precision,Conqueror,Inspiration,First Strike,Sorcery,Conqueror,Inspiration,Aftershock,Inspiration,Electrocute,Resolve,Lethal Tempo,Sorcery,Aftershock,Inspiration,Flash,Ghost,Smite,Flash,Teleport,Flash,Flash,Exhaust,Flash,Ignite,Ignite,Flash,Flash,Smite,Flash,Teleport,Flash,Barrier,Flash,Ignite,1,4,2,0,1,0
,,-1,-1,-1,-1,-1,-1,-1,-1,-1,-1,-1,-1,-1,-1,-1,-1,-1,-1,-1,-1,-1.0,-1.0,-1,-1,-1.0,-1.0,-1,-1,-1.0,-1.0,,,,,,,,,,,,,,,,,,,,,,,,,,,,,,,,,,,,,,,,,,,,,,,,,,,,,,,,,,,,,,,,,,,,,,,,,,,,,,,,,,,,,,,,,,,,,,,,,,,,,,,,,,,,,,,,,,,,,,,,,-1,-1,-1,-1,-1,-1
https://www.op.gg/summoners/euw/Czekoladowski-BAR/matches/uRd1PvnOddp5-xqwGq-edgGFw7LVokyt87WPqLdChuk%3D/1733956996000,0,14,22,22,14,28,22,33,40,8,11,0,1,0,0,1,2,0,1,27254,35092,8.6,10.4,368,512,23.5,32.7,-7838,7838,1732.0299065420559,2230.1457943925234,Yone,Elise,Singed,Ezreal,Lulu,Corki,Hecarim,Akali,Irelia,Bard,Doran's Shield,Berserker's Greaves,Blade of The Ruined King,No_Item,No_Item,No_Item,Stealth Ward,Scorchclaw Pup,Stormsurge,Hextech Alternator,Dark Seal,Boots,No_Item,Oracle Lens,Plated Steelcaps,Liandry's Torment,Ruby Crystal,No_Item,No_Item,No_Item,Oracle Lens,Doran's Blade,Trinity Force,Tear of the Goddess,Ionian Boots of Lucidity,No_Item,No_Item,Stealth Ward,Ionian Boots of Lucidity,Dream Maker,Moonstone Renewer,Kindlegem,No_Item,No_Item,Oracle Lens,Trinity Force,Boots,Long Sword,Doran's Blade,No_Item,Tear of the Goddess,Stealth Ward,Spear of Shojin,Eclipse,Ionian Boots of Lucidity,Caulfield's Warhammer,No_Item,No_Item,Stealth Ward,Doran's Ring,Needlessly Large Rod,Dark Seal,Amplifying Tome,Boots,Stormsurge,Oracle Lens,Doran's Blade,Blade of The Ruined King,Dagger,Hullbreaker,Ionian Boots of Lucidity,Dagger,Stealth Ward,Celestial Opposition,Heartsteel,No_Item,No_Item,Ionian Boots of Lucidity,No_Item,Oracle Lens,Lethal Tempo,Resolve,Dark Harvest,Precision,Conqueror,Sorcery,Press the Attack,Sorcery,Summon Aery,Resolve,Conqueror,Inspiration,Phase Rush,Precision,Electrocute,Resolve,Conqueror,Inspiration,Guardian,Domination,Flash,Teleport,Smite,Flash,Ignite,Flash,Barrier,Flash,Heal,Flash,Flash,Cleanse,Ghost,Smite,Ignite,Flash,Teleport,Flash,Flash,Ignite,0,3,0,0,3,0
https://www.op.gg/summoners/euw/Czekoladowski-BAR/matches/uRd1PvnOddriEO8aAWYRd2DfUkd-ck4vWLCBK497Dss%3D/1733955363000,1,34,22,22,34,36,63,64,57,23,25,0,3,1,0,10,0,1,3,55214,42649,13.4,11.8,692,665,29.4,28.3,12565,-12565,2366.3142857142857,1827.814285714286,Jax,Skarner,Viktor,Lucian,Rakan,Sion,Viego,Akali,Ezreal,Pyke,Death's Dance,Sundered Sky,No_Item,Trinity Force,Plated Steelcaps,No_Item,Stealth Ward,Sterak's Gage,Heartsteel,Ionian Boots of Lucidity,Chain Vest,Kindlegem,Ruby Crystal,Oracle Lens,Blackfire Torch,Shattered Armguard,Refillable Potion,Doran's Ring,Liandry's Torment,Sorcerer's Shoes,Farsight Alteration,Infinity Edge,No_Item,Essence Reaver,Navori Flickerblade,Doran's Blade,Ionian Boots of Lucidity,Farsight Alteration,Celestial Opposition,Locket of the Iron Solari,No_Item,Zeke's Convergence,Ionian Boots of Lucidity,Kindlegem,Oracle Lens,Sunfire Aegis,Plated Steelcaps,Ruby Crystal,Bramble Vest,No_Item,Doran's Shield,Oracle Lens,Sundered Sky,Kraken Slayer,Slightly Magical Footwear,Tunneler,Pickaxe,Control Ward,Oracle Lens,Doran's Ring,Needlessly Large Rod,Stormsurge,Dark Seal,Shadowflame,Boots,Oracle Lens,Trinity Force,Muramana,Last Whisper,No_Item,Doran's Blade,Slightly Magical Footwear,Farsight Alteration,Umbral Glaive,Synchronized Souls,Bloodsong,Edge of Night,Control Ward,No_Item,Oracle Lens,Lethal Tempo,Resolve,Grasp of the Undying,Inspiration,First Strike,Precision,Press the Attack,Inspiration,Guardian,Domination,Phase Rush,Inspiration,Conqueror,Inspiration,Electrocute,Resolve,Conqueror,Inspiration,Hail of Blades,Inspiration,Flash,Teleport,Smite,Flash,Flash,Teleport,Flash,Barrier,Flash,Ignite,Teleport,Flash,Flash,Smite,Ignite,Flash,Cleanse,Flash,Flash,Ignite,0,6,2,0,0,0
https://www.op.gg/summoners/euw/Czekoladowski-BAR/matches/uRd1PvnOddrHkfhd5xXICgzdRS-pS0Hu99uMZ0KQmFA%3D/1733872110000,0,24,31,31,24,75,40,83,69,22,20,2,2,0,1,3,9,2,3,49336,61548,13.0,15.0,790,840,28.2,30.0,-12212,12212,1771.5243243243244,2210.0247104247105,K'Sante,Udyr,Sylas,Corki,Nautilus,Riven,Vi,Ahri,Draven,Maokai,Doran's Shield,Iceborn Gauntlet,Thornmail,Plated Steelcaps,Chain Vest,No_Item,Stealth Ward,Liandry's Torment,Randuin's Omen,Dark Seal,Plated Steelcaps,Unending Despair,Negatron Cloak,Oracle Lens,Doran's Ring,Hextech Rocketbelt,Cosmic Drive,Ionian Boots of Lucidity,Fiendish Codex,Haunting Guise,Farsight Alteration,Plated Steelcaps,Muramana,Trinity Force,Rapid Firecannon,Pickaxe,Doran's Blade,Farsight Alteration,Celestial Opposition,Zeke's Convergence,Plated Steelcaps,Warden's Mail,Ruby Crystal,Control Ward,Oracle Lens,Sundered Sky,Black Cleaver,Eclipse,Ionian Boots of Lucidity,Death's Dance,No_Item,Oracle Lens,Black Cleaver,Sundered Sky,No_Item,Plated Steelcaps,Sterak's Gage,No_Item,Oracle Lens,Malignance,Liandry's Torment,Dark Seal,Sorcerer's Shoes,Rabadon's Deathcap,No_Item,Oracle Lens,Lord Dominik's Regards,The Collector,Infinity Edge,Vampiric Scepter,Berserker's Greaves,No_Item,Farsight Alteration,Mercury's Treads,Kindlegem,Celestial Opposition,Chain Vest,Control Ward,Locket of the Iron Solari,Oracle Lens,Grasp of the Undying,Domination,Conqueror,Inspiration,Conqueror,Resolve,Conqueror,Inspiration,Aftershock,Inspiration,Conqueror,Inspiration,Conqueror,Inspiration,Electrocute,Sorcery,Lethal Tempo,Domination,Aftershock,Inspiration,Flash,Teleport,Flash,Smite,Flash,Teleport,Barrier,Flash,Flash,Ignite,Flash,Teleport,Flash,Smite,Teleport,Flash,Flash,Barrier,Ignite,Flash,0,3,0,0,3,1
https://www.op.gg/summoners/euw/Czekoladowski-BAR/matches/uRd1PvnOddq9Y1PAjS7sTBD39B31cKTeYB6xszqhkw4%3D/1733869434000,1,24,19,19,24,39,27,58,59,20,27,1,1,1,0,9,1,2,1,54455,43495,13.8,12.2,827,688,34.0,28.2,10960,-10960,2239.681451612903,1788.9072580645159,Gwen,Skarner,Yone,Corki,Lulu,Shen,Ivern,Smolder,Taliyah,Janna,Doran's Ring,Void Staff,Sorcerer's Shoes,Shadowflame,Nashor's Tooth,Rabadon's Deathcap,Farsight Alteration,Sterak's Gage,Heartsteel,No_Item,Mercury's Treads,No_Item,No_Item,Oracle Lens,Doran's Shield,Refillable Potion,Immortal Shieldbow,Berserker's Greaves,No_Item,Blade of The Ruined King,Farsight Alteration,Trinity Force,Muramana,Mercury's Treads,Rapid Firecannon,No_Item,Doran's Blade,Farsight Alteration,Redemption,Dream Maker,Moonstone Renewer,No_Item,Ionian Boots of Lucidity,No_Item,Oracle Lens,Tiamat,Giant's Belt,Ruby Crystal,Boots,No_Item,Hollow Radiance,Stealth Ward,Moonstone Renewer,Redemption,Dawncore,No_Item,No_Item,Ionian Boots of Lucidity,Oracle Lens,Hubris,Rapid Firecannon,Ionian Boots of Lucidity,No_Item,No_Item,Doran's Blade,Stealth Ward,Sorcerer's Shoes,Zhonya's Hourglass,Shadowflame,Mejai's Soulstealer,Luden's Companion,No_Item,Farsight Alteration,Boots of Swiftness,Echoes of Helia,Dream Maker,Moonstone Renewer,No_Item,No_Item,Oracle Lens,Conqueror,Resolve,Grasp of the Undying,Inspiration,Fleet Footwork,Resolve,Conqueror,Inspiration,Summon Aery,Resolve,Grasp of the Undying,Domination,Glacial Augment,Sorcery,Fleet Footwork,Sorcery,Arcane Comet,Precision,Arcane Comet,Domination,Teleport,Flash,Flash,Smite,Flash,Teleport,Flash,Teleport,Heal,Flash,Flash,Ignite,Smite,Flash,Teleport,Flash,Teleport,Flash,Flash,Ignite,1,6,1,0,0,0
https://www.op.gg/summoners/euw/Czekoladowski-BAR/matches/uRd1PvnOddq-HWaeJL2cuR_00RTKd4KiaxzwYqhe4Lk%3D/1733788619000,1,42,34,34,42,67,84,117,95,38,37,3,0,3,0,10,5,6,0,78766,69573,17.2,16.2,984,1033,26.9,28.3,9193,-9193,2163.901098901099,1911.3461538461538,Gangplank,Xin Zhao,Aurora,Kalista,Thresh,Volibear,Rek'Sai,Hwei,Corki,Rell,Trinity Force,Mortal Reminder,Immortal Shieldbow,Cloak of Agility,Serrated Dirk,Mercury's Treads,Farsight Alteration,Sundered Sky,Black Cleaver,Spirit Visage,Plated Steelcaps,Sterak's Gage,Wit's End,Oracle Lens,Shadowflame,Zhonya's Hourglass,No_Item,Malignance,Sorcerer's Shoes,Rabadon's Deathcap,Oracle Lens,Terminus,B. F. Sword,Blade of The Ruined King,Berserker's Greaves,Guinsoo's Rageblade,"Jak'Sho, The Protean",Farsight Alteration,Ionian Boots of Lucidity,Locket of the Iron Solari,Redemption,Celestial Opposition,Vigilant Wardstone,Kindlegem,Oracle Lens,Oblivion Orb,Boots of Swiftness,Hextech Rocketbelt,Unending Despair,Spirit Visage,Cosmic Drive,Oracle Lens,Plated Steelcaps,Stridebreaker,Control Ward,Eclipse,Sterak's Gage,Black Cleaver,Oracle Lens,Liandry's Torment,Blackfire Torch,Cryptbloom,Mejai's Soulstealer,Sorcerer's Shoes,Rabadon's Deathcap,Farsight Alteration,Infinity Edge,Lord Dominik's Regards,Dagger,Trinity Force,Muramana,Plated Steelcaps,Farsight Alteration,Celestial Opposition,Plated Steelcaps,Locket of the Iron Solari,Control Ward,Warden's Mail,Zeke's Convergence,Oracle Lens,Summon Aery,Precision,Conqueror,Inspiration,Arcane Comet,Domination,Lethal Tempo,Domination,Aftershock,Domination,Press the Attack,Resolve,Conqueror,Inspiration,Summon Aery,Precision,Conqueror,Resolve,Aftershock,Inspiration,Flash,Teleport,Flash,Smite,Teleport,Flash,Flash,Barrier,Flash,Ignite,Flash,Teleport,Flash,Smite,Flash,Teleport,Flash,Barrier,Flash,Ignite,1,6,2,0,0,0
https://www.op.gg/summoners/euw/Czekoladowski-BAR/matches/uRd1PvnOddofX323Ia9q51ow2Qqc6iVveyDzWXRwfeQ%3D/1733785506000,0,17,36,37,17,79,25,50,65,26,15,0,4,0,1,5,9,0,5,50213,59519,13.0,15.0,791,883,28.7,32.1,-9306,9306,1830.971270718232,2170.306077348066,Gragas,Vi,Ahri,Kalista,Thresh,Riven,Nunu & Willump,Taliyah,Varus,Bard,Boots of Swiftness,Cosmic Drive,Lost Chapter,Dark Seal,Lich Bane,Blighting Jewel,Oracle Lens,Sterak's Gage,Sundered Sky,Control Ward,Black Cleaver,Steel Sigil,Mercury's Treads,Oracle Lens,Horizon Focus,Malignance,Sorcerer's Shoes,Void Staff,Doran's Ring,No_Item,Oracle Lens,Doran's Blade,Ruby Crystal,Blade of The Ruined King,Berserker's Greaves,Guinsoo's Rageblade,Dagger,Farsight Alteration,Control Ward,Celestial Opposition,Locket of the Iron Solari,Kindlegem,Mercury's Treads,Chain Vest,Oracle Lens,Eclipse,Sundered Sky,Mercury's Treads,Doran's Blade,Long Sword,No_Item,Oracle Lens,Liandry's Torment,Hextech Rocketbelt,Cloth Armor,Mercury's Treads,Dark Seal,Abyssal Mask,Oracle Lens,Seraph's Embrace,Doran's Ring,Liandry's Torment,Sorcerer's Shoes,Void Staff,Needlessly Large Rod,Stealth Ward,Doran's Blade,Terminus,Guinsoo's Rageblade,Plated Steelcaps,Giant's Belt,Blade of The Ruined King,Farsight Alteration,Celestial Opposition,Locket of the Iron Solari,Redemption,Boots of Swiftness,Kindlegem,Control Ward,Oracle Lens,Phase Rush,Precision,Conqueror,Inspiration,Electrocute,Sorcery,Lethal Tempo,Domination,Glacial Augment,Resolve,Conqueror,Inspiration,Phase Rush,Precision,Phase Rush,Precision,Lethal Tempo,Resolve,Guardian,Domination,Flash,Teleport,Flash,Smite,Teleport,Flash,Flash,Barrier,Flash,Ignite,Flash,Teleport,Flash,Smite,Teleport,Flash,Flash,Barrier,Flash,Ignite,0,6,0,1,0,1
https://www.op.gg/summoners/euw/Czekoladowski-BAR/matches/uRd1PvnOddrEPYKlKc_v-mOHg7AKL75s2hBpA2ob5Ow%3D/1733783388000,1,25,16,16,25,27,34,40,43,17,5,3,0,0,0,5,2,3,0,48113,40448,12.8,12.2,801,733,34.5,31.7,7665,-7665,2081.2926966292134,1749.7168539325844,Riven,Wukong,Ahri,Corki,Amumu,K'Sante,Sejuani,Zed,Ziggs,Lux,Black Cleaver,Mercury's Treads,Eclipse,Doran's Blade,Caulfield's Warhammer,Tunneler,Oracle Lens,Control Ward,Trinity Force,Sundered Sky,Tunneler,Mercury's Treads,Ruby Crystal,Oracle Lens,Doran's Ring,Sorcerer's Shoes,Malignance,Lich Bane,Dark Seal,Amplifying Tome,Oracle Lens,Doran's Blade,Muramana,Trinity Force,Plated Steelcaps,Long Sword,Cloak of Agility,Stealth Ward,Sunfire Aegis,Mercury's Treads,Solstice Sleigh,Control Ward,Ruby Crystal,Negatron Cloak,Oracle Lens,Iceborn Gauntlet,Refillable Potion,Thornmail,Plated Steelcaps,No_Item,No_Item,Farsight Alteration,Unending Despair,Boots,Heartsteel,No_Item,No_Item,No_Item,Oracle Lens,Eclipse,Black Cleaver,Pickaxe,Doran's Shield,Mercury's Treads,No_Item,Oracle Lens,Doran's Ring,Seraph's Embrace,Luden's Companion,Blighting Jewel,Sorcerer's Shoes,No_Item,Stealth Ward,Luden's Companion,Zaz'Zak's Realmspike,No_Item,Fated Ashes,Haunting Guise,Ionian Boots of Lucidity,Oracle Lens,Conqueror,Inspiration,Conqueror,Inspiration,Electrocute,Sorcery,Conqueror,Resolve,Aftershock,Domination,Grasp of the Undying,Sorcery,Aftershock,Domination,Conqueror,Sorcery,Arcane Comet,Precision,Arcane Comet,Resolve,Flash,Teleport,Smite,Flash,Flash,Teleport,Flash,Teleport,Flash,Exhaust,Teleport,Flash,Flash,Smite,Flash,Teleport,Teleport,Flash,Flash,Heal,1,3,0,0,3,0
https://www.op.gg/summoners/euw/Czekoladowski-BAR/matches/uRd1PvnOddqh5N1Wkr9nf9GIcnDUxE7YRxz1dIszdiM%3D/1733779998000,1,32,14,15,32,16,38,65,50,15,15,0,1,1,0,9,3,1,1,53722,42798,13.4,12.4,729,716,30.8,30.2,10924,-10924,2278.262827225131,1814.993717277487,Gwen,Elise,Corki,Caitlyn,Thresh,Gnar,Dr. Mundo,Yone,Kog'Maw,Soraka,Needlessly Large Rod,Needlessly Large Rod,Sorcerer's Shoes,Shadowflame,Dark Seal,Nashor's Tooth,Farsight Alteration,Blighting Jewel,Dark Seal,Oblivion Orb,Stormsurge,Shadowflame,Sorcerer's Shoes,Oracle Lens,Trinity Force,Plated Steelcaps,No_Item,Last Whisper,Muramana,Doran's Blade,Stealth Ward,Doran's Blade,The Collector,Berserker's Greaves,Infinity Edge,Last Whisper,No_Item,Farsight Alteration,Solstice Sleigh,Trailblazer,Locket of the Iron Solari,Control Ward,Ruby Crystal,Boots of Swiftness,Oracle Lens,Force of Nature,Ruby Crystal,Trinity Force,Boots of Swiftness,Ruby Crystal,No_Item,Stealth Ward,Spirit Visage,Heartsteel,Control Ward,Chain Vest,No_Item,Boots of Swiftness,Oracle Lens,Doran's Shield,Blade of The Ruined King,Refillable Potion,Berserker's Greaves,Immortal Shieldbow,No_Item,Oracle Lens,Refillable Potion,Doran's Ring,Fiendish Codex,Sorcerer's Shoes,Luden's Companion,Seraph's Embrace,Farsight Alteration,Celestial Opposition,Moonstone Renewer,Kindlegem,Dark Seal,Forbidden Idol,Ionian Boots of Lucidity,Oracle Lens,Conqueror,Resolve,Dark Harvest,Precision,Conqueror,Inspiration,Fleet Footwork,Sorcery,Glacial Augment,Resolve,Grasp of the Undying,Precision,Fleet Footwork,Inspiration,Lethal Tempo,Resolve,Arcane Comet,Precision,Summon Aery,Resolve,Teleport,Flash,Flash,Smite,Teleport,Flash,Flash,Barrier,Flash,Ignite,Flash,Teleport,Flash,Smite,Flash,Teleport,Flash,Teleport,Heal,Flash,0,2,1,1,1,0
https://www.op.gg/summoners/euw/Czekoladowski-BAR/matches/uRd1PvnOddpmQS7pADnKAWQtq_-QpWBTzTELYWXJ16o%3D/1733777752000,1,31,14,14,31,16,53,59,50,21,15,1,2,1,0,7,3,2,2,53680,44322,13.8,12.0,759,763,30.2,30.3,9358,-9358,2138.290456431535,1765.5236514522821,Jax,Rek'Sai,Azir,Kog'Maw,Alistar,Gragas,Nidalee,Irelia,Aphelios,Braum,Sundered Sky,Zhonya's Hourglass,Trinity Force,Negatron Cloak,Control Ward,Mercury's Treads,Stealth Ward,No_Item,Titanic Hydra,Locket of the Iron Solari,Slightly Magical Footwear,Sterak's Gage,No_Item,Oracle Lens,Doran's Ring,Nashor's Tooth,Void Staff,Liandry's Torment,Sorcerer's Shoes,Dark Seal,Farsight Alteration,Amplifying Tome,Amplifying Tome,Sorcerer's Shoes,Horizon Focus,Luden's Companion,Seraph's Embrace,Farsight Alteration,Celestial Opposition,No_Item,No_Item,Boots of Swiftness,Warmog's Armor,Kindlegem,Oracle Lens,Doran's Ring,Fimbulwinter,Cosmic Drive,Ionian Boots of Lucidity,Blasting Wand,No_Item,Stealth Ward,No_Item,No_Item,Control Ward,Mercury's Treads,Horizon Focus,Liandry's Torment,Oracle Lens,Doran's Blade,Blade of The Ruined King,Plated Steelcaps,Wit's End,Kraken Slayer,Long Sword,Stealth Ward,Doran's Blade,Infinity Edge,No_Item,The Collector,Berserker's Greaves,No_Item,Farsight Alteration,Mercury's Treads,Knight's Vow,Locket of the Iron Solari,Solstice Sleigh,No_Item,No_Item,Oracle Lens,Grasp of the Undying,Inspiration,Conqueror,Inspiration,Conqueror,Sorcery,Phase Rush,Inspiration,Phase Rush,Inspiration,Arcane Comet,Inspiration,Conqueror,Sorcery,Press the Attack,Inspiration,Press the Attack,Sorcery,Guardian,Inspiration,Flash,Teleport,Smite,Flash,Teleport,Flash,Flash,Teleport,Ignite,Flash,Teleport,Flash,Smite,Flash,Teleport,Flash,Flash,Barrier,Flash,Ignite,1,6,1,0,0,0
https://www.op.gg/summoners/euw/Czekoladowski-BAR/matches/uRd1PvnOddrU5gWwGAGIUvvB8UP6pgFxvhHm_gn-YsI%3D/1733702509000,0,33,36,36,33,56,41,90,106,24,35,2,2,0,2,8,11,2,4,65681,74669,15.6,17.0,946,1068,28.2,31.7,-8988,8988,1941.087972508591,2206.7127147766323,K'Sante,Sion,LeBlanc,Sylas,Janna,Corki,Talon,Akali,Kog'Maw,Bard,"Jak'Sho, The Protean",Tunneler,Boots of Swiftness,Fimbulwinter,Unending Despair,Kaenic Rookern,Farsight Alteration,Unending Despair,Titanic Hydra,Warden's Mail,Plated Steelcaps,Abyssal Mask,Negatron Cloak,Oracle Lens,Void Staff,Control Ward,Needlessly Large Rod,Sorcerer's Shoes,Shadowflame,Luden's Companion,Stealth Ward,Hextech Rocketbelt,Zhonya's Hourglass,No_Item,Dark Seal,Ionian Boots of Lucidity,Cosmic Drive,Oracle Lens,Shurelya's Battlesong,Dream Maker,Redemption,Control Ward,Echoes of Helia,Boots of Swiftness,Oracle Lens,Trinity Force,Muramana,Mercury's Treads,Mortal Reminder,B. F. Sword,Cloak of Agility,Stealth Ward,Youmuu's Ghostblade,Black Cleaver,Frozen Heart,Maw of Malmortius,Eclipse,Boots of Swiftness,Oracle Lens,Void Staff,Stormsurge,Shadowflame,Sorcerer's Shoes,Rabadon's Deathcap,No_Item,Oracle Lens,Blade of The Ruined King,Guinsoo's Rageblade,Refillable Potion,Berserker's Greaves,Terminus,Wit's End,Farsight Alteration,Bloodsong,Fiendish Codex,Amplifying Tome,Heartsteel,Abyssal Mask,Boots of Swiftness,Oracle Lens,Grasp of the Undying,Inspiration,Phase Rush,Resolve,Electrocute,Sorcery,Electrocute,Precision,Summon Aery,Resolve,Conqueror,Inspiration,Conqueror,Inspiration,Electrocute,Sorcery,Lethal Tempo,Inspiration,Guardian,Domination,Teleport,Flash,Flash,Smite,Flash,Teleport,Flash,Teleport,Flash,Heal,Teleport,Flash,Ignite,Smite,Teleport,Flash,Flash,Barrier,Flash,Ignite,0,6,0,1,0,3
https://www.op.gg/summoners/euw/Czekoladowski-BAR/matches/uRd1PvnOddry_Mo0z8J4JcJSQgdu8GbRCSopr7tOuFk%3D/1733699896000,1,22,9,9,22,9,35,90,53,16,28,2,1,1,0,7,3,3,1,52547,42238,14.2,12.2,825,804,33.2,32.3,10309,-10309,2101.88,1689.52,Yone,Lee Sin,Syndra,Draven,Bard,Jax,Zed,Aurora,Ziggs,Thresh,Berserker's Greaves,Blade of The Ruined King,Doran's Blade,Immortal Shieldbow,B. F. Sword,No_Item,Farsight Alteration,Plated Steelcaps,Control Ward,Eclipse,Caulfield's Warhammer,Black Cleaver,Sundered Sky,Stealth Ward,Luden's Companion,Needlessly Large Rod,Cosmic Drive,Hextech Alternator,No_Item,Sorcerer's Shoes,Farsight Alteration,Doran's Blade,Bloodthirster,The Collector,Berserker's Greaves,B. F. Sword,Cloak of Agility,Farsight Alteration,Bloodsong,Control Ward,Kindlegem,Warmog's Armor,Cloth Armor,Boots of Swiftness,Oracle Lens,Control Ward,Shattered Armguard,Trinity Force,Sundered Sky,Plated Steelcaps,No_Item,Stealth Ward,Eclipse,Voltaic Cyclosword,Long Sword,Slightly Magical Footwear,Long Sword,No_Item,Oracle Lens,Doran's Ring,Shadowflame,Malignance,Sorcerer's Shoes,Dark Seal,No_Item,Farsight Alteration,Doran's Ring,Seraph's Embrace,Fiendish Codex,Luden's Companion,Fiendish Codex,Sorcerer's Shoes,Stealth Ward,Trailblazer,Solstice Sleigh,Control Ward,Kindlegem,Cloth Armor,Boots of Swiftness,Oracle Lens,Lethal Tempo,Resolve,Conqueror,Inspiration,First Strike,Sorcery,Lethal Tempo,Domination,Guardian,Domination,Grasp of the Undying,Sorcery,Electrocute,Inspiration,Arcane Comet,Domination,Arcane Comet,Precision,Aftershock,Inspiration,Flash,Teleport,Flash,Smite,Flash,Teleport,Flash,Exhaust,Flash,Ignite,Teleport,Flash,Flash,Smite,Flash,Teleport,Teleport,Flash,Flash,Ignite,1,6,1,0,0,0
https://www.op.gg/summoners/euw/Czekoladowski-BAR/matches/uRd1PvnOddpAWhlseO8nH7qfuf72XYq4OruPY4LlOTk%3D/1733697735000,1,32,19,19,32,29,63,72,58,16,29,1,1,1,0,11,1,2,1,58915,48839,14.4,13.2,807,790,30.3,29.7,10076,-10076,2204.3027210884356,1827.3095238095239,Aatrox,Jarvan IV,Viktor,Ziggs,Nautilus,Gnar,Ivern,Aurora,Draven,Leona,Plated Steelcaps,Refillable Potion,Spear of Shojin,Sundered Sky,No_Item,No_Item,Stealth Ward,Sundered Sky,Eclipse,No_Item,Mercury's Treads,Ruby Crystal,Spear of Shojin,Oracle Lens,Sorcerer's Shoes,Stormsurge,Lich Bane,Dark Seal,Shadowflame,Rabadon's Deathcap,Farsight Alteration,Seraph's Embrace,Doran's Ring,Luden's Companion,Sorcerer's Shoes,Void Staff,Amplifying Tome,Farsight Alteration,Plated Steelcaps,Celestial Opposition,Locket of the Iron Solari,Abyssal Mask,No_Item,No_Item,Oracle Lens,Black Cleaver,Wit's End,Trinity Force,No_Item,Plated Steelcaps,No_Item,Stealth Ward,Ionian Boots of Lucidity,Moonstone Renewer,Redemption,Dark Seal,Aether Wisp,No_Item,Oracle Lens,Ionian Boots of Lucidity,Liandry's Torment,Dark Seal,Malignance,Banshee's Veil,No_Item,Farsight Alteration,Doran's Blade,Bloodthirster,Infinity Edge,The Collector,Berserker's Greaves,Cloak of Agility,Farsight Alteration,No_Item,Locket of the Iron Solari,Bloodsong,Negatron Cloak,Winged Moonplate,Mercury's Treads,Oracle Lens,Conqueror,Resolve,Conqueror,Inspiration,Summon Aery,Resolve,Arcane Comet,Precision,Aftershock,Inspiration,Grasp of the Undying,Precision,Summon Aery,Domination,Electrocute,Sorcery,Lethal Tempo,Domination,Aftershock,Inspiration,Teleport,Flash,Flash,Smite,Flash,Teleport,Teleport,Flash,Ignite,Flash,Flash,Teleport,Smite,Flash,Flash,Teleport,Flash,Barrier,Ignite,Flash,1,6,3,0,0,0
https://www.op.gg/summoners/euw/Czekoladowski-BAR/matches/uRd1PvnOddqTp3PSKryqd87Pj7Zbs3_z5z-KDRejgRw%3D/1733695365000,0,31,44,44,31,75,52,77,72,27,26,0,4,0,1,2,8,0,5,53503,64018,13.6,15.0,710,802,25.6,28.8,-10515,10515,1925.1079439252337,2303.451401869159,Wukong,Xin Zhao,Taliyah,Kalista,Renata Glasc,Ambessa,Vi,Ahri,Draven,Blitzcrank,Trinity Force,Plated Steelcaps,Sundered Sky,Black Cleaver,No_Item,No_Item,Farsight Alteration,Plated Steelcaps,Eclipse,Pickaxe,Sundered Sky,Ruby Crystal,Tunneler,Oracle Lens,Sorcerer's Shoes,Zhonya's Hourglass,Luden's Companion,Liandry's Torment,Dark Seal,No_Item,Farsight Alteration,Doran's Blade,Blade of The Ruined King,Berserker's Greaves,Guinsoo's Rageblade,Cloth Armor,Terminus,Farsight Alteration,Locket of the Iron Solari,Celestial Opposition,Redemption,Boots of Swiftness,Ruby Crystal,Control Ward,Oracle Lens,Plated Steelcaps,Sterak's Gage,Steel Sigil,Eclipse,B. F. Sword,Black Cleaver,Oracle Lens,Black Cleaver,Pickaxe,Plated Steelcaps,Guardian Angel,Tunneler,Sundered Sky,Oracle Lens,Doran's Ring,Malignance,No_Item,Shadowflame,Stormsurge,Sorcerer's Shoes,Oracle Lens,Doran's Blade,Bloodthirster,Berserker's Greaves,Essence Reaver,Infinity Edge,Cloak of Agility,Farsight Alteration,Bloodsong,Trailblazer,Locket of the Iron Solari,Synchronized Souls,Control Ward,Kindlegem,Oracle Lens,Conqueror,Resolve,Conqueror,Inspiration,Phase Rush,Precision,Lethal Tempo,Domination,Guardian,Domination,Grasp of the Undying,Domination,Conqueror,Inspiration,Electrocute,Sorcery,Lethal Tempo,Inspiration,Glacial Augment,Sorcery,Flash,Teleport,Flash,Smite,Teleport,Flash,Flash,Barrier,Flash,Ignite,Teleport,Flash,Flash,Smite,Teleport,Flash,Flash,Barrier,Flash,Ignite,1,4,0,0,2,1
https://www.op.gg/summoners/euw/Czekoladowski-BAR/matches/uRd1PvnOddqUK82aLGK7UOMxb9bVvDcyJn6oZgvAqb0%3D/1733693191000,1,36,21,21,36,43,77,62,51,13,18,2,0,1,0,8,1,3,0,54086,42749,13.4,11.8,693,602,30.8,26.7,11337,-11337,2395.7557046979864,1893.579865771812,K'Sante,Nidalee,Taliyah,Ezreal,Braum,Ornn,Skarner,Azir,Kalista,Nautilus,Iceborn Gauntlet,Control Ward,Mercury's Treads,Null-Magic Mantle,Kaenic Rookern,Unending Despair,Farsight Alteration,Zhonya's Hourglass,No_Item,Dark Seal,Mercury's Treads,Amplifying Tome,Liandry's Torment,Oracle Lens,Sorcerer's Shoes,Luden's Companion,Liandry's Torment,Dark Seal,Void Staff,No_Item,Farsight Alteration,Doran's Blade,Muramana,Trinity Force,Ionian Boots of Lucidity,Serylda's Grudge,Null-Magic Mantle,Farsight Alteration,Locket of the Iron Solari,Solstice Sleigh,Mercury's Treads,Negatron Cloak,Kindlegem,No_Item,Oracle Lens,Doran's Shield,Hollow Radiance,"Jak'Sho, The Protean",Control Ward,Mercury's Treads,No_Item,Stealth Ward,Sterak's Gage,Heartsteel,Control Ward,Cloth Armor,Mercury's Treads,No_Item,Oracle Lens,Blighting Jewel,Nashor's Tooth,Sorcerer's Shoes,Liandry's Torment,No_Item,No_Item,Stealth Ward,Doran's Blade,Blade of The Ruined King,Berserker's Greaves,Guinsoo's Rageblade,Hearthbound Axe,Recurve Bow,Farsight Alteration,Bloodsong,Boots of Swiftness,Warmog's Armor,No_Item,Control Ward,No_Item,Oracle Lens,Grasp of the Undying,Sorcery,Conqueror,Sorcery,Phase Rush,Precision,Conqueror,Inspiration,Guardian,Inspiration,Grasp of the Undying,Inspiration,Aftershock,Inspiration,Arcane Comet,Precision,Lethal Tempo,Domination,Aftershock,Inspiration,Teleport,Flash,Flash,Smite,Teleport,Flash,Flash,Barrier,Heal,Flash,Flash,Teleport,Flash,Smite,Teleport,Flash,Flash,Barrier,Flash,Ignite,0,6,2,1,0,0
https://www.op.gg/summoners/euw/Czekoladowski-BAR/matches/uRd1PvnOddoUABpLvJpJqG8y-Ob7iPgF5UCS3TWnPfo%3D/1733616716000,1,37,17,17,37,26,59,56,62,18,14,2,2,0,0,11,2,2,2,61139,47702,14.8,13.8,869,802,32.8,30.2,13437,-13437,2292.7125,1788.825,K'Sante,Viego,Sylas,Draven,Bard,Gnar,Vi,Ahri,Swain,Thresh,Fimbulwinter,No_Item,Serrated Dirk,Iceborn Gauntlet,Mercury's Treads,"Jak'Sho, The Protean",Oracle Lens,Wit's End,Last Whisper,Kraken Slayer,Sterak's Gage,Mercury's Treads,Sundered Sky,Oracle Lens,Hextech Rocketbelt,Cosmic Drive,Needlessly Large Rod,Amplifying Tome,Amplifying Tome,Mercury's Treads,Oracle Lens,The Collector,Pickaxe,Mortal Reminder,B. F. Sword,Berserker's Greaves,Vampiric Scepter,Farsight Alteration,Bloodsong,Mercury's Treads,Statikk Shiv,Dead Man's Plate,No_Item,Negatron Cloak,Oracle Lens,Doran's Blade,Warden's Mail,Plated Steelcaps,Cull,Trinity Force,Sterak's Gage,Farsight Alteration,Trinity Force,Plated Steelcaps,Black Cleaver,Long Sword,Ruby Crystal,No_Item,Stealth Ward,Dark Seal,Blighting Jewel,Ionian Boots of Lucidity,Malignance,Liandry's Torment,Rabadon's Deathcap,Oracle Lens,Amplifying Tome,Blackfire Torch,Plated Steelcaps,Liandry's Torment,Oblivion Orb,Cloth Armor,Farsight Alteration,Trailblazer,Boots of Swiftness,Solstice Sleigh,Kindlegem,Control Ward,Refillable Potion,Oracle Lens,Grasp of the Undying,Inspiration,Conqueror,Inspiration,Conqueror,Resolve,Lethal Tempo,Sorcery,Guardian,Inspiration,Grasp of the Undying,Precision,Conqueror,Inspiration,Summon Aery,Precision,Summon Aery,Resolve,Guardian,Inspiration,Teleport,Flash,Smite,Flash,Teleport,Flash,Flash,Cleanse,Ignite,Flash,Teleport,Flash,Smite,Flash,Flash,Teleport,Exhaust,Flash,Ignite,Flash,1,6,3,0,0,0
https://www.op.gg/summoners/euw/Czekoladowski-BAR/matches/uRd1PvnOddpxQ0MgAqBVnvUNd09CKaHH9bmgCoo26xw%3D/1733614092000,1,32,14,14,32,9,35,37,34,6,8,1,0,0,0,3,0,1,0,37133,26627,10.0,9.0,474,357,30.5,22.9,10506,-10506,2402.723529411765,1722.9235294117648,Gnar,Lee Sin,Taliyah,Ezreal,Pyke,Hwei,Viego,Aurora,Caitlyn,Ashe,Doran's Shield,Refillable Potion,Mercury's Treads,Trinity Force,No_Item,No_Item,Stealth Ward,Gustwalker Hatchling,Caulfield's Warhammer,Eclipse,Tunneler,Ionian Boots of Lucidity,Ruby Crystal,Stealth Ward,Doran's Ring,Hextech Alternator,Luden's Companion,Sorcerer's Shoes,Dark Seal,Needlessly Large Rod,Farsight Alteration,Doran's Blade,Ionian Boots of Lucidity,Tear of the Goddess,Trinity Force,Caulfield's Warhammer,Long Sword,Farsight Alteration,Bloodsong,Umbral Glaive,Serrated Dirk,Boots of Swiftness,Rectrix,Long Sword,Oracle Lens,Doran's Ring,Lost Chapter,Dark Seal,Sorcerer's Shoes,Hextech Alternator,No_Item,Stealth Ward,Gustwalker Hatchling,Kraken Slayer,Cloth Armor,Long Sword,Slightly Magical Footwear,Ruby Crystal,Oracle Lens,Doran's Ring,Luden's Companion,Sorcerer's Shoes,Dark Seal,Aether Wisp,Glowing Mote,Stealth Ward,Doran's Blade,The Collector,Pickaxe,Boots,No_Item,No_Item,Stealth Ward,Zaz'Zak's Realmspike,Umbral Glaive,Glowing Mote,No_Item,No_Item,Ionian Boots of Lucidity,Oracle Lens,Fleet Footwork,Resolve,Conqueror,Inspiration,Phase Rush,Precision,Press the Attack,Inspiration,Hail of Blades,Sorcery,Arcane Comet,Precision,Conqueror,Inspiration,Electrocute,Sorcery,Fleet Footwork,Sorcery,Hail of Blades,Inspiration,Teleport,Flash,Flash,Smite,Teleport,Flash,Flash,Barrier,Flash,Ignite,Teleport,Flash,Smite,Flash,Teleport,Flash,Barrier,Flash,Flash,Heal,0,6,0,0,0,0
https://www.op.gg/summoners/euw/Czekoladowski-BAR/matches/uRd1PvnOddpX2vVTCi2PcXnbJIZnwPEO6T2uq_QJxvI%3D/1733612330000,0,28,41,41,28,76,43,62,82,25,15,0,3,0,1,6,9,0,4,58809,63399,14.0,15.6,886,848,30.9,29.6,-4590,4590,2055.9243902439025,2216.387804878049,Garen,Nunu & Willump,Yone,Corki,Nautilus,Malphite,Evelynn,Yasuo,Ezreal,Bard,Stridebreaker,Lord Dominik's Regards,Boots of Swiftness,Phantom Dancer,Negatron Cloak,Ruby Crystal,Stealth Ward,Zhonya's Hourglass,Hextech Rocketbelt,Sorcerer's Shoes,Liandry's Torment,Hextech Alternator,Elixir of Sorcery,Oracle Lens,Infinity Edge,Berserker's Greaves,Blade of The Ruined King,Immortal Shieldbow,No_Item,No_Item,Stealth Ward,Trinity Force,Mercury's Treads,Rapid Firecannon,Muramana,Last Whisper,Long Sword,Farsight Alteration,Locket of the Iron Solari,Bloodsong,Knight's Vow,No_Item,Boots of Swiftness,Kindlegem,Oracle Lens,Randuin's Omen,No_Item,Frozen Heart,Thornmail,Doran's Shield,Plated Steelcaps,Farsight Alteration,Rabadon's Deathcap,Mejai's Soulstealer,Lich Bane,Sorcerer's Shoes,Void Staff,Amplifying Tome,Farsight Alteration,Winged Moonplate,Blade of The Ruined King,Berserker's Greaves,Immortal Shieldbow,Infinity Edge,Chain Vest,Farsight Alteration,B. F. Sword,Muramana,Serylda's Grudge,Trinity Force,Doran's Blade,Ionian Boots of Lucidity,Farsight Alteration,Bloodsong,Locket of the Iron Solari,Kindlegem,Dead Man's Plate,Forbidden Idol,Boots of Swiftness,Oracle Lens,Phase Rush,Resolve,Phase Rush,Domination,Lethal Tempo,Resolve,Conqueror,Inspiration,Aftershock,Inspiration,Grasp of the Undying,Sorcery,Electrocute,Sorcery,Lethal Tempo,Resolve,Press the Attack,Sorcery,Guardian,Domination,Flash,Ignite,Flash,Smite,Teleport,Flash,Barrier,Flash,Flash,Ignite,Flash,Teleport,Smite,Flash,Teleport,Flash,Barrier,Flash,Flash,Exhaust,1,6,0,0,0,1
https://www.op.gg/summoners/euw/Czekoladowski-BAR/matches/uRd1PvnOddpJMv3msMWup5EQry1U3WShQR4EHIjTAZE%3D/1733609799000,1,29,36,36,29,44,47,96,79,20,15,1,3,1,0,11,5,2,3,68847,62162,16.4,15.4,1043,884,33.9,28.7,6685,-6685,2231.4047430830037,2014.7367588932805,Camille,Nidalee,Yone,Ashe,Rakan,Aatrox,Gragas,Garen,Caitlyn,Pyke,Ravenous Hydra,Spear of Shojin,Plated Steelcaps,Sterak's Gage,Doran's Shield,Trinity Force,Oracle Lens,Shadowflame,Hextech Rocketbelt,No_Item,Banshee's Veil,Sorcerer's Shoes,Needlessly Large Rod,Stealth Ward,Infinity Edge,Berserker's Greaves,Null-Magic Mantle,Immortal Shieldbow,Death's Dance,Blade of The Ruined King,Stealth Ward,Doran's Blade,Berserker's Greaves,Statikk Shiv,Runaan's Hurricane,Infinity Edge,No_Item,Farsight Alteration,Dark Seal,Plated Steelcaps,Dream Maker,Trailblazer,Control Ward,Frozen Heart,Oracle Lens,Plated Steelcaps,Eclipse,Sundered Sky,Long Sword,Youmuu's Ghostblade,Long Sword,Stealth Ward,Zhonya's Hourglass,Stormsurge,Rabadon's Deathcap,Shadowflame,Sorcerer's Shoes,Amplifying Tome,Oracle Lens,Stridebreaker,Doran's Shield,Plated Steelcaps,Phantom Dancer,Mortal Reminder,No_Item,Stealth Ward,Doran's Blade,The Collector,Infinity Edge,Boots of Swiftness,Lord Dominik's Regards,Zeal,Farsight Alteration,Edge of Night,Youmuu's Ghostblade,Celestial Opposition,Boots of Swiftness,Opportunity,Control Ward,Oracle Lens,Conqueror,Resolve,Conqueror,Sorcery,Lethal Tempo,Resolve,Lethal Tempo,Inspiration,Guardian,Domination,Conqueror,Resolve,Dark Harvest,Inspiration,Phase Rush,Resolve,Fleet Footwork,Sorcery,Hail of Blades,Sorcery,Flash,Teleport,Smite,Flash,Teleport,Flash,Barrier,Flash,Ignite,Flash,Flash,Teleport,Flash,Smite,Flash,Ignite,Cleanse,Flash,Ignite,Flash,1,5,3,0,1,0
https://www.op.gg/summoners/euw/Czekoladowski-BAR/matches/uRd1PvnOddqZ3MbqduKr0DRTSQENcGy_JQWTp8rU8tc%3D/1733529782000,0,21,31,31,21,46,35,70,73,14,24,0,3,0,1,2,9,0,4,49362,59673,13.4,14.6,799,851,28.9,30.8,-10311,10311,1781.847804878049,2154.049756097561,Garen,Xin Zhao,Orianna,Ashe,Lulu,Camille,Kindred,Akali,Kog'Maw,Nautilus,Dead Man's Plate,Boots of Swiftness,Stridebreaker,Tunneler,Ruby Crystal,No_Item,Stealth Ward,Sundered Sky,Titanic Hydra,Warden's Mail,Plated Steelcaps,Ruby Crystal,No_Item,Oracle Lens,Needlessly Large Rod,Luden's Companion,Shadowflame,Sorcerer's Shoes,Needlessly Large Rod,Tear of the Goddess,Farsight Alteration,Infinity Edge,Phantom Dancer,No_Item,Kraken Slayer,Berserker's Greaves,No_Item,Farsight Alteration,Redemption,Ionian Boots of Lucidity,Dream Maker,Aether Wisp,Moonstone Renewer,Faerie Charm,Oracle Lens,Doran's Blade,Plated Steelcaps,Ravenous Hydra,Sterak's Gage,Trinity Force,Pickaxe,Oracle Lens,Infinity Edge,Kraken Slayer,The Collector,Plated Steelcaps,Last Whisper,No_Item,Oracle Lens,Hextech Rocketbelt,Seeker's Armguard,Doran's Shield,Sorcerer's Shoes,No_Item,Shadowflame,Stealth Ward,Blade of The Ruined King,Berserker's Greaves,Negatron Cloak,Doran's Blade,Guinsoo's Rageblade,Recurve Bow,Farsight Alteration,Bloodsong,Control Ward,Locket of the Iron Solari,Plated Steelcaps,Kindlegem,Chain Vest,Oracle Lens,Grasp of the Undying,Inspiration,Conqueror,Inspiration,Summon Aery,Precision,Lethal Tempo,Inspiration,Summon Aery,Resolve,Grasp of the Undying,Sorcery,Press the Attack,Domination,Electrocute,Resolve,Lethal Tempo,Inspiration,Aftershock,Inspiration,Ignite,Flash,Flash,Smite,Flash,Teleport,Flash,Barrier,Heal,Flash,Flash,Teleport,Flash,Smite,Teleport,Flash,Flash,Barrier,Flash,Ignite,0,1,0,1,5,2
https://www.op.gg/summoners/euw/Czekoladowski-BAR/matches/uRd1PvnOddqUxd2L63UvoL01-hvhgoZ_hYMGmiOQd6g%3D/1733527061000,1,25,18,19,26,17,39,60,58,22,13,4,0,1,0,2,4,5,0,48886,47839,13.8,12.6,777,809,30.8,31.9,1047,-1047,1932.1609523809525,1890.7795238095239,Yone,Viego,Akali,Brand,Nautilus,Renekton,Nidalee,Yasuo,Kai'Sa,Karma,Blade of The Ruined King,Berserker's Greaves,B. F. Sword,Refillable Potion,Immortal Shieldbow,No_Item,Stealth Ward,Kraken Slayer,Sundered Sky,Pickaxe,Tunneler,Slightly Magical Footwear,Ruby Crystal,Oracle Lens,Hextech Rocketbelt,Shadowflame,Oblivion Orb,Doran's Shield,Sorcerer's Shoes,Dark Seal,Oracle Lens,Doran's Ring,Shattered Armguard,Dark Seal,Liandry's Torment,Rylai's Crystal Scepter,Sorcerer's Shoes,Farsight Alteration,Celestial Opposition,No_Item,Locket of the Iron Solari,Plated Steelcaps,Cloth Armor,Abyssal Mask,Oracle Lens,Spirit Visage,Plated Steelcaps,Doran's Blade,Sterak's Gage,No_Item,Eclipse,Farsight Alteration,Liandry's Torment,Sorcerer's Shoes,Needlessly Large Rod,No_Item,Dark Seal,Lich Bane,Oracle Lens,Doran's Blade,Blade of The Ruined King,Berserker's Greaves,Immortal Shieldbow,Cloak of Agility,Pickaxe,Farsight Alteration,Doran's Blade,Statikk Shiv,Berserker's Greaves,Guinsoo's Rageblade,Amplifying Tome,Amplifying Tome,Farsight Alteration,No_Item,Control Ward,Dream Maker,Moonstone Renewer,Boots of Swiftness,Echoes of Helia,Oracle Lens,Lethal Tempo,Resolve,Conqueror,Inspiration,Electrocute,Resolve,Arcane Comet,Precision,Aftershock,Inspiration,Conqueror,Resolve,Conqueror,Sorcery,Lethal Tempo,Resolve,Press the Attack,Sorcery,Arcane Comet,Resolve,Teleport,Flash,Flash,Smite,Teleport,Flash,Flash,Ghost,Flash,Ignite,Flash,Teleport,Smite,Flash,Teleport,Flash,Flash,Barrier,Flash,Heal,0,0,0,0,3,0
https://www.op.gg/summoners/euw/Czekoladowski-BAR/matches/uRd1PvnOddo4lLz8c4UklShuMBQK1gKR7toC3BLaA-I%3D/1733524328000,0,18,27,27,18,35,16,69,57,21,23,0,3,0,0,3,3,0,3,43328,45479,12.2,12.6,732,710,32.7,31.8,-2151,2151,1940.4564417177912,2036.789570552147,Sylas,Viego,Irelia,Aphelios,Nautilus,Fiora,Wukong,Yone,Swain,Leona,No_Item,Hextech Rocketbelt,No_Item,Oblivion Orb,Ionian Boots of Lucidity,Cosmic Drive,Farsight Alteration,Kraken Slayer,Slightly Magical Footwear,Titanic Hydra,No_Item,No_Item,No_Item,Stealth Ward,Doran's Blade,Blade of The Ruined King,Plated Steelcaps,Kraken Slayer,Sundered Sky,Cloth Armor,Farsight Alteration,Doran's Blade,The Collector,Berserker's Greaves,Mortal Reminder,No_Item,No_Item,Farsight Alteration,Locket of the Iron Solari,Celestial Opposition,Control Ward,Mercury's Treads,No_Item,No_Item,Oracle Lens,Boots,Ravenous Hydra,Long Sword,Trinity Force,Doran's Blade,Refillable Potion,Oracle Lens,Control Ward,Sundered Sky,Cloth Armor,Trinity Force,Slightly Magical Footwear,Black Cleaver,Oracle Lens,Doran's Shield,Berserker's Greaves,Blade of The Ruined King,Long Sword,Phage,Dagger,Oracle Lens,Blackfire Torch,Rylai's Crystal Scepter,Doran's Ring,Plated Steelcaps,Dark Seal,Seeker's Armguard,Stealth Ward,Bloodsong,Plated Steelcaps,Locket of the Iron Solari,No_Item,Thornmail,No_Item,Oracle Lens,Conqueror,Resolve,Conqueror,Inspiration,Press the Attack,Domination,Press the Attack,Sorcery,Aftershock,Inspiration,Grasp of the Undying,Sorcery,Conqueror,Inspiration,Lethal Tempo,Resolve,Conqueror,Sorcery,Aftershock,Domination,Flash,Teleport,Smite,Flash,Teleport,Flash,Flash,Cleanse,Flash,Ignite,Flash,Teleport,Flash,Smite,Teleport,Flash,Ghost,Flash,Ignite,Flash,1,1,0,0,5,0
https://www.op.gg/summoners/euw/Czekoladowski-BAR/matches/uRd1PvnOddpizHIrdu6QjLJECo-QoHV9OfT2qRMsOpU%3D/1733522290000,1,30,13,13,30,21,50,58,47,10,20,1,2,0,0,10,2,1,2,52414,39941,13.2,11.6,736,685,32.0,29.9,12473,-12473,2280.1570621468927,1737.546327683616,Jax,Talon,LeBlanc,Caitlyn,Soraka,Garen,Kindred,Vex,Corki,Senna,Plated Steelcaps,Sundered Sky,Trinity Force,Frozen Heart,Doran's Shield,No_Item,Stealth Ward,Hubris,Youmuu's Ghostblade,Slightly Magical Footwear,Eclipse,Phage,Pickaxe,Oracle Lens,Doran's Ring,Needlessly Large Rod,Amplifying Tome,Rabadon's Deathcap,Luden's Companion,Sorcerer's Shoes,Stealth Ward,Refillable Potion,Boots,Doran's Blade,The Collector,Infinity Edge,Last Whisper,Stealth Ward,Celestial Opposition,Redemption,Moonstone Renewer,Dark Seal,Forbidden Idol,Ionian Boots of Lucidity,Oracle Lens,Plated Steelcaps,Dead Man's Plate,Stridebreaker,No_Item,No_Item,No_Item,Stealth Ward,The Collector,Trinity Force,Plated Steelcaps,No_Item,No_Item,No_Item,Oracle Lens,Stormsurge,Luden's Companion,Sorcerer's Shoes,Doran's Ring,No_Item,No_Item,Oracle Lens,Trinity Force,Boots,Muramana,Long Sword,Doran's Blade,No_Item,Farsight Alteration,Bloodsong,Black Cleaver,Executioner's Calling,Boots of Swiftness,Rapid Firecannon,No_Item,Oracle Lens,Grasp of the Undying,Inspiration,Conqueror,Inspiration,Electrocute,Sorcery,Lethal Tempo,Sorcery,Summon Aery,Resolve,Phase Rush,Resolve,Press the Attack,Inspiration,Electrocute,Sorcery,Conqueror,Inspiration,Grasp of the Undying,Precision,Flash,Teleport,Ignite,Smite,Flash,Teleport,Flash,Barrier,Heal,Flash,Ignite,Flash,Flash,Smite,Teleport,Flash,Barrier,Flash,Flash,Heal,1,4,1,0,2,0
https://www.op.gg/summoners/euw/Czekoladowski-BAR/matches/uRd1PvnOddo1niAH7-WgROKYM_eoQo67Ri5166MZtFk%3D/1733520035000,1,47,22,24,47,28,78,52,56,21,13,0,2,1,0,10,1,1,2,60298,46461,14.0,12.6,706,640,28.6,25.9,13837,-13837,2430.617054263566,1872.8465116279071,Renekton,Elise,Sylas,Ashe,Thresh,Shen,Viego,Ahri,Draven,Nautilus,Doran's Shield,Black Cleaver,Death's Dance,Tunneler,Sterak's Gage,Plated Steelcaps,Oracle Lens,Shadowflame,Stormsurge,Needlessly Large Rod,Sorcerer's Shoes,Needlessly Large Rod,Dark Seal,Oracle Lens,Mercury's Treads,Zhonya's Hourglass,Hextech Rocketbelt,Mejai's Soulstealer,Cosmic Drive,Amplifying Tome,Oracle Lens,Doran's Blade,Kraken Slayer,Infinity Edge,Cloak of Agility,Phantom Dancer,Berserker's Greaves,Farsight Alteration,Locket of the Iron Solari,Solstice Sleigh,Control Ward,Trailblazer,Kindlegem,Boots of Swiftness,Oracle Lens,Bami's Cinder,Heartsteel,Plated Steelcaps,Spectre's Cowl,Doran's Shield,No_Item,Oracle Lens,Titanic Hydra,Kraken Slayer,Mercury's Treads,Recurve Bow,Long Sword,No_Item,Oracle Lens,Haunting Guise,Dark Seal,Malignance,Mercury's Treads,Oblivion Orb,Fated Ashes,Stealth Ward,Mortal Reminder,The Collector,Cloak of Agility,Bloodthirster,Pickaxe,Berserker's Greaves,Farsight Alteration,Control Ward,Celestial Opposition,Locket of the Iron Solari,Chain Vest,Kindlegem,Mercury's Treads,Oracle Lens,Conqueror,Resolve,Dark Harvest,Precision,Conqueror,Resolve,Lethal Tempo,Inspiration,Aftershock,Inspiration,Grasp of the Undying,Domination,Conqueror,Inspiration,Summon Aery,Domination,Lethal Tempo,Domination,Aftershock,Inspiration,Flash,Teleport,Flash,Smite,Teleport,Flash,Flash,Barrier,Flash,Ignite,Flash,Ignite,Flash,Smite,Teleport,Flash,Flash,Barrier,Ignite,Flash,1,5,1,0,1,0
https://www.op.gg/summoners/euw/Czekoladowski-BAR/matches/uRd1PvnOddrwCCVQHadF9I5Fe7zOliQoJkjvrQB9xOY%3D/1733436647000,0,3,11,11,3,20,7,42,44,15,25,0,2,0,0,0,2,0,2,28366,35107,10.0,11.0,625,689,34.6,38.0,-6741,6741,1573.4265624999998,1947.3414062499999,Yone,Skarner,Rumble,Kai'Sa,Alistar,Darius,Vi,Ahri,Corki,Leona,Doran's Shield,Berserker's Greaves,Blade of The Ruined King,No_Item,No_Item,No_Item,Stealth Ward,No_Item,Plated Steelcaps,Heartsteel,Giant's Belt,Control Ward,Cloth Armor,Eye of the Herald,Sorcerer's Shoes,Blighting Jewel,No_Item,Dark Seal,Doran's Ring,Liandry's Torment,Farsight Alteration,Doran's Blade,Statikk Shiv,Berserker's Greaves,Pickaxe,Control Ward,Dagger,Farsight Alteration,Celestial Opposition,Control Ward,Locket of the Iron Solari,Boots,Cloth Armor,No_Item,Oracle Lens,Trinity Force,Refillable Potion,Doran's Shield,Mercury's Treads,Negatron Cloak,No_Item,Oracle Lens,Sundered Sky,Black Cleaver,No_Item,Slightly Magical Footwear,No_Item,No_Item,Oracle Lens,Doran's Ring,Malignance,Aether Wisp,Dark Seal,Ionian Boots of Lucidity,No_Item,Oracle Lens,Doran's Blade,Slightly Magical Footwear,No_Item,Trinity Force,Manamune,Zeal,Farsight Alteration,Cloth Armor,Bloodsong,Locket of the Iron Solari,No_Item,No_Item,Boots,Oracle Lens,Lethal Tempo,Resolve,Aftershock,Inspiration,Phase Rush,Domination,Press the Attack,Domination,Aftershock,Inspiration,Conqueror,Sorcery,Conqueror,Inspiration,Electrocute,Sorcery,Conqueror,Inspiration,Aftershock,Inspiration,Teleport,Flash,Flash,Smite,Ignite,Flash,Flash,Cleanse,Flash,Ignite,Flash,Ghost,Flash,Smite,Flash,Teleport,Flash,Barrier,Flash,Ignite,1,2,0,0,4,0
https://www.op.gg/summoners/euw/Czekoladowski-BAR/matches/uRd1PvnOddpcpbpmiZM13ra28KzHCR4ALWIT0kIDigo%3D/1733433474000,1,35,24,24,35,41,65,79,95,36,34,1,2,1,0,9,5,2,2,66805,58315,15.2,14.4,983,823,33.3,27.8,8490,-8490,2264.576271186441,1976.7796610169491,Yone,Skarner,LeBlanc,Jinx,Lulu,Jayce,Taric,Syndra,Ezreal,Pyke,Infinity Edge,Berserker's Greaves,Immortal Shieldbow,Pickaxe,Blade of The Ruined King,Long Sword,Stealth Ward,Control Ward,Heartsteel,Thornmail,Ruby Crystal,Ionian Boots of Lucidity,Sterak's Gage,Oracle Lens,Shadowflame,Banshee's Veil,Luden's Companion,Blasting Wand,Sorcerer's Shoes,Dark Seal,Oracle Lens,Control Ward,Berserker's Greaves,The Collector,Infinity Edge,Bloodthirster,Runaan's Hurricane,Farsight Alteration,Redemption,Dream Maker,Ionian Boots of Lucidity,Moonstone Renewer,Ardent Censer,No_Item,Oracle Lens,Opportunity,Youmuu's Ghostblade,Edge of Night,Serpent's Fang,Ionian Boots of Lucidity,Your Cut,Farsight Alteration,Spirit Visage,Fimbulwinter,Plated Steelcaps,Echoes of Helia,Chain Vest,Kindlegem,Oracle Lens,Shadowflame,Luden's Companion,Needlessly Large Rod,Doran's Ring,Needlessly Large Rod,Sorcerer's Shoes,Farsight Alteration,Control Ward,Trinity Force,Muramana,Ionian Boots of Lucidity,Caulfield's Warhammer,Spear of Shojin,Farsight Alteration,Bloodsong,Edge of Night,Umbral Glaive,Executioner's Calling,Boots of Swiftness,Serpent's Fang,Oracle Lens,Lethal Tempo,Resolve,Aftershock,Inspiration,Electrocute,Sorcery,Lethal Tempo,Domination,Summon Aery,Resolve,Conqueror,Inspiration,Glacial Augment,Precision,Summon Aery,Precision,Conqueror,Inspiration,Hail of Blades,Sorcery,Teleport,Flash,Flash,Smite,Flash,Teleport,Flash,Barrier,Heal,Flash,Teleport,Flash,Smite,Flash,Flash,Teleport,Flash,Barrier,Flash,Ignite,0,1,2,1,5,0
https://www.op.gg/summoners/euw/Czekoladowski-BAR/matches/uRd1PvnOddqOhFNEbd-_T1Bv3zYXykyNYi0DTUVyoDI%3D/1733354120000,1,28,25,25,28,32,36,66,63,19,18,0,3,1,0,7,4,1,3,56250,49824,14.2,13.0,818,799,31.2,30.400000000000002,6426,-6426,2133.6206896551726,1889.8758620689655,Ambessa,Bel'Veth,Qiyana,Seraphine,Lulu,Camille,Graves,Syndra,Ashe,Karma,Serylda's Grudge,Edge of Night,Voltaic Cyclosword,Opportunity,Plated Steelcaps,Long Sword,Stealth Ward,No_Item,Kraken Slayer,Stridebreaker,Death's Dance,Dagger,Plated Steelcaps,Oracle Lens,Last Whisper,Ionian Boots of Lucidity,Youmuu's Ghostblade,Edge of Night,Long Sword,Opportunity,Oracle Lens,Doran's Ring,Seraph's Embrace,Liandry's Torment,No_Item,Amplifying Tome,Ionian Boots of Lucidity,Farsight Alteration,Dream Maker,Redemption,Control Ward,Moonstone Renewer,Boots,Cloth Armor,Oracle Lens,Doran's Blade,Trinity Force,Ravenous Hydra,Plated Steelcaps,Tunneler,Ruby Crystal,Oracle Lens,Serpent's Fang,Cloak of Agility,Long Sword,The Collector,Youmuu's Ghostblade,Plated Steelcaps,Oracle Lens,Stormsurge,Zhonya's Hourglass,Dark Seal,Sorcerer's Shoes,No_Item,Shadowflame,Farsight Alteration,Doran's Blade,Kraken Slayer,Phantom Dancer,Berserker's Greaves,Executioner's Calling,Cloak of Agility,Farsight Alteration,Moonstone Renewer,Control Ward,Dream Maker,Boots of Swiftness,Echoes of Helia,No_Item,Oracle Lens,Electrocute,Resolve,Conqueror,Inspiration,Electrocute,Precision,Conqueror,Sorcery,Electrocute,Sorcery,Grasp of the Undying,Sorcery,Dark Harvest,Precision,Arcane Comet,Inspiration,Lethal Tempo,Inspiration,Arcane Comet,Resolve,Flash,Teleport,Smite,Flash,Flash,Teleport,Flash,Teleport,Heal,Flash,Ignite,Teleport,Flash,Smite,Teleport,Flash,Flash,Teleport,Flash,Heal,1,5,1,0,1,0
https://www.op.gg/summoners/euw/Czekoladowski-BAR/matches/uRd1PvnOddrRSff8fzLA9WXfjjuA9cQQMOiagVs_rzQ%3D/1733351838000,1,35,35,35,35,34,63,72,65,14,24,2,2,1,0,7,4,3,2,62865,55158,15.2,14.0,870,774,30.4,27.1,7707,-7707,2196.157205240175,1926.9170305676855,Gragas,Lee Sin,Hwei,Corki,Nautilus,Aurora,Volibear,Akshan,Samira,Leona,Lich Bane,Cosmic Drive,Needlessly Large Rod,Lost Chapter,Boots of Swiftness,Amplifying Tome,Stealth Ward,Sterak's Gage,Eclipse,Control Ward,Sundered Sky,Steel Sigil,Plated Steelcaps,Stealth Ward,Horizon Focus,Luden's Companion,Needlessly Large Rod,Sorcerer's Shoes,Void Staff,No_Item,Farsight Alteration,Serrated Dirk,Plated Steelcaps,Muramana,Trinity Force,Infinity Edge,Lord Dominik's Regards,Farsight Alteration,Locket of the Iron Solari,Celestial Opposition,Knight's Vow,Bramble Vest,Control Ward,Mercury's Treads,Oracle Lens,Blighting Jewel,Malignance,Zhonya's Hourglass,Dark Seal,Sorcerer's Shoes,Shadowflame,Oracle Lens,Dead Man's Plate,Ionian Boots of Lucidity,Sundered Sky,Spirit Visage,No_Item,No_Item,Oracle Lens,Infinity Edge,The Collector,Zeal,Doran's Blade,Scout's Slingshot,Mercury's Treads,Farsight Alteration,Lord Dominik's Regards,The Collector,Infinity Edge,Plated Steelcaps,Vampiric Scepter,Doran's Blade,Farsight Alteration,Knight's Vow,Bloodsong,Locket of the Iron Solari,Control Ward,Ruby Crystal,Mercury's Treads,Oracle Lens,Phase Rush,Precision,Conqueror,Inspiration,Arcane Comet,Precision,Conqueror,Resolve,Aftershock,Inspiration,Electrocute,Sorcery,Press the Attack,Sorcery,Press the Attack,Inspiration,Conqueror,Domination,Aftershock,Inspiration,Flash,Teleport,Flash,Smite,Teleport,Flash,Flash,Cleanse,Flash,Ignite,Flash,Teleport,Flash,Smite,Flash,Teleport,Flash,Barrier,Flash,Ignite,0,5,1,0,1,0
https://www.op.gg/summoners/euw/Czekoladowski-BAR/matches/uRd1PvnOddo4DBFpRhKvwN1F4YNrkrUT8NXg3U95tP0%3D/1733347839000,0,18,32,32,18,59,35,63,63,16,21,0,3,0,1,3,9,0,4,52124,63202,13.8,14.8,839,854,29.8,30.5,-11078,11078,1848.842735042735,2241.780341880342,K'Sante,Lillia,Yone,Corki,Janna,Yasuo,Skarner,Syndra,Draven,Nautilus,Plated Steelcaps,Randuin's Omen,Unending Despair,"Jak'Sho, The Protean",Kaenic Rookern,No_Item,Farsight Alteration,No_Item,Liandry's Torment,Shattered Armguard,Ionian Boots of Lucidity,Dark Seal,Riftmaker,Oracle Lens,Doran's Shield,Blade of The Ruined King,Berserker's Greaves,Immortal Shieldbow,B. F. Sword,Cloak of Agility,Oracle Lens,Infinity Edge,Doran's Blade,The Collector,Plated Steelcaps,Last Whisper,No_Item,Farsight Alteration,Boots of Swiftness,Control Ward,Dream Maker,Echoes of Helia,Moonstone Renewer,Kindlegem,Oracle Lens,Doran's Shield,Blade of The Ruined King,Immortal Shieldbow,No_Item,Berserker's Greaves,No_Item,Stealth Ward,Sterak's Gage,Heartsteel,Plated Steelcaps,Spirit Visage,Chain Vest,Ruby Crystal,Oracle Lens,Doran's Ring,Needlessly Large Rod,Cryptbloom,Sorcerer's Shoes,Luden's Companion,Shadowflame,Farsight Alteration,Infinity Edge,The Collector,Immortal Shieldbow,Berserker's Greaves,Lord Dominik's Regards,Cloak of Agility,Farsight Alteration,Knight's Vow,Bloodsong,Locket of the Iron Solari,No_Item,Kindlegem,Plated Steelcaps,Oracle Lens,Grasp of the Undying,Precision,Conqueror,Inspiration,Fleet Footwork,Resolve,Hail of Blades,Precision,Summon Aery,Domination,Lethal Tempo,Resolve,Grasp of the Undying,Inspiration,First Strike,Sorcery,Lethal Tempo,Domination,Glacial Augment,Resolve,Flash,Teleport,Smite,Flash,Teleport,Flash,Flash,Exhaust,Flash,Heal,Flash,Teleport,Flash,Smite,Teleport,Flash,Barrier,Flash,Flash,Ignite,0,1,0,1,5,2
https://www.op.gg/summoners/euw/Czekoladowski-BAR/matches/uRd1PvnOddprT8NMbWbDIEX-iFUIILFzscw4N_h_RVc%3D/1733345199000,1,34,12,13,34,18,51,97,85,32,49,3,1,1,0,9,4,4,1,63773,49486,15.6,13.8,972,901,33.7,31.2,14287,-14287,2205.482916666667,1711.3908333333336,Singed,Volibear,Sylas,Varus,Rakan,Gragas,Kindred,Ahri,Corki,Janna,Force of Nature,Rylai's Crystal Scepter,No_Item,Boots of Swiftness,Dark Seal,Liandry's Torment,Farsight Alteration,Dead Man's Plate,Boots of Swiftness,Sundered Sky,Spirit Visage,No_Item,No_Item,Oracle Lens,Hextech Rocketbelt,Cosmic Drive,Mercury's Treads,Seeker's Armguard,Needlessly Large Rod,Dark Seal,Oracle Lens,Doran's Blade,Muramana,Serylda's Grudge,Hubris,Edge of Night,Ionian Boots of Lucidity,Farsight Alteration,Bloodsong,Locket of the Iron Solari,Kindlegem,Redemption,Boots of Swiftness,No_Item,Oracle Lens,Cosmic Drive,Lich Bane,No_Item,Ionian Boots of Lucidity,Lost Chapter,Dark Seal,Stealth Ward,The Collector,Kraken Slayer,Control Ward,Boots,Cloak of Agility,B. F. Sword,Oracle Lens,Void Staff,Malignance,Sorcerer's Shoes,Horizon Focus,Oblivion Orb,No_Item,Oracle Lens,Muramana,Doran's Blade,Infinity Edge,Trinity Force,Slightly Magical Footwear,Cloth Armor,Farsight Alteration,Mikael's Blessing,Moonstone Renewer,Control Ward,Dream Maker,Boots of Swiftness,Forbidden Idol,Oracle Lens,Conqueror,Resolve,Press the Attack,Sorcery,Conqueror,Resolve,Hail of Blades,Sorcery,Glacial Augment,Domination,Phase Rush,Precision,Conqueror,Domination,Electrocute,Sorcery,Conqueror,Inspiration,Summon Aery,Resolve,Ghost,Flash,Flash,Smite,Teleport,Flash,Flash,Barrier,Flash,Ignite,Flash,Teleport,Flash,Smite,Flash,Teleport,Flash,Cleanse,Flash,Ignite,1,4,2,0,2,0
https://www.op.gg/summoners/euw/Czekoladowski-BAR/matches/uRd1PvnOddrdQcsiaS6EyK8zvdmp7SAlK05wJejMSmc%3D/1733342884000,0,15,27,27,15,32,29,68,86,20,28,1,2,0,1,4,11,1,3,46056,55118,12.8,13.8,757,781,30.5,31.6,-9062,9062,1869.3317647058825,2237.1423529411763,Irelia,Volibear,Ryze,Ziggs,Rakan,Sett,Lee Sin,Aurora,Corki,Bard,Blade of The Ruined King,Sundered Sky,No_Item,Plated Steelcaps,No_Item,No_Item,Oracle Lens,Iceborn Gauntlet,Ionian Boots of Lucidity,Sundered Sky,Kindlegem,Ruby Crystal,No_Item,Oracle Lens,Luden's Companion,Refillable Potion,Cosmic Drive,Boots of Swiftness,Seraph's Embrace,Blighting Jewel,Farsight Alteration,Doran's Ring,Luden's Companion,Seraph's Embrace,Sorcerer's Shoes,Blighting Jewel,Blasting Wand,Farsight Alteration,Celestial Opposition,Locket of the Iron Solari,Redemption,No_Item,Mercury's Treads,Control Ward,Oracle Lens,Stridebreaker,Blade of The Ruined King,Plated Steelcaps,Recurve Bow,Sterak's Gage,Negatron Cloak,Farsight Alteration,Sundered Sky,Eclipse,No_Item,Long Sword,Slightly Magical Footwear,Null-Magic Mantle,Stealth Ward,Boots of Swiftness,Cosmic Drive,Liandry's Torment,Oblivion Orb,Doran's Ring,Dark Seal,Oracle Lens,Doran's Blade,Trinity Force,Muramana,Mercury's Treads,Rapid Firecannon,B. F. Sword,Farsight Alteration,Mercury's Treads,Heartsteel,No_Item,Bloodsong,Ruby Crystal,No_Item,Oracle Lens,Conqueror,Inspiration,Press the Attack,Sorcery,Phase Rush,Precision,Arcane Comet,Precision,Guardian,Domination,Conqueror,Resolve,Conqueror,Inspiration,Electrocute,Sorcery,Conqueror,Inspiration,Guardian,Domination,Flash,Teleport,Flash,Smite,Teleport,Flash,Teleport,Flash,Flash,Heal,Teleport,Flash,Smite,Flash,Teleport,Flash,Teleport,Flash,Flash,Ignite,0,0,0,1,6,3
https://www.op.gg/summoners/euw/Czekoladowski-BAR/matches/uRd1PvnOddowbyBhxZa4A9VLjU89lPNe5R_Dw7IE3AU%3D/1733340703000,1,42,19,19,42,27,60,95,62,25,25,3,1,1,0,6,5,4,1,65190,55515,15.6,13.8,887,906,30.299999999999997,31.1,9675,-9675,2236.9117647058824,1904.9264705882354,Swain,Sejuani,Akali,Yasuo,Pyke,Zed,Viego,Lee Sin,Ziggs,Karma,Haunting Guise,Rylai's Crystal Scepter,Dark Seal,Plated Steelcaps,Liandry's Torment,Unending Despair,Stealth Ward,Frozen Heart,Locket of the Iron Solari,Plated Steelcaps,Kindlegem,Control Ward,Zeke's Convergence,Oracle Lens,Hextech Rocketbelt,Zhonya's Hourglass,Lich Bane,Sorcerer's Shoes,Dark Seal,Blighting Jewel,Oracle Lens,Stridebreaker,Infinity Edge,Blade of The Ruined King,Zeal,Berserker's Greaves,Dagger,Farsight Alteration,Youmuu's Ghostblade,Umbral Glaive,Control Ward,Celestial Opposition,Serpent's Fang,Boots of Swiftness,Oracle Lens,Eclipse,Ionian Boots of Lucidity,Edge of Night,Opportunity,Caulfield's Warhammer,Long Sword,Oracle Lens,Titanic Hydra,Kraken Slayer,Sundered Sky,Mercury's Treads,Kindlegem,Pickaxe,Oracle Lens,Mercury's Treads,Eclipse,Ravenous Hydra,Sundered Sky,No_Item,Doran's Shield,Stealth Ward,Doran's Ring,Haunting Guise,Sorcerer's Shoes,Refillable Potion,Luden's Companion,Zhonya's Hourglass,Farsight Alteration,No_Item,Dream Maker,Redemption,Ionian Boots of Lucidity,Oblivion Orb,Moonstone Renewer,Oracle Lens,Conqueror,Sorcery,Aftershock,Precision,Electrocute,Resolve,Lethal Tempo,Resolve,Hail of Blades,Sorcery,Conqueror,Sorcery,Conqueror,Inspiration,Conqueror,Resolve,Arcane Comet,Precision,Summon Aery,Precision,Flash,Teleport,Flash,Smite,Teleport,Flash,Cleanse,Flash,Flash,Ignite,Teleport,Flash,Flash,Smite,Flash,Teleport,Teleport,Flash,Flash,Heal,1,0,0,0,6,0
https://www.op.gg/summoners/euw/Czekoladowski-BAR/matches/uRd1PvnOddqPRUQcZSG3ehlYC99KXGaD63rYRkgBTrY%3D/1733248052000,0,13,45,45,13,70,21,58,87,28,32,0,4,0,1,6,11,0,5,53155,62870,13.8,15.4,837,864,30.1,31.099999999999998,-9715,9715,1917.065573770492,2267.44262295082,Gwen,Xin Zhao,Yone,Kog'Maw,Senna,Darius,Nidalee,Talon,Varus,Bard,Needlessly Large Rod,Sorcerer's Shoes,Needlessly Large Rod,Nashor's Tooth,Shadowflame,Void Staff,Farsight Alteration,Mercury's Treads,Ruby Crystal,Control Ward,No_Item,Sundered Sky,Black Cleaver,Oracle Lens,B. F. Sword,Berserker's Greaves,Blade of The Ruined King,Immortal Shieldbow,Pickaxe,Cloak of Agility,Stealth Ward,Blade of The Ruined King,Guinsoo's Rageblade,Berserker's Greaves,Wit's End,No_Item,No_Item,Farsight Alteration,Black Cleaver,Bloodsong,Rapid Firecannon,Boots of Swiftness,Kindlegem,Control Ward,Oracle Lens,Trinity Force,Dead Man's Plate,Pickaxe,Mercury's Treads,Tunneler,Doran's Shield,Oracle Lens,Shadowflame,Sorcerer's Shoes,Stormsurge,Mejai's Soulstealer,Shattered Armguard,Lich Bane,Oracle Lens,Youmuu's Ghostblade,Hubris,Death's Dance,Black Cleaver,Doran's Blade,Boots of Swiftness,Oracle Lens,Control Ward,Serrated Dirk,Ionian Boots of Lucidity,Hubris,Muramana,Tunneler,Farsight Alteration,Bloodsong,No_Item,Ruby Crystal,Heartsteel,"Jak'Sho, The Protean",Boots of Swiftness,Oracle Lens,Conqueror,Inspiration,Conqueror,Inspiration,Lethal Tempo,Resolve,Lethal Tempo,Resolve,Grasp of the Undying,Precision,Conqueror,Sorcery,Dark Harvest,Precision,Conqueror,Sorcery,Hail of Blades,Sorcery,Guardian,Domination,Teleport,Ignite,Smite,Flash,Teleport,Flash,Flash,Cleanse,Flash,Heal,Ghost,Flash,Flash,Smite,Flash,Ignite,Flash,Barrier,Flash,Ignite,0,3,1,1,3,3
https://www.op.gg/summoners/euw/Czekoladowski-BAR/matches/uRd1PvnOddrOZNMg7X3gbQkFygUBvCJX-yiJ0BQJWfM%3D/1733244856000,0,29,34,34,29,64,53,81,64,27,32,2,0,0,0,1,8,2,0,54902,62572,14.2,15.0,836,884,27.4,29.0,-7670,7670,1809.6189944134078,2062.4290502793297,Ambessa,Wukong,Syndra,Varus,Karma,Poppy,Viego,Akshan,Ziggs,Maokai,Eclipse,Control Ward,Long Sword,Ionian Boots of Lucidity,Spear of Shojin,Voltaic Cyclosword,Stealth Ward,Trinity Force,Sundered Sky,No_Item,No_Item,Plated Steelcaps,No_Item,Oracle Lens,Seraph's Embrace,Void Staff,Liandry's Torment,No_Item,Ionian Boots of Lucidity,Doran's Ring,Oracle Lens,Youmuu's Ghostblade,Boots of Swiftness,Edge of Night,Muramana,Serylda's Grudge,No_Item,Farsight Alteration,Dream Maker,Redemption,Control Ward,Moonstone Renewer,Forbidden Idol,Ionian Boots of Lucidity,Oracle Lens,Fimbulwinter,Control Ward,Bami's Cinder,Plated Steelcaps,Iceborn Gauntlet,Spirit Visage,Farsight Alteration,Titanic Hydra,Sundered Sky,Boots of Swiftness,Pickaxe,Kraken Slayer,Glowing Mote,Oracle Lens,Mercury's Treads,Doran's Blade,Zeal,Lord Dominik's Regards,The Collector,Infinity Edge,Farsight Alteration,Doran's Ring,Seraph's Embrace,Horizon Focus,Luden's Companion,Sorcerer's Shoes,Needlessly Large Rod,Farsight Alteration,Locket of the Iron Solari,Solstice Sleigh,Trailblazer,Ruby Crystal,Boots of Swiftness,No_Item,Oracle Lens,Conqueror,Resolve,Conqueror,Inspiration,Arcane Comet,Inspiration,Arcane Comet,Precision,Summon Aery,Resolve,Grasp of the Undying,Inspiration,Conqueror,Inspiration,Press the Attack,Inspiration,Arcane Comet,Inspiration,Aftershock,Inspiration,Teleport,Flash,Flash,Smite,Teleport,Flash,Teleport,Flash,Flash,Heal,Teleport,Flash,Flash,Smite,Flash,Teleport,Teleport,Flash,Flash,Ignite,0,6,0,1,0,1
https://www.op.gg/summoners/euw/Czekoladowski-BAR/matches/uRd1PvnOddruoi275ArvWJI_KaGV3m3NaIbJeRNKxEk%3D/1733242481000,1,8,3,3,8,2,10,17,12,2,2,1,0,0,0,0,0,1,0,17601,13724,6.6,6.2,297,229,32.0,24.8,3877,-3877,1909.2610169491525,1488.7050847457626,K'Sante,Viego,Fizz,Varus,Neeko,Yone,Lee Sin,Gragas,Jinx,Rell,Doran's Shield,Health Potion,Cloth Armor,Ruby Crystal,Mercury's Treads,Tear of the Goddess,Stealth Ward,Gustwalker Hatchling,Recurve Bow,Control Ward,Hearthbound Axe,Rectrix,Slightly Magical Footwear,Oracle Lens,Doran's Ring,Needlessly Large Rod,Control Ward,Dark Seal,Aether Wisp,Ionian Boots of Lucidity,Oracle Lens,Refillable Potion,Boots,Serrated Dirk,Long Sword,Tear of the Goddess,Doran's Blade,Stealth Ward,Runic Compass,Refillable Potion,Amplifying Tome,Ruby Crystal,Boots of Swiftness,No_Item,Oracle Lens,Refillable Potion,Berserker's Greaves,Dagger,Doran's Blade,No_Item,No_Item,Stealth Ward,Gustwalker Hatchling,Caulfield's Warhammer,Long Sword,Control Ward,No_Item,No_Item,Stealth Ward,Lost Chapter,No_Item,No_Item,Refillable Potion,No_Item,Boots of Swiftness,Stealth Ward,Doran's Blade,Cull,Serrated Dirk,Dagger,Refillable Potion,Pickaxe,Stealth Ward,Runic Compass,Kindlegem,Control Ward,Boots,Cloth Armor,No_Item,Oracle Lens,Grasp of the Undying,Domination,Conqueror,Inspiration,Electrocute,Sorcery,Arcane Comet,Precision,Arcane Comet,Domination,Lethal Tempo,Resolve,Conqueror,Inspiration,Phase Rush,Precision,Lethal Tempo,Inspiration,Aftershock,Inspiration,Teleport,Flash,Flash,Smite,Ignite,Flash,Barrier,Flash,Ignite,Flash,Teleport,Flash,Smite,Flash,Teleport,Flash,Flash,Cleanse,Flash,Ignite,0,3,0,0,0,0
https://www.op.gg/summoners/euw/Czekoladowski-BAR/matches/uRd1PvnOddrIWS7uMgEMsi_5nUjuzz4VGxf_4ibVl-A%3D/1732818882000,1,36,23,23,36,36,71,100,89,38,30,4,1,0,1,6,5,4,2,61669,59917,15.0,14.6,892,920,28.8,29.7,1752,-1752,1977.5713080168775,1921.389029535865,K'Sante,Xin Zhao,Azir,Ashe,Bard,Darius,Vi,Ahri,Corki,Leona,Plated Steelcaps,Unending Despair,Iceborn Gauntlet,Null-Magic Mantle,Glowing Mote,No_Item,Stealth Ward,Black Cleaver,No_Item,Titanic Hydra,Mercury's Treads,Sterak's Gage,Cloth Armor,Oracle Lens,Shadowflame,Zhonya's Hourglass,Berserker's Greaves,Dark Seal,Nashor's Tooth,Blighting Jewel,Farsight Alteration,Mortal Reminder,Kraken Slayer,Phantom Dancer,Infinity Edge,Berserker's Greaves,Long Sword,Farsight Alteration,Bloodsong,Mercury's Treads,Dead Man's Plate,Statikk Shiv,Cloth Armor,Ruby Crystal,Oracle Lens,Death's Dance,Force of Nature,Winged Moonplate,Trinity Force,Sterak's Gage,Mercury's Treads,Farsight Alteration,Warden's Mail,Cloth Armor,Control Ward,Black Cleaver,Mercury's Treads,Sundered Sky,Oracle Lens,Malignance,Liandry's Torment,Sorcerer's Shoes,Dark Seal,Amplifying Tome,Needlessly Large Rod,Stealth Ward,Plated Steelcaps,Trinity Force,Muramana,Infinity Edge,Rapid Firecannon,No_Item,Farsight Alteration,Control Ward,Locket of the Iron Solari,Celestial Opposition,Trailblazer,No_Item,Plated Steelcaps,Oracle Lens,Aftershock,Inspiration,Conqueror,Inspiration,Conqueror,Sorcery,Lethal Tempo,Inspiration,Guardian,Domination,Conqueror,Resolve,Conqueror,Domination,Electrocute,Sorcery,Conqueror,Inspiration,Aftershock,Inspiration,Flash,Teleport,Flash,Smite,Flash,Teleport,Cleanse,Flash,Flash,Ignite,Flash,Ghost,Smite,Flash,Teleport,Flash,Teleport,Flash,Flash,Ignite,0,0,0,1,6,0
https://www.op.gg/summoners/euw/Czekoladowski-BAR/matches/uRd1PvnOddqluCwPP0TyouSqZ7RqloVdREdoaqWkCE0%3D/1732816283000,1,33,21,21,33,40,56,80,75,36,21,4,1,1,1,9,4,5,2,70863,61663,17.0,16.0,1127,983,33.5,29.099999999999998,9200,-9200,2105.1351464435143,1831.8297071129705,Ambessa,Graves,Ahri,Ashe,Bard,K'Sante,Morgana,Sylas,Ezreal,Nami,Mercury's Treads,Eclipse,Caulfield's Warhammer,Steel Sigil,Sterak's Gage,Spear of Shojin,Oracle Lens,The Collector,Youmuu's Ghostblade,Lord Dominik's Regards,Immortal Shieldbow,Mercury's Treads,Cloak of Agility,Oracle Lens,Shadowflame,Banshee's Veil,Malignance,Sorcerer's Shoes,Oblivion Orb,Liandry's Torment,Oracle Lens,Infinity Edge,Lord Dominik's Regards,Phantom Dancer,Kraken Slayer,Berserker's Greaves,No_Item,Farsight Alteration,Bloodsong,Control Ward,Dead Man's Plate,Synchronized Souls,Warmog's Armor,No_Item,Oracle Lens,Plated Steelcaps,Bramble Vest,Iceborn Gauntlet,Unending Despair,"Jak'Sho, The Protean",Spirit Visage,Stealth Ward,Sorcerer's Shoes,Zhonya's Hourglass,Dark Seal,Liandry's Torment,Blackfire Torch,Blighting Jewel,Oracle Lens,Rabadon's Deathcap,Dark Seal,Hextech Rocketbelt,Sorcerer's Shoes,Cosmic Drive,Amplifying Tome,Farsight Alteration,Muramana,Ionian Boots of Lucidity,Trinity Force,Spear of Shojin,Serylda's Grudge,Doran's Blade,Farsight Alteration,Echoes of Helia,Boots of Swiftness,Imperial Mandate,Dream Maker,Kindlegem,Forbidden Idol,Oracle Lens,Grasp of the Undying,Domination,Dark Harvest,Precision,Summon Aery,Domination,Lethal Tempo,Inspiration,Electrocute,Sorcery,Aftershock,Inspiration,Arcane Comet,Domination,Electrocute,Resolve,Press the Attack,Inspiration,Summon Aery,Resolve,Teleport,Flash,Flash,Smite,Teleport,Flash,Flash,Barrier,Flash,Ignite,Flash,Teleport,Flash,Smite,Flash,Teleport,Cleanse,Flash,Heal,Flash,1,3,1,0,3,0
https://www.op.gg/summoners/euw/Czekoladowski-BAR/matches/uRd1PvnOddoyajujpWANiRldJLWOXJdUaGpYg3V7MWg%3D/1732813277000,1,36,20,20,36,26,54,53,47,15,17,2,1,1,0,10,2,3,1,57086,43803,14.0,12.0,778,672,32.3,27.8,13283,-13283,2373.8732673267327,1821.510891089109,Dr. Mundo,Master Yi,Sylas,Hwei,Rell,Aatrox,Viego,LeBlanc,Jhin,Nautilus,Boots of Swiftness,Unending Despair,Heartsteel,Doran's Shield,Spirit Visage,Ruby Crystal,Farsight Alteration,Guinsoo's Rageblade,Kraken Slayer,Titanic Hydra,Mercury's Treads,Recurve Bow,Recurve Bow,Stealth Ward,Hextech Rocketbelt,Doran's Shield,Cosmic Drive,Needlessly Large Rod,Boots,No_Item,Oracle Lens,Rabadon's Deathcap,Sorcerer's Shoes,No_Item,Horizon Focus,Oblivion Orb,Blackfire Torch,Farsight Alteration,Celestial Opposition,Zeke's Convergence,Locket of the Iron Solari,Kindlegem,Control Ward,Mercury's Treads,Oracle Lens,Tunneler,Refillable Potion,Eclipse,Doran's Shield,Plated Steelcaps,Caulfield's Warhammer,Farsight Alteration,Kraken Slayer,Sundered Sky,Plated Steelcaps,Recurve Bow,Recurve Bow,Negatron Cloak,Oracle Lens,Stormsurge,Hextech Alternator,Luden's Companion,Dark Seal,Ionian Boots of Lucidity,Needlessly Large Rod,Oracle Lens,Cloak of Agility,Long Sword,No_Item,Infinity Edge,The Collector,Boots of Swiftness,Farsight Alteration,Bloodsong,Warmog's Armor,Mercury's Treads,No_Item,No_Item,No_Item,Oracle Lens,Grasp of the Undying,Inspiration,Lethal Tempo,Domination,Conqueror,Resolve,Summon Aery,Precision,Aftershock,Inspiration,Conqueror,Resolve,Conqueror,Inspiration,Electrocute,Sorcery,Dark Harvest,Precision,Aftershock,Inspiration,Teleport,Flash,Flash,Smite,Teleport,Flash,Flash,Teleport,Flash,Ignite,Teleport,Flash,Smite,Flash,Flash,Teleport,Flash,Teleport,Flash,Ignite,1,2,1,0,4,0
https://www.op.gg/summoners/euw/Czekoladowski-BAR/matches/uRd1PvnOddr_4hERwlcUt0anHzJTuRNty6mAhOUUF0U%3D/1732808725000,0,5,14,14,5,16,6,27,43,16,6,0,1,0,0,0,3,0,1,25915,33499,9.6,10.2,514,560,32.199999999999996,34.9,-7584,7584,1612.488888888889,2084.3822222222225,Ambessa,Zyra,Corki,Ashe,Karma,Gragas,Kindred,Ahri,Ezreal,Poppy,Doran's Blade,Eclipse,Refillable Potion,Boots,Null-Magic Mantle,Long Sword,Stealth Ward,Liandry's Torment,Sorcerer's Shoes,No_Item,No_Item,No_Item,No_Item,Oracle Lens,Caulfield's Warhammer,Trinity Force,Doran's Blade,Tear of the Goddess,Long Sword,Boots,Farsight Alteration,Yun Tal Wildarrows,Refillable Potion,Cull,Pickaxe,No_Item,Slightly Magical Footwear,Stealth Ward,Boots,Dream Maker,Moonstone Renewer,No_Item,No_Item,No_Item,Oracle Lens,Refillable Potion,No_Item,Lost Chapter,Amplifying Tome,Cosmic Drive,Sorcerer's Shoes,Stealth Ward,Gustwalker Hatchling,Kraken Slayer,Boots,Cloak of Agility,Serrated Dirk,No_Item,Stealth Ward,Doran's Ring,Malignance,Needlessly Large Rod,Hextech Alternator,Sorcerer's Shoes,No_Item,Oracle Lens,Doran's Blade,Trinity Force,Ionian Boots of Lucidity,Caulfield's Warhammer,Tear of the Goddess,No_Item,Farsight Alteration,Bloodsong,Refillable Potion,Winged Moonplate,Boots of Swiftness,Chain Vest,Ruby Crystal,Oracle Lens,Conqueror,Resolve,Arcane Comet,Precision,Conqueror,Inspiration,Lethal Tempo,Inspiration,Summon Aery,Resolve,Phase Rush,Resolve,Press the Attack,Domination,Electrocute,Sorcery,Press the Attack,Inspiration,Hail of Blades,Inspiration,Flash,Teleport,Flash,Smite,Teleport,Flash,Flash,Barrier,Flash,Heal,Flash,Teleport,Flash,Smite,Teleport,Flash,Barrier,Flash,Flash,Ignite,0,3,0,1,3,0
https://www.op.gg/summoners/euw/Czekoladowski-BAR/matches/uRd1PvnOddoHmzvoBZ-zJKOWwUIJknmMH-dSWyrd8Hk%3D/1732649810000,0,8,16,16,8,18,14,36,36,9,6,0,0,0,0,0,1,0,0,26359,31370,9.2,10.4,464,512,29.6,32.5,-5011,5011,1681.1645669291338,2000.763779527559,Gangplank,Rengar,Orianna,Ashe,Alistar,Malphite,Wukong,Ahri,Yasuo,Leona,Trinity Force,Doran's Blade,Cull,Cloak of Agility,Boots,Long Sword,Stealth Ward,Gustwalker Hatchling,Profane Hydra,Long Sword,Boots,Pickaxe,No_Item,Oracle Lens,Doran's Ring,Luden's Companion,Mercury's Treads,No_Item,No_Item,No_Item,Farsight Alteration,Kraken Slayer,Berserker's Greaves,Doran's Blade,Dagger,Dagger,Dagger,Farsight Alteration,No_Item,Solstice Sleigh,Locket of the Iron Solari,Control Ward,No_Item,Boots of Swiftness,Oracle Lens,Sunfire Aegis,Refillable Potion,Plated Steelcaps,Cloth Armor,Doran's Ring,Cloth Armor,Stealth Ward,Gustwalker Hatchling,Trinity Force,No_Item,Slightly Magical Footwear,Tunneler,No_Item,Oracle Lens,Malignance,Doran's Ring,Sorcerer's Shoes,Needlessly Large Rod,Needlessly Large Rod,Dark Seal,Oracle Lens,Refillable Potion,Blade of The Ruined King,Berserker's Greaves,Dagger,Doran's Shield,No_Item,Farsight Alteration,Boots of Swiftness,Locket of the Iron Solari,Celestial Opposition,No_Item,No_Item,Control Ward,Oracle Lens,Grasp of the Undying,Inspiration,Conqueror,Domination,Phase Rush,Precision,Lethal Tempo,Inspiration,Aftershock,Inspiration,Arcane Comet,Resolve,Conqueror,Inspiration,Electrocute,Resolve,Lethal Tempo,Resolve,Aftershock,Inspiration,Flash,Teleport,Flash,Smite,Flash,Teleport,Flash,Cleanse,Flash,Ignite,Teleport,Flash,Flash,Smite,Teleport,Flash,Exhaust,Flash,Flash,Ignite,0,3,0,1,3,0
https://www.op.gg/summoners/euw/Czekoladowski-BAR/matches/uRd1PvnOddpKqmxRe-ii-BfYHz0QtoZ48KTs39bQxv8%3D/1732648070000,0,8,22,22,8,19,5,26,41,12,9,0,2,0,0,0,3,0,2,24712,34772,9.0,10.4,438,557,28.7,36.5,-10060,10060,1627.8539682539683,2290.5365079365083,Azir,Wukong,Irelia,Jinx,Senna,Ambessa,Dr. Mundo,Hwei,Corki,Pyke,Nashor's Tooth,Boots,Null-Magic Mantle,Refillable Potion,Doran's Ring,Ruby Crystal,Stealth Ward,Gustwalker Hatchling,Trinity Force,Plated Steelcaps,Pickaxe,No_Item,No_Item,Oracle Lens,Doran's Blade,Blade of The Ruined King,Long Sword,Boots,No_Item,No_Item,Stealth Ward,Doran's Blade,Refillable Potion,Serrated Dirk,Berserker's Greaves,Pickaxe,No_Item,Stealth Ward,Bloodsong,Refillable Potion,Phage,Boots of Swiftness,Pickaxe,Kindlegem,Oracle Lens,Doran's Blade,Long Sword,Eclipse,Boots,Black Cleaver,Ruby Crystal,Stealth Ward,No_Item,Heartsteel,Slightly Magical Footwear,No_Item,No_Item,No_Item,Oracle Lens,Doran's Ring,Luden's Companion,Boots,Hextech Alternator,Amplifying Tome,No_Item,Stealth Ward,Doran's Blade,No_Item,Caulfield's Warhammer,Trinity Force,Tear of the Goddess,Plated Steelcaps,Farsight Alteration,Umbral Glaive,Celestial Opposition,Refillable Potion,Control Ward,Long Sword,Boots of Swiftness,Oracle Lens,Conqueror,Resolve,Conqueror,Inspiration,Conqueror,Resolve,Lethal Tempo,Domination,Grasp of the Undying,Precision,Conqueror,Resolve,Fleet Footwork,Inspiration,Arcane Comet,Precision,Conqueror,Inspiration,Hail of Blades,Sorcery,Flash,Teleport,Flash,Smite,Flash,Teleport,Flash,Barrier,Flash,Heal,Teleport,Flash,Flash,Smite,Teleport,Flash,Barrier,Flash,Flash,Ignite,0,1,0,0,5,0
https://www.op.gg/summoners/euw/Czekoladowski-BAR/matches/34-jfPz6TmwBRbpCE8AMN3Sop5bIp-eg0goHRh2-hJs%3D/1731967267000,1,29,21,22,29,28,42,93,88,41,47,3,2,0,1,9,3,3,3,66199,56033,16.4,14.8,1101,1016,35.0,32.2,10166,-10166,2095.875675675675,1774.0177606177604,Aurora,Shyvana,Tristana,Ashe,Sion,Aatrox,Hecarim,Syndra,Kog'Maw,Lulu,Verdant Barrier,Liandry's Torment,Ionian Boots of Lucidity,Cosmic Drive,Void Staff,Mejai's Soulstealer,Farsight Alteration,Liandry's Torment,Spear of Shojin,No_Item,Horizon Focus,Riftmaker,Sorcerer's Shoes,Oracle Lens,Doran's Blade,The Collector,Infinity Edge,Navori Flickerblade,Mercury's Treads,No_Item,Farsight Alteration,Phantom Dancer,Vampiric Scepter,Doran's Blade,Infinity Edge,Kraken Slayer,Berserker's Greaves,Farsight Alteration,Umbral Glaive,Serpent's Fang,Celestial Opposition,Tunneler,Serrated Dirk,Boots of Swiftness,Oracle Lens,Doran's Shield,Null-Magic Mantle,Eclipse,Plated Steelcaps,Spear of Shojin,Long Sword,Stealth Ward,Black Cleaver,Plated Steelcaps,Eclipse,Spear of Shojin,Null-Magic Mantle,Ruby Crystal,Stealth Ward,Rabadon's Deathcap,Luden's Companion,Dark Seal,Ionian Boots of Lucidity,Shadowflame,Blighting Jewel,Farsight Alteration,Dark Seal,Amplifying Tome,Sorcerer's Shoes,Horizon Focus,Luden's Companion,Seraph's Embrace,Farsight Alteration,Redemption,Dream Maker,No_Item,Ionian Boots of Lucidity,Moonstone Renewer,Ruby Crystal,Oracle Lens,Grasp of the Undying,Precision,Fleet Footwork,Inspiration,Press the Attack,Resolve,Lethal Tempo,Inspiration,Dark Harvest,Inspiration,Conqueror,Resolve,Phase Rush,Precision,Arcane Comet,Inspiration,Arcane Comet,Precision,Summon Aery,Resolve,Teleport,Flash,Smite,Flash,Teleport,Flash,Flash,Barrier,Flash,Ignite,Flash,Teleport,Ghost,Smite,Teleport,Flash,Flash,Teleport,Flash,Heal,1,3,1,0,3,0
https://www.op.gg/summoners/euw/Czekoladowski-BAR/matches/34-jfPz6TmykDUzeokyPWeVeIaY3Rt74OzJEn-zboHw%3D/1731964603000,1,23,7,7,23,6,39,37,31,6,10,0,2,0,0,3,1,0,2,35604,26674,10.8,9.4,536,466,32.699999999999996,28.4,8930,-8930,2160.5846153846155,1618.6786324786324,K'Sante,Hecarim,Orianna,Ashe,Lulu,Volibear,Vi,Veigar,Corki,Camille,Kaenic Rookern,Null-Magic Mantle,Plated Steelcaps,Bramble Vest,Warden's Mail,Doran's Shield,Farsight Alteration,Black Cleaver,No_Item,Spear of Shojin,Ionian Boots of Lucidity,No_Item,No_Item,Stealth Ward,Doran's Ring,Seraph's Embrace,Amplifying Tome,Dark Seal,Sorcerer's Shoes,Amplifying Tome,Stealth Ward,Doran's Blade,Berserker's Greaves,Kraken Slayer,Control Ward,Zeal,Dagger,Stealth Ward,Dream Maker,Kindlegem,Moonstone Renewer,No_Item,No_Item,Ionian Boots of Lucidity,Oracle Lens,Refillable Potion,Riftmaker,Dagger,Dagger,Boots,Dagger,Stealth Ward,Plated Steelcaps,Sundered Sky,No_Item,No_Item,Ruby Crystal,No_Item,Oracle Lens,No_Item,Refillable Potion,Rod of Ages,Sorcerer's Shoes,Dark Seal,Doran's Ring,Farsight Alteration,Slightly Magical Footwear,Trinity Force,Caulfield's Warhammer,Doran's Blade,Tear of the Goddess,Long Sword,Farsight Alteration,Bloodsong,No_Item,Sundered Sky,No_Item,Boots of Swiftness,No_Item,Oracle Lens,Grasp of the Undying,Domination,Phase Rush,Precision,Arcane Comet,Precision,Lethal Tempo,Inspiration,Summon Aery,Resolve,Grasp of the Undying,Precision,Press the Attack,Inspiration,Unsealed Spellbook,Resolve,Conqueror,Inspiration,Hail of Blades,Resolve,Teleport,Flash,Ghost,Smite,Teleport,Flash,Flash,Barrier,Flash,Heal,Flash,Teleport,Flash,Smite,Flash,Teleport,Barrier,Flash,Ignite,Flash,0,2,0,0,4,0
https://www.op.gg/summoners/euw/Czekoladowski-BAR/matches/34-jfPz6TmxTQblY2XpNxdwotP_C5G-rXZtiuBazuIc%3D/1731963176000,1,35,16,17,35,25,64,80,67,16,18,1,2,1,0,10,4,2,2,58918,46807,14.2,12.6,816,805,31.5,31.0,12111,-12111,2270.797916666667,1804.0197916666668,Aatrox,Zac,Taliyah,Xayah,Rakan,Talon,Gwen,Galio,Corki,Poppy,Mercury's Treads,Sundered Sky,Eclipse,Tunneler,Pickaxe,No_Item,Stealth Ward,Mejai's Soulstealer,Ruby Crystal,Negatron Cloak,Spirit Visage,Sunfire Aegis,Ionian Boots of Lucidity,Oracle Lens,Luden's Companion,Ionian Boots of Lucidity,Seraph's Embrace,Cryptbloom,Needlessly Large Rod,Needlessly Large Rod,Farsight Alteration,Lord Dominik's Regards,Berserker's Greaves,Navori Flickerblade,Doran's Blade,Essence Reaver,Noonquiver,Farsight Alteration,Celestial Opposition,Locket of the Iron Solari,Knight's Vow,Control Ward,Mercury's Treads,No_Item,Oracle Lens,Eclipse,Serpent's Fang,No_Item,Black Cleaver,Doran's Blade,Ionian Boots of Lucidity,Oracle Lens,Sorcerer's Shoes,Dark Seal,Nashor's Tooth,Shadowflame,Rabadon's Deathcap,No_Item,Oracle Lens,Needlessly Large Rod,Doran's Ring,Oblivion Orb,Riftmaker,Mercury's Treads,Hollow Radiance,Farsight Alteration,Muramana,Scout's Slingshot,Trinity Force,Doran's Blade,Dagger,Boots,Farsight Alteration,Bloodsong,Locket of the Iron Solari,Synchronized Souls,Winged Moonplate,Ruby Crystal,Control Ward,Oracle Lens,Conqueror,Resolve,Aftershock,Inspiration,Phase Rush,Precision,Lethal Tempo,Inspiration,Guardian,Domination,Conqueror,Sorcery,Conqueror,Inspiration,Aftershock,Domination,Conqueror,Inspiration,Aftershock,Inspiration,Teleport,Flash,Smite,Flash,Flash,Teleport,Barrier,Flash,Flash,Ignite,Flash,Ignite,Ghost,Smite,Teleport,Flash,Barrier,Flash,Ignite,Flash,1,4,2,0,2,0
https://www.op.gg/summoners/euw/Czekoladowski-BAR/matches/34-jfPz6TmwbUl2tDKmPurtJCpc_mf0yoExOf500gG8%3D/1731960501000,1,45,26,26,45,49,88,129,111,51,51,4,1,1,1,6,7,5,2,73591,72661,17.2,16.4,1037,965,26.7,24.900000000000002,930,-930,1887.9366492146598,1864.0780104712044,Shen,Karthus,Akali,Tristana,Rakan,K'Sante,Nunu & Willump,Sylas,Corki,Pyke,Cloth Armor,Sunfire Aegis,Abyssal Mask,Heartsteel,Mercury's Treads,Bramble Vest,Farsight Alteration,Sorcerer's Shoes,Liandry's Torment,Blackfire Torch,Needlessly Large Rod,Needlessly Large Rod,Void Staff,Oracle Lens,Void Staff,Zhonya's Hourglass,Sorcerer's Shoes,Rabadon's Deathcap,Needlessly Large Rod,Stormsurge,Oracle Lens,Infinity Edge,Lord Dominik's Regards,Navori Flickerblade,The Collector,Steel Sigil,Berserker's Greaves,Farsight Alteration,Celestial Opposition,Locket of the Iron Solari,Ionian Boots of Lucidity,No_Item,Abyssal Mask,Kindlegem,Oracle Lens,Negatron Cloak,Iceborn Gauntlet,Kaenic Rookern,Boots of Swiftness,Spirit Visage,"Jak'Sho, The Protean",Oracle Lens,Randuin's Omen,Locket of the Iron Solari,Redemption,Boots of Swiftness,Spirit Visage,Winged Moonplate,Oracle Lens,Cosmic Drive,Rabadon's Deathcap,Seeker's Armguard,Hextech Rocketbelt,Mercury's Treads,No_Item,Oracle Lens,Mercury's Treads,Trinity Force,Muramana,Maw of Malmortius,Rapid Firecannon,Infinity Edge,Farsight Alteration,Celestial Opposition,Maw of Malmortius,Umbral Glaive,Control Ward,Boots of Swiftness,Edge of Night,Oracle Lens,Grasp of the Undying,Domination,Dark Harvest,Precision,Electrocute,Resolve,Lethal Tempo,Inspiration,Guardian,Domination,Grasp of the Undying,Precision,Phase Rush,Precision,Electrocute,Resolve,Conqueror,Inspiration,Hail of Blades,Inspiration,Flash,Teleport,Flash,Smite,Teleport,Flash,Barrier,Flash,Flash,Heal,Teleport,Flash,Flash,Smite,Flash,Teleport,Barrier,Flash,Flash,Ignite,0,0,1,1,6,1
https://www.op.gg/summoners/euw/Czekoladowski-BAR/matches/34-jfPz6Tmzfp7IVDJ7aKODcu0ZdWUELAtI1mtQfysI%3D/1731957781000,0,11,27,27,11,36,22,36,46,10,10,0,3,0,0,0,10,0,3,37936,50456,11.8,13.2,631,780,27.6,33.9,-12520,12520,1661.6595041322312,2210.056198347107,Shen,Graves,Sylas,Draven,Lulu,Fiora,Nidalee,Zed,Hwei,Blitzcrank,Bami's Cinder,Doran's Shield,Bramble Vest,Heartsteel,Plated Steelcaps,No_Item,Stealth Ward,The Collector,Youmuu's Ghostblade,Long Sword,Slightly Magical Footwear,Long Sword,No_Item,Oracle Lens,Hextech Rocketbelt,Cosmic Drive,Sorcerer's Shoes,Doran's Ring,Amplifying Tome,No_Item,Oracle Lens,Doran's Blade,Bloodthirster,The Collector,Boots,Pickaxe,No_Item,Farsight Alteration,Ionian Boots of Lucidity,Dream Maker,Moonstone Renewer,Kindlegem,No_Item,Control Ward,Oracle Lens,Ravenous Hydra,Death's Dance,Trinity Force,No_Item,No_Item,Slightly Magical Footwear,Farsight Alteration,Stormsurge,Control Ward,Zhonya's Hourglass,Ionian Boots of Lucidity,Needlessly Large Rod,Dark Seal,Oracle Lens,Doran's Shield,Edge of Night,Eclipse,Ionian Boots of Lucidity,Voltaic Cyclosword,Long Sword,Oracle Lens,Fiendish Codex,Liandry's Torment,Dark Seal,Sorcerer's Shoes,Blighting Jewel,Blackfire Torch,Farsight Alteration,Celestial Opposition,Control Ward,Kindlegem,Boots of Swiftness,Trailblazer,Null-Magic Mantle,Oracle Lens,Grasp of the Undying,Domination,Dark Harvest,Inspiration,Electrocute,Resolve,Press the Attack,Domination,Summon Aery,Resolve,Grasp of the Undying,Inspiration,Conqueror,Sorcery,Electrocute,Sorcery,Arcane Comet,Precision,Glacial Augment,Sorcery,Flash,Ignite,Flash,Smite,Teleport,Flash,Barrier,Flash,Flash,Heal,Teleport,Flash,Flash,Smite,Teleport,Flash,Flash,Teleport,Flash,Ignite,0,0,0,1,6,2
https://www.op.gg/summoners/euw/Czekoladowski-BAR/matches/34-jfPz6Tmw2wGmqdinlBU5jHwwSmUF8JrKUBEpRwj8%3D/1731955481000,1,32,24,24,32,36,55,110,143,56,39,2,3,1,1,11,5,3,4,80094,75333,17.4,16.8,1268,1258,32.4,32.2,4761,-4761,2051.790740740741,1929.826851851852,Gnar,Viego,Syndra,Caitlyn,Lux,Ryze,Wukong,Vladimir,Ezreal,Karma,Mercury's Treads,No_Item,Black Cleaver,Trinity Force,Wit's End,Sterak's Gage,Oracle Lens,Kraken Slayer,Sundered Sky,Sterak's Gage,Wit's End,Mercury's Treads,Cloth Armor,Oracle Lens,Rabadon's Deathcap,Void Staff,Needlessly Large Rod,Sorcerer's Shoes,Shadowflame,Stormsurge,Farsight Alteration,Rapid Firecannon,Infinity Edge,Berserker's Greaves,Bloodthirster,Mortal Reminder,The Collector,Farsight Alteration,Zaz'Zak's Realmspike,Luden's Companion,Ionian Boots of Lucidity,Stormsurge,Oblivion Orb,Kindlegem,Oracle Lens,Zhonya's Hourglass,Seraph's Embrace,Boots of Swiftness,Rod of Ages,Void Staff,Rabadon's Deathcap,Farsight Alteration,Warden's Mail,Ionian Boots of Lucidity,Sterak's Gage,Abyssal Mask,Trinity Force,Sundered Sky,Stealth Ward,Banshee's Veil,Void Staff,Hextech Alternator,Cosmic Drive,Ionian Boots of Lucidity,Rabadon's Deathcap,Farsight Alteration,Muramana,Ionian Boots of Lucidity,Spear of Shojin,Trinity Force,Vampiric Scepter,B. F. Sword,Farsight Alteration,Zaz'Zak's Realmspike,Shurelya's Battlesong,Control Ward,Imperial Mandate,Ionian Boots of Lucidity,Moonstone Renewer,Oracle Lens,Fleet Footwork,Resolve,Conqueror,Inspiration,Electrocute,Sorcery,Lethal Tempo,Sorcery,Arcane Comet,Inspiration,Phase Rush,Precision,Conqueror,Inspiration,Summon Aery,Precision,Press the Attack,Inspiration,Arcane Comet,Inspiration,Teleport,Flash,Flash,Smite,Teleport,Flash,Flash,Barrier,Flash,Heal,Flash,Teleport,Flash,Smite,Flash,Teleport,Flash,Barrier,Flash,Heal,1,3,4,0,3,1
https://www.op.gg/summoners/euw/Czekoladowski-BAR/matches/34-jfPz6Tmzy3X7Sbj0HW4GDE0SCdkGeoMpHXn0LxHM%3D/1731952666000,0,17,26,26,18,42,35,84,79,22,32,0,4,0,1,6,10,0,5,52296,59418,13.6,15.0,852,918,30.3,32.6,-7122,7122,1849.492682926829,2101.3682926829265,Gnar,Viego,Ryze,Ziggs,Rell,Camille,Elise,Corki,Varus,Blitzcrank,Sterak's Gage,Control Ward,Plated Steelcaps,Trinity Force,Null-Magic Mantle,No_Item,Farsight Alteration,Tunneler,Titanic Hydra,No_Item,Mercury's Treads,Kraken Slayer,Ruby Crystal,Oracle Lens,Seraph's Embrace,Stormsurge,Control Ward,Doran's Ring,Rabadon's Deathcap,Sorcerer's Shoes,Farsight Alteration,Seraph's Embrace,Dark Seal,Horizon Focus,Sorcerer's Shoes,Luden's Companion,Needlessly Large Rod,Farsight Alteration,Locket of the Iron Solari,Celestial Opposition,Control Ward,Kindlegem,Ionian Boots of Lucidity,Chain Vest,Oracle Lens,Mercury's Treads,Ravenous Hydra,Tunneler,Ruby Crystal,Trinity Force,No_Item,Oracle Lens,Shadowflame,Sorcerer's Shoes,Ruby Crystal,Stormsurge,Amplifying Tome,Dark Seal,Oracle Lens,Muramana,Trinity Force,Mercurial Scimitar,Infinity Edge,Mercury's Treads,Doran's Blade,Farsight Alteration,Doran's Blade,Boots of Swiftness,No_Item,Youmuu's Ghostblade,Serylda's Grudge,Muramana,Farsight Alteration,Celestial Opposition,Dead Man's Plate,Locket of the Iron Solari,Boots of Swiftness,Giant's Belt,No_Item,Oracle Lens,Grasp of the Undying,Inspiration,Conqueror,Inspiration,Arcane Comet,Resolve,Arcane Comet,Inspiration,Aftershock,Inspiration,Grasp of the Undying,Inspiration,Dark Harvest,Precision,Conqueror,Inspiration,Arcane Comet,Inspiration,Glacial Augment,Sorcery,Teleport,Flash,Flash,Smite,Teleport,Flash,Teleport,Flash,Flash,Ignite,Flash,Teleport,Flash,Smite,Flash,Teleport,Flash,Barrier,Flash,Ignite,1,6,0,0,0,2
https://www.op.gg/summoners/euw/Czekoladowski-BAR/matches/34-jfPz6Tmxxbt-bGlmfr-EuUYLzoYyNkDGt7DsrmW8%3D/1731530787000,0,30,28,28,30,52,38,99,73,21,25,1,3,1,1,9,6,2,4,65753,66113,16.0,16.6,991,1043,30.2,31.8,-360,360,2011.6214611872147,2022.6351598173517,Garen,Diana,Azir,Ashe,Bard,Camille,Graves,Heimerdinger,Jinx,Poppy,Plated Steelcaps,Mortal Reminder,Phantom Dancer,Noonquiver,Stridebreaker,No_Item,Farsight Alteration,Nashor's Tooth,Sorcerer's Shoes,Zhonya's Hourglass,Rabadon's Deathcap,Needlessly Large Rod,Dark Seal,Oracle Lens,Nashor's Tooth,Zhonya's Hourglass,Rabadon's Deathcap,Liandry's Torment,Blighting Jewel,Sorcerer's Shoes,Farsight Alteration,Kraken Slayer,B. F. Sword,Vampiric Scepter,Phantom Dancer,Terminus,Berserker's Greaves,Farsight Alteration,Bloodsong,Kaenic Rookern,Dead Man's Plate,Giant's Belt,Boots of Swiftness,Winged Moonplate,Oracle Lens,Steel Sigil,Ravenous Hydra,Sterak's Gage,Plated Steelcaps,Trinity Force,Negatron Cloak,Stealth Ward,The Collector,Youmuu's Ghostblade,Lord Dominik's Regards,Mercury's Treads,Cloak of Agility,Pickaxe,Oracle Lens,Needlessly Large Rod,Blackfire Torch,Ionian Boots of Lucidity,Dark Seal,Liandry's Torment,Needlessly Large Rod,Farsight Alteration,Doran's Blade,The Collector,Infinity Edge,Berserker's Greaves,Rapid Firecannon,Lord Dominik's Regards,Farsight Alteration,Bloodsong,Locket of the Iron Solari,Kindlegem,Boots of Swiftness,Dead Man's Plate,Rejuvenation Bead,Oracle Lens,Conqueror,Resolve,Conqueror,Inspiration,Arcane Comet,Precision,Lethal Tempo,Inspiration,Electrocute,Sorcery,Grasp of the Undying,Inspiration,Dark Harvest,Precision,Arcane Comet,Domination,Lethal Tempo,Sorcery,Hail of Blades,Inspiration,Flash,Ignite,Flash,Smite,Teleport,Flash,Flash,Barrier,Flash,Ignite,Flash,Teleport,Flash,Smite,Flash,Teleport,Barrier,Flash,Flash,Ignite,1,6,2,0,0,1
https://www.op.gg/summoners/euw/Czekoladowski-BAR/matches/34-jfPz6Tmx6EpkH_8hWc6el1UG4IETfupWeXUvlRjs%3D/1731527975000,1,49,32,32,49,51,73,91,64,28,27,1,2,1,0,11,2,2,2,71407,59721,16.0,15.2,900,922,29.9,30.6,11686,-11686,2360.561983471074,1974.2479338842975,Gnar,Sylas,Aurora,Caitlyn,Pyke,Vladimir,Vi,Corki,Ashe,Lulu,Sterak's Gage,Wit's End,Warden's Mail,Trinity Force,Plated Steelcaps,Ruby Crystal,Stealth Ward,Amplifying Tome,Hextech Rocketbelt,Zhonya's Hourglass,Cosmic Drive,Sorcerer's Shoes,No_Item,Oracle Lens,Zhonya's Hourglass,Needlessly Large Rod,Dark Seal,Sorcerer's Shoes,Void Staff,Malignance,Oracle Lens,Rapid Firecannon,Infinity Edge,Lord Dominik's Regards,Berserker's Greaves,The Collector,Bloodthirster,Farsight Alteration,Bloodsong,Mercury's Treads,No_Item,Serpent's Fang,Umbral Glaive,Edge of Night,Oracle Lens,Rabadon's Deathcap,Cosmic Drive,Amplifying Tome,Riftmaker,No_Item,Ionian Boots of Lucidity,Stealth Ward,Mercury's Treads,Sundered Sky,Pickaxe,Black Cleaver,Tunneler,Cloth Armor,Oracle Lens,Infinity Edge,Muramana,Mercury's Treads,Trinity Force,Rapid Firecannon,Noonquiver,Farsight Alteration,Berserker's Greaves,Kraken Slayer,Phantom Dancer,Doran's Blade,Bloodthirster,Executioner's Calling,Farsight Alteration,Mikael's Blessing,Redemption,Dream Maker,Moonstone Renewer,Boots,No_Item,Oracle Lens,Fleet Footwork,Resolve,Dark Harvest,Inspiration,Arcane Comet,Domination,Lethal Tempo,Sorcery,Hail of Blades,Resolve,Summon Aery,Precision,Press the Attack,Inspiration,Conqueror,Inspiration,Lethal Tempo,Inspiration,Summon Aery,Resolve,Teleport,Flash,Flash,Smite,Flash,Teleport,Flash,Cleanse,Flash,Ignite,Ignite,Flash,Smite,Flash,Flash,Teleport,Flash,Barrier,Flash,Heal,1,4,3,0,2,0
https://www.op.gg/summoners/euw/Czekoladowski-BAR/matches/34-jfPz6Tmwm_YfuKvbusI3VMoHheNywhc9YPChb9Lc%3D/1731525676000,1,38,22,22,38,21,38,46,52,16,13,1,1,0,0,3,1,1,1,44094,35284,11.8,10.2,614,503,33.3,27.3,8810,-8810,2386.2635294117645,1909.4870588235292,Jayce,Karthus,Akali,Jhin,Poppy,Kalista,Lee Sin,Sylas,Ashe,Pyke,Doran's Blade,Refillable Potion,Hubris,Plated Steelcaps,Opportunity,No_Item,Stealth Ward,Liandry's Torment,Sorcerer's Shoes,Dark Seal,Rylai's Crystal Scepter,Shadowflame,No_Item,Oracle Lens,Lich Bane,Zhonya's Hourglass,No_Item,Dark Seal,Doran's Ring,Sorcerer's Shoes,Oracle Lens,Youmuu's Ghostblade,Doran's Blade,Zeal,Plated Steelcaps,The Collector,No_Item,Farsight Alteration,Negatron Cloak,Boots of Swiftness,Bloodsong,Locket of the Iron Solari,Kindlegem,No_Item,Oracle Lens,Doran's Blade,Refillable Potion,Youmuu's Ghostblade,Berserker's Greaves,Blade of The Ruined King,No_Item,Stealth Ward,Caulfield's Warhammer,Eclipse,Tunneler,No_Item,Scorchclaw Pup,Slightly Magical Footwear,Stealth Ward,Doran's Ring,Hextech Rocketbelt,Refillable Potion,Dark Seal,Mercury's Treads,Aether Wisp,Stealth Ward,Doran's Blade,Berserker's Greaves,Zeal,Cull,Kraken Slayer,Dagger,Farsight Alteration,Serrated Dirk,Bloodsong,No_Item,Umbral Glaive,No_Item,Synchronized Souls,Oracle Lens,Conqueror,Domination,Dark Harvest,Precision,Electrocute,Resolve,Dark Harvest,Precision,Hail of Blades,Inspiration,Hail of Blades,Precision,Conqueror,Inspiration,Electrocute,Resolve,Press the Attack,Inspiration,Hail of Blades,Resolve,Flash,Ignite,Flash,Smite,Teleport,Flash,Flash,Barrier,Flash,Ignite,Teleport,Flash,Flash,Smite,Flash,Teleport,Barrier,Flash,Ignite,Flash,0,5,0,0,1,0
https://www.op.gg/summoners/euw/Czekoladowski-BAR/matches/34-jfPz6TmyYQRQjkyCWydEwFfRR7XexCFvzNz4pcQA%3D/1731442651000,1,40,21,21,40,37,65,59,54,8,14,2,1,0,0,9,2,2,1,56416,46466,14.2,12.6,736,698,29.099999999999998,27.599999999999998,9950,-9950,2234.29702970297,1840.2376237623762,K'Sante,Talon,Vex,Lux,Alistar,Yone,Vi,Yasuo,Ziggs,Rell,Unending Despair,Refillable Potion,Iceborn Gauntlet,Plated Steelcaps,Thornmail,Null-Magic Mantle,Stealth Ward,Black Cleaver,B. F. Sword,Hubris,Long Sword,Slightly Magical Footwear,Eclipse,Oracle Lens,Luden's Companion,Needlessly Large Rod,Zhonya's Hourglass,Needlessly Large Rod,Dark Seal,Sorcerer's Shoes,Farsight Alteration,Void Staff,Malignance,Ionian Boots of Lucidity,Horizon Focus,No_Item,Doran's Ring,Farsight Alteration,Locket of the Iron Solari,Solstice Sleigh,Control Ward,Boots of Swiftness,Abyssal Mask,Kindlegem,Oracle Lens,Immortal Shieldbow,Pickaxe,B. F. Sword,Berserker's Greaves,Blade of The Ruined King,Cloak of Agility,Stealth Ward,Long Sword,Sundered Sky,Slightly Magical Footwear,Black Cleaver,Ruby Crystal,Ruby Crystal,Oracle Lens,Doran's Shield,Long Sword,No_Item,Infinity Edge,Yun Tal Wildarrows,Berserker's Greaves,Farsight Alteration,Horizon Focus,Luden's Companion,Seraph's Embrace,Sorcerer's Shoes,No_Item,No_Item,Farsight Alteration,Celestial Opposition,Locket of the Iron Solari,Zeke's Convergence,Ionian Boots of Lucidity,Control Ward,No_Item,Oracle Lens,Grasp of the Undying,Sorcery,Conqueror,Inspiration,Electrocute,Sorcery,Arcane Comet,Domination,Phase Rush,Inspiration,Lethal Tempo,Resolve,Conqueror,Inspiration,Lethal Tempo,Resolve,Arcane Comet,Precision,Aftershock,Inspiration,Teleport,Flash,Smite,Flash,Flash,Teleport,Flash,Teleport,Flash,Ignite,Flash,Teleport,Smite,Flash,Flash,Teleport,Teleport,Flash,Flash,Ignite,1,5,1,0,1,0
https://www.op.gg/summoners/euw/Czekoladowski-BAR/matches/34-jfPz6Tmw7sHRlQY4-UxzZu5nrRxu6FfjgwuiToNo%3D/1731440374000,0,13,33,33,13,67,24,61,49,13,21,2,2,0,1,2,9,2,3,47660,58322,13.6,15.0,825,864,30.6,32.0,-10662,10662,1774.0111111111112,2170.8744444444446,Rumble,Zac,Yone,Corki,Senna,Fiora,Viego,Swain,Veigar,Alistar,Riftmaker,Plated Steelcaps,No_Item,Liandry's Torment,Dark Seal,No_Item,Oracle Lens,Spirit Visage,Sunfire Aegis,Dark Seal,Ionian Boots of Lucidity,Ruby Crystal,Negatron Cloak,Stealth Ward,Doran's Shield,Blade of The Ruined King,Immortal Shieldbow,Berserker's Greaves,No_Item,No_Item,Stealth Ward,Doran's Blade,Trinity Force,Muramana,Mortal Reminder,Pickaxe,Berserker's Greaves,Farsight Alteration,No_Item,Dream Maker,Redemption,Forbidden Idol,Moonstone Renewer,Ionian Boots of Lucidity,Oracle Lens,Ravenous Hydra,Plated Steelcaps,No_Item,Eclipse,Long Sword,Voltaic Cyclosword,Oracle Lens,Control Ward,Titanic Hydra,Kraken Slayer,Ruby Crystal,"Jak'Sho, The Protean",Plated Steelcaps,Oracle Lens,Haunting Guise,Fimbulwinter,Liandry's Torment,Rylai's Crystal Scepter,Mejai's Soulstealer,Boots of Swiftness,Farsight Alteration,Blasting Wand,Rabadon's Deathcap,Luden's Companion,Blighting Jewel,Plated Steelcaps,Doran's Ring,Farsight Alteration,Celestial Opposition,Zeke's Convergence,Locket of the Iron Solari,Ionian Boots of Lucidity,Kindlegem,Control Ward,Oracle Lens,Arcane Comet,Resolve,Aftershock,Inspiration,Lethal Tempo,Resolve,Conqueror,Inspiration,Summon Aery,Resolve,Conqueror,Resolve,Conqueror,Inspiration,Conqueror,Sorcery,Summon Aery,Precision,Phase Rush,Inspiration,Flash,Teleport,Smite,Flash,Teleport,Flash,Flash,Teleport,Flash,Heal,Teleport,Flash,Flash,Smite,Flash,Teleport,Flash,Teleport,Flash,Ignite,1,0,0,0,6,2
https://www.op.gg/summoners/euw/Czekoladowski-BAR/matches/34-jfPz6Tmyggq1z3e1urZsJRv5z_G4_vv6qgZpRDqE%3D/1731436408000,0,19,26,26,20,39,28,91,86,31,30,3,1,0,1,6,10,3,2,56725,67734,14.8,16.2,961,1090,31.200000000000003,35.4,-11009,11009,1849.3416927899686,2208.2557993730406,Urgot,Morgana,Yasuo,Kog'Maw,Lulu,Jayce,Talon,Syndra,Caitlyn,Rell,Stridebreaker,Black Cleaver,Boots of Swiftness,Doran's Blade,"Jak'Sho, The Protean",Ruby Crystal,Farsight Alteration,Hextech Alternator,Dark Seal,Zhonya's Hourglass,Liandry's Torment,Sorcerer's Shoes,Aether Wisp,Oracle Lens,Infinity Edge,Berserker's Greaves,Kraken Slayer,Immortal Shieldbow,Phage,No_Item,Farsight Alteration,Rabadon's Deathcap,Sorcerer's Shoes,Amplifying Tome,Shadowflame,Dark Seal,Luden's Companion,Farsight Alteration,Redemption,Kindlegem,Faerie Charm,Dream Maker,Moonstone Renewer,Ionian Boots of Lucidity,Oracle Lens,Serpent's Fang,Muramana,Youmuu's Ghostblade,Opportunity,Boots of Swiftness,Serylda's Grudge,Farsight Alteration,No_Item,Youmuu's Ghostblade,Opportunity,Tunneler,Mercury's Treads,Serrated Dirk,Oracle Lens,Shadowflame,Stormsurge,No_Item,Rabadon's Deathcap,Sorcerer's Shoes,Needlessly Large Rod,Farsight Alteration,The Collector,Infinity Edge,Berserker's Greaves,B. F. Sword,Lord Dominik's Regards,No_Item,Farsight Alteration,Solstice Sleigh,Zeke's Convergence,Warmog's Armor,Mercury's Treads,Control Ward,Kindlegem,Oracle Lens,Press the Attack,Inspiration,Arcane Comet,Domination,Lethal Tempo,Resolve,Arcane Comet,Precision,Summon Aery,Inspiration,Phase Rush,Precision,Electrocute,Inspiration,Summon Aery,Inspiration,Hail of Blades,Inspiration,Aftershock,Inspiration,Teleport,Flash,Flash,Smite,Teleport,Flash,Teleport,Flash,Ignite,Flash,Flash,Teleport,Smite,Flash,Teleport,Flash,Flash,Barrier,Ignite,Flash,1,3,0,0,3,2
https://www.op.gg/summoners/euw/Czekoladowski-BAR/matches/34-jfPz6TmwBFV8GbClv0eTaqX4HC803_kx_COTYv1Y%3D/1731364799000,1,41,33,33,41,47,93,128,107,43,46,3,2,1,1,6,7,4,3,78655,73101,17.2,17.0,1192,1132,31.7,30.1,5554,-5554,2085.5492424242425,1938.2840909090908,Darius,Skarner,Syndra,Ashe,Renata Glasc,Garen,Wukong,Ahri,Varus,Tahm Kench,Force of Nature,Plated Steelcaps,"Jak'Sho, The Protean",Trinity Force,Sterak's Gage,Dead Man's Plate,Oracle Lens,Sterak's Gage,Heartsteel,Plated Steelcaps,Spirit Visage,Thornmail,Negatron Cloak,Oracle Lens,Shadowflame,Cosmic Drive,Needlessly Large Rod,Sorcerer's Shoes,Stormsurge,Luden's Companion,Farsight Alteration,B. F. Sword,Berserker's Greaves,Statikk Shiv,Kraken Slayer,Bloodthirster,Mortal Reminder,Farsight Alteration,Solstice Sleigh,Mikael's Blessing,Locket of the Iron Solari,Redemption,Plated Steelcaps,No_Item,Oracle Lens,Pickaxe,Stridebreaker,Boots of Swiftness,Dead Man's Plate,Sterak's Gage,Phage,Stealth Ward,Mercury's Treads,Tunneler,Ruby Crystal,Death's Dance,Sundered Sky,Black Cleaver,Oracle Lens,Void Staff,Zhonya's Hourglass,No_Item,Mercury's Treads,Liandry's Torment,Malignance,Oracle Lens,Mercurial Scimitar,Terminus,Blade of The Ruined King,Berserker's Greaves,Guinsoo's Rageblade,"Jak'Sho, The Protean",Farsight Alteration,Bloodsong,Heartsteel,Warmog's Armor,No_Item,No_Item,Boots of Swiftness,Oracle Lens,Conqueror,Sorcery,Grasp of the Undying,Inspiration,First Strike,Sorcery,Lethal Tempo,Inspiration,Guardian,Domination,Phase Rush,Resolve,Conqueror,Inspiration,Summon Aery,Domination,Lethal Tempo,Inspiration,Guardian,Domination,Flash,Ghost,Flash,Smite,Flash,Teleport,Barrier,Flash,Flash,Heal,Flash,Ignite,Flash,Smite,Teleport,Flash,Flash,Cleanse,Ignite,Flash,1,4,1,0,2,0
https://www.op.gg/summoners/euw/Czekoladowski-BAR/matches/34-jfPz6TmwpZiA4NPT6Rul5jXyDzw5qBusn91lvHOs%3D/1731361338000,0,33,41,41,33,98,43,95,95,35,47,3,2,0,2,9,10,3,4,69523,75379,15.6,17.2,1049,1045,29.4,29.3,-5856,5856,1958.7829365079365,2123.773412698413,Corki,Amumu,Sylas,Varus,Nautilus,Karma,Jarvan IV,Orianna,Ezreal,Lux,Mortal Reminder,Serpent's Fang,No_Item,Muramana,Mercury's Treads,Trinity Force,Farsight Alteration,Mercury's Treads,Locket of the Iron Solari,Kindlegem,Chain Vest,Unending Despair,Liandry's Torment,Oracle Lens,Hextech Rocketbelt,Zhonya's Hourglass,Rabadon's Deathcap,Dark Seal,Sorcerer's Shoes,Shadowflame,Oracle Lens,Youmuu's Ghostblade,Hubris,Serpent's Fang,Muramana,Plated Steelcaps,Serylda's Grudge,Farsight Alteration,Locket of the Iron Solari,No_Item,Bloodsong,Thornmail,Kindlegem,Plated Steelcaps,Oracle Lens,Redemption,Dawncore,Staff of Flowing Water,Horizon Focus,Ionian Boots of Lucidity,Malignance,Farsight Alteration,Mercury's Treads,Eclipse,Randuin's Omen,Giant's Belt,Sundered Sky,Spirit Visage,Oracle Lens,Void Staff,Zhonya's Hourglass,Seraph's Embrace,Sorcerer's Shoes,Liandry's Torment,Needlessly Large Rod,Farsight Alteration,Muramana,Ionian Boots of Lucidity,Long Sword,Bloodthirster,Trinity Force,Long Sword,Farsight Alteration,Shurelya's Battlesong,Zhonya's Hourglass,Imperial Mandate,Celestial Opposition,Boots of Swiftness,No_Item,Oracle Lens,Conqueror,Inspiration,Conqueror,Resolve,Electrocute,Resolve,Hail of Blades,Inspiration,Aftershock,Inspiration,Summon Aery,Precision,Conqueror,Inspiration,Summon Aery,Precision,Press the Attack,Inspiration,Arcane Comet,Precision,Flash,Teleport,Flash,Smite,Flash,Teleport,Flash,Barrier,Flash,Ignite,Teleport,Flash,Flash,Smite,Teleport,Flash,Flash,Exhaust,Flash,Heal,0,6,2,0,0,1
https://www.op.gg/summoners/euw/Czekoladowski-BAR/matches/34-jfPz6TmwZWD01jXgyr5diwT55QS0nBA7ypWKHBsk%3D/1731358376000,1,16,10,10,16,15,19,48,44,10,4,1,1,0,0,2,2,1,1,36688,36253,11.4,11.0,650,688,33.6,35.5,435,-435,1903.3624060150378,1880.7947368421053,Nasus,Rengar,Ahri,Ezreal,Sona,K'Sante,Graves,Vex,Miss Fortune,Nautilus,Doran's Shield,Iceborn Gauntlet,No_Item,Long Sword,Plated Steelcaps,No_Item,Stealth Ward,No_Item,Voltaic Cyclosword,Lord Dominik's Regards,Plated Steelcaps,No_Item,No_Item,Eye of the Herald,Sorcerer's Shoes,Stormsurge,Malignance,Amplifying Tome,Amplifying Tome,No_Item,Stealth Ward,Doran's Blade,Muramana,Refillable Potion,Trinity Force,No_Item,Boots,Farsight Alteration,Bloodsong,Echoes of Helia,Fimbulwinter,Slightly Magical Footwear,Forbidden Idol,Ruby Crystal,Oracle Lens,No_Item,Plated Steelcaps,Cloth Armor,Iceborn Gauntlet,Thornmail,Doran's Shield,Farsight Alteration,The Collector,No_Item,Youmuu's Ghostblade,Boots,Cloth Armor,No_Item,Oracle Lens,Doran's Ring,Luden's Companion,Zhonya's Hourglass,Sorcerer's Shoes,No_Item,No_Item,Oracle Lens,Doran's Blade,Kraken Slayer,Boots of Swiftness,B. F. Sword,Cloak of Agility,Pickaxe,Farsight Alteration,Mercury's Treads,Bloodsong,Locket of the Iron Solari,Ruby Crystal,Cloth Armor,Control Ward,Oracle Lens,Grasp of the Undying,Precision,Conqueror,Domination,Summon Aery,Domination,Press the Attack,Sorcery,Summon Aery,Inspiration,Grasp of the Undying,Precision,Dark Harvest,Precision,Electrocute,Sorcery,Press the Attack,Inspiration,Aftershock,Inspiration,Ghost,Teleport,Smite,Flash,Teleport,Flash,Barrier,Flash,Flash,Heal,Teleport,Flash,Smite,Flash,Flash,Teleport,Flash,Cleanse,Ignite,Flash,1,0,0,0,6,0
https://www.op.gg/summoners/euw/Czekoladowski-BAR/matches/34-jfPz6TmwS1MsHr9O79MFrRNJ6bYLWAEyCED1J3TQ%3D/1731355575000,0,20,33,34,21,67,35,78,64,21,34,0,4,1,1,4,9,1,5,56070,66107,14.8,16.4,904,1025,29.2,33.1,-10037,10037,1819.8157894736842,2145.578070175439,Fiora,Viego,Syndra,Xayah,Braum,Jinx,Amumu,Akali,Corki,Thresh,Ravenous Hydra,Pickaxe,Death's Dance,Mercury's Treads,Trinity Force,No_Item,Farsight Alteration,Black Cleaver,Kraken Slayer,Wit's End,Mercury's Treads,No_Item,No_Item,Oracle Lens,Void Staff,Blackfire Torch,Cosmic Drive,Needlessly Large Rod,Sorcerer's Shoes,No_Item,Farsight Alteration,Essence Reaver,Berserker's Greaves,Navori Flickerblade,Pickaxe,Lord Dominik's Regards,B. F. Sword,Farsight Alteration,Celestial Opposition,Locket of the Iron Solari,Plated Steelcaps,Knight's Vow,Control Ward,Cloth Armor,Oracle Lens,Doran's Blade,Berserker's Greaves,Kraken Slayer,Phantom Dancer,Infinity Edge,Last Whisper,Farsight Alteration,Liandry's Torment,Abyssal Mask,Chain Vest,Plated Steelcaps,Thornmail,Negatron Cloak,Oracle Lens,Hextech Rocketbelt,Zhonya's Hourglass,Control Ward,Void Staff,Sorcerer's Shoes,Aether Wisp,Oracle Lens,B. F. Sword,Rapid Firecannon,Trinity Force,Muramana,Plated Steelcaps,Cloak of Agility,Farsight Alteration,Celestial Opposition,Redemption,Locket of the Iron Solari,No_Item,Synchronized Souls,Chain Vest,Oracle Lens,Grasp of the Undying,Inspiration,Conqueror,Inspiration,First Strike,Sorcery,Lethal Tempo,Inspiration,Guardian,Inspiration,Lethal Tempo,Sorcery,Conqueror,Domination,Electrocute,Resolve,Conqueror,Inspiration,Aftershock,Inspiration,Teleport,Flash,Flash,Smite,Flash,Teleport,Flash,Barrier,Flash,Exhaust,Flash,Barrier,Flash,Smite,Teleport,Flash,Barrier,Flash,Flash,Ignite,0,2,0,1,4,1
https://www.op.gg/summoners/euw/Czekoladowski-BAR/matches/34-jfPz6Tmx3rW1aoSrNdYAYSHXlQLVrDnY4XblOtDM%3D/1731351190000,1,17,12,12,17,18,20,55,52,24,16,3,0,0,0,4,3,3,0,42523,39875,12.8,12.0,739,719,32.6,31.8,2648,-2648,1871.012,1754.5,Gragas,Viego,Yone,Jinx,Milio,K'Sante,Skarner,Syndra,Ashe,Lulu,Doran's Ring,Lost Chapter,No_Item,Sorcerer's Shoes,Cosmic Drive,Amplifying Tome,Oracle Lens,Phage,Kraken Slayer,No_Item,Hearthbound Axe,Slightly Magical Footwear,Ruby Crystal,Oracle Lens,Refillable Potion,Berserker's Greaves,Blade of The Ruined King,Doran's Shield,Immortal Shieldbow,B. F. Sword,Stealth Ward,Doran's Blade,Yun Tal Wildarrows,Zeal,Dagger,Berserker's Greaves,Dagger,Farsight Alteration,Ardent Censer,Dream Maker,Moonstone Renewer,Forbidden Idol,No_Item,Slightly Magical Footwear,Oracle Lens,Doran's Shield,Hollow Radiance,Iceborn Gauntlet,Plated Steelcaps,Kindlegem,Cloth Armor,Stealth Ward,Gustwalker Hatchling,No_Item,Heartsteel,Slightly Magical Footwear,Giant's Belt,Cloth Armor,Oracle Lens,Shadowflame,Stormsurge,No_Item,Sorcerer's Shoes,Dark Seal,No_Item,Stealth Ward,Statikk Shiv,Phantom Dancer,Executioner's Calling,Last Whisper,No_Item,Berserker's Greaves,Farsight Alteration,Control Ward,Boots of Swiftness,Dream Maker,Moonstone Renewer,Kindlegem,Forbidden Idol,Oracle Lens,Phase Rush,Inspiration,Conqueror,Inspiration,Lethal Tempo,Resolve,Lethal Tempo,Sorcery,Summon Aery,Inspiration,Grasp of the Undying,Inspiration,Aftershock,Inspiration,First Strike,Sorcery,Lethal Tempo,Inspiration,Summon Aery,Resolve,Teleport,Flash,Flash,Smite,Teleport,Flash,Flash,Barrier,Flash,Heal,Flash,Teleport,Flash,Smite,Teleport,Flash,Flash,Barrier,Heal,Flash,1,3,0,0,3,0
https://www.op.gg/summoners/euw/Czekoladowski-BAR/matches/34-jfPz6TmySUCyL05E6bOE--qircDMJgwTkgHEBvcM%3D/1731347750000,1,24,7,7,24,8,27,36,30,8,5,0,0,0,0,6,0,0,0,36532,25131,10.0,9.0,498,437,32.6,28.7,11401,-11401,2381.1035714285713,1638.0026785714285,Gragas,Viego,Ahri,Lucian,Nami,Aatrox,Shaco,Zac,Kalista,Nautilus,Cosmic Drive,Winter's Approach,Dark Seal,Ionian Boots of Lucidity,Doran's Ring,Cloth Armor,Farsight Alteration,Gustwalker Hatchling,Kraken Slayer,Boots of Swiftness,Long Sword,No_Item,No_Item,Oracle Lens,Doran's Ring,Stormsurge,Malignance,Sorcerer's Shoes,Dark Seal,Amplifying Tome,Oracle Lens,Zeal,The Collector,No_Item,Doran's Blade,No_Item,Slightly Magical Footwear,Stealth Ward,Boots of Swiftness,Dream Maker,Imperial Mandate,Aether Wisp,No_Item,No_Item,Oracle Lens,No_Item,No_Item,Doran's Shield,Spear of Shojin,Slightly Magical Footwear,No_Item,Stealth Ward,Gustwalker Hatchling,Youmuu's Ghostblade,Berserker's Greaves,Control Ward,Pickaxe,No_Item,Oracle Lens,Doran's Shield,Bami's Cinder,Null-Magic Mantle,Ruby Crystal,Ionian Boots of Lucidity,Kindlegem,Oracle Lens,Doran's Blade,Tunneler,Opportunity,Boots,Serrated Dirk,No_Item,Stealth Ward,Ionian Boots of Lucidity,Bloodsong,Locket of the Iron Solari,Control Ward,No_Item,No_Item,Oracle Lens,Grasp of the Undying,Sorcery,Conqueror,Inspiration,Electrocute,Sorcery,First Strike,Precision,Summon Aery,Domination,Conqueror,Inspiration,Hail of Blades,Inspiration,Aftershock,Precision,Hail of Blades,Precision,Aftershock,Inspiration,Flash,Teleport,Flash,Smite,Teleport,Flash,Flash,Barrier,Flash,Heal,Flash,Teleport,Smite,Ignite,Teleport,Flash,Flash,Barrier,Ignite,Flash,1,6,1,0,0,0
https://www.op.gg/summoners/euw/Czekoladowski-BAR/matches/34-jfPz6TmxarfuAr5LIr_3ge-QF1WnFK8PaKDulIWA%3D/1731346218000,1,27,20,20,27,26,40,50,55,15,11,0,2,0,0,10,2,0,2,50336,39483,12.6,11.6,691,614,32.1,28.4,10853,-10853,2328.628037383178,1826.55,Gnar,Graves,Ahri,Ziggs,Rell,Singed,Lillia,Veigar,Jinx,Poppy,Mercury's Treads,Wit's End,Tunneler,Trinity Force,Pickaxe,No_Item,Stealth Ward,Mercury's Treads,Youmuu's Ghostblade,Hexdrinker,The Collector,Long Sword,No_Item,Oracle Lens,Malignance,Mercury's Treads,Verdant Barrier,No_Item,No_Item,Dark Seal,Oracle Lens,Needlessly Large Rod,No_Item,Sorcerer's Shoes,Malignance,Doran's Ring,Seraph's Embrace,Farsight Alteration,Refillable Potion,Mercury's Treads,Celestial Opposition,Control Ward,Abyssal Mask,Kindlegem,Oracle Lens,Doran's Ring,Rylai's Crystal Scepter,Boots of Swiftness,Liandry's Torment,No_Item,No_Item,Stealth Ward,Sorcerer's Shoes,Liandry's Torment,Dark Seal,Amplifying Tome,Blasting Wand,Giant's Belt,Oracle Lens,Doran's Ring,Liandry's Torment,Seraph's Embrace,Glowing Mote,No_Item,Boots of Swiftness,Farsight Alteration,Yun Tal Wildarrows,Refillable Potion,Phantom Dancer,No_Item,Berserker's Greaves,Cloak of Agility,Farsight Alteration,Boots of Swiftness,Bloodsong,Locket of the Iron Solari,Dead Man's Plate,Kindlegem,Control Ward,Oracle Lens,Grasp of the Undying,Domination,Dark Harvest,Inspiration,Electrocute,Sorcery,Arcane Comet,Inspiration,Aftershock,Inspiration,Conqueror,Sorcery,Conqueror,Inspiration,Summon Aery,Precision,Fleet Footwork,Sorcery,Hail of Blades,Inspiration,Teleport,Flash,Flash,Smite,Teleport,Flash,Flash,Teleport,Ignite,Flash,Flash,Ghost,Flash,Smite,Flash,Teleport,Flash,Barrier,Ignite,Flash,1,6,2,0,0,0
https://www.op.gg/summoners/euw/Czekoladowski-BAR/matches/34-jfPz6TmxVPFKnLZsu3v14gWUm8ByhFqSQZDCcYgg%3D/1731100491000,1,35,21,21,35,27,40,50,47,12,11,2,0,0,0,9,0,2,0,53140,38372,12.6,11.4,713,528,33.300000000000004,24.6,14768,-14768,2487.404255319149,1796.136170212766,Riven,Elise,Orianna,Corki,Sylas,Yone,Viego,Cassiopeia,Tristana,Rell,Doran's Blade,Eclipse,Plated Steelcaps,Sundered Sky,Steel Sigil,Caulfield's Warhammer,Stealth Ward,Stormsurge,Sorcerer's Shoes,Seeker's Armguard,Dark Seal,No_Item,No_Item,Oracle Lens,Doran's Ring,Seraph's Embrace,Void Staff,Sorcerer's Shoes,Amplifying Tome,Amplifying Tome,Stealth Ward,Rapid Firecannon,Plated Steelcaps,Trinity Force,Muramana,B. F. Sword,Cloak of Agility,Farsight Alteration,Bloodsong,Hextech Rocketbelt,Riftmaker,Dark Seal,Ionian Boots of Lucidity,No_Item,Oracle Lens,Doran's Shield,Refillable Potion,Berserker's Greaves,Blade of The Ruined King,Immortal Shieldbow,Cloak of Agility,Farsight Alteration,Gustwalker Hatchling,Slightly Magical Footwear,Kraken Slayer,Black Cleaver,Null-Magic Mantle,No_Item,Oracle Lens,Doran's Ring,Seraph's Embrace,Giant's Belt,Rod of Ages,Null-Magic Mantle,Blasting Wand,Farsight Alteration,Doran's Blade,Yun Tal Wildarrows,Boots,Pickaxe,Cloak of Agility,B. F. Sword,Farsight Alteration,Celestial Opposition,Zeke's Convergence,Ionian Boots of Lucidity,Kindlegem,Null-Magic Mantle,Control Ward,Oracle Lens,Conqueror,Sorcery,Electrocute,Sorcery,Arcane Comet,Precision,Conqueror,Inspiration,Electrocute,Resolve,Lethal Tempo,Resolve,Conqueror,Inspiration,Conqueror,Sorcery,Press the Attack,Sorcery,Aftershock,Inspiration,Teleport,Flash,Flash,Smite,Teleport,Flash,Flash,Barrier,Flash,Ignite,Flash,Teleport,Flash,Smite,Flash,Teleport,Barrier,Flash,Flash,Ignite,1,6,1,0,0,0
https://www.op.gg/summoners/euw/Czekoladowski-BAR/matches/34-jfPz6Tmy0lS4NX0BWurNWRxZmLeirxwSmpNtVDUI%3D/1731098695000,1,23,13,13,23,14,31,50,52,19,13,1,2,1,0,8,4,2,2,51423,43779,13.6,13.0,796,773,32.8,31.8,7644,-7644,2126.1432692307694,1810.0932692307692,Aurora,Bel'Veth,Ahri,Caitlyn,Braum,Renekton,Volibear,Kassadin,Varus,Zoe,Sorcerer's Shoes,Oblivion Orb,Malignance,Dark Seal,Liandry's Torment,No_Item,Stealth Ward,Hullbreaker,Kraken Slayer,Wit's End,Long Sword,Mercury's Treads,Pickaxe,Oracle Lens,Doran's Ring,Malignance,Fiendish Codex,Fiendish Codex,Rabadon's Deathcap,Sorcerer's Shoes,Oracle Lens,Doran's Blade,Infinity Edge,Berserker's Greaves,The Collector,Last Whisper,No_Item,Farsight Alteration,Locket of the Iron Solari,Celestial Opposition,Control Ward,Mercury's Treads,Kindlegem,Forbidden Idol,Oracle Lens,Stridebreaker,Refillable Potion,Mercury's Treads,Sterak's Gage,No_Item,No_Item,Stealth Ward,Sundered Sky,Randuin's Omen,Spectre's Cowl,Mercury's Treads,No_Item,Glowing Mote,Oracle Lens,Dark Seal,Seraph's Embrace,Rod of Ages,Malignance,Slightly Magical Footwear,Null-Magic Mantle,Stealth Ward,Opportunity,Muramana,Ruby Crystal,Doran's Blade,Boots of Swiftness,Long Sword,Farsight Alteration,Zaz'Zak's Realmspike,Dark Seal,Shurelya's Battlesong,Fiendish Codex,Fiendish Codex,Ionian Boots of Lucidity,Oracle Lens,Grasp of the Undying,Precision,Conqueror,Inspiration,Electrocute,Sorcery,Fleet Footwork,Sorcery,Guardian,Inspiration,Conqueror,Resolve,Press the Attack,Inspiration,First Strike,Domination,Arcane Comet,Precision,Electrocute,Sorcery,Flash,Teleport,Smite,Flash,Teleport,Flash,Cleanse,Flash,Heal,Flash,Teleport,Flash,Smite,Flash,Flash,Teleport,Barrier,Flash,Flash,Exhaust,1,6,1,0,0,0
https://www.op.gg/summoners/euw/Czekoladowski-BAR/matches/34-jfPz6TmyH5eqV2LtrpBzR1dAEiVnC5IqcFi2EQmM%3D/1731096417000,1,24,10,10,25,19,42,51,38,14,9,2,0,0,0,10,1,2,0,46542,33710,11.6,10.4,697,543,35.7,27.8,12832,-12832,2384.988059701493,1727.4278606965177,Jayce,Nidalee,Galio,Ashe,Rakan,Singed,Wukong,Kassadin,Caitlyn,Bard,Opportunity,Muramana,Doran's Blade,Serylda's Grudge,Ionian Boots of Lucidity,Long Sword,Farsight Alteration,Liandry's Torment,Mejai's Soulstealer,Shattered Armguard,No_Item,Needlessly Large Rod,Ionian Boots of Lucidity,Oracle Lens,Doran's Ring,Hollow Radiance,Riftmaker,Sorcerer's Shoes,Dark Seal,Control Ward,Stealth Ward,Statikk Shiv,No_Item,Phantom Dancer,Doran's Blade,No_Item,Berserker's Greaves,Oracle Lens,Celestial Opposition,Kindlegem,Locket of the Iron Solari,Ionian Boots of Lucidity,No_Item,No_Item,Oracle Lens,Doran's Ring,Refillable Potion,Synchronized Souls,Dark Seal,Trailblazer,Ruby Crystal,Stealth Ward,Caulfield's Warhammer,Trinity Force,Tunneler,Slightly Magical Footwear,Ruby Crystal,No_Item,Stealth Ward,Rod of Ages,Boots,Tear of the Goddess,Malignance,Dark Seal,Fiendish Codex,Oracle Lens,Doran's Blade,The Collector,Dagger,Boots,B. F. Sword,Pickaxe,Farsight Alteration,Heartsteel,Bloodsong,Null-Magic Mantle,Kindlegem,No_Item,Mercury's Treads,Oracle Lens,Conqueror,Inspiration,Conqueror,Sorcery,Aftershock,Sorcery,Lethal Tempo,Inspiration,Guardian,Domination,Phase Rush,Resolve,Conqueror,Inspiration,First Strike,Domination,Press the Attack,Sorcery,Grasp of the Undying,Domination,Flash,Teleport,Flash,Smite,Teleport,Flash,Flash,Barrier,Flash,Ignite,Flash,Ghost,Flash,Smite,Flash,Teleport,Barrier,Flash,Flash,Ignite,1,5,2,0,1,0
https://www.op.gg/summoners/euw/Czekoladowski-BAR/matches/34-jfPz6TmwdmlVkdlFdwUbJGiGMmhIWcl9mxp3E42E%3D/1731094102000,0,20,29,29,20,50,30,63,72,20,17,2,2,0,1,3,7,2,3,48537,57622,12.8,14.6,789,874,29.8,32.9,-9085,9085,1835.2298507462685,2178.7422885572137,Riven,Vi,Hwei,Xayah,Camille,Ambessa,Kha'Zix,Orianna,Ziggs,Rell,Doran's Blade,Eclipse,Mercury's Treads,Sundered Sky,Steel Sigil,Long Sword,Stealth Ward,Sterak's Gage,Sundered Sky,Ionian Boots of Lucidity,Spectre's Cowl,Control Ward,Kindlegem,Oracle Lens,Blackfire Torch,Horizon Focus,Sorcerer's Shoes,Blighting Jewel,Doran's Ring,No_Item,Farsight Alteration,Essence Reaver,Navori Flickerblade,Berserker's Greaves,Doran's Blade,B. F. Sword,Cloak of Agility,Farsight Alteration,Sundered Sky,Bloodsong,Mercury's Treads,Sterak's Gage,Long Sword,Long Sword,Oracle Lens,Doran's Blade,Plated Steelcaps,Eclipse,Death's Dance,Long Sword,Ravenous Hydra,Farsight Alteration,Edge of Night,Youmuu's Ghostblade,Plated Steelcaps,Control Ward,Caulfield's Warhammer,Serpent's Fang,Oracle Lens,Shattered Armguard,Refillable Potion,Seraph's Embrace,Sorcerer's Shoes,Liandry's Torment,Doran's Ring,Stealth Ward,Seraph's Embrace,Void Staff,Rabadon's Deathcap,Luden's Companion,Needlessly Large Rod,Sorcerer's Shoes,Farsight Alteration,Solstice Sleigh,Locket of the Iron Solari,Zeke's Convergence,Ionian Boots of Lucidity,Kindlegem,No_Item,Oracle Lens,Conqueror,Sorcery,Conqueror,Inspiration,Arcane Comet,Precision,Press the Attack,Domination,Hail of Blades,Resolve,Grasp of the Undying,Domination,Dark Harvest,Inspiration,Summon Aery,Precision,Arcane Comet,Precision,Aftershock,Inspiration,Ignite,Flash,Flash,Smite,Flash,Teleport,Flash,Barrier,Ignite,Flash,Flash,Teleport,Flash,Smite,Flash,Teleport,Teleport,Flash,Flash,Ignite,0,3,0,0,3,2
https://www.op.gg/summoners/euw/Czekoladowski-BAR/matches/34-jfPz6Tmw6-RThS7-4vnaB6whCfBOjVdN-IxWXcPU%3D/1731092158000,0,39,23,23,39,41,92,109,113,45,42,1,3,0,1,3,9,1,4,61626,63352,15.0,15.0,880,915,27.9,29.1,-1726,1726,1965.9828220858894,2021.0453987730061,Kennen,Vi,Zed,Anivia,Rakan,Urgot,Wukong,Ahri,Ziggs,Poppy,Hextech Rocketbelt,Control Ward,Void Staff,Shadowflame,Sorcerer's Shoes,Doran's Ring,Oracle Lens,Sterak's Gage,Sundered Sky,Mercury's Treads,Spirit Visage,Phage,Kindlegem,Oracle Lens,Serylda's Grudge,Voltaic Cyclosword,Eclipse,Control Ward,Serpent's Fang,Ionian Boots of Lucidity,Oracle Lens,Seraph's Embrace,Seeker's Armguard,Rod of Ages,Liandry's Torment,Sorcerer's Shoes,Dark Seal,Farsight Alteration,Celestial Opposition,Locket of the Iron Solari,Redemption,No_Item,Kindlegem,Ionian Boots of Lucidity,Oracle Lens,Hullbreaker,No_Item,Mercury's Treads,Black Cleaver,Sterak's Gage,No_Item,Stealth Ward,Mercury's Treads,Sterak's Gage,Sundered Sky,Pickaxe,Trinity Force,Abyssal Mask,Stealth Ward,Malignance,Zhonya's Hourglass,Shadowflame,Dark Seal,Blasting Wand,Sorcerer's Shoes,Oracle Lens,Lich Bane,Void Staff,No_Item,Dark Seal,Luden's Companion,Sorcerer's Shoes,Farsight Alteration,Boots of Swiftness,Bloodsong,Locket of the Iron Solari,Force of Nature,Ruby Crystal,Control Ward,Oracle Lens,Electrocute,Inspiration,Conqueror,Inspiration,First Strike,Precision,Phase Rush,Precision,Guardian,Domination,Press the Attack,Resolve,Conqueror,Inspiration,Electrocute,Sorcery,Arcane Comet,Precision,Hail of Blades,Inspiration,Teleport,Flash,Flash,Smite,Flash,Teleport,Flash,Teleport,Flash,Ignite,Flash,Teleport,Flash,Smite,Flash,Teleport,Teleport,Flash,Ignite,Flash,0,3,0,1,3,2
https://www.op.gg/summoners/euw/Czekoladowski-BAR/matches/34-jfPz6Tmxc7yKe30I9W1JXwna66aJndW4vWYbavEA%3D/1731089136000,0,10,23,23,11,38,14,42,47,5,9,0,2,0,0,2,7,0,2,34449,44291,11.0,11.8,616,633,31.099999999999998,32.1,-9842,9842,1749.7904761904763,2249.701587301587,Seraphine,Wukong,Kayle,Darius,Nautilus,Jax,Ambessa,Yone,Ziggs,Braum,Moonstone Renewer,Doran's Ring,Ionian Boots of Lucidity,Seraph's Embrace,Faerie Charm,Faerie Charm,Farsight Alteration,Trinity Force,Tunneler,Caulfield's Warhammer,Slightly Magical Footwear,No_Item,No_Item,Oracle Lens,Doran's Blade,Berserker's Greaves,Nashor's Tooth,Needlessly Large Rod,Needlessly Large Rod,No_Item,Farsight Alteration,Stridebreaker,Negatron Cloak,Ruby Crystal,Winged Moonplate,Mercury's Treads,Doran's Shield,Oracle Lens,Synchronized Souls,No_Item,Celestial Opposition,Warmog's Armor,No_Item,No_Item,Oracle Lens,Doran's Blade,Refillable Potion,Plated Steelcaps,Pickaxe,Trinity Force,Tunneler,Stealth Ward,Black Cleaver,Eclipse,No_Item,Cloth Armor,Boots,No_Item,Oracle Lens,Doran's Blade,Berserker's Greaves,Blade of The Ruined King,Pickaxe,Long Sword,Cloak of Agility,Stealth Ward,Luden's Companion,Sorcerer's Shoes,Seraph's Embrace,Mejai's Soulstealer,Horizon Focus,Needlessly Large Rod,Stealth Ward,Locket of the Iron Solari,Celestial Opposition,Refillable Potion,No_Item,Mercury's Treads,Kindlegem,Oracle Lens,Summon Aery,Precision,Conqueror,Inspiration,Fleet Footwork,Sorcery,Conqueror,Resolve,Aftershock,Inspiration,Conqueror,Sorcery,Conqueror,Domination,Fleet Footwork,Resolve,Arcane Comet,Precision,Guardian,Inspiration,Teleport,Flash,Smite,Flash,Flash,Teleport,Ghost,Flash,Ignite,Flash,Flash,Ignite,Flash,Smite,Flash,Teleport,Teleport,Flash,Ignite,Flash,0,3,0,1,3,0
https://www.op.gg/summoners/euw/Czekoladowski-BAR/matches/34-jfPz6Tmwjqijs0A3J8F2rd7ViuHocAPcJegk7wEc%3D/1731087347000,0,12,28,28,12,65,21,64,69,18,19,0,3,0,1,0,8,0,4,41459,56993,12.6,14.4,733,853,28.8,33.3,-15534,15534,1615.5384976525822,2220.8539906103288,Shen,Skarner,Kayle,Jinx,Nautilus,Riven,Volibear,Syndra,Corki,Rell,Doran's Shield,Sunfire Aegis,Crystalline Bracer,Ionian Boots of Lucidity,Giant's Belt,Giant's Belt,Stealth Ward,Sterak's Gage,Heartsteel,No_Item,Plated Steelcaps,No_Item,No_Item,Oracle Lens,Rabadon's Deathcap,Amplifying Tome,Amplifying Tome,Boots of Swiftness,Nashor's Tooth,Doran's Ring,Farsight Alteration,Berserker's Greaves,Kraken Slayer,Infinity Edge,Doran's Blade,Long Sword,Control Ward,Farsight Alteration,Warmog's Armor,Bloodsong,Mercury's Treads,Ruby Crystal,No_Item,No_Item,Oracle Lens,Doran's Blade,Eclipse,Black Cleaver,Plated Steelcaps,Cloth Armor,Cloth Armor,Stealth Ward,Mejai's Soulstealer,Cosmic Drive,Plated Steelcaps,No_Item,Spectre's Cowl,Randuin's Omen,Oracle Lens,Stormsurge,Cosmic Drive,Needlessly Large Rod,Sorcerer's Shoes,Doran's Ring,Needlessly Large Rod,Farsight Alteration,Trinity Force,Muramana,Lord Dominik's Regards,Rapid Firecannon,Plated Steelcaps,No_Item,Farsight Alteration,No_Item,Locket of the Iron Solari,Celestial Opposition,Kindlegem,Chain Vest,Mercury's Treads,Oracle Lens,Grasp of the Undying,Domination,Grasp of the Undying,Inspiration,Fleet Footwork,Sorcery,Lethal Tempo,Sorcery,Aftershock,Inspiration,Conqueror,Resolve,Press the Attack,Sorcery,First Strike,Sorcery,Conqueror,Inspiration,Aftershock,Inspiration,Flash,Exhaust,Smite,Flash,Flash,Teleport,Cleanse,Flash,Flash,Ignite,Teleport,Flash,Flash,Smite,Teleport,Flash,Flash,Barrier,Ignite,Flash,0,3,0,1,3,1
https://www.op.gg/summoners/euw/Czekoladowski-BAR/matches/34-jfPz6TmzUnfv4oBxNULgD9cr5RRp7w5Vbf3jR854%3D/1731085451000,1,35,29,29,35,42,66,111,74,37,42,2,2,1,0,10,5,3,2,73268,63434,16.4,15.2,1043,954,31.5,28.9,9834,-9834,2229.895652173913,1930.5999999999997,Darius,Volibear,Syndra,Ashe,Renata Glasc,Aurora,Elise,Yone,Tristana,Rell,Sterak's Gage,Stridebreaker,Negatron Cloak,Mercury's Treads,Winged Moonplate,Ruby Crystal,Stealth Ward,Cosmic Drive,Mejai's Soulstealer,Spirit Visage,Boots,Sterak's Gage,Randuin's Omen,Oracle Lens,Shadowflame,Zhonya's Hourglass,Rabadon's Deathcap,Sorcerer's Shoes,Stormsurge,Doran's Ring,Farsight Alteration,Berserker's Greaves,Kraken Slayer,Trinity Force,Bloodthirster,Phantom Dancer,Hexdrinker,Farsight Alteration,Control Ward,Mikael's Blessing,Solstice Sleigh,Locket of the Iron Solari,Ionian Boots of Lucidity,Redemption,Oracle Lens,Sorcerer's Shoes,Rabadon's Deathcap,Zhonya's Hourglass,Malignance,Liandry's Torment,Amplifying Tome,Oracle Lens,Void Staff,Shadowflame,Stormsurge,Sorcerer's Shoes,Oblivion Orb,Control Ward,Oracle Lens,Stridebreaker,Berserker's Greaves,B. F. Sword,Blade of The Ruined King,Immortal Shieldbow,Cloak of Agility,Farsight Alteration,Yun Tal Wildarrows,Berserker's Greaves,Infinity Edge,Navori Flickerblade,Noonquiver,No_Item,Farsight Alteration,Bloodsong,Knight's Vow,Locket of the Iron Solari,Ionian Boots of Lucidity,Zeke's Convergence,No_Item,Oracle Lens,Conqueror,Sorcery,Press the Attack,Sorcery,First Strike,Sorcery,Lethal Tempo,Inspiration,Guardian,Domination,Grasp of the Undying,Sorcery,Dark Harvest,Precision,Fleet Footwork,Resolve,Press the Attack,Domination,Aftershock,Inspiration,Flash,Ghost,Flash,Smite,Teleport,Flash,Cleanse,Flash,Ignite,Flash,Flash,Teleport,Flash,Smite,Flash,Teleport,Flash,Barrier,Flash,Ignite,1,3,1,0,3,0
https://www.op.gg/summoners/euw/Czekoladowski-BAR/matches/34-jfPz6TmyDCbESolipTVjsOyMSbR5zD2uSPCHrsAg%3D/1731082415000,1,27,22,22,27,37,45,69,65,23,20,3,1,1,0,9,4,4,1,61129,55378,15.6,14.4,948,917,32.199999999999996,31.2,5751,-5751,2087.3317073170733,1890.9560975609756,Darius,Lillia,Kassadin,Jinx,Gragas,Aurora,Vi,Corki,Samira,Shen,Stridebreaker,"Jak'Sho, The Protean",Giant's Belt,Boots of Swiftness,Sterak's Gage,Warden's Mail,Oracle Lens,Rylai's Crystal Scepter,Liandry's Torment,Zhonya's Hourglass,Plated Steelcaps,Warden's Mail,No_Item,Oracle Lens,Malignance,Zhonya's Hourglass,Seraph's Embrace,Dark Seal,Sorcerer's Shoes,Doran's Shield,Oracle Lens,Runaan's Hurricane,Vampiric Scepter,Yun Tal Wildarrows,Infinity Edge,Berserker's Greaves,No_Item,Farsight Alteration,Knight's Vow,Celestial Opposition,Locket of the Iron Solari,Plated Steelcaps,Bramble Vest,Control Ward,Oracle Lens,Doran's Ring,Aether Wisp,Malignance,Sorcerer's Shoes,Liandry's Torment,Fiendish Codex,Stealth Ward,Sterak's Gage,Sundered Sky,Black Cleaver,Control Ward,Mercury's Treads,No_Item,Oracle Lens,Infinity Edge,The Collector,Muramana,Mercury's Treads,Noonquiver,No_Item,Farsight Alteration,Lord Dominik's Regards,Control Ward,The Collector,Mercury's Treads,Infinity Edge,No_Item,Farsight Alteration,Spectre's Cowl,Bloodsong,Heartsteel,Mercury's Treads,Negatron Cloak,No_Item,Oracle Lens,Conqueror,Sorcery,Conqueror,Inspiration,Electrocute,Resolve,Lethal Tempo,Sorcery,Guardian,Domination,Grasp of the Undying,Precision,Conqueror,Inspiration,Conqueror,Resolve,Conqueror,Domination,Aftershock,Domination,Flash,Ghost,Flash,Smite,Flash,Teleport,Barrier,Flash,Ignite,Flash,Flash,Teleport,Flash,Smite,Teleport,Flash,Flash,Barrier,Flash,Ignite,0,6,2,1,0,0
https://www.op.gg/summoners/euw/Czekoladowski-BAR/matches/34-jfPz6TmzMMfr23g6GMKLvmjygRpFFBfUw_LZxE18%3D/1731018445000,0,17,27,27,17,41,36,80,89,46,33,1,3,0,1,3,10,1,4,57284,66734,14.6,16.2,975,1061,29.8,32.5,-9450,9450,1748.9362831858407,2037.453982300885,Gragas,Nidalee,Taliyah,Corki,Senna,Shen,Graves,Galio,Veigar,Rell,Void Staff,Cosmic Drive,Negatron Cloak,Sorcerer's Shoes,No_Item,Fimbulwinter,Oracle Lens,Liandry's Torment,Ionian Boots of Lucidity,Control Ward,Lich Bane,Amplifying Tome,Void Staff,Oracle Lens,Liandry's Torment,Seraph's Embrace,Ionian Boots of Lucidity,Luden's Companion,Doran's Ring,Blighting Jewel,Farsight Alteration,Lord Dominik's Regards,Muramana,Berserker's Greaves,B. F. Sword,Cloak of Agility,Trinity Force,Farsight Alteration,Dream Maker,Locket of the Iron Solari,Forbidden Idol,Boots of Swiftness,Echoes of Helia,Forbidden Idol,Oracle Lens,No_Item,Mercury's Treads,Heartsteel,Sunfire Aegis,Kaenic Rookern,Null-Magic Mantle,Farsight Alteration,Youmuu's Ghostblade,The Collector,Lord Dominik's Regards,Maw of Malmortius,Mercury's Treads,B. F. Sword,Oracle Lens,Riftmaker,Seeker's Armguard,Needlessly Large Rod,Mercury's Treads,Doran's Ring,Hollow Radiance,Oracle Lens,Shattered Armguard,Needlessly Large Rod,Ionian Boots of Lucidity,Luden's Companion,Rabadon's Deathcap,Void Staff,Farsight Alteration,Locket of the Iron Solari,Celestial Opposition,No_Item,Ionian Boots of Lucidity,Zeke's Convergence,Kindlegem,Oracle Lens,Phase Rush,Precision,Conqueror,Sorcery,Phase Rush,Precision,Conqueror,Inspiration,Summon Aery,Resolve,Grasp of the Undying,Domination,Dark Harvest,Precision,Aftershock,Domination,Summon Aery,Precision,Aftershock,Inspiration,Flash,Teleport,Flash,Smite,Flash,Teleport,Flash,Cleanse,Flash,Heal,Flash,Ignite,Flash,Smite,Teleport,Flash,Flash,Teleport,Ignite,Flash,0,1,0,1,5,2
https://www.op.gg/summoners/euw/Czekoladowski-BAR/matches/34-jfPz6TmxPUQyvsWw_v3s1q81J8W36MdR-9UgpKcw%3D/1731016010000,1,32,24,24,32,43,69,86,99,38,25,0,3,1,0,10,6,1,3,65612,61873,15.6,14.6,943,974,29.900000000000002,30.8,3739,-3739,2061.109947643979,1943.65445026178,Rumble,Qiyana,Azir,Samira,Leona,K'Sante,Graves,Xerath,Kalista,Renata Glasc,Doran's Ring,Shattered Armguard,No_Item,Liandry's Torment,Riftmaker,Sorcerer's Shoes,Oracle Lens,Youmuu's Ghostblade,Serylda's Grudge,No_Item,Opportunity,Ionian Boots of Lucidity,Edge of Night,Oracle Lens,Nashor's Tooth,Shattered Armguard,Void Staff,Sorcerer's Shoes,Needlessly Large Rod,Shadowflame,Farsight Alteration,Infinity Edge,The Collector,Plated Steelcaps,Immortal Shieldbow,Last Whisper,Long Sword,Farsight Alteration,Locket of the Iron Solari,Bloodsong,No_Item,Knight's Vow,Mercury's Treads,Ruby Crystal,Oracle Lens,Thornmail,Ruby Crystal,Spirit Visage,Unending Despair,Ionian Boots of Lucidity,"Jak'Sho, The Protean",Oracle Lens,Control Ward,Youmuu's Ghostblade,Immortal Shieldbow,Boots,B. F. Sword,The Collector,Oracle Lens,Luden's Companion,Horizon Focus,Sorcerer's Shoes,Void Staff,No_Item,Doran's Ring,Farsight Alteration,Guinsoo's Rageblade,Terminus,"Jak'Sho, The Protean",Runaan's Hurricane,Blade of The Ruined King,Berserker's Greaves,Farsight Alteration,Celestial Opposition,Mikael's Blessing,Locket of the Iron Solari,Mercury's Treads,Negatron Cloak,Control Ward,Oracle Lens,Arcane Comet,Precision,Electrocute,Inspiration,Press the Attack,Resolve,Conqueror,Domination,Aftershock,Inspiration,Aftershock,Inspiration,Dark Harvest,Precision,Arcane Comet,Precision,Lethal Tempo,Domination,Guardian,Domination,Flash,Teleport,Smite,Flash,Flash,Teleport,Flash,Barrier,Ignite,Flash,Flash,Teleport,Flash,Smite,Teleport,Flash,Flash,Cleanse,Flash,Exhaust,0,3,2,1,3,0
https://www.op.gg/summoners/euw/Czekoladowski-BAR/matches/34-jfPz6TmwwMfNEE17Skp4oqmAoNci5Di4opxaIhzI%3D/1731013659000,1,44,49,50,44,74,66,100,78,21,25,2,2,1,0,9,4,3,2,73492,66724,16.2,16.0,989,858,31.0,26.9,6768,-6768,2303.4805970149255,2091.349253731343,Tryndamere,Jax,Ryze,Samira,Nautilus,Akali,Xin Zhao,Gragas,Caitlyn,Lux,Zephyr,No_Item,Ravenous Hydra,Force of Nature,Phantom Dancer,Blade of The Ruined King,Oracle Lens,Mercury's Treads,No_Item,Trinity Force,Sundered Sky,Frozen Heart,Wit's End,Stealth Ward,Seraph's Embrace,Shadowflame,Sorcerer's Shoes,Rabadon's Deathcap,Blighting Jewel,Blasting Wand,Farsight Alteration,Doran's Blade,Immortal Shieldbow,Mercury's Treads,The Collector,Infinity Edge,Lord Dominik's Regards,Farsight Alteration,Locket of the Iron Solari,Bloodsong,No_Item,Serpent's Fang,Synchronized Souls,Kaenic Rookern,Oracle Lens,Hextech Rocketbelt,Zhonya's Hourglass,Liandry's Torment,Sorcerer's Shoes,Control Ward,Void Staff,Oracle Lens,Randuin's Omen,Eclipse,Control Ward,Sundered Sky,Tunneler,Plated Steelcaps,Oracle Lens,Rod of Ages,Seraph's Embrace,Cosmic Drive,Frozen Heart,Ionian Boots of Lucidity,No_Item,Farsight Alteration,Immortal Shieldbow,The Collector,Berserker's Greaves,Lord Dominik's Regards,Infinity Edge,B. F. Sword,Farsight Alteration,Shurelya's Battlesong,Zhonya's Hourglass,Boots of Swiftness,Celestial Opposition,Oblivion Orb,Watchful Wardstone,Oracle Lens,Grasp of the Undying,Precision,Conqueror,Inspiration,Phase Rush,Precision,Conqueror,Domination,Hail of Blades,Inspiration,Conqueror,Resolve,Conqueror,Inspiration,Phase Rush,Resolve,Hail of Blades,Sorcery,Arcane Comet,Precision,Ghost,Ignite,Flash,Smite,Flash,Teleport,Flash,Barrier,Ignite,Flash,Teleport,Flash,Flash,Smite,Flash,Teleport,Flash,Barrier,Flash,Heal,1,6,1,0,0,0
https://www.op.gg/summoners/euw/Czekoladowski-BAR/matches/34-jfPz6TmzDpxl88qQNwLOBEgw6auhApcElhdC4344%3D/1731011134000,1,45,11,11,45,16,56,43,46,11,10,3,0,0,0,10,2,3,0,51811,37644,13.6,11.6,730,552,33.9,25.599999999999998,14167,-14167,2408.1169014084508,1749.650704225352,Rumble,Graves,Galio,Ezreal,Karma,Aatrox,Viego,Sylas,Kai'Sa,Rakan,Doran's Ring,Shattered Armguard,Riftmaker,Dark Seal,Sorcerer's Shoes,Liandry's Torment,Stealth Ward,Youmuu's Ghostblade,The Collector,Immortal Shieldbow,Cloak of Agility,Last Whisper,Boots,Oracle Lens,Seeker's Armguard,Hollow Radiance,Dark Seal,Riftmaker,Sorcerer's Shoes,No_Item,Oracle Lens,Vampiric Scepter,B. F. Sword,Ionian Boots of Lucidity,Muramana,Trinity Force,Doran's Blade,Farsight Alteration,Solstice Sleigh,Kindlegem,Oblivion Orb,Ionian Boots of Lucidity,Dark Seal,Moonstone Renewer,Oracle Lens,Maw of Malmortius,Long Sword,Long Sword,Doran's Shield,Boots,Long Sword,Stealth Ward,Mercury's Treads,Blade of The Ruined King,Sundered Sky,Wit's End,No_Item,No_Item,Oracle Lens,Riftmaker,Hextech Rocketbelt,Dark Seal,Amplifying Tome,No_Item,Boots,Oracle Lens,Statikk Shiv,Guinsoo's Rageblade,Doran's Blade,Berserker's Greaves,No_Item,No_Item,Farsight Alteration,Celestial Opposition,Refillable Potion,No_Item,Kindlegem,Zeke's Convergence,Ionian Boots of Lucidity,Oracle Lens,Arcane Comet,Resolve,Dark Harvest,Precision,Aftershock,Sorcery,Press the Attack,Inspiration,Arcane Comet,Domination,Conqueror,Resolve,Conqueror,Inspiration,Conqueror,Sorcery,Fleet Footwork,Inspiration,Guardian,Domination,Flash,Ignite,Flash,Smite,Teleport,Flash,Flash,Barrier,Flash,Heal,Flash,Teleport,Smite,Flash,Teleport,Flash,Flash,Teleport,Ignite,Flash,0,1,2,1,5,0
https://www.op.gg/summoners/euw/Czekoladowski-BAR/matches/34-jfPz6TmzVmLlACaTCwzMR-1B3nrgYvwv6JHKQ_f0%3D/1731009184000,1,23,12,12,23,18,42,51,42,4,8,2,0,0,0,4,1,2,0,40932,34707,11.2,10.6,579,573,29.4,29.2,6225,-6225,2087.260927152318,1769.8271523178807,Orianna,Xin Zhao,LeBlanc,Corki,Rell,Ahri,Viego,Aurora,Ezreal,Alistar,Luden's Companion,Amplifying Tome,Sorcerer's Shoes,Doran's Ring,Needlessly Large Rod,Tear of the Goddess,Farsight Alteration,Mercury's Treads,Eclipse,Sundered Sky,Long Sword,Control Ward,No_Item,Oracle Lens,Doran's Ring,Blighting Jewel,Luden's Companion,Dark Seal,Glowing Mote,Sorcerer's Shoes,Stealth Ward,Doran's Blade,Zeal,Muramana,Trinity Force,Dagger,Plated Steelcaps,Farsight Alteration,Celestial Opposition,Refillable Potion,Control Ward,Ionian Boots of Lucidity,Kindlegem,Zeke's Convergence,Oracle Lens,Refillable Potion,Malignance,Needlessly Large Rod,Mercury's Treads,Dark Seal,Blighting Jewel,Oracle Lens,Sundered Sky,Kraken Slayer,No_Item,Long Sword,No_Item,Slightly Magical Footwear,Oracle Lens,Cosmic Drive,Malignance,Sorcerer's Shoes,Dark Seal,Control Ward,No_Item,Farsight Alteration,Doran's Blade,Tear of the Goddess,Trinity Force,Ionian Boots of Lucidity,Long Sword,No_Item,Farsight Alteration,Celestial Opposition,Boots of Swiftness,Ruby Crystal,Trailblazer,Winged Moonplate,No_Item,Oracle Lens,Summon Aery,Inspiration,Conqueror,Inspiration,Electrocute,Sorcery,Conqueror,Inspiration,Aftershock,Inspiration,Electrocute,Resolve,Conqueror,Inspiration,Electrocute,Sorcery,Conqueror,Sorcery,Aftershock,Inspiration,Flash,Teleport,Flash,Smite,Teleport,Flash,Flash,Teleport,Ignite,Flash,Teleport,Flash,Flash,Smite,Teleport,Flash,Flash,Barrier,Ignite,Flash,1,3,0,0,3,0
https://www.op.gg/summoners/euw/Czekoladowski-BAR/matches/34-jfPz6Tmxc2Q1tSRhPGVCTceeJTVQnpaxFoeNkiX0%3D/1731007213000,0,22,34,34,22,75,34,59,66,23,27,2,1,0,1,5,5,2,2,56776,60712,14.4,15.4,918,925,30.7,31.099999999999998,-3936,3936,1899.2683274021354,2030.9352313167262,Ryze,Nocturne,Lux,Caitlyn,Neeko,Vladimir,Kindred,Galio,Ashe,Veigar,Rabadon's Deathcap,Shattered Armguard,Seraph's Embrace,Mercury's Treads,Needlessly Large Rod,Rod of Ages,Oracle Lens,Plated Steelcaps,Experimental Hexplate,Black Cleaver,Ruby Crystal,Ruby Crystal,Null-Magic Mantle,Oracle Lens,Sorcerer's Shoes,Luden's Companion,Void Staff,Rabadon's Deathcap,Amplifying Tome,Needlessly Large Rod,Farsight Alteration,Infinity Edge,The Collector,Rapid Firecannon,Doran's Blade,Cloak of Agility,Berserker's Greaves,Farsight Alteration,Hextech Rocketbelt,Ionian Boots of Lucidity,Celestial Opposition,Stormsurge,No_Item,No_Item,Oracle Lens,Shadowflame,Rabadon's Deathcap,Boots of Swiftness,Dark Seal,Void Staff,No_Item,Stealth Ward,Vampiric Scepter,Pickaxe,Wit's End,Mercury's Treads,Kraken Slayer,Black Cleaver,Oracle Lens,Mercury's Treads,Hollow Radiance,Dark Seal,Needlessly Large Rod,Riftmaker,Needlessly Large Rod,Oracle Lens,Lord Dominik's Regards,Kraken Slayer,Runaan's Hurricane,Doran's Blade,Berserker's Greaves,Vampiric Scepter,Farsight Alteration,Celestial Opposition,Kindlegem,Locket of the Iron Solari,Negatron Cloak,Fimbulwinter,Ionian Boots of Lucidity,Oracle Lens,Phase Rush,Precision,Conqueror,Domination,First Strike,Sorcery,Fleet Footwork,Sorcery,Arcane Comet,Inspiration,Phase Rush,Precision,Conqueror,Inspiration,Aftershock,Sorcery,Lethal Tempo,Inspiration,Summon Aery,Inspiration,Flash,Teleport,Flash,Smite,Teleport,Flash,Flash,Barrier,Ignite,Flash,Ghost,Flash,Smite,Flash,Teleport,Flash,Flash,Barrier,Flash,Ignite,1,3,0,0,3,1
https://www.op.gg/summoners/euw/Czekoladowski-BAR/matches/34-jfPz6Tmxl6EQbNgeeFcE71RU_HUETmWGbVMxD6nM%3D/1731004330000,0,9,23,23,9,40,13,34,45,7,13,0,2,0,0,0,5,0,2,32669,42462,10.8,11.8,574,639,28.6,31.9,-9793,9793,1633.45,2123.1,Zac,Skarner,Orianna,Corki,Zilean,Olaf,Xin Zhao,Galio,Jinx,Karma,Doran's Shield,Sunfire Aegis,Kindlegem,Boots,Ruby Crystal,Cloth Armor,Stealth Ward,Scorchclaw Pup,Heartsteel,Bramble Vest,Plated Steelcaps,Kindlegem,Chain Vest,Oracle Lens,Seraph's Embrace,Ionian Boots of Lucidity,Doran's Ring,Amplifying Tome,No_Item,Fated Ashes,Farsight Alteration,Trinity Force,Muramana,Doran's Blade,Zeal,Long Sword,Boots,Farsight Alteration,Solstice Sleigh,Ionian Boots of Lucidity,Kindlegem,Kindlegem,Kindlegem,No_Item,Oracle Lens,Sundered Sky,Ionian Boots of Lucidity,No_Item,Stridebreaker,Doran's Blade,No_Item,Stealth Ward,Black Cleaver,Control Ward,Sundered Sky,Slightly Magical Footwear,Null-Magic Mantle,No_Item,Oracle Lens,Doran's Shield,Hollow Radiance,Mercury's Treads,Fiendish Codex,Haunting Guise,No_Item,Oracle Lens,Doran's Blade,Yun Tal Wildarrows,Berserker's Greaves,Long Sword,Cloak of Agility,Phantom Dancer,Farsight Alteration,Moonstone Renewer,Dream Maker,Dawncore,Ionian Boots of Lucidity,Ruby Crystal,Glowing Mote,Oracle Lens,Aftershock,Precision,Grasp of the Undying,Inspiration,Summon Aery,Precision,Hail of Blades,Precision,Summon Aery,Precision,Conqueror,Inspiration,Conqueror,Inspiration,Aftershock,Domination,Lethal Tempo,Inspiration,Arcane Comet,Inspiration,Flash,Teleport,Flash,Smite,Flash,Teleport,Flash,Teleport,Flash,Heal,Flash,Ghost,Smite,Flash,Teleport,Flash,Flash,Barrier,Flash,Heal,0,0,0,1,6,0
https://www.op.gg/summoners/euw/Czekoladowski-BAR/matches/34-jfPz6Tmy8gZ43Op2qsQdk8sQjLhn2hC96pvM2oWM%3D/1731002272000,0,21,30,30,21,59,23,52,62,13,17,2,1,0,1,6,10,2,2,45175,53902,12.2,14.0,666,695,27.8,29.1,-8727,8727,1879.765100671141,2242.902013422819,Jayce,Skarner,Sylas,Jinx,Lulu,K'Sante,Jarvan IV,Syndra,Varus,Renata Glasc,Last Whisper,Youmuu's Ghostblade,Muramana,Ionian Boots of Lucidity,No_Item,No_Item,Stealth Ward,Sterak's Gage,Heartsteel,No_Item,Ruby Crystal,Mercury's Treads,No_Item,Oracle Lens,Hextech Rocketbelt,Zhonya's Hourglass,Needlessly Large Rod,Needlessly Large Rod,Doran's Ring,Sorcerer's Shoes,Oracle Lens,Yun Tal Wildarrows,Infinity Edge,Last Whisper,Berserker's Greaves,No_Item,No_Item,Farsight Alteration,Redemption,Dream Maker,Ionian Boots of Lucidity,Moonstone Renewer,No_Item,No_Item,Oracle Lens,Thornmail,"Jak'Sho, The Protean",Iceborn Gauntlet,Plated Steelcaps,Control Ward,No_Item,Oracle Lens,Black Cleaver,Sundered Sky,No_Item,Plated Steelcaps,Steel Sigil,No_Item,Oracle Lens,Luden's Companion,Sorcerer's Shoes,Zhonya's Hourglass,Shadowflame,Dark Seal,Doran's Ring,Farsight Alteration,Muramana,Opportunity,Boots of Swiftness,No_Item,Edge of Night,No_Item,Farsight Alteration,No_Item,Locket of the Iron Solari,Celestial Opposition,Synchronized Souls,Crystalline Bracer,Giant's Belt,Oracle Lens,Conqueror,Inspiration,Grasp of the Undying,Inspiration,Electrocute,Resolve,Lethal Tempo,Sorcery,Summon Aery,Resolve,Aftershock,Domination,Conqueror,Inspiration,First Strike,Sorcery,Hail of Blades,Precision,Summon Aery,Resolve,Teleport,Flash,Smite,Flash,Teleport,Flash,Flash,Cleanse,Flash,Heal,Flash,Teleport,Smite,Flash,Flash,Teleport,Flash,Barrier,Flash,Heal,1,5,0,0,1,1
https://www.op.gg/summoners/euw/Czekoladowski-BAR/matches/34-jfPz6TmwjaXL2MrTNtB7JTkJ1ZIZpg-jucyE7sfg%3D/1731000347000,0,18,25,25,18,43,21,70,65,13,18,0,2,0,1,3,10,0,3,44801,54413,12.4,14.2,759,776,29.5,30.1,-9612,9612,1737.1816326530611,2109.8918367346937,Gnar,Xin Zhao,Gwen,Ziggs,Senna,Zilean,Lee Sin,Galio,Ezreal,Zyra,Doran's Shield,Trinity Force,Mercury's Treads,Null-Magic Mantle,Sterak's Gage,Long Sword,Farsight Alteration,Titanic Hydra,Black Cleaver,No_Item,Plated Steelcaps,Control Ward,No_Item,Stealth Ward,Rabadon's Deathcap,Nashor's Tooth,Blighting Jewel,Sorcerer's Shoes,Blasting Wand,No_Item,Farsight Alteration,Doran's Ring,Luden's Companion,Sorcerer's Shoes,Tear of the Goddess,Void Staff,Amplifying Tome,Farsight Alteration,Bloodsong,Black Cleaver,Rapid Firecannon,Boots of Swiftness,Control Ward,No_Item,Oracle Lens,Doran's Ring,Seraph's Embrace,Ionian Boots of Lucidity,Cosmic Drive,Negatron Cloak,No_Item,Stealth Ward,Black Cleaver,Eclipse,Plated Steelcaps,No_Item,No_Item,Sundered Sky,Stealth Ward,Doran's Ring,Hollow Radiance,Zhonya's Hourglass,Mercury's Treads,Riftmaker,Dark Seal,Oracle Lens,Long Sword,Vampiric Scepter,Trinity Force,Muramana,Ionian Boots of Lucidity,Doran's Blade,Farsight Alteration,Zaz'Zak's Realmspike,Sorcerer's Shoes,Oblivion Orb,Blasting Wand,Liandry's Torment,Kindlegem,Oracle Lens,Grasp of the Undying,Precision,Conqueror,Inspiration,Dark Harvest,Sorcery,Arcane Comet,Precision,Grasp of the Undying,Inspiration,Summon Aery,Inspiration,Conqueror,Inspiration,Aftershock,Sorcery,Press the Attack,Inspiration,Arcane Comet,Precision,Flash,Teleport,Smite,Flash,Ghost,Teleport,Teleport,Flash,Flash,Heal,Teleport,Flash,Flash,Smite,Teleport,Flash,Teleport,Flash,Flash,Ignite,0,0,0,1,6,1
https://www.op.gg/summoners/euw/Czekoladowski-BAR/matches/34-jfPz6TmwJtm-SuNY8DjIcOJBk8mKRd9EwxmskFaI%3D/1730998211000,0,25,31,31,25,69,40,99,97,33,41,0,4,1,1,6,7,1,5,69115,70702,16.2,16.6,1108,1110,31.299999999999997,31.3,-1587,1587,1943.859375,1988.4937499999999,Riven,Elise,Yone,Corki,Nautilus,K'Sante,Skarner,Syndra,Caitlyn,Leona,Death's Dance,Black Cleaver,Mercury's Treads,Eclipse,Caulfield's Warhammer,Ruby Crystal,Stealth Ward,Sorcerer's Shoes,Shadowflame,Seeker's Armguard,Stormsurge,Void Staff,Dark Seal,Oracle Lens,Immortal Shieldbow,Blade of The Ruined King,Death's Dance,Berserker's Greaves,No_Item,Infinity Edge,Farsight Alteration,Guardian Angel,Muramana,Mercury's Treads,Rapid Firecannon,Trinity Force,Lord Dominik's Regards,Farsight Alteration,Locket of the Iron Solari,Zeke's Convergence,Bloodsong,Control Ward,Kindlegem,Mercury's Treads,Oracle Lens,"Jak'Sho, The Protean",Fimbulwinter,Thornmail,Iceborn Gauntlet,No_Item,Mercury's Treads,Oracle Lens,Plated Steelcaps,Spirit Visage,Sterak's Gage,Unending Despair,Heartsteel,Ruby Crystal,Oracle Lens,Void Staff,Zhonya's Hourglass,Rabadon's Deathcap,No_Item,Sorcerer's Shoes,Stormsurge,Stealth Ward,Berserker's Greaves,Lord Dominik's Regards,Yun Tal Wildarrows,Doran's Blade,Infinity Edge,Zeal,Farsight Alteration,Bloodsong,Locket of the Iron Solari,Knight's Vow,Plated Steelcaps,Giant's Belt,No_Item,Oracle Lens,Conqueror,Sorcery,Dark Harvest,Precision,Fleet Footwork,Resolve,Conqueror,Inspiration,Aftershock,Inspiration,Grasp of the Undying,Inspiration,Aftershock,Inspiration,Electrocute,Sorcery,Lethal Tempo,Sorcery,Aftershock,Inspiration,Ignite,Flash,Flash,Smite,Flash,Teleport,Flash,Cleanse,Flash,Ignite,Teleport,Flash,Smite,Flash,Teleport,Flash,Flash,Barrier,Flash,Ignite,1,4,0,0,2,1
