GAME_ID,BLUE_WIN,BLUE_KILLS,RED_KILLS,BLUE_DEATHS,RED_DEATHS,RED_ASSISTS,BLUE_ASSISTS,BLUE_WARDS_PLACED,RED_WARDS_PLACED,BLUE_WARDS_DESTROYED,RED_WARDS_DESTROYED,BLUE_DRAGONS,RED_DRAGONS,BLUE_BARONS,RED_BARONS,BLUE_TOWERS,RED_TOWERS,BLUE_ELITE_MONSTERS,RED_ELITE_MONSTERS,BLUE_TEAM_GOLD,RED_TEAM_GOLD,BLUE_TEAM_LEVEL,RED_TEAM_LEVEL,BLUE_TEAM_CS,RED_TEAM_CS,BLUE_TEAAM_CS_PER_MINUTE,RED_TEAAM_CS_PER_MINUTE,BLUE_GOLD_DIFF,RED_GOLD_DIFF,BLUE_GOLD_PER_MIN,RED_GOLD_PER_MIN,BLUE_TEAM_TOP,BLUE_TEAM_JNG,BLUE_TEAM_MID,BLUE_TEAM_ADC,BLUE_TEAM_SUP,RED_TEAM_TOP,RED_TEAM_JNG,RED_TEAM_MID,RED_TEAM_ADC,RED_TEAM_SUP,BLLUE_TEAM_TOP_ITEM_1,BLLUE_TEAM_TOP_ITEM_2,BLLUE_TEAM_TOP_ITEM_3,BLLUE_TEAM_TOP_ITEM_4,BLLUE_TEAM_TOP_ITEM_5,BLLUE_TEAM_TOP_ITEM_6,BLLUE_TEAM_TOP_ITEM_VISION,BLLUE_TEAM_JNG_ITEM_1,BLLUE_TEAM_JNG_ITEM_2,BLLUE_TEAM_JNG_ITEM_3,BLLUE_TEAM_JNG_ITEM_4,BLLUE_TEAM_JNG_ITEM_5,BLLUE_TEAM_JNG_ITEM_6,BLLUE_TEAM_JNG_ITEM_VISION,BLLUE_TEAM_MID_ITEM_1,BLLUE_TEAM_MID_ITEM_2,BLLUE_TEAM_MID_ITEM_3,BLLUE_TEAM_MID_ITEM_4,BLLUE_TEAM_MID_ITEM_5,BLLUE_TEAM_MID_ITEM_6,BLLUE_TEAM_MID_ITEM_VISION,BLLUE_TEAM_ADC_ITEM_1,BLLUE_TEAM_ADC_ITEM_2,BLLUE_TEAM_ADC_ITEM_3,BLLUE_TEAM_ADC_ITEM_4,BLLUE_TEAM_ADC_ITEM_5,BLLUE_TEAM_ADC_ITEM_6,BLLUE_TEAM_ADC_ITEM_VISION,BLLUE_TEAM_SUP_ITEM_1,BLLUE_TEAM_SUP_ITEM_2,BLLUE_TEAM_SUP_ITEM_3,BLLUE_TEAM_SUP_ITEM_4,BLLUE_TEAM_SUP_ITEM_5,BLLUE_TEAM_SUP_ITEM_6,BLLUE_TEAM_SUP_ITEM_VISION,RED_TEAM_TOP_ITEM_1,RED_TEAM_TOP_ITEM_2,RED_TEAM_TOP_ITEM_3,RED_TEAM_TOP_ITEM_4,RED_TEAM_TOP_ITEM_5,RED_TEAM_TOP_ITEM_6,RED_TEAM_TOP_ITEM_VISION,RED_TEAM_JNG_ITEM_1,RED_TEAM_JNG_ITEM_2,RED_TEAM_JNG_ITEM_3,RED_TEAM_JNG_ITEM_4,RED_TEAM_JNG_ITEM_5,RED_TEAM_JNG_ITEM_6,RED_TEAM_JNG_ITEM_VISION,RED_TEAM_MID_ITEM_1,RED_TEAM_MID_ITEM_2,RED_TEAM_MID_ITEM_3,RED_TEAM_MID_ITEM_4,RED_TEAM_MID_ITEM_5,RED_TEAM_MID_ITEM_6,RED_TEAM_MID_ITEM_VISION,RED_TEAM_ADC_ITEM_1,RED_TEAM_ADC_ITEM_2,RED_TEAM_ADC_ITEM_3,RED_TEAM_ADC_ITEM_4,RED_TEAM_ADC_ITEM_5,RED_TEAM_ADC_ITEM_6,RED_TEAM_ADC_ITEM_VISION,RED_TEAM_SUP_ITEM_1,RED_TEAM_SUP_ITEM_2,RED_TEAM_SUP_ITEM_3,RED_TEAM_SUP_ITEM_4,RED_TEAM_SUP_ITEM_5,RED_TEAM_SUP_ITEM_6,RED_TEAM_SUP_ITEM_VISION,BLUE_TEAM_TOP_RUNE_01,BLUE_TEAM_TOP_RUNE_02,BLUE_TEAM_JNG_RUNE_01,BLUE_TEAM_JNG_RUNE_02,BLUE_TEAM_MID_RUNE_01,BLUE_TEAM_MID_RUNE_02,BLUE_TEAM_ADC_RUNE_01,BLUE_TEAM_ADC_RUNE_02,BLUE_TEAM_SUP_RUNE_01,BLUE_TEAM_SUP_RUNE_02,RED_TEAM_TOP_RUNE_01,RED_TEAM_TOP_RUNE_02,RED_TEAM_JNG_RUNE_01,RED_TEAM_JNG_RUNE_02,RED_TEAM_MID_RUNE_01,RED_TEAM_MID_RUNE_02,RED_TEAM_ADC_RUNE_01,RED_TEAM_ADC_RUNE_02,RED_TEAM_SUP_RUNE_01,RED_TEAM_SUP_RUNE_02,BLUE_TEAM_TOP_SUMMONER_01,BLUE_TEAM_TOP_SUMMONER_02,BLUE_TEAM_JNG_SUMMONER_01,BLUE_TEAM_JNG_SUMMONER_02,BLUE_TEAM_MID_SUMMONER_01,BLUE_TEAM_MID_SUMMONER_02,BLUE_TEAM_ADC_SUMMONER_01,BLUE_TEAM_ADC_SUMMONER_02,BLUE_TEAM_SUP_SUMMONER_01,BLUE_TEAM_SUP_SUMMONER_02,RED_TEAM_TOP_SUMMONER_01,RED_TEAM_TOP_SUMMONER_02,RED_TEAM_JNG_SUMMONER_01,RED_TEAM_JNG_SUMMONER_02,RED_TEAM_MID_SUMMONER_01,RED_TEAM_MID_SUMMONER_02,RED_TEAM_ADC_SUMMONER_01,RED_TEAM_ADC_SUMMONER_02,RED_TEAM_SUP_SUMMONER_01,RED_TEAM_SUP_SUMMONER_02,BLUE_TEAM_RIFT_HERALDS,BLUE_TEAM_VOID_GRUBS,BLUE_TEAM_INHIBITORS,RED_TEAM_RIFT_HERALDS,RED_TEAM_VOID_GRUBS,RED_TEAM_INHIBITORS
https://www.op.gg/summoners/euw/Foutriquet-EUW/matches/uRd1PvnOddoix4_GgHFyCjTx0fWCu-BlHKgVWzgP7oo%3D/1734523569000,1,26,22,22,26,41,41,67,64,25,19,3,1,1,0,11,2,4,1,60084,49735,14.4,13.4,908,801,34.1,30.0,10349,-10349,2257.1238095238095,1868.3518518518517,Camille,Teemo,Syndra,Corki,Poppy,Malphite,Lee Sin,Viktor,Caitlyn,Zac,Ravenous Hydra,Refillable Potion,Trinity Force,Mercury's Treads,Doran's Shield,Tunneler,Farsight Alteration,Liandry's Torment,Zhonya's Hourglass,Mejai's Soulstealer,Sorcerer's Shoes,Nashor's Tooth,Blighting Jewel,Oracle Lens,Dark Seal,Doran's Ring,Ionian Boots of Lucidity,Blackfire Torch,Liandry's Torment,Void Staff,Farsight Alteration,Doran's Blade,Muramana,Rapid Firecannon,Mercury's Treads,Trinity Force,Cloak of Agility,Farsight Alteration,Boots of Swiftness,Dead Man's Plate,Kaenic Rookern,Bloodsong,No_Item,No_Item,Oracle Lens,Refillable Potion,Kindlegem,Ruby Crystal,Sunfire Aegis,Abyssal Mask,Slightly Magical Footwear,Oracle Lens,Sundered Sky,Eclipse,Control Ward,Caulfield's Warhammer,Hexdrinker,Mercury's Treads,Stealth Ward,Shadowflame,Blackfire Torch,Liandry's Torment,Mercury's Treads,Doran's Ring,No_Item,Oracle Lens,Berserker's Greaves,Infinity Edge,The Collector,Lord Dominik's Regards,No_Item,No_Item,Farsight Alteration,Celestial Opposition,Zeke's Convergence,Abyssal Mask,Ionian Boots of Lucidity,Ruby Crystal,No_Item,Oracle Lens,Grasp of the Undying,Inspiration,Press the Attack,Inspiration,Electrocute,Sorcery,Conqueror,Inspiration,Aftershock,Inspiration,Grasp of the Undying,Inspiration,Conqueror,Inspiration,Summon Aery,Inspiration,Lethal Tempo,Sorcery,Aftershock,Precision,Teleport,Flash,Flash,Smite,Flash,Teleport,Flash,Barrier,Ignite,Flash,Teleport,Flash,Smite,Flash,Flash,Teleport,Flash,Barrier,Flash,Ignite,1,6,3,0,0,0
https://www.op.gg/summoners/euw/Foutriquet-EUW/matches/uRd1PvnOddptF4mmMPfeZiYkaem1USpyiZJL6eEPLgg%3D/1734521219000,1,18,9,9,18,15,24,32,33,6,6,0,0,0,0,6,1,0,0,36311,29562,10.2,9.8,571,486,34.3,29.2,6749,-6749,2178.66,1773.7199999999998,Gnar,Viego,Irelia,Viktor,Bard,Riven,Morgana,Jayce,Ziggs,Thresh,Doran's Blade,Trinity Force,Plated Steelcaps,Null-Magic Mantle,Recurve Bow,No_Item,Stealth Ward,No_Item,Tiamat,Tunneler,Kraken Slayer,Ruby Crystal,Slightly Magical Footwear,Eye of the Herald,Blade of The Ruined King,Hullbreaker,Wit's End,Doran's Blade,No_Item,Boots,Farsight Alteration,Doran's Ring,Luden's Companion,Sorcerer's Shoes,Refillable Potion,Amplifying Tome,Ruby Crystal,Farsight Alteration,Bloodsong,Mercury's Treads,Kindlegem,Forbidden Idol,Control Ward,No_Item,Oracle Lens,Eclipse,Tunneler,Ruby Crystal,Boots,No_Item,Doran's Blade,Stealth Ward,Scorchclaw Pup,Dark Seal,Liandry's Torment,Sorcerer's Shoes,Lost Chapter,No_Item,Stealth Ward,Doran's Blade,Slightly Magical Footwear,The Brutalizer,Serrated Dirk,Tear of the Goddess,Last Whisper,Stealth Ward,Doran's Ring,Luden's Companion,Amplifying Tome,Sorcerer's Shoes,Fiendish Codex,Fiendish Codex,Stealth Ward,Refillable Potion,Locket of the Iron Solari,Celestial Opposition,Control Ward,Ruby Crystal,Boots of Swiftness,Oracle Lens,Grasp of the Undying,Precision,Conqueror,Inspiration,Conqueror,Inspiration,Summon Aery,Resolve,Guardian,Domination,Conqueror,Inspiration,Dark Harvest,Inspiration,Conqueror,Inspiration,Arcane Comet,Precision,Glacial Augment,Resolve,Teleport,Flash,Smite,Flash,Flash,Teleport,Flash,Teleport,Ignite,Flash,Ignite,Flash,Flash,Smite,Teleport,Flash,Teleport,Flash,Ignite,Flash,1,6,0,0,0,0
https://www.op.gg/summoners/euw/Foutriquet-EUW/matches/uRd1PvnOddpwDDCZvlm2jJsOkcwJdy23U5IYLYf3oLc%3D/1734372651000,0,10,21,21,10,25,11,44,44,11,19,0,2,0,0,0,10,0,2,30932,43763,10.4,11.4,520,628,27.1,32.7,-12831,12831,1615.8507462686568,2286.126865671642,Tahm Kench,Wukong,Aatrox,Viktor,Ashe,Sylas,Xin Zhao,Irelia,Jinx,Lulu,Doran's Shield,Heartsteel,Refillable Potion,Plated Steelcaps,Ruby Crystal,No_Item,Stealth Ward,Gustwalker Hatchling,Trinity Force,Plated Steelcaps,Tunneler,Caulfield's Warhammer,No_Item,Stealth Ward,Doran's Blade,Refillable Potion,Plated Steelcaps,Hubris,Long Sword,No_Item,Stealth Ward,Sorcerer's Shoes,Fiendish Codex,Glowing Mote,Aether Wisp,Doran's Ring,Blackfire Torch,Farsight Alteration,Umbral Glaive,Control Ward,Bloodsong,Ionian Boots of Lucidity,Refillable Potion,Long Sword,Oracle Lens,Hextech Rocketbelt,Needlessly Large Rod,Dark Seal,Sorcerer's Shoes,Aether Wisp,Doran's Shield,Stealth Ward,Sundered Sky,Titanic Hydra,No_Item,No_Item,Slightly Magical Footwear,No_Item,Oracle Lens,Doran's Blade,Blade of The Ruined King,Plated Steelcaps,Hullbreaker,Steel Sigil,Caulfield's Warhammer,Oracle Lens,Doran's Blade,Yun Tal Wildarrows,Infinity Edge,Cloak of Agility,Berserker's Greaves,Cull,Farsight Alteration,Dream Maker,No_Item,Kindlegem,Moonstone Renewer,Ionian Boots of Lucidity,Forbidden Idol,Oracle Lens,Grasp of the Undying,Inspiration,Conqueror,Inspiration,Conqueror,Resolve,Phase Rush,Resolve,Hail of Blades,Inspiration,Conqueror,Resolve,Conqueror,Inspiration,Conqueror,Resolve,Lethal Tempo,Sorcery,Summon Aery,Resolve,Flash,Teleport,Flash,Smite,Flash,Ignite,Flash,Teleport,Flash,Heal,Flash,Teleport,Smite,Flash,Flash,Teleport,Cleanse,Flash,Flash,Heal,0,0,0,1,6,2
https://www.op.gg/summoners/euw/Foutriquet-EUW/matches/uRd1PvnOddoIA3z3d5zxfGcyUqkROcQ-Ee_0o2TpIrU%3D/1734370828000,1,33,24,24,34,46,56,72,62,25,29,3,2,2,0,10,3,5,2,70624,58335,16.4,15.2,948,962,29.4,29.8,12289,-12289,2201.2675324675324,1818.2337662337661,Jax,Wukong,Syndra,Draven,Renata Glasc,Corki,Volibear,Tahm Kench,Cassiopeia,Senna,Wit's End,Sundered Sky,Trinity Force,Sterak's Gage,Boots of Swiftness,No_Item,Stealth Ward,Sterak's Gage,No_Item,No_Item,Sundered Sky,Plated Steelcaps,Trinity Force,Oracle Lens,Void Staff,Stormsurge,Sorcerer's Shoes,Luden's Companion,Shadowflame,No_Item,Farsight Alteration,Zephyr,Lord Dominik's Regards,The Collector,Infinity Edge,Phantom Dancer,Vampiric Scepter,Farsight Alteration,Shurelya's Battlesong,Solstice Sleigh,Redemption,Boots of Swiftness,Oblivion Orb,Watchful Wardstone,Oracle Lens,Trinity Force,Lord Dominik's Regards,Plated Steelcaps,Muramana,Rapid Firecannon,No_Item,Stealth Ward,Kindlegem,Boots of Swiftness,Randuin's Omen,Dead Man's Plate,Bramble Vest,Spirit Visage,Oracle Lens,Unending Despair,Heartsteel,No_Item,Plated Steelcaps,Glacial Buckler,Warden's Mail,Oracle Lens,Rabadon's Deathcap,Shattered Armguard,Control Ward,Rylai's Crystal Scepter,Doran's Ring,Seraph's Embrace,Farsight Alteration,Bloodsong,Black Cleaver,Runaan's Hurricane,Pickaxe,Cloak of Agility,Plated Steelcaps,Oracle Lens,Lethal Tempo,Inspiration,Conqueror,Inspiration,Summon Aery,Precision,Lethal Tempo,Domination,Summon Aery,Inspiration,Conqueror,Inspiration,Press the Attack,Sorcery,Grasp of the Undying,Inspiration,Conqueror,Sorcery,Grasp of the Undying,Precision,Teleport,Flash,Flash,Smite,Teleport,Flash,Barrier,Flash,Flash,Heal,Flash,Teleport,Smite,Ghost,Flash,Teleport,Flash,Teleport,Flash,Heal,1,5,2,0,1,0
https://www.op.gg/summoners/euw/Foutriquet-EUW/matches/uRd1PvnOddrzcy0YVMzYmNJUHbDP6B7wJcORifFzFFk%3D/1734116569000,0,42,37,37,42,63,63,97,104,51,45,3,2,1,0,6,8,4,2,68200,68568,15.6,16.6,926,1007,27.7,30.0,-368,368,2028.2527881040892,2039.1970260223047,Aurora,Viego,LeBlanc,Varus,Pyke,Qiyana,Xin Zhao,Katarina,Veigar,Rakan,Horizon Focus,Zhonya's Hourglass,Blighting Jewel,Ionian Boots of Lucidity,Dark Seal,Luden's Companion,Oracle Lens,Sundered Sky,Kraken Slayer,Steel Sigil,Mercury's Treads,Sterak's Gage,Caulfield's Warhammer,Oracle Lens,Void Staff,Rabadon's Deathcap,Mejai's Soulstealer,Banshee's Veil,Luden's Companion,Sorcerer's Shoes,Oracle Lens,Youmuu's Ghostblade,Ionian Boots of Lucidity,No_Item,Muramana,Serylda's Grudge,Opportunity,Farsight Alteration,Umbral Glaive,Boots of Swiftness,Celestial Opposition,Edge of Night,Serrated Dirk,Rectrix,Oracle Lens,Serylda's Grudge,Death's Dance,Youmuu's Ghostblade,Ionian Boots of Lucidity,Hubris,Edge of Night,Oracle Lens,Sundered Sky,Titanic Hydra,Kindlegem,Spectre's Cowl,Mercury's Treads,Sterak's Gage,Oracle Lens,Lich Bane,Seeker's Armguard,Sorcerer's Shoes,Shadowflame,Dark Seal,Needlessly Large Rod,Farsight Alteration,Rod of Ages,Fimbulwinter,No_Item,Verdant Barrier,Rabadon's Deathcap,Ionian Boots of Lucidity,Farsight Alteration,Celestial Opposition,Control Ward,Locket of the Iron Solari,Knight's Vow,Mercury's Treads,Negatron Cloak,Oracle Lens,Electrocute,Precision,Conqueror,Inspiration,Electrocute,Sorcery,Arcane Comet,Inspiration,Hail of Blades,Resolve,Electrocute,Precision,Conqueror,Inspiration,Conqueror,Resolve,Summon Aery,Inspiration,Guardian,Domination,Teleport,Flash,Smite,Flash,Teleport,Flash,Teleport,Flash,Ignite,Flash,Flash,Teleport,Smite,Flash,Flash,Teleport,Flash,Teleport,Flash,Ignite,1,6,1,0,0,1
https://www.op.gg/summoners/euw/Foutriquet-EUW/matches/uRd1PvnOddq-DlynjCYCyqNLH3SxdoWgGafu6IfB3L4%3D/1734041933000,1,45,31,31,45,36,70,88,119,37,35,1,4,1,1,10,9,2,5,75579,69973,17.4,16.0,1073,1088,31.9,32.4,5606,-5606,2242.177,2075.865666666667,Aurora,Kindred,LeBlanc,Jhin,Bard,Irelia,Wukong,Orianna,Kog'Maw,Rakan,Sorcerer's Shoes,Liandry's Torment,Oblivion Orb,Void Staff,Cosmic Drive,Amplifying Tome,Farsight Alteration,Trinity Force,Kraken Slayer,Hullbreaker,Wit's End,Mercury's Treads,Black Cleaver,Oracle Lens,Rabadon's Deathcap,Needlessly Large Rod,Void Staff,Luden's Companion,Sorcerer's Shoes,Stormsurge,Oracle Lens,Zeal,Boots of Swiftness,Infinity Edge,The Collector,Lord Dominik's Regards,No_Item,Farsight Alteration,Dead Man's Plate,Bloodsong,Negatron Cloak,Spectre's Cowl,Statikk Shiv,Boots of Swiftness,Oracle Lens,Kraken Slayer,Blade of The Ruined King,Mercury's Treads,Hullbreaker,Wit's End,Pickaxe,Stealth Ward,Sundered Sky,Trinity Force,Pickaxe,Sterak's Gage,Steel Sigil,Mercury's Treads,Oracle Lens,Verdant Barrier,Luden's Companion,Sorcerer's Shoes,Rabadon's Deathcap,Needlessly Large Rod,Shadowflame,Farsight Alteration,Seraph's Embrace,Luden's Companion,Rabadon's Deathcap,Sorcerer's Shoes,Shadowflame,No_Item,Farsight Alteration,Ionian Boots of Lucidity,Locket of the Iron Solari,Control Ward,Celestial Opposition,Kindlegem,Zeke's Convergence,Oracle Lens,Grasp of the Undying,Precision,Press the Attack,Domination,Electrocute,Sorcery,Fleet Footwork,Sorcery,Guardian,Inspiration,Conqueror,Resolve,Conqueror,Inspiration,Summon Aery,Resolve,Arcane Comet,Precision,Guardian,Domination,Flash,Teleport,Smite,Flash,Teleport,Flash,Flash,Barrier,Flash,Ignite,Teleport,Flash,Smite,Flash,Flash,Teleport,Flash,Teleport,Flash,Heal,0,3,1,1,3,3
https://www.op.gg/summoners/euw/Foutriquet-EUW/matches/uRd1PvnOddq-Dj9vJ5Xs5JPTOi22mXSLc1FDmHEklDw%3D/1734038699000,1,19,17,17,19,27,35,53,60,18,10,2,0,0,0,5,2,2,0,44039,39051,12.4,11.8,693,625,30.5,27.5,4988,-4988,1945.9093023255814,1725.5093023255813,Taliyah,Wukong,K'Sante,Corki,Leona,Anivia,Xin Zhao,Yasuo,Swain,Rell,Sorcerer's Shoes,Doran's Ring,Seraph's Embrace,Dark Seal,Liandry's Torment,No_Item,Stealth Ward,Black Cleaver,Trinity Force,Control Ward,Slightly Magical Footwear,Null-Magic Mantle,No_Item,Oracle Lens,Force of Nature,Doran's Shield,Boots of Swiftness,Negatron Cloak,Chain Vest,Ruby Crystal,Stealth Ward,Doran's Blade,Boots of Swiftness,Rapid Firecannon,Trinity Force,Muramana,Pickaxe,Farsight Alteration,Bloodsong,Plated Steelcaps,Zeke's Convergence,Kindlegem,Control Ward,Null-Magic Mantle,Oracle Lens,Doran's Ring,Amplifying Tome,Tear of the Goddess,Sorcerer's Shoes,Rod of Ages,Fiendish Codex,Farsight Alteration,Phage,Sundered Sky,Kindlegem,No_Item,No_Item,Plated Steelcaps,Oracle Lens,Doran's Shield,Blade of The Ruined King,Cloak of Agility,Immortal Shieldbow,Control Ward,Berserker's Greaves,Farsight Alteration,Doran's Ring,Blackfire Torch,Sorcerer's Shoes,Cosmic Drive,Blasting Wand,Amplifying Tome,Farsight Alteration,Bloodsong,Locket of the Iron Solari,Zeke's Convergence,Ruby Crystal,Ionian Boots of Lucidity,Control Ward,Oracle Lens,Phase Rush,Precision,Conqueror,Inspiration,Grasp of the Undying,Precision,Conqueror,Inspiration,Aftershock,Inspiration,Arcane Comet,Precision,Conqueror,Inspiration,Fleet Footwork,Resolve,Conqueror,Resolve,Aftershock,Inspiration,Flash,Teleport,Smite,Flash,Teleport,Flash,Flash,Teleport,Flash,Ignite,Flash,Teleport,Flash,Smite,Flash,Teleport,Teleport,Flash,Flash,Ignite,1,1,0,0,5,0
https://www.op.gg/summoners/euw/Foutriquet-EUW/matches/uRd1PvnOddqkN5bmBd1s08o8yaMG3HPYtcsGSemiNqA%3D/1734035043000,0,20,29,29,20,51,38,68,80,22,28,0,4,0,1,5,9,0,5,48734,61796,13.0,15.0,724,897,26.2,32.6,-13062,13062,1774.7063583815027,2250.374566473988,Kennen,Vi,Garen,Caitlyn,Lulu,Heimerdinger,Wukong,Akali,Draven,Rell,Hextech Rocketbelt,Shadowflame,Doran's Ring,Sorcerer's Shoes,Dark Seal,Needlessly Large Rod,Oracle Lens,Sterak's Gage,Sundered Sky,No_Item,Long Sword,Ruby Crystal,Plated Steelcaps,Oracle Lens,Stridebreaker,Executioner's Calling,Doran's Shield,Boots of Swiftness,Phantom Dancer,Cloak of Agility,Stealth Ward,The Collector,Rapid Firecannon,Infinity Edge,Berserker's Greaves,Long Sword,Doran's Blade,Farsight Alteration,Redemption,Dream Maker,Ionian Boots of Lucidity,Ruby Crystal,Control Ward,Moonstone Renewer,Oracle Lens,Malignance,Fated Ashes,Doran's Ring,Rylai's Crystal Scepter,Haunting Guise,Sorcerer's Shoes,Stealth Ward,No_Item,Trinity Force,Sterak's Gage,Boots of Swiftness,Sundered Sky,Long Sword,Stealth Ward,Needlessly Large Rod,Needlessly Large Rod,Dark Seal,Stormsurge,Shadowflame,Boots,Oracle Lens,Guardian Angel,The Collector,Noonquiver,Infinity Edge,Bloodthirster,Berserker's Greaves,Farsight Alteration,Celestial Opposition,Locket of the Iron Solari,No_Item,Ionian Boots of Lucidity,Trailblazer,Ruby Crystal,Oracle Lens,Electrocute,Sorcery,Conqueror,Inspiration,Phase Rush,Resolve,Lethal Tempo,Sorcery,Summon Aery,Resolve,Electrocute,Sorcery,Conqueror,Inspiration,Electrocute,Resolve,Lethal Tempo,Domination,Aftershock,Inspiration,Flash,Teleport,Flash,Smite,Flash,Ignite,Flash,Cleanse,Flash,Heal,Teleport,Flash,Flash,Smite,Ignite,Flash,Flash,Barrier,Ignite,Flash,0,6,0,0,0,1
https://www.op.gg/summoners/euw/Foutriquet-EUW/matches/uRd1PvnOddobfcJenClUJzkoUEU87dv0p-WJFdzeYsI%3D/1733862624000,1,35,36,36,35,68,75,58,92,24,20,2,0,0,2,8,8,2,2,66131,64713,15.2,15.4,925,813,29.4,26.0,1418,-1418,2104.168181818182,2059.05,Sion,Skarner,Akali,Draven,Nautilus,Gwen,Ivern,Qiyana,Ezreal,Leona,Tunneler,Hollow Radiance,Giant's Belt,Unending Despair,Spirit Visage,Boots of Swiftness,Oracle Lens,Mercury's Treads,Heartsteel,Tunneler,Abyssal Mask,Unending Despair,Bramble Vest,Oracle Lens,Needlessly Large Rod,Needlessly Large Rod,Riftmaker,Dead Man's Plate,Sorcerer's Shoes,Abyssal Mask,Oracle Lens,Infinity Edge,The Collector,Lord Dominik's Regards,Berserker's Greaves,Vampiric Scepter,Immortal Shieldbow,Farsight Alteration,Bloodsong,Plated Steelcaps,Locket of the Iron Solari,Knight's Vow,Kindlegem,Control Ward,Oracle Lens,Rabadon's Deathcap,Nashor's Tooth,Dark Seal,Ionian Boots of Lucidity,Riftmaker,Void Staff,Stealth Ward,Moonstone Renewer,Staff of Flowing Water,Redemption,Ionian Boots of Lucidity,Dawncore,Dark Seal,Oracle Lens,Eclipse,Profane Hydra,Serpent's Fang,Mercury's Treads,Black Cleaver,Tunneler,Oracle Lens,Doran's Blade,Trinity Force,Serylda's Grudge,Muramana,Ionian Boots of Lucidity,Zeal,Farsight Alteration,Locket of the Iron Solari,Bloodsong,Control Ward,Boots of Swiftness,Zeke's Convergence,Giant's Belt,Oracle Lens,Grasp of the Undying,Inspiration,Aftershock,Inspiration,Conqueror,Resolve,Lethal Tempo,Domination,Aftershock,Inspiration,Conqueror,Resolve,Summon Aery,Inspiration,Conqueror,Sorcery,Press the Attack,Inspiration,Aftershock,Domination,Flash,Teleport,Smite,Flash,Ignite,Teleport,Flash,Barrier,Flash,Ignite,Ghost,Teleport,Flash,Smite,Flash,Teleport,Flash,Barrier,Flash,Ignite,0,6,1,0,0,1
https://www.op.gg/summoners/euw/Foutriquet-EUW/matches/uRd1PvnOddp0gAAX7X1Rs4zWhnsndprOjhhpUO9xF7E%3D/1733763860000,0,11,24,24,11,39,15,46,50,9,17,0,3,0,1,3,6,0,4,40776,52517,12.6,13.8,747,838,33.4,37.4,-11741,11741,1818.9294117647057,2342.6700980392156,Fiora,Lee Sin,Yasuo,Hwei,Zilean,Tryndamere,Viego,Ahri,Draven,Lulu,Ravenous Hydra,Plated Steelcaps,Phage,Long Sword,Long Sword,Doran's Blade,Stealth Ward,Sundered Sky,Eclipse,Tunneler,Pickaxe,Slightly Magical Footwear,Ruby Crystal,Stealth Ward,Doran's Shield,B. F. Sword,Pickaxe,Immortal Shieldbow,Blade of The Ruined King,Berserker's Greaves,Farsight Alteration,Doran's Ring,Sorcerer's Shoes,Refillable Potion,Luden's Companion,Hextech Alternator,Aether Wisp,Farsight Alteration,Solstice Sleigh,Ionian Boots of Lucidity,Archangel's Staff,Amplifying Tome,No_Item,Control Ward,Oracle Lens,Ravenous Hydra,Recurve Bow,Navori Flickerblade,Berserker's Greaves,Executioner's Calling,Vampiric Scepter,Stealth Ward,Kraken Slayer,Titanic Hydra,No_Item,Ruby Crystal,Plated Steelcaps,No_Item,Oracle Lens,Seeker's Armguard,Ionian Boots of Lucidity,Horizon Focus,Doran's Ring,Malignance,Mejai's Soulstealer,Oracle Lens,Phantom Dancer,Bloodthirster,Doran's Blade,Berserker's Greaves,Infinity Edge,The Collector,Farsight Alteration,Dream Maker,Shurelya's Battlesong,Ruby Crystal,Ardent Censer,Boots of Swiftness,Forbidden Idol,Oracle Lens,Grasp of the Undying,Inspiration,Conqueror,Inspiration,Fleet Footwork,Resolve,Arcane Comet,Precision,Summon Aery,Resolve,Fleet Footwork,Resolve,Conqueror,Inspiration,Electrocute,Sorcery,Lethal Tempo,Domination,Summon Aery,Precision,Teleport,Flash,Flash,Smite,Flash,Teleport,Flash,Teleport,Heal,Flash,Flash,Ignite,Smite,Flash,Flash,Teleport,Cleanse,Flash,Flash,Heal,1,6,0,0,0,0
https://www.op.gg/summoners/euw/Foutriquet-EUW/matches/uRd1PvnOddqEYFXPaPXQ3B_-RBgHVz1EksOZLerS5rQ%3D/1733761834000,1,28,16,16,28,17,48,74,59,13,17,1,2,1,0,10,3,2,2,57647,45400,14.4,13.0,834,794,32.2,30.400000000000002,12247,-12247,2215.4533333333334,1744.7843137254902,K'Sante,Lee Sin,Syndra,Corki,Leona,Zilean,Wukong,Azir,Ezreal,Neeko,Mercury's Treads,Kaenic Rookern,Spirit Visage,Thornmail,Dead Man's Plate,No_Item,Stealth Ward,Sundered Sky,Eclipse,Control Ward,Pickaxe,Slightly Magical Footwear,Phage,Stealth Ward,No_Item,Stormsurge,Shadowflame,Luden's Companion,Amplifying Tome,Mercury's Treads,Farsight Alteration,Maw of Malmortius,No_Item,Trinity Force,Muramana,Mercury's Treads,No_Item,Farsight Alteration,Knight's Vow,Locket of the Iron Solari,Celestial Opposition,Mercury's Treads,No_Item,No_Item,Oracle Lens,Doran's Ring,Seraph's Embrace,Ionian Boots of Lucidity,Frozen Heart,Amplifying Tome,Glowing Mote,Stealth Ward,Trinity Force,Sundered Sky,Mercury's Treads,Sterak's Gage,No_Item,No_Item,Oracle Lens,Liandry's Torment,Nashor's Tooth,Mercury's Treads,Blasting Wand,Amplifying Tome,Doran's Ring,Stealth Ward,Long Sword,Long Sword,Doran's Blade,Ionian Boots of Lucidity,Muramana,Trinity Force,Farsight Alteration,Zaz'Zak's Realmspike,Hextech Rocketbelt,Sorcerer's Shoes,Seeker's Armguard,No_Item,No_Item,Oracle Lens,Aftershock,Inspiration,Conqueror,Inspiration,Arcane Comet,Inspiration,Conqueror,Inspiration,Aftershock,Inspiration,Summon Aery,Inspiration,Conqueror,Inspiration,Conqueror,Sorcery,Press the Attack,Inspiration,Arcane Comet,Inspiration,Flash,Teleport,Smite,Flash,Teleport,Flash,Flash,Barrier,Flash,Ignite,Teleport,Flash,Flash,Smite,Flash,Teleport,Flash,Cleanse,Ignite,Flash,1,3,1,0,3,0
https://www.op.gg/summoners/euw/Foutriquet-EUW/matches/uRd1PvnOddpHqIYOHHtOGg_S9EChyRfR2Rd93vY1FX8%3D/1733674309000,0,20,19,19,20,46,49,62,71,32,24,2,1,0,1,2,9,2,2,46953,57165,13.0,14.2,744,880,27.5,32.4,-10212,10212,1743.9685714285715,2123.2714285714287,Zilean,Xin Zhao,Orianna,Ashe,Lulu,Irelia,Jarvan IV,Taliyah,Ezreal,Karma,Doran's Ring,Seraph's Embrace,Frozen Heart,Ionian Boots of Lucidity,Oblivion Orb,Control Ward,Stealth Ward,Sundered Sky,Titanic Hydra,Control Ward,Pickaxe,Plated Steelcaps,Tunneler,Oracle Lens,Doran's Ring,Shadowflame,Luden's Companion,Stormsurge,No_Item,Sorcerer's Shoes,Farsight Alteration,Mortal Reminder,Runaan's Hurricane,No_Item,Kraken Slayer,Berserker's Greaves,Doran's Blade,Farsight Alteration,Dream Maker,Boots of Swiftness,Ardent Censer,Aether Wisp,Dark Seal,Bandleglass Mirror,Oracle Lens,Caulfield's Warhammer,Wit's End,Steel Sigil,Blade of The Ruined King,Plated Steelcaps,Hullbreaker,Farsight Alteration,Eclipse,Sundered Sky,No_Item,Ionian Boots of Lucidity,Spirit Visage,No_Item,Stealth Ward,Sorcerer's Shoes,Zhonya's Hourglass,Luden's Companion,No_Item,Liandry's Torment,Dark Seal,Farsight Alteration,Serpent's Fang,Muramana,Trinity Force,No_Item,Ionian Boots of Lucidity,No_Item,Farsight Alteration,No_Item,Solstice Sleigh,Mikael's Blessing,Ruby Crystal,Ionian Boots of Lucidity,Moonstone Renewer,Oracle Lens,Summon Aery,Resolve,Conqueror,Inspiration,Summon Aery,Inspiration,Lethal Tempo,Inspiration,Summon Aery,Resolve,Conqueror,Inspiration,Conqueror,Inspiration,Phase Rush,Precision,Press the Attack,Inspiration,Summon Aery,Resolve,Teleport,Flash,Smite,Flash,Teleport,Flash,Flash,Barrier,Flash,Heal,Flash,Teleport,Flash,Smite,Teleport,Flash,Flash,Barrier,Heal,Flash,0,1,0,1,5,1
https://www.op.gg/summoners/euw/Foutriquet-EUW/matches/uRd1PvnOddo-z4KADukiJl0rLL5BQnG_xzokZHHYpzE%3D/1733672175000,0,19,26,26,19,50,25,64,42,8,14,0,2,0,1,3,9,0,3,43060,51974,11.8,13.8,683,720,28.7,30.3,-8914,8914,1809.7681159420288,2184.414492753623,Zilean,Udyr,Yone,Caitlyn,Karma,Irelia,Jarvan IV,Viktor,Ashe,Rek'Sai,Doran's Ring,Cosmic Drive,Seraph's Embrace,Ionian Boots of Lucidity,No_Item,Control Ward,Stealth Ward,Unending Despair,Liandry's Torment,Plated Steelcaps,Control Ward,Ruby Crystal,No_Item,Oracle Lens,Immortal Shieldbow,Blade of The Ruined King,Berserker's Greaves,Doran's Shield,Recurve Bow,No_Item,Stealth Ward,The Collector,Refillable Potion,Lord Dominik's Regards,Slightly Magical Footwear,Infinity Edge,Control Ward,Farsight Alteration,Dream Maker,Mikael's Blessing,Redemption,Control Ward,Boots,No_Item,Oracle Lens,Doran's Blade,Hullbreaker,Blade of The Ruined King,Plated Steelcaps,Wit's End,Steel Sigil,Farsight Alteration,Sundered Sky,Eclipse,Control Ward,Plated Steelcaps,Cloth Armor,Cloth Armor,Oracle Lens,Ionian Boots of Lucidity,Dark Seal,Stormsurge,Lich Bane,Shadowflame,Amplifying Tome,Farsight Alteration,Berserker's Greaves,Phantom Dancer,Doran's Blade,Kraken Slayer,Cloak of Agility,No_Item,Farsight Alteration,Bloodsong,Locket of the Iron Solari,Refillable Potion,Synchronized Souls,Serpent's Fang,No_Item,Oracle Lens,Summon Aery,Resolve,Conqueror,Sorcery,Lethal Tempo,Resolve,Hail of Blades,Inspiration,Summon Aery,Resolve,Conqueror,Inspiration,Conqueror,Inspiration,Summon Aery,Resolve,Lethal Tempo,Inspiration,Aftershock,Precision,Teleport,Flash,Flash,Smite,Flash,Teleport,Flash,Barrier,Flash,Heal,Flash,Teleport,Smite,Flash,Flash,Teleport,Flash,Barrier,Ignite,Flash,0,3,0,1,3,1
https://www.op.gg/summoners/euw/Foutriquet-EUW/matches/uRd1PvnOddoUw8Lr6_4LDo2zQfpJLF2D_IJ2jvR2m6w%3D/1733669536000,1,29,32,32,29,56,73,110,88,27,42,2,3,0,2,11,4,2,5,71337,70770,16.6,16.8,1072,1024,30.4,29.1,567,-567,2020.1628318584071,2004.1061946902655,Dr. Mundo,Elise,Orianna,Caitlyn,Leona,Shen,Vi,Zoe,Draven,Alistar,Spirit Visage,Heartsteel,Warmog's Armor,Boots of Swiftness,Unending Despair,Bramble Vest,Oracle Lens,Sorcerer's Shoes,No_Item,Lich Bane,Shadowflame,Needlessly Large Rod,No_Item,Oracle Lens,Sorcerer's Shoes,Shadowflame,Lich Bane,Needlessly Large Rod,Needlessly Large Rod,Seraph's Embrace,Farsight Alteration,The Collector,Infinity Edge,Rapid Firecannon,Bloodthirster,Boots,Mortal Reminder,Farsight Alteration,Locket of the Iron Solari,Giant's Belt,Control Ward,Bloodsong,Knight's Vow,Plated Steelcaps,Oracle Lens,Dead Man's Plate,Redemption,Mikael's Blessing,Hollow Radiance,Mercury's Treads,Kindlegem,Stealth Ward,Sterak's Gage,Sundered Sky,Black Cleaver,Mercury's Treads,Executioner's Calling,Ruby Crystal,Oracle Lens,Dark Seal,Stormsurge,Cryptbloom,Luden's Companion,Lich Bane,Sorcerer's Shoes,Stealth Ward,Rapid Firecannon,The Collector,Bloodthirster,Berserker's Greaves,Infinity Edge,Lord Dominik's Regards,Farsight Alteration,Celestial Opposition,Locket of the Iron Solari,Control Ward,Warmog's Armor,Warden's Mail,Boots of Swiftness,Oracle Lens,Grasp of the Undying,Inspiration,Dark Harvest,Sorcery,Conqueror,Sorcery,Hail of Blades,Sorcery,Aftershock,Domination,Grasp of the Undying,Domination,Conqueror,Inspiration,Dark Harvest,Inspiration,Lethal Tempo,Domination,Aftershock,Inspiration,Ghost,Teleport,Flash,Smite,Flash,Teleport,Barrier,Flash,Ignite,Flash,Flash,Ignite,Smite,Flash,Ignite,Flash,Flash,Cleanse,Ignite,Flash,1,6,4,0,0,1
https://www.op.gg/summoners/euw/Foutriquet-EUW/matches/uRd1PvnOddodA8ZdanfoYSKIYo_hUqscnzU6SKVIMqA%3D/1733666827000,0,23,43,43,23,72,21,83,85,22,30,1,4,0,2,5,11,1,6,60079,78949,15.2,17.0,987,993,28.8,29.0,-18870,18870,1752.3041666666668,2302.679166666667,Wukong,Nocturne,Hwei,Sivir,Bard,Twisted Fate,Jarvan IV,LeBlanc,Kalista,Zoe,Hexdrinker,Trinity Force,Death's Dance,Mercury's Treads,Sundered Sky,No_Item,Stealth Ward,Profane Hydra,Opportunity,Edge of Night,Axiom Arc,Ionian Boots of Lucidity,No_Item,Farsight Alteration,Stormsurge,Luden's Companion,Mercury's Treads,Horizon Focus,No_Item,Dark Seal,Farsight Alteration,Essence Reaver,Infinity Edge,Lord Dominik's Regards,Vampiric Scepter,Doran's Blade,Berserker's Greaves,Farsight Alteration,Dead Man's Plate,Mercury's Treads,Bloodsong,Statikk Shiv,Negatron Cloak,Null-Magic Mantle,Oracle Lens,Zhonya's Hourglass,Rapid Firecannon,Rod of Ages,Ionian Boots of Lucidity,Lich Bane,Aether Wisp,Oracle Lens,Mercury's Treads,Eclipse,Frozen Heart,Sundered Sky,Spirit Visage,Tunneler,Oracle Lens,Shattered Armguard,Luden's Companion,Void Staff,Sorcerer's Shoes,Mejai's Soulstealer,Shadowflame,Oracle Lens,Doran's Blade,Guardian Angel,Opportunity,Edge of Night,Serylda's Grudge,Berserker's Greaves,Farsight Alteration,Zaz'Zak's Realmspike,No_Item,Cryptbloom,Horizon Focus,Synchronized Souls,Luden's Companion,Oracle Lens,Grasp of the Undying,Precision,Electrocute,Inspiration,Arcane Comet,Precision,Lethal Tempo,Sorcery,Guardian,Inspiration,Electrocute,Inspiration,Conqueror,Inspiration,Electrocute,Sorcery,Hail of Blades,Precision,First Strike,Sorcery,Flash,Teleport,Smite,Flash,Flash,Teleport,Flash,Barrier,Ignite,Flash,Teleport,Flash,Smite,Flash,Teleport,Ignite,Flash,Barrier,Ignite,Flash,0,3,0,1,3,2
https://www.op.gg/summoners/euw/Foutriquet-EUW/matches/uRd1PvnOddqrRPwHPX3lRdWNv_5PcyKx9yN96MV6GeM%3D/1733660529000,1,36,23,23,36,41,57,68,80,32,25,2,2,1,0,9,3,3,2,59543,48231,14.2,13.2,724,730,27.7,28.0,11312,-11312,2279.157894736842,1846.1626794258373,Renekton,Jax,Ornn,Jinx,Lulu,Ambessa,Kindred,Aurora,Varus,Rakan,Sterak's Gage,Black Cleaver,Tunneler,Eclipse,Ruby Crystal,Plated Steelcaps,Stealth Ward,Plated Steelcaps,Stridebreaker,Control Ward,Tunneler,Ruby Crystal,Trinity Force,Stealth Ward,Hollow Radiance,Warmog's Armor,Control Ward,Doran's Shield,Mercury's Treads,Warden's Mail,Farsight Alteration,Infinity Edge,The Collector,Berserker's Greaves,Phantom Dancer,Cloak of Agility,Last Whisper,Farsight Alteration,Dream Maker,Shurelya's Battlesong,Control Ward,Redemption,Ardent Censer,Boots of Swiftness,Oracle Lens,Black Cleaver,Doran's Shield,Long Sword,Eclipse,Cloth Armor,Plated Steelcaps,Oracle Lens,The Collector,Kraken Slayer,Plated Steelcaps,Infinity Edge,No_Item,No_Item,Oracle Lens,Blighting Jewel,Malignance,Ionian Boots of Lucidity,Dark Seal,Liandry's Torment,No_Item,Stealth Ward,Serpent's Fang,Youmuu's Ghostblade,Muramana,Doran's Blade,Boots of Swiftness,No_Item,Farsight Alteration,Celestial Opposition,Zeke's Convergence,Locket of the Iron Solari,Ionian Boots of Lucidity,Kindlegem,Control Ward,Oracle Lens,Press the Attack,Resolve,Conqueror,Inspiration,Unsealed Spellbook,Resolve,Lethal Tempo,Domination,Summon Aery,Precision,Grasp of the Undying,Domination,Press the Attack,Domination,Arcane Comet,Precision,Arcane Comet,Precision,Guardian,Domination,Teleport,Flash,Smite,Flash,Flash,Teleport,Flash,Barrier,Flash,Heal,Teleport,Flash,Flash,Smite,Flash,Teleport,Flash,Barrier,Flash,Heal,1,5,2,0,1,0
https://www.op.gg/summoners/euw/Foutriquet-EUW/matches/uRd1PvnOddpL6iqekSV68FBGirMBqPpibLOObV7yd9c%3D/1732545975000,0,16,38,38,16,80,23,58,72,26,21,1,3,0,1,5,10,1,4,52698,63777,13.6,15.4,901,871,31.400000000000002,30.3,-11079,11079,1842.0982300884955,2229.3730088495577,Urgot,Wukong,Ahri,Kai'Sa,Alistar,Malphite,Nocturne,Orianna,Corki,Rell,No_Item,Doran's Blade,Black Cleaver,Hullbreaker,Sterak's Gage,Mercury's Treads,Oracle Lens,Sundered Sky,Trinity Force,Pickaxe,Tunneler,Mercury's Treads,Ruby Crystal,Oracle Lens,Horizon Focus,Rabadon's Deathcap,No_Item,Malignance,No_Item,Ionian Boots of Lucidity,Oracle Lens,Guinsoo's Rageblade,Zhonya's Hourglass,Statikk Shiv,Dagger,No_Item,Berserker's Greaves,Farsight Alteration,Locket of the Iron Solari,Zeke's Convergence,Boots of Swiftness,No_Item,Celestial Opposition,No_Item,Oracle Lens,Sunfire Aegis,Shattered Armguard,Dark Seal,Sorcerer's Shoes,Doran's Ring,Malignance,Stealth Ward,Experimental Hexplate,Stridebreaker,Control Ward,Plated Steelcaps,Tunneler,Ruby Crystal,Oracle Lens,Needlessly Large Rod,Ionian Boots of Lucidity,Luden's Companion,Void Staff,Dark Seal,Horizon Focus,Farsight Alteration,Trinity Force,Muramana,Infinity Edge,Mortal Reminder,Rapid Firecannon,Plated Steelcaps,Farsight Alteration,Celestial Opposition,Ionian Boots of Lucidity,Knight's Vow,No_Item,Null-Magic Mantle,Zeke's Convergence,Oracle Lens,Press the Attack,Resolve,Conqueror,Inspiration,Electrocute,Sorcery,Lethal Tempo,Inspiration,Phase Rush,Inspiration,Arcane Comet,Resolve,Conqueror,Domination,Summon Aery,Precision,Conqueror,Inspiration,Aftershock,Inspiration,Flash,Teleport,Smite,Flash,Flash,Teleport,Barrier,Flash,Ignite,Flash,Flash,Teleport,Smite,Flash,Teleport,Flash,Flash,Barrier,Flash,Ignite,0,2,0,1,4,2
https://www.op.gg/summoners/euw/Foutriquet-EUW/matches/uRd1PvnOddpDJWxYr8Lk6iFY6tlCutzBDCytmlXo5HQ%3D/1732543184000,1,19,16,16,19,32,35,49,77,22,22,1,2,0,0,7,2,1,2,47246,47805,12.8,12.8,758,821,30.3,32.8,-559,559,1885.0676767676769,1907.3712121212122,Gragas,Skarner,Sylas,Aphelios,Thresh,K'Sante,Vi,Syndra,Jinx,Pyke,Fiendish Codex,Lost Chapter,Blighting Jewel,Hextech Rocketbelt,Cosmic Drive,Boots of Swiftness,Farsight Alteration,No_Item,Plated Steelcaps,Heartsteel,Thornmail,No_Item,No_Item,Oracle Lens,Cloth Armor,Hextech Rocketbelt,Cosmic Drive,Dark Seal,Mercury's Treads,Doran's Ring,Oracle Lens,Doran's Blade,The Collector,Berserker's Greaves,Infinity Edge,Long Sword,Cloak of Agility,Farsight Alteration,Celestial Opposition,Locket of the Iron Solari,Control Ward,Ionian Boots of Lucidity,Kindlegem,Cloth Armor,Oracle Lens,Mercury's Treads,Thornmail,Kaenic Rookern,Chain Vest,Kindlegem,Ruby Crystal,Farsight Alteration,Mercury's Treads,Sundered Sky,Control Ward,Black Cleaver,Ruby Crystal,Long Sword,Oracle Lens,Doran's Ring,Refillable Potion,Blackfire Torch,Sorcerer's Shoes,Cosmic Drive,Needlessly Large Rod,Stealth Ward,Doran's Blade,Berserker's Greaves,Yun Tal Wildarrows,Infinity Edge,Lord Dominik's Regards,No_Item,Farsight Alteration,Celestial Opposition,Refillable Potion,Edge of Night,Umbral Glaive,Ionian Boots of Lucidity,No_Item,Oracle Lens,Phase Rush,Precision,Grasp of the Undying,Inspiration,Electrocute,Resolve,Press the Attack,Sorcery,Aftershock,Inspiration,Grasp of the Undying,Inspiration,Conqueror,Inspiration,First Strike,Sorcery,Lethal Tempo,Sorcery,Hail of Blades,Inspiration,Flash,Teleport,Smite,Flash,Teleport,Flash,Flash,Barrier,Ignite,Flash,Teleport,Flash,Smite,Flash,Teleport,Flash,Flash,Barrier,Flash,Ignite,1,5,1,0,1,0
https://www.op.gg/summoners/euw/Foutriquet-EUW/matches/uRd1PvnOddqUwWJmg8rrzX_p7RntOkIUTVcQjHg-r4g%3D/1732540550000,0,8,26,26,8,26,8,34,44,10,11,0,1,0,0,2,10,0,1,33070,47157,10.4,12.4,557,679,27.4,33.4,-14087,14087,1638.6036036036035,2336.608108108108,K'Sante,Viego,Sylas,Brand,Nami,Teemo,Lee Sin,Ahri,Jhin,Bard,Boots,Hollow Radiance,Chain Vest,Doran's Shield,Kindlegem,Ruby Crystal,Oracle Lens,Kraken Slayer,Titanic Hydra,No_Item,No_Item,Slightly Magical Footwear,No_Item,Oracle Lens,Mercury's Treads,Hextech Rocketbelt,Fiendish Codex,Doran's Ring,Dark Seal,Aether Wisp,Oracle Lens,Rylai's Crystal Scepter,No_Item,No_Item,Liandry's Torment,Sorcerer's Shoes,No_Item,Farsight Alteration,Imperial Mandate,Ionian Boots of Lucidity,Dream Maker,Kindlegem,Amplifying Tome,No_Item,Oracle Lens,Refillable Potion,Liandry's Torment,No_Item,Boots of Swiftness,Doran's Ring,Nashor's Tooth,Farsight Alteration,Control Ward,Eclipse,Long Sword,Sundered Sky,Mercury's Treads,No_Item,Stealth Ward,Doran's Ring,Lich Bane,Needlessly Large Rod,Malignance,Sorcerer's Shoes,Dark Seal,Oracle Lens,Doran's Blade,Boots of Swiftness,Youmuu's Ghostblade,The Collector,Pickaxe,No_Item,Farsight Alteration,Dead Man's Plate,Slightly Magical Footwear,Bloodsong,Statikk Shiv,No_Item,No_Item,Oracle Lens,Grasp of the Undying,Domination,Conqueror,Inspiration,Electrocute,Resolve,Arcane Comet,Precision,Summon Aery,Inspiration,Press the Attack,Resolve,Conqueror,Inspiration,Electrocute,Sorcery,Dark Harvest,Precision,Guardian,Inspiration,Flash,Teleport,Smite,Flash,Teleport,Flash,Teleport,Flash,Heal,Flash,Flash,Ignite,Smite,Flash,Flash,Teleport,Flash,Barrier,Ignite,Flash,0,0,0,1,6,2
https://www.op.gg/summoners/euw/Foutriquet-EUW/matches/uRd1PvnOddq5Woto-eUxLFXC8dlwfDeX_w1ujf24w-U%3D/1732538625000,0,14,36,36,15,54,23,48,57,19,18,0,4,0,1,3,9,0,5,44384,54986,12.6,14.4,748,725,29.8,28.9,-10602,10602,1779.5471698113208,2204.627358490566,Orianna,Xin Zhao,Renekton,Ashe,Blitzcrank,K'Sante,Wukong,Qiyana,Brand,Nami,Doran's Ring,Seraph's Embrace,Cosmic Drive,Sorcerer's Shoes,Dark Seal,Amplifying Tome,Farsight Alteration,Sterak's Gage,Sundered Sky,Control Ward,Null-Magic Mantle,Ruby Crystal,Mercury's Treads,Oracle Lens,Doran's Shield,Black Cleaver,Sterak's Gage,Plated Steelcaps,Pickaxe,No_Item,Stealth Ward,Doran's Blade,Berserker's Greaves,Kraken Slayer,Phantom Dancer,Lord Dominik's Regards,No_Item,Farsight Alteration,Bloodsong,Dead Man's Plate,No_Item,Boots of Swiftness,Giant's Belt,Ruby Crystal,Oracle Lens,Chain Vest,Thornmail,Giant's Belt,Boots of Swiftness,Iceborn Gauntlet,Negatron Cloak,Farsight Alteration,Sterak's Gage,No_Item,No_Item,Sundered Sky,Boots of Swiftness,Trinity Force,Stealth Ward,Serpent's Fang,Ionian Boots of Lucidity,Youmuu's Ghostblade,B. F. Sword,Steel Sigil,Serylda's Grudge,Oracle Lens,Shattered Armguard,No_Item,Dark Seal,Rylai's Crystal Scepter,Liandry's Torment,Sorcerer's Shoes,Farsight Alteration,Mikael's Blessing,Shurelya's Battlesong,Solstice Sleigh,Boots,No_Item,Imperial Mandate,Oracle Lens,Summon Aery,Resolve,Conqueror,Inspiration,Conqueror,Resolve,Lethal Tempo,Inspiration,Glacial Augment,Sorcery,Grasp of the Undying,Sorcery,Conqueror,Inspiration,Electrocute,Precision,Arcane Comet,Precision,Summon Aery,Resolve,Flash,Teleport,Smite,Flash,Teleport,Flash,Flash,Barrier,Ignite,Flash,Flash,Teleport,Flash,Smite,Flash,Teleport,Teleport,Flash,Flash,Heal,0,4,0,1,2,1
https://www.op.gg/summoners/euw/Foutriquet-EUW/matches/34-jfPz6Tmy5VTRfRXIA3E4HJIJQGl0cwobVw42kAwQ%3D/1732287949000,0,4,13,13,4,16,6,29,37,6,3,1,0,0,0,0,4,1,0,23172,31637,8.8,9.6,427,481,28.2,31.7,-8465,8465,1530.6275229357798,2089.783486238532,Ezreal,Skarner,Vex,Master Yi,Sylas,Camille,Kindred,Naafiri,Ziggs,Poppy,Doran's Blade,Refillable Potion,Tear of the Goddess,Hearthbound Axe,Phage,Ionian Boots of Lucidity,Stealth Ward,Gustwalker Hatchling,Heartsteel,Control Ward,Cloth Armor,No_Item,Slightly Magical Footwear,Oracle Lens,Doran's Ring,Luden's Companion,Sorcerer's Shoes,Amplifying Tome,Control Ward,No_Item,Oracle Lens,Doran's Blade,Blade of The Ruined King,Refillable Potion,Dagger,Boots,No_Item,Stealth Ward,Hextech Alternator,Total Biscuit of Everlasting Will,Zaz'Zak's Realmspike,Kindlegem,Synchronized Souls,No_Item,Oracle Lens,Slightly Magical Footwear,Ravenous Hydra,Doran's Blade,Ruby Crystal,Trinity Force,No_Item,Oracle Lens,Gustwalker Hatchling,Boots,Kraken Slayer,Serrated Dirk,Long Sword,No_Item,Stealth Ward,Doran's Shield,Eclipse,Long Sword,Refillable Potion,Boots,No_Item,Oracle Lens,Refillable Potion,Doran's Ring,Archangel's Staff,Sorcerer's Shoes,No_Item,No_Item,Farsight Alteration,Bloodsong,Boots of Swiftness,Control Ward,Winged Moonplate,Chain Vest,Ruby Crystal,Oracle Lens,Press the Attack,Inspiration,Aftershock,Inspiration,Electrocute,Sorcery,Lethal Tempo,Domination,Electrocute,Inspiration,Grasp of the Undying,Inspiration,Press the Attack,Domination,Arcane Comet,Precision,Arcane Comet,Precision,Hail of Blades,Inspiration,Flash,Barrier,Smite,Flash,Flash,Teleport,Flash,Teleport,Flash,Ignite,Teleport,Flash,Flash,Smite,Flash,Teleport,Flash,Teleport,Flash,Ignite,0,0,0,1,6,0
,,-1,-1,-1,-1,-1,-1,-1,-1,-1,-1,-1,-1,-1,-1,-1,-1,-1,-1,-1,-1,-1.0,-1.0,-1,-1,-1.0,-1.0,-1,-1,-1.0,-1.0,,,,,,,,,,,,,,,,,,,,,,,,,,,,,,,,,,,,,,,,,,,,,,,,,,,,,,,,,,,,,,,,,,,,,,,,,,,,,,,,,,,,,,,,,,,,,,,,,,,,,,,,,,,,,,,,,,,,,,,,,-1,-1,-1,-1,-1,-1
https://www.op.gg/summoners/euw/Foutriquet-EUW/matches/34-jfPz6Tmx5K8-enof6Wr_xPYM0v1rVyPQPq6ndqKs%3D/1732285203000,0,6,17,17,6,23,12,47,55,13,11,0,2,0,0,1,6,0,2,36053,46674,11.8,12.8,725,820,32.2,36.3,-10621,10621,1608.5184615384615,2082.3784615384616,Shen,Viego,Aurora,Draven,Nautilus,Lee Sin,Gragas,Zed,Kog'Maw,Braum,Doran's Shield,Titanic Hydra,Refillable Potion,Ruby Crystal,Ruby Crystal,Plated Steelcaps,Stealth Ward,Kraken Slayer,Titanic Hydra,Mercury's Treads,Recurve Bow,No_Item,No_Item,Oracle Lens,Doran's Ring,Luden's Companion,Sorcerer's Shoes,Cosmic Drive,Dark Seal,No_Item,Stealth Ward,Doran's Blade,The Collector,B. F. Sword,Long Sword,Long Sword,Berserker's Greaves,Farsight Alteration,Warmog's Armor,Bloodsong,No_Item,No_Item,No_Item,Boots of Swiftness,Oracle Lens,Ravenous Hydra,Eclipse,No_Item,Boots of Swiftness,Tunneler,No_Item,Stealth Ward,Shadowflame,Stormsurge,Sorcerer's Shoes,Hextech Alternator,No_Item,Dark Seal,Oracle Lens,Youmuu's Ghostblade,Tunneler,Ionian Boots of Lucidity,Voltaic Cyclosword,Serrated Dirk,No_Item,Oracle Lens,Blackfire Torch,Stormsurge,Sorcerer's Shoes,Doran's Ring,Needlessly Large Rod,Hextech Alternator,Farsight Alteration,Plated Steelcaps,Randuin's Omen,Ruby Crystal,Solstice Sleigh,No_Item,Cloth Armor,Oracle Lens,Aftershock,Domination,Conqueror,Inspiration,Electrocute,Sorcery,Lethal Tempo,Domination,Aftershock,Inspiration,Conqueror,Resolve,Dark Harvest,Sorcery,Electrocute,Sorcery,Arcane Comet,Precision,Guardian,Inspiration,Teleport,Flash,Smite,Flash,Teleport,Flash,Flash,Barrier,Flash,Ignite,Teleport,Flash,Flash,Smite,Teleport,Flash,Flash,Teleport,Exhaust,Flash,0,2,0,1,4,0
https://www.op.gg/summoners/euw/Foutriquet-EUW/matches/34-jfPz6Tmwksz2JaDI1L3_gt_vAoMP9xiarO6WrNHg%3D/1732206318000,1,36,32,32,36,55,71,100,71,25,46,2,2,1,1,7,6,3,3,68279,62934,16.0,15.0,912,860,27.6,26.0,5345,-5345,2067.162385321101,1905.3412844036698,K'Sante,Nocturne,Aurora,Draven,Rakan,Gnar,Viego,Galio,Ziggs,Tahm Kench,Kaenic Rookern,Winged Moonplate,Plated Steelcaps,Thornmail,Elixir of Iron,Negatron Cloak,Farsight Alteration,Black Cleaver,Stridebreaker,Randuin's Omen,Mercury's Treads,Wit's End,No_Item,Farsight Alteration,Cosmic Drive,Blasting Wand,Malignance,Sorcerer's Shoes,Mejai's Soulstealer,Liandry's Torment,Farsight Alteration,Infinity Edge,The Collector,Lord Dominik's Regards,Vampiric Scepter,Berserker's Greaves,Noonquiver,Farsight Alteration,Zeke's Convergence,Mercury's Treads,Kindlegem,Solstice Sleigh,No_Item,Null-Magic Mantle,Oracle Lens,"Jak'Sho, The Protean",Ruby Crystal,Control Ward,Trinity Force,Black Cleaver,Plated Steelcaps,Oracle Lens,Blade of The Ruined King,Trinity Force,Sundered Sky,Pickaxe,Tunneler,Mercury's Treads,Oracle Lens,Hollow Radiance,Zhonya's Hourglass,"Jak'Sho, The Protean",Control Ward,Plated Steelcaps,Cloth Armor,Oracle Lens,Zhonya's Hourglass,Luden's Companion,Horizon Focus,Tear of the Goddess,Sorcerer's Shoes,Liandry's Torment,Farsight Alteration,Celestial Opposition,Plated Steelcaps,Locket of the Iron Solari,No_Item,Abyssal Mask,Ruby Crystal,Oracle Lens,Grasp of the Undying,Inspiration,Lethal Tempo,Domination,Electrocute,Sorcery,Lethal Tempo,Domination,Guardian,Domination,Fleet Footwork,Resolve,Conqueror,Inspiration,Aftershock,Sorcery,Arcane Comet,Inspiration,Guardian,Inspiration,Teleport,Flash,Flash,Smite,Flash,Teleport,Flash,Barrier,Ignite,Flash,Teleport,Flash,Smite,Flash,Flash,Teleport,Flash,Teleport,Flash,Exhaust,1,6,1,0,0,1
https://www.op.gg/summoners/euw/Foutriquet-EUW/matches/34-jfPz6TmxJtFGJaiP91gACOOLXkI-ThULofNEMqqs%3D/1732203968000,0,20,36,36,20,48,18,83,84,26,23,1,3,0,2,3,7,1,5,52685,64577,14.0,16.0,825,910,29.3,32.3,-11892,11892,1881.607142857143,2306.3214285714284,Jax,Nocturne,Syndra,Draven,Nami,Kennen,Wukong,Yasuo,Ziggs,Pyke,Trinity Force,Sundered Sky,Mercury's Treads,Tunneler,Pickaxe,Ruby Crystal,Stealth Ward,Experimental Hexplate,Stridebreaker,Control Ward,Boots,Sterak's Gage,Null-Magic Mantle,Farsight Alteration,Blackfire Torch,Ionian Boots of Lucidity,Cosmic Drive,Rabadon's Deathcap,Dark Seal,Fated Ashes,Farsight Alteration,Doran's Blade,The Collector,Pickaxe,Bloodthirster,Boots,B. F. Sword,Farsight Alteration,Boots of Swiftness,Solstice Sleigh,Glowing Mote,Shurelya's Battlesong,Imperial Mandate,Glowing Mote,Oracle Lens,Hextech Rocketbelt,Zhonya's Hourglass,Control Ward,Dark Seal,Sorcerer's Shoes,Shadowflame,Oracle Lens,Trinity Force,Sundered Sky,Black Cleaver,Mercury's Treads,Tunneler,Ruby Crystal,Oracle Lens,Doran's Shield,Blade of The Ruined King,Berserker's Greaves,Immortal Shieldbow,Infinity Edge,Chain Vest,Farsight Alteration,Doran's Ring,No_Item,Zhonya's Hourglass,Sorcerer's Shoes,Luden's Companion,Seraph's Embrace,Farsight Alteration,Edge of Night,Celestial Opposition,Synchronized Souls,Umbral Glaive,Serrated Dirk,Caulfield's Warhammer,Oracle Lens,Grasp of the Undying,Sorcery,Conqueror,Domination,First Strike,Sorcery,Lethal Tempo,Domination,Summon Aery,Domination,Electrocute,Inspiration,Conqueror,Inspiration,Grasp of the Undying,Precision,Arcane Comet,Precision,Hail of Blades,Resolve,Flash,Teleport,Flash,Smite,Teleport,Flash,Flash,Barrier,Flash,Heal,Teleport,Flash,Smite,Flash,Teleport,Flash,Flash,Teleport,Flash,Teleport,1,0,0,0,6,1
https://www.op.gg/summoners/euw/Foutriquet-EUW/matches/34-jfPz6Tmx14vx-AmeF34nZe6UXOzynV-b4bZqXd_U%3D/1732201845000,1,41,30,30,41,61,91,81,87,35,28,2,3,1,0,9,3,3,3,67746,61298,16.0,14.8,917,883,27.8,26.599999999999998,6448,-6448,2028.7572192513367,1835.6620320855613,Gragas,Kayn,Aurora,Ashe,Tahm Kench,Aatrox,Jarvan IV,Veigar,Corki,Rell,Abyssal Mask,Shattered Armguard,Ionian Boots of Lucidity,Fimbulwinter,Frozen Heart,Cosmic Drive,Oracle Lens,Spear of Shojin,Black Cleaver,Plated Steelcaps,Death's Dance,Tunneler,No_Item,Oracle Lens,Malignance,Cosmic Drive,Dark Seal,Sorcerer's Shoes,Liandry's Torment,Void Staff,Oracle Lens,Berserker's Greaves,Kraken Slayer,Runaan's Hurricane,Infinity Edge,Noonquiver,Long Sword,Farsight Alteration,Celestial Opposition,Plated Steelcaps,Locket of the Iron Solari,Randuin's Omen,Control Ward,Kindlegem,Oracle Lens,Spear of Shojin,Sundered Sky,Control Ward,Caulfield's Warhammer,Mercury's Treads,Last Whisper,Oracle Lens,Sundered Sky,Eclipse,No_Item,Spirit Visage,Mercury's Treads,No_Item,Oracle Lens,Rabadon's Deathcap,Zhonya's Hourglass,No_Item,Blighting Jewel,Ionian Boots of Lucidity,Fimbulwinter,Farsight Alteration,Mercury's Treads,Trinity Force,Muramana,Infinity Edge,Executioner's Calling,Last Whisper,Farsight Alteration,Solstice Sleigh,Knight's Vow,Locket of the Iron Solari,Zeke's Convergence,Ionian Boots of Lucidity,Control Ward,Oracle Lens,Phase Rush,Precision,Conqueror,Inspiration,Arcane Comet,Domination,Lethal Tempo,Inspiration,Guardian,Inspiration,Conqueror,Resolve,Conqueror,Inspiration,Arcane Comet,Inspiration,Conqueror,Inspiration,Aftershock,Inspiration,Teleport,Flash,Flash,Smite,Flash,Teleport,Flash,Cleanse,Flash,Ignite,Flash,Teleport,Smite,Flash,Flash,Teleport,Flash,Barrier,Flash,Ignite,0,3,1,1,3,0
https://www.op.gg/summoners/euw/Foutriquet-EUW/matches/34-jfPz6TmxSD6hcifXvh1Bu5bFS1xWwMUNYlR3k6lg%3D/1732199267000,1,45,24,24,45,49,56,73,60,17,35,3,0,1,0,11,2,4,0,68955,53306,15.8,14.0,963,799,34.3,28.599999999999998,15649,-15649,2450.46694214876,1894.3454545454545,Aatrox,Jax,Orianna,Zeri,Sylas,Gragas,Poppy,Corki,Aphelios,Milio,Sundered Sky,Sterak's Gage,Control Ward,No_Item,Profane Hydra,Mercury's Treads,Oracle Lens,Mercury's Treads,Trinity Force,No_Item,Sterak's Gage,Warden's Mail,Sundered Sky,Stealth Ward,Shadowflame,Seraph's Embrace,Liandry's Torment,Sorcerer's Shoes,Dark Seal,Needlessly Large Rod,Farsight Alteration,Bloodthirster,Yun Tal Wildarrows,Infinity Edge,Statikk Shiv,Berserker's Greaves,Long Sword,Farsight Alteration,Shattered Armguard,Hextech Rocketbelt,Ionian Boots of Lucidity,Stormsurge,Celestial Opposition,No_Item,Oracle Lens,Boots of Swiftness,Cosmic Drive,Hextech Rocketbelt,Lost Chapter,Blighting Jewel,Blasting Wand,Oracle Lens,Negatron Cloak,Locket of the Iron Solari,Ruby Crystal,Bami's Cinder,Sundered Sky,Ionian Boots of Lucidity,Oracle Lens,Slightly Magical Footwear,Trinity Force,Muramana,Mortal Reminder,No_Item,Doran's Blade,Farsight Alteration,Doran's Blade,Infinity Edge,The Collector,Berserker's Greaves,Mortal Reminder,B. F. Sword,Farsight Alteration,Dream Maker,Ardent Censer,Ionian Boots of Lucidity,Moonstone Renewer,Echoes of Helia,Faerie Charm,Oracle Lens,Conqueror,Resolve,Conqueror,Inspiration,Arcane Comet,Inspiration,Lethal Tempo,Resolve,Electrocute,Inspiration,Phase Rush,Precision,Phase Rush,Inspiration,Conqueror,Inspiration,Press the Attack,Sorcery,Summon Aery,Inspiration,Teleport,Flash,Smite,Flash,Flash,Teleport,Flash,Barrier,Flash,Ignite,Flash,Teleport,Smite,Flash,Flash,Teleport,Flash,Barrier,Flash,Heal,1,6,4,0,0,0
https://www.op.gg/summoners/euw/Foutriquet-EUW/matches/34-jfPz6TmxgknFQBM1IagwZwDBJEJf3LN4A6a9vnbw%3D/1732196947000,0,25,37,37,25,77,27,76,71,22,27,2,2,0,2,5,10,2,4,56488,66605,14.2,16.4,890,956,30.3,32.5,-10117,10117,1918.4603773584906,2262.056603773585,Renekton,Viego,Aurora,Corki,Leona,Quinn,Xin Zhao,Ryze,Ezreal,Bard,Stridebreaker,Doran's Shield,Plated Steelcaps,Sterak's Gage,Tunneler,Ruby Crystal,Stealth Ward,Titanic Hydra,Kraken Slayer,Death's Dance,Plated Steelcaps,Ruby Crystal,Long Sword,Stealth Ward,Cosmic Drive,Liandry's Torment,Mejai's Soulstealer,Sorcerer's Shoes,Blasting Wand,Malignance,Oracle Lens,Lord Dominik's Regards,Plated Steelcaps,Trinity Force,Muramana,No_Item,No_Item,Farsight Alteration,Knight's Vow,Bloodsong,Plated Steelcaps,Locket of the Iron Solari,Control Ward,No_Item,Oracle Lens,Kraken Slayer,Synchronized Souls,Cull,Blade of The Ruined King,Lord Dominik's Regards,No_Item,Farsight Alteration,Sterak's Gage,Sundered Sky,Steel Sigil,Guardian Angel,Pickaxe,Mercury's Treads,Oracle Lens,Needlessly Large Rod,Seraph's Embrace,Zhonya's Hourglass,Mercury's Treads,Rod of Ages,Dark Seal,Oracle Lens,Ionian Boots of Lucidity,Trinity Force,Serylda's Grudge,Muramana,Spear of Shojin,No_Item,Farsight Alteration,Bloodsong,Locket of the Iron Solari,No_Item,Mercury's Treads,Dead Man's Plate,Kindlegem,Oracle Lens,Press the Attack,Resolve,Conqueror,Inspiration,Arcane Comet,Domination,Conqueror,Inspiration,Aftershock,Inspiration,Fleet Footwork,Sorcery,Conqueror,Inspiration,Aftershock,Precision,Conqueror,Inspiration,Guardian,Inspiration,Teleport,Flash,Flash,Smite,Flash,Teleport,Flash,Barrier,Ignite,Flash,Flash,Cleanse,Smite,Flash,Teleport,Flash,Flash,Cleanse,Ignite,Flash,1,6,0,0,0,2
https://www.op.gg/summoners/euw/Foutriquet-EUW/matches/34-jfPz6Tmz-YpAcsvO5nxaxuwuewtbT5CBCGTdBL7Q%3D/1732194347000,0,9,19,19,9,25,10,49,33,11,11,1,1,0,0,2,2,1,1,27784,31908,8.8,9.4,454,458,29.9,30.2,-4124,4124,1828.820253164557,2100.2734177215193,Renekton,Lee Sin,Neeko,Samira,Rakan,Ambessa,Viego,Sylas,Jinx,Lulu,Pickaxe,Refillable Potion,Black Cleaver,Plated Steelcaps,Tunneler,Ruby Crystal,Farsight Alteration,Scorchclaw Pup,Eclipse,No_Item,Cloth Armor,Slightly Magical Footwear,No_Item,Stealth Ward,Refillable Potion,Hextech Rocketbelt,Control Ward,Hextech Alternator,Sorcerer's Shoes,Doran's Ring,Farsight Alteration,Boots,The Collector,Doran's Blade,Pickaxe,No_Item,No_Item,Stealth Ward,Locket of the Iron Solari,Celestial Opposition,Refillable Potion,Ionian Boots of Lucidity,No_Item,No_Item,Oracle Lens,Doran's Blade,Long Sword,Ruby Crystal,Boots,The Brutalizer,Long Sword,Stealth Ward,No_Item,Tiamat,No_Item,Tunneler,Kraken Slayer,Slightly Magical Footwear,Eye of the Herald,Doran's Ring,Dark Seal,Hextech Rocketbelt,Boots,Ruby Crystal,Amplifying Tome,Stealth Ward,Yun Tal Wildarrows,Berserker's Greaves,Runaan's Hurricane,No_Item,No_Item,Doran's Blade,Farsight Alteration,Kindlegem,Forbidden Idol,No_Item,Dream Maker,Moonstone Renewer,Ionian Boots of Lucidity,Oracle Lens,Conqueror,Resolve,Conqueror,Inspiration,Summon Aery,Inspiration,Conqueror,Sorcery,Guardian,Domination,Conqueror,Resolve,Conqueror,Inspiration,Conqueror,Resolve,Lethal Tempo,Sorcery,Summon Aery,Resolve,Flash,Teleport,Flash,Smite,Flash,Teleport,Flash,Barrier,Ignite,Flash,Flash,Teleport,Smite,Flash,Flash,Teleport,Barrier,Flash,Heal,Flash,0,4,0,1,2,0
https://www.op.gg/summoners/euw/Foutriquet-EUW/matches/34-jfPz6TmwvcxCRoAB79crVHGgyHzKb1lnlO51lyew%3D/1732192784000,1,20,14,14,20,21,32,67,60,21,20,2,2,1,0,11,1,3,2,54728,43191,13.8,13.0,863,722,34.300000000000004,28.8,11537,-11537,2175.9325301204817,1717.232530120482,Vladimir,Xin Zhao,Hwei,Kalista,Renata Glasc,Shen,Viego,Anivia,Aphelios,Sona,Rabadon's Deathcap,Riftmaker,Doran's Ring,Cosmic Drive,Dark Seal,Boots of Swiftness,Farsight Alteration,Sterak's Gage,Sundered Sky,No_Item,No_Item,Mercury's Treads,No_Item,Oracle Lens,Liandry's Torment,Control Ward,Sorcerer's Shoes,Horizon Focus,Blackfire Torch,No_Item,Farsight Alteration,Doran's Blade,Blade of The Ruined King,Berserker's Greaves,Guinsoo's Rageblade,Terminus,No_Item,Farsight Alteration,Locket of the Iron Solari,Redemption,Control Ward,Solstice Sleigh,Kindlegem,Ionian Boots of Lucidity,Oracle Lens,Hollow Radiance,No_Item,Heartsteel,Ionian Boots of Lucidity,No_Item,No_Item,Stealth Ward,No_Item,Slightly Magical Footwear,Sundered Sky,Kraken Slayer,Null-Magic Mantle,Wit's End,Oracle Lens,Seraph's Embrace,Rod of Ages,Haunting Guise,Amplifying Tome,Sorcerer's Shoes,No_Item,Stealth Ward,Doran's Blade,Infinity Edge,The Collector,Berserker's Greaves,Last Whisper,No_Item,Farsight Alteration,Bloodsong,Ionian Boots of Lucidity,Echoes of Helia,Ardent Censer,Tear of the Goddess,No_Item,Oracle Lens,Summon Aery,Precision,Conqueror,Inspiration,Arcane Comet,Precision,Lethal Tempo,Domination,Glacial Augment,Domination,Grasp of the Undying,Domination,Conqueror,Inspiration,Electrocute,Sorcery,Press the Attack,Sorcery,Summon Aery,Inspiration,Flash,Ignite,Smite,Flash,Flash,Teleport,Flash,Cleanse,Flash,Ignite,Flash,Ignite,Flash,Smite,Flash,Teleport,Flash,Barrier,Flash,Heal,1,6,1,0,0,0
https://www.op.gg/summoners/euw/Foutriquet-EUW/matches/34-jfPz6TmxNv2bENCC208HbWHR4y8voFclmCuWTXA0%3D/1731331793000,0,24,36,36,24,73,44,71,73,26,22,0,4,0,1,2,11,0,5,53300,63308,13.8,14.8,822,831,28.6,29.0,-10008,10008,1848.5549132947979,2195.6531791907514,Cho'Gath,Jax,Orianna,Zeri,Nautilus,Aurora,Xin Zhao,Corki,Ezreal,Rell,Heartsteel,Unending Despair,Spectre's Cowl,Kindlegem,Boots of Swiftness,No_Item,Oracle Lens,Sundered Sky,Shattered Armguard,Control Ward,Needlessly Large Rod,Plated Steelcaps,Trinity Force,Stealth Ward,Seraph's Embrace,Zhonya's Hourglass,Liandry's Torment,Ionian Boots of Lucidity,Dark Seal,Blighting Jewel,Farsight Alteration,Runaan's Hurricane,Statikk Shiv,Lord Dominik's Regards,Berserker's Greaves,Cloak of Agility,No_Item,Farsight Alteration,Warmog's Armor,Control Ward,Ruby Crystal,Celestial Opposition,Locket of the Iron Solari,Plated Steelcaps,Oracle Lens,Aether Wisp,Sorcerer's Shoes,Zhonya's Hourglass,Malignance,Dark Seal,Liandry's Torment,Farsight Alteration,Black Cleaver,Tunneler,Mercury's Treads,Ruby Crystal,Sundered Sky,Pickaxe,Oracle Lens,Slightly Magical Footwear,Trinity Force,Muramana,Infinity Edge,Zeal,Doran's Blade,Farsight Alteration,Doran's Blade,Ionian Boots of Lucidity,Trinity Force,Muramana,Spear of Shojin,No_Item,Farsight Alteration,Celestial Opposition,Zeke's Convergence,Locket of the Iron Solari,Kindlegem,Mercury's Treads,Control Ward,Oracle Lens,Grasp of the Undying,Inspiration,Conqueror,Inspiration,Summon Aery,Precision,Lethal Tempo,Resolve,Aftershock,Inspiration,Grasp of the Undying,Precision,Conqueror,Inspiration,Conqueror,Inspiration,Press the Attack,Inspiration,Aftershock,Inspiration,Flash,Teleport,Smite,Flash,Teleport,Flash,Flash,Barrier,Flash,Ignite,Flash,Teleport,Flash,Smite,Teleport,Flash,Flash,Barrier,Ignite,Flash,0,1,0,1,5,3
https://www.op.gg/summoners/euw/Foutriquet-EUW/matches/34-jfPz6TmwoozCGBUOPtrfHzKxDPoWWXWShDxVqIz8%3D/1731329342000,1,37,17,18,37,36,80,80,61,22,41,4,0,1,0,9,3,5,0,63427,54263,15.4,14.2,916,884,30.4,29.4,9164,-9164,2126.893413173653,1819.5976047904192,Pantheon,Kha'Zix,Ahri,Ezreal,Rell,Malphite,Viego,LeBlanc,Kai'Sa,Nautilus,Sundered Sky,Black Cleaver,Tunneler,Mercury's Treads,Ruby Crystal,Pickaxe,Farsight Alteration,Serylda's Grudge,Tiamat,Hubris,Ionian Boots of Lucidity,Opportunity,Serrated Dirk,Oracle Lens,Stormsurge,Shattered Armguard,Dark Seal,Rabadon's Deathcap,Mercury's Treads,Malignance,Oracle Lens,Doran's Blade,Ionian Boots of Lucidity,Trinity Force,Muramana,Serylda's Grudge,B. F. Sword,Farsight Alteration,Celestial Opposition,Mercury's Treads,Locket of the Iron Solari,No_Item,Zeke's Convergence,Kindlegem,Oracle Lens,Plated Steelcaps,Fimbulwinter,Unending Despair,No_Item,Iceborn Gauntlet,Doran's Ring,Oracle Lens,Kraken Slayer,Titanic Hydra,Control Ward,Plated Steelcaps,Sundered Sky,Long Sword,Oracle Lens,Luden's Companion,Seeker's Armguard,Mercury's Treads,Shadowflame,No_Item,Doran's Ring,Oracle Lens,Bloodthirster,Kraken Slayer,Berserker's Greaves,Guinsoo's Rageblade,Terminus,No_Item,Farsight Alteration,Locket of the Iron Solari,Celestial Opposition,No_Item,No_Item,Plated Steelcaps,Knight's Vow,Oracle Lens,Conqueror,Sorcery,Dark Harvest,Inspiration,Summon Aery,Resolve,Press the Attack,Inspiration,Aftershock,Inspiration,Arcane Comet,Inspiration,Conqueror,Inspiration,Electrocute,Sorcery,Lethal Tempo,Inspiration,Aftershock,Inspiration,Ignite,Flash,Smite,Flash,Flash,Teleport,Flash,Exhaust,Ignite,Flash,Flash,Teleport,Smite,Flash,Teleport,Flash,Flash,Cleanse,Flash,Ignite,1,1,1,0,5,0
https://www.op.gg/summoners/euw/Foutriquet-EUW/matches/34-jfPz6TmyK7NJuwGCHn3xsKvALNh_lk14QmljP654%3D/1731257055000,0,18,29,29,18,65,29,57,59,12,19,2,2,0,1,6,8,2,3,50014,54857,13.2,14.2,820,748,31.200000000000003,28.599999999999998,-4843,4843,1909.1365591397848,2094.00376344086,Gnar,Vi,Yone,Kai'Sa,Sylas,K'Sante,Viego,Galio,Tristana,Braum,Sterak's Gage,Plated Steelcaps,Trinity Force,Black Cleaver,Warden's Mail,No_Item,Stealth Ward,Sundered Sky,Black Cleaver,Long Sword,Ruby Crystal,No_Item,Mercury's Treads,Oracle Lens,Doran's Blade,Stridebreaker,Berserker's Greaves,Blade of The Ruined King,Executioner's Calling,Control Ward,Farsight Alteration,Doran's Blade,Statikk Shiv,Berserker's Greaves,Guinsoo's Rageblade,Nashor's Tooth,Needlessly Large Rod,Farsight Alteration,Hextech Rocketbelt,Zaz'Zak's Realmspike,Ionian Boots of Lucidity,Dark Seal,Needlessly Large Rod,Aether Wisp,Oracle Lens,Iceborn Gauntlet,Thornmail,Plated Steelcaps,Spectre's Cowl,Negatron Cloak,Control Ward,Farsight Alteration,Kraken Slayer,Titanic Hydra,No_Item,Sterak's Gage,Plated Steelcaps,Null-Magic Mantle,Oracle Lens,Plated Steelcaps,Cloth Armor,Sunfire Aegis,Riftmaker,Doran's Ring,Control Ward,Farsight Alteration,Doran's Blade,The Collector,Mortal Reminder,Berserker's Greaves,Infinity Edge,Cloak of Agility,Farsight Alteration,Celestial Opposition,Locket of the Iron Solari,No_Item,Negatron Cloak,Kindlegem,Plated Steelcaps,Oracle Lens,Fleet Footwork,Resolve,Conqueror,Domination,Lethal Tempo,Resolve,Lethal Tempo,Inspiration,Electrocute,Sorcery,Grasp of the Undying,Inspiration,Conqueror,Inspiration,Aftershock,Inspiration,Press the Attack,Domination,Guardian,Inspiration,Flash,Teleport,Flash,Smite,Flash,Teleport,Flash,Barrier,Ignite,Flash,Flash,Teleport,Smite,Flash,Teleport,Flash,Barrier,Flash,Flash,Ignite,1,5,1,0,1,1
https://www.op.gg/summoners/euw/Foutriquet-EUW/matches/34-jfPz6TmxZ_SrbkQKs-Xv1K1liOjtljx5rav_7EYc%3D/1731254757000,0,8,27,27,8,29,11,33,41,3,9,0,2,0,0,0,11,0,2,30730,44595,10.8,11.6,563,655,29.5,34.4,-13865,13865,1616.4335260115606,2345.748554913295,Camille,Lee Sin,Seraphine,Naafiri,Senna,Irelia,Viego,Aurora,Ashe,Leona,Tiamat,Trinity Force,Vampiric Scepter,Boots,Long Sword,Control Ward,Stealth Ward,No_Item,Eclipse,Slightly Magical Footwear,Tunneler,Pickaxe,No_Item,Stealth Ward,Slightly Magical Footwear,Refillable Potion,Seraph's Embrace,Lost Chapter,Fated Ashes,Doran's Ring,Farsight Alteration,Opportunity,Tiamat,Boots,No_Item,Doran's Blade,The Brutalizer,Farsight Alteration,Bloodsong,Refillable Potion,Boots of Swiftness,Control Ward,Phage,Kindlegem,Oracle Lens,Blade of The Ruined King,Plated Steelcaps,Sundered Sky,Kraken Slayer,No_Item,No_Item,Stealth Ward,Plated Steelcaps,Titanic Hydra,No_Item,Kraken Slayer,Sterak's Gage,No_Item,Oracle Lens,Doran's Ring,Refillable Potion,Luden's Companion,Sorcerer's Shoes,Needlessly Large Rod,Amplifying Tome,Stealth Ward,Refillable Potion,Trinity Force,Statikk Shiv,No_Item,Berserker's Greaves,Doran's Blade,Farsight Alteration,Warmog's Armor,Bloodsong,Control Ward,No_Item,Boots of Swiftness,No_Item,Oracle Lens,Press the Attack,Resolve,Conqueror,Inspiration,Conqueror,Inspiration,Conqueror,Sorcery,Grasp of the Undying,Precision,Press the Attack,Domination,Conqueror,Inspiration,Electrocute,Precision,Lethal Tempo,Inspiration,Glacial Augment,Resolve,Flash,Teleport,Flash,Smite,Teleport,Flash,Ignite,Teleport,Cleanse,Flash,Teleport,Flash,Smite,Flash,Teleport,Flash,Flash,Ghost,Flash,Ignite,0,3,0,1,3,3
https://www.op.gg/summoners/euw/Foutriquet-EUW/matches/34-jfPz6TmwamvD4u48gOy178dbtYFJab9YtYZUBCww%3D/1731253026000,0,23,23,23,23,59,30,86,84,34,32,2,3,0,1,5,8,2,4,62149,64151,15.4,16.0,1097,1004,32.6,29.9,-2002,2002,1847.6729729729732,1907.191891891892,Darius,Skarner,Sylas,Caitlyn,Camille,Volibear,Viego,Syndra,Soraka,Karma,Stridebreaker,Mercury's Treads,"Jak'Sho, The Protean",Sterak's Gage,Force of Nature,Executioner's Calling,Oracle Lens,Sterak's Gage,Control Ward,Mercury's Treads,Spectre's Cowl,Bramble Vest,Heartsteel,Oracle Lens,Hextech Rocketbelt,Needlessly Large Rod,Mercury's Treads,Oblivion Orb,Cosmic Drive,Dark Seal,Oracle Lens,The Collector,Infinity Edge,Rapid Firecannon,Lord Dominik's Regards,Berserker's Greaves,Vampiric Scepter,Farsight Alteration,Mercury's Treads,Bloodsong,Sundered Sky,Tunneler,Pickaxe,Ruby Crystal,Oracle Lens,Rod of Ages,Navori Flickerblade,Frozen Heart,Ionian Boots of Lucidity,Spectre's Cowl,No_Item,Farsight Alteration,Kraken Slayer,Titanic Hydra,Executioner's Calling,Plated Steelcaps,Caulfield's Warhammer,Sterak's Gage,Oracle Lens,Void Staff,Sorcerer's Shoes,Shattered Armguard,Liandry's Torment,Mejai's Soulstealer,Blackfire Torch,Farsight Alteration,Forbidden Idol,Redemption,Ionian Boots of Lucidity,Moonstone Renewer,Doran's Ring,Dawncore,Farsight Alteration,Zaz'Zak's Realmspike,Ionian Boots of Lucidity,Malignance,Morellonomicon,No_Item,No_Item,Oracle Lens,Conqueror,Sorcery,Aftershock,Inspiration,Conqueror,Resolve,Hail of Blades,Sorcery,Hail of Blades,Resolve,Press the Attack,Inspiration,Conqueror,Inspiration,First Strike,Sorcery,Summon Aery,Resolve,Arcane Comet,Inspiration,Flash,Ghost,Flash,Smite,Teleport,Flash,Flash,Barrier,Ignite,Flash,Flash,Ignite,Smite,Flash,Flash,Teleport,Barrier,Flash,Heal,Flash,1,6,0,0,0,2
https://www.op.gg/summoners/euw/Foutriquet-EUW/matches/34-jfPz6TmwPRDr2_F5e41l0r98JCv7Tg0GedrkfRY8%3D/1731250551000,1,28,17,17,28,17,50,46,49,13,12,1,1,0,0,5,4,1,1,44322,41385,12.6,11.2,596,621,26.8,27.9,2937,-2937,2002.5,1869.80421686747,Camille,Jarvan IV,Galio,Ashe,Lulu,Jayce,Sylas,Draven,Ezreal,Soraka,Ravenous Hydra,Tunneler,No_Item,Plated Steelcaps,Trinity Force,Ruby Crystal,Oracle Lens,Executioner's Calling,Eclipse,No_Item,Sundered Sky,Ionian Boots of Lucidity,No_Item,Oracle Lens,Doran's Shield,No_Item,Hollow Radiance,Plated Steelcaps,Fiendish Codex,Bramble Vest,Oracle Lens,Doran's Blade,Refillable Potion,Berserker's Greaves,Statikk Shiv,Kraken Slayer,Long Sword,Farsight Alteration,Ionian Boots of Lucidity,Dream Maker,No_Item,Shurelya's Battlesong,Forbidden Idol,Ruby Crystal,Oracle Lens,Eclipse,Muramana,Last Whisper,Boots,Caulfield's Warhammer,Doran's Blade,Farsight Alteration,Needlessly Large Rod,Dark Seal,Seeker's Armguard,Lich Bane,Sorcerer's Shoes,No_Item,Oracle Lens,Doran's Blade,Bloodthirster,Last Whisper,Boots of Swiftness,Long Sword,No_Item,Farsight Alteration,Caulfield's Warhammer,Muramana,Trinity Force,Ionian Boots of Lucidity,Long Sword,No_Item,Farsight Alteration,No_Item,Kindlegem,Dream Maker,Forbidden Idol,Boots of Swiftness,Moonstone Renewer,Oracle Lens,Press the Attack,Resolve,Conqueror,Inspiration,Aftershock,Inspiration,Press the Attack,Inspiration,Summon Aery,Resolve,Conqueror,Inspiration,Dark Harvest,Inspiration,Press the Attack,Domination,Conqueror,Sorcery,Summon Aery,Resolve,Flash,Teleport,Smite,Flash,Flash,Teleport,Flash,Barrier,Heal,Flash,Flash,Teleport,Flash,Smite,Flash,Barrier,Flash,Barrier,Heal,Flash,1,3,0,0,3,0
https://www.op.gg/summoners/euw/Foutriquet-EUW/matches/34-jfPz6TmzDc-UMbcCXzepmLYXm40joR2-JK65CxJ4%3D/1731248543000,1,20,6,6,20,4,21,32,26,8,4,1,1,0,0,3,0,1,1,34288,23423,10.2,9.0,555,420,36.6,27.7,10865,-10865,2262.301030927835,1545.4350515463918,Jayce,Karthus,Yone,Miss Fortune,Vel'Koz,Gragas,Lee Sin,Hwei,Varus,Soraka,Youmuu's Ghostblade,Manamune,Long Sword,Ionian Boots of Lucidity,Doran's Blade,Glowing Mote,Farsight Alteration,Blackfire Torch,Amplifying Tome,Sorcerer's Shoes,Oblivion Orb,No_Item,No_Item,Stealth Ward,Refillable Potion,Doran's Shield,Berserker's Greaves,Blade of The Ruined King,Noonquiver,Control Ward,Stealth Ward,Doran's Blade,Pickaxe,Youmuu's Ghostblade,Boots,Long Sword,No_Item,Stealth Ward,Horizon Focus,Zaz'Zak's Realmspike,No_Item,Boots,No_Item,No_Item,Oracle Lens,Doran's Ring,Fiendish Codex,Aether Wisp,Tear of the Goddess,Ionian Boots of Lucidity,Glowing Mote,Stealth Ward,Gustwalker Hatchling,Eclipse,Control Ward,Slightly Magical Footwear,Tunneler,Ruby Crystal,Stealth Ward,Doran's Ring,Blackfire Torch,Boots,Amplifying Tome,No_Item,No_Item,Stealth Ward,Doran's Blade,Youmuu's Ghostblade,Caulfield's Warhammer,Tear of the Goddess,No_Item,Boots,Stealth Ward,Bounty of Worlds,Health Potion,Moonstone Renewer,Boots,Control Ward,No_Item,Oracle Lens,Conqueror,Inspiration,Dark Harvest,Precision,Lethal Tempo,Resolve,First Strike,Sorcery,Arcane Comet,Domination,Arcane Comet,Inspiration,Conqueror,Inspiration,Arcane Comet,Precision,Arcane Comet,Inspiration,Summon Aery,Resolve,Flash,Teleport,Flash,Smite,Flash,Teleport,Flash,Barrier,Heal,Flash,Flash,Teleport,Smite,Flash,Flash,Teleport,Flash,Barrier,Flash,Heal,1,6,0,0,0,0
https://www.op.gg/summoners/euw/Foutriquet-EUW/matches/34-jfPz6TmwaQaOfVRv-qTYKog4qDhGD13aN_R8WvuA%3D/1731246130000,0,9,25,26,9,53,12,48,67,15,14,2,1,0,1,2,8,2,2,39895,49797,11.8,13.4,751,710,31.8,29.9,-9902,9902,1676.0621301775147,2092.0633136094675,Darius,Vi,Cassiopeia,Ezreal,Nautilus,Jax,Lee Sin,Sylas,Jinx,Alistar,Sterak's Gage,No_Item,No_Item,Trinity Force,Plated Steelcaps,No_Item,Oracle Lens,Plated Steelcaps,Sundered Sky,Black Cleaver,Ruby Crystal,Control Ward,No_Item,Oracle Lens,Doran's Ring,No_Item,Rylai's Crystal Scepter,Dark Seal,No_Item,Seraph's Embrace,Farsight Alteration,Doran's Blade,Ionian Boots of Lucidity,Muramana,Trinity Force,Long Sword,No_Item,Farsight Alteration,Celestial Opposition,Locket of the Iron Solari,Winged Moonplate,Giant's Belt,Crystalline Bracer,Boots,Oracle Lens,Doran's Shield,Sundered Sky,No_Item,Trinity Force,Mercury's Treads,No_Item,Stealth Ward,Plated Steelcaps,Eclipse,Tunneler,Executioner's Calling,Sundered Sky,Ruby Crystal,Stealth Ward,Lich Bane,Hextech Rocketbelt,Shattered Armguard,No_Item,Sorcerer's Shoes,Dark Seal,Oracle Lens,Doran's Blade,The Collector,Berserker's Greaves,Infinity Edge,Long Sword,Long Sword,Farsight Alteration,Boots of Swiftness,No_Item,Solstice Sleigh,Zeke's Convergence,Kindlegem,Chain Vest,Oracle Lens,Conqueror,Sorcery,Conqueror,Inspiration,Conqueror,Sorcery,Conqueror,Inspiration,Aftershock,Inspiration,Grasp of the Undying,Inspiration,Conqueror,Inspiration,Conqueror,Resolve,Fleet Footwork,Sorcery,Aftershock,Inspiration,Flash,Ghost,Flash,Smite,Flash,Teleport,Flash,Barrier,Flash,Ignite,Flash,Teleport,Smite,Flash,Flash,Teleport,Barrier,Flash,Flash,Ignite,0,3,0,1,3,1
https://www.op.gg/summoners/euw/Foutriquet-EUW/matches/34-jfPz6TmyntRa03520-p1-IOqBRGqiB83i4qaPh44%3D/1731244001000,1,32,25,25,32,37,52,69,83,26,27,0,2,1,0,9,4,1,2,60223,54722,14.6,13.2,813,840,28.3,29.099999999999998,5501,-5501,2103.482775119617,1911.3425837320574,Darius,Lee Sin,Syndra,Caitlyn,Lux,Corki,Ivern,Akali,Fiora,Pyke,Stridebreaker,Sterak's Gage,"Jak'Sho, The Protean",No_Item,No_Item,Boots of Swiftness,Oracle Lens,Eclipse,Sterak's Gage,Plated Steelcaps,Sundered Sky,Null-Magic Mantle,No_Item,Stealth Ward,Doran's Ring,Rabadon's Deathcap,Luden's Companion,Sorcerer's Shoes,Stormsurge,Blighting Jewel,Oracle Lens,Mortal Reminder,Infinity Edge,Berserker's Greaves,Rapid Firecannon,Control Ward,No_Item,Farsight Alteration,Plated Steelcaps,Locket of the Iron Solari,Celestial Opposition,Amplifying Tome,Frozen Heart,No_Item,Oracle Lens,Doran's Blade,Trinity Force,Plated Steelcaps,Last Whisper,Muramana,No_Item,Farsight Alteration,Dawncore,Redemption,No_Item,Moonstone Renewer,Ionian Boots of Lucidity,No_Item,Oracle Lens,Shattered Armguard,Stormsurge,Dark Seal,Sorcerer's Shoes,Shadowflame,Doran's Shield,Oracle Lens,Serpent's Fang,Ravenous Hydra,Long Sword,Plated Steelcaps,Voltaic Cyclosword,Death's Dance,Farsight Alteration,Bloodsong,Umbral Glaive,Voltaic Cyclosword,Mercury's Treads,Warden's Mail,Cloth Armor,Oracle Lens,Conqueror,Sorcery,Conqueror,Inspiration,First Strike,Sorcery,Fleet Footwork,Sorcery,Aftershock,Domination,Conqueror,Inspiration,Glacial Augment,Resolve,Electrocute,Resolve,Fleet Footwork,Domination,Hail of Blades,Precision,Flash,Ghost,Flash,Smite,Teleport,Flash,Flash,Barrier,Flash,Heal,Teleport,Flash,Flash,Smite,Flash,Teleport,Barrier,Flash,Flash,Ignite,1,5,1,0,1,0
https://www.op.gg/summoners/euw/Foutriquet-EUW/matches/34-jfPz6TmwcQVyWvU2HczwFv-ztowaS20uvg8_R1_Y%3D/1731241439000,1,25,12,12,25,12,38,41,45,17,9,1,2,0,0,11,3,1,2,55861,44195,14.2,13.0,838,811,34.0,32.8,11666,-11666,2267.8611111111113,1794.241452991453,Skarner,Graves,Katarina,Fiora,Senna,Corki,Gwen,Swain,Lucian,Nami,Plated Steelcaps,Titanic Hydra,Heartsteel,Tear of the Goddess,Giant's Belt,No_Item,Oracle Lens,The Collector,Boots,Lord Dominik's Regards,Youmuu's Ghostblade,B. F. Sword,Cloak of Agility,Oracle Lens,Doran's Shield,Sorcerer's Shoes,Dark Seal,Lich Bane,Shadowflame,Needlessly Large Rod,Oracle Lens,Doran's Blade,Ravenous Hydra,Plated Steelcaps,Maw of Malmortius,Voltaic Cyclosword,Rectrix,Farsight Alteration,Bloodsong,Zeal,Boots of Swiftness,Black Cleaver,Scout's Slingshot,Executioner's Calling,Oracle Lens,Rapid Firecannon,Noonquiver,No_Item,Plated Steelcaps,Muramana,Trinity Force,Farsight Alteration,Rabadon's Deathcap,Nashor's Tooth,Hextech Alternator,Dark Seal,No_Item,Plated Steelcaps,Oracle Lens,Rylai's Crystal Scepter,Doran's Ring,Plated Steelcaps,Blackfire Torch,Haunting Guise,No_Item,Farsight Alteration,Boots,Yun Tal Wildarrows,Rapid Firecannon,Long Sword,Doran's Blade,No_Item,Farsight Alteration,Imperial Mandate,Solstice Sleigh,Control Ward,Ionian Boots of Lucidity,Oblivion Orb,Ruby Crystal,Oracle Lens,Grasp of the Undying,Inspiration,Dark Harvest,Precision,Electrocute,Precision,Fleet Footwork,Domination,Fleet Footwork,Sorcery,Conqueror,Inspiration,Conqueror,Inspiration,Conqueror,Resolve,Press the Attack,Sorcery,Summon Aery,Inspiration,Flash,Teleport,Flash,Smite,Flash,Teleport,Barrier,Flash,Heal,Flash,Flash,Teleport,Smite,Ghost,Flash,Teleport,Flash,Barrier,Flash,Heal,1,3,2,0,3,0
https://www.op.gg/summoners/euw/Foutriquet-EUW/matches/34-jfPz6TmwC51_-p_ptmArUJR5buN2roGmVJqfrExs%3D/1731234854000,0,3,16,16,3,18,2,29,31,6,10,1,1,0,0,1,2,1,1,23575,31904,9.0,10.2,449,491,29.3,32.1,-8329,8329,1545.4722222222224,2091.4844444444448,Udyr,Wukong,Yasuo,Corki,Lux,Darius,Graves,Syndra,Ashe,Milio,Doran's Ring,Refillable Potion,Kindlegem,Tear of the Goddess,Plated Steelcaps,Chain Vest,Farsight Alteration,Gustwalker Hatchling,Trinity Force,Ruby Crystal,Long Sword,Slightly Magical Footwear,No_Item,Oracle Lens,Doran's Shield,Refillable Potion,Berserker's Greaves,Blade of The Ruined King,Dagger,Ruby Crystal,Stealth Ward,Doran's Blade,Refillable Potion,Trinity Force,Boots,No_Item,No_Item,Stealth Ward,Boots,Dark Seal,Lost Chapter,Zaz'Zak's Realmspike,Amplifying Tome,Amplifying Tome,Oracle Lens,Winged Moonplate,Stridebreaker,Boots of Swiftness,Control Ward,Doran's Blade,Chain Vest,Oracle Lens,Youmuu's Ghostblade,Scorchclaw Pup,Boots,Serrated Dirk,Cloak of Agility,Pickaxe,Eye of the Herald,Doran's Ring,Refillable Potion,Sorcerer's Shoes,Dark Seal,Luden's Companion,Amplifying Tome,Stealth Ward,Doran's Blade,Berserker's Greaves,Statikk Shiv,Zeal,Dagger,Dagger,Farsight Alteration,Dream Maker,Kindlegem,Control Ward,Bandleglass Mirror,Glowing Mote,Ionian Boots of Lucidity,Oracle Lens,Grasp of the Undying,Inspiration,Conqueror,Inspiration,Grasp of the Undying,Precision,Conqueror,Inspiration,Arcane Comet,Precision,Conqueror,Sorcery,Dark Harvest,Precision,First Strike,Sorcery,Press the Attack,Inspiration,Summon Aery,Resolve,Flash,Teleport,Smite,Flash,Teleport,Flash,Flash,Barrier,Flash,Heal,Ghost,Flash,Flash,Smite,Flash,Teleport,Flash,Barrier,Heal,Flash,0,0,0,1,6,0
https://www.op.gg/summoners/euw/Foutriquet-EUW/matches/34-jfPz6TmyXHWUvcXAVjeunhxQSseuJawrvFmmZCYA%3D/1730999454000,1,34,26,26,34,62,88,132,137,65,67,2,4,2,1,6,6,4,5,80431,72222,17.4,17.0,1242,1198,31.5,30.5,8209,-8209,2052.9590909090907,1843.4286713286713,K'Sante,Wukong,Katarina,Corki,Renata Glasc,Gnar,Viego,Galio,Varus,Rakan,Randuin's Omen,Kaenic Rookern,No_Item,Thornmail,"Jak'Sho, The Protean",Plated Steelcaps,Oracle Lens,Trinity Force,Death's Dance,Sundered Sky,Black Cleaver,Mercury's Treads,No_Item,Oracle Lens,Lich Bane,Shadowflame,Zhonya's Hourglass,Sorcerer's Shoes,Void Staff,Rabadon's Deathcap,Oracle Lens,Infinity Edge,Trinity Force,Mortal Reminder,Mercury's Treads,Muramana,Rapid Firecannon,Farsight Alteration,Solstice Sleigh,Mikael's Blessing,Locket of the Iron Solari,No_Item,Ionian Boots of Lucidity,Kindlegem,Oracle Lens,Plated Steelcaps,Black Cleaver,No_Item,Sterak's Gage,Trinity Force,Wit's End,Farsight Alteration,Plated Steelcaps,Titanic Hydra,No_Item,Kraken Slayer,Sterak's Gage,Blade of The Ruined King,Oracle Lens,Plated Steelcaps,No_Item,Zhonya's Hourglass,Cryptbloom,Riftmaker,Hollow Radiance,Farsight Alteration,Berserker's Greaves,Blade of The Ruined King,Runaan's Hurricane,Terminus,Bloodthirster,"Jak'Sho, The Protean",Farsight Alteration,Celestial Opposition,Control Ward,Redemption,Ionian Boots of Lucidity,Zeke's Convergence,Kindlegem,Oracle Lens,Grasp of the Undying,Sorcery,Conqueror,Inspiration,Electrocute,Precision,Hail of Blades,Inspiration,Guardian,Domination,Grasp of the Undying,Precision,Conqueror,Inspiration,Aftershock,Sorcery,Lethal Tempo,Inspiration,Guardian,Domination,Flash,Teleport,Flash,Smite,Flash,Teleport,Flash,Barrier,Flash,Ignite,Flash,Teleport,Smite,Flash,Teleport,Flash,Barrier,Flash,Flash,Heal,0,3,0,1,3,1
https://www.op.gg/summoners/euw/Foutriquet-EUW/matches/34-jfPz6TmyQk0YgW_E0UiSnaX0AdwJVvwjB9bj_374%3D/1730995843000,0,20,29,29,20,72,32,92,71,34,35,2,3,0,1,8,8,2,4,62314,69088,15.0,16.2,1005,986,29.8,29.1,-6774,6774,1840.3616580310884,2040.4227979274615,Aurora,Ivern,Jayce,Seraphine,Poppy,Malphite,Skarner,Twisted Fate,Ashe,Senna,Liandry's Torment,Zhonya's Hourglass,Void Staff,No_Item,Rabadon's Deathcap,Mercury's Treads,Oracle Lens,Mikael's Blessing,Moonstone Renewer,Redemption,Dawncore,Fiendish Codex,Ionian Boots of Lucidity,Oracle Lens,Serylda's Grudge,Eclipse,Control Ward,Muramana,Mercury's Treads,Edge of Night,Farsight Alteration,Fiendish Codex,Zhonya's Hourglass,Seraph's Embrace,Ionian Boots of Lucidity,Liandry's Torment,Dark Seal,Farsight Alteration,Bloodsong,No_Item,Mercury's Treads,Trailblazer,Kindlegem,Negatron Cloak,Oracle Lens,Malignance,Sorcerer's Shoes,Stormsurge,Rabadon's Deathcap,No_Item,Oblivion Orb,Farsight Alteration,Abyssal Mask,Heartsteel,Kindlegem,Bramble Vest,Kaenic Rookern,Mercury's Treads,Oracle Lens,Rabadon's Deathcap,Zeal,Ionian Boots of Lucidity,Needlessly Large Rod,Lich Bane,Rod of Ages,Farsight Alteration,Wit's End,Berserker's Greaves,Kraken Slayer,Phantom Dancer,Bloodthirster,Executioner's Calling,Farsight Alteration,Bloodsong,Dagger,Black Cleaver,Echoes of Helia,Boots of Swiftness,Serpent's Fang,Oracle Lens,Grasp of the Undying,Sorcery,Summon Aery,Inspiration,Conqueror,Inspiration,Summon Aery,Precision,Hail of Blades,Inspiration,Arcane Comet,Domination,Aftershock,Inspiration,Unsealed Spellbook,Sorcery,Lethal Tempo,Inspiration,Grasp of the Undying,Precision,Flash,Teleport,Flash,Smite,Teleport,Flash,Flash,Teleport,Flash,Ignite,Teleport,Flash,Smite,Flash,Teleport,Flash,Flash,Barrier,Flash,Heal,1,5,1,0,1,1
https://www.op.gg/summoners/euw/Foutriquet-EUW/matches/34-jfPz6TmwQwPe0HfxYgkZm1ZduRMm0VLNAG_6p_eE%3D/1730992244000,1,21,18,19,21,32,47,57,62,20,21,1,2,0,0,9,1,1,2,50568,42965,12.6,12.4,735,735,30.4,30.3,7603,-7603,2098.0340425531917,1782.590425531915,Fiora,Jarvan IV,Orianna,Corki,Rell,Gragas,Viego,Syndra,Jhin,Alistar,Ravenous Hydra,Caulfield's Warhammer,Trinity Force,Long Sword,Mercury's Treads,Doran's Blade,Farsight Alteration,Mercury's Treads,Eclipse,Control Ward,Sundered Sky,Glacial Buckler,Warden's Mail,Oracle Lens,Doran's Ring,Needlessly Large Rod,No_Item,Rabadon's Deathcap,Sorcerer's Shoes,Seraph's Embrace,Farsight Alteration,Doran's Blade,Trinity Force,Muramana,Plated Steelcaps,Dagger,Dagger,Farsight Alteration,Warmog's Armor,Bloodsong,Control Ward,Boots of Swiftness,Null-Magic Mantle,Ruby Crystal,Oracle Lens,Seraph's Embrace,Doran's Ring,Control Ward,Cosmic Drive,Ionian Boots of Lucidity,No_Item,Stealth Ward,Plated Steelcaps,Kraken Slayer,Titanic Hydra,Control Ward,No_Item,No_Item,Oracle Lens,Doran's Ring,Shadowflame,Dark Seal,Luden's Companion,Sorcerer's Shoes,No_Item,Farsight Alteration,Hubris,Plated Steelcaps,No_Item,Infinity Edge,The Collector,No_Item,Farsight Alteration,Solstice Sleigh,Boots of Swiftness,Trailblazer,Kindlegem,Control Ward,Cloth Armor,Oracle Lens,Grasp of the Undying,Inspiration,Conqueror,Inspiration,Arcane Comet,Precision,Conqueror,Inspiration,Glacial Augment,Resolve,Phase Rush,Precision,Conqueror,Inspiration,First Strike,Sorcery,Dark Harvest,Inspiration,Aftershock,Inspiration,Teleport,Flash,Smite,Flash,Flash,Teleport,Flash,Barrier,Flash,Ignite,Flash,Teleport,Flash,Smite,Teleport,Flash,Flash,Barrier,Flash,Ignite,1,6,1,0,0,0
https://www.op.gg/summoners/euw/Foutriquet-EUW/matches/34-jfPz6TmwCnWiyhP9BTwFib_XZX7j2CWuRCpKOibc%3D/1730990007000,1,31,20,21,31,34,39,90,93,39,33,4,1,2,0,9,3,6,1,65441,56457,15.8,14.4,981,915,32.1,30.0,8984,-8984,2160.188349514563,1863.6291262135921,Heimerdinger,Viego,Yone,Ashe,Neeko,Swain,Kha'Zix,Anivia,Ezreal,Bard,Doran's Ring,Blackfire Torch,Ionian Boots of Lucidity,Liandry's Torment,Rabadon's Deathcap,Amplifying Tome,Farsight Alteration,Kraken Slayer,Titanic Hydra,Control Ward,Null-Magic Mantle,Mercury's Treads,Sterak's Gage,Oracle Lens,Doran's Shield,Immortal Shieldbow,Berserker's Greaves,Kraken Slayer,Infinity Edge,B. F. Sword,Farsight Alteration,Bloodthirster,Statikk Shiv,Berserker's Greaves,Kraken Slayer,Negatron Cloak,Dagger,Farsight Alteration,Hextech Rocketbelt,Zhonya's Hourglass,Zaz'Zak's Realmspike,Control Ward,Ionian Boots of Lucidity,Oblivion Orb,Oracle Lens,Sorcerer's Shoes,Doran's Ring,Amplifying Tome,Fimbulwinter,Liandry's Torment,Rylai's Crystal Scepter,Farsight Alteration,Ionian Boots of Lucidity,Serrated Dirk,Youmuu's Ghostblade,Opportunity,Serpent's Fang,Serylda's Grudge,Oracle Lens,No_Item,Boots of Swiftness,No_Item,Catalyst of Aeons,Malignance,Zhonya's Hourglass,Farsight Alteration,Doran's Blade,Ionian Boots of Lucidity,Muramana,Bloodthirster,Trinity Force,Tunneler,Farsight Alteration,Redemption,Solstice Sleigh,Mikael's Blessing,Control Ward,Mercury's Treads,Ruby Crystal,Oracle Lens,Conqueror,Sorcery,Conqueror,Inspiration,Fleet Footwork,Resolve,Lethal Tempo,Inspiration,Arcane Comet,Inspiration,Conqueror,Sorcery,Dark Harvest,Sorcery,Phase Rush,Precision,Conqueror,Inspiration,Guardian,Domination,Flash,Teleport,Smite,Flash,Teleport,Flash,Flash,Barrier,Flash,Heal,Flash,Teleport,Flash,Smite,Ignite,Flash,Flash,Cleanse,Heal,Flash,1,3,1,0,3,0
https://www.op.gg/summoners/euw/Foutriquet-EUW/matches/34-jfPz6Tmyyd-HUJwd_pbVKtiV9-2sWwVtZLtOsN0k%3D/1730987527000,1,33,17,17,33,19,34,46,38,13,15,1,2,1,0,9,1,2,2,52390,43132,13.6,12.6,739,698,31.8,30.1,9258,-9258,2248.703196347032,1851.3278538812785,Gnar,Skarner,Sylas,Corki,Tahm Kench,Smolder,Gwen,Yone,Kalista,Pyke,Plated Steelcaps,Trinity Force,Control Ward,Doran's Blade,Sterak's Gage,No_Item,Farsight Alteration,Thornmail,Heartsteel,Plated Steelcaps,Negatron Cloak,Control Ward,No_Item,Oracle Lens,Lich Bane,Seeker's Armguard,Needlessly Large Rod,Hextech Rocketbelt,Dark Seal,Sorcerer's Shoes,Oracle Lens,No_Item,Trinity Force,Plated Steelcaps,Rapid Firecannon,Doran's Blade,Muramana,Farsight Alteration,Celestial Opposition,Plated Steelcaps,Thornmail,Null-Magic Mantle,Control Ward,Heartsteel,Oracle Lens,Spear of Shojin,Muramana,Trinity Force,No_Item,Ionian Boots of Lucidity,No_Item,Farsight Alteration,Rabadon's Deathcap,Nashor's Tooth,Mercury's Treads,Amplifying Tome,Amplifying Tome,No_Item,Oracle Lens,Noonquiver,Pickaxe,No_Item,Doran's Shield,Berserker's Greaves,Blade of The Ruined King,Stealth Ward,Guinsoo's Rageblade,Blade of The Ruined King,Berserker's Greaves,Your Cut,No_Item,No_Item,Farsight Alteration,Serrated Dirk,Youmuu's Ghostblade,Celestial Opposition,Long Sword,No_Item,Boots of Swiftness,Oracle Lens,Grasp of the Undying,Precision,Grasp of the Undying,Inspiration,Conqueror,Resolve,Hail of Blades,Inspiration,Grasp of the Undying,Inspiration,Grasp of the Undying,Precision,Conqueror,Inspiration,Lethal Tempo,Resolve,Press the Attack,Domination,Hail of Blades,Sorcery,Flash,Teleport,Flash,Smite,Flash,Teleport,Flash,Barrier,Heal,Flash,Flash,Teleport,Smite,Ghost,Flash,Teleport,Flash,Barrier,Ignite,Flash,1,6,2,0,0,0
https://www.op.gg/summoners/euw/Foutriquet-EUW/matches/34-jfPz6TmwRS8XEs6JPZD2H6RrFw3Ve1J1JuedeNKA%3D/1730985430000,0,4,12,13,4,15,7,29,36,6,11,0,1,0,0,1,0,0,1,25737,28974,9.4,10.2,501,550,32.1,35.2,-3237,3237,1641.4937007874016,1847.9480314960629,Jax,Wukong,Sylas,Jinx,Thresh,K'Sante,Vi,Orianna,Seraphine,Nautilus,Doran's Shield,Refillable Potion,Trinity Force,Boots,Cloth Armor,Ruby Crystal,Stealth Ward,Slightly Magical Footwear,Trinity Force,Tunneler,Caulfield's Warhammer,Gustwalker Hatchling,No_Item,Stealth Ward,Kindlegem,Hextech Rocketbelt,No_Item,Doran's Ring,Sorcerer's Shoes,No_Item,Oracle Lens,Doran's Blade,Cull,Berserker's Greaves,Long Sword,B. F. Sword,Scout's Slingshot,Farsight Alteration,Ionian Boots of Lucidity,Cloth Armor,Bounty of Worlds,Kindlegem,Refillable Potion,Null-Magic Mantle,Oracle Lens,Doran's Shield,Unending Despair,Tear of the Goddess,Plated Steelcaps,Cloth Armor,No_Item,Stealth Ward,Gustwalker Hatchling,Sundered Sky,No_Item,Slightly Magical Footwear,No_Item,No_Item,Oracle Lens,Sorcerer's Shoes,Seraph's Embrace,No_Item,Doran's Ring,Dark Seal,No_Item,Farsight Alteration,Oblivion Orb,Ionian Boots of Lucidity,Seraph's Embrace,Doran's Ring,Amplifying Tome,Amplifying Tome,Farsight Alteration,Mercury's Treads,Locket of the Iron Solari,Control Ward,Celestial Opposition,No_Item,No_Item,Oracle Lens,Grasp of the Undying,Sorcery,Conqueror,Inspiration,Conqueror,Resolve,Lethal Tempo,Sorcery,Aftershock,Inspiration,Grasp of the Undying,Inspiration,Conqueror,Inspiration,Conqueror,Sorcery,Arcane Comet,Inspiration,Aftershock,Inspiration,Flash,Teleport,Flash,Smite,Flash,Teleport,Flash,Ghost,Flash,Ignite,Teleport,Flash,Smite,Flash,Flash,Teleport,Flash,Teleport,Ignite,Flash,0,3,0,0,3,0
https://www.op.gg/summoners/euw/Foutriquet-EUW/matches/34-jfPz6Tmzo54zOaIytoZnu_mZDZqLblKW4kbVnstY%3D/1730983759000,1,16,9,9,16,10,25,43,27,11,9,0,2,0,0,4,0,0,2,33528,26176,9.6,9.2,469,462,30.3,29.9,7352,-7352,2169.458823529412,1693.7411764705882,Syndra,Nocturne,Rumble,Ashe,Poppy,Darius,Jarvan IV,Orianna,Samira,Neeko,Refillable Potion,Control Ward,Doran's Ring,Hextech Alternator,Sorcerer's Shoes,Luden's Companion,Farsight Alteration,Gustwalker Hatchling,Stridebreaker,Pickaxe,Boots of Swiftness,Ruby Crystal,No_Item,Stealth Ward,Doran's Ring,Riftmaker,Sorcerer's Shoes,Liandry's Torment,No_Item,No_Item,Farsight Alteration,Statikk Shiv,Berserker's Greaves,Hearthbound Axe,Doran's Blade,Dagger,No_Item,Farsight Alteration,Bloodsong,Dead Man's Plate,Negatron Cloak,No_Item,Boots of Swiftness,No_Item,Oracle Lens,Doran's Shield,Refillable Potion,Phage,Mercury's Treads,Hexdrinker,No_Item,Stealth Ward,Mosstomper Seedling,Eclipse,Tunneler,Ruby Crystal,Slightly Magical Footwear,No_Item,Oracle Lens,Boots,Archangel's Staff,Fiendish Codex,Doran's Ring,Dark Seal,Amplifying Tome,Stealth Ward,Boots,The Collector,Cloak of Agility,Doran's Blade,No_Item,No_Item,Stealth Ward,Hextech Alternator,Refillable Potion,Ionian Boots of Lucidity,Kindlegem,No_Item,Celestial Opposition,Oracle Lens,First Strike,Sorcery,Conqueror,Domination,Phase Rush,Resolve,Lethal Tempo,Inspiration,Hail of Blades,Inspiration,Conqueror,Sorcery,Conqueror,Inspiration,Conqueror,Sorcery,Conqueror,Sorcery,Arcane Comet,Domination,Flash,Teleport,Flash,Smite,Flash,Ignite,Flash,Barrier,Flash,Ignite,Flash,Ghost,Smite,Flash,Flash,Teleport,Flash,Cleanse,Flash,Heal,0,6,0,0,0,0
https://www.op.gg/summoners/euw/Foutriquet-EUW/matches/34-jfPz6TmwUvtJQbRhRnCa9eZH3Vpq-a5gTbjghUQU%3D/1730982300000,0,13,29,29,13,49,17,55,56,11,21,0,3,0,0,1,9,0,3,36285,48604,11.4,12.8,614,741,28.0,33.8,-12319,12319,1652.9833333333331,2214.182222222222,Gnar,Jarvan IV,Sylas,Samira,Leona,Renekton,Wukong,Orianna,Swain,Poppy,Black Cleaver,No_Item,Plated Steelcaps,Trinity Force,No_Item,No_Item,Stealth Ward,Sundered Sky,Eclipse,Mercury's Treads,No_Item,No_Item,No_Item,Oracle Lens,Hextech Rocketbelt,Ruby Crystal,Fiendish Codex,Sorcerer's Shoes,Aether Wisp,Doran's Shield,Stealth Ward,Boots,The Collector,Doran's Blade,Mortal Reminder,No_Item,No_Item,Farsight Alteration,Bloodsong,Boots of Swiftness,Zeke's Convergence,Control Ward,Glowing Mote,Ruby Crystal,Oracle Lens,Doran's Shield,Stridebreaker,Plated Steelcaps,Tunneler,Refillable Potion,Ruby Crystal,Oracle Lens,Pickaxe,Trinity Force,Ruby Crystal,Boots of Swiftness,Sundered Sky,No_Item,Stealth Ward,Doran's Ring,Sorcerer's Shoes,Zhonya's Hourglass,Oblivion Orb,Seraph's Embrace,Blasting Wand,Stealth Ward,Ionian Boots of Lucidity,Tear of the Goddess,Liandry's Torment,Doran's Ring,Mejai's Soulstealer,Zhonya's Hourglass,Stealth Ward,Dead Man's Plate,Bloodsong,Locket of the Iron Solari,Mercury's Treads,No_Item,No_Item,Oracle Lens,Grasp of the Undying,Precision,Conqueror,Inspiration,Electrocute,Resolve,Conqueror,Sorcery,Aftershock,Inspiration,Conqueror,Resolve,Conqueror,Inspiration,Phase Rush,Precision,Conqueror,Sorcery,Aftershock,Inspiration,Flash,Teleport,Smite,Flash,Flash,Teleport,Flash,Exhaust,Flash,Ignite,Flash,Teleport,Flash,Smite,Flash,Teleport,Flash,Teleport,Ignite,Flash,1,3,0,0,3,2
https://www.op.gg/summoners/euw/Foutriquet-EUW/matches/34-jfPz6Tmx8wDFz962B_k3JP56VcLAtrLtwRENRkTQ%3D/1730976194000,0,18,26,26,18,38,21,69,101,31,33,3,2,0,1,2,7,3,3,55693,65703,14.8,16.4,1019,1119,32.4,35.6,-10010,10010,1781.1725225225223,2101.312162162162,Gwen,Viego,Smolder,Xayah,Bard,Jax,Elise,Yone,Kai'Sa,Rell,Doran's Ring,Nashor's Tooth,Riftmaker,Plated Steelcaps,Hextech Alternator,Needlessly Large Rod,Stealth Ward,Sundered Sky,Trinity Force,Control Ward,Mercury's Treads,Sterak's Gage,Long Sword,Oracle Lens,Rapid Firecannon,Long Sword,Essence Reaver,Plated Steelcaps,Spear of Shojin,Doran's Blade,Farsight Alteration,B. F. Sword,Berserker's Greaves,Navori Flickerblade,Essence Reaver,Infinity Edge,Null-Magic Mantle,Farsight Alteration,Dead Man's Plate,Statikk Shiv,Bloodsong,Negatron Cloak,Plated Steelcaps,No_Item,Oracle Lens,Zhonya's Hourglass,Trinity Force,Ionian Boots of Lucidity,Sundered Sky,Pickaxe,Tunneler,Stealth Ward,Rabadon's Deathcap,Shadowflame,Control Ward,Needlessly Large Rod,Sorcerer's Shoes,Stormsurge,Oracle Lens,Doran's Shield,No_Item,Berserker's Greaves,Infinity Edge,Immortal Shieldbow,Blade of The Ruined King,Farsight Alteration,Nashor's Tooth,Seeker's Armguard,Berserker's Greaves,Guinsoo's Rageblade,Needlessly Large Rod,Kraken Slayer,Farsight Alteration,Solstice Sleigh,Locket of the Iron Solari,Control Ward,Zeke's Convergence,Kindlegem,Ionian Boots of Lucidity,Oracle Lens,Conqueror,Resolve,Conqueror,Inspiration,Grasp of the Undying,Precision,Lethal Tempo,Inspiration,Guardian,Inspiration,Grasp of the Undying,Sorcery,Dark Harvest,Precision,Fleet Footwork,Resolve,Lethal Tempo,Inspiration,Aftershock,Inspiration,Teleport,Ignite,Smite,Flash,Flash,Teleport,Barrier,Flash,Ignite,Flash,Flash,Teleport,Flash,Smite,Teleport,Flash,Flash,Barrier,Flash,Ignite,0,1,0,1,5,1
https://www.op.gg/summoners/euw/Foutriquet-EUW/matches/34-jfPz6Tmyo6cFPLGJiHhdtlAMnkHayLufr0H_aFBI%3D/1730910535000,0,18,33,33,18,59,30,49,64,19,18,1,2,0,1,2,9,1,3,42614,54671,12.2,13.6,690,756,28.1,30.9,-12057,12057,1728.4,2217.425174825175,Cassiopeia,Jarvan IV,Ahri,Ashe,Blitzcrank,K'Sante,Teemo,Ziggs,Corki,Nautilus,Control Ward,Tear of the Goddess,Giant's Belt,Dark Seal,Void Staff,Liandry's Torment,Farsight Alteration,Sundered Sky,Eclipse,No_Item,Mercury's Treads,Spectre's Cowl,No_Item,Oracle Lens,Blighting Jewel,Malignance,Dark Seal,Sorcerer's Shoes,Shadowflame,Fiendish Codex,Oracle Lens,Phantom Dancer,Vampiric Scepter,Berserker's Greaves,Kraken Slayer,No_Item,Doran's Blade,Farsight Alteration,Celestial Opposition,Locket of the Iron Solari,Control Ward,Winged Moonplate,Boots of Swiftness,Chain Vest,Oracle Lens,Unending Despair,Giant's Belt,Cloth Armor,Mercury's Treads,Iceborn Gauntlet,Kaenic Rookern,Stealth Ward,Liandry's Torment,Mejai's Soulstealer,Sorcerer's Shoes,Amplifying Tome,Nashor's Tooth,Glowing Mote,Stealth Ward,Doran's Ring,Shadowflame,Luden's Companion,Needlessly Large Rod,Needlessly Large Rod,Sorcerer's Shoes,Farsight Alteration,Plated Steelcaps,Refillable Potion,Muramana,Trinity Force,Pickaxe,Doran's Blade,Farsight Alteration,Bloodsong,Mercury's Treads,Warmog's Armor,Kindlegem,Control Ward,No_Item,Oracle Lens,Conqueror,Sorcery,Conqueror,Inspiration,Electrocute,Inspiration,Lethal Tempo,Inspiration,Aftershock,Inspiration,Grasp of the Undying,Precision,Press the Attack,Sorcery,Arcane Comet,Precision,Conqueror,Inspiration,Aftershock,Inspiration,Flash,Teleport,Smite,Flash,Flash,Teleport,Flash,Barrier,Flash,Ignite,Flash,Teleport,Smite,Flash,Flash,Teleport,Barrier,Flash,Flash,Ignite,0,3,0,1,3,2
https://www.op.gg/summoners/euw/Foutriquet-EUW/matches/34-jfPz6TmzrvcEpeGn9a-NBEj3Lzz9QW_Pi_K5vWc4%3D/1730907968000,1,28,24,24,28,49,37,71,76,24,22,3,0,0,1,9,3,3,1,63357,53570,15.2,14.6,1008,814,34.9,28.1,9787,-9787,2172.24,1836.6857142857143,Gnar,Graves,Galio,Syndra,Rell,Jax,Jarvan IV,Ahri,Veigar,Alistar,Plated Steelcaps,Sterak's Gage,Negatron Cloak,"Jak'Sho, The Protean",Black Cleaver,Trinity Force,Oracle Lens,Long Sword,Youmuu's Ghostblade,Mercury's Treads,The Collector,Immortal Shieldbow,Long Sword,Oracle Lens,Needlessly Large Rod,Riftmaker,Mercury's Treads,Dark Seal,Negatron Cloak,Hollow Radiance,Oracle Lens,Needlessly Large Rod,Luden's Companion,Needlessly Large Rod,Dark Seal,Ionian Boots of Lucidity,Stormsurge,Farsight Alteration,Bloodsong,Abyssal Mask,Ionian Boots of Lucidity,Zeke's Convergence,Kindlegem,No_Item,Oracle Lens,Sundered Sky,Shattered Armguard,Control Ward,Trinity Force,Mercury's Treads,No_Item,Stealth Ward,Sundered Sky,Eclipse,Control Ward,Frozen Heart,Mercury's Treads,Null-Magic Mantle,Oracle Lens,Malignance,Liandry's Torment,Needlessly Large Rod,Mercury's Treads,Void Staff,Needlessly Large Rod,Oracle Lens,Rod of Ages,Ionian Boots of Lucidity,Seraph's Embrace,Doran's Ring,Rabadon's Deathcap,Control Ward,Farsight Alteration,Celestial Opposition,Locket of the Iron Solari,Knight's Vow,Mercury's Treads,Control Ward,Cloth Armor,Oracle Lens,Grasp of the Undying,Precision,Dark Harvest,Precision,Aftershock,Sorcery,First Strike,Sorcery,Aftershock,Inspiration,Lethal Tempo,Resolve,Conqueror,Inspiration,Summon Aery,Precision,Summon Aery,Precision,Aftershock,Inspiration,Flash,Teleport,Smite,Flash,Teleport,Flash,Teleport,Flash,Flash,Ignite,Flash,Teleport,Smite,Flash,Teleport,Flash,Flash,Teleport,Flash,Ignite,1,6,1,0,0,0
https://www.op.gg/summoners/euw/Foutriquet-EUW/matches/34-jfPz6TmxeYF0xsr0VPHuJdCRFjxA7_b-1a-Dc1dU%3D/1730905471000,0,11,27,27,11,36,12,40,34,6,10,1,2,0,0,2,5,1,2,35113,43515,10.8,12.2,578,637,28.8,31.6,-8402,8402,1743.1985815602836,2160.31914893617,Akali,Wukong,Sylas,Caitlyn,Rakan,Cho'Gath,Jarvan IV,Kennen,Varus,Brand,Boots,Heartsteel,Tunneler,Giant's Belt,Long Sword,Long Sword,Oracle Lens,Sundered Sky,Trinity Force,Control Ward,Mercury's Treads,No_Item,No_Item,Oracle Lens,Doran's Ring,Hextech Rocketbelt,Dark Seal,Boots,Lich Bane,Null-Magic Mantle,Oracle Lens,Refillable Potion,Yun Tal Wildarrows,Berserker's Greaves,B. F. Sword,Doran's Blade,No_Item,Farsight Alteration,Celestial Opposition,Locket of the Iron Solari,No_Item,No_Item,No_Item,Ionian Boots of Lucidity,Oracle Lens,Tear of the Goddess,Heartsteel,Doran's Shield,Plated Steelcaps,Unending Despair,Spectre's Cowl,Oracle Lens,Sundered Sky,Eclipse,Mercury's Treads,No_Item,No_Item,No_Item,Oracle Lens,Sorcerer's Shoes,Doran's Ring,Stormsurge,Shadowflame,Amplifying Tome,No_Item,Stealth Ward,Manamune,Serrated Dirk,Hubris,Doran's Blade,Tunneler,Boots of Swiftness,Farsight Alteration,Fated Ashes,Control Ward,Zaz'Zak's Realmspike,Haunting Guise,Sorcerer's Shoes,Rylai's Crystal Scepter,Oracle Lens,Grasp of the Undying,Sorcery,Conqueror,Inspiration,Electrocute,Resolve,Lethal Tempo,Sorcery,Guardian,Domination,Grasp of the Undying,Inspiration,Conqueror,Inspiration,Electrocute,Inspiration,Arcane Comet,Inspiration,Arcane Comet,Precision,Ignite,Teleport,Flash,Smite,Flash,Teleport,Flash,Barrier,Flash,Exhaust,Flash,Teleport,Smite,Flash,Flash,Teleport,Teleport,Flash,Flash,Ignite,1,3,0,0,3,0
https://www.op.gg/summoners/euw/Foutriquet-EUW/matches/34-jfPz6TmycHp6dktEmGNJMnPrOXYmUoQeZHZ9UYD4%3D/1730903395000,1,30,19,19,30,32,45,61,84,43,26,2,2,1,0,9,5,3,2,64999,56698,15.6,14.0,1011,982,32.3,31.3,8301,-8301,2073.4448028673837,1808.6458781362007,Camille,Vi,Taliyah,Jinx,Brand,Yone,Elise,Karma,Ezreal,Nautilus,Ravenous Hydra,Death's Dance,Mercurial Scimitar,Trinity Force,Sterak's Gage,Mercury's Treads,Oracle Lens,Sterak's Gage,Sundered Sky,No_Item,Ruby Crystal,Mercury's Treads,Negatron Cloak,Oracle Lens,No_Item,Rabadon's Deathcap,Shadowflame,Doran's Ring,Sorcerer's Shoes,Seraph's Embrace,Oracle Lens,Noonquiver,Zeal,Doran's Blade,Yun Tal Wildarrows,Infinity Edge,Berserker's Greaves,Farsight Alteration,Sorcerer's Shoes,Zaz'Zak's Realmspike,No_Item,Rylai's Crystal Scepter,Liandry's Torment,No_Item,Oracle Lens,Immortal Shieldbow,Stridebreaker,Berserker's Greaves,Blade of The Ruined King,B. F. Sword,No_Item,Farsight Alteration,Shadowflame,Stormsurge,Blighting Jewel,Dark Seal,Sorcerer's Shoes,Blasting Wand,Oracle Lens,Horizon Focus,Fiendish Codex,Blighting Jewel,Malignance,Doran's Ring,Ionian Boots of Lucidity,Stealth Ward,Maw of Malmortius,Spear of Shojin,Last Whisper,Trinity Force,Ionian Boots of Lucidity,Muramana,Farsight Alteration,No_Item,Knight's Vow,Solstice Sleigh,Control Ward,Zeke's Convergence,Boots of Swiftness,Oracle Lens,Grasp of the Undying,Inspiration,Conqueror,Inspiration,Phase Rush,Precision,Lethal Tempo,Inspiration,Arcane Comet,Precision,Grasp of the Undying,Precision,Dark Harvest,Precision,Summon Aery,Domination,Press the Attack,Sorcery,Aftershock,Inspiration,Flash,Teleport,Smite,Flash,Teleport,Flash,Barrier,Flash,Flash,Ignite,Flash,Teleport,Flash,Smite,Flash,Teleport,Flash,Barrier,Flash,Ignite,1,1,1,0,5,0
https://www.op.gg/summoners/euw/Foutriquet-EUW/matches/34-jfPz6TmwOBK_PCErBxiCFL4TVLQ1-4A9mngplyLw%3D/1730900874000,1,32,36,36,32,57,54,82,85,28,32,1,2,0,1,8,7,1,3,61233,62010,15.2,14.8,874,863,28.5,28.2,-777,777,1988.0844155844156,2013.3116883116882,Ornn,Skarner,Ahri,Xayah,Maokai,Olaf,Viego,Ezreal,Anivia,Rakan,"Jak'Sho, The Protean",Unending Despair,Thornmail,Plated Steelcaps,No_Item,No_Item,Stealth Ward,Spectre's Cowl,Heartsteel,No_Item,Mercury's Treads,Unending Despair,Ruby Crystal,Oracle Lens,Needlessly Large Rod,Malignance,Ionian Boots of Lucidity,Stormsurge,Oblivion Orb,Void Staff,Oracle Lens,Infinity Edge,Essence Reaver,Navori Flickerblade,Berserker's Greaves,Bloodthirster,No_Item,Farsight Alteration,Warmog's Armor,Knight's Vow,Solstice Sleigh,No_Item,Boots of Swiftness,No_Item,Oracle Lens,Sterak's Gage,Ravenous Hydra,No_Item,Experimental Hexplate,Death's Dance,Plated Steelcaps,Farsight Alteration,Black Cleaver,Blade of The Ruined King,Executioner's Calling,Mercury's Treads,Sundered Sky,Caulfield's Warhammer,Oracle Lens,Mercurial Scimitar,Trinity Force,Serylda's Grudge,Ionian Boots of Lucidity,Muramana,No_Item,Farsight Alteration,Liandry's Torment,Boots of Swiftness,Malignance,Catalyst of Aeons,Blighting Jewel,No_Item,Farsight Alteration,Celestial Opposition,Warmog's Armor,Locket of the Iron Solari,Mercury's Treads,No_Item,No_Item,Oracle Lens,Phase Rush,Resolve,Aftershock,Inspiration,Electrocute,Precision,Lethal Tempo,Inspiration,Glacial Augment,Resolve,Conqueror,Inspiration,Conqueror,Inspiration,Press the Attack,Inspiration,Phase Rush,Precision,Guardian,Domination,Teleport,Flash,Flash,Smite,Teleport,Flash,Barrier,Flash,Flash,Ignite,Flash,Ghost,Smite,Flash,Flash,Cleanse,Ignite,Flash,Ignite,Flash,0,3,1,1,3,1
https://www.op.gg/summoners/euw/Foutriquet-EUW/matches/34-jfPz6TmyalQQayn5tzIjn7vtIi17LgsADE22eqFI%3D/1730897486000,1,15,3,3,15,6,15,53,52,26,15,2,0,1,0,11,0,3,0,51952,34351,13.6,12.0,911,710,38.8,30.3,17601,-17601,2215.962085308057,1465.2085308056874,Kennen,Viego,Tryndamere,Sivir,Rakan,Aatrox,Ekko,Yone,Caitlyn,Lux,Control Ward,Ionian Boots of Lucidity,Hextech Rocketbelt,Doran's Blade,Liandry's Torment,Morellonomicon,Stealth Ward,Kraken Slayer,Titanic Hydra,Plated Steelcaps,No_Item,No_Item,No_Item,Oracle Lens,Berserker's Greaves,Blade of The Ruined King,Ravenous Hydra,No_Item,Doran's Blade,Phantom Dancer,Oracle Lens,Essence Reaver,Navori Flickerblade,Berserker's Greaves,B. F. Sword,Pickaxe,Doran's Blade,Farsight Alteration,Celestial Opposition,Locket of the Iron Solari,Kindlegem,Ionian Boots of Lucidity,Cloth Armor,No_Item,Oracle Lens,Sundered Sky,Ruby Crystal,Mercury's Treads,Ruby Crystal,Long Sword,No_Item,Stealth Ward,Sorcerer's Shoes,Hextech Rocketbelt,Mejai's Soulstealer,Recurve Bow,Amplifying Tome,Glowing Mote,Oracle Lens,Doran's Shield,Berserker's Greaves,Refillable Potion,Blade of The Ruined King,Cloak of Agility,Long Sword,Farsight Alteration,Doran's Blade,Infinity Edge,The Collector,Berserker's Greaves,Zeal,Dagger,Farsight Alteration,Control Ward,Celestial Opposition,Ionian Boots of Lucidity,No_Item,Luden's Companion,No_Item,Oracle Lens,Electrocute,Inspiration,Conqueror,Inspiration,Grasp of the Undying,Precision,Lethal Tempo,Sorcery,Guardian,Domination,Arcane Comet,Resolve,Dark Harvest,Inspiration,Lethal Tempo,Resolve,First Strike,Sorcery,Arcane Comet,Domination,Flash,Teleport,Smite,Flash,Flash,Ignite,Flash,Teleport,Flash,Heal,Flash,Teleport,Smite,Flash,Flash,Teleport,Cleanse,Flash,Flash,Heal,1,5,3,0,1,0
https://www.op.gg/summoners/euw/Foutriquet-EUW/matches/34-jfPz6TmzkcbPqMrhU_7gTGkpV7YQYBoo54g74LIk%3D/1730839456000,1,27,15,15,27,23,35,57,52,19,21,2,1,1,0,10,0,3,1,53133,40670,14.0,12.0,784,694,34.1,30.2,12463,-12463,2323.0241860465117,1778.1302325581396,Jayce,Viego,Ahri,Tristana,Lulu,Aatrox,Xin Zhao,Kassadin,Syndra,Pyke,Muramana,Caulfield's Warhammer,Maw of Malmortius,Mercury's Treads,Doran's Blade,Eclipse,Farsight Alteration,Kraken Slayer,Titanic Hydra,No_Item,Ruby Crystal,Long Sword,Mercury's Treads,Oracle Lens,Lich Bane,Malignance,No_Item,Sorcerer's Shoes,Dark Seal,No_Item,Oracle Lens,Hexdrinker,Infinity Edge,The Collector,Berserker's Greaves,Doran's Blade,Dagger,Farsight Alteration,Redemption,Dream Maker,Ionian Boots of Lucidity,Ruby Crystal,Moonstone Renewer,No_Item,Oracle Lens,Doran's Shield,Eclipse,Tunneler,Plated Steelcaps,Ruby Crystal,Long Sword,Oracle Lens,Sundered Sky,Control Ward,Titanic Hydra,Slightly Magical Footwear,Cloth Armor,Your Cut,Oracle Lens,Malignance,Shattered Armguard,Seraph's Embrace,Doran's Shield,Boots,Dark Seal,Oracle Lens,Luden's Companion,Sorcerer's Shoes,Doran's Ring,Horizon Focus,Blighting Jewel,Blasting Wand,Farsight Alteration,Bloodsong,Refillable Potion,Control Ward,Umbral Glaive,Boots of Swiftness,Serrated Dirk,Oracle Lens,Phase Rush,Inspiration,Conqueror,Inspiration,Electrocute,Sorcery,Lethal Tempo,Domination,Summon Aery,Resolve,Conqueror,Resolve,Conqueror,Inspiration,Electrocute,Resolve,First Strike,Precision,Hail of Blades,Resolve,Flash,Teleport,Smite,Flash,Flash,Teleport,Barrier,Flash,Flash,Heal,Flash,Teleport,Flash,Smite,Flash,Teleport,Flash,Teleport,Ignite,Flash,1,6,1,0,0,0
https://www.op.gg/summoners/euw/Foutriquet-EUW/matches/34-jfPz6TmxxmAKWnTxIwKVwRp4mveJrxQ0e6KYbc_g%3D/1730836223000,1,34,16,16,34,24,48,73,65,24,22,1,2,1,0,7,2,2,2,54498,43798,14.0,12.2,745,736,30.5,30.099999999999998,10700,-10700,2231.822857142857,1793.6323809523808,Aurora,Jarvan IV,Darius,Ashe,LeBlanc,Gnar,Viego,Ahri,Jinx,Nautilus,Stormsurge,Luden's Companion,Dark Seal,Horizon Focus,Synchronized Souls,Amplifying Tome,Oracle Lens,Sundered Sky,Randuin's Omen,No_Item,Mercury's Treads,Eclipse,No_Item,Oracle Lens,Stridebreaker,Tunneler,Doran's Shield,Dead Man's Plate,Mercury's Treads,Winged Moonplate,Stealth Ward,Doran's Blade,Berserker's Greaves,Kraken Slayer,Phantom Dancer,Pickaxe,No_Item,Farsight Alteration,Needlessly Large Rod,Luden's Companion,Celestial Opposition,Sorcerer's Shoes,Hextech Alternator,Dark Seal,Oracle Lens,Trinity Force,Refillable Potion,Tunneler,Mercury's Treads,Ruby Crystal,Pickaxe,Oracle Lens,Sundered Sky,Kraken Slayer,No_Item,Pickaxe,Ruby Crystal,Slightly Magical Footwear,Oracle Lens,Sorcerer's Shoes,Malignance,Dark Seal,Doran's Ring,Horizon Focus,Needlessly Large Rod,Farsight Alteration,Doran's Blade,Phantom Dancer,The Collector,Berserker's Greaves,Infinity Edge,No_Item,Farsight Alteration,Trailblazer,Control Ward,Solstice Sleigh,Kindlegem,Boots of Swiftness,Cloth Armor,Oracle Lens,Summon Aery,Domination,Conqueror,Inspiration,Conqueror,Resolve,Lethal Tempo,Inspiration,Electrocute,Sorcery,Grasp of the Undying,Inspiration,Conqueror,Inspiration,Electrocute,Sorcery,Press the Attack,Domination,Glacial Augment,Resolve,Teleport,Flash,Smite,Flash,Ghost,Flash,Flash,Barrier,Flash,Ignite,Teleport,Flash,Flash,Smite,Flash,Teleport,Flash,Barrier,Flash,Ignite,1,3,0,0,0,0
https://www.op.gg/summoners/euw/Foutriquet-EUW/matches/34-jfPz6Tmy8tRKRjqfqxbsXVl83j7LlYc0oe7mdmXk%3D/1730833913000,1,22,6,6,22,9,26,50,39,17,11,2,1,0,0,5,2,2,1,42631,33619,12.4,11.2,652,614,30.6,28.8,9012,-9012,2018.0355029585799,1591.4319526627219,K'Sante,Jarvan IV,Heimerdinger,Lucian,Braum,Sion,Graves,Orianna,Ashe,Bard,Doran's Shield,Iceborn Gauntlet,Plated Steelcaps,Fimbulwinter,Chain Vest,Warden's Mail,Oracle Lens,Frozen Heart,Eclipse,Mercury's Treads,Sundered Sky,No_Item,No_Item,Oracle Lens,Doran's Ring,Blackfire Torch,Ionian Boots of Lucidity,Haunting Guise,Dark Seal,Fated Ashes,Farsight Alteration,Doran's Blade,Essence Reaver,No_Item,Berserker's Greaves,Pickaxe,B. F. Sword,Farsight Alteration,Solstice Sleigh,Locket of the Iron Solari,No_Item,Plated Steelcaps,Kindlegem,No_Item,Oracle Lens,Control Ward,Unending Despair,Spectre's Cowl,Boots,Kindlegem,Doran's Shield,Farsight Alteration,The Collector,Youmuu's Ghostblade,No_Item,Boots,No_Item,No_Item,Oracle Lens,Luden's Companion,Doran's Ring,Sorcerer's Shoes,Needlessly Large Rod,Shattered Armguard,No_Item,Farsight Alteration,Doran's Blade,Berserker's Greaves,Kraken Slayer,Runaan's Hurricane,No_Item,No_Item,Farsight Alteration,Bloodsong,Dead Man's Plate,Ruby Crystal,No_Item,Control Ward,Boots of Swiftness,Oracle Lens,Grasp of the Undying,Sorcery,Conqueror,Inspiration,Arcane Comet,Precision,Press the Attack,Inspiration,Aftershock,Inspiration,Grasp of the Undying,Sorcery,Dark Harvest,Precision,Summon Aery,Precision,Lethal Tempo,Inspiration,Guardian,Inspiration,Flash,Teleport,Smite,Flash,Flash,Teleport,Flash,Barrier,Flash,Ignite,Teleport,Flash,Flash,Smite,Teleport,Flash,Barrier,Flash,Flash,Ignite,1,4,0,0,2,0
https://www.op.gg/summoners/euw/Foutriquet-EUW/matches/34-jfPz6Tmwe8N3d_vQ9Tovz9C6GwlluWi7bRZ1rSbk%3D/1730814353000,1,24,29,29,24,56,44,101,77,23,42,2,3,3,0,8,5,5,3,73201,68434,17.2,16.4,1085,1104,30.1,30.5,4767,-4767,2011.6305343511451,1880.629007633588,Jax,Kayn,Cassiopeia,Corki,Nautilus,Gragas,Jarvan IV,Sylas,Caitlyn,Soraka,Shattered Armguard,Sundered Sky,Control Ward,Mercury's Treads,Trinity Force,Null-Magic Mantle,Stealth Ward,Chempunk Chainsword,Spear of Shojin,Black Cleaver,Mercury's Treads,Steel Sigil,No_Item,Stealth Ward,Blasting Wand,Rabadon's Deathcap,Seraph's Embrace,Oblivion Orb,Rylai's Crystal Scepter,Zhonya's Hourglass,Farsight Alteration,Boots of Swiftness,Infinity Edge,The Collector,Opportunity,Mortal Reminder,Rapid Firecannon,Farsight Alteration,Celestial Opposition,Plated Steelcaps,Locket of the Iron Solari,Thornmail,Abyssal Mask,No_Item,Oracle Lens,Zhonya's Hourglass,Fimbulwinter,Cosmic Drive,Aether Wisp,Sheen,Ionian Boots of Lucidity,Farsight Alteration,Plated Steelcaps,Eclipse,Warden's Mail,Sundered Sky,Frozen Heart,Executioner's Calling,Oracle Lens,Zhonya's Hourglass,Hextech Rocketbelt,Blasting Wand,Blighting Jewel,Lich Bane,Sorcerer's Shoes,Oracle Lens,B. F. Sword,The Collector,Infinity Edge,Rapid Firecannon,Mortal Reminder,Berserker's Greaves,Farsight Alteration,Locket of the Iron Solari,Redemption,Dream Maker,No_Item,Boots of Swiftness,Moonstone Renewer,Oracle Lens,Grasp of the Undying,Sorcery,Conqueror,Inspiration,Conqueror,Sorcery,Hail of Blades,Precision,Aftershock,Inspiration,Phase Rush,Inspiration,Conqueror,Inspiration,Electrocute,Resolve,Lethal Tempo,Sorcery,Summon Aery,Resolve,Flash,Teleport,Flash,Smite,Flash,Teleport,Flash,Barrier,Ignite,Flash,Flash,Teleport,Smite,Flash,Flash,Teleport,Flash,Barrier,Heal,Flash,1,5,3,0,1,0
https://www.op.gg/summoners/euw/Foutriquet-EUW/matches/34-jfPz6Tmxiqqm3KR-YJ-QmpLRt2VdElFTAn0UTQS4%3D/1730810998000,1,36,18,18,36,29,58,63,56,23,15,2,1,1,0,10,0,3,1,59615,45072,14.4,13.2,837,754,32.4,29.2,14543,-14543,2297.6614583333335,1737.15,Warwick,Elise,Sylas,Corki,Senna,Jax,Viego,Ahri,Jinx,Taric,Stridebreaker,Hullbreaker,Kraken Slayer,Winged Moonplate,Plated Steelcaps,Chain Vest,Oracle Lens,Sorcerer's Shoes,Stormsurge,Void Staff,Dark Seal,Needlessly Large Rod,Needlessly Large Rod,Oracle Lens,Hextech Rocketbelt,Seeker's Armguard,Doran's Ring,Lich Bane,Mercury's Treads,No_Item,Oracle Lens,No_Item,No_Item,No_Item,No_Item,No_Item,No_Item,Farsight Alteration,Bloodsong,No_Item,Boots of Swiftness,Edge of Night,Black Cleaver,No_Item,Oracle Lens,Sundered Sky,Amplifying Tome,Control Ward,Trinity Force,Executioner's Calling,Ionian Boots of Lucidity,Stealth Ward,Tunneler,Titanic Hydra,Kraken Slayer,Ruby Crystal,Pickaxe,Mercury's Treads,Oracle Lens,Mercury's Treads,Malignance,Horizon Focus,Needlessly Large Rod,Doran's Ring,Needlessly Large Rod,Oracle Lens,Berserker's Greaves,Infinity Edge,The Collector,Zeal,Doran's Blade,Control Ward,Farsight Alteration,Control Ward,Tear of the Goddess,Bloodsong,Knight's Vow,Negatron Cloak,Boots of Swiftness,Oracle Lens,Grasp of the Undying,Precision,Dark Harvest,Precision,Electrocute,Inspiration,Conqueror,Inspiration,Fleet Footwork,Sorcery,Grasp of the Undying,Sorcery,Conqueror,Inspiration,Electrocute,Inspiration,Lethal Tempo,Sorcery,Glacial Augment,Resolve,Flash,Barrier,Flash,Smite,Teleport,Flash,Flash,Cleanse,Flash,Heal,Flash,Teleport,Smite,Flash,Flash,Teleport,Barrier,Flash,Ignite,Flash,1,3,2,0,3,0
https://www.op.gg/summoners/euw/Foutriquet-EUW/matches/34-jfPz6Tmy9hxGQrVsFqWNpYDybex-Qdh_B3YGXoqU%3D/1730742683000,0,26,38,38,26,78,60,76,91,30,29,2,3,0,1,4,10,2,4,59501,69568,14.8,16.2,886,961,27.3,29.6,-10067,10067,1830.8,2140.5538461538463,K'Sante,Volibear,Ahri,Jhin,Senna,Shen,Viego,Orianna,Karthus,Pyke,Iceborn Gauntlet,Mercury's Treads,Kaenic Rookern,"Jak'Sho, The Protean",Negatron Cloak,Winged Moonplate,Stealth Ward,Sundered Sky,Negatron Cloak,Plated Steelcaps,Spirit Visage,Dead Man's Plate,Winged Moonplate,Oracle Lens,Horizon Focus,Malignance,Sorcerer's Shoes,Dark Seal,Needlessly Large Rod,Needlessly Large Rod,Farsight Alteration,Infinity Edge,Boots of Swiftness,Statikk Shiv,No_Item,Rapid Firecannon,Noonquiver,Farsight Alteration,Black Cleaver,Refillable Potion,Bloodsong,Rapid Firecannon,Boots of Swiftness,Serrated Dirk,Oracle Lens,Titanic Hydra,Sunfire Aegis,Plated Steelcaps,No_Item,No_Item,Heartsteel,Stealth Ward,Kraken Slayer,Titanic Hydra,No_Item,Sterak's Gage,Black Cleaver,Plated Steelcaps,Oracle Lens,Sorcerer's Shoes,Void Staff,Seraph's Embrace,Liandry's Torment,Mejai's Soulstealer,Needlessly Large Rod,Farsight Alteration,Void Staff,Blackfire Torch,Shadowflame,Sorcerer's Shoes,Liandry's Torment,Oblivion Orb,Stealth Ward,Bloodsong,Umbral Glaive,Control Ward,Serrated Dirk,Boots of Swiftness,Edge of Night,Oracle Lens,Grasp of the Undying,Sorcery,Press the Attack,Sorcery,Electrocute,Sorcery,Fleet Footwork,Sorcery,Fleet Footwork,Resolve,Grasp of the Undying,Domination,Conqueror,Inspiration,Phase Rush,Precision,Dark Harvest,Precision,Hail of Blades,Inspiration,Flash,Teleport,Flash,Smite,Flash,Teleport,Barrier,Flash,Heal,Flash,Flash,Ignite,Smite,Flash,Flash,Teleport,Flash,Exhaust,Flash,Ignite,0,4,0,1,2,3
https://www.op.gg/summoners/euw/Foutriquet-EUW/matches/34-jfPz6TmzqRYZD5Sd8U2mm6s0gwkws7qANo2eKEe4%3D/1730739838000,1,40,29,29,40,53,75,112,124,54,38,4,1,1,1,9,4,5,2,75835,71255,17.0,16.4,1150,1133,31.1,30.700000000000003,4580,-4580,2057.8341708542716,1933.5527638190956,Ornn,Viego,Ryze,Corki,Rell,Dr. Mundo,Morgana,Talon,Caitlyn,Poppy,Heartsteel,Warmog's Armor,Mercury's Treads,Giant's Belt,Thornmail,Chain Vest,Stealth Ward,Black Cleaver,Titanic Hydra,Randuin's Omen,Mercury's Treads,Sterak's Gage,Kraken Slayer,Oracle Lens,Seraph's Embrace,Blighting Jewel,Zhonya's Hourglass,Cosmic Drive,Rabadon's Deathcap,Boots of Swiftness,Farsight Alteration,Trinity Force,Mortal Reminder,Plated Steelcaps,Doran's Blade,Infinity Edge,Muramana,Farsight Alteration,Control Ward,Locket of the Iron Solari,Celestial Opposition,Knight's Vow,Chain Vest,Mercury's Treads,Oracle Lens,Spirit Visage,Unending Despair,Warmog's Armor,Boots of Swiftness,Heartsteel,Tunneler,Stealth Ward,Stormsurge,Shadowflame,Shattered Armguard,Liandry's Torment,Ionian Boots of Lucidity,Needlessly Large Rod,Oracle Lens,Edge of Night,Black Cleaver,Youmuu's Ghostblade,Boots,Serpent's Fang,Eclipse,Oracle Lens,Berserker's Greaves,The Collector,Bloodthirster,Lord Dominik's Regards,Pickaxe,Infinity Edge,Farsight Alteration,Bloodsong,Dead Man's Plate,Locket of the Iron Solari,Control Ward,Boots of Swiftness,Kindlegem,Oracle Lens,Grasp of the Undying,Inspiration,Conqueror,Inspiration,Phase Rush,Resolve,Conqueror,Inspiration,Aftershock,Inspiration,Grasp of the Undying,Inspiration,Arcane Comet,Inspiration,Conqueror,Sorcery,Hail of Blades,Sorcery,Hail of Blades,Inspiration,Teleport,Flash,Smite,Flash,Flash,Teleport,Flash,Cleanse,Ignite,Flash,Flash,Teleport,Flash,Smite,Ignite,Flash,Ghost,Flash,Ignite,Flash,1,4,2,0,2,0
https://www.op.gg/summoners/euw/Foutriquet-EUW/matches/34-jfPz6TmwdWjNjRfNY9iWRusTIVb4fxt2zzyWc7SE%3D/1730736578000,0,19,26,26,19,35,23,59,61,23,23,0,3,0,1,3,9,0,4,46329,52981,12.6,14.0,778,815,31.7,33.4,-6652,6652,1901.9273684210525,2175.00947368421,Vladimir,Viego,Corki,Jhin,Pyke,Hwei,Jax,Gnar,Ashe,Veigar,Doran's Ring,Cosmic Drive,Refillable Potion,Ionian Boots of Lucidity,Haunting Guise,Fiendish Codex,Stealth Ward,Mercury's Treads,Titanic Hydra,Control Ward,Kraken Slayer,Tunneler,Ruby Crystal,Oracle Lens,Doran's Blade,Mercury's Treads,Trinity Force,Muramana,Cloak of Agility,No_Item,Farsight Alteration,Doran's Blade,Boots of Swiftness,Infinity Edge,The Collector,Noonquiver,Long Sword,Farsight Alteration,Celestial Opposition,Mercury's Treads,Umbral Glaive,Long Sword,Long Sword,The Brutalizer,Oracle Lens,Sorcerer's Shoes,Needlessly Large Rod,Doran's Ring,Horizon Focus,Amplifying Tome,Blackfire Torch,Farsight Alteration,Plated Steelcaps,Shattered Armguard,No_Item,Sundered Sky,Trinity Force,No_Item,Stealth Ward,Doran's Shield,Trinity Force,No_Item,Black Cleaver,Plated Steelcaps,No_Item,Stealth Ward,Phantom Dancer,Berserker's Greaves,Doran's Blade,Kraken Slayer,Infinity Edge,No_Item,Farsight Alteration,Bloodsong,Heartsteel,Thornmail,Sapphire Crystal,Warden's Mail,Plated Steelcaps,Oracle Lens,Grasp of the Undying,Sorcery,Conqueror,Inspiration,Conqueror,Inspiration,Fleet Footwork,Sorcery,Hail of Blades,Precision,Arcane Comet,Precision,Conqueror,Inspiration,Grasp of the Undying,Precision,Press the Attack,Inspiration,Guardian,Inspiration,Teleport,Flash,Smite,Flash,Flash,Teleport,Flash,Barrier,Flash,Ignite,Flash,Teleport,Smite,Flash,Flash,Teleport,Flash,Barrier,Flash,Heal,0,4,0,1,2,2
https://www.op.gg/summoners/euw/Foutriquet-EUW/matches/34-jfPz6TmxjpgWrHORHvsr8FCW1Jsd78Jps5n3aAOw%3D/1730729559000,0,14,46,47,14,87,21,46,73,26,17,0,3,0,1,6,11,0,4,54088,66791,14.0,16.4,856,964,29.2,32.7,-12703,12703,1841.7896551724139,2274.348706896552,Gnar,Skarner,Sylas,Ezreal,Maokai,Shen,Lillia,Corki,Hwei,Thresh,Plated Steelcaps,Sterak's Gage,Black Cleaver,Trinity Force,Wit's End,Cloth Armor,Oracle Lens,Abyssal Mask,Heartsteel,Null-Magic Mantle,Negatron Cloak,Mercury's Treads,Ruby Crystal,Oracle Lens,Lich Bane,Refillable Potion,Hextech Rocketbelt,Boots,Needlessly Large Rod,Needlessly Large Rod,Oracle Lens,Control Ward,Ionian Boots of Lucidity,Trinity Force,Tunneler,Muramana,Serylda's Grudge,Farsight Alteration,Redemption,Locket of the Iron Solari,Celestial Opposition,Mercury's Treads,Negatron Cloak,No_Item,Oracle Lens,Knight's Vow,Redemption,Locket of the Iron Solari,Bami's Cinder,Ionian Boots of Lucidity,Control Ward,Farsight Alteration,Liandry's Torment,Riftmaker,No_Item,Ionian Boots of Lucidity,Mejai's Soulstealer,Cosmic Drive,Oracle Lens,Infinity Edge,Trinity Force,Rapid Firecannon,Mercury's Treads,Muramana,Lord Dominik's Regards,Farsight Alteration,Boots,Blackfire Torch,Cryptbloom,Liandry's Torment,Horizon Focus,Amplifying Tome,Farsight Alteration,Mikael's Blessing,Locket of the Iron Solari,Celestial Opposition,Abyssal Mask,Synchronized Souls,No_Item,Oracle Lens,Grasp of the Undying,Precision,Aftershock,Inspiration,Electrocute,Inspiration,Conqueror,Sorcery,Aftershock,Inspiration,Grasp of the Undying,Domination,Conqueror,Inspiration,Conqueror,Inspiration,Arcane Comet,Precision,Aftershock,Inspiration,Flash,Teleport,Smite,Flash,Teleport,Flash,Flash,Teleport,Ignite,Flash,Teleport,Flash,Flash,Smite,Flash,Teleport,Flash,Teleport,Flash,Ignite,1,3,1,0,3,2
https://www.op.gg/summoners/euw/Foutriquet-EUW/matches/34-jfPz6TmzOeXDUt8foQMEiVkeYLft8aRwZCpJCuv8%3D/1730724490000,0,7,19,19,8,39,11,45,46,12,15,0,3,0,1,2,5,0,4,39278,47382,12.0,13.6,727,793,31.6,34.5,-8104,8104,1712.8751879699246,2066.2827067669173,Jax,Wukong,Galio,Ezreal,Bard,Malphite,Viego,Orianna,Sivir,Nautilus,Trinity Force,Doran's Shield,Sundered Sky,Ionian Boots of Lucidity,Amplifying Tome,No_Item,Stealth Ward,Trinity Force,Sundered Sky,No_Item,Boots of Swiftness,No_Item,No_Item,Stealth Ward,Doran's Ring,Winter's Approach,No_Item,Hollow Radiance,Mercury's Treads,No_Item,Oracle Lens,Ionian Boots of Lucidity,Trinity Force,Muramana,Doran's Blade,No_Item,No_Item,Farsight Alteration,Dead Man's Plate,Plated Steelcaps,Bloodsong,Negatron Cloak,Spectre's Cowl,No_Item,Oracle Lens,Doran's Ring,Sunfire Aegis,Plated Steelcaps,Thornmail,Null-Magic Mantle,No_Item,Oracle Lens,Mercury's Treads,Titanic Hydra,Control Ward,Ruby Crystal,Kraken Slayer,No_Item,Oracle Lens,Ionian Boots of Lucidity,Seraph's Embrace,Mejai's Soulstealer,Doran's Ring,Cryptbloom,No_Item,Farsight Alteration,Doran's Blade,Berserker's Greaves,Essence Reaver,Navori Flickerblade,Mortal Reminder,No_Item,Farsight Alteration,Control Ward,Celestial Opposition,Locket of the Iron Solari,Mercury's Treads,Giant's Belt,No_Item,Oracle Lens,Grasp of the Undying,Sorcery,Conqueror,Domination,Aftershock,Sorcery,Conqueror,Inspiration,Guardian,Inspiration,Arcane Comet,Resolve,Conqueror,Inspiration,Conqueror,Sorcery,Press the Attack,Sorcery,Aftershock,Inspiration,Flash,Teleport,Flash,Smite,Flash,Teleport,Teleport,Flash,Ignite,Flash,Teleport,Flash,Smite,Flash,Flash,Teleport,Flash,Ghost,Ignite,Flash,1,6,0,0,0,0
https://www.op.gg/summoners/euw/Foutriquet-EUW/matches/34-jfPz6Tmzkikap-9M4xLkFsHVDl0VhQkQHHxXH7yw%3D/1730667571000,0,23,33,33,23,43,35,73,65,32,28,2,2,0,1,4,9,2,3,57865,66652,15.2,16.0,968,1031,32.2,34.3,-8787,8787,1921.0242914979756,2212.7384615384613,K'Sante,Graves,Sylas,Corki,Galio,Gwen,Viego,Yone,Ezreal,Nautilus,Thornmail,Chain Vest,Iceborn Gauntlet,Plated Steelcaps,Kaenic Rookern,Warden's Mail,Farsight Alteration,The Collector,Youmuu's Ghostblade,Lord Dominik's Regards,Boots,Immortal Shieldbow,No_Item,Oracle Lens,Sorcerer's Shoes,Hextech Rocketbelt,Needlessly Large Rod,Shadowflame,Dark Seal,No_Item,Oracle Lens,B. F. Sword,The Collector,Lord Dominik's Regards,Plated Steelcaps,Hubris,Vampiric Scepter,Farsight Alteration,Heartsteel,Bloodsong,Winged Moonplate,Chain Vest,Plated Steelcaps,Bramble Vest,Oracle Lens,Shadowflame,Mejai's Soulstealer,Cryptbloom,Nashor's Tooth,Plated Steelcaps,Amplifying Tome,Oracle Lens,Kraken Slayer,Titanic Hydra,Randuin's Omen,Sterak's Gage,Phage,Plated Steelcaps,Oracle Lens,Infinity Edge,Berserker's Greaves,Blade of The Ruined King,Giant's Belt,Immortal Shieldbow,Chain Vest,Farsight Alteration,Muramana,Trinity Force,Serylda's Grudge,Bloodthirster,No_Item,Ionian Boots of Lucidity,Farsight Alteration,Celestial Opposition,Locket of the Iron Solari,Plated Steelcaps,Knight's Vow,Ruby Crystal,Control Ward,Oracle Lens,Grasp of the Undying,Inspiration,Dark Harvest,Precision,Electrocute,Sorcery,Press the Attack,Inspiration,Aftershock,Domination,Conqueror,Resolve,Conqueror,Inspiration,Lethal Tempo,Resolve,Press the Attack,Inspiration,Aftershock,Inspiration,Teleport,Flash,Flash,Smite,Flash,Teleport,Flash,Barrier,Flash,Ignite,Ignite,Teleport,Smite,Flash,Teleport,Flash,Flash,Barrier,Flash,Ignite,1,3,0,0,3,2
https://www.op.gg/summoners/euw/Foutriquet-EUW/matches/34-jfPz6TmwYah-7R7xYlWwbCNFu51BxnXkGhh0V7Io%3D/1730660296000,0,5,11,11,5,15,9,31,36,12,16,1,1,0,0,0,4,1,1,23624,30904,9.0,9.8,433,529,28.5,34.7,-7280,7280,1549.8547770700638,2027.459872611465,Shen,Xin Zhao,Yone,Ashe,Janna,Gnar,Jarvan IV,Sylas,Ezreal,Braum,Doran's Shield,Refillable Potion,Plated Steelcaps,Bami's Cinder,Chain Vest,No_Item,Stealth Ward,Gustwalker Hatchling,Slightly Magical Footwear,Sundered Sky,Ruby Crystal,No_Item,No_Item,Oracle Lens,Berserker's Greaves,Refillable Potion,Recurve Bow,Pickaxe,Doran's Shield,Vampiric Scepter,Farsight Alteration,Kraken Slayer,Berserker's Greaves,Doran's Blade,No_Item,No_Item,No_Item,Farsight Alteration,Dream Maker,Shurelya's Battlesong,Dark Seal,Faerie Charm,No_Item,Boots of Swiftness,Oracle Lens,Doran's Blade,Trinity Force,Plated Steelcaps,Sterak's Gage,No_Item,No_Item,Stealth Ward,Mosstomper Seedling,Eclipse,Plated Steelcaps,Glowing Mote,No_Item,No_Item,Oracle Lens,Doran's Ring,Hextech Rocketbelt,Refillable Potion,Sorcerer's Shoes,Amplifying Tome,Amplifying Tome,Farsight Alteration,Doran's Blade,Ionian Boots of Lucidity,Tear of the Goddess,Hearthbound Axe,Sheen,Long Sword,Stealth Ward,Warden's Mail,Ruby Crystal,No_Item,Solstice Sleigh,Plated Steelcaps,Cloth Armor,Oracle Lens,Grasp of the Undying,Domination,Conqueror,Inspiration,Lethal Tempo,Resolve,Lethal Tempo,Inspiration,Summon Aery,Domination,Grasp of the Undying,Precision,Conqueror,Inspiration,Electrocute,Sorcery,Conqueror,Sorcery,Guardian,Inspiration,Flash,Teleport,Flash,Smite,Flash,Teleport,Barrier,Flash,Flash,Heal,Teleport,Flash,Smite,Flash,Flash,Teleport,Barrier,Flash,Flash,Heal,0,0,0,0,6,0
https://www.op.gg/summoners/euw/Foutriquet-EUW/matches/34-jfPz6TmxOrN4LijZcsQhARopbEECqcv1W19jGLiw%3D/1730658161000,1,39,11,11,39,23,55,53,41,10,12,2,0,0,0,10,0,2,0,51534,35299,12.6,11.0,651,569,30.0,26.3,16235,-16235,2363.58947368421,1618.9766917293232,Sylas,Viego,Warwick,Jhin,Blitzcrank,Aurora,Kayn,Gwen,Ashe,Milio,Hextech Rocketbelt,Lich Bane,Mercury's Treads,Needlessly Large Rod,Doran's Ring,Amplifying Tome,Farsight Alteration,Mercury's Treads,Titanic Hydra,No_Item,Negatron Cloak,Recurve Bow,Kraken Slayer,Oracle Lens,Blade of The Ruined King,Stridebreaker,Boots of Swiftness,Maw of Malmortius,Zeke's Convergence,No_Item,Oracle Lens,Infinity Edge,The Collector,Cloak of Agility,No_Item,Boots of Swiftness,Doran's Blade,Farsight Alteration,Kindlegem,Bloodsong,No_Item,Trailblazer,Forbidden Idol,Boots of Swiftness,Oracle Lens,Doran's Ring,Fiendish Codex,Refillable Potion,Boots of Swiftness,Liandry's Torment,Aether Wisp,Stealth Ward,No_Item,Eclipse,Black Cleaver,Ionian Boots of Lucidity,Executioner's Calling,No_Item,Stealth Ward,Doran's Shield,Oblivion Orb,Nashor's Tooth,Amplifying Tome,Needlessly Large Rod,Boots,Oracle Lens,Doran's Blade,Scout's Slingshot,Kraken Slayer,Zeal,No_Item,Berserker's Greaves,Farsight Alteration,Echoes of Helia,Ionian Boots of Lucidity,Dream Maker,Amplifying Tome,Kindlegem,No_Item,Oracle Lens,Electrocute,Inspiration,Conqueror,Inspiration,Lethal Tempo,Resolve,Fleet Footwork,Sorcery,Glacial Augment,Sorcery,Grasp of the Undying,Sorcery,Conqueror,Inspiration,Conqueror,Resolve,Lethal Tempo,Inspiration,Summon Aery,Resolve,Teleport,Flash,Smite,Flash,Flash,Barrier,Flash,Barrier,Flash,Ignite,Flash,Teleport,Flash,Smite,Teleport,Ignite,Flash,Barrier,Heal,Flash,1,6,3,0,0,0
https://www.op.gg/summoners/euw/Foutriquet-EUW/matches/34-jfPz6TmzXL8rs2fIl2amRz9tw7q-_OkYj-YWDp-A%3D/1730637004000,1,19,12,12,19,15,43,56,64,25,14,1,3,0,0,8,4,1,3,51920,42253,13.6,12.8,836,740,33.7,29.900000000000002,9667,-9667,2090.2857142857147,1701.0948051948053,Orianna,Jarvan IV,Jax,Zeri,Bard,Poppy,Volibear,Sylas,Ezreal,Janna,Sorcerer's Shoes,Mejai's Soulstealer,Needlessly Large Rod,Oblivion Orb,Lich Bane,Seraph's Embrace,Stealth Ward,Sundered Sky,Eclipse,No_Item,Kindlegem,Mercury's Treads,No_Item,Oracle Lens,Shattered Armguard,Refillable Potion,Control Ward,Trinity Force,Sundered Sky,Plated Steelcaps,Stealth Ward,Doran's Blade,Berserker's Greaves,Lord Dominik's Regards,Statikk Shiv,Runaan's Hurricane,Long Sword,Farsight Alteration,Dead Man's Plate,Locket of the Iron Solari,Bloodsong,Plated Steelcaps,No_Item,No_Item,Oracle Lens,"Jak'Sho, The Protean",Control Ward,Plated Steelcaps,Heartsteel,Bramble Vest,Ruby Crystal,Farsight Alteration,Dead Man's Plate,Plated Steelcaps,Sundered Sky,Kindlegem,No_Item,No_Item,Oracle Lens,Amplifying Tome,Hextech Rocketbelt,Cosmic Drive,Dark Seal,Sorcerer's Shoes,Amplifying Tome,Oracle Lens,Muramana,Trinity Force,Control Ward,No_Item,No_Item,Ionian Boots of Lucidity,Farsight Alteration,Dream Maker,Redemption,Control Ward,Boots of Swiftness,Bandleglass Mirror,Ruby Crystal,Oracle Lens,Conqueror,Sorcery,Conqueror,Inspiration,Grasp of the Undying,Sorcery,Lethal Tempo,Domination,Guardian,Inspiration,Grasp of the Undying,Sorcery,Press the Attack,Sorcery,Conqueror,Resolve,Conqueror,Sorcery,Summon Aery,Inspiration,Flash,Teleport,Smite,Flash,Flash,Teleport,Flash,Ghost,Ignite,Flash,Teleport,Flash,Flash,Smite,Teleport,Flash,Flash,Barrier,Flash,Heal,0,3,2,1,3,0
https://www.op.gg/summoners/euw/Foutriquet-EUW/matches/34-jfPz6TmyC77GcoTAEjkLtSChwDKw4SsKiS6UhP00%3D/1730553730000,1,27,16,16,27,21,44,38,32,10,13,1,2,0,0,6,0,1,2,44755,34890,12.0,10.8,641,592,32.7,30.1,9865,-9865,2269.7178571428567,1769.4214285714284,Gnar,Wukong,Syndra,Corki,Blitzcrank,Irelia,Viego,Akali,Jinx,Thresh,Doran's Blade,Trinity Force,Black Cleaver,Plated Steelcaps,Tunneler,Cloth Armor,Stealth Ward,Trinity Force,Plated Steelcaps,Tunneler,No_Item,Caulfield's Warhammer,No_Item,Oracle Lens,Blackfire Torch,Sorcerer's Shoes,Cosmic Drive,Doran's Ring,No_Item,No_Item,Oracle Lens,Doran's Blade,Plated Steelcaps,No_Item,Dagger,Muramana,Trinity Force,Farsight Alteration,Synchronized Souls,Zeke's Convergence,Winter's Approach,Bloodsong,No_Item,No_Item,Oracle Lens,Blade of The Ruined King,Refillable Potion,Doran's Blade,Plated Steelcaps,Long Sword,No_Item,Stealth Ward,Kraken Slayer,Titanic Hydra,Long Sword,Plated Steelcaps,No_Item,No_Item,Oracle Lens,Doran's Shield,Hextech Rocketbelt,Aether Wisp,Dark Seal,Needlessly Large Rod,Sorcerer's Shoes,Oracle Lens,The Collector,Cloak of Agility,Berserker's Greaves,Doran's Blade,Pickaxe,No_Item,Farsight Alteration,Celestial Opposition,Locket of the Iron Solari,Control Ward,Ionian Boots of Lucidity,Kindlegem,Chain Vest,Oracle Lens,Conqueror,Resolve,Conqueror,Inspiration,First Strike,Sorcery,Conqueror,Inspiration,Aftershock,Inspiration,Conqueror,Inspiration,Conqueror,Inspiration,Electrocute,Resolve,Lethal Tempo,Sorcery,Aftershock,Inspiration,Teleport,Flash,Flash,Smite,Flash,Teleport,Flash,Barrier,Flash,Ignite,Teleport,Flash,Smite,Flash,Flash,Teleport,Flash,Barrier,Flash,Ignite,1,3,0,0,3,0
https://www.op.gg/summoners/euw/Foutriquet-EUW/matches/34-jfPz6TmwHjFgJc56QDMtsp3bMiI6pHi6MAbeuGRs%3D/1730551799000,1,28,34,34,28,72,40,64,61,16,23,2,1,0,1,7,8,2,2,54375,56787,14.0,13.6,797,748,29.3,27.5,-2412,2412,2003.2894736842106,2092.1526315789474,Aatrox,Skarner,Sylas,Jinx,Nautilus,Jax,Viego,Vex,Ashe,Thresh,Voltaic Cyclosword,Spear of Shojin,Plated Steelcaps,Last Whisper,Doran's Blade,Long Sword,Stealth Ward,Heartsteel,Sterak's Gage,Kindlegem,Plated Steelcaps,Chain Vest,No_Item,Oracle Lens,Rabadon's Deathcap,Hextech Rocketbelt,Sorcerer's Shoes,Cosmic Drive,Blighting Jewel,Dark Seal,Oracle Lens,Berserker's Greaves,Infinity Edge,Phantom Dancer,Long Sword,Cloak of Agility,Doran's Blade,Farsight Alteration,Mercury's Treads,Kindlegem,No_Item,Celestial Opposition,Locket of the Iron Solari,Chain Vest,Oracle Lens,Frozen Heart,Trinity Force,Sundered Sky,Plated Steelcaps,Executioner's Calling,Ruby Crystal,Stealth Ward,Black Cleaver,Titanic Hydra,Executioner's Calling,Plated Steelcaps,Kraken Slayer,Steel Sigil,Oracle Lens,Needlessly Large Rod,Control Ward,Zhonya's Hourglass,Ionian Boots of Lucidity,Liandry's Torment,Blackfire Torch,Farsight Alteration,Berserker's Greaves,Kraken Slayer,Phantom Dancer,Executioner's Calling,Cloak of Agility,Doran's Blade,Farsight Alteration,Locket of the Iron Solari,Solstice Sleigh,Control Ward,Trailblazer,Kindlegem,Boots of Swiftness,Oracle Lens,Conqueror,Resolve,Grasp of the Undying,Inspiration,Electrocute,Resolve,Lethal Tempo,Inspiration,Aftershock,Inspiration,Fleet Footwork,Inspiration,Conqueror,Inspiration,Summon Aery,Precision,Lethal Tempo,Inspiration,Aftershock,Inspiration,Flash,Teleport,Smite,Flash,Flash,Teleport,Cleanse,Flash,Flash,Ignite,Teleport,Flash,Smite,Flash,Flash,Teleport,Barrier,Flash,Flash,Ignite,0,1,1,1,5,1
https://www.op.gg/summoners/euw/Foutriquet-EUW/matches/34-jfPz6Tmz_caSseQehSBwvM2IY6z7zAtv86BSExu0%3D/1730467057000,0,15,31,31,15,51,35,56,50,10,24,1,3,0,1,2,10,1,4,50672,63601,14.4,15.6,872,931,30.8,32.8,-12929,12929,1797.0883720930233,2255.616860465116,Lissandra,Kindred,Smolder,Seraphine,Bard,Pantheon,Skarner,Veigar,Ziggs,Senna,Needlessly Large Rod,Liandry's Torment,Dark Seal,Malignance,Sorcerer's Shoes,Doran's Ring,Farsight Alteration,Boots,The Collector,Control Ward,Lord Dominik's Regards,Infinity Edge,No_Item,Oracle Lens,Trinity Force,Boots of Swiftness,Mercurial Scimitar,Muramana,Rapid Firecannon,Doran's Blade,Farsight Alteration,Doran's Ring,Seraph's Embrace,Blackfire Torch,Ionian Boots of Lucidity,Oblivion Orb,Dark Seal,Farsight Alteration,Heartsteel,Boots of Swiftness,Bloodsong,Bramble Vest,Negatron Cloak,Null-Magic Mantle,Oracle Lens,Doran's Blade,Eclipse,Sterak's Gage,Mercury's Treads,Pickaxe,Tunneler,Oracle Lens,Abyssal Mask,Heartsteel,Frozen Heart,Warden's Mail,Ruby Crystal,Mercury's Treads,Oracle Lens,Doran's Ring,Rod of Ages,Horizon Focus,Rabadon's Deathcap,No_Item,Boots of Swiftness,Farsight Alteration,Rabadon's Deathcap,Sorcerer's Shoes,Luden's Companion,Mejai's Soulstealer,Needlessly Large Rod,Liandry's Torment,Farsight Alteration,Boots of Swiftness,B. F. Sword,Bloodsong,Phantom Dancer,Guardian Angel,Black Cleaver,Oracle Lens,Arcane Comet,Resolve,Press the Attack,Domination,Grasp of the Undying,Inspiration,Summon Aery,Precision,Guardian,Inspiration,Press the Attack,Sorcery,Aftershock,Inspiration,Summon Aery,Precision,Arcane Comet,Precision,Fleet Footwork,Resolve,Flash,Teleport,Flash,Smite,Flash,Teleport,Flash,Teleport,Ignite,Flash,Ignite,Flash,Smite,Flash,Flash,Teleport,Flash,Teleport,Flash,Heal,0,0,0,1,6,2
https://www.op.gg/summoners/euw/Foutriquet-EUW/matches/34-jfPz6TmwauoYPVz_qiPr-aij62C9FNc0m395_oiE%3D/1730463795000,1,28,12,12,28,30,44,46,50,18,13,1,3,1,0,8,2,2,3,52569,40808,14.2,12.4,802,672,33.3,27.7,11761,-11761,2164.605882352941,1680.329411764706,Camille,Viego,Aurora,Akali,Bard,K'Sante,Jarvan IV,Sylas,Yasuo,Nami,Doran's Shield,Ravenous Hydra,No_Item,Pickaxe,Trinity Force,Plated Steelcaps,Oracle Lens,Sundered Sky,No_Item,Sterak's Gage,Plated Steelcaps,Kraken Slayer,Dagger,Oracle Lens,Luden's Companion,Liandry's Torment,Needlessly Large Rod,Sorcerer's Shoes,Blasting Wand,Blighting Jewel,Oracle Lens,Doran's Ring,Blighting Jewel,Dark Seal,Lich Bane,Boots,Shadowflame,Oracle Lens,Dead Man's Plate,Redemption,Bloodsong,Plated Steelcaps,Ruby Crystal,No_Item,Oracle Lens,"Jak'Sho, The Protean",Bramble Vest,Cloth Armor,Iceborn Gauntlet,No_Item,Plated Steelcaps,Oracle Lens,Sundered Sky,Eclipse,No_Item,Mercury's Treads,Kindlegem,Null-Magic Mantle,Oracle Lens,Doran's Shield,Dark Seal,Mercury's Treads,Fiendish Codex,Aether Wisp,Hextech Rocketbelt,Oracle Lens,Doran's Shield,Stridebreaker,Berserker's Greaves,Kraken Slayer,Long Sword,No_Item,Farsight Alteration,Solstice Sleigh,Kindlegem,Control Ward,Ionian Boots of Lucidity,Forbidden Idol,Imperial Mandate,Oracle Lens,Grasp of the Undying,Inspiration,Conqueror,Inspiration,Electrocute,Sorcery,Electrocute,Resolve,Guardian,Inspiration,Grasp of the Undying,Sorcery,Conqueror,Inspiration,Conqueror,Resolve,Lethal Tempo,Resolve,Summon Aery,Resolve,Flash,Teleport,Flash,Smite,Teleport,Flash,Barrier,Flash,Ignite,Flash,Flash,Teleport,Smite,Flash,Flash,Teleport,Exhaust,Flash,Heal,Flash,0,6,1,1,0,0
https://www.op.gg/summoners/euw/Foutriquet-EUW/matches/34-jfPz6TmwaR9dJOWZ-RMMaW-FaUzskQiqFILdBFIg%3D/1730390087000,1,27,8,8,27,15,44,46,42,15,8,1,0,1,0,10,0,2,0,53141,34937,13.2,11.6,763,640,34.1,28.6,18204,-18204,2377.3605263157897,1562.9710526315791,Darius,Jarvan IV,Akshan,Karthus,Senna,Jax,Ivern,Yone,Seraphine,Rell,Trinity Force,Negatron Cloak,Sterak's Gage,Giant's Belt,Cloth Armor,Mercury's Treads,Oracle Lens,Frozen Heart,Eclipse,No_Item,Mercury's Treads,Sundered Sky,No_Item,Oracle Lens,The Collector,Lord Dominik's Regards,Infinity Edge,Rapid Firecannon,No_Item,Slightly Magical Footwear,Farsight Alteration,Blackfire Torch,Sorcerer's Shoes,Shadowflame,Dark Seal,Amplifying Tome,Doran's Ring,Farsight Alteration,Bloodsong,Black Cleaver,Boots of Swiftness,Echoes of Helia,No_Item,No_Item,Oracle Lens,Trinity Force,Refillable Potion,Boots,Long Sword,Long Sword,Cloth Armor,Stealth Ward,Moonstone Renewer,Forbidden Idol,Redemption,Ionian Boots of Lucidity,Dark Seal,No_Item,Stealth Ward,Doran's Shield,Blade of The Ruined King,Immortal Shieldbow,Dagger,No_Item,Berserker's Greaves,Oracle Lens,Doran's Ring,Seraph's Embrace,Ionian Boots of Lucidity,Blackfire Torch,Amplifying Tome,No_Item,Farsight Alteration,Solstice Sleigh,Locket of the Iron Solari,Refillable Potion,Control Ward,Ionian Boots of Lucidity,Kindlegem,Oracle Lens,Conqueror,Sorcery,Conqueror,Inspiration,Press the Attack,Inspiration,Dark Harvest,Precision,Grasp of the Undying,Precision,Lethal Tempo,Resolve,Summon Aery,Inspiration,Fleet Footwork,Resolve,Arcane Comet,Precision,Aftershock,Inspiration,Flash,Ghost,Smite,Flash,Teleport,Flash,Flash,Exhaust,Heal,Flash,Ignite,Flash,Flash,Smite,Flash,Teleport,Flash,Teleport,Flash,Ignite,1,6,2,0,0,0
https://www.op.gg/summoners/euw/Foutriquet-EUW/matches/34-jfPz6TmxtgqAs8xrgLDfjXMYQgIC-ymrYamU93yE%3D/1730387733000,1,32,11,11,32,19,67,55,59,19,17,2,0,1,0,10,3,3,0,61828,49665,15.6,13.8,909,935,31.9,32.7,12163,-12163,2151.856862745098,1728.5367647058822,Gnar,Skarner,LeBlanc,Caitlyn,Karma,K'Sante,Lillia,Corki,Jhin,Blitzcrank,Plated Steelcaps,Doran's Shield,Trinity Force,Sterak's Gage,Negatron Cloak,Winged Moonplate,Farsight Alteration,Heartsteel,Randuin's Omen,Abyssal Mask,Mercury's Treads,No_Item,No_Item,Oracle Lens,Cryptbloom,Dark Seal,Luden's Companion,Sorcerer's Shoes,Shadowflame,Needlessly Large Rod,Oracle Lens,Doran's Blade,The Collector,Zeal,Berserker's Greaves,Infinity Edge,Lord Dominik's Regards,Farsight Alteration,Mikael's Blessing,Moonstone Renewer,Dream Maker,Ionian Boots of Lucidity,Forbidden Idol,Forbidden Idol,Oracle Lens,Chain Vest,Control Ward,Kindlegem,Plated Steelcaps,Iceborn Gauntlet,"Jak'Sho, The Protean",Oracle Lens,Liandry's Torment,Riftmaker,Rylai's Crystal Scepter,Control Ward,Ionian Boots of Lucidity,Blasting Wand,Oracle Lens,Trinity Force,Cloak of Agility,Hexdrinker,The Collector,No_Item,Boots of Swiftness,Farsight Alteration,Doran's Blade,The Collector,Boots of Swiftness,Lord Dominik's Regards,Rapid Firecannon,No_Item,Farsight Alteration,Bloodsong,Zeke's Convergence,Trailblazer,Ruby Crystal,Synchronized Souls,No_Item,Oracle Lens,Fleet Footwork,Resolve,Aftershock,Inspiration,Electrocute,Sorcery,Lethal Tempo,Sorcery,Summon Aery,Inspiration,Grasp of the Undying,Inspiration,Conqueror,Inspiration,Fleet Footwork,Inspiration,Dark Harvest,Precision,Glacial Augment,Sorcery,Flash,Teleport,Smite,Flash,Teleport,Flash,Flash,Barrier,Flash,Heal,Ghost,Teleport,Flash,Smite,Teleport,Flash,Flash,Barrier,Flash,Ignite,1,3,1,0,3,0
https://www.op.gg/summoners/euw/Foutriquet-EUW/matches/34-jfPz6Tmz2VJJy42aN16fuT4bJkh9mD4N3XcxY8qI%3D/1730385309000,1,35,23,23,35,56,68,84,106,44,27,3,2,0,2,10,2,3,4,68598,59779,15.2,15.2,1009,903,31.2,27.8,8819,-8819,2123.2714285714287,1850.302380952381,Gnar,Jarvan IV,Viktor,Kai'Sa,Leona,Malphite,Kayn,Orianna,Jinx,Nautilus,Mercury's Treads,Sterak's Gage,Black Cleaver,Chain Vest,Trinity Force,Negatron Cloak,Oracle Lens,Plated Steelcaps,Eclipse,No_Item,Sundered Sky,Spectre's Cowl,Frozen Heart,Oracle Lens,Void Staff,No_Item,Zhonya's Hourglass,Luden's Companion,Sorcerer's Shoes,Rabadon's Deathcap,Farsight Alteration,Seeker's Armguard,No_Item,Statikk Shiv,Berserker's Greaves,Nashor's Tooth,Guinsoo's Rageblade,Farsight Alteration,Bloodsong,Zeke's Convergence,Locket of the Iron Solari,Control Ward,Plated Steelcaps,Chain Vest,Oracle Lens,Doran's Ring,Plated Steelcaps,Sunfire Aegis,Frozen Heart,Negatron Cloak,Giant's Belt,Oracle Lens,Black Cleaver,Eclipse,Mercury's Treads,Serpent's Fang,Long Sword,No_Item,Oracle Lens,Sorcerer's Shoes,Needlessly Large Rod,Lich Bane,Shadowflame,Needlessly Large Rod,Seraph's Embrace,Farsight Alteration,Infinity Edge,Berserker's Greaves,The Collector,Vampiric Scepter,Lord Dominik's Regards,Phantom Dancer,Farsight Alteration,Locket of the Iron Solari,Bloodsong,Plated Steelcaps,Knight's Vow,Kindlegem,Control Ward,Oracle Lens,Grasp of the Undying,Precision,Conqueror,Inspiration,Summon Aery,Precision,Press the Attack,Inspiration,Aftershock,Inspiration,Arcane Comet,Resolve,Conqueror,Inspiration,Conqueror,Sorcery,Lethal Tempo,Sorcery,Aftershock,Inspiration,Teleport,Flash,Smite,Flash,Flash,Teleport,Heal,Flash,Flash,Ignite,Flash,Teleport,Flash,Smite,Flash,Teleport,Flash,Cleanse,Ignite,Flash,1,6,2,0,0,0
https://www.op.gg/summoners/euw/Foutriquet-EUW/matches/34-jfPz6TmxjsPoKd6kHmX-Toov8Wm8TsEdfaldgysg%3D/1730381777000,0,19,33,33,19,60,35,57,58,15,21,0,3,0,0,2,4,0,3,45244,51370,12.0,13.0,673,722,28.599999999999998,30.6,-6126,6126,1926.2297029702968,2187.0396039603957,Gnar,Elise,Orianna,Draven,Camille,Riven,Viego,Syndra,Samira,Rell,Doran's Blade,Plated Steelcaps,Trinity Force,Sterak's Gage,No_Item,No_Item,Farsight Alteration,Shadowflame,Stormsurge,Control Ward,Sorcerer's Shoes,Amplifying Tome,Dark Seal,Oracle Lens,Doran's Ring,Ionian Boots of Lucidity,Amplifying Tome,Seraph's Embrace,Dark Seal,Shadowflame,Farsight Alteration,The Collector,Long Sword,Infinity Edge,No_Item,Hubris,Boots,Farsight Alteration,Bloodsong,Control Ward,Plated Steelcaps,Sundered Sky,Caulfield's Warhammer,Pickaxe,Oracle Lens,Eclipse,Sundered Sky,Steel Sigil,Long Sword,Long Sword,Ionian Boots of Lucidity,Oracle Lens,Kraken Slayer,Titanic Hydra,No_Item,Sundered Sky,Mercury's Treads,Null-Magic Mantle,Oracle Lens,Doran's Ring,Refillable Potion,Needlessly Large Rod,Sorcerer's Shoes,Stormsurge,Luden's Companion,Farsight Alteration,Plated Steelcaps,The Collector,Infinity Edge,Doran's Blade,Noonquiver,Long Sword,Farsight Alteration,Celestial Opposition,Plated Steelcaps,Locket of the Iron Solari,No_Item,Null-Magic Mantle,Kindlegem,Oracle Lens,Grasp of the Undying,Precision,Dark Harvest,Precision,Arcane Comet,Precision,Hail of Blades,Precision,Hail of Blades,Resolve,Conqueror,Sorcery,Conqueror,Inspiration,First Strike,Sorcery,Conqueror,Sorcery,Aftershock,Inspiration,Flash,Teleport,Flash,Smite,Flash,Teleport,Barrier,Flash,Flash,Ignite,Flash,Ignite,Smite,Flash,Flash,Teleport,Flash,Barrier,Ignite,Flash,0,3,0,1,3,0
https://www.op.gg/summoners/euw/Foutriquet-EUW/matches/34-jfPz6Tmz5VbJhfkYsdLCQduy7ztcMKAqu-nyPDPs%3D/1730379647000,0,34,41,41,34,67,38,72,55,13,19,1,2,0,1,2,7,1,3,49860,57560,12.6,14.0,631,708,25.5,28.5,-7700,7700,2010.0628272251308,2320.4816753926702,Gnar,Viego,Sylas,Kai'Sa,Pyke,Jayce,Jarvan IV,Orianna,Corki,Swain,Doran's Shield,Trinity Force,Sterak's Gage,Warden's Mail,Plated Steelcaps,No_Item,Stealth Ward,Titanic Hydra,Sterak's Gage,Plated Steelcaps,No_Item,No_Item,Kraken Slayer,Oracle Lens,Cosmic Drive,Hextech Rocketbelt,Dark Seal,Amplifying Tome,Sorcerer's Shoes,Doran's Shield,Oracle Lens,Nashor's Tooth,Statikk Shiv,Guinsoo's Rageblade,Berserker's Greaves,Amplifying Tome,Amplifying Tome,Farsight Alteration,Celestial Opposition,Youmuu's Ghostblade,Mercury's Treads,Umbral Glaive,No_Item,No_Item,Oracle Lens,Doran's Blade,Muramana,Eclipse,Ionian Boots of Lucidity,Serylda's Grudge,Long Sword,Farsight Alteration,Plated Steelcaps,Eclipse,Ruby Crystal,Sundered Sky,Spectre's Cowl,No_Item,Oracle Lens,Doran's Ring,Amplifying Tome,Seraph's Embrace,Sorcerer's Shoes,Liandry's Torment,Amplifying Tome,Farsight Alteration,Doran's Blade,Plated Steelcaps,Noonquiver,The Collector,Trinity Force,Infinity Edge,Farsight Alteration,Zaz'Zak's Realmspike,Blackfire Torch,Rylai's Crystal Scepter,Haunting Guise,Ionian Boots of Lucidity,Amplifying Tome,Oracle Lens,Fleet Footwork,Resolve,Conqueror,Inspiration,Conqueror,Resolve,Press the Attack,Inspiration,Hail of Blades,Resolve,Conqueror,Resolve,Conqueror,Inspiration,Summon Aery,Inspiration,Hail of Blades,Inspiration,Phase Rush,Resolve,Flash,Teleport,Smite,Flash,Flash,Teleport,Flash,Barrier,Ignite,Flash,Flash,Teleport,Smite,Flash,Teleport,Flash,Flash,Barrier,Ignite,Flash,0,0,0,1,3,1
https://www.op.gg/summoners/euw/Foutriquet-EUW/matches/34-jfPz6TmwjwjCgIFkNvgcNqovqoNBBckVaQRtTwZA%3D/1730372583000,0,17,29,29,17,54,27,108,105,49,51,2,3,0,2,8,9,2,5,61422,68107,14.8,16.6,1079,1064,33.7,33.3,-6685,6685,1919.4375,2128.34375,Yone,Teemo,Sylas,Ezreal,Pyke,Ornn,Jarvan IV,Orianna,Caitlyn,Rakan,Immortal Shieldbow,Stridebreaker,Infinity Edge,Blade of The Ruined King,Negatron Cloak,Berserker's Greaves,Farsight Alteration,Liandry's Torment,Nashor's Tooth,Void Staff,Berserker's Greaves,Control Ward,No_Item,Oracle Lens,Hextech Rocketbelt,Cosmic Drive,Void Staff,Dark Seal,Amplifying Tome,Sorcerer's Shoes,Oracle Lens,Serylda's Grudge,Muramana,Vampiric Scepter,Trinity Force,No_Item,Ionian Boots of Lucidity,Farsight Alteration,Celestial Opposition,Umbral Glaive,Mercury's Treads,Edge of Night,Serrated Dirk,No_Item,Oracle Lens,Kaenic Rookern,Thornmail,Warden's Mail,Sunfire Aegis,Plated Steelcaps,Cloth Armor,Stealth Ward,Eclipse,Sundered Sky,Spirit Visage,Warden's Mail,Plated Steelcaps,Glacial Buckler,Oracle Lens,Seraph's Embrace,Rabadon's Deathcap,Amplifying Tome,Zhonya's Hourglass,Sorcerer's Shoes,Needlessly Large Rod,Farsight Alteration,Berserker's Greaves,The Collector,Infinity Edge,Rapid Firecannon,Bloodthirster,Doran's Blade,Farsight Alteration,Celestial Opposition,Plated Steelcaps,Locket of the Iron Solari,Redemption,Zeke's Convergence,Control Ward,Oracle Lens,Lethal Tempo,Resolve,Press the Attack,Inspiration,Conqueror,Resolve,Press the Attack,Sorcery,Hail of Blades,Resolve,Grasp of the Undying,Sorcery,Conqueror,Inspiration,Summon Aery,Inspiration,Fleet Footwork,Sorcery,Guardian,Domination,Flash,Teleport,Flash,Smite,Teleport,Flash,Flash,Barrier,Flash,Ignite,Flash,Teleport,Smite,Flash,Flash,Teleport,Barrier,Flash,Flash,Ignite,1,3,1,0,3,1
https://www.op.gg/summoners/euw/Foutriquet-EUW/matches/34-jfPz6TmxU9XBwOiifO_epXj69N-kAc_fY7dXU1ZM%3D/1730324847000,0,39,28,28,39,58,92,98,76,34,37,1,4,0,1,6,8,1,5,68132,69174,15.8,16.0,979,1010,27.7,28.599999999999998,-1042,1042,1925.4695652173912,1954.9173913043478,Aurora,Skarner,Sylas,Corki,Poppy,Ornn,Jarvan IV,Gwen,Samira,Leona,Boots of Swiftness,Liandry's Torment,Void Staff,Needlessly Large Rod,Malignance,Oblivion Orb,Farsight Alteration,No_Item,Kaenic Rookern,Sterak's Gage,No_Item,Mercury's Treads,Heartsteel,Oracle Lens,Cosmic Drive,Hextech Rocketbelt,Mejai's Soulstealer,Riftmaker,Abyssal Mask,Morellonomicon,Oracle Lens,Infinity Edge,Trinity Force,Plated Steelcaps,Lord Dominik's Regards,Rapid Firecannon,B. F. Sword,Farsight Alteration,Celestial Opposition,Dead Man's Plate,Knight's Vow,Kindlegem,No_Item,Mercury's Treads,Oracle Lens,Plated Steelcaps,Kaenic Rookern,Hollow Radiance,Thornmail,Warden's Mail,Ruby Crystal,Farsight Alteration,Eclipse,Sundered Sky,No_Item,Black Cleaver,Spirit Visage,Mercury's Treads,Oracle Lens,Rabadon's Deathcap,Nashor's Tooth,Sorcerer's Shoes,Shadowflame,Void Staff,Amplifying Tome,Stealth Ward,Infinity Edge,B. F. Sword,Lord Dominik's Regards,The Collector,Vampiric Scepter,Plated Steelcaps,Farsight Alteration,No_Item,Locket of the Iron Solari,Celestial Opposition,Null-Magic Mantle,Knight's Vow,Plated Steelcaps,Oracle Lens,Grasp of the Undying,Sorcery,Grasp of the Undying,Inspiration,Grasp of the Undying,Sorcery,Press the Attack,Inspiration,Aftershock,Inspiration,Arcane Comet,Resolve,Conqueror,Inspiration,Dark Harvest,Sorcery,Conqueror,Domination,Aftershock,Inspiration,Flash,Teleport,Flash,Smite,Flash,Teleport,Flash,Cleanse,Flash,Ignite,Flash,Teleport,Smite,Flash,Ghost,Teleport,Flash,Barrier,Ignite,Flash,0,6,0,0,0,1
https://www.op.gg/summoners/euw/Foutriquet-EUW/matches/34-jfPz6Tmw5IYV0oeKE3VdR8foQk4IRvSC0booDNc8%3D/1730306791000,1,35,14,16,35,24,56,67,46,8,17,2,1,1,0,10,3,3,1,55032,44873,13.6,12.2,695,777,28.7,32.199999999999996,10159,-10159,2281.8146341463416,1860.5878048780487,Singed,Xin Zhao,Anivia,Jinx,Nautilus,Gnar,Viego,Syndra,Ezreal,Lux,Doran's Ring,No_Item,Boots of Swiftness,Rylai's Crystal Scepter,"Jak'Sho, The Protean",No_Item,Stealth Ward,No_Item,Sundered Sky,Plated Steelcaps,Sterak's Gage,Phage,No_Item,Oracle Lens,Dark Seal,Boots of Swiftness,Needlessly Large Rod,Malignance,Catalyst of Aeons,Shattered Armguard,Farsight Alteration,Berserker's Greaves,Mortal Reminder,Vampiric Scepter,The Collector,Infinity Edge,Phantom Dancer,Farsight Alteration,Bloodsong,Locket of the Iron Solari,Chain Vest,Kindlegem,Trailblazer,Boots of Swiftness,Oracle Lens,Control Ward,Long Sword,Pickaxe,Boots of Swiftness,Seeker's Armguard,Trinity Force,Oracle Lens,Mercury's Treads,Titanic Hydra,Control Ward,Tunneler,Ruby Crystal,Kraken Slayer,Oracle Lens,Needlessly Large Rod,Luden's Companion,Sorcerer's Shoes,Dark Seal,Needlessly Large Rod,No_Item,Farsight Alteration,Muramana,Caulfield's Warhammer,Trinity Force,Doran's Blade,Ionian Boots of Lucidity,Long Sword,Farsight Alteration,Zaz'Zak's Realmspike,Malignance,Fiendish Codex,Boots of Swiftness,Dark Seal,Fiendish Codex,Oracle Lens,Phase Rush,Resolve,Conqueror,Inspiration,Phase Rush,Precision,Press the Attack,Sorcery,Aftershock,Inspiration,Fleet Footwork,Resolve,Conqueror,Inspiration,Arcane Comet,Inspiration,Press the Attack,Inspiration,Arcane Comet,Domination,Flash,Ghost,Flash,Smite,Ignite,Flash,Barrier,Flash,Flash,Ignite,Flash,Teleport,Smite,Flash,Flash,Teleport,Barrier,Flash,Heal,Flash,1,0,2,0,6,0
https://www.op.gg/summoners/euw/Foutriquet-EUW/matches/34-jfPz6Tmxu6spz-64KFSVmbzaygs-ai1K9Ftq6DeE%3D/1730304289000,1,41,26,26,41,30,89,113,89,42,43,2,3,1,0,9,5,3,3,71241,65652,16.0,15.6,919,1101,27.1,32.4,5589,-5589,2095.323529411765,1930.9411764705883,Pantheon,Skarner,Vex,Ezreal,Pyke,Gnar,Udyr,Yone,Syndra,Nautilus,Black Cleaver,No_Item,Spear of Shojin,Plated Steelcaps,Serrated Dirk,Blade of The Ruined King,Farsight Alteration,Sterak's Gage,Heartsteel,Bramble Vest,Negatron Cloak,Mercury's Treads,Unending Despair,Oracle Lens,Rabadon's Deathcap,No_Item,Zhonya's Hourglass,Stormsurge,Sorcerer's Shoes,Luden's Companion,Oracle Lens,Executioner's Calling,Muramana,Trinity Force,Ionian Boots of Lucidity,Serylda's Grudge,Bloodthirster,Farsight Alteration,Celestial Opposition,Umbral Glaive,Edge of Night,Mercury's Treads,Serpent's Fang,No_Item,Oracle Lens,No_Item,Sterak's Gage,Plated Steelcaps,Trinity Force,Black Cleaver,Null-Magic Mantle,Oracle Lens,Boots of Swiftness,Liandry's Torment,"Jak'Sho, The Protean",Unending Despair,Spirit Visage,Fiendish Codex,Oracle Lens,Quicksilver Sash,Stridebreaker,Immortal Shieldbow,Berserker's Greaves,Blade of The Ruined King,Control Ward,Farsight Alteration,Rabadon's Deathcap,Void Staff,Stormsurge,Sorcerer's Shoes,Luden's Companion,Amplifying Tome,Farsight Alteration,Locket of the Iron Solari,Bloodsong,Plated Steelcaps,Knight's Vow,Kindlegem,No_Item,Oracle Lens,Conqueror,Sorcery,Aftershock,Inspiration,Electrocute,Sorcery,Press the Attack,Sorcery,Hail of Blades,Resolve,Grasp of the Undying,Precision,Conqueror,Resolve,Fleet Footwork,Resolve,Arcane Comet,Precision,Aftershock,Inspiration,Teleport,Flash,Smite,Flash,Flash,Teleport,Flash,Barrier,Flash,Ignite,Teleport,Flash,Flash,Smite,Flash,Teleport,Teleport,Flash,Ignite,Flash,1,3,1,0,3,0
https://www.op.gg/summoners/euw/Foutriquet-EUW/matches/34-jfPz6TmxY5znOtirlFmEcSgwIA8W_CSjS0eKfbE8%3D/1730301350000,1,43,30,30,43,42,74,99,80,33,49,3,2,2,0,10,4,5,2,77429,67684,17.6,16.0,1072,1088,29.299999999999997,29.7,9745,-9745,2114.9587962962964,1848.7759259259262,Yone,Skarner,Vex,Jinx,Thresh,Darius,Viego,Smolder,Syndra,Senna,"Jak'Sho, The Protean",Immortal Shieldbow,Berserker's Greaves,Kraken Slayer,Infinity Edge,No_Item,Farsight Alteration,Heartsteel,Sterak's Gage,Giant's Belt,Plated Steelcaps,Thornmail,Unending Despair,Oracle Lens,Rabadon's Deathcap,Void Staff,Needlessly Large Rod,Sorcerer's Shoes,Stormsurge,Luden's Companion,Oracle Lens,Doran's Blade,Berserker's Greaves,Lord Dominik's Regards,Kraken Slayer,Phantom Dancer,Infinity Edge,Farsight Alteration,Celestial Opposition,Locket of the Iron Solari,Redemption,Knight's Vow,Negatron Cloak,Ionian Boots of Lucidity,Oracle Lens,Sterak's Gage,Control Ward,Stridebreaker,Plated Steelcaps,Ruby Crystal,Dead Man's Plate,Stealth Ward,Sundered Sky,Randuin's Omen,Phage,Mercury's Treads,Trinity Force,Pickaxe,Oracle Lens,Rapid Firecannon,Muramana,Bloodthirster,Mercury's Treads,No_Item,Spear of Shojin,Farsight Alteration,Void Staff,Shadowflame,Rabadon's Deathcap,Fiendish Codex,Aether Wisp,Sorcerer's Shoes,Farsight Alteration,Bloodsong,Rapid Firecannon,Black Cleaver,Boots of Swiftness,No_Item,Edge of Night,Oracle Lens,Lethal Tempo,Resolve,Grasp of the Undying,Inspiration,Electrocute,Sorcery,Press the Attack,Inspiration,Aftershock,Inspiration,Conqueror,Sorcery,Conqueror,Inspiration,Grasp of the Undying,Inspiration,Arcane Comet,Inspiration,Grasp of the Undying,Precision,Flash,Teleport,Smite,Flash,Flash,Teleport,Barrier,Flash,Flash,Ignite,Ghost,Flash,Smite,Flash,Teleport,Flash,Flash,Teleport,Flash,Heal,0,1,3,0,3,0
https://www.op.gg/summoners/euw/Foutriquet-EUW/matches/34-jfPz6TmwtM7gQVZ42k4mk67_evCkQ_OrqD-UDHUw%3D/1730295839000,1,29,20,20,29,45,66,98,69,28,39,1,3,1,0,10,2,2,3,60907,48231,14.6,13.2,855,810,30.599999999999998,28.9,12676,-12676,2163.3633879781423,1713.1229508196723,Gnar,Zyra,Syndra,Samira,Rakan,K'Sante,Viego,Annie,Kalista,Rell,Trinity Force,Black Cleaver,Mercury's Treads,Sterak's Gage,Dagger,No_Item,Farsight Alteration,Giant's Belt,Zhonya's Hourglass,Control Ward,Liandry's Torment,No_Item,Sorcerer's Shoes,Oracle Lens,Luden's Companion,Rabadon's Deathcap,No_Item,Stormsurge,Sorcerer's Shoes,Verdant Barrier,Farsight Alteration,Mercury's Treads,Lord Dominik's Regards,Control Ward,The Collector,Infinity Edge,Doran's Blade,Farsight Alteration,Plated Steelcaps,Locket of the Iron Solari,Celestial Opposition,Kindlegem,No_Item,Zeke's Convergence,Oracle Lens,Force of Nature,Mercury's Treads,Chain Vest,Iceborn Gauntlet,No_Item,No_Item,Farsight Alteration,Negatron Cloak,Titanic Hydra,Recurve Bow,Mercury's Treads,Kraken Slayer,Recurve Bow,Oracle Lens,Malignance,Shadowflame,Blighting Jewel,Sorcerer's Shoes,Doran's Ring,Dark Seal,Farsight Alteration,Blade of The Ruined King,Guinsoo's Rageblade,Wit's End,Berserker's Greaves,Chain Vest,Negatron Cloak,Farsight Alteration,Mercury's Treads,Locket of the Iron Solari,Zeke's Convergence,Celestial Opposition,Control Ward,No_Item,Oracle Lens,Grasp of the Undying,Precision,Arcane Comet,Precision,First Strike,Sorcery,Conqueror,Domination,Guardian,Domination,Grasp of the Undying,Sorcery,Conqueror,Inspiration,Electrocute,Sorcery,Lethal Tempo,Domination,Aftershock,Inspiration,Flash,Teleport,Smite,Flash,Flash,Teleport,Flash,Barrier,Flash,Ignite,Flash,Teleport,Smite,Flash,Teleport,Flash,Flash,Barrier,Ignite,Flash,0,6,2,1,0,0
https://www.op.gg/summoners/euw/Foutriquet-EUW/matches/34-jfPz6TmzA9f2bBA5nJ00HsJYjDOdIw58p_gViUDI%3D/1730293224000,0,35,34,34,35,60,56,72,76,23,25,1,3,0,1,3,9,1,4,52664,59602,13.4,14.8,728,794,26.4,28.9,-6938,6938,1923.1235955056181,2176.4775280898875,Aurora,Graves,Sylas,Ashe,Nautilus,Jax,Viego,Vex,Ziggs,Leona,Control Ward,Liandry's Torment,Seeker's Armguard,Doran's Ring,Cosmic Drive,Sorcerer's Shoes,Farsight Alteration,Lord Dominik's Regards,Youmuu's Ghostblade,Mercury's Treads,The Collector,Immortal Shieldbow,Cloak of Agility,Oracle Lens,Shattered Armguard,Hextech Rocketbelt,Dark Seal,Doran's Ring,Sorcerer's Shoes,Lich Bane,Oracle Lens,Wit's End,Berserker's Greaves,Kraken Slayer,Pickaxe,Vampiric Scepter,Doran's Blade,Farsight Alteration,Mercury's Treads,Locket of the Iron Solari,Negatron Cloak,Celestial Opposition,No_Item,Kindlegem,Oracle Lens,Stridebreaker,Trinity Force,No_Item,Mercury's Treads,Caulfield's Warhammer,Tunneler,Stealth Ward,Mercury's Treads,Titanic Hydra,Tunneler,Caulfield's Warhammer,Kraken Slayer,Wit's End,Oracle Lens,Sorcerer's Shoes,Dark Seal,Zhonya's Hourglass,Blighting Jewel,Shadowflame,Luden's Companion,Stealth Ward,Horizon Focus,Seraph's Embrace,Luden's Companion,No_Item,Sorcerer's Shoes,No_Item,Farsight Alteration,Zeke's Convergence,Control Ward,Celestial Opposition,Ruby Crystal,Plated Steelcaps,Abyssal Mask,Oracle Lens,Grasp of the Undying,Sorcery,Dark Harvest,Precision,Electrocute,Resolve,Lethal Tempo,Inspiration,Aftershock,Inspiration,Lethal Tempo,Resolve,Conqueror,Inspiration,Electrocute,Sorcery,Arcane Comet,Precision,Aftershock,Precision,Flash,Teleport,Smite,Flash,Flash,Teleport,Flash,Cleanse,Ignite,Flash,Flash,Teleport,Smite,Flash,Flash,Teleport,Flash,Teleport,Flash,Ignite,1,3,0,0,3,2
https://www.op.gg/summoners/euw/Foutriquet-EUW/matches/34-jfPz6Tmy4JAlefyTCOZHDKupOlDAbnPzIS_8PaNk%3D/1730224332000,0,3,17,17,3,19,4,39,50,18,17,1,1,0,0,0,3,1,1,29110,38123,10.0,11.2,594,653,31.7,34.9,-9013,9013,1559.4642857142856,2042.3035714285713,Aatrox,Zyra,Yone,Samira,Soraka,Gnar,Viego,Ahri,Hwei,Poppy,Refillable Potion,Plated Steelcaps,Doran's Shield,Eclipse,Long Sword,No_Item,Stealth Ward,Amplifying Tome,Sorcerer's Shoes,Liandry's Torment,Amplifying Tome,Control Ward,No_Item,Oracle Lens,Berserker's Greaves,Pickaxe,Kraken Slayer,Noonquiver,Doran's Shield,No_Item,Oracle Lens,Doran's Blade,Refillable Potion,Mercury's Treads,The Collector,No_Item,No_Item,Farsight Alteration,Refillable Potion,Moonstone Renewer,Solstice Sleigh,No_Item,Boots of Swiftness,No_Item,Oracle Lens,Doran's Blade,Plated Steelcaps,Refillable Potion,Trinity Force,Tunneler,No_Item,Oracle Lens,Kraken Slayer,Tiamat,Tunneler,Plated Steelcaps,No_Item,No_Item,Eye of the Herald,Fiendish Codex,Dark Seal,Amplifying Tome,Doran's Ring,Sorcerer's Shoes,Malignance,Oracle Lens,No_Item,Oblivion Orb,Sorcerer's Shoes,Blackfire Torch,Liandry's Torment,Doran's Ring,Farsight Alteration,Celestial Opposition,Boots of Swiftness,Dead Man's Plate,No_Item,No_Item,No_Item,Oracle Lens,Conqueror,Resolve,Electrocute,Precision,Fleet Footwork,Resolve,Conqueror,Domination,Summon Aery,Resolve,Grasp of the Undying,Precision,Conqueror,Inspiration,Summon Aery,Precision,Arcane Comet,Precision,Hail of Blades,Inspiration,Teleport,Flash,Flash,Smite,Flash,Teleport,Flash,Barrier,Heal,Flash,Flash,Teleport,Smite,Flash,Teleport,Flash,Flash,Teleport,Flash,Ignite,0,6,0,1,0,0
https://www.op.gg/summoners/euw/Foutriquet-EUW/matches/34-jfPz6TmwWo6-d5C_85ZPeyVdms1x-_dUQgjRg6VQ%3D/1730219972000,1,23,16,16,24,23,31,69,72,24,17,3,1,1,0,10,3,4,1,56049,46384,14.4,13.2,859,798,32.4,30.1,9665,-9665,2116.7441489361704,1751.736170212766,Sylas,Viego,Yone,Ezreal,Vel'Koz,Cassiopeia,Vi,Lucian,Kai'Sa,Nautilus,Zhonya's Hourglass,Hextech Rocketbelt,No_Item,No_Item,Sorcerer's Shoes,Lich Bane,Oracle Lens,Kraken Slayer,Titanic Hydra,Tunneler,Plated Steelcaps,Ruby Crystal,Caulfield's Warhammer,Oracle Lens,Blade of The Ruined King,Berserker's Greaves,Immortal Shieldbow,Infinity Edge,No_Item,No_Item,Farsight Alteration,Doran's Blade,Ionian Boots of Lucidity,Muramana,Trinity Force,Pickaxe,Tunneler,Farsight Alteration,Sorcerer's Shoes,Zhonya's Hourglass,Dark Seal,Zaz'Zak's Realmspike,No_Item,Horizon Focus,Oracle Lens,Seraph's Embrace,Rylai's Crystal Scepter,No_Item,No_Item,No_Item,Dark Seal,Farsight Alteration,Sundered Sky,Black Cleaver,Pickaxe,Plated Steelcaps,Tunneler,Ruby Crystal,Oracle Lens,Doran's Blade,Navori Flickerblade,Essence Reaver,B. F. Sword,Cloak of Agility,Plated Steelcaps,Oracle Lens,Doran's Blade,Statikk Shiv,Guinsoo's Rageblade,Berserker's Greaves,Nashor's Tooth,Control Ward,Farsight Alteration,Bloodsong,Cloth Armor,Warmog's Armor,Mercury's Treads,Cloth Armor,No_Item,Oracle Lens,Electrocute,Resolve,Conqueror,Inspiration,Lethal Tempo,Resolve,Press the Attack,Sorcery,Arcane Comet,Domination,Conqueror,Sorcery,Conqueror,Inspiration,Press the Attack,Inspiration,Press the Attack,Inspiration,Aftershock,Inspiration,Flash,Teleport,Smite,Flash,Teleport,Flash,Flash,Exhaust,Heal,Flash,Flash,Ghost,Flash,Smite,Flash,Teleport,Flash,Barrier,Flash,Ignite,1,3,2,0,3,0
https://www.op.gg/summoners/euw/Foutriquet-EUW/matches/34-jfPz6Tmx1RWhTzBKW2H8mrqj49C_sRverW-5A2FA%3D/1730214000000,1,24,11,12,24,26,45,50,54,25,10,2,1,0,0,7,3,2,1,47938,40450,12.8,12.0,692,704,28.9,29.5,7488,-7488,1997.4166666666667,1685.4166666666667,K'Sante,Viego,Sylas,Ashe,Rell,Gnar,Ivern,Ahri,Kalista,Alistar,Frozen Heart,Plated Steelcaps,Chain Vest,Iceborn Gauntlet,Cloth Armor,No_Item,Stealth Ward,Kraken Slayer,Titanic Hydra,No_Item,Chempunk Chainsword,No_Item,Mercury's Treads,Oracle Lens,Shattered Armguard,Hextech Rocketbelt,Cosmic Drive,Dark Seal,Doran's Ring,Mercury's Treads,Oracle Lens,Doran's Blade,Kraken Slayer,Phantom Dancer,Berserker's Greaves,Long Sword,No_Item,Farsight Alteration,Solstice Sleigh,Zeke's Convergence,No_Item,Plated Steelcaps,Bramble Vest,Ruby Crystal,Oracle Lens,Plated Steelcaps,Refillable Potion,Control Ward,Trinity Force,Black Cleaver,Doran's Blade,Stealth Ward,Moonstone Renewer,Ionian Boots of Lucidity,Redemption,No_Item,No_Item,No_Item,Oracle Lens,Doran's Ring,Malignance,Dark Seal,Sorcerer's Shoes,Horizon Focus,No_Item,Oracle Lens,Doran's Blade,Guinsoo's Rageblade,Terminus,Berserker's Greaves,Blade of The Ruined King,Control Ward,Oracle Lens,Celestial Opposition,Locket of the Iron Solari,Null-Magic Mantle,Cloth Armor,Ionian Boots of Lucidity,Kindlegem,Oracle Lens,Grasp of the Undying,Inspiration,Conqueror,Inspiration,Conqueror,Resolve,Lethal Tempo,Inspiration,Aftershock,Inspiration,Grasp of the Undying,Precision,Summon Aery,Inspiration,Summon Aery,Domination,Lethal Tempo,Domination,Aftershock,Inspiration,Flash,Teleport,Smite,Flash,Flash,Teleport,Flash,Barrier,Flash,Ignite,Flash,Teleport,Flash,Smite,Teleport,Flash,Cleanse,Flash,Flash,Ignite,0,6,1,1,0,0
https://www.op.gg/summoners/euw/Foutriquet-EUW/matches/34-jfPz6TmzR6ujperyZ5AocEcFhehHPUBCLO5IkI8E%3D/1730211782000,1,37,19,19,37,45,68,68,47,18,22,1,2,1,0,11,1,2,2,61615,46224,14.8,12.8,815,696,29.9,25.5,15391,-15391,2252.1344827586204,1689.566896551724,Shen,Viego,Corki,Syndra,Alistar,Pantheon,Elise,Ahri,Aphelios,Rell,Sunfire Aegis,Doran's Shield,Heartsteel,Plated Steelcaps,Spectre's Cowl,Null-Magic Mantle,Oracle Lens,Kraken Slayer,Titanic Hydra,Sundered Sky,Mercury's Treads,Negatron Cloak,Dagger,Oracle Lens,Infinity Edge,No_Item,The Collector,Rapid Firecannon,Immortal Shieldbow,Mercury's Treads,Farsight Alteration,Doran's Ring,Sorcerer's Shoes,Banshee's Veil,Luden's Companion,Stormsurge,Rabadon's Deathcap,Farsight Alteration,Solstice Sleigh,Mercury's Treads,Locket of the Iron Solari,Zeke's Convergence,Kindlegem,No_Item,Oracle Lens,Edge of Night,Sundered Sky,Black Cleaver,Mercury's Treads,No_Item,No_Item,Stealth Ward,Amplifying Tome,Rylai's Crystal Scepter,Sorcerer's Shoes,Stormsurge,Dark Seal,No_Item,Oracle Lens,Cosmic Drive,Cryptbloom,Ionian Boots of Lucidity,Malignance,No_Item,No_Item,Oracle Lens,Doran's Blade,Infinity Edge,Berserker's Greaves,Last Whisper,The Collector,No_Item,Farsight Alteration,Control Ward,Celestial Opposition,Locket of the Iron Solari,Mercury's Treads,Kindlegem,Negatron Cloak,Oracle Lens,Grasp of the Undying,Inspiration,Conqueror,Inspiration,Hail of Blades,Precision,First Strike,Sorcery,Aftershock,Inspiration,Conqueror,Sorcery,Electrocute,Sorcery,Electrocute,Sorcery,Press the Attack,Sorcery,Aftershock,Inspiration,Teleport,Flash,Smite,Flash,Flash,Teleport,Flash,Teleport,Flash,Ignite,Flash,Teleport,Flash,Smite,Flash,Teleport,Barrier,Flash,Ignite,Flash,1,6,3,0,0,0
https://www.op.gg/summoners/euw/Foutriquet-EUW/matches/34-jfPz6Tmy5c2ORVSGLN8lzjMg3NuJGlwUNJJChCYA%3D/1730140915000,1,12,3,3,12,5,12,32,31,10,9,0,1,0,0,2,0,0,1,30704,23480,10.0,8.8,549,459,36.0,30.2,7224,-7224,2013.377049180328,1539.672131147541,Renekton,Vi,Ziggs,Ezreal,Vel'Koz,Gnar,Viego,Ahri,Tristana,Poppy,Doran's Shield,Refillable Potion,Stridebreaker,No_Item,Plated Steelcaps,No_Item,Oracle Lens,Sundered Sky,Mercury's Treads,Ruby Crystal,Ruby Crystal,No_Item,No_Item,Oracle Lens,Doran's Ring,Archangel's Staff,Hextech Alternator,Needlessly Large Rod,Boots,No_Item,Farsight Alteration,Doran's Blade,Ionian Boots of Lucidity,Trinity Force,Tear of the Goddess,No_Item,No_Item,Stealth Ward,Horizon Focus,Health Potion,Sorcerer's Shoes,Zaz'Zak's Realmspike,No_Item,No_Item,Oracle Lens,Doran's Blade,Refillable Potion,Plated Steelcaps,Ruby Crystal,Sheen,No_Item,Stealth Ward,Gustwalker Hatchling,Kraken Slayer,Mercury's Treads,No_Item,Long Sword,No_Item,Oracle Lens,Doran's Ring,Refillable Potion,Malignance,Sorcerer's Shoes,Dark Seal,No_Item,Oracle Lens,Doran's Blade,Refillable Potion,Serrated Dirk,Pickaxe,Berserker's Greaves,Cloak of Agility,Stealth Ward,Runic Compass,Refillable Potion,Boots of Swiftness,Winged Moonplate,Control Ward,Chain Vest,Oracle Lens,Conqueror,Resolve,Conqueror,Inspiration,Arcane Comet,Precision,Press the Attack,Sorcery,Arcane Comet,Domination,Grasp of the Undying,Precision,Conqueror,Inspiration,Electrocute,Inspiration,Hail of Blades,Precision,Hail of Blades,Inspiration,Teleport,Flash,Flash,Smite,Flash,Teleport,Flash,Barrier,Heal,Flash,Teleport,Flash,Smite,Flash,Flash,Teleport,Flash,Barrier,Flash,Ignite,0,3,0,0,3,0
https://www.op.gg/summoners/euw/Foutriquet-EUW/matches/34-jfPz6TmyPbv9DsmJs-XLPA6Nd9V3y-mzJZrYouXw%3D/1730136723000,1,39,17,17,39,30,56,53,57,28,13,1,2,1,0,9,4,2,2,54494,43868,13.8,11.8,731,681,30.4,28.3,10626,-10626,2273.8503597122303,1830.463309352518,Tahm Kench,Viego,Akali,Kai'Sa,Rell,Udyr,Wukong,Aurora,Tristana,Rakan,Heartsteel,Boots of Swiftness,Doran's Shield,Unending Despair,Null-Magic Mantle,No_Item,Stealth Ward,Kraken Slayer,Titanic Hydra,Control Ward,Mercury's Treads,Recurve Bow,Negatron Cloak,Oracle Lens,Refillable Potion,Shadowflame,Stormsurge,Sorcerer's Shoes,Needlessly Large Rod,Control Ward,Oracle Lens,B. F. Sword,Guinsoo's Rageblade,Kraken Slayer,Terminus,Vampiric Scepter,Berserker's Greaves,Farsight Alteration,Celestial Opposition,Zeke's Convergence,Control Ward,Locket of the Iron Solari,Giant's Belt,Plated Steelcaps,Oracle Lens,Boots of Swiftness,Heartsteel,Liandry's Torment,Kindlegem,Chain Vest,Doran's Ring,Stealth Ward,Sundered Sky,Eclipse,Plated Steelcaps,Long Sword,Ruby Crystal,Ruby Crystal,Oracle Lens,Malignance,Needlessly Large Rod,No_Item,Dark Seal,Cosmic Drive,Sorcerer's Shoes,Oracle Lens,Doran's Blade,The Collector,Navori Flickerblade,Berserker's Greaves,B. F. Sword,Cloak of Agility,Farsight Alteration,Locket of the Iron Solari,Celestial Opposition,Control Ward,Ionian Boots of Lucidity,Kindlegem,Cloth Armor,Oracle Lens,Grasp of the Undying,Precision,Conqueror,Inspiration,Electrocute,Resolve,Lethal Tempo,Inspiration,Aftershock,Inspiration,Conqueror,Resolve,Conqueror,Inspiration,Electrocute,Precision,Lethal Tempo,Sorcery,Guardian,Domination,Flash,Teleport,Smite,Flash,Teleport,Flash,Flash,Ghost,Flash,Ignite,Ghost,Teleport,Flash,Smite,Flash,Teleport,Flash,Barrier,Flash,Ignite,0,6,1,1,0,0
https://www.op.gg/summoners/euw/Foutriquet-EUW/matches/34-jfPz6TmzoBJUYIkif4q3lHMd3g_jY4uZd20LwB-U%3D/1730132614000,1,45,29,29,45,53,65,81,84,24,14,2,2,1,0,9,5,3,2,68316,59931,15.4,14.8,918,856,31.599999999999998,29.3,8385,-8385,2343.205797101449,2055.6043478260867,Garen,Viego,LeBlanc,Xayah,Poppy,Urgot,Vi,Ekko,Samira,Renata Glasc,Stridebreaker,Dead Man's Plate,Phantom Dancer,Plated Steelcaps,Doran's Shield,Last Whisper,Farsight Alteration,Sterak's Gage,No_Item,Titanic Hydra,Cloth Armor,Plated Steelcaps,Kraken Slayer,Oracle Lens,Void Staff,Luden's Companion,Mejai's Soulstealer,Rabadon's Deathcap,Banshee's Veil,Sorcerer's Shoes,Farsight Alteration,Doran's Blade,Navori Flickerblade,Mortal Reminder,Berserker's Greaves,Essence Reaver,Infinity Edge,Farsight Alteration,Control Ward,Celestial Opposition,Locket of the Iron Solari,Warmog's Armor,Kindlegem,Boots of Swiftness,Oracle Lens,Sterak's Gage,Hullbreaker,Black Cleaver,No_Item,No_Item,Plated Steelcaps,Oracle Lens,Sterak's Gage,Sundered Sky,No_Item,Mercury's Treads,Warden's Mail,No_Item,Oracle Lens,Doran's Ring,Dark Seal,Lich Bane,Rabadon's Deathcap,Amplifying Tome,Sorcerer's Shoes,Oracle Lens,Plated Steelcaps,Lord Dominik's Regards,Infinity Edge,Bloodthirster,B. F. Sword,The Collector,Farsight Alteration,Celestial Opposition,Locket of the Iron Solari,Control Ward,Kindlegem,Plated Steelcaps,Knight's Vow,Oracle Lens,Conqueror,Sorcery,Conqueror,Inspiration,Electrocute,Sorcery,Lethal Tempo,Inspiration,Hail of Blades,Inspiration,Press the Attack,Resolve,Conqueror,Inspiration,Electrocute,Sorcery,Conqueror,Domination,Guardian,Domination,Flash,Ignite,Smite,Flash,Teleport,Flash,Barrier,Flash,Ignite,Flash,Flash,Teleport,Smite,Flash,Flash,Teleport,Flash,Barrier,Heal,Flash,1,3,2,0,3,0
https://www.op.gg/summoners/euw/Foutriquet-EUW/matches/34-jfPz6Tmyhb2eTcs1HhzzcVvel8hofRM-8QNdOEqg%3D/1730130373000,0,10,34,35,10,29,6,40,36,8,10,0,3,0,0,2,6,0,3,35504,46366,11.0,12.2,597,664,29.599999999999998,32.8,-10862,10862,1752.4410256410258,2288.5782051282054,Garen,Gwen,Corki,Caitlyn,Poppy,Akali,Viego,LeBlanc,Draven,Nautilus,No_Item,Stridebreaker,Boots of Swiftness,Winged Moonplate,Crystalline Bracer,Giant's Belt,Farsight Alteration,Gustwalker Hatchling,Nashor's Tooth,Sorcerer's Shoes,Fiendish Codex,Control Ward,Amplifying Tome,Oracle Lens,Doran's Blade,Trinity Force,Tear of the Goddess,No_Item,Boots,Hexdrinker,Oracle Lens,The Collector,Berserker's Greaves,Doran's Blade,Infinity Edge,No_Item,No_Item,Farsight Alteration,Bloodsong,Cloth Armor,Locket of the Iron Solari,Plated Steelcaps,Bramble Vest,Ruby Crystal,Oracle Lens,Stormsurge,Sorcerer's Shoes,Dark Seal,Shadowflame,No_Item,No_Item,Oracle Lens,Kraken Slayer,Titanic Hydra,Tunneler,Plated Steelcaps,Long Sword,No_Item,Oracle Lens,Needlessly Large Rod,Dark Seal,Void Staff,Luden's Companion,Sorcerer's Shoes,Needlessly Large Rod,Oracle Lens,Doran's Blade,The Collector,Bloodthirster,Berserker's Greaves,No_Item,No_Item,Farsight Alteration,Randuin's Omen,Bloodsong,Control Ward,Plated Steelcaps,Kindlegem,No_Item,Oracle Lens,Phase Rush,Resolve,Conqueror,Inspiration,Fleet Footwork,Inspiration,First Strike,Sorcery,Hail of Blades,Inspiration,Electrocute,Resolve,Conqueror,Inspiration,Electrocute,Sorcery,Lethal Tempo,Domination,Aftershock,Inspiration,Flash,Ignite,Ghost,Smite,Flash,Teleport,Flash,Barrier,Flash,Ignite,Teleport,Flash,Smite,Flash,Teleport,Flash,Flash,Barrier,Flash,Ignite,0,3,0,1,3,0
https://www.op.gg/summoners/euw/Foutriquet-EUW/matches/34-jfPz6TmyzP-PD3fS4DafKdH7XaS6Iie23vN1knNQ%3D/1730127649000,0,21,28,28,21,51,46,73,70,26,32,0,3,0,1,0,10,0,4,48766,58217,13.6,14.2,824,875,32.3,34.3,-9451,9451,1921.8128078817733,2294.266009852217,K'Sante,Skarner,Samira,Lux,Rell,Jax,Viego,Ahri,Ezreal,Pyke,Chain Vest,Plated Steelcaps,Null-Magic Mantle,Giant's Belt,Iceborn Gauntlet,Doran's Shield,Oracle Lens,Heartsteel,Warden's Mail,No_Item,Plated Steelcaps,Thornmail,Null-Magic Mantle,Oracle Lens,Mercury's Treads,Infinity Edge,Lord Dominik's Regards,The Collector,Vampiric Scepter,No_Item,Farsight Alteration,Sorcerer's Shoes,Luden's Companion,Needlessly Large Rod,Horizon Focus,Needlessly Large Rod,No_Item,Farsight Alteration,Plated Steelcaps,Zeke's Convergence,Celestial Opposition,Kindlegem,Null-Magic Mantle,Cloth Armor,Oracle Lens,Plated Steelcaps,Trinity Force,No_Item,Doran's Shield,Sterak's Gage,Sundered Sky,Stealth Ward,Sundered Sky,Blade of The Ruined King,No_Item,Caulfield's Warhammer,Mercury's Treads,Steel Sigil,Oracle Lens,Malignance,Zhonya's Hourglass,Control Ward,Mejai's Soulstealer,Ionian Boots of Lucidity,Horizon Focus,Oracle Lens,Doran's Blade,Ionian Boots of Lucidity,Trinity Force,Muramana,Serylda's Grudge,Long Sword,Farsight Alteration,Edge of Night,Umbral Glaive,Celestial Opposition,Control Ward,The Brutalizer,Synchronized Souls,Oracle Lens,Grasp of the Undying,Inspiration,Grasp of the Undying,Inspiration,Conqueror,Domination,Dark Harvest,Sorcery,Aftershock,Inspiration,Grasp of the Undying,Sorcery,Conqueror,Inspiration,Electrocute,Sorcery,Press the Attack,Sorcery,Hail of Blades,Resolve,Flash,Teleport,Flash,Smite,Flash,Teleport,Teleport,Flash,Flash,Ignite,Flash,Teleport,Smite,Flash,Flash,Teleport,Flash,Barrier,Flash,Ignite,0,0,0,1,6,3
https://www.op.gg/summoners/euw/Foutriquet-EUW/matches/34-jfPz6TmzpGqKCKN1ZV4F1Enrud0I28mFIXOj-w-0%3D/1730125406000,1,25,13,13,25,17,45,29,35,13,6,1,0,0,0,1,1,1,0,36670,33151,10.8,10.0,510,587,30.1,34.8,3519,-3519,2165.551181102362,1957.736220472441,Sejuani,Viego,Ahri,Samira,Rell,Darius,Kayn,Hwei,Corki,Alistar,No_Item,No_Item,Doran's Shield,Heartsteel,Plated Steelcaps,Tear of the Goddess,Oracle Lens,No_Item,Titanic Hydra,Kraken Slayer,Slightly Magical Footwear,No_Item,No_Item,Eye of the Herald,Amplifying Tome,Malignance,Ionian Boots of Lucidity,Needlessly Large Rod,Mejai's Soulstealer,Doran's Ring,Oracle Lens,Boots,The Collector,Doran's Blade,Infinity Edge,No_Item,No_Item,Farsight Alteration,Control Ward,Celestial Opposition,Locket of the Iron Solari,Mercury's Treads,Kindlegem,No_Item,Oracle Lens,Stridebreaker,Refillable Potion,Doran's Shield,Dagger,Mercury's Treads,Long Sword,Stealth Ward,Tunneler,Eclipse,Ionian Boots of Lucidity,No_Item,Long Sword,No_Item,Oracle Lens,Refillable Potion,Mercury's Treads,Dark Seal,Blackfire Torch,No_Item,Doran's Ring,Stealth Ward,Doran's Blade,Manamune,Trinity Force,Slightly Magical Footwear,Rapid Firecannon,Control Ward,Farsight Alteration,Celestial Opposition,Bramble Vest,Ionian Boots of Lucidity,Zeke's Convergence,Ruby Crystal,Glowing Mote,Oracle Lens,Grasp of the Undying,Precision,Conqueror,Inspiration,Electrocute,Sorcery,Conqueror,Domination,Aftershock,Inspiration,Conqueror,Resolve,Conqueror,Inspiration,Summon Aery,Precision,Conqueror,Inspiration,Aftershock,Inspiration,Ignite,Teleport,Smite,Flash,Flash,Teleport,Flash,Barrier,Ignite,Flash,Ghost,Flash,Flash,Smite,Flash,Teleport,Cleanse,Flash,Flash,Ignite,1,6,0,0,0,0
https://www.op.gg/summoners/euw/Foutriquet-EUW/matches/34-jfPz6TmzjWEjwQxMn35uh4TrpqGIBevPLRsPSK2E%3D/1730121439000,1,29,15,15,29,23,51,60,48,17,16,2,0,1,0,10,1,3,0,55645,40432,13.8,11.6,824,664,34.5,27.9,15213,-15213,2339.2165605095543,1699.6891719745222,K'Sante,Ivern,Corki,Ashe,Rell,Aatrox,Jarvan IV,Sylas,Kog'Maw,Lulu,Giant's Belt,Iceborn Gauntlet,Plated Steelcaps,Thornmail,Negatron Cloak,Chain Vest,Farsight Alteration,Moonstone Renewer,Redemption,Ionian Boots of Lucidity,Ardent Censer,Forbidden Idol,Faerie Charm,Oracle Lens,Infinity Edge,Rapid Firecannon,Muramana,Trinity Force,Mercury's Treads,Doran's Blade,Farsight Alteration,Kraken Slayer,Terminus,Statikk Shiv,Berserker's Greaves,No_Item,Doran's Blade,Farsight Alteration,Bloodsong,Locket of the Iron Solari,No_Item,Ruby Crystal,Ionian Boots of Lucidity,Zeke's Convergence,Oracle Lens,Doran's Shield,Plated Steelcaps,Eclipse,Tunneler,Caulfield's Warhammer,No_Item,Oracle Lens,Plated Steelcaps,Eclipse,Cloth Armor,Sundered Sky,Cloth Armor,No_Item,Oracle Lens,Shattered Armguard,Hextech Rocketbelt,Dark Seal,Lich Bane,No_Item,Boots,Oracle Lens,Berserker's Greaves,Nashor's Tooth,Doran's Blade,Guinsoo's Rageblade,Needlessly Large Rod,Amplifying Tome,Farsight Alteration,Dream Maker,Control Ward,Forbidden Idol,Ionian Boots of Lucidity,Ardent Censer,Glowing Mote,Oracle Lens,Grasp of the Undying,Sorcery,Glacial Augment,Sorcery,Conqueror,Inspiration,Lethal Tempo,Inspiration,Aftershock,Inspiration,Conqueror,Resolve,Conqueror,Inspiration,Electrocute,Resolve,Lethal Tempo,Resolve,Summon Aery,Resolve,Flash,Teleport,Smite,Flash,Flash,Teleport,Barrier,Flash,Flash,Ignite,Flash,Teleport,Smite,Flash,Flash,Teleport,Cleanse,Flash,Heal,Flash,0,0,2,0,6,0
https://www.op.gg/summoners/euw/Foutriquet-EUW/matches/34-jfPz6TmzW7yhMIO3Xo8VdK538aOj1dq0ukAImi8w%3D/1730118075000,1,38,30,30,38,37,63,77,81,33,26,1,3,1,0,9,4,2,3,63793,58463,15.0,14.6,863,832,29.0,27.9,5330,-5330,2149.175935828877,1969.6090909090908,Aurora,Wukong,Sylas,Varus,Leona,Rumble,Viego,Ahri,Corki,Maokai,Cosmic Drive,Liandry's Torment,Amplifying Tome,Blasting Wand,Boots of Swiftness,Dark Seal,Farsight Alteration,Trinity Force,Sundered Sky,Maw of Malmortius,Caulfield's Warhammer,Mercury's Treads,Steel Sigil,Oracle Lens,Zhonya's Hourglass,Hextech Rocketbelt,Needlessly Large Rod,Sorcerer's Shoes,Void Staff,Lich Bane,Oracle Lens,Doran's Blade,Muramana,Boots,Opportunity,Serylda's Grudge,Hexdrinker,Farsight Alteration,Locket of the Iron Solari,Bloodsong,Control Ward,Mercury's Treads,Abyssal Mask,Kindlegem,Oracle Lens,Hextech Rocketbelt,Zhonya's Hourglass,Stormsurge,Doran's Ring,Sorcerer's Shoes,Amplifying Tome,Farsight Alteration,Mercury's Treads,Trinity Force,Wit's End,Executioner's Calling,Black Cleaver,Giant's Belt,Oracle Lens,Shattered Armguard,No_Item,Horizon Focus,Sorcerer's Shoes,Malignance,Needlessly Large Rod,Oracle Lens,Doran's Blade,Infinity Edge,The Collector,Berserker's Greaves,Last Whisper,Executioner's Calling,Farsight Alteration,Celestial Opposition,Locket of the Iron Solari,Abyssal Mask,Mercury's Treads,Kindlegem,Ruby Crystal,Oracle Lens,Grasp of the Undying,Precision,Conqueror,Inspiration,Electrocute,Resolve,Hail of Blades,Sorcery,Aftershock,Inspiration,Arcane Comet,Resolve,Conqueror,Inspiration,Electrocute,Sorcery,Press the Attack,Inspiration,Aftershock,Inspiration,Flash,Teleport,Flash,Smite,Flash,Teleport,Flash,Cleanse,Flash,Ignite,Flash,Teleport,Smite,Flash,Teleport,Flash,Flash,Cleanse,Flash,Ignite,0,5,1,1,1,0
https://www.op.gg/summoners/euw/Foutriquet-EUW/matches/34-jfPz6TmwN-G9kGEP4T66GCAwURZQCM5X9v5zq_X8%3D/1730056561000,1,35,31,31,35,55,85,80,94,46,35,2,3,1,0,9,5,3,3,67323,62254,15.6,15.0,846,978,26.3,30.4,5069,-5069,2095.6575875486383,1937.8677042801557,Aurora,Zac,Sett,Draven,Nautilus,Renekton,Viego,Ahri,Ashe,Renata Glasc,Liandry's Torment,Plated Steelcaps,Riftmaker,Lost Chapter,Cosmic Drive,Dark Seal,Oracle Lens,Randuin's Omen,Spectre's Cowl,Dark Seal,Thornmail,Sunfire Aegis,Ionian Boots of Lucidity,Oracle Lens,Sterak's Gage,Stridebreaker,Control Ward,Dead Man's Plate,No_Item,Mercury's Treads,Oracle Lens,Rapid Firecannon,Bloodthirster,Infinity Edge,Boots of Swiftness,Lord Dominik's Regards,Noonquiver,Farsight Alteration,Bloodsong,Locket of the Iron Solari,No_Item,Thornmail,Plated Steelcaps,Kindlegem,Oracle Lens,Doran's Shield,Sterak's Gage,Stridebreaker,Mercury's Treads,Black Cleaver,Guardian Angel,Stealth Ward,Plated Steelcaps,Trinity Force,Long Sword,Black Cleaver,Sterak's Gage,Executioner's Calling,Oracle Lens,Needlessly Large Rod,Malignance,Void Staff,Ionian Boots of Lucidity,Liandry's Torment,Needlessly Large Rod,Oracle Lens,Doran's Blade,Berserker's Greaves,B. F. Sword,Kraken Slayer,Mortal Reminder,Phantom Dancer,Farsight Alteration,Redemption,Celestial Opposition,Locket of the Iron Solari,Control Ward,Plated Steelcaps,Kindlegem,Oracle Lens,Grasp of the Undying,Precision,Aftershock,Precision,Conqueror,Resolve,Press the Attack,Domination,Aftershock,Inspiration,Conqueror,Resolve,Conqueror,Inspiration,Electrocute,Sorcery,Lethal Tempo,Inspiration,Guardian,Domination,Flash,Teleport,Flash,Smite,Flash,Teleport,Flash,Cleanse,Flash,Ignite,Flash,Teleport,Smite,Flash,Teleport,Flash,Barrier,Flash,Heal,Flash,0,5,2,1,1,0
https://www.op.gg/summoners/euw/Foutriquet-EUW/matches/34-jfPz6Tmy_BocG2R70I4rymOEFT9XdzDjHssrAxpU%3D/1730045703000,0,14,27,27,14,57,17,52,57,11,19,0,3,0,1,4,1,0,4,43774,48341,11.8,13.6,711,716,29.8,30.0,-4567,4567,1840.7528205128206,2032.8010256410255,Heimerdinger,Shaco,Orianna,Tristana,Leona,Smolder,Jarvan IV,Annie,Jhin,Karma,Sorcerer's Shoes,Blackfire Torch,Shadowflame,No_Item,Needlessly Large Rod,Needlessly Large Rod,Oracle Lens,Warmog's Armor,Cloth Armor,Plated Steelcaps,No_Item,Heartsteel,No_Item,Oracle Lens,Luden's Companion,Stormsurge,Doran's Ring,Mercury's Treads,Amplifying Tome,Amplifying Tome,Farsight Alteration,Doran's Blade,Dagger,Dagger,The Collector,Infinity Edge,Berserker's Greaves,Farsight Alteration,Bloodsong,Refillable Potion,No_Item,Cloth Armor,Warmog's Armor,Plated Steelcaps,Oracle Lens,Doran's Blade,Ionian Boots of Lucidity,Essence Reaver,Spear of Shojin,Zeal,No_Item,Stealth Ward,Sundered Sky,Eclipse,Control Ward,Mercury's Treads,Spirit Visage,No_Item,Oracle Lens,Fated Ashes,Malignance,Dark Seal,Shadowflame,Haunting Guise,Sorcerer's Shoes,Stealth Ward,Doran's Blade,Cloak of Agility,The Collector,Boots of Swiftness,Infinity Edge,Last Whisper,Farsight Alteration,Zaz'Zak's Realmspike,Ionian Boots of Lucidity,Shurelya's Battlesong,Kindlegem,Forbidden Idol,No_Item,Oracle Lens,Conqueror,Sorcery,Hail of Blades,Precision,Arcane Comet,Inspiration,Press the Attack,Domination,Aftershock,Inspiration,Fleet Footwork,Resolve,Conqueror,Inspiration,Arcane Comet,Inspiration,Dark Harvest,Precision,Summon Aery,Resolve,Flash,Teleport,Ignite,Smite,Teleport,Flash,Barrier,Flash,Ignite,Flash,Teleport,Flash,Smite,Flash,Flash,Teleport,Flash,Barrier,Heal,Flash,1,6,0,0,0,0
