GAME_ID,BLUE_WIN,BLUE_KILLS,RED_KILLS,BLUE_DEATHS,RED_DEATHS,RED_ASSISTS,BLUE_ASSISTS,BLUE_WARDS_PLACED,RED_WARDS_PLACED,BLUE_WARDS_DESTROYED,RED_WARDS_DESTROYED,BLUE_DRAGONS,RED_DRAGONS,BLUE_BARONS,RED_BARONS,BLUE_TOWERS,RED_TOWERS,BLUE_ELITE_MONSTERS,RED_ELITE_MONSTERS,BLUE_TEAM_GOLD,RED_TEAM_GOLD,BLUE_TEAM_LEVEL,RED_TEAM_LEVEL,BLUE_TEAM_CS,RED_TEAM_CS,BLUE_TEAAM_CS_PER_MINUTE,RED_TEAAM_CS_PER_MINUTE,BLUE_GOLD_DIFF,RED_GOLD_DIFF,BLUE_GOLD_PER_MIN,RED_GOLD_PER_MIN,BLUE_TEAM_TOP,BLUE_TEAM_JNG,BLUE_TEAM_MID,BLUE_TEAM_ADC,BLUE_TEAM_SUP,RED_TEAM_TOP,RED_TEAM_JNG,RED_TEAM_MID,RED_TEAM_ADC,RED_TEAM_SUP,BLLUE_TEAM_TOP_ITEM_1,BLLUE_TEAM_TOP_ITEM_2,BLLUE_TEAM_TOP_ITEM_3,BLLUE_TEAM_TOP_ITEM_4,BLLUE_TEAM_TOP_ITEM_5,BLLUE_TEAM_TOP_ITEM_6,BLLUE_TEAM_TOP_ITEM_VISION,BLLUE_TEAM_JNG_ITEM_1,BLLUE_TEAM_JNG_ITEM_2,BLLUE_TEAM_JNG_ITEM_3,BLLUE_TEAM_JNG_ITEM_4,BLLUE_TEAM_JNG_ITEM_5,BLLUE_TEAM_JNG_ITEM_6,BLLUE_TEAM_JNG_ITEM_VISION,BLLUE_TEAM_MID_ITEM_1,BLLUE_TEAM_MID_ITEM_2,BLLUE_TEAM_MID_ITEM_3,BLLUE_TEAM_MID_ITEM_4,BLLUE_TEAM_MID_ITEM_5,BLLUE_TEAM_MID_ITEM_6,BLLUE_TEAM_MID_ITEM_VISION,BLLUE_TEAM_ADC_ITEM_1,BLLUE_TEAM_ADC_ITEM_2,BLLUE_TEAM_ADC_ITEM_3,BLLUE_TEAM_ADC_ITEM_4,BLLUE_TEAM_ADC_ITEM_5,BLLUE_TEAM_ADC_ITEM_6,BLLUE_TEAM_ADC_ITEM_VISION,BLLUE_TEAM_SUP_ITEM_1,BLLUE_TEAM_SUP_ITEM_2,BLLUE_TEAM_SUP_ITEM_3,BLLUE_TEAM_SUP_ITEM_4,BLLUE_TEAM_SUP_ITEM_5,BLLUE_TEAM_SUP_ITEM_6,BLLUE_TEAM_SUP_ITEM_VISION,RED_TEAM_TOP_ITEM_1,RED_TEAM_TOP_ITEM_2,RED_TEAM_TOP_ITEM_3,RED_TEAM_TOP_ITEM_4,RED_TEAM_TOP_ITEM_5,RED_TEAM_TOP_ITEM_6,RED_TEAM_TOP_ITEM_VISION,RED_TEAM_JNG_ITEM_1,RED_TEAM_JNG_ITEM_2,RED_TEAM_JNG_ITEM_3,RED_TEAM_JNG_ITEM_4,RED_TEAM_JNG_ITEM_5,RED_TEAM_JNG_ITEM_6,RED_TEAM_JNG_ITEM_VISION,RED_TEAM_MID_ITEM_1,RED_TEAM_MID_ITEM_2,RED_TEAM_MID_ITEM_3,RED_TEAM_MID_ITEM_4,RED_TEAM_MID_ITEM_5,RED_TEAM_MID_ITEM_6,RED_TEAM_MID_ITEM_VISION,RED_TEAM_ADC_ITEM_1,RED_TEAM_ADC_ITEM_2,RED_TEAM_ADC_ITEM_3,RED_TEAM_ADC_ITEM_4,RED_TEAM_ADC_ITEM_5,RED_TEAM_ADC_ITEM_6,RED_TEAM_ADC_ITEM_VISION,RED_TEAM_SUP_ITEM_1,RED_TEAM_SUP_ITEM_2,RED_TEAM_SUP_ITEM_3,RED_TEAM_SUP_ITEM_4,RED_TEAM_SUP_ITEM_5,RED_TEAM_SUP_ITEM_6,RED_TEAM_SUP_ITEM_VISION,BLUE_TEAM_TOP_RUNE_01,BLUE_TEAM_TOP_RUNE_02,BLUE_TEAM_JNG_RUNE_01,BLUE_TEAM_JNG_RUNE_02,BLUE_TEAM_MID_RUNE_01,BLUE_TEAM_MID_RUNE_02,BLUE_TEAM_ADC_RUNE_01,BLUE_TEAM_ADC_RUNE_02,BLUE_TEAM_SUP_RUNE_01,BLUE_TEAM_SUP_RUNE_02,RED_TEAM_TOP_RUNE_01,RED_TEAM_TOP_RUNE_02,RED_TEAM_JNG_RUNE_01,RED_TEAM_JNG_RUNE_02,RED_TEAM_MID_RUNE_01,RED_TEAM_MID_RUNE_02,RED_TEAM_ADC_RUNE_01,RED_TEAM_ADC_RUNE_02,RED_TEAM_SUP_RUNE_01,RED_TEAM_SUP_RUNE_02,BLUE_TEAM_TOP_SUMMONER_01,BLUE_TEAM_TOP_SUMMONER_02,BLUE_TEAM_JNG_SUMMONER_01,BLUE_TEAM_JNG_SUMMONER_02,BLUE_TEAM_MID_SUMMONER_01,BLUE_TEAM_MID_SUMMONER_02,BLUE_TEAM_ADC_SUMMONER_01,BLUE_TEAM_ADC_SUMMONER_02,BLUE_TEAM_SUP_SUMMONER_01,BLUE_TEAM_SUP_SUMMONER_02,RED_TEAM_TOP_SUMMONER_01,RED_TEAM_TOP_SUMMONER_02,RED_TEAM_JNG_SUMMONER_01,RED_TEAM_JNG_SUMMONER_02,RED_TEAM_MID_SUMMONER_01,RED_TEAM_MID_SUMMONER_02,RED_TEAM_ADC_SUMMONER_01,RED_TEAM_ADC_SUMMONER_02,RED_TEAM_SUP_SUMMONER_01,RED_TEAM_SUP_SUMMONER_02,BLUE_TEAM_RIFT_HERALDS,BLUE_TEAM_VOID_GRUBS,BLUE_TEAM_INHIBITORS,RED_TEAM_RIFT_HERALDS,RED_TEAM_VOID_GRUBS,RED_TEAM_INHIBITORS
https://www.op.gg/summoners/euw/SRTSS-EUW/matches/uRd1PvnOddrtZigRD0XaICQSdaHK3j2FZmGe-B1yDH4%3D/1734652008000,1,34,22,22,34,27,52,100,66,25,32,2,1,0,0,7,4,2,1,60590,51331,14.8,13.4,901,811,33.6,30.3,9259,-9259,2260.352331606218,1914.9388601036271,Kled,Taliyah,Veigar,Caitlyn,Poppy,Jax,Fiddlesticks,Corki,Seraphine,Maokai,Titanic Hydra,Black Cleaver,Plated Steelcaps,Tunneler,Long Sword,Long Sword,Farsight Alteration,Liandry's Torment,Rabadon's Deathcap,No_Item,Mercury's Treads,Blackfire Torch,Verdant Barrier,Oracle Lens,Shurelya's Battlesong,Cryptbloom,Rod of Ages,Needlessly Large Rod,Needlessly Large Rod,Ionian Boots of Lucidity,Farsight Alteration,Infinity Edge,Rapid Firecannon,Berserker's Greaves,Last Whisper,Executioner's Calling,The Collector,Farsight Alteration,Trailblazer,Celestial Opposition,Locket of the Iron Solari,No_Item,Kindlegem,Mercury's Treads,Oracle Lens,Doran's Blade,Tunneler,Trinity Force,Ionian Boots of Lucidity,Sundered Sky,Ruby Crystal,Stealth Ward,Shadowflame,Shattered Armguard,No_Item,Liandry's Torment,No_Item,Sorcerer's Shoes,Scarecrow Effigy,Rapid Firecannon,Muramana,Mercury's Treads,No_Item,Trinity Force,No_Item,Stealth Ward,Shurelya's Battlesong,Forbidden Idol,Seraph's Embrace,Moonstone Renewer,Ionian Boots of Lucidity,Forbidden Idol,Farsight Alteration,Celestial Opposition,Trailblazer,Locket of the Iron Solari,Ionian Boots of Lucidity,Ruby Crystal,No_Item,Oracle Lens,Conqueror,Resolve,First Strike,Domination,Unsealed Spellbook,Sorcery,Lethal Tempo,Sorcery,Hail of Blades,Inspiration,Grasp of the Undying,Precision,Electrocute,Inspiration,Conqueror,Inspiration,Summon Aery,Precision,Aftershock,Inspiration,Teleport,Flash,Flash,Smite,Flash,Teleport,Cleanse,Flash,Flash,Ignite,Flash,Teleport,Flash,Smite,Flash,Teleport,Teleport,Flash,Flash,Ignite,1,6,1,0,0,0
https://www.op.gg/summoners/euw/SRTSS-EUW/matches/uRd1PvnOddpyTlphfvQKkLqrYznhp6cs2mAwy0R2Vv4%3D/1734624296000,1,49,23,23,50,43,74,91,60,25,33,1,2,1,0,10,2,2,2,67185,51085,15.2,13.0,879,754,33.0,28.4,16100,-16100,2519.4375,1915.6875000000002,Rumble,Lee Sin,Viktor,Corki,Pyke,Singed,Wukong,Kayle,Kog'Maw,Braum,Void Staff,Liandry's Torment,Sorcerer's Shoes,Dark Seal,Riftmaker,No_Item,Farsight Alteration,Sundered Sky,Eclipse,No_Item,Plated Steelcaps,Maw of Malmortius,No_Item,Stealth Ward,Void Staff,Zhonya's Hourglass,Needlessly Large Rod,Ionian Boots of Lucidity,Blackfire Torch,Shadowflame,Stealth Ward,Doran's Blade,Muramana,Rapid Firecannon,Trinity Force,Plated Steelcaps,Last Whisper,Farsight Alteration,Bloodsong,Umbral Glaive,Voltaic Cyclosword,Boots of Swiftness,Edge of Night,Control Ward,Oracle Lens,Doran's Ring,Liandry's Torment,Boots of Swiftness,Dark Seal,Rylai's Crystal Scepter,Negatron Cloak,Oracle Lens,Sundered Sky,Trinity Force,Abyssal Mask,No_Item,No_Item,Slightly Magical Footwear,Oracle Lens,Hextech Alternator,Rabadon's Deathcap,Nashor's Tooth,Boots of Swiftness,Needlessly Large Rod,Doran's Shield,Farsight Alteration,Doran's Blade,Guinsoo's Rageblade,"Jak'Sho, The Protean",Berserker's Greaves,Wit's End,Hearthbound Axe,Farsight Alteration,Solstice Sleigh,Knight's Vow,Kindlegem,Null-Magic Mantle,Plated Steelcaps,Cloth Armor,Oracle Lens,Arcane Comet,Resolve,Conqueror,Inspiration,Summon Aery,Inspiration,Conqueror,Inspiration,Hail of Blades,Inspiration,Phase Rush,Resolve,Conqueror,Inspiration,Press the Attack,Resolve,Lethal Tempo,Resolve,Guardian,Inspiration,Flash,Teleport,Flash,Smite,Flash,Teleport,Flash,Barrier,Flash,Ignite,Flash,Ghost,Flash,Smite,Flash,Teleport,Flash,Barrier,Flash,Exhaust,1,3,1,0,3,0
https://www.op.gg/summoners/euw/SRTSS-EUW/matches/uRd1PvnOddq--vhyl3aiy8tsOc-MW7K1D-3SD5unXyQ%3D/1734618702000,0,14,33,33,14,57,22,60,50,12,24,0,3,0,0,1,8,0,3,40406,50873,11.6,13.2,672,722,29.4,31.5,-10467,10467,1766.4934673366834,2224.0959798994973,Darius,Kha'Zix,Orianna,Draven,Renata Glasc,Garen,Xin Zhao,Akali,Viktor,Sona,Stridebreaker,Boots of Swiftness,No_Item,Force of Nature,No_Item,No_Item,Oracle Lens,Long Sword,Hubris,Control Ward,Ionian Boots of Lucidity,Opportunity,Long Sword,Oracle Lens,Mercury's Treads,Seraph's Embrace,Control Ward,Liandry's Torment,Doran's Ring,Dark Seal,Farsight Alteration,Doran's Blade,The Collector,Vampiric Scepter,Berserker's Greaves,Cloak of Agility,B. F. Sword,Farsight Alteration,Locket of the Iron Solari,Control Ward,Celestial Opposition,Ionian Boots of Lucidity,Kindlegem,Null-Magic Mantle,Oracle Lens,Doran's Shield,Cloak of Agility,Stridebreaker,Phantom Dancer,Boots of Swiftness,Pickaxe,Oracle Lens,Black Cleaver,Sundered Sky,Frozen Heart,Plated Steelcaps,No_Item,No_Item,Oracle Lens,No_Item,Hextech Rocketbelt,Refillable Potion,Shadowflame,Blighting Jewel,Sorcerer's Shoes,Stealth Ward,Sorcerer's Shoes,Needlessly Large Rod,Hextech Alternator,Blackfire Torch,Liandry's Torment,Doran's Ring,Farsight Alteration,Slightly Magical Footwear,Seraph's Embrace,Catalyst of Aeons,Bloodsong,Dark Seal,Warden's Mail,Oracle Lens,Conqueror,Resolve,Dark Harvest,Precision,Phase Rush,Inspiration,Lethal Tempo,Domination,Glacial Augment,Domination,Phase Rush,Resolve,Conqueror,Inspiration,Fleet Footwork,Resolve,Summon Aery,Precision,Unsealed Spellbook,Resolve,Flash,Ghost,Flash,Smite,Teleport,Flash,Flash,Barrier,Flash,Ignite,Ignite,Flash,Flash,Smite,Flash,Teleport,Teleport,Flash,Flash,Heal,0,3,0,1,0,1
https://www.op.gg/summoners/euw/SRTSS-EUW/matches/uRd1PvnOddqlSFR2UtrSBeYi5cpwohewCUxYfVRvhu4%3D/1734569707000,1,32,34,34,32,76,59,144,114,50,48,3,3,2,0,10,6,5,3,80587,74024,17.2,16.4,1134,1174,30.5,31.6,6563,-6563,2168.2600896860986,1991.6771300448431,Cho'Gath,Kindred,Ahri,Draven,Rakan,Rumble,Graves,Qiyana,Kalista,Renata Glasc,Warden's Mail,Dead Man's Plate,Trinity Force,Boots of Swiftness,Kaenic Rookern,Frozen Heart,Oracle Lens,Trinity Force,Kraken Slayer,Sterak's Gage,Control Ward,Black Cleaver,Plated Steelcaps,Oracle Lens,Ionian Boots of Lucidity,Zhonya's Hourglass,No_Item,Stormsurge,Rabadon's Deathcap,Luden's Companion,Farsight Alteration,Lord Dominik's Regards,Bloodthirster,Infinity Edge,Zephyr,The Collector,Immortal Shieldbow,Farsight Alteration,Locket of the Iron Solari,Celestial Opposition,Redemption,Control Ward,Ionian Boots of Lucidity,Zeke's Convergence,Oracle Lens,Blighting Jewel,Zhonya's Hourglass,Dark Seal,Shadowflame,Liandry's Torment,Sorcerer's Shoes,Farsight Alteration,Youmuu's Ghostblade,The Collector,Infinity Edge,Lord Dominik's Regards,Immortal Shieldbow,Guardian Angel,Oracle Lens,Ionian Boots of Lucidity,Profane Hydra,Serylda's Grudge,Opportunity,Edge of Night,Serpent's Fang,Oracle Lens,Blade of The Ruined King,Terminus,Giant's Belt,Doran's Blade,Berserker's Greaves,Guinsoo's Rageblade,Farsight Alteration,Locket of the Iron Solari,Redemption,Celestial Opposition,Knight's Vow,Ionian Boots of Lucidity,Control Ward,Oracle Lens,Grasp of the Undying,Domination,Press the Attack,Inspiration,Electrocute,Sorcery,Lethal Tempo,Domination,Guardian,Domination,Arcane Comet,Precision,Dark Harvest,Precision,Electrocute,Precision,Lethal Tempo,Domination,Guardian,Domination,Teleport,Flash,Flash,Smite,Flash,Teleport,Flash,Barrier,Heal,Flash,Flash,Teleport,Smite,Flash,Flash,Teleport,Flash,Exhaust,Flash,Ignite,1,6,3,0,0,0
https://www.op.gg/summoners/euw/SRTSS-EUW/matches/uRd1PvnOddpI7iSjnk6xT2XUao3Sw7BhHVa4ld3moIY%3D/1734566482000,0,30,26,26,30,43,56,106,114,38,45,1,4,0,2,3,9,1,6,64362,68712,16.0,16.2,1085,1011,31.8,29.7,-4350,4350,1878.2684824902724,2005.2140077821011,Darius,Qiyana,Aurora,Ashe,Thresh,Irelia,Ivern,Viktor,Ezreal,Rakan,Plated Steelcaps,Trinity Force,Sterak's Gage,Force of Nature,Winged Moonplate,No_Item,Farsight Alteration,Edge of Night,Serylda's Grudge,No_Item,Ionian Boots of Lucidity,Serpent's Fang,Youmuu's Ghostblade,Oracle Lens,Void Staff,Zhonya's Hourglass,Needlessly Large Rod,Ionian Boots of Lucidity,Cosmic Drive,Malignance,Stealth Ward,Lord Dominik's Regards,Long Sword,Dagger,Runaan's Hurricane,Kraken Slayer,Berserker's Greaves,Farsight Alteration,Celestial Opposition,Locket of the Iron Solari,Redemption,Negatron Cloak,Boots of Swiftness,Spectre's Cowl,Oracle Lens,Plated Steelcaps,Hullbreaker,Frozen Heart,Blade of The Ruined King,Wit's End,Sterak's Gage,Farsight Alteration,Shurelya's Battlesong,Dawncore,Redemption,Moonstone Renewer,Dark Seal,Synchronized Souls,Oracle Lens,Needlessly Large Rod,Sorcerer's Shoes,Seeker's Armguard,Lich Bane,Shadowflame,Stormsurge,Farsight Alteration,Horizon Focus,Muramana,Trinity Force,Spear of Shojin,Ionian Boots of Lucidity,Caulfield's Warhammer,Farsight Alteration,Celestial Opposition,Knight's Vow,Ionian Boots of Lucidity,Control Ward,Ruby Crystal,Locket of the Iron Solari,Oracle Lens,Conqueror,Resolve,Electrocute,Inspiration,Arcane Comet,Domination,Press the Attack,Domination,Aftershock,Inspiration,Conqueror,Inspiration,Glacial Augment,Sorcery,Summon Aery,Precision,First Strike,Sorcery,Guardian,Domination,Ghost,Flash,Smite,Flash,Flash,Teleport,Exhaust,Flash,Ignite,Flash,Flash,Teleport,Smite,Flash,Flash,Teleport,Flash,Barrier,Ignite,Flash,0,6,0,1,0,1
https://www.op.gg/summoners/euw/SRTSS-EUW/matches/uRd1PvnOddqIu2Aa-LTrJebLojTyPPrEc3LScF-Oa0Q%3D/1734563005000,0,18,34,34,18,43,21,29,40,7,10,0,1,0,0,0,3,0,1,30832,40310,9.2,10.4,414,496,25.8,30.7,-9478,9478,1931.235164835165,2524.9120879120883,Riven,Jarvan IV,Viktor,Varus,Lulu,Jayce,Ivern,Sylas,Draven,Pyke,Refillable Potion,Eclipse,Caulfield's Warhammer,Doran's Blade,Ionian Boots of Lucidity,Long Sword,Oracle Lens,Mosstomper Seedling,Eclipse,Plated Steelcaps,Tunneler,Long Sword,Ruby Crystal,Oracle Lens,Sorcerer's Shoes,Needlessly Large Rod,Needlessly Large Rod,No_Item,Doran's Ring,Luden's Companion,Stealth Ward,Doran's Blade,Hubris,Tear of the Goddess,Glowing Mote,No_Item,Boots,Stealth Ward,Dream Maker,No_Item,Kindlegem,Boots,Forbidden Idol,Moonstone Renewer,Oracle Lens,Doran's Blade,Manamune,Long Sword,Eclipse,Ionian Boots of Lucidity,No_Item,Stealth Ward,Redemption,Control Ward,Dark Seal,Gustwalker Hatchling,Ionian Boots of Lucidity,Bandleglass Mirror,Stealth Ward,Hextech Rocketbelt,Cosmic Drive,Doran's Ring,Amplifying Tome,Sorcerer's Shoes,No_Item,Oracle Lens,Bloodthirster,The Collector,Serpent's Fang,Cloak of Agility,No_Item,Berserker's Greaves,Farsight Alteration,Bloodsong,Umbral Glaive,Boots of Swiftness,Control Ward,Refillable Potion,Serrated Dirk,Oracle Lens,Conqueror,Inspiration,Conqueror,Inspiration,Summon Aery,Resolve,Arcane Comet,Inspiration,Summon Aery,Resolve,Conqueror,Resolve,Summon Aery,Inspiration,Phase Rush,Inspiration,Lethal Tempo,Domination,Hail of Blades,Inspiration,Flash,Teleport,Flash,Smite,Flash,Teleport,Flash,Barrier,Flash,Heal,Teleport,Flash,Smite,Flash,Teleport,Flash,Flash,Barrier,Flash,Ignite,0,3,0,1,1,0
https://www.op.gg/summoners/euw/SRTSS-EUW/matches/uRd1PvnOddrj8IbR4e1yi_FbFWM5YES9ttmtC2WjoIw%3D/1734555064000,1,38,37,37,38,56,54,83,95,27,38,2,2,0,1,7,4,2,3,63131,62390,15.2,15.2,862,883,28.6,29.3,741,-741,2104.366666666667,2079.6666666666665,Aurora,Wukong,Viktor,Caitlyn,Pyke,Malphite,Graves,Akali,Corki,Renata Glasc,No_Item,Zhonya's Hourglass,Blackfire Torch,Ionian Boots of Lucidity,Verdant Barrier,Liandry's Torment,Stealth Ward,Negatron Cloak,Kindlegem,No_Item,Trinity Force,Sundered Sky,Slightly Magical Footwear,Oracle Lens,Void Staff,Blackfire Torch,Sorcerer's Shoes,Liandry's Torment,No_Item,No_Item,Farsight Alteration,Doran's Blade,Infinity Edge,The Collector,Berserker's Greaves,Lord Dominik's Regards,Zeal,Farsight Alteration,Steel Sigil,Youmuu's Ghostblade,Celestial Opposition,Boots of Swiftness,Opportunity,Edge of Night,Oracle Lens,Frozen Heart,Kaenic Rookern,Doran's Ring,Plated Steelcaps,Hollow Radiance,Cloth Armor,Oracle Lens,Mercury's Treads,Youmuu's Ghostblade,B. F. Sword,The Collector,Vampiric Scepter,Lord Dominik's Regards,Oracle Lens,Blasting Wand,Hextech Rocketbelt,Blighting Jewel,Sorcerer's Shoes,Banshee's Veil,Shadowflame,Stealth Ward,Cloak of Agility,Muramana,Trinity Force,Infinity Edge,Rapid Firecannon,Plated Steelcaps,Farsight Alteration,Celestial Opposition,Redemption,Locket of the Iron Solari,Knight's Vow,Ionian Boots of Lucidity,No_Item,Oracle Lens,Arcane Comet,Domination,Conqueror,Inspiration,Summon Aery,Resolve,Lethal Tempo,Domination,Hail of Blades,Sorcery,Arcane Comet,Inspiration,Dark Harvest,Precision,Fleet Footwork,Resolve,Conqueror,Inspiration,Guardian,Domination,Teleport,Flash,Flash,Smite,Teleport,Flash,Flash,Barrier,Ignite,Flash,Flash,Teleport,Flash,Smite,Flash,Teleport,Teleport,Flash,Ignite,Flash,1,5,1,0,1,0
https://www.op.gg/summoners/euw/SRTSS-EUW/matches/uRd1PvnOddpH1GAPZcy88Ml5HjKEvVAKDvwSYwOq4ls%3D/1734480522000,1,25,13,13,25,22,44,45,52,13,6,3,0,0,0,9,0,3,0,46911,35500,12.2,11.2,647,592,29.8,27.3,11411,-11411,2161.344502617801,1635.6020942408377,Gnar,Jarvan IV,Sylas,Hwei,Zyra,Cassiopeia,Xin Zhao,Aurora,Ashe,Thresh,Doran's Shield,Cloth Armor,Ruby Crystal,Sterak's Gage,Trinity Force,Mercury's Treads,Farsight Alteration,Sundered Sky,Mercury's Treads,Eclipse,No_Item,No_Item,No_Item,Oracle Lens,Aether Wisp,Hextech Rocketbelt,Doran's Ring,Dark Seal,Sorcerer's Shoes,Hextech Alternator,Oracle Lens,Doran's Ring,Sorcerer's Shoes,Luden's Companion,Refillable Potion,Shadowflame,Needlessly Large Rod,Farsight Alteration,Zaz'Zak's Realmspike,Liandry's Torment,Sorcerer's Shoes,Oblivion Orb,Blasting Wand,Blighting Jewel,Oracle Lens,Blasting Wand,Giant's Belt,No_Item,Seraph's Embrace,Rod of Ages,Amplifying Tome,Stealth Ward,No_Item,Sundered Sky,Plated Steelcaps,Pickaxe,Tunneler,No_Item,Oracle Lens,Doran's Ring,Dark Seal,Amplifying Tome,Luden's Companion,Sorcerer's Shoes,Blighting Jewel,Stealth Ward,Berserker's Greaves,Kraken Slayer,Zeal,Dagger,Dagger,Doran's Blade,Farsight Alteration,Force of Nature,Solstice Sleigh,Control Ward,No_Item,No_Item,Boots of Swiftness,Oracle Lens,Fleet Footwork,Resolve,Conqueror,Inspiration,Electrocute,Resolve,Arcane Comet,Precision,Arcane Comet,Precision,Conqueror,Sorcery,Conqueror,Inspiration,Electrocute,Sorcery,Lethal Tempo,Inspiration,Aftershock,Inspiration,Teleport,Flash,Smite,Flash,Flash,Teleport,Flash,Teleport,Flash,Ignite,Flash,Teleport,Flash,Smite,Teleport,Flash,Barrier,Flash,Flash,Ignite,1,1,1,0,2,0
https://www.op.gg/summoners/euw/SRTSS-EUW/matches/uRd1PvnOddoVtGLfVpEcn4WBmXqq0RRL4VEmtpMxrpg%3D/1734478251000,0,18,24,24,18,33,19,67,76,27,19,1,2,0,1,3,10,1,3,48806,59502,13.8,15.0,892,930,31.2,32.6,-10696,10696,1708.21,2082.57,Poppy,Dr. Mundo,Viktor,Ashe,Lulu,Ambessa,Viego,Sylas,Ziggs,Blitzcrank,Fimbulwinter,Thornmail,Kaenic Rookern,Plated Steelcaps,Winged Moonplate,Ruby Crystal,Stealth Ward,Unending Despair,Heartsteel,Mercury's Treads,Spectre's Cowl,Kindlegem,No_Item,Oracle Lens,Needlessly Large Rod,No_Item,Amplifying Tome,Liandry's Torment,Ionian Boots of Lucidity,Seraph's Embrace,Stealth Ward,Berserker's Greaves,Kraken Slayer,Phantom Dancer,Vampiric Scepter,B. F. Sword,Doran's Blade,Farsight Alteration,Dream Maker,No_Item,Ionian Boots of Lucidity,Moonstone Renewer,Kindlegem,Forbidden Idol,Oracle Lens,Edge of Night,Voltaic Cyclosword,Serpent's Fang,Serrated Dirk,Slightly Magical Footwear,No_Item,Stealth Ward,Titanic Hydra,Kraken Slayer,Immortal Shieldbow,Mercury's Treads,Recurve Bow,Recurve Bow,Oracle Lens,Hextech Rocketbelt,Shattered Armguard,Cosmic Drive,Dark Seal,Ionian Boots of Lucidity,Doran's Ring,Oracle Lens,Liandry's Torment,Sorcerer's Shoes,Luden's Companion,Blighting Jewel,Horizon Focus,Blasting Wand,Farsight Alteration,Bloodsong,Trailblazer,Locket of the Iron Solari,Boots of Swiftness,No_Item,No_Item,Oracle Lens,Grasp of the Undying,Inspiration,Fleet Footwork,Inspiration,Summon Aery,Resolve,Lethal Tempo,Inspiration,Summon Aery,Resolve,Grasp of the Undying,Inspiration,Conqueror,Inspiration,Conqueror,Resolve,Arcane Comet,Precision,Glacial Augment,Sorcery,Flash,Teleport,Flash,Smite,Flash,Teleport,Barrier,Flash,Flash,Heal,Flash,Teleport,Flash,Smite,Flash,Teleport,Flash,Teleport,Flash,Ignite,1,5,0,0,1,2
https://www.op.gg/summoners/euw/SRTSS-EUW/matches/uRd1PvnOddor-puPCrFoJ9dW7nJ5yGGk_w7OtWVNSw0%3D/1734476159000,1,26,9,9,26,12,37,31,33,8,5,0,1,0,0,4,0,0,1,36230,25406,9.8,9.0,468,428,30.7,28.2,10824,-10824,2366.6370967741937,1659.5854838709677,Aurora,Bel'Veth,LeBlanc,Tristana,Lulu,Yone,Viego,Taliyah,Ashe,Milio,Doran's Ring,Sorcerer's Shoes,Luden's Companion,Dark Seal,Hextech Alternator,Needlessly Large Rod,Stealth Ward,Kraken Slayer,Hullbreaker,Boots of Swiftness,No_Item,Mosstomper Seedling,No_Item,Oracle Lens,Doran's Ring,Needlessly Large Rod,Needlessly Large Rod,Luden's Companion,Sorcerer's Shoes,No_Item,Stealth Ward,Doran's Blade,The Collector,Runaan's Hurricane,Dagger,Boots,Dagger,Stealth Ward,Control Ward,Dream Maker,Moonstone Renewer,Ionian Boots of Lucidity,Forbidden Idol,Ruby Crystal,Oracle Lens,Refillable Potion,Berserker's Greaves,Doran's Shield,Vampiric Scepter,Recurve Bow,No_Item,Stealth Ward,Gustwalker Hatchling,Kraken Slayer,Slightly Magical Footwear,No_Item,Tunneler,Ruby Crystal,Oracle Lens,Doran's Ring,Seraph's Embrace,Amplifying Tome,No_Item,Sorcerer's Shoes,No_Item,Farsight Alteration,Doran's Blade,Berserker's Greaves,Kraken Slayer,No_Item,No_Item,No_Item,Stealth Ward,Dream Maker,Kindlegem,Boots,Moonstone Renewer,Control Ward,No_Item,Oracle Lens,Electrocute,Sorcery,Press the Attack,Domination,Electrocute,Sorcery,Lethal Tempo,Domination,Summon Aery,Resolve,Fleet Footwork,Resolve,Conqueror,Inspiration,Phase Rush,Inspiration,Lethal Tempo,Inspiration,Summon Aery,Resolve,Teleport,Flash,Flash,Smite,Flash,Teleport,Flash,Barrier,Heal,Flash,Flash,Teleport,Smite,Flash,Flash,Teleport,Flash,Barrier,Flash,Heal,1,6,0,0,0,0
https://www.op.gg/summoners/euw/SRTSS-EUW/matches/uRd1PvnOddptjjXK91AediyOZX-9NQpIt66c54HQKuA%3D/1734461305000,0,22,31,31,22,57,41,79,87,28,28,1,2,1,0,4,9,2,2,57774,62704,15.2,15.2,947,963,30.5,31.0,-4930,4930,1867.6939655172414,2027.0689655172414,Yone,Dr. Mundo,Akali,Corki,Nami,Renekton,Vi,Viktor,Seraphine,Thresh,Stridebreaker,No_Item,Immortal Shieldbow,Doran's Shield,Blade of The Ruined King,Berserker's Greaves,Stealth Ward,Thornmail,Tiamat,Boots of Swiftness,Spirit Visage,Heartsteel,Tunneler,Oracle Lens,Doran's Shield,Rabadon's Deathcap,Mercury's Treads,Liandry's Torment,Shadowflame,Amplifying Tome,Oracle Lens,Plated Steelcaps,Trinity Force,Muramana,Mortal Reminder,Doran's Blade,Pickaxe,Farsight Alteration,Shurelya's Battlesong,Amplifying Tome,No_Item,Dream Maker,Imperial Mandate,Boots of Swiftness,Oracle Lens,Doran's Blade,Long Sword,Black Cleaver,Sterak's Gage,Plated Steelcaps,Eclipse,Stealth Ward,Sundered Sky,Plated Steelcaps,Death's Dance,Pickaxe,Long Sword,Black Cleaver,Oracle Lens,Needlessly Large Rod,Liandry's Torment,Needlessly Large Rod,Blackfire Torch,Void Staff,Sorcerer's Shoes,Farsight Alteration,Amplifying Tome,Seraph's Embrace,Blackfire Torch,Boots of Swiftness,Liandry's Torment,Amplifying Tome,Farsight Alteration,Locket of the Iron Solari,Solstice Sleigh,No_Item,Trailblazer,Oblivion Orb,Boots of Swiftness,Oracle Lens,Lethal Tempo,Resolve,Fleet Footwork,Inspiration,Conqueror,Resolve,Conqueror,Inspiration,Summon Aery,Domination,Press the Attack,Resolve,Conqueror,Inspiration,Summon Aery,Resolve,Summon Aery,Precision,Aftershock,Inspiration,Flash,Teleport,Flash,Smite,Flash,Teleport,Flash,Barrier,Heal,Flash,Flash,Teleport,Flash,Smite,Flash,Teleport,Teleport,Flash,Flash,Ignite,1,2,0,0,4,1
https://www.op.gg/summoners/euw/SRTSS-EUW/matches/uRd1PvnOddoa03rSmS8uTe3M4UMPZvAMu_KeIY0JA78%3D/1734451798000,1,23,22,22,23,33,36,68,49,13,19,2,1,0,0,3,5,2,1,45355,44910,12.2,11.6,685,677,30.3,29.7,445,-445,2004.0581395348836,1984.3953488372092,Darius,Wukong,Viktor,Ezreal,Rakan,Gwen,Jarvan IV,Sylas,Jhin,Nautilus,Maw of Malmortius,Stridebreaker,No_Item,Mercury's Treads,Doran's Shield,Winged Moonplate,Stealth Ward,Kindlegem,Trinity Force,Negatron Cloak,Ionian Boots of Lucidity,Black Cleaver,No_Item,Stealth Ward,Doran's Ring,Seeker's Armguard,Blackfire Torch,Dark Seal,No_Item,Boots of Swiftness,Stealth Ward,Tunneler,Doran's Blade,No_Item,Ionian Boots of Lucidity,Muramana,Trinity Force,Farsight Alteration,Celestial Opposition,Locket of the Iron Solari,Ionian Boots of Lucidity,Zeke's Convergence,Ruby Crystal,No_Item,Oracle Lens,Doran's Ring,Nashor's Tooth,Shadowflame,Sorcerer's Shoes,Blighting Jewel,Blasting Wand,Stealth Ward,Sterak's Gage,Sundered Sky,Control Ward,No_Item,No_Item,Ionian Boots of Lucidity,Oracle Lens,Control Ward,Hextech Rocketbelt,Void Staff,Dark Seal,Shadowflame,Sorcerer's Shoes,Oracle Lens,Doran's Blade,The Collector,Infinity Edge,Cloak of Agility,Boots of Swiftness,Control Ward,Farsight Alteration,Celestial Opposition,Kindlegem,Control Ward,Locket of the Iron Solari,Chain Vest,Plated Steelcaps,Oracle Lens,Conqueror,Resolve,Conqueror,Inspiration,Summon Aery,Precision,Press the Attack,Inspiration,Guardian,Domination,Dark Harvest,Sorcery,Conqueror,Inspiration,Electrocute,Inspiration,Dark Harvest,Precision,Aftershock,Inspiration,Flash,Ghost,Flash,Smite,Teleport,Flash,Flash,Barrier,Ignite,Flash,Ghost,Teleport,Flash,Smite,Flash,Teleport,Flash,Barrier,Flash,Ignite,0,1,0,1,2,0
https://www.op.gg/summoners/euw/SRTSS-EUW/matches/uRd1PvnOddqv_xRFmxuobluqdbtwNHQYkb9NvLLNct0%3D/1734445321000,0,15,30,30,19,57,26,78,77,16,31,2,0,0,1,8,7,2,1,51355,58679,13.6,15.0,849,891,31.0,32.6,-7324,7324,1876.4326923076924,2144.0403846153845,Darius,Lee Sin,Vex,Corki,Janna,Singed,Wukong,LeBlanc,Jhin,Blitzcrank,Stridebreaker,Dead Man's Plate,Sterak's Gage,Null-Magic Mantle,Cloth Armor,Mercury's Treads,Oracle Lens,Tunneler,Eclipse,No_Item,Sundered Sky,Slightly Magical Footwear,Ruby Crystal,Stealth Ward,Rabadon's Deathcap,Shadowflame,No_Item,Malignance,No_Item,Sorcerer's Shoes,Oracle Lens,Doran's Blade,Muramana,Zeal,Trinity Force,Mercury's Treads,Scout's Slingshot,Farsight Alteration,Bloodsong,Shurelya's Battlesong,Boots of Swiftness,Dark Seal,Fiendish Codex,Bandleglass Mirror,Oracle Lens,Boots of Swiftness,Rylai's Crystal Scepter,Liandry's Torment,Dark Seal,Oblivion Orb,Winged Moonplate,Farsight Alteration,No_Item,Chain Vest,Boots of Swiftness,Sterak's Gage,Sundered Sky,Trinity Force,Oracle Lens,Void Staff,Zhonya's Hourglass,No_Item,No_Item,Luden's Companion,Sorcerer's Shoes,Stealth Ward,Vampiric Scepter,Boots of Swiftness,Rapid Firecannon,Infinity Edge,The Collector,Lord Dominik's Regards,Farsight Alteration,Bloodsong,Locket of the Iron Solari,Frozen Heart,Winged Moonplate,Cloth Armor,Boots of Swiftness,Oracle Lens,Conqueror,Resolve,Conqueror,Inspiration,Electrocute,Sorcery,Conqueror,Inspiration,Arcane Comet,Domination,Phase Rush,Resolve,Conqueror,Inspiration,Electrocute,Sorcery,Fleet Footwork,Sorcery,Glacial Augment,Sorcery,Flash,Ghost,Flash,Smite,Teleport,Flash,Flash,Barrier,Flash,Heal,Flash,Ghost,Smite,Flash,Flash,Teleport,Barrier,Flash,Flash,Ignite,1,6,1,0,0,1
https://www.op.gg/summoners/euw/SRTSS-EUW/matches/uRd1PvnOddqhTrel5RASAajGJbDeqw20Ov0Pt6ReIqE%3D/1733966587000,1,25,20,20,25,36,43,67,75,20,21,2,1,1,0,9,2,3,1,53699,44228,13.2,12.0,783,670,30.9,26.5,9471,-9471,2123.6892655367233,1749.129943502825,Cassiopeia,Jarvan IV,Viktor,Corki,Braum,Gragas,Viego,Katarina,Jinx,Rell,Seraph's Embrace,Control Ward,Refillable Potion,Dark Seal,Rylai's Crystal Scepter,Rod of Ages,Farsight Alteration,Eclipse,Plated Steelcaps,Sundered Sky,Frozen Heart,No_Item,No_Item,Oracle Lens,Doran's Ring,Needlessly Large Rod,Needlessly Large Rod,Sorcerer's Shoes,Shadowflame,Blackfire Torch,Stealth Ward,Doran's Blade,B. F. Sword,Muramana,Rapid Firecannon,Boots of Swiftness,Trinity Force,Farsight Alteration,Warden's Mail,Solstice Sleigh,Locket of the Iron Solari,Giant's Belt,Plated Steelcaps,No_Item,Oracle Lens,Aether Wisp,Hextech Rocketbelt,Boots of Swiftness,Lost Chapter,Sheen,Cosmic Drive,Oracle Lens,Kraken Slayer,Plated Steelcaps,Titanic Hydra,No_Item,No_Item,No_Item,Oracle Lens,Lich Bane,Doran's Shield,Shadowflame,Dark Seal,Sorcerer's Shoes,Blighting Jewel,Stealth Ward,Doran's Blade,Yun Tal Wildarrows,Berserker's Greaves,Infinity Edge,Long Sword,Cloak of Agility,Farsight Alteration,Celestial Opposition,Knight's Vow,Control Ward,Kindlegem,No_Item,Plated Steelcaps,Oracle Lens,Conqueror,Domination,Conqueror,Inspiration,Summon Aery,Resolve,Conqueror,Inspiration,Guardian,Inspiration,Phase Rush,Precision,Conqueror,Inspiration,Electrocute,Precision,Lethal Tempo,Sorcery,Aftershock,Inspiration,Flash,Exhaust,Flash,Smite,Flash,Teleport,Flash,Barrier,Flash,Ignite,Teleport,Flash,Flash,Smite,Flash,Ignite,Barrier,Flash,Flash,Ignite,0,1,1,1,2,0
https://www.op.gg/summoners/euw/SRTSS-EUW/matches/uRd1PvnOddpp7fu6Dp3olcczGeWXk8xhXsG4Xxn46fs%3D/1733963969000,1,33,9,9,33,17,42,39,43,11,8,2,0,0,0,10,2,2,0,50218,37514,12.8,11.0,658,605,30.1,27.8,12704,-12704,2300.0610687022904,1718.1984732824428,K'Sante,Kindred,Viktor,Draven,Sylas,Irelia,Lee Sin,Akali,Ashe,Thresh,Chain Vest,Iceborn Gauntlet,Boots of Swiftness,Bramble Vest,Tear of the Goddess,Negatron Cloak,Stealth Ward,Plated Steelcaps,Youmuu's Ghostblade,Infinity Edge,The Collector,Cloak of Agility,No_Item,Oracle Lens,Doran's Ring,No_Item,Fated Ashes,Sorcerer's Shoes,Seraph's Embrace,Lich Bane,Stealth Ward,Infinity Edge,The Collector,Doran's Blade,Berserker's Greaves,B. F. Sword,Vampiric Scepter,Farsight Alteration,Celestial Opposition,Hextech Rocketbelt,Refillable Potion,Ionian Boots of Lucidity,Zeke's Convergence,Amplifying Tome,Oracle Lens,Doran's Blade,Pickaxe,Blade of The Ruined King,Plated Steelcaps,Kraken Slayer,Caulfield's Warhammer,Stealth Ward,Eclipse,Ruby Crystal,No_Item,Plated Steelcaps,Caulfield's Warhammer,Ruby Crystal,Stealth Ward,Doran's Ring,Shadowflame,Stormsurge,Dark Seal,Control Ward,Boots,Oracle Lens,Zeal,Dagger,Dagger,Berserker's Greaves,Doran's Blade,Kraken Slayer,Stealth Ward,Celestial Opposition,Ionian Boots of Lucidity,Locket of the Iron Solari,Kindlegem,Cloth Armor,No_Item,Oracle Lens,Grasp of the Undying,Inspiration,Press the Attack,Inspiration,Summon Aery,Resolve,Press the Attack,Domination,Electrocute,Resolve,Conqueror,Inspiration,Conqueror,Inspiration,Electrocute,Resolve,Lethal Tempo,Inspiration,Aftershock,Inspiration,Teleport,Flash,Flash,Smite,Flash,Teleport,Flash,Barrier,Flash,Ignite,Teleport,Flash,Flash,Smite,Ignite,Flash,Barrier,Flash,Flash,Ignite,1,6,2,0,0,0
https://www.op.gg/summoners/euw/SRTSS-EUW/matches/uRd1PvnOddoTznURMow6_OykhiXEAfPRGvRaKL6RL5M%3D/1733961744000,1,40,34,35,40,64,83,108,115,52,41,3,4,2,1,10,6,5,5,93011,84888,17.8,17.6,1369,1368,30.7,30.7,8123,-8123,2076.3923547400614,1895.0532110091744,Ambessa,Wukong,Viktor,Ashe,Leona,Riven,Vi,Orianna,Taliyah,Lux,Sundered Sky,Eclipse,Death's Dance,Mercury's Treads,Maw of Malmortius,Spear of Shojin,Oracle Lens,Mercury's Treads,Abyssal Mask,Dead Man's Plate,Maw of Malmortius,Sundered Sky,Trinity Force,Oracle Lens,Liandry's Torment,Banshee's Veil,Shadowflame,Mejai's Soulstealer,Blackfire Torch,Sorcerer's Shoes,Farsight Alteration,Yun Tal Wildarrows,Phantom Dancer,Infinity Edge,Maw of Malmortius,Bloodthirster,Berserker's Greaves,Farsight Alteration,Bloodsong,Mercury's Treads,Locket of the Iron Solari,Knight's Vow,Abyssal Mask,Control Ward,Oracle Lens,Sundered Sky,Sterak's Gage,Plated Steelcaps,Eclipse,Death's Dance,Spear of Shojin,Farsight Alteration,Control Ward,Sundered Sky,Black Cleaver,Mercury's Treads,Sterak's Gage,Steel Sigil,Oracle Lens,Void Staff,Zhonya's Hourglass,Rabadon's Deathcap,Seraph's Embrace,Liandry's Torment,Mercury's Treads,Farsight Alteration,Seraph's Embrace,Rabadon's Deathcap,Verdant Barrier,Liandry's Torment,Sorcerer's Shoes,Void Staff,Stealth Ward,Zaz'Zak's Realmspike,Amplifying Tome,Stormsurge,Sorcerer's Shoes,Morellonomicon,Luden's Companion,Oracle Lens,Grasp of the Undying,Domination,Conqueror,Inspiration,Summon Aery,Inspiration,Lethal Tempo,Inspiration,Aftershock,Inspiration,Conqueror,Inspiration,Conqueror,Inspiration,Arcane Comet,Precision,Phase Rush,Precision,Arcane Comet,Domination,Teleport,Flash,Smite,Flash,Flash,Teleport,Barrier,Flash,Flash,Ignite,Teleport,Flash,Smite,Flash,Flash,Teleport,Flash,Teleport,Flash,Heal,1,6,2,0,0,0
,,-1,-1,-1,-1,-1,-1,-1,-1,-1,-1,-1,-1,-1,-1,-1,-1,-1,-1,-1,-1,-1.0,-1.0,-1,-1,-1.0,-1.0,-1,-1,-1.0,-1.0,,,,,,,,,,,,,,,,,,,,,,,,,,,,,,,,,,,,,,,,,,,,,,,,,,,,,,,,,,,,,,,,,,,,,,,,,,,,,,,,,,,,,,,,,,,,,,,,,,,,,,,,,,,,,,,,,,,,,,,,,-1,-1,-1,-1,-1,-1
https://www.op.gg/summoners/euw/SRTSS-EUW/matches/uRd1PvnOddrodWTlSYZyhh68jO3YtrGwMbI1nRMoZTo%3D/1733956050000,1,23,12,12,23,12,36,35,32,12,9,1,1,0,0,3,1,1,1,37662,29589,10.8,9.6,558,499,33.7,30.1,8073,-8073,2273.291891891892,1786.0027027027027,K'Sante,Jarvan IV,Viktor,Jinx,Rell,Garen,Karthus,Yone,Caitlyn,Nautilus,Doran's Shield,Tear of the Goddess,Iceborn Gauntlet,Cloth Armor,Slightly Magical Footwear,Kaenic Rookern,Stealth Ward,Mosstomper Seedling,Eclipse,Slightly Magical Footwear,Sundered Sky,Tunneler,Ruby Crystal,Oracle Lens,Doran's Ring,Luden's Companion,Sorcerer's Shoes,Needlessly Large Rod,Amplifying Tome,Amplifying Tome,Farsight Alteration,Doran's Blade,Berserker's Greaves,The Collector,Rapid Firecannon,No_Item,No_Item,Stealth Ward,Ruby Crystal,Celestial Opposition,Locket of the Iron Solari,No_Item,No_Item,Mercury's Treads,Oracle Lens,Boots of Swiftness,No_Item,Stridebreaker,No_Item,No_Item,No_Item,Stealth Ward,Sorcerer's Shoes,Dark Seal,Gustwalker Hatchling,Blackfire Torch,Hextech Alternator,No_Item,Oracle Lens,Doran's Shield,Refillable Potion,Pickaxe,Blade of The Ruined King,Berserker's Greaves,Long Sword,Stealth Ward,Doran's Blade,Boots,The Collector,B. F. Sword,Pickaxe,Cloak of Agility,Stealth Ward,Locket of the Iron Solari,Bloodsong,No_Item,No_Item,No_Item,Plated Steelcaps,Oracle Lens,Grasp of the Undying,Inspiration,Conqueror,Inspiration,Summon Aery,Precision,Press the Attack,Sorcery,Aftershock,Inspiration,Phase Rush,Resolve,Dark Harvest,Precision,Fleet Footwork,Resolve,Lethal Tempo,Sorcery,Aftershock,Inspiration,Teleport,Flash,Smite,Flash,Flash,Teleport,Barrier,Flash,Flash,Ignite,Ignite,Flash,Flash,Smite,Flash,Teleport,Barrier,Flash,Flash,Ignite,0,5,0,0,1,0
https://www.op.gg/summoners/euw/SRTSS-EUW/matches/uRd1PvnOddqdxm2EI6dSrXF3YHjnma8ZfxfgcjatUPs%3D/1733954022000,1,38,31,31,38,48,71,86,86,34,24,4,1,0,1,6,4,4,2,64679,63904,15.4,15.2,924,944,30.2,30.7,775,-775,2097.697297297297,2072.562162162162,Renekton,Kindred,Viktor,Aurelion Sol,Leona,Warwick,Graves,Akali,Ezreal,Rell,Sterak's Gage,Warden's Mail,Executioner's Calling,Plated Steelcaps,Eclipse,Black Cleaver,Oracle Lens,Trinity Force,Pickaxe,Boots,Cloak of Agility,Immortal Shieldbow,Kraken Slayer,Oracle Lens,Rabadon's Deathcap,Stormsurge,Lich Bane,Luden's Companion,Sorcerer's Shoes,No_Item,Oracle Lens,Sorcerer's Shoes,Control Ward,Zhonya's Hourglass,Liandry's Torment,Dark Seal,Rylai's Crystal Scepter,Farsight Alteration,Locket of the Iron Solari,Celestial Opposition,No_Item,Warmog's Armor,Plated Steelcaps,No_Item,Oracle Lens,Warden's Mail,Ruby Crystal,Stridebreaker,Plated Steelcaps,Spirit Visage,Blade of The Ruined King,Oracle Lens,Youmuu's Ghostblade,The Collector,Infinity Edge,Mercury's Treads,Hexdrinker,Lord Dominik's Regards,Oracle Lens,Control Ward,Hextech Rocketbelt,Zhonya's Hourglass,Mercury's Treads,Shadowflame,Amplifying Tome,Stealth Ward,Ionian Boots of Lucidity,Trinity Force,Muramana,Serylda's Grudge,Horizon Focus,Vampiric Scepter,Farsight Alteration,Bloodsong,Locket of the Iron Solari,Control Ward,Mercury's Treads,Zeke's Convergence,Kindlegem,Oracle Lens,Conqueror,Resolve,Press the Attack,Domination,Summon Aery,Precision,Arcane Comet,Precision,Aftershock,Inspiration,Lethal Tempo,Resolve,Dark Harvest,Precision,Electrocute,Resolve,Conqueror,Inspiration,Aftershock,Inspiration,Flash,Teleport,Smite,Flash,Teleport,Flash,Flash,Teleport,Flash,Ignite,Barrier,Flash,Smite,Flash,Flash,Teleport,Flash,Teleport,Flash,Ignite,1,5,1,0,1,0
https://www.op.gg/summoners/euw/SRTSS-EUW/matches/uRd1PvnOddrR3ok93nZkqxL5RDvQnyg147yDA3tuiaY%3D/1733951264000,1,28,19,19,28,28,40,59,68,21,26,1,2,1,0,9,1,2,2,53985,44073,14.0,12.4,785,738,33.1,31.2,9912,-9912,2289.542410714286,1869.1674107142858,Yone,Skarner,Viktor,Ezreal,Zac,Heimerdinger,Wukong,Kassadin,Ashe,Rakan,Infinity Edge,No_Item,Immortal Shieldbow,Doran's Shield,Berserker's Greaves,Blade of The Ruined King,Oracle Lens,Dead Man's Plate,Heartsteel,Sterak's Gage,Slightly Magical Footwear,Null-Magic Mantle,No_Item,Oracle Lens,Sorcerer's Shoes,Refillable Potion,Needlessly Large Rod,Luden's Companion,Doran's Ring,Lich Bane,Farsight Alteration,Doran's Blade,Caulfield's Warhammer,Ionian Boots of Lucidity,Trinity Force,Tear of the Goddess,No_Item,Stealth Ward,Celestial Opposition,Knight's Vow,Ionian Boots of Lucidity,Zeke's Convergence,Ruby Crystal,No_Item,Oracle Lens,Malignance,No_Item,Rylai's Crystal Scepter,Sorcerer's Shoes,No_Item,Doran's Ring,Stealth Ward,Black Cleaver,Hexdrinker,Boots of Swiftness,Trinity Force,Long Sword,Long Sword,Oracle Lens,Doran's Shield,Malignance,Seraph's Embrace,Ionian Boots of Lucidity,Dark Seal,Needlessly Large Rod,Oracle Lens,Doran's Blade,Berserker's Greaves,Statikk Shiv,Runaan's Hurricane,Executioner's Calling,No_Item,Farsight Alteration,Solstice Sleigh,Kindlegem,Zeke's Convergence,Control Ward,No_Item,Mercury's Treads,Oracle Lens,Fleet Footwork,Resolve,Aftershock,Inspiration,First Strike,Sorcery,Press the Attack,Inspiration,Aftershock,Precision,Electrocute,Sorcery,Conqueror,Inspiration,Fleet Footwork,Resolve,Lethal Tempo,Inspiration,Guardian,Domination,Flash,Teleport,Smite,Flash,Flash,Teleport,Flash,Cleanse,Flash,Ignite,Teleport,Flash,Flash,Smite,Teleport,Flash,Barrier,Flash,Flash,Heal,1,6,2,0,0,0
https://www.op.gg/summoners/euw/SRTSS-EUW/matches/uRd1PvnOddpioZ5pCvm-7j9JgimLbrd1dII3-hjOWfk%3D/1733874950000,0,31,35,35,31,53,52,59,66,15,15,2,2,0,1,4,10,2,3,53953,62387,14.0,14.4,775,807,28.5,29.6,-8434,8434,1975.743661971831,2284.5943661971833,Yone,Udyr,LeBlanc,Corki,Neeko,Jax,Skarner,Azir,Ezreal,Janna,Doran's Blade,Immortal Shieldbow,Control Ward,Blade of The Ruined King,No_Item,Berserker's Greaves,Oracle Lens,Unending Despair,Dark Seal,Boots of Swiftness,Liandry's Torment,Spirit Visage,No_Item,Oracle Lens,Doran's Ring,Luden's Companion,Void Staff,Sorcerer's Shoes,Shadowflame,Needlessly Large Rod,Oracle Lens,Doran's Blade,B. F. Sword,Muramana,Trinity Force,Lord Dominik's Regards,Plated Steelcaps,Farsight Alteration,Zaz'Zak's Realmspike,Hextech Rocketbelt,Control Ward,Shattered Armguard,Sorcerer's Shoes,Needlessly Large Rod,Oracle Lens,Control Ward,Sundered Sky,Zhonya's Hourglass,Trinity Force,Sterak's Gage,Mercury's Treads,Stealth Ward,Force of Nature,Control Ward,Titanic Hydra,Edge of Night,Plated Steelcaps,Ruby Crystal,Oracle Lens,Zhonya's Hourglass,No_Item,No_Item,Mercury's Treads,Nashor's Tooth,Liandry's Torment,Stealth Ward,Serylda's Grudge,Horizon Focus,Muramana,Ionian Boots of Lucidity,No_Item,Trinity Force,Farsight Alteration,Boots of Swiftness,Dream Maker,Redemption,Moonstone Renewer,Forbidden Idol,Control Ward,Oracle Lens,Lethal Tempo,Resolve,Conqueror,Resolve,Electrocute,Sorcery,Conqueror,Inspiration,Arcane Comet,Inspiration,Lethal Tempo,Inspiration,Hail of Blades,Inspiration,Fleet Footwork,Resolve,Conqueror,Inspiration,Summon Aery,Resolve,Flash,Teleport,Flash,Smite,Flash,Teleport,Flash,Barrier,Ignite,Flash,Flash,Teleport,Smite,Flash,Flash,Teleport,Flash,Barrier,Flash,Heal,0,1,0,1,5,2
https://www.op.gg/summoners/euw/SRTSS-EUW/matches/uRd1PvnOddrvcbdHPI06b6ITNUv4VfhiunYkkM1pP3E%3D/1733872227000,0,11,25,25,11,20,16,34,31,6,6,0,2,0,0,0,2,0,2,26294,34345,9.4,10.2,430,507,27.099999999999998,32.0,-8051,8051,1653.5402061855668,2159.840206185567,Volibear,Viego,Yone,Zyra,Rell,Warwick,Jax,Sylas,Jinx,Neeko,Doran's Ring,Riftmaker,Ionian Boots of Lucidity,No_Item,No_Item,No_Item,Stealth Ward,Kraken Slayer,Tunneler,No_Item,Gustwalker Hatchling,Slightly Magical Footwear,No_Item,Oracle Lens,Doran's Blade,Berserker's Greaves,Refillable Potion,Blade of The Ruined King,No_Item,No_Item,Stealth Ward,Liandry's Torment,Refillable Potion,Doran's Ring,Sorcerer's Shoes,Fated Ashes,Amplifying Tome,Stealth Ward,Celestial Opposition,Trailblazer,Ionian Boots of Lucidity,Null-Magic Mantle,Cloth Armor,No_Item,Oracle Lens,Doran's Blade,No_Item,Refillable Potion,Blade of The Ruined King,No_Item,Boots of Swiftness,Stealth Ward,No_Item,Trinity Force,No_Item,Mercury's Treads,Ruby Crystal,No_Item,Stealth Ward,Doran's Ring,Dark Seal,Sorcerer's Shoes,Lich Bane,Cosmic Drive,Amplifying Tome,Oracle Lens,Yun Tal Wildarrows,Control Ward,Long Sword,Berserker's Greaves,Doran's Blade,No_Item,Farsight Alteration,Zaz'Zak's Realmspike,Hextech Rocketbelt,Refillable Potion,Control Ward,Ionian Boots of Lucidity,Amplifying Tome,Oracle Lens,Press the Attack,Inspiration,Conqueror,Inspiration,Lethal Tempo,Resolve,Arcane Comet,Precision,Aftershock,Inspiration,Lethal Tempo,Resolve,Lethal Tempo,Inspiration,Conqueror,Domination,Press the Attack,Inspiration,Arcane Comet,Domination,Teleport,Flash,Flash,Smite,Teleport,Flash,Flash,Teleport,Flash,Ignite,Barrier,Flash,Flash,Smite,Flash,Teleport,Flash,Barrier,Flash,Ignite,0,0,0,0,6,0
https://www.op.gg/summoners/euw/SRTSS-EUW/matches/uRd1PvnOddq9Y1PAjS7sTBD39B31cKTeYB6xszqhkw4%3D/1733869434000,1,24,19,19,24,39,27,58,59,20,27,1,1,1,0,9,1,2,1,54455,43495,13.8,12.2,827,688,34.0,28.2,10960,-10960,2242.264705882353,1790.9705882352941,Gwen,Skarner,Yone,Corki,Lulu,Shen,Ivern,Smolder,Taliyah,Janna,Doran's Ring,Void Staff,Sorcerer's Shoes,Shadowflame,Nashor's Tooth,Rabadon's Deathcap,Farsight Alteration,Sterak's Gage,Heartsteel,No_Item,Mercury's Treads,No_Item,No_Item,Oracle Lens,Doran's Shield,Refillable Potion,Immortal Shieldbow,Berserker's Greaves,No_Item,Blade of The Ruined King,Farsight Alteration,Trinity Force,Muramana,Mercury's Treads,Rapid Firecannon,No_Item,Doran's Blade,Farsight Alteration,Redemption,Dream Maker,Moonstone Renewer,No_Item,Ionian Boots of Lucidity,No_Item,Oracle Lens,Tiamat,Giant's Belt,Ruby Crystal,Boots,No_Item,Hollow Radiance,Stealth Ward,Moonstone Renewer,Redemption,Dawncore,No_Item,No_Item,Ionian Boots of Lucidity,Oracle Lens,Hubris,Rapid Firecannon,Ionian Boots of Lucidity,No_Item,No_Item,Doran's Blade,Stealth Ward,Sorcerer's Shoes,Zhonya's Hourglass,Shadowflame,Mejai's Soulstealer,Luden's Companion,No_Item,Farsight Alteration,Boots of Swiftness,Echoes of Helia,Dream Maker,Moonstone Renewer,No_Item,No_Item,Oracle Lens,Conqueror,Resolve,Grasp of the Undying,Inspiration,Fleet Footwork,Resolve,Conqueror,Inspiration,Summon Aery,Resolve,Grasp of the Undying,Domination,Glacial Augment,Sorcery,Fleet Footwork,Sorcery,Arcane Comet,Precision,Arcane Comet,Domination,Teleport,Flash,Flash,Smite,Flash,Teleport,Flash,Teleport,Heal,Flash,Flash,Ignite,Smite,Flash,Teleport,Flash,Teleport,Flash,Flash,Ignite,1,6,1,0,0,0
https://www.op.gg/summoners/euw/SRTSS-EUW/matches/uRd1PvnOddo1ULzFmdco9OHy2h5PfqS5_6986I4gvBc%3D/1733867489000,0,25,29,29,25,49,36,65,87,29,23,1,2,0,1,3,9,1,3,53896,61671,14.0,15.2,876,890,29.8,30.2,-7775,7775,1828.6142857142859,2092.4089285714285,Malphite,Kindred,Sylas,Lux,Lulu,Gwen,Sejuani,Katarina,Jinx,Blitzcrank,Doran's Shield,Hollow Radiance,Plated Steelcaps,Kaenic Rookern,Null-Magic Mantle,Ruby Crystal,Oracle Lens,Trinity Force,Kraken Slayer,Recurve Bow,Boots of Swiftness,Recurve Bow,Black Cleaver,Oracle Lens,Needlessly Large Rod,Hextech Rocketbelt,No_Item,Verdant Barrier,Mercury's Treads,Cosmic Drive,Oracle Lens,Luden's Companion,Banshee's Veil,No_Item,Dark Seal,Liandry's Torment,Sorcerer's Shoes,Farsight Alteration,Redemption,Dream Maker,Moonstone Renewer,No_Item,Kindlegem,Ionian Boots of Lucidity,Oracle Lens,Rabadon's Deathcap,Void Staff,Sorcerer's Shoes,Shadowflame,Nashor's Tooth,Needlessly Large Rod,Farsight Alteration,Zeke's Convergence,Randuin's Omen,Kindlegem,Chain Vest,Null-Magic Mantle,Mercury's Treads,Oracle Lens,Dark Seal,Zhonya's Hourglass,Lich Bane,Sorcerer's Shoes,Shadowflame,Blighting Jewel,Stealth Ward,Executioner's Calling,Infinity Edge,Yun Tal Wildarrows,Berserker's Greaves,Last Whisper,Doran's Blade,Farsight Alteration,Trailblazer,Celestial Opposition,Locket of the Iron Solari,Control Ward,No_Item,Boots of Swiftness,Oracle Lens,Grasp of the Undying,Sorcery,Press the Attack,Domination,Conqueror,Resolve,Arcane Comet,Precision,Summon Aery,Resolve,Conqueror,Resolve,Aftershock,Domination,Electrocute,Resolve,Lethal Tempo,Sorcery,Glacial Augment,Sorcery,Flash,Teleport,Smite,Flash,Flash,Teleport,Flash,Barrier,Heal,Flash,Teleport,Flash,Smite,Flash,Flash,Teleport,Flash,Barrier,Flash,Ignite,0,3,0,1,3,1
https://www.op.gg/summoners/euw/SRTSS-EUW/matches/uRd1PvnOddqW9yxYe2ZukeJMGVxRpTtruGRxAZI6b8s%3D/1733864033000,1,26,10,10,26,18,36,49,50,14,15,1,2,0,0,6,1,1,2,50340,39119,13.8,12.2,806,743,34.300000000000004,31.6,11221,-11221,2143.188118811881,1665.4623762376236,K'Sante,Zac,Sylas,Ashe,Lulu,Gragas,Xin Zhao,Ahri,Varus,Nami,Fimbulwinter,Mercury's Treads,Negatron Cloak,Chain Vest,Negatron Cloak,Iceborn Gauntlet,Farsight Alteration,No_Item,Dark Seal,No_Item,Spirit Visage,Sunfire Aegis,Ionian Boots of Lucidity,Oracle Lens,No_Item,Hextech Rocketbelt,Seeker's Armguard,Mercury's Treads,Cosmic Drive,Doran's Ring,Stealth Ward,B. F. Sword,Pickaxe,Phantom Dancer,Doran's Blade,Berserker's Greaves,Kraken Slayer,Farsight Alteration,Dream Maker,Control Ward,Mikael's Blessing,Moonstone Renewer,Ionian Boots of Lucidity,Ruby Crystal,Oracle Lens,Unending Despair,Fimbulwinter,No_Item,No_Item,No_Item,Ionian Boots of Lucidity,Oracle Lens,Mercury's Treads,Black Cleaver,Long Sword,Control Ward,Sundered Sky,No_Item,Oracle Lens,Doran's Ring,Liandry's Torment,Malignance,Oblivion Orb,Sorcerer's Shoes,No_Item,Oracle Lens,Doran's Blade,Boots of Swiftness,Tear of the Goddess,Edge of Night,Youmuu's Ghostblade,Long Sword,Farsight Alteration,Dream Maker,Staff of Flowing Water,No_Item,No_Item,Imperial Mandate,Slightly Magical Footwear,Oracle Lens,Grasp of the Undying,Inspiration,Grasp of the Undying,no-src,Conqueror,Resolve,Lethal Tempo,Inspiration,Summon Aery,Resolve,Grasp of the Undying,Sorcery,Conqueror,Inspiration,Electrocute,Sorcery,Arcane Comet,Inspiration,Summon Aery,Inspiration,Flash,Teleport,Smite,Flash,Flash,Teleport,Flash,Barrier,Flash,Heal,Teleport,Flash,Flash,Smite,Teleport,Flash,Flash,Cleanse,Flash,Heal,1,6,1,0,0,0
https://www.op.gg/summoners/euw/SRTSS-EUW/matches/uRd1PvnOddqpq-FNTyGBIj8aboeYNCnwa_0sCLm_7e4%3D/1733861756000,1,35,21,21,35,32,56,51,53,9,12,1,0,0,0,6,2,1,0,50061,41636,12.6,11.6,648,600,30.900000000000002,28.5,8425,-8425,2377.1983240223462,1977.1284916201118,Yone,Ambessa,Sylas,Caitlyn,Karma,Volibear,Xin Zhao,Pantheon,Kog'Maw,Leona,Doran's Blade,Kraken Slayer,Immortal Shieldbow,Navori Flickerblade,Executioner's Calling,Berserker's Greaves,Oracle Lens,Spear of Shojin,No_Item,Caulfield's Warhammer,Plated Steelcaps,Black Cleaver,Eclipse,Eye of the Herald,Kindlegem,Hextech Rocketbelt,Aether Wisp,Ionian Boots of Lucidity,No_Item,Fiendish Codex,Stealth Ward,Infinity Edge,Dagger,The Collector,Berserker's Greaves,Cloak of Agility,Doran's Blade,Farsight Alteration,Ionian Boots of Lucidity,Mikael's Blessing,Zaz'Zak's Realmspike,Malignance,Control Ward,No_Item,Oracle Lens,Boots of Swiftness,Cosmic Drive,Hextech Rocketbelt,Doran's Ring,Chain Vest,Spectre's Cowl,Stealth Ward,Tunneler,No_Item,Black Cleaver,Slightly Magical Footwear,No_Item,Sundered Sky,Oracle Lens,Doran's Blade,Refillable Potion,Eclipse,Plated Steelcaps,Black Cleaver,Tunneler,Farsight Alteration,Doran's Ring,Refillable Potion,Seraph's Embrace,Luden's Companion,Boots,No_Item,Farsight Alteration,No_Item,Locket of the Iron Solari,Bloodsong,Giant's Belt,Giant's Belt,Boots of Swiftness,Oracle Lens,Lethal Tempo,Resolve,Conqueror,Domination,Conqueror,Resolve,Lethal Tempo,Sorcery,Summon Aery,Inspiration,Press the Attack,Resolve,Conqueror,Inspiration,Conqueror,Resolve,Arcane Comet,Precision,Aftershock,Inspiration,Teleport,Flash,Smite,Flash,Flash,Teleport,Flash,Cleanse,Heal,Flash,Flash,Teleport,Flash,Smite,Teleport,Flash,Flash,Teleport,Ignite,Flash,1,6,0,0,0,0
https://www.op.gg/summoners/euw/SRTSS-EUW/matches/uRd1PvnOddqbtjwDQdcmqhqDXOx1PI9hRbWVFo5J2fM%3D/1733847186000,0,42,48,48,42,101,67,119,152,51,48,2,4,2,0,7,9,4,4,80663,83543,17.2,17.4,1136,1186,28.5,29.900000000000002,-2880,2880,2036.6737541528237,2109.391362126246,Akali,Lee Sin,Sylas,Ezreal,Galio,Gragas,Nidalee,Corki,Qiyana,Rakan,Rabadon's Deathcap,Hextech Rocketbelt,Zhonya's Hourglass,Banshee's Veil,Shadowflame,Mercury's Treads,Stealth Ward,Eclipse,Black Cleaver,Control Ward,Sundered Sky,Mercury's Treads,Sterak's Gage,Stealth Ward,Ionian Boots of Lucidity,Hextech Rocketbelt,Zhonya's Hourglass,Riftmaker,Shadowflame,Needlessly Large Rod,Oracle Lens,Trinity Force,Serylda's Grudge,Ionian Boots of Lucidity,Bloodthirster,Muramana,Spear of Shojin,Farsight Alteration,Celestial Opposition,Locket of the Iron Solari,Knight's Vow,Plated Steelcaps,Force of Nature,Bramble Vest,Oracle Lens,Fimbulwinter,Abyssal Mask,Thornmail,Kindlegem,Cosmic Drive,Ionian Boots of Lucidity,Farsight Alteration,Zhonya's Hourglass,Verdant Barrier,Hextech Rocketbelt,Sorcerer's Shoes,Shadowflame,Void Staff,Oracle Lens,Rapid Firecannon,Muramana,Mercury's Treads,Trinity Force,Mortal Reminder,Guardian Angel,Farsight Alteration,Edge of Night,Youmuu's Ghostblade,Profane Hydra,Serylda's Grudge,Opportunity,Ionian Boots of Lucidity,Oracle Lens,Solstice Sleigh,Locket of the Iron Solari,Knight's Vow,Control Ward,Mercury's Treads,Zeke's Convergence,Oracle Lens,Conqueror,Resolve,Conqueror,Inspiration,Conqueror,Resolve,Press the Attack,Inspiration,Aftershock,Inspiration,Phase Rush,Inspiration,Dark Harvest,Precision,Conqueror,Inspiration,Electrocute,Precision,Guardian,Domination,Flash,Teleport,Smite,Flash,Teleport,Flash,Flash,Exhaust,Flash,Ignite,Flash,Teleport,Smite,Flash,Flash,Teleport,Ignite,Flash,Flash,Exhaust,1,3,0,0,1,1
https://www.op.gg/summoners/euw/SRTSS-EUW/matches/uRd1PvnOddrydrAGJzj9COpGjaK5wtBVNu0HwALGVhI%3D/1733842851000,0,23,20,20,23,22,33,72,84,29,31,0,5,1,0,6,6,1,5,59838,59288,15.0,15.4,970,1005,31.2,32.3,550,-550,1923.3642857142856,1905.6857142857143,Irelia,Sejuani,Aurora,Corki,Rell,Riven,Viego,LeBlanc,Hwei,Bard,Doran's Blade,Blade of The Ruined King,Mercury's Treads,Kraken Slayer,Death's Dance,Negatron Cloak,Farsight Alteration,Zeke's Convergence,Knight's Vow,Kaenic Rookern,Ionian Boots of Lucidity,Bami's Cinder,No_Item,Oracle Lens,Doran's Ring,Malignance,Shadowflame,Mercury's Treads,Dark Seal,Haunting Guise,Farsight Alteration,No_Item,Mortal Reminder,Trinity Force,Mercury's Treads,Muramana,Doran's Blade,Farsight Alteration,Celestial Opposition,Locket of the Iron Solari,Negatron Cloak,Dead Man's Plate,Kindlegem,Ionian Boots of Lucidity,Oracle Lens,Black Cleaver,Death's Dance,Eclipse,No_Item,Mercury's Treads,No_Item,Stealth Ward,No_Item,Kraken Slayer,Mercury's Treads,Tunneler,Sundered Sky,Pickaxe,Oracle Lens,Hextech Alternator,Needlessly Large Rod,No_Item,Void Staff,Sorcerer's Shoes,Luden's Companion,Stealth Ward,Sorcerer's Shoes,Dark Seal,Cryptbloom,Needlessly Large Rod,Blackfire Torch,Liandry's Torment,Farsight Alteration,Bloodsong,Control Ward,Mercury's Treads,Kindlegem,Dead Man's Plate,Faerie Charm,Oracle Lens,Conqueror,Inspiration,Aftershock,Inspiration,Arcane Comet,Domination,Hail of Blades,Inspiration,Aftershock,Inspiration,Conqueror,Sorcery,Conqueror,Inspiration,Electrocute,Sorcery,Arcane Comet,Precision,Guardian,Inspiration,Teleport,Flash,Smite,Flash,Teleport,Flash,Flash,Barrier,Flash,Ignite,Flash,Ignite,Flash,Smite,Flash,Teleport,Teleport,Flash,Flash,Ignite,1,6,0,0,0,1
https://www.op.gg/summoners/euw/SRTSS-EUW/matches/uRd1PvnOddqkNMY7jf0HJGKlrPzqu1LMZl4aXhcygU8%3D/1733786070000,0,30,37,37,30,66,44,57,74,22,15,0,2,0,0,2,8,0,2,47910,54522,12.8,13.2,674,690,28.2,28.8,-6612,6612,2015.8852459016396,2294.0950819672134,Aatrox,Nidalee,Qiyana,Varus,Leona,Gangplank,Udyr,Orianna,Ashe,Rakan,Sterak's Gage,Plated Steelcaps,Eclipse,Doran's Shield,Sundered Sky,No_Item,Farsight Alteration,Zhonya's Hourglass,Blighting Jewel,Sorcerer's Shoes,Dark Seal,Oblivion Orb,Liandry's Torment,Oracle Lens,Serpent's Fang,Profane Hydra,Last Whisper,Ionian Boots of Lucidity,Hexdrinker,Long Sword,Oracle Lens,Boots of Swiftness,Youmuu's Ghostblade,Tunneler,Serpent's Fang,Tear of the Goddess,Serrated Dirk,Farsight Alteration,Bloodsong,Chain Vest,Kindlegem,Locket of the Iron Solari,Mercury's Treads,Control Ward,Oracle Lens,Trinity Force,The Collector,Mortal Reminder,Cloak of Agility,Doran's Blade,Plated Steelcaps,Farsight Alteration,Unending Despair,Dark Seal,Liandry's Torment,Spirit Visage,Mercury's Treads,Cloth Armor,Oracle Lens,No_Item,Refillable Potion,Zhonya's Hourglass,Sorcerer's Shoes,No_Item,Luden's Companion,Stealth Ward,Doran's Blade,Berserker's Greaves,Kraken Slayer,Phantom Dancer,Cloak of Agility,No_Item,Farsight Alteration,Celestial Opposition,Locket of the Iron Solari,Redemption,Mercury's Treads,Kindlegem,Control Ward,Oracle Lens,Conqueror,Resolve,Conqueror,Sorcery,Electrocute,Precision,Hail of Blades,Inspiration,Aftershock,Inspiration,Grasp of the Undying,Inspiration,Conqueror,Inspiration,Summon Aery,Precision,Lethal Tempo,Inspiration,Guardian,Domination,Teleport,Flash,Flash,Smite,Flash,Teleport,Barrier,Flash,Flash,Ignite,Flash,Teleport,Flash,Smite,Flash,Teleport,Barrier,Flash,Flash,Heal,0,3,0,1,3,1
https://www.op.gg/summoners/euw/SRTSS-EUW/matches/uRd1PvnOddp_BfGkyC3SaQyWzHHxsgsKPhmfckA1hdQ%3D/1733783884000,0,12,25,25,12,45,21,26,31,3,3,1,1,0,0,0,5,1,1,28961,38318,9.4,10.8,472,549,29.0,33.8,-9357,9357,1772.6129310344827,2345.3258620689658,Jax,Skarner,Sylas,Miss Fortune,Braum,Poppy,Diana,Yasuo,Swain,Karma,Refillable Potion,Tiamat,Phage,Doran's Shield,Boots,Hearthbound Axe,Stealth Ward,Heartsteel,Tunneler,Slightly Magical Footwear,Pickaxe,No_Item,Scorchclaw Pup,Oracle Lens,Fiendish Codex,Hextech Rocketbelt,Amplifying Tome,Ionian Boots of Lucidity,Doran's Ring,Kindlegem,Stealth Ward,Doran's Blade,Bloodthirster,Slightly Magical Footwear,No_Item,No_Item,No_Item,Stealth Ward,Cloth Armor,Celestial Opposition,Locket of the Iron Solari,Boots of Swiftness,Glowing Mote,No_Item,Oracle Lens,Doran's Shield,Winter's Approach,Mercury's Treads,Sundered Sky,No_Item,No_Item,Stealth Ward,Scorchclaw Pup,Hextech Rocketbelt,Mercury's Treads,Dark Seal,Oblivion Orb,Amplifying Tome,Oracle Lens,Doran's Blade,Blade of The Ruined King,Berserker's Greaves,Long Sword,Dagger,Cloak of Agility,Farsight Alteration,Blackfire Torch,Rylai's Crystal Scepter,Boots,Doran's Ring,Haunting Guise,Amplifying Tome,Stealth Ward,Boots of Swiftness,Control Ward,Zaz'Zak's Realmspike,Echoes of Helia,Ruby Crystal,No_Item,Oracle Lens,Grasp of the Undying,Inspiration,Grasp of the Undying,Inspiration,Conqueror,Resolve,Press the Attack,Inspiration,Guardian,Inspiration,Grasp of the Undying,Sorcery,Conqueror,Inspiration,Lethal Tempo,Resolve,Conqueror,Resolve,Arcane Comet,Resolve,Teleport,Flash,Flash,Smite,Flash,Teleport,Flash,Ghost,Flash,Ignite,Teleport,Flash,Flash,Smite,Teleport,Flash,Flash,Teleport,Flash,Heal,0,3,0,1,3,0
https://www.op.gg/summoners/euw/SRTSS-EUW/matches/uRd1PvnOddr0GhTHw6dHvf6Y60OisdwoYlHI-uxd42w%3D/1733781519000,1,29,22,22,29,27,35,83,77,17,31,1,3,1,0,10,3,2,3,57833,46822,14.6,12.6,843,721,32.2,27.5,11011,-11011,2212.403355704698,1791.1771812080538,Azir,Jax,Lee Sin,Ezreal,Braum,Garen,Xin Zhao,Aurora,Kalista,Nautilus,Zhonya's Hourglass,Sorcerer's Shoes,Doran's Ring,Nashor's Tooth,Dark Seal,Rabadon's Deathcap,Farsight Alteration,Trinity Force,Frozen Heart,Spear of Shojin,Amplifying Tome,Slightly Magical Footwear,Amplifying Tome,Stealth Ward,Sundered Sky,No_Item,Plated Steelcaps,Sterak's Gage,Doran's Blade,Eclipse,Stealth Ward,Doran's Blade,Muramana,Trinity Force,Slightly Magical Footwear,Serylda's Grudge,No_Item,Farsight Alteration,Chain Vest,Celestial Opposition,Locket of the Iron Solari,Control Ward,Kindlegem,Mercury's Treads,Oracle Lens,Stridebreaker,Doran's Shield,Boots of Swiftness,Phantom Dancer,Cloak of Agility,Last Whisper,Stealth Ward,Black Cleaver,Control Ward,Sundered Sky,Mercury's Treads,Warden's Mail,Glacial Buckler,Oracle Lens,Liandry's Torment,Control Ward,No_Item,No_Item,Malignance,Sorcerer's Shoes,Farsight Alteration,Doran's Blade,Blade of The Ruined King,Berserker's Greaves,Guinsoo's Rageblade,Terminus,No_Item,Farsight Alteration,Celestial Opposition,Control Ward,Kindlegem,Mercury's Treads,Zeke's Convergence,Null-Magic Mantle,Oracle Lens,Conqueror,Inspiration,Lethal Tempo,Inspiration,Conqueror,Domination,Conqueror,Inspiration,Guardian,Inspiration,Phase Rush,Resolve,Conqueror,Inspiration,Arcane Comet,Domination,Lethal Tempo,Domination,Aftershock,Inspiration,Flash,Teleport,Smite,Flash,Teleport,Flash,Barrier,Flash,Flash,Heal,Flash,Ignite,Flash,Smite,Flash,Teleport,Flash,Cleanse,Flash,Ignite,1,4,2,0,2,0
https://www.op.gg/summoners/euw/SRTSS-EUW/matches/uRd1PvnOddqQAdG1-JkxU6n696evwc6MHzLuLA43slg%3D/1733779160000,1,44,26,26,44,27,56,70,71,25,29,2,0,1,0,9,4,3,0,63570,54257,15.2,14.0,882,847,34.0,32.7,9313,-9313,2459.8826086956524,2099.51,Gnar,Karthus,Akali,Draven,Rakan,Irelia,Nidalee,Yone,Ziggs,Pyke,Doran's Shield,Sterak's Gage,Plated Steelcaps,Trinity Force,Cloth Armor,No_Item,Stealth Ward,Blackfire Torch,Sorcerer's Shoes,Shadowflame,Needlessly Large Rod,Void Staff,Needlessly Large Rod,Oracle Lens,Stormsurge,Hextech Rocketbelt,Void Staff,Sorcerer's Shoes,Dark Seal,Needlessly Large Rod,Oracle Lens,Doran's Blade,Bloodthirster,Infinity Edge,Null-Magic Mantle,Boots,Yun Tal Wildarrows,Farsight Alteration,Solstice Sleigh,Redemption,Locket of the Iron Solari,Ionian Boots of Lucidity,Control Ward,Knight's Vow,Oracle Lens,Mercury's Treads,Wit's End,Blade of The Ruined King,Glacial Buckler,Hullbreaker,Doran's Blade,Farsight Alteration,Shadowflame,Dark Seal,Liandry's Torment,Ionian Boots of Lucidity,Blighting Jewel,No_Item,Oracle Lens,Wit's End,Control Ward,No_Item,Blade of The Ruined King,Immortal Shieldbow,Berserker's Greaves,Stealth Ward,Luden's Companion,Verdant Barrier,Needlessly Large Rod,Shadowflame,Sorcerer's Shoes,No_Item,Farsight Alteration,Bloodsong,Umbral Glaive,Maw of Malmortius,Rectrix,Boots of Swiftness,Control Ward,Oracle Lens,Grasp of the Undying,Precision,Dark Harvest,Precision,Electrocute,Resolve,Lethal Tempo,Inspiration,Guardian,Domination,Conqueror,Inspiration,Dark Harvest,Precision,Grasp of the Undying,Precision,Arcane Comet,Precision,Hail of Blades,Sorcery,Flash,Teleport,Flash,Smite,Teleport,Flash,Flash,Barrier,Flash,Ignite,Flash,Teleport,Flash,Smite,Flash,Teleport,Teleport,Flash,Flash,Ignite,1,6,1,0,0,0
https://www.op.gg/summoners/euw/SRTSS-EUW/matches/uRd1PvnOddq4Vet4krO04WdSqygNMjCW2KaX5NJPFcA%3D/1733776082000,1,21,19,19,21,31,35,49,66,24,13,1,2,1,0,6,2,2,2,48871,39370,13.0,11.8,719,580,31.6,25.5,9501,-9501,2150.324,1732.28,Renekton,Skarner,Azir,Miss Fortune,Heimerdinger,Shen,Ivern,Ambessa,Kog'Maw,Leona,Mercury's Treads,Eclipse,Sterak's Gage,Ruby Crystal,Ruby Crystal,Control Ward,Oracle Lens,Sterak's Gage,Control Ward,Heartsteel,Slightly Magical Footwear,Chain Vest,No_Item,Oracle Lens,Sorcerer's Shoes,Seeker's Armguard,Needlessly Large Rod,No_Item,Nashor's Tooth,Liandry's Torment,Farsight Alteration,Boots of Swiftness,Infinity Edge,Youmuu's Ghostblade,No_Item,Serpent's Fang,The Collector,Farsight Alteration,Sorcerer's Shoes,Blackfire Torch,Zaz'Zak's Realmspike,Oblivion Orb,No_Item,No_Item,Oracle Lens,Doran's Shield,Boots,Dead Man's Plate,Bami's Cinder,Spectre's Cowl,No_Item,Farsight Alteration,Amplifying Tome,Ionian Boots of Lucidity,Redemption,Forbidden Idol,Dark Seal,Moonstone Renewer,Oracle Lens,Boots,Refillable Potion,Voltaic Cyclosword,Edge of Night,Serrated Dirk,No_Item,Stealth Ward,Blade of The Ruined King,Guinsoo's Rageblade,Refillable Potion,Wit's End,Berserker's Greaves,No_Item,Farsight Alteration,Bloodsong,Locket of the Iron Solari,Control Ward,Boots of Swiftness,Kindlegem,Chain Vest,Oracle Lens,Conqueror,Resolve,Aftershock,Inspiration,Conqueror,Sorcery,Press the Attack,Inspiration,Conqueror,Sorcery,Grasp of the Undying,Domination,Summon Aery,Inspiration,Electrocute,Resolve,Lethal Tempo,Inspiration,Aftershock,Inspiration,Flash,Teleport,Flash,Smite,Flash,Teleport,Barrier,Flash,Flash,Exhaust,Flash,Teleport,Smite,Flash,Teleport,Flash,Flash,Barrier,Flash,Ignite,0,3,0,0,3,0
https://www.op.gg/summoners/euw/SRTSS-EUW/matches/uRd1PvnOddpjf5shSkYDGl0ARv9h3i0GuBCuHYTgXTM%3D/1733774048000,0,7,8,8,7,11,11,14,24,6,2,0,1,0,0,0,0,0,1,18352,20014,7.2,7.4,295,324,26.0,28.4,-1662,1662,1622.423188405797,1769.3536231884057,Shen,Viego,Akali,Talon,Maokai,Sejuani,Graves,Orianna,Caitlyn,Bard,Doran's Shield,Refillable Potion,Bami's Cinder,Boots,Ruby Crystal,Cloth Armor,Stealth Ward,Gustwalker Hatchling,Kraken Slayer,Control Ward,Slightly Magical Footwear,No_Item,No_Item,Oracle Lens,Doran's Shield,Refillable Potion,Hextech Rocketbelt,Boots,Dark Seal,No_Item,Oracle Lens,Serrated Dirk,Refillable Potion,Rectrix,Long Sword,Boots,No_Item,Oracle Lens,Runic Compass,Winged Moonplate,Total Biscuit of Everlasting Will,Boots of Swiftness,Cloth Armor,No_Item,Oracle Lens,Doran's Ring,Refillable Potion,Bami's Cinder,Ruby Crystal,Ionian Boots of Lucidity,Tear of the Goddess,Stealth Ward,Gustwalker Hatchling,Youmuu's Ghostblade,Serrated Dirk,Control Ward,No_Item,No_Item,Oracle Lens,Doran's Ring,Refillable Potion,Amplifying Tome,Tear of the Goddess,Lost Chapter,Boots,Stealth Ward,Doran's Blade,Yun Tal Wildarrows,No_Item,Boots,Dagger,No_Item,Stealth Ward,Refillable Potion,Runic Compass,Control Ward,Kindlegem,Boots,Giant's Belt,Oracle Lens,Grasp of the Undying,Domination,Press the Attack,Inspiration,Electrocute,Resolve,Electrocute,Sorcery,Aftershock,Inspiration,Grasp of the Undying,Sorcery,Dark Harvest,Precision,Summon Aery,Precision,Lethal Tempo,Sorcery,Guardian,Domination,Flash,Teleport,Smite,Flash,Teleport,Flash,Flash,Ignite,Flash,Ignite,Flash,Teleport,Smite,Flash,Flash,Teleport,Barrier,Flash,Ignite,Flash,0,3,0,0,0,0
https://www.op.gg/summoners/euw/SRTSS-EUW/matches/uRd1PvnOddpvsoDuko2CcKbcHUr6-ImKH16Z7phVf20%3D/1733765590000,0,22,33,33,22,62,47,63,107,34,26,1,2,0,1,2,10,1,3,55324,65041,14.4,15.8,898,951,29.1,30.8,-9717,9717,1790.4858181818183,2104.963272727273,Gragas,Jarvan IV,Akali,Ezreal,Nami,Camille,Nocturne,Sylas,Aurelion Sol,Rakan,Ionian Boots of Lucidity,Cosmic Drive,Luden's Companion,Lich Bane,Doran's Ring,No_Item,Oracle Lens,Sterak's Gage,Sundered Sky,Control Ward,Spectre's Cowl,Mercury's Treads,Ruby Crystal,Oracle Lens,Rabadon's Deathcap,Void Staff,Dark Seal,Stormsurge,Shadowflame,Boots,Oracle Lens,Trinity Force,Muramana,Spear of Shojin,No_Item,Doran's Blade,Ionian Boots of Lucidity,Farsight Alteration,Bandleglass Mirror,No_Item,Dream Maker,Imperial Mandate,Staff of Flowing Water,Ionian Boots of Lucidity,Oracle Lens,Sterak's Gage,Ravenous Hydra,Guardian Angel,Pickaxe,Mercury's Treads,Trinity Force,Oracle Lens,Experimental Hexplate,Stridebreaker,Cloth Armor,Boots,Maw of Malmortius,Opportunity,Farsight Alteration,No_Item,Hextech Rocketbelt,Zhonya's Hourglass,Mercury's Treads,No_Item,Cosmic Drive,Stealth Ward,Rylai's Crystal Scepter,Liandry's Torment,Zhonya's Hourglass,Dark Seal,No_Item,Sorcerer's Shoes,Farsight Alteration,Solstice Sleigh,Redemption,Locket of the Iron Solari,Control Ward,Negatron Cloak,Ionian Boots of Lucidity,Oracle Lens,Phase Rush,Precision,Conqueror,Inspiration,Electrocute,Resolve,Press the Attack,Inspiration,Summon Aery,Domination,Grasp of the Undying,Inspiration,Conqueror,Domination,Conqueror,Resolve,Arcane Comet,Precision,Guardian,Domination,Teleport,Flash,Flash,Smite,Ignite,Flash,Flash,Barrier,Heal,Flash,Teleport,Flash,Flash,Smite,Flash,Teleport,Flash,Teleport,Flash,Ignite,0,1,0,1,5,2
https://www.op.gg/summoners/euw/SRTSS-EUW/matches/uRd1PvnOddoig5cts8HUTBczN1moznk6v0aHTW77YMI%3D/1733752668000,0,27,37,37,27,69,58,112,134,57,37,3,3,1,2,6,8,4,5,84431,85208,17.6,17.8,1401,1281,32.699999999999996,30.0,-777,777,1967.9406015037596,1986.051127819549,Tryndamere,Zac,Qiyana,Lux,Bard,Shen,Graves,Orianna,Corki,Alistar,Ravenous Hydra,Zephyr,Blade of The Ruined King,Navori Flickerblade,Wit's End,Hullbreaker,Stealth Ward,Spirit Visage,Randuin's Omen,Knight's Vow,Unending Despair,Sunfire Aegis,Ionian Boots of Lucidity,Oracle Lens,Serpent's Fang,Death's Dance,Youmuu's Ghostblade,Ionian Boots of Lucidity,Serylda's Grudge,Guardian Angel,Oracle Lens,Void Staff,Seeker's Armguard,Luden's Companion,Stormsurge,Boots of Swiftness,Rabadon's Deathcap,Farsight Alteration,Mercury's Treads,Locket of the Iron Solari,Bloodsong,Statikk Shiv,No_Item,Dead Man's Plate,Oracle Lens,Titanic Hydra,Randuin's Omen,Kindlegem,Hollow Radiance,Thornmail,Plated Steelcaps,Stealth Ward,The Collector,Youmuu's Ghostblade,Lord Dominik's Regards,Berserker's Greaves,Immortal Shieldbow,Infinity Edge,Oracle Lens,Sorcerer's Shoes,Zhonya's Hourglass,Rabadon's Deathcap,Void Staff,Stormsurge,Luden's Companion,Stealth Ward,Trinity Force,Guardian Angel,Muramana,Plated Steelcaps,Mortal Reminder,Rapid Firecannon,Farsight Alteration,Celestial Opposition,Locket of the Iron Solari,Abyssal Mask,Zeke's Convergence,Boots of Swiftness,Watchful Wardstone,Oracle Lens,Grasp of the Undying,Precision,Aftershock,Precision,Electrocute,Precision,Arcane Comet,Precision,Guardian,Inspiration,Grasp of the Undying,Domination,Dark Harvest,Precision,Summon Aery,Resolve,Conqueror,Inspiration,Phase Rush,Inspiration,Flash,Ignite,Smite,Flash,Flash,Teleport,Flash,Teleport,Flash,Ignite,Flash,Ignite,Flash,Smite,Flash,Teleport,Flash,Barrier,Flash,Ignite,0,3,0,1,3,3
https://www.op.gg/summoners/euw/SRTSS-EUW/matches/uRd1PvnOddrU5gWwGAGIUvvB8UP6pgFxvhHm_gn-YsI%3D/1733702509000,0,33,36,36,33,56,41,90,106,24,35,2,2,0,2,8,11,2,4,65681,74669,15.6,17.0,946,1068,28.2,31.7,-8988,8988,1962.2539419087138,2230.77510373444,K'Sante,Sion,LeBlanc,Sylas,Janna,Corki,Talon,Akali,Kog'Maw,Bard,"Jak'Sho, The Protean",Tunneler,Boots of Swiftness,Fimbulwinter,Unending Despair,Kaenic Rookern,Farsight Alteration,Unending Despair,Titanic Hydra,Warden's Mail,Plated Steelcaps,Abyssal Mask,Negatron Cloak,Oracle Lens,Void Staff,Control Ward,Needlessly Large Rod,Sorcerer's Shoes,Shadowflame,Luden's Companion,Stealth Ward,Hextech Rocketbelt,Zhonya's Hourglass,No_Item,Dark Seal,Ionian Boots of Lucidity,Cosmic Drive,Oracle Lens,Shurelya's Battlesong,Dream Maker,Redemption,Control Ward,Echoes of Helia,Boots of Swiftness,Oracle Lens,Trinity Force,Muramana,Mercury's Treads,Mortal Reminder,B. F. Sword,Cloak of Agility,Stealth Ward,Youmuu's Ghostblade,Black Cleaver,Frozen Heart,Maw of Malmortius,Eclipse,Boots of Swiftness,Oracle Lens,Void Staff,Stormsurge,Shadowflame,Sorcerer's Shoes,Rabadon's Deathcap,No_Item,Oracle Lens,Blade of The Ruined King,Guinsoo's Rageblade,Refillable Potion,Berserker's Greaves,Terminus,Wit's End,Farsight Alteration,Bloodsong,Fiendish Codex,Amplifying Tome,Heartsteel,Abyssal Mask,Boots of Swiftness,Oracle Lens,Grasp of the Undying,Inspiration,Phase Rush,Resolve,Electrocute,Sorcery,Electrocute,Precision,Summon Aery,Resolve,Conqueror,Inspiration,Conqueror,Inspiration,Electrocute,Sorcery,Lethal Tempo,Inspiration,Guardian,Domination,Teleport,Flash,Flash,Smite,Flash,Teleport,Flash,Teleport,Flash,Heal,Teleport,Flash,Ignite,Smite,Teleport,Flash,Flash,Barrier,Flash,Ignite,0,6,0,1,0,3
https://www.op.gg/summoners/euw/SRTSS-EUW/matches/uRd1PvnOddry_Mo0z8J4JcJSQgdu8GbRCSopr7tOuFk%3D/1733699896000,1,22,9,9,22,9,35,90,53,16,28,2,1,1,0,7,3,3,1,52547,42238,14.2,12.2,825,804,33.2,32.3,10309,-10309,2106.957004830918,1693.600966183575,Yone,Lee Sin,Syndra,Draven,Bard,Jax,Zed,Aurora,Ziggs,Thresh,Berserker's Greaves,Blade of The Ruined King,Doran's Blade,Immortal Shieldbow,B. F. Sword,No_Item,Farsight Alteration,Plated Steelcaps,Control Ward,Eclipse,Caulfield's Warhammer,Black Cleaver,Sundered Sky,Stealth Ward,Luden's Companion,Needlessly Large Rod,Cosmic Drive,Hextech Alternator,No_Item,Sorcerer's Shoes,Farsight Alteration,Doran's Blade,Bloodthirster,The Collector,Berserker's Greaves,B. F. Sword,Cloak of Agility,Farsight Alteration,Bloodsong,Control Ward,Kindlegem,Warmog's Armor,Cloth Armor,Boots of Swiftness,Oracle Lens,Control Ward,Shattered Armguard,Trinity Force,Sundered Sky,Plated Steelcaps,No_Item,Stealth Ward,Eclipse,Voltaic Cyclosword,Long Sword,Slightly Magical Footwear,Long Sword,No_Item,Oracle Lens,Doran's Ring,Shadowflame,Malignance,Sorcerer's Shoes,Dark Seal,No_Item,Farsight Alteration,Doran's Ring,Seraph's Embrace,Fiendish Codex,Luden's Companion,Fiendish Codex,Sorcerer's Shoes,Stealth Ward,Trailblazer,Solstice Sleigh,Control Ward,Kindlegem,Cloth Armor,Boots of Swiftness,Oracle Lens,Lethal Tempo,Resolve,Conqueror,Inspiration,First Strike,Sorcery,Lethal Tempo,Domination,Guardian,Domination,Grasp of the Undying,Sorcery,Electrocute,Inspiration,Arcane Comet,Domination,Arcane Comet,Precision,Aftershock,Inspiration,Flash,Teleport,Flash,Smite,Flash,Teleport,Flash,Exhaust,Flash,Ignite,Teleport,Flash,Flash,Smite,Flash,Teleport,Teleport,Flash,Flash,Ignite,1,6,1,0,0,0
https://www.op.gg/summoners/euw/SRTSS-EUW/matches/uRd1PvnOddrXRQ2kI3XdyPjkrKgwd1C2vDwUFkPcY1I%3D/1733696980000,1,32,23,23,32,39,57,48,39,6,7,1,2,1,0,8,2,2,2,53127,44151,13.6,12.2,658,643,26.9,26.3,8976,-8976,2179.5692307692307,1811.323076923077,K'Sante,Lee Sin,Sylas,Ambessa,Alistar,Renekton,Jarvan IV,Akali,Ashe,Seraphine,Doran's Shield,Negatron Cloak,Thornmail,"Jak'Sho, The Protean",Kindlegem,Plated Steelcaps,Oracle Lens,Sterak's Gage,Eclipse,Mercury's Treads,Sundered Sky,Long Sword,No_Item,Stealth Ward,Shattered Armguard,Hextech Rocketbelt,Cosmic Drive,Dark Seal,Sorcerer's Shoes,Doran's Ring,Oracle Lens,Eclipse,Spear of Shojin,Ionian Boots of Lucidity,Black Cleaver,Doran's Shield,Control Ward,Oracle Lens,Celestial Opposition,Locket of the Iron Solari,Plated Steelcaps,Zeke's Convergence,No_Item,No_Item,Oracle Lens,Black Cleaver,Plated Steelcaps,Sterak's Gage,No_Item,No_Item,No_Item,Oracle Lens,Plated Steelcaps,Long Sword,Sundered Sky,Ruby Crystal,Eclipse,Control Ward,Oracle Lens,Doran's Ring,Stormsurge,Shadowflame,Dark Seal,Sorcerer's Shoes,Amplifying Tome,Oracle Lens,Doran's Blade,Executioner's Calling,Kraken Slayer,Last Whisper,Phantom Dancer,Berserker's Greaves,Farsight Alteration,Control Ward,Dream Maker,Redemption,Ionian Boots of Lucidity,Moonstone Renewer,No_Item,Oracle Lens,Grasp of the Undying,Inspiration,Conqueror,Inspiration,Conqueror,Resolve,Grasp of the Undying,Inspiration,Glacial Augment,Resolve,Conqueror,Resolve,Conqueror,Inspiration,Electrocute,Sorcery,Lethal Tempo,Inspiration,Guardian,Sorcery,Teleport,Flash,Flash,Smite,Flash,Teleport,Flash,Teleport,Exhaust,Flash,Flash,Teleport,Smite,Flash,Ignite,Flash,Flash,Barrier,Flash,Barrier,0,5,1,1,0,0
https://www.op.gg/summoners/euw/SRTSS-EUW/matches/uRd1PvnOddqwzU3yIdoOWtA_gIFY2IUcnYPD2HgDLUE%3D/1733694665000,1,34,18,18,34,26,31,47,47,14,15,2,0,1,0,11,2,3,0,56272,45182,14.2,12.6,797,688,34.6,29.900000000000002,11090,-11090,2437.2585987261145,1956.9273885350317,Poppy,Rengar,Orianna,Smolder,Heimerdinger,Aatrox,Kayn,Ahri,Corki,Senna,Spirit Visage,No_Item,Ionian Boots of Lucidity,Fimbulwinter,Sundered Sky,No_Item,Stealth Ward,Control Ward,Profane Hydra,Youmuu's Ghostblade,Boots,Opportunity,Last Whisper,Oracle Lens,Doran's Ring,Seeker's Armguard,Seraph's Embrace,Shadowflame,Mejai's Soulstealer,Sorcerer's Shoes,Farsight Alteration,Doran's Blade,Hubris,Ionian Boots of Lucidity,Rapid Firecannon,Long Sword,Last Whisper,Farsight Alteration,Sorcerer's Shoes,Blackfire Torch,Zaz'Zak's Realmspike,Control Ward,Rylai's Crystal Scepter,Shadowflame,Oracle Lens,Doran's Shield,Ruby Crystal,Pickaxe,Plated Steelcaps,Sundered Sky,Kindlegem,Stealth Ward,Caulfield's Warhammer,Hubris,Ionian Boots of Lucidity,Opportunity,No_Item,Control Ward,Oracle Lens,Doran's Ring,Null-Magic Mantle,Amplifying Tome,Ionian Boots of Lucidity,Malignance,Horizon Focus,Oracle Lens,Doran's Blade,Trinity Force,Slightly Magical Footwear,Muramana,Infinity Edge,Noonquiver,Farsight Alteration,Boots of Swiftness,Dream Maker,Forbidden Idol,Faerie Charm,Moonstone Renewer,Echoes of Helia,Oracle Lens,Grasp of the Undying,Sorcery,Conqueror,Domination,Arcane Comet,Precision,Arcane Comet,Inspiration,Conqueror,Sorcery,Conqueror,Resolve,Dark Harvest,Inspiration,Electrocute,Sorcery,Conqueror,Inspiration,Summon Aery,Resolve,Teleport,Flash,Flash,Smite,Flash,Teleport,Flash,Teleport,Flash,Ignite,Flash,Teleport,Flash,Smite,Flash,Teleport,Flash,Teleport,Flash,Heal,1,6,3,0,0,0
https://www.op.gg/summoners/euw/SRTSS-EUW/matches/uRd1PvnOddqm1kUPXh_-57u5WObdfzC-Hnd3Nm1f1s0%3D/1733692606000,0,12,26,26,12,38,15,61,52,11,17,0,2,0,1,1,5,0,3,39555,51952,12.0,14.0,716,829,30.6,35.4,-12397,12397,1682.7265193370167,2210.1127071823207,Orianna,Graves,K'Sante,Corki,Rell,Ambessa,Rengar,Akali,Caitlyn,Nami,Shadowflame,Luden's Companion,Control Ward,Amplifying Tome,Amplifying Tome,Sorcerer's Shoes,Farsight Alteration,Phage,Youmuu's Ghostblade,Plated Steelcaps,Pickaxe,Kindlegem,No_Item,Oracle Lens,Plated Steelcaps,Thornmail,Unending Despair,Cloth Armor,Null-Magic Mantle,No_Item,Farsight Alteration,Doran's Blade,Trinity Force,Muramana,Plated Steelcaps,No_Item,No_Item,Farsight Alteration,No_Item,Locket of the Iron Solari,Celestial Opposition,Bramble Vest,Plated Steelcaps,Chain Vest,Oracle Lens,Doran's Blade,Long Sword,Spear of Shojin,Plated Steelcaps,Cloth Armor,Black Cleaver,Oracle Lens,Serrated Dirk,Tiamat,Youmuu's Ghostblade,Last Whisper,Boots,No_Item,Oracle Lens,Refillable Potion,Hextech Rocketbelt,Shattered Armguard,No_Item,Shadowflame,Sorcerer's Shoes,Stealth Ward,Doran's Blade,The Collector,Berserker's Greaves,Lord Dominik's Regards,Infinity Edge,No_Item,Farsight Alteration,Shurelya's Battlesong,Dream Maker,No_Item,Imperial Mandate,Ionian Boots of Lucidity,No_Item,Oracle Lens,Summon Aery,Precision,Dark Harvest,Precision,Grasp of the Undying,Inspiration,Conqueror,Inspiration,Aftershock,Inspiration,Grasp of the Undying,Domination,Conqueror,Domination,Fleet Footwork,Resolve,Lethal Tempo,Sorcery,Summon Aery,Resolve,Flash,Teleport,Flash,Smite,Flash,Teleport,Barrier,Flash,Flash,Ignite,Flash,Teleport,Flash,Smite,Flash,Teleport,Flash,Barrier,Flash,Heal,1,3,0,0,3,0
https://www.op.gg/summoners/euw/SRTSS-EUW/matches/uRd1PvnOddorRneQxM1hk4KVhT0ekDzWd5lzssJRJqE%3D/1733526883000,0,24,29,29,24,55,40,104,108,43,31,0,4,1,1,6,10,1,5,63051,65640,15.0,16.0,955,977,30.7,31.4,-2589,2589,2025.6203619909502,2108.7963800904977,Jax,Wukong,Sylas,Draven,Nami,Garen,Vi,Yone,Ziggs,Rakan,Trinity Force,Zhonya's Hourglass,Doran's Shield,Sundered Sky,Plated Steelcaps,Glacial Buckler,Stealth Ward,Sundered Sky,Hexdrinker,Plated Steelcaps,Long Sword,Black Cleaver,Trinity Force,Oracle Lens,Cosmic Drive,Hextech Rocketbelt,Rabadon's Deathcap,Warden's Mail,Sorcerer's Shoes,Amplifying Tome,Stealth Ward,Pickaxe,The Collector,Berserker's Greaves,Bloodthirster,Lord Dominik's Regards,B. F. Sword,Farsight Alteration,Imperial Mandate,Dream Maker,Oblivion Orb,Shurelya's Battlesong,Ionian Boots of Lucidity,Kindlegem,Oracle Lens,Dead Man's Plate,Plated Steelcaps,Mortal Reminder,Tunneler,No_Item,Stridebreaker,Stealth Ward,Sterak's Gage,Sundered Sky,No_Item,Plated Steelcaps,Black Cleaver,No_Item,Oracle Lens,Death's Dance,Mortal Reminder,Steel Sigil,Berserker's Greaves,Immortal Shieldbow,Blade of The Ruined King,Farsight Alteration,Shadowflame,No_Item,Sorcerer's Shoes,Dark Seal,Luden's Companion,Horizon Focus,Farsight Alteration,Redemption,Solstice Sleigh,Plated Steelcaps,Zeke's Convergence,Ruby Crystal,No_Item,Oracle Lens,Grasp of the Undying,Inspiration,Conqueror,Domination,Conqueror,Resolve,Lethal Tempo,Domination,Summon Aery,Domination,Conqueror,Resolve,Conqueror,Inspiration,Lethal Tempo,Resolve,Arcane Comet,Precision,Guardian,Domination,Flash,Teleport,Smite,Flash,Flash,Teleport,Flash,Barrier,Flash,Heal,Ignite,Flash,Flash,Smite,Flash,Teleport,Flash,Teleport,Ignite,Flash,0,6,0,1,0,1
https://www.op.gg/summoners/euw/SRTSS-EUW/matches/uRd1PvnOddo4lLz8c4UklShuMBQK1gKR7toC3BLaA-I%3D/1733524328000,0,18,27,27,18,35,16,69,57,21,23,0,3,0,0,3,3,0,3,43328,45479,12.2,12.6,732,710,32.7,31.8,-2151,2151,1934.7723270440251,2030.8232704402515,Sylas,Viego,Irelia,Aphelios,Nautilus,Fiora,Wukong,Yone,Swain,Leona,No_Item,Hextech Rocketbelt,No_Item,Oblivion Orb,Ionian Boots of Lucidity,Cosmic Drive,Farsight Alteration,Kraken Slayer,Slightly Magical Footwear,Titanic Hydra,No_Item,No_Item,No_Item,Stealth Ward,Doran's Blade,Blade of The Ruined King,Plated Steelcaps,Kraken Slayer,Sundered Sky,Cloth Armor,Farsight Alteration,Doran's Blade,The Collector,Berserker's Greaves,Mortal Reminder,No_Item,No_Item,Farsight Alteration,Locket of the Iron Solari,Celestial Opposition,Control Ward,Mercury's Treads,No_Item,No_Item,Oracle Lens,Boots,Ravenous Hydra,Long Sword,Trinity Force,Doran's Blade,Refillable Potion,Oracle Lens,Control Ward,Sundered Sky,Cloth Armor,Trinity Force,Slightly Magical Footwear,Black Cleaver,Oracle Lens,Doran's Shield,Berserker's Greaves,Blade of The Ruined King,Long Sword,Phage,Dagger,Oracle Lens,Blackfire Torch,Rylai's Crystal Scepter,Doran's Ring,Plated Steelcaps,Dark Seal,Seeker's Armguard,Stealth Ward,Bloodsong,Plated Steelcaps,Locket of the Iron Solari,No_Item,Thornmail,No_Item,Oracle Lens,Conqueror,Resolve,Conqueror,Inspiration,Press the Attack,Domination,Press the Attack,Sorcery,Aftershock,Inspiration,Grasp of the Undying,Sorcery,Conqueror,Inspiration,Lethal Tempo,Resolve,Conqueror,Sorcery,Aftershock,Domination,Flash,Teleport,Smite,Flash,Teleport,Flash,Flash,Cleanse,Flash,Ignite,Flash,Teleport,Flash,Smite,Teleport,Flash,Ghost,Flash,Ignite,Flash,1,1,0,0,5,0
https://www.op.gg/summoners/euw/SRTSS-EUW/matches/uRd1PvnOddpizHIrdu6QjLJECo-QoHV9OfT2qRMsOpU%3D/1733522290000,1,30,13,13,30,21,50,58,47,10,20,1,2,0,0,10,2,1,2,52414,39941,13.2,11.6,736,685,32.0,29.9,12473,-12473,2281.231088082902,1738.3647668393783,Jax,Talon,LeBlanc,Caitlyn,Soraka,Garen,Kindred,Vex,Corki,Senna,Plated Steelcaps,Sundered Sky,Trinity Force,Frozen Heart,Doran's Shield,No_Item,Stealth Ward,Hubris,Youmuu's Ghostblade,Slightly Magical Footwear,Eclipse,Phage,Pickaxe,Oracle Lens,Doran's Ring,Needlessly Large Rod,Amplifying Tome,Rabadon's Deathcap,Luden's Companion,Sorcerer's Shoes,Stealth Ward,Refillable Potion,Boots,Doran's Blade,The Collector,Infinity Edge,Last Whisper,Stealth Ward,Celestial Opposition,Redemption,Moonstone Renewer,Dark Seal,Forbidden Idol,Ionian Boots of Lucidity,Oracle Lens,Plated Steelcaps,Dead Man's Plate,Stridebreaker,No_Item,No_Item,No_Item,Stealth Ward,The Collector,Trinity Force,Plated Steelcaps,No_Item,No_Item,No_Item,Oracle Lens,Stormsurge,Luden's Companion,Sorcerer's Shoes,Doran's Ring,No_Item,No_Item,Oracle Lens,Trinity Force,Boots,Muramana,Long Sword,Doran's Blade,No_Item,Farsight Alteration,Bloodsong,Black Cleaver,Executioner's Calling,Boots of Swiftness,Rapid Firecannon,No_Item,Oracle Lens,Grasp of the Undying,Inspiration,Conqueror,Inspiration,Electrocute,Sorcery,Lethal Tempo,Sorcery,Summon Aery,Resolve,Phase Rush,Resolve,Press the Attack,Inspiration,Electrocute,Sorcery,Conqueror,Inspiration,Grasp of the Undying,Precision,Flash,Teleport,Ignite,Smite,Flash,Teleport,Flash,Barrier,Heal,Flash,Ignite,Flash,Flash,Smite,Teleport,Flash,Barrier,Flash,Flash,Heal,1,4,1,0,2,0
https://www.op.gg/summoners/euw/SRTSS-EUW/matches/uRd1PvnOddqLau5fx1uK7EvvpdJngLYujwFSX1q6d0g%3D/1733520063000,1,28,11,11,28,20,59,61,54,19,19,2,2,1,0,11,1,3,2,57613,43187,14.6,12.8,814,802,30.2,29.8,14426,-14426,2149.0563492063493,1610.943650793651,Fiddlesticks,Kindred,Aurora,Caitlyn,Soraka,Riven,Skarner,Zoe,Corki,Janna,Zhonya's Hourglass,Abyssal Mask,Plated Steelcaps,No_Item,Liandry's Torment,No_Item,Scarecrow Effigy,Black Cleaver,B. F. Sword,Mercury's Treads,Vampiric Scepter,Trinity Force,Wit's End,Oracle Lens,Rabadon's Deathcap,Amplifying Tome,No_Item,Mercury's Treads,Cryptbloom,Malignance,Stealth Ward,The Collector,Mortal Reminder,Infinity Edge,No_Item,Boots,No_Item,Farsight Alteration,Celestial Opposition,Redemption,Moonstone Renewer,Dark Seal,Faerie Charm,Ionian Boots of Lucidity,Oracle Lens,Doran's Blade,Eclipse,Caulfield's Warhammer,Hexdrinker,Tunneler,Boots,Stealth Ward,Heartsteel,Randuin's Omen,Plated Steelcaps,Negatron Cloak,No_Item,No_Item,Oracle Lens,Luden's Companion,Blighting Jewel,Horizon Focus,Sorcerer's Shoes,Dark Seal,Blasting Wand,Farsight Alteration,B. F. Sword,Muramana,Boots,Trinity Force,Executioner's Calling,Doran's Blade,Farsight Alteration,Dream Maker,Bandleglass Mirror,Dark Seal,Echoes of Helia,No_Item,Boots of Swiftness,Oracle Lens,Arcane Comet,Resolve,Press the Attack,Domination,Arcane Comet,Domination,Hail of Blades,Sorcery,Summon Aery,Resolve,Conqueror,Inspiration,Grasp of the Undying,Inspiration,Electrocute,Sorcery,Hail of Blades,Inspiration,Summon Aery,Resolve,Flash,Teleport,Smite,Flash,Flash,Teleport,Barrier,Flash,Heal,Flash,Ignite,Flash,Flash,Smite,Ignite,Flash,Flash,Barrier,Heal,Flash,0,6,3,1,0,0
https://www.op.gg/summoners/euw/SRTSS-EUW/matches/uRd1PvnOddoLkYquP__dJtRDhkh1QI4EgxlP-0FpyaU%3D/1733494023000,1,26,11,11,26,17,32,60,44,12,18,1,0,0,0,5,0,1,0,43105,32409,11.8,10.4,685,565,34.6,28.5,10696,-10696,2178.9340659340655,1638.2571428571428,Swain,Talon,Azir,Corki,Blitzcrank,Smolder,Lee Sin,Aurora,Ashe,Alistar,Doran's Ring,Blackfire Torch,Sorcerer's Shoes,Rylai's Crystal Scepter,Unending Despair,Fiendish Codex,Farsight Alteration,Phage,Youmuu's Ghostblade,Slightly Magical Footwear,Hubris,Glowing Mote,No_Item,Eye of the Herald,Doran's Ring,Amplifying Tome,Amplifying Tome,Sorcerer's Shoes,Nashor's Tooth,Shadowflame,Stealth Ward,No_Item,No_Item,Trinity Force,Muramana,Mercury's Treads,Doran's Blade,Farsight Alteration,Trailblazer,No_Item,Celestial Opposition,Glowing Mote,Synchronized Souls,Ruby Crystal,Oracle Lens,Hubris,Tunneler,Ruby Crystal,No_Item,Doran's Blade,Boots,Stealth Ward,Gustwalker Hatchling,Eclipse,Control Ward,Slightly Magical Footwear,Caulfield's Warhammer,Tunneler,Stealth Ward,Blackfire Torch,Dark Seal,Hextech Alternator,Needlessly Large Rod,No_Item,Boots of Swiftness,Stealth Ward,Kraken Slayer,Refillable Potion,Berserker's Greaves,Doran's Blade,Zeal,Dagger,Farsight Alteration,Celestial Opposition,Locket of the Iron Solari,Control Ward,Plated Steelcaps,No_Item,No_Item,Oracle Lens,Summon Aery,Resolve,Conqueror,Inspiration,Fleet Footwork,Sorcery,Conqueror,Inspiration,Glacial Augment,Sorcery,Fleet Footwork,Inspiration,Conqueror,Inspiration,Electrocute,Sorcery,Lethal Tempo,Inspiration,Aftershock,Inspiration,Teleport,Flash,Smite,Ignite,Flash,Teleport,Flash,Barrier,Flash,Ignite,Teleport,Flash,Flash,Smite,Teleport,Flash,Flash,Barrier,Ignite,Flash,1,6,0,0,0,0
https://www.op.gg/summoners/euw/SRTSS-EUW/matches/uRd1PvnOddrGBd_-OjrlaILviI-3IR6imTcXg6BRvfg%3D/1733445803000,0,16,35,35,16,47,16,71,64,18,27,0,4,0,1,1,9,0,5,44515,57889,12.8,14.4,766,880,28.9,33.2,-13374,13374,1677.3768115942028,2181.3246376811594,Garen,Ambessa,Sylas,Lux,Leona,Lee Sin,Skarner,Orianna,Ashe,Nautilus,Boots of Swiftness,Refillable Potion,Stridebreaker,Dead Man's Plate,Ruby Crystal,Long Sword,Stealth Ward,Voltaic Cyclosword,Spear of Shojin,Pickaxe,Caulfield's Warhammer,Slightly Magical Footwear,Long Sword,Oracle Lens,Sorcerer's Shoes,Shattered Armguard,Refillable Potion,Doran's Ring,Shadowflame,Stormsurge,Stealth Ward,Doran's Ring,Luden's Companion,Stormsurge,Boots,Needlessly Large Rod,Needlessly Large Rod,Farsight Alteration,Bloodsong,Refillable Potion,No_Item,Heartsteel,Kindlegem,Boots of Swiftness,Oracle Lens,Profane Hydra,No_Item,Hexdrinker,Edge of Night,Eclipse,Ionian Boots of Lucidity,Stealth Ward,Unending Despair,Mercury's Treads,Heartsteel,No_Item,No_Item,Sterak's Gage,Oracle Lens,Shadowflame,Liandry's Torment,Control Ward,Seraph's Embrace,Mercury's Treads,No_Item,Farsight Alteration,B. F. Sword,Pickaxe,Cloak of Agility,Berserker's Greaves,Phantom Dancer,Kraken Slayer,Stealth Ward,No_Item,Locket of the Iron Solari,Celestial Opposition,Knight's Vow,Mercury's Treads,Null-Magic Mantle,Oracle Lens,Phase Rush,Resolve,Conqueror,Inspiration,Electrocute,Resolve,Arcane Comet,Precision,Aftershock,Domination,Conqueror,Resolve,Grasp of the Undying,Inspiration,Summon Aery,Precision,Lethal Tempo,Inspiration,Aftershock,Inspiration,Ignite,Flash,Flash,Smite,Teleport,Flash,Flash,Teleport,Flash,Ignite,Teleport,Flash,Smite,Flash,Flash,Teleport,Flash,Cleanse,Ignite,Flash,0,0,0,1,6,2
https://www.op.gg/summoners/euw/SRTSS-EUW/matches/uRd1PvnOddqd5K0QGlizKHvwKcb1ntnSYmDKecUJRbI%3D/1733442879000,1,29,18,18,29,14,47,43,46,17,11,2,0,0,0,5,2,2,0,47782,39302,12.8,11.8,701,667,32.7,31.1,8480,-8480,2225.8695652173915,1830.8385093167703,Ambessa,Xin Zhao,Ahri,Ashe,Karma,Renekton,Wukong,Sylas,Ziggs,Poppy,Plated Steelcaps,Refillable Potion,Eclipse,Spear of Shojin,Tunneler,No_Item,Oracle Lens,Eclipse,Plated Steelcaps,Phage,Pickaxe,No_Item,Ruby Crystal,Oracle Lens,Rabadon's Deathcap,No_Item,No_Item,Malignance,Sorcerer's Shoes,Liandry's Torment,Stealth Ward,Kraken Slayer,Runaan's Hurricane,Berserker's Greaves,No_Item,No_Item,Doran's Blade,Farsight Alteration,Malignance,Imperial Mandate,Ionian Boots of Lucidity,Zaz'Zak's Realmspike,No_Item,No_Item,Oracle Lens,Plated Steelcaps,Ruby Crystal,Stridebreaker,Eclipse,Long Sword,No_Item,Oracle Lens,Ruby Crystal,No_Item,Slightly Magical Footwear,Tunneler,Sundered Sky,Trinity Force,Oracle Lens,Aether Wisp,Ionian Boots of Lucidity,Hextech Rocketbelt,Dark Seal,Fiendish Codex,Doran's Ring,Oracle Lens,Luden's Companion,Doran's Ring,Tear of the Goddess,Dark Seal,Sorcerer's Shoes,Needlessly Large Rod,Farsight Alteration,Boots of Swiftness,Bloodsong,Control Ward,Kindlegem,Dead Man's Plate,Negatron Cloak,Oracle Lens,Grasp of the Undying,Domination,Conqueror,Domination,Grasp of the Undying,Sorcery,Lethal Tempo,Inspiration,Arcane Comet,Inspiration,Conqueror,Resolve,Conqueror,Inspiration,Conqueror,Resolve,Arcane Comet,Precision,Hail of Blades,Inspiration,Teleport,Flash,Flash,Smite,Flash,Teleport,Flash,Barrier,Flash,Ignite,Flash,Teleport,Smite,Flash,Flash,Teleport,Flash,Teleport,Flash,Ignite,0,4,0,1,2,0
https://www.op.gg/summoners/euw/SRTSS-EUW/matches/uRd1PvnOddqajd5RuECK2kYxgqGQVanFlI54oeeaMGk%3D/1733440436000,1,27,8,8,27,15,37,32,33,9,7,1,0,0,0,5,0,1,0,40230,26679,11.0,9.4,567,452,34.5,27.5,13551,-13551,2453.0487804878053,1626.768292682927,K'Sante,Hecarim,Ahri,Ziggs,Senna,Ambessa,Sejuani,Sylas,Ezreal,Lulu,Boots,Refillable Potion,No_Item,Iceborn Gauntlet,Unending Despair,No_Item,Stealth Ward,Kindlegem,Ionian Boots of Lucidity,Eclipse,Phage,Pickaxe,No_Item,Oracle Lens,Doran's Ring,Malignance,Aether Wisp,Sorcerer's Shoes,Dark Seal,Needlessly Large Rod,Oracle Lens,Doran's Ring,Control Ward,Boots,Horizon Focus,Luden's Companion,Amplifying Tome,Farsight Alteration,Bloodsong,Black Cleaver,Runaan's Hurricane,Boots of Swiftness,No_Item,No_Item,Oracle Lens,Eclipse,Boots,Refillable Potion,Ruby Crystal,No_Item,Doran's Blade,Stealth Ward,Sunfire Aegis,Ionian Boots of Lucidity,Gustwalker Hatchling,No_Item,No_Item,No_Item,Oracle Lens,Fiendish Codex,Hextech Rocketbelt,Refillable Potion,Amplifying Tome,Sorcerer's Shoes,No_Item,Stealth Ward,Refillable Potion,Trinity Force,Tear of the Goddess,Doran's Blade,Long Sword,Slightly Magical Footwear,Stealth Ward,Dream Maker,No_Item,Ionian Boots of Lucidity,Forbidden Idol,Moonstone Renewer,No_Item,Oracle Lens,Grasp of the Undying,Inspiration,Conqueror,Sorcery,Electrocute,Sorcery,Arcane Comet,Precision,Summon Aery,Resolve,Conqueror,Resolve,Aftershock,Domination,Conqueror,Resolve,Conqueror,Inspiration,Summon Aery,Resolve,Teleport,Flash,Ghost,Smite,Flash,Teleport,Flash,Teleport,Flash,Heal,Flash,Teleport,Flash,Smite,Flash,Teleport,Flash,Teleport,Flash,Heal,0,6,0,0,0,0
https://www.op.gg/summoners/euw/SRTSS-EUW/matches/uRd1PvnOddr3m52hJ-xlz5kXfRJSUQwd8oaUTIn4IvQ%3D/1733438519000,0,29,33,33,29,54,44,72,75,23,26,1,4,0,2,3,9,1,6,57963,67962,14.4,16.4,934,962,29.5,30.4,-9999,9999,1841.5328124999999,2159.209375,Taliyah,Nidalee,Lee Sin,Ezreal,Leona,Shen,Udyr,Orianna,Corki,Lulu,Sorcerer's Shoes,Seraph's Embrace,Liandry's Torment,Void Staff,Morellonomicon,No_Item,Farsight Alteration,Shadowflame,Dark Seal,Liandry's Torment,Sorcerer's Shoes,Cryptbloom,Needlessly Large Rod,Oracle Lens,Control Ward,Mercury's Treads,Ravenous Hydra,Eclipse,Serpent's Fang,Doran's Shield,Stealth Ward,Muramana,Serylda's Grudge,No_Item,Trinity Force,Pickaxe,Ionian Boots of Lucidity,Farsight Alteration,Bloodsong,Warmog's Armor,Locket of the Iron Solari,Boots of Swiftness,Control Ward,No_Item,Oracle Lens,Titanic Hydra,Ionian Boots of Lucidity,Bramble Vest,Dead Man's Plate,Kaenic Rookern,No_Item,Stealth Ward,Spirit Visage,Mercury's Treads,Liandry's Torment,Dark Seal,Unending Despair,Kaenic Rookern,Oracle Lens,Rabadon's Deathcap,No_Item,Blasting Wand,Sorcerer's Shoes,Luden's Companion,Shadowflame,Farsight Alteration,Muramana,Trinity Force,Doran's Blade,Boots of Swiftness,Infinity Edge,Cloak of Agility,Farsight Alteration,Redemption,Dream Maker,Kindlegem,Moonstone Renewer,Boots,Forbidden Idol,Oracle Lens,Phase Rush,Precision,Conqueror,Sorcery,Conqueror,Resolve,Conqueror,Inspiration,Aftershock,Inspiration,Grasp of the Undying,Domination,Conqueror,Resolve,Arcane Comet,Precision,Conqueror,Inspiration,Summon Aery,Resolve,Teleport,Flash,Smite,Flash,Flash,Teleport,Flash,Barrier,Flash,Ignite,Ignite,Flash,Flash,Smite,Flash,Teleport,Flash,Barrier,Flash,Heal,1,3,0,0,3,2
https://www.op.gg/summoners/euw/SRTSS-EUW/matches/uRd1PvnOddol1NphlUkuEb0kvz3hhJ2OOjgnGNVrABI%3D/1733435717000,1,23,18,18,23,30,43,49,47,18,15,1,0,0,0,7,2,1,0,44732,40079,12.0,11.4,666,622,31.4,29.4,4653,-4653,2120.412987012987,1899.8487012987011,Aatrox,Bel'Veth,Ryze,Ziggs,Lulu,Yone,Taric,LeBlanc,Seraphine,Pyke,Doran's Shield,Sundered Sky,Cloth Armor,Boots,Eclipse,No_Item,Farsight Alteration,Recurve Bow,Kraken Slayer,Stridebreaker,Recurve Bow,Boots,No_Item,Oracle Lens,Doran's Ring,Refillable Potion,No_Item,Mercury's Treads,Rod of Ages,Seraph's Embrace,Stealth Ward,Luden's Companion,Needlessly Large Rod,Tear of the Goddess,Dark Seal,Sorcerer's Shoes,Liandry's Torment,Farsight Alteration,Redemption,Dream Maker,Boots,Oblivion Orb,Moonstone Renewer,No_Item,Oracle Lens,Berserker's Greaves,Blade of The Ruined King,Immortal Shieldbow,Doran's Blade,Pickaxe,No_Item,Farsight Alteration,Gustwalker Hatchling,Fimbulwinter,Locket of the Iron Solari,Ruby Crystal,No_Item,Ionian Boots of Lucidity,Oracle Lens,Shadowflame,Dark Seal,Luden's Companion,Sorcerer's Shoes,No_Item,No_Item,Farsight Alteration,Refillable Potion,Doran's Ring,Seraph's Embrace,Ionian Boots of Lucidity,Liandry's Torment,Giant's Belt,Farsight Alteration,Bloodsong,Synchronized Souls,Umbral Glaive,Serrated Dirk,Control Ward,Tunneler,Oracle Lens,Conqueror,Resolve,Conqueror,Domination,Phase Rush,Resolve,Arcane Comet,Precision,Summon Aery,Resolve,Lethal Tempo,Resolve,Glacial Augment,Precision,Electrocute,Precision,Conqueror,Sorcery,Hail of Blades,Inspiration,Flash,Teleport,Smite,Flash,Flash,Teleport,Flash,Teleport,Flash,Heal,Flash,Teleport,Smite,Flash,Teleport,Flash,Flash,Teleport,Flash,Ignite,1,6,1,0,0,0
https://www.op.gg/summoners/euw/SRTSS-EUW/matches/uRd1PvnOddoOgK4wya-lMTG_N8lfycFQ9QGHr-DDPNc%3D/1733433825000,0,17,30,30,19,50,23,46,53,10,13,0,2,0,0,1,7,0,2,36747,47356,10.8,11.8,600,635,31.0,32.7,-10609,10609,1899.2831460674156,2447.613483146067,Yone,Lee Sin,Ahri,Ashe,Rell,Singed,Graves,Taliyah,Corki,Poppy,Doran's Shield,Berserker's Greaves,Blade of The Ruined King,Noonquiver,No_Item,No_Item,Farsight Alteration,Scorchclaw Pup,Control Ward,No_Item,Eclipse,Sundered Sky,Mercury's Treads,Stealth Ward,Horizon Focus,Malignance,Sorcerer's Shoes,Dark Seal,Doran's Ring,Amplifying Tome,Oracle Lens,Kraken Slayer,Doran's Blade,Cull,Berserker's Greaves,Zeal,Dagger,Farsight Alteration,Celestial Opposition,Ionian Boots of Lucidity,Trailblazer,Kindlegem,Control Ward,Cloth Armor,Oracle Lens,Doran's Ring,Liandry's Torment,Boots of Swiftness,Rylai's Crystal Scepter,Cloth Armor,No_Item,Stealth Ward,No_Item,Youmuu's Ghostblade,The Collector,Immortal Shieldbow,Long Sword,Boots,Oracle Lens,Sorcerer's Shoes,Seeker's Armguard,Cosmic Drive,Luden's Companion,Dark Seal,No_Item,Farsight Alteration,Doran's Blade,Muramana,Trinity Force,Boots,Long Sword,No_Item,Farsight Alteration,Bloodsong,Kindlegem,Control Ward,Dead Man's Plate,Synchronized Souls,Null-Magic Mantle,Oracle Lens,Fleet Footwork,Resolve,Conqueror,Inspiration,Electrocute,Inspiration,Lethal Tempo,Inspiration,Aftershock,Inspiration,Phase Rush,Resolve,Dark Harvest,Precision,Phase Rush,Precision,Conqueror,Inspiration,Hail of Blades,Inspiration,Flash,Teleport,Flash,Smite,Flash,Teleport,Flash,Barrier,Flash,Ignite,Flash,Ghost,Smite,Flash,Teleport,Flash,Flash,Cleanse,Flash,Ignite,0,0,0,1,6,1
https://www.op.gg/summoners/euw/SRTSS-EUW/matches/uRd1PvnOddpXNrTOaDkUYp3czONa9UdPOK0WIYmhDng%3D/1733432028000,0,28,30,30,28,45,48,100,67,23,46,0,4,0,2,2,11,0,6,66718,73439,16.2,16.4,1044,1126,31.0,33.5,-6721,6721,1979.545054945055,2178.959340659341,Kayle,Taliyah,Zed,Jhin,Rakan,Renekton,Nidalee,Yone,Corki,Pyke,Needlessly Large Rod,Nashor's Tooth,Plated Steelcaps,Rabadon's Deathcap,Void Staff,Hextech Alternator,Farsight Alteration,Sorcerer's Shoes,Liandry's Torment,Seeker's Armguard,Shadowflame,Blackfire Torch,Rabadon's Deathcap,Oracle Lens,Opportunity,No_Item,Ionian Boots of Lucidity,Edge of Night,Eclipse,Serylda's Grudge,Oracle Lens,Doran's Blade,Infinity Edge,The Collector,Rapid Firecannon,Boots of Swiftness,Noonquiver,Farsight Alteration,Celestial Opposition,Locket of the Iron Solari,Redemption,No_Item,Plated Steelcaps,Kindlegem,Oracle Lens,Plated Steelcaps,Guardian Angel,Stridebreaker,Sterak's Gage,Negatron Cloak,Spirit Visage,Oracle Lens,Needlessly Large Rod,Hextech Rocketbelt,Zhonya's Hourglass,Sorcerer's Shoes,Banshee's Veil,Needlessly Large Rod,Oracle Lens,Doran's Blade,Infinity Edge,Control Ward,Immortal Shieldbow,Blade of The Ruined King,Berserker's Greaves,Stealth Ward,Trinity Force,Plated Steelcaps,Immortal Shieldbow,Muramana,Infinity Edge,Rapid Firecannon,Farsight Alteration,Edge of Night,Youmuu's Ghostblade,Celestial Opposition,Boots of Swiftness,Opportunity,Control Ward,Oracle Lens,Press the Attack,Sorcery,First Strike,Domination,Conqueror,Domination,Dark Harvest,Inspiration,Guardian,Domination,Conqueror,Resolve,Conqueror,Sorcery,Fleet Footwork,Resolve,Conqueror,Inspiration,Hail of Blades,Sorcery,Flash,Teleport,Flash,Smite,Ignite,Flash,Barrier,Flash,Flash,Ignite,Teleport,Flash,Smite,Flash,Flash,Teleport,Barrier,Flash,Ignite,Flash,0,3,0,0,3,4
https://www.op.gg/summoners/euw/SRTSS-EUW/matches/uRd1PvnOddrFGeCPj3u-QqbKccXGTkcP1NWas8T7VL8%3D/1733409477000,1,22,14,14,22,28,44,45,58,12,10,1,1,0,0,8,0,1,1,42910,32284,11.0,10.0,599,463,30.6,23.8,10626,-10626,2193.8947368421054,1650.6105263157895,Fiora,Evelynn,Yone,Corki,Nami,Shen,Lee Sin,Kassadin,Jhin,Rakan,Doran's Blade,Plated Steelcaps,Ravenous Hydra,Phage,Hearthbound Axe,No_Item,Stealth Ward,Lich Bane,Dark Seal,Sorcerer's Shoes,Needlessly Large Rod,No_Item,No_Item,Farsight Alteration,Doran's Blade,Noonquiver,Pickaxe,Blade of The Ruined King,No_Item,Berserker's Greaves,Stealth Ward,Tear of the Goddess,Trinity Force,Serpent's Fang,Long Sword,Doran's Blade,Mercury's Treads,Farsight Alteration,Echoes of Helia,Control Ward,Solstice Sleigh,Fiendish Codex,Bandleglass Mirror,Ionian Boots of Lucidity,Oracle Lens,Doran's Shield,Bami's Cinder,Heartsteel,Boots,Bramble Vest,Cloth Armor,Farsight Alteration,Gustwalker Hatchling,Control Ward,Plated Steelcaps,Sundered Sky,Tunneler,No_Item,Stealth Ward,Control Ward,Malignance,Seraph's Embrace,Mejai's Soulstealer,Sorcerer's Shoes,Amplifying Tome,Farsight Alteration,Boots of Swiftness,Youmuu's Ghostblade,Serrated Dirk,No_Item,No_Item,Doran's Blade,Stealth Ward,Ionian Boots of Lucidity,Ruby Crystal,Celestial Opposition,Control Ward,Glowing Mote,Locket of the Iron Solari,Oracle Lens,Conqueror,Resolve,Electrocute,Sorcery,Lethal Tempo,Resolve,Conqueror,Inspiration,Summon Aery,Precision,Grasp of the Undying,Domination,Conqueror,Inspiration,Electrocute,Resolve,Dark Harvest,Precision,Guardian,Domination,Flash,Teleport,Flash,Smite,Flash,Teleport,Flash,Barrier,Flash,Heal,Flash,Ignite,Flash,Smite,Flash,Teleport,Barrier,Flash,Flash,Exhaust,1,6,1,0,0,0
https://www.op.gg/summoners/euw/SRTSS-EUW/matches/uRd1PvnOddoRdRSI-Buqz6-kYiyqDaS15kO2PkcVrBQ%3D/1733358054000,1,23,10,10,23,9,30,54,48,20,14,2,0,0,0,7,1,2,0,45560,33402,12.0,10.6,692,552,34.3,27.5,12158,-12158,2255.2200000000003,1653.3990000000001,Darius,Talon,Orianna,Sylas,Pyke,Shen,Nidalee,Akshan,Caitlyn,Poppy,Stridebreaker,Sterak's Gage,No_Item,Cloth Armor,No_Item,Plated Steelcaps,Oracle Lens,Eclipse,Youmuu's Ghostblade,Ruby Crystal,Slightly Magical Footwear,Long Sword,No_Item,Oracle Lens,Doran's Ring,Refillable Potion,Amplifying Tome,Sorcerer's Shoes,Luden's Companion,Rabadon's Deathcap,Stealth Ward,Doran's Ring,Hextech Rocketbelt,Amplifying Tome,Stormsurge,Dark Seal,Sorcerer's Shoes,Oracle Lens,Celestial Opposition,No_Item,Umbral Glaive,Boots of Swiftness,Serrated Dirk,Tunneler,Oracle Lens,Bami's Cinder,Doran's Shield,Plated Steelcaps,Heartsteel,No_Item,No_Item,Stealth Ward,No_Item,Liandry's Torment,No_Item,Dark Seal,Sorcerer's Shoes,Amplifying Tome,Oracle Lens,Doran's Blade,The Collector,Cull,Statikk Shiv,No_Item,Boots,Farsight Alteration,B. F. Sword,The Collector,Refillable Potion,Berserker's Greaves,Pickaxe,No_Item,Farsight Alteration,Control Ward,Refillable Potion,Trailblazer,Bloodsong,Ruby Crystal,Boots of Swiftness,Oracle Lens,Conqueror,Sorcery,Conqueror,Inspiration,Arcane Comet,Precision,Electrocute,Inspiration,Hail of Blades,Sorcery,Grasp of the Undying,Domination,Conqueror,Sorcery,Press the Attack,Resolve,Lethal Tempo,Sorcery,Hail of Blades,Inspiration,Flash,Ghost,Flash,Smite,Flash,Teleport,Flash,Teleport,Flash,Ignite,Ignite,Flash,Flash,Smite,Flash,Teleport,Flash,Barrier,Flash,Ignite,1,3,1,0,3,0
https://www.op.gg/summoners/euw/SRTSS-EUW/matches/uRd1PvnOddrW74L_WG1tfdkFlepTvesZ0dH3Tga46fs%3D/1733355704000,0,33,48,48,33,77,34,114,120,30,30,3,2,0,2,7,11,3,4,69376,77426,16.6,17.2,1008,956,28.6,27.2,-8050,8050,1965.6533333333332,2193.7366666666667,Lee Sin,Xin Zhao,Sylas,Corki,Bard,Gangplank,Elise,Cassiopeia,Yasuo,Poppy,Profane Hydra,Serpent's Fang,Mercury's Treads,Edge of Night,Eclipse,Serylda's Grudge,Stealth Ward,Tiamat,Sundered Sky,Sterak's Gage,Mercury's Treads,Ruby Crystal,Giant's Belt,Oracle Lens,Hextech Rocketbelt,Void Staff,Needlessly Large Rod,Mercury's Treads,Needlessly Large Rod,Shadowflame,Oracle Lens,Lord Dominik's Regards,Muramana,Rapid Firecannon,Trinity Force,Mercury's Treads,Hexdrinker,Farsight Alteration,Bloodsong,Cloth Armor,Kindlegem,Heartsteel,"Jak'Sho, The Protean",Boots of Swiftness,Oracle Lens,Trinity Force,The Collector,Mortal Reminder,Infinity Edge,Cloak of Agility,Plated Steelcaps,Farsight Alteration,Sorcerer's Shoes,Seeker's Armguard,Stormsurge,Shadowflame,Rabadon's Deathcap,Cryptbloom,Oracle Lens,Rylai's Crystal Scepter,Zhonya's Hourglass,No_Item,Void Staff,Rod of Ages,Seraph's Embrace,Farsight Alteration,Doran's Shield,Stridebreaker,Berserker's Greaves,Blade of The Ruined King,Immortal Shieldbow,Steel Sigil,Farsight Alteration,Abyssal Mask,Locket of the Iron Solari,Bloodsong,Control Ward,Dead Man's Plate,Boots of Swiftness,Oracle Lens,Conqueror,Resolve,Conqueror,Inspiration,Electrocute,Sorcery,Conqueror,Inspiration,Guardian,Domination,Grasp of the Undying,Inspiration,Dark Harvest,Sorcery,Conqueror,Sorcery,Lethal Tempo,Resolve,Aftershock,Domination,Teleport,Flash,Flash,Smite,Teleport,Flash,Flash,Barrier,Flash,Exhaust,Flash,Teleport,Flash,Smite,Flash,Teleport,Exhaust,Flash,Flash,Ignite,0,3,1,1,3,2
https://www.op.gg/summoners/euw/SRTSS-EUW/matches/uRd1PvnOddp04oC57H3trPKIc_UCRIUEEuYE2MCxEFg%3D/1733352767000,1,39,19,19,39,34,30,72,45,12,20,0,3,1,0,11,2,1,3,58896,47185,14.4,13.2,790,741,31.8,29.900000000000002,11711,-11711,2365.9076923076923,1895.465811965812,Yone,Elise,Gwen,Varus,Poppy,Ambessa,Wukong,LeBlanc,Ashe,Lulu,Negatron Cloak,No_Item,Recurve Bow,Blade of The Ruined King,Immortal Shieldbow,Berserker's Greaves,Stealth Ward,Sorcerer's Shoes,Control Ward,Lich Bane,Needlessly Large Rod,Hextech Alternator,No_Item,Oracle Lens,Shadowflame,Rabadon's Deathcap,Sorcerer's Shoes,Mejai's Soulstealer,Nashor's Tooth,Banshee's Veil,Farsight Alteration,Blade of The Ruined King,Berserker's Greaves,Doran's Blade,Wit's End,Guinsoo's Rageblade,Dagger,Farsight Alteration,Dead Man's Plate,Control Ward,Bloodsong,Giant's Belt,Boots of Swiftness,Winged Moonplate,Oracle Lens,Long Sword,Long Sword,Pickaxe,Maw of Malmortius,Eclipse,Boots,Stealth Ward,Hexdrinker,No_Item,Ruby Crystal,Mercury's Treads,Sundered Sky,Trinity Force,Oracle Lens,Fiendish Codex,Shadowflame,Doran's Ring,Aether Wisp,Sorcerer's Shoes,Luden's Companion,Farsight Alteration,Berserker's Greaves,Kraken Slayer,Phantom Dancer,B. F. Sword,Hexdrinker,Pickaxe,Farsight Alteration,Ionian Boots of Lucidity,Moonstone Renewer,Redemption,Dream Maker,Control Ward,No_Item,Oracle Lens,Fleet Footwork,Resolve,Dark Harvest,Sorcery,Conqueror,Resolve,Press the Attack,Domination,Aftershock,Domination,Conqueror,Resolve,Conqueror,Inspiration,Electrocute,Sorcery,Lethal Tempo,Inspiration,Summon Aery,Resolve,Flash,Teleport,Flash,Smite,Teleport,Flash,Flash,Barrier,Flash,Ignite,Teleport,Flash,Flash,Smite,Ignite,Teleport,Cleanse,Flash,Flash,Heal,1,6,2,0,0,0
https://www.op.gg/summoners/euw/SRTSS-EUW/matches/uRd1PvnOddqKLoBRBqCTc9eU5f5uTEDLclJj1OiiCe8%3D/1733349838000,1,29,10,10,29,19,52,68,90,42,22,4,0,1,0,9,2,5,0,53759,42258,14.4,12.4,817,739,31.9,28.900000000000002,11501,-11501,2092.2421621621625,1644.6356756756759,Gragas,Viego,Ahri,Ashe,Lulu,Aatrox,Jax,Aurora,Ezreal,Rakan,Refillable Potion,Lost Chapter,Cosmic Drive,Aether Wisp,Boots of Swiftness,Sheen,Oracle Lens,Titanic Hydra,Kraken Slayer,Sundered Sky,Control Ward,Boots of Swiftness,No_Item,Oracle Lens,Control Ward,Doran's Ring,Needlessly Large Rod,Horizon Focus,Malignance,Sorcerer's Shoes,Oracle Lens,Doran's Blade,Bloodthirster,Phantom Dancer,Kraken Slayer,Berserker's Greaves,B. F. Sword,Farsight Alteration,Dream Maker,Mikael's Blessing,Moonstone Renewer,Ionian Boots of Lucidity,Ruby Crystal,No_Item,Oracle Lens,Refillable Potion,Mercury's Treads,Eclipse,Doran's Shield,Caulfield's Warhammer,Tunneler,Farsight Alteration,Mercury's Treads,Sundered Sky,Trinity Force,Ruby Crystal,No_Item,No_Item,Stealth Ward,Needlessly Large Rod,Stormsurge,Luden's Companion,Sorcerer's Shoes,Dark Seal,Needlessly Large Rod,Stealth Ward,Trinity Force,Refillable Potion,Muramana,Doran's Blade,Ionian Boots of Lucidity,Tunneler,Farsight Alteration,Mercury's Treads,Locket of the Iron Solari,Kindlegem,Celestial Opposition,Faerie Charm,No_Item,Oracle Lens,Phase Rush,Precision,Conqueror,Inspiration,Electrocute,Sorcery,Press the Attack,Inspiration,Summon Aery,Inspiration,Conqueror,Domination,Press the Attack,Inspiration,Electrocute,Sorcery,Conqueror,Inspiration,Guardian,Domination,Flash,Teleport,Flash,Smite,Flash,Teleport,Flash,Barrier,Flash,Heal,Flash,Teleport,Flash,Smite,Teleport,Flash,Cleanse,Flash,Flash,Heal,0,2,2,1,4,0
https://www.op.gg/summoners/euw/SRTSS-EUW/matches/uRd1PvnOddrbDaJQgRnGh9lh9mp8wA_spGA_u_0TFps%3D/1733347607000,1,12,4,4,12,4,18,35,26,7,5,2,0,0,0,5,0,2,0,33655,23384,9.8,9.0,540,433,35.2,28.2,10271,-10271,2206.8852459016393,1533.377049180328,Zac,Xin Zhao,LeBlanc,Corki,Karma,Ornn,Vi,Twisted Fate,Ziggs,Janna,Doran's Shield,Spirit Visage,Bami's Cinder,Mercury's Treads,No_Item,No_Item,Stealth Ward,Titanic Hydra,Long Sword,No_Item,No_Item,Slightly Magical Footwear,Glowing Mote,Oracle Lens,Hextech Alternator,Refillable Potion,Needlessly Large Rod,Doran's Ring,Mercury's Treads,Luden's Companion,Stealth Ward,Trinity Force,Tear of the Goddess,Cull,Boots of Swiftness,Caulfield's Warhammer,Doran's Blade,Stealth Ward,Dream Maker,Ionian Boots of Lucidity,Moonstone Renewer,Ruby Crystal,Control Ward,No_Item,Oracle Lens,Hollow Radiance,Refillable Potion,Mercury's Treads,Doran's Shield,No_Item,No_Item,Stealth Ward,Gustwalker Hatchling,Trinity Force,Boots,No_Item,No_Item,No_Item,Oracle Lens,Boots of Swiftness,Glowing Mote,Shurelya's Battlesong,Aether Wisp,No_Item,Doran's Ring,Stealth Ward,Doran's Ring,Luden's Companion,Amplifying Tome,No_Item,Dark Seal,No_Item,Stealth Ward,Dream Maker,Refillable Potion,Boots of Swiftness,Oblivion Orb,Kindlegem,No_Item,Oracle Lens,Grasp of the Undying,Precision,Conqueror,Inspiration,Electrocute,Sorcery,Conqueror,Sorcery,Arcane Comet,Domination,Grasp of the Undying,Inspiration,Conqueror,Domination,Unsealed Spellbook,Domination,Arcane Comet,Precision,Summon Aery,Resolve,Flash,Teleport,Flash,Smite,Flash,Teleport,Flash,Barrier,Ignite,Flash,Flash,Teleport,Flash,Smite,Teleport,Flash,Flash,Teleport,Flash,Heal,0,3,0,0,3,0
https://www.op.gg/summoners/euw/SRTSS-EUW/matches/uRd1PvnOddqx1e3jT7sxN7vCkF3S0epa35o5zHa77Vg%3D/1733272717000,0,3,22,22,3,22,2,29,31,4,3,0,2,0,0,0,3,0,2,22999,32950,8.6,9.4,440,467,28.6,30.400000000000002,-9951,9951,1491.143956043956,2136.3186813186812,Swain,Graves,LeBlanc,Zeri,Lux,Jayce,Zac,Katarina,Ezreal,Janna,Doran's Ring,Blackfire Torch,No_Item,Amplifying Tome,No_Item,Boots,Stealth Ward,Scorchclaw Pup,Youmuu's Ghostblade,Slightly Magical Footwear,Long Sword,No_Item,No_Item,Stealth Ward,Doran's Ring,Luden's Companion,Boots,Amplifying Tome,Control Ward,No_Item,Stealth Ward,Doran's Blade,Cull,Statikk Shiv,Berserker's Greaves,Scout's Slingshot,No_Item,Stealth Ward,Runic Compass,Luden's Companion,Boots,No_Item,No_Item,No_Item,Stealth Ward,Tear of the Goddess,Youmuu's Ghostblade,Opportunity,Slightly Magical Footwear,No_Item,Doran's Blade,Farsight Alteration,Mosstomper Seedling,Ionian Boots of Lucidity,Control Ward,Ruby Crystal,Sunfire Aegis,No_Item,Oracle Lens,Doran's Shield,Dark Seal,Hextech Alternator,Liandry's Torment,Needlessly Large Rod,Sorcerer's Shoes,Stealth Ward,Doran's Blade,Refillable Potion,Tear of the Goddess,Trinity Force,Caulfield's Warhammer,Slightly Magical Footwear,Stealth Ward,Dream Maker,No_Item,Echoes of Helia,Dark Seal,Bandleglass Mirror,Boots of Swiftness,Oracle Lens,Conqueror,Resolve,Dark Harvest,Inspiration,Electrocute,Sorcery,Lethal Tempo,Resolve,Arcane Comet,Domination,Phase Rush,Inspiration,Aftershock,Precision,Electrocute,Sorcery,Press the Attack,Inspiration,Summon Aery,Resolve,Ghost,Flash,Flash,Smite,Flash,Teleport,Flash,Teleport,Flash,Heal,Teleport,Flash,Smite,Flash,Ignite,Flash,Flash,Barrier,Flash,Ignite,0,0,0,0,6,0
https://www.op.gg/summoners/euw/SRTSS-EUW/matches/uRd1PvnOddrHdu6UN8T6JEuPiVyGfvgIMkjdKGtcv2o%3D/1733271392000,1,23,14,14,23,14,22,27,30,3,3,2,0,0,0,4,0,2,0,36756,29070,10.4,9.8,513,461,31.6,28.5,7686,-7686,2283.8679611650487,1806.2912621359224,Riven,Volibear,Yasuo,Ashe,Milio,Yone,Elise,Corki,Ezreal,Nautilus,Eclipse,Sundered Sky,Long Sword,Doran's Blade,Ionian Boots of Lucidity,No_Item,Farsight Alteration,Iceborn Gauntlet,Ionian Boots of Lucidity,Sundered Sky,Ruby Crystal,Cloth Armor,No_Item,Oracle Lens,Doran's Shield,Cull,Berserker's Greaves,Kraken Slayer,Zeal,Dagger,Stealth Ward,Doran's Blade,Pickaxe,Berserker's Greaves,Yun Tal Wildarrows,Dagger,B. F. Sword,Stealth Ward,Dream Maker,Forbidden Idol,Moonstone Renewer,Boots of Swiftness,Ruby Crystal,No_Item,Oracle Lens,Doran's Blade,Berserker's Greaves,Blade of The Ruined King,No_Item,No_Item,No_Item,Stealth Ward,Sorcerer's Shoes,Dark Seal,Gustwalker Hatchling,Stormsurge,Amplifying Tome,No_Item,Oracle Lens,Doran's Blade,No_Item,Dagger,Trinity Force,Boots,Manamune,Stealth Ward,Doran's Blade,Tear of the Goddess,Trinity Force,Slightly Magical Footwear,Caulfield's Warhammer,Long Sword,Farsight Alteration,Celestial Opposition,Boots,Locket of the Iron Solari,Cloth Armor,No_Item,Control Ward,Oracle Lens,Conqueror,Sorcery,Press the Attack,Sorcery,Fleet Footwork,Resolve,Lethal Tempo,Inspiration,Summon Aery,Resolve,Lethal Tempo,Resolve,Dark Harvest,Precision,Conqueror,Inspiration,Press the Attack,Inspiration,Aftershock,Inspiration,Ignite,Flash,Flash,Smite,Teleport,Flash,Flash,Barrier,Flash,Heal,Flash,Teleport,Flash,Smite,Flash,Teleport,Flash,Barrier,Flash,Ignite,0,6,0,0,0,0
https://www.op.gg/summoners/euw/SRTSS-EUW/matches/uRd1PvnOddphE0NTNTHTCB2eqMLscD8nnBAVGvm-rBM%3D/1733269225000,0,29,33,33,29,69,68,113,67,27,43,1,4,0,2,4,7,1,6,57755,66349,14.8,16.2,880,975,27.0,29.9,-8594,8594,1768.0102040816328,2031.091836734694,Maokai,Lee Sin,Aurora,Corki,Bard,Ambessa,Nidalee,Qiyana,Ashe,Poppy,Unending Despair,Fimbulwinter,Boots of Swiftness,Spirit Visage,Cloth Armor,Ruby Crystal,Farsight Alteration,Eclipse,Sundered Sky,No_Item,Plated Steelcaps,Pickaxe,Tunneler,Stealth Ward,Haunting Guise,Fated Ashes,No_Item,Stormsurge,Sorcerer's Shoes,Malignance,Stealth Ward,Mortal Reminder,Muramana,Plated Steelcaps,Trinity Force,The Collector,B. F. Sword,Farsight Alteration,Heartsteel,Boots of Swiftness,Ruby Crystal,Bloodsong,Winged Moonplate,Chain Vest,Oracle Lens,Sterak's Gage,Eclipse,Long Sword,Spear of Shojin,Death's Dance,Mercury's Treads,Oracle Lens,Zhonya's Hourglass,Control Ward,Dark Seal,Sorcerer's Shoes,Liandry's Torment,Needlessly Large Rod,Oracle Lens,Ionian Boots of Lucidity,Profane Hydra,Youmuu's Ghostblade,Guardian Angel,Serylda's Grudge,No_Item,Oracle Lens,B. F. Sword,Berserker's Greaves,Kraken Slayer,Runaan's Hurricane,Lord Dominik's Regards,Pickaxe,Farsight Alteration,Mercury's Treads,Celestial Opposition,Locket of the Iron Solari,No_Item,Bramble Vest,Winged Moonplate,Oracle Lens,Grasp of the Undying,Inspiration,Conqueror,Inspiration,Electrocute,Sorcery,Conqueror,Inspiration,Guardian,Inspiration,Conqueror,Resolve,Conqueror,Sorcery,Electrocute,Precision,Lethal Tempo,Inspiration,Aftershock,Inspiration,Teleport,Ignite,Flash,Smite,Flash,Teleport,Flash,Cleanse,Flash,Exhaust,Flash,Teleport,Flash,Smite,Flash,Ignite,Barrier,Flash,Flash,Ignite,1,3,0,0,3,1
https://www.op.gg/summoners/euw/SRTSS-EUW/matches/uRd1PvnOddp9Lceg9qGzuIEo9CmBzyI7PsFCJSRpJPc%3D/1733266258000,0,7,21,21,7,23,8,25,32,2,8,1,1,0,0,0,3,1,1,26050,35093,9.2,10.2,436,525,27.4,32.9,-9043,9043,1637.9924242424245,2206.6053030303033,Sett,Xin Zhao,Orianna,Corki,Nami,K'Sante,Graves,Aurora,Smolder,Nautilus,Ionian Boots of Lucidity,Long Sword,Cull,Phage,Doran's Blade,Long Sword,Stealth Ward,Gustwalker Hatchling,Sundered Sky,Mercury's Treads,Ruby Crystal,Long Sword,Long Sword,Oracle Lens,Doran's Ring,Refillable Potion,Luden's Companion,Ionian Boots of Lucidity,Amplifying Tome,No_Item,Stealth Ward,Doran's Blade,Trinity Force,Tear of the Goddess,Long Sword,Cloth Armor,Slightly Magical Footwear,Stealth Ward,Ionian Boots of Lucidity,Imperial Mandate,No_Item,Dream Maker,Faerie Charm,No_Item,Oracle Lens,Doran's Shield,Bramble Vest,Iceborn Gauntlet,Refillable Potion,Plated Steelcaps,No_Item,Stealth Ward,The Collector,Youmuu's Ghostblade,Control Ward,Cloak of Agility,Cloth Armor,Boots,Oracle Lens,Doran's Ring,Shadowflame,Needlessly Large Rod,Sorcerer's Shoes,Malignance,No_Item,Stealth Ward,Doran's Blade,Hubris,Refillable Potion,Sheen,Boots of Swiftness,No_Item,Farsight Alteration,Celestial Opposition,Locket of the Iron Solari,Control Ward,Plated Steelcaps,Health Potion,No_Item,Oracle Lens,Conqueror,Resolve,Conqueror,Inspiration,Arcane Comet,Precision,Conqueror,Inspiration,Summon Aery,Resolve,Grasp of the Undying,Inspiration,Dark Harvest,Precision,Arcane Comet,Domination,Arcane Comet,Inspiration,Aftershock,Inspiration,Teleport,Flash,Flash,Smite,Teleport,Flash,Flash,Barrier,Flash,Heal,Flash,Teleport,Flash,Smite,Flash,Teleport,Flash,Barrier,Flash,Ignite,0,1,0,0,5,0
https://www.op.gg/summoners/euw/SRTSS-EUW/matches/uRd1PvnOddqm3qTQXpL2uIGXTYeUseMONiirPYgseFo%3D/1733264606000,0,13,24,24,13,57,22,63,57,19,19,2,2,0,1,3,9,2,3,45948,53830,13.4,14.4,803,801,29.1,29.0,-7882,7882,1666.9506976744185,1952.9023255813952,Akali,Viego,Galio,Ashe,Karma,Ornn,Rek'Sai,Sylas,Corki,Milio,Doran's Shield,Liandry's Torment,Sorcerer's Shoes,Stormsurge,Amplifying Tome,No_Item,Farsight Alteration,Sundered Sky,Kraken Slayer,Sterak's Gage,Negatron Cloak,Recurve Bow,Slightly Magical Footwear,Oracle Lens,Doran's Ring,Warden's Mail,Hollow Radiance,Oblivion Orb,Plated Steelcaps,Riftmaker,Oracle Lens,Berserker's Greaves,Phantom Dancer,Kraken Slayer,Executioner's Calling,No_Item,No_Item,Farsight Alteration,Zaz'Zak's Realmspike,Malignance,Ionian Boots of Lucidity,Control Ward,Oblivion Orb,Ruby Crystal,Oracle Lens,Doran's Shield,Hollow Radiance,Mercury's Treads,Thornmail,Negatron Cloak,Chain Vest,Oracle Lens,Mercury's Treads,Titanic Hydra,Sterak's Gage,Pickaxe,Long Sword,Long Sword,Oracle Lens,No_Item,Hextech Rocketbelt,Zhonya's Hourglass,Mercury's Treads,Cosmic Drive,Blasting Wand,Farsight Alteration,Muramana,Boots,Mortal Reminder,Trinity Force,Pickaxe,Doran's Blade,Farsight Alteration,Dream Maker,Echoes of Helia,Control Ward,Ardent Censer,Ionian Boots of Lucidity,Amplifying Tome,Oracle Lens,Conqueror,Resolve,Conqueror,Inspiration,Aftershock,Sorcery,Lethal Tempo,Inspiration,Arcane Comet,Inspiration,Grasp of the Undying,Inspiration,Conqueror,Inspiration,Conqueror,Sorcery,Conqueror,Inspiration,Summon Aery,Inspiration,Ignite,Teleport,Flash,Smite,Teleport,Flash,Barrier,Flash,Flash,Ignite,Teleport,Flash,Smite,Flash,Flash,Teleport,Barrier,Flash,Heal,Flash,1,6,0,0,0,1
https://www.op.gg/summoners/euw/SRTSS-EUW/matches/uRd1PvnOddo0KEWLiIjvQEf5KYHL-aorlUMESh4gfF8%3D/1733262006000,0,14,23,23,14,33,22,45,52,8,11,0,2,0,0,2,10,0,2,37312,50130,11.8,12.8,626,743,29.6,35.1,-12818,12818,1764.208695652174,2370.2771739130435,Darius,Ivern,Talon,Jinx,Maokai,K'Sante,Viego,Orianna,Caitlyn,Lux,Black Cleaver,No_Item,Stridebreaker,Plated Steelcaps,No_Item,No_Item,Stealth Ward,Moonstone Renewer,Fiendish Codex,Redemption,Dark Seal,Ionian Boots of Lucidity,Control Ward,Oracle Lens,Doran's Blade,Tiamat,Youmuu's Ghostblade,Boots of Swiftness,Serrated Dirk,Long Sword,Oracle Lens,Berserker's Greaves,Yun Tal Wildarrows,Runaan's Hurricane,Doran's Blade,Long Sword,Long Sword,Farsight Alteration,Mercury's Treads,Trailblazer,Control Ward,Celestial Opposition,Kindlegem,Cloth Armor,Oracle Lens,Plated Steelcaps,Unending Despair,Iceborn Gauntlet,"Jak'Sho, The Protean",No_Item,No_Item,Farsight Alteration,Blade of The Ruined King,Kraken Slayer,No_Item,Ruby Crystal,Slightly Magical Footwear,No_Item,Oracle Lens,Needlessly Large Rod,Zhonya's Hourglass,No_Item,Sorcerer's Shoes,Luden's Companion,No_Item,Stealth Ward,Doran's Blade,The Collector,Infinity Edge,Berserker's Greaves,Cloak of Agility,Long Sword,Farsight Alteration,Forbidden Idol,Shurelya's Battlesong,No_Item,Celestial Opposition,Boots of Swiftness,Kindlegem,Oracle Lens,Conqueror,Resolve,Summon Aery,Inspiration,Electrocute,Sorcery,Lethal Tempo,Sorcery,Aftershock,Inspiration,Grasp of the Undying,Precision,Conqueror,Inspiration,Arcane Comet,Precision,First Strike,Sorcery,Aftershock,Domination,Flash,Ghost,Flash,Smite,Ignite,Flash,Flash,Cleanse,Flash,Ignite,Flash,Teleport,Smite,Flash,Flash,Teleport,Barrier,Flash,Flash,Heal,0,0,0,1,6,2
https://www.op.gg/summoners/euw/SRTSS-EUW/matches/uRd1PvnOddq0wRQwV8ISS9ibU-gPXnQ9tJmDsRLiEso%3D/1733260332000,1,32,26,26,32,43,43,62,76,36,18,2,1,1,0,9,2,3,1,61156,51541,14.6,13.4,918,761,33.9,28.1,9615,-9615,2256.240776699029,1901.5126213592232,Aatrox,Udyr,Talon,Caitlyn,Karma,Gangplank,Rammus,Ahri,Jhin,Nautilus,Doran's Shield,Serylda's Grudge,Eclipse,Mercury's Treads,Spear of Shojin,Tunneler,Stealth Ward,Boots of Swiftness,Liandry's Torment,Dark Seal,Unending Despair,Kaenic Rookern,Warden's Mail,Oracle Lens,Youmuu's Ghostblade,Edge of Night,Synchronized Souls,Opportunity,Last Whisper,No_Item,Oracle Lens,Berserker's Greaves,Infinity Edge,Lord Dominik's Regards,Doran's Blade,The Collector,Cloak of Agility,Farsight Alteration,Mikael's Blessing,Moonstone Renewer,No_Item,Dream Maker,Ionian Boots of Lucidity,Forbidden Idol,Oracle Lens,Trinity Force,Serpent's Fang,Mortal Reminder,Cloak of Agility,Doran's Blade,Plated Steelcaps,Farsight Alteration,Plated Steelcaps,Hollow Radiance,Thornmail,Negatron Cloak,Chain Vest,Giant's Belt,Oracle Lens,Doran's Ring,Zhonya's Hourglass,Blighting Jewel,Stormsurge,Luden's Companion,Ionian Boots of Lucidity,Farsight Alteration,Lord Dominik's Regards,The Collector,Infinity Edge,No_Item,Boots,No_Item,Farsight Alteration,Bloodsong,Locket of the Iron Solari,Knight's Vow,Control Ward,No_Item,Boots of Swiftness,Oracle Lens,Conqueror,Resolve,Conqueror,Resolve,Electrocute,Sorcery,Fleet Footwork,Sorcery,Summon Aery,Resolve,Grasp of the Undying,Inspiration,Aftershock,Precision,Electrocute,Sorcery,Fleet Footwork,Sorcery,Aftershock,Inspiration,Flash,Teleport,Flash,Smite,Flash,Ignite,Cleanse,Flash,Flash,Heal,Flash,Teleport,Flash,Smite,Flash,Teleport,Flash,Barrier,Flash,Ignite,1,6,1,0,0,0
https://www.op.gg/summoners/euw/SRTSS-EUW/matches/uRd1PvnOddo8qIpeRswLHlKLcqMMs6SAHk2z9BMdjCw%3D/1733258197000,0,33,37,37,33,49,41,95,108,51,36,3,2,1,1,6,9,4,3,73045,75042,16.6,17.2,1149,1126,33.0,32.1,-1997,1997,2079.753472222222,2136.6124999999997,Gragas,Talon,Katarina,Ezreal,Pyke,Aatrox,Elise,Yone,Caitlyn,Lux,Sorcerer's Shoes,Hextech Rocketbelt,Void Staff,Cosmic Drive,Shadowflame,No_Item,Oracle Lens,Eclipse,Black Cleaver,Youmuu's Ghostblade,Boots of Swiftness,Death's Dance,Negatron Cloak,Oracle Lens,Lich Bane,Sorcerer's Shoes,Stormsurge,Dark Seal,Rabadon's Deathcap,Void Staff,Farsight Alteration,Ionian Boots of Lucidity,Serylda's Grudge,Trinity Force,Muramana,Navori Flickerblade,Vampiric Scepter,Farsight Alteration,Bloodsong,Boots of Swiftness,Rectrix,Umbral Glaive,Edge of Night,Serrated Dirk,Oracle Lens,Spirit Visage,Cloth Armor,Mercury's Treads,Sundered Sky,Sterak's Gage,Spear of Shojin,Farsight Alteration,Zhonya's Hourglass,Sorcerer's Shoes,Control Ward,Stormsurge,Mejai's Soulstealer,Abyssal Mask,Oracle Lens,Wit's End,Long Sword,Infinity Edge,Immortal Shieldbow,Blade of The Ruined King,Berserker's Greaves,Farsight Alteration,Lord Dominik's Regards,The Collector,Infinity Edge,Bloodthirster,Berserker's Greaves,Rapid Firecannon,Farsight Alteration,Solstice Sleigh,Plated Steelcaps,Locket of the Iron Solari,Giant's Belt,Force of Nature,No_Item,Oracle Lens,Phase Rush,Precision,Conqueror,Inspiration,Electrocute,Precision,Press the Attack,Inspiration,Hail of Blades,Resolve,Conqueror,Resolve,Dark Harvest,Precision,Lethal Tempo,Resolve,First Strike,Sorcery,Aftershock,Domination,Flash,Teleport,Ignite,Smite,Teleport,Flash,Flash,Barrier,Flash,Ignite,Teleport,Flash,Flash,Smite,Flash,Teleport,Flash,Barrier,Flash,Heal,1,4,0,0,2,2
https://www.op.gg/summoners/euw/SRTSS-EUW/matches/uRd1PvnOddqfOO0ZhFbE3YloX-2HJBFqkzVGvPt-i8k%3D/1733188121000,1,26,20,20,26,24,28,60,73,33,29,1,1,1,0,7,2,2,1,52031,43027,13.6,12.0,812,729,34.199999999999996,30.7,9004,-9004,2198.101069518717,1817.7181818181818,Darius,Elise,Ahri,Ashe,Nautilus,Fiora,Talon,Sylas,Caitlyn,Rell,Tunneler,Doran's Shield,Plated Steelcaps,Trinity Force,Dead Man's Plate,Thornmail,Farsight Alteration,Shadowflame,Sorcerer's Shoes,No_Item,Stormsurge,No_Item,Dark Seal,Oracle Lens,Doran's Ring,Malignance,Rabadon's Deathcap,Dark Seal,Sorcerer's Shoes,Needlessly Large Rod,Oracle Lens,B. F. Sword,Runaan's Hurricane,Doran's Blade,Berserker's Greaves,Kraken Slayer,Cloak of Agility,Farsight Alteration,Celestial Opposition,Control Ward,Locket of the Iron Solari,Plated Steelcaps,Kindlegem,Chain Vest,Oracle Lens,Pickaxe,Ravenous Hydra,Eclipse,Long Sword,Boots,Doran's Blade,Oracle Lens,Youmuu's Ghostblade,Eclipse,Phage,Slightly Magical Footwear,Ruby Crystal,Pickaxe,Oracle Lens,Cosmic Drive,Hextech Rocketbelt,Amplifying Tome,Mercury's Treads,Doran's Shield,No_Item,Stealth Ward,Doran's Blade,Long Sword,The Collector,Berserker's Greaves,Infinity Edge,Long Sword,Farsight Alteration,Mercury's Treads,No_Item,Kindlegem,Celestial Opposition,Chain Vest,Locket of the Iron Solari,Oracle Lens,Conqueror,Resolve,Dark Harvest,Precision,Electrocute,Sorcery,Lethal Tempo,Inspiration,Aftershock,Inspiration,Conqueror,Resolve,Conqueror,Inspiration,Conqueror,Resolve,Lethal Tempo,Sorcery,Aftershock,Inspiration,Flash,Ghost,Smite,Flash,Flash,Teleport,Flash,Barrier,Flash,Ignite,Flash,Ignite,Flash,Smite,Flash,Teleport,Flash,Barrier,Flash,Ignite,0,2,1,1,4,0
https://www.op.gg/summoners/euw/SRTSS-EUW/matches/uRd1PvnOddrOt61NZxw6ur-gOwTFFLSTJz4vl8rNo6U%3D/1733185812000,1,25,21,21,25,39,57,80,64,19,17,3,1,1,1,11,5,4,2,64453,57255,15.8,14.6,949,922,31.0,30.1,7198,-7198,2094.042616033755,1860.1835443037976,Gnar,Morgana,Azir,Ashe,Lulu,Gragas,Skarner,Yone,Corki,Soraka,Terminus,Sterak's Gage,Randuin's Omen,Doran's Blade,Trinity Force,Mercury's Treads,Oracle Lens,Mejai's Soulstealer,Blackfire Torch,Oblivion Orb,Sorcerer's Shoes,Liandry's Torment,Aether Wisp,Oracle Lens,Doran's Ring,Blackfire Torch,Needlessly Large Rod,Seraph's Embrace,Berserker's Greaves,Fiendish Codex,Stealth Ward,Kraken Slayer,Berserker's Greaves,Doran's Blade,Executioner's Calling,Phantom Dancer,Last Whisper,Farsight Alteration,No_Item,Redemption,Dream Maker,Moonstone Renewer,Ionian Boots of Lucidity,Oblivion Orb,Oracle Lens,Boots of Swiftness,Blighting Jewel,Hextech Rocketbelt,Lost Chapter,Cosmic Drive,Dark Seal,Stealth Ward,Sterak's Gage,Heartsteel,Mercury's Treads,Negatron Cloak,Null-Magic Mantle,Ruby Crystal,Oracle Lens,Berserker's Greaves,Quicksilver Sash,Pickaxe,Wit's End,Blade of The Ruined King,Immortal Shieldbow,Stealth Ward,Muramana,Mercury's Treads,Rapid Firecannon,Trinity Force,Lord Dominik's Regards,No_Item,Farsight Alteration,Moonstone Renewer,Redemption,Dream Maker,Dark Seal,Ionian Boots of Lucidity,Winged Moonplate,Oracle Lens,Grasp of the Undying,Precision,Dark Harvest,Inspiration,Conqueror,Sorcery,Lethal Tempo,Inspiration,Summon Aery,Resolve,Phase Rush,Precision,Phase Rush,Precision,Fleet Footwork,Resolve,Conqueror,Inspiration,Summon Aery,Resolve,Teleport,Flash,Flash,Smite,Teleport,Flash,Flash,Barrier,Flash,Heal,Flash,Teleport,Flash,Smite,Flash,Teleport,Flash,Cleanse,Heal,Flash,1,6,3,0,0,0
https://www.op.gg/summoners/euw/SRTSS-EUW/matches/uRd1PvnOddpM3v2omNunDAXtB5M3jDZpj6cBXUlBZQY%3D/1733183406000,0,24,36,36,24,69,45,77,67,21,22,1,2,0,1,3,9,1,3,50352,60267,13.2,14.6,757,788,27.8,28.8,-9915,9915,1838.247619047619,2200.2238095238095,Poppy,Ekko,Ambessa,Ashe,Nautilus,Malphite,Viego,Sylas,Caitlyn,Karma,Doran's Shield,Fimbulwinter,Thornmail,Boots of Swiftness,Sundered Sky,Null-Magic Mantle,Stealth Ward,Rabadon's Deathcap,Lich Bane,Hextech Alternator,Dark Seal,Sorcerer's Shoes,No_Item,Oracle Lens,Plated Steelcaps,Eclipse,Death's Dance,Control Ward,Spear of Shojin,No_Item,Stealth Ward,Negatron Cloak,Kraken Slayer,Terminus,Berserker's Greaves,Recurve Bow,Doran's Blade,Farsight Alteration,Control Ward,Bloodsong,Locket of the Iron Solari,Boots of Swiftness,Thornmail,No_Item,Oracle Lens,Negatron Cloak,Sunfire Aegis,"Jak'Sho, The Protean",Boots of Swiftness,No_Item,Thornmail,Stealth Ward,Titanic Hydra,Recurve Bow,Kraken Slayer,Plated Steelcaps,Sterak's Gage,Negatron Cloak,Oracle Lens,Amplifying Tome,Hextech Rocketbelt,Zhonya's Hourglass,Doran's Shield,Cosmic Drive,Mercury's Treads,Stealth Ward,Executioner's Calling,Berserker's Greaves,Doran's Blade,Cloak of Agility,The Collector,Infinity Edge,Farsight Alteration,Redemption,Control Ward,Dream Maker,Echoes of Helia,Ionian Boots of Lucidity,Forbidden Idol,Oracle Lens,Grasp of the Undying,Sorcery,Dark Harvest,Sorcery,Grasp of the Undying,Domination,Lethal Tempo,Inspiration,Aftershock,Inspiration,Grasp of the Undying,Sorcery,Conqueror,Inspiration,Conqueror,Sorcery,Lethal Tempo,Sorcery,Arcane Comet,Resolve,Teleport,Flash,Flash,Smite,Flash,Teleport,Flash,Barrier,Flash,Ignite,Flash,Teleport,Smite,Flash,Flash,Teleport,Flash,Cleanse,Flash,Heal,0,3,0,0,3,2
https://www.op.gg/summoners/euw/SRTSS-EUW/matches/uRd1PvnOddpSsnx9SzcFcqn-ac_XNFZrIgh_ansJadQ%3D/1733181513000,0,21,35,35,22,62,37,88,92,36,43,2,3,0,1,3,8,2,4,66757,75581,16.0,16.6,1152,1184,31.5,32.4,-8824,8824,1820.6454545454546,2061.3,Gangplank,Udyr,Ziggs,Caitlyn,Nautilus,Riven,Rammus,Azir,Ezreal,Senna,Plated Steelcaps,The Collector,Trinity Force,Serpent's Fang,Mortal Reminder,B. F. Sword,Farsight Alteration,Unending Despair,Liandry's Torment,Negatron Cloak,Abyssal Mask,Chain Vest,Plated Steelcaps,Oracle Lens,Luden's Companion,Seeker's Armguard,Dark Seal,Sorcerer's Shoes,Horizon Focus,Rabadon's Deathcap,Farsight Alteration,Rapid Firecannon,Long Sword,Mortal Reminder,Infinity Edge,The Collector,Berserker's Greaves,Farsight Alteration,Control Ward,Celestial Opposition,Locket of the Iron Solari,Knight's Vow,Plated Steelcaps,Negatron Cloak,Oracle Lens,Guardian Angel,Sundered Sky,Eclipse,Death's Dance,Ionian Boots of Lucidity,Maw of Malmortius,Oracle Lens,Mercury's Treads,Hollow Radiance,Thornmail,"Jak'Sho, The Protean",Kaenic Rookern,Control Ward,Oracle Lens,Void Staff,Needlessly Large Rod,Rabadon's Deathcap,Sorcerer's Shoes,Nashor's Tooth,Liandry's Torment,Farsight Alteration,Spear of Shojin,Ionian Boots of Lucidity,Muramana,Trinity Force,Serylda's Grudge,No_Item,Farsight Alteration,Bloodsong,Edge of Night,No_Item,Black Cleaver,Rapid Firecannon,Boots of Swiftness,Oracle Lens,Grasp of the Undying,Sorcery,Conqueror,Inspiration,Arcane Comet,Precision,Fleet Footwork,Sorcery,Aftershock,Inspiration,Conqueror,Inspiration,Aftershock,Precision,Fleet Footwork,Sorcery,Conqueror,Inspiration,Grasp of the Undying,Precision,Flash,Teleport,Flash,Smite,Flash,Teleport,Barrier,Flash,Flash,Ignite,Flash,Ignite,Flash,Smite,Flash,Teleport,Flash,Barrier,Flash,Heal,0,3,0,1,3,1
https://www.op.gg/summoners/euw/SRTSS-EUW/matches/uRd1PvnOddpanU9SohIxrM-c6AA8uRGw9GCB6C_w-7Y%3D/1733178855000,1,22,13,13,22,19,19,37,39,10,14,1,1,0,0,3,0,1,1,40999,32026,12.0,10.4,658,537,34.9,28.400000000000002,8973,-8973,2170.535294117647,1695.4941176470588,Lee Sin,Karthus,Qiyana,Caitlyn,Nautilus,LeBlanc,Volibear,Fizz,Ashe,Renata Glasc,Long Sword,Long Sword,Hexdrinker,Eclipse,Doran's Shield,Mercury's Treads,Stealth Ward,Seeker's Armguard,Sorcerer's Shoes,Shadowflame,Blackfire Torch,No_Item,No_Item,Eye of the Herald,Youmuu's Ghostblade,Tiamat,Hexdrinker,Pickaxe,Boots,Glowing Mote,Oracle Lens,Doran's Blade,The Collector,Cull,Rapid Firecannon,Last Whisper,Boots of Swiftness,Farsight Alteration,Celestial Opposition,Locket of the Iron Solari,Glowing Mote,Ruby Crystal,No_Item,Mercury's Treads,Oracle Lens,Blasting Wand,Refillable Potion,No_Item,Blighting Jewel,Sorcerer's Shoes,Luden's Companion,Stealth Ward,Gustwalker Hatchling,Sundered Sky,Plated Steelcaps,Ruby Crystal,Cloth Armor,No_Item,Stealth Ward,Doran's Ring,Lich Bane,Ionian Boots of Lucidity,Amplifying Tome,Dark Seal,Amplifying Tome,Oracle Lens,Dagger,Dagger,Zeal,Kraken Slayer,Berserker's Greaves,Doran's Blade,Farsight Alteration,Locket of the Iron Solari,Refillable Potion,Celestial Opposition,No_Item,Ionian Boots of Lucidity,No_Item,Oracle Lens,Conqueror,Resolve,Dark Harvest,Precision,Electrocute,Precision,Fleet Footwork,Sorcery,Aftershock,Inspiration,Electrocute,Sorcery,Press the Attack,Sorcery,Electrocute,Sorcery,Press the Attack,Inspiration,Guardian,Inspiration,Teleport,Flash,Flash,Smite,Flash,Teleport,Cleanse,Flash,Flash,Ignite,Flash,Teleport,Flash,Smite,Flash,Ignite,Flash,Barrier,Heal,Flash,1,6,0,0,0,0
https://www.op.gg/summoners/euw/SRTSS-EUW/matches/uRd1PvnOddpxvyRoRXUaImjIIeCbzPZ-3s1eUGYHFtw%3D/1733177092000,1,33,24,25,33,35,62,69,85,23,22,2,1,2,0,11,5,4,1,64488,54829,15.6,13.8,845,857,28.2,28.599999999999998,9659,-9659,2162.0254335260115,1838.1976878612718,Gragas,Kayn,Shen,Yasuo,Rell,Kled,Rammus,Fizz,Corki,Alistar,Lich Bane,Cosmic Drive,Zhonya's Hourglass,Boots of Swiftness,Mejai's Soulstealer,Luden's Companion,Oracle Lens,Spear of Shojin,Black Cleaver,Sterak's Gage,Ionian Boots of Lucidity,Death's Dance,Null-Magic Mantle,Oracle Lens,Doran's Shield,Boots of Swiftness,Randuin's Omen,Hollow Radiance,Dead Man's Plate,Chain Vest,Farsight Alteration,Blade of The Ruined King,Stridebreaker,Berserker's Greaves,Noonquiver,Long Sword,Long Sword,Farsight Alteration,Celestial Opposition,Control Ward,Locket of the Iron Solari,Boots of Swiftness,Zeke's Convergence,Giant's Belt,Oracle Lens,Doran's Blade,Eclipse,Long Sword,Mercury's Treads,Black Cleaver,Long Sword,Stealth Ward,Mercury's Treads,Thornmail,Hollow Radiance,Chain Vest,Negatron Cloak,Ruby Crystal,Oracle Lens,Rabadon's Deathcap,Blighting Jewel,Zhonya's Hourglass,Lich Bane,Sapphire Crystal,Ionian Boots of Lucidity,Oracle Lens,Infinity Edge,Mortal Reminder,Dagger,Trinity Force,Muramana,Plated Steelcaps,Farsight Alteration,Dead Man's Plate,Control Ward,Solstice Sleigh,Kindlegem,Ionian Boots of Lucidity,Negatron Cloak,Oracle Lens,Phase Rush,Domination,Conqueror,Inspiration,Grasp of the Undying,Domination,Lethal Tempo,Resolve,Aftershock,Inspiration,Conqueror,Resolve,Aftershock,Precision,Electrocute,Sorcery,Conqueror,Inspiration,Glacial Augment,Resolve,Teleport,Flash,Flash,Smite,Flash,Ignite,Flash,Exhaust,Flash,Ignite,Flash,Teleport,Flash,Smite,Flash,Ignite,Flash,Exhaust,Flash,Ignite,0,6,4,0,0,0
https://www.op.gg/summoners/euw/SRTSS-EUW/matches/uRd1PvnOddokJ3bH2gzNYRXjNPjn6jNjUpKJloT0Msw%3D/1733174840000,1,31,16,16,31,21,50,46,71,41,13,1,2,0,0,7,1,1,2,52268,40382,13.2,11.8,796,653,33.5,27.5,11886,-11886,2198.8606896551723,1698.8289655172412,Kled,Taliyah,Talon,Ziggs,Rell,Ambessa,Vi,Ahri,Ezreal,Vel'Koz,Titanic Hydra,Black Cleaver,No_Item,No_Item,No_Item,Plated Steelcaps,Farsight Alteration,Shadowflame,Sorcerer's Shoes,No_Item,Amplifying Tome,Amplifying Tome,Liandry's Torment,Oracle Lens,Black Cleaver,Pickaxe,Eclipse,Youmuu's Ghostblade,Steel Sigil,Boots of Swiftness,Oracle Lens,Control Ward,Luden's Companion,Shattered Armguard,Horizon Focus,Needlessly Large Rod,Sorcerer's Shoes,Farsight Alteration,Locket of the Iron Solari,Celestial Opposition,No_Item,Ionian Boots of Lucidity,Giant's Belt,Winged Moonplate,Oracle Lens,Voltaic Cyclosword,Doran's Blade,Eclipse,Boots,No_Item,No_Item,Farsight Alteration,Sterak's Gage,Sundered Sky,No_Item,Long Sword,No_Item,Plated Steelcaps,Oracle Lens,Zhonya's Hourglass,No_Item,No_Item,Ionian Boots of Lucidity,Malignance,Stormsurge,Stealth Ward,Muramana,No_Item,Refillable Potion,Ionian Boots of Lucidity,No_Item,Trinity Force,Farsight Alteration,Zaz'Zak's Realmspike,No_Item,Horizon Focus,Dark Seal,Sorcerer's Shoes,Amplifying Tome,Oracle Lens,Conqueror,Resolve,Dark Harvest,Sorcery,Conqueror,Sorcery,Arcane Comet,Inspiration,Aftershock,Inspiration,Conqueror,Resolve,Conqueror,Inspiration,Electrocute,Sorcery,Conqueror,Inspiration,Arcane Comet,Domination,Teleport,Flash,Flash,Smite,Flash,Ignite,Teleport,Flash,Ignite,Flash,Teleport,Flash,Flash,Smite,Flash,Teleport,Flash,Barrier,Flash,Heal,1,6,1,0,0,0
https://www.op.gg/summoners/euw/SRTSS-EUW/matches/uRd1PvnOddrfeVTAju-o6Tbz-azbFrlDKVgYcO9Kuvw%3D/1733172914000,1,30,21,21,30,27,62,70,66,22,17,1,1,1,0,7,5,2,1,55462,49601,13.8,13.0,788,780,31.1,30.8,5861,-5861,2184.8666666666663,1953.9787878787877,Swain,Bel'Veth,Sylas,Aphelios,Braum,Garen,Gragas,Katarina,Smolder,Nautilus,Haunting Guise,No_Item,Plated Steelcaps,Fated Ashes,Fimbulwinter,Rylai's Crystal Scepter,Stealth Ward,Stridebreaker,Kraken Slayer,No_Item,Pickaxe,Plated Steelcaps,No_Item,Oracle Lens,No_Item,Hextech Rocketbelt,Shattered Armguard,Ionian Boots of Lucidity,Cosmic Drive,No_Item,Stealth Ward,Doran's Blade,The Collector,Infinity Edge,Berserker's Greaves,Lord Dominik's Regards,Noonquiver,Farsight Alteration,Knight's Vow,Locket of the Iron Solari,Solstice Sleigh,Plated Steelcaps,No_Item,No_Item,Oracle Lens,Mortal Reminder,No_Item,Stridebreaker,Boots of Swiftness,Cloak of Agility,No_Item,Stealth Ward,Lich Bane,Sorcerer's Shoes,Control Ward,Needlessly Large Rod,Shadowflame,Dark Seal,Oracle Lens,Blade of The Ruined King,Kraken Slayer,Terminus,"Jak'Sho, The Protean",No_Item,Mercury's Treads,Stealth Ward,Ionian Boots of Lucidity,Muramana,Hubris,Scout's Slingshot,Cloak of Agility,Doran's Blade,Farsight Alteration,Bloodsong,Locket of the Iron Solari,Negatron Cloak,Kindlegem,Plated Steelcaps,No_Item,Oracle Lens,Conqueror,Sorcery,Conqueror,Domination,Conqueror,Sorcery,Press the Attack,Sorcery,Guardian,Inspiration,Phase Rush,Resolve,Dark Harvest,Inspiration,Conqueror,Resolve,Arcane Comet,Inspiration,Aftershock,Inspiration,Flash,Teleport,Smite,Flash,Flash,Teleport,Flash,Barrier,Flash,Ignite,Ignite,Flash,Flash,Smite,Flash,Teleport,Flash,Barrier,Ignite,Flash,1,0,1,0,6,0
https://www.op.gg/summoners/euw/SRTSS-EUW/matches/uRd1PvnOddquRE0r5-ovB-WJ1M4mvW9fhOflusZcjV4%3D/1733097276000,0,13,22,22,13,38,28,74,65,32,27,0,4,0,2,4,10,0,6,50967,59442,13.8,15.4,877,956,31.5,34.4,-8475,8475,1839.9638989169675,2145.9205776173285,Riven,Nidalee,Aurora,Draven,Lulu,Cassiopeia,Hecarim,Jinx,Karthus,Alistar,Eclipse,Sundered Sky,Ionian Boots of Lucidity,Maw of Malmortius,Doran's Blade,No_Item,Oracle Lens,Control Ward,Horizon Focus,Blighting Jewel,Sorcerer's Shoes,Blasting Wand,Liandry's Torment,Oracle Lens,Ionian Boots of Lucidity,Malignance,Liandry's Torment,Cosmic Drive,Doran's Ring,No_Item,Oracle Lens,Bloodthirster,No_Item,Infinity Edge,The Collector,Berserker's Greaves,Hexdrinker,Farsight Alteration,Dream Maker,Moonstone Renewer,Ionian Boots of Lucidity,Forbidden Idol,Oblivion Orb,Kindlegem,Oracle Lens,Void Staff,Zhonya's Hourglass,No_Item,Seraph's Embrace,Rylai's Crystal Scepter,Rod of Ages,Stealth Ward,Zeke's Convergence,Eclipse,Ionian Boots of Lucidity,Spear of Shojin,Null-Magic Mantle,Long Sword,Oracle Lens,Doran's Blade,Berserker's Greaves,Opportunity,The Collector,Cloak of Agility,Long Sword,Stealth Ward,Rabadon's Deathcap,Shadowflame,Blackfire Torch,No_Item,Blighting Jewel,Sorcerer's Shoes,Farsight Alteration,Locket of the Iron Solari,Solstice Sleigh,Control Ward,No_Item,Trailblazer,Plated Steelcaps,Oracle Lens,Conqueror,Inspiration,Conqueror,Sorcery,Electrocute,Sorcery,Lethal Tempo,Sorcery,Summon Aery,Resolve,Conqueror,Sorcery,Phase Rush,Precision,Lethal Tempo,Sorcery,Dark Harvest,Precision,Aftershock,Inspiration,Flash,Teleport,Flash,Smite,Teleport,Flash,Flash,Barrier,Flash,Heal,Flash,Teleport,Ghost,Smite,Flash,Ghost,Flash,Exhaust,Ignite,Flash,0,0,0,1,6,2
https://www.op.gg/summoners/euw/SRTSS-EUW/matches/uRd1PvnOddq7PAAt5IyA46B-Do3-mtg_clr0FByavN4%3D/1733094958000,1,54,57,57,55,80,58,81,81,33,22,2,3,1,1,7,10,3,4,86767,87286,18.0,17.6,1185,1151,27.9,27.0,-519,519,2034.0981684981684,2046.2652014652015,Riven,Skarner,Akali,Smolder,Lux,K'Sante,Zed,Aurora,Karthus,Zoe,Eclipse,Sundered Sky,Mercury's Treads,Maw of Malmortius,Death's Dance,Serylda's Grudge,Oracle Lens,Sterak's Gage,Heartsteel,Unending Despair,Kaenic Rookern,Mercury's Treads,Control Ward,Oracle Lens,Banshee's Veil,Kaenic Rookern,Rabadon's Deathcap,Sorcerer's Shoes,Stormsurge,Shadowflame,Oracle Lens,Mercury's Treads,Hubris,Rapid Firecannon,Bloodthirster,Doran's Blade,Lord Dominik's Regards,Farsight Alteration,Zaz'Zak's Realmspike,Verdant Barrier,Luden's Companion,Stormsurge,Horizon Focus,Sorcerer's Shoes,Oracle Lens,Mercury's Treads,Iceborn Gauntlet,Randuin's Omen,Unending Despair,Kaenic Rookern,Thornmail,Oracle Lens,Youmuu's Ghostblade,Ionian Boots of Lucidity,Serylda's Grudge,Edge of Night,Eclipse,Serpent's Fang,Oracle Lens,Stormsurge,Fated Ashes,Void Staff,Rabadon's Deathcap,Malignance,Sorcerer's Shoes,Farsight Alteration,Shadowflame,Blackfire Torch,Sorcerer's Shoes,Void Staff,Rabadon's Deathcap,Oblivion Orb,Farsight Alteration,Bloodsong,Zhonya's Hourglass,Liandry's Torment,Ionian Boots of Lucidity,Horizon Focus,Cryptbloom,Oracle Lens,Conqueror,Inspiration,Aftershock,Inspiration,Electrocute,Resolve,Arcane Comet,Inspiration,Arcane Comet,Domination,Aftershock,Inspiration,Electrocute,Inspiration,Electrocute,Sorcery,Dark Harvest,Precision,Summon Aery,Precision,Flash,Teleport,Flash,Smite,Flash,Teleport,Flash,Barrier,Flash,Heal,Teleport,Flash,Flash,Smite,Flash,Teleport,Flash,Exhaust,Heal,Flash,0,6,1,1,0,2
https://www.op.gg/summoners/euw/SRTSS-EUW/matches/uRd1PvnOddrHnm8wqihdNwFK3L-mom8Sg-KoXZZVYf0%3D/1733090781000,0,39,33,34,39,40,72,120,74,41,53,3,1,1,1,8,9,4,2,71676,72033,16.4,17.0,965,1096,27.900000000000002,31.6,-357,357,2086.7696202531642,2097.1632911392403,Aurora,Kha'Zix,Zoe,Ashe,Pyke,Gragas,Bel'Veth,Yone,Jinx,Leona,Rabadon's Deathcap,Sorcerer's Shoes,Malignance,Liandry's Torment,Cosmic Drive,Dark Seal,Farsight Alteration,Mercury's Treads,Youmuu's Ghostblade,B. F. Sword,Serylda's Grudge,Edge of Night,Steel Sigil,Oracle Lens,Dark Seal,Zhonya's Hourglass,Ionian Boots of Lucidity,Luden's Companion,Horizon Focus,Oblivion Orb,Oracle Lens,Mortal Reminder,Infinity Edge,B. F. Sword,Berserker's Greaves,Phantom Dancer,Kraken Slayer,Farsight Alteration,Bloodsong,Edge of Night,Control Ward,Mercury's Treads,Opportunity,Umbral Glaive,Oracle Lens,Zhonya's Hourglass,Fimbulwinter,Hextech Rocketbelt,Cosmic Drive,Boots of Swiftness,No_Item,Oracle Lens,Hullbreaker,Kraken Slayer,Immortal Shieldbow,Caulfield's Warhammer,Mercury's Treads,Cloth Armor,Oracle Lens,Blade of The Ruined King,Immortal Shieldbow,Infinity Edge,Wit's End,Cloth Armor,Berserker's Greaves,Farsight Alteration,Yun Tal Wildarrows,Berserker's Greaves,Infinity Edge,Rapid Firecannon,Lord Dominik's Regards,No_Item,Farsight Alteration,Celestial Opposition,Locket of the Iron Solari,Negatron Cloak,Knight's Vow,Mercury's Treads,Ruby Crystal,Oracle Lens,Electrocute,Sorcery,Electrocute,Inspiration,Electrocute,Precision,Lethal Tempo,Inspiration,Hail of Blades,Resolve,Phase Rush,Precision,Press the Attack,Domination,Lethal Tempo,Resolve,Lethal Tempo,Sorcery,Aftershock,Inspiration,Flash,Teleport,Smite,Flash,Flash,Exhaust,Flash,Cleanse,Flash,Ignite,Flash,Teleport,Flash,Smite,Teleport,Flash,Flash,Cleanse,Ignite,Flash,0,5,2,1,1,1
https://www.op.gg/summoners/euw/SRTSS-EUW/matches/uRd1PvnOddq9CXp8-jZQTeEgzk3VIRNfTEsyf2ry8eg%3D/1733088091000,1,29,18,18,29,25,45,85,86,40,28,4,0,1,0,10,3,5,0,64623,57601,16.0,15.0,1039,988,32.5,30.9,7022,-7022,2015.1258064516128,1796.1602150537633,Yone,Viego,Aurora,Ashe,Leona,Sylas,Lee Sin,Viktor,Ziggs,Senna,Wit's End,Pickaxe,B. F. Sword,Immortal Shieldbow,Blade of The Ruined King,Berserker's Greaves,Stealth Ward,Mercury's Treads,Titanic Hydra,Sterak's Gage,Wit's End,Kraken Slayer,No_Item,Oracle Lens,Shadowflame,Hextech Alternator,Amplifying Tome,Sorcerer's Shoes,Malignance,Doran's Ring,Oracle Lens,Zeal,Scout's Slingshot,Kraken Slayer,Bloodthirster,Berserker's Greaves,Statikk Shiv,Farsight Alteration,Mercury's Treads,Bloodsong,Locket of the Iron Solari,Abyssal Mask,Spectre's Cowl,No_Item,Oracle Lens,Hextech Rocketbelt,No_Item,Sorcerer's Shoes,Void Staff,Cosmic Drive,No_Item,Farsight Alteration,Ionian Boots of Lucidity,Control Ward,Sundered Sky,Eclipse,Pickaxe,Caulfield's Warhammer,Stealth Ward,Cosmic Drive,Doran's Ring,Blackfire Torch,Sorcerer's Shoes,Dark Seal,Blighting Jewel,Farsight Alteration,Rabadon's Deathcap,Void Staff,Shattered Armguard,Sorcerer's Shoes,Luden's Companion,Liandry's Torment,Farsight Alteration,Black Cleaver,Rapid Firecannon,Bloodsong,Boots of Swiftness,Serrated Dirk,Executioner's Calling,Oracle Lens,Fleet Footwork,Resolve,Conqueror,Inspiration,Arcane Comet,Domination,Lethal Tempo,Inspiration,Aftershock,Inspiration,Conqueror,Resolve,Conqueror,Inspiration,Summon Aery,Resolve,Arcane Comet,Precision,Grasp of the Undying,Precision,Flash,Teleport,Smite,Flash,Flash,Teleport,Flash,Teleport,Ignite,Flash,Flash,Teleport,Flash,Smite,Flash,Teleport,Flash,Teleport,Heal,Flash,1,6,2,0,0,0
https://www.op.gg/summoners/euw/SRTSS-EUW/matches/uRd1PvnOddrg-zw4aCxJiwYKJMlEGe2j--OI1ZU1EaI%3D/1733085684000,1,30,17,17,30,18,46,58,46,16,18,2,1,1,0,10,3,3,1,55617,44542,13.6,12.4,760,722,31.900000000000002,30.2,11075,-11075,2335.299447513812,1870.2718232044197,Malphite,Viego,Akali,Draven,Rell,Heimerdinger,Zac,Yone,Corki,Talon,Iceborn Gauntlet,Dark Seal,Hollow Radiance,Mercury's Treads,Cloth Armor,Doran's Ring,Stealth Ward,Sundered Sky,Kraken Slayer,Plated Steelcaps,Recurve Bow,Ruby Crystal,No_Item,Oracle Lens,Doran's Ring,Sorcerer's Shoes,Stormsurge,Shadowflame,Dark Seal,No_Item,Stealth Ward,Mortal Reminder,Bloodthirster,Infinity Edge,Berserker's Greaves,Noonquiver,Pickaxe,Farsight Alteration,Celestial Opposition,Trailblazer,Ruby Crystal,Locket of the Iron Solari,Ionian Boots of Lucidity,No_Item,Oracle Lens,Banshee's Veil,Zhonya's Hourglass,Refillable Potion,Boots,Doran's Ring,Haunting Guise,Stealth Ward,Randuin's Omen,Ruby Crystal,Ionian Boots of Lucidity,Thornmail,Sunfire Aegis,Dark Seal,Oracle Lens,Doran's Shield,Negatron Cloak,No_Item,Berserker's Greaves,Blade of The Ruined King,Immortal Shieldbow,Stealth Ward,Doran's Blade,Trinity Force,Plated Steelcaps,Muramana,No_Item,No_Item,Farsight Alteration,Bloodsong,Plated Steelcaps,Umbral Glaive,Black Cleaver,No_Item,No_Item,Oracle Lens,Arcane Comet,Resolve,Conqueror,Inspiration,Electrocute,Resolve,Lethal Tempo,Domination,Aftershock,Inspiration,Conqueror,Sorcery,Aftershock,Precision,Grasp of the Undying,Precision,Conqueror,Inspiration,Conqueror,Sorcery,Flash,Teleport,Flash,Smite,Teleport,Ignite,Flash,Barrier,Flash,Ignite,Flash,Teleport,Flash,Smite,Flash,Teleport,Flash,Barrier,Flash,Ignite,1,2,2,0,4,0
https://www.op.gg/summoners/euw/SRTSS-EUW/matches/uRd1PvnOddoUZJdWkMsSCPhv3fv7uJgRWNBs1bQiXKM%3D/1733083634000,1,25,11,11,25,16,37,37,44,9,6,0,0,0,0,8,1,0,0,46668,34913,12.4,11.0,726,581,34.699999999999996,27.9,11755,-11755,2234.407272727273,1671.5921212121214,Rumble,Nidalee,Corki,Caitlyn,Karma,Yone,Elise,Katarina,Jhin,Soraka,Doran's Ring,Liandry's Torment,Sorcerer's Shoes,Hextech Alternator,Needlessly Large Rod,No_Item,Oracle Lens,Verdant Barrier,Hextech Rocketbelt,Sorcerer's Shoes,Shadowflame,No_Item,Dark Seal,Oracle Lens,Doran's Blade,Hexdrinker,Long Sword,Muramana,Plated Steelcaps,Trinity Force,Stealth Ward,Executioner's Calling,Pickaxe,B. F. Sword,The Collector,Berserker's Greaves,Doran's Blade,Farsight Alteration,Forbidden Idol,Dream Maker,Blasting Wand,Moonstone Renewer,Forbidden Idol,Ionian Boots of Lucidity,Oracle Lens,Doran's Shield,Berserker's Greaves,Blade of The Ruined King,Immortal Shieldbow,Refillable Potion,Control Ward,Stealth Ward,Blighting Jewel,Stormsurge,No_Item,No_Item,Dark Seal,Sorcerer's Shoes,Oracle Lens,Lich Bane,Void Staff,Doran's Shield,Sorcerer's Shoes,Dark Seal,No_Item,Stealth Ward,Boots of Swiftness,The Collector,Cloak of Agility,Doran's Blade,Pickaxe,No_Item,Farsight Alteration,Celestial Opposition,Refillable Potion,Moonstone Renewer,Dark Seal,Forbidden Idol,Ionian Boots of Lucidity,Oracle Lens,Arcane Comet,Resolve,Dark Harvest,Precision,Press the Attack,Inspiration,Fleet Footwork,Inspiration,Arcane Comet,Inspiration,Lethal Tempo,Resolve,Dark Harvest,Precision,Electrocute,Resolve,Fleet Footwork,Sorcery,Summon Aery,Resolve,Teleport,Flash,Smite,Flash,Flash,Teleport,Barrier,Flash,Flash,Ignite,Flash,Teleport,Flash,Smite,Flash,Teleport,Flash,Barrier,Heal,Flash,1,3,1,0,0,0
https://www.op.gg/summoners/euw/SRTSS-EUW/matches/uRd1PvnOddovz4Cp0Vk3NfzH1oP73_QHehjOQqyKVkA%3D/1732842738000,0,4,18,18,4,21,3,23,32,8,6,0,1,0,0,0,1,0,1,23243,31749,8.6,10.0,437,492,28.8,32.2,-8506,8506,1518.2927419354837,2073.9266129032258,Sett,Ekko,Qiyana,Zeri,Braum,Gangplank,Udyr,LeBlanc,Corki,Alistar,Stridebreaker,Long Sword,No_Item,Boots,No_Item,No_Item,Farsight Alteration,Gustwalker Hatchling,Dark Seal,Nashor's Tooth,Sorcerer's Shoes,Amplifying Tome,No_Item,Oracle Lens,Glowing Mote,Refillable Potion,Youmuu's Ghostblade,Long Sword,Long Sword,Boots,Oracle Lens,Doran's Blade,Refillable Potion,Statikk Shiv,Berserker's Greaves,Dagger,Dagger,Stealth Ward,Kindlegem,Mercury's Treads,Runic Compass,No_Item,Control Ward,Cloth Armor,Oracle Lens,Doran's Blade,Cull,Sheen,Axiom Arc,Boots of Swiftness,No_Item,Stealth Ward,Gustwalker Hatchling,Dark Seal,Chain Vest,Liandry's Torment,Kindlegem,Boots of Swiftness,Eye of the Herald,Doran's Ring,Refillable Potion,Luden's Companion,Sorcerer's Shoes,Needlessly Large Rod,Amplifying Tome,Stealth Ward,Trinity Force,Control Ward,Tear of the Goddess,Cloth Armor,Boots,Doran's Blade,Farsight Alteration,Control Ward,Celestial Opposition,Refillable Potion,Trailblazer,Boots of Swiftness,No_Item,Oracle Lens,Conqueror,Resolve,Hail of Blades,Precision,Electrocute,Precision,Lethal Tempo,Inspiration,Guardian,Inspiration,Grasp of the Undying,Domination,Conqueror,Inspiration,Electrocute,Sorcery,Conqueror,Inspiration,Phase Rush,Inspiration,Teleport,Flash,Flash,Smite,Flash,Ignite,Flash,Barrier,Heal,Flash,Flash,Teleport,Flash,Smite,Flash,Teleport,Flash,Barrier,Flash,Ignite,0,3,0,1,0,0
https://www.op.gg/summoners/euw/SRTSS-EUW/matches/uRd1PvnOddoGwOWAmCMandWu-y7auANsHzQlGHyge6s%3D/1732840942000,0,30,41,41,30,44,48,72,81,24,26,1,4,0,2,3,10,1,6,62213,70287,15.2,16.8,920,998,29.6,32.1,-8074,8074,1995.016033755274,2253.9291139240504,Riven,Lillia,Taliyah,Twitch,Nami,Ambessa,Hecarim,Ahri,Caitlyn,LeBlanc,Black Cleaver,Eclipse,Sundered Sky,Null-Magic Mantle,Plated Steelcaps,Long Sword,Oracle Lens,Zhonya's Hourglass,Liandry's Torment,Blackfire Torch,Ionian Boots of Lucidity,Giant's Belt,Blasting Wand,Oracle Lens,Sorcerer's Shoes,Zhonya's Hourglass,Dark Seal,Horizon Focus,Luden's Companion,Void Staff,Farsight Alteration,The Collector,Berserker's Greaves,Infinity Edge,Runaan's Hurricane,Vampiric Scepter,B. F. Sword,Farsight Alteration,Ionian Boots of Lucidity,Solstice Sleigh,Imperial Mandate,Staff of Flowing Water,Moonstone Renewer,No_Item,Oracle Lens,Doran's Shield,Sterak's Gage,Spear of Shojin,Caulfield's Warhammer,Ionian Boots of Lucidity,Eclipse,Oracle Lens,Spear of Shojin,Ionian Boots of Lucidity,Eclipse,Maw of Malmortius,Caulfield's Warhammer,Steel Sigil,Oracle Lens,Rabadon's Deathcap,Malignance,Hextech Alternator,Sorcerer's Shoes,Horizon Focus,Void Staff,Oracle Lens,Doran's Blade,Rapid Firecannon,The Collector,Berserker's Greaves,Infinity Edge,Yun Tal Wildarrows,Farsight Alteration,Shadowflame,Zaz'Zak's Realmspike,No_Item,Luden's Companion,Sorcerer's Shoes,Amplifying Tome,Oracle Lens,Conqueror,Sorcery,Dark Harvest,Inspiration,Electrocute,Precision,Press the Attack,Inspiration,Summon Aery,Domination,Grasp of the Undying,Domination,Phase Rush,Precision,Electrocute,Sorcery,Lethal Tempo,Sorcery,Electrocute,Sorcery,Ignite,Flash,Smite,Flash,Teleport,Flash,Flash,Barrier,Flash,Heal,Flash,Teleport,Ghost,Smite,Teleport,Flash,Flash,Barrier,Flash,Ignite,1,3,0,0,3,2
https://www.op.gg/summoners/euw/SRTSS-EUW/matches/uRd1PvnOddpeynxw0HIfOMQOODWHQmSE8XEoEzz79lo%3D/1732838332000,1,43,25,25,43,41,49,50,57,13,8,2,0,1,0,9,2,3,0,58696,46627,13.8,12.0,748,608,31.4,25.7,12069,-12069,2473.14606741573,1964.6207865168537,Lee Sin,Volibear,Taliyah,Corki,Nautilus,Darius,Wukong,Sylas,Draven,Nami,Plated Steelcaps,Eclipse,Ravenous Hydra,Sundered Sky,Executioner's Calling,Doran's Shield,Stealth Ward,Iceborn Gauntlet,Plated Steelcaps,Sundered Sky,Spirit Visage,Cloth Armor,No_Item,Oracle Lens,Sorcerer's Shoes,Luden's Companion,Liandry's Torment,Dark Seal,Doran's Ring,Blasting Wand,Farsight Alteration,Trinity Force,Plated Steelcaps,Muramana,Doran's Blade,Rapid Firecannon,B. F. Sword,Farsight Alteration,Bloodsong,Negatron Cloak,Knight's Vow,Thornmail,Kindlegem,Plated Steelcaps,Oracle Lens,Sterak's Gage,Refillable Potion,Executioner's Calling,Trinity Force,No_Item,Plated Steelcaps,Oracle Lens,Control Ward,Trinity Force,Sundered Sky,Kindlegem,Ruby Crystal,Slightly Magical Footwear,Oracle Lens,No_Item,Hextech Rocketbelt,Shattered Armguard,Mercury's Treads,Cosmic Drive,Doran's Ring,Stealth Ward,Doran's Blade,The Collector,Vampiric Scepter,Berserker's Greaves,Infinity Edge,Noonquiver,Farsight Alteration,Boots of Swiftness,Solstice Sleigh,Imperial Mandate,Control Ward,Oblivion Orb,Bandleglass Mirror,Oracle Lens,Conqueror,Resolve,Press the Attack,Sorcery,Conqueror,Sorcery,Conqueror,Resolve,Aftershock,Inspiration,Conqueror,Sorcery,Conqueror,Inspiration,Conqueror,Sorcery,Lethal Tempo,Sorcery,Summon Aery,Domination,Flash,Teleport,Flash,Smite,Teleport,Flash,Flash,Barrier,Flash,Ignite,Flash,Ghost,Smite,Flash,Flash,Teleport,Flash,Barrier,Flash,Heal,0,4,1,0,2,0
https://www.op.gg/summoners/euw/SRTSS-EUW/matches/uRd1PvnOddrqAg9eBY0zzW5aXVbomB0X2TF3hai9eto%3D/1732836361000,0,20,33,34,20,52,29,88,67,27,41,0,4,0,1,4,9,0,5,50946,60051,13.2,15.2,805,875,29.1,31.6,-9105,9105,1829.5524861878453,2156.527624309392,Fiora,Udyr,LeBlanc,Yasuo,Nami,Kennen,Vi,Taliyah,Ashe,Lulu,Ravenous Hydra,Long Sword,Trinity Force,Pickaxe,Mercury's Treads,Long Sword,Stealth Ward,Unending Despair,Dark Seal,Liandry's Torment,Boots of Swiftness,Kaenic Rookern,No_Item,Oracle Lens,Doran's Ring,No_Item,Blighting Jewel,Banshee's Veil,Luden's Companion,Sorcerer's Shoes,Oracle Lens,Doran's Shield,Blade of The Ruined King,Berserker's Greaves,Immortal Shieldbow,Cloak of Agility,B. F. Sword,Farsight Alteration,Boots of Swiftness,Dream Maker,Imperial Mandate,Shurelya's Battlesong,Kindlegem,Aether Wisp,Oracle Lens,Liandry's Torment,Void Staff,Needlessly Large Rod,Needlessly Large Rod,Sorcerer's Shoes,Stormsurge,Farsight Alteration,Black Cleaver,Sundered Sky,Mercury's Treads,Sterak's Gage,Ruby Crystal,Control Ward,Oracle Lens,Sorcerer's Shoes,Horizon Focus,Luden's Companion,Void Staff,Mejai's Soulstealer,Doran's Ring,Farsight Alteration,Kraken Slayer,Phantom Dancer,Berserker's Greaves,B. F. Sword,Vampiric Scepter,Executioner's Calling,Farsight Alteration,Redemption,Dream Maker,Kindlegem,Moonstone Renewer,Boots,Forbidden Idol,Oracle Lens,Grasp of the Undying,Domination,Conqueror,Inspiration,Electrocute,Sorcery,Lethal Tempo,Resolve,Summon Aery,Domination,Summon Aery,Resolve,Conqueror,Inspiration,Electrocute,Precision,Lethal Tempo,Inspiration,Summon Aery,Resolve,Teleport,Flash,Flash,Smite,Flash,Teleport,Exhaust,Flash,Flash,Heal,Flash,Teleport,Flash,Smite,Teleport,Flash,Flash,Barrier,Flash,Heal,1,6,0,0,0,2
https://www.op.gg/summoners/euw/SRTSS-EUW/matches/uRd1PvnOddoZAo7e6oPFujGOLzdwVlXWmghGL6W-CZc%3D/1732834278000,0,16,28,28,16,41,21,43,41,4,10,0,2,0,0,0,7,0,2,34822,45259,10.8,12.0,545,644,28.700000000000003,33.9,-10437,10437,1841.8247933884297,2393.8644628099173,Camille,Udyr,Yone,Taliyah,Nami,Volibear,Bel'Veth,Yasuo,Ashe,Lulu,Long Sword,Long Sword,Plated Steelcaps,Glowing Mote,Doran's Shield,Trinity Force,Farsight Alteration,Cloth Armor,Boots of Swiftness,Dark Seal,Liandry's Torment,Bramble Vest,Cloth Armor,Oracle Lens,Doran's Shield,Tiamat,Long Sword,Ruby Crystal,Berserker's Greaves,Blade of The Ruined King,Stealth Ward,Sorcerer's Shoes,Dark Seal,Luden's Companion,Haunting Guise,Doran's Ring,Fated Ashes,Stealth Ward,Forbidden Idol,Dream Maker,No_Item,Fiendish Codex,Boots of Swiftness,Imperial Mandate,Oracle Lens,Boots of Swiftness,Cosmic Drive,Hextech Rocketbelt,Dark Seal,Spectre's Cowl,Doran's Ring,Stealth Ward,Phage,Kraken Slayer,Stridebreaker,Boots,Pickaxe,No_Item,Oracle Lens,Doran's Blade,Blade of The Ruined King,Berserker's Greaves,Immortal Shieldbow,Cloak of Agility,Dagger,Farsight Alteration,Kraken Slayer,Phantom Dancer,Berserker's Greaves,Doran's Blade,No_Item,No_Item,Farsight Alteration,Redemption,Dream Maker,No_Item,Boots,Ruby Crystal,Moonstone Renewer,Oracle Lens,Grasp of the Undying,Sorcery,Conqueror,Resolve,Lethal Tempo,Resolve,Dark Harvest,Precision,Summon Aery,Domination,Press the Attack,Resolve,Conqueror,Domination,Lethal Tempo,Resolve,Lethal Tempo,Inspiration,Summon Aery,Resolve,Ignite,Teleport,Flash,Smite,Flash,Teleport,Teleport,Flash,Flash,Heal,Flash,Teleport,Smite,Flash,Teleport,Flash,Barrier,Flash,Flash,Heal,0,1,0,0,5,1
https://www.op.gg/summoners/euw/SRTSS-EUW/matches/uRd1PvnOddppQh4YBJx5uWpXv6pnEwxkKE1BlH9pegM%3D/1732832745000,1,43,27,27,43,49,83,93,89,34,30,2,2,2,0,11,4,4,2,73890,62849,17.0,15.8,1028,997,31.599999999999998,30.700000000000003,11041,-11041,2278.546255506608,1938.0748898678412,Ambessa,Graves,Orianna,Varus,Lux,Camille,Bel'Veth,Hwei,Caitlyn,Lulu,Plated Steelcaps,Death's Dance,Doran's Blade,Pickaxe,Eclipse,Spear of Shojin,Stealth Ward,The Collector,Youmuu's Ghostblade,B. F. Sword,Immortal Shieldbow,Plated Steelcaps,Infinity Edge,Oracle Lens,Amplifying Tome,Amplifying Tome,Void Staff,Shadowflame,Mercury's Treads,Seraph's Embrace,Stealth Ward,Youmuu's Ghostblade,Muramana,Edge of Night,Opportunity,Last Whisper,Ionian Boots of Lucidity,Farsight Alteration,Luden's Companion,No_Item,Zaz'Zak's Realmspike,Mejai's Soulstealer,Rabadon's Deathcap,Sorcerer's Shoes,Oracle Lens,Ravenous Hydra,Sterak's Gage,Mercury's Treads,Trinity Force,Death's Dance,Cloth Armor,Oracle Lens,Stridebreaker,Kraken Slayer,Wit's End,No_Item,No_Item,Slightly Magical Footwear,Oracle Lens,Ionian Boots of Lucidity,Blackfire Torch,Void Staff,Liandry's Torment,Needlessly Large Rod,Needlessly Large Rod,Farsight Alteration,Bloodthirster,Rapid Firecannon,The Collector,Berserker's Greaves,Infinity Edge,No_Item,Farsight Alteration,Redemption,Dream Maker,No_Item,Forbidden Idol,Ionian Boots of Lucidity,Moonstone Renewer,Oracle Lens,Conqueror,Resolve,Dark Harvest,Precision,Arcane Comet,Precision,Arcane Comet,Inspiration,Arcane Comet,Inspiration,Grasp of the Undying,Sorcery,Press the Attack,Inspiration,Arcane Comet,Precision,Lethal Tempo,Sorcery,Summon Aery,Resolve,Flash,Teleport,Flash,Smite,Flash,Teleport,Flash,Barrier,Heal,Flash,Teleport,Flash,Flash,Smite,Teleport,Flash,Flash,Cleanse,Flash,Heal,1,6,3,0,0,0
https://www.op.gg/summoners/euw/SRTSS-EUW/matches/uRd1PvnOddqzlSQsht-5IeTUKvQQ1_cjNsSnRNWH2zs%3D/1732827790000,1,36,23,23,36,37,62,80,73,18,27,1,2,2,0,10,3,3,2,65555,53930,15.4,13.6,931,816,33.2,29.099999999999998,11625,-11625,2336.9143518518517,1922.5046296296296,Teemo,Taliyah,Yasuo,Corki,Rell,Cho'Gath,Kindred,Syndra,Caitlyn,Poppy,Dark Seal,Liandry's Torment,Boots of Swiftness,Nashor's Tooth,Void Staff,Amplifying Tome,Stealth Ward,Liandry's Torment,Void Staff,Rabadon's Deathcap,Hextech Alternator,Sorcerer's Shoes,Dark Seal,Oracle Lens,Immortal Shieldbow,Stridebreaker,B. F. Sword,Cloak of Agility,Blade of The Ruined King,Berserker's Greaves,Stealth Ward,Doran's Blade,Essence Reaver,Boots of Swiftness,Infinity Edge,Rapid Firecannon,Last Whisper,Farsight Alteration,Celestial Opposition,Locket of the Iron Solari,No_Item,Ionian Boots of Lucidity,Zeke's Convergence,Kindlegem,Oracle Lens,Randuin's Omen,Kaenic Rookern,No_Item,No_Item,Plated Steelcaps,Spirit Visage,Oracle Lens,Mercury's Treads,Kraken Slayer,Infinity Edge,Noonquiver,The Collector,Long Sword,Oracle Lens,Rabadon's Deathcap,Luden's Companion,Sorcerer's Shoes,Shadowflame,No_Item,Doran's Ring,Oracle Lens,Berserker's Greaves,The Collector,Infinity Edge,Rapid Firecannon,No_Item,Doran's Blade,Farsight Alteration,Locket of the Iron Solari,Bloodsong,Control Ward,Abyssal Mask,Boots of Swiftness,Ruby Crystal,Oracle Lens,Fleet Footwork,Sorcery,Dark Harvest,Inspiration,Fleet Footwork,Resolve,Conqueror,Inspiration,Aftershock,Inspiration,Grasp of the Undying,Inspiration,Press the Attack,Domination,First Strike,Sorcery,Fleet Footwork,Sorcery,Aftershock,Inspiration,Flash,Ignite,Flash,Smite,Flash,Teleport,Barrier,Flash,Flash,Ignite,Flash,Teleport,Flash,Smite,Flash,Teleport,Flash,Barrier,Flash,Ignite,1,5,1,0,1,0
https://www.op.gg/summoners/euw/SRTSS-EUW/matches/uRd1PvnOddoZUpYwXmOo2dmqOa1bA2q5aN-Bq2pHYKk%3D/1732749435000,1,33,23,23,34,35,50,75,70,30,31,1,2,1,0,10,2,2,2,59793,49241,14.2,13.6,767,811,28.2,29.9,10552,-10552,2204.3502304147464,1815.336405529954,Gragas,Bel'Veth,Yasuo,Caitlyn,Pyke,Nautilus,Graves,Sylas,Ashe,Dr. Mundo,Hextech Rocketbelt,Ionian Boots of Lucidity,Aether Wisp,Cosmic Drive,Fimbulwinter,No_Item,Oracle Lens,Stridebreaker,Kraken Slayer,Black Cleaver,Plated Steelcaps,Steel Sigil,Long Sword,Oracle Lens,"Jak'Sho, The Protean",B. F. Sword,Blade of The Ruined King,Immortal Shieldbow,Berserker's Greaves,No_Item,Stealth Ward,Long Sword,Infinity Edge,Noonquiver,Berserker's Greaves,Yun Tal Wildarrows,Doran's Blade,Farsight Alteration,Bloodsong,Tunneler,Umbral Glaive,Serrated Dirk,No_Item,Synchronized Souls,Oracle Lens,Liandry's Torment,Thornmail,Fimbulwinter,Ruby Crystal,Dark Seal,Plated Steelcaps,Oracle Lens,Control Ward,Noonquiver,Opportunity,The Collector,Immortal Shieldbow,Plated Steelcaps,Oracle Lens,Amplifying Tome,Hextech Rocketbelt,Refillable Potion,Cosmic Drive,Ionian Boots of Lucidity,No_Item,Stealth Ward,Kraken Slayer,Phantom Dancer,Bloodthirster,Berserker's Greaves,No_Item,No_Item,Farsight Alteration,Zaz'Zak's Realmspike,Locket of the Iron Solari,Winged Moonplate,Crystalline Bracer,Giant's Belt,Boots of Swiftness,Oracle Lens,Phase Rush,Precision,Conqueror,Inspiration,Lethal Tempo,Resolve,Lethal Tempo,Sorcery,Hail of Blades,Resolve,Grasp of the Undying,Sorcery,Dark Harvest,Precision,Electrocute,Resolve,Lethal Tempo,Inspiration,Arcane Comet,Precision,Teleport,Flash,Flash,Smite,Flash,Teleport,Flash,Cleanse,Flash,Ignite,Teleport,Flash,Smite,Flash,Flash,Teleport,Flash,Barrier,Flash,Heal,1,4,3,0,2,0
https://www.op.gg/summoners/euw/SRTSS-EUW/matches/uRd1PvnOddrIV65E_QcrIAQ3nJJ_1SyAVwD8z0vSOds%3D/1732746960000,0,17,23,23,17,44,21,48,73,21,18,0,3,0,1,0,10,0,4,42299,54136,12.0,13.8,746,788,30.2,31.9,-11837,11837,1701.4122905027932,2177.537430167598,K'Sante,Sejuani,Yasuo,Corki,Lux,Gnar,Vi,Akali,Ziggs,Nami,Doran's Shield,Plated Steelcaps,Iceborn Gauntlet,Negatron Cloak,Spectre's Cowl,No_Item,Stealth Ward,Kaenic Rookern,Sunfire Aegis,Ionian Boots of Lucidity,Control Ward,Winged Moonplate,Giant's Belt,Oracle Lens,Doran's Shield,Tiamat,Berserker's Greaves,Blade of The Ruined King,Phage,Dagger,Oracle Lens,Doran's Blade,Mercury's Treads,Muramana,Hexdrinker,Trinity Force,No_Item,Farsight Alteration,Boots of Swiftness,Luden's Companion,Hextech Alternator,Zaz'Zak's Realmspike,Amplifying Tome,No_Item,Oracle Lens,Ruby Crystal,Doran's Shield,No_Item,Plated Steelcaps,Trinity Force,Black Cleaver,Farsight Alteration,Sundered Sky,Control Ward,Black Cleaver,Sterak's Gage,No_Item,Slightly Magical Footwear,Oracle Lens,Blighting Jewel,Hextech Rocketbelt,Zhonya's Hourglass,Blasting Wand,Shadowflame,Sorcerer's Shoes,Stealth Ward,Seraph's Embrace,Luden's Companion,Control Ward,Fiendish Codex,Fiendish Codex,Sorcerer's Shoes,Farsight Alteration,Boots of Swiftness,Solstice Sleigh,Control Ward,Shurelya's Battlesong,No_Item,Imperial Mandate,Oracle Lens,Grasp of the Undying,Inspiration,Aftershock,Precision,Lethal Tempo,Resolve,Hail of Blades,Inspiration,Arcane Comet,Precision,Grasp of the Undying,Precision,Conqueror,Inspiration,Conqueror,Resolve,Arcane Comet,Inspiration,Summon Aery,Domination,Flash,Teleport,Flash,Smite,Teleport,Flash,Teleport,Flash,Flash,Heal,Flash,Teleport,Smite,Flash,Flash,Teleport,Flash,Teleport,Flash,Heal,0,3,0,1,3,2
https://www.op.gg/summoners/euw/SRTSS-EUW/matches/uRd1PvnOddqLmy7eTB2uhsOQP1LN5Z1Or-TUeFHQuMw%3D/1732745012000,0,13,30,31,13,50,17,60,41,9,23,0,3,0,1,3,10,0,4,42812,55593,12.4,14.8,739,867,30.900000000000002,36.3,-12781,12781,1779.2,2310.3584415584414,Aurora,Master Yi,Irelia,Ziggs,Bard,Kennen,Volibear,Yone,Ashe,Braum,Liandry's Torment,Control Ward,No_Item,Doran's Ring,Malignance,Mercury's Treads,Stealth Ward,Guinsoo's Rageblade,Blade of The Ruined King,Boots,Recurve Bow,No_Item,No_Item,Oracle Lens,Doran's Blade,Blade of The Ruined King,Kraken Slayer,Negatron Cloak,Plated Steelcaps,Recurve Bow,Farsight Alteration,Needlessly Large Rod,Seraph's Embrace,Sorcerer's Shoes,Liandry's Torment,No_Item,Needlessly Large Rod,Farsight Alteration,Heartsteel,Ruby Crystal,Control Ward,Bloodsong,Ruby Crystal,Mercury's Treads,Oracle Lens,Sorcerer's Shoes,Shadowflame,Rabadon's Deathcap,Void Staff,Dark Seal,Amplifying Tome,Oracle Lens,Sundered Sky,Ionian Boots of Lucidity,Dead Man's Plate,Null-Magic Mantle,Glowing Mote,No_Item,Oracle Lens,Blasting Wand,Berserker's Greaves,Blade of The Ruined King,Immortal Shieldbow,Infinity Edge,Recurve Bow,Oracle Lens,Kraken Slayer,Phantom Dancer,Vampiric Scepter,Berserker's Greaves,Pickaxe,Doran's Blade,Farsight Alteration,Locket of the Iron Solari,Mercury's Treads,Control Ward,Celestial Opposition,Kindlegem,Cloth Armor,Oracle Lens,Electrocute,Sorcery,Lethal Tempo,Domination,Conqueror,Inspiration,Arcane Comet,Inspiration,Guardian,Inspiration,Electrocute,Inspiration,Press the Attack,Sorcery,Lethal Tempo,Resolve,Fleet Footwork,Inspiration,Guardian,Inspiration,Flash,Teleport,Flash,Smite,Flash,Teleport,Flash,Teleport,Flash,Heal,Flash,Teleport,Flash,Smite,Flash,Teleport,Barrier,Flash,Flash,Ignite,1,6,0,0,0,2
https://www.op.gg/summoners/euw/SRTSS-EUW/matches/uRd1PvnOddpGkwgl7qWlPrPKZop9oWcxJH8BkgIkVSM%3D/1732743053000,1,34,20,20,34,23,58,64,35,16,14,0,2,0,0,6,0,0,2,48295,38641,12.8,11.4,646,582,31.3,28.099999999999998,9654,-9654,2331.4827586206898,1865.4275862068969,Renekton,Taliyah,Corki,Samira,Rell,Ambessa,Udyr,Galio,Brand,Pantheon,Control Ward,Eclipse,Plated Steelcaps,Pickaxe,Black Cleaver,Long Sword,Stealth Ward,Liandry's Torment,Blackfire Torch,Dark Seal,Sorcerer's Shoes,Cosmic Drive,No_Item,Oracle Lens,Cloak of Agility,Last Whisper,Long Sword,Trinity Force,Muramana,Mercury's Treads,Farsight Alteration,Doran's Blade,The Collector,Boots,Infinity Edge,No_Item,No_Item,Farsight Alteration,Kindlegem,Celestial Opposition,Locket of the Iron Solari,No_Item,Null-Magic Mantle,Mercury's Treads,Oracle Lens,Doran's Blade,Pickaxe,Eclipse,Plated Steelcaps,Tunneler,Ruby Crystal,Farsight Alteration,Unending Despair,Dark Seal,Liandry's Torment,Plated Steelcaps,Ruby Crystal,Glowing Mote,Oracle Lens,Doran's Shield,Plated Steelcaps,Hollow Radiance,Amplifying Tome,Cloth Armor,Ruby Crystal,Stealth Ward,Doran's Ring,Liandry's Torment,Sorcerer's Shoes,Dark Seal,Rylai's Crystal Scepter,Amplifying Tome,Farsight Alteration,Hubris,Control Ward,Bloodsong,Boots,Umbral Glaive,No_Item,Oracle Lens,Conqueror,Resolve,First Strike,Precision,Conqueror,Resolve,Conqueror,Domination,Aftershock,Inspiration,Grasp of the Undying,Domination,Conqueror,Inspiration,Aftershock,Sorcery,Arcane Comet,Precision,Conqueror,Domination,Flash,Teleport,Flash,Smite,Flash,Teleport,Flash,Cleanse,Flash,Ignite,Ignite,Teleport,Flash,Smite,Flash,Teleport,Flash,Teleport,Flash,Ignite,1,5,0,0,1,0
https://www.op.gg/summoners/euw/SRTSS-EUW/matches/uRd1PvnOddpz1_rNHV42CcjDGwL7Kele_0wRobd0QkI%3D/1732741320000,0,19,37,37,19,50,35,83,65,16,30,1,2,1,1,4,9,2,3,53836,64309,14.0,15.4,824,952,29.2,33.8,-10473,10473,1901.6696517412934,2271.6114427860693,Camille,Jarvan IV,LeBlanc,Corki,Senna,Jax,Ambessa,Tristana,Brand,Nami,Plated Steelcaps,Ravenous Hydra,Steel Sigil,Trinity Force,No_Item,No_Item,Farsight Alteration,Sundered Sky,Frozen Heart,Eclipse,Negatron Cloak,Slightly Magical Footwear,Null-Magic Mantle,Oracle Lens,Amplifying Tome,Amplifying Tome,Needlessly Large Rod,Ionian Boots of Lucidity,Shadowflame,Luden's Companion,Farsight Alteration,Doran's Blade,Lord Dominik's Regards,Trinity Force,Plated Steelcaps,Muramana,Zeal,Farsight Alteration,Boots,Control Ward,Dream Maker,Black Cleaver,Rapid Firecannon,Serrated Dirk,Oracle Lens,Doran's Shield,Trinity Force,Sundered Sky,Plated Steelcaps,Zhonya's Hourglass,No_Item,Stealth Ward,Spear of Shojin,Eclipse,No_Item,Steel Sigil,Plated Steelcaps,Black Cleaver,Oracle Lens,Infinity Edge,Kraken Slayer,Lord Dominik's Regards,Berserker's Greaves,Navori Flickerblade,B. F. Sword,Farsight Alteration,Seeker's Armguard,Liandry's Torment,Doran's Ring,Sorcerer's Shoes,Rylai's Crystal Scepter,Needlessly Large Rod,Farsight Alteration,Ionian Boots of Lucidity,Control Ward,Dream Maker,Echoes of Helia,Oblivion Orb,Imperial Mandate,Oracle Lens,Grasp of the Undying,Sorcery,Conqueror,Inspiration,Electrocute,Sorcery,Conqueror,Inspiration,Grasp of the Undying,Inspiration,Grasp of the Undying,Inspiration,Conqueror,Domination,Press the Attack,Resolve,Arcane Comet,Precision,Summon Aery,Inspiration,Ignite,Teleport,Smite,Flash,Flash,Teleport,Flash,Barrier,Flash,Heal,Teleport,Flash,Smite,Flash,Teleport,Flash,Flash,Teleport,Flash,Heal,1,2,0,0,4,1
https://www.op.gg/summoners/euw/SRTSS-EUW/matches/uRd1PvnOddpTzgMuYUSTfC3cCwa1v5pxqDT0jCuQfNQ%3D/1732739066000,1,51,33,34,51,44,77,92,85,40,23,2,2,1,0,8,3,3,2,65399,54723,15.4,13.8,834,803,29.2,28.3,10676,-10676,2279.056060606061,1907.0136363636364,Aurora,Vi,Azir,Varus,Pyke,Ambessa,Wukong,Galio,Kog'Maw,Poppy,Liandry's Torment,Dark Seal,Malignance,Sorcerer's Shoes,Void Staff,Amplifying Tome,Oracle Lens,Trinity Force,Sterak's Gage,Control Ward,Sundered Sky,Plated Steelcaps,Steel Sigil,Oracle Lens,Void Staff,Zhonya's Hourglass,Control Ward,Sorcerer's Shoes,Liandry's Torment,Nashor's Tooth,Stealth Ward,Doran's Blade,Blade of The Ruined King,Guinsoo's Rageblade,Berserker's Greaves,Hearthbound Axe,Recurve Bow,Farsight Alteration,Bloodsong,Umbral Glaive,Control Ward,Ionian Boots of Lucidity,Edge of Night,Hexdrinker,Oracle Lens,Pickaxe,Sterak's Gage,Eclipse,Spear of Shojin,Ionian Boots of Lucidity,Phage,Stealth Ward,Spirit Visage,Trinity Force,Pickaxe,Sundered Sky,Boots of Swiftness,Ruby Crystal,Oracle Lens,Riftmaker,Hollow Radiance,Dark Seal,Negatron Cloak,Kindlegem,Boots,Oracle Lens,Doran's Ring,Hextech Alternator,Sorcerer's Shoes,Horizon Focus,Luden's Companion,Seraph's Embrace,Farsight Alteration,Bloodsong,Control Ward,Synchronized Souls,Dead Man's Plate,Negatron Cloak,Kindlegem,Oracle Lens,Arcane Comet,Precision,Conqueror,Inspiration,Lethal Tempo,Sorcery,Lethal Tempo,Resolve,Hail of Blades,Resolve,Electrocute,Resolve,Conqueror,Inspiration,Aftershock,Domination,Arcane Comet,Precision,Hail of Blades,Inspiration,Flash,Teleport,Flash,Smite,Flash,Teleport,Flash,Barrier,Flash,Ignite,Teleport,Flash,Flash,Smite,Flash,Teleport,Flash,Teleport,Flash,Ignite,1,0,2,0,3,0
https://www.op.gg/summoners/euw/SRTSS-EUW/matches/uRd1PvnOddpbVsByPzXe5aLZg6kcVbooSoFERB8C4sA%3D/1732668245000,1,37,18,18,37,41,73,49,69,22,12,2,0,1,0,10,0,3,0,55179,42582,13.2,12.6,657,657,26.1,26.2,12597,-12597,2207.16,1703.28,Ambessa,Jarvan IV,Sylas,Yasuo,Senna,Shen,Lillia,Orianna,Jhin,Rell,Eclipse,Mercury's Treads,Black Cleaver,Pickaxe,Doran's Blade,Tunneler,Oracle Lens,Sundered Sky,Spear of Shojin,Ruby Crystal,Null-Magic Mantle,No_Item,Ionian Boots of Lucidity,Oracle Lens,Hextech Rocketbelt,Mercury's Treads,Void Staff,Dark Seal,Lich Bane,Hextech Alternator,Oracle Lens,Stridebreaker,Kraken Slayer,Immortal Shieldbow,No_Item,Berserker's Greaves,Doran's Shield,Farsight Alteration,Black Cleaver,Boots of Swiftness,Moonstone Renewer,Bloodsong,Forbidden Idol,Forbidden Idol,Oracle Lens,Doran's Shield,Thornmail,Heartsteel,Chain Vest,Plated Steelcaps,Bami's Cinder,Farsight Alteration,Amplifying Tome,Zhonya's Hourglass,Liandry's Torment,Ionian Boots of Lucidity,Dark Seal,No_Item,Oracle Lens,Doran's Ring,Blighting Jewel,No_Item,Liandry's Torment,Seraph's Embrace,Ionian Boots of Lucidity,Stealth Ward,The Collector,Mortal Reminder,Boots of Swiftness,Pickaxe,Doran's Blade,No_Item,Oracle Lens,Celestial Opposition,Locket of the Iron Solari,Control Ward,Winged Moonplate,Giant's Belt,Ionian Boots of Lucidity,Oracle Lens,Grasp of the Undying,Domination,Conqueror,Inspiration,Electrocute,Sorcery,Lethal Tempo,Resolve,Summon Aery,Resolve,Grasp of the Undying,Inspiration,Conqueror,Inspiration,Arcane Comet,Precision,Dark Harvest,Precision,Aftershock,Inspiration,Flash,Teleport,Flash,Smite,Teleport,Flash,Flash,Exhaust,Flash,Heal,Ignite,Flash,Flash,Smite,Flash,Teleport,Flash,Barrier,Flash,Ignite,1,6,3,0,0,0
https://www.op.gg/summoners/euw/SRTSS-EUW/matches/uRd1PvnOddq0ymZmi-lfWqamDZFZdj05lfJ8PHGaE5s%3D/1732665960000,1,37,24,24,37,34,59,75,77,20,20,3,0,1,0,9,6,4,0,54614,50483,14.4,12.4,722,699,28.4,27.5,4131,-4131,2141.1170454545454,1979.1630681818183,Gnar,Volibear,Sylas,Ashe,Alistar,Ekko,Nocturne,Yone,Neeko,Poppy,Trinity Force,Sterak's Gage,Negatron Cloak,Doran's Shield,Mercury's Treads,Recurve Bow,Oracle Lens,Ionian Boots of Lucidity,Iceborn Gauntlet,Sundered Sky,Dead Man's Plate,Null-Magic Mantle,No_Item,Oracle Lens,No_Item,Hextech Rocketbelt,Zhonya's Hourglass,Ionian Boots of Lucidity,Doran's Ring,Cosmic Drive,Farsight Alteration,B. F. Sword,Lord Dominik's Regards,Cloak of Agility,Kraken Slayer,Berserker's Greaves,Phantom Dancer,Farsight Alteration,Solstice Sleigh,Locket of the Iron Solari,Knight's Vow,No_Item,Kindlegem,Boots of Swiftness,Oracle Lens,Doran's Ring,Hextech Rocketbelt,Dark Seal,Nashor's Tooth,Void Staff,Mercury's Treads,Stealth Ward,Plated Steelcaps,Black Cleaver,Stridebreaker,Experimental Hexplate,Ruby Crystal,No_Item,Oracle Lens,Doran's Blade,Berserker's Greaves,Blade of The Ruined King,Immortal Shieldbow,Giant's Belt,Negatron Cloak,Stealth Ward,Guinsoo's Rageblade,Dagger,Kraken Slayer,Doran's Blade,Long Sword,Berserker's Greaves,Farsight Alteration,Dead Man's Plate,Plated Steelcaps,Control Ward,Bloodsong,Ruby Crystal,No_Item,Oracle Lens,Grasp of the Undying,Inspiration,Press the Attack,Sorcery,Conqueror,Resolve,Lethal Tempo,Inspiration,Aftershock,Inspiration,Hail of Blades,Sorcery,Conqueror,Domination,Lethal Tempo,Resolve,Lethal Tempo,Resolve,Hail of Blades,Inspiration,Flash,Teleport,Flash,Smite,Flash,Teleport,Flash,Barrier,Flash,Ignite,Teleport,Flash,Flash,Smite,Flash,Teleport,Flash,Barrier,Flash,Ignite,0,4,2,0,2,0
https://www.op.gg/summoners/euw/SRTSS-EUW/matches/uRd1PvnOddr7_2IiY2m7PevtbKhsnixsBq1JTqgMjAM%3D/1732663770000,0,6,20,20,6,33,12,31,35,6,10,0,1,0,0,0,3,0,1,24682,35260,8.8,10.0,425,479,27.3,30.9,-10578,10578,1585.2666666666667,2264.6666666666665,Ambessa,Bel'Veth,Galio,Jinx,Rakan,Corki,Viego,Aurora,Syndra,Poppy,Doran's Shield,Eclipse,Refillable Potion,Boots,Long Sword,Ruby Crystal,Stealth Ward,Gustwalker Hatchling,Blade of The Ruined King,Recurve Bow,Dagger,Boots,Rectrix,Oracle Lens,Doran's Shield,Hollow Radiance,Ruby Crystal,Boots,No_Item,No_Item,Stealth Ward,Control Ward,Yun Tal Wildarrows,No_Item,Berserker's Greaves,No_Item,Doran's Blade,Farsight Alteration,Celestial Opposition,No_Item,Kindlegem,Cloth Armor,Null-Magic Mantle,Mercury's Treads,Oracle Lens,Doran's Blade,Caulfield's Warhammer,Plated Steelcaps,Tear of the Goddess,Trinity Force,Long Sword,Stealth Ward,Mosstomper Seedling,Kraken Slayer,No_Item,Long Sword,Slightly Magical Footwear,No_Item,Eye of the Herald,Doran's Ring,Luden's Companion,Sorcerer's Shoes,Dark Seal,Hextech Alternator,Amplifying Tome,Oracle Lens,Doran's Ring,Luden's Companion,Sorcerer's Shoes,Hextech Alternator,Mejai's Soulstealer,No_Item,Stealth Ward,Bloodsong,Cloth Armor,Null-Magic Mantle,Synchronized Souls,Dead Man's Plate,Kindlegem,Oracle Lens,Grasp of the Undying,Domination,Conqueror,Domination,Aftershock,Sorcery,Lethal Tempo,Sorcery,Guardian,Domination,Conqueror,Inspiration,Conqueror,Inspiration,Summon Aery,Domination,First Strike,Sorcery,Hail of Blades,Precision,Flash,Teleport,Smite,Flash,Flash,Teleport,Flash,Cleanse,Flash,Ignite,Flash,Teleport,Flash,Smite,Teleport,Flash,Flash,Teleport,Flash,Ignite,0,3,0,1,3,0
https://www.op.gg/summoners/euw/SRTSS-EUW/matches/uRd1PvnOddqU8FjrlMiSmB4XilVMfGS0q62t5JhOitE%3D/1732662343000,1,33,16,16,33,23,37,69,60,20,16,2,1,1,0,11,0,3,1,58476,39831,14.0,12.0,802,615,34.199999999999996,26.1,18645,-18645,2479.6784810126583,1689.0360759493672,Renekton,Zyra,Qiyana,Corki,Pyke,Gangplank,Gragas,Smolder,Jinx,Thresh,Doran's Shield,Tunneler,Plated Steelcaps,Stridebreaker,Pickaxe,Black Cleaver,Stealth Ward,Blackfire Torch,Control Ward,Rylai's Crystal Scepter,Sorcerer's Shoes,Glowing Mote,Liandry's Torment,Oracle Lens,Ionian Boots of Lucidity,Profane Hydra,Youmuu's Ghostblade,No_Item,Refillable Potion,Edge of Night,Oracle Lens,Infinity Edge,Lord Dominik's Regards,Slightly Magical Footwear,The Collector,No_Item,Hubris,Farsight Alteration,Bloodsong,Youmuu's Ghostblade,Control Ward,Edge of Night,Serrated Dirk,Boots of Swiftness,Oracle Lens,Trinity Force,The Collector,Cloak of Agility,Doran's Blade,Plated Steelcaps,No_Item,Farsight Alteration,Sorcerer's Shoes,Hextech Rocketbelt,Needlessly Large Rod,Shadowflame,No_Item,Dark Seal,Oracle Lens,Muramana,Dagger,Dagger,Trinity Force,Doran's Blade,Ionian Boots of Lucidity,Stealth Ward,Control Ward,Infinity Edge,The Collector,Boots,Dagger,Dagger,Farsight Alteration,Trailblazer,Solstice Sleigh,Control Ward,No_Item,No_Item,Boots of Swiftness,Oracle Lens,Conqueror,Resolve,Arcane Comet,Precision,Electrocute,Precision,Hail of Blades,Inspiration,Hail of Blades,Resolve,Grasp of the Undying,Inspiration,Dark Harvest,Inspiration,Grasp of the Undying,Inspiration,Lethal Tempo,Sorcery,Aftershock,Inspiration,Flash,Teleport,Smite,Flash,Flash,Ignite,Flash,Barrier,Flash,Ignite,Flash,Teleport,Flash,Smite,Flash,Teleport,Flash,Barrier,Flash,Ignite,1,6,3,0,0,0
https://www.op.gg/summoners/euw/SRTSS-EUW/matches/uRd1PvnOddoaZFO4G-z-_fhTxXg-aAWI78DC3zOnNlI%3D/1732659997000,0,9,24,24,9,30,8,41,46,6,13,1,1,0,0,2,7,1,1,35738,46874,11.2,12.4,628,748,30.099999999999998,35.7,-11136,11136,1700.991346153846,2231.0221153846155,Aatrox,Shaco,Ambessa,Ziggs,Zoe,Irelia,Nidalee,Aurora,Corki,Nami,Doran's Shield,Eclipse,Sundered Sky,Ruby Crystal,No_Item,Boots,Farsight Alteration,Pickaxe,Youmuu's Ghostblade,B. F. Sword,Cloak of Agility,Slightly Magical Footwear,No_Item,Oracle Lens,Mercury's Treads,Long Sword,Voltaic Cyclosword,Pickaxe,Doran's Shield,Long Sword,Stealth Ward,Luden's Companion,Needlessly Large Rod,Doran's Ring,Sorcerer's Shoes,Hextech Alternator,Dark Seal,Farsight Alteration,Control Ward,Sorcerer's Shoes,Zaz'Zak's Realmspike,Luden's Companion,Amplifying Tome,Amplifying Tome,Oracle Lens,Iceborn Gauntlet,Blade of The Ruined King,Kraken Slayer,Executioner's Calling,Plated Steelcaps,No_Item,Stealth Ward,Lich Bane,Dark Seal,Control Ward,Sorcerer's Shoes,Rabadon's Deathcap,No_Item,Oracle Lens,Doran's Ring,Refillable Potion,Amplifying Tome,Malignance,Shadowflame,Sorcerer's Shoes,Stealth Ward,Boots of Swiftness,Refillable Potion,Manamune,Doran's Blade,Trinity Force,No_Item,Farsight Alteration,Dream Maker,Control Ward,Ionian Boots of Lucidity,Staff of Flowing Water,Imperial Mandate,No_Item,Oracle Lens,Conqueror,Resolve,Hail of Blades,Inspiration,Electrocute,Resolve,Arcane Comet,Precision,Electrocute,Sorcery,Conqueror,Inspiration,Dark Harvest,Precision,Arcane Comet,Domination,Conqueror,Inspiration,Summon Aery,Resolve,Flash,Teleport,Smite,Ignite,Teleport,Flash,Flash,Teleport,Flash,Ignite,Teleport,Flash,Smite,Flash,Flash,Teleport,Flash,Barrier,Flash,Heal,0,0,0,1,6,1
https://www.op.gg/summoners/euw/SRTSS-EUW/matches/uRd1PvnOddqIxxzF-dISG8jvEwlHw90VFkJitXmnuPs%3D/1732658167000,1,32,26,26,32,45,66,102,137,63,39,3,2,1,0,11,4,4,2,74151,64479,17.0,16.0,1115,1031,30.8,28.5,9672,-9672,2041.8391304347824,1775.5086956521739,Aurora,Viego,Taliyah,Ashe,Nautilus,Karma,Wukong,LeBlanc,Ezreal,Renata Glasc,Needlessly Large Rod,Shadowflame,Malignance,Void Staff,Sorcerer's Shoes,Needlessly Large Rod,Stealth Ward,Mercury's Treads,Trinity Force,B. F. Sword,Sterak's Gage,Wit's End,Sundered Sky,Oracle Lens,Sorcerer's Shoes,Zhonya's Hourglass,Verdant Barrier,Void Staff,Luden's Companion,Horizon Focus,Farsight Alteration,Infinity Edge,Kraken Slayer,Berserker's Greaves,Long Sword,Phantom Dancer,Mortal Reminder,Farsight Alteration,Bloodsong,Locket of the Iron Solari,Knight's Vow,No_Item,Plated Steelcaps,Bramble Vest,Oracle Lens,Imperial Mandate,Redemption,No_Item,Ionian Boots of Lucidity,Moonstone Renewer,Dawncore,Farsight Alteration,Sundered Sky,Trinity Force,Steel Sigil,Mercury's Treads,No_Item,Sterak's Gage,Oracle Lens,Banshee's Veil,Control Ward,Rabadon's Deathcap,Luden's Companion,Void Staff,Ionian Boots of Lucidity,Farsight Alteration,Spear of Shojin,Muramana,Ionian Boots of Lucidity,Trinity Force,Serylda's Grudge,B. F. Sword,Farsight Alteration,Chain Vest,Locket of the Iron Solari,Mikael's Blessing,Solstice Sleigh,Boots of Swiftness,Kindlegem,Oracle Lens,Electrocute,Sorcery,Conqueror,Inspiration,Electrocute,Precision,Lethal Tempo,Inspiration,Aftershock,Inspiration,Arcane Comet,Precision,Conqueror,Inspiration,Electrocute,Sorcery,Conqueror,Sorcery,Guardian,Domination,Flash,Teleport,Flash,Smite,Teleport,Flash,Flash,Barrier,Flash,Ignite,Flash,Teleport,Smite,Flash,Flash,Teleport,Flash,Barrier,Flash,Heal,0,4,3,1,2,0
