GAME_ID,BLUE_WIN,BLUE_KILLS,RED_KILLS,BLUE_DEATHS,RED_DEATHS,RED_ASSISTS,BLUE_ASSISTS,BLUE_WARDS_PLACED,RED_WARDS_PLACED,BLUE_WARDS_DESTROYED,RED_WARDS_DESTROYED,BLUE_DRAGONS,RED_DRAGONS,BLUE_BARONS,RED_BARONS,BLUE_TOWERS,RED_TOWERS,BLUE_ELITE_MONSTERS,RED_ELITE_MONSTERS,BLUE_TEAM_GOLD,RED_TEAM_GOLD,BLUE_TEAM_LEVEL,RED_TEAM_LEVEL,BLUE_TEAM_CS,RED_TEAM_CS,BLUE_TEAAM_CS_PER_MINUTE,RED_TEAAM_CS_PER_MINUTE,BLUE_GOLD_DIFF,RED_GOLD_DIFF,BLUE_GOLD_PER_MIN,RED_GOLD_PER_MIN,BLUE_TEAM_TOP,BLUE_TEAM_JNG,BLUE_TEAM_MID,BLUE_TEAM_ADC,BLUE_TEAM_SUP,RED_TEAM_TOP,RED_TEAM_JNG,RED_TEAM_MID,RED_TEAM_ADC,RED_TEAM_SUP,BLLUE_TEAM_TOP_ITEM_1,BLLUE_TEAM_TOP_ITEM_2,BLLUE_TEAM_TOP_ITEM_3,BLLUE_TEAM_TOP_ITEM_4,BLLUE_TEAM_TOP_ITEM_5,BLLUE_TEAM_TOP_ITEM_6,BLLUE_TEAM_TOP_ITEM_VISION,BLLUE_TEAM_JNG_ITEM_1,BLLUE_TEAM_JNG_ITEM_2,BLLUE_TEAM_JNG_ITEM_3,BLLUE_TEAM_JNG_ITEM_4,BLLUE_TEAM_JNG_ITEM_5,BLLUE_TEAM_JNG_ITEM_6,BLLUE_TEAM_JNG_ITEM_VISION,BLLUE_TEAM_MID_ITEM_1,BLLUE_TEAM_MID_ITEM_2,BLLUE_TEAM_MID_ITEM_3,BLLUE_TEAM_MID_ITEM_4,BLLUE_TEAM_MID_ITEM_5,BLLUE_TEAM_MID_ITEM_6,BLLUE_TEAM_MID_ITEM_VISION,BLLUE_TEAM_ADC_ITEM_1,BLLUE_TEAM_ADC_ITEM_2,BLLUE_TEAM_ADC_ITEM_3,BLLUE_TEAM_ADC_ITEM_4,BLLUE_TEAM_ADC_ITEM_5,BLLUE_TEAM_ADC_ITEM_6,BLLUE_TEAM_ADC_ITEM_VISION,BLLUE_TEAM_SUP_ITEM_1,BLLUE_TEAM_SUP_ITEM_2,BLLUE_TEAM_SUP_ITEM_3,BLLUE_TEAM_SUP_ITEM_4,BLLUE_TEAM_SUP_ITEM_5,BLLUE_TEAM_SUP_ITEM_6,BLLUE_TEAM_SUP_ITEM_VISION,RED_TEAM_TOP_ITEM_1,RED_TEAM_TOP_ITEM_2,RED_TEAM_TOP_ITEM_3,RED_TEAM_TOP_ITEM_4,RED_TEAM_TOP_ITEM_5,RED_TEAM_TOP_ITEM_6,RED_TEAM_TOP_ITEM_VISION,RED_TEAM_JNG_ITEM_1,RED_TEAM_JNG_ITEM_2,RED_TEAM_JNG_ITEM_3,RED_TEAM_JNG_ITEM_4,RED_TEAM_JNG_ITEM_5,RED_TEAM_JNG_ITEM_6,RED_TEAM_JNG_ITEM_VISION,RED_TEAM_MID_ITEM_1,RED_TEAM_MID_ITEM_2,RED_TEAM_MID_ITEM_3,RED_TEAM_MID_ITEM_4,RED_TEAM_MID_ITEM_5,RED_TEAM_MID_ITEM_6,RED_TEAM_MID_ITEM_VISION,RED_TEAM_ADC_ITEM_1,RED_TEAM_ADC_ITEM_2,RED_TEAM_ADC_ITEM_3,RED_TEAM_ADC_ITEM_4,RED_TEAM_ADC_ITEM_5,RED_TEAM_ADC_ITEM_6,RED_TEAM_ADC_ITEM_VISION,RED_TEAM_SUP_ITEM_1,RED_TEAM_SUP_ITEM_2,RED_TEAM_SUP_ITEM_3,RED_TEAM_SUP_ITEM_4,RED_TEAM_SUP_ITEM_5,RED_TEAM_SUP_ITEM_6,RED_TEAM_SUP_ITEM_VISION,BLUE_TEAM_TOP_RUNE_01,BLUE_TEAM_TOP_RUNE_02,BLUE_TEAM_JNG_RUNE_01,BLUE_TEAM_JNG_RUNE_02,BLUE_TEAM_MID_RUNE_01,BLUE_TEAM_MID_RUNE_02,BLUE_TEAM_ADC_RUNE_01,BLUE_TEAM_ADC_RUNE_02,BLUE_TEAM_SUP_RUNE_01,BLUE_TEAM_SUP_RUNE_02,RED_TEAM_TOP_RUNE_01,RED_TEAM_TOP_RUNE_02,RED_TEAM_JNG_RUNE_01,RED_TEAM_JNG_RUNE_02,RED_TEAM_MID_RUNE_01,RED_TEAM_MID_RUNE_02,RED_TEAM_ADC_RUNE_01,RED_TEAM_ADC_RUNE_02,RED_TEAM_SUP_RUNE_01,RED_TEAM_SUP_RUNE_02,BLUE_TEAM_TOP_SUMMONER_01,BLUE_TEAM_TOP_SUMMONER_02,BLUE_TEAM_JNG_SUMMONER_01,BLUE_TEAM_JNG_SUMMONER_02,BLUE_TEAM_MID_SUMMONER_01,BLUE_TEAM_MID_SUMMONER_02,BLUE_TEAM_ADC_SUMMONER_01,BLUE_TEAM_ADC_SUMMONER_02,BLUE_TEAM_SUP_SUMMONER_01,BLUE_TEAM_SUP_SUMMONER_02,RED_TEAM_TOP_SUMMONER_01,RED_TEAM_TOP_SUMMONER_02,RED_TEAM_JNG_SUMMONER_01,RED_TEAM_JNG_SUMMONER_02,RED_TEAM_MID_SUMMONER_01,RED_TEAM_MID_SUMMONER_02,RED_TEAM_ADC_SUMMONER_01,RED_TEAM_ADC_SUMMONER_02,RED_TEAM_SUP_SUMMONER_01,RED_TEAM_SUP_SUMMONER_02,BLUE_TEAM_RIFT_HERALDS,BLUE_TEAM_VOID_GRUBS,BLUE_TEAM_INHIBITORS,RED_TEAM_RIFT_HERALDS,RED_TEAM_VOID_GRUBS,RED_TEAM_INHIBITORS
https://www.op.gg/summoners/euw/Carnag%CE%B5-EUW/matches/uRd1PvnOddpp4E0qa-LS5MOC7L519YJ8h-f8oWYD1tQ%3D/1734614472000,1,30,23,23,30,48,53,117,112,55,52,3,2,1,1,9,6,4,3,76204,73801,16.8,17.2,1232,1187,33.1,32.0,2403,-2403,2048.989728096677,1984.3773413897284,Kayle,Wukong,Zed,Ziggs,Karma,Ambessa,Viego,Sylas,Caitlyn,Bard,Blighting Jewel,Shadowflame,Nashor's Tooth,Rabadon's Deathcap,Lich Bane,Boots of Swiftness,Farsight Alteration,Trinity Force,Control Ward,Plated Steelcaps,Black Cleaver,Sundered Sky,Tunneler,Oracle Lens,Eclipse,Voltaic Cyclosword,Serylda's Grudge,Serpent's Fang,Executioner's Calling,Ionian Boots of Lucidity,Oracle Lens,Sorcerer's Shoes,Mejai's Soulstealer,Void Staff,Luden's Companion,Horizon Focus,Shadowflame,Farsight Alteration,Solstice Sleigh,Shurelya's Battlesong,Redemption,Control Ward,Boots of Swiftness,Kindlegem,Oracle Lens,Spear of Shojin,Eclipse,Death's Dance,Mercury's Treads,Maw of Malmortius,Giant's Belt,Farsight Alteration,Titanic Hydra,Kraken Slayer,Caulfield's Warhammer,Sterak's Gage,Mercury's Treads,Steel Sigil,Oracle Lens,Hextech Rocketbelt,Zhonya's Hourglass,Cosmic Drive,Sorcerer's Shoes,Needlessly Large Rod,Needlessly Large Rod,Oracle Lens,Infinity Edge,Rapid Firecannon,Lord Dominik's Regards,The Collector,Plated Steelcaps,Bloodthirster,Farsight Alteration,Redemption,Bloodsong,Locket of the Iron Solari,Mercury's Treads,No_Item,Dead Man's Plate,Oracle Lens,Press the Attack,Sorcery,Conqueror,Inspiration,Conqueror,Resolve,Summon Aery,Precision,Arcane Comet,Domination,Conqueror,Resolve,Conqueror,Inspiration,Conqueror,Sorcery,Hail of Blades,Inspiration,Guardian,Domination,Flash,Teleport,Flash,Smite,Flash,Teleport,Teleport,Flash,Flash,Heal,Flash,Teleport,Flash,Smite,Flash,Teleport,Flash,Teleport,Flash,Ignite,0,3,2,1,3,0
https://www.op.gg/summoners/euw/Carnag%CE%B5-EUW/matches/uRd1PvnOddp-iGaUUHf5lN3zs0JEWzCkvFn1g_AOK5o%3D/1734526911000,0,33,41,41,33,58,45,102,63,19,32,3,2,0,2,7,9,3,4,64151,66619,15.0,16.2,990,903,33.1,30.2,-2468,2468,2148.0425339366516,2230.681447963801,Ambessa,Rengar,Taliyah,Caitlyn,Pyke,K'Sante,Viego,Sylas,Ashe,Bard,Edge of Night,Serylda's Grudge,Voltaic Cyclosword,Plated Steelcaps,Serrated Dirk,Cull,Stealth Ward,Ionian Boots of Lucidity,Profane Hydra,Youmuu's Ghostblade,Serpent's Fang,Lord Dominik's Regards,Serrated Dirk,Oracle Lens,Sorcerer's Shoes,Liandry's Torment,Doran's Ring,Seraph's Embrace,Blighting Jewel,No_Item,Farsight Alteration,Lord Dominik's Regards,The Collector,Infinity Edge,Rapid Firecannon,Bloodthirster,Berserker's Greaves,Farsight Alteration,Celestial Opposition,Youmuu's Ghostblade,Control Ward,Mercury's Treads,Serrated Dirk,Tunneler,Oracle Lens,"Jak'Sho, The Protean",Randuin's Omen,Iceborn Gauntlet,Plated Steelcaps,Tear of the Goddess,Ruby Crystal,Stealth Ward,Kraken Slayer,Plated Steelcaps,Titanic Hydra,Sundered Sky,Sterak's Gage,Ruby Crystal,Oracle Lens,Zhonya's Hourglass,Hextech Rocketbelt,Dark Seal,Shadowflame,Stormsurge,Sorcerer's Shoes,Oracle Lens,Berserker's Greaves,Runaan's Hurricane,Statikk Shiv,Doran's Blade,Bloodthirster,B. F. Sword,Farsight Alteration,Dead Man's Plate,Plated Steelcaps,Bloodsong,Statikk Shiv,Warden's Mail,Ruby Crystal,Oracle Lens,Electrocute,Inspiration,Conqueror,Domination,Phase Rush,Resolve,Lethal Tempo,Sorcery,Hail of Blades,Sorcery,Grasp of the Undying,Inspiration,Conqueror,Inspiration,Electrocute,Resolve,Lethal Tempo,Inspiration,Guardian,Inspiration,Flash,Teleport,Flash,Smite,Teleport,Flash,Barrier,Flash,Ignite,Flash,Teleport,Flash,Flash,Smite,Flash,Teleport,Barrier,Flash,Ignite,Flash,1,6,0,0,0,1
https://www.op.gg/summoners/euw/Carnag%CE%B5-EUW/matches/uRd1PvnOddr4_oTz_V6nBCNgNC21lf6W-3UfSrt2i70%3D/1734470137000,0,37,35,35,37,53,68,87,94,28,20,0,5,1,1,4,11,1,6,66442,72541,16.0,16.6,946,970,27.3,28.0,-6099,6099,1912.2331707317076,2087.7653658536587,Galio,Viego,Kennen,Ashe,Milio,Vladimir,Graves,Garen,Varus,Blitzcrank,Riftmaker,Plated Steelcaps,Zhonya's Hourglass,Cloth Armor,Hollow Radiance,Cloth Armor,Stealth Ward,Titanic Hydra,Kraken Slayer,Immortal Shieldbow,Plated Steelcaps,B. F. Sword,Steel Sigil,Oracle Lens,Hextech Rocketbelt,Zhonya's Hourglass,Rabadon's Deathcap,Sorcerer's Shoes,Void Staff,Shadowflame,Oracle Lens,Kraken Slayer,Phantom Dancer,Mortal Reminder,Doran's Blade,Berserker's Greaves,Vampiric Scepter,Farsight Alteration,Dream Maker,Moonstone Renewer,Redemption,Bandleglass Mirror,Ionian Boots of Lucidity,Oblivion Orb,Oracle Lens,Boots of Swiftness,Cosmic Drive,Riftmaker,Blighting Jewel,Rabadon's Deathcap,No_Item,Farsight Alteration,Lord Dominik's Regards,The Collector,Mercury's Treads,Immortal Shieldbow,B. F. Sword,Cloak of Agility,Oracle Lens,Stridebreaker,Last Whisper,The Collector,Phantom Dancer,Executioner's Calling,Mercury's Treads,Oracle Lens,Youmuu's Ghostblade,Muramana,Opportunity,Boots of Swiftness,Serylda's Grudge,No_Item,Farsight Alteration,Bloodsong,Trailblazer,Locket of the Iron Solari,Control Ward,Knight's Vow,Boots of Swiftness,Oracle Lens,Aftershock,Sorcery,Conqueror,Inspiration,Electrocute,Precision,Lethal Tempo,Inspiration,Summon Aery,Resolve,Summon Aery,Precision,Dark Harvest,Precision,Phase Rush,Resolve,Arcane Comet,Precision,Glacial Augment,Sorcery,Flash,Teleport,Flash,Smite,Teleport,Flash,Flash,Barrier,Heal,Flash,Flash,Ignite,Smite,Flash,Flash,Ignite,Flash,Cleanse,Flash,Ignite,0,3,0,1,3,3
https://www.op.gg/summoners/euw/Carnag%CE%B5-EUW/matches/uRd1PvnOddrdds4UP5abaQx1fztWz9qKQ8gNYa50854%3D/1734373961000,0,16,30,30,16,60,25,59,61,24,29,0,4,0,1,2,8,0,5,43236,54797,12.2,14.0,742,815,29.5,32.6,-11561,11561,1729.44,2191.88,Yone,Ekko,Kassadin,Ashe,Viego,Jax,Ivern,Garen,Viktor,Nautilus,Immortal Shieldbow,Control Ward,No_Item,Blade of The Ruined King,Berserker's Greaves,Doran's Shield,Stealth Ward,Hextech Rocketbelt,Dark Seal,Blasting Wand,Mercury's Treads,Fiendish Codex,Recurve Bow,Stealth Ward,Dark Seal,No_Item,Zhonya's Hourglass,Malignance,Sorcerer's Shoes,Seraph's Embrace,Oracle Lens,Doran's Blade,Statikk Shiv,Runaan's Hurricane,Last Whisper,Berserker's Greaves,Long Sword,Farsight Alteration,Refillable Potion,Celestial Opposition,Ruby Crystal,Mercury's Treads,Blade of The Ruined King,Long Sword,Oracle Lens,Sundered Sky,Trinity Force,No_Item,Plated Steelcaps,Dagger,Null-Magic Mantle,Stealth Ward,Moonstone Renewer,Redemption,Mejai's Soulstealer,Ionian Boots of Lucidity,Blasting Wand,Forbidden Idol,Oracle Lens,Stridebreaker,No_Item,Refillable Potion,Phantom Dancer,Serrated Dirk,Boots of Swiftness,Oracle Lens,Rabadon's Deathcap,Blackfire Torch,Sorcerer's Shoes,Mejai's Soulstealer,Shadowflame,Haunting Guise,Stealth Ward,Celestial Opposition,No_Item,Locket of the Iron Solari,Plated Steelcaps,Negatron Cloak,Kindlegem,Oracle Lens,Grasp of the Undying,Precision,Dark Harvest,Inspiration,Electrocute,Sorcery,Lethal Tempo,Inspiration,Conqueror,Resolve,Press the Attack,Resolve,Glacial Augment,Resolve,Phase Rush,Resolve,Summon Aery,Precision,Aftershock,Inspiration,Teleport,Flash,Flash,Smite,Flash,Teleport,Barrier,Flash,Flash,Ignite,Flash,Teleport,Flash,Smite,Flash,Ignite,Flash,Teleport,Flash,Ignite,0,6,0,1,0,1
https://www.op.gg/summoners/euw/Carnag%CE%B5-EUW/matches/uRd1PvnOddo8lIWYVuJmuBXdnYawzPYx1XBFzuMt6ws%3D/1734284008000,1,44,39,39,44,69,90,75,103,35,22,3,3,2,0,11,5,5,3,82200,76876,17.4,17.0,1006,1166,26.2,30.4,5324,-5324,2144.347826086957,2005.4608695652175,Yorick,Xin Zhao,Aurora,Ashe,Lulu,Gnar,Vi,Aurelion Sol,Varus,Swain,Pickaxe,Serylda's Grudge,Hullbreaker,Negatron Cloak,Boots of Swiftness,Stridebreaker,Stealth Ward,Plated Steelcaps,Spirit Visage,Titanic Hydra,Sundered Sky,Black Cleaver,Chempunk Chainsword,Oracle Lens,Void Staff,Shadowflame,No_Item,Sorcerer's Shoes,Malignance,Rabadon's Deathcap,Farsight Alteration,B. F. Sword,Statikk Shiv,Berserker's Greaves,Runaan's Hurricane,Lord Dominik's Regards,Bloodthirster,Farsight Alteration,Dream Maker,Shurelya's Battlesong,Locket of the Iron Solari,Redemption,Ionian Boots of Lucidity,Ardent Censer,Oracle Lens,Sterak's Gage,Thornmail,Plated Steelcaps,Black Cleaver,Trinity Force,Wit's End,Oracle Lens,Black Cleaver,Plated Steelcaps,Chempunk Chainsword,No_Item,Sundered Sky,No_Item,Oracle Lens,Rylai's Crystal Scepter,Zhonya's Hourglass,Sorcerer's Shoes,Liandry's Torment,Rabadon's Deathcap,Void Staff,Farsight Alteration,Edge of Night,Youmuu's Ghostblade,Last Whisper,Serpent's Fang,Muramana,Boots of Swiftness,Farsight Alteration,Solstice Sleigh,Zhonya's Hourglass,Rylai's Crystal Scepter,Plated Steelcaps,Unending Despair,Control Ward,Oracle Lens,Unsealed Spellbook,Resolve,Conqueror,Inspiration,Electrocute,Sorcery,Lethal Tempo,Inspiration,Summon Aery,Domination,Grasp of the Undying,Precision,Conqueror,Inspiration,Arcane Comet,Resolve,Hail of Blades,Inspiration,Summon Aery,Resolve,Flash,Teleport,Flash,Smite,Teleport,Flash,Flash,Barrier,Heal,Flash,Flash,Teleport,Smite,Flash,Teleport,Flash,Flash,Cleanse,Ignite,Flash,1,6,5,0,0,0
https://www.op.gg/summoners/euw/Carnag%CE%B5-EUW/matches/uRd1PvnOddokJ7u4H6C2Q0JyC0lJtF88Od6qkZQmm8Y%3D/1734093161000,1,27,30,30,27,48,51,104,123,45,40,2,4,2,0,7,8,4,4,81742,75470,17.6,17.2,1369,1245,33.5,30.5,6272,-6272,2008.19446366782,1854.107266435986,Riven,Viego,Viktor,Sivir,Lulu,Gragas,Wukong,Kassadin,Smolder,Alistar,Death's Dance,Eclipse,Maw of Malmortius,Sundered Sky,Ionian Boots of Lucidity,Pickaxe,Oracle Lens,Titanic Hydra,Kraken Slayer,Sterak's Gage,Sundered Sky,No_Item,Plated Steelcaps,Oracle Lens,Rabadon's Deathcap,Banshee's Veil,Liandry's Torment,Sorcerer's Shoes,Shadowflame,Blackfire Torch,Farsight Alteration,B. F. Sword,Berserker's Greaves,Yun Tal Wildarrows,Infinity Edge,Mortal Reminder,Navori Flickerblade,Farsight Alteration,Redemption,Ardent Censer,Null-Magic Mantle,Moonstone Renewer,Ionian Boots of Lucidity,Dream Maker,Oracle Lens,Zhonya's Hourglass,Ionian Boots of Lucidity,Rabadon's Deathcap,Fimbulwinter,Cosmic Drive,Ruby Crystal,Oracle Lens,Black Cleaver,Control Ward,Sterak's Gage,Sundered Sky,Guardian Angel,Plated Steelcaps,Oracle Lens,Dark Seal,Shattered Armguard,Rod of Ages,Seraph's Embrace,Rabadon's Deathcap,Malignance,Stealth Ward,Bloodthirster,Lord Dominik's Regards,Boots of Swiftness,Rapid Firecannon,Hubris,Muramana,Farsight Alteration,Celestial Opposition,Locket of the Iron Solari,Control Ward,Knight's Vow,Abyssal Mask,Boots of Swiftness,Oracle Lens,Conqueror,Sorcery,Conqueror,Inspiration,Summon Aery,Precision,Lethal Tempo,Sorcery,Summon Aery,Resolve,Phase Rush,Precision,Conqueror,Inspiration,Electrocute,Precision,Arcane Comet,Precision,Aftershock,Inspiration,Flash,Ignite,Flash,Smite,Flash,Teleport,Flash,Ghost,Exhaust,Flash,Flash,Teleport,Flash,Smite,Teleport,Flash,Flash,Teleport,Flash,Ignite,1,6,1,0,0,1
https://www.op.gg/summoners/euw/Carnag%CE%B5-EUW/matches/uRd1PvnOddo1O_i6RUb0a2Ea_EEAKty9kgD9iT00rMg%3D/1733953314000,1,36,20,21,36,32,44,50,45,10,11,2,0,1,0,11,0,3,0,56780,40527,13.8,12.2,763,598,33.699999999999996,26.6,16253,-16253,2527.6258064516132,1804.1051612903227,Gangplank,Lillia,Yasuo,Ashe,Nautilus,Nasus,Wukong,Ahri,Hwei,Zac,Doran's Shield,Lord Dominik's Regards,Trinity Force,Boots of Swiftness,The Collector,Noonquiver,Oracle Lens,Riftmaker,No_Item,Mejai's Soulstealer,Mercury's Treads,Liandry's Torment,No_Item,Oracle Lens,Doran's Shield,Blade of The Ruined King,Berserker's Greaves,Immortal Shieldbow,Cloak of Agility,B. F. Sword,Farsight Alteration,Bloodthirster,Control Ward,No_Item,Phantom Dancer,Berserker's Greaves,Kraken Slayer,Farsight Alteration,Bloodsong,Locket of the Iron Solari,No_Item,Negatron Cloak,Mercury's Treads,Kindlegem,Oracle Lens,Cloth Armor,Glacial Buckler,Trinity Force,Plated Steelcaps,Cloth Armor,No_Item,Stealth Ward,Trinity Force,Slightly Magical Footwear,Sundered Sky,Phage,Kindlegem,Pickaxe,Oracle Lens,Doran's Ring,Fiendish Codex,Dark Seal,Malignance,Sorcerer's Shoes,Fiendish Codex,Farsight Alteration,Liandry's Torment,Control Ward,Blackfire Torch,Needlessly Large Rod,Needlessly Large Rod,Ionian Boots of Lucidity,Farsight Alteration,Zeke's Convergence,Refillable Potion,Celestial Opposition,Ionian Boots of Lucidity,Negatron Cloak,Kindlegem,Oracle Lens,Grasp of the Undying,Sorcery,Conqueror,Inspiration,Grasp of the Undying,Precision,Lethal Tempo,Inspiration,Aftershock,Inspiration,Fleet Footwork,Resolve,Conqueror,Inspiration,Summon Aery,Precision,Arcane Comet,Precision,Aftershock,Precision,Flash,Teleport,Smite,Flash,Teleport,Flash,Cleanse,Flash,Flash,Ignite,Ghost,Teleport,Flash,Smite,Teleport,Flash,Flash,Teleport,Flash,Ignite,1,6,3,0,0,0
https://www.op.gg/summoners/euw/Carnag%CE%B5-EUW/matches/uRd1PvnOddrR3ok93nZkqxL5RDvQnyg147yDA3tuiaY%3D/1733951264000,1,28,19,19,28,28,40,59,68,21,26,1,2,1,0,9,1,2,2,53985,44073,14.0,12.4,785,738,33.1,31.2,9912,-9912,2281.5089285714284,1862.6089285714286,Yone,Skarner,Viktor,Ezreal,Zac,Heimerdinger,Wukong,Kassadin,Ashe,Rakan,Infinity Edge,No_Item,Immortal Shieldbow,Doran's Shield,Berserker's Greaves,Blade of The Ruined King,Oracle Lens,Dead Man's Plate,Heartsteel,Sterak's Gage,Slightly Magical Footwear,Null-Magic Mantle,No_Item,Oracle Lens,Sorcerer's Shoes,Refillable Potion,Needlessly Large Rod,Luden's Companion,Doran's Ring,Lich Bane,Farsight Alteration,Doran's Blade,Caulfield's Warhammer,Ionian Boots of Lucidity,Trinity Force,Tear of the Goddess,No_Item,Stealth Ward,Celestial Opposition,Knight's Vow,Ionian Boots of Lucidity,Zeke's Convergence,Ruby Crystal,No_Item,Oracle Lens,Malignance,No_Item,Rylai's Crystal Scepter,Sorcerer's Shoes,No_Item,Doran's Ring,Stealth Ward,Black Cleaver,Hexdrinker,Boots of Swiftness,Trinity Force,Long Sword,Long Sword,Oracle Lens,Doran's Shield,Malignance,Seraph's Embrace,Ionian Boots of Lucidity,Dark Seal,Needlessly Large Rod,Oracle Lens,Doran's Blade,Berserker's Greaves,Statikk Shiv,Runaan's Hurricane,Executioner's Calling,No_Item,Farsight Alteration,Solstice Sleigh,Kindlegem,Zeke's Convergence,Control Ward,No_Item,Mercury's Treads,Oracle Lens,Fleet Footwork,Resolve,Aftershock,Inspiration,First Strike,Sorcery,Press the Attack,Inspiration,Aftershock,Precision,Electrocute,Sorcery,Conqueror,Inspiration,Fleet Footwork,Resolve,Lethal Tempo,Inspiration,Guardian,Domination,Flash,Teleport,Smite,Flash,Flash,Teleport,Flash,Cleanse,Flash,Ignite,Teleport,Flash,Flash,Smite,Teleport,Flash,Barrier,Flash,Flash,Heal,1,6,2,0,0,0
https://www.op.gg/summoners/euw/Carnag%CE%B5-EUW/matches/uRd1PvnOddqrecJTuEO3fU-qhMVGn2Kd61tB9ZKlowc%3D/1733942011000,1,38,26,26,38,49,77,73,67,21,17,3,1,2,0,11,3,5,1,66878,56806,16.6,14.6,956,845,30.5,26.900000000000002,10072,-10072,2143.525641025641,1820.7051282051282,Aurora,Hecarim,Jayce,Hwei,Rell,Sion,Ivern,Yone,Ashe,Zac,Sorcerer's Shoes,Liandry's Torment,Shadowflame,Rabadon's Deathcap,Void Staff,No_Item,Oracle Lens,Black Cleaver,Ionian Boots of Lucidity,Eclipse,Iceborn Gauntlet,Pickaxe,Tunneler,Oracle Lens,Serpent's Fang,Ionian Boots of Lucidity,Youmuu's Ghostblade,Serylda's Grudge,Edge of Night,B. F. Sword,Farsight Alteration,Sorcerer's Shoes,Mejai's Soulstealer,Blasting Wand,Blackfire Torch,Liandry's Torment,Horizon Focus,Farsight Alteration,Kindlegem,Bloodsong,No_Item,Ionian Boots of Lucidity,Heartsteel,Bramble Vest,Oracle Lens,Doran's Shield,Plated Steelcaps,Hollow Radiance,Unending Despair,Negatron Cloak,Giant's Belt,Oracle Lens,Ardent Censer,Ionian Boots of Lucidity,Redemption,Mikael's Blessing,Moonstone Renewer,Dark Seal,Oracle Lens,Berserker's Greaves,Immortal Shieldbow,"Jak'Sho, The Protean",Blade of The Ruined King,Wit's End,Cloak of Agility,Farsight Alteration,Statikk Shiv,Phantom Dancer,Bloodthirster,Doran's Blade,Berserker's Greaves,Pickaxe,Farsight Alteration,Celestial Opposition,Zeke's Convergence,Knight's Vow,Ionian Boots of Lucidity,Spirit Visage,No_Item,Oracle Lens,Electrocute,Sorcery,Conqueror,Sorcery,Electrocute,Sorcery,Arcane Comet,Precision,Aftershock,Inspiration,Aftershock,Inspiration,Glacial Augment,Sorcery,Fleet Footwork,Resolve,Lethal Tempo,Inspiration,Aftershock,Precision,Teleport,Flash,Ghost,Smite,Flash,Teleport,Flash,Teleport,Flash,Ignite,Flash,Teleport,Flash,Smite,Flash,Teleport,Flash,Cleanse,Flash,Ignite,1,3,3,0,3,0
https://www.op.gg/summoners/euw/Carnag%CE%B5-EUW/matches/uRd1PvnOddqY5njLcbofay7VM0LNPtpMbNJMQhSRypc%3D/1733427373000,1,30,19,19,30,23,47,64,110,38,18,3,1,1,0,9,4,4,1,70816,60013,16.6,15.8,1098,1046,32.3,30.8,10803,-10803,2071.4884353741495,1755.4823129251702,Gragas,Viego,Qiyana,Ashe,Neeko,Zilean,Kayn,Cassiopeia,Yasuo,Senna,Lost Chapter,Seeker's Armguard,Rabadon's Deathcap,Cosmic Drive,Lich Bane,Boots of Swiftness,Stealth Ward,Sundered Sky,Plated Steelcaps,Titanic Hydra,Guardian Angel,Kraken Slayer,Sterak's Gage,Oracle Lens,Youmuu's Ghostblade,B. F. Sword,Edge of Night,Serpent's Fang,Ionian Boots of Lucidity,Serylda's Grudge,Oracle Lens,Kraken Slayer,Phantom Dancer,Berserker's Greaves,Doran's Blade,Bloodthirster,No_Item,Farsight Alteration,Ionian Boots of Lucidity,Hextech Rocketbelt,Celestial Opposition,Oblivion Orb,No_Item,Zhonya's Hourglass,Oracle Lens,Seraph's Embrace,Frozen Heart,Ionian Boots of Lucidity,Kindlegem,Fiendish Codex,Aether Wisp,Stealth Ward,Opportunity,Youmuu's Ghostblade,Serylda's Grudge,No_Item,Ionian Boots of Lucidity,No_Item,Oracle Lens,Seraph's Embrace,Rod of Ages,Zhonya's Hourglass,Null-Magic Mantle,Amplifying Tome,Rylai's Crystal Scepter,Farsight Alteration,Negatron Cloak,Blade of The Ruined King,Berserker's Greaves,Immortal Shieldbow,Infinity Edge,Iceborn Gauntlet,Farsight Alteration,Black Cleaver,Boots of Swiftness,Control Ward,Bloodsong,Phantom Dancer,Serrated Dirk,Oracle Lens,Phase Rush,Precision,Conqueror,Inspiration,Electrocute,Precision,Lethal Tempo,Inspiration,Arcane Comet,Domination,Summon Aery,Inspiration,Dark Harvest,Inspiration,Conqueror,Resolve,Lethal Tempo,Resolve,Grasp of the Undying,Precision,Teleport,Flash,Flash,Smite,Flash,Teleport,Flash,Barrier,Flash,Ignite,Teleport,Flash,Smite,Flash,Teleport,Flash,Exhaust,Flash,Flash,Heal,0,6,2,1,0,0
https://www.op.gg/summoners/euw/Carnag%CE%B5-EUW/matches/uRd1PvnOddobYd1D9yK1qtiWE-FScwwIOJT31kuPl-o%3D/1732828596000,1,28,16,16,28,26,50,86,46,27,26,1,1,1,0,8,0,2,1,55405,41475,14.2,12.4,751,728,30.400000000000002,29.400000000000002,13930,-13930,2246.8387096774195,1681.935483870968,Gragas,Lee Sin,Renekton,Draven,Pyke,Galio,Jarvan IV,Akali,Ornn,Senna,Ionian Boots of Lucidity,Cosmic Drive,Fimbulwinter,Doran's Ring,Lich Bane,Needlessly Large Rod,Farsight Alteration,Eclipse,Sundered Sky,Black Cleaver,Mercury's Treads,No_Item,No_Item,Stealth Ward,Doran's Shield,Refillable Potion,Stridebreaker,Sterak's Gage,Mercury's Treads,No_Item,Stealth Ward,Doran's Blade,The Collector,Berserker's Greaves,Mortal Reminder,Hubris,No_Item,Farsight Alteration,Umbral Glaive,Celestial Opposition,Edge of Night,No_Item,Long Sword,Boots of Swiftness,Oracle Lens,Riftmaker,Hollow Radiance,Boots,No_Item,Doran's Ring,No_Item,Farsight Alteration,Sterak's Gage,Cloth Armor,Control Ward,Sundered Sky,Slightly Magical Footwear,Cloth Armor,Oracle Lens,Lich Bane,Liandry's Torment,Sorcerer's Shoes,No_Item,No_Item,No_Item,Oracle Lens,Thornmail,Kindlegem,Chain Vest,Frozen Heart,Plated Steelcaps,Ruby Crystal,Stealth Ward,Bloodsong,Plated Steelcaps,Black Cleaver,Control Ward,Rapid Firecannon,Long Sword,Oracle Lens,Phase Rush,Precision,Conqueror,Inspiration,Conqueror,Resolve,Lethal Tempo,Domination,Hail of Blades,Sorcery,Aftershock,Precision,Conqueror,Inspiration,Conqueror,Resolve,Unsealed Spellbook,Resolve,Grasp of the Undying,Precision,Flash,Teleport,Flash,Smite,Flash,Teleport,Flash,Barrier,Flash,Ignite,Flash,Teleport,Flash,Smite,Flash,Teleport,Flash,Teleport,Flash,Heal,1,6,1,0,0,0
https://www.op.gg/summoners/euw/Carnag%CE%B5-EUW/matches/uRd1PvnOddrKgKHpkbDmJoDofpX0cvMYW9N0y0eB5HI%3D/1732823448000,0,17,35,35,17,59,33,62,65,19,23,1,2,0,1,2,10,1,3,50956,60745,14.2,14.8,867,837,31.1,29.900000000000002,-9789,9789,1815.1708154506439,2163.8776824034335,Camille,Nunu & Willump,Veigar,Jinx,Thresh,Darius,Viego,Ashe,Kassadin,Rell,Ravenous Hydra,Tunneler,Boots,Ruby Crystal,Doran's Shield,Trinity Force,Oracle Lens,Frozen Heart,Liandry's Torment,Plated Steelcaps,Dark Seal,Spirit Visage,No_Item,Oracle Lens,Doran's Blade,Rabadon's Deathcap,Fiendish Codex,Blighting Jewel,Rod of Ages,Boots of Swiftness,Farsight Alteration,Doran's Blade,Berserker's Greaves,Yun Tal Wildarrows,Runaan's Hurricane,Infinity Edge,Noonquiver,Farsight Alteration,Celestial Opposition,Locket of the Iron Solari,Control Ward,Ionian Boots of Lucidity,Chain Vest,Kindlegem,Oracle Lens,Giant's Belt,Warden's Mail,"Jak'Sho, The Protean",Sterak's Gage,Mercury's Treads,Trinity Force,Stealth Ward,Kraken Slayer,No_Item,Titanic Hydra,Sterak's Gage,Ruby Crystal,Mercury's Treads,Oracle Lens,Doran's Blade,Blade of The Ruined King,Runaan's Hurricane,Berserker's Greaves,Terminus,Recurve Bow,Farsight Alteration,Rod of Ages,Malignance,Amplifying Tome,Mercury's Treads,Seraph's Embrace,Doran's Shield,Oracle Lens,Bloodsong,Locket of the Iron Solari,Knight's Vow,Control Ward,Kindlegem,Mercury's Treads,Oracle Lens,Conqueror,Resolve,Phase Rush,Precision,Press the Attack,Inspiration,Lethal Tempo,Sorcery,Aftershock,Inspiration,Conqueror,Sorcery,Conqueror,Inspiration,Lethal Tempo,Inspiration,Electrocute,Precision,Aftershock,Inspiration,Flash,Teleport,Smite,Flash,Flash,Teleport,Flash,Cleanse,Flash,Ignite,Ghost,Flash,Flash,Smite,Flash,Cleanse,Teleport,Flash,Flash,Ignite,0,2,0,1,4,2
https://www.op.gg/summoners/euw/Carnag%CE%B5-EUW/matches/uRd1PvnOddrIWS7uMgEMsi_5nUjuzz4VGxf_4ibVl-A%3D/1732818882000,1,36,23,23,36,36,71,100,89,38,30,4,1,0,1,6,5,4,2,61669,59917,15.0,14.6,892,920,28.8,29.7,1752,-1752,2006.1,1949.1072289156627,K'Sante,Xin Zhao,Azir,Ashe,Bard,Darius,Vi,Ahri,Corki,Leona,Plated Steelcaps,Unending Despair,Iceborn Gauntlet,Null-Magic Mantle,Glowing Mote,No_Item,Stealth Ward,Black Cleaver,No_Item,Titanic Hydra,Mercury's Treads,Sterak's Gage,Cloth Armor,Oracle Lens,Shadowflame,Zhonya's Hourglass,Berserker's Greaves,Dark Seal,Nashor's Tooth,Blighting Jewel,Farsight Alteration,Mortal Reminder,Kraken Slayer,Phantom Dancer,Infinity Edge,Berserker's Greaves,Long Sword,Farsight Alteration,Bloodsong,Mercury's Treads,Dead Man's Plate,Statikk Shiv,Cloth Armor,Ruby Crystal,Oracle Lens,Death's Dance,Force of Nature,Winged Moonplate,Trinity Force,Sterak's Gage,Mercury's Treads,Farsight Alteration,Warden's Mail,Cloth Armor,Control Ward,Black Cleaver,Mercury's Treads,Sundered Sky,Oracle Lens,Malignance,Liandry's Torment,Sorcerer's Shoes,Dark Seal,Amplifying Tome,Needlessly Large Rod,Stealth Ward,Plated Steelcaps,Trinity Force,Muramana,Infinity Edge,Rapid Firecannon,No_Item,Farsight Alteration,Control Ward,Locket of the Iron Solari,Celestial Opposition,Trailblazer,No_Item,Plated Steelcaps,Oracle Lens,Aftershock,Inspiration,Conqueror,Inspiration,Conqueror,Sorcery,Lethal Tempo,Inspiration,Guardian,Domination,Conqueror,Resolve,Conqueror,Domination,Electrocute,Sorcery,Conqueror,Inspiration,Aftershock,Inspiration,Flash,Teleport,Flash,Smite,Flash,Teleport,Cleanse,Flash,Flash,Ignite,Flash,Ghost,Smite,Flash,Teleport,Flash,Teleport,Flash,Flash,Ignite,0,0,0,1,6,0
https://www.op.gg/summoners/euw/Carnag%CE%B5-EUW/matches/uRd1PvnOddqhPWsmGtcllEKLIIVlGXRdtPg6Rd-_JVs%3D/1732804688000,0,16,36,36,16,60,22,60,64,23,26,1,2,0,1,4,9,1,3,42609,53853,11.8,13.8,632,734,26.8,31.1,-11244,11244,1801.8731343283582,2277.365671641791,Aurora,Skarner,Viktor,Ezreal,Rakan,Azir,Xin Zhao,Ambessa,Caitlyn,Bard,Doran's Ring,Refillable Potion,Luden's Companion,Sorcerer's Shoes,Shadowflame,No_Item,Oracle Lens,Sterak's Gage,Heartsteel,Plated Steelcaps,No_Item,Control Ward,No_Item,Oracle Lens,Doran's Ring,Void Staff,Blackfire Torch,Dark Seal,Sorcerer's Shoes,Needlessly Large Rod,Stealth Ward,Muramana,Ionian Boots of Lucidity,Trinity Force,Tunneler,Pickaxe,Doran's Blade,Farsight Alteration,Dream Maker,Redemption,Synchronized Souls,Kindlegem,Cloth Armor,No_Item,Oracle Lens,Needlessly Large Rod,Nashor's Tooth,Dark Seal,Mercury's Treads,Shadowflame,Sheen,Farsight Alteration,Mercury's Treads,No_Item,Titanic Hydra,Sundered Sky,Spirit Visage,No_Item,Oracle Lens,Voltaic Cyclosword,Spear of Shojin,No_Item,Mercury's Treads,Eclipse,No_Item,Stealth Ward,Doran's Blade,Berserker's Greaves,The Collector,Infinity Edge,No_Item,No_Item,Farsight Alteration,Control Ward,Bloodsong,Dead Man's Plate,Mercury's Treads,Kindlegem,Cloth Armor,Oracle Lens,Summon Aery,Domination,Grasp of the Undying,Inspiration,Summon Aery,Inspiration,Press the Attack,Inspiration,Guardian,Domination,Summon Aery,Resolve,Conqueror,Inspiration,Electrocute,Resolve,Fleet Footwork,Sorcery,Guardian,Domination,Flash,Teleport,Flash,Smite,Flash,Teleport,Flash,Barrier,Flash,Heal,Teleport,Flash,Flash,Smite,Flash,Teleport,Flash,Barrier,Flash,Ignite,1,4,0,0,2,2
https://www.op.gg/summoners/euw/Carnag%CE%B5-EUW/matches/uRd1PvnOddpGkwgl7qWlPrPKZop9oWcxJH8BkgIkVSM%3D/1732743053000,1,34,20,20,34,23,58,64,35,16,14,0,2,0,0,6,0,0,2,48295,38641,12.8,11.4,646,582,31.3,28.099999999999998,9654,-9654,2329.120567375887,1863.5375886524823,Renekton,Taliyah,Corki,Samira,Rell,Ambessa,Udyr,Galio,Brand,Pantheon,Control Ward,Eclipse,Plated Steelcaps,Pickaxe,Black Cleaver,Long Sword,Stealth Ward,Liandry's Torment,Blackfire Torch,Dark Seal,Sorcerer's Shoes,Cosmic Drive,No_Item,Oracle Lens,Cloak of Agility,Last Whisper,Long Sword,Trinity Force,Muramana,Mercury's Treads,Farsight Alteration,Doran's Blade,The Collector,Boots,Infinity Edge,No_Item,No_Item,Farsight Alteration,Kindlegem,Celestial Opposition,Locket of the Iron Solari,No_Item,Null-Magic Mantle,Mercury's Treads,Oracle Lens,Doran's Blade,Pickaxe,Eclipse,Plated Steelcaps,Tunneler,Ruby Crystal,Farsight Alteration,Unending Despair,Dark Seal,Liandry's Torment,Plated Steelcaps,Ruby Crystal,Glowing Mote,Oracle Lens,Doran's Shield,Plated Steelcaps,Hollow Radiance,Amplifying Tome,Cloth Armor,Ruby Crystal,Stealth Ward,Doran's Ring,Liandry's Torment,Sorcerer's Shoes,Dark Seal,Rylai's Crystal Scepter,Amplifying Tome,Farsight Alteration,Hubris,Control Ward,Bloodsong,Boots,Umbral Glaive,No_Item,Oracle Lens,Conqueror,Resolve,First Strike,Precision,Conqueror,Resolve,Conqueror,Domination,Aftershock,Inspiration,Grasp of the Undying,Domination,Conqueror,Inspiration,Aftershock,Sorcery,Arcane Comet,Precision,Conqueror,Domination,Flash,Teleport,Flash,Smite,Flash,Teleport,Flash,Cleanse,Flash,Ignite,Ignite,Teleport,Flash,Smite,Flash,Teleport,Flash,Teleport,Flash,Ignite,1,5,0,0,1,0
https://www.op.gg/summoners/euw/Carnag%CE%B5-EUW/matches/uRd1PvnOddofZOZiXia2pch_IblnvUzAy49Y0I0wPCU%3D/1732739824000,1,31,29,29,31,48,55,82,88,37,23,4,0,1,0,11,4,5,0,71211,62112,16.4,15.4,1100,947,34.4,29.5,9099,-9099,2227.45308056872,1942.8398104265402,Dr. Mundo,Master Yi,LeBlanc,Caitlyn,Lux,Camille,Volibear,Aurora,Jhin,Thresh,Thornmail,Titanic Hydra,Boots of Swiftness,Heartsteel,Warmog's Armor,Hullbreaker,Stealth Ward,Guinsoo's Rageblade,Blade of The Ruined King,Titanic Hydra,Berserker's Greaves,Kraken Slayer,No_Item,Farsight Alteration,Doran's Ring,Sorcerer's Shoes,Luden's Companion,Shadowflame,Rabadon's Deathcap,Amplifying Tome,Oracle Lens,Doran's Blade,Lord Dominik's Regards,The Collector,B. F. Sword,Cloak of Agility,Berserker's Greaves,Farsight Alteration,Plated Steelcaps,Redemption,Celestial Opposition,Oblivion Orb,No_Item,Locket of the Iron Solari,Oracle Lens,Mercury's Treads,Trinity Force,Ravenous Hydra,Control Ward,Sterak's Gage,Long Sword,Oracle Lens,Sundered Sky,Cloth Armor,Plated Steelcaps,Dead Man's Plate,Spirit Visage,Cloth Armor,Oracle Lens,Shadowflame,Sorcerer's Shoes,Stormsurge,Luden's Companion,Needlessly Large Rod,Needlessly Large Rod,Oracle Lens,The Collector,Infinity Edge,B. F. Sword,Rapid Firecannon,Mortal Reminder,Boots of Swiftness,Farsight Alteration,Locket of the Iron Solari,Redemption,Control Ward,Celestial Opposition,Ruby Crystal,Boots of Swiftness,Oracle Lens,Grasp of the Undying,Inspiration,Lethal Tempo,Domination,Electrocute,Sorcery,Lethal Tempo,Sorcery,Aftershock,Domination,Grasp of the Undying,Sorcery,Press the Attack,Sorcery,Electrocute,Resolve,Dark Harvest,Precision,Glacial Augment,Domination,Flash,Teleport,Flash,Smite,Flash,Teleport,Flash,Barrier,Flash,Heal,Ignite,Teleport,Flash,Smite,Flash,Teleport,Barrier,Flash,Ignite,Flash,1,6,2,0,0,0
https://www.op.gg/summoners/euw/Carnag%CE%B5-EUW/matches/uRd1PvnOddqbYCIDi7tQOuJXdQ_lrd2GHGekeC0NxsQ%3D/1732735935000,1,22,8,8,22,12,36,38,49,18,11,1,2,1,0,3,1,2,2,41759,35370,12.2,11.0,638,660,29.6,30.7,6389,-6389,1936.6492753623188,1640.3478260869565,Fiddlesticks,Wukong,LeBlanc,Ashe,Karma,Ambessa,Graves,Galio,Ezreal,Lux,Doran's Ring,Liandry's Torment,Void Staff,No_Item,Boots,Cloth Armor,Scarecrow Effigy,Trinity Force,No_Item,Mercury's Treads,Sundered Sky,Ruby Crystal,No_Item,Oracle Lens,Sorcerer's Shoes,Needlessly Large Rod,No_Item,Dark Seal,Hextech Alternator,Luden's Companion,Oracle Lens,Kraken Slayer,Statikk Shiv,Hearthbound Axe,Berserker's Greaves,Dagger,Dagger,Farsight Alteration,Dream Maker,Shurelya's Battlesong,No_Item,Ruby Crystal,Dark Seal,Ionian Boots of Lucidity,Oracle Lens,Doran's Shield,Mercury's Treads,Voltaic Cyclosword,Executioner's Calling,Pickaxe,No_Item,Farsight Alteration,No_Item,Youmuu's Ghostblade,Control Ward,Boots,The Collector,No_Item,Oracle Lens,Riftmaker,Dark Seal,Hollow Radiance,Mercury's Treads,Control Ward,No_Item,Oracle Lens,Doran's Blade,Trinity Force,Refillable Potion,Tear of the Goddess,Caulfield's Warhammer,Slightly Magical Footwear,Farsight Alteration,Luden's Companion,Boots,Hextech Alternator,Zaz'Zak's Realmspike,Aether Wisp,No_Item,Oracle Lens,Summon Aery,Resolve,Conqueror,Inspiration,Electrocute,Precision,Lethal Tempo,Inspiration,Arcane Comet,Precision,Electrocute,Resolve,Dark Harvest,Precision,Aftershock,Domination,Press the Attack,Inspiration,Arcane Comet,Precision,Flash,Teleport,Flash,Smite,Flash,Teleport,Flash,Barrier,Flash,Ignite,Flash,Teleport,Smite,Flash,Flash,Teleport,Cleanse,Flash,Flash,Heal,0,3,0,1,1,0
https://www.op.gg/summoners/euw/Carnag%CE%B5-EUW/matches/uRd1PvnOddoTAjtpjG4wF07hgwrWhWiZGeL7-EaKE10%3D/1732714281000,0,29,36,36,29,57,50,107,86,33,39,2,3,1,1,4,10,3,4,65320,72568,16.0,16.6,1051,1030,30.8,30.2,-7248,7248,1923.970909090909,2137.4574545454543,Gnar,Morgana,LeBlanc,Corki,Rell,Kennen,Vi,Ahri,Caitlyn,Lux,Sterak's Gage,Mercury's Treads,Trinity Force,Wit's End,Ruby Crystal,Cloth Armor,Farsight Alteration,Zhonya's Hourglass,Liandry's Torment,Sorcerer's Shoes,Horizon Focus,Rylai's Crystal Scepter,No_Item,Oracle Lens,Sorcerer's Shoes,Stormsurge,Luden's Companion,Horizon Focus,Needlessly Large Rod,Needlessly Large Rod,Oracle Lens,Rapid Firecannon,Infinity Edge,Trinity Force,Vampiric Scepter,Muramana,Plated Steelcaps,Farsight Alteration,Celestial Opposition,Ionian Boots of Lucidity,No_Item,Dead Man's Plate,Abyssal Mask,Bramble Vest,Oracle Lens,Sorcerer's Shoes,Shattered Armguard,Hextech Rocketbelt,Shadowflame,Void Staff,Dark Seal,Oracle Lens,Sundered Sky,Control Ward,Sterak's Gage,Black Cleaver,Mercury's Treads,Steel Sigil,Oracle Lens,Rabadon's Deathcap,No_Item,Mercury's Treads,Malignance,Horizon Focus,Void Staff,Oracle Lens,Lord Dominik's Regards,The Collector,Berserker's Greaves,Infinity Edge,Rapid Firecannon,Bloodthirster,Farsight Alteration,Shurelya's Battlesong,Mikael's Blessing,Verdant Barrier,Dream Maker,Boots of Swiftness,Control Ward,Oracle Lens,Grasp of the Undying,Precision,Dark Harvest,Inspiration,Electrocute,Sorcery,Conqueror,Inspiration,Aftershock,Inspiration,Summon Aery,Domination,Press the Attack,Inspiration,Electrocute,Sorcery,Fleet Footwork,Sorcery,Arcane Comet,Precision,Flash,Teleport,Flash,Smite,Flash,Teleport,Barrier,Flash,Ignite,Flash,Flash,Teleport,Flash,Smite,Flash,Teleport,Flash,Cleanse,Flash,Heal,1,6,0,0,0,2
https://www.op.gg/summoners/euw/Carnag%CE%B5-EUW/matches/uRd1PvnOddqXYh--2YGxBch-DqmGa1fxumIzWsKJmpI%3D/1732709877000,1,25,30,30,25,48,37,80,82,31,30,3,2,0,1,8,10,3,3,63694,65968,16.2,15.6,1043,971,31.2,29.1,-2274,2274,1897.268085106383,1965.004255319149,K'Sante,Vi,LeBlanc,Cassiopeia,Nautilus,Gnar,Zac,Syndra,Draven,Tahm Kench,Randuin's Omen,"Jak'Sho, The Protean",Iceborn Gauntlet,Plated Steelcaps,No_Item,No_Item,Farsight Alteration,Black Cleaver,Mercury's Treads,No_Item,Sundered Sky,Sterak's Gage,Steel Sigil,Oracle Lens,Oblivion Orb,Luden's Companion,Sorcerer's Shoes,Horizon Focus,Cryptbloom,Rabadon's Deathcap,Oracle Lens,Seraph's Embrace,Rylai's Crystal Scepter,Zhonya's Hourglass,Amplifying Tome,Glowing Mote,Liandry's Torment,Farsight Alteration,Celestial Opposition,Mercury's Treads,Locket of the Iron Solari,Kindlegem,Bramble Vest,No_Item,Oracle Lens,Black Cleaver,Wit's End,Trinity Force,Mercury's Treads,No_Item,No_Item,Stealth Ward,Abyssal Mask,Sunfire Aegis,Mercury's Treads,Unending Despair,Spirit Visage,No_Item,Oracle Lens,Doran's Ring,Blighting Jewel,Zhonya's Hourglass,Sorcerer's Shoes,Luden's Companion,Stormsurge,Farsight Alteration,Zeal,The Collector,Infinity Edge,Berserker's Greaves,Lord Dominik's Regards,Maw of Malmortius,Farsight Alteration,Solstice Sleigh,Heartsteel,Mercury's Treads,Chain Vest,Spirit Visage,Kindlegem,Oracle Lens,Grasp of the Undying,Domination,Conqueror,Inspiration,Electrocute,Sorcery,Conqueror,Sorcery,Aftershock,Inspiration,Fleet Footwork,Resolve,Aftershock,Precision,Summon Aery,Inspiration,Lethal Tempo,Domination,Guardian,Inspiration,Teleport,Flash,Flash,Smite,Teleport,Flash,Flash,Teleport,Flash,Ignite,Teleport,Flash,Flash,Smite,Flash,Teleport,Barrier,Flash,Exhaust,Flash,1,6,1,0,0,1
https://www.op.gg/summoners/euw/Carnag%CE%B5-EUW/matches/uRd1PvnOddpIUjr3QZ7-kb4xKI4_f2-iLBwOzJQ7Szk%3D/1732636017000,0,26,38,38,26,70,48,98,77,23,30,2,2,0,2,6,10,2,4,63691,69123,15.8,16.6,990,984,30.0,29.700000000000003,-5432,5432,1918.403614457831,2082.0180722891564,Ambessa,Graves,Xerath,Jinx,Braum,Ryze,Skarner,Akali,Corki,Nautilus,Sterak's Gage,Spirit Visage,Eclipse,Mercury's Treads,Spear of Shojin,Kindlegem,Stealth Ward,Lord Dominik's Regards,The Collector,Immortal Shieldbow,Mercury's Treads,Infinity Edge,Elixir of Wrath,Oracle Lens,Needlessly Large Rod,Horizon Focus,Amplifying Tome,Dark Seal,Sorcerer's Shoes,Luden's Companion,Farsight Alteration,Lord Dominik's Regards,Berserker's Greaves,The Collector,Runaan's Hurricane,Infinity Edge,Long Sword,Farsight Alteration,Locket of the Iron Solari,Knight's Vow,Control Ward,Celestial Opposition,No_Item,Mercury's Treads,Oracle Lens,Seraph's Embrace,Rabadon's Deathcap,Rod of Ages,Sorcerer's Shoes,Glacial Buckler,Warden's Mail,Oracle Lens,Sterak's Gage,Warden's Mail,Plated Steelcaps,Heartsteel,Unending Despair,Giant's Belt,Oracle Lens,Shadowflame,Zhonya's Hourglass,Rabadon's Deathcap,Stormsurge,Dark Seal,Sorcerer's Shoes,Oracle Lens,Infinity Edge,Muramana,Trinity Force,Plated Steelcaps,Rapid Firecannon,Long Sword,Farsight Alteration,Bloodsong,Locket of the Iron Solari,Control Ward,Plated Steelcaps,Kindlegem,Knight's Vow,Oracle Lens,Electrocute,Resolve,Fleet Footwork,Domination,Arcane Comet,Inspiration,Lethal Tempo,Sorcery,Guardian,Inspiration,Phase Rush,Resolve,Aftershock,Inspiration,Electrocute,Resolve,Conqueror,Inspiration,Aftershock,Inspiration,Teleport,Flash,Smite,Flash,Teleport,Flash,Flash,Barrier,Heal,Flash,Teleport,Flash,Flash,Smite,Flash,Teleport,Flash,Barrier,Flash,Ignite,0,5,1,1,1,1
https://www.op.gg/summoners/euw/Carnag%CE%B5-EUW/matches/34-jfPz6TmznGwUw4e1GFAOu-_x5hNHu-zWrLH8KQCI%3D/1732301595000,1,45,25,25,46,34,54,97,84,32,20,1,2,1,0,11,2,2,2,69876,55530,15.8,14.6,852,821,28.5,27.4,14346,-14346,2329.2,1851.0,Riven,Viego,Akali,Corki,Pyke,Poppy,Morgana,Jayce,Ashe,Sylas,Death's Dance,Eclipse,Black Cleaver,Tunneler,Plated Steelcaps,Ruby Crystal,Oracle Lens,Kraken Slayer,Control Ward,Titanic Hydra,Mercury's Treads,Sterak's Gage,No_Item,Oracle Lens,Zhonya's Hourglass,Stormsurge,Your Cut,Mercury's Treads,Shadowflame,Rabadon's Deathcap,Farsight Alteration,Doran's Blade,Muramana,Pickaxe,Plated Steelcaps,Lord Dominik's Regards,Trinity Force,Farsight Alteration,Bloodsong,Umbral Glaive,Youmuu's Ghostblade,Watchful Wardstone,Synchronized Souls,Edge of Night,Oracle Lens,Thornmail,Hollow Radiance,Plated Steelcaps,Tear of the Goddess,Kindlegem,Doran's Shield,Farsight Alteration,Stormsurge,Liandry's Torment,Sorcerer's Shoes,Dark Seal,Hextech Alternator,No_Item,Stealth Ward,Edge of Night,Muramana,Eclipse,Serylda's Grudge,Pickaxe,Slightly Magical Footwear,Farsight Alteration,Kraken Slayer,Phantom Dancer,Berserker's Greaves,Executioner's Calling,Last Whisper,No_Item,Farsight Alteration,Zhonya's Hourglass,Celestial Opposition,Needlessly Large Rod,Sorcerer's Shoes,No_Item,Stormsurge,Oracle Lens,Conqueror,Inspiration,Conqueror,Inspiration,Electrocute,Sorcery,Conqueror,Inspiration,Hail of Blades,Resolve,Grasp of the Undying,Inspiration,Dark Harvest,Inspiration,Conqueror,Inspiration,Lethal Tempo,Inspiration,Electrocute,Inspiration,Flash,Ignite,Flash,Smite,Teleport,Flash,Flash,Barrier,Flash,Ignite,Teleport,Flash,Flash,Smite,Flash,Teleport,Barrier,Flash,Flash,Ignite,1,6,3,0,0,0
https://www.op.gg/summoners/euw/Carnag%CE%B5-EUW/matches/34-jfPz6TmzQIxu8gNvu2yTFkecD_84tCWPVXvt4m1A%3D/1732298800000,1,21,19,19,21,38,40,88,116,49,38,3,3,0,2,9,7,3,5,71525,66586,16.6,16.6,1185,1072,32.8,29.7,4939,-4939,1980.2376033057851,1843.496694214876,Aurora,Vi,Yone,Draven,Rell,K'Sante,Viego,Ahri,Kog'Maw,Renata Glasc,Shadowflame,Cryptbloom,Cosmic Drive,Mejai's Soulstealer,Luden's Companion,Sorcerer's Shoes,Farsight Alteration,Mercury's Treads,Trinity Force,Sundered Sky,Tunneler,Ruby Crystal,No_Item,Oracle Lens,Control Ward,Quicksilver Sash,Infinity Edge,Berserker's Greaves,Immortal Shieldbow,Blade of The Ruined King,Farsight Alteration,Infinity Edge,The Collector,Bloodthirster,Berserker's Greaves,B. F. Sword,Lord Dominik's Regards,Farsight Alteration,Locket of the Iron Solari,Celestial Opposition,Control Ward,Knight's Vow,Ionian Boots of Lucidity,Kindlegem,Oracle Lens,Doran's Shield,Warden's Mail,Force of Nature,Plated Steelcaps,Iceborn Gauntlet,"Jak'Sho, The Protean",Stealth Ward,Kraken Slayer,Control Ward,Titanic Hydra,Plated Steelcaps,Guardian Angel,Ruby Crystal,Oracle Lens,Malignance,Sorcerer's Shoes,Rabadon's Deathcap,Void Staff,Horizon Focus,No_Item,Oracle Lens,Zhonya's Hourglass,Negatron Cloak,Randuin's Omen,Guinsoo's Rageblade,Blade of The Ruined King,Plated Steelcaps,Farsight Alteration,Ionian Boots of Lucidity,Control Ward,Knight's Vow,Locket of the Iron Solari,Redemption,Celestial Opposition,Oracle Lens,Electrocute,Precision,Hail of Blades,Precision,Fleet Footwork,Resolve,Lethal Tempo,Domination,Aftershock,Inspiration,Grasp of the Undying,Sorcery,Conqueror,Inspiration,Electrocute,Sorcery,Lethal Tempo,Inspiration,Guardian,Domination,Teleport,Flash,Flash,Smite,Flash,Teleport,Flash,Barrier,Flash,Ignite,Teleport,Flash,Flash,Smite,Teleport,Flash,Flash,Barrier,Flash,Exhaust,1,6,1,0,0,0
https://www.op.gg/summoners/euw/Carnag%CE%B5-EUW/matches/34-jfPz6Tmy9gmdFe4ZwMMRZlRGSknc6oDV5A-smGAA%3D/1732293939000,1,26,10,10,26,21,39,56,52,8,13,1,2,1,0,10,5,2,2,50719,41476,13.2,11.6,679,701,29.5,30.5,9243,-9243,2194.5721153846152,1794.6346153846155,Gragas,Viego,Aurora,Corki,Maokai,Jayce,Hecarim,Galio,Ashe,Zilean,Doran's Ring,Spirit Visage,Fimbulwinter,Cosmic Drive,Boots,Control Ward,Oracle Lens,Plated Steelcaps,Kraken Slayer,Titanic Hydra,Ruby Crystal,Ruby Crystal,No_Item,Oracle Lens,Cosmic Drive,Liandry's Torment,Dark Seal,Doran's Ring,Sorcerer's Shoes,Malignance,Stealth Ward,Doran's Blade,Trinity Force,Muramana,Cloak of Agility,Berserker's Greaves,Last Whisper,Farsight Alteration,Boots of Swiftness,Solstice Sleigh,Trailblazer,Kindlegem,Cloth Armor,Control Ward,Oracle Lens,Long Sword,Slightly Magical Footwear,Youmuu's Ghostblade,Muramana,Long Sword,No_Item,Stealth Ward,Black Cleaver,Mercury's Treads,Eclipse,Long Sword,Long Sword,Ruby Crystal,Stealth Ward,Doran's Shield,Plated Steelcaps,Hollow Radiance,Riftmaker,Amplifying Tome,Cloth Armor,Stealth Ward,Kraken Slayer,Berserker's Greaves,Phantom Dancer,No_Item,No_Item,No_Item,Farsight Alteration,Celestial Opposition,Ionian Boots of Lucidity,Kindlegem,Kindlegem,Kindlegem,Kindlegem,Oracle Lens,Arcane Comet,Precision,Conqueror,Inspiration,Electrocute,Sorcery,Conqueror,Inspiration,Aftershock,Inspiration,Phase Rush,Inspiration,Phase Rush,Precision,Aftershock,Sorcery,Lethal Tempo,Inspiration,Grasp of the Undying,Sorcery,Flash,Teleport,Flash,Smite,Flash,Teleport,Flash,Cleanse,Ignite,Flash,Flash,Teleport,Ghost,Smite,Flash,Teleport,Cleanse,Flash,Flash,Heal,1,6,1,0,0,0
,,-1,-1,-1,-1,-1,-1,-1,-1,-1,-1,-1,-1,-1,-1,-1,-1,-1,-1,-1,-1,-1.0,-1.0,-1,-1,-1.0,-1.0,-1,-1,-1.0,-1.0,,,,,,,,,,,,,,,,,,,,,,,,,,,,,,,,,,,,,,,,,,,,,,,,,,,,,,,,,,,,,,,,,,,,,,,,,,,,,,,,,,,,,,,,,,,,,,,,,,,,,,,,,,,,,,,,,,,,,,,,,-1,-1,-1,-1,-1,-1
https://www.op.gg/summoners/euw/Carnag%CE%B5-EUW/matches/34-jfPz6Tmw7aUKplmyexayJugcQEk3W6ypSfdpAVSY%3D/1731770279000,1,41,18,18,41,28,62,58,75,30,15,2,0,1,0,11,1,3,0,61128,43845,14.6,12.4,826,716,32.5,28.2,17283,-17283,2405.036065573771,1725.049180327869,Olaf,Jarvan IV,Sylas,Caitlyn,Leona,K'Sante,Elise,Yone,Seraphine,Amumu,Stridebreaker,Sundered Sky,Ionian Boots of Lucidity,No_Item,Doran's Blade,No_Item,Oracle Lens,Spear of Shojin,Sundered Sky,Mercury's Treads,Pickaxe,No_Item,Long Sword,Oracle Lens,Hextech Rocketbelt,Needlessly Large Rod,Sorcerer's Shoes,Dark Seal,Lich Bane,Needlessly Large Rod,Oracle Lens,Infinity Edge,Berserker's Greaves,Quicksilver Sash,The Collector,Mortal Reminder,Zeal,Farsight Alteration,Celestial Opposition,No_Item,Locket of the Iron Solari,Mercury's Treads,Thornmail,Giant's Belt,Oracle Lens,Chain Vest,Control Ward,Plated Steelcaps,Abyssal Mask,Kindlegem,Thornmail,Farsight Alteration,Stormsurge,Liandry's Torment,Needlessly Large Rod,No_Item,Dark Seal,Sorcerer's Shoes,Oracle Lens,Cloak of Agility,Immortal Shieldbow,Berserker's Greaves,Blade of The Ruined King,Doran's Shield,Pickaxe,Farsight Alteration,Moonstone Renewer,Amplifying Tome,No_Item,No_Item,Ionian Boots of Lucidity,Seraph's Embrace,Farsight Alteration,Zhonya's Hourglass,Celestial Opposition,Control Ward,Ionian Boots of Lucidity,Kindlegem,Negatron Cloak,Oracle Lens,Conqueror,Inspiration,Conqueror,Inspiration,Electrocute,Sorcery,Lethal Tempo,Sorcery,Aftershock,Inspiration,Grasp of the Undying,Inspiration,Dark Harvest,Precision,Lethal Tempo,Resolve,Summon Aery,Inspiration,Aftershock,Domination,Flash,Ghost,Flash,Smite,Teleport,Flash,Flash,Cleanse,Flash,Ignite,Teleport,Flash,Flash,Smite,Flash,Teleport,Flash,Teleport,Flash,Ignite,1,2,2,0,1,0
https://www.op.gg/summoners/euw/Carnag%CE%B5-EUW/matches/34-jfPz6TmzFa9cJ1Ux1s4cOeqqQEePbSeQzMKy8mzo%3D/1731767587000,0,9,28,28,9,28,10,52,44,10,13,2,0,0,0,0,4,2,0,32114,41975,10.6,12.0,586,664,30.3,34.3,-9861,9861,1652.9264705882354,2160.4779411764707,Renekton,Viego,Sylas,Caitlyn,Pyke,Ahri,Nocturne,Akali,Miss Fortune,Rell,Doran's Shield,Refillable Potion,Stridebreaker,No_Item,Mercury's Treads,No_Item,Stealth Ward,Black Cleaver,Ruby Crystal,Kraken Slayer,Slightly Magical Footwear,No_Item,No_Item,Oracle Lens,Doran's Ring,Seeker's Armguard,Hextech Rocketbelt,No_Item,No_Item,Boots,Oracle Lens,Doran's Blade,Yun Tal Wildarrows,Cloak of Agility,B. F. Sword,Pickaxe,Berserker's Greaves,Farsight Alteration,Ionian Boots of Lucidity,No_Item,Caulfield's Warhammer,Serrated Dirk,Long Sword,Celestial Opposition,Oracle Lens,Sorcerer's Shoes,Dark Seal,Horizon Focus,Needlessly Large Rod,Amplifying Tome,Malignance,Oracle Lens,Tunneler,Stridebreaker,No_Item,Ionian Boots of Lucidity,Dagger,Phage,Eye of the Herald,Doran's Ring,Stormsurge,Shadowflame,Sorcerer's Shoes,Dark Seal,Amplifying Tome,Oracle Lens,Doran's Blade,Youmuu's Ghostblade,The Collector,Plated Steelcaps,Long Sword,Long Sword,Farsight Alteration,Celestial Opposition,Locket of the Iron Solari,Refillable Potion,Bramble Vest,Plated Steelcaps,Control Ward,Oracle Lens,Conqueror,Resolve,Conqueror,Inspiration,Conqueror,Resolve,Fleet Footwork,Sorcery,Hail of Blades,Inspiration,Summon Aery,Resolve,Conqueror,Domination,Conqueror,Resolve,First Strike,Sorcery,Aftershock,Inspiration,Teleport,Flash,Flash,Smite,Teleport,Flash,Flash,Cleanse,Flash,Ignite,Flash,Teleport,Flash,Smite,Teleport,Ignite,Barrier,Flash,Flash,Ignite,0,0,0,1,6,0
https://www.op.gg/summoners/euw/Carnag%CE%B5-EUW/matches/34-jfPz6Tmy91-l7H56qeva54X6Rw93vxhlyVlWc_30%3D/1731706155000,1,19,6,6,19,8,36,39,30,8,12,2,0,0,0,8,0,2,0,40918,28563,11.2,10.0,605,527,32.3,28.099999999999998,12355,-12355,2189.4719298245614,1528.3710526315788,Fiddlesticks,Viego,Seraphine,Corki,Rakan,Sylas,Wukong,Galio,Ezreal,Janna,Doran's Ring,Negatron Cloak,Boots,Liandry's Torment,Kindlegem,No_Item,Scarecrow Effigy,Black Cleaver,Control Ward,Plated Steelcaps,Kraken Slayer,Steel Sigil,No_Item,Oracle Lens,Moonstone Renewer,Seraph's Embrace,Doran's Ring,Sorcerer's Shoes,Elixir of Sorcery,No_Item,Farsight Alteration,Trinity Force,Plated Steelcaps,Caulfield's Warhammer,Doran's Blade,Hexdrinker,Tear of the Goddess,Farsight Alteration,Solstice Sleigh,Locket of the Iron Solari,Ionian Boots of Lucidity,No_Item,Forbidden Idol,Kindlegem,Oracle Lens,Dark Seal,Hextech Rocketbelt,Sorcerer's Shoes,Amplifying Tome,No_Item,Doran's Ring,Oracle Lens,Trinity Force,Caulfield's Warhammer,Long Sword,Mercury's Treads,No_Item,No_Item,Oracle Lens,Doran's Ring,Hollow Radiance,Tear of the Goddess,Boots,Fiendish Codex,Amplifying Tome,Stealth Ward,Trinity Force,Tear of the Goddess,Ionian Boots of Lucidity,Long Sword,Doran's Blade,Long Sword,Farsight Alteration,Dream Maker,Control Ward,Boots of Swiftness,Moonstone Renewer,No_Item,No_Item,Oracle Lens,Summon Aery,Resolve,Conqueror,Inspiration,Summon Aery,Precision,Conqueror,Inspiration,Guardian,Domination,Conqueror,Resolve,Conqueror,Inspiration,Aftershock,Sorcery,Conqueror,Inspiration,Summon Aery,Domination,Flash,Teleport,Flash,Smite,Flash,Teleport,Teleport,Flash,Flash,Heal,Flash,Teleport,Flash,Smite,Teleport,Flash,Flash,Cleanse,Flash,Heal,1,5,2,0,1,0
https://www.op.gg/summoners/euw/Carnag%CE%B5-EUW/matches/34-jfPz6Tmw50xZNyrSTgZrI8-nUk977qYWEvOJ0GiY%3D/1731703653000,0,11,27,27,11,55,14,66,58,21,29,0,3,0,1,4,4,0,4,40610,47721,12.0,13.6,676,725,29.3,31.4,-7111,7111,1760.549132947977,2068.8294797687863,Jax,Skarner,Smolder,Jinx,Bard,Malphite,Viego,Yone,Seraphine,Thresh,Tunneler,Trinity Force,Mercury's Treads,No_Item,Ruby Crystal,Caulfield's Warhammer,Stealth Ward,Sterak's Gage,Control Ward,Heartsteel,Plated Steelcaps,No_Item,No_Item,Oracle Lens,Trinity Force,Muramana,Plated Steelcaps,Doran's Blade,Last Whisper,Noonquiver,Farsight Alteration,Yun Tal Wildarrows,Cloak of Agility,Berserker's Greaves,B. F. Sword,Doran's Blade,Cull,Farsight Alteration,Bloodsong,No_Item,Kindlegem,Cloth Armor,Heartsteel,Boots of Swiftness,Oracle Lens,Doran's Ring,Frozen Heart,Cloth Armor,Hollow Radiance,Plated Steelcaps,Control Ward,Stealth Ward,Sundered Sky,Death's Dance,No_Item,Kraken Slayer,Plated Steelcaps,No_Item,Oracle Lens,Immortal Shieldbow,Berserker's Greaves,Blade of The Ruined King,Infinity Edge,No_Item,No_Item,Farsight Alteration,Seraph's Embrace,Haunting Guise,Blackfire Torch,Fated Ashes,Ionian Boots of Lucidity,No_Item,Stealth Ward,Redemption,Locket of the Iron Solari,Celestial Opposition,Control Ward,Ruby Crystal,Boots of Swiftness,Oracle Lens,Grasp of the Undying,Sorcery,Aftershock,Inspiration,Grasp of the Undying,Precision,Lethal Tempo,Sorcery,Grasp of the Undying,Domination,Arcane Comet,Resolve,Conqueror,Inspiration,Lethal Tempo,Resolve,Conqueror,Sorcery,Glacial Augment,Domination,Flash,Teleport,Flash,Smite,Flash,Teleport,Flash,Barrier,Flash,Ignite,Flash,Teleport,Flash,Smite,Flash,Teleport,Flash,Teleport,Ignite,Flash,1,6,0,0,0,0
https://www.op.gg/summoners/euw/Carnag%CE%B5-EUW/matches/34-jfPz6TmwpY99DFjRO0XzEuLCdm7DFmE36I0UPLr4%3D/1731699622000,1,20,9,9,20,8,41,78,69,31,25,2,1,1,0,4,2,3,1,46528,38352,12.8,11.4,783,726,34.5,32.0,8176,-8176,2060.5257142857145,1698.4457142857145,Poppy,Viego,Syndra,Varus,Thresh,Darius,Jax,Ahri,Zeri,Rakan,Doran's Shield,Dead Man's Plate,Fimbulwinter,Plated Steelcaps,No_Item,No_Item,Oracle Lens,Kraken Slayer,Plated Steelcaps,Titanic Hydra,Steel Sigil,No_Item,No_Item,Oracle Lens,Needlessly Large Rod,Cosmic Drive,Sorcerer's Shoes,Dark Seal,No_Item,Blackfire Torch,Stealth Ward,Plated Steelcaps,Blade of The Ruined King,Guinsoo's Rageblade,Hearthbound Axe,Recurve Bow,Doran's Blade,Farsight Alteration,Redemption,Celestial Opposition,Refillable Potion,No_Item,Kindlegem,Boots of Swiftness,Oracle Lens,Doran's Shield,Sterak's Gage,Giant's Belt,No_Item,Plated Steelcaps,Trinity Force,Oracle Lens,Sundered Sky,Control Ward,Trinity Force,No_Item,Plated Steelcaps,No_Item,Stealth Ward,Malignance,Fiendish Codex,Dark Seal,Doran's Ring,Fiendish Codex,Mercury's Treads,Oracle Lens,Doran's Blade,Refillable Potion,Statikk Shiv,Runaan's Hurricane,Berserker's Greaves,No_Item,Farsight Alteration,Celestial Opposition,Mercury's Treads,Locket of the Iron Solari,No_Item,No_Item,No_Item,Oracle Lens,Phase Rush,Resolve,Conqueror,Inspiration,Arcane Comet,Precision,Lethal Tempo,Inspiration,Glacial Augment,Domination,Conqueror,Sorcery,Conqueror,Inspiration,Electrocute,Sorcery,Fleet Footwork,Resolve,Guardian,Domination,Teleport,Flash,Flash,Smite,Flash,Teleport,Flash,Cleanse,Ignite,Flash,Flash,Ghost,Flash,Smite,Teleport,Flash,Flash,Cleanse,Heal,Flash,1,0,0,0,6,0
https://www.op.gg/summoners/euw/Carnag%CE%B5-EUW/matches/34-jfPz6TmwjediuHizlwPob_FtivtEi59e0QOoS5vM%3D/1731697732000,0,14,20,20,14,24,15,41,44,10,17,0,2,0,0,1,6,0,2,37171,43139,11.2,12.0,621,694,30.4,33.9,-5968,5968,1831.9992857142859,2126.136428571429,K'Sante,Jax,LeBlanc,Draven,Nautilus,Gangplank,Diana,Yone,Corki,Braum,Doran's Shield,Plated Steelcaps,Ruby Crystal,Tear of the Goddess,Unending Despair,No_Item,Farsight Alteration,Plated Steelcaps,Control Ward,Amplifying Tome,Trinity Force,Sundered Sky,Cloth Armor,Stealth Ward,Refillable Potion,Doran's Ring,Luden's Companion,Dark Seal,Boots,Needlessly Large Rod,Stealth Ward,Doran's Blade,Infinity Edge,Refillable Potion,Berserker's Greaves,The Collector,Cloak of Agility,Farsight Alteration,Celestial Opposition,Locket of the Iron Solari,Plated Steelcaps,Ruby Crystal,Cloth Armor,Control Ward,Oracle Lens,The Collector,Long Sword,Trinity Force,Ionian Boots of Lucidity,Pickaxe,Doran's Blade,Farsight Alteration,Hextech Rocketbelt,Zhonya's Hourglass,Sorcerer's Shoes,Aether Wisp,No_Item,Dark Seal,Oracle Lens,Doran's Shield,Refillable Potion,Blade of The Ruined King,Berserker's Greaves,Noonquiver,Pickaxe,Farsight Alteration,Plated Steelcaps,Trinity Force,Muramana,B. F. Sword,Pickaxe,Doran's Blade,Farsight Alteration,Celestial Opposition,Plated Steelcaps,Locket of the Iron Solari,Control Ward,Warden's Mail,Ruby Crystal,Oracle Lens,Grasp of the Undying,Domination,Conqueror,Inspiration,Electrocute,Sorcery,Lethal Tempo,Domination,Aftershock,Inspiration,Grasp of the Undying,Inspiration,Conqueror,Inspiration,Fleet Footwork,Resolve,Conqueror,Inspiration,Guardian,Inspiration,Teleport,Flash,Flash,Smite,Teleport,Flash,Flash,Barrier,Flash,Ignite,Teleport,Flash,Smite,Flash,Flash,Teleport,Barrier,Flash,Flash,Exhaust,0,0,0,1,6,0
https://www.op.gg/summoners/euw/Carnag%CE%B5-EUW/matches/34-jfPz6Tmyp9DHVqbXs3btKO0s76Styel1ST9ngVI4%3D/1731627904000,0,14,36,36,14,80,29,62,83,24,24,0,3,0,1,2,5,0,4,42308,54384,12.2,14.4,693,783,27.7,31.2,-12076,12076,1679.8764705882354,2159.364705882353,K'Sante,Skarner,Aurora,Xayah,Rell,Maokai,Viego,Orianna,Corki,Renata Glasc,Giant's Belt,Iceborn Gauntlet,Plated Steelcaps,Tear of the Goddess,Negatron Cloak,Bramble Vest,Stealth Ward,Mercury's Treads,No_Item,Sterak's Gage,Heartsteel,Ruby Crystal,No_Item,Oracle Lens,Doran's Ring,Sorcerer's Shoes,Needlessly Large Rod,Shadowflame,Malignance,Needlessly Large Rod,Oracle Lens,Essence Reaver,Berserker's Greaves,Doran's Blade,Navori Flickerblade,B. F. Sword,No_Item,Farsight Alteration,Celestial Opposition,Warmog's Armor,Control Ward,Ionian Boots of Lucidity,No_Item,No_Item,Oracle Lens,Spectre's Cowl,Refillable Potion,Unending Despair,Fimbulwinter,Plated Steelcaps,Kindlegem,Stealth Ward,Kraken Slayer,Mercury's Treads,Black Cleaver,Sterak's Gage,Negatron Cloak,Recurve Bow,Oracle Lens,Rabadon's Deathcap,Luden's Companion,Sorcerer's Shoes,No_Item,Shadowflame,No_Item,Farsight Alteration,Infinity Edge,Muramana,Cloak of Agility,Boots,Trinity Force,No_Item,Farsight Alteration,Ionian Boots of Lucidity,Solstice Sleigh,Redemption,Locket of the Iron Solari,No_Item,Kindlegem,Oracle Lens,Grasp of the Undying,Inspiration,Grasp of the Undying,Inspiration,Arcane Comet,Domination,Lethal Tempo,Inspiration,Glacial Augment,Resolve,Grasp of the Undying,Inspiration,Conqueror,Inspiration,Arcane Comet,Precision,Conqueror,Inspiration,Guardian,Domination,Teleport,Flash,Flash,Smite,Flash,Teleport,Barrier,Flash,Flash,Ignite,Teleport,Flash,Flash,Smite,Flash,Teleport,Barrier,Flash,Heal,Flash,0,3,0,0,3,0
https://www.op.gg/summoners/euw/Carnag%CE%B5-EUW/matches/34-jfPz6Tmxz7KhPiZ_OK9pp1_fTfomxokd_OYgMGFE%3D/1731599066000,0,26,42,42,26,75,44,77,69,18,35,1,3,0,1,3,8,1,4,49315,59383,12.4,14.4,711,800,26.900000000000002,30.200000000000003,-10068,10068,1864.8529411764707,2245.575630252101,Gnar,Nocturne,Ahri,Corki,Alistar,Jayce,Vi,Karma,Ashe,Rell,Randuin's Omen,No_Item,Trinity Force,Plated Steelcaps,Ruby Crystal,No_Item,Farsight Alteration,Black Cleaver,Phage,Stridebreaker,Ionian Boots of Lucidity,Long Sword,Ruby Crystal,Farsight Alteration,Horizon Focus,Shattered Armguard,Malignance,No_Item,Ionian Boots of Lucidity,Dark Seal,Farsight Alteration,Infinity Edge,The Collector,Rapid Firecannon,Plated Steelcaps,Last Whisper,Cloak of Agility,Farsight Alteration,Locket of the Iron Solari,No_Item,Knight's Vow,Solstice Sleigh,Plated Steelcaps,No_Item,Oracle Lens,Plated Steelcaps,Edge of Night,Youmuu's Ghostblade,Muramana,Serrated Dirk,Serylda's Grudge,Farsight Alteration,Randuin's Omen,Sterak's Gage,Plated Steelcaps,Sundered Sky,Long Sword,Ruby Crystal,Oracle Lens,No_Item,Ionian Boots of Lucidity,Horizon Focus,Dark Seal,Malignance,Shattered Armguard,Farsight Alteration,Last Whisper,Refillable Potion,Infinity Edge,Berserker's Greaves,Kraken Slayer,No_Item,Farsight Alteration,Bloodsong,Locket of the Iron Solari,Ionian Boots of Lucidity,Zeke's Convergence,Kindlegem,No_Item,Oracle Lens,Grasp of the Undying,Domination,Lethal Tempo,Domination,Electrocute,Inspiration,Conqueror,Sorcery,Aftershock,Inspiration,Phase Rush,Inspiration,Conqueror,Inspiration,Arcane Comet,Precision,Lethal Tempo,Inspiration,Aftershock,Inspiration,Flash,Teleport,Flash,Smite,Teleport,Flash,Barrier,Flash,Ignite,Flash,Teleport,Flash,Smite,Flash,Flash,Teleport,Flash,Barrier,Flash,Ignite,0,3,0,1,3,1
https://www.op.gg/summoners/euw/Carnag%CE%B5-EUW/matches/34-jfPz6Tmxhr1PPIR8sId8h1vFoIREdawVxTeVTFJg%3D/1731596363000,1,37,13,13,37,16,74,60,49,18,14,1,1,1,0,9,2,2,1,52253,40063,13.2,11.4,651,668,27.1,27.9,12190,-12190,2174.6913294797687,1667.3618497109826,Jayce,Skarner,Galio,Samira,Rell,K'Sante,Ivern,Akali,Ezreal,Braum,Boots of Swiftness,Spear of Shojin,Eclipse,Manamune,Pickaxe,Doran's Blade,Stealth Ward,Kaenic Rookern,No_Item,Heartsteel,Mercury's Treads,Cloth Armor,No_Item,Oracle Lens,Lich Bane,Stormsurge,Dark Seal,Sorcerer's Shoes,Needlessly Large Rod,Doran's Ring,Oracle Lens,Mercury's Treads,The Collector,Infinity Edge,Doran's Blade,Noonquiver,Long Sword,Farsight Alteration,Zeke's Convergence,Ionian Boots of Lucidity,Kindlegem,Celestial Opposition,Cloth Armor,Null-Magic Mantle,Oracle Lens,Iceborn Gauntlet,Kindlegem,Plated Steelcaps,Chain Vest,No_Item,Ruby Crystal,Oracle Lens,Redemption,Mikael's Blessing,Control Ward,Blasting Wand,Ionian Boots of Lucidity,Dark Seal,Oracle Lens,Doran's Ring,Sorcerer's Shoes,Stormsurge,Shadowflame,Dark Seal,Amplifying Tome,Oracle Lens,Muramana,Ionian Boots of Lucidity,Pickaxe,Tunneler,Trinity Force,No_Item,Farsight Alteration,Plated Steelcaps,Celestial Opposition,Locket of the Iron Solari,Kindlegem,Chain Vest,Control Ward,Oracle Lens,Conqueror,Inspiration,Aftershock,Inspiration,Electrocute,Sorcery,Conqueror,Sorcery,Aftershock,Inspiration,Grasp of the Undying,Precision,Glacial Augment,Resolve,Conqueror,Resolve,Conqueror,Inspiration,Guardian,Inspiration,Flash,Teleport,Flash,Smite,Flash,Teleport,Flash,Cleanse,Ignite,Flash,Teleport,Flash,Flash,Smite,Teleport,Ignite,Flash,Barrier,Heal,Flash,0,5,1,0,1,0
https://www.op.gg/summoners/euw/Carnag%CE%B5-EUW/matches/34-jfPz6TmwBIQPGrBBOMDXqB6ays2O-dtm45WZW50Y%3D/1731594539000,1,36,14,14,36,20,62,84,69,24,22,3,0,1,0,9,2,4,0,57754,43888,14.0,12.4,792,767,32.1,31.3,13866,-13866,2359.8408602150535,1793.2731182795696,Renekton,Vi,Ahri,Samira,Rakan,K'Sante,Nocturne,Swain,Xayah,Renata Glasc,Black Cleaver,Plated Steelcaps,Eclipse,Tunneler,Ruby Crystal,No_Item,Oracle Lens,Eclipse,Sundered Sky,No_Item,Kindlegem,Phage,Ionian Boots of Lucidity,Oracle Lens,Rabadon's Deathcap,Malignance,Horizon Focus,Ionian Boots of Lucidity,Dark Seal,No_Item,Oracle Lens,Plated Steelcaps,The Collector,Infinity Edge,B. F. Sword,Mortal Reminder,No_Item,Farsight Alteration,Ionian Boots of Lucidity,Knight's Vow,Solstice Sleigh,No_Item,Zeke's Convergence,Kindlegem,Oracle Lens,Unending Despair,Spirit Visage,Thornmail,Null-Magic Mantle,Slightly Magical Footwear,Cloth Armor,Oracle Lens,Experimental Hexplate,Control Ward,Stridebreaker,Plated Steelcaps,Giant's Belt,Warden's Mail,Farsight Alteration,Cosmic Drive,Blackfire Torch,Dark Seal,Mercury's Treads,Doran's Ring,No_Item,Farsight Alteration,Doran's Blade,Last Whisper,Cloak of Agility,Essence Reaver,Navori Flickerblade,Berserker's Greaves,Farsight Alteration,Celestial Opposition,Locket of the Iron Solari,No_Item,Plated Steelcaps,Kindlegem,No_Item,Oracle Lens,Conqueror,Resolve,Conqueror,Inspiration,Electrocute,Sorcery,Conqueror,Sorcery,Guardian,Domination,Grasp of the Undying,Inspiration,Lethal Tempo,Domination,Summon Aery,Resolve,Lethal Tempo,Inspiration,Guardian,Domination,Teleport,Flash,Flash,Smite,Flash,Teleport,Flash,Exhaust,Flash,Ignite,Teleport,Flash,Flash,Smite,Flash,Teleport,Flash,Cleanse,Flash,Heal,1,5,1,0,1,0
,,-1,-1,-1,-1,-1,-1,-1,-1,-1,-1,-1,-1,-1,-1,-1,-1,-1,-1,-1,-1,-1.0,-1.0,-1,-1,-1.0,-1.0,-1,-1,-1.0,-1.0,,,,,,,,,,,,,,,,,,,,,,,,,,,,,,,,,,,,,,,,,,,,,,,,,,,,,,,,,,,,,,,,,,,,,,,,,,,,,,,,,,,,,,,,,,,,,,,,,,,,,,,,,,,,,,,,,,,,,,,,,-1,-1,-1,-1,-1,-1
https://www.op.gg/summoners/euw/Carnag%CE%B5-EUW/matches/34-jfPz6TmwdY_YwZXbFNIYXe7iUrjwYF_O28W7mixU%3D/1731538956000,1,26,13,13,26,25,20,44,33,4,5,1,1,0,0,6,0,1,1,43367,31530,11.6,10.4,649,479,34.2,25.4,11837,-11837,2312.9066666666668,1681.6,Yone,Viego,Akali,Fiora,Nautilus,Sylas,Nocturne,Teemo,Kai'Sa,Braum,Doran's Shield,Berserker's Greaves,Blade of The Ruined King,Phage,Long Sword,No_Item,Oracle Lens,Kraken Slayer,Sundered Sky,Mercury's Treads,Null-Magic Mantle,Dagger,No_Item,Oracle Lens,Doran's Ring,Lich Bane,Sorcerer's Shoes,Dark Seal,Shadowflame,No_Item,Oracle Lens,Doran's Blade,Ravenous Hydra,Voltaic Cyclosword,Plated Steelcaps,Death's Dance,No_Item,Farsight Alteration,Bloodsong,Kindlegem,Locket of the Iron Solari,No_Item,Plated Steelcaps,No_Item,Oracle Lens,Doran's Shield,Refillable Potion,Hextech Rocketbelt,Boots,Amplifying Tome,No_Item,Stealth Ward,Tunneler,Plated Steelcaps,Stridebreaker,Ruby Crystal,Dagger,No_Item,Oracle Lens,Refillable Potion,Seeker's Armguard,Sorcerer's Shoes,Nashor's Tooth,Doran's Ring,No_Item,Stealth Ward,Doran's Blade,Dagger,Kraken Slayer,The Collector,Dagger,Berserker's Greaves,Farsight Alteration,Locket of the Iron Solari,Bloodsong,Refillable Potion,Control Ward,Kindlegem,Plated Steelcaps,Oracle Lens,Fleet Footwork,Resolve,Conqueror,Inspiration,Electrocute,Sorcery,Fleet Footwork,Domination,Aftershock,Inspiration,Conqueror,Resolve,Lethal Tempo,Domination,Press the Attack,Resolve,Lethal Tempo,Inspiration,Guardian,Inspiration,Teleport,Flash,Flash,Smite,Ignite,Flash,Barrier,Flash,Flash,Ignite,Flash,Teleport,Flash,Smite,Flash,Ignite,Flash,Barrier,Ignite,Flash,1,3,0,0,3,0
https://www.op.gg/summoners/euw/Carnag%CE%B5-EUW/matches/34-jfPz6TmxDPaGMUZjOv7NQKv7gwAzz8bP0D8WbmFk%3D/1731529478000,1,22,7,7,22,11,35,62,51,15,14,3,0,0,0,6,0,3,0,44031,33588,12.2,11.2,702,650,33.3,30.9,10443,-10443,2095.70625,1598.6596153846153,Smolder,Viego,Galio,Corki,Poppy,K'Sante,Kha'Zix,Swain,Jhin,Rell,Doran's Blade,Plated Steelcaps,Muramana,Trinity Force,Scout's Slingshot,Dagger,Stealth Ward,Kraken Slayer,Boots of Swiftness,Sundered Sky,Steel Sigil,Long Sword,Long Sword,Oracle Lens,Doran's Shield,Plated Steelcaps,Refillable Potion,Hollow Radiance,Fiendish Codex,Haunting Guise,Oracle Lens,Manamune,Plated Steelcaps,Trinity Force,Scout's Slingshot,Dagger,Doran's Blade,Farsight Alteration,Bloodsong,Control Ward,Null-Magic Mantle,Dead Man's Plate,Kindlegem,Synchronized Souls,Oracle Lens,Doran's Shield,Refillable Potion,Chain Vest,Iceborn Gauntlet,Giant's Belt,Plated Steelcaps,Stealth Ward,Youmuu's Ghostblade,Opportunity,Ionian Boots of Lucidity,No_Item,No_Item,No_Item,Oracle Lens,Plated Steelcaps,Fimbulwinter,Rylai's Crystal Scepter,Amplifying Tome,No_Item,No_Item,Farsight Alteration,Youmuu's Ghostblade,Cloak of Agility,Boots of Swiftness,Doran's Blade,Pickaxe,Serrated Dirk,Farsight Alteration,Boots of Swiftness,Control Ward,Celestial Opposition,Zeke's Convergence,Ruby Crystal,No_Item,Oracle Lens,Grasp of the Undying,Sorcery,Conqueror,Inspiration,Aftershock,Sorcery,Conqueror,Inspiration,Hail of Blades,Inspiration,Grasp of the Undying,Inspiration,Dark Harvest,Inspiration,Conqueror,Sorcery,Dark Harvest,Precision,Aftershock,Inspiration,Teleport,Flash,Flash,Smite,Flash,Teleport,Flash,Barrier,Flash,Ignite,Flash,Teleport,Flash,Smite,Teleport,Flash,Flash,Barrier,Flash,Ignite,1,6,1,0,0,0
https://www.op.gg/summoners/euw/Carnag%CE%B5-EUW/matches/34-jfPz6TmxLeU2diXcIxwHx3zcyaN2Yhg_Wg--3d9Q%3D/1731511687000,1,36,10,11,36,7,39,43,47,15,10,1,1,0,0,11,0,1,1,49516,30586,12.2,10.2,673,544,35.1,28.3,18930,-18930,2577.148538011696,1591.9029239766082,Irelia,Zac,Singed,Jhin,Leona,Garen,Viego,Syndra,Yone,Alistar,Caulfield's Warhammer,Blade of The Ruined King,Plated Steelcaps,Kraken Slayer,Sundered Sky,Steel Sigil,Farsight Alteration,Riftmaker,Ionian Boots of Lucidity,Kindlegem,Bami's Cinder,Dark Seal,No_Item,Oracle Lens,Rylai's Crystal Scepter,No_Item,Liandry's Torment,Plated Steelcaps,No_Item,No_Item,Stealth Ward,Youmuu's Ghostblade,No_Item,B. F. Sword,Boots of Swiftness,The Collector,Doran's Blade,Farsight Alteration,No_Item,Locket of the Iron Solari,Bloodsong,Ruby Crystal,Ruby Crystal,Mercury's Treads,Oracle Lens,Boots of Swiftness,Executioner's Calling,Long Sword,Long Sword,Stridebreaker,Cloak of Agility,Stealth Ward,Gustwalker Hatchling,Slightly Magical Footwear,Kraken Slayer,Phage,Kindlegem,No_Item,Oracle Lens,Luden's Companion,Fiendish Codex,Slightly Magical Footwear,Dark Seal,Doran's Ring,Aether Wisp,Stealth Ward,Doran's Blade,Refillable Potion,Berserker's Greaves,Blade of The Ruined King,Long Sword,No_Item,Stealth Ward,Celestial Opposition,Locket of the Iron Solari,Mercury's Treads,No_Item,No_Item,No_Item,Oracle Lens,Press the Attack,Domination,Conqueror,Sorcery,Conqueror,Resolve,Dark Harvest,Precision,Aftershock,Inspiration,Phase Rush,Resolve,Conqueror,Inspiration,First Strike,Sorcery,Lethal Tempo,Resolve,Aftershock,Inspiration,Teleport,Flash,Smite,Flash,Ghost,Flash,Flash,Barrier,Ignite,Flash,Flash,Ignite,Flash,Smite,Flash,Teleport,Teleport,Flash,Flash,Ignite,1,6,3,0,0,0
https://www.op.gg/summoners/euw/Carnag%CE%B5-EUW/matches/34-jfPz6TmwOAojrZY__Hm6r_JmMbJmXvLLJEg-6kYw%3D/1731505662000,1,23,7,7,23,12,51,52,59,20,16,3,0,1,0,9,1,4,0,46905,35765,12.8,11.6,691,702,31.599999999999998,32.0,11140,-11140,2139.5263157894738,1631.3859649122808,Gragas,Viego,Galio,Jinx,Janna,Darius,Elise,Yone,Hwei,Vi,Doran's Ring,Fimbulwinter,Amplifying Tome,Cosmic Drive,Ionian Boots of Lucidity,Amplifying Tome,Farsight Alteration,Plated Steelcaps,Tunneler,Titanic Hydra,Kraken Slayer,Ruby Crystal,No_Item,Oracle Lens,Riftmaker,Hollow Radiance,Control Ward,Sorcerer's Shoes,No_Item,No_Item,Farsight Alteration,Doran's Blade,Runaan's Hurricane,The Collector,Refillable Potion,B. F. Sword,Berserker's Greaves,Farsight Alteration,Moonstone Renewer,Dream Maker,Boots of Swiftness,Dark Seal,Imperial Mandate,No_Item,Oracle Lens,Stridebreaker,Pickaxe,Tunneler,Mercury's Treads,Doran's Shield,Ruby Crystal,Oracle Lens,Stormsurge,Sorcerer's Shoes,Amplifying Tome,Amplifying Tome,Needlessly Large Rod,No_Item,Stealth Ward,Doran's Shield,Refillable Potion,Blade of The Ruined King,Berserker's Greaves,Pickaxe,Cloak of Agility,Stealth Ward,Refillable Potion,Blackfire Torch,Sorcerer's Shoes,Hextech Alternator,Doran's Ring,Needlessly Large Rod,Farsight Alteration,Celestial Opposition,Control Ward,Refillable Potion,Zeke's Convergence,Kindlegem,Ionian Boots of Lucidity,Oracle Lens,Phase Rush,Inspiration,Conqueror,Inspiration,Aftershock,Sorcery,Lethal Tempo,Inspiration,Summon Aery,Resolve,Conqueror,Sorcery,Dark Harvest,Precision,Lethal Tempo,Resolve,Arcane Comet,Precision,Hail of Blades,Resolve,Teleport,Flash,Flash,Smite,Flash,Teleport,Flash,Barrier,Heal,Flash,Flash,Ghost,Flash,Smite,Teleport,Flash,Flash,Teleport,Flash,Ignite,1,6,2,0,0,0
https://www.op.gg/summoners/euw/Carnag%CE%B5-EUW/matches/34-jfPz6Tmxz32JCxIA0HJgz-zRxG-oqb6YCZOCMU18%3D/1731449548000,0,25,39,39,25,80,38,66,74,27,29,0,3,0,1,5,7,0,4,54198,62092,13.6,15.2,769,841,26.3,28.6,-7894,7894,1853.5246753246754,2123.4926406926406,Camille,Viego,Akali,Anivia,Alistar,Sylas,Nocturne,Renekton,Ashe,Rell,Steel Sigil,Ravenous Hydra,Sterak's Gage,Plated Steelcaps,No_Item,Trinity Force,Stealth Ward,Death's Dance,Kraken Slayer,Plated Steelcaps,Chempunk Chainsword,Long Sword,Control Ward,Oracle Lens,Lich Bane,Hextech Rocketbelt,Sorcerer's Shoes,Needlessly Large Rod,Dark Seal,Hextech Alternator,Oracle Lens,Seraph's Embrace,Sorcerer's Shoes,Rod of Ages,Haunting Guise,Dark Seal,Fated Ashes,Farsight Alteration,Zeke's Convergence,Locket of the Iron Solari,Ionian Boots of Lucidity,Celestial Opposition,No_Item,Bramble Vest,Oracle Lens,Doran's Ring,Hextech Rocketbelt,Lich Bane,Cosmic Drive,Riftmaker,Sorcerer's Shoes,Oracle Lens,Plated Steelcaps,No_Item,Stridebreaker,Black Cleaver,Experimental Hexplate,Steel Sigil,Farsight Alteration,Sterak's Gage,Eclipse,Null-Magic Mantle,Plated Steelcaps,Black Cleaver,No_Item,Oracle Lens,Bloodthirster,Control Ward,No_Item,Kraken Slayer,Statikk Shiv,Berserker's Greaves,Farsight Alteration,Celestial Opposition,Control Ward,Warmog's Armor,Locket of the Iron Solari,Ionian Boots of Lucidity,No_Item,Oracle Lens,Grasp of the Undying,Inspiration,Conqueror,Inspiration,Electrocute,Resolve,Phase Rush,Precision,Aftershock,Inspiration,Conqueror,Resolve,Lethal Tempo,Domination,Conqueror,Resolve,Press the Attack,Inspiration,Aftershock,Inspiration,Teleport,Ignite,Flash,Smite,Flash,Teleport,Flash,Teleport,Ignite,Flash,Teleport,Flash,Flash,Smite,Flash,Teleport,Flash,Barrier,Flash,Ignite,1,3,0,0,3,1
https://www.op.gg/summoners/euw/Carnag%CE%B5-EUW/matches/34-jfPz6Tmy2lN8HVcjKxIzXOrPaa-oZzZTf7-PVUN0%3D/1731447005000,0,25,24,24,25,35,40,55,42,10,20,0,2,0,0,2,8,0,2,41983,49186,11.8,12.6,584,721,25.5,31.3,-7203,7203,1825.3478260869565,2138.521739130435,Darius,Viego,Sylas,Tristana,Leona,Jayce,Wukong,Ambessa,Ziggs,Veigar,Stridebreaker,Negatron Cloak,Tunneler,Winged Moonplate,Plated Steelcaps,Doran's Shield,Oracle Lens,Kraken Slayer,Kindlegem,Titanic Hydra,Plated Steelcaps,Phage,No_Item,Oracle Lens,Hextech Rocketbelt,Dark Seal,Seeker's Armguard,Doran's Ring,Sorcerer's Shoes,No_Item,Stealth Ward,Doran's Blade,Infinity Edge,The Collector,Berserker's Greaves,Dagger,Dagger,Farsight Alteration,Cloth Armor,Locket of the Iron Solari,Mercury's Treads,Celestial Opposition,Cloth Armor,Giant's Belt,Oracle Lens,Youmuu's Ghostblade,Last Whisper,Doran's Blade,Caulfield's Warhammer,Plated Steelcaps,Muramana,Farsight Alteration,Sundered Sky,No_Item,No_Item,No_Item,Trinity Force,Slightly Magical Footwear,Oracle Lens,Black Cleaver,Voltaic Cyclosword,No_Item,Death's Dance,No_Item,Mercury's Treads,Oracle Lens,Luden's Companion,Horizon Focus,Sorcerer's Shoes,Tear of the Goddess,Amplifying Tome,Doran's Ring,Farsight Alteration,Bloodsong,Heartsteel,Thornmail,Slightly Magical Footwear,Cloth Armor,Cloth Armor,Oracle Lens,Conqueror,Resolve,Conqueror,Inspiration,Conqueror,Inspiration,Hail of Blades,Precision,Aftershock,Inspiration,Phase Rush,Inspiration,Conqueror,Inspiration,Conqueror,Resolve,Arcane Comet,Precision,Guardian,Inspiration,Ghost,Flash,Flash,Smite,Flash,Teleport,Flash,Cleanse,Ignite,Flash,Teleport,Flash,Smite,Flash,Flash,Teleport,Flash,Teleport,Flash,Exhaust,1,6,0,0,0,1
https://www.op.gg/summoners/euw/Carnag%CE%B5-EUW/matches/34-jfPz6TmyCGP0o9J-f8l0_2A0bAgXXupYLQL_hAG0%3D/1731442262000,0,26,30,30,26,54,42,61,68,15,25,0,4,0,1,3,8,0,5,49698,57218,13.2,14.4,738,813,27.099999999999998,29.7,-7520,7520,1812.8830188679244,2087.1974842767295,Kennen,Jax,Sylas,Corki,Blitzcrank,Riven,Viego,Veigar,Ashe,Alistar,Hextech Rocketbelt,Blighting Jewel,Dark Seal,Sorcerer's Shoes,Blasting Wand,Shadowflame,Farsight Alteration,Trinity Force,Control Ward,Ruby Crystal,Sundered Sky,Mercury's Treads,Ruby Crystal,Stealth Ward,Shadowflame,Rabadon's Deathcap,Hextech Rocketbelt,Mejai's Soulstealer,Sorcerer's Shoes,No_Item,Oracle Lens,Doran's Blade,Infinity Edge,Boots of Swiftness,Essence Reaver,No_Item,No_Item,Farsight Alteration,Celestial Opposition,Zeke's Convergence,Locket of the Iron Solari,Control Ward,Boots of Swiftness,Ruby Crystal,Oracle Lens,Eclipse,Doran's Shield,Mercury's Treads,Sundered Sky,Null-Magic Mantle,No_Item,Oracle Lens,Kraken Slayer,No_Item,Titanic Hydra,Wit's End,Mercury's Treads,Cloth Armor,Oracle Lens,Seraph's Embrace,Shadowflame,No_Item,Void Staff,Needlessly Large Rod,Sorcerer's Shoes,Stealth Ward,Doran's Blade,Noonquiver,Berserker's Greaves,Phantom Dancer,Kraken Slayer,Infinity Edge,Farsight Alteration,Celestial Opposition,Zeke's Convergence,No_Item,Boots of Swiftness,Kindlegem,Negatron Cloak,Oracle Lens,Summon Aery,Resolve,Conqueror,Inspiration,Electrocute,Resolve,Conqueror,Sorcery,Aftershock,Inspiration,Conqueror,Sorcery,Conqueror,Inspiration,Electrocute,Inspiration,Lethal Tempo,Inspiration,Phase Rush,Inspiration,Teleport,Flash,Flash,Smite,Flash,Teleport,Flash,Cleanse,Ignite,Flash,Teleport,Flash,Flash,Smite,Flash,Teleport,Flash,Barrier,Flash,Exhaust,1,6,0,0,0,1
https://www.op.gg/summoners/euw/Carnag%CE%B5-EUW/matches/34-jfPz6TmwV6Q6U4VsTXDhExq7fS7MbQBQFIYhYSak%3D/1731439408000,0,28,41,41,28,82,48,75,100,38,25,2,2,0,1,5,8,2,3,54158,62783,13.4,14.8,733,793,25.6,27.7,-8625,8625,1891.8205479452054,2193.104794520548,Singed,Viego,LeBlanc,Caitlyn,Bard,Jayce,Kayn,Orianna,Jhin,Rakan,Liandry's Torment,Dead Man's Plate,Plated Steelcaps,Rylai's Crystal Scepter,Ruby Crystal,Amplifying Tome,Oracle Lens,Kraken Slayer,Steel Sigil,Sundered Sky,Plated Steelcaps,Control Ward,No_Item,Oracle Lens,Hextech Alternator,No_Item,Stormsurge,Needlessly Large Rod,Luden's Companion,Sorcerer's Shoes,Oracle Lens,Doran's Blade,The Collector,Boots of Swiftness,Infinity Edge,Rapid Firecannon,Lord Dominik's Regards,Farsight Alteration,Bloodsong,Dead Man's Plate,Plated Steelcaps,Control Ward,Ruby Crystal,Statikk Shiv,Oracle Lens,Youmuu's Ghostblade,Serylda's Grudge,Tunneler,Muramana,Ionian Boots of Lucidity,Serrated Dirk,Farsight Alteration,Spear of Shojin,Black Cleaver,Mercury's Treads,Sterak's Gage,No_Item,No_Item,Stealth Ward,Zhonya's Hourglass,Amplifying Tome,Seraph's Embrace,Sorcerer's Shoes,Liandry's Torment,Doran's Ring,Stealth Ward,Doran's Blade,Zeal,Boots of Swiftness,Scout's Slingshot,Infinity Edge,The Collector,Farsight Alteration,Solstice Sleigh,Locket of the Iron Solari,Redemption,No_Item,Ionian Boots of Lucidity,No_Item,Oracle Lens,Phase Rush,Resolve,Conqueror,Inspiration,Electrocute,Sorcery,First Strike,Sorcery,Guardian,Inspiration,Phase Rush,Inspiration,Conqueror,Inspiration,Summon Aery,Resolve,Dark Harvest,Precision,Guardian,Domination,Ghost,Flash,Flash,Smite,Flash,Teleport,Barrier,Flash,Flash,Ignite,Flash,Teleport,Flash,Smite,Flash,Teleport,Flash,Barrier,Flash,Heal,1,6,0,0,0,1
https://www.op.gg/summoners/euw/Carnag%CE%B5-EUW/matches/34-jfPz6TmwOq2mbKUyZbuSp9EHLWuNQxILfdQWSmzk%3D/1731436558000,0,12,18,18,12,27,17,30,37,6,12,1,1,0,0,1,2,1,1,29111,32024,9.4,10.0,479,486,31.099999999999998,31.4,-2913,2913,1892.215,2081.56,Yone,Viego,Rumble,Ashe,Nautilus,Zilean,Talon,Anivia,Ezreal,Braum,Blade of The Ruined King,No_Item,Berserker's Greaves,Doran's Blade,No_Item,No_Item,Stealth Ward,Gustwalker Hatchling,Control Ward,Plated Steelcaps,Kraken Slayer,Ruby Crystal,Ruby Crystal,Oracle Lens,Doran's Ring,Boots of Swiftness,Fated Ashes,Haunting Guise,Amplifying Tome,No_Item,Stealth Ward,Statikk Shiv,Berserker's Greaves,Hearthbound Axe,Recurve Bow,Doran's Blade,Long Sword,Stealth Ward,Locket of the Iron Solari,Celestial Opposition,Refillable Potion,Control Ward,Kindlegem,Boots of Swiftness,Oracle Lens,Doran's Ring,Archangel's Staff,Ionian Boots of Lucidity,Amplifying Tome,No_Item,No_Item,Stealth Ward,Youmuu's Ghostblade,Long Sword,Slightly Magical Footwear,Gustwalker Hatchling,Hubris,Long Sword,Oracle Lens,Doran's Ring,Tear of the Goddess,Rod of Ages,Dark Seal,Sorcerer's Shoes,Amplifying Tome,Stealth Ward,Doran's Blade,Caulfield's Warhammer,Trinity Force,Tear of the Goddess,Long Sword,Slightly Magical Footwear,Farsight Alteration,Kindlegem,Celestial Opposition,No_Item,Plated Steelcaps,Cloth Armor,Null-Magic Mantle,Oracle Lens,Lethal Tempo,Resolve,Conqueror,Inspiration,Arcane Comet,Precision,Lethal Tempo,Inspiration,Aftershock,Inspiration,Summon Aery,Inspiration,Conqueror,Inspiration,Phase Rush,Precision,Conqueror,Inspiration,Guardian,Inspiration,Teleport,Flash,Flash,Smite,Teleport,Flash,Flash,Barrier,Flash,Ignite,Teleport,Flash,Smite,Flash,Flash,Teleport,Flash,Exhaust,Flash,Ignite,0,5,0,0,1,0
https://www.op.gg/summoners/euw/Carnag%CE%B5-EUW/matches/34-jfPz6TmzNjVq7SBwOwogYR5pPznFBVs4AFsodw5s%3D/1731434280000,0,20,35,35,20,71,30,71,71,27,21,1,2,0,1,4,5,1,3,47485,56399,12.6,14.2,700,771,27.400000000000002,30.099999999999998,-8914,8914,1858.1086956521738,2206.917391304348,Shen,Viego,Ambessa,Kog'Maw,Rakan,Hwei,Skarner,Renekton,Kai'Sa,Pantheon,Sunfire Aegis,Negatron Cloak,Plated Steelcaps,Spectre's Cowl,No_Item,No_Item,Stealth Ward,Kraken Slayer,Mercury's Treads,Black Cleaver,Wit's End,Control Ward,No_Item,Oracle Lens,Doran's Shield,Caulfield's Warhammer,Black Cleaver,Voltaic Cyclosword,Mercury's Treads,Steel Sigil,Stealth Ward,Doran's Ring,Guinsoo's Rageblade,Shadowflame,Nashor's Tooth,Berserker's Greaves,Null-Magic Mantle,Farsight Alteration,Locket of the Iron Solari,Celestial Opposition,Chain Vest,Ionian Boots of Lucidity,Kindlegem,Control Ward,Oracle Lens,Doran's Ring,Blackfire Torch,Sorcerer's Shoes,Void Staff,Horizon Focus,No_Item,Farsight Alteration,Heartsteel,Sterak's Gage,Plated Steelcaps,Chain Vest,Ruby Crystal,Kindlegem,Oracle Lens,Sundered Sky,Caulfield's Warhammer,Black Cleaver,Sterak's Gage,Plated Steelcaps,No_Item,Farsight Alteration,Muramana,Shadowflame,Sorcerer's Shoes,Luden's Companion,Blighting Jewel,Doran's Blade,Farsight Alteration,Black Cleaver,Bloodsong,Control Ward,Plated Steelcaps,Caulfield's Warhammer,Pickaxe,Oracle Lens,Grasp of the Undying,Domination,Conqueror,Inspiration,Conqueror,Resolve,Lethal Tempo,Sorcery,Guardian,Domination,Summon Aery,Precision,Aftershock,Inspiration,Conqueror,Resolve,Hail of Blades,Precision,Press the Attack,Domination,Flash,Ignite,Flash,Smite,Teleport,Flash,Ghost,Flash,Flash,Exhaust,Flash,Teleport,Flash,Smite,Teleport,Flash,Flash,Barrier,Flash,Ignite,1,2,0,0,1,0
https://www.op.gg/summoners/euw/Carnag%CE%B5-EUW/matches/34-jfPz6TmyZfi02WGj0a-ZC5ZHz2yrHS20TbEKH2H8%3D/1731432202000,1,24,15,15,24,16,23,37,33,11,11,1,0,0,0,3,0,1,0,35233,28660,10.0,9.4,502,423,30.900000000000002,26.1,6573,-6573,2194.8426229508195,1785.3770491803277,Swain,Kayn,LeBlanc,Lucian,Nami,Shen,Viego,Corki,Ashe,Karma,Sorcerer's Shoes,Mejai's Soulstealer,Rabadon's Deathcap,Malignance,Doran's Ring,No_Item,Stealth Ward,Scorchclaw Pup,Black Cleaver,Plated Steelcaps,Steel Sigil,No_Item,No_Item,Oracle Lens,Refillable Potion,Luden's Companion,Amplifying Tome,Doran's Ring,Dark Seal,Sorcerer's Shoes,Oracle Lens,Doran's Blade,Serrated Dirk,Essence Reaver,Berserker's Greaves,B. F. Sword,Pickaxe,Farsight Alteration,Boots of Swiftness,Dream Maker,Imperial Mandate,Amplifying Tome,Dark Seal,Faerie Charm,Oracle Lens,Giant's Belt,No_Item,Refillable Potion,Ionian Boots of Lucidity,Doran's Shield,Hollow Radiance,Stealth Ward,Gustwalker Hatchling,Slightly Magical Footwear,Tiamat,Kraken Slayer,Ruby Crystal,Ruby Crystal,Oracle Lens,Doran's Blade,Refillable Potion,Hexdrinker,Tear of the Goddess,Trinity Force,Caulfield's Warhammer,Stealth Ward,Berserker's Greaves,Refillable Potion,Statikk Shiv,Hearthbound Axe,No_Item,Doran's Blade,Stealth Ward,Ionian Boots of Lucidity,Kindlegem,Bandleglass Mirror,Control Ward,Dream Maker,No_Item,Oracle Lens,Conqueror,Sorcery,Conqueror,Inspiration,Electrocute,Sorcery,Press the Attack,Inspiration,Summon Aery,Domination,Grasp of the Undying,Domination,Conqueror,Inspiration,Hail of Blades,Precision,Lethal Tempo,Inspiration,Summon Aery,Resolve,Flash,Teleport,Flash,Smite,Teleport,Flash,Ignite,Flash,Flash,Heal,Ignite,Flash,Flash,Smite,Flash,Teleport,Flash,Barrier,Heal,Flash,0,4,0,0,2,0
https://www.op.gg/summoners/euw/Carnag%CE%B5-EUW/matches/34-jfPz6TmzH9pecBsHuRpEyBjnv5927aMswEnxfcA8%3D/1731363703000,1,28,11,11,28,17,38,39,38,14,10,0,1,0,0,10,0,0,1,47134,31192,12.6,10.2,640,519,34.7,28.0,15942,-15942,2540.8171875,1681.44375,Teemo,Viego,Sylas,Nilah,Senna,Corki,Xin Zhao,Ryze,Sivir,Janna,Doran's Ring,Liandry's Torment,Sorcerer's Shoes,Dark Seal,Hextech Alternator,No_Item,Stealth Ward,Kraken Slayer,No_Item,Plated Steelcaps,Tunneler,No_Item,No_Item,Oracle Lens,Sorcerer's Shoes,Hextech Rocketbelt,Lich Bane,Luden's Companion,Dark Seal,No_Item,Oracle Lens,Doran's Blade,No_Item,The Collector,Plated Steelcaps,Infinity Edge,No_Item,Farsight Alteration,Bloodsong,Black Cleaver,Dagger,No_Item,Boots of Swiftness,Dagger,Oracle Lens,Doran's Blade,Boots,Muramana,Trinity Force,No_Item,No_Item,Stealth Ward,Gustwalker Hatchling,Plated Steelcaps,Titanic Hydra,No_Item,No_Item,No_Item,Oracle Lens,Seraph's Embrace,Fiendish Codex,Kindlegem,Doran's Ring,Sorcerer's Shoes,Aether Wisp,Stealth Ward,Doran's Blade,Essence Reaver,Zeal,Dagger,Berserker's Greaves,Dagger,Farsight Alteration,Dream Maker,Control Ward,Moonstone Renewer,No_Item,No_Item,Ionian Boots of Lucidity,Oracle Lens,Electrocute,Inspiration,Conqueror,Inspiration,Electrocute,Resolve,Lethal Tempo,Inspiration,Grasp of the Undying,Precision,Conqueror,Inspiration,Conqueror,Inspiration,Phase Rush,Resolve,Lethal Tempo,Inspiration,Summon Aery,Domination,Ignite,Flash,Flash,Smite,Flash,Teleport,Flash,Barrier,Flash,Heal,Flash,Teleport,Flash,Smite,Teleport,Flash,Flash,Barrier,Flash,Heal,1,6,2,0,0,0
https://www.op.gg/summoners/euw/Carnag%CE%B5-EUW/matches/34-jfPz6TmyneIH_RTl7A6PqXJ4AIdE_Ii6ujHuz6bI%3D/1731360369000,1,38,38,38,38,70,63,82,94,28,24,1,3,1,0,7,5,2,3,60157,60447,15.2,14.4,783,860,27.400000000000002,30.2,-290,290,2093.8624309392267,2103.95635359116,Rumble,Viego,Yone,Seraphine,Rell,Aurora,Karthus,Akshan,Corki,Pyke,Liandry's Torment,Zhonya's Hourglass,Riftmaker,Void Staff,Sorcerer's Shoes,No_Item,Farsight Alteration,Kraken Slayer,No_Item,Titanic Hydra,Plated Steelcaps,Negatron Cloak,Recurve Bow,Oracle Lens,Infinity Edge,Berserker's Greaves,Blade of The Ruined King,Immortal Shieldbow,No_Item,No_Item,Farsight Alteration,Redemption,No_Item,Moonstone Renewer,Seraph's Embrace,Ionian Boots of Lucidity,Echoes of Helia,Farsight Alteration,Knight's Vow,Locket of the Iron Solari,Celestial Opposition,No_Item,Ionian Boots of Lucidity,Kindlegem,Oracle Lens,No_Item,Zhonya's Hourglass,Malignance,Ionian Boots of Lucidity,Amplifying Tome,Liandry's Torment,Stealth Ward,Liandry's Torment,Malignance,Rabadon's Deathcap,Sorcerer's Shoes,Dark Seal,Blasting Wand,Farsight Alteration,Boots of Swiftness,B. F. Sword,Pickaxe,The Collector,Mortal Reminder,Statikk Shiv,Farsight Alteration,Slightly Magical Footwear,Trinity Force,Muramana,Infinity Edge,Rapid Firecannon,Cloak of Agility,Farsight Alteration,Synchronized Souls,Bloodsong,Umbral Glaive,Edge of Night,Rectrix,Control Ward,Oracle Lens,Arcane Comet,Resolve,Conqueror,Inspiration,Lethal Tempo,Resolve,Summon Aery,Inspiration,Aftershock,Inspiration,Grasp of the Undying,Sorcery,Dark Harvest,Inspiration,Press the Attack,Resolve,Conqueror,Inspiration,Hail of Blades,Resolve,Teleport,Flash,Flash,Smite,Teleport,Flash,Flash,Teleport,Flash,Ignite,Teleport,Flash,Smite,Flash,Flash,Teleport,Barrier,Flash,Ignite,Flash,1,3,1,0,3,0
https://www.op.gg/summoners/euw/Carnag%CE%B5-EUW/matches/34-jfPz6TmwTZ0Nu5HQxZa_OAzPQZMDtSI4yqFbUoiM%3D/1731357472000,0,41,30,30,41,56,59,93,73,20,40,3,2,1,1,6,7,4,3,65986,67053,16.4,16.6,927,997,28.7,30.9,-1067,1067,2040.80412371134,2073.8041237113403,Irelia,Jax,Gragas,Corki,Janna,Rumble,Viego,Akshan,Fiora,Brand,Blade of The Ruined King,Kraken Slayer,Doran's Blade,Plated Steelcaps,Death's Dance,Tunneler,Farsight Alteration,Ruby Crystal,Plated Steelcaps,Zhonya's Hourglass,Control Ward,Sundered Sky,Trinity Force,Stealth Ward,Zhonya's Hourglass,Abyssal Mask,Oblivion Orb,Cosmic Drive,Ionian Boots of Lucidity,Fimbulwinter,Farsight Alteration,Plated Steelcaps,Mortal Reminder,Doran's Blade,Muramana,Trinity Force,Infinity Edge,Farsight Alteration,Moonstone Renewer,Solstice Sleigh,Forbidden Idol,Mejai's Soulstealer,Echoes of Helia,Boots of Swiftness,Oracle Lens,Shadowflame,Needlessly Large Rod,Needlessly Large Rod,Sorcerer's Shoes,Oblivion Orb,Liandry's Torment,Oracle Lens,Plated Steelcaps,Control Ward,Titanic Hydra,Wit's End,Kraken Slayer,Black Cleaver,Oracle Lens,No_Item,Plated Steelcaps,Immortal Shieldbow,Lord Dominik's Regards,Statikk Shiv,Infinity Edge,Stealth Ward,Doran's Blade,Ravenous Hydra,Serpent's Fang,Voltaic Cyclosword,Steel Sigil,Plated Steelcaps,Farsight Alteration,Zaz'Zak's Realmspike,Rylai's Crystal Scepter,Liandry's Torment,Sorcerer's Shoes,Dark Seal,Oblivion Orb,Oracle Lens,Press the Attack,Domination,Conqueror,Inspiration,Phase Rush,Inspiration,Conqueror,Inspiration,Summon Aery,Resolve,Arcane Comet,Resolve,Conqueror,Inspiration,Press the Attack,Resolve,Fleet Footwork,Domination,Dark Harvest,Precision,Teleport,Flash,Flash,Smite,Teleport,Flash,Flash,Teleport,Flash,Exhaust,Flash,Teleport,Flash,Smite,Flash,Teleport,Barrier,Flash,Ignite,Flash,0,0,1,1,6,1
https://www.op.gg/summoners/euw/Carnag%CE%B5-EUW/matches/34-jfPz6TmzDb5ztppFmFRoSGvGSW7a1jZZZnq9VrNc%3D/1731354948000,1,37,27,27,37,41,46,73,67,18,19,2,0,0,1,10,4,2,1,62749,57192,15.0,14.8,922,859,33.2,31.0,5557,-5557,2265.936111111111,2065.2666666666664,Corki,Zac,Akali,Aphelios,Nautilus,Irelia,Jax,Syndra,Jinx,Lulu,Pickaxe,B. F. Sword,Muramana,Rapid Firecannon,Trinity Force,Mercury's Treads,Farsight Alteration,Sunfire Aegis,Randuin's Omen,Spirit Visage,Kindlegem,Ionian Boots of Lucidity,Dark Seal,Oracle Lens,Shadowflame,Blighting Jewel,Sorcerer's Shoes,Lich Bane,Stormsurge,Doran's Ring,Farsight Alteration,Cloak of Agility,Yun Tal Wildarrows,Infinity Edge,The Collector,Berserker's Greaves,Last Whisper,Farsight Alteration,Celestial Opposition,Crystalline Bracer,Locket of the Iron Solari,Plated Steelcaps,Giant's Belt,Winged Moonplate,Oracle Lens,Control Ward,Plated Steelcaps,Blade of The Ruined King,Sundered Sky,Tunneler,Wit's End,Oracle Lens,Sundered Sky,Control Ward,Zhonya's Hourglass,Slightly Magical Footwear,Trinity Force,Cloth Armor,Stealth Ward,Blackfire Torch,Cosmic Drive,Liandry's Torment,Doran's Ring,Ionian Boots of Lucidity,Dark Seal,Farsight Alteration,Berserker's Greaves,The Collector,Infinity Edge,Mortal Reminder,Scout's Slingshot,Doran's Blade,Farsight Alteration,Ionian Boots of Lucidity,Moonstone Renewer,Dream Maker,Faerie Charm,Shurelya's Battlesong,Kindlegem,Oracle Lens,Conqueror,Inspiration,Aftershock,Precision,Conqueror,Resolve,Press the Attack,Sorcery,Aftershock,Domination,Conqueror,Resolve,Conqueror,Inspiration,Summon Aery,Inspiration,Lethal Tempo,Domination,Guardian,Inspiration,Flash,Teleport,Smite,Flash,Teleport,Ignite,Flash,Barrier,Ignite,Flash,Flash,Teleport,Flash,Smite,Flash,Teleport,Flash,Barrier,Flash,Exhaust,1,3,3,0,3,0
https://www.op.gg/summoners/euw/Carnag%CE%B5-EUW/matches/34-jfPz6Tmyr1Ei51hbCZYeeY6l4Ib1P_FPVokeWUUU%3D/1731351875000,0,18,43,43,18,82,26,88,79,27,30,0,4,0,2,1,10,0,6,51060,64733,13.8,15.6,809,770,28.2,26.8,-13673,13673,1788.3959390862947,2267.2979695431472,Illaoi,Rengar,Syndra,Jinx,Rell,Aatrox,Viego,Sylas,Caitlyn,Renata Glasc,Iceborn Gauntlet,No_Item,Plated Steelcaps,Black Cleaver,Tear of the Goddess,Tunneler,Farsight Alteration,Control Ward,Profane Hydra,Opportunity,Serrated Dirk,Boots,Long Sword,Stealth Ward,Sorcerer's Shoes,Blasting Wand,Oblivion Orb,Luden's Companion,Rabadon's Deathcap,Cosmic Drive,Farsight Alteration,Doran's Blade,Infinity Edge,Cloak of Agility,Berserker's Greaves,The Collector,No_Item,Farsight Alteration,Celestial Opposition,Locket of the Iron Solari,Control Ward,Ionian Boots of Lucidity,Warmog's Armor,No_Item,Oracle Lens,Caulfield's Warhammer,Eclipse,Mercury's Treads,Sundered Sky,Executioner's Calling,Sterak's Gage,Stealth Ward,Kraken Slayer,Plated Steelcaps,Titanic Hydra,Sterak's Gage,Negatron Cloak,Recurve Bow,Oracle Lens,Shattered Armguard,Doran's Ring,Hextech Rocketbelt,Mercury's Treads,Cosmic Drive,Dark Seal,Stealth Ward,Berserker's Greaves,Infinity Edge,Yun Tal Wildarrows,Lord Dominik's Regards,Scout's Slingshot,Zeal,Farsight Alteration,Solstice Sleigh,Locket of the Iron Solari,Watchful Wardstone,Redemption,Kindlegem,Ionian Boots of Lucidity,Oracle Lens,Grasp of the Undying,Inspiration,Conqueror,Domination,First Strike,Sorcery,Lethal Tempo,Sorcery,Glacial Augment,Resolve,Conqueror,Resolve,Conqueror,Inspiration,Conqueror,Resolve,Fleet Footwork,Sorcery,Guardian,Domination,Teleport,Flash,Smite,Flash,Flash,Teleport,Flash,Barrier,Flash,Ignite,Flash,Teleport,Flash,Smite,Teleport,Flash,Flash,Barrier,Flash,Heal,0,3,0,1,3,3
https://www.op.gg/summoners/euw/Carnag%CE%B5-EUW/matches/34-jfPz6TmxjM799ymZMNA21tHYvx_fzLewiKRpHkU4%3D/1731348601000,0,7,25,25,8,35,7,57,41,7,16,0,3,0,0,1,7,0,3,32503,43279,10.4,11.6,562,646,28.700000000000003,33.2,-10776,10776,1675.62049689441,2231.1534161490686,Ziggs,Lee Sin,Neeko,Gangplank,Poppy,Sylas,Viego,Singed,Tristana,Taric,Doran's Ring,Luden's Companion,Sorcerer's Shoes,Horizon Focus,No_Item,No_Item,Farsight Alteration,Mosstomper Seedling,Eclipse,Slightly Magical Footwear,Tunneler,Long Sword,Control Ward,Stealth Ward,Doran's Ring,Blasting Wand,Boots of Swiftness,Dark Seal,Hextech Alternator,Amplifying Tome,Stealth Ward,Refillable Potion,The Collector,Noonquiver,Boots,Trinity Force,No_Item,Stealth Ward,Locket of the Iron Solari,Bloodsong,Kindlegem,No_Item,Boots of Swiftness,No_Item,Oracle Lens,Sorcerer's Shoes,Shadowflame,Hextech Rocketbelt,No_Item,Dark Seal,Doran's Ring,Oracle Lens,Plated Steelcaps,No_Item,Titanic Hydra,Kraken Slayer,Ruby Crystal,No_Item,Oracle Lens,Refillable Potion,Dark Seal,Liandry's Torment,Boots of Swiftness,Giant's Belt,Blasting Wand,Stealth Ward,Doran's Blade,The Collector,Navori Flickerblade,Berserker's Greaves,B. F. Sword,No_Item,Farsight Alteration,Fimbulwinter,Ruby Crystal,Celestial Opposition,No_Item,Mercury's Treads,No_Item,Oracle Lens,Arcane Comet,Precision,Conqueror,Inspiration,Arcane Comet,Precision,First Strike,Precision,Hail of Blades,Inspiration,Conqueror,Resolve,Conqueror,Inspiration,Conqueror,Sorcery,Hail of Blades,Precision,Guardian,Precision,Flash,Teleport,Flash,Smite,Ignite,Flash,Flash,Teleport,Flash,Ignite,Flash,Teleport,Flash,Smite,Ghost,Flash,Flash,Barrier,Exhaust,Flash,0,3,0,1,3,2
https://www.op.gg/summoners/euw/Carnag%CE%B5-EUW/matches/34-jfPz6TmyL-Ri2Er4QxzFp__E98cqRAaZJKRneDHU%3D/1731345425000,0,21,46,46,21,73,29,66,72,19,17,1,2,0,1,2,10,1,3,51469,65603,13.6,15.6,749,883,26.8,31.5,-14134,14134,1840.6132450331127,2346.067549668874,Elise,Volibear,Ahri,Fiora,Senna,Jayce,Viego,Hwei,Ziggs,Rell,Lich Bane,Needlessly Large Rod,Dark Seal,Sorcerer's Shoes,Hextech Alternator,Nashor's Tooth,Oracle Lens,Spectre's Cowl,Kindlegem,Plated Steelcaps,Sundered Sky,Dead Man's Plate,No_Item,Oracle Lens,Needlessly Large Rod,Horizon Focus,Needlessly Large Rod,Malignance,Dark Seal,Sorcerer's Shoes,Farsight Alteration,Doran's Blade,Ravenous Hydra,Cloth Armor,Death's Dance,Boots of Swiftness,Voltaic Cyclosword,Farsight Alteration,Ionian Boots of Lucidity,Solstice Sleigh,Echoes of Helia,Moonstone Renewer,Forbidden Idol,Forbidden Idol,Oracle Lens,Eclipse,Muramana,Ionian Boots of Lucidity,Serylda's Grudge,Doran's Blade,Opportunity,Farsight Alteration,Titanic Hydra,Kraken Slayer,Plated Steelcaps,Guardian Angel,Steel Sigil,No_Item,Stealth Ward,Luden's Companion,Horizon Focus,Shadowflame,Needlessly Large Rod,Needlessly Large Rod,Sorcerer's Shoes,Farsight Alteration,Shadowflame,Seraph's Embrace,Needlessly Large Rod,Sorcerer's Shoes,Horizon Focus,Needlessly Large Rod,Farsight Alteration,Locket of the Iron Solari,Celestial Opposition,Control Ward,Warmog's Armor,Mercury's Treads,No_Item,Oracle Lens,Press the Attack,Domination,Press the Attack,Sorcery,Electrocute,Inspiration,Fleet Footwork,Domination,Summon Aery,Resolve,Conqueror,Inspiration,Conqueror,Inspiration,Arcane Comet,Precision,Arcane Comet,Precision,Glacial Augment,Resolve,Flash,Ignite,Flash,Smite,Flash,Teleport,Barrier,Flash,Heal,Flash,Flash,Teleport,Flash,Smite,Flash,Teleport,Flash,Teleport,Flash,Ignite,1,3,0,0,3,1
https://www.op.gg/summoners/euw/Carnag%CE%B5-EUW/matches/34-jfPz6TmyuDcjfzPQ3wgNtQ_oATwIv1ozlrJBoksY%3D/1731248683000,1,39,14,14,39,25,67,91,78,24,27,4,1,1,1,7,2,5,2,63476,56010,15.4,15.0,909,1004,29.4,32.5,7466,-7466,2056.2647887323947,1814.4084507042255,Ambessa,Skarner,Swain,Kai'Sa,Blitzcrank,Darius,Jax,Ahri,Ezreal,Lulu,Black Cleaver,Spear of Shojin,No_Item,Plated Steelcaps,No_Item,Voltaic Cyclosword,Oracle Lens,Sterak's Gage,Control Ward,Heartsteel,Plated Steelcaps,Kindlegem,Chain Vest,Oracle Lens,Ionian Boots of Lucidity,Seraph's Embrace,Control Ward,Liandry's Torment,Rylai's Crystal Scepter,Zhonya's Hourglass,Farsight Alteration,Shadowflame,Amplifying Tome,Nashor's Tooth,Statikk Shiv,Berserker's Greaves,Guinsoo's Rageblade,Farsight Alteration,Celestial Opposition,Locket of the Iron Solari,Plated Steelcaps,Winged Moonplate,Zeke's Convergence,No_Item,Oracle Lens,Stridebreaker,Boots of Swiftness,Control Ward,Sterak's Gage,"Jak'Sho, The Protean",No_Item,Oracle Lens,Sundered Sky,Trinity Force,Zhonya's Hourglass,Mercury's Treads,No_Item,No_Item,Stealth Ward,Liandry's Torment,Control Ward,Horizon Focus,Sorcerer's Shoes,Oblivion Orb,Malignance,Oracle Lens,Ionian Boots of Lucidity,Muramana,Trinity Force,Serylda's Grudge,B. F. Sword,Vampiric Scepter,Farsight Alteration,Kindlegem,Redemption,Dream Maker,Moonstone Renewer,No_Item,Ionian Boots of Lucidity,Oracle Lens,Grasp of the Undying,Domination,Aftershock,Inspiration,Conqueror,Resolve,Lethal Tempo,Inspiration,Glacial Augment,Sorcery,Conqueror,Sorcery,Conqueror,Inspiration,Grasp of the Undying,Sorcery,Press the Attack,Inspiration,Summon Aery,Resolve,Teleport,Flash,Flash,Smite,Flash,Teleport,Flash,Barrier,Ignite,Flash,Flash,Ghost,Flash,Smite,Flash,Teleport,Flash,Exhaust,Heal,Flash,1,3,1,0,3,0
https://www.op.gg/summoners/euw/Carnag%CE%B5-EUW/matches/34-jfPz6TmyB2T4j4ynvp9rJttW8V1G21m4DxXsqgO8%3D/1731191341000,0,23,37,37,23,84,62,104,84,27,38,1,4,0,0,3,8,1,4,55955,63012,14.0,15.4,851,905,27.1,28.7,-7057,7057,1753.8134328358208,1975.0029850746268,Aurora,Jarvan IV,Ahri,Corki,Rakan,Malphite,Viego,Kassadin,Ashe,Braum,Void Staff,Malignance,Liandry's Torment,Dark Seal,No_Item,Sorcerer's Shoes,Stealth Ward,Sundered Sky,Sterak's Gage,No_Item,Spectre's Cowl,Plated Steelcaps,Kindlegem,Oracle Lens,Void Staff,Malignance,Sorcerer's Shoes,Liandry's Torment,Amplifying Tome,Dark Seal,Oracle Lens,Lord Dominik's Regards,Muramana,Trinity Force,Infinity Edge,Control Ward,Slightly Magical Footwear,Farsight Alteration,Locket of the Iron Solari,Redemption,Celestial Opposition,Control Ward,Ionian Boots of Lucidity,Ruby Crystal,Oracle Lens,Doran's Shield,Cloth Armor,Hollow Radiance,Kaenic Rookern,Plated Steelcaps,Cloth Armor,Oracle Lens,Kraken Slayer,Mercury's Treads,Titanic Hydra,Guardian Angel,Wit's End,Tunneler,Oracle Lens,Malignance,Amplifying Tome,Amplifying Tome,Mercury's Treads,Rod of Ages,Seraph's Embrace,Oracle Lens,Infinity Edge,Berserker's Greaves,Phantom Dancer,Vampiric Scepter,Kraken Slayer,Pickaxe,Farsight Alteration,Solstice Sleigh,Locket of the Iron Solari,Warmog's Armor,Ruby Crystal,Control Ward,Mercury's Treads,Oracle Lens,Grasp of the Undying,Precision,Conqueror,Inspiration,Grasp of the Undying,Sorcery,Conqueror,Inspiration,Guardian,Domination,Arcane Comet,Resolve,Conqueror,Inspiration,Fleet Footwork,Resolve,Lethal Tempo,Inspiration,Guardian,Inspiration,Teleport,Flash,Smite,Flash,Flash,Teleport,Flash,Cleanse,Flash,Ignite,Flash,Teleport,Flash,Smite,Flash,Teleport,Flash,Barrier,Flash,Exhaust,0,6,0,1,0,1
https://www.op.gg/summoners/euw/Carnag%CE%B5-EUW/matches/34-jfPz6TmwLIGuaLq2gn8WoRAtyAzak_R2L8ej__BU%3D/1731163176000,1,16,5,6,16,10,20,33,33,8,10,0,1,0,0,2,1,0,1,33004,26849,10.0,9.4,518,512,31.7,31.2,6155,-6155,2011.1812499999996,1636.1109374999999,Darius,Zac,Yasuo,Yone,Rakan,Katarina,Xin Zhao,Jax,Ashe,Swain,Stridebreaker,Refillable Potion,Negatron Cloak,Ruby Crystal,Plated Steelcaps,Doran's Blade,Stealth Ward,Riftmaker,Ruby Crystal,Dark Seal,Boots,Mosstomper Seedling,No_Item,Oracle Lens,Berserker's Greaves,Doran's Blade,Blade of The Ruined King,Dagger,No_Item,No_Item,Farsight Alteration,Doran's Blade,Berserker's Greaves,Blade of The Ruined King,Immortal Shieldbow,No_Item,No_Item,Farsight Alteration,Solstice Sleigh,Zeke's Convergence,Ionian Boots of Lucidity,Control Ward,No_Item,No_Item,Oracle Lens,Lich Bane,Refillable Potion,Dark Seal,Boots,Hextech Alternator,No_Item,Stealth Ward,No_Item,No_Item,Titanic Hydra,Plated Steelcaps,No_Item,No_Item,Oracle Lens,Doran's Blade,Long Sword,Boots,Ruby Crystal,Trinity Force,No_Item,Stealth Ward,Berserker's Greaves,Zeal,Statikk Shiv,No_Item,Dagger,Doran's Blade,Farsight Alteration,Celestial Opposition,Rylai's Crystal Scepter,Boots,Cloth Armor,No_Item,No_Item,Oracle Lens,Conqueror,Resolve,Aftershock,Precision,Lethal Tempo,Resolve,Lethal Tempo,Resolve,Guardian,Domination,Conqueror,Resolve,Conqueror,Inspiration,Lethal Tempo,Sorcery,Lethal Tempo,Inspiration,Grasp of the Undying,Precision,Ghost,Flash,Smite,Flash,Flash,Exhaust,Teleport,Flash,Flash,Ignite,Flash,Teleport,Flash,Smite,Flash,Ignite,Flash,Barrier,Flash,Exhaust,0,3,0,0,3,0
https://www.op.gg/summoners/euw/Carnag%CE%B5-EUW/matches/34-jfPz6TmyrRY90terTIjBtSFfc9xry2Ok1RCPT9T0%3D/1731160183000,0,24,29,29,24,64,24,96,86,46,41,2,3,0,1,4,9,2,4,57394,63931,15.0,15.6,960,940,30.5,29.9,-6537,6537,1827.4706467661692,2035.6139303482587,Aatrox,Shyvana,Akali,Ezreal,Pyke,Jax,Viego,Veigar,Kai'Sa,Rakan,Doran's Shield,Plated Steelcaps,Black Cleaver,Sundered Sky,Maw of Malmortius,Steel Sigil,Stealth Ward,Navori Flickerblade,Spear of Shojin,Liandry's Torment,Mercury's Treads,No_Item,Amplifying Tome,Oracle Lens,Hextech Rocketbelt,Zhonya's Hourglass,Liandry's Torment,Sorcerer's Shoes,Dark Seal,No_Item,Oracle Lens,Ionian Boots of Lucidity,Muramana,Trinity Force,Serylda's Grudge,Doran's Blade,Haunting Guise,Farsight Alteration,Serrated Dirk,Youmuu's Ghostblade,Control Ward,Celestial Opposition,Boots of Swiftness,Tunneler,Oracle Lens,Doran's Shield,Shattered Armguard,Trinity Force,Plated Steelcaps,Sundered Sky,Needlessly Large Rod,Stealth Ward,Kraken Slayer,No_Item,Black Cleaver,Plated Steelcaps,Guardian Angel,Sterak's Gage,Oracle Lens,Doran's Ring,Fimbulwinter,Boots of Swiftness,Rabadon's Deathcap,Horizon Focus,Amplifying Tome,Oracle Lens,Cryptbloom,Nashor's Tooth,Needlessly Large Rod,Statikk Shiv,Berserker's Greaves,Guinsoo's Rageblade,Farsight Alteration,Redemption,Celestial Opposition,No_Item,Zeke's Convergence,Kindlegem,Ionian Boots of Lucidity,Oracle Lens,Conqueror,Resolve,Fleet Footwork,Sorcery,Conqueror,Resolve,Conqueror,Sorcery,Hail of Blades,Sorcery,Fleet Footwork,Resolve,Conqueror,Inspiration,Summon Aery,Precision,Lethal Tempo,Inspiration,Guardian,Domination,Flash,Teleport,Smite,Flash,Flash,Teleport,Cleanse,Flash,Flash,Ignite,Flash,Teleport,Flash,Smite,Flash,Teleport,Flash,Barrier,Flash,Ignite,0,6,0,1,0,2
https://www.op.gg/summoners/euw/Carnag%CE%B5-EUW/matches/34-jfPz6TmyNTeSMd3f7OIzytRJG8_9U1uGtvRj3UZY%3D/1731102288000,0,10,23,23,10,38,9,39,27,9,14,2,0,0,0,0,1,2,0,28716,33407,9.6,10.4,533,515,32.7,31.6,-4691,4691,1756.9657894736843,2043.9809210526316,Ambessa,Karthus,Tristana,Varus,Pyke,Rumble,Volibear,Ahri,Ashe,Lulu,Eclipse,Doran's Shield,Kindlegem,Mercury's Treads,No_Item,No_Item,Stealth Ward,No_Item,Blackfire Torch,Dark Seal,Sorcerer's Shoes,Amplifying Tome,No_Item,Oracle Lens,Kraken Slayer,Dagger,Dagger,Doran's Blade,No_Item,Boots,Farsight Alteration,Youmuu's Ghostblade,Ionian Boots of Lucidity,Serrated Dirk,Tear of the Goddess,Doran's Blade,Long Sword,Stealth Ward,Umbral Glaive,Celestial Opposition,Refillable Potion,Control Ward,Long Sword,Boots,Oracle Lens,Liandry's Torment,Control Ward,Sorcerer's Shoes,Dark Seal,Doran's Ring,Amplifying Tome,Stealth Ward,Gustwalker Hatchling,No_Item,Sundered Sky,Plated Steelcaps,No_Item,No_Item,Eye of the Herald,Mejai's Soulstealer,Refillable Potion,Malignance,Doran's Ring,Sorcerer's Shoes,Amplifying Tome,Oracle Lens,Doran's Blade,Refillable Potion,Berserker's Greaves,Kraken Slayer,Zeal,Dagger,Farsight Alteration,Dream Maker,Refillable Potion,Control Ward,Forbidden Idol,Moonstone Renewer,Ionian Boots of Lucidity,Oracle Lens,Conqueror,Resolve,First Strike,Domination,Press the Attack,Resolve,Hail of Blades,Inspiration,Hail of Blades,Resolve,Arcane Comet,Domination,Press the Attack,Sorcery,Electrocute,Sorcery,Lethal Tempo,Inspiration,Summon Aery,Resolve,Teleport,Exhaust,Flash,Smite,Flash,Teleport,Cleanse,Flash,Flash,Ignite,Flash,Teleport,Flash,Smite,Flash,Teleport,Flash,Barrier,Flash,Heal,0,2,0,1,4,0
https://www.op.gg/summoners/euw/Carnag%CE%B5-EUW/matches/34-jfPz6TmxVPFKnLZsu3v14gWUm8ByhFqSQZDCcYgg%3D/1731100491000,1,35,21,21,35,27,40,50,47,12,11,2,0,0,0,9,0,2,0,53140,38372,12.6,11.4,713,528,33.300000000000004,24.6,14768,-14768,2468.4387096774194,1782.4412903225805,Riven,Elise,Orianna,Corki,Sylas,Yone,Viego,Cassiopeia,Tristana,Rell,Doran's Blade,Eclipse,Plated Steelcaps,Sundered Sky,Steel Sigil,Caulfield's Warhammer,Stealth Ward,Stormsurge,Sorcerer's Shoes,Seeker's Armguard,Dark Seal,No_Item,No_Item,Oracle Lens,Doran's Ring,Seraph's Embrace,Void Staff,Sorcerer's Shoes,Amplifying Tome,Amplifying Tome,Stealth Ward,Rapid Firecannon,Plated Steelcaps,Trinity Force,Muramana,B. F. Sword,Cloak of Agility,Farsight Alteration,Bloodsong,Hextech Rocketbelt,Riftmaker,Dark Seal,Ionian Boots of Lucidity,No_Item,Oracle Lens,Doran's Shield,Refillable Potion,Berserker's Greaves,Blade of The Ruined King,Immortal Shieldbow,Cloak of Agility,Farsight Alteration,Gustwalker Hatchling,Slightly Magical Footwear,Kraken Slayer,Black Cleaver,Null-Magic Mantle,No_Item,Oracle Lens,Doran's Ring,Seraph's Embrace,Giant's Belt,Rod of Ages,Null-Magic Mantle,Blasting Wand,Farsight Alteration,Doran's Blade,Yun Tal Wildarrows,Boots,Pickaxe,Cloak of Agility,B. F. Sword,Farsight Alteration,Celestial Opposition,Zeke's Convergence,Ionian Boots of Lucidity,Kindlegem,Null-Magic Mantle,Control Ward,Oracle Lens,Conqueror,Sorcery,Electrocute,Sorcery,Arcane Comet,Precision,Conqueror,Inspiration,Electrocute,Resolve,Lethal Tempo,Resolve,Conqueror,Inspiration,Conqueror,Sorcery,Press the Attack,Sorcery,Aftershock,Inspiration,Teleport,Flash,Flash,Smite,Teleport,Flash,Flash,Barrier,Flash,Ignite,Flash,Teleport,Flash,Smite,Flash,Teleport,Barrier,Flash,Flash,Ignite,1,6,1,0,0,0
https://www.op.gg/summoners/euw/Carnag%CE%B5-EUW/matches/34-jfPz6TmwT4wpRKuKMRNPwLWi1tJqPaBGMyjaHObU%3D/1731097887000,1,38,16,16,38,31,66,54,70,28,10,1,2,1,0,11,0,2,2,57927,43899,14.0,12.4,717,723,29.9,30.2,14028,-14028,2410.385234899329,1826.6697986577183,Gragas,Xin Zhao,Ahri,Corki,Nautilus,Rumble,Viego,Kayle,Kalista,Rell,Fimbulwinter,Zhonya's Hourglass,Ionian Boots of Lucidity,Cosmic Drive,No_Item,No_Item,Stealth Ward,Sundered Sky,No_Item,Titanic Hydra,Plated Steelcaps,Kaenic Rookern,No_Item,Oracle Lens,Doran's Ring,Malignance,Needlessly Large Rod,Sorcerer's Shoes,Shadowflame,Dark Seal,Oracle Lens,Doran's Blade,The Collector,Infinity Edge,Plated Steelcaps,Rapid Firecannon,Lord Dominik's Regards,Farsight Alteration,No_Item,Bloodsong,No_Item,No_Item,No_Item,No_Item,Oracle Lens,No_Item,Sorcerer's Shoes,Riftmaker,Dark Seal,Liandry's Torment,No_Item,Oracle Lens,Titanic Hydra,Kraken Slayer,Ruby Crystal,No_Item,Slightly Magical Footwear,No_Item,Stealth Ward,Needlessly Large Rod,Nashor's Tooth,Rabadon's Deathcap,Boots of Swiftness,Glowing Mote,Doran's Blade,Farsight Alteration,Doran's Blade,Berserker's Greaves,Blade of The Ruined King,Guinsoo's Rageblade,Wit's End,Dagger,Farsight Alteration,Celestial Opposition,Dead Man's Plate,Control Ward,Ruby Crystal,Ionian Boots of Lucidity,Cloth Armor,Oracle Lens,Phase Rush,Inspiration,Conqueror,Inspiration,Electrocute,Sorcery,Hail of Blades,Precision,Aftershock,Inspiration,Arcane Comet,Domination,Conqueror,Inspiration,Fleet Footwork,Sorcery,Lethal Tempo,Domination,Aftershock,Inspiration,Teleport,Flash,Flash,Smite,Flash,Teleport,Flash,Barrier,Flash,Ignite,Flash,Teleport,Flash,Smite,Flash,Teleport,Flash,Barrier,Ignite,Flash,1,6,3,0,0,0
https://www.op.gg/summoners/euw/Carnag%CE%B5-EUW/matches/34-jfPz6TmxdnEDlLj9fNKXP-_L_zHy9ob3otPrpREg%3D/1731017137000,1,31,9,9,32,17,45,46,47,14,4,2,1,1,0,6,2,3,1,47318,34872,12.4,10.8,632,563,30.0,26.8,12446,-12446,2249.544262295082,1657.849180327869,Shen,Xin Zhao,Vladimir,Caitlyn,Soraka,Aatrox,Skarner,Tristana,Karthus,Lulu,Heartsteel,Refillable Potion,Doran's Shield,Bami's Cinder,Ionian Boots of Lucidity,Chain Vest,Stealth Ward,Sundered Sky,Plated Steelcaps,Titanic Hydra,Caulfield's Warhammer,Executioner's Calling,Ruby Crystal,Oracle Lens,Doran's Ring,Cosmic Drive,Dark Seal,Rabadon's Deathcap,Needlessly Large Rod,Sorcerer's Shoes,Farsight Alteration,Doran's Blade,The Collector,Infinity Edge,Rapid Firecannon,Executioner's Calling,Berserker's Greaves,Farsight Alteration,Redemption,Faerie Charm,Control Ward,Dream Maker,Moonstone Renewer,Ionian Boots of Lucidity,Oracle Lens,Sundered Sky,Eclipse,Plated Steelcaps,Long Sword,No_Item,No_Item,Stealth Ward,Unending Despair,Heartsteel,Ionian Boots of Lucidity,No_Item,No_Item,No_Item,Oracle Lens,Doran's Blade,Navori Flickerblade,Essence Reaver,Berserker's Greaves,Cloak of Agility,No_Item,Farsight Alteration,Blackfire Torch,Sorcerer's Shoes,Oblivion Orb,Amplifying Tome,Amplifying Tome,Doran's Ring,Farsight Alteration,Dream Maker,Control Ward,Ionian Boots of Lucidity,Ruby Crystal,Moonstone Renewer,Oblivion Orb,Oracle Lens,Grasp of the Undying,Domination,Conqueror,Inspiration,Summon Aery,Precision,Fleet Footwork,Sorcery,Summon Aery,Resolve,Conqueror,Resolve,Grasp of the Undying,Inspiration,Lethal Tempo,Resolve,Dark Harvest,Precision,Summon Aery,Resolve,Flash,Ignite,Flash,Smite,Ignite,Flash,Flash,Barrier,Heal,Flash,Flash,Teleport,Flash,Smite,Flash,Teleport,Flash,Exhaust,Flash,Heal,1,3,0,0,3,0
https://www.op.gg/summoners/euw/Carnag%CE%B5-EUW/matches/34-jfPz6Tmx6tiqaycz5GrljCg3QlHoh-eA65kvBdF8%3D/1731014565000,1,22,5,5,22,6,26,29,32,8,5,1,1,0,0,5,0,1,1,33910,22342,10.0,8.6,513,409,33.8,26.8,11568,-11568,2241.008695652174,1476.5147826086957,K'Sante,Viego,Aurora,Ashe,Poppy,Smolder,Vi,Galio,Jinx,Rakan,Iceborn Gauntlet,Bramble Vest,Plated Steelcaps,No_Item,No_Item,No_Item,Farsight Alteration,Gustwalker Hatchling,Control Ward,Titanic Hydra,Slightly Magical Footwear,Kraken Slayer,No_Item,Oracle Lens,Doran's Ring,Malignance,Sorcerer's Shoes,Fated Ashes,Dark Seal,Amplifying Tome,Oracle Lens,Kraken Slayer,Long Sword,No_Item,No_Item,Doran's Blade,Berserker's Greaves,Stealth Ward,Plated Steelcaps,Control Ward,Bloodsong,Chain Vest,Ruby Crystal,Winged Moonplate,Oracle Lens,Tear of the Goddess,Doran's Blade,Long Sword,Phage,Ionian Boots of Lucidity,Long Sword,Stealth Ward,Scorchclaw Pup,Sundered Sky,No_Item,Slightly Magical Footwear,No_Item,No_Item,Oracle Lens,Hollow Radiance,Doran's Ring,Boots,Null-Magic Mantle,No_Item,No_Item,Stealth Ward,Berserker's Greaves,Infinity Edge,No_Item,No_Item,Doran's Blade,Cull,Stealth Ward,Kindlegem,Cloth Armor,Celestial Opposition,Ionian Boots of Lucidity,Null-Magic Mantle,Control Ward,Oracle Lens,Aftershock,Sorcery,Conqueror,Inspiration,Electrocute,Sorcery,Press the Attack,Inspiration,Hail of Blades,Inspiration,Grasp of the Undying,Precision,Conqueror,Inspiration,Aftershock,Sorcery,Lethal Tempo,Sorcery,Guardian,Domination,Flash,Teleport,Flash,Smite,Teleport,Flash,Flash,Barrier,Ignite,Flash,Teleport,Flash,Smite,Flash,Flash,Teleport,Cleanse,Flash,Flash,Heal,0,5,0,0,1,0
https://www.op.gg/summoners/euw/Carnag%CE%B5-EUW/matches/34-jfPz6Tmy815d3XxxzyY5g4tIpeni4Scx8apd49oo%3D/1731012864000,0,19,21,21,19,42,26,78,73,25,36,1,3,0,1,5,8,1,4,52304,57022,13.4,14.8,862,928,29.6,31.8,-4718,4718,1807.3633507853401,1970.3937172774868,Aurora,Vi,Vex,Jinx,Thresh,Corki,Wukong,Syndra,Ezreal,Janna,Doran's Ring,Shattered Armguard,Sorcerer's Shoes,Luden's Companion,Dark Seal,Stormsurge,Oracle Lens,Sundered Sky,Plated Steelcaps,Sterak's Gage,Cloth Armor,Spirit Visage,Cloth Armor,Oracle Lens,Sorcerer's Shoes,Luden's Companion,Rabadon's Deathcap,Hextech Alternator,Aether Wisp,Doran's Ring,Farsight Alteration,Infinity Edge,Opportunity,Doran's Blade,The Collector,Berserker's Greaves,Vampiric Scepter,Farsight Alteration,Control Ward,Solstice Sleigh,Boots of Swiftness,Locket of the Iron Solari,Kindlegem,Forbidden Idol,Oracle Lens,Doran's Blade,The Collector,Muramana,Infinity Edge,Dagger,Mercury's Treads,Farsight Alteration,Trinity Force,Mercury's Treads,Tunneler,Sundered Sky,Ruby Crystal,No_Item,Oracle Lens,Needlessly Large Rod,Zhonya's Hourglass,Luden's Companion,Needlessly Large Rod,Doran's Ring,Ionian Boots of Lucidity,Farsight Alteration,Doran's Blade,Ionian Boots of Lucidity,Trinity Force,Muramana,Bloodthirster,Long Sword,Farsight Alteration,Dream Maker,No_Item,Moonstone Renewer,Dark Seal,Echoes of Helia,Boots of Swiftness,Oracle Lens,Arcane Comet,Domination,Hail of Blades,Precision,Electrocute,Sorcery,Press the Attack,Inspiration,Glacial Augment,Resolve,Electrocute,Inspiration,Conqueror,Inspiration,Arcane Comet,Precision,Press the Attack,Inspiration,Summon Aery,Resolve,Teleport,Flash,Flash,Smite,Flash,Teleport,Barrier,Flash,Flash,Ignite,Flash,Teleport,Smite,Flash,Flash,Teleport,Flash,Barrier,Flash,Heal,0,6,0,1,0,1
https://www.op.gg/summoners/euw/Carnag%CE%B5-EUW/matches/34-jfPz6TmwYIMTE6t8p6b3aZh_kn8eJH9nktvi9PFw%3D/1731010385000,0,24,39,39,24,49,28,51,67,17,16,1,3,0,1,3,11,1,4,50176,60297,13.0,15.2,759,821,28.0,30.2,-10121,10121,1852.9726141078838,2226.735684647303,Kennen,Volibear,Gragas,Corki,Nami,K'Sante,Vi,Ahri,Ezreal,Zoe,Rabadon's Deathcap,Liandry's Torment,Void Staff,Sorcerer's Shoes,No_Item,No_Item,Oracle Lens,Spirit Visage,Long Sword,Mercury's Treads,Dead Man's Plate,Sundered Sky,Ruby Crystal,Oracle Lens,Doran's Ring,Luden's Companion,Sorcerer's Shoes,Aether Wisp,Shadowflame,Sheen,Stealth Ward,Doran's Blade,Trinity Force,Mercury's Treads,Muramana,No_Item,No_Item,Farsight Alteration,Moonstone Renewer,Boots,Dream Maker,Dawncore,Dark Seal,Forbidden Idol,Oracle Lens,Mercury's Treads,"Jak'Sho, The Protean",Control Ward,Negatron Cloak,Rejuvenation Bead,Hollow Radiance,Stealth Ward,Sundered Sky,Spirit Visage,Black Cleaver,No_Item,Sterak's Gage,Mercury's Treads,Oracle Lens,Doran's Ring,Malignance,Banshee's Veil,Dark Seal,Sorcerer's Shoes,Needlessly Large Rod,Oracle Lens,Trinity Force,Muramana,Spear of Shojin,Caulfield's Warhammer,Control Ward,Ionian Boots of Lucidity,Farsight Alteration,Zaz'Zak's Realmspike,Mejai's Soulstealer,Luden's Companion,Control Ward,Horizon Focus,Sorcerer's Shoes,Oracle Lens,Summon Aery,Precision,Press the Attack,Sorcery,Phase Rush,Resolve,Conqueror,Inspiration,Summon Aery,Resolve,Grasp of the Undying,Inspiration,Conqueror,Inspiration,Electrocute,Sorcery,Press the Attack,Sorcery,Dark Harvest,Sorcery,Flash,Teleport,Flash,Smite,Flash,Teleport,Flash,Barrier,Flash,Heal,Teleport,Flash,Smite,Flash,Flash,Teleport,Barrier,Flash,Ignite,Flash,1,5,0,0,1,2
https://www.op.gg/summoners/euw/Carnag%CE%B5-EUW/matches/34-jfPz6TmzGs1nEWVz8RwwKbPjXuVIIZsuGxR6l29M%3D/1730988758000,1,21,1,1,21,0,38,33,32,8,2,2,0,0,0,2,0,2,0,32882,21724,9.6,8.6,468,446,30.5,29.2,11158,-11158,2158.919191919192,1426.3232323232323,Poppy,Elise,Swain,Ashe,Pyke,Riven,Lee Sin,Galio,Tristana,Rell,Doran's Shield,Plated Steelcaps,Refillable Potion,Sunfire Aegis,Tear of the Goddess,Kindlegem,Stealth Ward,Sorcerer's Shoes,Stormsurge,Mejai's Soulstealer,No_Item,No_Item,Gustwalker Hatchling,Oracle Lens,Doran's Ring,Dark Seal,Blackfire Torch,Boots,Ruby Crystal,No_Item,Stealth Ward,Total Biscuit of Everlasting Will,Berserker's Greaves,Kraken Slayer,Zeal,Dagger,Doran's Blade,Farsight Alteration,Bloodsong,Plated Steelcaps,Umbral Glaive,Refillable Potion,Pickaxe,No_Item,Oracle Lens,Doran's Shield,Refillable Potion,Caulfield's Warhammer,Pickaxe,Hexdrinker,Long Sword,Stealth Ward,Mosstomper Seedling,Eclipse,Control Ward,No_Item,No_Item,Slightly Magical Footwear,Stealth Ward,Doran's Ring,Bami's Cinder,Mercury's Treads,No_Item,No_Item,No_Item,Stealth Ward,Doran's Blade,Serrated Dirk,Refillable Potion,Berserker's Greaves,No_Item,Pickaxe,Stealth Ward,Refillable Potion,Mercury's Treads,Ruby Crystal,Runic Compass,No_Item,No_Item,Stealth Ward,Grasp of the Undying,Domination,Dark Harvest,Precision,Summon Aery,Resolve,Lethal Tempo,Inspiration,Hail of Blades,Precision,Conqueror,Resolve,Conqueror,Inspiration,Aftershock,Sorcery,Lethal Tempo,Domination,Aftershock,Inspiration,Flash,Teleport,Smite,Flash,Teleport,Flash,Flash,Barrier,Flash,Ignite,Teleport,Flash,Flash,Smite,Flash,Teleport,Cleanse,Flash,Ignite,Flash,0,0,0,0,6,0
https://www.op.gg/summoners/euw/Carnag%CE%B5-EUW/matches/34-jfPz6TmzxRiLe0jMBb6JyrWhWwLFrel5SNEJugrg%3D/1730930491000,0,24,31,31,24,47,40,88,56,26,32,0,3,0,1,4,9,0,4,52031,57393,13.2,14.4,772,797,29.8,30.8,-5362,5362,1997.8147679324895,2203.6974683544304,Riven,Taliyah,Tristana,Varus,Pyke,Garen,Xin Zhao,Fizz,Corki,Lulu,Eclipse,Sundered Sky,Ionian Boots of Lucidity,Doran's Shield,Phage,Kindlegem,Stealth Ward,Shadowflame,Blackfire Torch,Blasting Wand,Blighting Jewel,Sorcerer's Shoes,No_Item,Oracle Lens,Doran's Blade,Last Whisper,Navori Flickerblade,The Collector,Berserker's Greaves,Cloak of Agility,Farsight Alteration,Blade of The Ruined King,No_Item,Terminus,Berserker's Greaves,Guinsoo's Rageblade,Doran's Blade,Farsight Alteration,Celestial Opposition,Edge of Night,Umbral Glaive,Serrated Dirk,Boots of Swiftness,No_Item,Oracle Lens,Stridebreaker,B. F. Sword,Phantom Dancer,Dead Man's Plate,Berserker's Greaves,Pickaxe,Oracle Lens,Plated Steelcaps,No_Item,Titanic Hydra,Sundered Sky,Sterak's Gage,Ruby Crystal,Oracle Lens,No_Item,Zhonya's Hourglass,Dark Seal,Lich Bane,Ionian Boots of Lucidity,Needlessly Large Rod,Oracle Lens,Doran's Blade,The Collector,Trinity Force,No_Item,Plated Steelcaps,B. F. Sword,Farsight Alteration,Mikael's Blessing,Redemption,Dream Maker,No_Item,Ionian Boots of Lucidity,Moonstone Renewer,Oracle Lens,Conqueror,Resolve,Dark Harvest,Sorcery,Press the Attack,Resolve,Lethal Tempo,Inspiration,Hail of Blades,Inspiration,Phase Rush,Resolve,Conqueror,Inspiration,Electrocute,Sorcery,Hail of Blades,Precision,Summon Aery,Resolve,Teleport,Flash,Flash,Smite,Teleport,Flash,Flash,Barrier,Flash,Ignite,Ignite,Flash,Flash,Smite,Flash,Teleport,Flash,Barrier,Flash,Heal,1,6,0,0,0,1
https://www.op.gg/summoners/euw/Carnag%CE%B5-EUW/matches/34-jfPz6TmzXvnyMcVIlsR6A_xoDeyv2mVv9MO7gMgs%3D/1730917899000,0,3,16,16,3,28,3,35,42,16,16,0,2,0,0,0,4,0,2,25844,36754,9.6,11.0,563,622,33.8,37.3,-10910,10910,1550.6400000000003,2205.2400000000002,Smolder,Jax,Veigar,Zeri,Lulu,Aurora,Viego,Syndra,Ezreal,Bard,Tear of the Goddess,Doran's Blade,Trinity Force,Boots,Null-Magic Mantle,No_Item,Stealth Ward,Mercury's Treads,No_Item,No_Item,Trinity Force,No_Item,No_Item,Stealth Ward,Hextech Rocketbelt,Doran's Ring,No_Item,No_Item,Tear of the Goddess,Synchronized Souls,Farsight Alteration,Doran's Blade,Yun Tal Wildarrows,Berserker's Greaves,Zeal,Dagger,No_Item,Farsight Alteration,Refillable Potion,Ruby Crystal,Dream Maker,Bandleglass Mirror,Ionian Boots of Lucidity,Glowing Mote,Oracle Lens,Doran's Ring,Luden's Companion,Sorcerer's Shoes,Dark Seal,Needlessly Large Rod,No_Item,Oracle Lens,Kraken Slayer,Plated Steelcaps,Tiamat,Tunneler,No_Item,No_Item,Oracle Lens,Doran's Ring,No_Item,Sorcerer's Shoes,Shadowflame,No_Item,Luden's Companion,Farsight Alteration,Tear of the Goddess,Refillable Potion,Trinity Force,No_Item,Boots,Doran's Blade,Oracle Lens,Boots of Swiftness,Bloodsong,Redemption,Ruby Crystal,No_Item,No_Item,Oracle Lens,Grasp of the Undying,Inspiration,Conqueror,Inspiration,Summon Aery,Resolve,Lethal Tempo,Resolve,Summon Aery,Resolve,Arcane Comet,Precision,Conqueror,Inspiration,Summon Aery,Inspiration,Press the Attack,Sorcery,Guardian,Domination,Teleport,Flash,Smite,Flash,Flash,Teleport,Flash,Barrier,Heal,Flash,Flash,Teleport,Flash,Smite,Flash,Teleport,Barrier,Flash,Heal,Flash,0,0,0,1,6,0
https://www.op.gg/summoners/euw/Carnag%CE%B5-EUW/matches/34-jfPz6TmxYsIjjSTL3EK9P3WntjBJcV288_PEVGPI%3D/1730916046000,0,15,23,23,15,39,14,52,51,7,15,1,2,0,1,4,8,1,3,43787,49545,12.0,13.4,716,760,30.9,32.8,-5758,5758,1896.5070063694266,2145.8980891719743,Garen,Graves,LeBlanc,Caitlyn,Seraphine,K'Sante,Xin Zhao,Orianna,Corki,Bard,Dead Man's Plate,Doran's Shield,Stridebreaker,Plated Steelcaps,Negatron Cloak,No_Item,Stealth Ward,The Collector,Youmuu's Ghostblade,Lord Dominik's Regards,Boots,Long Sword,No_Item,Stealth Ward,Stormsurge,Luden's Companion,Dark Seal,Doran's Ring,Sorcerer's Shoes,Needlessly Large Rod,Stealth Ward,Doran's Blade,Yun Tal Wildarrows,Pickaxe,Berserker's Greaves,B. F. Sword,No_Item,Farsight Alteration,Dream Maker,Echoes of Helia,Moonstone Renewer,No_Item,Ionian Boots of Lucidity,No_Item,Oracle Lens,Iceborn Gauntlet,Doran's Shield,"Jak'Sho, The Protean",Cloth Armor,Boots,No_Item,Stealth Ward,Plated Steelcaps,No_Item,Titanic Hydra,Sundered Sky,Ruby Crystal,Ruby Crystal,Oracle Lens,Luden's Companion,Mercury's Treads,Dark Seal,Needlessly Large Rod,Shadowflame,Needlessly Large Rod,Oracle Lens,Plated Steelcaps,Muramana,No_Item,Doran's Blade,Cloak of Agility,Trinity Force,Farsight Alteration,Dead Man's Plate,Bloodsong,Plated Steelcaps,Spectre's Cowl,Null-Magic Mantle,No_Item,Oracle Lens,Conqueror,Resolve,Dark Harvest,Precision,Electrocute,Sorcery,Fleet Footwork,Sorcery,Guardian,Sorcery,Grasp of the Undying,Domination,Conqueror,Inspiration,Summon Aery,Resolve,Press the Attack,Inspiration,Guardian,Inspiration,Ignite,Flash,Smite,Flash,Teleport,Flash,Barrier,Flash,Heal,Flash,Teleport,Flash,Flash,Smite,Teleport,Flash,Barrier,Flash,Flash,Ignite,1,6,0,0,0,1
https://www.op.gg/summoners/euw/Carnag%CE%B5-EUW/matches/34-jfPz6TmwvE6I31zAcZ6Re4dzj2BDQkbDkKoKXnIA%3D/1730908979000,1,45,25,25,45,39,89,65,50,16,16,1,3,1,0,9,2,2,3,63617,54929,15.6,14.0,820,837,28.1,28.8,8688,-8688,2193.689655172414,1894.103448275862,Anivia,Viego,Pantheon,Kog'Maw,Nami,Gnar,Kha'Zix,Ryze,Brand,Soraka,Doran's Ring,Rod of Ages,Seraph's Embrace,Void Staff,Sorcerer's Shoes,Amplifying Tome,Stealth Ward,Wit's End,Black Cleaver,Titanic Hydra,Kraken Slayer,Plated Steelcaps,No_Item,Oracle Lens,Pickaxe,Black Cleaver,Plated Steelcaps,Sundered Sky,Maw of Malmortius,Serrated Dirk,Stealth Ward,Needlessly Large Rod,Needlessly Large Rod,Sorcerer's Shoes,Void Staff,Shadowflame,Luden's Companion,Farsight Alteration,Forbidden Idol,Boots of Swiftness,Dream Maker,Moonstone Renewer,Imperial Mandate,Oblivion Orb,Oracle Lens,Wit's End,No_Item,Ruby Crystal,Trinity Force,Hullbreaker,Plated Steelcaps,Oracle Lens,Serylda's Grudge,Opportunity,Mercury's Treads,Youmuu's Ghostblade,Long Sword,Long Sword,Oracle Lens,Rod of Ages,Mercury's Treads,Seraph's Embrace,Abyssal Mask,Frozen Heart,Needlessly Large Rod,Farsight Alteration,Oblivion Orb,Void Staff,No_Item,Rylai's Crystal Scepter,Liandry's Torment,Sorcerer's Shoes,Farsight Alteration,Echoes of Helia,No_Item,Dream Maker,Boots of Swiftness,Moonstone Renewer,Dark Seal,Oracle Lens,Phase Rush,Precision,Conqueror,Inspiration,Press the Attack,Sorcery,Arcane Comet,Precision,Summon Aery,Inspiration,Grasp of the Undying,Precision,Conqueror,Domination,Phase Rush,Inspiration,Arcane Comet,Precision,Summon Aery,Resolve,Flash,Teleport,Flash,Smite,Flash,Ignite,Flash,Teleport,Flash,Heal,Flash,Teleport,Flash,Smite,Flash,Teleport,Teleport,Flash,Flash,Heal,1,3,1,0,3,0
https://www.op.gg/summoners/euw/Carnag%CE%B5-EUW/matches/34-jfPz6TmxIrN387MIhfQcRZcGybGiBcRZQ-oR8-Dc%3D/1730906227000,1,21,32,32,21,57,30,75,63,17,25,0,2,1,0,9,3,1,2,54052,49497,13.6,13.0,753,712,28.3,26.7,4555,-4555,2031.7418439716312,1860.5255319148937,Gragas,Wukong,Ahri,Jinx,Rakan,Olaf,Skarner,Orianna,Varus,Rumble,No_Item,No_Item,Doran's Ring,Fimbulwinter,Cosmic Drive,Ionian Boots of Lucidity,Oracle Lens,Black Cleaver,Trinity Force,Boots of Swiftness,Sterak's Gage,No_Item,No_Item,Oracle Lens,Amplifying Tome,Horizon Focus,Control Ward,Ionian Boots of Lucidity,Cryptbloom,Malignance,Oracle Lens,Statikk Shiv,Yun Tal Wildarrows,Berserker's Greaves,B. F. Sword,Lord Dominik's Regards,Pickaxe,Farsight Alteration,Locket of the Iron Solari,Celestial Opposition,Mercury's Treads,Control Ward,Kindlegem,Null-Magic Mantle,Oracle Lens,Control Ward,Sundered Sky,Stridebreaker,Doran's Blade,Boots of Swiftness,No_Item,Stealth Ward,Heartsteel,Control Ward,Plated Steelcaps,Sterak's Gage,Bramble Vest,No_Item,Oracle Lens,Doran's Ring,Seraph's Embrace,Needlessly Large Rod,Horizon Focus,Dark Seal,Mercury's Treads,Farsight Alteration,Edge of Night,Hubris,Ionian Boots of Lucidity,Muramana,Last Whisper,Doran's Blade,Farsight Alteration,Celestial Opposition,Seeker's Armguard,Liandry's Torment,Control Ward,Sorcerer's Shoes,Needlessly Large Rod,Oracle Lens,Phase Rush,Inspiration,Conqueror,Inspiration,Electrocute,Resolve,Lethal Tempo,Inspiration,Guardian,Domination,Conqueror,Inspiration,Grasp of the Undying,Inspiration,Arcane Comet,Precision,Hail of Blades,Inspiration,Arcane Comet,Resolve,Teleport,Flash,Flash,Smite,Flash,Teleport,Flash,Barrier,Heal,Flash,Ghost,Teleport,Flash,Smite,Teleport,Flash,Flash,Barrier,Flash,Ignite,1,4,1,0,2,0
https://www.op.gg/summoners/euw/Carnag%CE%B5-EUW/matches/34-jfPz6TmwLhOESpMz3h9OyFgO9upOJHHL2Ewsv628%3D/1730902097000,1,38,19,19,38,37,62,54,73,29,11,0,3,1,0,8,2,1,3,58150,46947,14.8,13.0,777,738,28.8,27.3,11203,-11203,2144.28125,1731.170625,Kennen,Vi,Zed,Ezreal,Rell,Garen,Wukong,Syndra,Xayah,Rakan,Hextech Alternator,Sorcerer's Shoes,Hextech Rocketbelt,Stormsurge,Dark Seal,No_Item,Oracle Lens,Black Cleaver,Control Ward,Sundered Sky,Plated Steelcaps,Tunneler,Ruby Crystal,Oracle Lens,Youmuu's Ghostblade,Last Whisper,Edge of Night,Ionian Boots of Lucidity,Voltaic Cyclosword,Caulfield's Warhammer,Oracle Lens,Spear of Shojin,Muramana,Trinity Force,Bloodthirster,No_Item,Ionian Boots of Lucidity,Farsight Alteration,Celestial Opposition,Knight's Vow,Locket of the Iron Solari,Ionian Boots of Lucidity,Zeke's Convergence,No_Item,Oracle Lens,Noonquiver,Boots of Swiftness,Stridebreaker,Phantom Dancer,Last Whisper,No_Item,Stealth Ward,Trinity Force,Sundered Sky,Mercury's Treads,Tunneler,Ruby Crystal,Control Ward,Oracle Lens,Sorcerer's Shoes,Luden's Companion,No_Item,Needlessly Large Rod,Needlessly Large Rod,Zhonya's Hourglass,Farsight Alteration,Doran's Blade,Essence Reaver,Zeal,Infinity Edge,Berserker's Greaves,Dagger,Farsight Alteration,Zeke's Convergence,Celestial Opposition,Locket of the Iron Solari,Null-Magic Mantle,Boots,Ruby Crystal,Oracle Lens,Phase Rush,Domination,Conqueror,Inspiration,Electrocute,Precision,Press the Attack,Inspiration,Aftershock,Inspiration,Phase Rush,Resolve,Conqueror,Inspiration,First Strike,Sorcery,Lethal Tempo,Inspiration,Guardian,Domination,Flash,Teleport,Flash,Smite,Teleport,Flash,Flash,Barrier,Flash,Ignite,Ignite,Flash,Flash,Smite,Flash,Teleport,Flash,Barrier,Flash,Exhaust,1,5,1,0,1,0
https://www.op.gg/summoners/euw/Carnag%CE%B5-EUW/matches/34-jfPz6TmzGa_Qfana9zg0FxSsSxjsh-utbj3xRLRw%3D/1730898134000,0,16,31,31,16,48,26,69,52,11,25,1,2,0,0,2,6,1,2,44428,52860,12.6,13.8,747,784,29.6,31.0,-8432,8432,1752.4377777777777,2085.0333333333333,Jax,Wukong,Anivia,Lux,Senna,Malphite,Viego,LeBlanc,Aphelios,Lulu,Trinity Force,Sundered Sky,No_Item,No_Item,No_Item,Ionian Boots of Lucidity,Stealth Ward,Black Cleaver,Trinity Force,Long Sword,Tunneler,Mercury's Treads,Long Sword,Oracle Lens,Doran's Ring,Rod of Ages,Sorcerer's Shoes,Malignance,Amplifying Tome,No_Item,Farsight Alteration,Seraph's Embrace,Sorcerer's Shoes,Staff of Flowing Water,Needlessly Large Rod,Doran's Ring,No_Item,Farsight Alteration,Bloodsong,Rapid Firecannon,Black Cleaver,Boots of Swiftness,No_Item,No_Item,Oracle Lens,Doran's Ring,Frozen Heart,Giant's Belt,Hollow Radiance,Chain Vest,Plated Steelcaps,Stealth Ward,Kraken Slayer,No_Item,Titanic Hydra,Plated Steelcaps,Sterak's Gage,Steel Sigil,Oracle Lens,Luden's Companion,Shadowflame,Dark Seal,Sorcerer's Shoes,Verdant Barrier,Doran's Ring,Oracle Lens,Long Sword,Long Sword,Infinity Edge,Yun Tal Wildarrows,Berserker's Greaves,Doran's Blade,Farsight Alteration,Mikael's Blessing,Refillable Potion,Dream Maker,Moonstone Renewer,Boots of Swiftness,Forbidden Idol,Oracle Lens,Grasp of the Undying,Inspiration,Conqueror,Inspiration,Electrocute,Precision,Summon Aery,Inspiration,Grasp of the Undying,Precision,Arcane Comet,Resolve,Conqueror,Inspiration,Electrocute,Sorcery,Press the Attack,Sorcery,Summon Aery,Resolve,Flash,Teleport,Smite,Flash,Teleport,Flash,Flash,Teleport,Flash,Heal,Flash,Teleport,Flash,Smite,Teleport,Flash,Flash,Cleanse,Heal,Flash,0,3,0,1,3,0
https://www.op.gg/summoners/euw/Carnag%CE%B5-EUW/matches/34-jfPz6TmxYCfNwRPW3zITYKr5G-QepthkWVu90VSU%3D/1730895475000,1,31,19,19,31,30,72,80,69,31,43,2,3,0,1,7,4,2,4,56157,55281,14.4,14.2,840,919,29.3,32.1,876,-876,1964.235874439462,1933.5955156950672,Jax,Skarner,LeBlanc,Varus,Renata Glasc,Tryndamere,Viego,Veigar,Kai'Sa,Leona,Null-Magic Mantle,Zhonya's Hourglass,Plated Steelcaps,Sundered Sky,Doran's Shield,Trinity Force,Stealth Ward,Sterak's Gage,Heartsteel,Plated Steelcaps,Spirit Visage,Chain Vest,No_Item,Oracle Lens,Luden's Companion,Mercury's Treads,Dark Seal,Needlessly Large Rod,Void Staff,Needlessly Large Rod,Oracle Lens,Muramana,Ionian Boots of Lucidity,Caulfield's Warhammer,Serrated Dirk,Serylda's Grudge,Executioner's Calling,Farsight Alteration,Celestial Opposition,Control Ward,Locket of the Iron Solari,Mikael's Blessing,Mercury's Treads,Ruby Crystal,Oracle Lens,Berserker's Greaves,Quicksilver Sash,Ravenous Hydra,Doran's Blade,Phantom Dancer,Vampiric Scepter,Oracle Lens,Kraken Slayer,Wit's End,Sundered Sky,Tunneler,Ruby Crystal,Mercury's Treads,Oracle Lens,Rod of Ages,Fimbulwinter,No_Item,Needlessly Large Rod,Void Staff,Ionian Boots of Lucidity,Stealth Ward,Youmuu's Ghostblade,The Collector,Lord Dominik's Regards,Serpent's Fang,Boots,Doran's Blade,Farsight Alteration,Celestial Opposition,Control Ward,Locket of the Iron Solari,Mercury's Treads,Giant's Belt,Winged Moonplate,Oracle Lens,Grasp of the Undying,Sorcery,Grasp of the Undying,Inspiration,Electrocute,Sorcery,Arcane Comet,Inspiration,Guardian,Domination,Grasp of the Undying,Precision,Conqueror,Inspiration,Electrocute,Resolve,Hail of Blades,Precision,Aftershock,Inspiration,Flash,Teleport,Flash,Smite,Teleport,Flash,Flash,Cleanse,Heal,Flash,Ghost,Ignite,Smite,Flash,Flash,Teleport,Flash,Cleanse,Flash,Ignite,1,3,1,0,3,0
https://www.op.gg/summoners/euw/Carnag%CE%B5-EUW/matches/34-jfPz6Tmyo3s_F_imV5nb2M2VZphVT7NrZn6kxQTA%3D/1730849902000,1,29,26,26,29,43,43,72,68,25,17,1,3,0,1,10,1,1,4,64107,56532,15.4,15.0,977,902,32.8,30.3,7575,-7575,2136.9,1884.4,Jax,Wukong,Sylas,Ashe,Nautilus,Yone,Viego,Ahri,Varus,Zoe,Null-Magic Mantle,Sundered Sky,No_Item,Plated Steelcaps,Sterak's Gage,Trinity Force,Stealth Ward,Trinity Force,Pickaxe,Sundered Sky,Tunneler,Ruby Crystal,Mercury's Treads,Oracle Lens,Shattered Armguard,Hextech Rocketbelt,Dark Seal,Lich Bane,Rabadon's Deathcap,Mercury's Treads,Oracle Lens,Cloak of Agility,Runaan's Hurricane,Bloodthirster,Kraken Slayer,Berserker's Greaves,Doran's Blade,Farsight Alteration,Celestial Opposition,Locket of the Iron Solari,Mikael's Blessing,Mercury's Treads,Chain Vest,Control Ward,Oracle Lens,Doran's Blade,Immortal Shieldbow,Blade of The Ruined King,Berserker's Greaves,Phage,Dagger,Farsight Alteration,Black Cleaver,Plated Steelcaps,Titanic Hydra,Kraken Slayer,Control Ward,No_Item,Oracle Lens,Rabadon's Deathcap,Malignance,Stormsurge,Dark Seal,Sorcerer's Shoes,Hextech Alternator,Oracle Lens,Serylda's Grudge,Muramana,Hubris,Serrated Dirk,Ionian Boots of Lucidity,Doran's Blade,Farsight Alteration,Celestial Opposition,Ionian Boots of Lucidity,Horizon Focus,Imperial Mandate,Aether Wisp,Fiendish Codex,Oracle Lens,Lethal Tempo,Resolve,Conqueror,Inspiration,Electrocute,Sorcery,Lethal Tempo,Inspiration,Aftershock,Inspiration,Lethal Tempo,Resolve,Conqueror,Inspiration,Electrocute,Sorcery,Arcane Comet,Precision,Summon Aery,Precision,Flash,Teleport,Smite,Flash,Flash,Teleport,Flash,Cleanse,Flash,Ignite,Teleport,Flash,Flash,Smite,Flash,Teleport,Flash,Cleanse,Flash,Ignite,1,6,1,0,0,0
https://www.op.gg/summoners/euw/Carnag%CE%B5-EUW/matches/34-jfPz6TmxGcFPJteER2sbwWsXM-KggnXyHycaptrM%3D/1730845943000,1,26,24,27,26,47,52,61,77,30,19,0,3,1,0,6,2,1,3,56697,50690,14.2,14.0,838,825,31.0,30.6,6007,-6007,2093.4276923076923,1871.6307692307694,Renekton,Dr. Mundo,Kassadin,Ezreal,Rell,Ahri,Viego,Jax,Ashe,Rakan,Plated Steelcaps,Eclipse,Sterak's Gage,Black Cleaver,Ruby Crystal,Ruby Crystal,Oracle Lens,Unending Despair,Heartsteel,No_Item,Bramble Vest,Plated Steelcaps,Chain Vest,Oracle Lens,Malignance,Sorcerer's Shoes,Seraph's Embrace,Frozen Heart,Doran's Shield,Dark Seal,Oracle Lens,Spear of Shojin,Trinity Force,Ionian Boots of Lucidity,Muramana,Long Sword,Doran's Blade,Farsight Alteration,Locket of the Iron Solari,Celestial Opposition,No_Item,Kindlegem,Zeke's Convergence,Ionian Boots of Lucidity,Oracle Lens,Horizon Focus,Malignance,Dark Seal,Sorcerer's Shoes,Rabadon's Deathcap,Amplifying Tome,Oracle Lens,Kraken Slayer,Plated Steelcaps,Black Cleaver,Guardian Angel,Ruby Crystal,Long Sword,Oracle Lens,Ionian Boots of Lucidity,Trinity Force,Sundered Sky,Tunneler,Ruby Crystal,Cloth Armor,Stealth Ward,Pickaxe,Kraken Slayer,Berserker's Greaves,Statikk Shiv,Vampiric Scepter,No_Item,Farsight Alteration,Zeke's Convergence,Locket of the Iron Solari,Celestial Opposition,Ionian Boots of Lucidity,No_Item,No_Item,Oracle Lens,Conqueror,Resolve,Fleet Footwork,Inspiration,Electrocute,Resolve,Press the Attack,Inspiration,Aftershock,Inspiration,Grasp of the Undying,Sorcery,Conqueror,Inspiration,Grasp of the Undying,Sorcery,Lethal Tempo,Inspiration,Guardian,Domination,Flash,Teleport,Smite,Flash,Flash,Teleport,Cleanse,Flash,Ignite,Flash,Teleport,Flash,Flash,Smite,Flash,Teleport,Flash,Barrier,Flash,Ignite,1,3,1,0,3,0
https://www.op.gg/summoners/euw/Carnag%CE%B5-EUW/matches/34-jfPz6TmyKQfRsHyKZAgTlODCn-EBlMKjvLBAI9gI%3D/1730841942000,1,23,5,5,23,7,27,36,29,7,9,1,0,0,0,5,0,1,0,35733,23695,10.0,8.8,489,442,32.2,29.2,12038,-12038,2362.988709677419,1566.9274193548385,K'Sante,Kindred,Aurora,Sivir,Lulu,Gnar,Viego,Corki,Seraphine,Alistar,"Jak'Sho, The Protean",No_Item,Mercury's Treads,No_Item,Iceborn Gauntlet,No_Item,Stealth Ward,Pickaxe,Serrated Dirk,Boots,Scorchclaw Pup,Kraken Slayer,Cloak of Agility,Oracle Lens,Malignance,No_Item,Sorcerer's Shoes,Dark Seal,Doran's Ring,Needlessly Large Rod,Stealth Ward,Doran's Blade,Cull,Slightly Magical Footwear,Essence Reaver,Navori Flickerblade,Dagger,Farsight Alteration,Shurelya's Battlesong,Dream Maker,No_Item,Forbidden Idol,Ionian Boots of Lucidity,No_Item,Oracle Lens,Plated Steelcaps,Doran's Blade,Phage,Hearthbound Axe,No_Item,Glowing Mote,Stealth Ward,Gustwalker Hatchling,Slightly Magical Footwear,Kraken Slayer,Ruby Crystal,Ruby Crystal,Control Ward,Oracle Lens,Trinity Force,Tear of the Goddess,No_Item,Boots,Cull,Doran's Blade,Farsight Alteration,Seraph's Embrace,Ionian Boots of Lucidity,Doran's Ring,Forbidden Idol,No_Item,No_Item,Farsight Alteration,Zeke's Convergence,Control Ward,Solstice Sleigh,Boots,No_Item,No_Item,Oracle Lens,Grasp of the Undying,Inspiration,Press the Attack,Domination,Arcane Comet,Domination,Lethal Tempo,Inspiration,Summon Aery,Resolve,Grasp of the Undying,Precision,Conqueror,Inspiration,Fleet Footwork,Inspiration,Summon Aery,Inspiration,Phase Rush,Inspiration,Teleport,Flash,Smite,Flash,Flash,Teleport,Flash,Barrier,Flash,Ignite,Teleport,Flash,Flash,Smite,Flash,Teleport,Flash,Teleport,Flash,Ignite,0,6,0,0,0,0
https://www.op.gg/summoners/euw/Carnag%CE%B5-EUW/matches/34-jfPz6TmzkcbPqMrhU_7gTGkpV7YQYBoo54g74LIk%3D/1730839456000,1,27,15,15,27,23,35,57,52,19,21,2,1,1,0,10,0,3,1,53133,40670,14.0,12.0,784,694,34.1,30.2,12463,-12463,2303.4537572254335,1763.150289017341,Jayce,Viego,Ahri,Tristana,Lulu,Aatrox,Xin Zhao,Kassadin,Syndra,Pyke,Muramana,Caulfield's Warhammer,Maw of Malmortius,Mercury's Treads,Doran's Blade,Eclipse,Farsight Alteration,Kraken Slayer,Titanic Hydra,No_Item,Ruby Crystal,Long Sword,Mercury's Treads,Oracle Lens,Lich Bane,Malignance,No_Item,Sorcerer's Shoes,Dark Seal,No_Item,Oracle Lens,Hexdrinker,Infinity Edge,The Collector,Berserker's Greaves,Doran's Blade,Dagger,Farsight Alteration,Redemption,Dream Maker,Ionian Boots of Lucidity,Ruby Crystal,Moonstone Renewer,No_Item,Oracle Lens,Doran's Shield,Eclipse,Tunneler,Plated Steelcaps,Ruby Crystal,Long Sword,Oracle Lens,Sundered Sky,Control Ward,Titanic Hydra,Slightly Magical Footwear,Cloth Armor,Your Cut,Oracle Lens,Malignance,Shattered Armguard,Seraph's Embrace,Doran's Shield,Boots,Dark Seal,Oracle Lens,Luden's Companion,Sorcerer's Shoes,Doran's Ring,Horizon Focus,Blighting Jewel,Blasting Wand,Farsight Alteration,Bloodsong,Refillable Potion,Control Ward,Umbral Glaive,Boots of Swiftness,Serrated Dirk,Oracle Lens,Phase Rush,Inspiration,Conqueror,Inspiration,Electrocute,Sorcery,Lethal Tempo,Domination,Summon Aery,Resolve,Conqueror,Resolve,Conqueror,Inspiration,Electrocute,Resolve,First Strike,Precision,Hail of Blades,Resolve,Flash,Teleport,Smite,Flash,Flash,Teleport,Barrier,Flash,Flash,Heal,Flash,Teleport,Flash,Smite,Flash,Teleport,Flash,Teleport,Ignite,Flash,1,6,1,0,0,0
https://www.op.gg/summoners/euw/Carnag%CE%B5-EUW/matches/34-jfPz6TmzYMdd_cTJzqpzIiL08BTBSyhvpxpjouEQ%3D/1730823648000,0,9,32,32,9,56,18,96,83,34,37,0,4,0,1,4,9,0,5,46856,57795,12.6,14.6,871,865,32.3,32.0,-10939,10939,1733.6720000000003,2138.4150000000004,Gnar,Jarvan IV,Cassiopeia,Ashe,Renata Glasc,Sylas,Xin Zhao,Syndra,Jinx,Thresh,Wit's End,Tunneler,Mercury's Treads,Trinity Force,Ruby Crystal,No_Item,Farsight Alteration,Ruby Crystal,Ruby Crystal,Spirit Visage,Sundered Sky,Eclipse,Ionian Boots of Lucidity,Stealth Ward,Doran's Ring,Seraph's Embrace,Force of Nature,Dark Seal,Haunting Guise,Amplifying Tome,Farsight Alteration,Executioner's Calling,Berserker's Greaves,Last Whisper,Runaan's Hurricane,Kraken Slayer,Doran's Blade,Farsight Alteration,Kindlegem,Solstice Sleigh,Locket of the Iron Solari,Control Ward,Forbidden Idol,Ionian Boots of Lucidity,Oracle Lens,Shattered Armguard,Hextech Rocketbelt,Dark Seal,Sorcerer's Shoes,Blighting Jewel,Cosmic Drive,Stealth Ward,Plated Steelcaps,No_Item,Titanic Hydra,Sundered Sky,Black Cleaver,Long Sword,Oracle Lens,Void Staff,Luden's Companion,Stormsurge,Needlessly Large Rod,Dark Seal,Sorcerer's Shoes,Stealth Ward,Doran's Blade,Mortal Reminder,The Collector,Berserker's Greaves,Opportunity,B. F. Sword,Farsight Alteration,Solstice Sleigh,Ionian Boots of Lucidity,Trailblazer,Locket of the Iron Solari,Ruby Crystal,No_Item,Oracle Lens,Grasp of the Undying,Precision,Conqueror,Inspiration,Conqueror,Sorcery,Lethal Tempo,Inspiration,Guardian,Domination,Conqueror,Resolve,Conqueror,Inspiration,Arcane Comet,Precision,Lethal Tempo,Sorcery,Guardian,Domination,Flash,Teleport,Smite,Flash,Flash,Teleport,Flash,Barrier,Flash,Heal,Flash,Teleport,Flash,Smite,Flash,Teleport,Flash,Cleanse,Flash,Ignite,1,3,0,0,3,1
https://www.op.gg/summoners/euw/Carnag%CE%B5-EUW/matches/34-jfPz6Tmz93jXm4kbpnxf7O2132t2RKONGAhVsug0%3D/1730820250000,1,33,16,16,33,28,38,63,52,13,15,1,2,1,0,9,2,2,2,53000,41993,13.6,12.4,692,701,29.2,29.6,11007,-11007,2225.414364640884,1763.2419889502762,Jax,Xin Zhao,Heimerdinger,Tristana,Poppy,Gnar,Kindred,Galio,Ziggs,Zilean,Sundered Sky,Tunneler,Null-Magic Mantle,Doran's Shield,Boots,Trinity Force,Stealth Ward,Plated Steelcaps,Tunneler,Titanic Hydra,Black Cleaver,Ruby Crystal,Caulfield's Warhammer,Oracle Lens,Doran's Ring,Needlessly Large Rod,Liandry's Torment,Ionian Boots of Lucidity,Blackfire Torch,No_Item,Farsight Alteration,Control Ward,Bloodthirster,Berserker's Greaves,Infinity Edge,Navori Flickerblade,The Collector,Farsight Alteration,Kindlegem,Control Ward,Bloodsong,Knight's Vow,Boots of Swiftness,Dead Man's Plate,Oracle Lens,Black Cleaver,Refillable Potion,Plated Steelcaps,Trinity Force,Tunneler,Ruby Crystal,Farsight Alteration,Plated Steelcaps,Cloak of Agility,Wit's End,Trinity Force,No_Item,No_Item,Oracle Lens,Doran's Ring,Haunting Guise,Hollow Radiance,No_Item,Fiendish Codex,Mercury's Treads,Oracle Lens,Doran's Ring,Needlessly Large Rod,Luden's Companion,Tear of the Goddess,Sorcerer's Shoes,Horizon Focus,Farsight Alteration,Ionian Boots of Lucidity,Control Ward,Solstice Sleigh,Kindlegem,Kindlegem,Kindlegem,Oracle Lens,Grasp of the Undying,Sorcery,Conqueror,Inspiration,Conqueror,Sorcery,Hail of Blades,Precision,Hail of Blades,Inspiration,Grasp of the Undying,Inspiration,Conqueror,Inspiration,Aftershock,Sorcery,Arcane Comet,Precision,Guardian,Domination,Teleport,Flash,Flash,Smite,Flash,Teleport,Flash,Barrier,Flash,Ignite,Teleport,Flash,Ghost,Smite,Flash,Teleport,Flash,Teleport,Heal,Flash,1,6,1,0,0,0
https://www.op.gg/summoners/euw/Carnag%CE%B5-EUW/matches/34-jfPz6Tmy9hxGQrVsFqWNpYDybex-Qdh_B3YGXoqU%3D/1730742683000,0,26,38,38,26,78,60,76,91,30,29,2,3,0,1,4,10,2,4,59501,69568,14.8,16.2,886,961,27.3,29.6,-10067,10067,1826.7850877192984,2135.8596491228072,K'Sante,Volibear,Ahri,Jhin,Senna,Shen,Viego,Orianna,Karthus,Pyke,Iceborn Gauntlet,Mercury's Treads,Kaenic Rookern,"Jak'Sho, The Protean",Negatron Cloak,Winged Moonplate,Stealth Ward,Sundered Sky,Negatron Cloak,Plated Steelcaps,Spirit Visage,Dead Man's Plate,Winged Moonplate,Oracle Lens,Horizon Focus,Malignance,Sorcerer's Shoes,Dark Seal,Needlessly Large Rod,Needlessly Large Rod,Farsight Alteration,Infinity Edge,Boots of Swiftness,Statikk Shiv,No_Item,Rapid Firecannon,Noonquiver,Farsight Alteration,Black Cleaver,Refillable Potion,Bloodsong,Rapid Firecannon,Boots of Swiftness,Serrated Dirk,Oracle Lens,Titanic Hydra,Sunfire Aegis,Plated Steelcaps,No_Item,No_Item,Heartsteel,Stealth Ward,Kraken Slayer,Titanic Hydra,No_Item,Sterak's Gage,Black Cleaver,Plated Steelcaps,Oracle Lens,Sorcerer's Shoes,Void Staff,Seraph's Embrace,Liandry's Torment,Mejai's Soulstealer,Needlessly Large Rod,Farsight Alteration,Void Staff,Blackfire Torch,Shadowflame,Sorcerer's Shoes,Liandry's Torment,Oblivion Orb,Stealth Ward,Bloodsong,Umbral Glaive,Control Ward,Serrated Dirk,Boots of Swiftness,Edge of Night,Oracle Lens,Grasp of the Undying,Sorcery,Press the Attack,Sorcery,Electrocute,Sorcery,Fleet Footwork,Sorcery,Fleet Footwork,Resolve,Grasp of the Undying,Domination,Conqueror,Inspiration,Phase Rush,Precision,Dark Harvest,Precision,Hail of Blades,Inspiration,Flash,Teleport,Flash,Smite,Flash,Teleport,Barrier,Flash,Heal,Flash,Flash,Ignite,Smite,Flash,Flash,Teleport,Flash,Exhaust,Flash,Ignite,0,4,0,1,2,3
https://www.op.gg/summoners/euw/Carnag%CE%B5-EUW/matches/34-jfPz6TmynUaKeuXWGqXyIwKO4goqC4Q8bcPExk7c%3D/1730739317000,1,26,14,14,26,26,44,56,59,25,13,2,1,0,1,9,2,2,2,55925,47114,14.0,13.2,866,793,33.3,30.599999999999998,8811,-8811,2146.6161616161617,1808.4161616161616,K'Sante,Xin Zhao,Ryze,Ezreal,Alistar,Gnar,Skarner,Ahri,Kai'Sa,Senna,"Jak'Sho, The Protean",Iceborn Gauntlet,Plated Steelcaps,Thornmail,Kindlegem,No_Item,Oracle Lens,Sundered Sky,Control Ward,Mercury's Treads,Black Cleaver,Tunneler,Ruby Crystal,Oracle Lens,No_Item,Seraph's Embrace,Boots of Swiftness,Rabadon's Deathcap,Doran's Ring,Cosmic Drive,Oracle Lens,Doran's Blade,Ionian Boots of Lucidity,Pickaxe,Trinity Force,Muramana,Serylda's Grudge,Farsight Alteration,Celestial Opposition,Locket of the Iron Solari,Control Ward,Kindlegem,Plated Steelcaps,Chain Vest,Oracle Lens,Sterak's Gage,Chain Vest,Trinity Force,Negatron Cloak,Plated Steelcaps,Doran's Blade,Farsight Alteration,Sterak's Gage,Chain Vest,Plated Steelcaps,Heartsteel,Kindlegem,No_Item,Oracle Lens,Blighting Jewel,Liandry's Torment,Malignance,No_Item,Mercury's Treads,No_Item,Oracle Lens,Kraken Slayer,Doran's Blade,Berserker's Greaves,Guinsoo's Rageblade,Fiendish Codex,Blasting Wand,Farsight Alteration,Echoes of Helia,Boots of Swiftness,Dream Maker,Moonstone Renewer,Phage,No_Item,Oracle Lens,Aftershock,Inspiration,Conqueror,Inspiration,Phase Rush,Inspiration,Conqueror,Inspiration,Aftershock,Inspiration,Fleet Footwork,Resolve,Grasp of the Undying,Inspiration,Electrocute,Inspiration,Lethal Tempo,Inspiration,Summon Aery,Resolve,Flash,Teleport,Flash,Smite,Flash,Teleport,Flash,Barrier,Flash,Ignite,Teleport,Flash,Flash,Smite,Flash,Teleport,Flash,Barrier,Flash,Heal,1,6,1,0,0,0
https://www.op.gg/summoners/euw/Carnag%CE%B5-EUW/matches/34-jfPz6TmxsKTOFAtIg3pBkV0hNxHWQGgseef2Kx7w%3D/1730735502000,1,34,19,19,35,26,73,69,61,15,17,2,1,1,0,8,5,3,1,56813,48775,14.6,12.6,781,724,29.400000000000002,27.3,8038,-8038,2143.3995454545457,1840.1477272727273,Jax,Viego,Orianna,Ashe,Galio,K'Sante,Elise,Ekko,Ezreal,Bard,Mercury's Treads,Trinity Force,Sundered Sky,No_Item,Stridebreaker,No_Item,Stealth Ward,Kraken Slayer,No_Item,Mercury's Treads,Black Cleaver,Wit's End,Long Sword,Oracle Lens,Mercury's Treads,Liandry's Torment,No_Item,Mejai's Soulstealer,No_Item,Seraph's Embrace,Farsight Alteration,Doran's Blade,Phantom Dancer,Kraken Slayer,Berserker's Greaves,Cloak of Agility,B. F. Sword,Farsight Alteration,Abyssal Mask,Locket of the Iron Solari,Solstice Sleigh,Control Ward,Boots of Swiftness,Kindlegem,Oracle Lens,Doran's Shield,"Jak'Sho, The Protean",Iceborn Gauntlet,Ruby Crystal,Plated Steelcaps,Cloth Armor,Farsight Alteration,Shadowflame,Stormsurge,Blasting Wand,Blighting Jewel,No_Item,Sorcerer's Shoes,Oracle Lens,Void Staff,Hextech Rocketbelt,No_Item,Nashor's Tooth,Mercury's Treads,Dark Seal,Stealth Ward,Doran's Blade,Muramana,Trinity Force,Spear of Shojin,Ionian Boots of Lucidity,Long Sword,Farsight Alteration,Bloodsong,Spectre's Cowl,Dead Man's Plate,Boots of Swiftness,Control Ward,Null-Magic Mantle,Oracle Lens,Grasp of the Undying,Inspiration,Conqueror,Inspiration,Conqueror,Sorcery,Lethal Tempo,Inspiration,Aftershock,Sorcery,Grasp of the Undying,Inspiration,Dark Harvest,Precision,Arcane Comet,Domination,Conqueror,Inspiration,Guardian,Inspiration,Flash,Teleport,Flash,Smite,Flash,Teleport,Flash,Barrier,Flash,Ignite,Ghost,Teleport,Flash,Smite,Teleport,Flash,Flash,Cleanse,Flash,Ignite,0,0,1,1,6,0
https://www.op.gg/summoners/euw/Carnag%CE%B5-EUW/matches/34-jfPz6TmzUkysZgrxmFAtIlMSuQWM6TcRMhuLkNoc%3D/1730731213000,0,34,32,32,34,56,54,55,65,13,16,1,4,0,1,4,10,1,5,58645,61622,14.6,15.8,842,887,28.2,29.700000000000003,-2977,2977,1954.8333333333333,2054.0666666666666,Gnar,Nocturne,Ahri,Corki,Rell,Fiora,Master Yi,Galio,Kog'Maw,Karma,Plated Steelcaps,Trinity Force,Kindlegem,Sterak's Gage,Executioner's Calling,Pickaxe,Oracle Lens,Guardian Angel,Control Ward,Giant's Belt,Ionian Boots of Lucidity,Sterak's Gage,Experimental Hexplate,Farsight Alteration,Zhonya's Hourglass,Sorcerer's Shoes,Cryptbloom,Dark Seal,Malignance,Doran's Ring,Oracle Lens,Doran's Blade,Muramana,Trinity Force,Berserker's Greaves,Infinity Edge,Zeal,Farsight Alteration,Celestial Opposition,Locket of the Iron Solari,Synchronized Souls,Giant's Belt,Thornmail,Ruby Crystal,Oracle Lens,Ravenous Hydra,Trinity Force,Plated Steelcaps,Death's Dance,No_Item,Doran's Shield,Stealth Ward,Guinsoo's Rageblade,Blade of The Ruined King,Kraken Slayer,Mercury's Treads,Giant's Belt,No_Item,Farsight Alteration,Thornmail,Plated Steelcaps,Hollow Radiance,Riftmaker,No_Item,No_Item,Oracle Lens,Fiendish Codex,Zhonya's Hourglass,No_Item,Luden's Companion,Liandry's Torment,Sorcerer's Shoes,Farsight Alteration,Zaz'Zak's Realmspike,Shurelya's Battlesong,No_Item,Malignance,Sorcerer's Shoes,Ruby Crystal,Oracle Lens,Grasp of the Undying,Inspiration,Conqueror,Domination,Electrocute,Sorcery,Conqueror,Inspiration,Aftershock,Inspiration,Grasp of the Undying,Domination,Lethal Tempo,Domination,Aftershock,Sorcery,Arcane Comet,Precision,Arcane Comet,Domination,Flash,Teleport,Flash,Smite,Flash,Teleport,Flash,Barrier,Flash,Ignite,Teleport,Flash,Flash,Smite,Flash,Teleport,Teleport,Flash,Flash,Heal,0,6,0,1,0,2
https://www.op.gg/summoners/euw/Carnag%CE%B5-EUW/matches/34-jfPz6TmwFN4uaSA-x9JQHzS9NqBbi8k8pijCgw80%3D/1730727308000,1,29,32,33,29,62,55,80,83,27,26,3,1,1,0,6,6,4,1,63465,60817,15.4,14.6,933,839,30.1,27.1,2648,-2648,2044.5100671140938,1959.2053691275166,Kled,Udyr,Yone,Caitlyn,Neeko,Shen,Viego,Veigar,Syndra,Leona,Doran's Blade,Mercury's Treads,Titanic Hydra,Eclipse,Black Cleaver,Serpent's Fang,Stealth Ward,Liandry's Torment,Force of Nature,No_Item,Abyssal Mask,Mercury's Treads,Negatron Cloak,Oracle Lens,No_Item,Wit's End,Berserker's Greaves,Immortal Shieldbow,Blade of The Ruined King,Dagger,Farsight Alteration,Infinity Edge,The Collector,Lord Dominik's Regards,Berserker's Greaves,B. F. Sword,Vampiric Scepter,Farsight Alteration,Hextech Rocketbelt,Celestial Opposition,Zhonya's Hourglass,Ionian Boots of Lucidity,Control Ward,Oblivion Orb,Oracle Lens,Heartsteel,Titanic Hydra,Plated Steelcaps,Ruby Crystal,Bramble Vest,Cloth Armor,Stealth Ward,Mercury's Treads,Caulfield's Warhammer,Titanic Hydra,Kraken Slayer,Black Cleaver,Tunneler,Oracle Lens,Seraph's Embrace,Cryptbloom,Frozen Heart,Needlessly Large Rod,Cosmic Drive,Ionian Boots of Lucidity,Farsight Alteration,Sorcerer's Shoes,Horizon Focus,Luden's Companion,Stormsurge,Void Staff,Aether Wisp,Farsight Alteration,Bloodsong,Locket of the Iron Solari,Abyssal Mask,Control Ward,No_Item,Boots of Swiftness,Oracle Lens,Grasp of the Undying,Precision,Conqueror,Inspiration,Fleet Footwork,Resolve,Hail of Blades,Sorcery,Arcane Comet,Inspiration,Grasp of the Undying,Domination,Conqueror,Inspiration,First Strike,Sorcery,First Strike,Sorcery,Aftershock,Inspiration,Flash,Teleport,Flash,Smite,Flash,Teleport,Flash,Cleanse,Flash,Heal,Teleport,Flash,Flash,Smite,Flash,Teleport,Flash,Teleport,Ignite,Flash,0,3,1,1,3,1
https://www.op.gg/summoners/euw/Carnag%CE%B5-EUW/matches/34-jfPz6Tmxjqn3rU9QCh-tsQTUVmm-zISzfv0oO0ZM%3D/1730721584000,0,9,21,21,9,29,15,50,41,9,22,0,3,0,0,1,2,0,3,32946,38230,10.6,11.8,621,648,32.4,33.699999999999996,-5284,5284,1714.2634146341463,1989.2032520325204,Gnar,Lee Sin,Kog'Maw,Ashe,Braum,Malphite,Viego,Ahri,Ezreal,Leona,Doran's Blade,Refillable Potion,Trinity Force,Mercury's Treads,Negatron Cloak,Recurve Bow,Stealth Ward,Control Ward,Eclipse,Mercury's Treads,Ruby Crystal,Tunneler,Long Sword,Stealth Ward,Luden's Companion,Hextech Alternator,Needlessly Large Rod,Sorcerer's Shoes,No_Item,No_Item,Stealth Ward,Doran's Blade,Kraken Slayer,Berserker's Greaves,Zeal,Dagger,Dagger,Farsight Alteration,Celestial Opposition,No_Item,Locket of the Iron Solari,No_Item,Mercury's Treads,No_Item,Oracle Lens,Refillable Potion,Doran's Ring,Plated Steelcaps,Malignance,Ruby Crystal,Cloth Armor,Stealth Ward,Kraken Slayer,Mercury's Treads,Titanic Hydra,Phage,Ruby Crystal,No_Item,Eye of the Herald,Doran's Ring,Sorcerer's Shoes,Fiendish Codex,Malignance,Mejai's Soulstealer,Amplifying Tome,Oracle Lens,Trinity Force,Muramana,Refillable Potion,Ionian Boots of Lucidity,Long Sword,Doran's Blade,Farsight Alteration,Locket of the Iron Solari,Bloodsong,Control Ward,Mercury's Treads,Cloth Armor,No_Item,Oracle Lens,Grasp of the Undying,Precision,Conqueror,Inspiration,Arcane Comet,Precision,Lethal Tempo,Inspiration,Guardian,Inspiration,Arcane Comet,Resolve,Conqueror,Inspiration,Electrocute,Precision,Press the Attack,Inspiration,Aftershock,Inspiration,Teleport,Flash,Flash,Smite,Teleport,Flash,Flash,Cleanse,Flash,Ignite,Flash,Teleport,Flash,Smite,Teleport,Flash,Flash,Barrier,Flash,Ignite,0,3,0,1,3,0
https://www.op.gg/summoners/euw/Carnag%CE%B5-EUW/matches/34-jfPz6TmxPcgSeb484oMG06WXtkBNE24YYiNXW6lM%3D/1730679647000,0,8,24,24,8,42,13,36,49,12,9,0,2,0,0,1,8,0,2,33545,45888,11.2,12.4,598,691,29.3,33.9,-12343,12343,1649.1396648044692,2255.9463687150837,Gragas,Jax,Sylas,Corki,Lulu,K'Sante,Viego,Syndra,Jinx,Rakan,Doran's Ring,Seeker's Armguard,Control Ward,No_Item,Boots,Seraph's Embrace,Stealth Ward,Sundered Sky,Control Ward,Long Sword,Trinity Force,Null-Magic Mantle,Slightly Magical Footwear,Stealth Ward,Doran's Shield,Mercury's Treads,Hextech Rocketbelt,Dark Seal,Fiendish Codex,Refillable Potion,Stealth Ward,Cloak of Agility,No_Item,Plated Steelcaps,Pickaxe,Trinity Force,Doran's Blade,Farsight Alteration,Refillable Potion,Shurelya's Battlesong,Dream Maker,Ionian Boots of Lucidity,Ruby Crystal,Amplifying Tome,Oracle Lens,Doran's Shield,Iceborn Gauntlet,Control Ward,"Jak'Sho, The Protean",Mercury's Treads,Spectre's Cowl,Oracle Lens,Plated Steelcaps,No_Item,Titanic Hydra,Kraken Slayer,Ruby Crystal,No_Item,Oracle Lens,Shadowflame,Stormsurge,Needlessly Large Rod,Sorcerer's Shoes,Dark Seal,Doran's Ring,Oracle Lens,Doran's Blade,Berserker's Greaves,Infinity Edge,Cloak of Agility,The Collector,Dagger,Farsight Alteration,Celestial Opposition,Zeke's Convergence,Locket of the Iron Solari,Ionian Boots of Lucidity,No_Item,No_Item,Oracle Lens,Phase Rush,Precision,Conqueror,Inspiration,Conqueror,Resolve,Conqueror,Inspiration,Summon Aery,Inspiration,Grasp of the Undying,Precision,Conqueror,Inspiration,First Strike,Sorcery,Lethal Tempo,Inspiration,Guardian,Domination,Teleport,Flash,Smite,Flash,Flash,Teleport,Barrier,Flash,Flash,Heal,Teleport,Flash,Flash,Smite,Flash,Teleport,Flash,Barrier,Flash,Ignite,0,0,0,1,6,1
https://www.op.gg/summoners/euw/Carnag%CE%B5-EUW/matches/34-jfPz6Tmx5B90BQVh0hdgkWjE1YGWx9dif_niZhYQ%3D/1730676775000,0,8,24,24,8,34,11,52,48,13,21,0,3,0,0,0,5,0,3,30788,40467,10.4,11.4,569,593,30.3,31.5,-9679,9679,1640.344262295082,2156.02868852459,Akali,Viego,Orianna,Kalista,Renata Glasc,Sylas,Volibear,Zoe,Draven,Rell,Amplifying Tome,Amplifying Tome,Oblivion Orb,Stormsurge,Sorcerer's Shoes,Doran's Shield,Oracle Lens,Tunneler,Kraken Slayer,Long Sword,Long Sword,Slightly Magical Footwear,Ruby Crystal,Eye of the Herald,Doran's Ring,Sorcerer's Shoes,Seraph's Embrace,Dark Seal,Aether Wisp,No_Item,Farsight Alteration,Doran's Blade,Blade of The Ruined King,Berserker's Greaves,Dagger,Dagger,No_Item,Stealth Ward,Solstice Sleigh,Locket of the Iron Solari,Ionian Boots of Lucidity,Control Ward,No_Item,No_Item,Oracle Lens,Dark Seal,Haunting Guise,Rod of Ages,Doran's Ring,Ionian Boots of Lucidity,Fiendish Codex,Stealth Ward,Sundered Sky,Control Ward,Plated Steelcaps,Winged Moonplate,Ruby Crystal,No_Item,Oracle Lens,Doran's Ring,No_Item,Aether Wisp,Luden's Companion,Sorcerer's Shoes,Mejai's Soulstealer,Farsight Alteration,Bloodthirster,The Collector,Rapid Firecannon,Doran's Blade,Boots,Dagger,Farsight Alteration,Kindlegem,Bloodsong,Locket of the Iron Solari,No_Item,Negatron Cloak,Ionian Boots of Lucidity,Oracle Lens,Conqueror,Domination,Conqueror,Inspiration,Conqueror,Sorcery,Lethal Tempo,Resolve,Guardian,Domination,Grasp of the Undying,Sorcery,Press the Attack,Sorcery,Summon Aery,Inspiration,Press the Attack,Domination,Aftershock,Inspiration,Flash,Teleport,Flash,Smite,Flash,Teleport,Flash,Cleanse,Flash,Heal,Teleport,Flash,Flash,Smite,Ignite,Flash,Flash,Barrier,Flash,Ignite,1,6,0,0,0,0
https://www.op.gg/summoners/euw/Carnag%CE%B5-EUW/matches/34-jfPz6TmyDTKvs-aa1e8RuLR4pP5aXRBT2i72H3yI%3D/1730672795000,1,26,10,11,26,12,31,31,31,8,4,1,0,0,0,2,0,1,0,34428,25809,9.6,9.2,458,408,28.900000000000002,25.8,8619,-8619,2168.964,1625.9669999999999,Gragas,Xin Zhao,Corki,Samira,Rell,K'Sante,Elise,Yone,Ashe,Pyke,Doran's Ring,Ionian Boots of Lucidity,Tear of the Goddess,Dark Seal,Fiendish Codex,Kindlegem,Farsight Alteration,Gustwalker Hatchling,No_Item,Tunneler,Sundered Sky,Plated Steelcaps,No_Item,Oracle Lens,Trinity Force,Plated Steelcaps,Caulfield's Warhammer,Tear of the Goddess,Long Sword,Doran's Blade,Farsight Alteration,Doran's Blade,Cloak of Agility,The Collector,Plated Steelcaps,Pickaxe,B. F. Sword,Farsight Alteration,Bloodsong,Zeke's Convergence,Plated Steelcaps,Cloth Armor,Kindlegem,Null-Magic Mantle,Oracle Lens,Doran's Shield,Hollow Radiance,Plated Steelcaps,Chain Vest,No_Item,No_Item,Stealth Ward,Scorchclaw Pup,Stormsurge,Sorcerer's Shoes,Dark Seal,No_Item,No_Item,Oracle Lens,Doran's Shield,Berserker's Greaves,Refillable Potion,Blade of The Ruined King,No_Item,No_Item,Stealth Ward,Doran's Blade,Rectrix,Berserker's Greaves,Dagger,Pickaxe,No_Item,Stealth Ward,Tear of the Goddess,Cull,Cull,Cull,Cull,Cull,Oracle Lens,Phase Rush,Inspiration,Conqueror,Inspiration,Conqueror,Inspiration,Conqueror,Domination,Aftershock,Inspiration,Grasp of the Undying,Domination,Dark Harvest,Precision,Fleet Footwork,Resolve,Lethal Tempo,Inspiration,Hail of Blades,Resolve,Flash,Teleport,Flash,Smite,Flash,Teleport,Flash,Cleanse,Flash,Ignite,Flash,Teleport,Flash,Smite,Teleport,Flash,Flash,Ghost,Ignite,Flash,1,2,0,0,1,0
https://www.op.gg/summoners/euw/Carnag%CE%B5-EUW/matches/34-jfPz6Tmy0CczReUeVhRtWiJFveKR1uSqjzIvGLp4%3D/1730669864000,1,25,22,22,25,42,53,106,96,32,45,2,3,0,1,7,5,2,4,61720,63385,15.4,15.6,997,1014,30.1,30.6,-1665,1665,1854.1399176954733,1904.1584362139918,Darius,Xin Zhao,Akali,Kog'Maw,Braum,Aatrox,Viego,Sylas,Corki,Poppy,Sterak's Gage,Winged Moonplate,Executioner's Calling,Plated Steelcaps,Chain Vest,Iceborn Gauntlet,Farsight Alteration,Sundered Sky,No_Item,Plated Steelcaps,Black Cleaver,Frozen Heart,No_Item,Oracle Lens,Shadowflame,Oblivion Orb,Zhonya's Hourglass,Stormsurge,Sorcerer's Shoes,No_Item,Stealth Ward,Nashor's Tooth,Guinsoo's Rageblade,Shadowflame,Needlessly Large Rod,Needlessly Large Rod,Berserker's Greaves,Farsight Alteration,Kindlegem,Solstice Sleigh,Locket of the Iron Solari,No_Item,Chain Vest,Plated Steelcaps,Oracle Lens,Doran's Shield,Eclipse,Sundered Sky,Plated Steelcaps,Black Cleaver,Long Sword,Oracle Lens,Titanic Hydra,Kraken Slayer,Plated Steelcaps,Sundered Sky,Wit's End,No_Item,Oracle Lens,Doran's Ring,Amplifying Tome,Rod of Ages,Mercury's Treads,Cosmic Drive,Riftmaker,Oracle Lens,Rapid Firecannon,Muramana,Infinity Edge,Trinity Force,Plated Steelcaps,Hexdrinker,Farsight Alteration,Locket of the Iron Solari,Bloodsong,Null-Magic Mantle,Ruby Crystal,Dead Man's Plate,Boots of Swiftness,Oracle Lens,Conqueror,Resolve,Conqueror,Inspiration,Electrocute,Resolve,Lethal Tempo,Resolve,Guardian,Inspiration,Phase Rush,Resolve,Conqueror,Inspiration,Grasp of the Undying,Sorcery,Conqueror,Inspiration,Hail of Blades,Inspiration,Flash,Ghost,Flash,Smite,Flash,Teleport,Flash,Barrier,Flash,Heal,Flash,Teleport,Flash,Smite,Teleport,Flash,Barrier,Flash,Flash,Ignite,1,6,1,0,0,0
https://www.op.gg/summoners/euw/Carnag%CE%B5-EUW/matches/34-jfPz6TmzRANp49BhiNLT0R48Rg2Hf4pxYm-JVRCw%3D/1730662831000,1,46,28,28,46,44,58,59,73,24,15,3,1,2,0,10,2,5,1,71716,53397,16.0,14.0,908,783,30.4,26.3,18319,-18319,2390.5333333333333,1779.9,Teemo,Viego,Akali,Draven,Braum,Zac,Karthus,Yone,Jinx,Rell,Nashor's Tooth,Doran's Ring,Liandry's Torment,Oblivion Orb,Sorcerer's Shoes,Malignance,Farsight Alteration,Mercury's Treads,Control Ward,Titanic Hydra,Kraken Slayer,Sterak's Gage,Guardian Angel,Oracle Lens,Rabadon's Deathcap,Lich Bane,Zhonya's Hourglass,Mejai's Soulstealer,Sorcerer's Shoes,Amplifying Tome,Oracle Lens,Doran's Blade,Berserker's Greaves,The Collector,Infinity Edge,Bloodthirster,Lord Dominik's Regards,Farsight Alteration,Solstice Sleigh,Locket of the Iron Solari,Redemption,Mercury's Treads,Giant's Belt,Control Ward,Oracle Lens,Hollow Radiance,Ionian Boots of Lucidity,Unending Despair,Negatron Cloak,Giant's Belt,Chain Vest,Oracle Lens,Rabadon's Deathcap,Sorcerer's Shoes,Blackfire Torch,Shadowflame,Blighting Jewel,Control Ward,Farsight Alteration,Immortal Shieldbow,Pickaxe,Doran's Shield,Berserker's Greaves,Blade of The Ruined King,Cloak of Agility,Oracle Lens,Mortal Reminder,Kraken Slayer,Berserker's Greaves,Runaan's Hurricane,No_Item,No_Item,Farsight Alteration,Bloodsong,Chain Vest,Locket of the Iron Solari,Ionian Boots of Lucidity,Kindlegem,Zeke's Convergence,Oracle Lens,Press the Attack,Resolve,Conqueror,Inspiration,Fleet Footwork,Resolve,Press the Attack,Sorcery,Guardian,Inspiration,Conqueror,Resolve,Dark Harvest,Precision,Lethal Tempo,Resolve,Lethal Tempo,Sorcery,Aftershock,Inspiration,Flash,Ignite,Flash,Smite,Ignite,Teleport,Barrier,Flash,Flash,Exhaust,Teleport,Flash,Exhaust,Smite,Teleport,Flash,Flash,Barrier,Flash,Ignite,1,5,1,0,1,0
https://www.op.gg/summoners/euw/Carnag%CE%B5-EUW/matches/34-jfPz6TmwYah-7R7xYlWwbCNFu51BxnXkGhh0V7Io%3D/1730660296000,0,5,11,11,5,15,9,31,36,12,16,1,1,0,0,0,4,1,1,23624,30904,9.0,9.8,433,529,28.5,34.7,-7280,7280,1555.726829268293,2035.1414634146345,Shen,Xin Zhao,Yone,Ashe,Janna,Gnar,Jarvan IV,Sylas,Ezreal,Braum,Doran's Shield,Refillable Potion,Plated Steelcaps,Bami's Cinder,Chain Vest,No_Item,Stealth Ward,Gustwalker Hatchling,Slightly Magical Footwear,Sundered Sky,Ruby Crystal,No_Item,No_Item,Oracle Lens,Berserker's Greaves,Refillable Potion,Recurve Bow,Pickaxe,Doran's Shield,Vampiric Scepter,Farsight Alteration,Kraken Slayer,Berserker's Greaves,Doran's Blade,No_Item,No_Item,No_Item,Farsight Alteration,Dream Maker,Shurelya's Battlesong,Dark Seal,Faerie Charm,No_Item,Boots of Swiftness,Oracle Lens,Doran's Blade,Trinity Force,Plated Steelcaps,Sterak's Gage,No_Item,No_Item,Stealth Ward,Mosstomper Seedling,Eclipse,Plated Steelcaps,Glowing Mote,No_Item,No_Item,Oracle Lens,Doran's Ring,Hextech Rocketbelt,Refillable Potion,Sorcerer's Shoes,Amplifying Tome,Amplifying Tome,Farsight Alteration,Doran's Blade,Ionian Boots of Lucidity,Tear of the Goddess,Hearthbound Axe,Sheen,Long Sword,Stealth Ward,Warden's Mail,Ruby Crystal,No_Item,Solstice Sleigh,Plated Steelcaps,Cloth Armor,Oracle Lens,Grasp of the Undying,Domination,Conqueror,Inspiration,Lethal Tempo,Resolve,Lethal Tempo,Inspiration,Summon Aery,Domination,Grasp of the Undying,Precision,Conqueror,Inspiration,Electrocute,Sorcery,Conqueror,Sorcery,Guardian,Inspiration,Flash,Teleport,Flash,Smite,Flash,Teleport,Barrier,Flash,Flash,Heal,Teleport,Flash,Smite,Flash,Flash,Teleport,Barrier,Flash,Flash,Heal,0,0,0,0,6,0
https://www.op.gg/summoners/euw/Carnag%CE%B5-EUW/matches/34-jfPz6TmyQyY9Q0ctwScdK4BdGH7czj0TEpdd1umY%3D/1730658253000,1,33,17,17,33,24,63,70,73,34,27,4,1,1,0,9,6,5,1,63887,57978,15.8,15.0,959,1007,30.4,31.9,5909,-5909,2025.6853658536584,1838.3268292682926,K'Sante,Xin Zhao,LeBlanc,Corki,Leona,Gnar,Viego,Sylas,Jhin,Maokai,Iceborn Gauntlet,No_Item,Randuin's Omen,Ruby Crystal,"Jak'Sho, The Protean",Plated Steelcaps,Oracle Lens,Sundered Sky,No_Item,Mercury's Treads,Black Cleaver,Sterak's Gage,Cloth Armor,Oracle Lens,Stormsurge,Luden's Companion,Void Staff,Sorcerer's Shoes,Dark Seal,Needlessly Large Rod,Oracle Lens,Trinity Force,Muramana,Rapid Firecannon,Infinity Edge,B. F. Sword,Berserker's Greaves,Farsight Alteration,Bloodsong,Plated Steelcaps,Locket of the Iron Solari,Abyssal Mask,Kindlegem,No_Item,Oracle Lens,Plated Steelcaps,Trinity Force,Black Cleaver,Wit's End,Ruby Crystal,Doran's Blade,Farsight Alteration,Titanic Hydra,Kraken Slayer,Black Cleaver,Control Ward,Sterak's Gage,Mercury's Treads,Oracle Lens,Needlessly Large Rod,Hextech Rocketbelt,Amplifying Tome,Dark Seal,Mercury's Treads,Lich Bane,Oracle Lens,Infinity Edge,Lord Dominik's Regards,Statikk Shiv,Boots of Swiftness,Control Ward,No_Item,Farsight Alteration,Knight's Vow,Solstice Sleigh,Locket of the Iron Solari,Control Ward,Kindlegem,Mercury's Treads,Oracle Lens,Grasp of the Undying,Domination,Conqueror,Inspiration,Electrocute,Sorcery,Conqueror,Inspiration,Aftershock,Inspiration,Grasp of the Undying,Precision,Conqueror,Inspiration,Electrocute,Resolve,Fleet Footwork,Sorcery,Aftershock,Inspiration,Flash,Teleport,Flash,Smite,Teleport,Ignite,Flash,Cleanse,Flash,Ignite,Teleport,Flash,Flash,Smite,Flash,Teleport,Flash,Cleanse,Flash,Ignite,1,3,1,0,3,0
https://www.op.gg/summoners/euw/Carnag%CE%B5-EUW/matches/34-jfPz6TmydXGaPOT5LkJG_GScsW7QwrnhbWqHKzrM%3D/1730640433000,0,19,26,26,19,36,26,69,63,29,16,1,2,0,0,2,6,1,2,48734,56526,13.4,14.2,841,889,30.6,32.3,-7792,7792,1772.1454545454546,2055.490909090909,Gnar,Jax,Akali,Corki,Nautilus,Fiora,Nocturne,Sylas,Caitlyn,Lux,Doran's Shield,Trinity Force,Black Cleaver,Control Ward,No_Item,Plated Steelcaps,Stealth Ward,Trinity Force,Zhonya's Hourglass,Control Ward,Plated Steelcaps,Sundered Sky,No_Item,Stealth Ward,Needlessly Large Rod,Needlessly Large Rod,Lich Bane,Boots,Dark Seal,Shadowflame,Oracle Lens,Doran's Blade,Berserker's Greaves,Infinity Edge,Cloak of Agility,The Collector,Dagger,Farsight Alteration,Locket of the Iron Solari,Celestial Opposition,No_Item,Zeke's Convergence,Null-Magic Mantle,Plated Steelcaps,Oracle Lens,Ravenous Hydra,Death's Dance,Trinity Force,Boots of Swiftness,Hexdrinker,Long Sword,Farsight Alteration,Stridebreaker,No_Item,Pickaxe,Ruby Crystal,Boots of Swiftness,Sterak's Gage,Oracle Lens,Cosmic Drive,Zhonya's Hourglass,Hextech Rocketbelt,No_Item,Ionian Boots of Lucidity,No_Item,Farsight Alteration,Berserker's Greaves,The Collector,Infinity Edge,Noonquiver,No_Item,Doran's Blade,Farsight Alteration,Dark Seal,Horizon Focus,Zaz'Zak's Realmspike,Sorcerer's Shoes,No_Item,Luden's Companion,Oracle Lens,Grasp of the Undying,Precision,Conqueror,Inspiration,Electrocute,Resolve,Hail of Blades,Inspiration,Aftershock,Inspiration,Grasp of the Undying,Domination,Conqueror,Domination,Conqueror,Resolve,Lethal Tempo,Sorcery,Arcane Comet,Inspiration,Flash,Teleport,Flash,Smite,Ignite,Flash,Flash,Cleanse,Flash,Ignite,Teleport,Flash,Flash,Smite,Flash,Teleport,Barrier,Flash,Heal,Flash,0,1,0,0,5,0
https://www.op.gg/summoners/euw/Carnag%CE%B5-EUW/matches/34-jfPz6TmykKurOcONAC9hlItzyqBE8v-snpvPV65M%3D/1730638367000,1,30,13,13,30,15,61,44,70,25,16,2,1,1,0,7,2,3,1,53254,40454,13.4,11.6,703,701,31.0,31.0,12800,-12800,2343.176,1779.976,Yone,Briar,Galio,Jhin,Senna,Jax,Graves,Ahri,Yasuo,Pyke,Doran's Shield,Stridebreaker,Berserker's Greaves,Blade of The Ruined King,No_Item,No_Item,Farsight Alteration,Kraken Slayer,Black Cleaver,Kindlegem,Ruby Crystal,No_Item,Plated Steelcaps,Stealth Ward,Plated Steelcaps,Zhonya's Hourglass,No_Item,Hollow Radiance,Doran's Shield,Riftmaker,Oracle Lens,Doran's Blade,Boots of Swiftness,Infinity Edge,No_Item,Rapid Firecannon,Statikk Shiv,Farsight Alteration,Dream Maker,Echoes of Helia,Boots of Swiftness,Moonstone Renewer,Dark Seal,Forbidden Idol,Oracle Lens,Shattered Armguard,Trinity Force,Sundered Sky,Plated Steelcaps,No_Item,No_Item,Stealth Ward,The Collector,Long Sword,Youmuu's Ghostblade,Boots,Long Sword,Long Sword,Oracle Lens,Doran's Ring,Malignance,Dark Seal,Sorcerer's Shoes,Fiendish Codex,Fiendish Codex,Stealth Ward,Doran's Shield,Berserker's Greaves,Kraken Slayer,Cloak of Agility,Pickaxe,No_Item,Farsight Alteration,Serrated Dirk,Bloodsong,No_Item,Tunneler,Umbral Glaive,Synchronized Souls,Oracle Lens,Grasp of the Undying,Precision,Press the Attack,Domination,Aftershock,Sorcery,Dark Harvest,Precision,Summon Aery,Resolve,Grasp of the Undying,Sorcery,Dark Harvest,Precision,Grasp of the Undying,Sorcery,Lethal Tempo,Resolve,Hail of Blades,Resolve,Teleport,Flash,Smite,Flash,Teleport,Flash,Flash,Barrier,Flash,Heal,Teleport,Flash,Flash,Smite,Teleport,Flash,Flash,Exhaust,Flash,Ignite,1,5,1,0,1,0
https://www.op.gg/summoners/euw/Carnag%CE%B5-EUW/matches/34-jfPz6TmxNcpPySHIg7rlzhDpLMmfaREt6hdJAr0M%3D/1730596840000,0,24,25,25,24,52,49,78,77,26,26,1,4,0,2,5,9,1,6,56883,62999,14.4,15.4,925,938,29.8,30.099999999999998,-6116,6116,1829.9569767441862,2026.7120155038763,Gwen,Viego,Ahri,Varus,Karma,K'Sante,Elise,Garen,Ashe,Thresh,Rabadon's Deathcap,Doran's Ring,Ionian Boots of Lucidity,Shadowflame,Control Ward,Riftmaker,Stealth Ward,Black Cleaver,No_Item,Kraken Slayer,Mercury's Treads,Sterak's Gage,Ruby Crystal,Oracle Lens,Horizon Focus,Sorcerer's Shoes,Verdant Barrier,Void Staff,Malignance,Mejai's Soulstealer,Farsight Alteration,Berserker's Greaves,Terminus,Control Ward,Guinsoo's Rageblade,Blade of The Ruined King,No_Item,Farsight Alteration,Dream Maker,Ionian Boots of Lucidity,Mikael's Blessing,Dark Seal,Control Ward,Moonstone Renewer,Oracle Lens,Iceborn Gauntlet,"Jak'Sho, The Protean",Kaenic Rookern,Plated Steelcaps,No_Item,No_Item,Farsight Alteration,Rylai's Crystal Scepter,Zhonya's Hourglass,Sorcerer's Shoes,Lich Bane,Rabadon's Deathcap,Dark Seal,Oracle Lens,Boots of Swiftness,Phantom Dancer,Mortal Reminder,Long Sword,Stridebreaker,No_Item,Farsight Alteration,Kraken Slayer,Berserker's Greaves,Quicksilver Sash,Wit's End,Bloodthirster,Long Sword,Farsight Alteration,Locket of the Iron Solari,Celestial Opposition,Control Ward,Knight's Vow,Bramble Vest,Boots of Swiftness,Oracle Lens,Conqueror,Resolve,Conqueror,Inspiration,Electrocute,Inspiration,Lethal Tempo,Inspiration,Summon Aery,Resolve,Grasp of the Undying,Precision,Dark Harvest,Sorcery,Phase Rush,Resolve,Press the Attack,Inspiration,Aftershock,Inspiration,Ghost,Teleport,Flash,Smite,Flash,Teleport,Cleanse,Flash,Flash,Heal,Flash,Teleport,Flash,Smite,Flash,Ignite,Flash,Barrier,Flash,Ignite,1,6,0,0,0,1
https://www.op.gg/summoners/euw/Carnag%CE%B5-EUW/matches/34-jfPz6TmwDKEZC_L-dsh7gNJjUx7BDFT63pzv4YBw%3D/1730594253000,1,55,50,50,55,91,90,145,117,44,43,2,3,0,2,8,7,2,5,83575,82961,17.0,17.4,1042,1050,25.9,26.2,614,-614,2075.718954248366,2060.469281045752,Ornn,Kayn,Gragas,Corki,Pyke,Ezreal,Viego,Sylas,Kog'Maw,Rakan,Plated Steelcaps,Unending Despair,Hollow Radiance,Kaenic Rookern,"Jak'Sho, The Protean",Bramble Vest,Farsight Alteration,Spear of Shojin,Eclipse,Ionian Boots of Lucidity,Maw of Malmortius,Guardian Angel,Cloth Armor,Oracle Lens,Rabadon's Deathcap,Stormsurge,Tear of the Goddess,Void Staff,Sorcerer's Shoes,Shadowflame,Oracle Lens,Mortal Reminder,Hubris,Boots of Swiftness,Bloodthirster,The Collector,Infinity Edge,Farsight Alteration,Edge of Night,Celestial Opposition,Youmuu's Ghostblade,No_Item,Umbral Glaive,Boots of Swiftness,Oracle Lens,Ionian Boots of Lucidity,Trinity Force,Zhonya's Hourglass,Serylda's Grudge,Muramana,Spear of Shojin,Farsight Alteration,Kraken Slayer,Plated Steelcaps,Titanic Hydra,Guardian Angel,Sterak's Gage,Phage,Oracle Lens,Hextech Rocketbelt,Zhonya's Hourglass,Mercury's Treads,Dark Seal,Lich Bane,Cryptbloom,Oracle Lens,Sorcerer's Shoes,Zhonya's Hourglass,Rabadon's Deathcap,Horizon Focus,Luden's Companion,Cryptbloom,Farsight Alteration,Celestial Opposition,Plated Steelcaps,Locket of the Iron Solari,Zeke's Convergence,Knight's Vow,Control Ward,Oracle Lens,Grasp of the Undying,Precision,Conqueror,Inspiration,Electrocute,Sorcery,Hail of Blades,Precision,Hail of Blades,Resolve,Press the Attack,Inspiration,Conqueror,Inspiration,Electrocute,Inspiration,Arcane Comet,Precision,Guardian,Domination,Flash,Teleport,Flash,Smite,Teleport,Flash,Flash,Barrier,Flash,Ignite,Flash,Teleport,Flash,Smite,Teleport,Flash,Teleport,Flash,Flash,Heal,0,3,1,1,3,1
https://www.op.gg/summoners/euw/Carnag%CE%B5-EUW/matches/34-jfPz6TmwMItxSTmtZQ5QcOqkdYllO3kCbGHEJMnU%3D/1730589403000,0,21,38,38,21,72,42,130,103,52,47,2,3,0,2,4,11,2,5,66705,71501,16.4,17.0,1061,975,30.7,28.3,-4796,4796,1943.145652173913,2082.8552173913044,Gnar,Lee Sin,Syndra,Ashe,Rakan,K'Sante,Viego,LeBlanc,Ziggs,Bard,Trinity Force,Black Cleaver,Wit's End,Plated Steelcaps,Sterak's Gage,No_Item,Oracle Lens,Sundered Sky,Eclipse,Mercury's Treads,Death's Dance,Control Ward,Tunneler,Stealth Ward,Sorcerer's Shoes,Luden's Companion,Stormsurge,Void Staff,Rabadon's Deathcap,Cosmic Drive,Farsight Alteration,Infinity Edge,Kraken Slayer,Runaan's Hurricane,Long Sword,Berserker's Greaves,No_Item,Farsight Alteration,Celestial Opposition,Redemption,Locket of the Iron Solari,Mercury's Treads,No_Item,Ruby Crystal,Oracle Lens,Plated Steelcaps,Kindlegem,Iceborn Gauntlet,Bramble Vest,Kaenic Rookern,"Jak'Sho, The Protean",Farsight Alteration,Kraken Slayer,Control Ward,Titanic Hydra,Mercury's Treads,Sterak's Gage,Steel Sigil,Oracle Lens,Void Staff,Zhonya's Hourglass,Blackfire Torch,Dark Seal,Horizon Focus,Sorcerer's Shoes,Farsight Alteration,Zhonya's Hourglass,Luden's Companion,Horizon Focus,Rabadon's Deathcap,Void Staff,Sorcerer's Shoes,Farsight Alteration,Dead Man's Plate,Bloodsong,Control Ward,Kaenic Rookern,Kindlegem,Mercury's Treads,Oracle Lens,Fleet Footwork,Resolve,Conqueror,Inspiration,Summon Aery,Inspiration,Lethal Tempo,Inspiration,Guardian,Domination,Grasp of the Undying,Inspiration,Conqueror,Inspiration,Electrocute,Sorcery,Arcane Comet,Precision,Guardian,Inspiration,Teleport,Flash,Smite,Flash,Teleport,Flash,Flash,Barrier,Flash,Heal,Flash,Teleport,Flash,Smite,Teleport,Flash,Flash,Teleport,Flash,Ignite,1,4,0,0,2,3
https://www.op.gg/summoners/euw/Carnag%CE%B5-EUW/matches/34-jfPz6TmwZPN10lpqqXR9PeFrx9ZQ_r3XDqm2IEFc%3D/1730586271000,1,21,12,12,21,23,47,58,48,13,17,2,1,1,0,10,1,3,1,49500,37288,13.0,11.6,744,614,31.8,26.2,12212,-12212,2117.168674698795,1594.848192771084,K'Sante,Xin Zhao,Syndra,Ashe,Seraphine,Singed,Viego,Anivia,Jhin,Janna,Thornmail,Iceborn Gauntlet,Mercury's Treads,Kaenic Rookern,No_Item,Doran's Shield,Farsight Alteration,Mercury's Treads,Control Ward,Titanic Hydra,Sterak's Gage,No_Item,No_Item,Oracle Lens,Doran's Ring,Rabadon's Deathcap,Shattered Armguard,Stormsurge,Sorcerer's Shoes,Dark Seal,Oracle Lens,Kraken Slayer,Runaan's Hurricane,Last Whisper,Berserker's Greaves,No_Item,Doran's Blade,Farsight Alteration,Dream Maker,Echoes of Helia,Ionian Boots of Lucidity,Control Ward,Glowing Mote,Moonstone Renewer,Oracle Lens,Doran's Ring,Trailblazer,Boots of Swiftness,Rylai's Crystal Scepter,No_Item,No_Item,Stealth Ward,Tunneler,Trinity Force,Control Ward,Mercury's Treads,No_Item,No_Item,Oracle Lens,Doran's Ring,Mercury's Treads,Malignance,Dark Seal,Catalyst of Aeons,Haunting Guise,Farsight Alteration,No_Item,Last Whisper,Rapid Firecannon,Boots of Swiftness,Statikk Shiv,Doran's Blade,Farsight Alteration,Dream Maker,Kindlegem,Dark Seal,No_Item,Boots of Swiftness,Moonstone Renewer,Oracle Lens,Aftershock,Sorcery,Conqueror,Inspiration,Arcane Comet,Precision,Lethal Tempo,Inspiration,Guardian,Sorcery,Phase Rush,Resolve,Conqueror,Inspiration,Phase Rush,Precision,Fleet Footwork,Sorcery,Summon Aery,Resolve,Ghost,Teleport,Flash,Smite,Flash,Teleport,Flash,Barrier,Heal,Flash,Flash,Ghost,Flash,Smite,Ignite,Flash,Flash,Cleanse,Flash,Heal,1,5,2,0,1,0
https://www.op.gg/summoners/euw/Carnag%CE%B5-EUW/matches/34-jfPz6TmxP65oY2D361cMYA9U67g0OUoXR5jdl-Gc%3D/1730583170000,1,34,26,26,34,50,44,74,86,29,17,3,2,1,0,10,3,4,2,66655,58095,15.4,14.8,922,884,29.7,28.400000000000002,8560,-8560,2148.384297520661,1872.48347107438,Yone,Xin Zhao,Sylas,Ezreal,Poppy,K'Sante,Graves,Vladimir,Seraphine,Pyke,Executioner's Calling,Blade of The Ruined King,Immortal Shieldbow,Berserker's Greaves,Stridebreaker,Cloak of Agility,Farsight Alteration,Sundered Sky,No_Item,Titanic Hydra,Sterak's Gage,Mercury's Treads,Spirit Visage,Oracle Lens,Zhonya's Hourglass,Hextech Rocketbelt,Blasting Wand,Dark Seal,Sorcerer's Shoes,Lich Bane,Oracle Lens,Doran's Blade,Spear of Shojin,Ionian Boots of Lucidity,Muramana,Serylda's Grudge,Trinity Force,Farsight Alteration,Bloodsong,Dead Man's Plate,No_Item,Locket of the Iron Solari,Plated Steelcaps,Kindlegem,Oracle Lens,Doran's Shield,Plated Steelcaps,Iceborn Gauntlet,Negatron Cloak,Chain Vest,Thornmail,Stealth Ward,Immortal Shieldbow,Youmuu's Ghostblade,B. F. Sword,The Collector,Pickaxe,Plated Steelcaps,Oracle Lens,Stormsurge,Rabadon's Deathcap,Shadowflame,Blighting Jewel,Sorcerer's Shoes,Dark Seal,Stealth Ward,Redemption,Bandleglass Mirror,Staff of Flowing Water,Ionian Boots of Lucidity,Seraph's Embrace,Doran's Ring,Farsight Alteration,Celestial Opposition,Long Sword,Umbral Glaive,Edge of Night,Ionian Boots of Lucidity,Long Sword,Oracle Lens,Lethal Tempo,Resolve,Conqueror,Inspiration,Electrocute,Inspiration,Press the Attack,Inspiration,Hail of Blades,Inspiration,Grasp of the Undying,Inspiration,Dark Harvest,Precision,Summon Aery,Precision,Summon Aery,Precision,Hail of Blades,Resolve,Flash,Teleport,Flash,Smite,Flash,Ignite,Flash,Barrier,Ignite,Flash,Flash,Teleport,Flash,Smite,Flash,Ignite,Flash,Teleport,Flash,Ignite,1,3,2,0,3,0
https://www.op.gg/summoners/euw/Carnag%CE%B5-EUW/matches/34-jfPz6TmxXmIIZXehqUAoYTul6u_kH2DO6Eb9tWiE%3D/1730578242000,1,38,24,25,38,66,77,98,68,34,32,4,0,1,0,11,1,5,0,66923,53585,15.6,14.6,897,780,28.4,24.6,13338,-13338,2144.1349514563103,1716.8009708737864,Renekton,Sejuani,Sylas,Varus,Rakan,Soraka,Xin Zhao,Smolder,Karthus,Rell,Black Cleaver,Chempunk Chainsword,Stridebreaker,Mercury's Treads,Tunneler,No_Item,Oracle Lens,Locket of the Iron Solari,Knight's Vow,Zeke's Convergence,Thornmail,Negatron Cloak,Plated Steelcaps,Stealth Ward,Zhonya's Hourglass,Hextech Rocketbelt,Control Ward,Sorcerer's Shoes,Lich Bane,Void Staff,Oracle Lens,Youmuu's Ghostblade,Edge of Night,Muramana,Ionian Boots of Lucidity,Mortal Reminder,Serrated Dirk,Farsight Alteration,Celestial Opposition,Knight's Vow,Locket of the Iron Solari,Mercury's Treads,No_Item,Kindlegem,Oracle Lens,Doran's Ring,Redemption,Ionian Boots of Lucidity,Moonstone Renewer,Forbidden Idol,Forbidden Idol,Farsight Alteration,Sundered Sky,Mercury's Treads,Black Cleaver,Spirit Visage,Tunneler,Ruby Crystal,Oracle Lens,Doran's Blade,Trinity Force,Mercury's Treads,Muramana,Rapid Firecannon,B. F. Sword,Farsight Alteration,Sorcerer's Shoes,Shattered Armguard,Oblivion Orb,Liandry's Torment,Blackfire Torch,No_Item,Stealth Ward,Celestial Opposition,Locket of the Iron Solari,No_Item,Zeke's Convergence,Mercury's Treads,No_Item,Oracle Lens,Press the Attack,Resolve,Aftershock,Domination,Electrocute,Inspiration,Arcane Comet,Precision,Guardian,Domination,Summon Aery,Resolve,Conqueror,Inspiration,Grasp of the Undying,Inspiration,Dark Harvest,Precision,Aftershock,Inspiration,Ignite,Flash,Flash,Smite,Flash,Teleport,Flash,Barrier,Flash,Heal,Barrier,Flash,Flash,Smite,Flash,Teleport,Flash,Exhaust,Flash,Ignite,1,6,3,0,0,0
