GAME_ID,BLUE_WIN,BLUE_KILLS,RED_KILLS,BLUE_DEATHS,RED_DEATHS,RED_ASSISTS,BLUE_ASSISTS,BLUE_WARDS_PLACED,RED_WARDS_PLACED,BLUE_WARDS_DESTROYED,RED_WARDS_DESTROYED,BLUE_DRAGONS,RED_DRAGONS,BLUE_BARONS,RED_BARONS,BLUE_TOWERS,RED_TOWERS,BLUE_ELITE_MONSTERS,RED_ELITE_MONSTERS,BLUE_TEAM_GOLD,RED_TEAM_GOLD,BLUE_TEAM_LEVEL,RED_TEAM_LEVEL,BLUE_TEAM_CS,RED_TEAM_CS,BLUE_TEAAM_CS_PER_MINUTE,RED_TEAAM_CS_PER_MINUTE,BLUE_GOLD_DIFF,RED_GOLD_DIFF,BLUE_GOLD_PER_MIN,RED_GOLD_PER_MIN,BLUE_TEAM_TOP,BLUE_TEAM_JNG,BLUE_TEAM_MID,BLUE_TEAM_ADC,BLUE_TEAM_SUP,RED_TEAM_TOP,RED_TEAM_JNG,RED_TEAM_MID,RED_TEAM_ADC,RED_TEAM_SUP,BLLUE_TEAM_TOP_ITEM_1,BLLUE_TEAM_TOP_ITEM_2,BLLUE_TEAM_TOP_ITEM_3,BLLUE_TEAM_TOP_ITEM_4,BLLUE_TEAM_TOP_ITEM_5,BLLUE_TEAM_TOP_ITEM_6,BLLUE_TEAM_TOP_ITEM_VISION,BLLUE_TEAM_JNG_ITEM_1,BLLUE_TEAM_JNG_ITEM_2,BLLUE_TEAM_JNG_ITEM_3,BLLUE_TEAM_JNG_ITEM_4,BLLUE_TEAM_JNG_ITEM_5,BLLUE_TEAM_JNG_ITEM_6,BLLUE_TEAM_JNG_ITEM_VISION,BLLUE_TEAM_MID_ITEM_1,BLLUE_TEAM_MID_ITEM_2,BLLUE_TEAM_MID_ITEM_3,BLLUE_TEAM_MID_ITEM_4,BLLUE_TEAM_MID_ITEM_5,BLLUE_TEAM_MID_ITEM_6,BLLUE_TEAM_MID_ITEM_VISION,BLLUE_TEAM_ADC_ITEM_1,BLLUE_TEAM_ADC_ITEM_2,BLLUE_TEAM_ADC_ITEM_3,BLLUE_TEAM_ADC_ITEM_4,BLLUE_TEAM_ADC_ITEM_5,BLLUE_TEAM_ADC_ITEM_6,BLLUE_TEAM_ADC_ITEM_VISION,BLLUE_TEAM_SUP_ITEM_1,BLLUE_TEAM_SUP_ITEM_2,BLLUE_TEAM_SUP_ITEM_3,BLLUE_TEAM_SUP_ITEM_4,BLLUE_TEAM_SUP_ITEM_5,BLLUE_TEAM_SUP_ITEM_6,BLLUE_TEAM_SUP_ITEM_VISION,RED_TEAM_TOP_ITEM_1,RED_TEAM_TOP_ITEM_2,RED_TEAM_TOP_ITEM_3,RED_TEAM_TOP_ITEM_4,RED_TEAM_TOP_ITEM_5,RED_TEAM_TOP_ITEM_6,RED_TEAM_TOP_ITEM_VISION,RED_TEAM_JNG_ITEM_1,RED_TEAM_JNG_ITEM_2,RED_TEAM_JNG_ITEM_3,RED_TEAM_JNG_ITEM_4,RED_TEAM_JNG_ITEM_5,RED_TEAM_JNG_ITEM_6,RED_TEAM_JNG_ITEM_VISION,RED_TEAM_MID_ITEM_1,RED_TEAM_MID_ITEM_2,RED_TEAM_MID_ITEM_3,RED_TEAM_MID_ITEM_4,RED_TEAM_MID_ITEM_5,RED_TEAM_MID_ITEM_6,RED_TEAM_MID_ITEM_VISION,RED_TEAM_ADC_ITEM_1,RED_TEAM_ADC_ITEM_2,RED_TEAM_ADC_ITEM_3,RED_TEAM_ADC_ITEM_4,RED_TEAM_ADC_ITEM_5,RED_TEAM_ADC_ITEM_6,RED_TEAM_ADC_ITEM_VISION,RED_TEAM_SUP_ITEM_1,RED_TEAM_SUP_ITEM_2,RED_TEAM_SUP_ITEM_3,RED_TEAM_SUP_ITEM_4,RED_TEAM_SUP_ITEM_5,RED_TEAM_SUP_ITEM_6,RED_TEAM_SUP_ITEM_VISION,BLUE_TEAM_TOP_RUNE_01,BLUE_TEAM_TOP_RUNE_02,BLUE_TEAM_JNG_RUNE_01,BLUE_TEAM_JNG_RUNE_02,BLUE_TEAM_MID_RUNE_01,BLUE_TEAM_MID_RUNE_02,BLUE_TEAM_ADC_RUNE_01,BLUE_TEAM_ADC_RUNE_02,BLUE_TEAM_SUP_RUNE_01,BLUE_TEAM_SUP_RUNE_02,RED_TEAM_TOP_RUNE_01,RED_TEAM_TOP_RUNE_02,RED_TEAM_JNG_RUNE_01,RED_TEAM_JNG_RUNE_02,RED_TEAM_MID_RUNE_01,RED_TEAM_MID_RUNE_02,RED_TEAM_ADC_RUNE_01,RED_TEAM_ADC_RUNE_02,RED_TEAM_SUP_RUNE_01,RED_TEAM_SUP_RUNE_02,BLUE_TEAM_TOP_SUMMONER_01,BLUE_TEAM_TOP_SUMMONER_02,BLUE_TEAM_JNG_SUMMONER_01,BLUE_TEAM_JNG_SUMMONER_02,BLUE_TEAM_MID_SUMMONER_01,BLUE_TEAM_MID_SUMMONER_02,BLUE_TEAM_ADC_SUMMONER_01,BLUE_TEAM_ADC_SUMMONER_02,BLUE_TEAM_SUP_SUMMONER_01,BLUE_TEAM_SUP_SUMMONER_02,RED_TEAM_TOP_SUMMONER_01,RED_TEAM_TOP_SUMMONER_02,RED_TEAM_JNG_SUMMONER_01,RED_TEAM_JNG_SUMMONER_02,RED_TEAM_MID_SUMMONER_01,RED_TEAM_MID_SUMMONER_02,RED_TEAM_ADC_SUMMONER_01,RED_TEAM_ADC_SUMMONER_02,RED_TEAM_SUP_SUMMONER_01,RED_TEAM_SUP_SUMMONER_02,BLUE_TEAM_RIFT_HERALDS,BLUE_TEAM_VOID_GRUBS,BLUE_TEAM_INHIBITORS,RED_TEAM_RIFT_HERALDS,RED_TEAM_VOID_GRUBS,RED_TEAM_INHIBITORS
https://www.op.gg/summoners/euw/Six10-euw2/matches/uRd1PvnOddoBNKIIdRvdyl990ZuIY6ijWAWDCI1HliM%3D/1734609540000,0,18,25,25,18,42,28,63,71,19,18,1,3,1,0,2,10,2,3,54559,62340,14.8,15.4,950,995,31.2,32.7,-7781,7781,1795.3175213675213,2051.3589743589746,Camille,Lee Sin,Ambessa,Brand,Nami,Jax,Wukong,Orianna,Caitlyn,Maokai,Ravenous Hydra,Control Ward,Trinity Force,Sterak's Gage,Null-Magic Mantle,Plated Steelcaps,Oracle Lens,Sundered Sky,Eclipse,Sterak's Gage,Plated Steelcaps,Long Sword,Control Ward,Stealth Ward,No_Item,Eclipse,Plated Steelcaps,Spear of Shojin,Phage,Kindlegem,Oracle Lens,Zhonya's Hourglass,Blighting Jewel,No_Item,Liandry's Torment,Rylai's Crystal Scepter,Sorcerer's Shoes,Farsight Alteration,Imperial Mandate,Control Ward,Dream Maker,Forbidden Idol,Moonstone Renewer,Ionian Boots of Lucidity,Oracle Lens,Shattered Armguard,Sterak's Gage,Needlessly Large Rod,Plated Steelcaps,Trinity Force,Sundered Sky,Stealth Ward,Sundered Sky,Sterak's Gage,Black Cleaver,Boots of Swiftness,Control Ward,Trinity Force,Stealth Ward,Sorcerer's Shoes,No_Item,Control Ward,Rabadon's Deathcap,Liandry's Torment,Seraph's Embrace,Oracle Lens,The Collector,Berserker's Greaves,Infinity Edge,Doran's Blade,Lord Dominik's Regards,Zeal,Farsight Alteration,Redemption,Locket of the Iron Solari,Solstice Sleigh,Boots of Swiftness,Kindlegem,Cloth Armor,Oracle Lens,Grasp of the Undying,Sorcery,Conqueror,Inspiration,Electrocute,Resolve,Arcane Comet,Precision,Summon Aery,Resolve,Lethal Tempo,Resolve,Conqueror,Inspiration,Phase Rush,Precision,Lethal Tempo,Domination,Aftershock,Inspiration,Flash,Teleport,Flash,Smite,Teleport,Flash,Teleport,Flash,Flash,Heal,Flash,Teleport,Flash,Smite,Flash,Teleport,Flash,Barrier,Ignite,Flash,0,0,0,1,6,3
https://www.op.gg/summoners/euw/Six10-euw2/matches/uRd1PvnOddqEQN8KFm6E_89tfkp6ZkyTFAsu1uEk25M%3D/1734607096000,0,26,40,40,26,93,41,80,73,28,32,1,4,0,1,4,6,1,5,55964,63268,14.0,16.0,833,852,27.0,27.5,-7304,7304,1811.551445086705,2047.9815028901733,Cho'Gath,Morgana,Ambessa,Ashe,Rell,Riven,Vi,Orianna,Jhin,Bard,Heartsteel,Negatron Cloak,Boots of Swiftness,Riftmaker,Unending Despair,No_Item,Farsight Alteration,Shadowflame,Stormsurge,Control Ward,Liandry's Torment,Sorcerer's Shoes,Amplifying Tome,Oracle Lens,Doran's Shield,Eclipse,Plated Steelcaps,Spear of Shojin,Kindlegem,Phage,Oracle Lens,Doran's Blade,Berserker's Greaves,Kraken Slayer,Infinity Edge,Executioner's Calling,Phantom Dancer,Farsight Alteration,Celestial Opposition,Ionian Boots of Lucidity,Locket of the Iron Solari,Knight's Vow,Bramble Vest,Control Ward,Oracle Lens,Eclipse,Sundered Sky,Mercury's Treads,Black Cleaver,Pickaxe,Steel Sigil,Oracle Lens,Sundered Sky,Sterak's Gage,No_Item,Mercury's Treads,Black Cleaver,B. F. Sword,Oracle Lens,Doran's Ring,Liandry's Torment,Needlessly Large Rod,Mercury's Treads,No_Item,Luden's Companion,Farsight Alteration,Boots of Swiftness,Infinity Edge,Lord Dominik's Regards,Doran's Blade,The Collector,Rapid Firecannon,Farsight Alteration,Kindlegem,Redemption,Bloodsong,Mercury's Treads,Dead Man's Plate,Cloth Armor,Oracle Lens,Grasp of the Undying,Inspiration,Dark Harvest,Inspiration,Grasp of the Undying,Domination,Press the Attack,Inspiration,Aftershock,Inspiration,Conqueror,Resolve,Conqueror,Inspiration,Arcane Comet,Precision,Fleet Footwork,Sorcery,Guardian,Inspiration,Flash,Teleport,Smite,Flash,Teleport,Flash,Flash,Barrier,Flash,Ignite,Ignite,Flash,Flash,Smite,Flash,Teleport,Cleanse,Flash,Ignite,Flash,1,1,0,0,1,1
https://www.op.gg/summoners/euw/Six10-euw2/matches/uRd1PvnOddplaHHZGLFl5Q069d2ZweKHLqX-euQt4ok%3D/1734371873000,1,25,13,13,25,21,49,64,53,16,20,1,2,0,0,10,0,1,2,55776,44652,13.4,13.2,852,797,31.4,29.5,11124,-11124,2070.725748502994,1657.7389221556887,Riven,Ivern,Yone,Syndra,Alistar,Soraka,Graves,Sylas,Draven,Nautilus,Doran's Blade,Eclipse,Sundered Sky,Steel Sigil,Boots of Swiftness,Caulfield's Warhammer,Stealth Ward,Dawncore,Moonstone Renewer,Redemption,Fiendish Codex,Mejai's Soulstealer,Ionian Boots of Lucidity,Stealth Ward,Doran's Blade,Blade of The Ruined King,Berserker's Greaves,Mortal Reminder,Dagger,Long Sword,Farsight Alteration,Shadowflame,Sorcerer's Shoes,Zhonya's Hourglass,Luden's Companion,Void Staff,Dark Seal,Farsight Alteration,Solstice Sleigh,Control Ward,Oblivion Orb,Kindlegem,Plated Steelcaps,Warmog's Armor,Oracle Lens,Dawncore,Moonstone Renewer,Ionian Boots of Lucidity,Null-Magic Mantle,Cloth Armor,No_Item,Stealth Ward,Mortal Reminder,Youmuu's Ghostblade,Serpent's Fang,No_Item,Boots,No_Item,Oracle Lens,Cosmic Drive,Hextech Rocketbelt,Sorcerer's Shoes,Needlessly Large Rod,No_Item,Needlessly Large Rod,Oracle Lens,Doran's Blade,The Collector,Infinity Edge,Berserker's Greaves,Vampiric Scepter,No_Item,Farsight Alteration,Control Ward,Locket of the Iron Solari,Celestial Opposition,Mercury's Treads,Cloth Armor,Kindlegem,Oracle Lens,Conqueror,Sorcery,Glacial Augment,Sorcery,Lethal Tempo,Resolve,Arcane Comet,Inspiration,Aftershock,Inspiration,Summon Aery,Resolve,Dark Harvest,Precision,Conqueror,Resolve,Lethal Tempo,Domination,Glacial Augment,Resolve,Flash,Ignite,Flash,Smite,Teleport,Flash,Teleport,Flash,Ignite,Flash,Teleport,Flash,Flash,Smite,Flash,Teleport,Flash,Barrier,Flash,Ignite,1,4,2,0,0,0
https://www.op.gg/summoners/euw/Six10-euw2/matches/uRd1PvnOddrP_ajzNl7lve3ixtd_IQduhb-vZxzda5g%3D/1734350302000,0,30,47,47,30,78,60,117,132,53,55,1,6,2,2,6,11,3,8,89651,100005,17.8,18.0,1398,1485,30.5,32.300000000000004,-10354,10354,1948.9347826086957,2174.021739130435,Shen,Ambessa,Azir,Caitlyn,Lulu,Akshan,Viego,Taliyah,Corki,Leona,Titanic Hydra,Randuin's Omen,Spirit Visage,Plated Steelcaps,Unending Despair,Heartsteel,Farsight Alteration,Steel Sigil,Death's Dance,Plated Steelcaps,Voltaic Cyclosword,Eclipse,Sterak's Gage,Oracle Lens,Shadowflame,Nashor's Tooth,Zhonya's Hourglass,Rabadon's Deathcap,Void Staff,Banshee's Veil,Farsight Alteration,Yun Tal Wildarrows,Lord Dominik's Regards,Rapid Firecannon,Infinity Edge,Bloodthirster,Plated Steelcaps,Farsight Alteration,Redemption,Dream Maker,Locket of the Iron Solari,Vigilant Wardstone,Ionian Boots of Lucidity,Moonstone Renewer,Oracle Lens,The Collector,Statikk Shiv,Lord Dominik's Regards,Infinity Edge,Bloodthirster,Mercury's Treads,Farsight Alteration,Titanic Hydra,Kraken Slayer,Plated Steelcaps,Guardian Angel,Serpent's Fang,Black Cleaver,Stealth Ward,Banshee's Veil,Shadowflame,Zhonya's Hourglass,Seraph's Embrace,Horizon Focus,Sorcerer's Shoes,Farsight Alteration,Muramana,Mortal Reminder,Trinity Force,Zephyr,Infinity Edge,Bloodthirster,Farsight Alteration,Bloodsong,Knight's Vow,Plated Steelcaps,Locket of the Iron Solari,Kindlegem,Negatron Cloak,Oracle Lens,Grasp of the Undying,Domination,Conqueror,Inspiration,Summon Aery,Precision,Lethal Tempo,Sorcery,Summon Aery,Resolve,Press the Attack,Inspiration,Conqueror,Inspiration,Phase Rush,Precision,Conqueror,Inspiration,Aftershock,Inspiration,Flash,Teleport,Flash,Smite,Teleport,Flash,Flash,Cleanse,Heal,Flash,Flash,Teleport,Flash,Smite,Flash,Teleport,Flash,Barrier,Flash,Ignite,0,6,0,1,0,5
https://www.op.gg/summoners/euw/Six10-euw2/matches/uRd1PvnOddrvcAe5miGEoxNVbWyE6SfFOKaaZ0t1FJ4%3D/1734208580000,0,16,25,25,16,30,25,37,39,6,6,1,1,0,0,0,6,1,1,35935,48087,11.2,12.4,571,747,26.9,35.3,-12152,12152,1688.2214765100673,2259.1208053691275,Ornn,Vi,Ahri,Xayah,Nami,Riven,Karthus,Irelia,Ziggs,Soraka,Doran's Shield,Ruby Crystal,Sunfire Aegis,Negatron Cloak,Chain Vest,Plated Steelcaps,Stealth Ward,Gustwalker Hatchling,Sundered Sky,Plated Steelcaps,Glowing Mote,Control Ward,Hexdrinker,Oracle Lens,Doran's Ring,Shattered Armguard,Needlessly Large Rod,No_Item,Malignance,Sorcerer's Shoes,Farsight Alteration,Doran's Blade,Cloak of Agility,Essence Reaver,Berserker's Greaves,Navori Flickerblade,B. F. Sword,Farsight Alteration,Ionian Boots of Lucidity,Imperial Mandate,Dream Maker,Control Ward,Bandleglass Mirror,Oblivion Orb,Oracle Lens,Black Cleaver,Steel Sigil,Eclipse,Ionian Boots of Lucidity,Pickaxe,No_Item,Oracle Lens,Blackfire Torch,Sorcerer's Shoes,Dark Seal,Oblivion Orb,Shadowflame,Amplifying Tome,Oracle Lens,Refillable Potion,Blade of The Ruined King,Hullbreaker,Doran's Shield,Boots,Recurve Bow,Stealth Ward,Luden's Companion,Sorcerer's Shoes,Void Staff,Horizon Focus,Doran's Ring,No_Item,Farsight Alteration,Celestial Opposition,Moonstone Renewer,Control Ward,Kindlegem,Forbidden Idol,Boots of Swiftness,Oracle Lens,Grasp of the Undying,Inspiration,Conqueror,Inspiration,Summon Aery,Precision,Lethal Tempo,Inspiration,Summon Aery,Inspiration,Conqueror,Inspiration,Dark Harvest,Precision,Conqueror,Inspiration,First Strike,Sorcery,Summon Aery,Resolve,Teleport,Flash,Smite,Flash,Flash,Teleport,Ghost,Flash,Ignite,Flash,Ignite,Flash,Flash,Smite,Flash,Teleport,Teleport,Flash,Heal,Flash,0,0,0,1,6,0
https://www.op.gg/summoners/euw/Six10-euw2/matches/uRd1PvnOddrB0zmDmUGaz2unJtmY33OFiqfoNEYAjbw%3D/1734206059000,0,17,26,26,17,37,17,61,56,15,16,0,3,0,0,2,3,0,3,36710,43416,10.4,12.0,567,661,28.2,32.9,-6706,6706,1835.5,2170.8,Pantheon,Kha'Zix,Sylas,Vex,Pyke,Ambessa,Viego,Viktor,Taliyah,Rell,Boots,Sundered Sky,Phage,Doran's Blade,Kindlegem,No_Item,Stealth Ward,No_Item,Long Sword,Youmuu's Ghostblade,Symbiotic Soles,Serrated Dirk,Tunneler,Oracle Lens,Sorcerer's Shoes,Hextech Rocketbelt,Cosmic Drive,Dark Seal,No_Item,Doran's Ring,Oracle Lens,Shadowflame,Control Ward,Needlessly Large Rod,Luden's Companion,Doran's Ring,Sorcerer's Shoes,Farsight Alteration,Umbral Glaive,Synchronized Souls,Celestial Opposition,Serrated Dirk,Long Sword,No_Item,Oracle Lens,Doran's Blade,Spear of Shojin,Plated Steelcaps,Eclipse,Steel Sigil,No_Item,Farsight Alteration,Titanic Hydra,Steel Sigil,Plated Steelcaps,Long Sword,Glowing Mote,Kraken Slayer,Oracle Lens,Doran's Ring,Sorcerer's Shoes,Blackfire Torch,Stormsurge,No_Item,Dark Seal,Farsight Alteration,Seraph's Embrace,Doran's Ring,Dark Seal,Haunting Guise,Sorcerer's Shoes,Fated Ashes,Stealth Ward,No_Item,Null-Magic Mantle,Solstice Sleigh,Kindlegem,Trailblazer,Ionian Boots of Lucidity,Oracle Lens,Press the Attack,Sorcery,Dark Harvest,Inspiration,Conqueror,Resolve,Electrocute,Sorcery,Hail of Blades,Resolve,Conqueror,Resolve,Conqueror,Inspiration,Summon Aery,Inspiration,Phase Rush,Precision,Aftershock,Inspiration,Ignite,Flash,Smite,Flash,Flash,Teleport,Flash,Teleport,Ignite,Flash,Flash,Teleport,Flash,Smite,Teleport,Flash,Flash,Teleport,Ignite,Flash,0,4,0,1,2,0
https://www.op.gg/summoners/euw/Six10-euw2/matches/uRd1PvnOddrQen9t_ngD1j6d_Hnm517H9b-IAlZ2gmQ%3D/1734203918000,0,23,30,30,23,43,29,45,63,16,18,0,3,0,1,0,9,0,4,45198,56178,12.8,14.0,696,764,27.2,30.0,-10980,10980,1764.5794520547945,2193.250684931507,Pantheon,Zac,Aurora,Yasuo,Janna,Gragas,Viego,LeBlanc,Ezreal,Poppy,Mercury's Treads,Pickaxe,Sundered Sky,Phage,Tunneler,Ruby Crystal,Stealth Ward,Dark Seal,Ionian Boots of Lucidity,Spirit Visage,Kindlegem,Sunfire Aegis,Chain Vest,Oracle Lens,Shadowflame,Malignance,Sorcerer's Shoes,Needlessly Large Rod,No_Item,Needlessly Large Rod,Oracle Lens,Doran's Blade,Berserker's Greaves,Immortal Shieldbow,Cloak of Agility,Blade of The Ruined King,No_Item,Stealth Ward,Dream Maker,Echoes of Helia,Moonstone Renewer,Boots,Control Ward,Dark Seal,Oracle Lens,Fimbulwinter,Ionian Boots of Lucidity,Amplifying Tome,Cosmic Drive,Amplifying Tome,Needlessly Large Rod,Oracle Lens,Death's Dance,Kraken Slayer,Sundered Sky,Plated Steelcaps,Cloth Armor,No_Item,Oracle Lens,Doran's Ring,Fiendish Codex,Dark Seal,Sorcerer's Shoes,Horizon Focus,Luden's Companion,Oracle Lens,B. F. Sword,Trinity Force,Spear of Shojin,Muramana,Vampiric Scepter,Ionian Boots of Lucidity,Farsight Alteration,Bloodsong,Locket of the Iron Solari,No_Item,Null-Magic Mantle,Boots of Swiftness,Dead Man's Plate,Oracle Lens,Press the Attack,Sorcery,Aftershock,Precision,Electrocute,Sorcery,Lethal Tempo,Resolve,Summon Aery,Resolve,Arcane Comet,Precision,Conqueror,Inspiration,Electrocute,Sorcery,Press the Attack,Inspiration,Hail of Blades,Inspiration,Ignite,Flash,Smite,Flash,Teleport,Flash,Flash,Exhaust,Heal,Flash,Teleport,Flash,Flash,Smite,Teleport,Flash,Barrier,Flash,Flash,Ignite,0,2,0,1,4,2
https://www.op.gg/summoners/euw/Six10-euw2/matches/uRd1PvnOddrK5NQc_DSgHWwOWv0MHqjXcjyoyjyabzQ%3D/1734111207000,1,27,10,10,27,11,29,43,36,6,16,2,0,0,0,8,2,2,0,46786,35827,12.4,10.8,683,622,33.9,30.8,10959,-10959,2327.179274611399,1782.0683937823833,Renekton,Taliyah,Viktor,Corki,Bard,Swain,Wukong,Veigar,Ashe,Senna,Doran's Shield,Stridebreaker,Mercury's Treads,Death's Dance,No_Item,Eclipse,Oracle Lens,No_Item,Blackfire Torch,Sorcerer's Shoes,Dark Seal,Hextech Alternator,Needlessly Large Rod,Oracle Lens,Blackfire Torch,Sorcerer's Shoes,Liandry's Torment,Doran's Ring,Aether Wisp,No_Item,Farsight Alteration,Trinity Force,Tear of the Goddess,Refillable Potion,Plated Steelcaps,Doran's Blade,Caulfield's Warhammer,Farsight Alteration,Mikael's Blessing,Bloodsong,Mercury's Treads,Kindlegem,Cloth Armor,Null-Magic Mantle,Oracle Lens,Blackfire Torch,Giant's Belt,Amplifying Tome,Dark Seal,Doran's Ring,Boots of Swiftness,Oracle Lens,Ruby Crystal,Trinity Force,Tunneler,Caulfield's Warhammer,Mercury's Treads,No_Item,Oracle Lens,Doran's Ring,Winter's Approach,Refillable Potion,Verdant Barrier,Needlessly Large Rod,Ionian Boots of Lucidity,Farsight Alteration,Doran's Blade,Statikk Shiv,Berserker's Greaves,Runaan's Hurricane,Vampiric Scepter,No_Item,Farsight Alteration,Boots of Swiftness,Black Cleaver,Dream Maker,Kindlegem,No_Item,Bandleglass Mirror,Oracle Lens,Conqueror,Resolve,Dark Harvest,Inspiration,Arcane Comet,Resolve,Conqueror,Inspiration,Guardian,Domination,Summon Aery,Precision,Conqueror,Inspiration,Summon Aery,Inspiration,Lethal Tempo,Inspiration,Summon Aery,Resolve,Teleport,Flash,Smite,Flash,Flash,Teleport,Flash,Barrier,Heal,Flash,Teleport,Flash,Smite,Flash,Flash,Teleport,Barrier,Flash,Heal,Flash,1,4,2,0,2,0
https://www.op.gg/summoners/euw/Six10-euw2/matches/uRd1PvnOddqW6Vv1R-qEw1qcfKsBcWozxp_iZzZds3U%3D/1734108389000,1,47,38,38,47,43,53,77,50,20,14,2,1,2,0,11,6,4,1,72632,64908,16.2,15.0,890,931,30.1,31.400000000000002,7724,-7724,2439.98125,2180.503125,Fiddlesticks,Kha'Zix,Hwei,Caitlyn,Zoe,Irelia,Taliyah,Tristana,Corki,Janna,Blackfire Torch,Liandry's Torment,Oblivion Orb,Void Staff,Amplifying Tome,Sorcerer's Shoes,Scarecrow Effigy,Youmuu's Ghostblade,Edge of Night,Umbral Glaive,Synchronized Souls,Serylda's Grudge,Axiom Arc,Oracle Lens,Void Staff,Blackfire Torch,Ionian Boots of Lucidity,Shadowflame,Needlessly Large Rod,Needlessly Large Rod,Farsight Alteration,Yun Tal Wildarrows,The Collector,Infinity Edge,Doran's Blade,Zeal,Berserker's Greaves,Farsight Alteration,Zaz'Zak's Realmspike,No_Item,Horizon Focus,Luden's Companion,Banshee's Veil,Ionian Boots of Lucidity,Oracle Lens,Guardian Angel,Blade of The Ruined King,No_Item,Wit's End,Mercury's Treads,Hullbreaker,Farsight Alteration,Needlessly Large Rod,Blackfire Torch,Zhonya's Hourglass,Sorcerer's Shoes,Shadowflame,Banshee's Veil,Oracle Lens,The Collector,B. F. Sword,Doran's Blade,Infinity Edge,Berserker's Greaves,Navori Flickerblade,Oracle Lens,Trinity Force,Doran's Blade,Muramana,Rapid Firecannon,Plated Steelcaps,No_Item,Farsight Alteration,Solstice Sleigh,Shurelya's Battlesong,Redemption,Boots of Swiftness,Kindlegem,Dark Seal,Oracle Lens,Summon Aery,Resolve,Dark Harvest,Inspiration,Arcane Comet,Inspiration,Fleet Footwork,Sorcery,First Strike,Domination,Conqueror,Inspiration,Dark Harvest,Inspiration,Hail of Blades,Precision,Conqueror,Inspiration,Summon Aery,Resolve,Flash,Teleport,Flash,Smite,Teleport,Flash,Flash,Barrier,Ignite,Flash,Flash,Teleport,Smite,Flash,Teleport,Flash,Flash,Cleanse,Flash,Heal,1,6,3,0,0,0
https://www.op.gg/summoners/euw/Six10-euw2/matches/uRd1PvnOddpM9-W4Oq-0NkNuTjHhau1BNyNB-dnV9O4%3D/1734091680000,1,26,13,13,26,12,40,28,43,11,8,1,0,1,0,2,1,2,0,45418,38024,13.0,11.8,678,672,31.599999999999998,31.3,7394,-7394,2119.5066666666667,1774.4533333333331,Camille,Fiddlesticks,Yone,Ashe,Lulu,K'Sante,Olaf,Karma,Caitlyn,Lux,Ravenous Hydra,Trinity Force,Ruby Crystal,No_Item,Boots,No_Item,Farsight Alteration,Liandry's Torment,Sorcerer's Shoes,Zhonya's Hourglass,Mejai's Soulstealer,Rabadon's Deathcap,No_Item,Scarecrow Effigy,Cloak of Agility,Berserker's Greaves,Blade of The Ruined King,B. F. Sword,Control Ward,Immortal Shieldbow,Oracle Lens,Berserker's Greaves,Cloak of Agility,Long Sword,Statikk Shiv,Doran's Blade,Phantom Dancer,Farsight Alteration,Dream Maker,Moonstone Renewer,Boots,Ardent Censer,No_Item,No_Item,Oracle Lens,Doran's Shield,Plated Steelcaps,Chain Vest,Bramble Vest,Iceborn Gauntlet,Ruby Crystal,Stealth Ward,Plated Steelcaps,Sundered Sky,Stridebreaker,Null-Magic Mantle,Control Ward,Ruby Crystal,Oracle Lens,Malignance,Horizon Focus,Dark Seal,No_Item,Doran's Ring,Ionian Boots of Lucidity,Farsight Alteration,Doran's Blade,The Collector,Cloak of Agility,Berserker's Greaves,B. F. Sword,Pickaxe,Farsight Alteration,Zaz'Zak's Realmspike,Fiendish Codex,Dark Seal,Luden's Companion,Sorcerer's Shoes,Fiendish Codex,Oracle Lens,Conqueror,Resolve,First Strike,Domination,Fleet Footwork,Resolve,Lethal Tempo,Inspiration,Summon Aery,Resolve,Grasp of the Undying,Inspiration,Conqueror,Inspiration,Summon Aery,Precision,Lethal Tempo,Sorcery,Arcane Comet,Domination,Teleport,Ignite,Smite,Flash,Teleport,Flash,Cleanse,Flash,Flash,Exhaust,Flash,Teleport,Smite,Ghost,Teleport,Flash,Flash,Cleanse,Flash,Heal,1,5,0,0,1,0
https://www.op.gg/summoners/euw/Six10-euw2/matches/uRd1PvnOddpgbBhFI-rigYhQdM6kT_OROSidZa3CBj8%3D/1734088306000,0,44,49,49,44,112,98,84,130,38,36,3,2,1,2,6,10,4,4,83284,91982,17.6,17.6,1126,1204,25.8,27.5,-8698,8698,1907.0828985507248,2106.2544927536233,K'Sante,Udyr,Karma,Corki,Lux,Sylas,Ivern,Yone,Ashe,Pyke,"Jak'Sho, The Protean",Plated Steelcaps,Randuin's Omen,Unending Despair,Iceborn Gauntlet,Kindlegem,Oracle Lens,Kaenic Rookern,Liandry's Torment,"Jak'Sho, The Protean",Boots of Swiftness,Unending Despair,Frozen Heart,Oracle Lens,Cryptbloom,Malignance,Fiendish Codex,Ionian Boots of Lucidity,Horizon Focus,Morellonomicon,Farsight Alteration,Bloodthirster,Rapid Firecannon,Infinity Edge,Muramana,Trinity Force,Mortal Reminder,Farsight Alteration,Plated Steelcaps,Redemption,Celestial Opposition,Shurelya's Battlesong,Mikael's Blessing,Locket of the Iron Solari,Oracle Lens,Morellonomicon,Cosmic Drive,Sorcerer's Shoes,Riftmaker,Rabadon's Deathcap,Void Staff,Oracle Lens,Redemption,Mikael's Blessing,Ionian Boots of Lucidity,Dawncore,Moonstone Renewer,Ardent Censer,Oracle Lens,Berserker's Greaves,Blade of The Ruined King,Stridebreaker,Wit's End,Immortal Shieldbow,Last Whisper,Stealth Ward,Mortal Reminder,Runaan's Hurricane,Kraken Slayer,Zephyr,Serpent's Fang,Infinity Edge,Farsight Alteration,Mikael's Blessing,Serpent's Fang,Bloodsong,Vigilant Wardstone,Umbral Glaive,Boots of Swiftness,Oracle Lens,Grasp of the Undying,Inspiration,Conqueror,Inspiration,Arcane Comet,Precision,Conqueror,Inspiration,Aftershock,Domination,Conqueror,Resolve,Glacial Augment,Domination,Fleet Footwork,Resolve,Lethal Tempo,Inspiration,Hail of Blades,Resolve,Flash,Teleport,Flash,Smite,Flash,Teleport,Barrier,Flash,Flash,Heal,Teleport,Flash,Flash,Smite,Teleport,Flash,Flash,Barrier,Ignite,Flash,0,0,1,1,3,3
https://www.op.gg/summoners/euw/Six10-euw2/matches/uRd1PvnOddr2L1CSiAeAdaYJwQgCR5mjDRWM_DJPmGQ%3D/1734005012000,0,12,25,25,12,32,13,75,88,26,42,0,3,0,0,0,6,0,3,39371,51587,12.2,13.4,752,827,32.3,35.5,-12216,12216,1693.6128491620111,2219.105586592179,Karma,Volibear,Yone,Veigar,Rakan,Darius,Elise,Corki,Hwei,Pyke,Doran's Ring,Malignance,Ionian Boots of Lucidity,Horizon Focus,Control Ward,No_Item,Stealth Ward,Spirit Visage,Sundered Sky,Ionian Boots of Lucidity,Sheen,Chain Vest,No_Item,Oracle Lens,Doran's Shield,Blade of The Ruined King,Immortal Shieldbow,No_Item,Berserker's Greaves,No_Item,Farsight Alteration,Needlessly Large Rod,Rod of Ages,Cryptbloom,No_Item,No_Item,Ionian Boots of Lucidity,Farsight Alteration,Celestial Opposition,Mercury's Treads,Locket of the Iron Solari,Control Ward,Kindlegem,Faerie Charm,Oracle Lens,Stridebreaker,Force of Nature,Doran's Shield,Ruby Crystal,Mercury's Treads,No_Item,Stealth Ward,No_Item,No_Item,Stormsurge,Liandry's Torment,Dark Seal,Sorcerer's Shoes,Oracle Lens,Doran's Blade,Trinity Force,Rapid Firecannon,Muramana,Cloak of Agility,Plated Steelcaps,Farsight Alteration,Blackfire Torch,Ionian Boots of Lucidity,Fiendish Codex,Rabadon's Deathcap,Doran's Ring,Fiendish Codex,Farsight Alteration,Bloodsong,Umbral Glaive,No_Item,Serpent's Fang,Ionian Boots of Lucidity,Hexdrinker,Oracle Lens,Summon Aery,Domination,Press the Attack,Sorcery,Fleet Footwork,Resolve,Summon Aery,Inspiration,Guardian,Domination,Conqueror,Sorcery,Dark Harvest,Precision,Conqueror,Inspiration,Arcane Comet,Precision,Hail of Blades,Resolve,Flash,Teleport,Flash,Smite,Flash,Teleport,Flash,Teleport,Ignite,Flash,Ghost,Flash,Smite,Flash,Teleport,Flash,Flash,Teleport,Flash,Ignite,0,1,0,1,5,0
https://www.op.gg/summoners/euw/Six10-euw2/matches/uRd1PvnOddpwjvcnxso7RuyEEPz6VahY__BMM_IddIo%3D/1733937523000,0,27,35,35,27,71,49,95,91,36,39,3,3,1,2,6,11,4,5,79293,84780,17.6,17.6,1266,1189,28.7,26.900000000000002,-5487,5487,1781.8651685393259,1905.1685393258426,K'Sante,Kindred,Sylas,Ezreal,Heimerdinger,Mordekaiser,Skarner,Galio,Ashe,Braum,Iceborn Gauntlet,Mercury's Treads,"Jak'Sho, The Protean",Kaenic Rookern,Bramble Vest,Unending Despair,Oracle Lens,Trinity Force,Blade of The Ruined King,Black Cleaver,Mercury's Treads,Kraken Slayer,Executioner's Calling,Oracle Lens,Void Staff,Zhonya's Hourglass,Mercury's Treads,Rod of Ages,Riftmaker,Control Ward,Stealth Ward,Navori Flickerblade,Muramana,Trinity Force,Ionian Boots of Lucidity,Horizon Focus,Serylda's Grudge,Farsight Alteration,Zaz'Zak's Realmspike,Rylai's Crystal Scepter,Liandry's Torment,Sorcerer's Shoes,Amplifying Tome,Morellonomicon,Oracle Lens,"Jak'Sho, The Protean",Riftmaker,Liandry's Torment,Plated Steelcaps,Spirit Visage,Rylai's Crystal Scepter,Farsight Alteration,No_Item,Unending Despair,Boots of Swiftness,Thornmail,Spirit Visage,Heartsteel,Oracle Lens,Knight's Vow,Thornmail,Hollow Radiance,Mercury's Treads,Riftmaker,Abyssal Mask,Farsight Alteration,Blade of The Ruined King,Phantom Dancer,Mercurial Scimitar,Berserker's Greaves,Mortal Reminder,Infinity Edge,Farsight Alteration,Celestial Opposition,Redemption,Locket of the Iron Solari,Warden's Mail,Abyssal Mask,Mercury's Treads,Oracle Lens,Grasp of the Undying,Inspiration,Press the Attack,Inspiration,Conqueror,Resolve,Conqueror,Sorcery,Arcane Comet,Domination,Conqueror,Resolve,Grasp of the Undying,Inspiration,Aftershock,Inspiration,Lethal Tempo,Inspiration,Guardian,Inspiration,Teleport,Flash,Flash,Smite,Flash,Teleport,Flash,Cleanse,Flash,Heal,Teleport,Flash,Smite,Flash,Flash,Teleport,Flash,Barrier,Ignite,Flash,0,0,0,0,6,4
https://www.op.gg/summoners/euw/Six10-euw2/matches/uRd1PvnOddor69HD3LMpHsYumxJc2eDsY3bEHYCVT4M%3D/1733933832000,0,24,36,36,24,56,47,59,70,19,22,0,3,0,1,1,9,0,4,46473,61270,13.0,15.0,643,858,23.9,32.0,-14797,14797,1745.4647887323943,2301.220657276995,Gragas,Fiddlesticks,Qiyana,Katarina,Senna,Ambessa,Lee Sin,Nilah,Akali,Soraka,Doran's Ring,Fimbulwinter,Cosmic Drive,Sorcerer's Shoes,Hextech Alternator,Needlessly Large Rod,Farsight Alteration,Liandry's Torment,Control Ward,Oblivion Orb,Sorcerer's Shoes,Hextech Alternator,No_Item,Scarecrow Effigy,Refillable Potion,Youmuu's Ghostblade,Profane Hydra,Ionian Boots of Lucidity,Last Whisper,Caulfield's Warhammer,Oracle Lens,Doran's Blade,Blade of The Ruined King,Plated Steelcaps,Kraken Slayer,Recurve Bow,No_Item,Farsight Alteration,Rapid Firecannon,Bloodsong,Boots of Swiftness,Black Cleaver,Executioner's Calling,No_Item,Oracle Lens,Doran's Shield,Eclipse,Mercury's Treads,Voltaic Cyclosword,Spear of Shojin,Null-Magic Mantle,Farsight Alteration,Edge of Night,Youmuu's Ghostblade,No_Item,Mercury's Treads,No_Item,Opportunity,Stealth Ward,The Collector,Infinity Edge,Immortal Shieldbow,Plated Steelcaps,Long Sword,Doran's Blade,Farsight Alteration,Doran's Ring,Zhonya's Hourglass,Verdant Barrier,Sorcerer's Shoes,Stormsurge,Shadowflame,Oracle Lens,Redemption,Celestial Opposition,Control Ward,Ionian Boots of Lucidity,Moonstone Renewer,Giant's Belt,Oracle Lens,Phase Rush,Inspiration,Electrocute,Inspiration,Electrocute,Precision,Conqueror,Resolve,Grasp of the Undying,Precision,Electrocute,Resolve,Electrocute,Precision,Conqueror,Domination,Conqueror,Resolve,Summon Aery,Resolve,Flash,Teleport,Flash,Smite,Teleport,Flash,Exhaust,Ignite,Heal,Flash,Teleport,Flash,Flash,Smite,Barrier,Flash,Teleport,Flash,Heal,Flash,1,4,0,0,2,1
https://www.op.gg/summoners/euw/Six10-euw2/matches/uRd1PvnOddqlcEybD4qABf4pFBU1mTHPtCZ6G23Qwhg%3D/1733930380000,0,24,35,35,24,64,38,86,85,26,38,1,4,0,1,3,9,1,5,57005,67650,15.0,16.0,853,958,27.9,31.3,-10645,10645,1867.823404255319,2216.6170212765956,K'Sante,Viego,Viktor,Lux,Bard,Gnar,Kayn,Akali,Draven,Nautilus,Iceborn Gauntlet,Unending Despair,Spirit Visage,Bramble Vest,Plated Steelcaps,Chain Vest,Oracle Lens,Kraken Slayer,Titanic Hydra,Giant's Belt,Plated Steelcaps,Executioner's Calling,Long Sword,Oracle Lens,Oblivion Orb,Ionian Boots of Lucidity,Blackfire Torch,Dark Seal,Void Staff,Liandry's Torment,Farsight Alteration,Seraph's Embrace,Zhonya's Hourglass,Doran's Ring,Boots,Rabadon's Deathcap,Control Ward,Farsight Alteration,Bloodsong,Dead Man's Plate,Oblivion Orb,Heartsteel,Kindlegem,Boots of Swiftness,Oracle Lens,Trinity Force,Black Cleaver,Spectre's Cowl,Kindlegem,Doran's Blade,Boots of Swiftness,Oracle Lens,Spear of Shojin,Black Cleaver,Sterak's Gage,Ionian Boots of Lucidity,Spectre's Cowl,No_Item,Oracle Lens,Void Staff,Shadowflame,Spectre's Cowl,Mercury's Treads,Negatron Cloak,Liandry's Torment,Oracle Lens,The Collector,Phantom Dancer,Lord Dominik's Regards,Infinity Edge,Zephyr,Bloodthirster,Farsight Alteration,Celestial Opposition,Locket of the Iron Solari,No_Item,Knight's Vow,Boots of Swiftness,Kindlegem,Oracle Lens,Aftershock,Inspiration,Conqueror,Inspiration,Grasp of the Undying,Sorcery,Arcane Comet,Precision,Guardian,Domination,Grasp of the Undying,Precision,Conqueror,Inspiration,Fleet Footwork,Resolve,Lethal Tempo,Domination,Aftershock,Inspiration,Teleport,Flash,Flash,Smite,Teleport,Flash,Flash,Barrier,Flash,Ignite,Flash,Teleport,Flash,Smite,Flash,Teleport,Flash,Heal,Flash,Ignite,1,5,0,0,1,1
https://www.op.gg/summoners/euw/Six10-euw2/matches/uRd1PvnOddqb6JmFGbGsgCYcLBsrcrpKIZZbuJyT6dk%3D/1733927417000,0,35,44,44,35,68,65,73,79,23,32,2,2,0,2,3,10,2,4,63452,73294,15.4,16.8,879,944,27.1,29.2,-9842,9842,1963.4203773584904,2267.965283018868,Urgot,Ambessa,Ornn,Caitlyn,Lux,Gnar,Shaco,Sylas,Corki,Bard,Dead Man's Plate,Sterak's Gage,Tunneler,Boots of Swiftness,Ruby Crystal,Long Sword,Oracle Lens,Spear of Shojin,Mercury's Treads,Voltaic Cyclosword,Death's Dance,Spirit Visage,No_Item,Oracle Lens,"Jak'Sho, The Protean",Unending Despair,Hollow Radiance,No_Item,Plated Steelcaps,Bramble Vest,Stealth Ward,Berserker's Greaves,Zeal,Doran's Blade,Infinity Edge,The Collector,Mortal Reminder,Farsight Alteration,Luden's Companion,Amplifying Tome,Stormsurge,Zaz'Zak's Realmspike,Rabadon's Deathcap,Boots of Swiftness,Oracle Lens,Black Cleaver,Trinity Force,Plated Steelcaps,Death's Dance,Sterak's Gage,B. F. Sword,Oracle Lens,Eclipse,Abyssal Mask,Randuin's Omen,Boots of Swiftness,Ruby Crystal,Dead Man's Plate,Oracle Lens,Zhonya's Hourglass,Hextech Rocketbelt,Cosmic Drive,Sorcerer's Shoes,Needlessly Large Rod,Needlessly Large Rod,Oracle Lens,Rapid Firecannon,Muramana,Trinity Force,Plated Steelcaps,Lord Dominik's Regards,No_Item,Farsight Alteration,Bloodsong,Heartsteel,Imperial Mandate,Giant's Belt,Chain Vest,Boots of Swiftness,Oracle Lens,Phase Rush,Inspiration,Conqueror,Inspiration,Grasp of the Undying,Inspiration,Hail of Blades,Sorcery,Arcane Comet,Precision,Grasp of the Undying,Precision,Hail of Blades,Precision,Conqueror,Resolve,Conqueror,Inspiration,Guardian,Domination,Flash,Teleport,Flash,Smite,Flash,Teleport,Barrier,Flash,Flash,Heal,Teleport,Flash,Ignite,Smite,Flash,Teleport,Flash,Barrier,Flash,Ignite,0,0,0,1,3,2
https://www.op.gg/summoners/euw/Six10-euw2/matches/uRd1PvnOddrVGDNsFb7tKNR_rV5kfZFmxHO1EUuofNQ%3D/1733922081000,1,15,6,6,15,10,25,33,34,9,5,1,1,0,0,3,0,1,1,33876,24564,10.2,9.2,557,464,36.199999999999996,30.1,9312,-9312,2205.3503355704697,1599.1328859060402,Yone,Rengar,Smolder,Ziggs,Lulu,Renekton,Wukong,Vex,Ezreal,Nautilus,Blade of The Ruined King,Tiamat,Control Ward,Phage,Dagger,Berserker's Greaves,Farsight Alteration,Boots,Profane Hydra,Youmuu's Ghostblade,No_Item,No_Item,No_Item,Oracle Lens,Doran's Blade,Essence Reaver,Ionian Boots of Lucidity,Refillable Potion,Pickaxe,No_Item,Farsight Alteration,Luden's Companion,Doran's Ring,Fiendish Codex,Sorcerer's Shoes,Dark Seal,Fiendish Codex,Stealth Ward,No_Item,Dream Maker,Refillable Potion,Bandleglass Mirror,Ionian Boots of Lucidity,Kindlegem,Oracle Lens,Plated Steelcaps,Doran's Blade,Kindlegem,Phage,No_Item,No_Item,Stealth Ward,Gustwalker Hatchling,Trinity Force,Cloth Armor,No_Item,No_Item,Slightly Magical Footwear,Oracle Lens,Doran's Ring,Refillable Potion,Amplifying Tome,Amplifying Tome,Sorcerer's Shoes,Luden's Companion,Oracle Lens,Trinity Force,Tear of the Goddess,Long Sword,No_Item,Slightly Magical Footwear,Doran's Blade,Stealth Ward,Bloodsong,Control Ward,Cloth Armor,No_Item,Slightly Magical Footwear,Heartsteel,Oracle Lens,Grasp of the Undying,Precision,Conqueror,Domination,Arcane Comet,Inspiration,First Strike,Sorcery,Summon Aery,Resolve,Press the Attack,Resolve,Conqueror,Inspiration,Electrocute,Sorcery,Press the Attack,Inspiration,Aftershock,Inspiration,Teleport,Flash,Flash,Smite,Teleport,Flash,Teleport,Flash,Heal,Flash,Flash,Teleport,Flash,Smite,Flash,Teleport,Teleport,Flash,Ignite,Flash,0,4,0,0,2,0
https://www.op.gg/summoners/euw/Six10-euw2/matches/uRd1PvnOddqNAA8ht6qilVoV4QxIsDJ4nmuAjclOZtY%3D/1733918471000,0,21,36,36,21,67,40,67,80,23,16,0,3,0,2,4,10,0,5,58514,68283,14.6,16.0,941,925,29.7,29.2,-9769,9769,1843.2981684981685,2151.0395604395603,Tryndamere,Sejuani,Azir,Jhin,Janna,Yone,Xin Zhao,Sylas,Corki,Nami,Ravenous Hydra,Blade of The Ruined King,Navori Flickerblade,Mortal Reminder,Berserker's Greaves,Cloak of Agility,Stealth Ward,Sunfire Aegis,Unending Despair,Plated Steelcaps,Chain Vest,Negatron Cloak,Kindlegem,Oracle Lens,Doran's Ring,Nashor's Tooth,Zhonya's Hourglass,Shadowflame,Needlessly Large Rod,Sorcerer's Shoes,Farsight Alteration,Mortal Reminder,Plated Steelcaps,Hubris,The Collector,Pickaxe,Cloak of Agility,Farsight Alteration,Echoes of Helia,Dream Maker,Boots of Swiftness,Dark Seal,Moonstone Renewer,Blasting Wand,Oracle Lens,Blade of The Ruined King,No_Item,Berserker's Greaves,Infinity Edge,Immortal Shieldbow,Steel Sigil,Farsight Alteration,Titanic Hydra,Black Cleaver,Giant's Belt,Sterak's Gage,Warden's Mail,Mercury's Treads,Oracle Lens,Hextech Rocketbelt,Zhonya's Hourglass,Needlessly Large Rod,Dark Seal,Cosmic Drive,Ionian Boots of Lucidity,Oracle Lens,Mortal Reminder,Pickaxe,Trinity Force,Plated Steelcaps,Rapid Firecannon,Muramana,Farsight Alteration,Boots of Swiftness,Mikael's Blessing,Imperial Mandate,Dream Maker,Control Ward,Echoes of Helia,Oracle Lens,Lethal Tempo,Resolve,Aftershock,Domination,Summon Aery,Precision,Dark Harvest,Sorcery,Summon Aery,Resolve,Lethal Tempo,Resolve,Conqueror,Inspiration,Conqueror,Resolve,Conqueror,Inspiration,Summon Aery,Resolve,Ghost,Flash,Flash,Smite,Teleport,Flash,Flash,Barrier,Heal,Flash,Flash,Teleport,Flash,Smite,Flash,Teleport,Flash,Cleanse,Heal,Flash,0,3,0,1,3,1
https://www.op.gg/summoners/euw/Six10-euw2/matches/uRd1PvnOddooyZb9KPf1vIJKzlOWYcC_mPIMa9XlwO0%3D/1733916088000,0,20,48,48,21,42,30,62,51,17,17,0,3,0,1,1,11,0,4,44817,62695,12.4,14.8,630,835,24.6,32.7,-17878,17878,1759.4822222222222,2461.359259259259,Ambessa,Karthus,Zed,Jinx,Pyke,Viktor,Talon,Vex,Caitlyn,Elise,Doran's Shield,Mercury's Treads,Eclipse,Hexdrinker,Caulfield's Warhammer,No_Item,Stealth Ward,Shadowflame,Dark Seal,Blackfire Torch,Sorcerer's Shoes,No_Item,Needlessly Large Rod,Oracle Lens,Youmuu's Ghostblade,Serylda's Grudge,Voltaic Cyclosword,Ionian Boots of Lucidity,Serrated Dirk,No_Item,Oracle Lens,Berserker's Greaves,Infinity Edge,The Collector,Cloak of Agility,Doran's Blade,Control Ward,Farsight Alteration,Celestial Opposition,Umbral Glaive,No_Item,Synchronized Souls,Serrated Dirk,Tunneler,Oracle Lens,Rabadon's Deathcap,Zhonya's Hourglass,Dark Seal,Sorcerer's Shoes,Blackfire Torch,Doran's Ring,Farsight Alteration,Youmuu's Ghostblade,Serpent's Fang,Slightly Magical Footwear,Edge of Night,Opportunity,Long Sword,Oracle Lens,Doran's Ring,Luden's Companion,Seeker's Armguard,Shadowflame,Dark Seal,Sorcerer's Shoes,Farsight Alteration,B. F. Sword,Vampiric Scepter,Berserker's Greaves,Rapid Firecannon,The Collector,Infinity Edge,Farsight Alteration,Refillable Potion,Zhonya's Hourglass,Bloodsong,Amplifying Tome,Cosmic Drive,Sorcerer's Shoes,Oracle Lens,Grasp of the Undying,Domination,Dark Harvest,Precision,Electrocute,Resolve,Lethal Tempo,Sorcery,Hail of Blades,Resolve,Summon Aery,Precision,Conqueror,Inspiration,Electrocute,Sorcery,Hail of Blades,Sorcery,Dark Harvest,Inspiration,Teleport,Flash,Flash,Smite,Flash,Ignite,Cleanse,Flash,Flash,Ignite,Flash,Teleport,Flash,Smite,Teleport,Flash,Barrier,Flash,Ignite,Flash,1,3,0,0,3,2
https://www.op.gg/summoners/euw/Six10-euw2/matches/uRd1PvnOddrYJoquQOxEU5jmp7vRr6hrWAAzjdM9XF0%3D/1733849290000,0,20,38,38,20,74,25,56,67,18,25,2,2,0,1,4,8,2,3,52470,59321,13.4,15.2,870,833,30.900000000000002,29.400000000000002,-6851,6851,1849.9038461538462,2091.4455128205127,Yone,Rengar,Sylas,Varus,Lulu,Zilean,Viego,Aurora,Xayah,Blitzcrank,Death's Dance,Blade of The Ruined King,Berserker's Greaves,Immortal Shieldbow,Infinity Edge,No_Item,Farsight Alteration,Control Ward,Voltaic Cyclosword,Ionian Boots of Lucidity,Lord Dominik's Regards,Pickaxe,No_Item,Stealth Ward,Doran's Ring,Seeker's Armguard,Hextech Rocketbelt,Dark Seal,Sorcerer's Shoes,Cosmic Drive,Oracle Lens,Guinsoo's Rageblade,Negatron Cloak,Wit's End,Blade of The Ruined King,Berserker's Greaves,Doran's Blade,Farsight Alteration,Dream Maker,Redemption,Refillable Potion,Ionian Boots of Lucidity,Moonstone Renewer,Kindlegem,Oracle Lens,Doran's Ring,Seraph's Embrace,Ionian Boots of Lucidity,Frozen Heart,Verdant Barrier,No_Item,Stealth Ward,Death's Dance,B. F. Sword,No_Item,Sundered Sky,Kraken Slayer,Plated Steelcaps,Oracle Lens,Malignance,Mejai's Soulstealer,Zhonya's Hourglass,Rabadon's Deathcap,Blighting Jewel,Ionian Boots of Lucidity,Oracle Lens,Essence Reaver,No_Item,Last Whisper,Berserker's Greaves,Navori Flickerblade,Doran's Blade,Farsight Alteration,Locket of the Iron Solari,Mikael's Blessing,Bloodsong,No_Item,Giant's Belt,Boots of Swiftness,Oracle Lens,Lethal Tempo,Resolve,Conqueror,Domination,Electrocute,Resolve,Press the Attack,Resolve,Summon Aery,Inspiration,Summon Aery,Resolve,Conqueror,Inspiration,Electrocute,Sorcery,Lethal Tempo,Inspiration,Glacial Augment,Sorcery,Flash,Teleport,Smite,Flash,Teleport,Flash,Flash,Barrier,Flash,Heal,Teleport,Flash,Smite,Flash,Teleport,Flash,Flash,Barrier,Ignite,Flash,1,1,0,0,5,1
https://www.op.gg/summoners/euw/Six10-euw2/matches/uRd1PvnOddqbtjwDQdcmqhqDXOx1PI9hRbWVFo5J2fM%3D/1733847186000,0,42,48,48,42,101,67,119,152,51,48,2,4,2,0,7,9,4,4,80663,83543,17.2,17.4,1136,1186,28.5,29.900000000000002,-2880,2880,2036.6737541528237,2109.391362126246,Akali,Lee Sin,Sylas,Ezreal,Galio,Gragas,Nidalee,Corki,Qiyana,Rakan,Rabadon's Deathcap,Hextech Rocketbelt,Zhonya's Hourglass,Banshee's Veil,Shadowflame,Mercury's Treads,Stealth Ward,Eclipse,Black Cleaver,Control Ward,Sundered Sky,Mercury's Treads,Sterak's Gage,Stealth Ward,Ionian Boots of Lucidity,Hextech Rocketbelt,Zhonya's Hourglass,Riftmaker,Shadowflame,Needlessly Large Rod,Oracle Lens,Trinity Force,Serylda's Grudge,Ionian Boots of Lucidity,Bloodthirster,Muramana,Spear of Shojin,Farsight Alteration,Celestial Opposition,Locket of the Iron Solari,Knight's Vow,Plated Steelcaps,Force of Nature,Bramble Vest,Oracle Lens,Fimbulwinter,Abyssal Mask,Thornmail,Kindlegem,Cosmic Drive,Ionian Boots of Lucidity,Farsight Alteration,Zhonya's Hourglass,Verdant Barrier,Hextech Rocketbelt,Sorcerer's Shoes,Shadowflame,Void Staff,Oracle Lens,Rapid Firecannon,Muramana,Mercury's Treads,Trinity Force,Mortal Reminder,Guardian Angel,Farsight Alteration,Edge of Night,Youmuu's Ghostblade,Profane Hydra,Serylda's Grudge,Opportunity,Ionian Boots of Lucidity,Oracle Lens,Solstice Sleigh,Locket of the Iron Solari,Knight's Vow,Control Ward,Mercury's Treads,Zeke's Convergence,Oracle Lens,Conqueror,Resolve,Conqueror,Inspiration,Conqueror,Resolve,Press the Attack,Inspiration,Aftershock,Inspiration,Phase Rush,Inspiration,Dark Harvest,Precision,Conqueror,Inspiration,Electrocute,Precision,Guardian,Domination,Flash,Teleport,Smite,Flash,Teleport,Flash,Flash,Exhaust,Flash,Ignite,Flash,Teleport,Smite,Flash,Flash,Teleport,Ignite,Flash,Flash,Exhaust,1,3,0,0,1,1
https://www.op.gg/summoners/euw/Six10-euw2/matches/uRd1PvnOddpTmeohu4yFZBDFFV0V-Cd7drzeIttLxys%3D/1733844006000,0,6,22,22,6,43,9,38,33,5,9,0,1,0,0,0,8,0,1,28064,42025,9.8,11.0,486,562,27.7,32.0,-13961,13961,1588.5283018867924,2378.7735849056603,Poppy,Taliyah,Zeri,Yasuo,Alistar,Tahm Kench,Rek'Sai,Azir,Nilah,Senna,Tear of the Goddess,Sunfire Aegis,Warden's Mail,Plated Steelcaps,Glacial Buckler,No_Item,Stealth Ward,Gustwalker Hatchling,Sorcerer's Shoes,Luden's Companion,Dark Seal,Amplifying Tome,No_Item,Oracle Lens,Doran's Blade,Yun Tal Wildarrows,Refillable Potion,Control Ward,Boots,Dagger,Farsight Alteration,No_Item,No_Item,Refillable Potion,Berserker's Greaves,Blade of The Ruined King,Doran's Shield,Stealth Ward,Celestial Opposition,Control Ward,Knight's Vow,Ruby Crystal,Plated Steelcaps,No_Item,Oracle Lens,Doran's Shield,Heartsteel,Boots,Cloth Armor,No_Item,No_Item,Stealth Ward,Titanic Hydra,Null-Magic Mantle,Control Ward,No_Item,Plated Steelcaps,Phage,Oracle Lens,Doran's Ring,Nashor's Tooth,Zhonya's Hourglass,Needlessly Large Rod,No_Item,Sorcerer's Shoes,Farsight Alteration,The Collector,Infinity Edge,Long Sword,Boots,Cull,Doran's Blade,Stealth Ward,Bloodsong,Black Cleaver,Plated Steelcaps,Control Ward,No_Item,No_Item,Oracle Lens,Grasp of the Undying,Sorcery,First Strike,Domination,Lethal Tempo,Resolve,Lethal Tempo,Resolve,Phase Rush,Inspiration,Grasp of the Undying,Precision,Conqueror,Inspiration,Summon Aery,Precision,Conqueror,Domination,Grasp of the Undying,Precision,Flash,Teleport,Smite,Flash,Flash,Teleport,Flash,Exhaust,Flash,Ignite,Teleport,Flash,Flash,Smite,Teleport,Flash,Teleport,Flash,Flash,Heal,0,0,0,1,6,1
https://www.op.gg/summoners/euw/Six10-euw2/matches/uRd1PvnOddovs8rmOob_LAceRJ5lI6XIlRbFT7jhUeg%3D/1733839015000,0,23,31,31,23,53,35,80,92,37,30,1,4,0,1,5,8,1,5,63180,67769,15.2,16.2,1051,1060,32.1,32.4,-4589,4589,1937.52,2078.249333333333,Kayle,Skarner,Ryze,Caitlyn,Neeko,Gragas,Viego,Hwei,Corki,Rakan,Nashor's Tooth,Lich Bane,Doran's Blade,Boots of Swiftness,Rabadon's Deathcap,Blighting Jewel,Farsight Alteration,Sterak's Gage,Heartsteel,Mercury's Treads,Kindlegem,Chain Vest,Ruby Crystal,Oracle Lens,Void Staff,Rabadon's Deathcap,No_Item,Ionian Boots of Lucidity,Rod of Ages,Seraph's Embrace,Farsight Alteration,The Collector,Noonquiver,Infinity Edge,Doran's Blade,Rapid Firecannon,Berserker's Greaves,Farsight Alteration,Celestial Opposition,Zhonya's Hourglass,Hextech Rocketbelt,Control Ward,Ionian Boots of Lucidity,Blighting Jewel,Oracle Lens,Doran's Ring,Lost Chapter,Lich Bane,Cosmic Drive,Boots of Swiftness,Blighting Jewel,Farsight Alteration,Titanic Hydra,No_Item,Mercury's Treads,Kraken Slayer,Force of Nature,Long Sword,Oracle Lens,Dark Seal,Blackfire Torch,Ionian Boots of Lucidity,Shadowflame,Blighting Jewel,Rabadon's Deathcap,Farsight Alteration,Infinity Edge,Muramana,Rapid Firecannon,Trinity Force,Bloodthirster,Boots of Swiftness,Farsight Alteration,Trailblazer,Abyssal Mask,Dream Maker,Mercury's Treads,No_Item,Ruby Crystal,Oracle Lens,Press the Attack,Sorcery,Grasp of the Undying,Inspiration,Phase Rush,Resolve,Fleet Footwork,Sorcery,Arcane Comet,Inspiration,Phase Rush,Precision,Conqueror,Inspiration,Arcane Comet,Precision,Conqueror,Inspiration,Guardian,Domination,Flash,Teleport,Flash,Smite,Flash,Teleport,Flash,Barrier,Flash,Heal,Flash,Teleport,Flash,Smite,Teleport,Flash,Cleanse,Flash,Ignite,Flash,0,3,0,1,3,1
https://www.op.gg/summoners/euw/Six10-euw2/matches/uRd1PvnOddp7WBOtkMeYwOAfN1fMY_zd_qGAusyn_MU%3D/1733833723000,0,9,22,22,9,32,10,31,33,8,11,0,0,0,0,0,5,0,0,31072,41472,10.2,11.4,529,631,27.5,32.9,-10400,10400,1608.1122807017546,2146.3578947368424,Maokai,Graves,Galio,Varus,Janna,Ambessa,Nidalee,Ahri,Ashe,Leona,Unending Despair,Fimbulwinter,No_Item,No_Item,Doran's Shield,Boots,Stealth Ward,Scorchclaw Pup,Youmuu's Ghostblade,Boots,Long Sword,Long Sword,Long Sword,Eye of the Herald,Doran's Ring,Hollow Radiance,Mercury's Treads,Refillable Potion,Amplifying Tome,Amplifying Tome,Oracle Lens,No_Item,Doran's Blade,No_Item,Blade of The Ruined King,Guinsoo's Rageblade,Berserker's Greaves,Farsight Alteration,Forbidden Idol,Dream Maker,Echoes of Helia,Ruby Crystal,Boots of Swiftness,No_Item,Oracle Lens,Doran's Shield,Refillable Potion,Eclipse,Mercury's Treads,Tunneler,No_Item,Stealth Ward,Horizon Focus,Liandry's Torment,Mercury's Treads,Mejai's Soulstealer,No_Item,No_Item,Oracle Lens,Refillable Potion,Fiendish Codex,Ionian Boots of Lucidity,Liandry's Torment,Malignance,Amplifying Tome,Oracle Lens,Statikk Shiv,Runaan's Hurricane,Long Sword,Doran's Blade,Berserker's Greaves,No_Item,Farsight Alteration,Bloodsong,Locket of the Iron Solari,Ruby Crystal,Cloth Armor,No_Item,Mercury's Treads,Oracle Lens,Grasp of the Undying,Inspiration,Dark Harvest,Precision,Phase Rush,Resolve,Lethal Tempo,Resolve,Summon Aery,Resolve,Grasp of the Undying,Domination,Dark Harvest,Sorcery,First Strike,Sorcery,Lethal Tempo,Inspiration,Aftershock,Inspiration,Teleport,Ignite,Flash,Smite,Teleport,Flash,Cleanse,Flash,Heal,Flash,Teleport,Flash,Flash,Smite,Flash,Teleport,Cleanse,Flash,Ignite,Flash,1,0,0,0,6,0
https://www.op.gg/summoners/euw/Six10-euw2/matches/uRd1PvnOddp9XluK8pONsD1xF9cLuUyOQ9wxQorQS08%3D/1733760941000,1,30,16,16,30,23,37,52,47,14,16,1,1,0,0,5,0,1,1,43955,33512,11.6,10.4,618,491,33.199999999999996,26.3,10443,-10443,2344.266666666667,1787.3066666666666,Fiora,Graves,Aurora,Ashe,Poppy,Zac,Kindred,Sylas,Jhin,Renata Glasc,Ravenous Hydra,Hullbreaker,Doran's Blade,Plated Steelcaps,Ruby Crystal,Long Sword,Stealth Ward,Youmuu's Ghostblade,Lord Dominik's Regards,Cloth Armor,No_Item,Boots,The Collector,Oracle Lens,Doran's Ring,Luden's Companion,Refillable Potion,Sorcerer's Shoes,Shadowflame,Control Ward,Oracle Lens,Doran's Blade,No_Item,No_Item,Berserker's Greaves,Kraken Slayer,Runaan's Hurricane,Farsight Alteration,Dead Man's Plate,Synchronized Souls,Bloodsong,No_Item,Cloth Armor,Kindlegem,Oracle Lens,Doran's Shield,Refillable Potion,Control Ward,Ionian Boots of Lucidity,Cloth Armor,Sunfire Aegis,Stealth Ward,Gustwalker Hatchling,Kraken Slayer,Trinity Force,Boots of Swiftness,Pickaxe,Long Sword,Oracle Lens,Doran's Shield,Hextech Rocketbelt,Ionian Boots of Lucidity,Refillable Potion,Amplifying Tome,Dark Seal,Oracle Lens,Doran's Blade,The Collector,Infinity Edge,Dagger,Dagger,Boots of Swiftness,Farsight Alteration,No_Item,Locket of the Iron Solari,Celestial Opposition,No_Item,No_Item,Boots of Swiftness,Oracle Lens,Conqueror,Resolve,Dark Harvest,Precision,Electrocute,Precision,Lethal Tempo,Inspiration,Hail of Blades,Inspiration,Aftershock,Precision,Conqueror,Inspiration,Conqueror,Resolve,Dark Harvest,Precision,Guardian,Domination,Teleport,Flash,Flash,Smite,Flash,Teleport,Flash,Barrier,Ignite,Flash,Teleport,Flash,Smite,Flash,Teleport,Flash,Barrier,Flash,Ignite,Flash,1,6,0,0,0,0
https://www.op.gg/summoners/euw/Six10-euw2/matches/uRd1PvnOddrN6lJeezF2hAYCpRVR9FP8bFC2qzyxBt4%3D/1733750542000,0,18,34,34,18,53,31,52,98,46,18,0,4,1,0,2,8,1,4,54025,59878,14.4,15.2,910,911,31.599999999999998,31.6,-5853,5853,1873.8400900900901,2076.8495495495495,Yone,Morgana,LeBlanc,Corki,Bard,Jax,Zac,Irelia,Hwei,Rakan,Doran's Shield,B. F. Sword,Berserker's Greaves,Blade of The Ruined King,Immortal Shieldbow,Cloak of Agility,Farsight Alteration,Ionian Boots of Lucidity,Liandry's Torment,Void Staff,Blasting Wand,Oblivion Orb,Blackfire Torch,Oracle Lens,Doran's Ring,Dark Seal,Luden's Companion,Void Staff,Sorcerer's Shoes,Hextech Alternator,Oracle Lens,B. F. Sword,Trinity Force,Muramana,Boots,Lord Dominik's Regards,No_Item,Farsight Alteration,Dead Man's Plate,Slightly Magical Footwear,Bloodsong,Statikk Shiv,Negatron Cloak,Haunting Guise,Oracle Lens,Tiamat,Trinity Force,Kaenic Rookern,Ruby Crystal,Tear of the Goddess,Mercury's Treads,Stealth Ward,Randuin's Omen,Dark Seal,Ionian Boots of Lucidity,Abyssal Mask,Sunfire Aegis,Negatron Cloak,Oracle Lens,Caulfield's Warhammer,Blade of The Ruined King,Mercury's Treads,Wit's End,Hullbreaker,Tunneler,Farsight Alteration,Sorcerer's Shoes,Mejai's Soulstealer,Liandry's Torment,Blackfire Torch,Horizon Focus,Control Ward,Farsight Alteration,Redemption,Locket of the Iron Solari,Solstice Sleigh,No_Item,Mercury's Treads,No_Item,Oracle Lens,Fleet Footwork,Resolve,Dark Harvest,Inspiration,Electrocute,Sorcery,Conqueror,Inspiration,Guardian,Inspiration,Grasp of the Undying,Inspiration,Aftershock,Precision,Press the Attack,Inspiration,Arcane Comet,Precision,Glacial Augment,Domination,Teleport,Flash,Flash,Smite,Teleport,Flash,Flash,Teleport,Ignite,Flash,Flash,Teleport,Smite,Flash,Teleport,Flash,Flash,Teleport,Flash,Ignite,0,6,0,1,0,1
https://www.op.gg/summoners/euw/Six10-euw2/matches/uRd1PvnOddoErnje0wuBQn20VKZIhCthVhV17sTIvxU%3D/1733748133000,1,21,6,6,21,12,18,31,29,6,4,1,0,0,0,5,0,1,0,35911,23567,10.2,8.4,518,359,32.9,22.8,12344,-12344,2304.735820895522,1512.5089552238805,Jax,Graves,Tahm Kench,Ryze,Bard,Camille,Zac,Corki,Smolder,Janna,Trinity Force,Tunneler,Cull,Ionian Boots of Lucidity,Caulfield's Warhammer,Control Ward,Stealth Ward,Youmuu's Ghostblade,Pickaxe,Boots,Cloth Armor,Serrated Dirk,No_Item,Oracle Lens,Doran's Shield,Heartsteel,Unending Despair,Plated Steelcaps,No_Item,No_Item,Stealth Ward,Refillable Potion,No_Item,Ionian Boots of Lucidity,Tear of the Goddess,Fiendish Codex,Rod of Ages,Farsight Alteration,Dead Man's Plate,Pickaxe,Bloodsong,Scout's Slingshot,Rectrix,Slightly Magical Footwear,Oracle Lens,Doran's Shield,Refillable Potion,Trinity Force,Long Sword,No_Item,Slightly Magical Footwear,Stealth Ward,No_Item,No_Item,Mosstomper Seedling,Winged Moonplate,Trailblazer,Symbiotic Soles,Oracle Lens,Tear of the Goddess,Trinity Force,No_Item,Doran's Blade,Slightly Magical Footwear,No_Item,Stealth Ward,Doran's Blade,Essence Reaver,Boots,Refillable Potion,No_Item,No_Item,Stealth Ward,Kindlegem,Dream Maker,Bandleglass Mirror,No_Item,No_Item,Boots of Swiftness,Oracle Lens,Grasp of the Undying,Precision,Dark Harvest,Precision,Grasp of the Undying,Inspiration,Phase Rush,Resolve,Guardian,Inspiration,Grasp of the Undying,Inspiration,Aftershock,Inspiration,Conqueror,Inspiration,Arcane Comet,Precision,Summon Aery,Resolve,Flash,Teleport,Flash,Smite,Teleport,Flash,Flash,Teleport,Ignite,Flash,Teleport,Ignite,Smite,Flash,Flash,Barrier,Teleport,Flash,Flash,Heal,0,6,0,0,0,0
https://www.op.gg/summoners/euw/Six10-euw2/matches/uRd1PvnOddqIqM_s8TggpfFhDAJ4ZmxVatZjO5K_xrA%3D/1733746553000,1,36,18,18,36,34,65,52,81,23,17,2,1,1,0,9,3,3,1,56253,45123,14.6,12.8,772,677,29.0,25.4,11130,-11130,2104.9509677419355,1688.4735483870968,Ambessa,Kindred,Galio,Corki,Blitzcrank,K'Sante,Bel'Veth,Orianna,Ziggs,Rakan,Doran's Blade,Eclipse,Plated Steelcaps,Pickaxe,Black Cleaver,Ruby Crystal,Farsight Alteration,Boots of Swiftness,Black Cleaver,Trinity Force,Kraken Slayer,Ruby Crystal,Pickaxe,Oracle Lens,Doran's Ring,Riftmaker,Sorcerer's Shoes,Kaenic Rookern,Amplifying Tome,Cloth Armor,Oracle Lens,Last Whisper,Muramana,Trinity Force,Plated Steelcaps,Rapid Firecannon,Pickaxe,Farsight Alteration,Locket of the Iron Solari,Boots of Swiftness,Winged Moonplate,Knight's Vow,No_Item,Celestial Opposition,Oracle Lens,Boots,Tear of the Goddess,Thornmail,Iceborn Gauntlet,Cloth Armor,Cloth Armor,Stealth Ward,Hullbreaker,Kraken Slayer,Immortal Shieldbow,Ruby Crystal,Plated Steelcaps,Cloth Armor,Oracle Lens,Seraph's Embrace,Cryptbloom,Dark Seal,Doran's Ring,Ionian Boots of Lucidity,Amplifying Tome,Farsight Alteration,Horizon Focus,Sorcerer's Shoes,Blighting Jewel,Seraph's Embrace,Fiendish Codex,No_Item,Stealth Ward,Celestial Opposition,Locket of the Iron Solari,Ruby Crystal,Redemption,Mercury's Treads,Control Ward,Oracle Lens,Grasp of the Undying,Domination,Press the Attack,Inspiration,Phase Rush,Resolve,Conqueror,Inspiration,Glacial Augment,Resolve,Aftershock,Inspiration,Press the Attack,Domination,Summon Aery,Precision,Arcane Comet,Precision,Guardian,Domination,Flash,Teleport,Flash,Smite,Teleport,Flash,Flash,Teleport,Flash,Ignite,Flash,Teleport,Smite,Flash,Flash,Teleport,Flash,Teleport,Flash,Heal,1,3,2,0,3,0
https://www.op.gg/summoners/euw/Six10-euw2/matches/uRd1PvnOddrsnI_4nHZWOn6lAG6rqqeKeP6wWBDyAWc%3D/1733673417000,1,45,34,34,45,62,63,116,119,66,50,2,2,0,0,5,2,2,2,71438,63193,16.0,15.8,971,986,29.3,29.8,8245,-8245,2156.6188679245283,1907.7132075471698,Aatrox,Viego,LeBlanc,Hwei,Pyke,Renekton,Qiyana,Vex,Corki,Bard,Tunneler,Eclipse,Death's Dance,Plated Steelcaps,Pickaxe,Sundered Sky,Stealth Ward,Sterak's Gage,Kraken Slayer,Control Ward,Plated Steelcaps,Death's Dance,Sundered Sky,Oracle Lens,Luden's Companion,Shadowflame,Banshee's Veil,Rabadon's Deathcap,Sorcerer's Shoes,No_Item,Oracle Lens,Banshee's Veil,Luden's Companion,Shadowflame,Sorcerer's Shoes,Needlessly Large Rod,Needlessly Large Rod,Farsight Alteration,Celestial Opposition,Watchful Wardstone,Serrated Dirk,Umbral Glaive,Ionian Boots of Lucidity,Edge of Night,Oracle Lens,Kaenic Rookern,Eclipse,Black Cleaver,Plated Steelcaps,Control Ward,Executioner's Calling,Farsight Alteration,Opportunity,Edge of Night,Profane Hydra,Ionian Boots of Lucidity,Hubris,Long Sword,Oracle Lens,Shadowflame,Cryptbloom,Amplifying Tome,Needlessly Large Rod,Sorcerer's Shoes,Luden's Companion,Stealth Ward,Slightly Magical Footwear,Muramana,Trinity Force,Mortal Reminder,Infinity Edge,Dagger,Farsight Alteration,Bloodsong,Locket of the Iron Solari,Knight's Vow,Synchronized Souls,Giant's Belt,Winged Moonplate,Oracle Lens,Conqueror,Resolve,Conqueror,Inspiration,Summon Aery,Domination,Arcane Comet,Precision,Hail of Blades,Inspiration,Conqueror,Resolve,Dark Harvest,Inspiration,Electrocute,Sorcery,Conqueror,Inspiration,Guardian,Domination,Flash,Teleport,Flash,Smite,Teleport,Flash,Flash,Teleport,Flash,Ignite,Teleport,Flash,Flash,Smite,Flash,Teleport,Teleport,Flash,Flash,Ignite,1,5,0,0,1,0
https://www.op.gg/summoners/euw/Six10-euw2/matches/uRd1PvnOddoVxnP0IctJKjs9RIdHTxpADYrwHM3CPE0%3D/1733670923000,0,24,22,22,24,27,39,90,72,28,37,1,3,0,1,3,10,1,4,54264,60017,14.4,15.0,918,958,32.4,33.9,-5753,5753,1916.6642201834863,2119.866513761468,Aurora,Wukong,Smolder,Corki,Renata Glasc,Garen,Viego,Yasuo,Hwei,Neeko,Stormsurge,Zhonya's Hourglass,Fiendish Codex,Dark Seal,Sorcerer's Shoes,Horizon Focus,Oracle Lens,Sundered Sky,Trinity Force,Randuin's Omen,Boots of Swiftness,Abyssal Mask,No_Item,Oracle Lens,Doran's Blade,Essence Reaver,Mercury's Treads,Spear of Shojin,Rapid Firecannon,Cloak of Agility,Farsight Alteration,Muramana,Plated Steelcaps,Trinity Force,Zeal,No_Item,No_Item,Farsight Alteration,Solstice Sleigh,Redemption,Knight's Vow,Ionian Boots of Lucidity,Control Ward,No_Item,Oracle Lens,Stridebreaker,Phantom Dancer,The Collector,Plated Steelcaps,No_Item,No_Item,Stealth Ward,Plated Steelcaps,Kraken Slayer,Titanic Hydra,Sterak's Gage,No_Item,No_Item,Oracle Lens,Immortal Shieldbow,Blade of The Ruined King,Pickaxe,Berserker's Greaves,Cloak of Agility,No_Item,Oracle Lens,Shadowflame,Luden's Companion,Sorcerer's Shoes,Blighting Jewel,Rabadon's Deathcap,Doran's Ring,Farsight Alteration,Zaz'Zak's Realmspike,Control Ward,Hextech Rocketbelt,Blighting Jewel,Ionian Boots of Lucidity,Blasting Wand,Oracle Lens,Summon Aery,Precision,Conqueror,Inspiration,Grasp of the Undying,Precision,Conqueror,Inspiration,Guardian,Domination,Phase Rush,Resolve,Conqueror,Inspiration,Lethal Tempo,Resolve,Arcane Comet,Precision,Arcane Comet,Inspiration,Teleport,Flash,Flash,Smite,Teleport,Flash,Flash,Teleport,Flash,Heal,Flash,Ignite,Flash,Smite,Teleport,Flash,Flash,Teleport,Flash,Ignite,1,3,0,0,3,1
https://www.op.gg/summoners/euw/Six10-euw2/matches/uRd1PvnOddohxIcBqmbQn6PqpYDb8JzFK0IOw24VS54%3D/1733664477000,0,37,38,38,37,54,55,64,53,16,23,0,4,1,1,6,8,1,5,65003,70849,15.8,16.2,861,1029,26.6,31.6,-5846,5846,2007.9460732984294,2188.529319371728,Zac,Viego,LeBlanc,Ashe,Rell,Heimerdinger,Kha'Zix,Vex,Corki,Jax,"Jak'Sho, The Protean",Ruby Crystal,Bramble Vest,Mercury's Treads,Unending Despair,Spirit Visage,Stealth Ward,Sundered Sky,Kraken Slayer,Mercury's Treads,Death's Dance,Maw of Malmortius,No_Item,Oracle Lens,Shadowflame,Luden's Companion,Blasting Wand,Sorcerer's Shoes,Rabadon's Deathcap,Blighting Jewel,Oracle Lens,Bloodthirster,Berserker's Greaves,Control Ward,Phantom Dancer,Cloak of Agility,Kraken Slayer,Farsight Alteration,Control Ward,Locket of the Iron Solari,Bloodsong,Plated Steelcaps,Abyssal Mask,Heartsteel,Oracle Lens,Sorcerer's Shoes,Blackfire Torch,Void Staff,Liandry's Torment,Needlessly Large Rod,Oblivion Orb,Oracle Lens,Youmuu's Ghostblade,Edge of Night,Mercury's Treads,Opportunity,Serylda's Grudge,The Brutalizer,Oracle Lens,Shadowflame,Luden's Companion,Shattered Armguard,Sorcerer's Shoes,Doran's Ring,Dark Seal,Oracle Lens,Infinity Edge,Control Ward,Mercury's Treads,Trinity Force,Muramana,Mortal Reminder,Farsight Alteration,Bloodsong,Wit's End,Sundered Sky,Sterak's Gage,No_Item,Mercury's Treads,Oracle Lens,Grasp of the Undying,Precision,Conqueror,Inspiration,Electrocute,Sorcery,Lethal Tempo,Inspiration,Aftershock,Inspiration,Conqueror,Sorcery,Dark Harvest,Sorcery,Electrocute,Inspiration,Conqueror,Inspiration,Hail of Blades,Inspiration,Flash,Teleport,Smite,Flash,Teleport,Flash,Flash,Barrier,Flash,Ignite,Flash,Teleport,Flash,Smite,Teleport,Flash,Cleanse,Flash,Flash,Ignite,0,3,0,1,3,1
https://www.op.gg/summoners/euw/Six10-euw2/matches/uRd1PvnOddqzY_XvRPNoDigxJ2233LEOVP4_mBy55A4%3D/1733572767000,0,8,14,14,9,20,7,37,42,12,15,1,0,0,0,0,3,1,0,25937,30654,9.2,9.6,414,502,27.0,33.0,-4717,4717,1678.2764705882355,1983.494117647059,Urgot,Elise,Ahri,Ashe,Senna,Olaf,Amumu,Yone,Corki,Sona,Doran's Shield,Cull,Plated Steelcaps,Black Cleaver,Long Sword,No_Item,Stealth Ward,Sorcerer's Shoes,Stormsurge,Amplifying Tome,Dark Seal,No_Item,Gustwalker Hatchling,Oracle Lens,Doran's Ring,Dark Seal,Boots,Malignance,No_Item,No_Item,Oracle Lens,Recurve Bow,Rectrix,Berserker's Greaves,Doran's Blade,Cull,Hearthbound Axe,Stealth Ward,Bloodsong,Boots of Swiftness,Kindlegem,Control Ward,Phage,No_Item,Oracle Lens,Doran's Shield,Stridebreaker,Long Sword,Ruby Crystal,Plated Steelcaps,Control Ward,Stealth Ward,Gustwalker Hatchling,Sunfire Aegis,Control Ward,Mercury's Treads,No_Item,No_Item,Oracle Lens,Berserker's Greaves,Blade of The Ruined King,No_Item,Doran's Shield,No_Item,No_Item,Oracle Lens,Doran's Blade,Tear of the Goddess,Trinity Force,Mercury's Treads,Caulfield's Warhammer,Long Sword,Farsight Alteration,Bloodsong,Boots of Swiftness,Echoes of Helia,Dark Seal,Amplifying Tome,Faerie Charm,Oracle Lens,Phase Rush,Resolve,Dark Harvest,Precision,Electrocute,Sorcery,Lethal Tempo,Inspiration,Grasp of the Undying,Precision,Conqueror,Inspiration,Aftershock,Domination,Fleet Footwork,Resolve,Conqueror,Inspiration,Summon Aery,Resolve,Flash,Teleport,Flash,Smite,Teleport,Flash,Barrier,Flash,Flash,Heal,Ghost,Flash,Flash,Smite,Flash,Teleport,Flash,Teleport,Flash,Heal,0,0,0,0,6,0
https://www.op.gg/summoners/euw/Six10-euw2/matches/uRd1PvnOddoWrX1jc9BeV7fJ7XsDh1Oz0sWgtGGbjyA%3D/1733516296000,1,46,26,26,46,34,85,95,86,26,23,4,1,2,0,8,4,6,1,76255,65559,17.2,15.6,1099,1045,31.5,30.0,10696,-10696,2199.114232209738,1890.652808988764,Viktor,Talon,Qiyana,Corki,Nami,Renekton,Kindred,Orianna,Ezreal,Nautilus,Seraph's Embrace,Blackfire Torch,Shadowflame,Sorcerer's Shoes,Blasting Wand,Rabadon's Deathcap,Farsight Alteration,Hubris,Serpent's Fang,No_Item,Opportunity,Slightly Magical Footwear,Serylda's Grudge,Oracle Lens,Ionian Boots of Lucidity,Youmuu's Ghostblade,Edge of Night,Serpent's Fang,Serylda's Grudge,Long Sword,Oracle Lens,Plated Steelcaps,Infinity Edge,Lord Dominik's Regards,Trinity Force,Rapid Firecannon,Muramana,Farsight Alteration,Imperial Mandate,Shurelya's Battlesong,Dream Maker,Dawncore,Dark Seal,Boots of Swiftness,Oracle Lens,Spirit Visage,Stridebreaker,Randuin's Omen,Plated Steelcaps,Sterak's Gage,No_Item,Oracle Lens,Immortal Shieldbow,Steel Sigil,Infinity Edge,Boots,Kraken Slayer,Noonquiver,Oracle Lens,Seraph's Embrace,Rabadon's Deathcap,Zhonya's Hourglass,Dark Seal,Control Ward,Sorcerer's Shoes,Farsight Alteration,Serylda's Grudge,Muramana,Bloodthirster,Trinity Force,Ionian Boots of Lucidity,Frozen Heart,Farsight Alteration,Celestial Opposition,Locket of the Iron Solari,Control Ward,Knight's Vow,No_Item,Plated Steelcaps,Oracle Lens,Phase Rush,Precision,Conqueror,Inspiration,Electrocute,Precision,Conqueror,Inspiration,Summon Aery,Domination,Press the Attack,Resolve,Press the Attack,Domination,Arcane Comet,Resolve,Press the Attack,Inspiration,Aftershock,Inspiration,Flash,Teleport,Flash,Smite,Flash,Teleport,Teleport,Flash,Flash,Heal,Teleport,Flash,Smite,Flash,Teleport,Flash,Flash,Barrier,Ignite,Flash,0,4,1,1,2,0
https://www.op.gg/summoners/euw/Six10-euw2/matches/uRd1PvnOddroU2q8kCM1W2AhaVkvo2TRtIeoc7tNHsE%3D/1733508012000,1,37,25,25,37,51,58,51,83,25,17,4,0,1,1,9,4,5,1,65120,55150,15.0,13.8,874,722,30.4,25.0,9970,-9970,2265.0434782608695,1918.2608695652175,Sylas,Graves,Qiyana,Olaf,Lulu,Fiora,Ivern,Brand,Yone,Pyke,Sorcerer's Shoes,Hextech Rocketbelt,Shattered Armguard,Riftmaker,Dark Seal,Oblivion Orb,Oracle Lens,Youmuu's Ghostblade,The Collector,B. F. Sword,Mercury's Treads,Immortal Shieldbow,Serpent's Fang,Oracle Lens,Youmuu's Ghostblade,Profane Hydra,Long Sword,Serpent's Fang,Caulfield's Warhammer,Ionian Boots of Lucidity,Oracle Lens,Doran's Blade,Death's Dance,Plated Steelcaps,Maw of Malmortius,Phage,Ravenous Hydra,Oracle Lens,Dream Maker,Shurelya's Battlesong,Imperial Mandate,Oblivion Orb,Mejai's Soulstealer,Synchronized Souls,Oracle Lens,Trinity Force,Hullbreaker,Ravenous Hydra,Boots of Swiftness,Steel Sigil,No_Item,Stealth Ward,Ardent Censer,Moonstone Renewer,Redemption,Staff of Flowing Water,No_Item,Ionian Boots of Lucidity,Oracle Lens,Control Ward,Shattered Armguard,Sorcerer's Shoes,Rylai's Crystal Scepter,Oblivion Orb,Liandry's Torment,Farsight Alteration,Doran's Blade,Pickaxe,Cloak of Agility,Berserker's Greaves,Blade of The Ruined King,Immortal Shieldbow,Stealth Ward,Celestial Opposition,Umbral Glaive,Youmuu's Ghostblade,Boots,Serrated Dirk,Tunneler,Oracle Lens,Grasp of the Undying,Sorcery,Dark Harvest,Precision,Electrocute,Precision,Conqueror,Inspiration,Summon Aery,Resolve,Conqueror,Resolve,Glacial Augment,Resolve,Arcane Comet,Inspiration,Lethal Tempo,Resolve,Hail of Blades,Resolve,Teleport,Flash,Flash,Smite,Flash,Teleport,Flash,Ghost,Flash,Heal,Flash,Teleport,Smite,Flash,Flash,Ghost,Flash,Teleport,Flash,Ignite,0,3,1,1,0,0
https://www.op.gg/summoners/euw/Six10-euw2/matches/uRd1PvnOddoPzQM_N0pXmgtXyEIN2blRjUGb8Loe7bU%3D/1733505112000,0,26,32,32,26,50,44,88,82,34,40,1,2,0,0,3,8,1,2,52847,59546,13.2,14.4,801,943,28.3,33.3,-6699,6699,1867.8681034482756,2104.6431034482757,Aurora,Jarvan IV,Taliyah,Corki,Blitzcrank,Jayce,Kindred,Akali,Ashe,Thresh,Doran's Ring,Malignance,Luden's Companion,Sorcerer's Shoes,Amplifying Tome,Cloth Armor,Farsight Alteration,Frozen Heart,Sundered Sky,Spear of Shojin,Ruby Crystal,Ionian Boots of Lucidity,No_Item,Oracle Lens,Sorcerer's Shoes,Zhonya's Hourglass,Liandry's Torment,No_Item,Dark Seal,Blackfire Torch,Farsight Alteration,Doran's Blade,Trinity Force,Plated Steelcaps,Infinity Edge,Zeal,Muramana,Farsight Alteration,Synchronized Souls,Bloodsong,Control Ward,Dead Man's Plate,Locket of the Iron Solari,No_Item,Oracle Lens,Youmuu's Ghostblade,Serylda's Grudge,Ionian Boots of Lucidity,Edge of Night,B. F. Sword,Doran's Blade,Oracle Lens,Black Cleaver,Trinity Force,No_Item,Plated Steelcaps,Wit's End,Cloak of Agility,Oracle Lens,Rabadon's Deathcap,Stormsurge,Sorcerer's Shoes,Shadowflame,Amplifying Tome,Dark Seal,Oracle Lens,Doran's Blade,Lord Dominik's Regards,Statikk Shiv,Runaan's Hurricane,Berserker's Greaves,B. F. Sword,Farsight Alteration,Solstice Sleigh,Redemption,Locket of the Iron Solari,No_Item,Boots of Swiftness,No_Item,Oracle Lens,Electrocute,Sorcery,Conqueror,Inspiration,Phase Rush,Precision,Conqueror,Inspiration,Glacial Augment,Sorcery,Phase Rush,Inspiration,Press the Attack,Domination,Fleet Footwork,Resolve,Lethal Tempo,Inspiration,Aftershock,Inspiration,Flash,Teleport,Flash,Smite,Teleport,Flash,Barrier,Flash,Flash,Ignite,Flash,Teleport,Flash,Smite,Teleport,Flash,Barrier,Flash,Ignite,Flash,1,2,0,0,4,1
https://www.op.gg/summoners/euw/Six10-euw2/matches/uRd1PvnOddrt-CD-JV-iZupCNmX-_tFcyPlIsNT2YWI%3D/1733500623000,1,34,28,28,34,42,56,93,98,36,26,2,2,1,1,9,8,3,3,67018,63569,16.0,15.2,957,907,29.8,28.1,3449,-3449,2080.624183006536,1973.547385620915,Smolder,Lee Sin,Rumble,Ashe,Alistar,Yasuo,Bel'Veth,LeBlanc,Samira,Poppy,Vampiric Scepter,Essence Reaver,Spear of Shojin,Rapid Firecannon,Immortal Shieldbow,Plated Steelcaps,Farsight Alteration,Sundered Sky,Eclipse,Control Ward,Slightly Magical Footwear,Black Cleaver,Tunneler,Stealth Ward,Zhonya's Hourglass,Needlessly Large Rod,Liandry's Torment,Dark Seal,Plated Steelcaps,Shadowflame,Stealth Ward,Doran's Blade,Kraken Slayer,Phantom Dancer,Bloodthirster,Last Whisper,Berserker's Greaves,Farsight Alteration,Locket of the Iron Solari,Celestial Opposition,Ruby Crystal,Knight's Vow,No_Item,Plated Steelcaps,Oracle Lens,Doran's Blade,Blade of The Ruined King,Pickaxe,Berserker's Greaves,Immortal Shieldbow,B. F. Sword,Farsight Alteration,Caulfield's Warhammer,Kraken Slayer,Stridebreaker,Wit's End,Plated Steelcaps,Black Cleaver,Oracle Lens,Control Ward,Sorcerer's Shoes,Zhonya's Hourglass,Mejai's Soulstealer,Stormsurge,Luden's Companion,Oracle Lens,Lord Dominik's Regards,The Collector,Infinity Edge,Noonquiver,Plated Steelcaps,Vampiric Scepter,Farsight Alteration,Bloodsong,Control Ward,Boots of Swiftness,Dead Man's Plate,Thornmail,Ruby Crystal,Oracle Lens,Grasp of the Undying,Inspiration,Conqueror,Inspiration,Arcane Comet,Resolve,Lethal Tempo,Inspiration,Aftershock,Inspiration,Lethal Tempo,Resolve,Conqueror,Domination,Electrocute,Sorcery,Conqueror,Domination,Hail of Blades,Inspiration,Teleport,Flash,Smite,Flash,Flash,Teleport,Flash,Barrier,Flash,Exhaust,Flash,Teleport,Smite,Flash,Teleport,Flash,Flash,Barrier,Flash,Ignite,0,3,2,1,3,2
https://www.op.gg/summoners/euw/Six10-euw2/matches/uRd1PvnOddrR4PdflsIxmXgWIryabaNKbiEpO5Av7lU%3D/1733496000000,0,14,34,34,14,54,23,63,73,25,27,1,2,0,1,3,11,1,3,51045,65599,13.8,15.4,909,1000,31.3,34.4,-14554,14554,1769.1732954545455,2273.6017045454546,Yone,Nidalee,Jayce,Jinx,Karma,Malphite,Wukong,Smolder,Ziggs,Blitzcrank,Infinity Edge,Berserker's Greaves,Blade of The Ruined King,Negatron Cloak,Immortal Shieldbow,Cloth Armor,Farsight Alteration,Zhonya's Hourglass,Sorcerer's Shoes,Blighting Jewel,No_Item,Liandry's Torment,Amplifying Tome,Oracle Lens,Serylda's Grudge,No_Item,No_Item,Eclipse,Boots,Muramana,Farsight Alteration,Doran's Blade,Infinity Edge,Berserker's Greaves,The Collector,Runaan's Hurricane,No_Item,Farsight Alteration,Redemption,Dream Maker,Moonstone Renewer,No_Item,Ionian Boots of Lucidity,No_Item,Oracle Lens,Iceborn Gauntlet,Thornmail,Negatron Cloak,Cloth Armor,Abyssal Mask,Plated Steelcaps,Stealth Ward,Maw of Malmortius,Black Cleaver,Trinity Force,Sundered Sky,Warden's Mail,Plated Steelcaps,Oracle Lens,Bloodthirster,Ionian Boots of Lucidity,Essence Reaver,Spear of Shojin,Rapid Firecannon,No_Item,Farsight Alteration,Rabadon's Deathcap,Amplifying Tome,Sorcerer's Shoes,Tear of the Goddess,Horizon Focus,Luden's Companion,Farsight Alteration,Bloodsong,Locket of the Iron Solari,Zeke's Convergence,Kindlegem,Control Ward,Boots of Swiftness,Oracle Lens,Lethal Tempo,Resolve,Conqueror,Sorcery,Phase Rush,Inspiration,Lethal Tempo,Sorcery,Summon Aery,Resolve,Summon Aery,Inspiration,Conqueror,Inspiration,Grasp of the Undying,Inspiration,Arcane Comet,Precision,Glacial Augment,Resolve,Teleport,Flash,Flash,Smite,Flash,Teleport,Flash,Teleport,Heal,Flash,Flash,Teleport,Smite,Flash,Teleport,Flash,Teleport,Flash,Flash,Ignite,0,0,0,1,6,3
https://www.op.gg/summoners/euw/Six10-euw2/matches/uRd1PvnOddrUuVwrxjmTYEWEpyeNlrka9UJYtxMV7rw%3D/1733491413000,0,13,24,24,13,49,26,82,44,12,34,0,4,0,1,2,6,0,5,43677,53708,12.6,14.2,735,824,29.5,33.0,-10031,10031,1742.1724719101123,2142.285393258427,K'Sante,Lee Sin,Azir,Jinx,Bard,Riven,Sejuani,Akali,Corki,Senna,Doran's Shield,Thornmail,Iceborn Gauntlet,Plated Steelcaps,No_Item,No_Item,Stealth Ward,Sundered Sky,Eclipse,Slightly Magical Footwear,Pickaxe,No_Item,Ruby Crystal,Stealth Ward,Sorcerer's Shoes,Nashor's Tooth,Shadowflame,Refillable Potion,Doran's Ring,No_Item,Oracle Lens,Berserker's Greaves,The Collector,Runaan's Hurricane,Infinity Edge,Doran's Blade,Long Sword,Farsight Alteration,Bloodsong,Giant's Belt,No_Item,Heartsteel,No_Item,Boots of Swiftness,Oracle Lens,Sundered Sky,No_Item,No_Item,Doran's Blade,Black Cleaver,Ionian Boots of Lucidity,Stealth Ward,Plated Steelcaps,No_Item,Negatron Cloak,Frozen Heart,Ruby Crystal,Heartsteel,Oracle Lens,Doran's Ring,Rabadon's Deathcap,Shadowflame,Stormsurge,Dark Seal,Boots,Oracle Lens,Doran's Blade,Trinity Force,Lord Dominik's Regards,No_Item,Plated Steelcaps,Muramana,Farsight Alteration,Dream Maker,Moonstone Renewer,Boots of Swiftness,Echoes of Helia,Dark Seal,Blasting Wand,Oracle Lens,Aftershock,Inspiration,Conqueror,Inspiration,Fleet Footwork,Sorcery,Lethal Tempo,Domination,Guardian,Domination,Conqueror,Inspiration,Aftershock,Inspiration,Electrocute,Resolve,Conqueror,Inspiration,Summon Aery,Resolve,Flash,Teleport,Smite,Flash,Flash,Teleport,Flash,Barrier,Flash,Ignite,Teleport,Flash,Flash,Smite,Ignite,Flash,Barrier,Flash,Flash,Heal,0,4,0,1,2,0
https://www.op.gg/summoners/euw/Six10-euw2/matches/uRd1PvnOddoprMreVclGWNDB5hCChTv1F1e4n8U18ME%3D/1733489182000,0,25,28,28,25,55,42,85,80,26,28,0,3,0,1,3,6,0,4,56278,58763,14.2,15.2,903,898,31.5,31.3,-2485,2485,1968.343842364532,2055.2576354679804,Ambessa,Rengar,Gragas,Kalista,Renata Glasc,Zac,Wukong,Azir,Corki,Alistar,Spear of Shojin,Executioner's Calling,Mercury's Treads,Eclipse,Pickaxe,Kindlegem,Stealth Ward,Sundered Sky,Plated Steelcaps,Pickaxe,Black Cleaver,Eclipse,Steel Sigil,Oracle Lens,Seeker's Armguard,Seraph's Embrace,Cosmic Drive,Ionian Boots of Lucidity,Doran's Ring,No_Item,Farsight Alteration,Plated Steelcaps,Hearthbound Axe,Blade of The Ruined King,Guinsoo's Rageblade,Wit's End,Doran's Blade,Farsight Alteration,Celestial Opposition,Redemption,Locket of the Iron Solari,Kindlegem,Ionian Boots of Lucidity,No_Item,Oracle Lens,Unending Despair,Thornmail,Sunfire Aegis,Plated Steelcaps,Ruby Crystal,Dark Seal,Stealth Ward,No_Item,Bramble Vest,Sundered Sky,Boots of Swiftness,Trinity Force,Black Cleaver,Stealth Ward,Rylai's Crystal Scepter,Nashor's Tooth,Zhonya's Hourglass,Plated Steelcaps,Needlessly Large Rod,Needlessly Large Rod,Farsight Alteration,Trinity Force,Muramana,Infinity Edge,Plated Steelcaps,No_Item,No_Item,Farsight Alteration,Zeke's Convergence,Locket of the Iron Solari,Celestial Opposition,Ionian Boots of Lucidity,Control Ward,Ruby Crystal,Oracle Lens,Grasp of the Undying,Domination,Conqueror,Resolve,Phase Rush,Precision,Lethal Tempo,Resolve,Guardian,Domination,Grasp of the Undying,Precision,Conqueror,Inspiration,Summon Aery,Precision,Conqueror,Inspiration,Aftershock,Inspiration,Flash,Teleport,Flash,Smite,Teleport,Flash,Flash,Barrier,Flash,Heal,Flash,Teleport,Flash,Smite,Teleport,Flash,Barrier,Flash,Flash,Ignite,1,6,0,0,0,0
https://www.op.gg/summoners/euw/Six10-euw2/matches/uRd1PvnOddrWmCKZ-kwQoQh7N0WmU3MsKEUFyTC9GyA%3D/1733486777000,0,9,27,27,9,33,7,40,40,8,12,1,1,0,0,0,8,1,1,26777,42663,9.6,11.0,442,578,26.2,34.4,-15886,15886,1584.305833333333,2524.2274999999995,Sett,Kindred,Aurora,Xayah,Rakan,Aatrox,Nocturne,Orianna,Ezreal,Neeko,Doran's Blade,Blade of The Ruined King,Cloth Armor,No_Item,Dagger,Plated Steelcaps,Stealth Ward,Scorchclaw Pup,Kraken Slayer,Boots,Control Ward,Dagger,Phage,Oracle Lens,Doran's Ring,Refillable Potion,Malignance,Boots,Amplifying Tome,Amplifying Tome,Stealth Ward,Doran's Blade,Essence Reaver,Berserker's Greaves,Refillable Potion,Long Sword,Cloak of Agility,Farsight Alteration,Celestial Opposition,Locket of the Iron Solari,Control Ward,Ionian Boots of Lucidity,No_Item,No_Item,Oracle Lens,Tunneler,Voltaic Cyclosword,Plated Steelcaps,Doran's Blade,Pickaxe,Ruby Crystal,Stealth Ward,No_Item,Stridebreaker,Tunneler,Phage,Boots,Dagger,Oracle Lens,Doran's Ring,Luden's Companion,Sorcerer's Shoes,Hextech Alternator,Control Ward,Needlessly Large Rod,Farsight Alteration,Ionian Boots of Lucidity,Manamune,No_Item,No_Item,Trinity Force,Doran's Blade,Farsight Alteration,Control Ward,Hextech Rocketbelt,Celestial Opposition,No_Item,Verdant Barrier,Ionian Boots of Lucidity,Oracle Lens,Fleet Footwork,Resolve,Press the Attack,Domination,Arcane Comet,Domination,Lethal Tempo,Inspiration,Guardian,Domination,Conqueror,Resolve,Conqueror,Domination,Phase Rush,Inspiration,Press the Attack,Inspiration,Electrocute,Sorcery,Ignite,Flash,Smite,Flash,Flash,Teleport,Flash,Barrier,Flash,Ignite,Teleport,Flash,Flash,Smite,Teleport,Flash,Barrier,Flash,Heal,Flash,0,0,0,1,6,0
https://www.op.gg/summoners/euw/Six10-euw2/matches/uRd1PvnOddpHQQZHmDiXzZadoDJoAJhp_CmdWKOo5-4%3D/1733409769000,1,24,19,19,24,26,45,69,71,27,23,2,3,1,0,7,6,3,3,63800,58402,15.6,14.6,993,1004,30.7,31.099999999999998,5398,-5398,1965.1476793248944,1798.8801687763712,Riven,Morgana,Zoe,Ashe,Milio,Fiora,Rek'Sai,Orianna,Varus,Janna,Eclipse,Sundered Sky,Executioner's Calling,Ionian Boots of Lucidity,Maw of Malmortius,Death's Dance,Oracle Lens,Liandry's Torment,Blackfire Torch,Sorcerer's Shoes,Mejai's Soulstealer,Horizon Focus,No_Item,Oracle Lens,Fiendish Codex,Dark Seal,Sorcerer's Shoes,Fiendish Codex,Verdant Barrier,Luden's Companion,Stealth Ward,Kraken Slayer,Berserker's Greaves,Vampiric Scepter,Phantom Dancer,Mortal Reminder,Pickaxe,Farsight Alteration,Dream Maker,Echoes of Helia,Ionian Boots of Lucidity,Moonstone Renewer,Dawncore,Control Ward,Oracle Lens,Trinity Force,Ravenous Hydra,Ionian Boots of Lucidity,Hullbreaker,Long Sword,No_Item,Oracle Lens,Stridebreaker,Spear of Shojin,Ruby Crystal,Tunneler,Mercury's Treads,Pickaxe,Oracle Lens,Void Staff,Luden's Companion,Sorcerer's Shoes,Banshee's Veil,Dark Seal,Shadowflame,Farsight Alteration,Youmuu's Ghostblade,Boots of Swiftness,Long Sword,Muramana,Serpent's Fang,Serylda's Grudge,Farsight Alteration,Dream Maker,Boots of Swiftness,Mikael's Blessing,Echoes of Helia,No_Item,Ruby Crystal,Oracle Lens,Conqueror,Inspiration,Dark Harvest,Inspiration,Electrocute,Resolve,Lethal Tempo,Inspiration,Summon Aery,Inspiration,Grasp of the Undying,Sorcery,Press the Attack,Inspiration,Arcane Comet,Inspiration,Hail of Blades,Inspiration,Summon Aery,Resolve,Flash,Ignite,Flash,Smite,Flash,Ignite,Flash,Barrier,Flash,Heal,Teleport,Flash,Smite,Flash,Teleport,Flash,Cleanse,Flash,Heal,Flash,1,3,1,0,3,0
https://www.op.gg/summoners/euw/Six10-euw2/matches/uRd1PvnOddpfBnuZ2fiT7Ozecnln-HXg6heLFZK2nR0%3D/1733406027000,0,8,17,17,8,20,7,38,39,9,10,1,1,0,0,0,2,1,1,27537,35072,10.0,11.0,507,584,30.2,35.0,-7535,7535,1637.9767241379311,2086.1793103448276,Aatrox,Dr. Mundo,Aurora,Ashe,Rell,Zac,Graves,Corki,Hwei,Lulu,Mercury's Treads,Black Cleaver,Ruby Crystal,No_Item,Doran's Shield,Executioner's Calling,Stealth Ward,Spectre's Cowl,Heartsteel,Ruby Crystal,No_Item,No_Item,Boots of Swiftness,Eye of the Herald,Doran's Ring,Malignance,Sorcerer's Shoes,Refillable Potion,No_Item,Dark Seal,Oracle Lens,Doran's Blade,Kraken Slayer,Berserker's Greaves,Zeal,Dagger,No_Item,Stealth Ward,Bloodsong,Cloth Armor,Control Ward,Kindlegem,Null-Magic Mantle,Ionian Boots of Lucidity,Oracle Lens,Doran's Shield,Refillable Potion,Sunfire Aegis,Bramble Vest,Boots,Kindlegem,Stealth Ward,Youmuu's Ghostblade,Pickaxe,The Collector,Slightly Magical Footwear,Noonquiver,Control Ward,Oracle Lens,Doran's Blade,Refillable Potion,Trinity Force,Mercury's Treads,Tear of the Goddess,Long Sword,Farsight Alteration,Blackfire Torch,Amplifying Tome,Dark Seal,No_Item,Ruby Crystal,Sorcerer's Shoes,Stealth Ward,Dream Maker,No_Item,Ionian Boots of Lucidity,Forbidden Idol,Moonstone Renewer,No_Item,Oracle Lens,Conqueror,Resolve,Fleet Footwork,Inspiration,Arcane Comet,Domination,Lethal Tempo,Inspiration,Aftershock,Inspiration,Conqueror,Resolve,Fleet Footwork,Inspiration,Conqueror,Inspiration,Arcane Comet,Precision,Summon Aery,Inspiration,Flash,Teleport,Smite,Flash,Teleport,Flash,Flash,Barrier,Flash,Ignite,Flash,Teleport,Smite,Flash,Teleport,Flash,Flash,Teleport,Heal,Flash,1,1,0,0,5,0
https://www.op.gg/summoners/euw/Six10-euw2/matches/uRd1PvnOddoL-O4LLiG3bY79tnU341uYjWI3Un1V7Bk%3D/1733404026000,1,38,23,23,38,32,76,92,82,29,33,2,2,1,1,11,4,3,3,74601,64265,17.0,15.8,1112,1073,33.4,32.1,10336,-10336,2235.518181818182,1925.7861952861954,Gnar,Viego,Aurora,Caitlyn,Braum,Yasuo,Diana,Corki,Ezreal,Leona,Sterak's Gage,Plated Steelcaps,Randuin's Omen,Trinity Force,Thornmail,Steel Sigil,Stealth Ward,Plated Steelcaps,Kraken Slayer,Death's Dance,Sundered Sky,Sterak's Gage,No_Item,Oracle Lens,Shadowflame,Rabadon's Deathcap,Dark Seal,Zhonya's Hourglass,Sorcerer's Shoes,Malignance,Farsight Alteration,Yun Tal Wildarrows,Infinity Edge,Zeal,Doran's Blade,Plated Steelcaps,Lord Dominik's Regards,Farsight Alteration,Bloodsong,Knight's Vow,Locket of the Iron Solari,Mercury's Treads,Control Ward,Giant's Belt,Oracle Lens,Navori Flickerblade,Chain Vest,Kraken Slayer,Blade of The Ruined King,Immortal Shieldbow,Plated Steelcaps,Farsight Alteration,Hextech Rocketbelt,Amplifying Tome,Zhonya's Hourglass,Sorcerer's Shoes,Rabadon's Deathcap,Dark Seal,Oracle Lens,Last Whisper,Trinity Force,Muramana,Rapid Firecannon,Plated Steelcaps,Noonquiver,Farsight Alteration,B. F. Sword,Muramana,Trinity Force,Spear of Shojin,Ionian Boots of Lucidity,Vampiric Scepter,Farsight Alteration,Bloodsong,Locket of the Iron Solari,Boots of Swiftness,Kindlegem,Warmog's Armor,Control Ward,Oracle Lens,Grasp of the Undying,Precision,Conqueror,Inspiration,Arcane Comet,Domination,Lethal Tempo,Sorcery,Guardian,Inspiration,Fleet Footwork,Resolve,Conqueror,Inspiration,Conqueror,Inspiration,Press the Attack,Inspiration,Glacial Augment,Resolve,Flash,Teleport,Flash,Smite,Flash,Teleport,Cleanse,Flash,Flash,Ignite,Teleport,Flash,Flash,Smite,Teleport,Flash,Flash,Barrier,Flash,Ignite,0,3,3,1,3,0
https://www.op.gg/summoners/euw/Six10-euw2/matches/uRd1PvnOddpiOihU9MVSEAkAr-nqeBArcPuoSotEk_A%3D/1733401377000,0,25,39,39,25,78,43,61,99,38,24,1,3,1,0,4,7,2,3,58036,61077,14.4,14.8,916,880,30.6,29.5,-3041,3041,1944.206,2046.0794999999998,Ambessa,Master Yi,Sylas,Jhin,Nautilus,Gragas,Vi,Smolder,Ezreal,Rakan,Black Cleaver,Spear of Shojin,Plated Steelcaps,Sterak's Gage,No_Item,No_Item,Oracle Lens,Death's Dance,Kraken Slayer,Guinsoo's Rageblade,Plated Steelcaps,Giant's Belt,Tunneler,Oracle Lens,Zhonya's Hourglass,No_Item,Hextech Rocketbelt,Doran's Shield,Ionian Boots of Lucidity,Cosmic Drive,Oracle Lens,Rapid Firecannon,The Collector,Boots of Swiftness,Bloodthirster,Infinity Edge,Control Ward,Farsight Alteration,Celestial Opposition,Locket of the Iron Solari,Plated Steelcaps,Control Ward,Bramble Vest,Kindlegem,Oracle Lens,Lich Bane,Seraph's Embrace,Blasting Wand,Cosmic Drive,Control Ward,Boots of Swiftness,Stealth Ward,Dead Man's Plate,Tunneler,No_Item,Eclipse,Black Cleaver,Plated Steelcaps,Oracle Lens,Doran's Blade,Ionian Boots of Lucidity,Essence Reaver,Rapid Firecannon,Lord Dominik's Regards,Spear of Shojin,Farsight Alteration,Doran's Blade,Muramana,Ionian Boots of Lucidity,Trinity Force,Serylda's Grudge,Executioner's Calling,Farsight Alteration,Celestial Opposition,Locket of the Iron Solari,Control Ward,Zeke's Convergence,Mercury's Treads,Kindlegem,Oracle Lens,Conqueror,Resolve,Lethal Tempo,Domination,Conqueror,Resolve,Fleet Footwork,Sorcery,Glacial Augment,Resolve,Phase Rush,Inspiration,Conqueror,Inspiration,Grasp of the Undying,Inspiration,Press the Attack,Inspiration,Guardian,Domination,Teleport,Flash,Flash,Smite,Flash,Teleport,Flash,Heal,Flash,Ignite,Teleport,Flash,Flash,Smite,Teleport,Flash,Flash,Barrier,Flash,Ignite,0,5,0,1,1,2
https://www.op.gg/summoners/euw/Six10-euw2/matches/uRd1PvnOddp7Fwoq25YYOdbS1KdL5gFhzTb6PXy4pnk%3D/1733341064000,1,25,13,13,25,22,52,59,66,29,26,3,0,1,0,7,2,4,0,52315,43821,13.8,12.4,779,765,30.0,29.4,8494,-8494,2019.1754385964912,1691.336842105263,Zilean,Viego,Sylas,Ashe,Seraphine,Aatrox,Dr. Mundo,Kayle,Jinx,Lulu,Doran's Ring,Ionian Boots of Lucidity,Seraph's Embrace,Fiendish Codex,Kindlegem,Aether Wisp,Stealth Ward,Plated Steelcaps,Kraken Slayer,Titanic Hydra,Null-Magic Mantle,No_Item,No_Item,Oracle Lens,Doran's Ring,Hextech Rocketbelt,Shattered Armguard,Oblivion Orb,Sorcerer's Shoes,Riftmaker,Oracle Lens,Berserker's Greaves,No_Item,No_Item,Kraken Slayer,Runaan's Hurricane,Mortal Reminder,Farsight Alteration,Control Ward,Dream Maker,Redemption,Ionian Boots of Lucidity,Moonstone Renewer,No_Item,Oracle Lens,Eclipse,Sundered Sky,Null-Magic Mantle,Boots,Ruby Crystal,Long Sword,Stealth Ward,Boots of Swiftness,Heartsteel,Unending Despair,Spectre's Cowl,Kindlegem,Bramble Vest,Oracle Lens,Hextech Alternator,Rabadon's Deathcap,Nashor's Tooth,Dark Seal,Doran's Blade,Boots of Swiftness,Farsight Alteration,Infinity Edge,The Collector,Berserker's Greaves,No_Item,No_Item,No_Item,Farsight Alteration,Refillable Potion,Kindlegem,Dream Maker,Boots of Swiftness,Moonstone Renewer,Forbidden Idol,Oracle Lens,Summon Aery,Inspiration,Conqueror,Inspiration,Conqueror,Sorcery,Lethal Tempo,Inspiration,Arcane Comet,Resolve,Conqueror,Resolve,Fleet Footwork,Inspiration,Press the Attack,Sorcery,Lethal Tempo,Sorcery,Summon Aery,Resolve,Teleport,Flash,Smite,Flash,Teleport,Flash,Barrier,Flash,Flash,Heal,Flash,Teleport,Flash,Smite,Flash,Teleport,Flash,Barrier,Heal,Flash,1,0,1,0,6,0
https://www.op.gg/summoners/euw/Six10-euw2/matches/uRd1PvnOddoJpvHohmZXLVmwIovsVsOqr9lmagOuIUM%3D/1733333806000,0,13,34,35,13,54,18,73,48,8,20,1,2,0,1,4,5,1,3,41738,50094,11.6,14.0,664,713,29.6,31.8,-8356,8356,1855.0222222222221,2226.4,Jax,Garen,Orianna,Ezreal,Poppy,Camille,Dr. Mundo,Akali,Ashe,Soraka,Executioner's Calling,Trinity Force,Plated Steelcaps,Sundered Sky,Long Sword,Ruby Crystal,Stealth Ward,Stridebreaker,Zeal,Pickaxe,Berserker's Greaves,Dagger,Dagger,Stealth Ward,Seraph's Embrace,Blasting Wand,Doran's Ring,Dark Seal,Ionian Boots of Lucidity,Liandry's Torment,Stealth Ward,Trinity Force,Caulfield's Warhammer,Long Sword,Tear of the Goddess,Executioner's Calling,Ionian Boots of Lucidity,Farsight Alteration,Bloodsong,Control Ward,Locket of the Iron Solari,Dead Man's Plate,Synchronized Souls,No_Item,Oracle Lens,Ravenous Hydra,Refillable Potion,Trinity Force,Plated Steelcaps,Doran's Blade,No_Item,Stealth Ward,Control Ward,Heartsteel,Boots of Swiftness,Spirit Visage,Unending Despair,No_Item,Oracle Lens,Doran's Shield,Stormsurge,Sorcerer's Shoes,Dark Seal,No_Item,Shadowflame,Oracle Lens,Doran's Blade,Berserker's Greaves,Last Whisper,Phantom Dancer,Statikk Shiv,Kraken Slayer,Farsight Alteration,Celestial Opposition,Redemption,Moonstone Renewer,Dark Seal,Forbidden Idol,Ionian Boots of Lucidity,Oracle Lens,Grasp of the Undying,Sorcery,Phase Rush,Precision,Summon Aery,Precision,Conqueror,Sorcery,Hail of Blades,Inspiration,Grasp of the Undying,Inspiration,Fleet Footwork,Inspiration,Electrocute,Resolve,Lethal Tempo,Inspiration,Summon Aery,Resolve,Teleport,Flash,Smite,Flash,Teleport,Flash,Flash,Teleport,Flash,Ignite,Teleport,Flash,Flash,Smite,Teleport,Flash,Flash,Barrier,Heal,Flash,1,2,0,0,4,0
https://www.op.gg/summoners/euw/Six10-euw2/matches/uRd1PvnOddro4LsqZ4rzB2Q_si5PpRwZ9BERAm0BSSM%3D/1733331456000,0,27,42,42,27,72,62,110,111,40,56,1,3,0,2,3,9,1,5,59388,71156,15.0,16.6,906,986,28.0,30.599999999999998,-11768,11768,1841.2873362445412,2206.1467248908293,Irelia,Viego,Orianna,Aurelion Sol,Rell,Aurora,Rengar,Wukong,Corki,Bard,Giant's Belt,Kraken Slayer,Blade of The Ruined King,Plated Steelcaps,Wit's End,Tunneler,Stealth Ward,Titanic Hydra,Trinity Force,Sundered Sky,Hexdrinker,Plated Steelcaps,Control Ward,Oracle Lens,Shadowflame,Seraph's Embrace,Dark Seal,Void Staff,Control Ward,Ionian Boots of Lucidity,Farsight Alteration,Liandry's Torment,No_Item,Zhonya's Hourglass,Sorcerer's Shoes,Rylai's Crystal Scepter,Needlessly Large Rod,Farsight Alteration,Bloodsong,Locket of the Iron Solari,Kindlegem,Ionian Boots of Lucidity,Zeke's Convergence,No_Item,Oracle Lens,Needlessly Large Rod,Void Staff,Dark Seal,Luden's Companion,Shadowflame,Sorcerer's Shoes,Oracle Lens,Ionian Boots of Lucidity,Profane Hydra,Youmuu's Ghostblade,Lord Dominik's Regards,Serpent's Fang,B. F. Sword,Oracle Lens,Profane Hydra,Trinity Force,Plated Steelcaps,Doran's Blade,Sundered Sky,Long Sword,Oracle Lens,Doran's Blade,Infinity Edge,Rapid Firecannon,Trinity Force,Mercury's Treads,Muramana,Farsight Alteration,Bloodsong,No_Item,Kindlegem,Heartsteel,"Jak'Sho, The Protean",Boots of Swiftness,Oracle Lens,Conqueror,Resolve,Conqueror,Inspiration,Phase Rush,Inspiration,Arcane Comet,Precision,Aftershock,Inspiration,Electrocute,Precision,Conqueror,Domination,Conqueror,Inspiration,Conqueror,Inspiration,Guardian,Domination,Flash,Teleport,Flash,Smite,Teleport,Flash,Flash,Teleport,Flash,Ignite,Teleport,Flash,Flash,Smite,Teleport,Flash,Flash,Barrier,Flash,Ignite,1,3,0,0,3,1
https://www.op.gg/summoners/euw/Six10-euw2/matches/uRd1PvnOddpcLpl4o7neNTARxsx5wH5k_K_tdOWy8Kc%3D/1733328561000,1,33,15,15,33,22,46,69,44,7,21,0,2,1,0,9,3,1,2,54876,40751,13.6,11.6,748,655,33.3,29.0,14125,-14125,2449.2677966101696,1818.829943502825,Riven,Lee Sin,Azir,Draven,Rakan,Renekton,Brand,Hwei,Olaf,Bel'Veth,Doran's Blade,Long Sword,Eclipse,Mercury's Treads,Sundered Sky,Long Sword,Oracle Lens,Sundered Sky,Eclipse,Control Ward,Phage,Pickaxe,Slightly Magical Footwear,Stealth Ward,Doran's Ring,Nashor's Tooth,Shadowflame,Oblivion Orb,Needlessly Large Rod,Sorcerer's Shoes,Farsight Alteration,Doran's Blade,Bloodthirster,Mortal Reminder,Berserker's Greaves,Infinity Edge,Cloak of Agility,Farsight Alteration,Solstice Sleigh,Knight's Vow,No_Item,Plated Steelcaps,Dark Seal,Kindlegem,Oracle Lens,Plated Steelcaps,Stridebreaker,Tunneler,Pickaxe,Control Ward,No_Item,Stealth Ward,Rylai's Crystal Scepter,Liandry's Torment,Sorcerer's Shoes,Oblivion Orb,Amplifying Tome,No_Item,Oracle Lens,Blackfire Torch,Refillable Potion,Doran's Ring,Sorcerer's Shoes,Fated Ashes,Haunting Guise,Farsight Alteration,Doran's Blade,Death's Dance,Plated Steelcaps,Tunneler,Phage,Ravenous Hydra,Oracle Lens,Bloodsong,Tiamat,Black Cleaver,Plated Steelcaps,Dagger,Ruby Crystal,Oracle Lens,Conqueror,Resolve,Conqueror,Inspiration,Summon Aery,Precision,Lethal Tempo,Domination,Guardian,Domination,Conqueror,Resolve,Arcane Comet,Inspiration,Arcane Comet,Precision,Conqueror,Inspiration,Conqueror,Domination,Flash,Ignite,Smite,Flash,Teleport,Flash,Flash,Barrier,Exhaust,Ignite,Flash,Teleport,Flash,Smite,Teleport,Flash,Flash,Ghost,Flash,Ignite,1,3,2,0,3,0
https://www.op.gg/summoners/euw/Six10-euw2/matches/uRd1PvnOddqkAzlqU7TIJuKt0f2hLncGJ-DLUnMmQSM%3D/1733324136000,1,14,2,2,14,3,24,34,33,16,7,1,1,0,0,1,1,1,1,29558,23778,9.8,8.6,507,465,33.300000000000004,30.5,5780,-5780,1943.9045045045045,1563.7783783783784,Zac,Wukong,Corki,Soraka,Nautilus,Fiora,Teemo,Yone,Jhin,Karma,Dark Seal,Doran's Shield,Boots,Unending Despair,Bramble Vest,No_Item,Stealth Ward,No_Item,Tunneler,No_Item,Trinity Force,Slightly Magical Footwear,Gustwalker Hatchling,Oracle Lens,Doran's Blade,Trinity Force,Tear of the Goddess,Plated Steelcaps,Long Sword,No_Item,Farsight Alteration,Refillable Potion,Moonstone Renewer,Boots of Swiftness,Ruby Crystal,Doran's Ring,Forbidden Idol,Farsight Alteration,Bloodsong,Locket of the Iron Solari,Boots of Swiftness,No_Item,No_Item,No_Item,Oracle Lens,Ravenous Hydra,Control Ward,Refillable Potion,Slightly Magical Footwear,Executioner's Calling,Doran's Shield,Stealth Ward,Scorchclaw Pup,Liandry's Torment,No_Item,Boots,No_Item,Dark Seal,Oracle Lens,Refillable Potion,Berserker's Greaves,Recurve Bow,Doran's Blade,Vampiric Scepter,Pickaxe,Stealth Ward,Doran's Blade,Serrated Dirk,Boots of Swiftness,Pickaxe,Cloak of Agility,No_Item,Farsight Alteration,Dream Maker,Control Ward,Ionian Boots of Lucidity,Oblivion Orb,Glowing Mote,Glowing Mote,Oracle Lens,Grasp of the Undying,Precision,Conqueror,Inspiration,Conqueror,Inspiration,Summon Aery,Resolve,Aftershock,Inspiration,Grasp of the Undying,Inspiration,Dark Harvest,Precision,Lethal Tempo,Resolve,Dark Harvest,Precision,Arcane Comet,Resolve,Teleport,Flash,Flash,Smite,Teleport,Flash,Heal,Flash,Flash,Ignite,Teleport,Flash,Flash,Smite,Teleport,Flash,Flash,Barrier,Flash,Ignite,0,3,0,0,3,0
https://www.op.gg/summoners/euw/Six10-euw2/matches/uRd1PvnOddpL1_YxLV1QNpuy4jbHZTDdkhGKDzs7oEo%3D/1733322233000,1,29,21,21,29,36,37,61,71,19,15,1,1,1,0,11,3,2,1,57340,47838,13.8,13.0,800,702,31.799999999999997,28.0,9502,-9502,2282.729857819905,1904.4511848341233,Corki,Poppy,Hwei,Ashe,Lulu,Aatrox,Lee Sin,Orianna,Caitlyn,Lux,Infinity Edge,Muramana,Trinity Force,Boots of Swiftness,Lord Dominik's Regards,No_Item,Stealth Ward,Sundered Sky,Plated Steelcaps,No_Item,Negatron Cloak,Kindlegem,Dead Man's Plate,Oracle Lens,Shadowflame,Blackfire Torch,Sorcerer's Shoes,Liandry's Torment,Control Ward,Needlessly Large Rod,Farsight Alteration,No_Item,Runaan's Hurricane,Pickaxe,Berserker's Greaves,Kraken Slayer,Vampiric Scepter,Farsight Alteration,Refillable Potion,Ruby Crystal,Dream Maker,Ionian Boots of Lucidity,Ardent Censer,Moonstone Renewer,Oracle Lens,Plated Steelcaps,Eclipse,Sundered Sky,No_Item,No_Item,No_Item,Stealth Ward,Tunneler,Eclipse,Control Ward,Sundered Sky,Pickaxe,Mercury's Treads,Stealth Ward,Doran's Ring,Blasting Wand,Seraph's Embrace,Ionian Boots of Lucidity,Liandry's Torment,Blighting Jewel,Farsight Alteration,Doran's Blade,The Collector,Lord Dominik's Regards,Boots,Cloak of Agility,Pickaxe,Stealth Ward,Zaz'Zak's Realmspike,Horizon Focus,Luden's Companion,Dark Seal,Sorcerer's Shoes,Hextech Alternator,Oracle Lens,Conqueror,Inspiration,Electrocute,Inspiration,Arcane Comet,Inspiration,Lethal Tempo,Inspiration,Summon Aery,Resolve,Conqueror,Resolve,Conqueror,Inspiration,Arcane Comet,Inspiration,Hail of Blades,Sorcery,Arcane Comet,Inspiration,Teleport,Flash,Flash,Smite,Teleport,Flash,Flash,Barrier,Heal,Flash,Flash,Teleport,Flash,Smite,Teleport,Flash,Ghost,Flash,Flash,Heal,1,5,3,0,1,0
https://www.op.gg/summoners/euw/Six10-euw2/matches/uRd1PvnOddqko0rOAYrHRBUHxblHWFQQ0A-sx0Fe8xY%3D/1733314450000,0,24,26,26,24,25,39,105,85,41,38,3,2,0,1,3,8,3,3,60501,64611,14.8,15.2,1035,967,32.3,30.2,-4110,4110,1881.1235294117648,2008.9134453781512,Cassiopeia,Elise,Smolder,Kalista,Lux,Ambessa,Wukong,Syndra,Corki,Nautilus,Seraph's Embrace,Void Staff,Blackfire Torch,Haunting Guise,Dark Seal,Fated Ashes,Oracle Lens,Void Staff,Control Ward,Dark Seal,Sorcerer's Shoes,Liandry's Torment,Stormsurge,Oracle Lens,Rapid Firecannon,Ionian Boots of Lucidity,Spear of Shojin,Essence Reaver,Control Ward,Vampiric Scepter,Farsight Alteration,Doran's Blade,Berserker's Greaves,Blade of The Ruined King,Guinsoo's Rageblade,Terminus,Runaan's Hurricane,Farsight Alteration,Shurelya's Battlesong,Locket of the Iron Solari,Boots of Swiftness,Solstice Sleigh,Kindlegem,Forbidden Idol,Oracle Lens,Eclipse,Spear of Shojin,Maw of Malmortius,Mercury's Treads,Steel Sigil,Long Sword,Farsight Alteration,Sundered Sky,Trinity Force,Long Sword,Kaenic Rookern,Mercury's Treads,Sterak's Gage,Oracle Lens,Sorcerer's Shoes,Stormsurge,Rabadon's Deathcap,Shadowflame,Verdant Barrier,Needlessly Large Rod,Farsight Alteration,Doran's Blade,Trinity Force,Plated Steelcaps,Muramana,Pickaxe,Rapid Firecannon,Farsight Alteration,Knight's Vow,Locket of the Iron Solari,Solstice Sleigh,Plated Steelcaps,Giant's Belt,Control Ward,Oracle Lens,Conqueror,Sorcery,Dark Harvest,Precision,Arcane Comet,Inspiration,Lethal Tempo,Resolve,Aftershock,Domination,Conqueror,Resolve,Conqueror,Inspiration,First Strike,Sorcery,Conqueror,Inspiration,Aftershock,Inspiration,Flash,Teleport,Flash,Smite,Teleport,Flash,Flash,Cleanse,Flash,Heal,Flash,Teleport,Flash,Smite,Flash,Teleport,Flash,Barrier,Ignite,Flash,1,5,0,0,1,2
https://www.op.gg/summoners/euw/Six10-euw2/matches/uRd1PvnOddruoi275ArvWJI_KaGV3m3NaIbJeRNKxEk%3D/1733242481000,1,8,3,3,8,2,10,17,12,2,2,1,0,0,0,0,0,1,0,17601,13724,6.6,6.2,297,229,32.0,24.8,3877,-3877,1909.2610169491525,1488.7050847457626,K'Sante,Viego,Fizz,Varus,Neeko,Yone,Lee Sin,Gragas,Jinx,Rell,Doran's Shield,Health Potion,Cloth Armor,Ruby Crystal,Mercury's Treads,Tear of the Goddess,Stealth Ward,Gustwalker Hatchling,Recurve Bow,Control Ward,Hearthbound Axe,Rectrix,Slightly Magical Footwear,Oracle Lens,Doran's Ring,Needlessly Large Rod,Control Ward,Dark Seal,Aether Wisp,Ionian Boots of Lucidity,Oracle Lens,Refillable Potion,Boots,Serrated Dirk,Long Sword,Tear of the Goddess,Doran's Blade,Stealth Ward,Runic Compass,Refillable Potion,Amplifying Tome,Ruby Crystal,Boots of Swiftness,No_Item,Oracle Lens,Refillable Potion,Berserker's Greaves,Dagger,Doran's Blade,No_Item,No_Item,Stealth Ward,Gustwalker Hatchling,Caulfield's Warhammer,Long Sword,Control Ward,No_Item,No_Item,Stealth Ward,Lost Chapter,No_Item,No_Item,Refillable Potion,No_Item,Boots of Swiftness,Stealth Ward,Doran's Blade,Cull,Serrated Dirk,Dagger,Refillable Potion,Pickaxe,Stealth Ward,Runic Compass,Kindlegem,Control Ward,Boots,Cloth Armor,No_Item,Oracle Lens,Grasp of the Undying,Domination,Conqueror,Inspiration,Electrocute,Sorcery,Arcane Comet,Precision,Arcane Comet,Domination,Lethal Tempo,Resolve,Conqueror,Inspiration,Phase Rush,Precision,Lethal Tempo,Inspiration,Aftershock,Inspiration,Teleport,Flash,Flash,Smite,Ignite,Flash,Barrier,Flash,Ignite,Flash,Teleport,Flash,Smite,Flash,Teleport,Flash,Flash,Cleanse,Flash,Ignite,0,3,0,0,0,0
https://www.op.gg/summoners/euw/Six10-euw2/matches/uRd1PvnOddrxRtvzy8x3H1AU3wa6vHopgPtK_ydCHm8%3D/1733236757000,0,21,28,28,21,29,25,39,37,4,12,0,3,0,0,1,4,0,3,39215,42596,11.0,12.2,570,613,29.0,31.1,-3381,3381,1999.965,2172.3959999999997,Maokai,Udyr,Corki,Ezreal,LeBlanc,Volibear,Master Yi,Galio,Tristana,Leona,Bramble Vest,Spirit Visage,Boots,Ruby Crystal,Tear of the Goddess,No_Item,Stealth Ward,Liandry's Torment,Thornmail,No_Item,No_Item,Mercury's Treads,Cloth Armor,Eye of the Herald,Doran's Blade,Trinity Force,Muramana,Mercury's Treads,Cloak of Agility,Dagger,Farsight Alteration,Doran's Blade,Trinity Force,Caulfield's Warhammer,Ionian Boots of Lucidity,Tear of the Goddess,No_Item,Stealth Ward,Stormsurge,Control Ward,Zaz'Zak's Realmspike,Sorcerer's Shoes,Blighting Jewel,Mejai's Soulstealer,Oracle Lens,Boots of Swiftness,Cosmic Drive,Hextech Rocketbelt,Dark Seal,Spectre's Cowl,Kindlegem,Oracle Lens,Recurve Bow,Blade of The Ruined King,Pickaxe,Plated Steelcaps,No_Item,No_Item,Oracle Lens,Doran's Shield,Hollow Radiance,Plated Steelcaps,Amplifying Tome,Ruby Crystal,Amplifying Tome,Oracle Lens,Doran's Blade,Cloak of Agility,The Collector,B. F. Sword,Navori Flickerblade,Berserker's Greaves,Farsight Alteration,Locket of the Iron Solari,Chain Vest,Control Ward,Bloodsong,Kindlegem,Mercury's Treads,Oracle Lens,Grasp of the Undying,Inspiration,Conqueror,Inspiration,Conqueror,Inspiration,Press the Attack,Sorcery,Electrocute,Sorcery,Press the Attack,Resolve,Lethal Tempo,Domination,Phase Rush,Resolve,Press the Attack,Inspiration,Aftershock,Domination,Flash,Teleport,Flash,Smite,Teleport,Flash,Cleanse,Flash,Flash,Ignite,Flash,Teleport,Flash,Smite,Flash,Teleport,Barrier,Flash,Ignite,Flash,1,6,0,0,0,0
https://www.op.gg/summoners/euw/Six10-euw2/matches/uRd1PvnOddr494YF7rWImsiYeQZkHVbjPcQYP6hVLDA%3D/1733235108000,1,31,17,17,31,15,45,67,50,16,18,3,0,1,0,9,1,4,0,55964,44816,14.8,13.0,886,804,35.6,32.3,11148,-11148,2248.1264957264957,1800.3008547008549,Smolder,Gwen,Zed,Ashe,Nautilus,Garen,Wukong,Aurora,Miss Fortune,Cassiopeia,Doran's Blade,Essence Reaver,Boots of Swiftness,Spear of Shojin,Cloak of Agility,Dagger,Farsight Alteration,Rabadon's Deathcap,Nashor's Tooth,Plated Steelcaps,Shadowflame,Mejai's Soulstealer,Amplifying Tome,Oracle Lens,Long Sword,Opportunity,Ionian Boots of Lucidity,Axiom Arc,Edge of Night,Long Sword,Oracle Lens,Doran's Blade,Phantom Dancer,Kraken Slayer,Berserker's Greaves,B. F. Sword,Pickaxe,Farsight Alteration,Bloodsong,Locket of the Iron Solari,No_Item,Knight's Vow,Kindlegem,Plated Steelcaps,Oracle Lens,Boots of Swiftness,Dead Man's Plate,Stridebreaker,Doran's Shield,Negatron Cloak,Ruby Crystal,Stealth Ward,Trinity Force,Sundered Sky,Control Ward,No_Item,Mercury's Treads,Null-Magic Mantle,Oracle Lens,Doran's Ring,Luden's Companion,Sorcerer's Shoes,Shattered Armguard,Shadowflame,No_Item,Oracle Lens,Edge of Night,Youmuu's Ghostblade,Tear of the Goddess,The Collector,Boots,Long Sword,Farsight Alteration,Seraph's Embrace,Zaz'Zak's Realmspike,Blasting Wand,Amplifying Tome,Control Ward,Ruby Crystal,Oracle Lens,Grasp of the Undying,Inspiration,Conqueror,Inspiration,Electrocute,Precision,Lethal Tempo,Inspiration,Aftershock,Inspiration,Phase Rush,Resolve,Conqueror,Inspiration,Electrocute,Sorcery,Arcane Comet,Domination,Conqueror,Sorcery,Teleport,Flash,Ghost,Smite,Teleport,Flash,Flash,Barrier,Flash,Ignite,Ignite,Flash,Flash,Smite,Flash,Ignite,Flash,Barrier,Flash,Ignite,1,0,1,0,6,0
https://www.op.gg/summoners/euw/Six10-euw2/matches/uRd1PvnOddpBMo276orDbu6SP57AM5sNycREQKj71lw%3D/1733228493000,1,25,17,17,25,20,59,74,71,23,24,3,1,1,0,4,6,4,1,54670,52530,14.4,13.4,844,913,30.1,32.6,2140,-2140,1954.3864734299518,1877.8840579710145,Ambessa,Nocturne,Orianna,Sivir,Lux,Fiora,Rengar,Azir,Ezreal,Leona,Spear of Shojin,Steel Sigil,Eclipse,Plated Steelcaps,Pickaxe,Long Sword,Stealth Ward,Stridebreaker,Experimental Hexplate,No_Item,Tunneler,Pickaxe,Plated Steelcaps,Oracle Lens,Needlessly Large Rod,Luden's Companion,Shadowflame,Sorcerer's Shoes,Dark Seal,Blighting Jewel,Oracle Lens,Mortal Reminder,No_Item,Yun Tal Wildarrows,Berserker's Greaves,Infinity Edge,No_Item,Farsight Alteration,Plated Steelcaps,Redemption,Celestial Opposition,Knight's Vow,Control Ward,Locket of the Iron Solari,Oracle Lens,Trinity Force,Ravenous Hydra,Plated Steelcaps,Death's Dance,No_Item,No_Item,Oracle Lens,Profane Hydra,Boots,Ruby Crystal,Lord Dominik's Regards,Voltaic Cyclosword,No_Item,Oracle Lens,Doran's Ring,Nashor's Tooth,Zhonya's Hourglass,Sorcerer's Shoes,Blasting Wand,Blighting Jewel,Farsight Alteration,Doran's Blade,Muramana,Spear of Shojin,Ionian Boots of Lucidity,Trinity Force,No_Item,Farsight Alteration,Celestial Opposition,Kindlegem,Locket of the Iron Solari,Plated Steelcaps,Negatron Cloak,Control Ward,Oracle Lens,Conqueror,Resolve,Conqueror,Domination,Arcane Comet,Precision,Lethal Tempo,Sorcery,Aftershock,Domination,Grasp of the Undying,Inspiration,Conqueror,Domination,Summon Aery,Precision,Press the Attack,Inspiration,Aftershock,Inspiration,Teleport,Ignite,Flash,Smite,Flash,Teleport,Flash,Exhaust,Flash,Heal,Flash,Teleport,Flash,Smite,Teleport,Flash,Flash,Teleport,Flash,Ignite,1,4,0,0,2,0
https://www.op.gg/summoners/euw/Six10-euw2/matches/uRd1PvnOddoPUFxoKp4qJpOZZIBSxSiLBHr5tWxjf8Q%3D/1733226123000,1,13,5,5,13,5,21,31,36,9,8,1,0,0,0,1,0,1,0,30163,25151,9.8,9.2,531,495,34.9,32.5,5012,-5012,1980.8537313432837,1651.7074626865672,Camille,Rengar,Orianna,Ashe,Nautilus,Sylas,Viego,Kennen,Jhin,Braum,Doran's Shield,Trinity Force,Tiamat,Boots,No_Item,No_Item,Oracle Lens,Profane Hydra,Boots,Long Sword,Voltaic Cyclosword,Long Sword,No_Item,Oracle Lens,Sorcerer's Shoes,Amplifying Tome,Amplifying Tome,Luden's Companion,No_Item,Doran's Ring,Farsight Alteration,Kraken Slayer,No_Item,Berserker's Greaves,No_Item,No_Item,Doran's Blade,Stealth Ward,Celestial Opposition,Mercury's Treads,Refillable Potion,Kindlegem,Null-Magic Mantle,Cloth Armor,Oracle Lens,Doran's Ring,Hextech Rocketbelt,Hextech Alternator,Refillable Potion,Dark Seal,Boots,Stealth Ward,Mosstomper Seedling,Trinity Force,Ruby Crystal,Cloth Armor,Slightly Magical Footwear,Ruby Crystal,Oracle Lens,Hextech Rocketbelt,Needlessly Large Rod,No_Item,Doran's Blade,Hextech Alternator,Slightly Magical Footwear,Stealth Ward,Doran's Blade,Refillable Potion,Boots of Swiftness,Serrated Dirk,Caulfield's Warhammer,No_Item,Stealth Ward,Solstice Sleigh,No_Item,Cloth Armor,Boots of Swiftness,Null-Magic Mantle,Kindlegem,Oracle Lens,Conqueror,Resolve,Conqueror,Domination,Summon Aery,Precision,Lethal Tempo,Inspiration,Aftershock,Inspiration,Conqueror,Resolve,Conqueror,Inspiration,Electrocute,Inspiration,Dark Harvest,Sorcery,Guardian,Precision,Teleport,Flash,Flash,Smite,Flash,Teleport,Flash,Barrier,Flash,Ignite,Teleport,Flash,Flash,Smite,Teleport,Flash,Flash,Barrier,Ignite,Flash,0,4,0,0,2,0
https://www.op.gg/summoners/euw/Six10-euw2/matches/uRd1PvnOddrGqySpDybE_fWzorq5Ic3TKue5Eb7LXGA%3D/1733153233000,0,27,32,32,27,58,54,80,66,23,34,3,1,0,1,4,9,3,2,61790,69571,14.8,16.0,992,1089,30.7,33.6,-7781,7781,1897.488188976378,2136.4322834645673,Gragas,Viego,Sylas,Corki,Maokai,Yone,Skarner,Aurora,Ezreal,Shen,Void Staff,Hextech Rocketbelt,Boots of Swiftness,Control Ward,Lost Chapter,Cosmic Drive,Oracle Lens,Titanic Hydra,Kraken Slayer,Ruby Crystal,Wit's End,Sterak's Gage,Plated Steelcaps,Oracle Lens,Zhonya's Hourglass,Hextech Rocketbelt,No_Item,Riftmaker,Sorcerer's Shoes,Dark Seal,Oracle Lens,Lord Dominik's Regards,Muramana,Plated Steelcaps,Cloak of Agility,Pickaxe,Trinity Force,Farsight Alteration,Solstice Sleigh,Locket of the Iron Solari,Dead Man's Plate,Spectre's Cowl,Boots of Swiftness,Negatron Cloak,Oracle Lens,Berserker's Greaves,Blade of The Ruined King,Stridebreaker,Immortal Shieldbow,Doran's Blade,B. F. Sword,Oracle Lens,Sterak's Gage,Heartsteel,Plated Steelcaps,Spirit Visage,Bramble Vest,Warden's Mail,Oracle Lens,Cosmic Drive,Malignance,Rabadon's Deathcap,Mejai's Soulstealer,Sorcerer's Shoes,Liandry's Torment,Oracle Lens,Muramana,Trinity Force,Serylda's Grudge,Tunneler,Ionian Boots of Lucidity,Doran's Blade,Farsight Alteration,Celestial Opposition,Control Ward,Mercury's Treads,Dead Man's Plate,Kindlegem,Null-Magic Mantle,Oracle Lens,Phase Rush,Precision,Conqueror,Inspiration,Conqueror,Resolve,Conqueror,Inspiration,Aftershock,Inspiration,Lethal Tempo,Resolve,Grasp of the Undying,Inspiration,Electrocute,Sorcery,Press the Attack,Inspiration,Aftershock,Inspiration,Teleport,Flash,Flash,Smite,Teleport,Flash,Flash,Barrier,Flash,Ignite,Teleport,Flash,Flash,Smite,Flash,Teleport,Flash,Barrier,Flash,Ignite,1,4,0,0,2,1
https://www.op.gg/summoners/euw/Six10-euw2/matches/uRd1PvnOddo51ojQA7__q0zkJKrnySoqOLX8tN137bY%3D/1733150619000,1,27,20,20,27,30,53,64,93,33,19,2,2,1,1,7,4,3,3,63876,58345,15.4,15.4,957,997,30.5,31.8,5531,-5531,2034.987610619469,1858.7787610619469,Aurora,Master Yi,Galio,Lucian,Nami,Ambessa,Kayn,Orianna,Corki,Leona,Liandry's Torment,Cosmic Drive,Rabadon's Deathcap,No_Item,No_Item,Plated Steelcaps,Farsight Alteration,Guinsoo's Rageblade,Blade of The Ruined King,Experimental Hexplate,Berserker's Greaves,Hullbreaker,No_Item,Farsight Alteration,Riftmaker,Hollow Radiance,Seeker's Armguard,Plated Steelcaps,No_Item,No_Item,Oracle Lens,Essence Reaver,Rapid Firecannon,Mortal Reminder,Infinity Edge,Slightly Magical Footwear,No_Item,Farsight Alteration,Aether Wisp,Mikael's Blessing,Dream Maker,Imperial Mandate,Ionian Boots of Lucidity,Bandleglass Mirror,Oracle Lens,Boots,Caulfield's Warhammer,Steel Sigil,Maw of Malmortius,Eclipse,Black Cleaver,Stealth Ward,Black Cleaver,Eclipse,Plated Steelcaps,Caulfield's Warhammer,Long Sword,Cloth Armor,Stealth Ward,Shadowflame,Zhonya's Hourglass,Needlessly Large Rod,Sorcerer's Shoes,Seraph's Embrace,Dark Seal,Farsight Alteration,Lord Dominik's Regards,Trinity Force,Muramana,B. F. Sword,Plated Steelcaps,No_Item,Farsight Alteration,Control Ward,Bloodsong,Locket of the Iron Solari,Plated Steelcaps,Frozen Heart,Cloth Armor,Oracle Lens,Grasp of the Undying,Sorcery,Lethal Tempo,Domination,Phase Rush,Resolve,Press the Attack,Inspiration,Summon Aery,Domination,Conqueror,Resolve,Conqueror,Inspiration,Summon Aery,Inspiration,Conqueror,Inspiration,Aftershock,Inspiration,Teleport,Flash,Flash,Smite,Teleport,Flash,Flash,Barrier,Heal,Flash,Flash,Teleport,Flash,Smite,Flash,Teleport,Flash,Barrier,Flash,Ignite,1,4,3,0,2,0
https://www.op.gg/summoners/euw/Six10-euw2/matches/uRd1PvnOddq7YjClEXLTjp553i5YKepqjv84w7973R4%3D/1733146007000,0,12,17,17,12,26,17,41,50,12,14,1,1,0,0,2,4,1,1,37445,41467,11.4,12.0,712,702,34.6,34.2,-4022,4022,1827.672619047619,2023.9845238095238,Aurora,Dr. Mundo,Corki,Kog'Maw,Rell,Volibear,Viego,Orianna,Smolder,Lulu,Doran's Ring,Fiendish Codex,Boots of Swiftness,Liandry's Torment,Aether Wisp,Dark Seal,Oracle Lens,Boots of Swiftness,Heartsteel,Spirit Visage,Bramble Vest,No_Item,No_Item,Stealth Ward,Muramana,Trinity Force,Cloak of Agility,Dagger,No_Item,Plated Steelcaps,Farsight Alteration,Refillable Potion,Doran's Ring,No_Item,Sorcerer's Shoes,Luden's Companion,Seraph's Embrace,Farsight Alteration,Locket of the Iron Solari,Bloodsong,Control Ward,Ionian Boots of Lucidity,Ruby Crystal,No_Item,Oracle Lens,Boots of Swiftness,Cosmic Drive,Hextech Rocketbelt,Dark Seal,Ruby Crystal,Glowing Mote,Farsight Alteration,Titanic Hydra,Kraken Slayer,Long Sword,Slightly Magical Footwear,No_Item,Ruby Crystal,Stealth Ward,Haunting Guise,Fated Ashes,Sorcerer's Shoes,Doran's Ring,Dark Seal,Luden's Companion,Farsight Alteration,No_Item,Hubris,Boots of Swiftness,Mortal Reminder,Refillable Potion,Doran's Blade,Farsight Alteration,Refillable Potion,Ruby Crystal,Dream Maker,Moonstone Renewer,Forbidden Idol,Boots of Swiftness,Oracle Lens,Electrocute,Precision,Fleet Footwork,Inspiration,Conqueror,Inspiration,Arcane Comet,Precision,Aftershock,Inspiration,Press the Attack,Resolve,Conqueror,Inspiration,Summon Aery,Precision,Arcane Comet,Inspiration,Summon Aery,Resolve,Teleport,Flash,Flash,Smite,Teleport,Flash,Flash,Teleport,Flash,Ignite,Flash,Teleport,Flash,Smite,Flash,Teleport,Flash,Barrier,Heal,Flash,1,3,0,0,3,0
https://www.op.gg/summoners/euw/Six10-euw2/matches/uRd1PvnOddrj7hGIzsjldfbCW5i1VQniq8j8aVUeC6o%3D/1733069080000,0,21,33,33,21,70,32,79,65,24,20,0,4,0,1,3,8,0,5,56105,64510,14.6,15.8,884,923,29.3,30.599999999999998,-8405,8405,1862.5951417004046,2141.6275303643724,Aurora,Wukong,Yone,Ezreal,Lulu,Lee Sin,Nocturne,Orianna,Jhin,Nautilus,Cosmic Drive,Shattered Armguard,Dark Seal,Boots of Swiftness,Liandry's Torment,No_Item,Oracle Lens,Sundered Sky,Sterak's Gage,Ruby Crystal,Boots of Swiftness,Trinity Force,Pickaxe,Stealth Ward,Blade of The Ruined King,Infinity Edge,Berserker's Greaves,Immortal Shieldbow,Chain Vest,Negatron Cloak,Oracle Lens,Muramana,Trinity Force,Long Sword,Ionian Boots of Lucidity,Long Sword,Spear of Shojin,Farsight Alteration,No_Item,Redemption,Dream Maker,Ionian Boots of Lucidity,Oblivion Orb,Moonstone Renewer,Oracle Lens,Boots of Swiftness,Eclipse,Ravenous Hydra,Sundered Sky,Phage,Pickaxe,Stealth Ward,Phage,Eclipse,Death's Dance,Plated Steelcaps,Ruby Crystal,Glowing Mote,Oracle Lens,Blasting Wand,Luden's Companion,Zhonya's Hourglass,Shadowflame,Dark Seal,Sorcerer's Shoes,Farsight Alteration,The Collector,Infinity Edge,Rapid Firecannon,Doran's Blade,Boots of Swiftness,Noonquiver,Farsight Alteration,Control Ward,Locket of the Iron Solari,Bloodsong,Boots of Swiftness,Knight's Vow,No_Item,Oracle Lens,Electrocute,Sorcery,Conqueror,Inspiration,Lethal Tempo,Resolve,Conqueror,Inspiration,Summon Aery,Resolve,Conqueror,Resolve,Conqueror,Domination,Summon Aery,Inspiration,Dark Harvest,Precision,Aftershock,Inspiration,Teleport,Flash,Flash,Smite,Flash,Teleport,Flash,Barrier,Heal,Flash,Flash,Teleport,Smite,Flash,Teleport,Flash,Barrier,Flash,Flash,Ignite,1,6,0,0,0,1
https://www.op.gg/summoners/euw/Six10-euw2/matches/uRd1PvnOddo8dBhyHQi5FTbyoCYwD5Kl1g-zBlLu-jE%3D/1733065491000,1,29,32,32,29,53,69,80,74,25,35,1,4,1,0,10,7,2,4,73443,68937,17.0,16.2,1083,1043,30.2,29.1,4506,-4506,2054.3496503496503,1928.3076923076924,Jayce,Skarner,Sylas,Jhin,Janna,Shen,Viego,Syndra,Ashe,Neeko,Opportunity,Muramana,Youmuu's Ghostblade,Mercury's Treads,Edge of Night,B. F. Sword,Farsight Alteration,Heartsteel,Plated Steelcaps,Kaenic Rookern,Sterak's Gage,Unending Despair,Ruby Crystal,Oracle Lens,Void Staff,Hextech Rocketbelt,Zhonya's Hourglass,Riftmaker,Mercury's Treads,Control Ward,Oracle Lens,Boots of Swiftness,The Collector,Rapid Firecannon,Infinity Edge,Mortal Reminder,B. F. Sword,Farsight Alteration,Redemption,Dream Maker,Mikael's Blessing,Moonstone Renewer,Boots of Swiftness,Ruby Crystal,Oracle Lens,Redemption,No_Item,No_Item,Dead Man's Plate,Hollow Radiance,Plated Steelcaps,Stealth Ward,Death's Dance,Mercury's Treads,Titanic Hydra,Kraken Slayer,Sterak's Gage,Control Ward,Oracle Lens,Void Staff,Liandry's Torment,Blackfire Torch,Cosmic Drive,Sorcerer's Shoes,Rabadon's Deathcap,Farsight Alteration,Yun Tal Wildarrows,B. F. Sword,Berserker's Greaves,Infinity Edge,Mortal Reminder,Vampiric Scepter,Farsight Alteration,Hextech Rocketbelt,Ionian Boots of Lucidity,Zaz'Zak's Realmspike,Zhonya's Hourglass,Blighting Jewel,Fiendish Codex,Oracle Lens,Grasp of the Undying,Precision,Grasp of the Undying,Inspiration,Conqueror,Resolve,Dark Harvest,Precision,Summon Aery,Domination,Grasp of the Undying,Domination,Conqueror,Inspiration,First Strike,Sorcery,Lethal Tempo,Inspiration,Arcane Comet,Inspiration,Teleport,Flash,Smite,Flash,Teleport,Flash,Cleanse,Flash,Heal,Flash,Flash,Ignite,Flash,Smite,Teleport,Flash,Flash,Barrier,Flash,Ignite,1,6,2,0,0,0
https://www.op.gg/summoners/euw/Six10-euw2/matches/uRd1PvnOddqizUoyiyUPfYb8rZj8vxF4ZeLlfQ23AOg%3D/1733057357000,0,23,38,38,23,70,30,63,92,28,20,1,2,0,2,5,10,1,4,57508,66248,15.0,16.0,892,918,31.3,32.1,-8740,8740,2026.4723809523812,2334.4533333333334,Yasuo,Dr. Mundo,Sylas,Corki,Zac,Gnar,Graves,Azir,Jhin,Bard,Berserker's Greaves,Stridebreaker,Kraken Slayer,Immortal Shieldbow,Cloak of Agility,Pickaxe,Farsight Alteration,Heartsteel,Plated Steelcaps,Unending Despair,Kindlegem,Spectre's Cowl,No_Item,Oracle Lens,Needlessly Large Rod,Needlessly Large Rod,Zhonya's Hourglass,Hextech Rocketbelt,Lich Bane,Sorcerer's Shoes,Oracle Lens,Doran's Blade,Infinity Edge,Trinity Force,Essence Reaver,Slightly Magical Footwear,Lord Dominik's Regards,Farsight Alteration,Celestial Opposition,Zeke's Convergence,Knight's Vow,Dark Seal,Ionian Boots of Lucidity,Kindlegem,Oracle Lens,Randuin's Omen,Plated Steelcaps,Doran's Blade,Trinity Force,Sterak's Gage,No_Item,Farsight Alteration,Immortal Shieldbow,Youmuu's Ghostblade,Cloak of Agility,Mercury's Treads,Mortal Reminder,The Collector,Oracle Lens,Shadowflame,No_Item,Zhonya's Hourglass,Dark Seal,Nashor's Tooth,Sorcerer's Shoes,Farsight Alteration,Doran's Blade,Youmuu's Ghostblade,The Collector,Boots of Swiftness,Rapid Firecannon,Last Whisper,Farsight Alteration,Boots of Swiftness,Dead Man's Plate,No_Item,Bloodsong,Ruby Crystal,Warmog's Armor,Oracle Lens,Lethal Tempo,Resolve,Fleet Footwork,Inspiration,Electrocute,Resolve,Conqueror,Inspiration,Aftershock,Precision,Grasp of the Undying,Precision,Dark Harvest,Precision,Conqueror,Sorcery,Dark Harvest,Precision,Guardian,Domination,Flash,Teleport,Flash,Smite,Flash,Teleport,Flash,Barrier,Flash,Ignite,Flash,Teleport,Flash,Smite,Teleport,Flash,Flash,Barrier,Flash,Ignite,0,2,0,1,4,3
https://www.op.gg/summoners/euw/Six10-euw2/matches/uRd1PvnOddpWZGtOUHV28emB3Vi0jZVC_ld-Ku8pvyo%3D/1732997339000,0,16,34,34,16,70,22,61,87,26,23,0,4,0,1,3,11,0,5,48109,60539,13.2,14.6,752,840,26.8,29.9,-12430,12430,1711.8539877300611,2154.1484662576686,Gragas,Skarner,Aurora,Jinx,Thresh,Riven,Vi,Smolder,Hwei,Rakan,Hextech Rocketbelt,Seeker's Armguard,Fimbulwinter,Cosmic Drive,Ionian Boots of Lucidity,No_Item,Oracle Lens,Sterak's Gage,Heartsteel,Mercury's Treads,Null-Magic Mantle,Ruby Crystal,No_Item,Oracle Lens,Doran's Ring,Cosmic Drive,Zhonya's Hourglass,Sorcerer's Shoes,Malignance,No_Item,Farsight Alteration,Doran's Blade,Infinity Edge,Berserker's Greaves,The Collector,Cloak of Agility,No_Item,Farsight Alteration,Celestial Opposition,Locket of the Iron Solari,Control Ward,Ionian Boots of Lucidity,Forbidden Idol,Kindlegem,Oracle Lens,Death's Dance,Black Cleaver,No_Item,Mercury's Treads,Sundered Sky,No_Item,Stealth Ward,Black Cleaver,Sundered Sky,No_Item,Mercury's Treads,Sterak's Gage,Null-Magic Mantle,Oracle Lens,Last Whisper,Ionian Boots of Lucidity,Essence Reaver,Rapid Firecannon,Spear of Shojin,Noonquiver,Farsight Alteration,Liandry's Torment,Blackfire Torch,Void Staff,Sorcerer's Shoes,Dark Seal,Control Ward,Farsight Alteration,Locket of the Iron Solari,Solstice Sleigh,Mercury's Treads,Zeke's Convergence,Ruby Crystal,No_Item,Oracle Lens,Grasp of the Undying,Sorcery,Grasp of the Undying,Inspiration,Electrocute,Sorcery,Lethal Tempo,Sorcery,Aftershock,Inspiration,Conqueror,Resolve,Conqueror,Inspiration,Grasp of the Undying,Inspiration,Arcane Comet,Precision,Guardian,Domination,Flash,Teleport,Smite,Flash,Teleport,Flash,Flash,Barrier,Ignite,Flash,Flash,Teleport,Flash,Smite,Teleport,Flash,Flash,Teleport,Heal,Flash,0,6,0,1,0,3
https://www.op.gg/summoners/euw/Six10-euw2/matches/uRd1PvnOddph5EUUcAwXzm1itgZfVJdDa0C0cc2IgtQ%3D/1732974670000,1,22,16,16,22,34,46,63,65,30,18,2,1,1,0,10,0,3,1,54592,41977,13.4,12.0,815,681,32.0,26.7,12615,-12615,2135.153777777778,1641.7671111111113,Smolder,Nidalee,Riven,Ashe,Leona,Ambessa,Lee Sin,Zoe,Varus,Rell,Doran's Blade,Essence Reaver,Ionian Boots of Lucidity,Spear of Shojin,Rapid Firecannon,No_Item,Farsight Alteration,Zhonya's Hourglass,Hextech Rocketbelt,Control Ward,Dark Seal,Shadowflame,Sorcerer's Shoes,Oracle Lens,Quicksilver Sash,No_Item,Pickaxe,Sundered Sky,Ionian Boots of Lucidity,Eclipse,Oracle Lens,Doran's Blade,Kraken Slayer,Last Whisper,Phantom Dancer,Berserker's Greaves,No_Item,Farsight Alteration,Locket of the Iron Solari,Bloodsong,Control Ward,Mercury's Treads,Knight's Vow,No_Item,Oracle Lens,Ravenous Hydra,Boots,Cloth Armor,Cloth Armor,Eclipse,Doran's Shield,Stealth Ward,Ruby Crystal,Eclipse,Control Ward,Sundered Sky,Ruby Crystal,Mercury's Treads,Stealth Ward,Dark Seal,Luden's Companion,Amplifying Tome,Ionian Boots of Lucidity,Horizon Focus,Amplifying Tome,Farsight Alteration,Tear of the Goddess,Boots of Swiftness,Long Sword,Doran's Blade,Edge of Night,Hubris,Farsight Alteration,Celestial Opposition,Locket of the Iron Solari,Ionian Boots of Lucidity,Zeke's Convergence,Kindlegem,No_Item,Oracle Lens,Grasp of the Undying,Inspiration,Dark Harvest,Precision,Conqueror,Inspiration,Lethal Tempo,Inspiration,Aftershock,Inspiration,Conqueror,Resolve,Conqueror,Inspiration,Electrocute,Precision,Hail of Blades,Sorcery,Aftershock,Inspiration,Teleport,Flash,Smite,Flash,Flash,Teleport,Barrier,Flash,Flash,Ignite,Teleport,Flash,Flash,Smite,Flash,Ignite,Cleanse,Flash,Flash,Ignite,1,6,1,0,0,0
https://www.op.gg/summoners/euw/Six10-euw2/matches/uRd1PvnOddqwTow7G0tTtTzHWGmxGcvAN8dx85hSbGw%3D/1732969742000,1,25,33,33,25,54,50,87,82,30,36,5,0,0,2,8,5,5,2,65608,65482,15.8,15.6,974,946,29.6,28.7,126,-126,1979.551724137931,1975.7499999999998,K'Sante,Gwen,Tryndamere,Smolder,Braum,Darius,Elise,Tristana,Jinx,Leona,Plated Steelcaps,Frozen Heart,Iceborn Gauntlet,Chain Vest,Kindlegem,Bramble Vest,Stealth Ward,Rabadon's Deathcap,Nashor's Tooth,No_Item,Dark Seal,Mercury's Treads,Hextech Alternator,Oracle Lens,Stridebreaker,Navori Flickerblade,Mortal Reminder,Vampiric Scepter,Doran's Blade,Berserker's Greaves,Oracle Lens,Bloodthirster,Lord Dominik's Regards,Muramana,Hubris,Rapid Firecannon,Ionian Boots of Lucidity,Farsight Alteration,Mercury's Treads,Locket of the Iron Solari,Solstice Sleigh,Kindlegem,No_Item,Knight's Vow,Oracle Lens,Sterak's Gage,Randuin's Omen,Spectre's Cowl,Plated Steelcaps,Trinity Force,Dead Man's Plate,Stealth Ward,Rabadon's Deathcap,Dark Seal,Sorcerer's Shoes,Stormsurge,Blighting Jewel,Shadowflame,Oracle Lens,Doran's Blade,The Collector,Navori Flickerblade,Plated Steelcaps,Lord Dominik's Regards,B. F. Sword,Farsight Alteration,Yun Tal Wildarrows,Runaan's Hurricane,Berserker's Greaves,B. F. Sword,Mortal Reminder,No_Item,Farsight Alteration,Watchful Wardstone,Celestial Opposition,Locket of the Iron Solari,Boots of Swiftness,Kindlegem,Zeke's Convergence,Oracle Lens,Grasp of the Undying,Inspiration,Conqueror,Inspiration,Lethal Tempo,Resolve,Fleet Footwork,Inspiration,Guardian,Inspiration,Conqueror,Resolve,Dark Harvest,Precision,Lethal Tempo,Inspiration,Lethal Tempo,Sorcery,Aftershock,Inspiration,Flash,Teleport,Ghost,Smite,Ghost,Flash,Cleanse,Flash,Heal,Flash,Flash,Ghost,Smite,Flash,Teleport,Flash,Flash,Barrier,Ignite,Flash,0,3,1,1,3,0
https://www.op.gg/summoners/euw/Six10-euw2/matches/uRd1PvnOddpguWoR7ODp_8633ezuBzC1ZoIaSTACCaQ%3D/1732966851000,1,37,40,40,37,62,69,68,87,19,26,2,3,2,1,10,10,4,4,77896,76854,17.4,17.0,1034,1193,27.9,32.1,1042,-1042,2101.5107913669062,2073.3992805755393,Ambessa,Graves,Sylas,Seraphine,Braum,K'Sante,Amumu,Smolder,Swain,Blitzcrank,Black Cleaver,Death's Dance,Hexdrinker,Ionian Boots of Lucidity,Spear of Shojin,Caulfield's Warhammer,Oracle Lens,Mercury's Treads,The Collector,Bloodthirster,Infinity Edge,Immortal Shieldbow,Lord Dominik's Regards,Oracle Lens,Zhonya's Hourglass,Hextech Rocketbelt,Rabadon's Deathcap,Void Staff,Cosmic Drive,Mercury's Treads,Oracle Lens,Liandry's Torment,Blackfire Torch,Oblivion Orb,Rylai's Crystal Scepter,Blighting Jewel,Ionian Boots of Lucidity,Farsight Alteration,Solstice Sleigh,Locket of the Iron Solari,Control Ward,Mercury's Treads,Warmog's Armor,Negatron Cloak,Oracle Lens,Unending Despair,Plated Steelcaps,Iceborn Gauntlet,Spirit Visage,"Jak'Sho, The Protean",Thornmail,Stealth Ward,Randuin's Omen,Control Ward,Mercury's Treads,Liandry's Torment,Abyssal Mask,"Jak'Sho, The Protean",Oracle Lens,Infinity Edge,Essence Reaver,Plated Steelcaps,Rapid Firecannon,Spear of Shojin,Lord Dominik's Regards,Farsight Alteration,Boots of Swiftness,Blackfire Torch,Zhonya's Hourglass,Liandry's Torment,Oblivion Orb,Negatron Cloak,Stealth Ward,Boots of Swiftness,Locket of the Iron Solari,Bloodsong,Trailblazer,Watchful Wardstone,Winged Moonplate,Oracle Lens,Grasp of the Undying,Domination,Dark Harvest,Precision,Conqueror,Resolve,Summon Aery,Precision,Guardian,Inspiration,Grasp of the Undying,Sorcery,Conqueror,Domination,Grasp of the Undying,Precision,Conqueror,Sorcery,Glacial Augment,Resolve,Teleport,Flash,Flash,Smite,Flash,Teleport,Teleport,Flash,Heal,Flash,Flash,Teleport,Flash,Smite,Teleport,Flash,Flash,Teleport,Ignite,Flash,1,6,2,0,0,1
https://www.op.gg/summoners/euw/Six10-euw2/matches/34-jfPz6Tmy6QFEnd7Aa4xcmYiirCjE6ehK-aJmv8jA%3D/1731845517000,1,21,8,8,21,10,14,24,25,7,10,1,0,0,0,2,0,1,0,31578,24971,10.0,9.2,452,442,29.3,28.6,6607,-6607,2047.364835164835,1618.9989010989011,Akali,Wukong,Aurora,Ashe,Shaco,Swain,Ekko,Qiyana,Jhin,Braum,Refillable Potion,Dark Seal,Hextech Rocketbelt,Sorcerer's Shoes,Amplifying Tome,Doran's Shield,Oracle Lens,Boots of Swiftness,Trinity Force,Tunneler,Gustwalker Hatchling,Ruby Crystal,Long Sword,Stealth Ward,Doran's Ring,Malignance,Refillable Potion,Sorcerer's Shoes,Needlessly Large Rod,Amplifying Tome,Oracle Lens,Doran's Blade,Berserker's Greaves,Refillable Potion,Kraken Slayer,Dagger,No_Item,Farsight Alteration,Bloodsong,Youmuu's Ghostblade,The Brutalizer,Boots of Swiftness,Control Ward,No_Item,Oracle Lens,Rylai's Crystal Scepter,Sapphire Crystal,Refillable Potion,No_Item,No_Item,Boots,Farsight Alteration,Scorchclaw Pup,Hextech Rocketbelt,Sheen,Dark Seal,Slightly Magical Footwear,Aether Wisp,Oracle Lens,Hubris,Refillable Potion,Serrated Dirk,Ionian Boots of Lucidity,No_Item,No_Item,Oracle Lens,Boots of Swiftness,Statikk Shiv,Doran's Blade,Scout's Slingshot,Dagger,No_Item,Stealth Ward,Solstice Sleigh,Locket of the Iron Solari,Control Ward,No_Item,No_Item,Mercury's Treads,Oracle Lens,Electrocute,Resolve,Conqueror,Inspiration,Electrocute,Precision,Lethal Tempo,Inspiration,Hail of Blades,Sorcery,Summon Aery,Resolve,Electrocute,Inspiration,Electrocute,Precision,Fleet Footwork,Sorcery,Guardian,Inspiration,Flash,Teleport,Flash,Smite,Flash,Teleport,Barrier,Flash,Exhaust,Ignite,Teleport,Flash,Smite,Flash,Flash,Teleport,Flash,Cleanse,Flash,Exhaust,0,6,0,0,0,0
https://www.op.gg/summoners/euw/Six10-euw2/matches/34-jfPz6TmxfEMf5rcZpxXhTQf4rxeUIHXgzQ3eRIvs%3D/1731687695000,1,11,1,1,11,0,16,46,37,13,9,0,2,0,0,3,0,0,2,30570,22229,10.0,9.2,531,473,34.3,30.5,8341,-8341,1959.6153846153848,1424.9358974358975,Yasuo,Viego,Aurora,Ezreal,Rakan,Yone,Lee Sin,Ahri,Hwei,Pyke,Doran's Shield,Berserker's Greaves,Blade of The Ruined King,Phage,Tiamat,No_Item,Oracle Lens,Gustwalker Hatchling,Kraken Slayer,Tunneler,Ruby Crystal,Long Sword,Slightly Magical Footwear,Eye of the Herald,Doran's Ring,Ionian Boots of Lucidity,Lost Chapter,Refillable Potion,Dark Seal,Fated Ashes,Stealth Ward,Trinity Force,Control Ward,Long Sword,Doran's Blade,Tear of the Goddess,Ionian Boots of Lucidity,Farsight Alteration,Mercury's Treads,Celestial Opposition,Refillable Potion,Control Ward,Kindlegem,Cloth Armor,Oracle Lens,Doran's Shield,Berserker's Greaves,Blade of The Ruined King,No_Item,No_Item,No_Item,Oracle Lens,Scorchclaw Pup,Sundered Sky,Glowing Mote,No_Item,No_Item,Slightly Magical Footwear,Stealth Ward,Ionian Boots of Lucidity,Refillable Potion,Dark Seal,Lost Chapter,Blasting Wand,Doran's Ring,Oracle Lens,Doran's Ring,Blackfire Torch,Amplifying Tome,Boots,No_Item,No_Item,Stealth Ward,Boots,Control Ward,Solstice Sleigh,Serrated Dirk,Long Sword,Long Sword,Oracle Lens,Grasp of the Undying,Precision,Conqueror,Inspiration,Electrocute,Sorcery,Press the Attack,Sorcery,Guardian,Domination,Fleet Footwork,Resolve,Conqueror,Inspiration,Electrocute,Sorcery,Arcane Comet,Precision,Hail of Blades,Precision,Flash,Teleport,Smite,Flash,Teleport,Flash,Teleport,Flash,Flash,Heal,Teleport,Flash,Smite,Flash,Flash,Teleport,Teleport,Flash,Ignite,Flash,1,6,0,0,0,0
https://www.op.gg/summoners/euw/Six10-euw2/matches/34-jfPz6Tmy9JGb6mfLWlnQIa6eubvlbREQjhjayi-c%3D/1731684583000,1,20,11,11,20,10,35,77,60,20,26,1,2,1,0,6,5,2,2,54714,46183,14.4,12.6,902,853,34.5,32.6,8531,-8531,2101.8182926829268,1774.1030487804878,Malzahar,Graves,Irelia,Jhin,Rakan,Camille,Kindred,Azir,Ezreal,Karma,Cryptbloom,No_Item,Doran's Ring,Ionian Boots of Lucidity,Rylai's Crystal Scepter,Liandry's Torment,Farsight Alteration,The Collector,Youmuu's Ghostblade,Boots,Lord Dominik's Regards,No_Item,No_Item,Oracle Lens,Blade of The Ruined King,Randuin's Omen,Sundered Sky,Wit's End,No_Item,Plated Steelcaps,Oracle Lens,Doran's Blade,The Collector,Last Whisper,Youmuu's Ghostblade,Boots of Swiftness,Long Sword,Farsight Alteration,Ionian Boots of Lucidity,Dark Seal,Dream Maker,Trailblazer,No_Item,Kindlegem,Oracle Lens,Ravenous Hydra,Trinity Force,No_Item,Plated Steelcaps,No_Item,No_Item,Oracle Lens,Plated Steelcaps,Trinity Force,Black Cleaver,No_Item,Long Sword,No_Item,Oracle Lens,Doran's Ring,Nashor's Tooth,Zhonya's Hourglass,Sorcerer's Shoes,Blighting Jewel,Blasting Wand,Farsight Alteration,Doran's Blade,Muramana,Trinity Force,Ionian Boots of Lucidity,Spear of Shojin,No_Item,Farsight Alteration,No_Item,Solstice Sleigh,Redemption,Ionian Boots of Lucidity,Ruby Crystal,Moonstone Renewer,Oracle Lens,Summon Aery,Inspiration,Dark Harvest,Precision,Conqueror,Resolve,Fleet Footwork,Sorcery,Guardian,Domination,Grasp of the Undying,Inspiration,Press the Attack,Domination,Summon Aery,Precision,Press the Attack,Inspiration,Summon Aery,Resolve,Teleport,Flash,Flash,Smite,Teleport,Flash,Flash,Barrier,Ignite,Flash,Teleport,Ignite,Flash,Smite,Teleport,Flash,Barrier,Flash,Heal,Flash,1,4,1,0,2,0
https://www.op.gg/summoners/euw/Six10-euw2/matches/34-jfPz6TmzAVbqMZSNmgoqDIwwNpPZ4_vsICMUaRN4%3D/1731682172000,0,9,21,21,9,27,19,57,58,19,19,0,1,0,0,0,9,0,1,35117,46261,11.2,12.8,634,741,29.5,34.3,-11144,11144,1643.088990825688,2164.505504587156,Aatrox,Vi,Galio,Ashe,Rakan,Yasuo,Gragas,Yone,Sylas,Bard,Doran's Shield,Refillable Potion,Spear of Shojin,Long Sword,Plated Steelcaps,Glowing Mote,Stealth Ward,Black Cleaver,Sundered Sky,Slightly Magical Footwear,Cloth Armor,No_Item,No_Item,Oracle Lens,Riftmaker,Hollow Radiance,Dark Seal,No_Item,Plated Steelcaps,No_Item,Oracle Lens,Doran's Blade,Berserker's Greaves,Kraken Slayer,Runaan's Hurricane,No_Item,No_Item,Farsight Alteration,Ionian Boots of Lucidity,Solstice Sleigh,Zeke's Convergence,Kindlegem,Cloth Armor,Control Ward,Oracle Lens,Doran's Shield,Blade of The Ruined King,Berserker's Greaves,Immortal Shieldbow,Dagger,Cloak of Agility,Farsight Alteration,Stormsurge,Needlessly Large Rod,Hextech Alternator,Control Ward,No_Item,Sorcerer's Shoes,Oracle Lens,Doran's Blade,Berserker's Greaves,Stridebreaker,Blade of The Ruined King,Noonquiver,No_Item,Stealth Ward,Hextech Rocketbelt,Refillable Potion,Doran's Ring,Mercury's Treads,Cosmic Drive,Amplifying Tome,Oracle Lens,Bloodsong,Dead Man's Plate,Scout's Slingshot,No_Item,Boots of Swiftness,Long Sword,Oracle Lens,Conqueror,Resolve,Conqueror,Inspiration,Aftershock,Inspiration,Lethal Tempo,Inspiration,Guardian,Domination,Lethal Tempo,Resolve,Dark Harvest,Sorcery,Lethal Tempo,Resolve,Conqueror,Resolve,Guardian,Domination,Teleport,Flash,Flash,Smite,Teleport,Flash,Barrier,Flash,Flash,Heal,Exhaust,Flash,Flash,Smite,Teleport,Flash,Teleport,Flash,Ignite,Flash,0,0,0,1,6,1
https://www.op.gg/summoners/euw/Six10-euw2/matches/34-jfPz6TmycUaBG9m7B8CW9ocaw78tXhrkIvMvGamg%3D/1731677984000,1,27,16,16,28,26,51,94,69,19,30,1,3,1,1,9,4,2,4,62439,55589,15.6,14.4,975,928,31.3,29.8,6850,-6850,1998.048,1778.848,Gnar,Skarner,Orianna,Ziggs,Nautilus,Aatrox,Nidalee,Azir,Ashe,Leona,Warden's Mail,Negatron Cloak,Mercury's Treads,Wit's End,Trinity Force,Sterak's Gage,Farsight Alteration,No_Item,Heartsteel,Ruby Crystal,Sterak's Gage,Kaenic Rookern,Mercury's Treads,Oracle Lens,Needlessly Large Rod,Shadowflame,Oblivion Orb,Seraph's Embrace,Dark Seal,Mercury's Treads,Farsight Alteration,Shadowflame,Sorcerer's Shoes,Luden's Companion,Horizon Focus,Blighting Jewel,Blasting Wand,Farsight Alteration,Locket of the Iron Solari,Bloodsong,No_Item,Abyssal Mask,Mercury's Treads,No_Item,Oracle Lens,Sundered Sky,Doran's Shield,Plated Steelcaps,Black Cleaver,Ruby Crystal,No_Item,Stealth Ward,Blackfire Torch,Void Staff,Liandry's Torment,Mejai's Soulstealer,Hextech Alternator,Sorcerer's Shoes,Oracle Lens,Sorcerer's Shoes,Nashor's Tooth,No_Item,Rabadon's Deathcap,Blighting Jewel,Shadowflame,Farsight Alteration,Doran's Blade,Berserker's Greaves,Kraken Slayer,Lord Dominik's Regards,Runaan's Hurricane,No_Item,Farsight Alteration,Celestial Opposition,Locket of the Iron Solari,Mercury's Treads,Control Ward,Abyssal Mask,No_Item,Oracle Lens,Fleet Footwork,Resolve,Aftershock,Inspiration,Arcane Comet,Precision,Arcane Comet,Precision,Aftershock,Inspiration,Conqueror,Resolve,Dark Harvest,Precision,Summon Aery,Precision,Lethal Tempo,Inspiration,Aftershock,Inspiration,Teleport,Flash,Flash,Smite,Flash,Teleport,Teleport,Flash,Flash,Ignite,Flash,Teleport,Flash,Smite,Teleport,Flash,Barrier,Flash,Ignite,Flash,1,1,1,0,5,0
https://www.op.gg/summoners/euw/Six10-euw2/matches/34-jfPz6TmyIuK2pNn2xO4b_ZET8Ahgt1tR90MAcYEg%3D/1731674818000,1,33,14,14,33,28,53,61,53,10,16,3,0,1,0,11,1,4,0,54259,42202,13.4,12.2,691,683,29.3,28.900000000000002,12057,-12057,2310.3832258064517,1796.9883870967742,Camille,Elise,Corki,Kai'Sa,Rell,Jax,Vi,Orianna,Jinx,Rakan,Trinity Force,Tiamat,Doran's Shield,Sterak's Gage,Caulfield's Warhammer,Slightly Magical Footwear,Oracle Lens,Rylai's Crystal Scepter,Needlessly Large Rod,Sorcerer's Shoes,Dark Seal,Stormsurge,No_Item,Oracle Lens,Doran's Blade,Trinity Force,Muramana,Zeal,Scout's Slingshot,Plated Steelcaps,Farsight Alteration,Void Staff,Berserker's Greaves,No_Item,Statikk Shiv,Guinsoo's Rageblade,Nashor's Tooth,Farsight Alteration,Celestial Opposition,Zeke's Convergence,No_Item,Winged Moonplate,Abyssal Mask,Ionian Boots of Lucidity,Oracle Lens,Mercury's Treads,Trinity Force,Sundered Sky,No_Item,Cloth Armor,No_Item,Stealth Ward,Mercury's Treads,Trinity Force,Black Cleaver,No_Item,No_Item,No_Item,Oracle Lens,Seraph's Embrace,Liandry's Torment,Ionian Boots of Lucidity,No_Item,Dark Seal,No_Item,Farsight Alteration,Doran's Blade,The Collector,Berserker's Greaves,Runaan's Hurricane,B. F. Sword,Cloak of Agility,Farsight Alteration,Mercury's Treads,Dark Seal,Dream Maker,Trailblazer,Control Ward,Ruby Crystal,Oracle Lens,Grasp of the Undying,Inspiration,Dark Harvest,Sorcery,Conqueror,Inspiration,Fleet Footwork,Inspiration,Aftershock,Inspiration,Grasp of the Undying,Sorcery,Hail of Blades,Precision,Summon Aery,Precision,Lethal Tempo,Sorcery,Guardian,Sorcery,Teleport,Flash,Flash,Smite,Teleport,Flash,Flash,Barrier,Ignite,Flash,Teleport,Flash,Flash,Smite,Teleport,Flash,Flash,Barrier,Ignite,Flash,1,6,3,0,0,0
https://www.op.gg/summoners/euw/Six10-euw2/matches/34-jfPz6Tmy1oaaFTYdBWm57YcdIeYDId-GEprzcNz8%3D/1731672415000,1,32,18,18,32,24,57,51,49,16,12,3,0,1,0,7,3,4,0,49626,42985,13.6,11.4,703,665,30.8,29.0,6641,-6641,2173.164705882353,1882.3496732026144,Ambessa,Zac,Orianna,Ashe,Sona,Olaf,Viego,Sylas,Jhin,Nami,Eclipse,Spear of Shojin,Plated Steelcaps,Long Sword,Doran's Blade,Long Sword,Farsight Alteration,Sunfire Aegis,Dark Seal,No_Item,Warden's Mail,Ionian Boots of Lucidity,Spirit Visage,Oracle Lens,Shadowflame,Mejai's Soulstealer,Luden's Companion,Amplifying Tome,Control Ward,Sorcerer's Shoes,Farsight Alteration,Berserker's Greaves,Kraken Slayer,Doran's Blade,Phantom Dancer,Infinity Edge,No_Item,Farsight Alteration,Echoes of Helia,Boots of Swiftness,Bloodsong,Staff of Flowing Water,Glowing Mote,Amplifying Tome,Oracle Lens,Ruby Crystal,Ravenous Hydra,Caulfield's Warhammer,Plated Steelcaps,Tunneler,Doran's Blade,Oracle Lens,Sundered Sky,Kraken Slayer,Control Ward,No_Item,Mercury's Treads,No_Item,Oracle Lens,Dark Seal,Sorcerer's Shoes,Hextech Rocketbelt,Hextech Alternator,Needlessly Large Rod,Doran's Ring,Oracle Lens,Youmuu's Ghostblade,The Collector,Boots of Swiftness,Doran's Blade,Mortal Reminder,No_Item,Farsight Alteration,Mercury's Treads,Zaz'Zak's Realmspike,Amplifying Tome,Imperial Mandate,Oblivion Orb,No_Item,Oracle Lens,Conqueror,Resolve,Aftershock,Precision,Phase Rush,Inspiration,Lethal Tempo,Inspiration,Summon Aery,Precision,Conqueror,Inspiration,Conqueror,Inspiration,Conqueror,Resolve,Dark Harvest,Precision,Summon Aery,Domination,Flash,Teleport,Smite,Flash,Teleport,Flash,Flash,Barrier,Flash,Heal,Ghost,Teleport,Smite,Flash,Flash,Teleport,Flash,Cleanse,Flash,Heal,1,1,1,0,5,0
https://www.op.gg/summoners/euw/Six10-euw2/matches/34-jfPz6Tmzq9NDsU7VCNmNlcM25PNoaq_S2sjhDaq8%3D/1731605235000,1,23,4,4,24,4,21,28,27,6,7,1,0,0,0,4,0,1,0,35217,22878,10.2,8.8,523,450,34.1,29.3,12339,-12339,2296.7608695652175,1492.0434782608695,Gragas,Viego,Yasuo,Ziggs,Rell,Yone,Karthus,Galio,Ezreal,Hwei,Ionian Boots of Lucidity,Refillable Potion,Cosmic Drive,Doran's Ring,Winter's Approach,Amplifying Tome,Farsight Alteration,Mercury's Treads,Gustwalker Hatchling,Kraken Slayer,Tunneler,Long Sword,Long Sword,Oracle Lens,Doran's Blade,Berserker's Greaves,Blade of The Ruined King,Refillable Potion,Tiamat,Phage,Oracle Lens,Doran's Ring,Luden's Companion,Refillable Potion,Sorcerer's Shoes,Needlessly Large Rod,Dark Seal,Farsight Alteration,Bloodsong,Refillable Potion,Crystalline Bracer,Winged Moonplate,Boots of Swiftness,Giant's Belt,Oracle Lens,Doran's Blade,Refillable Potion,Recurve Bow,Berserker's Greaves,Rectrix,Dagger,Stealth Ward,Blackfire Torch,Dark Seal,Gustwalker Hatchling,Sorcerer's Shoes,No_Item,No_Item,Stealth Ward,Doran's Ring,Refillable Potion,Bami's Cinder,Mercury's Treads,Spectre's Cowl,Control Ward,Stealth Ward,Doran's Blade,Refillable Potion,Tear of the Goddess,Trinity Force,No_Item,Ionian Boots of Lucidity,Farsight Alteration,Dark Seal,Runic Compass,Lost Chapter,Boots,No_Item,Amplifying Tome,Oracle Lens,Grasp of the Undying,Sorcery,Conqueror,Inspiration,Grasp of the Undying,Precision,Arcane Comet,Precision,Glacial Augment,Sorcery,Grasp of the Undying,Precision,Dark Harvest,Precision,Aftershock,Sorcery,Press the Attack,Sorcery,Arcane Comet,Precision,Teleport,Flash,Flash,Smite,Flash,Teleport,Flash,Teleport,Flash,Ignite,Teleport,Flash,Smite,Flash,Teleport,Flash,Flash,Teleport,Heal,Flash,1,6,0,0,0,0
https://www.op.gg/summoners/euw/Six10-euw2/matches/34-jfPz6TmxwV-Vwqz-2PC-x8I6FBNDRzqD4oxWSoNk%3D/1731603140000,1,25,11,11,25,18,48,69,71,40,25,2,0,1,0,9,2,3,0,55473,42388,14.4,12.6,876,745,33.8,28.8,13085,-13085,2157.2833333333333,1648.4222222222222,Camille,Viego,LeBlanc,Jhin,Bard,Malphite,Graves,Azir,Xayah,Rakan,Trinity Force,Ravenous Hydra,Doran's Shield,Pickaxe,Ionian Boots of Lucidity,Sterak's Gage,Oracle Lens,Kraken Slayer,Titanic Hydra,Sundered Sky,Slightly Magical Footwear,No_Item,No_Item,Oracle Lens,Doran's Ring,Luden's Companion,Refillable Potion,Stormsurge,Sorcerer's Shoes,Blighting Jewel,Oracle Lens,Doran's Blade,Statikk Shiv,Boots of Swiftness,Rapid Firecannon,Lord Dominik's Regards,No_Item,Farsight Alteration,Redemption,Locket of the Iron Solari,Solstice Sleigh,No_Item,Amplifying Tome,Boots of Swiftness,Oracle Lens,Doran's Shield,Plated Steelcaps,Frozen Heart,Spectre's Cowl,No_Item,No_Item,Stealth Ward,Youmuu's Ghostblade,The Collector,Control Ward,Noonquiver,Pickaxe,Plated Steelcaps,Oracle Lens,Doran's Ring,Nashor's Tooth,Zhonya's Hourglass,Amplifying Tome,Amplifying Tome,Sorcerer's Shoes,Farsight Alteration,Infinity Edge,Essence Reaver,Doran's Blade,Berserker's Greaves,Zeal,Dagger,Farsight Alteration,Celestial Opposition,No_Item,Locket of the Iron Solari,Control Ward,Mercury's Treads,Kindlegem,Oracle Lens,Grasp of the Undying,Inspiration,Conqueror,Inspiration,Electrocute,Sorcery,Fleet Footwork,Sorcery,Guardian,Domination,Grasp of the Undying,Sorcery,Dark Harvest,Precision,Summon Aery,Precision,Lethal Tempo,Inspiration,Guardian,Domination,Teleport,Flash,Flash,Smite,Ignite,Flash,Barrier,Flash,Flash,Ignite,Flash,Teleport,Flash,Smite,Teleport,Flash,Barrier,Flash,Heal,Flash,1,4,1,0,2,0
https://www.op.gg/summoners/euw/Six10-euw2/matches/34-jfPz6TmxOTJx237meT2J_g0Qo5mO87_xwJ99_F6w%3D/1731600490000,1,36,29,29,36,56,55,87,118,47,36,1,2,1,0,9,3,2,2,64947,55053,15.6,14.0,929,810,31.900000000000002,27.7,9894,-9894,2231.3079754601226,1891.3914110429448,Aatrox,Viego,Orianna,Ezreal,Rell,Aurora,Lee Sin,Corki,Seraphine,Thresh,Doran's Shield,Profane Hydra,No_Item,Eclipse,Serylda's Grudge,Mercury's Treads,Oracle Lens,Titanic Hydra,Long Sword,Mercury's Treads,Kraken Slayer,Sundered Sky,Long Sword,Oracle Lens,Rabadon's Deathcap,Shattered Armguard,Mejai's Soulstealer,Luden's Companion,Stormsurge,Sorcerer's Shoes,Farsight Alteration,Doran's Blade,Ionian Boots of Lucidity,Trinity Force,Muramana,Horizon Focus,Shadowflame,Farsight Alteration,Ionian Boots of Lucidity,Locket of the Iron Solari,No_Item,Celestial Opposition,Abyssal Mask,No_Item,Oracle Lens,Doran's Ring,Liandry's Torment,Sorcerer's Shoes,Cosmic Drive,Stormsurge,Amplifying Tome,Farsight Alteration,Eclipse,Sundered Sky,Plated Steelcaps,Tunneler,Pickaxe,Control Ward,Stealth Ward,Doran's Blade,Trinity Force,Muramana,Rapid Firecannon,Plated Steelcaps,Pickaxe,Farsight Alteration,Seraph's Embrace,Ionian Boots of Lucidity,Rylai's Crystal Scepter,Doran's Ring,Liandry's Torment,Oblivion Orb,Oracle Lens,Locket of the Iron Solari,Redemption,Celestial Opposition,Control Ward,Kindlegem,Boots of Swiftness,Oracle Lens,Conqueror,Resolve,Conqueror,Inspiration,Arcane Comet,Precision,Press the Attack,Sorcery,Aftershock,Inspiration,Grasp of the Undying,Precision,Conqueror,Inspiration,Conqueror,Inspiration,Summon Aery,Precision,Glacial Augment,Domination,Flash,Teleport,Flash,Smite,Flash,Teleport,Flash,Barrier,Flash,Ignite,Flash,Teleport,Smite,Flash,Teleport,Flash,Teleport,Flash,Ignite,Flash,0,2,1,1,4,0
https://www.op.gg/summoners/euw/Six10-euw2/matches/34-jfPz6Tmxe_MRQrHsF7eq3BUyh7f25MZFT-weCWQc%3D/1731597165000,1,25,13,13,25,9,29,35,44,13,10,0,2,0,0,2,1,0,2,38899,32831,11.4,10.0,576,551,31.400000000000002,30.0,6068,-6068,2111.6600000000003,1782.254285714286,K'Sante,Taliyah,Sylas,Ashe,Nautilus,Pantheon,Elise,Jayce,Ezreal,Karma,Doran's Shield,Ruby Crystal,Plated Steelcaps,Iceborn Gauntlet,Cloth Armor,Null-Magic Mantle,Oracle Lens,Rabadon's Deathcap,Luden's Companion,Mejai's Soulstealer,Needlessly Large Rod,Slightly Magical Footwear,No_Item,Oracle Lens,Doran's Ring,Hextech Rocketbelt,Riftmaker,Cloth Armor,Mercury's Treads,Dark Seal,Oracle Lens,Doran's Blade,Cloak of Agility,Berserker's Greaves,Kraken Slayer,B. F. Sword,Pickaxe,Farsight Alteration,Celestial Opposition,No_Item,Locket of the Iron Solari,Boots of Swiftness,No_Item,No_Item,Oracle Lens,Doran's Blade,Black Cleaver,Pickaxe,Mercury's Treads,Executioner's Calling,Tear of the Goddess,Stealth Ward,No_Item,Sorcerer's Shoes,Hextech Alternator,Stormsurge,Needlessly Large Rod,Dark Seal,Oracle Lens,Tear of the Goddess,Caulfield's Warhammer,Eclipse,Long Sword,Doran's Blade,Slightly Magical Footwear,Farsight Alteration,Doran's Blade,Tear of the Goddess,Trinity Force,Ionian Boots of Lucidity,Long Sword,Long Sword,Farsight Alteration,Dream Maker,Control Ward,Ionian Boots of Lucidity,Moonstone Renewer,Forbidden Idol,Dark Seal,Oracle Lens,Grasp of the Undying,Domination,Dark Harvest,Inspiration,Conqueror,Resolve,Lethal Tempo,Inspiration,Aftershock,Inspiration,Press the Attack,Resolve,Dark Harvest,Precision,Conqueror,Inspiration,Press the Attack,Inspiration,Arcane Comet,Inspiration,Teleport,Flash,Smite,Flash,Teleport,Flash,Flash,Barrier,Ignite,Flash,Teleport,Flash,Flash,Smite,Flash,Teleport,Flash,Barrier,Flash,Heal,0,3,0,0,3,0
https://www.op.gg/summoners/euw/Six10-euw2/matches/34-jfPz6Tmx3jEhqttP9gmtT6wRv-HiGIImTxEtHGfI%3D/1731594592000,0,16,24,24,16,42,23,51,45,12,13,1,1,0,1,3,7,1,2,40099,48885,12.0,13.0,641,709,29.0,32.2,-8786,8786,1820.5867816091954,2219.4913793103447,Aatrox,Pantheon,Galio,Corki,Janna,Renekton,Nidalee,Azir,Jhin,Leona,Spear of Shojin,Voltaic Cyclosword,Plated Steelcaps,No_Item,No_Item,No_Item,Oracle Lens,Pickaxe,Eclipse,Tunneler,Mercury's Treads,Long Sword,No_Item,Oracle Lens,Doran's Ring,Refillable Potion,Hollow Radiance,Mercury's Treads,Haunting Guise,Dark Seal,Oracle Lens,Muramana,Doran's Blade,Mercury's Treads,Dagger,Trinity Force,Dagger,Farsight Alteration,Solstice Sleigh,Boots of Swiftness,Dark Seal,Moonstone Renewer,Kindlegem,Forbidden Idol,Oracle Lens,Spear of Shojin,Control Ward,Sterak's Gage,Doran's Blade,Plated Steelcaps,No_Item,Oracle Lens,Horizon Focus,Mejai's Soulstealer,No_Item,Sorcerer's Shoes,Liandry's Torment,No_Item,Oracle Lens,Doran's Ring,Nashor's Tooth,Zhonya's Hourglass,Dark Seal,Sorcerer's Shoes,Needlessly Large Rod,Farsight Alteration,Doran's Blade,Hubris,Control Ward,Boots,The Collector,Opportunity,Farsight Alteration,Celestial Opposition,Locket of the Iron Solari,Plated Steelcaps,Giant's Belt,Winged Moonplate,No_Item,Oracle Lens,Conqueror,Resolve,Conqueror,Inspiration,Aftershock,Inspiration,Conqueror,Inspiration,Summon Aery,Domination,Conqueror,Resolve,Conqueror,Sorcery,Conqueror,Sorcery,Dark Harvest,Sorcery,Aftershock,Inspiration,Teleport,Flash,Smite,Flash,Teleport,Flash,Flash,Cleanse,Flash,Heal,Teleport,Flash,Flash,Smite,Teleport,Flash,Barrier,Flash,Ignite,Flash,0,1,0,1,5,2
https://www.op.gg/summoners/euw/Six10-euw2/matches/34-jfPz6TmwTa-ZJJoCzUkDksaXO_ucaJxmgBfIESgs%3D/1731589716000,0,20,36,36,20,63,33,50,59,15,15,0,3,0,1,1,10,0,4,44677,59408,12.2,14.0,673,822,26.2,32.1,-14731,14731,1737.4388888888889,2310.311111111111,Yone,Elise,Kayle,Jinx,Senna,Singed,Viego,Swain,Ashe,Thresh,Stridebreaker,No_Item,Blade of The Ruined King,No_Item,Doran's Shield,Berserker's Greaves,Farsight Alteration,Shadowflame,Sorcerer's Shoes,Stormsurge,Amplifying Tome,Dark Seal,Ruby Crystal,Oracle Lens,Doran's Blade,Berserker's Greaves,No_Item,Dark Seal,Nashor's Tooth,Shadowflame,Stealth Ward,Doran's Blade,Infinity Edge,The Collector,Berserker's Greaves,Last Whisper,No_Item,Farsight Alteration,Bloodsong,No_Item,Scout's Slingshot,Boots of Swiftness,Black Cleaver,Zeal,Oracle Lens,Winged Moonplate,Rylai's Crystal Scepter,Liandry's Torment,Boots of Swiftness,Giant's Belt,Mejai's Soulstealer,Stealth Ward,Wit's End,Kraken Slayer,Sundered Sky,Plated Steelcaps,Tunneler,Ruby Crystal,Oracle Lens,Doran's Ring,Rylai's Crystal Scepter,Fimbulwinter,Boots of Swiftness,Liandry's Torment,Null-Magic Mantle,Farsight Alteration,Doran's Blade,Bloodthirster,Statikk Shiv,Berserker's Greaves,Phantom Dancer,No_Item,Farsight Alteration,Ionian Boots of Lucidity,Locket of the Iron Solari,Zeke's Convergence,Solstice Sleigh,No_Item,Ruby Crystal,Oracle Lens,Grasp of the Undying,Precision,Dark Harvest,Precision,Fleet Footwork,Sorcery,Lethal Tempo,Sorcery,Fleet Footwork,Inspiration,Phase Rush,Resolve,Conqueror,Inspiration,Conqueror,Sorcery,Lethal Tempo,Inspiration,Guardian,Inspiration,Teleport,Flash,Flash,Smite,Flash,Teleport,Barrier,Flash,Flash,Heal,Flash,Ghost,Smite,Flash,Flash,Teleport,Flash,Barrier,Ignite,Flash,0,3,0,1,3,1
https://www.op.gg/summoners/euw/Six10-euw2/matches/34-jfPz6TmxvZ63CS6IdE1lBRo0q-O67sbL2kNqUkpQ%3D/1731586959000,0,31,38,38,31,72,58,77,120,43,28,1,4,0,1,4,9,1,5,59973,70808,14.8,16.4,845,1030,25.5,31.3,-10835,10835,1808.7095238095235,2135.479365079365,Darius,Skarner,Akali,Swain,Rell,Aurora,Viego,Azir,Jinx,Poppy,Stridebreaker,Sterak's Gage,Null-Magic Mantle,Boots of Swiftness,Doran's Shield,"Jak'Sho, The Protean",Oracle Lens,Randuin's Omen,Heartsteel,Mercury's Treads,Negatron Cloak,Spectre's Cowl,No_Item,Oracle Lens,Blighting Jewel,Stormsurge,Zhonya's Hourglass,Sorcerer's Shoes,Needlessly Large Rod,Shadowflame,Oracle Lens,Cosmic Drive,No_Item,Zhonya's Hourglass,Sorcerer's Shoes,Malignance,No_Item,Farsight Alteration,Locket of the Iron Solari,Solstice Sleigh,Ionian Boots of Lucidity,No_Item,Zeke's Convergence,Abyssal Mask,Oracle Lens,Boots of Swiftness,Luden's Companion,Void Staff,Dark Seal,Shadowflame,Needlessly Large Rod,Farsight Alteration,Sterak's Gage,Tiamat,Wit's End,Mercury's Treads,Kraken Slayer,Tunneler,Oracle Lens,Nashor's Tooth,Liandry's Torment,Zhonya's Hourglass,Sorcerer's Shoes,Needlessly Large Rod,No_Item,Farsight Alteration,Zeal,Infinity Edge,The Collector,Mortal Reminder,Berserker's Greaves,Maw of Malmortius,Farsight Alteration,Bloodsong,Control Ward,Abyssal Mask,Dead Man's Plate,Synchronized Souls,No_Item,Oracle Lens,Conqueror,Sorcery,Aftershock,Inspiration,Electrocute,Resolve,Conqueror,Resolve,Aftershock,Inspiration,Electrocute,Resolve,Conqueror,Inspiration,Conqueror,Sorcery,Lethal Tempo,Sorcery,Hail of Blades,Inspiration,Flash,Ghost,Smite,Flash,Flash,Teleport,Flash,Ghost,Flash,Ignite,Flash,Teleport,Flash,Smite,Teleport,Flash,Barrier,Flash,Flash,Ignite,1,6,0,0,0,1
https://www.op.gg/summoners/euw/Six10-euw2/matches/34-jfPz6Tmwk4lyOSPId0Mib1e80VfL8fCMYuNzs6NI%3D/1731583803000,1,31,16,16,31,33,59,73,69,26,25,2,2,1,0,10,2,3,2,65041,50027,15.6,13.4,958,870,31.8,28.9,15014,-15014,2158.1786363636365,1659.9868181818183,Aatrox,Viego,Galio,Ezreal,Leona,Camille,Talon,Syndra,Corki,Alistar,Plated Steelcaps,Edge of Night,Ruby Crystal,Caulfield's Warhammer,Profane Hydra,No_Item,Oracle Lens,Plated Steelcaps,Kraken Slayer,Wit's End,Sundered Sky,Death's Dance,No_Item,Oracle Lens,Riftmaker,Zhonya's Hourglass,Plated Steelcaps,Control Ward,Hollow Radiance,Doran's Ring,Oracle Lens,Ionian Boots of Lucidity,Serylda's Grudge,Control Ward,Trinity Force,Muramana,Tunneler,Farsight Alteration,Celestial Opposition,Locket of the Iron Solari,No_Item,Plated Steelcaps,Knight's Vow,Cloth Armor,Oracle Lens,Ravenous Hydra,Long Sword,No_Item,Mercury's Treads,Trinity Force,Sterak's Gage,Oracle Lens,Black Cleaver,Edge of Night,No_Item,Mercury's Treads,Youmuu's Ghostblade,No_Item,Oracle Lens,Cosmic Drive,Blackfire Torch,Dark Seal,Needlessly Large Rod,Sorcerer's Shoes,Doran's Ring,Farsight Alteration,Doran's Blade,Ionian Boots of Lucidity,Trinity Force,Muramana,Lord Dominik's Regards,No_Item,Farsight Alteration,Plated Steelcaps,Celestial Opposition,Control Ward,Locket of the Iron Solari,Kindlegem,Chain Vest,Oracle Lens,Conqueror,Resolve,Conqueror,Inspiration,Aftershock,Sorcery,Press the Attack,Sorcery,Glacial Augment,Resolve,Grasp of the Undying,Inspiration,Conqueror,Inspiration,Arcane Comet,Precision,Fleet Footwork,Inspiration,Aftershock,Inspiration,Teleport,Flash,Smite,Flash,Flash,Teleport,Flash,Barrier,Flash,Ignite,Teleport,Flash,Flash,Smite,Flash,Teleport,Flash,Cleanse,Ignite,Flash,1,6,2,0,0,0
https://www.op.gg/summoners/euw/Six10-euw2/matches/34-jfPz6TmxDPaGMUZjOv7NQKv7gwAzz8bP0D8WbmFk%3D/1731529478000,1,22,7,7,22,11,35,62,51,15,14,3,0,0,0,6,0,3,0,44031,33588,12.2,11.2,702,650,33.3,30.9,10443,-10443,2099.1523255813954,1601.288372093023,Smolder,Viego,Galio,Corki,Poppy,K'Sante,Kha'Zix,Swain,Jhin,Rell,Doran's Blade,Plated Steelcaps,Muramana,Trinity Force,Scout's Slingshot,Dagger,Stealth Ward,Kraken Slayer,Boots of Swiftness,Sundered Sky,Steel Sigil,Long Sword,Long Sword,Oracle Lens,Doran's Shield,Plated Steelcaps,Refillable Potion,Hollow Radiance,Fiendish Codex,Haunting Guise,Oracle Lens,Manamune,Plated Steelcaps,Trinity Force,Scout's Slingshot,Dagger,Doran's Blade,Farsight Alteration,Bloodsong,Control Ward,Null-Magic Mantle,Dead Man's Plate,Kindlegem,Synchronized Souls,Oracle Lens,Doran's Shield,Refillable Potion,Chain Vest,Iceborn Gauntlet,Giant's Belt,Plated Steelcaps,Stealth Ward,Youmuu's Ghostblade,Opportunity,Ionian Boots of Lucidity,No_Item,No_Item,No_Item,Oracle Lens,Plated Steelcaps,Fimbulwinter,Rylai's Crystal Scepter,Amplifying Tome,No_Item,No_Item,Farsight Alteration,Youmuu's Ghostblade,Cloak of Agility,Boots of Swiftness,Doran's Blade,Pickaxe,Serrated Dirk,Farsight Alteration,Boots of Swiftness,Control Ward,Celestial Opposition,Zeke's Convergence,Ruby Crystal,No_Item,Oracle Lens,Grasp of the Undying,Sorcery,Conqueror,Inspiration,Aftershock,Sorcery,Conqueror,Inspiration,Hail of Blades,Inspiration,Grasp of the Undying,Inspiration,Dark Harvest,Inspiration,Conqueror,Sorcery,Dark Harvest,Precision,Aftershock,Inspiration,Teleport,Flash,Flash,Smite,Flash,Teleport,Flash,Barrier,Flash,Ignite,Flash,Teleport,Flash,Smite,Teleport,Flash,Flash,Barrier,Flash,Ignite,1,6,1,0,0,0
https://www.op.gg/summoners/euw/Six10-euw2/matches/34-jfPz6TmxdSzhL5srHWKFO9qG4TnKKEX-obhjkZLI%3D/1731523837000,1,30,36,36,30,56,34,69,82,36,21,1,2,1,0,10,3,2,2,67186,57661,15.6,14.8,1013,864,34.6,29.400000000000002,9525,-9525,2293.591034482759,1968.4272413793105,Garen,Karthus,Corki,Draven,Nautilus,Rumble,Kayn,Orianna,Ezreal,Rell,Stridebreaker,Immortal Shieldbow,Boots of Swiftness,Phantom Dancer,Mortal Reminder,Infinity Edge,Oracle Lens,Sorcerer's Shoes,Shadowflame,Oblivion Orb,Blackfire Torch,Needlessly Large Rod,Needlessly Large Rod,Oracle Lens,Rapid Firecannon,Muramana,Mercury's Treads,Trinity Force,Control Ward,No_Item,Farsight Alteration,Infinity Edge,Youmuu's Ghostblade,Bloodthirster,Pickaxe,Berserker's Greaves,Noonquiver,Farsight Alteration,Bloodsong,Locket of the Iron Solari,Control Ward,Plated Steelcaps,Abyssal Mask,Giant's Belt,Oracle Lens,Sorcerer's Shoes,Zhonya's Hourglass,Amplifying Tome,Riftmaker,Liandry's Torment,Doran's Ring,Oracle Lens,Spear of Shojin,Black Cleaver,Plated Steelcaps,Steel Sigil,No_Item,No_Item,Stealth Ward,Control Ward,Zhonya's Hourglass,Luden's Companion,Needlessly Large Rod,Sorcerer's Shoes,Shadowflame,Farsight Alteration,Caulfield's Warhammer,Trinity Force,Muramana,Bloodthirster,Last Whisper,Ionian Boots of Lucidity,Farsight Alteration,Locket of the Iron Solari,Celestial Opposition,Control Ward,Boots of Swiftness,Zeke's Convergence,Kindlegem,Oracle Lens,Phase Rush,Resolve,Dark Harvest,Precision,Conqueror,Inspiration,Press the Attack,Inspiration,Aftershock,Inspiration,Arcane Comet,Resolve,Conqueror,Inspiration,Arcane Comet,Inspiration,Conqueror,Inspiration,Aftershock,Inspiration,Ignite,Flash,Flash,Smite,Teleport,Flash,Flash,Barrier,Flash,Ignite,Ignite,Flash,Flash,Smite,Flash,Teleport,Flash,Barrier,Flash,Ignite,1,5,3,0,1,0
https://www.op.gg/summoners/euw/Six10-euw2/matches/34-jfPz6Tmz8K1_dUpFJIF_IlwaGJ-1lp0jdnOKPYqQ%3D/1731517786000,1,28,23,23,28,47,49,58,41,10,17,1,3,1,0,8,1,2,3,51051,41976,12.6,11.4,650,614,28.200000000000003,26.7,9075,-9075,2207.610810810811,1815.1783783783783,Poppy,Viego,Swain,Lux,Rell,Ryze,Vi,Ambessa,Jinx,Tahm Kench,Kaenic Rookern,Plated Steelcaps,Fimbulwinter,Frozen Heart,Control Ward,Doran's Shield,Stealth Ward,Titanic Hydra,Kraken Slayer,Plated Steelcaps,Tunneler,Pickaxe,Ruby Crystal,Oracle Lens,Doran's Ring,Fimbulwinter,Shattered Armguard,Boots of Swiftness,Needlessly Large Rod,Rylai's Crystal Scepter,Farsight Alteration,Doran's Ring,Malignance,Blighting Jewel,Horizon Focus,Sorcerer's Shoes,Dark Seal,Farsight Alteration,Ionian Boots of Lucidity,Bloodsong,No_Item,Ruby Crystal,Cloth Armor,Warmog's Armor,Oracle Lens,Doran's Ring,Refillable Potion,Mercury's Treads,Seraph's Embrace,Cosmic Drive,No_Item,Farsight Alteration,Black Cleaver,Sundered Sky,Control Ward,Slightly Magical Footwear,Tunneler,No_Item,Oracle Lens,Doran's Shield,Voltaic Cyclosword,Mercury's Treads,Death's Dance,No_Item,No_Item,Oracle Lens,Executioner's Calling,Cloak of Agility,Berserker's Greaves,Kraken Slayer,Runaan's Hurricane,Last Whisper,Farsight Alteration,Mercury's Treads,Locket of the Iron Solari,Kindlegem,Solstice Sleigh,Cloth Armor,Control Ward,Oracle Lens,Grasp of the Undying,Sorcery,Conqueror,Inspiration,Conqueror,Sorcery,Dark Harvest,Sorcery,Glacial Augment,Resolve,Phase Rush,Precision,Conqueror,Inspiration,Conqueror,Resolve,Lethal Tempo,Sorcery,Guardian,Inspiration,Flash,Teleport,Flash,Smite,Teleport,Flash,Flash,Teleport,Flash,Ignite,Flash,Teleport,Smite,Flash,Flash,Teleport,Flash,Cleanse,Ignite,Flash,1,6,1,0,0,0
https://www.op.gg/summoners/euw/Six10-euw2/matches/34-jfPz6TmxqS_6UFFznweBgjdlKrfCrZeCdQXSJyq0%3D/1731514239000,1,42,25,25,42,36,66,93,84,46,35,4,1,1,1,10,8,5,2,78615,71996,16.8,16.6,1103,1070,29.8,29.1,6619,-6619,2109.1829268292686,1931.6000000000004,Varus,Xin Zhao,Orianna,Draven,Lulu,Gragas,Taliyah,Ezreal,Aphelios,Thresh,Zhonya's Hourglass,Nashor's Tooth,Sorcerer's Shoes,Riftmaker,Doran's Blade,Dark Seal,Farsight Alteration,Mercury's Treads,No_Item,Titanic Hydra,Frozen Heart,Spirit Visage,Maw of Malmortius,Oracle Lens,Horizon Focus,Luden's Companion,No_Item,Shadowflame,Rabadon's Deathcap,Sorcerer's Shoes,Farsight Alteration,Phantom Dancer,Infinity Edge,Lord Dominik's Regards,Bloodthirster,Berserker's Greaves,The Collector,Farsight Alteration,Dream Maker,Shurelya's Battlesong,Boots of Swiftness,Redemption,Ardent Censer,Forbidden Idol,Oracle Lens,Ionian Boots of Lucidity,Zhonya's Hourglass,Needlessly Large Rod,Abyssal Mask,Cosmic Drive,Fimbulwinter,Oracle Lens,Luden's Companion,Shattered Armguard,Horizon Focus,Rabadon's Deathcap,Void Staff,Sorcerer's Shoes,Oracle Lens,Serylda's Grudge,Muramana,Trinity Force,Vampiric Scepter,Spear of Shojin,Ionian Boots of Lucidity,Farsight Alteration,Infinity Edge,Yun Tal Wildarrows,The Collector,Boots of Swiftness,Runaan's Hurricane,Last Whisper,Farsight Alteration,Celestial Opposition,Locket of the Iron Solari,Redemption,Plated Steelcaps,Knight's Vow,Control Ward,Oracle Lens,Lethal Tempo,Resolve,Conqueror,Inspiration,Summon Aery,Precision,Lethal Tempo,Domination,Summon Aery,Precision,Arcane Comet,Inspiration,First Strike,Domination,Press the Attack,Inspiration,Fleet Footwork,Domination,Aftershock,Inspiration,Flash,Barrier,Flash,Smite,Teleport,Flash,Flash,Barrier,Flash,Heal,Teleport,Flash,Smite,Flash,Flash,Teleport,Flash,Barrier,Flash,Ignite,1,5,3,0,1,1
https://www.op.gg/summoners/euw/Six10-euw2/matches/34-jfPz6TmwwevTV1Mz_LbJxfwybrQmo2togtEv7hRo%3D/1731510943000,0,16,20,20,16,38,18,83,50,23,26,2,1,0,1,7,4,2,2,46418,47524,12.2,13.4,807,774,33.199999999999996,31.8,-1106,1106,1904.8896226415093,1950.2773584905658,Galio,Elise,Jayce,Ezreal,Pyke,Garen,Jarvan IV,Sylas,Jinx,Lulu,Doran's Ring,Hollow Radiance,Tear of the Goddess,Giant's Belt,Plated Steelcaps,Chain Vest,Stealth Ward,Needlessly Large Rod,Stormsurge,Sorcerer's Shoes,Dark Seal,Shadowflame,No_Item,Oracle Lens,Muramana,Ionian Boots of Lucidity,Youmuu's Ghostblade,Doran's Blade,Pickaxe,Serrated Dirk,Farsight Alteration,Tunneler,Ionian Boots of Lucidity,Trinity Force,Doran's Blade,Serylda's Grudge,Muramana,Farsight Alteration,Umbral Glaive,Bloodsong,Ionian Boots of Lucidity,Control Ward,Serrated Dirk,Ruby Crystal,Oracle Lens,Stridebreaker,Dead Man's Plate,Phantom Dancer,Berserker's Greaves,No_Item,No_Item,Oracle Lens,No_Item,No_Item,Cloth Armor,Sundered Sky,Eclipse,Plated Steelcaps,Stealth Ward,Doran's Ring,Hextech Rocketbelt,Shattered Armguard,Riftmaker,Mercury's Treads,Dark Seal,Oracle Lens,Doran's Blade,Berserker's Greaves,Kraken Slayer,Phantom Dancer,Cloak of Agility,No_Item,Farsight Alteration,Dream Maker,Control Ward,Forbidden Idol,Moonstone Renewer,Ionian Boots of Lucidity,Kindlegem,Oracle Lens,Aftershock,Sorcery,Dark Harvest,Precision,Electrocute,Sorcery,Press the Attack,Inspiration,Hail of Blades,Inspiration,Phase Rush,Resolve,Conqueror,Inspiration,Conqueror,Sorcery,Lethal Tempo,Sorcery,Summon Aery,Resolve,Teleport,Flash,Flash,Smite,Flash,Teleport,Flash,Barrier,Ignite,Flash,Ignite,Flash,Smite,Flash,Teleport,Flash,Flash,Barrier,Flash,Heal,1,6,0,0,0,0
https://www.op.gg/summoners/euw/Six10-euw2/matches/34-jfPz6TmwPbfq8eSCE29d0Kv_F3H4kmAhWU3px5yI%3D/1731501713000,0,7,14,14,7,20,9,33,47,12,8,1,1,0,0,2,4,1,1,30607,35789,9.8,10.8,558,602,31.599999999999998,34.1,-5182,5182,1740.773125,2035.4993749999999,Jax,Wukong,Aurora,Draven,Lulu,Dr. Mundo,Viego,Ezreal,Kog'Maw,Karma,Doran's Shield,Tunneler,Long Sword,Boots,No_Item,Trinity Force,Stealth Ward,Gustwalker Hatchling,Trinity Force,Tunneler,Slightly Magical Footwear,Long Sword,Long Sword,Oracle Lens,Malignance,Refillable Potion,Doran's Ring,Mercury's Treads,Amplifying Tome,No_Item,Oracle Lens,Bloodthirster,Noonquiver,Pickaxe,Doran's Blade,Berserker's Greaves,Long Sword,Stealth Ward,Refillable Potion,Control Ward,Dream Maker,Moonstone Renewer,Boots of Swiftness,No_Item,Oracle Lens,Warmog's Armor,Heartsteel,Plated Steelcaps,Tunneler,No_Item,No_Item,Farsight Alteration,Sundered Sky,Plated Steelcaps,Control Ward,Kraken Slayer,Pickaxe,No_Item,Oracle Lens,Doran's Blade,Trinity Force,Ionian Boots of Lucidity,Caulfield's Warhammer,Long Sword,Tear of the Goddess,Stealth Ward,Doran's Ring,Luden's Companion,Control Ward,Sorcerer's Shoes,Lost Chapter,Tear of the Goddess,Farsight Alteration,Zaz'Zak's Realmspike,Shurelya's Battlesong,Ruby Crystal,Ionian Boots of Lucidity,Control Ward,No_Item,Oracle Lens,Grasp of the Undying,Sorcery,Conqueror,Inspiration,Electrocute,Sorcery,Press the Attack,Domination,Summon Aery,Resolve,Grasp of the Undying,Inspiration,Conqueror,Inspiration,Press the Attack,Inspiration,Arcane Comet,Precision,Arcane Comet,Domination,Flash,Teleport,Smite,Flash,Teleport,Flash,Flash,Exhaust,Heal,Flash,Flash,Teleport,Flash,Smite,Flash,Barrier,Flash,Teleport,Flash,Heal,1,5,0,0,1,0
https://www.op.gg/summoners/euw/Six10-euw2/matches/34-jfPz6TmwqhfTLeguOuRrX0gJWQcBo8Y3mnayukuU%3D/1731499544000,1,19,10,10,19,9,22,37,42,14,11,1,1,0,0,3,2,1,1,36729,31133,11.0,10.0,594,532,34.9,31.3,5596,-5596,2163.879069767442,1834.1922480620156,Tryndamere,Udyr,Orianna,Xayah,Rakan,Darius,Viego,Ryze,Fiora,Pyke,Refillable Potion,Doran's Shield,Ravenous Hydra,Plated Steelcaps,Zeal,Dagger,Farsight Alteration,Liandry's Torment,Ruby Crystal,Plated Steelcaps,No_Item,Cloth Armor,No_Item,Oracle Lens,Doran's Ring,Dark Seal,Luden's Companion,Refillable Potion,Sorcerer's Shoes,Hextech Alternator,Farsight Alteration,Doran's Blade,Navori Flickerblade,No_Item,No_Item,Berserker's Greaves,Essence Reaver,Farsight Alteration,Zeke's Convergence,Ionian Boots of Lucidity,Kindlegem,Solstice Sleigh,No_Item,Cloth Armor,Oracle Lens,Stridebreaker,No_Item,Ruby Crystal,Doran's Shield,Plated Steelcaps,Ruby Crystal,Oracle Lens,Control Ward,Kraken Slayer,Glowing Mote,Hearthbound Axe,Phage,Slightly Magical Footwear,Oracle Lens,Rod of Ages,Refillable Potion,Tear of the Goddess,Lost Chapter,Boots of Swiftness,Fiendish Codex,Stealth Ward,Doran's Blade,Ravenous Hydra,Plated Steelcaps,Long Sword,No_Item,No_Item,Farsight Alteration,Celestial Opposition,Youmuu's Ghostblade,Boots of Swiftness,No_Item,No_Item,No_Item,Oracle Lens,Grasp of the Undying,Precision,Conqueror,Inspiration,Arcane Comet,Precision,Lethal Tempo,Inspiration,Guardian,Sorcery,Conqueror,Sorcery,Conqueror,Inspiration,Phase Rush,Inspiration,Fleet Footwork,Domination,Hail of Blades,Sorcery,Ignite,Flash,Flash,Smite,Teleport,Flash,Cleanse,Flash,Flash,Ignite,Flash,Ghost,Flash,Smite,Flash,Teleport,Barrier,Flash,Flash,Ignite,0,6,0,0,0,0
https://www.op.gg/summoners/euw/Six10-euw2/matches/34-jfPz6TmwpBzkNPLcPXr5gy_PtUEWYhRtsrfHOcFk%3D/1731497537000,0,3,16,16,3,22,4,32,33,6,9,0,2,0,0,0,1,0,2,23734,29316,9.0,9.6,503,486,32.4,31.4,-5582,5582,1530.6710144927536,1890.6695652173914,Gnar,Elise,Corki,Ezreal,Rell,Kayle,Vi,Ahri,Jinx,Nautilus,Doran's Shield,Phage,Plated Steelcaps,Sheen,Long Sword,Long Sword,Stealth Ward,Stormsurge,Hextech Alternator,Control Ward,Gustwalker Hatchling,Boots,No_Item,Oracle Lens,Doran's Blade,Trinity Force,Boots,Refillable Potion,Long Sword,Long Sword,Farsight Alteration,Doran's Blade,Slightly Magical Footwear,Trinity Force,Tear of the Goddess,Long Sword,No_Item,Stealth Ward,Celestial Opposition,Mercury's Treads,Kindlegem,No_Item,Cloth Armor,No_Item,Oracle Lens,Dark Seal,Doran's Ring,Control Ward,Boots,Nashor's Tooth,Dagger,Stealth Ward,Gustwalker Hatchling,Mercury's Treads,No_Item,Ruby Crystal,Long Sword,Sundered Sky,Oracle Lens,Refillable Potion,No_Item,Sorcerer's Shoes,Dark Seal,Stormsurge,Doran's Ring,Oracle Lens,Berserker's Greaves,The Collector,Pickaxe,Doran's Blade,No_Item,No_Item,Farsight Alteration,No_Item,Boots,Celestial Opposition,Locket of the Iron Solari,Ruby Crystal,No_Item,Oracle Lens,Grasp of the Undying,Precision,Dark Harvest,Precision,Conqueror,Inspiration,Press the Attack,Inspiration,Aftershock,Inspiration,Fleet Footwork,Resolve,Hail of Blades,Precision,Electrocute,Sorcery,Lethal Tempo,Sorcery,Aftershock,Inspiration,Flash,Teleport,Flash,Smite,Teleport,Flash,Flash,Barrier,Flash,Ignite,Teleport,Flash,Flash,Smite,Flash,Teleport,Cleanse,Flash,Flash,Ignite,0,3,0,0,3,0
https://www.op.gg/summoners/euw/Six10-euw2/matches/34-jfPz6TmwRqFWoYyRli95xEqEP3bxDeXHl4J1-IbQ%3D/1731451761000,1,28,18,19,28,38,48,64,58,23,18,1,2,1,0,10,2,2,2,54884,42355,13.8,12.0,790,644,32.7,26.5,12529,-12529,2264.4447552447555,1747.5139860139861,Shen,Viego,Orianna,Kai'Sa,Rell,Aurora,Graves,Seraphine,Ashe,Maokai,Plated Steelcaps,No_Item,Doran's Shield,Null-Magic Mantle,Heartsteel,Sunfire Aegis,Stealth Ward,Kraken Slayer,Titanic Hydra,Mercury's Treads,Sterak's Gage,No_Item,Control Ward,Oracle Lens,Luden's Companion,Hextech Alternator,Rabadon's Deathcap,Aether Wisp,Mercury's Treads,Dark Seal,Farsight Alteration,Nashor's Tooth,Statikk Shiv,Needlessly Large Rod,Berserker's Greaves,Guinsoo's Rageblade,Doran's Blade,Farsight Alteration,Celestial Opposition,Locket of the Iron Solari,Control Ward,Ionian Boots of Lucidity,Thornmail,Kindlegem,Oracle Lens,Doran's Ring,Malignance,Sorcerer's Shoes,Dark Seal,Hextech Alternator,Needlessly Large Rod,Oracle Lens,Maw of Malmortius,The Collector,Youmuu's Ghostblade,No_Item,Boots,No_Item,Oracle Lens,Sapphire Crystal,Tear of the Goddess,Ionian Boots of Lucidity,Rylai's Crystal Scepter,Glowing Mote,Blackfire Torch,Farsight Alteration,Berserker's Greaves,Long Sword,Cull,Kraken Slayer,Statikk Shiv,Doran's Blade,Farsight Alteration,Solstice Sleigh,Locket of the Iron Solari,Crystalline Bracer,Giant's Belt,Mercury's Treads,Winged Moonplate,Oracle Lens,Grasp of the Undying,Inspiration,Conqueror,Inspiration,Arcane Comet,Precision,Press the Attack,Inspiration,Aftershock,Inspiration,Grasp of the Undying,Precision,Dark Harvest,Precision,Conqueror,Sorcery,Lethal Tempo,Inspiration,Aftershock,Inspiration,Flash,Ignite,Flash,Smite,Teleport,Flash,Flash,Cleanse,Flash,Ignite,Teleport,Flash,Flash,Smite,Flash,Teleport,Barrier,Flash,Flash,Ignite,1,3,1,0,3,0
https://www.op.gg/summoners/euw/Six10-euw2/matches/34-jfPz6Tmxz32JCxIA0HJgz-zRxG-oqb6YCZOCMU18%3D/1731449548000,0,25,39,39,25,80,38,66,74,27,29,0,3,0,1,5,7,0,4,54198,62092,13.6,15.2,769,841,26.3,28.6,-7894,7894,1853.5246753246754,2123.4926406926406,Camille,Viego,Akali,Anivia,Alistar,Sylas,Nocturne,Renekton,Ashe,Rell,Steel Sigil,Ravenous Hydra,Sterak's Gage,Plated Steelcaps,No_Item,Trinity Force,Stealth Ward,Death's Dance,Kraken Slayer,Plated Steelcaps,Chempunk Chainsword,Long Sword,Control Ward,Oracle Lens,Lich Bane,Hextech Rocketbelt,Sorcerer's Shoes,Needlessly Large Rod,Dark Seal,Hextech Alternator,Oracle Lens,Seraph's Embrace,Sorcerer's Shoes,Rod of Ages,Haunting Guise,Dark Seal,Fated Ashes,Farsight Alteration,Zeke's Convergence,Locket of the Iron Solari,Ionian Boots of Lucidity,Celestial Opposition,No_Item,Bramble Vest,Oracle Lens,Doran's Ring,Hextech Rocketbelt,Lich Bane,Cosmic Drive,Riftmaker,Sorcerer's Shoes,Oracle Lens,Plated Steelcaps,No_Item,Stridebreaker,Black Cleaver,Experimental Hexplate,Steel Sigil,Farsight Alteration,Sterak's Gage,Eclipse,Null-Magic Mantle,Plated Steelcaps,Black Cleaver,No_Item,Oracle Lens,Bloodthirster,Control Ward,No_Item,Kraken Slayer,Statikk Shiv,Berserker's Greaves,Farsight Alteration,Celestial Opposition,Control Ward,Warmog's Armor,Locket of the Iron Solari,Ionian Boots of Lucidity,No_Item,Oracle Lens,Grasp of the Undying,Inspiration,Conqueror,Inspiration,Electrocute,Resolve,Phase Rush,Precision,Aftershock,Inspiration,Conqueror,Resolve,Lethal Tempo,Domination,Conqueror,Resolve,Press the Attack,Inspiration,Aftershock,Inspiration,Teleport,Ignite,Flash,Smite,Flash,Teleport,Flash,Teleport,Ignite,Flash,Teleport,Flash,Flash,Smite,Flash,Teleport,Flash,Barrier,Flash,Ignite,1,3,0,0,3,1
https://www.op.gg/summoners/euw/Six10-euw2/matches/34-jfPz6TmxUXOC8rsuyH88Zx5_rSEAPerYbYwO4NnI%3D/1731447155000,0,13,28,28,13,35,6,37,45,7,8,0,0,0,0,2,5,0,0,32465,41856,10.6,11.6,509,599,27.3,32.2,-9391,9391,1740.1239999999998,2243.4816,Gnar,Elise,Corki,Samira,Blitzcrank,Yone,Wukong,Anivia,Caitlyn,Lux,Refillable Potion,Trinity Force,Long Sword,Doran's Blade,Mercury's Treads,No_Item,Stealth Ward,Scorchclaw Pup,Stormsurge,Sorcerer's Shoes,Dark Seal,Shadowflame,No_Item,Oracle Lens,Doran's Blade,Tear of the Goddess,Trinity Force,Refillable Potion,Plated Steelcaps,Long Sword,Farsight Alteration,Doran's Blade,The Collector,Boots,B. F. Sword,Pickaxe,No_Item,Farsight Alteration,Kindlegem,Bloodsong,Null-Magic Mantle,Boots of Swiftness,Cloth Armor,Control Ward,Oracle Lens,Blade of The Ruined King,Refillable Potion,Long Sword,Berserker's Greaves,Pickaxe,No_Item,Stealth Ward,Trinity Force,Sundered Sky,Plated Steelcaps,No_Item,No_Item,Ruby Crystal,Oracle Lens,Doran's Ring,Rod of Ages,Tear of the Goddess,Dark Seal,Lost Chapter,Sorcerer's Shoes,Farsight Alteration,Doran's Blade,Infinity Edge,Berserker's Greaves,Zeal,The Collector,Dagger,Farsight Alteration,Luden's Companion,Boots of Swiftness,Cloth Armor,Zaz'Zak's Realmspike,Dark Seal,Control Ward,Oracle Lens,Grasp of the Undying,Precision,Dark Harvest,Precision,Conqueror,Inspiration,Conqueror,Domination,Glacial Augment,Resolve,Fleet Footwork,Resolve,Conqueror,Inspiration,Phase Rush,Precision,Lethal Tempo,Sorcery,Arcane Comet,Precision,Flash,Teleport,Flash,Smite,Teleport,Flash,Flash,Barrier,Flash,Ignite,Flash,Teleport,Flash,Smite,Flash,Teleport,Flash,Barrier,Flash,Heal,0,3,0,1,3,0
https://www.op.gg/summoners/euw/Six10-euw2/matches/34-jfPz6TmxDMOKpTTVLzaYhENGgmr3swE8gGiK-pfo%3D/1731445001000,0,24,36,36,24,68,40,81,79,29,43,2,3,0,1,6,9,2,4,63780,69599,15.8,16.6,1066,1012,32.0,30.3,-5819,5819,1900.3836734693878,2073.76612244898,Renekton,Xin Zhao,Azir,Corki,Lulu,Jax,Wukong,Orianna,Jhin,Nami,Doran's Shield,Plated Steelcaps,Stridebreaker,Black Cleaver,Sterak's Gage,Spirit Visage,Oracle Lens,Sterak's Gage,Sundered Sky,Plated Steelcaps,Death's Dance,No_Item,No_Item,Stealth Ward,Needlessly Large Rod,Nashor's Tooth,Shadowflame,Sorcerer's Shoes,Needlessly Large Rod,Void Staff,Farsight Alteration,Rapid Firecannon,Muramana,Cloak of Agility,Infinity Edge,Plated Steelcaps,Trinity Force,Farsight Alteration,Control Ward,Shurelya's Battlesong,Forbidden Idol,Ionian Boots of Lucidity,Ardent Censer,Dream Maker,Oracle Lens,Control Ward,Zhonya's Hourglass,Plated Steelcaps,Sundered Sky,Trinity Force,Tunneler,Stealth Ward,Sundered Sky,Trinity Force,Boots of Swiftness,Negatron Cloak,Phage,Kindlegem,Oracle Lens,Blighting Jewel,Zhonya's Hourglass,Blasting Wand,Sorcerer's Shoes,Rabadon's Deathcap,Luden's Companion,Farsight Alteration,Youmuu's Ghostblade,The Collector,Mortal Reminder,Serpent's Fang,Vampiric Scepter,Boots of Swiftness,Farsight Alteration,No_Item,Moonstone Renewer,Dream Maker,Bandleglass Mirror,Imperial Mandate,Ionian Boots of Lucidity,Oracle Lens,Conqueror,Resolve,Conqueror,Inspiration,Summon Aery,Precision,Conqueror,Inspiration,Summon Aery,Resolve,Grasp of the Undying,Sorcery,Conqueror,Inspiration,Summon Aery,Inspiration,Dark Harvest,Precision,Summon Aery,Resolve,Teleport,Flash,Flash,Smite,Teleport,Flash,Barrier,Flash,Flash,Heal,Teleport,Flash,Flash,Smite,Flash,Teleport,Flash,Barrier,Heal,Flash,1,3,0,0,3,1
https://www.op.gg/summoners/euw/Six10-euw2/matches/34-jfPz6TmwSXVLSrDS7mQU1zc6_juPqhZkH4yKtMl8%3D/1731440603000,1,36,22,22,36,29,66,76,74,34,13,2,1,1,0,9,4,3,1,61393,52881,15.0,13.4,858,818,31.2,29.7,8512,-8512,2216.9694444444444,1909.5916666666667,Vladimir,Viego,Galio,Corki,Rell,Irelia,Jarvan IV,Yone,Kog'Maw,Lux,Void Staff,Liandry's Torment,Ionian Boots of Lucidity,Mejai's Soulstealer,Aether Wisp,Doran's Ring,Stealth Ward,The Collector,Sundered Sky,Trinity Force,Cloak of Agility,Immortal Shieldbow,Slightly Magical Footwear,Oracle Lens,Sunfire Aegis,Frozen Heart,Bramble Vest,Chain Vest,Ruby Crystal,Plated Steelcaps,Oracle Lens,Essence Reaver,Refillable Potion,No_Item,Berserker's Greaves,Bloodthirster,Infinity Edge,Farsight Alteration,Thornmail,Celestial Opposition,Control Ward,Dead Man's Plate,Plated Steelcaps,Ruby Crystal,Oracle Lens,Sundered Sky,Long Sword,Mercury's Treads,Blade of The Ruined King,Wit's End,Ruby Crystal,Stealth Ward,Control Ward,Eclipse,Sundered Sky,Ionian Boots of Lucidity,Ruby Crystal,Tunneler,Oracle Lens,Doran's Blade,Kraken Slayer,Berserker's Greaves,Immortal Shieldbow,No_Item,Infinity Edge,Farsight Alteration,Doran's Ring,Needlessly Large Rod,Seraph's Embrace,Luden's Companion,Sorcerer's Shoes,Amplifying Tome,Farsight Alteration,Mercury's Treads,Redemption,Celestial Opposition,Oblivion Orb,Control Ward,Locket of the Iron Solari,Oracle Lens,Summon Aery,Precision,Conqueror,Inspiration,Aftershock,Sorcery,Hail of Blades,Sorcery,Aftershock,Inspiration,Conqueror,Resolve,Conqueror,Inspiration,Fleet Footwork,Resolve,Arcane Comet,Precision,Aftershock,Domination,Flash,Ignite,Smite,Flash,Teleport,Flash,Barrier,Flash,Flash,Ignite,Flash,Teleport,Smite,Flash,Teleport,Flash,Teleport,Flash,Flash,Heal,0,3,1,1,3,0
https://www.op.gg/summoners/euw/Six10-euw2/matches/34-jfPz6Tmw7bXe5xCUjlozpP17PHSrCAtY9Qm7DatI%3D/1731434159000,0,12,20,20,12,36,13,74,80,28,33,4,1,0,1,3,10,4,2,50676,60539,14.2,15.0,978,958,33.1,32.5,-9863,9863,1719.3642857142859,2054.0017857142857,Rumble,Wukong,Yone,Caitlyn,Lux,Camille,Graves,Azir,Ziggs,Nautilus,Shadowflame,Rabadon's Deathcap,Dark Seal,Sorcerer's Shoes,Liandry's Torment,Control Ward,Oracle Lens,Sundered Sky,Trinity Force,No_Item,Ruby Crystal,Slightly Magical Footwear,No_Item,Oracle Lens,Stridebreaker,Berserker's Greaves,Blade of The Ruined King,Ruby Crystal,No_Item,No_Item,Oracle Lens,Doran's Blade,The Collector,Rapid Firecannon,Infinity Edge,Long Sword,Berserker's Greaves,Farsight Alteration,Ionian Boots of Lucidity,Dark Seal,No_Item,Luden's Companion,Aether Wisp,Zaz'Zak's Realmspike,Oracle Lens,Ravenous Hydra,Trinity Force,Sterak's Gage,Null-Magic Mantle,No_Item,Boots,Oracle Lens,Youmuu's Ghostblade,Control Ward,Boots of Swiftness,Immortal Shieldbow,Infinity Edge,The Collector,Oracle Lens,Needlessly Large Rod,Nashor's Tooth,Zhonya's Hourglass,Sorcerer's Shoes,No_Item,Shadowflame,Farsight Alteration,Shadowflame,Needlessly Large Rod,Sorcerer's Shoes,Luden's Companion,Tear of the Goddess,Dark Seal,Farsight Alteration,Celestial Opposition,No_Item,Kindlegem,Warmog's Armor,Mercury's Treads,Null-Magic Mantle,Oracle Lens,Arcane Comet,Resolve,Conqueror,Inspiration,Lethal Tempo,Resolve,Fleet Footwork,Sorcery,Arcane Comet,Domination,Press the Attack,Resolve,Dark Harvest,Precision,Summon Aery,Precision,Arcane Comet,Precision,Aftershock,Inspiration,Flash,Teleport,Flash,Smite,Flash,Teleport,Flash,Barrier,Flash,Heal,Flash,Teleport,Smite,Flash,Teleport,Flash,Flash,Teleport,Ignite,Flash,1,3,0,0,3,2
https://www.op.gg/summoners/euw/Six10-euw2/matches/34-jfPz6TmxpRHG9iRrXEDAokpq7mEhuvNacDKpFdjE%3D/1731431609000,0,18,25,25,18,35,33,59,66,19,19,0,3,1,0,0,10,1,3,46282,55984,13.6,14.0,750,868,28.8,33.4,-9702,9702,1776.480808080808,2148.880808080808,Jax,Wukong,Cassiopeia,Ezreal,Rell,Kennen,Zac,Corki,Fiora,Rakan,Trinity Force,Caulfield's Warhammer,Mercury's Treads,Tunneler,Ruby Crystal,No_Item,Stealth Ward,Mercury's Treads,Trinity Force,Black Cleaver,Sundered Sky,Ruby Crystal,No_Item,Oracle Lens,Doran's Ring,Liandry's Torment,Dark Seal,Giant's Belt,Amplifying Tome,Seraph's Embrace,Stealth Ward,Doran's Blade,Ionian Boots of Lucidity,Trinity Force,Muramana,Last Whisper,Long Sword,Farsight Alteration,Locket of the Iron Solari,Celestial Opposition,Control Ward,Kindlegem,Ionian Boots of Lucidity,Chain Vest,Oracle Lens,Hextech Rocketbelt,Shattered Armguard,Needlessly Large Rod,Sorcerer's Shoes,Liandry's Torment,Dark Seal,Oracle Lens,Spirit Visage,Sunfire Aegis,Ionian Boots of Lucidity,Dark Seal,Cloth Armor,Thornmail,Oracle Lens,Doran's Blade,Trinity Force,Muramana,Rapid Firecannon,Plated Steelcaps,Cloak of Agility,Farsight Alteration,Doran's Blade,Ravenous Hydra,Plated Steelcaps,Voltaic Cyclosword,Serrated Dirk,No_Item,Oracle Lens,Celestial Opposition,Locket of the Iron Solari,Mercury's Treads,Redemption,Kindlegem,Control Ward,Oracle Lens,Grasp of the Undying,Sorcery,Conqueror,Inspiration,Conqueror,Sorcery,Press the Attack,Inspiration,Aftershock,Inspiration,Summon Aery,Resolve,Aftershock,Precision,Conqueror,Inspiration,Fleet Footwork,Domination,Guardian,Domination,Teleport,Flash,Flash,Smite,Flash,Teleport,Flash,Exhaust,Ignite,Flash,Flash,Teleport,Flash,Smite,Teleport,Flash,Barrier,Flash,Flash,Ignite,0,3,0,1,3,3
https://www.op.gg/summoners/euw/Six10-euw2/matches/34-jfPz6Tmw2p74WAv3HGFp8gpqPAtjZftTiK86v3Qc%3D/1731428532000,1,31,16,16,31,30,66,75,64,30,19,2,2,2,0,11,4,4,2,65220,52918,16.2,14.6,970,901,31.3,29.2,12302,-12302,2121.9904306220096,1721.733971291866,K'Sante,Viego,Aurora,Kog'Maw,Lulu,Vayne,Kha'Zix,Galio,Ezreal,Maokai,Unending Despair,Kindlegem,Iceborn Gauntlet,Spectre's Cowl,Plated Steelcaps,Negatron Cloak,Farsight Alteration,Titanic Hydra,Kraken Slayer,Sterak's Gage,Plated Steelcaps,Cloth Armor,B. F. Sword,Oracle Lens,Cosmic Drive,Liandry's Torment,Sorcerer's Shoes,Riftmaker,Needlessly Large Rod,Amplifying Tome,Oracle Lens,Doran's Blade,Blade of The Ruined King,Berserker's Greaves,Guinsoo's Rageblade,Terminus,Ruby Crystal,Farsight Alteration,Ionian Boots of Lucidity,Dream Maker,No_Item,Shurelya's Battlesong,Ardent Censer,Forbidden Idol,Oracle Lens,Recurve Bow,Trinity Force,Hearthbound Axe,Boots of Swiftness,Kraken Slayer,Doran's Blade,Farsight Alteration,Long Sword,Hubris,Opportunity,Slightly Magical Footwear,Serylda's Grudge,Serpent's Fang,Oracle Lens,Control Ward,Doran's Ring,Mercury's Treads,Riftmaker,Hollow Radiance,Shattered Armguard,Oracle Lens,Trinity Force,Control Ward,Ionian Boots of Lucidity,Muramana,Spear of Shojin,Doran's Blade,Farsight Alteration,Celestial Opposition,Bramble Vest,Control Ward,Plated Steelcaps,Trailblazer,Ruby Crystal,Oracle Lens,Aftershock,Domination,Conqueror,Inspiration,Conqueror,Sorcery,Lethal Tempo,Resolve,Summon Aery,Resolve,Lethal Tempo,Domination,Dark Harvest,Inspiration,Aftershock,Sorcery,Conqueror,Inspiration,Aftershock,Inspiration,Teleport,Flash,Flash,Smite,Teleport,Flash,Flash,Barrier,Heal,Flash,Ghost,Flash,Smite,Flash,Teleport,Flash,Flash,Barrier,Ignite,Flash,1,0,1,0,6,0
https://www.op.gg/summoners/euw/Six10-euw2/matches/34-jfPz6TmzosDMpTtG9hDnHuAOXG1fX0Q9S5zvmE-w%3D/1731425202000,0,26,27,27,26,58,41,68,75,20,25,3,1,0,1,5,9,3,2,50864,58986,13.8,15.0,790,844,29.2,31.1,-8122,8122,1887.9650655021833,2189.436681222707,Malphite,Udyr,Ambessa,Corki,Rell,Dr. Mundo,Viego,Sylas,Lucian,Rakan,Doran's Ring,Seeker's Armguard,Thornmail,Boots,Sunfire Aegis,No_Item,Farsight Alteration,Boots of Swiftness,Heartsteel,Liandry's Torment,Dark Seal,Kindlegem,Chain Vest,Oracle Lens,Sundered Sky,Voltaic Cyclosword,Mercury's Treads,Death's Dance,No_Item,No_Item,Oracle Lens,Trinity Force,Muramana,Last Whisper,Rapid Firecannon,Plated Steelcaps,Cloak of Agility,Farsight Alteration,Ionian Boots of Lucidity,Locket of the Iron Solari,Zeke's Convergence,Solstice Sleigh,Giant's Belt,No_Item,Oracle Lens,Heartsteel,Warmog's Armor,Boots of Swiftness,Unending Despair,Null-Magic Mantle,Ruby Crystal,Stealth Ward,Kraken Slayer,Sundered Sky,Mercury's Treads,Ruby Crystal,Ruby Crystal,No_Item,Oracle Lens,Riftmaker,Hextech Rocketbelt,Seeker's Armguard,Shadowflame,Sorcerer's Shoes,Dark Seal,Oracle Lens,Essence Reaver,Berserker's Greaves,Pickaxe,Doran's Blade,Kraken Slayer,B. F. Sword,Farsight Alteration,Celestial Opposition,Locket of the Iron Solari,Zeke's Convergence,Ionian Boots of Lucidity,Kindlegem,Chain Vest,Oracle Lens,Arcane Comet,Resolve,Conqueror,Inspiration,Conqueror,Resolve,Conqueror,Inspiration,Aftershock,Inspiration,Grasp of the Undying,Inspiration,Conqueror,Inspiration,Conqueror,Resolve,Press the Attack,Inspiration,Guardian,Domination,Flash,Teleport,Flash,Smite,Flash,Teleport,Flash,Barrier,Ignite,Flash,Flash,Teleport,Flash,Smite,Teleport,Flash,Flash,Barrier,Flash,Heal,1,1,0,0,5,1
https://www.op.gg/summoners/euw/Six10-euw2/matches/34-jfPz6TmxpXpiajP2VR-i76YHNRHnFT7ZlP4Rbp8Q%3D/1731422798000,1,37,30,30,37,70,60,89,86,31,33,3,1,1,1,11,2,4,2,74622,67651,17.0,16.8,1066,1045,31.1,30.6,6971,-6971,2191.280952380953,1986.5769841269844,Olaf,Lee Sin,Orianna,Ezreal,Rell,K'Sante,Viego,Hwei,Ashe,Renata Glasc,Sundered Sky,Randuin's Omen,Plated Steelcaps,Stridebreaker,Kaenic Rookern,Cloth Armor,Farsight Alteration,Sundered Sky,Control Ward,Ionian Boots of Lucidity,Eclipse,Sterak's Gage,Steel Sigil,Stealth Ward,Stormsurge,Seeker's Armguard,Void Staff,Sorcerer's Shoes,Rabadon's Deathcap,Luden's Companion,Farsight Alteration,Ionian Boots of Lucidity,Ravenous Hydra,Trinity Force,Muramana,Serylda's Grudge,Spear of Shojin,Farsight Alteration,Locket of the Iron Solari,Celestial Opposition,Redemption,Watchful Wardstone,Mercury's Treads,Knight's Vow,Oracle Lens,Unending Despair,Iceborn Gauntlet,Thornmail,Plated Steelcaps,Kaenic Rookern,Glacial Buckler,Oracle Lens,Sundered Sky,Kraken Slayer,Plated Steelcaps,Death's Dance,Tunneler,Pickaxe,Oracle Lens,Shadowflame,Dark Seal,Blackfire Torch,Horizon Focus,Sorcerer's Shoes,Blighting Jewel,Farsight Alteration,Kraken Slayer,Phantom Dancer,Bloodthirster,Lord Dominik's Regards,Berserker's Greaves,B. F. Sword,Farsight Alteration,Celestial Opposition,Locket of the Iron Solari,Redemption,Negatron Cloak,Ionian Boots of Lucidity,Kindlegem,Oracle Lens,Conqueror,Inspiration,Conqueror,Inspiration,Arcane Comet,Precision,Conqueror,Sorcery,Aftershock,Inspiration,Grasp of the Undying,Inspiration,Conqueror,Inspiration,Summon Aery,Inspiration,Lethal Tempo,Inspiration,Guardian,Domination,Ghost,Flash,Smite,Flash,Flash,Teleport,Flash,Cleanse,Flash,Ignite,Flash,Teleport,Smite,Flash,Flash,Teleport,Flash,Barrier,Flash,Heal,1,6,3,0,0,0
https://www.op.gg/summoners/euw/Six10-euw2/matches/34-jfPz6TmwDyMHyAek_mOaqAsgwlLmeNQiBJrDtN2g%3D/1731341864000,0,19,23,23,19,42,31,59,66,22,19,1,2,0,1,0,11,1,3,43736,55358,12.8,14.4,758,816,30.9,33.2,-11622,11622,1778.7368421052631,2251.401913875598,Corki,Amumu,Aurora,Lucian,Nami,Malphite,Viego,Katarina,Xayah,Rell,Doran's Blade,Trinity Force,Muramana,Zeal,Plated Steelcaps,Dagger,Farsight Alteration,Control Ward,Sunfire Aegis,Abyssal Mask,Haunting Guise,Ionian Boots of Lucidity,No_Item,Oracle Lens,Doran's Ring,Shadowflame,Sorcerer's Shoes,No_Item,Dark Seal,Malignance,Oracle Lens,Essence Reaver,Navori Flickerblade,Boots,Doran's Blade,Last Whisper,Cloak of Agility,Farsight Alteration,Solstice Sleigh,Redemption,Control Ward,Ionian Boots of Lucidity,Imperial Mandate,No_Item,Oracle Lens,Refillable Potion,No_Item,Plated Steelcaps,Doran's Ring,Sunfire Aegis,Kaenic Rookern,Oracle Lens,Kraken Slayer,Sundered Sky,No_Item,Mercury's Treads,Wit's End,Ruby Crystal,Oracle Lens,Lich Bane,Shadowflame,Rabadon's Deathcap,Dark Seal,Sorcerer's Shoes,Amplifying Tome,Oracle Lens,No_Item,Essence Reaver,Berserker's Greaves,Lord Dominik's Regards,Navori Flickerblade,B. F. Sword,Farsight Alteration,Mercury's Treads,Bloodsong,Control Ward,Warmog's Armor,Kindlegem,Null-Magic Mantle,Oracle Lens,Conqueror,Inspiration,Aftershock,Domination,Electrocute,Sorcery,Press the Attack,Inspiration,Summon Aery,Resolve,Arcane Comet,Resolve,Conqueror,Inspiration,Electrocute,Precision,Lethal Tempo,Inspiration,Glacial Augment,Resolve,Teleport,Flash,Flash,Smite,Flash,Teleport,Flash,Barrier,Flash,Heal,Teleport,Flash,Flash,Smite,Flash,Teleport,Flash,Barrier,Flash,Ignite,1,0,0,0,6,3
