GAME_ID,BLUE_WIN,BLUE_KILLS,RED_KILLS,BLUE_DEATHS,RED_DEATHS,RED_ASSISTS,BLUE_ASSISTS,BLUE_WARDS_PLACED,RED_WARDS_PLACED,BLUE_WARDS_DESTROYED,RED_WARDS_DESTROYED,BLUE_DRAGONS,RED_DRAGONS,BLUE_BARONS,RED_BARONS,BLUE_TOWERS,RED_TOWERS,BLUE_ELITE_MONSTERS,RED_ELITE_MONSTERS,BLUE_TEAM_GOLD,RED_TEAM_GOLD,BLUE_TEAM_LEVEL,RED_TEAM_LEVEL,BLUE_TEAM_CS,RED_TEAM_CS,BLUE_TEAAM_CS_PER_MINUTE,RED_TEAAM_CS_PER_MINUTE,BLUE_GOLD_DIFF,RED_GOLD_DIFF,BLUE_GOLD_PER_MIN,RED_GOLD_PER_MIN,BLUE_TEAM_TOP,BLUE_TEAM_JNG,BLUE_TEAM_MID,BLUE_TEAM_ADC,BLUE_TEAM_SUP,RED_TEAM_TOP,RED_TEAM_JNG,RED_TEAM_MID,RED_TEAM_ADC,RED_TEAM_SUP,BLLUE_TEAM_TOP_ITEM_1,BLLUE_TEAM_TOP_ITEM_2,BLLUE_TEAM_TOP_ITEM_3,BLLUE_TEAM_TOP_ITEM_4,BLLUE_TEAM_TOP_ITEM_5,BLLUE_TEAM_TOP_ITEM_6,BLLUE_TEAM_TOP_ITEM_VISION,BLLUE_TEAM_JNG_ITEM_1,BLLUE_TEAM_JNG_ITEM_2,BLLUE_TEAM_JNG_ITEM_3,BLLUE_TEAM_JNG_ITEM_4,BLLUE_TEAM_JNG_ITEM_5,BLLUE_TEAM_JNG_ITEM_6,BLLUE_TEAM_JNG_ITEM_VISION,BLLUE_TEAM_MID_ITEM_1,BLLUE_TEAM_MID_ITEM_2,BLLUE_TEAM_MID_ITEM_3,BLLUE_TEAM_MID_ITEM_4,BLLUE_TEAM_MID_ITEM_5,BLLUE_TEAM_MID_ITEM_6,BLLUE_TEAM_MID_ITEM_VISION,BLLUE_TEAM_ADC_ITEM_1,BLLUE_TEAM_ADC_ITEM_2,BLLUE_TEAM_ADC_ITEM_3,BLLUE_TEAM_ADC_ITEM_4,BLLUE_TEAM_ADC_ITEM_5,BLLUE_TEAM_ADC_ITEM_6,BLLUE_TEAM_ADC_ITEM_VISION,BLLUE_TEAM_SUP_ITEM_1,BLLUE_TEAM_SUP_ITEM_2,BLLUE_TEAM_SUP_ITEM_3,BLLUE_TEAM_SUP_ITEM_4,BLLUE_TEAM_SUP_ITEM_5,BLLUE_TEAM_SUP_ITEM_6,BLLUE_TEAM_SUP_ITEM_VISION,RED_TEAM_TOP_ITEM_1,RED_TEAM_TOP_ITEM_2,RED_TEAM_TOP_ITEM_3,RED_TEAM_TOP_ITEM_4,RED_TEAM_TOP_ITEM_5,RED_TEAM_TOP_ITEM_6,RED_TEAM_TOP_ITEM_VISION,RED_TEAM_JNG_ITEM_1,RED_TEAM_JNG_ITEM_2,RED_TEAM_JNG_ITEM_3,RED_TEAM_JNG_ITEM_4,RED_TEAM_JNG_ITEM_5,RED_TEAM_JNG_ITEM_6,RED_TEAM_JNG_ITEM_VISION,RED_TEAM_MID_ITEM_1,RED_TEAM_MID_ITEM_2,RED_TEAM_MID_ITEM_3,RED_TEAM_MID_ITEM_4,RED_TEAM_MID_ITEM_5,RED_TEAM_MID_ITEM_6,RED_TEAM_MID_ITEM_VISION,RED_TEAM_ADC_ITEM_1,RED_TEAM_ADC_ITEM_2,RED_TEAM_ADC_ITEM_3,RED_TEAM_ADC_ITEM_4,RED_TEAM_ADC_ITEM_5,RED_TEAM_ADC_ITEM_6,RED_TEAM_ADC_ITEM_VISION,RED_TEAM_SUP_ITEM_1,RED_TEAM_SUP_ITEM_2,RED_TEAM_SUP_ITEM_3,RED_TEAM_SUP_ITEM_4,RED_TEAM_SUP_ITEM_5,RED_TEAM_SUP_ITEM_6,RED_TEAM_SUP_ITEM_VISION,BLUE_TEAM_TOP_RUNE_01,BLUE_TEAM_TOP_RUNE_02,BLUE_TEAM_JNG_RUNE_01,BLUE_TEAM_JNG_RUNE_02,BLUE_TEAM_MID_RUNE_01,BLUE_TEAM_MID_RUNE_02,BLUE_TEAM_ADC_RUNE_01,BLUE_TEAM_ADC_RUNE_02,BLUE_TEAM_SUP_RUNE_01,BLUE_TEAM_SUP_RUNE_02,RED_TEAM_TOP_RUNE_01,RED_TEAM_TOP_RUNE_02,RED_TEAM_JNG_RUNE_01,RED_TEAM_JNG_RUNE_02,RED_TEAM_MID_RUNE_01,RED_TEAM_MID_RUNE_02,RED_TEAM_ADC_RUNE_01,RED_TEAM_ADC_RUNE_02,RED_TEAM_SUP_RUNE_01,RED_TEAM_SUP_RUNE_02,BLUE_TEAM_TOP_SUMMONER_01,BLUE_TEAM_TOP_SUMMONER_02,BLUE_TEAM_JNG_SUMMONER_01,BLUE_TEAM_JNG_SUMMONER_02,BLUE_TEAM_MID_SUMMONER_01,BLUE_TEAM_MID_SUMMONER_02,BLUE_TEAM_ADC_SUMMONER_01,BLUE_TEAM_ADC_SUMMONER_02,BLUE_TEAM_SUP_SUMMONER_01,BLUE_TEAM_SUP_SUMMONER_02,RED_TEAM_TOP_SUMMONER_01,RED_TEAM_TOP_SUMMONER_02,RED_TEAM_JNG_SUMMONER_01,RED_TEAM_JNG_SUMMONER_02,RED_TEAM_MID_SUMMONER_01,RED_TEAM_MID_SUMMONER_02,RED_TEAM_ADC_SUMMONER_01,RED_TEAM_ADC_SUMMONER_02,RED_TEAM_SUP_SUMMONER_01,RED_TEAM_SUP_SUMMONER_02,BLUE_TEAM_RIFT_HERALDS,BLUE_TEAM_VOID_GRUBS,BLUE_TEAM_INHIBITORS,RED_TEAM_RIFT_HERALDS,RED_TEAM_VOID_GRUBS,RED_TEAM_INHIBITORS
https://www.op.gg/summoners/euw/Raider-1999/matches/uRd1PvnOddrTaBzJ2VaEqvzAiK5rzzD8s-o71QrHKRE%3D/1734655612000,1,44,35,35,44,38,78,85,76,27,18,4,0,2,0,9,3,6,0,71013,60021,16.6,15.0,888,838,26.8,25.3,10992,-10992,2130.39,1800.6299999999999,K'Sante,Kindred,Dr. Mundo,Viktor,Lulu,Camille,Hecarim,Orianna,Jinx,Thresh,"Jak'Sho, The Protean",Randuin's Omen,No_Item,Fimbulwinter,Iceborn Gauntlet,Boots of Swiftness,Oracle Lens,Kraken Slayer,Bloodthirster,Berserker's Greaves,No_Item,No_Item,The Collector,Stealth Ward,Heartsteel,Warmog's Armor,Spirit Visage,Boots of Swiftness,Unending Despair,Control Ward,Stealth Ward,Zhonya's Hourglass,Liandry's Torment,Blackfire Torch,Sorcerer's Shoes,Rabadon's Deathcap,Dark Seal,Farsight Alteration,Redemption,Dream Maker,Locket of the Iron Solari,Control Ward,Moonstone Renewer,Ionian Boots of Lucidity,Oracle Lens,Ravenous Hydra,Trinity Force,Spear of Shojin,Plated Steelcaps,No_Item,No_Item,Oracle Lens,Mercury's Treads,Spear of Shojin,Eclipse,Black Cleaver,Hexdrinker,Executioner's Calling,Stealth Ward,Rabadon's Deathcap,Oblivion Orb,Stormsurge,Luden's Companion,Sorcerer's Shoes,Dark Seal,Farsight Alteration,Lord Dominik's Regards,Runaan's Hurricane,Infinity Edge,Yun Tal Wildarrows,Recurve Bow,Berserker's Greaves,Farsight Alteration,Locket of the Iron Solari,Solstice Sleigh,Control Ward,Trailblazer,No_Item,Boots of Swiftness,Oracle Lens,Grasp of the Undying,Inspiration,Press the Attack,Domination,Grasp of the Undying,Inspiration,Summon Aery,Resolve,Summon Aery,Resolve,Conqueror,Resolve,Phase Rush,Precision,Arcane Comet,Precision,Lethal Tempo,Sorcery,Aftershock,Inspiration,Teleport,Flash,Smite,Flash,Ghost,Teleport,Flash,Teleport,Heal,Flash,Flash,Teleport,Ghost,Smite,Teleport,Flash,Flash,Barrier,Flash,Ignite,0,3,1,0,3,0
https://www.op.gg/summoners/euw/Raider-1999/matches/uRd1PvnOddqyaqBvio-k9EXg0hOe87spe-_g1HEcuiI%3D/1734652997000,1,31,11,11,31,15,42,29,26,4,3,1,0,0,0,3,0,1,0,36746,27897,10.0,8.8,468,405,30.4,26.3,8849,-8849,2375.8189655172414,1803.6853448275863,Camille,Viego,Kassadin,Varus,Leona,Irelia,Taliyah,Twisted Fate,Ashe,Braum,Ravenous Hydra,No_Item,No_Item,Trinity Force,Boots,No_Item,Oracle Lens,Kraken Slayer,Gustwalker Hatchling,Mercury's Treads,Giant's Belt,Ruby Crystal,Long Sword,Oracle Lens,No_Item,Refillable Potion,Boots,Doran's Ring,Archangel's Staff,Rod of Ages,Stealth Ward,Youmuu's Ghostblade,Control Ward,Manamune,Ionian Boots of Lucidity,Serrated Dirk,Doran's Blade,Farsight Alteration,Celestial Opposition,Ruby Crystal,Locket of the Iron Solari,Control Ward,Giant's Belt,Mercury's Treads,Oracle Lens,Doran's Blade,Blade of The Ruined King,Boots,Rectrix,Hearthbound Axe,No_Item,Stealth Ward,Blackfire Torch,Sorcerer's Shoes,Scorchclaw Pup,Dark Seal,Haunting Guise,Fated Ashes,Stealth Ward,Doran's Ring,Rod of Ages,Total Biscuit of Everlasting Will,Ionian Boots of Lucidity,Dark Seal,Amplifying Tome,Stealth Ward,Doran's Blade,Refillable Potion,Berserker's Greaves,Kraken Slayer,No_Item,No_Item,Stealth Ward,Celestial Opposition,Knight's Vow,Mercury's Treads,No_Item,No_Item,No_Item,Oracle Lens,Conqueror,Resolve,Conqueror,Inspiration,Conqueror,Resolve,Hail of Blades,Sorcery,Aftershock,Inspiration,Conqueror,Inspiration,Dark Harvest,Inspiration,Electrocute,Inspiration,Lethal Tempo,Inspiration,Guardian,Inspiration,Ignite,Teleport,Flash,Smite,Teleport,Flash,Flash,Cleanse,Ignite,Flash,Teleport,Flash,Smite,Flash,Teleport,Flash,Cleanse,Flash,Flash,Exhaust,0,6,0,0,0,0
https://www.op.gg/summoners/euw/Raider-1999/matches/uRd1PvnOddrLfVwQ3ONbAEOXt1p0aNRP2D0WhGfDJ6E%3D/1734651356000,0,50,44,44,50,97,80,64,96,30,16,3,2,2,0,8,8,5,2,78176,77967,17.2,17.4,989,1074,27.2,29.5,209,-209,2151.8829268292684,2146.1299651567947,K'Sante,Skarner,Aurora,Caitlyn,Neeko,Camille,Taliyah,Corki,Karthus,Rell,"Jak'Sho, The Protean",Bramble Vest,Fimbulwinter,Iceborn Gauntlet,Kaenic Rookern,Plated Steelcaps,Oracle Lens,Heartsteel,Sterak's Gage,Unending Despair,Spirit Visage,Kaenic Rookern,Ionian Boots of Lucidity,Oracle Lens,Sorcerer's Shoes,Zhonya's Hourglass,Shadowflame,Rabadon's Deathcap,Malignance,Hextech Alternator,Oracle Lens,Rapid Firecannon,Bloodthirster,Berserker's Greaves,Control Ward,The Collector,Infinity Edge,Farsight Alteration,Zaz'Zak's Realmspike,Hextech Rocketbelt,Zhonya's Hourglass,Ionian Boots of Lucidity,Dark Seal,Liandry's Torment,Oracle Lens,Ravenous Hydra,Spear of Shojin,Death's Dance,No_Item,Trinity Force,Slightly Magical Footwear,Oracle Lens,Cryptbloom,Liandry's Torment,Sorcerer's Shoes,Blackfire Torch,Rabadon's Deathcap,Dark Seal,Oracle Lens,Trinity Force,Rapid Firecannon,Muramana,Lord Dominik's Regards,Mercury's Treads,Vampiric Scepter,Farsight Alteration,Blackfire Torch,Void Staff,Sorcerer's Shoes,Shadowflame,Liandry's Torment,Rabadon's Deathcap,Farsight Alteration,Locket of the Iron Solari,Redemption,Celestial Opposition,Knight's Vow,Ionian Boots of Lucidity,No_Item,Oracle Lens,Grasp of the Undying,Inspiration,Grasp of the Undying,Inspiration,Electrocute,Sorcery,Fleet Footwork,Sorcery,Arcane Comet,Domination,Grasp of the Undying,Inspiration,Dark Harvest,Inspiration,Conqueror,Inspiration,Dark Harvest,Precision,Aftershock,Inspiration,Teleport,Flash,Flash,Smite,Teleport,Flash,Barrier,Flash,Heal,Flash,Flash,Teleport,Smite,Flash,Flash,Teleport,Flash,Exhaust,Flash,Ignite,1,2,0,0,1,1
https://www.op.gg/summoners/euw/Raider-1999/matches/uRd1PvnOddqy2QFLbBqOZHf_EBJdCruStCjskWWUc2U%3D/1734648411000,1,34,13,13,34,13,45,42,20,6,7,1,0,0,0,10,0,1,0,43643,27002,11.0,9.2,527,350,29.8,19.7,16641,-16641,2451.8539325842694,1516.9662921348313,Viktor,Elise,Jayce,Ashe,Tahm Kench,K'Sante,Karthus,Karma,Ezreal,Camille,Iceborn Gauntlet,Plated Steelcaps,Tear of the Goddess,Kindlegem,Aether Wisp,Fiendish Codex,Stealth Ward,Gustwalker Hatchling,Liandry's Torment,Mejai's Soulstealer,Sorcerer's Shoes,Amplifying Tome,No_Item,Oracle Lens,Doran's Blade,Muramana,Youmuu's Ghostblade,Ionian Boots of Lucidity,Long Sword,Glowing Mote,Stealth Ward,Doran's Blade,Phantom Dancer,B. F. Sword,Long Sword,Kraken Slayer,Berserker's Greaves,Farsight Alteration,Heartsteel,No_Item,Bloodsong,Boots of Swiftness,Kindlegem,Ruby Crystal,Oracle Lens,Doran's Shield,Iceborn Gauntlet,Boots,Null-Magic Mantle,No_Item,No_Item,Stealth Ward,Sorcerer's Shoes,Dark Seal,Blackfire Torch,Amplifying Tome,No_Item,Gustwalker Hatchling,Oracle Lens,Dream Maker,Moonstone Renewer,Ionian Boots of Lucidity,Forbidden Idol,Kindlegem,No_Item,Oracle Lens,Doran's Blade,Trinity Force,Caulfield's Warhammer,Tear of the Goddess,Boots,No_Item,Stealth Ward,Doran's Shield,Trinity Force,Boots,Long Sword,Long Sword,Long Sword,Stealth Ward,Grasp of the Undying,Sorcery,Dark Harvest,Precision,Conqueror,Inspiration,Lethal Tempo,Inspiration,Grasp of the Undying,Inspiration,Grasp of the Undying,Inspiration,Dark Harvest,Precision,Summon Aery,Resolve,Press the Attack,Inspiration,Conqueror,Resolve,Teleport,Flash,Flash,Smite,Teleport,Flash,Barrier,Flash,Flash,Ignite,Teleport,Flash,Flash,Smite,Flash,Heal,Barrier,Flash,Flash,Teleport,1,5,2,0,1,0
https://www.op.gg/summoners/euw/Raider-1999/matches/uRd1PvnOddqovBsm7QvqqdrLTO_0zEHK9tLSkY2QQUw%3D/1734646707000,1,16,4,4,17,6,10,36,28,9,4,2,0,0,0,4,0,2,0,33716,22467,10.0,9.0,527,405,34.6,26.6,11249,-11249,2207.3064748201436,1470.8611510791366,Darius,Elise,Corki,Miss Fortune,Neeko,Ambessa,Lillia,Kog'Maw,Naafiri,Janna,Stridebreaker,Dead Man's Plate,No_Item,No_Item,Doran's Shield,Plated Steelcaps,Oracle Lens,Gustwalker Hatchling,Stormsurge,Haunting Guise,Dark Seal,Boots,Fated Ashes,Eye of the Herald,Trinity Force,Caulfield's Warhammer,No_Item,Doran's Blade,Tear of the Goddess,Plated Steelcaps,Farsight Alteration,Doran's Blade,Youmuu's Ghostblade,No_Item,Slightly Magical Footwear,Long Sword,The Collector,Farsight Alteration,Zaz'Zak's Realmspike,Control Ward,Hextech Rocketbelt,Ionian Boots of Lucidity,No_Item,No_Item,Oracle Lens,Doran's Blade,Refillable Potion,Plated Steelcaps,Eclipse,No_Item,No_Item,Stealth Ward,Gustwalker Hatchling,Dark Seal,Blackfire Torch,Fated Ashes,Slightly Magical Footwear,Control Ward,Oracle Lens,Doran's Blade,Recurve Bow,Refillable Potion,Berserker's Greaves,Amplifying Tome,No_Item,Stealth Ward,Doran's Shield,Refillable Potion,Eclipse,Slightly Magical Footwear,No_Item,No_Item,Stealth Ward,Bloodsong,Refillable Potion,Dark Seal,Aether Wisp,Boots of Swiftness,Amplifying Tome,Oracle Lens,Conqueror,Sorcery,Dark Harvest,Precision,Conqueror,Inspiration,Press the Attack,Inspiration,Arcane Comet,Inspiration,Conqueror,Resolve,Conqueror,Inspiration,Lethal Tempo,Resolve,First Strike,Domination,Summon Aery,Domination,Flash,Ghost,Flash,Smite,Teleport,Flash,Flash,Barrier,Heal,Flash,Flash,Teleport,Smite,Flash,Flash,Barrier,Teleport,Flash,Heal,Flash,1,6,0,0,0,0
https://www.op.gg/summoners/euw/Raider-1999/matches/uRd1PvnOddoBZWH2HHbuNZBF38EsaCGDCHM6Q7KaoK0%3D/1734644963000,1,27,8,8,27,15,40,49,72,21,19,1,2,1,0,5,1,2,2,49315,39239,13.4,11.8,760,706,32.699999999999996,30.3,10076,-10076,2120.0841121495323,1686.9102803738315,Darius,K'Sante,Yone,Viktor,Seraphine,Gangplank,Wukong,Akali,Kog'Maw,Pyke,Stridebreaker,Dead Man's Plate,Null-Magic Mantle,Plated Steelcaps,Sterak's Gage,No_Item,Oracle Lens,Negatron Cloak,No_Item,Boots of Swiftness,Cloth Armor,Iceborn Gauntlet,Spectre's Cowl,Oracle Lens,Doran's Shield,Stridebreaker,Berserker's Greaves,Blade of The Ruined King,Long Sword,Cloak of Agility,Farsight Alteration,Doran's Ring,Blackfire Torch,Sorcerer's Shoes,Liandry's Torment,Hextech Alternator,Needlessly Large Rod,Farsight Alteration,Dream Maker,Ionian Boots of Lucidity,Refillable Potion,Moonstone Renewer,Forbidden Idol,Kindlegem,Oracle Lens,Trinity Force,Refillable Potion,Boots of Swiftness,Serrated Dirk,Pickaxe,Doran's Blade,Stealth Ward,Phage,Boots of Swiftness,Ruby Crystal,Trinity Force,Pickaxe,Control Ward,Stealth Ward,Doran's Ring,No_Item,Shadowflame,Stormsurge,Sorcerer's Shoes,Dark Seal,Oracle Lens,Guinsoo's Rageblade,Blade of The Ruined King,Refillable Potion,Berserker's Greaves,No_Item,No_Item,Farsight Alteration,Bloodsong,Umbral Glaive,Refillable Potion,Control Ward,Boots of Swiftness,Edge of Night,Oracle Lens,Conqueror,Resolve,Aftershock,Inspiration,Grasp of the Undying,Precision,Summon Aery,Precision,Summon Aery,Resolve,Grasp of the Undying,Inspiration,Conqueror,Inspiration,Conqueror,Resolve,Lethal Tempo,Resolve,Hail of Blades,Inspiration,Flash,Ghost,Smite,Flash,Teleport,Flash,Flash,Teleport,Flash,Heal,Flash,Teleport,Flash,Smite,Teleport,Flash,Flash,Barrier,Flash,Ignite,1,6,0,0,0,0
https://www.op.gg/summoners/euw/Raider-1999/matches/uRd1PvnOddoEw2S683LDiEayk4fG6YxzGYCal9fPcIE%3D/1734643248000,1,37,29,29,37,52,47,79,61,23,19,3,1,1,0,10,1,4,1,64200,50561,15.2,13.6,893,729,33.1,26.9,13639,-13639,2357.1014492753625,1856.3458937198068,Yasuo,Elise,Volibear,Jayce,Poppy,Riven,Camille,Ahri,Ashe,Rell,Negatron Cloak,Recurve Bow,Berserker's Greaves,Immortal Shieldbow,Kraken Slayer,Iceborn Gauntlet,Farsight Alteration,Liandry's Torment,Dark Seal,Control Ward,Stormsurge,Rabadon's Deathcap,Sorcerer's Shoes,Oracle Lens,Boots of Swiftness,Cosmic Drive,Hextech Rocketbelt,Unending Despair,Spirit Visage,Ruby Crystal,Stealth Ward,Edge of Night,Youmuu's Ghostblade,Serylda's Grudge,Serrated Dirk,Boots of Swiftness,Opportunity,Farsight Alteration,Bloodsong,Boots of Swiftness,Dead Man's Plate,Locket of the Iron Solari,Control Ward,No_Item,Oracle Lens,Ionian Boots of Lucidity,Eclipse,Death's Dance,Hexdrinker,No_Item,Glowing Mote,Oracle Lens,Ravenous Hydra,Spear of Shojin,Null-Magic Mantle,Trinity Force,Slightly Magical Footwear,No_Item,Oracle Lens,Needlessly Large Rod,Horizon Focus,Needlessly Large Rod,Ionian Boots of Lucidity,Dark Seal,Malignance,Oracle Lens,Berserker's Greaves,Last Whisper,Long Sword,Kraken Slayer,Phantom Dancer,Doran's Blade,Farsight Alteration,Ionian Boots of Lucidity,Locket of the Iron Solari,Celestial Opposition,Dead Man's Plate,Kindlegem,Negatron Cloak,Oracle Lens,Lethal Tempo,Resolve,Dark Harvest,Precision,Press the Attack,Resolve,Electrocute,Inspiration,Aftershock,Inspiration,Conqueror,Inspiration,Conqueror,Inspiration,Electrocute,Precision,Lethal Tempo,Inspiration,Aftershock,Inspiration,Flash,Teleport,Flash,Smite,Flash,Teleport,Heal,Flash,Flash,Ignite,Flash,Ignite,Flash,Smite,Teleport,Flash,Barrier,Flash,Flash,Ignite,0,6,2,1,0,0
https://www.op.gg/summoners/euw/Raider-1999/matches/uRd1PvnOddoBJj1K1U4NMy7lub1MEEwsQDTuxcX98_k%3D/1734641049000,0,39,47,47,39,87,59,87,92,19,23,3,2,0,1,7,10,3,3,64163,69204,15.0,16.4,823,883,26.0,27.8,-5041,5041,2012.385,2170.489090909091,K'Sante,Jarvan IV,Zoe,Syndra,Zac,Camille,Qiyana,Viktor,Varus,Poppy,"Jak'Sho, The Protean",Thornmail,Chain Vest,Iceborn Gauntlet,Plated Steelcaps,Kindlegem,Stealth Ward,Sundered Sky,Plated Steelcaps,Pickaxe,Frozen Heart,Black Cleaver,Tunneler,Stealth Ward,Horizon Focus,Blackfire Torch,Zhonya's Hourglass,Riftmaker,Ionian Boots of Lucidity,No_Item,Farsight Alteration,Needlessly Large Rod,Void Staff,Stormsurge,Sorcerer's Shoes,Needlessly Large Rod,Luden's Companion,Farsight Alteration,Ionian Boots of Lucidity,Zeke's Convergence,Celestial Opposition,Spirit Visage,Unending Despair,Ruby Crystal,Oracle Lens,Ravenous Hydra,Spear of Shojin,No_Item,Maw of Malmortius,Mercury's Treads,Trinity Force,Oracle Lens,Serylda's Grudge,Serrated Dirk,Youmuu's Ghostblade,Boots,Tunneler,Profane Hydra,Oracle Lens,Luden's Companion,Liandry's Torment,Void Staff,Doran's Ring,Mercury's Treads,Needlessly Large Rod,Farsight Alteration,Ionian Boots of Lucidity,Youmuu's Ghostblade,Muramana,Caulfield's Warhammer,Edge of Night,Doran's Blade,Farsight Alteration,Bloodsong,Boots of Swiftness,Trailblazer,Abyssal Mask,Kindlegem,No_Item,Oracle Lens,Grasp of the Undying,Precision,Conqueror,Inspiration,Summon Aery,Precision,Electrocute,Sorcery,Aftershock,Precision,Grasp of the Undying,Inspiration,Electrocute,Sorcery,Arcane Comet,Precision,Arcane Comet,Inspiration,Aftershock,Inspiration,Teleport,Flash,Flash,Smite,Teleport,Flash,Heal,Flash,Flash,Ignite,Flash,Teleport,Flash,Smite,Flash,Teleport,Flash,Teleport,Flash,Ignite,0,6,0,1,0,2
https://www.op.gg/summoners/euw/Raider-1999/matches/uRd1PvnOddrfDZIfSQ5t8XuMTe_3Y2cmGDWElw7exd0%3D/1734638562000,0,23,43,43,23,48,24,61,69,23,17,0,4,0,1,2,10,0,5,53086,65786,14.2,15.6,845,923,29.200000000000003,31.9,-12700,12700,1841.7591836734694,2282.3714285714286,Yorick,Graves,Viktor,Jhin,Karma,Jayce,Wukong,Ahri,Kalista,Zac,Trinity Force,Sundered Sky,Cloth Armor,No_Item,Plated Steelcaps,No_Item,Oracle Lens,The Collector,Youmuu's Ghostblade,Lord Dominik's Regards,Boots,Cloak of Agility,Pickaxe,Oracle Lens,Liandry's Torment,Rabadon's Deathcap,Ionian Boots of Lucidity,Blackfire Torch,No_Item,No_Item,Farsight Alteration,Infinity Edge,Hubris,Zeal,The Collector,Boots of Swiftness,Scout's Slingshot,Farsight Alteration,Imperial Mandate,Ionian Boots of Lucidity,Zaz'Zak's Realmspike,Control Ward,Oblivion Orb,Fiendish Codex,Oracle Lens,Doran's Blade,Edge of Night,Boots of Swiftness,Eclipse,Muramana,Last Whisper,Farsight Alteration,Sundered Sky,Sterak's Gage,Cloth Armor,Cloth Armor,Trinity Force,Boots of Swiftness,Stealth Ward,Rabadon's Deathcap,Zhonya's Hourglass,Malignance,Dark Seal,Ionian Boots of Lucidity,Lich Bane,Oracle Lens,Terminus,Chain Vest,Blade of The Ruined King,Guinsoo's Rageblade,Berserker's Greaves,Negatron Cloak,Farsight Alteration,Ionian Boots of Lucidity,Knight's Vow,Celestial Opposition,Dark Seal,Zeke's Convergence,Abyssal Mask,Oracle Lens,Conqueror,Resolve,Dark Harvest,Precision,Summon Aery,Precision,Dark Harvest,Precision,Arcane Comet,Domination,Conqueror,Inspiration,Conqueror,Inspiration,Electrocute,Sorcery,Lethal Tempo,Domination,Aftershock,Precision,Flash,Teleport,Flash,Smite,Flash,Teleport,Barrier,Flash,Heal,Flash,Teleport,Flash,Flash,Smite,Teleport,Flash,Flash,Barrier,Flash,Ignite,1,5,0,0,1,2
https://www.op.gg/summoners/euw/Raider-1999/matches/uRd1PvnOddrWanIyNAnLEpvLRhVtbOOcET08CopoWtw%3D/1734636217000,1,30,12,12,30,13,56,52,53,17,8,3,0,1,0,10,2,4,0,52528,37721,13.0,11.2,723,616,32.4,27.7,14807,-14807,2352.0,1689.0,Cho'Gath,Viego,Zoe,Kalista,Thresh,Darius,Lee Sin,Galio,Ashe,Zac,Doran's Ring,Plated Steelcaps,Sunfire Aegis,Dead Man's Plate,No_Item,No_Item,Oracle Lens,Sterak's Gage,Kraken Slayer,No_Item,Sundered Sky,B. F. Sword,Slightly Magical Footwear,Oracle Lens,Doran's Ring,Ionian Boots of Lucidity,Blackfire Torch,Riftmaker,Fiendish Codex,Fiendish Codex,Farsight Alteration,Vampiric Scepter,Terminus,Berserker's Greaves,Blade of The Ruined King,Guinsoo's Rageblade,B. F. Sword,Farsight Alteration,Solstice Sleigh,Locket of the Iron Solari,No_Item,Boots of Swiftness,Kindlegem,Forbidden Idol,Oracle Lens,Stridebreaker,Winged Moonplate,Cloth Armor,Mercury's Treads,Doran's Shield,Ruby Crystal,Oracle Lens,Scorchclaw Pup,Control Ward,Eclipse,Kindlegem,Phage,Plated Steelcaps,Stealth Ward,Haunting Guise,No_Item,Hollow Radiance,Mercury's Treads,Fiendish Codex,No_Item,Oracle Lens,Doran's Blade,Phantom Dancer,No_Item,Berserker's Greaves,Kraken Slayer,Cull,Farsight Alteration,Celestial Opposition,Ionian Boots of Lucidity,Zeke's Convergence,Spirit Visage,Ruby Crystal,Dark Seal,Oracle Lens,Grasp of the Undying,Domination,Conqueror,Inspiration,Summon Aery,Precision,Lethal Tempo,Domination,Aftershock,Inspiration,Conqueror,Resolve,Conqueror,Inspiration,Aftershock,Sorcery,Lethal Tempo,Inspiration,Aftershock,Precision,Teleport,Flash,Flash,Smite,Teleport,Flash,Flash,Barrier,Ignite,Flash,Flash,Ghost,Flash,Smite,Teleport,Flash,Flash,Cleanse,Flash,Ignite,1,3,2,0,3,0
https://www.op.gg/summoners/euw/Raider-1999/matches/uRd1PvnOddqBTs-0W3Yjb21v6rTDqq2T7jJ3EHpnSpE%3D/1734634004000,1,30,18,18,30,25,41,85,76,27,24,2,2,1,0,9,2,3,2,59345,50922,15.6,13.6,884,878,30.5,30.2,8423,-8423,2051.821808510638,1760.601063829787,Zilean,Ambessa,Irelia,Ziggs,Bard,Rumble,Yorick,Yone,Jinx,Karma,Doran's Ring,Seraph's Embrace,Cosmic Drive,Ionian Boots of Lucidity,Glacial Buckler,Control Ward,Stealth Ward,No_Item,Black Cleaver,Eclipse,Plated Steelcaps,Spear of Shojin,Tunneler,Oracle Lens,Frozen Heart,Hullbreaker,Kraken Slayer,Blade of The Ruined King,Plated Steelcaps,Cloth Armor,Oracle Lens,Doran's Ring,Seraph's Embrace,Liandry's Torment,Sorcerer's Shoes,Luden's Companion,Amplifying Tome,Farsight Alteration,Dead Man's Plate,Bloodsong,Statikk Shiv,Control Ward,No_Item,Plated Steelcaps,Oracle Lens,Hextech Rocketbelt,Sorcerer's Shoes,Needlessly Large Rod,Stormsurge,Doran's Ring,Needlessly Large Rod,Stealth Ward,Stridebreaker,Liandry's Torment,Spectre's Cowl,Mercury's Treads,Black Cleaver,No_Item,Farsight Alteration,Cloak of Agility,Blade of The Ruined King,Berserker's Greaves,Doran's Blade,Immortal Shieldbow,Control Ward,Farsight Alteration,Doran's Blade,Kraken Slayer,Cloak of Agility,Hullbreaker,Runaan's Hurricane,Berserker's Greaves,Farsight Alteration,Dream Maker,Control Ward,Redemption,Moonstone Renewer,Ionian Boots of Lucidity,Amplifying Tome,Oracle Lens,Summon Aery,Inspiration,Conqueror,Domination,Conqueror,Resolve,Arcane Comet,Inspiration,Guardian,Inspiration,Arcane Comet,Resolve,Conqueror,Inspiration,Lethal Tempo,Resolve,Lethal Tempo,Inspiration,Summon Aery,Resolve,Teleport,Flash,Flash,Smite,Teleport,Flash,Flash,Teleport,Flash,Ignite,Flash,Teleport,Flash,Smite,Flash,Exhaust,Teleport,Flash,Ignite,Flash,1,1,1,0,3,0
https://www.op.gg/summoners/euw/Raider-1999/matches/uRd1PvnOddpTrLRm6JEFddEPD9eFXLnF8gsR_MyR9To%3D/1734631369000,1,45,49,49,45,63,92,90,66,15,24,4,1,1,1,7,8,5,2,75406,75474,17.6,16.4,1007,968,28.8,27.7,-68,68,2168.756637168142,2170.712389380531,Ambessa,Graves,Viktor,Miss Fortune,Rell,Camille,Rengar,Galio,Corki,Maokai,Doran's Blade,Eclipse,Plated Steelcaps,Voltaic Cyclosword,Death's Dance,Tunneler,Stealth Ward,The Collector,Plated Steelcaps,Lord Dominik's Regards,Immortal Shieldbow,Steel Sigil,Youmuu's Ghostblade,Oracle Lens,Void Staff,Zhonya's Hourglass,Mejai's Soulstealer,Sorcerer's Shoes,Blackfire Torch,Lich Bane,Farsight Alteration,Lord Dominik's Regards,Youmuu's Ghostblade,Bloodthirster,No_Item,Plated Steelcaps,The Collector,Farsight Alteration,Knight's Vow,Locket of the Iron Solari,Celestial Opposition,Ruby Crystal,Ionian Boots of Lucidity,Redemption,Oracle Lens,Ravenous Hydra,Trinity Force,Ruby Crystal,Plated Steelcaps,Death's Dance,Spear of Shojin,Oracle Lens,Profane Hydra,Youmuu's Ghostblade,Opportunity,Plated Steelcaps,Edge of Night,Lord Dominik's Regards,Oracle Lens,Giant's Belt,Dark Seal,Zhonya's Hourglass,Riftmaker,Plated Steelcaps,Hollow Radiance,Farsight Alteration,Infinity Edge,Trinity Force,Plated Steelcaps,Muramana,Rapid Firecannon,Lord Dominik's Regards,Farsight Alteration,Solstice Sleigh,Knight's Vow,Locket of the Iron Solari,Ionian Boots of Lucidity,Trailblazer,Kindlegem,Oracle Lens,Grasp of the Undying,Precision,Dark Harvest,Precision,First Strike,Sorcery,Press the Attack,Inspiration,Aftershock,Inspiration,Conqueror,Resolve,Conqueror,Domination,Aftershock,Sorcery,Conqueror,Inspiration,First Strike,Sorcery,Teleport,Ignite,Flash,Smite,Teleport,Flash,Flash,Exhaust,Flash,Ignite,Flash,Teleport,Smite,Flash,Flash,Teleport,Flash,Barrier,Flash,Ignite,0,3,1,1,3,1
https://www.op.gg/summoners/euw/Raider-1999/matches/uRd1PvnOddodPzI8N6kEkjWJyKTuEE5lESjubVHjlK8%3D/1734627454000,0,23,31,31,23,43,38,51,38,6,9,1,2,0,1,3,11,1,3,50175,57757,13.4,13.8,702,721,26.099999999999998,26.8,-7582,7582,1877.7147239263802,2161.458282208589,Vayne,Warwick,Vladimir,Lee Sin,Bard,Darius,Poppy,Orianna,Viktor,Senna,Doran's Blade,Hearthbound Axe,Boots of Swiftness,Statikk Shiv,Runaan's Hurricane,Phage,Farsight Alteration,Stridebreaker,Locket of the Iron Solari,Control Ward,Sterak's Gage,Boots of Swiftness,No_Item,Stealth Ward,Refillable Potion,Riftmaker,Seeker's Armguard,Cosmic Drive,Ionian Boots of Lucidity,No_Item,Stealth Ward,Control Ward,Maw of Malmortius,Plated Steelcaps,Eclipse,Black Cleaver,Negatron Cloak,Stealth Ward,Dead Man's Plate,Bloodsong,Mercury's Treads,Scout's Slingshot,Rectrix,Pickaxe,Oracle Lens,Stridebreaker,Sterak's Gage,Chain Vest,Null-Magic Mantle,Boots of Swiftness,Ruby Crystal,Oracle Lens,Dead Man's Plate,Mercury's Treads,Sundered Sky,Iceborn Gauntlet,Cloth Armor,Control Ward,Oracle Lens,Needlessly Large Rod,Stormsurge,Dark Seal,Boots,Needlessly Large Rod,Luden's Companion,Farsight Alteration,Blasting Wand,Blackfire Torch,Liandry's Torment,Rabadon's Deathcap,Sorcerer's Shoes,Blighting Jewel,Farsight Alteration,Boots of Swiftness,Black Cleaver,Bloodsong,Runaan's Hurricane,Pickaxe,Tunneler,Oracle Lens,Press the Attack,Domination,Press the Attack,Sorcery,Phase Rush,Resolve,Conqueror,Resolve,Guardian,Inspiration,Conqueror,Resolve,Phase Rush,Inspiration,Summon Aery,Precision,First Strike,Sorcery,Grasp of the Undying,Precision,Teleport,Flash,Flash,Smite,Flash,Ghost,Flash,Teleport,Flash,Ignite,Flash,Ghost,Flash,Smite,Flash,Teleport,Teleport,Flash,Flash,Heal,0,3,0,1,3,3
https://www.op.gg/summoners/euw/Raider-1999/matches/uRd1PvnOddpw2PcxmfY3GLc6I81GzNM6MltXuMc5opE%3D/1734622635000,0,19,38,38,19,44,32,50,66,13,19,0,4,1,0,2,11,1,4,53485,63831,14.6,15.4,870,923,31.0,32.8,-10346,10346,1908.5933609958504,2277.786721991701,Darius,Graves,Aurora,Ziggs,Nami,Gragas,Zac,Jayce,Smolder,Karma,Stridebreaker,Dead Man's Plate,No_Item,Force of Nature,Mercury's Treads,No_Item,Oracle Lens,Mortal Reminder,Youmuu's Ghostblade,Pickaxe,Boots of Swiftness,The Collector,Cloak of Agility,Oracle Lens,Shadowflame,Malignance,Blighting Jewel,Blasting Wand,Dark Seal,Sorcerer's Shoes,Oracle Lens,Luden's Companion,Dark Seal,Void Staff,Horizon Focus,No_Item,Sorcerer's Shoes,Farsight Alteration,Fiendish Codex,Imperial Mandate,Faerie Charm,Ionian Boots of Lucidity,Ardent Censer,Dream Maker,Oracle Lens,Sorcerer's Shoes,Lost Chapter,Hextech Rocketbelt,Cosmic Drive,Needlessly Large Rod,No_Item,Oracle Lens,Randuin's Omen,Ionian Boots of Lucidity,Dark Seal,Spirit Visage,Sunfire Aegis,Kindlegem,Oracle Lens,No_Item,Ionian Boots of Lucidity,Youmuu's Ghostblade,Maw of Malmortius,Edge of Night,Opportunity,Farsight Alteration,Boots of Swiftness,Maw of Malmortius,B. F. Sword,Hubris,Rapid Firecannon,Bloodthirster,Farsight Alteration,Zaz'Zak's Realmspike,Ionian Boots of Lucidity,Shurelya's Battlesong,Imperial Mandate,Oblivion Orb,Control Ward,Oracle Lens,Conqueror,Resolve,Fleet Footwork,Domination,Electrocute,Sorcery,First Strike,Sorcery,Summon Aery,Resolve,Phase Rush,Domination,Aftershock,Precision,Electrocute,Sorcery,Arcane Comet,Inspiration,Arcane Comet,Inspiration,Flash,Ghost,Smite,Flash,Teleport,Flash,Teleport,Flash,Flash,Heal,Flash,Teleport,Smite,Flash,Flash,Teleport,Teleport,Flash,Flash,Ignite,0,2,0,1,1,3
https://www.op.gg/summoners/euw/Raider-1999/matches/uRd1PvnOddpUw0PQG3BZRO40Hn7lS_DkQSO4n57xUQc%3D/1734620235000,0,6,15,15,6,16,7,22,40,8,3,0,1,0,0,0,4,0,1,24926,32580,9.2,10.2,463,512,29.7,32.9,-7654,7654,1606.8,2100.198347107438,Ambessa,Talon,Viktor,Draven,Janna,Camille,Lee Sin,Yasuo,Hwei,Sona,Eclipse,No_Item,No_Item,Boots,No_Item,No_Item,Stealth Ward,Scorchclaw Pup,Slightly Magical Footwear,Youmuu's Ghostblade,Pickaxe,Caulfield's Warhammer,No_Item,Oracle Lens,Doran's Ring,Refillable Potion,Luden's Companion,Boots,No_Item,Dark Seal,Stealth Ward,Doran's Blade,Bloodthirster,Refillable Potion,Serrated Dirk,Boots,Cloak of Agility,Stealth Ward,Echoes of Helia,Dream Maker,Ionian Boots of Lucidity,Faerie Charm,No_Item,No_Item,Oracle Lens,Tiamat,Vampiric Scepter,Trinity Force,Doran's Shield,Long Sword,Boots,Stealth Ward,Mosstomper Seedling,Caulfield's Warhammer,Eclipse,Slightly Magical Footwear,Ruby Crystal,Ruby Crystal,Stealth Ward,Doran's Shield,Berserker's Greaves,Blade of The Ruined King,No_Item,Cloak of Agility,No_Item,Stealth Ward,Sorcerer's Shoes,No_Item,Doran's Ring,Blackfire Torch,Haunting Guise,Dark Seal,Farsight Alteration,Slightly Magical Footwear,Seraph's Embrace,Dark Seal,Bloodsong,Ruby Crystal,No_Item,Oracle Lens,Grasp of the Undying,Domination,Conqueror,Inspiration,Summon Aery,Precision,Lethal Tempo,Domination,Summon Aery,Resolve,Conqueror,Resolve,Conqueror,Inspiration,Lethal Tempo,Resolve,Arcane Comet,Precision,Unsealed Spellbook,Resolve,Flash,Teleport,Smite,Ignite,Flash,Teleport,Flash,Barrier,Flash,Heal,Flash,Teleport,Smite,Flash,Flash,Teleport,Teleport,Flash,Flash,Heal,0,0,0,0,6,0
https://www.op.gg/summoners/euw/Raider-1999/matches/uRd1PvnOddq--vhyl3aiy8tsOc-MW7K1D-3SD5unXyQ%3D/1734618702000,0,14,33,33,14,57,22,60,50,12,24,0,3,0,0,1,8,0,3,40406,50873,11.6,13.2,672,722,29.4,31.5,-10467,10467,1773.921951219512,2233.448780487805,Darius,Kha'Zix,Orianna,Draven,Renata Glasc,Garen,Xin Zhao,Akali,Viktor,Sona,Stridebreaker,Boots of Swiftness,No_Item,Force of Nature,No_Item,No_Item,Oracle Lens,Long Sword,Hubris,Control Ward,Ionian Boots of Lucidity,Opportunity,Long Sword,Oracle Lens,Mercury's Treads,Seraph's Embrace,Control Ward,Liandry's Torment,Doran's Ring,Dark Seal,Farsight Alteration,Doran's Blade,The Collector,Vampiric Scepter,Berserker's Greaves,Cloak of Agility,B. F. Sword,Farsight Alteration,Locket of the Iron Solari,Control Ward,Celestial Opposition,Ionian Boots of Lucidity,Kindlegem,Null-Magic Mantle,Oracle Lens,Doran's Shield,Cloak of Agility,Stridebreaker,Phantom Dancer,Boots of Swiftness,Pickaxe,Oracle Lens,Black Cleaver,Sundered Sky,Frozen Heart,Plated Steelcaps,No_Item,No_Item,Oracle Lens,No_Item,Hextech Rocketbelt,Refillable Potion,Shadowflame,Blighting Jewel,Sorcerer's Shoes,Stealth Ward,Sorcerer's Shoes,Needlessly Large Rod,Hextech Alternator,Blackfire Torch,Liandry's Torment,Doran's Ring,Farsight Alteration,Slightly Magical Footwear,Seraph's Embrace,Catalyst of Aeons,Bloodsong,Dark Seal,Warden's Mail,Oracle Lens,Conqueror,Resolve,Dark Harvest,Precision,Phase Rush,Inspiration,Lethal Tempo,Domination,Glacial Augment,Domination,Phase Rush,Resolve,Conqueror,Inspiration,Fleet Footwork,Resolve,Summon Aery,Precision,Unsealed Spellbook,Resolve,Flash,Ghost,Flash,Smite,Teleport,Flash,Flash,Barrier,Flash,Ignite,Ignite,Flash,Flash,Smite,Flash,Teleport,Teleport,Flash,Flash,Heal,0,3,0,1,0,1
https://www.op.gg/summoners/euw/Raider-1999/matches/uRd1PvnOddqgew9V74h9kXfd9iu5O3HUAV7G5zhQyEc%3D/1734616332000,0,23,26,26,23,61,43,74,73,26,35,1,4,0,2,6,10,1,6,62158,69273,15.2,16.4,1010,1046,30.400000000000002,31.4,-7115,7115,1876.927843137255,2091.772941176471,Olaf,Jax,Aurora,Zeri,Bard,Urgot,Viego,Hwei,Kog'Maw,Lulu,Stridebreaker,Death's Dance,Spectre's Cowl,Maw of Malmortius,Kindlegem,Plated Steelcaps,Oracle Lens,Shattered Armguard,Control Ward,Sundered Sky,Wit's End,Trinity Force,Plated Steelcaps,Oracle Lens,Shadowflame,Void Staff,No_Item,Malignance,Dark Seal,Sorcerer's Shoes,Oracle Lens,Berserker's Greaves,Statikk Shiv,Infinity Edge,Runaan's Hurricane,Lord Dominik's Regards,Control Ward,Farsight Alteration,Dead Man's Plate,Bloodsong,Statikk Shiv,Kindlegem,Boots of Swiftness,Control Ward,Oracle Lens,Black Cleaver,Sterak's Gage,Knight's Vow,Boots of Swiftness,No_Item,No_Item,Oracle Lens,Titanic Hydra,Kraken Slayer,Sterak's Gage,Plated Steelcaps,Ruby Crystal,Negatron Cloak,Oracle Lens,Rabadon's Deathcap,Blackfire Torch,Sorcerer's Shoes,Liandry's Torment,Doran's Ring,Void Staff,Farsight Alteration,Wit's End,Terminus,Guinsoo's Rageblade,"Jak'Sho, The Protean",Cloth Armor,Berserker's Greaves,Farsight Alteration,Kindlegem,Shurelya's Battlesong,Solstice Sleigh,Ardent Censer,Moonstone Renewer,Ionian Boots of Lucidity,Oracle Lens,Conqueror,Inspiration,Conqueror,Inspiration,Arcane Comet,Domination,Lethal Tempo,Resolve,Guardian,Inspiration,Phase Rush,Resolve,Conqueror,Inspiration,Summon Aery,Precision,Lethal Tempo,Resolve,Summon Aery,Resolve,Flash,Ghost,Smite,Flash,Teleport,Flash,Flash,Barrier,Flash,Ignite,Flash,Teleport,Flash,Smite,Flash,Teleport,Flash,Barrier,Heal,Flash,1,6,0,0,0,2
https://www.op.gg/summoners/euw/Raider-1999/matches/uRd1PvnOddpmd9r0baPavkWSezjKnO6366fUI34m5ZY%3D/1734613345000,0,20,25,25,20,46,40,75,77,17,24,2,2,0,2,3,11,2,4,54791,64685,14.8,15.6,897,937,29.1,30.4,-9894,9894,1774.9197183098593,2095.429577464789,Camille,Vi,Aurora,Ashe,Bard,Jax,Bel'Veth,Syndra,Ezreal,Janna,Ravenous Hydra,Plated Steelcaps,Tunneler,Trinity Force,Ruby Crystal,No_Item,Oracle Lens,Plated Steelcaps,Sundered Sky,Control Ward,Warden's Mail,Black Cleaver,Sterak's Gage,Oracle Lens,Luden's Companion,Banshee's Veil,Needlessly Large Rod,No_Item,Shadowflame,Sorcerer's Shoes,Farsight Alteration,Doran's Blade,Statikk Shiv,Boots of Swiftness,Mortal Reminder,Phantom Dancer,No_Item,Farsight Alteration,Dead Man's Plate,Bloodsong,Statikk Shiv,No_Item,Mercury's Treads,No_Item,Oracle Lens,No_Item,Sundered Sky,Zhonya's Hourglass,Tunneler,Trinity Force,Plated Steelcaps,Stealth Ward,Kraken Slayer,Mercury's Treads,Blade of The Ruined King,Wit's End,Cloth Armor,Cloth Armor,Oracle Lens,Sorcerer's Shoes,Stormsurge,Shadowflame,Needlessly Large Rod,Needlessly Large Rod,Zhonya's Hourglass,Farsight Alteration,Ionian Boots of Lucidity,Muramana,Trinity Force,Serylda's Grudge,No_Item,Doran's Blade,Farsight Alteration,Mikael's Blessing,Redemption,Dream Maker,Moonstone Renewer,No_Item,Boots of Swiftness,Oracle Lens,Grasp of the Undying,Inspiration,Conqueror,Inspiration,Arcane Comet,Inspiration,Press the Attack,Inspiration,Guardian,Inspiration,Grasp of the Undying,Sorcery,Conqueror,Domination,Arcane Comet,Inspiration,Press the Attack,Inspiration,Summon Aery,Domination,Flash,Teleport,Flash,Smite,Flash,Teleport,Barrier,Flash,Flash,Ignite,Flash,Teleport,Flash,Smite,Flash,Teleport,Cleanse,Flash,Flash,Heal,0,2,0,1,4,3
https://www.op.gg/summoners/euw/Raider-1999/matches/uRd1PvnOddoBNKIIdRvdyl990ZuIY6ijWAWDCI1HliM%3D/1734609540000,0,18,25,25,18,42,28,63,71,19,18,1,3,1,0,2,10,2,3,54559,62340,14.8,15.4,950,995,31.2,32.7,-7781,7781,1788.0680672268907,2043.0756302521008,Camille,Lee Sin,Ambessa,Brand,Nami,Jax,Wukong,Orianna,Caitlyn,Maokai,Ravenous Hydra,Control Ward,Trinity Force,Sterak's Gage,Null-Magic Mantle,Plated Steelcaps,Oracle Lens,Sundered Sky,Eclipse,Sterak's Gage,Plated Steelcaps,Long Sword,Control Ward,Stealth Ward,No_Item,Eclipse,Plated Steelcaps,Spear of Shojin,Phage,Kindlegem,Oracle Lens,Zhonya's Hourglass,Blighting Jewel,No_Item,Liandry's Torment,Rylai's Crystal Scepter,Sorcerer's Shoes,Farsight Alteration,Imperial Mandate,Control Ward,Dream Maker,Forbidden Idol,Moonstone Renewer,Ionian Boots of Lucidity,Oracle Lens,Shattered Armguard,Sterak's Gage,Needlessly Large Rod,Plated Steelcaps,Trinity Force,Sundered Sky,Stealth Ward,Sundered Sky,Sterak's Gage,Black Cleaver,Boots of Swiftness,Control Ward,Trinity Force,Stealth Ward,Sorcerer's Shoes,No_Item,Control Ward,Rabadon's Deathcap,Liandry's Torment,Seraph's Embrace,Oracle Lens,The Collector,Berserker's Greaves,Infinity Edge,Doran's Blade,Lord Dominik's Regards,Zeal,Farsight Alteration,Redemption,Locket of the Iron Solari,Solstice Sleigh,Boots of Swiftness,Kindlegem,Cloth Armor,Oracle Lens,Grasp of the Undying,Sorcery,Conqueror,Inspiration,Electrocute,Resolve,Arcane Comet,Precision,Summon Aery,Resolve,Lethal Tempo,Resolve,Conqueror,Inspiration,Phase Rush,Precision,Lethal Tempo,Domination,Aftershock,Inspiration,Flash,Teleport,Flash,Smite,Teleport,Flash,Teleport,Flash,Flash,Heal,Flash,Teleport,Flash,Smite,Flash,Teleport,Flash,Barrier,Ignite,Flash,0,0,0,1,6,3
https://www.op.gg/summoners/euw/Raider-1999/matches/uRd1PvnOddrhCSe6rjDw_oqe1xvc5XKEW1_Zr7SLY94%3D/1734606865000,0,47,38,38,47,45,71,99,111,27,39,3,2,2,1,10,9,5,3,82205,82529,17.6,17.6,1196,1225,31.1,31.9,-324,324,2137.33,2145.754,Darius,Poppy,Garen,Ashe,Brand,Gragas,Viego,Gwen,Corki,Maokai,Stridebreaker,Force of Nature,"Jak'Sho, The Protean",Sterak's Gage,No_Item,Mercury's Treads,Oracle Lens,Trinity Force,Unending Despair,Force of Nature,Mercury's Treads,Spirit Visage,No_Item,Oracle Lens,Stridebreaker,Last Whisper,Boots of Swiftness,The Collector,Phantom Dancer,Infinity Edge,Oracle Lens,Zephyr,Kraken Slayer,B. F. Sword,Runaan's Hurricane,Bloodthirster,Mortal Reminder,Farsight Alteration,Zhonya's Hourglass,Zaz'Zak's Realmspike,Banshee's Veil,Rylai's Crystal Scepter,Liandry's Torment,Ionian Boots of Lucidity,Oracle Lens,Rabadon's Deathcap,Blackfire Torch,Boots of Swiftness,Cosmic Drive,Void Staff,Lich Bane,Farsight Alteration,Titanic Hydra,Kraken Slayer,Control Ward,Warden's Mail,Sterak's Gage,Plated Steelcaps,Oracle Lens,Rabadon's Deathcap,Void Staff,Nashor's Tooth,Sorcerer's Shoes,Shadowflame,Lich Bane,Stealth Ward,Quicksilver Sash,Infinity Edge,Boots of Swiftness,Mortal Reminder,Muramana,Trinity Force,Farsight Alteration,Knight's Vow,Locket of the Iron Solari,Control Ward,Redemption,Mercury's Treads,Solstice Sleigh,Oracle Lens,Conqueror,Resolve,Phase Rush,Inspiration,Phase Rush,Resolve,Lethal Tempo,Inspiration,Arcane Comet,Precision,Phase Rush,Precision,Conqueror,Inspiration,Dark Harvest,Sorcery,Conqueror,Inspiration,Aftershock,Inspiration,Flash,Ghost,Flash,Smite,Flash,Ignite,Flash,Cleanse,Flash,Ignite,Teleport,Flash,Flash,Smite,Ghost,Teleport,Teleport,Flash,Flash,Ignite,1,6,3,0,0,2
https://www.op.gg/summoners/euw/Raider-1999/matches/uRd1PvnOddpryaJBcwXIAJDQyTLnffUjW3nCfNcBGac%3D/1734545233000,1,42,27,27,42,53,76,78,90,26,21,2,3,2,0,11,4,4,3,79946,65227,17.0,15.6,1043,1024,29.4,28.8,14719,-14719,2244.098245614035,1830.9333333333334,Akali,Skarner,Katarina,Draven,Lulu,Jax,Udyr,Yasuo,Ziggs,Rell,Stormsurge,Hextech Alternator,Liandry's Torment,Void Staff,Needlessly Large Rod,Boots,Oracle Lens,Heartsteel,Unending Despair,Spirit Visage,No_Item,Thornmail,Mercury's Treads,Oracle Lens,Dark Seal,Shadowflame,Lich Bane,Rabadon's Deathcap,Sorcerer's Shoes,Void Staff,Farsight Alteration,Mercurial Scimitar,Guardian Angel,Immortal Shieldbow,Lord Dominik's Regards,Infinity Edge,Zephyr,Farsight Alteration,Redemption,Locket of the Iron Solari,Dream Maker,Ruby Crystal,Moonstone Renewer,Ionian Boots of Lucidity,Oracle Lens,Sundered Sky,Trinity Force,Caulfield's Warhammer,Mercury's Treads,Maw of Malmortius,Steel Sigil,Stealth Ward,Kaenic Rookern,Randuin's Omen,Liandry's Torment,Plated Steelcaps,Dark Seal,"Jak'Sho, The Protean",Oracle Lens,Guardian Angel,Blade of The Ruined King,Berserker's Greaves,Immortal Shieldbow,Infinity Edge,No_Item,Farsight Alteration,Doran's Ring,Seraph's Embrace,Horizon Focus,Sorcerer's Shoes,Luden's Companion,Oblivion Orb,Farsight Alteration,Locket of the Iron Solari,Celestial Opposition,Control Ward,Ionian Boots of Lucidity,Heartsteel,Kindlegem,Oracle Lens,Electrocute,Sorcery,Grasp of the Undying,Inspiration,Electrocute,Precision,Lethal Tempo,Domination,Summon Aery,Resolve,Grasp of the Undying,Sorcery,Conqueror,Inspiration,Lethal Tempo,Resolve,Arcane Comet,Inspiration,Aftershock,Inspiration,Teleport,Ignite,Flash,Smite,Flash,Teleport,Flash,Barrier,Flash,Heal,Flash,Teleport,Flash,Smite,Teleport,Flash,Flash,Teleport,Flash,Ignite,1,3,2,0,3,0
https://www.op.gg/summoners/euw/Raider-1999/matches/uRd1PvnOddo0VAfh_St6EfMQWZXPlRF73Bbps0p3L0I%3D/1734542662000,1,38,18,18,39,30,62,44,45,9,7,1,1,1,0,9,4,2,1,55336,46856,14.0,12.6,709,740,30.3,31.7,8480,-8480,2367.4680412371135,2004.6639175257733,Darius,Zac,Viktor,Kog'Maw,Tahm Kench,Gragas,Diana,Yasuo,Corki,Alistar,Stridebreaker,Negatron Cloak,Giant's Belt,Mercury's Treads,Sterak's Gage,Chain Vest,Oracle Lens,Spirit Visage,Randuin's Omen,No_Item,Ionian Boots of Lucidity,Sunfire Aegis,Dark Seal,Oracle Lens,Blackfire Torch,No_Item,Zhonya's Hourglass,No_Item,Mejai's Soulstealer,Sorcerer's Shoes,Stealth Ward,Doran's Blade,Guinsoo's Rageblade,"Jak'Sho, The Protean",Plated Steelcaps,Wit's End,No_Item,Farsight Alteration,Locket of the Iron Solari,Celestial Opposition,Control Ward,Heartsteel,Mercury's Treads,Kindlegem,Oracle Lens,Lich Bane,Cosmic Drive,Lost Chapter,Boots of Swiftness,Amplifying Tome,Blasting Wand,Stealth Ward,Riftmaker,Nashor's Tooth,Dark Seal,Mercury's Treads,Blighting Jewel,Oblivion Orb,Oracle Lens,Doran's Shield,Blade of The Ruined King,Berserker's Greaves,Immortal Shieldbow,B. F. Sword,Cloak of Agility,Farsight Alteration,Doran's Blade,Null-Magic Mantle,Trinity Force,Slightly Magical Footwear,Muramana,No_Item,Farsight Alteration,Celestial Opposition,Boots of Swiftness,Locket of the Iron Solari,Knight's Vow,No_Item,No_Item,Oracle Lens,Conqueror,Resolve,Aftershock,Precision,First Strike,Sorcery,Lethal Tempo,Resolve,Guardian,Inspiration,Phase Rush,Precision,Conqueror,Inspiration,Grasp of the Undying,Precision,Conqueror,Inspiration,Phase Rush,Inspiration,Flash,Ghost,Smite,Flash,Flash,Teleport,Flash,Barrier,Flash,Exhaust,Flash,Teleport,Smite,Flash,Teleport,Flash,Flash,Barrier,Flash,Ignite,1,6,2,0,0,0
https://www.op.gg/summoners/euw/Raider-1999/matches/uRd1PvnOddr8uEtZQcjq0v5TyRODmysujJDQ1RO_3Z4%3D/1734540919000,0,7,38,38,7,37,7,64,56,9,16,0,3,0,1,2,10,0,4,39159,53618,11.6,13.8,669,764,29.2,33.3,-14459,14459,1715.5371428571427,2348.9790476190474,Ambessa,Kayn,Anivia,Caitlyn,Thresh,Camille,Rek'Sai,Viktor,Corki,Maokai,Voltaic Cyclosword,Last Whisper,Plated Steelcaps,Caulfield's Warhammer,Serrated Dirk,Cull,Stealth Ward,Black Cleaver,Voltaic Cyclosword,Control Ward,No_Item,Slightly Magical Footwear,No_Item,Stealth Ward,Seeker's Armguard,Rod of Ages,Seraph's Embrace,Boots of Swiftness,Doran's Ring,No_Item,Farsight Alteration,Yun Tal Wildarrows,Pickaxe,B. F. Sword,Berserker's Greaves,Cloak of Agility,No_Item,Farsight Alteration,Trailblazer,Solstice Sleigh,Control Ward,Kindlegem,Cloth Armor,Boots of Swiftness,Oracle Lens,Ravenous Hydra,Death's Dance,Control Ward,Spear of Shojin,Trinity Force,Plated Steelcaps,Oracle Lens,Stridebreaker,Phage,Control Ward,Ruby Crystal,Plated Steelcaps,Pickaxe,Oracle Lens,Blackfire Torch,Control Ward,Doran's Ring,Ionian Boots of Lucidity,Cosmic Drive,Needlessly Large Rod,Farsight Alteration,Trinity Force,Muramana,Berserker's Greaves,Zeal,Scout's Slingshot,Doran's Blade,Stealth Ward,Celestial Opposition,Control Ward,Boots of Swiftness,Kindlegem,Trailblazer,Null-Magic Mantle,Oracle Lens,Electrocute,Inspiration,Conqueror,Inspiration,Electrocute,Precision,Lethal Tempo,Sorcery,Aftershock,Inspiration,Conqueror,Resolve,Conqueror,Inspiration,Summon Aery,Resolve,Conqueror,Inspiration,Aftershock,Inspiration,Flash,Teleport,Flash,Smite,Flash,Teleport,Barrier,Flash,Flash,Ignite,Flash,Teleport,Flash,Smite,Flash,Teleport,Flash,Barrier,Ignite,Flash,0,5,0,1,1,1
https://www.op.gg/summoners/euw/Raider-1999/matches/uRd1PvnOddo0JZWwN_J5KKEcgHgtd98mLZi0GM7cWXY%3D/1734537609000,0,3,16,16,3,22,1,25,31,5,8,0,1,0,0,0,9,0,1,20186,35550,7.8,9.2,350,489,23.1,32.4,-15364,15364,1339.4448598130841,2358.92523364486,Gnar,Skarner,Veigar,Xayah,Janna,Camille,Elise,Lux,Sivir,Ashe,Doran's Blade,Boots,Trinity Force,No_Item,No_Item,No_Item,Stealth Ward,Control Ward,Giant's Belt,Mosstomper Seedling,Giant's Belt,Mercury's Treads,Ruby Crystal,Oracle Lens,Doran's Ring,Lost Chapter,Verdant Barrier,No_Item,No_Item,Sorcerer's Shoes,Oracle Lens,Long Sword,Long Sword,Long Sword,Long Sword,Long Sword,Long Sword,Stealth Ward,Boots of Swiftness,Bounty of Worlds,Dark Seal,Aether Wisp,Amplifying Tome,Control Ward,Oracle Lens,Trinity Force,Refillable Potion,Long Sword,Long Sword,Boots,No_Item,Oracle Lens,Mejai's Soulstealer,Sorcerer's Shoes,No_Item,Gustwalker Hatchling,Aether Wisp,Hextech Alternator,Oracle Lens,Doran's Ring,No_Item,Amplifying Tome,Glowing Mote,Luden's Companion,Sorcerer's Shoes,Farsight Alteration,Navori Flickerblade,Berserker's Greaves,Doran's Blade,Yun Tal Wildarrows,Long Sword,No_Item,Stealth Ward,Bloodsong,Umbral Glaive,No_Item,Boots of Swiftness,No_Item,No_Item,Oracle Lens,Grasp of the Undying,Inspiration,Grasp of the Undying,Inspiration,Electrocute,Sorcery,Press the Attack,Inspiration,Arcane Comet,Domination,Conqueror,Resolve,Electrocute,Precision,Arcane Comet,Domination,Lethal Tempo,Sorcery,Hail of Blades,Sorcery,Flash,Teleport,Flash,Smite,Flash,Teleport,Flash,Cleanse,Ignite,Flash,Flash,Teleport,Flash,Smite,Teleport,Flash,Flash,Barrier,Heal,Flash,0,3,0,0,0,1
https://www.op.gg/summoners/euw/Raider-1999/matches/uRd1PvnOddp_AUQL8NDBGH65YEKazvKaU1ZwdHZls9A%3D/1734536245000,1,25,10,10,25,13,39,47,32,7,10,2,0,0,0,6,2,2,0,41487,34526,11.4,10.6,616,592,33.5,32.1,6961,-6961,2241.8440993788818,1865.6906832298134,Cho'Gath,Jarvan IV,Jax,Viktor,Nami,Volibear,Karthus,Yone,Kalista,Leona,Hextech Rocketbelt,Doran's Ring,Refillable Potion,Sorcerer's Shoes,Aether Wisp,Amplifying Tome,Stealth Ward,Sundered Sky,Eclipse,Ionian Boots of Lucidity,Kindlegem,No_Item,No_Item,Stealth Ward,Boots of Swiftness,Sundered Sky,Negatron Cloak,Recurve Bow,Trinity Force,No_Item,Stealth Ward,Doran's Ring,Blackfire Torch,Dark Seal,Ionian Boots of Lucidity,Liandry's Torment,No_Item,Stealth Ward,Solstice Sleigh,Control Ward,Boots of Swiftness,Imperial Mandate,Bandleglass Mirror,No_Item,Oracle Lens,Doran's Ring,Unending Despair,Winter's Approach,Ruby Crystal,Null-Magic Mantle,Boots,Stealth Ward,Dark Seal,Blackfire Torch,Sorcerer's Shoes,Aether Wisp,No_Item,No_Item,Oracle Lens,Doran's Shield,Control Ward,Stridebreaker,Blade of The Ruined King,Noonquiver,Berserker's Greaves,Oracle Lens,Pickaxe,Recurve Bow,Doran's Blade,Berserker's Greaves,No_Item,Blade of The Ruined King,Farsight Alteration,Control Ward,Locket of the Iron Solari,Bloodsong,No_Item,Mercury's Treads,No_Item,Oracle Lens,Arcane Comet,Inspiration,Conqueror,Inspiration,Lethal Tempo,Resolve,Summon Aery,Precision,Summon Aery,Resolve,Grasp of the Undying,Precision,Dark Harvest,Precision,Fleet Footwork,Resolve,Lethal Tempo,Domination,Aftershock,Inspiration,Flash,Teleport,Flash,Smite,Flash,Teleport,Flash,Teleport,Flash,Heal,Teleport,Flash,Flash,Smite,Teleport,Flash,Flash,Barrier,Flash,Ignite,1,4,0,0,2,0
https://www.op.gg/summoners/euw/Raider-1999/matches/uRd1PvnOddrmqFGODL_oKAw6L3Q7Qkp45hFMGAr0ziw%3D/1734534805000,1,32,15,15,32,17,53,118,110,39,37,3,2,2,0,10,5,5,2,72630,64719,17.0,15.4,1083,1172,30.8,33.2,7911,-7911,2058.1798365122613,1833.9989100817438,Zilean,Skarner,Viktor,Jhin,Poppy,Yorick,Kindred,Kassadin,Ezreal,Rell,Kaenic Rookern,Seraph's Embrace,Ionian Boots of Lucidity,Oblivion Orb,Frozen Heart,Control Ward,Stealth Ward,Unending Despair,Sterak's Gage,Plated Steelcaps,Spirit Visage,Heartsteel,Bramble Vest,Oracle Lens,Liandry's Torment,Void Staff,Blackfire Torch,Rabadon's Deathcap,Sorcerer's Shoes,Lich Bane,Oracle Lens,Boots of Swiftness,The Collector,No_Item,Infinity Edge,Lord Dominik's Regards,Rapid Firecannon,Farsight Alteration,Bloodsong,Dead Man's Plate,Locket of the Iron Solari,Plated Steelcaps,Warden's Mail,Ruby Crystal,Oracle Lens,Mercurial Scimitar,Sterak's Gage,Spirit Visage,Sundered Sky,Trinity Force,Mercury's Treads,Stealth Ward,The Collector,Kraken Slayer,Mercury's Treads,Infinity Edge,No_Item,No_Item,Oracle Lens,Rabadon's Deathcap,Blighting Jewel,Seraph's Embrace,Blasting Wand,Sorcerer's Shoes,Malignance,Oracle Lens,Muramana,Serylda's Grudge,Tunneler,Ionian Boots of Lucidity,No_Item,Trinity Force,Farsight Alteration,Celestial Opposition,Locket of the Iron Solari,Control Ward,Zeke's Convergence,Cloth Armor,Ionian Boots of Lucidity,Oracle Lens,Summon Aery,Inspiration,Grasp of the Undying,Inspiration,First Strike,Sorcery,Dark Harvest,Precision,Hail of Blades,Inspiration,Conqueror,Resolve,Press the Attack,Domination,Electrocute,Sorcery,Press the Attack,Inspiration,Aftershock,Inspiration,Teleport,Flash,Flash,Smite,Teleport,Flash,Flash,Heal,Flash,Ignite,Flash,Teleport,Flash,Smite,Flash,Teleport,Flash,Barrier,Flash,Ignite,0,4,2,1,2,0
https://www.op.gg/summoners/euw/Raider-1999/matches/uRd1PvnOddoQGuiMEfhqAjuY6vxRcy8U1-VJ1OqoUj4%3D/1734531916000,1,39,19,20,39,32,54,64,54,18,15,2,2,1,0,10,2,3,2,61924,48570,15.0,13.4,835,777,31.6,29.400000000000002,13354,-13354,2345.6060606060605,1839.7727272727275,Riven,Gragas,Ahri,Jinx,Thresh,Camille,Jarvan IV,Vladimir,Corki,Nautilus,Doran's Blade,Black Cleaver,Death's Dance,Caulfield's Warhammer,Sundered Sky,Ionian Boots of Lucidity,Oracle Lens,Shadowflame,Lich Bane,Amplifying Tome,Cloth Armor,Sorcerer's Shoes,No_Item,Oracle Lens,Rabadon's Deathcap,Horizon Focus,Sorcerer's Shoes,Blighting Jewel,Malignance,Dark Seal,Oracle Lens,Doran's Blade,The Collector,Berserker's Greaves,Runaan's Hurricane,Infinity Edge,Lord Dominik's Regards,Farsight Alteration,Control Ward,Knight's Vow,Celestial Opposition,No_Item,Trailblazer,Plated Steelcaps,Oracle Lens,Ravenous Hydra,Trinity Force,Spear of Shojin,Mercury's Treads,No_Item,No_Item,Oracle Lens,Sundered Sky,Spectre's Cowl,Ruby Crystal,Eclipse,No_Item,Ionian Boots of Lucidity,Oracle Lens,Doran's Ring,Rabadon's Deathcap,Sorcerer's Shoes,Dark Seal,Shadowflame,Needlessly Large Rod,Farsight Alteration,Doran's Blade,Muramana,Trinity Force,Plated Steelcaps,Cloak of Agility,Last Whisper,Farsight Alteration,Celestial Opposition,Control Ward,Locket of the Iron Solari,Mercury's Treads,Kindlegem,Cloth Armor,Oracle Lens,Conqueror,Inspiration,Dark Harvest,Sorcery,Electrocute,Sorcery,Lethal Tempo,Domination,Aftershock,Inspiration,Conqueror,Resolve,Conqueror,Inspiration,Summon Aery,Precision,Conqueror,Inspiration,Aftershock,Inspiration,Flash,Ignite,Flash,Smite,Flash,Teleport,Flash,Barrier,Flash,Ignite,Flash,Teleport,Flash,Smite,Flash,Ghost,Flash,Barrier,Flash,Ignite,1,4,2,0,0,0
https://www.op.gg/summoners/euw/Raider-1999/matches/uRd1PvnOddqK0LeupSdsCoSO_m1i6ARnVKjnjj6oGEY%3D/1734528845000,1,29,14,14,29,25,44,53,58,19,18,1,2,0,0,10,2,1,2,54651,45727,14.0,13.0,826,797,32.3,31.1,8924,-8924,2139.7746031746033,1790.3693121693123,Darius,Wukong,Akali,Corki,Zac,Poppy,Viego,Galio,Kalista,Senna,Stridebreaker,Refillable Potion,Dead Man's Plate,Plated Steelcaps,Long Sword,No_Item,Oracle Lens,Sundered Sky,Black Cleaver,Plated Steelcaps,Pickaxe,Trinity Force,No_Item,Oracle Lens,Doran's Shield,Liandry's Torment,Sorcerer's Shoes,Needlessly Large Rod,Amplifying Tome,Riftmaker,Stealth Ward,Doran's Blade,Muramana,Plated Steelcaps,Trinity Force,No_Item,Infinity Edge,Farsight Alteration,Celestial Opposition,Zeke's Convergence,Ionian Boots of Lucidity,Unending Despair,Kindlegem,No_Item,Oracle Lens,Iceborn Gauntlet,No_Item,Plated Steelcaps,Fimbulwinter,No_Item,Doran's Shield,Farsight Alteration,Slightly Magical Footwear,Titanic Hydra,Kraken Slayer,Black Cleaver,No_Item,No_Item,Oracle Lens,Doran's Ring,Hollow Radiance,Riftmaker,Amplifying Tome,Sorcerer's Shoes,Dark Seal,Farsight Alteration,Blade of The Ruined King,Guinsoo's Rageblade,Berserker's Greaves,Recurve Bow,Doran's Blade,Hearthbound Axe,Farsight Alteration,Echoes of Helia,Celestial Opposition,Boots of Swiftness,Moonstone Renewer,No_Item,No_Item,Oracle Lens,Conqueror,Resolve,Conqueror,Inspiration,Conqueror,Resolve,Conqueror,Inspiration,Aftershock,Precision,Grasp of the Undying,Inspiration,Conqueror,Inspiration,Aftershock,Sorcery,Lethal Tempo,Inspiration,Summon Aery,Resolve,Flash,Ghost,Flash,Smite,Teleport,Flash,Teleport,Flash,Flash,Ignite,Teleport,Flash,Flash,Smite,Flash,Teleport,Flash,Barrier,Flash,Heal,1,5,2,0,1,0
https://www.op.gg/summoners/euw/Raider-1999/matches/uRd1PvnOddr8TNN03Hmjcg_Vx5tEbIG2fjFaqqInmrc%3D/1734526607000,0,9,28,28,9,43,12,45,52,9,8,1,1,0,0,1,8,1,1,35280,46936,11.0,12.6,635,697,30.8,33.6,-11656,11656,1694.3684210526314,2254.1631578947367,Maokai,Jax,Viktor,Caitlyn,Thresh,Dr. Mundo,Viego,Ryze,Corki,Zac,Unending Despair,No_Item,Plated Steelcaps,Kindlegem,Tear of the Goddess,Doran's Shield,Stealth Ward,Trinity Force,Sundered Sky,Control Ward,Slightly Magical Footwear,Null-Magic Mantle,Ruby Crystal,Stealth Ward,Doran's Ring,Blackfire Torch,Sorcerer's Shoes,Haunting Guise,Fated Ashes,No_Item,Farsight Alteration,Doran's Blade,The Collector,Boots,Dagger,Infinity Edge,Dagger,Farsight Alteration,Celestial Opposition,Locket of the Iron Solari,No_Item,Boots of Swiftness,No_Item,No_Item,Oracle Lens,Heartsteel,Warmog's Armor,No_Item,No_Item,Boots of Swiftness,No_Item,Farsight Alteration,No_Item,Titanic Hydra,Tunneler,Kraken Slayer,Plated Steelcaps,No_Item,Oracle Lens,Rod of Ages,Refillable Potion,Seraph's Embrace,Control Ward,Mercury's Treads,Blighting Jewel,Stealth Ward,Ionian Boots of Lucidity,Noonquiver,Muramana,Trinity Force,Doran's Blade,Long Sword,Farsight Alteration,Celestial Opposition,Zeke's Convergence,Ionian Boots of Lucidity,Spirit Visage,Ruby Crystal,No_Item,Oracle Lens,Grasp of the Undying,Inspiration,Lethal Tempo,Inspiration,Summon Aery,Resolve,Lethal Tempo,Domination,Aftershock,Inspiration,Grasp of the Undying,Inspiration,Conqueror,Inspiration,Phase Rush,Resolve,Conqueror,Inspiration,Aftershock,Precision,Teleport,Flash,Smite,Flash,Flash,Teleport,Flash,Barrier,Ignite,Flash,Flash,Teleport,Flash,Smite,Flash,Teleport,Flash,Barrier,Flash,Ignite,0,3,0,1,3,1
https://www.op.gg/summoners/euw/Raider-1999/matches/uRd1PvnOddrIIRpKf0QBRBZ-mZX0GjZ--_7svm2TR2U%3D/1734525041000,1,27,9,10,27,8,43,31,40,15,5,0,0,0,0,9,2,0,0,43041,32631,11.8,10.4,614,591,32.8,31.6,10410,-10410,2312.650746268657,1753.3074626865673,Ambessa,Skarner,Viktor,Ashe,Zac,Darius,Viego,Syndra,Jinx,Lux,Plated Steelcaps,No_Item,Eclipse,Black Cleaver,No_Item,No_Item,Farsight Alteration,Heartsteel,Sterak's Gage,Plated Steelcaps,Kindlegem,Chain Vest,No_Item,Oracle Lens,Amplifying Tome,Amplifying Tome,Doran's Ring,Lich Bane,Blackfire Torch,Ionian Boots of Lucidity,Farsight Alteration,Kraken Slayer,Berserker's Greaves,No_Item,Doran's Blade,Zeal,No_Item,Farsight Alteration,Celestial Opposition,Zeke's Convergence,Chain Vest,Kindlegem,Dark Seal,Ionian Boots of Lucidity,Oracle Lens,Stridebreaker,Refillable Potion,Control Ward,Doran's Shield,Plated Steelcaps,No_Item,Oracle Lens,Ruby Crystal,Blade of The Ruined King,Slightly Magical Footwear,Caulfield's Warhammer,Ruby Crystal,No_Item,Stealth Ward,Ionian Boots of Lucidity,Amplifying Tome,Aether Wisp,Blackfire Torch,Dark Seal,Doran's Ring,Farsight Alteration,Runaan's Hurricane,Berserker's Greaves,The Collector,No_Item,Doran's Blade,No_Item,Farsight Alteration,Ruby Crystal,Locket of the Iron Solari,Boots of Swiftness,Dream Maker,Control Ward,No_Item,Oracle Lens,Grasp of the Undying,Domination,Grasp of the Undying,Inspiration,Summon Aery,Precision,Lethal Tempo,Inspiration,Aftershock,Precision,Conqueror,Resolve,Conqueror,Inspiration,Summon Aery,Resolve,Lethal Tempo,Domination,Aftershock,Inspiration,Flash,Teleport,Flash,Smite,Flash,Teleport,Barrier,Flash,Flash,Ignite,Flash,Ghost,Flash,Smite,Flash,Teleport,Flash,Barrier,Flash,Heal,1,0,1,0,6,0
https://www.op.gg/summoners/euw/Raider-1999/matches/uRd1PvnOddo_X6aFnAfusAEufwkp9grxbXPKNF-55_A%3D/1734523489000,0,22,42,42,23,94,39,82,93,27,31,1,3,1,0,5,9,2,3,62421,73143,15.4,17.0,954,1077,27.599999999999998,31.099999999999998,-10722,10722,1809.9769516728625,2120.875092936803,K'Sante,Master Yi,Akali,Ashe,Janna,Camille,Jarvan IV,Viktor,Varus,Elise,Kindlegem,Knight's Vow,Plated Steelcaps,Kaenic Rookern,Iceborn Gauntlet,Cloth Armor,Farsight Alteration,Guinsoo's Rageblade,Blade of The Ruined King,Titanic Hydra,Plated Steelcaps,Wit's End,No_Item,Farsight Alteration,Stormsurge,Shadowflame,Sorcerer's Shoes,Dark Seal,Needlessly Large Rod,Needlessly Large Rod,Oracle Lens,Infinity Edge,Runaan's Hurricane,Berserker's Greaves,Vampiric Scepter,Kraken Slayer,B. F. Sword,Farsight Alteration,Mikael's Blessing,Redemption,Dream Maker,Boots of Swiftness,Dark Seal,Moonstone Renewer,Oracle Lens,Ravenous Hydra,Plated Steelcaps,No_Item,Spear of Shojin,Trinity Force,Guardian Angel,Oracle Lens,Ruby Crystal,Kindlegem,Eclipse,Sterak's Gage,Sundered Sky,Plated Steelcaps,Stealth Ward,Lich Bane,Dark Seal,Luden's Companion,Sorcerer's Shoes,Rabadon's Deathcap,Void Staff,Farsight Alteration,Serylda's Grudge,Opportunity,Edge of Night,Muramana,Boots of Swiftness,No_Item,Farsight Alteration,Sorcerer's Shoes,Hextech Rocketbelt,Bloodsong,Void Staff,Stormsurge,Mejai's Soulstealer,Oracle Lens,Grasp of the Undying,Inspiration,Lethal Tempo,Domination,Electrocute,Resolve,Lethal Tempo,Inspiration,Summon Aery,Resolve,Grasp of the Undying,Inspiration,Conqueror,Inspiration,Summon Aery,Precision,Hail of Blades,Precision,Electrocute,Precision,Flash,Teleport,Flash,Smite,Flash,Teleport,Cleanse,Flash,Flash,Heal,Flash,Teleport,Smite,Flash,Flash,Teleport,Barrier,Flash,Flash,Ignite,1,5,0,0,1,1
https://www.op.gg/summoners/euw/Raider-1999/matches/uRd1PvnOddoq9rhFoZGSo2CGb_Ns4Utrm_KR7Lcf1JQ%3D/1734452565000,1,25,16,16,25,17,46,71,92,37,27,1,3,1,0,10,2,2,3,64689,55503,15.8,15.0,1061,999,33.1,31.1,9186,-9186,2011.1644230769232,1725.5740384615385,Yorick,Viego,Viktor,Jhin,Leona,Zilean,Kha'Zix,Hwei,Caitlyn,Poppy,Quicksilver Sash,Sundered Sky,No_Item,Mercury's Treads,Trinity Force,Sterak's Gage,Oracle Lens,Plated Steelcaps,Kraken Slayer,Titanic Hydra,Sundered Sky,Long Sword,Long Sword,Farsight Alteration,Blighting Jewel,Luden's Companion,Rabadon's Deathcap,Shadowflame,Blasting Wand,Sorcerer's Shoes,Farsight Alteration,Boots of Swiftness,The Collector,No_Item,Rapid Firecannon,Infinity Edge,Doran's Blade,Farsight Alteration,Locket of the Iron Solari,Knight's Vow,No_Item,Celestial Opposition,Mercury's Treads,Kindlegem,Oracle Lens,Doran's Ring,Seraph's Embrace,Ionian Boots of Lucidity,Oblivion Orb,Cosmic Drive,Kindlegem,Stealth Ward,Spear of Shojin,Eclipse,Slightly Magical Footwear,Black Cleaver,No_Item,No_Item,Oracle Lens,Void Staff,Blackfire Torch,Control Ward,Liandry's Torment,Sorcerer's Shoes,No_Item,Farsight Alteration,B. F. Sword,Rapid Firecannon,Infinity Edge,Lord Dominik's Regards,The Collector,Berserker's Greaves,Farsight Alteration,Locket of the Iron Solari,Bloodsong,Thornmail,Plated Steelcaps,Control Ward,No_Item,Oracle Lens,Conqueror,Resolve,Conqueror,Inspiration,Summon Aery,Precision,Dark Harvest,Precision,Aftershock,Inspiration,Summon Aery,Resolve,Conqueror,Inspiration,Arcane Comet,Precision,Lethal Tempo,Sorcery,Hail of Blades,Inspiration,Flash,Teleport,Flash,Smite,Flash,Teleport,Flash,Heal,Flash,Ignite,Heal,Flash,Flash,Smite,Flash,Teleport,Cleanse,Flash,Ignite,Flash,1,5,3,0,1,0
https://www.op.gg/summoners/euw/Raider-1999/matches/uRd1PvnOddqwYNqNMbzUJGNzrSJWzthOY5ZWnWoq5Gg%3D/1734450168000,1,29,11,11,29,16,44,60,46,13,15,1,1,0,0,5,1,1,1,43827,33913,11.4,10.4,631,602,32.4,31.0,9914,-9914,2250.575675675676,1741.4783783783785,Darius,Skarner,Swain,Viktor,Pyke,Sylas,Master Yi,Ezreal,Vayne,Leona,Stridebreaker,Sterak's Gage,No_Item,Boots of Swiftness,No_Item,No_Item,Oracle Lens,No_Item,Heartsteel,Control Ward,Frozen Heart,Ruby Crystal,Mercury's Treads,Oracle Lens,Doran's Ring,Blackfire Torch,Boots of Swiftness,Aether Wisp,Fiendish Codex,No_Item,Stealth Ward,Needlessly Large Rod,Sorcerer's Shoes,Needlessly Large Rod,Liandry's Torment,Blackfire Torch,Doran's Ring,Farsight Alteration,Umbral Glaive,Boots of Swiftness,Celestial Opposition,Rectrix,Long Sword,Long Sword,Oracle Lens,Doran's Shield,Mercury's Treads,Cosmic Drive,Hextech Rocketbelt,No_Item,No_Item,Oracle Lens,Guinsoo's Rageblade,Blade of The Ruined King,Boots,No_Item,No_Item,No_Item,Stealth Ward,Doran's Blade,Caulfield's Warhammer,Tear of the Goddess,Trinity Force,Ionian Boots of Lucidity,Long Sword,Farsight Alteration,Blade of The Ruined King,Berserker's Greaves,Recurve Bow,Doran's Blade,No_Item,No_Item,Stealth Ward,Celestial Opposition,Locket of the Iron Solari,Refillable Potion,Mercury's Treads,No_Item,No_Item,Oracle Lens,Conqueror,Sorcery,Grasp of the Undying,Inspiration,Conqueror,Resolve,Summon Aery,Resolve,Hail of Blades,Resolve,Conqueror,Resolve,Lethal Tempo,Domination,Conqueror,Sorcery,Press the Attack,Sorcery,Aftershock,Inspiration,Flash,Ghost,Flash,Smite,Ghost,Flash,Flash,Teleport,Ignite,Flash,Flash,Teleport,Flash,Smite,Flash,Barrier,Flash,Ghost,Flash,Ignite,1,5,0,0,1,0
https://www.op.gg/summoners/euw/Raider-1999/matches/uRd1PvnOddoYw7jDPKQDguT319UFTXkeNTcZAE6-WzY%3D/1734448614000,1,25,24,24,25,42,41,66,108,41,36,1,2,0,2,7,4,1,4,63226,65347,15.8,16.2,1010,1061,31.9,33.6,-2121,2121,2007.1746031746031,2074.5079365079364,Darius,Zac,Kayle,Corki,Bard,Ryze,Rengar,Lee Sin,Swain,Pyke,Stridebreaker,Sterak's Gage,Control Ward,Null-Magic Mantle,Mercury's Treads,Death's Dance,Oracle Lens,Hextech Rocketbelt,Dark Seal,Spectre's Cowl,Riftmaker,Sunfire Aegis,Ionian Boots of Lucidity,Oracle Lens,Shadowflame,Boots of Swiftness,Rabadon's Deathcap,Nashor's Tooth,Needlessly Large Rod,Aether Wisp,Farsight Alteration,Cloak of Agility,Mercury's Treads,Doran's Blade,Trinity Force,Muramana,Mortal Reminder,Farsight Alteration,Dead Man's Plate,Statikk Shiv,Bloodsong,Negatron Cloak,Slightly Magical Footwear,Null-Magic Mantle,Oracle Lens,Seraph's Embrace,No_Item,Boots of Swiftness,Rod of Ages,No_Item,Zhonya's Hourglass,Oracle Lens,B. F. Sword,Profane Hydra,Youmuu's Ghostblade,Serpent's Fang,Serylda's Grudge,Ionian Boots of Lucidity,Oracle Lens,B. F. Sword,Ravenous Hydra,Sundered Sky,Black Cleaver,Eclipse,Ionian Boots of Lucidity,Stealth Ward,Blackfire Torch,Liandry's Torment,Needlessly Large Rod,Boots of Swiftness,Dark Seal,Zhonya's Hourglass,Farsight Alteration,Bloodsong,Umbral Glaive,Edge of Night,Synchronized Souls,Opportunity,No_Item,Oracle Lens,Conqueror,Sorcery,Conqueror,Resolve,Press the Attack,Sorcery,Conqueror,Inspiration,Guardian,Inspiration,Phase Rush,Resolve,Conqueror,Domination,Conqueror,Resolve,Conqueror,Resolve,Hail of Blades,Sorcery,Flash,Ghost,Smite,Flash,Flash,Teleport,Teleport,Flash,Ignite,Flash,Teleport,Flash,Flash,Smite,Flash,Teleport,Ghost,Flash,Flash,Ignite,1,6,1,0,0,0
https://www.op.gg/summoners/euw/Raider-1999/matches/uRd1PvnOddqv_xRFmxuobluqdbtwNHQYkb9NvLLNct0%3D/1734445321000,0,15,30,30,19,57,26,78,77,16,31,2,0,0,1,8,7,2,1,51355,58679,13.6,15.0,849,891,31.0,32.6,-7324,7324,1871.4110169491523,2138.3025423728814,Darius,Lee Sin,Vex,Corki,Janna,Singed,Wukong,LeBlanc,Jhin,Blitzcrank,Stridebreaker,Dead Man's Plate,Sterak's Gage,Null-Magic Mantle,Cloth Armor,Mercury's Treads,Oracle Lens,Tunneler,Eclipse,No_Item,Sundered Sky,Slightly Magical Footwear,Ruby Crystal,Stealth Ward,Rabadon's Deathcap,Shadowflame,No_Item,Malignance,No_Item,Sorcerer's Shoes,Oracle Lens,Doran's Blade,Muramana,Zeal,Trinity Force,Mercury's Treads,Scout's Slingshot,Farsight Alteration,Bloodsong,Shurelya's Battlesong,Boots of Swiftness,Dark Seal,Fiendish Codex,Bandleglass Mirror,Oracle Lens,Boots of Swiftness,Rylai's Crystal Scepter,Liandry's Torment,Dark Seal,Oblivion Orb,Winged Moonplate,Farsight Alteration,No_Item,Chain Vest,Boots of Swiftness,Sterak's Gage,Sundered Sky,Trinity Force,Oracle Lens,Void Staff,Zhonya's Hourglass,No_Item,No_Item,Luden's Companion,Sorcerer's Shoes,Stealth Ward,Vampiric Scepter,Boots of Swiftness,Rapid Firecannon,Infinity Edge,The Collector,Lord Dominik's Regards,Farsight Alteration,Bloodsong,Locket of the Iron Solari,Frozen Heart,Winged Moonplate,Cloth Armor,Boots of Swiftness,Oracle Lens,Conqueror,Resolve,Conqueror,Inspiration,Electrocute,Sorcery,Conqueror,Inspiration,Arcane Comet,Domination,Phase Rush,Resolve,Conqueror,Inspiration,Electrocute,Sorcery,Fleet Footwork,Sorcery,Glacial Augment,Sorcery,Flash,Ghost,Flash,Smite,Teleport,Flash,Flash,Barrier,Flash,Heal,Flash,Ghost,Smite,Flash,Flash,Teleport,Barrier,Flash,Flash,Ignite,1,6,1,0,0,1
https://www.op.gg/summoners/euw/Raider-1999/matches/uRd1PvnOddo-2G0MVUhZc_DL20L428_DKz5_2jhppTc%3D/1734443126000,0,6,16,16,6,24,6,22,34,6,4,0,2,0,0,0,2,0,2,23896,31749,8.8,10.2,418,513,27.099999999999998,33.3,-7853,7853,1541.6774193548388,2048.3225806451615,Kled,Zac,Ahri,Caitlyn,Nami,Darius,Ekko,Ambessa,Corki,Nautilus,Tiamat,Doran's Blade,Tunneler,Boots,Glowing Mote,Ruby Crystal,Stealth Ward,Dark Seal,Sunfire Aegis,Ionian Boots of Lucidity,Kindlegem,No_Item,Mosstomper Seedling,Oracle Lens,Doran's Ring,Refillable Potion,No_Item,Ionian Boots of Lucidity,Dark Seal,Malignance,Oracle Lens,Doran's Blade,The Collector,Refillable Potion,B. F. Sword,Boots,No_Item,Stealth Ward,No_Item,No_Item,Dream Maker,Imperial Mandate,Boots,Glowing Mote,Oracle Lens,Stridebreaker,Refillable Potion,Mercury's Treads,No_Item,No_Item,No_Item,Stealth Ward,Scorchclaw Pup,Lich Bane,No_Item,Hextech Alternator,Kindlegem,Sorcerer's Shoes,Oracle Lens,Doran's Shield,Refillable Potion,Pickaxe,Plated Steelcaps,Long Sword,Spear of Shojin,Stealth Ward,Doran's Blade,Refillable Potion,Trinity Force,Caulfield's Warhammer,Tear of the Goddess,Mercury's Treads,Farsight Alteration,Mercury's Treads,Celestial Opposition,Locket of the Iron Solari,No_Item,No_Item,Control Ward,Oracle Lens,Conqueror,Resolve,Aftershock,Precision,Electrocute,Sorcery,Lethal Tempo,Sorcery,Summon Aery,Domination,Conqueror,Resolve,Dark Harvest,Inspiration,Arcane Comet,Domination,Conqueror,Inspiration,Aftershock,Inspiration,Flash,Ignite,Smite,Flash,Flash,Teleport,Flash,Barrier,Heal,Flash,Flash,Ghost,Flash,Smite,Flash,Teleport,Flash,Barrier,Flash,Ignite,0,3,0,0,3,0
https://www.op.gg/summoners/euw/Raider-1999/matches/uRd1PvnOddqYBw6aRdhoew6DT-iFYWswu8IRBXEf-l0%3D/1734440724000,0,13,18,18,13,35,17,52,50,8,13,2,2,0,1,1,11,2,3,42029,54558,11.8,14.0,724,822,28.3,32.1,-12529,12529,1649.2392405063292,2140.883544303798,Yone,Wukong,Viktor,Jhin,Soraka,Darius,Vi,Gwen,Jinx,Janna,Health Potion,No_Item,No_Item,No_Item,No_Item,Doran's Blade,Stealth Ward,Phage,Trinity Force,Kindlegem,Boots of Swiftness,Sundered Sky,No_Item,Stealth Ward,Doran's Ring,Blackfire Torch,Sorcerer's Shoes,Liandry's Torment,Rabadon's Deathcap,Control Ward,Farsight Alteration,Boots of Swiftness,The Collector,Youmuu's Ghostblade,Last Whisper,Cloak of Agility,Doran's Blade,Farsight Alteration,Dream Maker,Moonstone Renewer,Control Ward,Kindlegem,Forbidden Idol,Boots of Swiftness,Oracle Lens,Stridebreaker,Sterak's Gage,Control Ward,Plated Steelcaps,Dead Man's Plate,"Jak'Sho, The Protean",Oracle Lens,Sterak's Gage,Sundered Sky,Plated Steelcaps,Black Cleaver,No_Item,No_Item,Oracle Lens,Nashor's Tooth,Dark Seal,Shadowflame,Blasting Wand,Sorcerer's Shoes,No_Item,Stealth Ward,Doran's Blade,The Collector,Berserker's Greaves,Executioner's Calling,Infinity Edge,No_Item,Farsight Alteration,Bloodsong,Shurelya's Battlesong,Oblivion Orb,Dark Seal,Boots of Swiftness,Fiendish Codex,Oracle Lens,Lethal Tempo,Resolve,Conqueror,Inspiration,Summon Aery,Resolve,Dark Harvest,Precision,Summon Aery,Resolve,Conqueror,Resolve,Conqueror,Inspiration,Dark Harvest,Sorcery,Press the Attack,Sorcery,Arcane Comet,Domination,Teleport,Flash,Flash,Smite,Flash,Teleport,Flash,Ghost,Heal,Flash,Flash,Ghost,Smite,Flash,Ghost,Teleport,Barrier,Flash,Flash,Heal,0,1,0,1,5,3
https://www.op.gg/summoners/euw/Raider-1999/matches/uRd1PvnOddpk55hATukcdTCBK2M0PQxLnjEPAQ1NSfU%3D/1734438538000,1,25,15,15,25,24,49,102,86,35,35,3,2,1,1,9,7,4,3,61330,58805,15.6,14.6,1004,1016,33.4,33.7,2525,-2525,2036.8722627737227,1953.0127737226278,Darius,Wukong,Viktor,Jhin,Janna,Jayce,Nidalee,Akali,Corki,Nautilus,Stridebreaker,Force of Nature,Null-Magic Mantle,Sterak's Gage,Plated Steelcaps,Ruby Crystal,Oracle Lens,Sterak's Gage,Trinity Force,No_Item,No_Item,Sundered Sky,Boots of Swiftness,Stealth Ward,Blackfire Torch,Lich Bane,Rabadon's Deathcap,Dark Seal,Sorcerer's Shoes,No_Item,Farsight Alteration,Boots of Swiftness,Doran's Blade,Youmuu's Ghostblade,Lord Dominik's Regards,The Collector,Rapid Firecannon,Farsight Alteration,Dream Maker,Echoes of Helia,No_Item,Kindlegem,Moonstone Renewer,Boots of Swiftness,Oracle Lens,Muramana,Youmuu's Ghostblade,Ionian Boots of Lucidity,Serylda's Grudge,Serpent's Fang,Doran's Blade,Farsight Alteration,Oblivion Orb,Seeker's Armguard,Control Ward,Sorcerer's Shoes,Liandry's Torment,Horizon Focus,Oracle Lens,Shadowflame,Seeker's Armguard,No_Item,Sorcerer's Shoes,Stormsurge,No_Item,Oracle Lens,Trinity Force,Muramana,Cloak of Agility,Immortal Shieldbow,Mortal Reminder,Plated Steelcaps,Farsight Alteration,Bloodsong,Knight's Vow,Locket of the Iron Solari,Control Ward,Boots,Cloth Armor,Oracle Lens,Conqueror,Resolve,Conqueror,Inspiration,Summon Aery,Precision,Dark Harvest,Precision,Arcane Comet,Domination,Phase Rush,Inspiration,Conqueror,Sorcery,Electrocute,Resolve,Conqueror,Inspiration,Aftershock,Inspiration,Flash,Ghost,Flash,Smite,Flash,Teleport,Flash,Barrier,Flash,Heal,Teleport,Flash,Smite,Flash,Flash,Teleport,Flash,Barrier,Ignite,Flash,0,3,1,1,3,0
https://www.op.gg/summoners/euw/Raider-1999/matches/uRd1PvnOddqjmV58NWbmExWPPYbgctvZSody12Snk-w%3D/1734310903000,0,17,29,29,17,52,16,63,63,15,21,0,3,0,1,5,7,0,4,45531,51971,12.4,14.2,734,811,29.5,32.5,-6440,6440,1821.24,2078.84,Jax,Zac,Taliyah,Karthus,Rakan,Cassiopeia,Viego,Hwei,Corki,Lulu,Spirit Visage,Sundered Sky,Tunneler,Trinity Force,Boots,Ruby Crystal,Stealth Ward,Sunfire Aegis,Dark Seal,Ionian Boots of Lucidity,Spirit Visage,Cloth Armor,Giant's Belt,Oracle Lens,Sorcerer's Shoes,Luden's Companion,Dark Seal,Doran's Ring,Void Staff,Needlessly Large Rod,Stealth Ward,Blackfire Torch,Sorcerer's Shoes,Shadowflame,Oblivion Orb,Blighting Jewel,No_Item,Farsight Alteration,Celestial Opposition,Ionian Boots of Lucidity,Kindlegem,Cloth Armor,Zeke's Convergence,Null-Magic Mantle,Oracle Lens,Doran's Ring,Seraph's Embrace,No_Item,Haunting Guise,Rylai's Crystal Scepter,Amplifying Tome,Stealth Ward,Titanic Hydra,Kraken Slayer,Null-Magic Mantle,Mercury's Treads,No_Item,No_Item,Oracle Lens,Ruby Crystal,Seraph's Embrace,Blackfire Torch,Fated Ashes,Mejai's Soulstealer,Ionian Boots of Lucidity,Farsight Alteration,Doran's Blade,Boots of Swiftness,No_Item,Muramana,Trinity Force,Mortal Reminder,Farsight Alteration,No_Item,Dream Maker,Moonstone Renewer,Ionian Boots of Lucidity,Forbidden Idol,Kindlegem,Oracle Lens,Lethal Tempo,Resolve,Aftershock,Precision,Conqueror,Sorcery,Dark Harvest,Precision,Guardian,Domination,Conqueror,Sorcery,Conqueror,Inspiration,Summon Aery,Precision,Conqueror,Resolve,Summon Aery,Resolve,Flash,Teleport,Smite,Flash,Teleport,Flash,Flash,Exhaust,Flash,Ignite,Teleport,Flash,Flash,Smite,Teleport,Flash,Barrier,Flash,Heal,Flash,0,6,0,1,0,1
https://www.op.gg/summoners/euw/Raider-1999/matches/uRd1PvnOddrbCPtgm1HkyPGeDBhYyriyjz9wprYgNgk%3D/1734308057000,0,13,27,27,13,29,15,30,28,6,9,0,2,0,0,0,3,0,2,26879,35113,8.4,9.6,377,492,24.5,31.8,-8234,8234,1734.1290322580646,2265.3548387096776,Fiora,Taric,Cassiopeia,Ashe,Pyke,Darius,Fiddlesticks,Yone,Viktor,Nautilus,Refillable Potion,Doran's Blade,Ravenous Hydra,Long Sword,Long Sword,Boots,Stealth Ward,Gustwalker Hatchling,Winter's Approach,Ionian Boots of Lucidity,Ruby Crystal,No_Item,No_Item,Oracle Lens,Tear of the Goddess,Liandry's Torment,Lost Chapter,Dark Seal,Amplifying Tome,No_Item,Stealth Ward,Doran's Blade,Dagger,Dagger,Berserker's Greaves,Yun Tal Wildarrows,Cull,Stealth Ward,Refillable Potion,Celestial Opposition,Caulfield's Warhammer,No_Item,Mercury's Treads,Serrated Dirk,Oracle Lens,Stridebreaker,Refillable Potion,No_Item,Doran's Shield,Ruby Crystal,Plated Steelcaps,Stealth Ward,Gustwalker Hatchling,Oblivion Orb,Liandry's Torment,Sorcerer's Shoes,Amplifying Tome,No_Item,Scarecrow Effigy,Doran's Shield,Berserker's Greaves,Blade of The Ruined King,Refillable Potion,No_Item,No_Item,Oracle Lens,Doran's Ring,Sorcerer's Shoes,Luden's Companion,Aether Wisp,Dark Seal,Needlessly Large Rod,Farsight Alteration,Warmog's Armor,Bloodsong,Cloth Armor,Boots of Swiftness,Cloth Armor,No_Item,Oracle Lens,Conqueror,Resolve,Glacial Augment,Precision,Conqueror,Resolve,Lethal Tempo,Inspiration,Hail of Blades,Resolve,Conqueror,Sorcery,Electrocute,Inspiration,Lethal Tempo,Resolve,Summon Aery,Precision,Aftershock,Inspiration,Flash,Ignite,Smite,Flash,Flash,Teleport,Flash,Barrier,Ignite,Flash,Flash,Ghost,Flash,Smite,Flash,Teleport,Flash,Teleport,Flash,Ignite,0,4,0,0,0,0
https://www.op.gg/summoners/euw/Raider-1999/matches/uRd1PvnOddoA8-XC_hE_uViSmye6GnRdTmZkAykfMNE%3D/1734306147000,0,8,23,23,8,51,15,39,45,6,9,0,2,0,0,0,10,0,2,31090,45703,10.4,11.6,520,625,26.1,31.4,-14613,14613,1568.2566371681417,2305.3725663716814,Jax,Wukong,Xerath,Jinx,Sona,Vladimir,Kindred,Hwei,Caitlyn,Janna,Tiamat,Trinity Force,Control Ward,Boots,Doran's Shield,No_Item,Stealth Ward,Caulfield's Warhammer,Trinity Force,Long Sword,Mercury's Treads,No_Item,No_Item,Oracle Lens,Doran's Ring,Malignance,Sorcerer's Shoes,Fiendish Codex,Fiendish Codex,No_Item,Stealth Ward,Doran's Blade,Yun Tal Wildarrows,Berserker's Greaves,B. F. Sword,Pickaxe,No_Item,Farsight Alteration,Celestial Opposition,Echoes of Helia,Boots,Moonstone Renewer,No_Item,No_Item,Oracle Lens,Stormsurge,Doran's Ring,Refillable Potion,Sorcerer's Shoes,Aether Wisp,Fiendish Codex,Farsight Alteration,No_Item,Kraken Slayer,No_Item,Plated Steelcaps,The Collector,Cloak of Agility,Oracle Lens,Doran's Ring,Luden's Companion,Sorcerer's Shoes,Fiendish Codex,Fiendish Codex,Amplifying Tome,Farsight Alteration,Doran's Blade,Yun Tal Wildarrows,Infinity Edge,Berserker's Greaves,No_Item,No_Item,Farsight Alteration,Boots of Swiftness,No_Item,Dream Maker,Echoes of Helia,Faerie Charm,Amplifying Tome,Oracle Lens,Lethal Tempo,Resolve,Conqueror,Inspiration,Arcane Comet,Domination,Lethal Tempo,Sorcery,Summon Aery,Precision,Summon Aery,Precision,Press the Attack,Domination,Arcane Comet,Precision,Fleet Footwork,Sorcery,Arcane Comet,Resolve,Flash,Teleport,Flash,Smite,Teleport,Flash,Flash,Barrier,Heal,Flash,Flash,Ignite,Smite,Flash,Flash,Teleport,Barrier,Flash,Heal,Flash,0,3,0,1,3,1
https://www.op.gg/summoners/euw/Raider-1999/matches/uRd1PvnOddp9xVS3gMKrm1Ax9GFBRcw3strETDfjLMA%3D/1734304100000,1,35,25,25,35,53,78,79,85,33,24,2,3,1,2,8,6,3,5,74128,71369,17.2,16.4,1040,1013,27.5,26.8,2759,-2759,1962.2117647058824,1889.179411764706,Camille,Ivern,Pantheon,Viktor,Nautilus,Gangplank,Zac,Sylas,Varus,Rell,Ravenous Hydra,Spear of Shojin,Sterak's Gage,Trinity Force,Boots,Cloth Armor,Oracle Lens,Shurelya's Battlesong,Redemption,Mejai's Soulstealer,Ionian Boots of Lucidity,Moonstone Renewer,Imperial Mandate,Oracle Lens,Spear of Shojin,Black Cleaver,Guardian Angel,Mercury's Treads,Eclipse,Tunneler,Oracle Lens,Rabadon's Deathcap,Oblivion Orb,Void Staff,Sorcerer's Shoes,Liandry's Torment,Blackfire Torch,Farsight Alteration,Celestial Opposition,Mercury's Treads,Locket of the Iron Solari,Warmog's Armor,Ruby Crystal,No_Item,Oracle Lens,Mercury's Treads,Trinity Force,Serpent's Fang,The Collector,Mortal Reminder,Infinity Edge,Farsight Alteration,Sunfire Aegis,Ionian Boots of Lucidity,Dark Seal,Abyssal Mask,"Jak'Sho, The Protean",Spectre's Cowl,Oracle Lens,Zhonya's Hourglass,Hextech Rocketbelt,No_Item,Doran's Ring,Ionian Boots of Lucidity,Cosmic Drive,Oracle Lens,Terminus,Berserker's Greaves,Mercurial Scimitar,Blade of The Ruined King,"Jak'Sho, The Protean",Guinsoo's Rageblade,Farsight Alteration,Celestial Opposition,Control Ward,Locket of the Iron Solari,Knight's Vow,Kindlegem,Ionian Boots of Lucidity,Oracle Lens,Conqueror,Resolve,Glacial Augment,Resolve,Conqueror,Resolve,Summon Aery,Resolve,Aftershock,Inspiration,Grasp of the Undying,Sorcery,Aftershock,Precision,Conqueror,Resolve,Lethal Tempo,Inspiration,Aftershock,Inspiration,Flash,Teleport,Flash,Smite,Flash,Teleport,Teleport,Flash,Flash,Ignite,Flash,Teleport,Smite,Flash,Flash,Teleport,Flash,Barrier,Flash,Ignite,1,4,1,0,2,1
https://www.op.gg/summoners/euw/Raider-1999/matches/uRd1PvnOddpip6kxRyvATBVaZWWPZR8VBavKn9-m7w4%3D/1734301016000,1,30,13,13,30,20,36,51,42,13,16,2,1,0,0,6,3,2,1,53301,42787,13.8,12.2,773,718,32.2,29.900000000000002,10514,-10514,2218.4740540540542,1780.8643243243243,Darius,Shaco,Syndra,Olaf,Pantheon,Fiora,Skarner,Viktor,Jinx,Zilean,Stridebreaker,Sterak's Gage,No_Item,Steel Sigil,Plated Steelcaps,Long Sword,Oracle Lens,Control Ward,Eclipse,Blade of The Ruined King,Berserker's Greaves,Serrated Dirk,No_Item,Oracle Lens,Mejai's Soulstealer,Liandry's Torment,Needlessly Large Rod,Blackfire Torch,Blasting Wand,Sorcerer's Shoes,Farsight Alteration,Doran's Blade,Slightly Magical Footwear,Death's Dance,Maw of Malmortius,No_Item,Ravenous Hydra,Oracle Lens,Edge of Night,B. F. Sword,Bloodsong,Control Ward,Boots of Swiftness,Umbral Glaive,Oracle Lens,Plated Steelcaps,Trinity Force,Ravenous Hydra,Long Sword,No_Item,No_Item,Farsight Alteration,Thornmail,Heartsteel,Plated Steelcaps,Ruby Crystal,No_Item,No_Item,Oracle Lens,Doran's Ring,Blackfire Torch,Lich Bane,Cloth Armor,Needlessly Large Rod,Sorcerer's Shoes,Farsight Alteration,No_Item,B. F. Sword,Berserker's Greaves,Mortal Reminder,Yun Tal Wildarrows,Doran's Blade,Farsight Alteration,Locket of the Iron Solari,Solstice Sleigh,Ionian Boots of Lucidity,Kindlegem,Kindlegem,No_Item,Oracle Lens,Conqueror,Sorcery,Hail of Blades,Precision,First Strike,Sorcery,Conqueror,Inspiration,Press the Attack,Domination,Grasp of the Undying,Sorcery,Aftershock,Inspiration,First Strike,Sorcery,Lethal Tempo,Sorcery,Guardian,Sorcery,Flash,Ghost,Smite,Ignite,Flash,Teleport,Flash,Ghost,Ignite,Flash,Flash,Teleport,Flash,Smite,Flash,Teleport,Flash,Barrier,Flash,Heal,1,6,0,0,0,0
https://www.op.gg/summoners/euw/Raider-1999/matches/uRd1PvnOddoqnTK9hPFTrY5j7xCOtxx-FwN74W8Z7Fo%3D/1734298752000,1,32,21,21,32,31,49,56,61,17,13,4,0,1,0,10,3,5,0,60316,51510,15.0,13.8,828,828,30.7,30.6,8806,-8806,2237.0723004694837,1910.4647887323945,Gragas,Vi,Garen,Corki,Nautilus,K'Sante,Ambessa,Qiyana,Ziggs,Rakan,Doran's Ring,Cosmic Drive,Seraph's Embrace,Ionian Boots of Lucidity,Shattered Armguard,Needlessly Large Rod,Stealth Ward,Plated Steelcaps,Sterak's Gage,Black Cleaver,B. F. Sword,No_Item,Sundered Sky,Oracle Lens,Stridebreaker,Phantom Dancer,Plated Steelcaps,Doran's Shield,Mortal Reminder,Cloth Armor,Stealth Ward,Rapid Firecannon,Trinity Force,Muramana,No_Item,Lord Dominik's Regards,Mercury's Treads,Farsight Alteration,Celestial Opposition,Locket of the Iron Solari,Warmog's Armor,Mercury's Treads,Ruby Crystal,Control Ward,Oracle Lens,Chain Vest,Thornmail,Kaenic Rookern,Unending Despair,Plated Steelcaps,Giant's Belt,Oracle Lens,Hubris,Voltaic Cyclosword,Death's Dance,Plated Steelcaps,Serrated Dirk,Pickaxe,Oracle Lens,Youmuu's Ghostblade,Serpent's Fang,Last Whisper,Ionian Boots of Lucidity,Caulfield's Warhammer,No_Item,Oracle Lens,Doran's Ring,Fated Ashes,Luden's Companion,Sorcerer's Shoes,Horizon Focus,Amplifying Tome,Farsight Alteration,Celestial Opposition,Redemption,Control Ward,Plated Steelcaps,Zeke's Convergence,Cloth Armor,Oracle Lens,Phase Rush,Precision,Conqueror,Inspiration,Phase Rush,Resolve,Conqueror,Inspiration,Aftershock,Inspiration,Grasp of the Undying,Inspiration,Dark Harvest,Inspiration,Electrocute,Precision,Arcane Comet,Precision,Guardian,Domination,Flash,Teleport,Flash,Smite,Flash,Ignite,Flash,Teleport,Flash,Ignite,Teleport,Flash,Flash,Smite,Flash,Teleport,Teleport,Flash,Flash,Heal,1,4,2,0,2,0
https://www.op.gg/summoners/euw/Raider-1999/matches/uRd1PvnOddpB5kvjPAu5q9vL0r0IMgnbTTd90HM7gOU%3D/1734296685000,0,14,31,31,14,54,20,37,65,22,19,3,1,1,1,2,10,4,2,49683,62420,13.8,15.6,848,951,29.2,32.7,-12737,12737,1699.6815789473683,2135.4210526315787,K'Sante,Neeko,Qiyana,Caitlyn,Milio,Camille,Viego,Akali,Ezreal,Thresh,Unending Despair,Thornmail,Plated Steelcaps,Null-Magic Mantle,Ruby Crystal,No_Item,Oracle Lens,No_Item,Zhonya's Hourglass,Hextech Rocketbelt,Shadowflame,Sorcerer's Shoes,Dark Seal,Oracle Lens,Youmuu's Ghostblade,Profane Hydra,Ionian Boots of Lucidity,Doran's Blade,Serylda's Grudge,No_Item,Oracle Lens,Berserker's Greaves,The Collector,Rapid Firecannon,Infinity Edge,No_Item,No_Item,Farsight Alteration,Forbidden Idol,Dream Maker,Moonstone Renewer,Ardent Censer,Forbidden Idol,Ionian Boots of Lucidity,Oracle Lens,Ravenous Hydra,Plated Steelcaps,Death's Dance,Trinity Force,Spear of Shojin,No_Item,Oracle Lens,Mercury's Treads,Kraken Slayer,Trinity Force,Sterak's Gage,B. F. Sword,Long Sword,Oracle Lens,Zhonya's Hourglass,Hextech Rocketbelt,Shadowflame,No_Item,No_Item,Sorcerer's Shoes,Oracle Lens,Doran's Blade,Spear of Shojin,Long Sword,Trinity Force,Muramana,Ionian Boots of Lucidity,Farsight Alteration,Redemption,Locket of the Iron Solari,Solstice Sleigh,Boots of Swiftness,No_Item,No_Item,Oracle Lens,Grasp of the Undying,Sorcery,Dark Harvest,Inspiration,Electrocute,Precision,Lethal Tempo,Sorcery,Summon Aery,Inspiration,Grasp of the Undying,Inspiration,Conqueror,Inspiration,Electrocute,Resolve,Press the Attack,Inspiration,Aftershock,Inspiration,Flash,Teleport,Smite,Flash,Flash,Teleport,Flash,Barrier,Heal,Flash,Flash,Teleport,Flash,Smite,Flash,Teleport,Flash,Barrier,Flash,Ignite,0,0,0,1,6,2
,,-1,-1,-1,-1,-1,-1,-1,-1,-1,-1,-1,-1,-1,-1,-1,-1,-1,-1,-1,-1,-1.0,-1.0,-1,-1,-1.0,-1.0,-1,-1,-1.0,-1.0,,,,,,,,,,,,,,,,,,,,,,,,,,,,,,,,,,,,,,,,,,,,,,,,,,,,,,,,,,,,,,,,,,,,,,,,,,,,,,,,,,,,,,,,,,,,,,,,,,,,,,,,,,,,,,,,,,,,,,,,,-1,-1,-1,-1,-1,-1
https://www.op.gg/summoners/euw/Raider-1999/matches/uRd1PvnOddp-tOIK2L2MxNMcBzjXXpqAWBx9tmTm1sw%3D/1734292496000,0,35,32,32,35,63,65,93,121,60,43,3,3,1,1,6,10,4,4,78018,81915,17.2,17.0,1191,1215,28.6,29.1,-3897,3897,1859.4963730569948,1952.3782383419689,Darius,Elise,Qiyana,Jinx,Lulu,Varus,Lee Sin,Yasuo,Hwei,Rell,Stridebreaker,"Jak'Sho, The Protean",Quicksilver Sash,Sterak's Gage,Winged Moonplate,Plated Steelcaps,Oracle Lens,Sorcerer's Shoes,Zhonya's Hourglass,Void Staff,Shadowflame,Stormsurge,Needlessly Large Rod,Oracle Lens,Youmuu's Ghostblade,Serylda's Grudge,Guardian Angel,Edge of Night,Serpent's Fang,No_Item,Oracle Lens,Infinity Edge,Rapid Firecannon,Yun Tal Wildarrows,Berserker's Greaves,Mercurial Scimitar,Lord Dominik's Regards,Farsight Alteration,Redemption,Dream Maker,Locket of the Iron Solari,Watchful Wardstone,Ionian Boots of Lucidity,Moonstone Renewer,Oracle Lens,Malignance,Zhonya's Hourglass,Nashor's Tooth,Plated Steelcaps,Void Staff,No_Item,Farsight Alteration,Eclipse,No_Item,Sundered Sky,Death's Dance,Steel Sigil,Plated Steelcaps,Stealth Ward,Immortal Shieldbow,Mercurial Scimitar,Guardian Angel,Berserker's Greaves,Kraken Slayer,Infinity Edge,Farsight Alteration,Zhonya's Hourglass,Rabadon's Deathcap,Blackfire Torch,Sorcerer's Shoes,Amplifying Tome,Liandry's Torment,Farsight Alteration,Celestial Opposition,Knight's Vow,Locket of the Iron Solari,Zeke's Convergence,Ionian Boots of Lucidity,Winged Moonplate,Oracle Lens,Conqueror,Sorcery,Dark Harvest,Precision,Electrocute,Precision,Lethal Tempo,Inspiration,Summon Aery,Resolve,Press the Attack,Resolve,Conqueror,Inspiration,Fleet Footwork,Resolve,Electrocute,Inspiration,Aftershock,Inspiration,Flash,Ghost,Flash,Smite,Flash,Teleport,Barrier,Flash,Heal,Flash,Flash,Barrier,Flash,Smite,Teleport,Flash,Barrier,Flash,Flash,Ignite,0,4,1,1,2,3
https://www.op.gg/summoners/euw/Raider-1999/matches/uRd1PvnOddrlK8I1LbO5sqKT32sN5DbxO1iBCaY4sro%3D/1734289402000,1,19,7,8,19,11,18,40,30,8,9,0,2,0,0,3,0,0,2,33576,24088,10.0,8.8,531,438,34.8,28.8,9488,-9488,2194.5098039215686,1574.3790849673203,Riven,Jarvan IV,Kog'Maw,Akshan,Rakan,Fiora,Olaf,Aurelion Sol,Jinx,Karma,Doran's Blade,Sundered Sky,Eclipse,Caulfield's Warhammer,Ionian Boots of Lucidity,No_Item,Stealth Ward,No_Item,Eclipse,No_Item,Ionian Boots of Lucidity,Tunneler,No_Item,Oracle Lens,Doran's Ring,Luden's Companion,Sorcerer's Shoes,No_Item,No_Item,No_Item,Stealth Ward,Doran's Blade,The Collector,No_Item,B. F. Sword,Slightly Magical Footwear,No_Item,Farsight Alteration,Celestial Opposition,Zeke's Convergence,Control Ward,Ruby Crystal,Ionian Boots of Lucidity,No_Item,Oracle Lens,Ravenous Hydra,Doran's Blade,Cloth Armor,No_Item,Boots,No_Item,Stealth Ward,Long Sword,No_Item,Mosstomper Seedling,Slightly Magical Footwear,Ruby Crystal,Stridebreaker,Oracle Lens,Doran's Ring,Liandry's Torment,Boots,Giant's Belt,No_Item,Tear of the Goddess,Farsight Alteration,B. F. Sword,Berserker's Greaves,Doran's Blade,Pickaxe,Scout's Slingshot,Dagger,Stealth Ward,Refillable Potion,Dream Maker,Aether Wisp,Bandleglass Mirror,Boots,Amplifying Tome,Oracle Lens,Conqueror,Inspiration,Conqueror,Inspiration,Arcane Comet,Precision,Press the Attack,Inspiration,Guardian,Domination,Conqueror,Resolve,Conqueror,Inspiration,Arcane Comet,Resolve,Lethal Tempo,Sorcery,Arcane Comet,Domination,Flash,Ignite,Smite,Flash,Barrier,Flash,Teleport,Flash,Flash,Heal,Teleport,Flash,Ghost,Smite,Teleport,Flash,Barrier,Flash,Heal,Flash,0,6,0,0,0,0
https://www.op.gg/summoners/euw/Raider-1999/matches/uRd1PvnOddobCPzb97phDSzKhLurJ2tbToUhWwWcJtI%3D/1734287849000,0,19,25,25,19,47,22,85,72,22,33,1,2,0,2,7,7,1,4,54333,60755,14.0,15.4,884,950,30.7,33.1,-6422,6422,1878.8046728971963,2100.873831775701,Yorick,Viego,Viktor,Caitlyn,Renata Glasc,Ambessa,Zed,Vladimir,Ashe,Lulu,Stridebreaker,Trinity Force,Ruby Crystal,Doran's Blade,Death's Dance,Boots of Swiftness,Stealth Ward,Sundered Sky,Kraken Slayer,Sterak's Gage,No_Item,Plated Steelcaps,Ruby Crystal,Oracle Lens,Doran's Ring,Zhonya's Hourglass,Sorcerer's Shoes,Blackfire Torch,Dark Seal,Liandry's Torment,Oracle Lens,Doran's Blade,Zeal,No_Item,Berserker's Greaves,The Collector,Infinity Edge,Farsight Alteration,Celestial Opposition,Locket of the Iron Solari,Redemption,Ionian Boots of Lucidity,No_Item,No_Item,Oracle Lens,Tunneler,Eclipse,Pickaxe,Plated Steelcaps,Black Cleaver,Control Ward,Farsight Alteration,Eclipse,Voltaic Cyclosword,Serylda's Grudge,Edge of Night,No_Item,Slightly Magical Footwear,Oracle Lens,Doran's Ring,Dark Seal,Rabadon's Deathcap,Ionian Boots of Lucidity,Liandry's Torment,Cosmic Drive,Farsight Alteration,Berserker's Greaves,No_Item,Kraken Slayer,Phantom Dancer,Infinity Edge,Bloodthirster,Farsight Alteration,Forbidden Idol,Redemption,Dream Maker,Ionian Boots of Lucidity,Control Ward,Moonstone Renewer,Oracle Lens,Conqueror,Resolve,Conqueror,Inspiration,Summon Aery,Resolve,Fleet Footwork,Sorcery,Guardian,Domination,Conqueror,Domination,Electrocute,Inspiration,Summon Aery,Precision,Press the Attack,Inspiration,Summon Aery,Resolve,Flash,Teleport,Flash,Smite,Flash,Teleport,Flash,Barrier,Heal,Flash,Flash,Teleport,Flash,Smite,Ghost,Flash,Barrier,Flash,Flash,Heal,1,6,0,0,0,1
https://www.op.gg/summoners/euw/Raider-1999/matches/uRd1PvnOddrjPFu755gXwKQOrRlOaNwQ5xERoiBA53Y%3D/1734285772000,1,32,26,26,32,54,55,79,107,49,34,1,3,1,0,9,4,2,3,67881,62683,15.6,14.6,1021,934,32.3,29.599999999999998,5198,-5198,2147.797265625,1983.329296875,Singed,Skarner,Orianna,Draven,Leona,Yorick,Lee Sin,Yasuo,Hwei,Pyke,Negatron Cloak,Plated Steelcaps,Randuin's Omen,Rylai's Crystal Scepter,Liandry's Torment,Dark Seal,Oracle Lens,Heartsteel,Unending Despair,Spirit Visage,No_Item,Plated Steelcaps,Ruby Crystal,Oracle Lens,Mejai's Soulstealer,Stormsurge,Seeker's Armguard,Sorcerer's Shoes,Malignance,Shadowflame,Stealth Ward,Immortal Shieldbow,The Collector,Infinity Edge,Lord Dominik's Regards,Vampiric Scepter,Berserker's Greaves,Farsight Alteration,Celestial Opposition,Knight's Vow,Locket of the Iron Solari,Plated Steelcaps,Spectre's Cowl,Control Ward,Oracle Lens,Sterak's Gage,Sundered Sky,Control Ward,Trinity Force,Mercury's Treads,Spirit Visage,Oracle Lens,Sundered Sky,Eclipse,Tunneler,Plated Steelcaps,Pickaxe,No_Item,Stealth Ward,Blade of The Ruined King,Cloak of Agility,B. F. Sword,Pickaxe,Immortal Shieldbow,Berserker's Greaves,Stealth Ward,Doran's Ring,Blackfire Torch,Sorcerer's Shoes,Shadowflame,Liandry's Torment,Amplifying Tome,Farsight Alteration,Celestial Opposition,Umbral Glaive,Control Ward,Ionian Boots of Lucidity,Edge of Night,Maw of Malmortius,Oracle Lens,Phase Rush,Resolve,Grasp of the Undying,Inspiration,Summon Aery,Precision,Lethal Tempo,Domination,Aftershock,Inspiration,Conqueror,Resolve,Conqueror,Inspiration,Lethal Tempo,Resolve,Arcane Comet,Precision,Hail of Blades,Resolve,Flash,Teleport,Flash,Smite,Flash,Teleport,Flash,Barrier,Ignite,Flash,Flash,Teleport,Smite,Flash,Teleport,Flash,Teleport,Flash,Flash,Ignite,1,3,1,0,3,0
https://www.op.gg/summoners/euw/Raider-1999/matches/uRd1PvnOddqK-YDudcJ9k5HHwQ3iov5-kYeQUm8u7ng%3D/1734282474000,0,27,28,28,27,53,49,63,57,18,21,3,0,1,0,3,7,4,0,57920,58137,14.8,14.8,887,891,30.8,30.9,-217,217,2020.4651162790697,2028.03488372093,Ambessa,Graves,Syndra,Kog'Maw,Lulu,Olaf,Zac,Akali,Viktor,Nautilus,Doran's Blade,Hexdrinker,Caulfield's Warhammer,Ionian Boots of Lucidity,Spear of Shojin,Eclipse,Oracle Lens,The Collector,Opportunity,No_Item,Mercury's Treads,Immortal Shieldbow,Mortal Reminder,Oracle Lens,Doran's Ring,Zhonya's Hourglass,Shadowflame,Luden's Companion,Sorcerer's Shoes,Needlessly Large Rod,Farsight Alteration,Doran's Blade,Blade of The Ruined King,Guinsoo's Rageblade,Wit's End,Berserker's Greaves,Negatron Cloak,Farsight Alteration,Control Ward,Redemption,Dream Maker,Bandleglass Mirror,Knight's Vow,Ionian Boots of Lucidity,Oracle Lens,Stridebreaker,Sundered Sky,Death's Dance,Hexdrinker,Plated Steelcaps,No_Item,Oracle Lens,No_Item,No_Item,Abyssal Mask,Spirit Visage,Sunfire Aegis,Ionian Boots of Lucidity,Oracle Lens,Zhonya's Hourglass,Stormsurge,Shadowflame,Sorcerer's Shoes,No_Item,No_Item,Oracle Lens,Doran's Ring,Stormsurge,Shadowflame,Rabadon's Deathcap,No_Item,Sorcerer's Shoes,Farsight Alteration,Bloodsong,Locket of the Iron Solari,Abyssal Mask,Ionian Boots of Lucidity,No_Item,No_Item,Oracle Lens,Grasp of the Undying,Domination,Dark Harvest,Precision,First Strike,Sorcery,Press the Attack,Resolve,Summon Aery,Resolve,Conqueror,Inspiration,Aftershock,Inspiration,Electrocute,Resolve,Summon Aery,Precision,Aftershock,Inspiration,Teleport,Flash,Smite,Flash,Teleport,Flash,Barrier,Flash,Flash,Heal,Flash,Ghost,Smite,Flash,Teleport,Flash,Flash,Teleport,Flash,Ignite,0,2,0,1,4,1
https://www.op.gg/summoners/euw/Raider-1999/matches/uRd1PvnOddozW41rKvwdiydF-8eQMcVjuNgOPgQkqvU%3D/1734279967000,0,21,36,36,21,67,36,57,46,9,15,0,4,0,1,4,10,0,5,50757,60151,13.2,15.0,785,885,29.5,33.300000000000004,-9394,9394,1900.9378378378378,2252.7594594594593,Jax,Ambessa,Aurora,Jhin,Poppy,Maokai,Viego,Ahri,Ashe,Taric,Sterak's Gage,Sundered Sky,Control Ward,Trinity Force,Mercury's Treads,No_Item,Stealth Ward,Mercury's Treads,Voltaic Cyclosword,Edge of Night,Steel Sigil,Caulfield's Warhammer,No_Item,Oracle Lens,Shadowflame,Malignance,Void Staff,Mercury's Treads,Dark Seal,No_Item,Oracle Lens,Doran's Blade,Statikk Shiv,B. F. Sword,Boots of Swiftness,Rapid Firecannon,Pickaxe,Farsight Alteration,Locket of the Iron Solari,Winged Moonplate,Ruby Crystal,Chain Vest,Mercury's Treads,Celestial Opposition,Oracle Lens,Doran's Ring,Fimbulwinter,Unending Despair,Mercury's Treads,Spectre's Cowl,Ruby Crystal,Oracle Lens,Death's Dance,No_Item,Titanic Hydra,Plated Steelcaps,Tunneler,Kraken Slayer,Oracle Lens,Cryptbloom,Malignance,No_Item,Ionian Boots of Lucidity,Liandry's Torment,Mejai's Soulstealer,Oracle Lens,Doran's Blade,Berserker's Greaves,Kraken Slayer,Phantom Dancer,Infinity Edge,Vampiric Scepter,Farsight Alteration,Knight's Vow,Locket of the Iron Solari,Dream Maker,Control Ward,Fimbulwinter,Boots of Swiftness,Oracle Lens,Lethal Tempo,Resolve,Conqueror,Inspiration,Electrocute,Sorcery,Fleet Footwork,Sorcery,Aftershock,Inspiration,Grasp of the Undying,Sorcery,Conqueror,Inspiration,Electrocute,Sorcery,Lethal Tempo,Inspiration,Glacial Augment,Resolve,Flash,Teleport,Smite,Flash,Teleport,Flash,Cleanse,Flash,Ignite,Flash,Flash,Teleport,Smite,Flash,Flash,Teleport,Flash,Barrier,Flash,Ignite,1,5,0,0,1,2
https://www.op.gg/summoners/euw/Raider-1999/matches/uRd1PvnOddpFiFfqrh9Swr1JCuy8s8cafI3fDjLqCzc%3D/1734278044000,1,43,31,31,43,71,93,74,79,18,18,3,2,1,1,9,4,4,3,69384,62013,16.0,15.4,892,842,29.3,27.8,7371,-7371,2274.2533333333336,2032.6483333333335,Camille,Viego,Syndra,Vayne,Lulu,Yone,Diana,Katarina,Tristana,Janna,Ravenous Hydra,Trinity Force,Spear of Shojin,Plated Steelcaps,No_Item,Death's Dance,Oracle Lens,Titanic Hydra,Randuin's Omen,Control Ward,Sterak's Gage,Kraken Slayer,Plated Steelcaps,Stealth Ward,Needlessly Large Rod,Needlessly Large Rod,Cosmic Drive,Sorcerer's Shoes,Shadowflame,Blackfire Torch,Farsight Alteration,"Jak'Sho, The Protean",Berserker's Greaves,Blade of The Ruined King,Guinsoo's Rageblade,Recurve Bow,Ruby Crystal,Farsight Alteration,Redemption,Dream Maker,No_Item,Moonstone Renewer,Ionian Boots of Lucidity,Dawncore,Oracle Lens,Immortal Shieldbow,Control Ward,Berserker's Greaves,Kraken Slayer,Vampiric Scepter,Infinity Edge,Farsight Alteration,Zhonya's Hourglass,Lich Bane,Amplifying Tome,Shadowflame,Sorcerer's Shoes,Needlessly Large Rod,Oracle Lens,Terminus,Blade of The Ruined King,Randuin's Omen,Plated Steelcaps,Kraken Slayer,Negatron Cloak,Stealth Ward,Infinity Edge,The Collector,No_Item,Berserker's Greaves,Lord Dominik's Regards,Cloak of Agility,Farsight Alteration,Dream Maker,Synchronized Souls,Oblivion Orb,Moonstone Renewer,Echoes of Helia,Dark Seal,Oracle Lens,Conqueror,Resolve,Conqueror,Inspiration,First Strike,Sorcery,Lethal Tempo,Resolve,Summon Aery,Resolve,Fleet Footwork,Resolve,Conqueror,Inspiration,Conqueror,Resolve,Hail of Blades,Precision,Summon Aery,Resolve,Flash,Teleport,Flash,Smite,Flash,Teleport,Flash,Barrier,Flash,Exhaust,Teleport,Flash,Smite,Flash,Flash,Teleport,Barrier,Flash,Flash,Heal,0,6,1,1,0,0
https://www.op.gg/summoners/euw/Raider-1999/matches/uRd1PvnOddqFwtaAP0tQJCtauncQV_sQufdOwWs5a-I%3D/1734275932000,1,21,24,24,21,34,25,65,76,31,24,0,3,1,0,9,4,1,3,58540,52867,14.6,13.8,904,852,31.6,29.8,5673,-5673,2034.621951219512,1837.4506097560975,Irelia,Ivern,Yasuo,Kog'Maw,Braum,Darius,Nidalee,Corki,Ezreal,Janna,Hullbreaker,Wit's End,Steel Sigil,Blade of The Ruined King,Plated Steelcaps,Long Sword,Farsight Alteration,Ardent Censer,Dark Seal,Redemption,Ionian Boots of Lucidity,No_Item,Moonstone Renewer,Oracle Lens,Doran's Shield,Berserker's Greaves,Blade of The Ruined King,Immortal Shieldbow,Cloak of Agility,B. F. Sword,Farsight Alteration,Negatron Cloak,Guinsoo's Rageblade,Wit's End,Plated Steelcaps,Blade of The Ruined King,Doran's Blade,Farsight Alteration,Solstice Sleigh,Knight's Vow,Locket of the Iron Solari,Cloth Armor,No_Item,Plated Steelcaps,Oracle Lens,Trinity Force,Plated Steelcaps,Sterak's Gage,No_Item,No_Item,No_Item,Oracle Lens,Lich Bane,Void Staff,Dark Seal,Sorcerer's Shoes,Control Ward,Shadowflame,Oracle Lens,Lord Dominik's Regards,Trinity Force,Muramana,Plated Steelcaps,B. F. Sword,Pickaxe,Farsight Alteration,Doran's Blade,Ionian Boots of Lucidity,Muramana,Trinity Force,Executioner's Calling,Last Whisper,Farsight Alteration,Dream Maker,Boots of Swiftness,Moonstone Renewer,Dark Seal,Control Ward,Echoes of Helia,Oracle Lens,Conqueror,Inspiration,Summon Aery,Domination,Lethal Tempo,Resolve,Lethal Tempo,Resolve,Guardian,Inspiration,Conqueror,Resolve,Electrocute,Precision,Conqueror,Inspiration,Conqueror,Sorcery,Summon Aery,Resolve,Flash,Ignite,Flash,Smite,Flash,Teleport,Flash,Barrier,Flash,Ignite,Flash,Ghost,Smite,Flash,Flash,Teleport,Flash,Teleport,Flash,Heal,1,3,1,0,0,0
https://www.op.gg/summoners/euw/Raider-1999/matches/uRd1PvnOddqZL-dqmn_hdazOeMXrqhj5_4OycJvfCOc%3D/1734199415000,0,18,23,23,18,28,21,48,75,36,17,3,1,0,1,2,9,3,2,44475,53534,13.0,13.8,801,794,31.8,31.5,-9059,9059,1769.4354838709678,2129.847311827957,K'Sante,Rengar,Aurora,Caitlyn,Vel'Koz,Fiora,Zac,Jayce,Lux,Rakan,Thornmail,Spirit Visage,Chain Vest,Plated Steelcaps,Doran's Shield,Kindlegem,Oracle Lens,Long Sword,Last Whisper,Profane Hydra,Hubris,Boots,No_Item,Oracle Lens,Luden's Companion,Liandry's Torment,Sorcerer's Shoes,Doran's Ring,Dark Seal,Amplifying Tome,Oracle Lens,Doran's Blade,Rapid Firecannon,Infinity Edge,The Collector,Berserker's Greaves,No_Item,Farsight Alteration,Celestial Opposition,Haunting Guise,Amplifying Tome,Glowing Mote,Luden's Companion,Boots of Swiftness,Oracle Lens,Ravenous Hydra,No_Item,Trinity Force,Long Sword,Steel Sigil,Plated Steelcaps,Farsight Alteration,Spirit Visage,Sunfire Aegis,Plated Steelcaps,Thornmail,No_Item,No_Item,Oracle Lens,Boots,Youmuu's Ghostblade,Muramana,Hubris,Caulfield's Warhammer,Last Whisper,Farsight Alteration,Sorcerer's Shoes,Luden's Companion,Horizon Focus,Doran's Ring,Dark Seal,No_Item,Farsight Alteration,Celestial Opposition,Ionian Boots of Lucidity,Locket of the Iron Solari,Zeke's Convergence,Kindlegem,No_Item,Oracle Lens,Grasp of the Undying,Domination,Conqueror,Domination,Electrocute,Sorcery,First Strike,Sorcery,Arcane Comet,Domination,Grasp of the Undying,Inspiration,Aftershock,Precision,Phase Rush,Precision,Arcane Comet,Domination,Guardian,Domination,Flash,Teleport,Smite,Flash,Teleport,Flash,Flash,Cleanse,Heal,Flash,Flash,Teleport,Flash,Smite,Flash,Teleport,Flash,Teleport,Flash,Heal,0,0,0,1,6,1
https://www.op.gg/summoners/euw/Raider-1999/matches/uRd1PvnOddrtCmhyNMWtDQgAV4ctVBwYMand86pogEU%3D/1734197191000,0,19,34,34,19,46,26,70,76,32,32,2,3,1,0,2,10,3,3,55071,68807,14.8,15.8,908,1058,29.1,33.9,-13736,13736,1755.5384279475982,2193.410917030568,Ambessa,Zyra,Ezreal,Kog'Maw,Janna,Camille,Bel'Veth,Akali,Caitlyn,Renata Glasc,Spear of Shojin,Black Cleaver,Eclipse,Control Ward,Plated Steelcaps,Pickaxe,Farsight Alteration,Liandry's Torment,Ionian Boots of Lucidity,Rylai's Crystal Scepter,Blighting Jewel,Fiendish Codex,No_Item,Farsight Alteration,Doran's Blade,Muramana,Trinity Force,Serylda's Grudge,Pickaxe,Ionian Boots of Lucidity,Farsight Alteration,Guinsoo's Rageblade,Doran's Blade,Terminus,Berserker's Greaves,Wit's End,Warden's Mail,Farsight Alteration,Boots of Swiftness,Redemption,Solstice Sleigh,Ardent Censer,Kindlegem,Bandleglass Mirror,Oracle Lens,Ravenous Hydra,Plated Steelcaps,Steel Sigil,Pickaxe,Trinity Force,No_Item,Oracle Lens,Kraken Slayer,Stridebreaker,Control Ward,Blade of The Ruined King,Boots of Swiftness,Wit's End,Oracle Lens,Kraken Slayer,Wit's End,Stridebreaker,Dagger,No_Item,Boots of Swiftness,Oracle Lens,Doran's Blade,Lord Dominik's Regards,Berserker's Greaves,Infinity Edge,The Collector,Cloak of Agility,Farsight Alteration,Redemption,Locket of the Iron Solari,Celestial Opposition,No_Item,Kindlegem,Ionian Boots of Lucidity,Oracle Lens,Grasp of the Undying,Domination,Electrocute,Precision,Press the Attack,Inspiration,Lethal Tempo,Inspiration,Arcane Comet,Domination,Conqueror,Resolve,Press the Attack,Domination,Electrocute,Resolve,Hail of Blades,Sorcery,Guardian,Domination,Teleport,Flash,Flash,Smite,Flash,Teleport,Flash,Barrier,Flash,Heal,Flash,Teleport,Flash,Smite,Teleport,Flash,Ghost,Flash,Flash,Heal,0,2,0,1,4,2
https://www.op.gg/summoners/euw/Raider-1999/matches/uRd1PvnOddp_71ByUUcDOJ77vZ2UfyiAClOYluO6OGU%3D/1734194565000,0,27,27,27,27,47,39,82,79,37,30,1,2,0,1,3,9,1,3,49979,60175,13.2,14.6,737,899,28.5,34.7,-10196,10196,1937.9612244897958,2333.316326530612,Darius,Rek'Sai,Seraphine,Ziggs,Leona,Gnar,Dr. Mundo,Azir,Aphelios,Pyke,Stridebreaker,Long Sword,Sterak's Gage,Doran's Shield,Cloth Armor,Boots of Swiftness,Oracle Lens,Plated Steelcaps,Titanic Hydra,Black Cleaver,Sterak's Gage,No_Item,No_Item,Oracle Lens,Luden's Companion,Doran's Ring,Oblivion Orb,Fated Ashes,Haunting Guise,Sorcerer's Shoes,Farsight Alteration,Stormsurge,Luden's Companion,Oblivion Orb,Liandry's Torment,No_Item,Sorcerer's Shoes,Stealth Ward,Locket of the Iron Solari,Bloodsong,Boots of Swiftness,Zeke's Convergence,Kindlegem,Null-Magic Mantle,Oracle Lens,Mercury's Treads,Trinity Force,Black Cleaver,Tunneler,Doran's Blade,No_Item,Stealth Ward,Spirit Visage,Heartsteel,Boots of Swiftness,Unending Despair,Bramble Vest,Tunneler,Oracle Lens,Nashor's Tooth,Doran's Ring,No_Item,Seeker's Armguard,Mercury's Treads,Liandry's Torment,Farsight Alteration,Berserker's Greaves,Youmuu's Ghostblade,Infinity Edge,Lord Dominik's Regards,Doran's Blade,Cloak of Agility,Farsight Alteration,Celestial Opposition,Mercury's Treads,Youmuu's Ghostblade,Control Ward,Serrated Dirk,Umbral Glaive,Oracle Lens,Conqueror,Sorcery,Conqueror,Inspiration,Summon Aery,Resolve,Arcane Comet,Precision,Aftershock,Domination,Grasp of the Undying,Precision,Fleet Footwork,Inspiration,Conqueror,Sorcery,Press the Attack,Sorcery,Hail of Blades,Resolve,Flash,Ghost,Smite,Flash,Flash,Teleport,Flash,Teleport,Ignite,Flash,Flash,Teleport,Flash,Smite,Flash,Teleport,Flash,Cleanse,Ignite,Flash,1,3,0,0,3,1
https://www.op.gg/summoners/euw/Raider-1999/matches/uRd1PvnOddrQcW1cbmCbnyWSMoBS4Ch0RHuZ8UYRkFI%3D/1734192598000,0,10,24,24,10,44,16,45,52,18,15,0,1,0,1,1,8,0,2,37424,50047,11.2,13.2,622,754,27.2,33.2,-12623,12623,1650.494358974359,2207.201025641026,Kayle,Rek'Sai,Sylas,Yasuo,Rell,Darius,Skarner,Jayce,Kog'Maw,Janna,Doran's Blade,Guinsoo's Rageblade,Boots of Swiftness,Nashor's Tooth,Long Sword,Dagger,Farsight Alteration,Slightly Magical Footwear,Titanic Hydra,Serpent's Fang,Pickaxe,Ruby Crystal,No_Item,Oracle Lens,Sorcerer's Shoes,Hextech Rocketbelt,Cosmic Drive,Cloth Armor,No_Item,No_Item,Stealth Ward,Doran's Blade,Blade of The Ruined King,Berserker's Greaves,Cull,B. F. Sword,Cloak of Agility,Stealth Ward,Celestial Opposition,Plated Steelcaps,Zeke's Convergence,Control Ward,Kindlegem,No_Item,Oracle Lens,Stridebreaker,Dead Man's Plate,Steel Sigil,Caulfield's Warhammer,No_Item,Plated Steelcaps,Oracle Lens,Heartsteel,Negatron Cloak,Unending Despair,Spectre's Cowl,No_Item,Mercury's Treads,Oracle Lens,Muramana,Youmuu's Ghostblade,Opportunity,Doran's Blade,Boots of Swiftness,Long Sword,Oracle Lens,Doran's Ring,Glowing Mote,Fiendish Codex,Sorcerer's Shoes,Luden's Companion,Seraph's Embrace,Farsight Alteration,Zaz'Zak's Realmspike,Dark Seal,Imperial Mandate,Aether Wisp,Boots of Swiftness,Amplifying Tome,Oracle Lens,Lethal Tempo,Sorcery,Conqueror,Inspiration,Conqueror,Resolve,Hail of Blades,Precision,Aftershock,Inspiration,Conqueror,Sorcery,Aftershock,Inspiration,Electrocute,Inspiration,Arcane Comet,Precision,Arcane Comet,Domination,Flash,Ghost,Smite,Flash,Flash,Teleport,Flash,Exhaust,Flash,Ignite,Flash,Ghost,Smite,Flash,Teleport,Flash,Flash,Teleport,Flash,Heal,1,2,0,0,4,1
https://www.op.gg/summoners/euw/Raider-1999/matches/uRd1PvnOddqd60AM2EQDYNXJizec7V6SjFdC9JdtJv4%3D/1734190967000,1,24,12,12,24,12,24,43,37,13,7,0,1,0,0,2,0,0,1,36774,29774,10.6,9.6,550,486,33.6,29.6,7000,-7000,2251.469387755102,1822.8979591836735,Darius,Udyr,Katarina,Kalista,Renata Glasc,K'Sante,Ivern,Viktor,Corki,Bard,Stridebreaker,Doran's Shield,Mercury's Treads,Rejuvenation Bead,Ruby Crystal,No_Item,Stealth Ward,Liandry's Torment,Force of Nature,No_Item,No_Item,Dark Seal,Boots,Oracle Lens,Blade of The Ruined King,Doran's Shield,Recurve Bow,Boots,Hearthbound Axe,Rectrix,Stealth Ward,Doran's Blade,Guinsoo's Rageblade,Dagger,Berserker's Greaves,Blade of The Ruined King,Dagger,Oracle Lens,Mikael's Blessing,Bloodsong,No_Item,Null-Magic Mantle,Ionian Boots of Lucidity,Kindlegem,Oracle Lens,Thornmail,Null-Magic Mantle,Chain Vest,Plated Steelcaps,Doran's Shield,Ruby Crystal,Stealth Ward,Redemption,Ionian Boots of Lucidity,Gustwalker Hatchling,Bandleglass Mirror,Ruby Crystal,Glowing Mote,Oracle Lens,Doran's Ring,Refillable Potion,Sorcerer's Shoes,Blackfire Torch,Dark Seal,Amplifying Tome,Farsight Alteration,Doran's Blade,Tear of the Goddess,Refillable Potion,Trinity Force,Plated Steelcaps,No_Item,Stealth Ward,Dead Man's Plate,Bloodsong,Plated Steelcaps,Scout's Slingshot,Long Sword,No_Item,Oracle Lens,Conqueror,Sorcery,Conqueror,Inspiration,Conqueror,Resolve,Lethal Tempo,Domination,Guardian,Domination,Grasp of the Undying,Domination,Glacial Augment,Domination,First Strike,Sorcery,Conqueror,Inspiration,Guardian,Inspiration,Flash,Ghost,Smite,Flash,Flash,Teleport,Flash,Barrier,Flash,Ignite,Flash,Teleport,Flash,Smite,Flash,Teleport,Flash,Barrier,Flash,Ignite,0,6,0,0,0,0
https://www.op.gg/summoners/euw/Raider-1999/matches/uRd1PvnOddoLgkxX3qE6eRtKlDTqQlsdRmkQQ3rntGs%3D/1734189649000,1,25,17,17,25,31,36,93,96,34,25,0,3,1,0,8,2,1,3,62001,50836,15.2,13.6,947,886,31.8,29.8,11165,-11165,2075.569957081545,1701.806008583691,Galio,Talon,Sylas,Draven,Thresh,Darius,Hecarim,Katarina,Viktor,Blitzcrank,Doran's Ring,No_Item,Hollow Radiance,Riftmaker,Plated Steelcaps,No_Item,Stealth Ward,Youmuu's Ghostblade,Eclipse,Black Cleaver,Slightly Magical Footwear,Death's Dance,Long Sword,Oracle Lens,Zhonya's Hourglass,Hextech Rocketbelt,Dark Seal,Cosmic Drive,No_Item,Sorcerer's Shoes,Oracle Lens,Infinity Edge,The Collector,Lord Dominik's Regards,Vampiric Scepter,Noonquiver,Berserker's Greaves,Farsight Alteration,Locket of the Iron Solari,Redemption,Control Ward,Celestial Opposition,No_Item,Boots of Swiftness,Oracle Lens,Chain Vest,Sterak's Gage,Negatron Cloak,Giant's Belt,Trinity Force,Mercury's Treads,Farsight Alteration,Black Cleaver,Eclipse,Ruby Crystal,Tunneler,Pickaxe,Plated Steelcaps,Oracle Lens,Lich Bane,Shadowflame,Needlessly Large Rod,Boots,Dark Seal,Needlessly Large Rod,Stealth Ward,Sorcerer's Shoes,Amplifying Tome,Doran's Ring,Blackfire Torch,Void Staff,Liandry's Torment,Farsight Alteration,Kindlegem,Celestial Opposition,Locket of the Iron Solari,No_Item,Chain Vest,Boots of Swiftness,Oracle Lens,Aftershock,Sorcery,Conqueror,Inspiration,Electrocute,Resolve,Lethal Tempo,Domination,Aftershock,Domination,Conqueror,Sorcery,Phase Rush,Precision,Electrocute,Resolve,Summon Aery,Resolve,Glacial Augment,Sorcery,Flash,Teleport,Smite,Ignite,Flash,Teleport,Flash,Barrier,Ignite,Flash,Flash,Ghost,Smite,Ghost,Flash,Teleport,Teleport,Flash,Flash,Ignite,1,6,1,0,0,0
https://www.op.gg/summoners/euw/Raider-1999/matches/uRd1PvnOddpEEiHpK_bz6b2QFmnBbfHHO7JmL-unVHc%3D/1734186796000,0,12,29,29,12,49,22,61,57,15,14,0,2,0,0,2,4,0,2,41185,49102,12.2,13.4,722,793,30.8,33.8,-7917,7917,1758.190058479532,2096.167251461988,Vladimir,Lee Sin,Yone,Corki,Nautilus,Jayce,Wukong,Aurelion Sol,Caitlyn,Karma,Cosmic Drive,Rabadon's Deathcap,No_Item,Ionian Boots of Lucidity,No_Item,No_Item,Stealth Ward,Tunneler,Caulfield's Warhammer,No_Item,Eclipse,Plated Steelcaps,Black Cleaver,Stealth Ward,Blade of The Ruined King,Berserker's Greaves,Noonquiver,Doran's Shield,No_Item,Pickaxe,Farsight Alteration,Dagger,Muramana,Plated Steelcaps,Trinity Force,Doran's Blade,Dagger,Farsight Alteration,Plated Steelcaps,Locket of the Iron Solari,Kindlegem,Celestial Opposition,No_Item,No_Item,Oracle Lens,Doran's Blade,Boots of Swiftness,No_Item,Eclipse,Muramana,Edge of Night,Farsight Alteration,Sundered Sky,Trinity Force,Control Ward,Giant's Belt,Plated Steelcaps,Warden's Mail,Oracle Lens,Doran's Ring,Amplifying Tome,Rylai's Crystal Scepter,Plated Steelcaps,Blackfire Torch,Cloth Armor,Farsight Alteration,Doran's Blade,The Collector,Infinity Edge,Boots of Swiftness,Zeal,No_Item,Farsight Alteration,Redemption,Dream Maker,Moonstone Renewer,No_Item,No_Item,Ionian Boots of Lucidity,Oracle Lens,Summon Aery,Precision,Conqueror,Inspiration,Fleet Footwork,Resolve,Conqueror,Inspiration,Aftershock,Inspiration,Conqueror,Inspiration,Conqueror,Inspiration,Arcane Comet,Resolve,Lethal Tempo,Sorcery,Summon Aery,Resolve,Flash,Teleport,Flash,Smite,Teleport,Flash,Flash,Barrier,Ignite,Flash,Flash,Teleport,Flash,Smite,Teleport,Flash,Barrier,Flash,Exhaust,Flash,1,2,0,0,4,0
https://www.op.gg/summoners/euw/Raider-1999/matches/uRd1PvnOddpkkq3_g7Do3q_0zxsiRDJcsYoDvJ7qPUY%3D/1734183986000,1,28,11,11,28,14,33,42,33,8,9,1,1,0,0,4,0,1,1,39357,27336,10.4,9.6,542,432,33.6,26.8,12021,-12021,2447.4100840336137,1699.8857142857144,Jax,Rengar,Syndra,Viktor,Alistar,Maokai,Gwen,Corki,Lucian,Rell,Doran's Shield,Caulfield's Warhammer,Tunneler,Trinity Force,No_Item,Boots,Stealth Ward,Youmuu's Ghostblade,No_Item,Serrated Dirk,Boots,Long Sword,Tiamat,Oracle Lens,Luden's Companion,Mejai's Soulstealer,Rabadon's Deathcap,Sorcerer's Shoes,Doran's Ring,Hextech Alternator,Farsight Alteration,Refillable Potion,Control Ward,Sorcerer's Shoes,Doran's Ring,Liandry's Torment,Blackfire Torch,Farsight Alteration,Locket of the Iron Solari,No_Item,Solstice Sleigh,Synchronized Souls,Kindlegem,Chain Vest,Oracle Lens,Unending Despair,Refillable Potion,Kindlegem,Tear of the Goddess,Boots,Ruby Crystal,Stealth Ward,No_Item,Nashor's Tooth,Amplifying Tome,Amplifying Tome,Ruby Crystal,Slightly Magical Footwear,Farsight Alteration,Trinity Force,No_Item,No_Item,Tear of the Goddess,Doran's Blade,Boots,Stealth Ward,Doran's Blade,Recurve Bow,Vampiric Scepter,Essence Reaver,Boots,No_Item,Stealth Ward,Trailblazer,Mercury's Treads,Celestial Opposition,No_Item,No_Item,Ruby Crystal,Oracle Lens,Lethal Tempo,Resolve,Conqueror,Domination,Summon Aery,Precision,First Strike,Precision,Aftershock,Inspiration,Grasp of the Undying,Inspiration,Conqueror,Inspiration,Conqueror,Inspiration,Press the Attack,Inspiration,Aftershock,Inspiration,Flash,Teleport,Smite,Flash,Flash,Teleport,Flash,Teleport,Flash,Ignite,Teleport,Flash,Flash,Smite,Teleport,Flash,Exhaust,Flash,Ignite,Flash,0,6,0,0,0,0
https://www.op.gg/summoners/euw/Raider-1999/matches/uRd1PvnOddp_u2h6CKsTYGPNOeSTYV3ZKp-fX3cWcMs%3D/1734182323000,0,23,31,31,23,66,44,77,66,19,26,3,0,0,1,3,8,3,1,55246,63335,14.4,15.0,893,872,29.1,28.6,-8089,8089,1797.4775119617225,2060.66028708134,Dr. Mundo,Kayn,Kassadin,Caitlyn,Lux,Aurora,Viego,Yasuo,Ziggs,Nautilus,Titanic Hydra,Heartsteel,Warmog's Armor,No_Item,Boots of Swiftness,No_Item,Farsight Alteration,Eclipse,Muramana,Spear of Shojin,Tunneler,Ionian Boots of Lucidity,Ruby Crystal,Oracle Lens,Blighting Jewel,Ionian Boots of Lucidity,Zhonya's Hourglass,Malignance,Dark Seal,Seraph's Embrace,Oracle Lens,Doran's Blade,Infinity Edge,The Collector,Rapid Firecannon,Berserker's Greaves,No_Item,Farsight Alteration,Redemption,Locket of the Iron Solari,Boots of Swiftness,Celestial Opposition,Glacial Buckler,Control Ward,Oracle Lens,Shadowflame,Sorcerer's Shoes,Liandry's Torment,Needlessly Large Rod,Cloth Armor,Amplifying Tome,Stealth Ward,Kraken Slayer,Titanic Hydra,Tunneler,Plated Steelcaps,Wit's End,Ruby Crystal,Oracle Lens,Pickaxe,Cloak of Agility,Stridebreaker,Berserker's Greaves,Blade of The Ruined King,Immortal Shieldbow,Farsight Alteration,Rabadon's Deathcap,Sorcerer's Shoes,Tear of the Goddess,Luden's Companion,Shadowflame,Blighting Jewel,Farsight Alteration,Mercury's Treads,Locket of the Iron Solari,Celestial Opposition,Negatron Cloak,No_Item,Knight's Vow,Oracle Lens,Grasp of the Undying,Inspiration,Conqueror,Inspiration,Electrocute,Sorcery,Lethal Tempo,Sorcery,Aftershock,Precision,Grasp of the Undying,Precision,Conqueror,Inspiration,Grasp of the Undying,Domination,Arcane Comet,Precision,Arcane Comet,Resolve,Flash,Teleport,Flash,Smite,Flash,Teleport,Flash,Barrier,Flash,Heal,Teleport,Flash,Flash,Smite,Teleport,Flash,Flash,Teleport,Ignite,Flash,1,1,0,0,5,1
https://www.op.gg/summoners/euw/Raider-1999/matches/uRd1PvnOddp1FPMv04XFeFDjinvT_1bMI7IiI9jtrE8%3D/1734179926000,1,19,19,19,19,30,36,67,58,24,23,2,2,1,0,10,2,3,2,55781,48845,14.6,13.4,883,807,32.2,29.3,6936,-6936,2022.4690058479534,1770.9883040935674,Viktor,Xin Zhao,Jayce,Ashe,Lulu,Malphite,Volibear,Kassadin,Ezreal,Milio,Iceborn Gauntlet,Dark Seal,Null-Magic Mantle,Ionian Boots of Lucidity,Cosmic Drive,Glacial Buckler,Farsight Alteration,Sundered Sky,Black Cleaver,No_Item,Mercury's Treads,Pickaxe,Tunneler,Oracle Lens,Doran's Blade,Serylda's Grudge,Youmuu's Ghostblade,Mercury's Treads,Muramana,Ruby Crystal,Farsight Alteration,Infinity Edge,Cloak of Agility,Berserker's Greaves,Phantom Dancer,Doran's Blade,Kraken Slayer,Farsight Alteration,Redemption,Dream Maker,Kindlegem,No_Item,Moonstone Renewer,Ionian Boots of Lucidity,Oracle Lens,Malignance,Sunfire Aegis,Chain Vest,Plated Steelcaps,Bramble Vest,Ruby Crystal,Stealth Ward,Dead Man's Plate,Ionian Boots of Lucidity,Sundered Sky,Iceborn Gauntlet,Spectre's Cowl,Kindlegem,Oracle Lens,Sorcerer's Shoes,Refillable Potion,Zhonya's Hourglass,Seraph's Embrace,Dark Seal,Malignance,Oracle Lens,Muramana,Trinity Force,Caulfield's Warhammer,Doran's Blade,Ionian Boots of Lucidity,No_Item,Farsight Alteration,Dream Maker,Control Ward,Moonstone Renewer,Ionian Boots of Lucidity,Amplifying Tome,Bandleglass Mirror,Oracle Lens,Grasp of the Undying,Sorcery,Conqueror,Inspiration,Conqueror,Inspiration,Lethal Tempo,Inspiration,Summon Aery,Resolve,Arcane Comet,Inspiration,Press the Attack,Sorcery,Electrocute,Sorcery,Conqueror,Inspiration,Summon Aery,Resolve,Teleport,Flash,Flash,Smite,Flash,Teleport,Flash,Barrier,Heal,Flash,Flash,Teleport,Flash,Smite,Flash,Teleport,Flash,Barrier,Heal,Flash,1,5,2,0,0,0
https://www.op.gg/summoners/euw/Raider-1999/matches/uRd1PvnOddrJYyDrAoplTB24fSogo9Lw482Y5hgZSQM%3D/1734177897000,1,23,18,18,23,25,28,51,41,10,14,3,0,1,0,9,4,4,0,50079,41875,13.0,11.4,729,660,32.8,29.7,8204,-8204,2239.3048780487807,1872.459349593496,Rumble,Bel'Veth,Tristana,Viktor,Maokai,Camille,Viego,Akali,Jinx,Zac,Doran's Ring,Zhonya's Hourglass,Refillable Potion,Sorcerer's Shoes,Dark Seal,Liandry's Torment,Oracle Lens,Plated Steelcaps,Long Sword,Dagger,Null-Magic Mantle,Kraken Slayer,Stridebreaker,Oracle Lens,Doran's Blade,Kraken Slayer,Refillable Potion,Null-Magic Mantle,Berserker's Greaves,Navori Flickerblade,Farsight Alteration,Refillable Potion,Liandry's Torment,No_Item,Doran's Ring,Sorcerer's Shoes,Blackfire Torch,Farsight Alteration,Knight's Vow,Celestial Opposition,Locket of the Iron Solari,Control Ward,No_Item,Boots of Swiftness,Oracle Lens,Ravenous Hydra,Control Ward,Doran's Shield,Trinity Force,Boots,No_Item,Oracle Lens,Plated Steelcaps,Long Sword,Long Sword,Tunneler,Giant's Belt,Trinity Force,Oracle Lens,Doran's Shield,Stormsurge,Shadowflame,Refillable Potion,Sorcerer's Shoes,Control Ward,Oracle Lens,Yun Tal Wildarrows,Berserker's Greaves,Doran's Blade,Infinity Edge,Last Whisper,Long Sword,Farsight Alteration,Ionian Boots of Lucidity,Zeke's Convergence,Celestial Opposition,Abyssal Mask,No_Item,Cloth Armor,Oracle Lens,Arcane Comet,Resolve,Conqueror,Domination,Press the Attack,Resolve,Summon Aery,Precision,Aftershock,Inspiration,Conqueror,Resolve,Conqueror,Inspiration,Electrocute,Resolve,Lethal Tempo,Sorcery,Aftershock,Precision,Flash,Teleport,Smite,Flash,Teleport,Flash,Teleport,Flash,Flash,Ignite,Flash,Teleport,Flash,Smite,Flash,Teleport,Flash,Cleanse,Flash,Ignite,1,5,1,0,1,0
https://www.op.gg/summoners/euw/Raider-1999/matches/uRd1PvnOddqfi_i3U8wsVw-h17YPsfSQnkLFoZt-NyY%3D/1734176265000,1,46,38,39,46,76,79,75,118,31,24,1,4,2,0,9,2,3,4,74079,66710,16.2,16.0,940,903,26.8,25.799999999999997,7369,-7369,2121.3531818181814,1910.3318181818179,Riven,Jarvan IV,Anivia,Corki,Nautilus,Jax,Viego,Ahri,Viktor,Pyke,No_Item,Eclipse,Ionian Boots of Lucidity,Sundered Sky,Death's Dance,Serylda's Grudge,Farsight Alteration,Mercury's Treads,Sundered Sky,Negatron Cloak,Frozen Heart,Spirit Visage,Black Cleaver,Oracle Lens,Liandry's Torment,Malignance,Oblivion Orb,Boots of Swiftness,Catalyst of Aeons,Zhonya's Hourglass,Stealth Ward,Mortal Reminder,Muramana,Infinity Edge,Mercury's Treads,Rapid Firecannon,Trinity Force,Farsight Alteration,Boots of Swiftness,Locket of the Iron Solari,Celestial Opposition,Zeke's Convergence,Knight's Vow,Control Ward,Oracle Lens,Zhonya's Hourglass,Sundered Sky,No_Item,Trinity Force,Plated Steelcaps,No_Item,Stealth Ward,Titanic Hydra,No_Item,Kraken Slayer,Sterak's Gage,No_Item,Mercury's Treads,Oracle Lens,Liandry's Torment,Mejai's Soulstealer,Malignance,Ionian Boots of Lucidity,Void Staff,Rabadon's Deathcap,Oracle Lens,Cosmic Drive,Iceborn Gauntlet,Liandry's Torment,No_Item,Plated Steelcaps,Frozen Heart,Oracle Lens,Edge of Night,Youmuu's Ghostblade,Celestial Opposition,Synchronized Souls,Umbral Glaive,Control Ward,Oracle Lens,Conqueror,Resolve,Conqueror,Inspiration,Phase Rush,Precision,Conqueror,Inspiration,Aftershock,Inspiration,Grasp of the Undying,Sorcery,Conqueror,Inspiration,Electrocute,Sorcery,Grasp of the Undying,Sorcery,Hail of Blades,Resolve,Flash,Ignite,Flash,Smite,Teleport,Flash,Flash,Barrier,Flash,Ignite,Flash,Teleport,Flash,Smite,Flash,Teleport,Flash,Teleport,Flash,Ignite,1,6,2,0,0,0
https://www.op.gg/summoners/euw/Raider-1999/matches/uRd1PvnOddqKnol9iAJ-BlmwoOUK4e0rlJNLqTM6fcA%3D/1734110103000,0,28,27,27,28,47,53,96,123,48,40,2,3,0,1,5,9,2,4,65783,68482,15.6,16.0,1058,1012,30.7,29.4,-2699,2699,1908.996862745098,1987.3207843137254,Darius,Sylas,Garen,Varus,Thresh,Galio,Viego,Jayce,Caitlyn,Bard,Stridebreaker,Dead Man's Plate,Death's Dance,Negatron Cloak,Plated Steelcaps,Chain Vest,Oracle Lens,Hextech Rocketbelt,Dark Seal,Shadowflame,Sorcerer's Shoes,Rabadon's Deathcap,Amplifying Tome,Stealth Ward,Stridebreaker,No_Item,Phantom Dancer,The Collector,Boots of Swiftness,Dead Man's Plate,Oracle Lens,"Jak'Sho, The Protean",Berserker's Greaves,Blade of The Ruined King,Zeal,Terminus,Guinsoo's Rageblade,Farsight Alteration,Solstice Sleigh,Trailblazer,Warmog's Armor,Control Ward,No_Item,Boots of Swiftness,Oracle Lens,Needlessly Large Rod,Shadowflame,Zhonya's Hourglass,Sorcerer's Shoes,Dark Seal,Stormsurge,Oracle Lens,Sundered Sky,Black Cleaver,Plated Steelcaps,Null-Magic Mantle,No_Item,Trinity Force,Oracle Lens,Youmuu's Ghostblade,Serylda's Grudge,Doran's Blade,Muramana,Ionian Boots of Lucidity,Edge of Night,Oracle Lens,Doran's Blade,Voltaic Cyclosword,Infinity Edge,Lord Dominik's Regards,Zeal,Boots of Swiftness,Farsight Alteration,Bloodsong,Locket of the Iron Solari,No_Item,Dead Man's Plate,Giant's Belt,Boots of Swiftness,Oracle Lens,Conqueror,Sorcery,Dark Harvest,Inspiration,Phase Rush,Resolve,Lethal Tempo,Inspiration,Aftershock,Inspiration,Aftershock,Sorcery,Conqueror,Inspiration,Phase Rush,Inspiration,Hail of Blades,Sorcery,Guardian,Domination,Flash,Ghost,Flash,Smite,Flash,Ignite,Barrier,Flash,Flash,Ignite,Flash,Ghost,Smite,Flash,Flash,Teleport,Flash,Cleanse,Flash,Ignite,1,1,0,0,0,1
https://www.op.gg/summoners/euw/Raider-1999/matches/uRd1PvnOddofDwZP_3itvRKWmcfwIXrMifWnRwojpBA%3D/1734107348000,0,14,16,16,14,36,19,64,46,16,24,2,1,0,1,3,9,2,2,41145,50185,11.4,13.0,688,732,27.400000000000002,29.3,-9040,9040,1642.3424369747897,2003.1827731092435,Warwick,Sejuani,Sylas,Jinx,Thresh,Darius,Rek'Sai,Jayce,Hwei,Sona,Stridebreaker,Plated Steelcaps,Doran's Shield,Tunneler,Ruby Crystal,No_Item,Oracle Lens,Warmog's Armor,No_Item,Locket of the Iron Solari,Plated Steelcaps,No_Item,Bami's Cinder,Oracle Lens,Shadowflame,Hextech Rocketbelt,Doran's Ring,Dark Seal,Amplifying Tome,Sorcerer's Shoes,Oracle Lens,Doran's Blade,Kraken Slayer,Hullbreaker,Berserker's Greaves,Zeal,Scout's Slingshot,Farsight Alteration,Solstice Sleigh,Trailblazer,Kindlegem,Null-Magic Mantle,Boots of Swiftness,Control Ward,Oracle Lens,Stridebreaker,Boots of Swiftness,Sterak's Gage,Executioner's Calling,Force of Nature,Chain Vest,Oracle Lens,Mercury's Treads,Titanic Hydra,Black Cleaver,Tunneler,Ruby Crystal,No_Item,Oracle Lens,Doran's Blade,Muramana,No_Item,Control Ward,Mercury's Treads,Opportunity,Farsight Alteration,Sorcerer's Shoes,Luden's Companion,Horizon Focus,Dark Seal,Oblivion Orb,Doran's Ring,Farsight Alteration,Bloodsong,Rod of Ages,Bandleglass Mirror,Kindlegem,No_Item,Boots of Swiftness,Oracle Lens,Lethal Tempo,Resolve,Grasp of the Undying,Domination,Electrocute,Inspiration,Lethal Tempo,Sorcery,Aftershock,Inspiration,Conqueror,Sorcery,Conqueror,Inspiration,Conqueror,Resolve,Arcane Comet,Inspiration,Summon Aery,Inspiration,Flash,Barrier,Smite,Flash,Flash,Teleport,Flash,Teleport,Flash,Ignite,Flash,Ghost,Smite,Flash,Teleport,Flash,Flash,Teleport,Flash,Heal,1,3,0,0,3,1
https://www.op.gg/summoners/euw/Raider-1999/matches/uRd1PvnOddpUrnkYYu5MVaBfZW8LPwYu4jkSfxGZ7EQ%3D/1734105266000,1,25,13,13,25,25,30,79,52,17,32,4,0,1,0,11,2,5,0,59091,46945,15.2,13.2,997,783,36.7,28.599999999999998,12146,-12146,2175.7355648535568,1728.518828451883,Darius,Viego,Sylas,Caitlyn,Rakan,Yone,Skarner,LeBlanc,Jhin,Thresh,Doran's Shield,Sterak's Gage,Winged Moonplate,Trinity Force,Plated Steelcaps,Cloth Armor,Oracle Lens,Mercury's Treads,Blade of The Ruined King,Titanic Hydra,Dagger,Sundered Sky,Ruby Crystal,Stealth Ward,Void Staff,Hextech Rocketbelt,Zhonya's Hourglass,Ionian Boots of Lucidity,Dark Seal,Shadowflame,Oracle Lens,No_Item,Berserker's Greaves,Refillable Potion,Infinity Edge,Lord Dominik's Regards,The Collector,Farsight Alteration,Celestial Opposition,Locket of the Iron Solari,No_Item,Redemption,Mercury's Treads,No_Item,Oracle Lens,Doran's Shield,Stridebreaker,Refillable Potion,Blade of The Ruined King,No_Item,Berserker's Greaves,Farsight Alteration,Unending Despair,Negatron Cloak,Plated Steelcaps,Heartsteel,Null-Magic Mantle,No_Item,Oracle Lens,Refillable Potion,Sorcerer's Shoes,Doran's Ring,No_Item,Shadowflame,Luden's Companion,Oracle Lens,Doran's Blade,Boots of Swiftness,The Collector,Mortal Reminder,Infinity Edge,Cloak of Agility,Farsight Alteration,Solstice Sleigh,Locket of the Iron Solari,Boots of Swiftness,Kindlegem,No_Item,No_Item,Oracle Lens,Conqueror,Sorcery,Conqueror,Inspiration,Electrocute,Inspiration,Lethal Tempo,Sorcery,Guardian,Domination,Lethal Tempo,Resolve,Grasp of the Undying,Inspiration,Electrocute,Sorcery,Dark Harvest,Precision,Aftershock,Inspiration,Flash,Ghost,Flash,Smite,Flash,Teleport,Flash,Barrier,Flash,Heal,Teleport,Flash,Smite,Flash,Ignite,Teleport,Flash,Barrier,Flash,Ignite,1,2,2,0,4,0
https://www.op.gg/summoners/euw/Raider-1999/matches/uRd1PvnOddoQ9RcXaNI16FZAs4_hkMeZneLN-OkiBpc%3D/1734102661000,0,24,25,25,24,38,28,62,72,20,19,3,1,0,1,3,7,3,2,56825,60998,14.8,15.2,976,934,32.4,31.0,-4173,4173,1886.9370229007632,2025.5061068702287,Riven,Warwick,Akali,Caitlyn,Shen,Jax,Gwen,Aurelion Sol,Jinx,Bard,Doran's Blade,Plated Steelcaps,Eclipse,Sundered Sky,Caulfield's Warhammer,Steel Sigil,Stealth Ward,Boots of Swiftness,Blade of The Ruined King,Titanic Hydra,Spirit Visage,Null-Magic Mantle,Cloth Armor,Oracle Lens,Blasting Wand,Shadowflame,Sorcerer's Shoes,Stormsurge,Rabadon's Deathcap,Blighting Jewel,Oracle Lens,Doran's Blade,Zeal,Berserker's Greaves,The Collector,Infinity Edge,Lord Dominik's Regards,Farsight Alteration,Null-Magic Mantle,Control Ward,Celestial Opposition,Boots of Swiftness,Kindlegem,Heartsteel,Oracle Lens,Death's Dance,Spectre's Cowl,No_Item,Sundered Sky,Plated Steelcaps,Trinity Force,Stealth Ward,Amplifying Tome,Ionian Boots of Lucidity,No_Item,Shadowflame,Rabadon's Deathcap,Nashor's Tooth,Oracle Lens,Doran's Ring,Seeker's Armguard,Blackfire Torch,Rylai's Crystal Scepter,Liandry's Torment,Sorcerer's Shoes,Farsight Alteration,Doran's Blade,Yun Tal Wildarrows,Control Ward,Berserker's Greaves,Noonquiver,Infinity Edge,Farsight Alteration,Control Ward,Statikk Shiv,Bloodsong,Ionian Boots of Lucidity,Kindlegem,Dead Man's Plate,Oracle Lens,Conqueror,Inspiration,Lethal Tempo,Sorcery,Electrocute,Resolve,First Strike,Sorcery,Grasp of the Undying,Domination,Grasp of the Undying,Sorcery,Conqueror,Inspiration,Arcane Comet,Resolve,Lethal Tempo,Inspiration,Guardian,Inspiration,Flash,Teleport,Smite,Ghost,Flash,Teleport,Flash,Barrier,Flash,Ignite,Flash,Teleport,Smite,Ghost,Teleport,Flash,Flash,Barrier,Flash,Ignite,1,2,0,0,4,1
https://www.op.gg/summoners/euw/Raider-1999/matches/uRd1PvnOddr-n_IUaUSynf8pkcpHorb0skzCppNHVD4%3D/1734100188000,0,17,33,33,17,93,26,66,64,22,11,0,3,0,1,5,8,0,4,45152,53091,12.0,13.8,672,769,27.900000000000002,31.8,-7939,7939,1864.3406451612902,2192.144516129032,Jax,Sejuani,Sylas,Kalista,Renata Glasc,Rumble,Jarvan IV,Jayce,Ashe,Braum,Sundered Sky,Ruby Crystal,Ruby Crystal,Plated Steelcaps,Trinity Force,Null-Magic Mantle,Stealth Ward,Unending Despair,Ionian Boots of Lucidity,Bramble Vest,Zeke's Convergence,Bami's Cinder,Chain Vest,Oracle Lens,Sorcerer's Shoes,Zhonya's Hourglass,Hextech Rocketbelt,Needlessly Large Rod,Needlessly Large Rod,Doran's Ring,Oracle Lens,Doran's Blade,Long Sword,Blade of The Ruined King,Guinsoo's Rageblade,Berserker's Greaves,No_Item,Farsight Alteration,Locket of the Iron Solari,Solstice Sleigh,Control Ward,Boots of Swiftness,Kindlegem,No_Item,Oracle Lens,Doran's Ring,Fiendish Codex,Amplifying Tome,Riftmaker,Sorcerer's Shoes,Liandry's Torment,Oracle Lens,Black Cleaver,Sundered Sky,Frozen Heart,Ionian Boots of Lucidity,No_Item,No_Item,Oracle Lens,Last Whisper,Boots of Swiftness,Executioner's Calling,Control Ward,Muramana,Eclipse,Farsight Alteration,B. F. Sword,Cloak of Agility,Doran's Blade,Kraken Slayer,Berserker's Greaves,Phantom Dancer,Farsight Alteration,Solstice Sleigh,Locket of the Iron Solari,Forbidden Idol,Refillable Potion,Plated Steelcaps,Kindlegem,Oracle Lens,Grasp of the Undying,Sorcery,Aftershock,Domination,Conqueror,Resolve,Lethal Tempo,Domination,Guardian,Domination,Arcane Comet,Resolve,Conqueror,Inspiration,Conqueror,Resolve,Lethal Tempo,Inspiration,Guardian,Inspiration,Flash,Teleport,Flash,Smite,Flash,Teleport,Flash,Cleanse,Heal,Flash,Flash,Teleport,Flash,Smite,Teleport,Flash,Flash,Cleanse,Flash,Heal,0,6,0,1,0,1
https://www.op.gg/summoners/euw/Raider-1999/matches/uRd1PvnOddqDcMlL4MymQFOFQvCXPNyQwiczZXz65ww%3D/1734098365000,0,18,29,29,18,49,29,78,75,26,33,1,4,1,1,3,11,2,5,57609,65639,15.0,16.0,982,1003,32.0,32.6,-8030,8030,1889.8190476190475,2153.237037037037,Riven,Amumu,Garen,Jinx,Lulu,Kayle,Master Yi,Yone,Ashe,Seraphine,Doran's Blade,Sundered Sky,Eclipse,Death's Dance,Plated Steelcaps,Long Sword,Oracle Lens,Plated Steelcaps,Thornmail,Abyssal Mask,Dark Seal,Frozen Heart,Liandry's Torment,Oracle Lens,Stridebreaker,No_Item,Boots of Swiftness,Cloak of Agility,The Collector,Phantom Dancer,Oracle Lens,Kraken Slayer,Pickaxe,Doran's Blade,Runaan's Hurricane,Berserker's Greaves,Hullbreaker,Farsight Alteration,Redemption,Dream Maker,Ionian Boots of Lucidity,Control Ward,Moonstone Renewer,Glowing Mote,Oracle Lens,Rabadon's Deathcap,Nashor's Tooth,Glowing Mote,Needlessly Large Rod,Boots of Swiftness,Aether Wisp,Farsight Alteration,Guinsoo's Rageblade,Blade of The Ruined King,Mercury's Treads,Hullbreaker,Caulfield's Warhammer,Steel Sigil,Oracle Lens,Doran's Blade,Stridebreaker,Chain Vest,Berserker's Greaves,Blade of The Ruined King,Immortal Shieldbow,Farsight Alteration,Last Whisper,Cloak of Agility,Berserker's Greaves,Phantom Dancer,Infinity Edge,Kraken Slayer,Farsight Alteration,Moonstone Renewer,Forbidden Idol,Dream Maker,Echoes of Helia,Forbidden Idol,Ionian Boots of Lucidity,Oracle Lens,Conqueror,Sorcery,Conqueror,Domination,Phase Rush,Resolve,Lethal Tempo,Sorcery,Summon Aery,Resolve,Press the Attack,Sorcery,Lethal Tempo,Domination,Lethal Tempo,Resolve,Lethal Tempo,Inspiration,Summon Aery,Resolve,Flash,Ignite,Smite,Flash,Flash,Ignite,Flash,Barrier,Heal,Flash,Flash,Teleport,Flash,Smite,Teleport,Flash,Flash,Barrier,Flash,Heal,0,3,0,1,3,3
https://www.op.gg/summoners/euw/Raider-1999/matches/uRd1PvnOddrnJWHNjhCBG_7E79s2vcRnvpSANOHfsFY%3D/1734095477000,0,20,37,37,20,55,23,50,66,13,10,1,2,0,1,4,10,1,3,47837,59800,12.4,14.2,719,747,29.1,30.2,-11963,11963,1925.514465408805,2407.0440251572327,Riven,Viego,Viktor,Caitlyn,Rell,Camille,Skarner,Hwei,Draven,Poppy,Eclipse,Ionian Boots of Lucidity,Black Cleaver,Sundered Sky,No_Item,No_Item,Oracle Lens,Sundered Sky,Blade of The Ruined King,Glowing Mote,Dagger,Pickaxe,Mercury's Treads,Stealth Ward,Liandry's Torment,Dark Seal,Luden's Companion,Ionian Boots of Lucidity,Void Staff,Needlessly Large Rod,Farsight Alteration,Refillable Potion,Lord Dominik's Regards,Berserker's Greaves,Dagger,Infinity Edge,Doran's Blade,Farsight Alteration,Mercury's Treads,Celestial Opposition,Locket of the Iron Solari,Kindlegem,Null-Magic Mantle,Cloth Armor,Oracle Lens,Ravenous Hydra,Death's Dance,Trinity Force,Doran's Shield,Plated Steelcaps,Ruby Crystal,Stealth Ward,Sterak's Gage,Plated Steelcaps,Unending Despair,Ruby Crystal,Heartsteel,No_Item,Oracle Lens,Blackfire Torch,Rabadon's Deathcap,No_Item,Horizon Focus,Sorcerer's Shoes,Dark Seal,Farsight Alteration,The Collector,Doran's Blade,Infinity Edge,Berserker's Greaves,Cloak of Agility,Last Whisper,Farsight Alteration,No_Item,Bloodsong,Locket of the Iron Solari,Boots of Swiftness,Dead Man's Plate,No_Item,Oracle Lens,Conqueror,Sorcery,Conqueror,Inspiration,Summon Aery,Precision,Hail of Blades,Sorcery,Aftershock,Precision,Conqueror,Resolve,Aftershock,Inspiration,Arcane Comet,Precision,Lethal Tempo,Sorcery,Hail of Blades,Inspiration,Flash,Ignite,Flash,Smite,Teleport,Flash,Flash,Barrier,Flash,Ignite,Flash,Teleport,Flash,Smite,Flash,Teleport,Flash,Barrier,Flash,Ignite,0,0,0,1,6,1
https://www.op.gg/summoners/euw/Raider-1999/matches/uRd1PvnOddpLJOol2BFxFuQhDP_-uy7VY0Gme3nB_DM%3D/1734093191000,0,25,33,33,25,59,45,82,100,20,41,1,4,0,1,4,11,1,5,55235,66401,14.2,15.6,830,943,26.0,29.6,-11166,11166,1730.2530120481927,2080.031325301205,Camille,Wukong,Galio,Ezreal,Bard,Jax,Xin Zhao,Viktor,Jinx,Lulu,Ravenous Hydra,Death's Dance,Control Ward,Trinity Force,No_Item,Plated Steelcaps,Farsight Alteration,Trinity Force,Sundered Sky,No_Item,Sterak's Gage,Plated Steelcaps,No_Item,Oracle Lens,Doran's Ring,Shattered Armguard,Riftmaker,Sorcerer's Shoes,Hollow Radiance,No_Item,Oracle Lens,Muramana,Pickaxe,Serylda's Grudge,Tunneler,Ionian Boots of Lucidity,Trinity Force,Farsight Alteration,Boots of Swiftness,Bloodsong,Dead Man's Plate,Statikk Shiv,Fated Ashes,Control Ward,Oracle Lens,Control Ward,Sundered Sky,Spear of Shojin,Wit's End,Trinity Force,Plated Steelcaps,Stealth Ward,Black Cleaver,Sundered Sky,Frozen Heart,Pickaxe,Plated Steelcaps,Tunneler,Oracle Lens,Doran's Ring,Needlessly Large Rod,Ionian Boots of Lucidity,Lich Bane,Blackfire Torch,Needlessly Large Rod,Farsight Alteration,Kraken Slayer,Phantom Dancer,Infinity Edge,Berserker's Greaves,Doran's Blade,Lord Dominik's Regards,Farsight Alteration,Shurelya's Battlesong,Ardent Censer,Dream Maker,Ionian Boots of Lucidity,Kindlegem,Chain Vest,Oracle Lens,Grasp of the Undying,Inspiration,Conqueror,Inspiration,Aftershock,Domination,Press the Attack,Inspiration,Guardian,Inspiration,Lethal Tempo,Inspiration,Conqueror,Inspiration,Summon Aery,Resolve,Lethal Tempo,Inspiration,Summon Aery,Inspiration,Flash,Teleport,Flash,Smite,Teleport,Flash,Flash,Barrier,Flash,Ignite,Flash,Teleport,Flash,Smite,Flash,Teleport,Flash,Barrier,Flash,Heal,0,4,0,1,2,2
https://www.op.gg/summoners/euw/Raider-1999/matches/uRd1PvnOddrYn2te9QzEvy3nWK9sHqxDx8Z8KbnKkf4%3D/1734017485000,1,20,7,7,20,5,16,36,20,3,5,0,1,0,0,3,0,0,1,31510,23397,10.0,9.0,497,405,32.6,26.5,8113,-8113,2073.735042735043,1539.802564102564,Darius,Viego,Akali,Ashe,Neeko,Yone,Warwick,LeBlanc,Caitlyn,Tahm Kench,Doran's Shield,Refillable Potion,Trinity Force,Plated Steelcaps,No_Item,No_Item,Stealth Ward,Kraken Slayer,Sundered Sky,Slightly Magical Footwear,No_Item,No_Item,No_Item,Oracle Lens,Doran's Shield,Stormsurge,Dark Seal,Needlessly Large Rod,Amplifying Tome,Boots,Oracle Lens,Doran's Blade,Berserker's Greaves,Scout's Slingshot,Statikk Shiv,Zeal,No_Item,Farsight Alteration,Celestial Opposition,Sorcerer's Shoes,Control Ward,Amplifying Tome,Cloth Armor,Hextech Rocketbelt,Oracle Lens,Doran's Shield,Refillable Potion,Berserker's Greaves,Blade of The Ruined King,No_Item,No_Item,Stealth Ward,Tunneler,Stridebreaker,Gustwalker Hatchling,Plated Steelcaps,Pickaxe,No_Item,Oracle Lens,Boots,Refillable Potion,Hextech Alternator,Dark Seal,Doran's Ring,Lost Chapter,Stealth Ward,Doran's Blade,The Collector,Boots,Control Ward,No_Item,No_Item,Farsight Alteration,Refillable Potion,Locket of the Iron Solari,Celestial Opposition,Cloth Armor,No_Item,Slightly Magical Footwear,Oracle Lens,Conqueror,Sorcery,Conqueror,Inspiration,Electrocute,Resolve,Lethal Tempo,Inspiration,Arcane Comet,Inspiration,Grasp of the Undying,Precision,Press the Attack,Inspiration,Electrocute,Sorcery,Hail of Blades,Sorcery,Grasp of the Undying,Inspiration,Flash,Ghost,Flash,Smite,Flash,Teleport,Barrier,Flash,Flash,Heal,Teleport,Flash,Flash,Smite,Flash,Teleport,Flash,Cleanse,Ignite,Flash,0,6,0,0,0,0
https://www.op.gg/summoners/euw/Raider-1999/matches/uRd1PvnOddpK6sbs5wjCp27ftOTGcdglTtRB2LEKiCY%3D/1734015280000,0,16,26,26,16,41,30,63,58,11,25,1,3,0,1,3,5,1,4,46492,52894,13.2,14.4,828,811,32.4,31.6,-6402,6402,1810.5057692307691,2059.814423076923,Aurora,Viego,Syndra,Yasuo,Lulu,Camille,Wukong,Vex,Jhin,Rell,Doran's Ring,Shadowflame,Sorcerer's Shoes,Mejai's Soulstealer,Luden's Companion,No_Item,Stealth Ward,Kraken Slayer,Cloth Armor,Caulfield's Warhammer,Plated Steelcaps,Sundered Sky,Long Sword,Oracle Lens,Needlessly Large Rod,Needlessly Large Rod,Doran's Ring,Sorcerer's Shoes,Luden's Companion,Liandry's Torment,Farsight Alteration,Kraken Slayer,Immortal Shieldbow,Berserker's Greaves,Pickaxe,No_Item,No_Item,Farsight Alteration,Dream Maker,Redemption,No_Item,Moonstone Renewer,No_Item,Boots,Oracle Lens,Ravenous Hydra,Trinity Force,Spear of Shojin,Mercury's Treads,No_Item,No_Item,Oracle Lens,Trinity Force,Sundered Sky,Mercury's Treads,No_Item,Ruby Crystal,Ruby Crystal,Oracle Lens,Doran's Ring,Stormsurge,Shattered Armguard,Luden's Companion,Mejai's Soulstealer,Sorcerer's Shoes,Oracle Lens,Doran's Blade,The Collector,Infinity Edge,Rapid Firecannon,No_Item,Boots of Swiftness,Farsight Alteration,Knight's Vow,Locket of the Iron Solari,Celestial Opposition,Ionian Boots of Lucidity,Ruby Crystal,Refillable Potion,Oracle Lens,Electrocute,Sorcery,Conqueror,Inspiration,Summon Aery,Inspiration,Lethal Tempo,Resolve,Summon Aery,Resolve,Press the Attack,Resolve,Conqueror,Inspiration,Electrocute,Sorcery,Dark Harvest,Precision,Aftershock,Inspiration,Teleport,Flash,Flash,Smite,Flash,Teleport,Exhaust,Flash,Heal,Flash,Flash,Teleport,Flash,Smite,Flash,Teleport,Flash,Barrier,Flash,Ignite,1,3,0,0,3,0
https://www.op.gg/summoners/euw/Raider-1999/matches/uRd1PvnOddoviIC1GzNMVPCX-JG3jyk0-BDWaSnF5gw%3D/1734013328000,0,12,17,17,12,15,13,31,52,11,15,1,2,0,0,0,4,1,2,33278,39918,10.4,11.6,588,695,30.5,36.1,-6640,6640,1724.7743902439026,2068.9207317073174,Jax,Nocturne,Sylas,Caitlyn,Karma,Dr. Mundo,Shaco,Jayce,Kog'Maw,Nautilus,Doran's Shield,Trinity Force,Executioner's Calling,Mercury's Treads,Long Sword,Long Sword,Stealth Ward,Stridebreaker,Boots of Swiftness,Glowing Mote,Phage,Pickaxe,Ruby Crystal,Oracle Lens,Hextech Rocketbelt,Sorcerer's Shoes,Fiendish Codex,Doran's Ring,Amplifying Tome,Ruby Crystal,Oracle Lens,Doran's Blade,B. F. Sword,Yun Tal Wildarrows,Berserker's Greaves,Pickaxe,No_Item,Farsight Alteration,Refillable Potion,Control Ward,Dream Maker,Echoes of Helia,Boots of Swiftness,Ruby Crystal,Oracle Lens,Heartsteel,Warmog's Armor,No_Item,Slightly Magical Footwear,No_Item,No_Item,Farsight Alteration,Dead Man's Plate,No_Item,Eclipse,No_Item,Boots of Swiftness,No_Item,Oracle Lens,Caulfield's Warhammer,Last Whisper,Doran's Blade,Slightly Magical Footwear,Muramana,Eclipse,Farsight Alteration,Seraph's Embrace,Luden's Companion,No_Item,Doran's Ring,No_Item,Sorcerer's Shoes,Farsight Alteration,Bloodsong,Boots of Swiftness,Ruby Crystal,Control Ward,No_Item,Locket of the Iron Solari,Oracle Lens,Grasp of the Undying,Inspiration,Conqueror,Domination,Electrocute,Resolve,Lethal Tempo,Sorcery,Arcane Comet,Resolve,Grasp of the Undying,Inspiration,Hail of Blades,Precision,Conqueror,Inspiration,Arcane Comet,Precision,Aftershock,Inspiration,Flash,Teleport,Flash,Smite,Teleport,Flash,Barrier,Flash,Flash,Heal,Flash,Teleport,Ignite,Smite,Flash,Teleport,Teleport,Flash,Flash,Ignite,0,5,0,1,1,0
https://www.op.gg/summoners/euw/Raider-1999/matches/uRd1PvnOddryrOoSmk6PTGcOk_xCWroI9eCqZpiVqP8%3D/1734011463000,0,34,56,56,34,91,51,108,99,40,46,3,2,1,1,3,9,4,3,68068,80796,16.0,17.0,976,1018,26.400000000000002,27.6,-12728,12728,1852.3422950819672,2198.710819672131,K'Sante,Wukong,Zoe,Caitlyn,Karma,Camille,Nocturne,LeBlanc,Samira,Thresh,Thornmail,Iceborn Gauntlet,Abyssal Mask,Warden's Mail,Giant's Belt,Plated Steelcaps,Oracle Lens,Caulfield's Warhammer,Black Cleaver,Sterak's Gage,Trinity Force,Boots of Swiftness,Sundered Sky,Stealth Ward,Needlessly Large Rod,Horizon Focus,Sorcerer's Shoes,Shadowflame,Luden's Companion,No_Item,Farsight Alteration,Infinity Edge,Rapid Firecannon,Lord Dominik's Regards,Bloodthirster,Berserker's Greaves,Yun Tal Wildarrows,Farsight Alteration,Mikael's Blessing,Redemption,Zaz'Zak's Realmspike,Ionian Boots of Lucidity,No_Item,Imperial Mandate,Oracle Lens,Ravenous Hydra,Plated Steelcaps,Spear of Shojin,Trinity Force,Death's Dance,Null-Magic Mantle,Oracle Lens,Sterak's Gage,Randuin's Omen,Stridebreaker,Ionian Boots of Lucidity,Experimental Hexplate,Phage,Farsight Alteration,Void Staff,Control Ward,Sorcerer's Shoes,Rabadon's Deathcap,Shadowflame,Luden's Companion,Oracle Lens,Bloodthirster,The Collector,Plated Steelcaps,Infinity Edge,Lord Dominik's Regards,Immortal Shieldbow,Farsight Alteration,Locket of the Iron Solari,Redemption,Solstice Sleigh,Boots of Swiftness,Tear of the Goddess,Knight's Vow,Oracle Lens,Grasp of the Undying,Domination,Conqueror,Inspiration,Electrocute,Sorcery,Lethal Tempo,Sorcery,Arcane Comet,Inspiration,Grasp of the Undying,Inspiration,Conqueror,Domination,Electrocute,Sorcery,Conqueror,Domination,Glacial Augment,Domination,Teleport,Flash,Flash,Smite,Flash,Ignite,Barrier,Flash,Flash,Heal,Flash,Teleport,Flash,Smite,Flash,Teleport,Flash,Barrier,Flash,Ignite,0,2,0,0,4,2
https://www.op.gg/summoners/euw/Raider-1999/matches/uRd1PvnOddq9H030ktQBkSDhmRLQpNQ4qwP1tQ9OsxQ%3D/1734008806000,1,25,13,13,25,33,47,52,64,31,16,2,1,1,0,11,1,3,1,55447,43663,13.8,12.8,819,769,31.4,29.5,11784,-11784,2110.9263959390864,1662.2969543147208,Camille,Wukong,Azir,Ashe,Seraphine,Renekton,Vi,Viktor,Kai'Sa,Rell,Ravenous Hydra,Plated Steelcaps,No_Item,Trinity Force,Ruby Crystal,Ruby Crystal,Oracle Lens,Trinity Force,Sundered Sky,Tunneler,Ruby Crystal,No_Item,Mercury's Treads,Oracle Lens,Mercury's Treads,Nashor's Tooth,Zhonya's Hourglass,No_Item,Dark Seal,Doran's Ring,Farsight Alteration,Kraken Slayer,Berserker's Greaves,Phantom Dancer,Doran's Blade,Mortal Reminder,B. F. Sword,Farsight Alteration,Ionian Boots of Lucidity,Seraph's Embrace,Redemption,Dream Maker,Watchful Wardstone,Dark Seal,Oracle Lens,Sterak's Gage,Long Sword,Eclipse,Plated Steelcaps,Long Sword,No_Item,Farsight Alteration,Sundered Sky,Black Cleaver,Plated Steelcaps,Cloth Armor,Cloth Armor,No_Item,Oracle Lens,Sorcerer's Shoes,Control Ward,Liandry's Torment,Blighting Jewel,Doran's Ring,Blackfire Torch,Farsight Alteration,Statikk Shiv,Guinsoo's Rageblade,Nashor's Tooth,Control Ward,No_Item,Berserker's Greaves,Farsight Alteration,Celestial Opposition,Locket of the Iron Solari,Kindlegem,Control Ward,Plated Steelcaps,No_Item,Oracle Lens,Grasp of the Undying,Inspiration,Conqueror,Inspiration,Conqueror,Inspiration,Lethal Tempo,Inspiration,Summon Aery,Inspiration,Conqueror,Resolve,Conqueror,Inspiration,Summon Aery,Inspiration,Press the Attack,Inspiration,Aftershock,Inspiration,Flash,Teleport,Flash,Smite,Flash,Teleport,Flash,Barrier,Heal,Flash,Teleport,Flash,Flash,Smite,Flash,Teleport,Cleanse,Flash,Flash,Ignite,1,6,2,0,0,0
https://www.op.gg/summoners/euw/Raider-1999/matches/uRd1PvnOddpbfI3MiW9v3gblASycb5AfvzEWzaPgqK4%3D/1734006696000,0,22,41,41,22,59,23,73,91,22,30,2,1,0,1,5,10,2,2,57455,68254,14.6,15.6,993,970,33.4,32.8,-10799,10799,1933.0654205607477,2296.396261682243,Darius,Kha'Zix,Ekko,Caitlyn,Neeko,Gragas,Wukong,Viktor,Samira,Nautilus,Stridebreaker,Sterak's Gage,Control Ward,"Jak'Sho, The Protean",No_Item,Mercury's Treads,Oracle Lens,Serpent's Fang,Eclipse,No_Item,Serylda's Grudge,Edge of Night,Ionian Boots of Lucidity,Oracle Lens,Nashor's Tooth,Lich Bane,Needlessly Large Rod,Shadowflame,Mercury's Treads,No_Item,Oracle Lens,Doran's Blade,Infinity Edge,The Collector,Lord Dominik's Regards,Boots of Swiftness,Long Sword,Farsight Alteration,Hextech Rocketbelt,Shattered Armguard,Solstice Sleigh,Sorcerer's Shoes,Control Ward,No_Item,Oracle Lens,Doran's Ring,Cosmic Drive,Lich Bane,Lost Chapter,Boots of Swiftness,Needlessly Large Rod,Oracle Lens,Trinity Force,Sundered Sky,Death's Dance,Sterak's Gage,Negatron Cloak,Plated Steelcaps,Oracle Lens,Void Staff,Blackfire Torch,Sorcerer's Shoes,Liandry's Torment,Mejai's Soulstealer,Luden's Companion,Farsight Alteration,Mercury's Treads,Hubris,Doran's Blade,The Collector,Infinity Edge,Cloak of Agility,Farsight Alteration,Bloodsong,Boots of Swiftness,Locket of the Iron Solari,Warmog's Armor,Control Ward,Ruby Crystal,Oracle Lens,Conqueror,Sorcery,Dark Harvest,Inspiration,Hail of Blades,Sorcery,Lethal Tempo,Sorcery,Electrocute,Sorcery,Phase Rush,Inspiration,Conqueror,Inspiration,Summon Aery,Resolve,Conqueror,Sorcery,Aftershock,Inspiration,Flash,Ghost,Smite,Flash,Teleport,Flash,Flash,Barrier,Exhaust,Flash,Teleport,Flash,Flash,Smite,Flash,Teleport,Flash,Barrier,Flash,Ignite,1,1,0,0,5,2
https://www.op.gg/summoners/euw/Raider-1999/matches/uRd1PvnOddqo-PD3bouVPdQbb7-fzE4858nUHu2cbQ8%3D/1734003607000,1,35,20,20,35,30,85,80,77,30,23,3,2,2,0,10,4,5,2,72683,60048,17.0,15.8,1094,1044,33.3,31.8,12635,-12635,2221.631320754717,1835.429433962264,Darius,Viego,Azir,Corki,Rell,Gragas,Wukong,Garen,Zeri,Lulu,Stridebreaker,Sterak's Gage,No_Item,Chain Vest,Death's Dance,Mercury's Treads,Oracle Lens,Kraken Slayer,B. F. Sword,Steel Sigil,Sundered Sky,Plated Steelcaps,Death's Dance,Oracle Lens,Needlessly Large Rod,Zhonya's Hourglass,Nashor's Tooth,Rabadon's Deathcap,Sorcerer's Shoes,Liandry's Torment,Farsight Alteration,Plated Steelcaps,Doran's Blade,Rapid Firecannon,Muramana,Trinity Force,Mortal Reminder,Farsight Alteration,Bloodsong,Locket of the Iron Solari,Control Ward,Kindlegem,Ionian Boots of Lucidity,Zeke's Convergence,Oracle Lens,Void Staff,Boots of Swiftness,No_Item,Lost Chapter,Lich Bane,Cosmic Drive,Farsight Alteration,Black Cleaver,Plated Steelcaps,Sundered Sky,No_Item,No_Item,Trinity Force,Oracle Lens,Stridebreaker,Phantom Dancer,Mortal Reminder,Infinity Edge,Boots of Swiftness,No_Item,Oracle Lens,Infinity Edge,Berserker's Greaves,Runaan's Hurricane,Yun Tal Wildarrows,Lord Dominik's Regards,B. F. Sword,Farsight Alteration,Redemption,Dream Maker,Moonstone Renewer,Control Ward,Ionian Boots of Lucidity,Glowing Mote,Oracle Lens,Conqueror,Sorcery,Conqueror,Inspiration,Press the Attack,Sorcery,Conqueror,Inspiration,Aftershock,Inspiration,Phase Rush,Precision,Conqueror,Inspiration,Phase Rush,Resolve,Lethal Tempo,Inspiration,Summon Aery,Resolve,Flash,Ghost,Flash,Smite,Flash,Teleport,Barrier,Flash,Flash,Ignite,Teleport,Flash,Flash,Smite,Flash,Ignite,Flash,Exhaust,Heal,Flash,1,5,3,0,1,0
https://www.op.gg/summoners/euw/Raider-1999/matches/uRd1PvnOddpE9KJYrZZBHa6K4BOBEyF5d7y2NDC4XdE%3D/1733963460000,1,28,5,5,28,5,48,45,48,13,9,1,1,0,0,6,1,1,1,43033,28680,12.0,9.8,639,490,32.2,24.7,14353,-14353,2176.3816091954027,1450.4827586206898,Darius,Rengar,Vladimir,Jhin,Bard,Ambessa,Viego,Nasus,Seraphine,Janna,Stridebreaker,Sterak's Gage,Plated Steelcaps,Doran's Shield,Long Sword,Cloth Armor,Oracle Lens,No_Item,Profane Hydra,Ionian Boots of Lucidity,Voltaic Cyclosword,No_Item,No_Item,Stealth Ward,Doran's Ring,Sorcerer's Shoes,Dark Seal,Cosmic Drive,Needlessly Large Rod,No_Item,Farsight Alteration,Boots of Swiftness,Doran's Blade,Statikk Shiv,Rapid Firecannon,Zeal,Control Ward,Farsight Alteration,Dead Man's Plate,Kindlegem,Bloodsong,Dark Seal,Faerie Charm,Boots of Swiftness,Oracle Lens,Doran's Blade,Refillable Potion,Eclipse,Plated Steelcaps,Tunneler,Control Ward,Oracle Lens,Plated Steelcaps,Control Ward,No_Item,Trinity Force,Scorchclaw Pup,No_Item,Oracle Lens,Trinity Force,Tunneler,Ionian Boots of Lucidity,Caulfield's Warhammer,Ruby Crystal,No_Item,Stealth Ward,Blackfire Torch,Ionian Boots of Lucidity,Tear of the Goddess,Glowing Mote,No_Item,Doran's Ring,Stealth Ward,Dream Maker,Moonstone Renewer,Boots of Swiftness,No_Item,No_Item,No_Item,Oracle Lens,Conqueror,Sorcery,Conqueror,Domination,Summon Aery,Precision,Fleet Footwork,Sorcery,Guardian,Inspiration,Grasp of the Undying,Domination,Conqueror,Inspiration,Phase Rush,Resolve,Conqueror,Sorcery,Summon Aery,Resolve,Flash,Ghost,Smite,Flash,Ignite,Flash,Flash,Barrier,Flash,Ignite,Teleport,Flash,Smite,Flash,Flash,Ghost,Flash,Teleport,Flash,Heal,1,5,1,0,1,0
https://www.op.gg/summoners/euw/Raider-1999/matches/uRd1PvnOddprMODbijjqoYCJWUiidS4MHh4SBVt23a8%3D/1733961775000,0,19,40,40,19,55,31,56,66,16,25,3,1,1,1,4,9,4,2,59559,70558,14.8,16.0,944,1014,30.3,32.6,-10999,10999,1914.3964285714285,2267.9357142857143,Poppy,Ekko,Tryndamere,Varus,Senna,Darius,Taliyah,Irelia,Zed,Nami,Doran's Shield,Plated Steelcaps,Negatron Cloak,Sunfire Aegis,Fimbulwinter,Thornmail,Farsight Alteration,Lich Bane,Nashor's Tooth,Rabadon's Deathcap,Blasting Wand,Sorcerer's Shoes,Blighting Jewel,Oracle Lens,Doran's Shield,Mortal Reminder,Navori Flickerblade,Blade of The Ruined King,Berserker's Greaves,Dagger,Oracle Lens,Blade of The Ruined King,"Jak'Sho, The Protean",Wit's End,Guinsoo's Rageblade,Berserker's Greaves,Doran's Blade,Farsight Alteration,Moonstone Renewer,Dream Maker,Redemption,Ionian Boots of Lucidity,Forbidden Idol,Forbidden Idol,Oracle Lens,Stridebreaker,Steel Sigil,Quicksilver Sash,Dead Man's Plate,Sterak's Gage,Plated Steelcaps,Oracle Lens,Mejai's Soulstealer,Zhonya's Hourglass,Shadowflame,Sorcerer's Shoes,Rabadon's Deathcap,Stormsurge,Oracle Lens,Doran's Blade,Blade of The Ruined King,Plated Steelcaps,Hullbreaker,Frozen Heart,Recurve Bow,Farsight Alteration,Profane Hydra,Youmuu's Ghostblade,Refillable Potion,Edge of Night,Long Sword,Ionian Boots of Lucidity,Oracle Lens,Imperial Mandate,Mikael's Blessing,Solstice Sleigh,Ionian Boots of Lucidity,Kindlegem,Staff of Flowing Water,Oracle Lens,Grasp of the Undying,Sorcery,Dark Harvest,Inspiration,Grasp of the Undying,Precision,Press the Attack,Resolve,Summon Aery,Resolve,Conqueror,Sorcery,First Strike,Sorcery,Conqueror,Inspiration,Electrocute,Sorcery,Summon Aery,Resolve,Flash,Teleport,Smite,Flash,Ghost,Flash,Flash,Barrier,Flash,Heal,Flash,Ghost,Flash,Smite,Teleport,Flash,Ignite,Flash,Flash,Heal,1,0,0,0,6,1
https://www.op.gg/summoners/euw/Raider-1999/matches/uRd1PvnOddp3q6ebPWGMTLwnWPXWJ4qw9u-LF7HeJGs%3D/1733959444000,1,24,27,27,24,50,55,83,78,27,24,2,3,0,2,8,4,2,5,65512,62579,15.8,16.0,1049,982,31.5,29.4,2933,-2933,1962.7076923076922,1874.8364372469634,K'Sante,Xin Zhao,Viktor,Varus,Lulu,Camille,Volibear,Hwei,Ashe,Braum,Kaenic Rookern,Thornmail,Boots of Swiftness,No_Item,Negatron Cloak,Iceborn Gauntlet,Oracle Lens,Black Cleaver,Randuin's Omen,Sterak's Gage,Mercury's Treads,Sundered Sky,Negatron Cloak,Oracle Lens,Sorcerer's Shoes,Blackfire Torch,Liandry's Torment,Rabadon's Deathcap,No_Item,No_Item,Farsight Alteration,"Jak'Sho, The Protean",Guinsoo's Rageblade,Blade of The Ruined King,Terminus,Berserker's Greaves,No_Item,Farsight Alteration,Dream Maker,No_Item,Shurelya's Battlesong,Mikael's Blessing,Ardent Censer,Ionian Boots of Lucidity,Oracle Lens,Ravenous Hydra,Trinity Force,No_Item,Plated Steelcaps,Sterak's Gage,No_Item,Oracle Lens,Dead Man's Plate,Sundered Sky,Sterak's Gage,Ionian Boots of Lucidity,Kindlegem,Spectre's Cowl,Oracle Lens,Blighting Jewel,Dark Seal,Rabadon's Deathcap,Horizon Focus,Luden's Companion,Sorcerer's Shoes,Farsight Alteration,Infinity Edge,Berserker's Greaves,Runaan's Hurricane,Statikk Shiv,Lord Dominik's Regards,Vampiric Scepter,Farsight Alteration,Kindlegem,Solstice Sleigh,Locket of the Iron Solari,Thornmail,Mercury's Treads,Control Ward,Oracle Lens,Grasp of the Undying,Inspiration,Conqueror,Inspiration,Summon Aery,Precision,Lethal Tempo,Resolve,Summon Aery,Resolve,Grasp of the Undying,Inspiration,Press the Attack,Sorcery,Arcane Comet,Inspiration,Lethal Tempo,Inspiration,Guardian,Inspiration,Teleport,Flash,Flash,Smite,Flash,Teleport,Flash,Cleanse,Flash,Heal,Flash,Teleport,Flash,Smite,Flash,Teleport,Barrier,Flash,Flash,Ignite,0,6,1,1,0,0
https://www.op.gg/summoners/euw/Raider-1999/matches/uRd1PvnOddq5qrKlGBc9xGAaW2rJEjn2xWN32ndKBSs%3D/1733956914000,1,16,10,10,16,18,27,40,35,12,12,1,1,0,0,3,0,1,1,34418,28873,10.2,9.4,537,480,32.6,29.1,5545,-5545,2099.25390070922,1761.0482269503548,Camille,Nidalee,Cho'Gath,Ashe,Nautilus,Zed,Volibear,Akshan,Caitlyn,Lux,Tiamat,Trinity Force,No_Item,Plated Steelcaps,No_Item,No_Item,Stealth Ward,No_Item,Lich Bane,No_Item,Sorcerer's Shoes,Dark Seal,Amplifying Tome,Oracle Lens,Doran's Ring,Refillable Potion,Rod of Ages,Plated Steelcaps,Cloth Armor,Ruby Crystal,Farsight Alteration,Kraken Slayer,Dagger,Zeal,Doran's Blade,Berserker's Greaves,Dagger,Farsight Alteration,Celestial Opposition,Locket of the Iron Solari,Refillable Potion,No_Item,Ionian Boots of Lucidity,No_Item,Oracle Lens,Eclipse,Serrated Dirk,No_Item,Ionian Boots of Lucidity,Doran's Blade,Refillable Potion,Stealth Ward,Mosstomper Seedling,Boots of Swiftness,Sundered Sky,Winged Moonplate,No_Item,No_Item,Oracle Lens,Doran's Blade,Cull,Slightly Magical Footwear,B. F. Sword,B. F. Sword,Last Whisper,Stealth Ward,Yun Tal Wildarrows,Berserker's Greaves,Doran's Blade,No_Item,No_Item,No_Item,Stealth Ward,Zaz'Zak's Realmspike,Control Ward,Amplifying Tome,Sorcerer's Shoes,Luden's Companion,No_Item,Oracle Lens,Conqueror,Resolve,Conqueror,Sorcery,Arcane Comet,Resolve,Lethal Tempo,Inspiration,Aftershock,Inspiration,First Strike,Resolve,Press the Attack,Sorcery,Press the Attack,Inspiration,Lethal Tempo,Sorcery,Arcane Comet,Domination,Flash,Teleport,Smite,Flash,Flash,Teleport,Flash,Barrier,Flash,Ignite,Flash,Teleport,Flash,Smite,Flash,Teleport,Flash,Ghost,Flash,Heal,1,6,0,0,0,0
https://www.op.gg/summoners/euw/Raider-1999/matches/uRd1PvnOddriEO8aAWYRd2DfUkd-ck4vWLCBK497Dss%3D/1733955363000,1,34,22,22,34,36,63,64,57,23,25,0,3,1,0,10,0,1,3,55214,42649,13.4,11.8,692,665,29.4,28.3,12565,-12565,2343.2282926829266,1809.981951219512,Jax,Skarner,Viktor,Lucian,Rakan,Sion,Viego,Akali,Ezreal,Pyke,Death's Dance,Sundered Sky,No_Item,Trinity Force,Plated Steelcaps,No_Item,Stealth Ward,Sterak's Gage,Heartsteel,Ionian Boots of Lucidity,Chain Vest,Kindlegem,Ruby Crystal,Oracle Lens,Blackfire Torch,Shattered Armguard,Refillable Potion,Doran's Ring,Liandry's Torment,Sorcerer's Shoes,Farsight Alteration,Infinity Edge,No_Item,Essence Reaver,Navori Flickerblade,Doran's Blade,Ionian Boots of Lucidity,Farsight Alteration,Celestial Opposition,Locket of the Iron Solari,No_Item,Zeke's Convergence,Ionian Boots of Lucidity,Kindlegem,Oracle Lens,Sunfire Aegis,Plated Steelcaps,Ruby Crystal,Bramble Vest,No_Item,Doran's Shield,Oracle Lens,Sundered Sky,Kraken Slayer,Slightly Magical Footwear,Tunneler,Pickaxe,Control Ward,Oracle Lens,Doran's Ring,Needlessly Large Rod,Stormsurge,Dark Seal,Shadowflame,Boots,Oracle Lens,Trinity Force,Muramana,Last Whisper,No_Item,Doran's Blade,Slightly Magical Footwear,Farsight Alteration,Umbral Glaive,Synchronized Souls,Bloodsong,Edge of Night,Control Ward,No_Item,Oracle Lens,Lethal Tempo,Resolve,Grasp of the Undying,Inspiration,First Strike,Precision,Press the Attack,Inspiration,Guardian,Domination,Phase Rush,Inspiration,Conqueror,Inspiration,Electrocute,Resolve,Conqueror,Inspiration,Hail of Blades,Inspiration,Flash,Teleport,Smite,Flash,Flash,Teleport,Flash,Barrier,Flash,Ignite,Teleport,Flash,Flash,Smite,Ignite,Flash,Cleanse,Flash,Flash,Ignite,0,6,2,0,0,0
https://www.op.gg/summoners/euw/Raider-1999/matches/uRd1PvnOddo1O_i6RUb0a2Ea_EEAKty9kgD9iT00rMg%3D/1733953314000,1,36,20,21,36,32,44,50,45,10,11,2,0,1,0,11,0,3,0,56780,40527,13.8,12.2,763,598,33.699999999999996,26.6,16253,-16253,2527.6258064516132,1804.1051612903227,Gangplank,Lillia,Yasuo,Ashe,Nautilus,Nasus,Wukong,Ahri,Hwei,Zac,Doran's Shield,Lord Dominik's Regards,Trinity Force,Boots of Swiftness,The Collector,Noonquiver,Oracle Lens,Riftmaker,No_Item,Mejai's Soulstealer,Mercury's Treads,Liandry's Torment,No_Item,Oracle Lens,Doran's Shield,Blade of The Ruined King,Berserker's Greaves,Immortal Shieldbow,Cloak of Agility,B. F. Sword,Farsight Alteration,Bloodthirster,Control Ward,No_Item,Phantom Dancer,Berserker's Greaves,Kraken Slayer,Farsight Alteration,Bloodsong,Locket of the Iron Solari,No_Item,Negatron Cloak,Mercury's Treads,Kindlegem,Oracle Lens,Cloth Armor,Glacial Buckler,Trinity Force,Plated Steelcaps,Cloth Armor,No_Item,Stealth Ward,Trinity Force,Slightly Magical Footwear,Sundered Sky,Phage,Kindlegem,Pickaxe,Oracle Lens,Doran's Ring,Fiendish Codex,Dark Seal,Malignance,Sorcerer's Shoes,Fiendish Codex,Farsight Alteration,Liandry's Torment,Control Ward,Blackfire Torch,Needlessly Large Rod,Needlessly Large Rod,Ionian Boots of Lucidity,Farsight Alteration,Zeke's Convergence,Refillable Potion,Celestial Opposition,Ionian Boots of Lucidity,Negatron Cloak,Kindlegem,Oracle Lens,Grasp of the Undying,Sorcery,Conqueror,Inspiration,Grasp of the Undying,Precision,Lethal Tempo,Inspiration,Aftershock,Inspiration,Fleet Footwork,Resolve,Conqueror,Inspiration,Summon Aery,Precision,Arcane Comet,Precision,Aftershock,Precision,Flash,Teleport,Smite,Flash,Teleport,Flash,Cleanse,Flash,Flash,Ignite,Ghost,Teleport,Flash,Smite,Teleport,Flash,Flash,Teleport,Flash,Ignite,1,6,3,0,0,0
https://www.op.gg/summoners/euw/Raider-1999/matches/uRd1PvnOddrVpfpee85JxBx9O5aCpmitXLaUBR-an6A%3D/1733951309000,0,19,32,32,19,60,33,41,41,14,17,0,3,0,0,3,6,0,3,38941,47139,11.2,12.4,575,652,26.9,30.5,-8198,8198,1829.7578313253014,2214.965060240964,Darius,Volibear,Ahri,Kog'Maw,Rakan,Zac,Karthus,Yone,Ashe,Renata Glasc,Stridebreaker,Mercury's Treads,Force of Nature,No_Item,No_Item,No_Item,Oracle Lens,Dead Man's Plate,Sundered Sky,Negatron Cloak,Ionian Boots of Lucidity,No_Item,No_Item,Oracle Lens,Amplifying Tome,Malignance,Dark Seal,Doran's Ring,Sorcerer's Shoes,Fiendish Codex,Oracle Lens,Doran's Ring,Amplifying Tome,Sorcerer's Shoes,Needlessly Large Rod,Luden's Companion,Seraph's Embrace,Farsight Alteration,Locket of the Iron Solari,Celestial Opposition,Refillable Potion,Ionian Boots of Lucidity,Forbidden Idol,Kindlegem,Oracle Lens,Mercury's Treads,Sunfire Aegis,Fated Ashes,Null-Magic Mantle,No_Item,No_Item,Oracle Lens,Sorcerer's Shoes,Dark Seal,Blackfire Torch,Oblivion Orb,Void Staff,No_Item,Oracle Lens,Doran's Shield,Refillable Potion,Blade of The Ruined King,Immortal Shieldbow,Berserker's Greaves,No_Item,Oracle Lens,Berserker's Greaves,No_Item,Doran's Blade,Kraken Slayer,Phantom Dancer,Bloodthirster,Farsight Alteration,Mikael's Blessing,Solstice Sleigh,Locket of the Iron Solari,Boots of Swiftness,Kindlegem,Faerie Charm,Oracle Lens,Conqueror,Sorcery,Press the Attack,Sorcery,Electrocute,Sorcery,Arcane Comet,Precision,Guardian,Domination,Grasp of the Undying,Precision,Dark Harvest,Precision,Fleet Footwork,Resolve,Lethal Tempo,Inspiration,Guardian,Domination,Flash,Ghost,Smite,Flash,Flash,Teleport,Flash,Teleport,Ignite,Flash,Flash,Teleport,Flash,Smite,Flash,Teleport,Barrier,Flash,Heal,Flash,1,4,0,0,2,0
https://www.op.gg/summoners/euw/Raider-1999/matches/uRd1PvnOddqwXaVlKbHP7iP3LaR_RlpnF_bdnl5JZAs%3D/1733949477000,0,31,35,35,31,94,64,73,63,16,17,2,2,0,1,6,7,2,3,55395,57470,13.2,14.2,717,745,26.5,27.6,-2075,2075,2049.2947976878613,2126.057803468208,Camille,Zac,Aurora,Ashe,Thresh,Tahm Kench,Wukong,Ahri,Jinx,Lulu,Ravenous Hydra,Spear of Shojin,Trinity Force,Mercury's Treads,Death's Dance,No_Item,Oracle Lens,Spirit Visage,Sunfire Aegis,Ionian Boots of Lucidity,Unending Despair,Dark Seal,Fated Ashes,Oracle Lens,Dark Seal,Shadowflame,Needlessly Large Rod,Malignance,Sorcerer's Shoes,Doran's Ring,Oracle Lens,Doran's Blade,Infinity Edge,Kraken Slayer,Berserker's Greaves,Phantom Dancer,Executioner's Calling,Farsight Alteration,Trailblazer,Solstice Sleigh,Control Ward,Kindlegem,Cloth Armor,Boots of Swiftness,Oracle Lens,Locket of the Iron Solari,Doran's Shield,Boots of Swiftness,Dark Seal,Heartsteel,Kindlegem,Stealth Ward,Sundered Sky,Trinity Force,Mercury's Treads,Black Cleaver,Tunneler,Control Ward,Oracle Lens,Malignance,Liandry's Torment,Ionian Boots of Lucidity,Rabadon's Deathcap,Dark Seal,No_Item,Farsight Alteration,Doran's Blade,Yun Tal Wildarrows,Infinity Edge,Mortal Reminder,Dagger,Berserker's Greaves,Farsight Alteration,Redemption,Dream Maker,Kindlegem,Cloth Armor,Ionian Boots of Lucidity,Moonstone Renewer,Oracle Lens,Conqueror,Resolve,Aftershock,Precision,Arcane Comet,Domination,Lethal Tempo,Inspiration,Aftershock,Inspiration,Grasp of the Undying,Precision,Conqueror,Inspiration,Electrocute,Sorcery,Lethal Tempo,Inspiration,Summon Aery,Resolve,Flash,Teleport,Flash,Smite,Flash,Teleport,Barrier,Flash,Flash,Ignite,Ghost,Teleport,Flash,Smite,Flash,Teleport,Flash,Barrier,Flash,Heal,0,6,1,1,0,1
https://www.op.gg/summoners/euw/Raider-1999/matches/uRd1PvnOddrT8wmCktcvWH_zLyM51OEvNozdrrkFKvE%3D/1733947124000,0,19,35,35,19,76,43,57,80,23,17,0,2,0,1,1,10,0,3,49234,60266,13.2,14.6,776,781,28.7,28.799999999999997,-11032,11032,1828.6914285714286,2238.4514285714286,Jayce,Jarvan IV,Akshan,Aurelion Sol,Sona,Yorick,Ivern,Orianna,Kog'Maw,Blitzcrank,Eclipse,Serpent's Fang,Boots of Swiftness,Muramana,No_Item,Doran's Blade,Farsight Alteration,Serpent's Fang,Spirit Visage,Ionian Boots of Lucidity,No_Item,Sundered Sky,No_Item,Oracle Lens,Doran's Blade,Mercury's Treads,Dagger,Infinity Edge,Statikk Shiv,Lord Dominik's Regards,Stealth Ward,Doran's Ring,Liandry's Torment,Rylai's Crystal Scepter,Verdant Barrier,Dark Seal,Sorcerer's Shoes,Farsight Alteration,Bloodsong,Rod of Ages,Seraph's Embrace,No_Item,No_Item,Boots of Swiftness,Oracle Lens,Sundered Sky,Trinity Force,Control Ward,Death's Dance,No_Item,Plated Steelcaps,Stealth Ward,Moonstone Renewer,No_Item,Redemption,Ionian Boots of Lucidity,Staff of Flowing Water,Dark Seal,Oracle Lens,Seraph's Embrace,Void Staff,Dark Seal,Sorcerer's Shoes,Needlessly Large Rod,Needlessly Large Rod,Farsight Alteration,Sorcerer's Shoes,Hextech Alternator,Zhonya's Hourglass,Luden's Companion,Seraph's Embrace,Void Staff,Farsight Alteration,Bloodsong,No_Item,Dead Man's Plate,Boots of Swiftness,Cloth Armor,Kindlegem,Oracle Lens,Conqueror,Inspiration,Conqueror,Inspiration,Press the Attack,Inspiration,Arcane Comet,Precision,Summon Aery,Precision,Grasp of the Undying,Inspiration,Summon Aery,Inspiration,Summon Aery,Resolve,Arcane Comet,Precision,Glacial Augment,Sorcery,Flash,Teleport,Flash,Smite,Flash,Teleport,Flash,Teleport,Heal,Flash,Flash,Teleport,Flash,Smite,Flash,Teleport,Flash,Teleport,Ignite,Flash,1,6,0,0,0,1
https://www.op.gg/summoners/euw/Raider-1999/matches/uRd1PvnOddo0rc0-RyUMtDR-eq7NmpZa4JbyGe8_jbg%3D/1733945035000,1,38,15,15,38,15,49,52,79,26,16,3,0,1,0,11,4,4,0,62174,45856,15.0,13.0,894,701,34.0,26.6,16318,-16318,2365.3152173913045,1744.5217391304348,Renekton,Kindred,Akali,Ashe,Lulu,Jax,Rengar,Sylas,Ezreal,Rakan,Warden's Mail,Sterak's Gage,Plated Steelcaps,Black Cleaver,Sundered Sky,No_Item,Stealth Ward,Infinity Edge,The Collector,Lord Dominik's Regards,Boots,No_Item,No_Item,Oracle Lens,Rabadon's Deathcap,Shadowflame,Needlessly Large Rod,Stormsurge,Boots,Dark Seal,Oracle Lens,Statikk Shiv,Berserker's Greaves,Runaan's Hurricane,Doran's Blade,Vampiric Scepter,B. F. Sword,Farsight Alteration,Redemption,Locket of the Iron Solari,Dream Maker,Ionian Boots of Lucidity,Moonstone Renewer,No_Item,Oracle Lens,Trinity Force,Steel Sigil,Long Sword,Plated Steelcaps,Sundered Sky,Long Sword,Stealth Ward,Serpent's Fang,Voltaic Cyclosword,Ionian Boots of Lucidity,Lord Dominik's Regards,Pickaxe,No_Item,Stealth Ward,Needlessly Large Rod,Hextech Rocketbelt,Doran's Ring,Dark Seal,Boots,Lich Bane,Oracle Lens,Trinity Force,Muramana,Ionian Boots of Lucidity,Doran's Blade,Fiendish Codex,Fiendish Codex,Farsight Alteration,Dark Seal,Ionian Boots of Lucidity,Dream Maker,Trailblazer,Control Ward,Kindlegem,Oracle Lens,Conqueror,Resolve,Press the Attack,Domination,Electrocute,Resolve,Lethal Tempo,Inspiration,Summon Aery,Resolve,Grasp of the Undying,Sorcery,Conqueror,Domination,Electrocute,Resolve,Conqueror,Inspiration,Guardian,Domination,Flash,Teleport,Smite,Flash,Ignite,Flash,Barrier,Flash,Flash,Heal,Flash,Teleport,Smite,Flash,Flash,Teleport,Flash,Cleanse,Ignite,Flash,0,1,3,0,2,0
https://www.op.gg/summoners/euw/Raider-1999/matches/uRd1PvnOddp_oRHNClAk8ZXgxsdafPqhl12xB1-z2Kk%3D/1733942770000,0,17,34,34,17,66,22,60,66,14,18,2,1,0,1,2,8,2,2,45702,55816,12.2,14.4,720,766,27.7,29.4,-10114,10114,1757.7692307692307,2146.769230769231,Gragas,Viego,Yasuo,Caitlyn,Lux,Shen,Graves,Taliyah,Ashe,Seraphine,Lich Bane,No_Item,Cosmic Drive,Boots of Swiftness,Tear of the Goddess,No_Item,Farsight Alteration,Titanic Hydra,Kraken Slayer,Serrated Dirk,Slightly Magical Footwear,No_Item,No_Item,Oracle Lens,Doran's Shield,Stridebreaker,Berserker's Greaves,Blade of The Ruined King,Immortal Shieldbow,Pickaxe,Farsight Alteration,The Collector,Lord Dominik's Regards,Doran's Blade,Cloak of Agility,Berserker's Greaves,No_Item,Farsight Alteration,Zaz'Zak's Realmspike,Luden's Companion,Hextech Alternator,Control Ward,Dark Seal,Sorcerer's Shoes,Oracle Lens,Doran's Shield,Chain Vest,Randuin's Omen,Plated Steelcaps,Hollow Radiance,Bramble Vest,Farsight Alteration,Youmuu's Ghostblade,No_Item,Mercury's Treads,The Collector,Warden's Mail,Immortal Shieldbow,Oracle Lens,Sorcerer's Shoes,Zhonya's Hourglass,Mejai's Soulstealer,Haunting Guise,Luden's Companion,Doran's Ring,Farsight Alteration,Doran's Blade,Bloodthirster,Berserker's Greaves,Statikk Shiv,Runaan's Hurricane,No_Item,Farsight Alteration,Dream Maker,Forbidden Idol,Echoes of Helia,Moonstone Renewer,Kindlegem,Ionian Boots of Lucidity,Oracle Lens,Phase Rush,Precision,Conqueror,Inspiration,Lethal Tempo,Resolve,Lethal Tempo,Sorcery,Arcane Comet,Domination,Grasp of the Undying,Inspiration,Fleet Footwork,Inspiration,Phase Rush,Precision,Lethal Tempo,Inspiration,Summon Aery,Resolve,Flash,Teleport,Flash,Smite,Teleport,Flash,Flash,Cleanse,Flash,Heal,Teleport,Flash,Flash,Smite,Teleport,Flash,Barrier,Flash,Flash,Heal,0,3,0,1,3,1
,,-1,-1,-1,-1,-1,-1,-1,-1,-1,-1,-1,-1,-1,-1,-1,-1,-1,-1,-1,-1,-1.0,-1.0,-1,-1,-1.0,-1.0,-1,-1,-1.0,-1.0,,,,,,,,,,,,,,,,,,,,,,,,,,,,,,,,,,,,,,,,,,,,,,,,,,,,,,,,,,,,,,,,,,,,,,,,,,,,,,,,,,,,,,,,,,,,,,,,,,,,,,,,,,,,,,,,,,,,,,,,,-1,-1,-1,-1,-1,-1
https://www.op.gg/summoners/euw/Raider-1999/matches/uRd1PvnOddrhe-tD7RNKK7QQJQSfFpQ8it7sjoLfgd0%3D/1733940117000,0,5,13,13,5,14,4,32,47,14,9,1,1,0,0,0,4,1,1,27139,34571,9.8,10.8,524,599,30.7,35.1,-7432,7432,1598.5986301369862,2036.3739726027395,Volibear,Graves,Ahri,Caitlyn,Lux,Jax,Dr. Mundo,Neeko,Kalista,Blitzcrank,Doran's Ring,Refillable Potion,Unending Despair,Mercury's Treads,No_Item,No_Item,Stealth Ward,Pickaxe,Youmuu's Ghostblade,Boots,Serrated Dirk,Cloak of Agility,No_Item,Oracle Lens,Doran's Ring,Malignance,Dark Seal,Sorcerer's Shoes,Fiendish Codex,Amplifying Tome,Oracle Lens,Doran's Blade,The Collector,Berserker's Greaves,No_Item,No_Item,No_Item,Stealth Ward,Winged Moonplate,Boots of Swiftness,No_Item,Celestial Opposition,Ruby Crystal,Chain Vest,Oracle Lens,Doran's Blade,Refillable Potion,Cloth Armor,Trinity Force,Tunneler,Boots,Stealth Ward,No_Item,Heartsteel,Plated Steelcaps,Ruby Crystal,No_Item,No_Item,Oracle Lens,Sorcerer's Shoes,Hextech Rocketbelt,Control Ward,Doran's Ring,Shadowflame,Dark Seal,Oracle Lens,Tunneler,Doran's Blade,Refillable Potion,Serrated Dirk,Youmuu's Ghostblade,Boots,Farsight Alteration,Chain Vest,No_Item,Bloodsong,Ruby Crystal,Symbiotic Soles,Winged Moonplate,Oracle Lens,Grasp of the Undying,Inspiration,Dark Harvest,Precision,Electrocute,Sorcery,Lethal Tempo,Sorcery,Aftershock,Domination,Lethal Tempo,Resolve,Fleet Footwork,Inspiration,Arcane Comet,Domination,Hail of Blades,Precision,Aftershock,Inspiration,Teleport,Flash,Smite,Flash,Teleport,Flash,Flash,Barrier,Flash,Heal,Flash,Teleport,Flash,Smite,Flash,Teleport,Barrier,Flash,Flash,Ignite,0,3,0,1,3,0
https://www.op.gg/summoners/euw/Raider-1999/matches/uRd1PvnOddpKUdQbtnYWeWGp_UkIb2LRza6YDvae-os%3D/1733859614000,0,11,25,25,11,45,11,49,45,11,10,0,2,0,0,2,3,0,2,34316,40017,10.8,12.0,597,602,30.3,30.6,-5701,5701,1751.2993103448277,2042.2468965517244,Renekton,Kindred,Kog'Maw,Irelia,Lulu,Jax,Graves,Lissandra,Ziggs,Nami,Doran's Shield,Control Ward,Black Cleaver,Boots,Pickaxe,Ruby Crystal,Eye of the Herald,Cloak of Agility,Trinity Force,Serrated Dirk,No_Item,No_Item,Slightly Magical Footwear,Oracle Lens,Tear of the Goddess,Doran's Ring,Fiendish Codex,Sorcerer's Shoes,Lost Chapter,Luden's Companion,Farsight Alteration,Doran's Blade,Blade of The Ruined King,Mercury's Treads,Kraken Slayer,Ruby Crystal,No_Item,Stealth Ward,Dream Maker,Ionian Boots of Lucidity,Control Ward,Kindlegem,Moonstone Renewer,Faerie Charm,Oracle Lens,Seeker's Armguard,Plated Steelcaps,Control Ward,Sundered Sky,No_Item,Trinity Force,Stealth Ward,Control Ward,Youmuu's Ghostblade,Noonquiver,Pickaxe,The Collector,Slightly Magical Footwear,Oracle Lens,Zhonya's Hourglass,No_Item,Malignance,Doran's Ring,Sorcerer's Shoes,Dark Seal,Oracle Lens,Fiendish Codex,Sorcerer's Shoes,Dark Seal,Luden's Companion,Fiendish Codex,Tear of the Goddess,Farsight Alteration,Dream Maker,Imperial Mandate,Oblivion Orb,Ionian Boots of Lucidity,Amplifying Tome,Control Ward,Oracle Lens,Conqueror,Resolve,Lethal Tempo,Inspiration,Arcane Comet,Precision,Press the Attack,Domination,Summon Aery,Resolve,Grasp of the Undying,Sorcery,Dark Harvest,Inspiration,Arcane Comet,Precision,Arcane Comet,Inspiration,Summon Aery,Inspiration,Flash,Teleport,Flash,Smite,Flash,Teleport,Teleport,Flash,Heal,Flash,Flash,Teleport,Flash,Smite,Teleport,Flash,Flash,Teleport,Heal,Flash,1,4,0,0,0,0
https://www.op.gg/summoners/euw/Raider-1999/matches/uRd1PvnOddoYTQyhP0h6uRpCwSucfT0W2oMT2lLEoac%3D/1733858107000,0,5,20,20,5,21,4,28,24,2,7,0,1,0,0,1,1,0,1,25392,31451,9.4,10.0,490,507,32.1,33.1,-6059,6059,1655.0142857142855,2049.93125,K'Sante,Diana,Yasuo,Corki,Pyke,Kayle,Vi,Qiyana,Ashe,Tahm Kench,No_Item,Boots,Iceborn Gauntlet,No_Item,Negatron Cloak,No_Item,Stealth Ward,Gustwalker Hatchling,Nashor's Tooth,Sorcerer's Shoes,Amplifying Tome,No_Item,Amplifying Tome,Oracle Lens,Doran's Blade,Berserker's Greaves,Blade of The Ruined King,No_Item,No_Item,No_Item,Stealth Ward,Trinity Force,No_Item,Boots,Doran's Blade,No_Item,Tear of the Goddess,Farsight Alteration,Bloodsong,Boots of Swiftness,Refillable Potion,Control Ward,Serrated Dirk,No_Item,Oracle Lens,Doran's Blade,Refillable Potion,Nashor's Tooth,Dark Seal,Boots of Swiftness,No_Item,Stealth Ward,No_Item,Sundered Sky,Ionian Boots of Lucidity,No_Item,No_Item,No_Item,Oracle Lens,Serpent's Fang,Youmuu's Ghostblade,Refillable Potion,Long Sword,Long Sword,Ionian Boots of Lucidity,Oracle Lens,Doran's Blade,Berserker's Greaves,Kraken Slayer,Dagger,Dagger,Dagger,Stealth Ward,Solstice Sleigh,No_Item,Cloth Armor,Heartsteel,No_Item,Slightly Magical Footwear,Oracle Lens,Aftershock,Inspiration,Conqueror,Inspiration,Lethal Tempo,Resolve,Hail of Blades,Inspiration,Hail of Blades,Resolve,Press the Attack,Sorcery,Conqueror,Inspiration,Electrocute,Precision,Lethal Tempo,Inspiration,Guardian,Inspiration,Flash,Teleport,Flash,Smite,Flash,Teleport,Flash,Barrier,Flash,Ignite,Flash,Teleport,Flash,Smite,Flash,Teleport,Barrier,Flash,Ignite,Flash,0,0,0,0,6,0
https://www.op.gg/summoners/euw/Raider-1999/matches/uRd1PvnOddpaObi_XQHoa8Mxn1jbx98rAjPq52-syMo%3D/1733856792000,1,31,24,24,31,37,61,77,108,38,41,4,0,1,0,10,4,5,0,68302,65105,16.6,15.8,1037,1093,32.3,33.9,3197,-3197,2122.240714285714,2022.9053571428572,Gnar,Diana,Galio,Yasuo,Lux,Darius,Shaco,Akali,Corki,Pyke,Wit's End,Boots of Swiftness,Trinity Force,Black Cleaver,Pickaxe,Tunneler,Stealth Ward,Hextech Rocketbelt,Needlessly Large Rod,Zhonya's Hourglass,Dark Seal,Sorcerer's Shoes,Void Staff,Oracle Lens,Unending Despair,Riftmaker,Kindlegem,Plated Steelcaps,Hollow Radiance,Dark Seal,Oracle Lens,Cloak of Agility,Doran's Shield,Stridebreaker,Berserker's Greaves,Blade of The Ruined King,Immortal Shieldbow,Farsight Alteration,Plated Steelcaps,Randuin's Omen,Celestial Opposition,Bramble Vest,Knight's Vow,No_Item,Oracle Lens,Stridebreaker,Boots of Swiftness,Winged Moonplate,Sterak's Gage,Negatron Cloak,"Jak'Sho, The Protean",Oracle Lens,Stridebreaker,Kaenic Rookern,Serpent's Fang,Frozen Heart,No_Item,Boots of Swiftness,Oracle Lens,Blasting Wand,Zhonya's Hourglass,Liandry's Torment,Dark Seal,Mercury's Treads,Lich Bane,Stealth Ward,Doran's Blade,Infinity Edge,Muramana,Lord Dominik's Regards,Trinity Force,Mercury's Treads,Farsight Alteration,Celestial Opposition,No_Item,Youmuu's Ghostblade,Umbral Glaive,Ionian Boots of Lucidity,Serrated Dirk,Oracle Lens,Fleet Footwork,Resolve,Conqueror,Inspiration,Aftershock,Sorcery,Lethal Tempo,Resolve,Aftershock,Domination,Conqueror,Sorcery,Hail of Blades,Inspiration,Electrocute,Resolve,Conqueror,Inspiration,Hail of Blades,Resolve,Flash,Teleport,Smite,Flash,Flash,Teleport,Flash,Exhaust,Flash,Exhaust,Flash,Ghost,Smite,Ignite,Flash,Teleport,Flash,Exhaust,Ignite,Flash,1,0,1,0,6,0
https://www.op.gg/summoners/euw/Raider-1999/matches/uRd1PvnOddqKAbH_8e8py5otST4dPj5ruJ3H0XWR_WM%3D/1733854296000,0,9,25,25,9,51,15,69,72,28,25,1,4,0,1,3,8,1,5,46523,58509,13.2,14.8,833,906,28.9,31.5,-11986,11986,1617.2280952380952,2033.8842857142859,Ornn,Udyr,Sylas,Corki,Lulu,Darius,Vi,Taliyah,Caitlyn,Rammus,Hollow Radiance,Bramble Vest,Fimbulwinter,Warden's Mail,Plated Steelcaps,Glacial Buckler,Stealth Ward,Unending Despair,Liandry's Torment,Dark Seal,Cloth Armor,Giant's Belt,Boots of Swiftness,Oracle Lens,Sorcerer's Shoes,Hextech Rocketbelt,Dark Seal,Lich Bane,Blighting Jewel,No_Item,Oracle Lens,Slightly Magical Footwear,Trinity Force,Muramana,Rapid Firecannon,Cloak of Agility,Doran's Blade,Farsight Alteration,Ionian Boots of Lucidity,Dream Maker,Control Ward,Kindlegem,Forbidden Idol,Moonstone Renewer,Oracle Lens,Force of Nature,Mercury's Treads,Tunneler,Trinity Force,Pickaxe,Ruby Crystal,Oracle Lens,Mercury's Treads,Sundered Sky,Black Cleaver,Maw of Malmortius,Negatron Cloak,No_Item,Stealth Ward,Refillable Potion,Doran's Ring,Seraph's Embrace,Sorcerer's Shoes,Liandry's Torment,Needlessly Large Rod,Stealth Ward,The Collector,Infinity Edge,No_Item,Lord Dominik's Regards,Doran's Blade,Boots of Swiftness,Farsight Alteration,Locket of the Iron Solari,Null-Magic Mantle,Celestial Opposition,Thornmail,Mercury's Treads,No_Item,Oracle Lens,Phase Rush,Inspiration,Conqueror,Inspiration,Electrocute,Resolve,Conqueror,Inspiration,Summon Aery,Resolve,Conqueror,Sorcery,Hail of Blades,Inspiration,Phase Rush,Precision,Hail of Blades,Sorcery,Aftershock,Precision,Teleport,Flash,Flash,Smite,Flash,Teleport,Barrier,Flash,Heal,Flash,Flash,Ghost,Flash,Smite,Flash,Teleport,Ghost,Flash,Ignite,Flash,1,5,0,0,1,1
https://www.op.gg/summoners/euw/Raider-1999/matches/uRd1PvnOddpzM92YuNBeri8C_rcUjzIBJZjkNrW7rzo%3D/1733852151000,0,17,24,24,17,41,35,73,93,31,18,1,2,1,0,6,9,2,2,57256,61730,14.6,15.2,987,1010,33.3,34.1,-4474,4474,1929.506227106227,2080.2783882783883,Riven,Viego,Azir,Corki,Nami,Jax,Lillia,Yone,Ashe,Bard,Sundered Sky,Death's Dance,Eclipse,No_Item,Ionian Boots of Lucidity,No_Item,Oracle Lens,Control Ward,Trinity Force,Long Sword,Mercury's Treads,Sundered Sky,Pickaxe,Oracle Lens,Zhonya's Hourglass,Shadowflame,Sorcerer's Shoes,Rabadon's Deathcap,Nashor's Tooth,Doran's Ring,Farsight Alteration,No_Item,Bloodthirster,Trinity Force,Doran's Blade,Boots of Swiftness,Muramana,Farsight Alteration,Imperial Mandate,Shurelya's Battlesong,Boots of Swiftness,Dream Maker,Control Ward,Kindlegem,Oracle Lens,Zhonya's Hourglass,Sundered Sky,No_Item,Trinity Force,Tunneler,Plated Steelcaps,Stealth Ward,Zhonya's Hourglass,Kindlegem,Aether Wisp,Ionian Boots of Lucidity,Rylai's Crystal Scepter,Liandry's Torment,Oracle Lens,Immortal Shieldbow,Stridebreaker,Negatron Cloak,Berserker's Greaves,Blade of The Ruined King,Cloth Armor,Oracle Lens,Doran's Blade,Infinity Edge,Vampiric Scepter,Berserker's Greaves,Kraken Slayer,Phantom Dancer,Farsight Alteration,Locket of the Iron Solari,Redemption,Celestial Opposition,Plated Steelcaps,No_Item,No_Item,Oracle Lens,Conqueror,Sorcery,Conqueror,Inspiration,Conqueror,Sorcery,Conqueror,Inspiration,Summon Aery,Resolve,Grasp of the Undying,Sorcery,Conqueror,Inspiration,Fleet Footwork,Resolve,Lethal Tempo,Inspiration,Guardian,Inspiration,Flash,Ignite,Smite,Flash,Flash,Teleport,Cleanse,Flash,Heal,Flash,Flash,Teleport,Flash,Smite,Teleport,Flash,Flash,Barrier,Flash,Ignite,0,0,1,1,6,2
https://www.op.gg/summoners/euw/Raider-1999/matches/uRd1PvnOddoC_ErgVH31VVLljp6SIWOOkVWqo3lSbxM%3D/1733850021000,0,19,32,32,19,57,21,102,80,29,35,2,3,1,1,5,7,3,4,67195,70633,16.0,17.0,1167,1134,33.800000000000004,32.800000000000004,-3438,3438,1927.957805907173,2026.6008438818567,Riven,Lee Sin,Aurora,Caitlyn,Lux,Camille,Viego,Yone,Ziggs,Bard,Hexdrinker,Sundered Sky,Serylda's Grudge,Eclipse,Death's Dance,Plated Steelcaps,Oracle Lens,Sundered Sky,Eclipse,Control Ward,Black Cleaver,Slightly Magical Footwear,Tunneler,Stealth Ward,Luden's Companion,Rabadon's Deathcap,Blighting Jewel,Stormsurge,Sorcerer's Shoes,Shadowflame,Oracle Lens,Rapid Firecannon,Infinity Edge,Noonquiver,Lord Dominik's Regards,Berserker's Greaves,Doran's Blade,Farsight Alteration,Kindlegem,Locket of the Iron Solari,Bramble Vest,Celestial Opposition,Plated Steelcaps,Forbidden Idol,Oracle Lens,Ravenous Hydra,Death's Dance,Ruby Crystal,Plated Steelcaps,Trinity Force,No_Item,Oracle Lens,Titanic Hydra,B. F. Sword,Plated Steelcaps,Sterak's Gage,Kraken Slayer,Sundered Sky,Oracle Lens,Immortal Shieldbow,Berserker's Greaves,Chain Vest,Blade of The Ruined King,Infinity Edge,Ruby Crystal,Farsight Alteration,Void Staff,Luden's Companion,Banshee's Veil,Horizon Focus,Sorcerer's Shoes,Rabadon's Deathcap,Farsight Alteration,Dead Man's Plate,Locket of the Iron Solari,Bloodsong,Control Ward,Kindlegem,Mercury's Treads,Oracle Lens,Conqueror,Inspiration,Conqueror,Inspiration,Electrocute,Sorcery,Lethal Tempo,Sorcery,Aftershock,Precision,Conqueror,Resolve,Conqueror,Inspiration,Fleet Footwork,Resolve,Arcane Comet,Precision,Guardian,Inspiration,Teleport,Flash,Smite,Flash,Flash,Teleport,Barrier,Flash,Flash,Heal,Flash,Teleport,Flash,Smite,Flash,Teleport,Flash,Teleport,Flash,Ignite,1,4,0,0,2,1
