GAME_ID,BLUE_WIN,BLUE_KILLS,RED_KILLS,BLUE_DEATHS,RED_DEATHS,RED_ASSISTS,BLUE_ASSISTS,BLUE_WARDS_PLACED,RED_WARDS_PLACED,BLUE_WARDS_DESTROYED,RED_WARDS_DESTROYED,BLUE_DRAGONS,RED_DRAGONS,BLUE_BARONS,RED_BARONS,BLUE_TOWERS,RED_TOWERS,BLUE_ELITE_MONSTERS,RED_ELITE_MONSTERS,BLUE_TEAM_GOLD,RED_TEAM_GOLD,BLUE_TEAM_LEVEL,RED_TEAM_LEVEL,BLUE_TEAM_CS,RED_TEAM_CS,BLUE_TEAAM_CS_PER_MINUTE,RED_TEAAM_CS_PER_MINUTE,BLUE_GOLD_DIFF,RED_GOLD_DIFF,BLUE_GOLD_PER_MIN,RED_GOLD_PER_MIN,BLUE_TEAM_TOP,BLUE_TEAM_JNG,BLUE_TEAM_MID,BLUE_TEAM_ADC,BLUE_TEAM_SUP,RED_TEAM_TOP,RED_TEAM_JNG,RED_TEAM_MID,RED_TEAM_ADC,RED_TEAM_SUP,BLLUE_TEAM_TOP_ITEM_1,BLLUE_TEAM_TOP_ITEM_2,BLLUE_TEAM_TOP_ITEM_3,BLLUE_TEAM_TOP_ITEM_4,BLLUE_TEAM_TOP_ITEM_5,BLLUE_TEAM_TOP_ITEM_6,BLLUE_TEAM_TOP_ITEM_VISION,BLLUE_TEAM_JNG_ITEM_1,BLLUE_TEAM_JNG_ITEM_2,BLLUE_TEAM_JNG_ITEM_3,BLLUE_TEAM_JNG_ITEM_4,BLLUE_TEAM_JNG_ITEM_5,BLLUE_TEAM_JNG_ITEM_6,BLLUE_TEAM_JNG_ITEM_VISION,BLLUE_TEAM_MID_ITEM_1,BLLUE_TEAM_MID_ITEM_2,BLLUE_TEAM_MID_ITEM_3,BLLUE_TEAM_MID_ITEM_4,BLLUE_TEAM_MID_ITEM_5,BLLUE_TEAM_MID_ITEM_6,BLLUE_TEAM_MID_ITEM_VISION,BLLUE_TEAM_ADC_ITEM_1,BLLUE_TEAM_ADC_ITEM_2,BLLUE_TEAM_ADC_ITEM_3,BLLUE_TEAM_ADC_ITEM_4,BLLUE_TEAM_ADC_ITEM_5,BLLUE_TEAM_ADC_ITEM_6,BLLUE_TEAM_ADC_ITEM_VISION,BLLUE_TEAM_SUP_ITEM_1,BLLUE_TEAM_SUP_ITEM_2,BLLUE_TEAM_SUP_ITEM_3,BLLUE_TEAM_SUP_ITEM_4,BLLUE_TEAM_SUP_ITEM_5,BLLUE_TEAM_SUP_ITEM_6,BLLUE_TEAM_SUP_ITEM_VISION,RED_TEAM_TOP_ITEM_1,RED_TEAM_TOP_ITEM_2,RED_TEAM_TOP_ITEM_3,RED_TEAM_TOP_ITEM_4,RED_TEAM_TOP_ITEM_5,RED_TEAM_TOP_ITEM_6,RED_TEAM_TOP_ITEM_VISION,RED_TEAM_JNG_ITEM_1,RED_TEAM_JNG_ITEM_2,RED_TEAM_JNG_ITEM_3,RED_TEAM_JNG_ITEM_4,RED_TEAM_JNG_ITEM_5,RED_TEAM_JNG_ITEM_6,RED_TEAM_JNG_ITEM_VISION,RED_TEAM_MID_ITEM_1,RED_TEAM_MID_ITEM_2,RED_TEAM_MID_ITEM_3,RED_TEAM_MID_ITEM_4,RED_TEAM_MID_ITEM_5,RED_TEAM_MID_ITEM_6,RED_TEAM_MID_ITEM_VISION,RED_TEAM_ADC_ITEM_1,RED_TEAM_ADC_ITEM_2,RED_TEAM_ADC_ITEM_3,RED_TEAM_ADC_ITEM_4,RED_TEAM_ADC_ITEM_5,RED_TEAM_ADC_ITEM_6,RED_TEAM_ADC_ITEM_VISION,RED_TEAM_SUP_ITEM_1,RED_TEAM_SUP_ITEM_2,RED_TEAM_SUP_ITEM_3,RED_TEAM_SUP_ITEM_4,RED_TEAM_SUP_ITEM_5,RED_TEAM_SUP_ITEM_6,RED_TEAM_SUP_ITEM_VISION,BLUE_TEAM_TOP_RUNE_01,BLUE_TEAM_TOP_RUNE_02,BLUE_TEAM_JNG_RUNE_01,BLUE_TEAM_JNG_RUNE_02,BLUE_TEAM_MID_RUNE_01,BLUE_TEAM_MID_RUNE_02,BLUE_TEAM_ADC_RUNE_01,BLUE_TEAM_ADC_RUNE_02,BLUE_TEAM_SUP_RUNE_01,BLUE_TEAM_SUP_RUNE_02,RED_TEAM_TOP_RUNE_01,RED_TEAM_TOP_RUNE_02,RED_TEAM_JNG_RUNE_01,RED_TEAM_JNG_RUNE_02,RED_TEAM_MID_RUNE_01,RED_TEAM_MID_RUNE_02,RED_TEAM_ADC_RUNE_01,RED_TEAM_ADC_RUNE_02,RED_TEAM_SUP_RUNE_01,RED_TEAM_SUP_RUNE_02,BLUE_TEAM_TOP_SUMMONER_01,BLUE_TEAM_TOP_SUMMONER_02,BLUE_TEAM_JNG_SUMMONER_01,BLUE_TEAM_JNG_SUMMONER_02,BLUE_TEAM_MID_SUMMONER_01,BLUE_TEAM_MID_SUMMONER_02,BLUE_TEAM_ADC_SUMMONER_01,BLUE_TEAM_ADC_SUMMONER_02,BLUE_TEAM_SUP_SUMMONER_01,BLUE_TEAM_SUP_SUMMONER_02,RED_TEAM_TOP_SUMMONER_01,RED_TEAM_TOP_SUMMONER_02,RED_TEAM_JNG_SUMMONER_01,RED_TEAM_JNG_SUMMONER_02,RED_TEAM_MID_SUMMONER_01,RED_TEAM_MID_SUMMONER_02,RED_TEAM_ADC_SUMMONER_01,RED_TEAM_ADC_SUMMONER_02,RED_TEAM_SUP_SUMMONER_01,RED_TEAM_SUP_SUMMONER_02,BLUE_TEAM_RIFT_HERALDS,BLUE_TEAM_VOID_GRUBS,BLUE_TEAM_INHIBITORS,RED_TEAM_RIFT_HERALDS,RED_TEAM_VOID_GRUBS,RED_TEAM_INHIBITORS
https://www.op.gg/summoners/euw/yebit-haha/matches/uRd1PvnOddqovBsm7QvqqdrLTO_0zEHK9tLSkY2QQUw%3D/1734646707000,1,16,4,4,17,6,10,36,28,9,4,2,0,0,0,4,0,2,0,33716,22467,10.0,9.0,527,405,34.6,26.6,11249,-11249,2214.678431372549,1475.7735294117647,Darius,Elise,Corki,Miss Fortune,Neeko,Ambessa,Lillia,Kog'Maw,Naafiri,Janna,Stridebreaker,Dead Man's Plate,No_Item,No_Item,Doran's Shield,Plated Steelcaps,Oracle Lens,Gustwalker Hatchling,Stormsurge,Haunting Guise,Dark Seal,Boots,Fated Ashes,Eye of the Herald,Trinity Force,Caulfield's Warhammer,No_Item,Doran's Blade,Tear of the Goddess,Plated Steelcaps,Farsight Alteration,Doran's Blade,Youmuu's Ghostblade,No_Item,Slightly Magical Footwear,Long Sword,The Collector,Farsight Alteration,Zaz'Zak's Realmspike,Control Ward,Hextech Rocketbelt,Ionian Boots of Lucidity,No_Item,No_Item,Oracle Lens,Doran's Blade,Refillable Potion,Plated Steelcaps,Eclipse,No_Item,No_Item,Stealth Ward,Gustwalker Hatchling,Dark Seal,Blackfire Torch,Fated Ashes,Slightly Magical Footwear,Control Ward,Oracle Lens,Doran's Blade,Recurve Bow,Refillable Potion,Berserker's Greaves,Amplifying Tome,No_Item,Stealth Ward,Doran's Shield,Refillable Potion,Eclipse,Slightly Magical Footwear,No_Item,No_Item,Stealth Ward,Bloodsong,Refillable Potion,Dark Seal,Aether Wisp,Boots of Swiftness,Amplifying Tome,Oracle Lens,Conqueror,Sorcery,Dark Harvest,Precision,Conqueror,Inspiration,Press the Attack,Inspiration,Arcane Comet,Inspiration,Conqueror,Resolve,Conqueror,Inspiration,Lethal Tempo,Resolve,First Strike,Domination,Summon Aery,Domination,Flash,Ghost,Flash,Smite,Teleport,Flash,Flash,Barrier,Heal,Flash,Flash,Teleport,Smite,Flash,Flash,Barrier,Teleport,Flash,Heal,Flash,1,6,0,0,0,0
https://www.op.gg/summoners/euw/yebit-haha/matches/uRd1PvnOddr7kuXd052szIlsBUv7762i17-28_08i28%3D/1734556858000,0,23,36,36,23,61,32,87,91,27,27,0,5,0,1,4,7,0,6,55965,65333,14.2,15.8,872,885,28.5,28.9,-9368,9368,1828.002512562814,2133.9924623115576,Ambessa,Jarvan IV,Viktor,Varus,Lulu,K'Sante,Udyr,Yasuo,Samira,Rakan,Plated Steelcaps,Eclipse,Black Cleaver,Spear of Shojin,No_Item,No_Item,Farsight Alteration,Randuin's Omen,Ruby Crystal,Ruby Crystal,Sundered Sky,Eclipse,Plated Steelcaps,Stealth Ward,Cosmic Drive,Amplifying Tome,Liandry's Torment,Blackfire Torch,Sorcerer's Shoes,Rabadon's Deathcap,Farsight Alteration,Berserker's Greaves,Guinsoo's Rageblade,Recurve Bow,Long Sword,Doran's Blade,Blade of The Ruined King,Farsight Alteration,Redemption,Dream Maker,No_Item,Moonstone Renewer,Ionian Boots of Lucidity,Ruby Crystal,Oracle Lens,Doran's Shield,Plated Steelcaps,Chain Vest,Thornmail,Unending Despair,Negatron Cloak,Stealth Ward,Kaenic Rookern,Liandry's Torment,Dark Seal,Boots of Swiftness,Unending Despair,No_Item,Oracle Lens,Doran's Shield,Stridebreaker,Berserker's Greaves,Long Sword,Blade of The Ruined King,No_Item,Stealth Ward,Plated Steelcaps,The Collector,Infinity Edge,Lord Dominik's Regards,Bloodthirster,Guardian Angel,Farsight Alteration,Celestial Opposition,Locket of the Iron Solari,Knight's Vow,Zeke's Convergence,Ionian Boots of Lucidity,Kindlegem,Oracle Lens,Grasp of the Undying,Domination,Conqueror,Inspiration,Summon Aery,Resolve,Lethal Tempo,Inspiration,Summon Aery,Resolve,Grasp of the Undying,Inspiration,Conqueror,Resolve,Grasp of the Undying,Precision,Conqueror,Domination,Guardian,Domination,Flash,Teleport,Smite,Flash,Teleport,Flash,Flash,Ghost,Flash,Heal,Teleport,Ghost,Flash,Smite,Teleport,Flash,Flash,Barrier,Flash,Ignite,0,6,0,0,0,1
https://www.op.gg/summoners/euw/yebit-haha/matches/uRd1PvnOddpYamME1zm0_0ErqYAu6lZBnpO-FHvrqiU%3D/1734554132000,1,54,30,30,54,53,103,130,94,44,40,1,3,2,0,10,4,3,3,77729,68694,17.2,16.6,974,1074,28.3,31.200000000000003,9035,-9035,2265.7846153846153,2002.4161943319837,Renekton,Ivern,Corki,Ashe,Pyke,Olaf,Udyr,Viktor,Kog'Maw,Renata Glasc,Eclipse,Plated Steelcaps,Black Cleaver,Executioner's Calling,Spear of Shojin,Kaenic Rookern,Farsight Alteration,Shurelya's Battlesong,Redemption,Moonstone Renewer,Mejai's Soulstealer,Dawncore,Ionian Boots of Lucidity,Oracle Lens,Mortal Reminder,Zeal,Infinity Edge,Muramana,Trinity Force,Mercury's Treads,Farsight Alteration,Bloodthirster,Kraken Slayer,B. F. Sword,Berserker's Greaves,Mortal Reminder,Phantom Dancer,Farsight Alteration,Bloodsong,Youmuu's Ghostblade,Umbral Glaive,Serrated Dirk,Synchronized Souls,No_Item,Oracle Lens,Plated Steelcaps,Death's Dance,Stridebreaker,Doran's Blade,Sterak's Gage,Sundered Sky,Farsight Alteration,Unending Despair,Giant's Belt,Liandry's Torment,Boots of Swiftness,Frozen Heart,"Jak'Sho, The Protean",Oracle Lens,Rabadon's Deathcap,Liandry's Torment,Blackfire Torch,Dark Seal,Boots of Swiftness,Void Staff,Farsight Alteration,"Jak'Sho, The Protean",Blade of The Ruined King,Guinsoo's Rageblade,Berserker's Greaves,Terminus,Cloth Armor,Farsight Alteration,Control Ward,Celestial Opposition,Locket of the Iron Solari,Mikael's Blessing,Redemption,Ionian Boots of Lucidity,Oracle Lens,Conqueror,Resolve,Glacial Augment,Resolve,Conqueror,Inspiration,Lethal Tempo,Inspiration,Hail of Blades,Sorcery,Conqueror,Inspiration,Conqueror,Inspiration,Summon Aery,Resolve,Lethal Tempo,Resolve,Guardian,Domination,Flash,Teleport,Flash,Smite,Teleport,Flash,Flash,Barrier,Flash,Ignite,Flash,Ghost,Flash,Smite,Teleport,Flash,Flash,Barrier,Heal,Flash,1,4,1,0,2,0
https://www.op.gg/summoners/euw/yebit-haha/matches/uRd1PvnOddqrqVaY4CozLviOjTFkygxL7TSdZ1OyKfw%3D/1734472336000,1,32,22,22,32,48,51,61,66,28,14,1,1,1,0,10,1,2,1,55226,44013,13.6,12.0,695,668,28.3,27.3,11213,-11213,2260.9302013422816,1801.8744966442953,Ambessa,Bel'Veth,Karma,Corki,Alistar,Wukong,Jarvan IV,Veigar,Ashe,Rell,Eclipse,Black Cleaver,Spear of Shojin,Plated Steelcaps,Long Sword,No_Item,Stealth Ward,Kraken Slayer,Immortal Shieldbow,Hullbreaker,Guardian Angel,Boots of Swiftness,No_Item,Oracle Lens,Control Ward,Malignance,Ionian Boots of Lucidity,Horizon Focus,Needlessly Large Rod,Needlessly Large Rod,Farsight Alteration,Muramana,Trinity Force,Mercury's Treads,Cloak of Agility,Long Sword,No_Item,Farsight Alteration,Solstice Sleigh,Locket of the Iron Solari,Knight's Vow,Ruby Crystal,Control Ward,Mercury's Treads,Oracle Lens,Doran's Shield,Trinity Force,Sundered Sky,Plated Steelcaps,Long Sword,Long Sword,Oracle Lens,No_Item,Ruby Crystal,Warden's Mail,Sundered Sky,Eclipse,Plated Steelcaps,Stealth Ward,Shurelya's Battlesong,Fimbulwinter,Cryptbloom,No_Item,No_Item,Ionian Boots of Lucidity,Farsight Alteration,B. F. Sword,Cloak of Agility,Berserker's Greaves,Phantom Dancer,Pickaxe,Kraken Slayer,Farsight Alteration,Randuin's Omen,Plated Steelcaps,Control Ward,Bloodsong,Ruby Crystal,Null-Magic Mantle,Oracle Lens,Grasp of the Undying,Domination,Press the Attack,Domination,Arcane Comet,Precision,Conqueror,Inspiration,Aftershock,Inspiration,Conqueror,Resolve,Conqueror,Inspiration,Unsealed Spellbook,Sorcery,Lethal Tempo,Inspiration,Aftershock,Inspiration,Teleport,Flash,Flash,Smite,Flash,Teleport,Flash,Barrier,Flash,Ignite,Flash,Teleport,Smite,Flash,Flash,Teleport,Barrier,Flash,Flash,Ignite,0,6,2,1,0,0
https://www.op.gg/summoners/euw/yebit-haha/matches/uRd1PvnOddpbiETrSfxuktbWVS9rNC15_7bwK70fogM%3D/1734469950000,1,39,30,30,39,48,57,71,69,25,16,2,1,1,0,5,5,3,1,55441,47925,13.4,11.6,642,657,27.099999999999998,27.8,7516,-7516,2329.701595744681,2013.869680851064,Vladimir,Elise,Akshan,Jinx,Lulu,K'Sante,Lee Sin,Ahri,Ashe,Zoe,Cosmic Drive,Ionian Boots of Lucidity,Control Ward,Doran's Ring,Haunting Guise,Fiendish Codex,Farsight Alteration,Fated Ashes,Amplifying Tome,Sorcerer's Shoes,Dark Seal,Rylai's Crystal Scepter,Stormsurge,Oracle Lens,The Collector,Rapid Firecannon,Statikk Shiv,Long Sword,Doran's Blade,Boots,Stealth Ward,Lord Dominik's Regards,The Collector,Berserker's Greaves,Runaan's Hurricane,Infinity Edge,Bloodthirster,Farsight Alteration,Mikael's Blessing,Dream Maker,Forbidden Idol,Ionian Boots of Lucidity,Kindlegem,Moonstone Renewer,Oracle Lens,"Jak'Sho, The Protean",Randuin's Omen,Control Ward,Kaenic Rookern,Tear of the Goddess,Boots of Swiftness,Stealth Ward,Sterak's Gage,No_Item,No_Item,No_Item,Sundered Sky,Mercury's Treads,Stealth Ward,Doran's Ring,Horizon Focus,Needlessly Large Rod,Dark Seal,Ionian Boots of Lucidity,Malignance,Oracle Lens,Kraken Slayer,Phantom Dancer,Pickaxe,Berserker's Greaves,Cloak of Agility,Doran's Blade,Farsight Alteration,Zaz'Zak's Realmspike,Hextech Rocketbelt,Control Ward,Fiendish Codex,Luden's Companion,Sorcerer's Shoes,Oracle Lens,Summon Aery,Precision,Dark Harvest,Precision,Press the Attack,Domination,Lethal Tempo,Domination,Summon Aery,Resolve,Grasp of the Undying,Inspiration,Conqueror,Inspiration,Electrocute,Sorcery,Lethal Tempo,Inspiration,Electrocute,Inspiration,Flash,Ghost,Flash,Smite,Flash,Teleport,Flash,Barrier,Flash,Heal,Teleport,Flash,Flash,Smite,Teleport,Flash,Flash,Barrier,Flash,Ignite,0,4,0,1,2,0
https://www.op.gg/summoners/euw/yebit-haha/matches/uRd1PvnOddpHlgXpnqfjbK7F4R37_PZJ5vyyZ-1I4oE%3D/1734389704000,1,37,27,27,37,44,72,79,94,51,24,4,1,2,0,11,4,6,1,77117,63448,17.4,16.0,1143,980,32.0,27.5,13669,-13669,2152.65245398773,1771.0944785276074,Sion,Jarvan IV,LeBlanc,Ashe,Lulu,Dr. Mundo,Nunu & Willump,Qiyana,Viktor,Bard,Youmuu's Ghostblade,Lord Dominik's Regards,Axiom Arc,Opportunity,Serpent's Fang,The Collector,Oracle Lens,Sundered Sky,Eclipse,Control Ward,Spirit Visage,Spear of Shojin,Plated Steelcaps,Oracle Lens,Rabadon's Deathcap,Zhonya's Hourglass,Luden's Companion,Dark Seal,Shadowflame,Sorcerer's Shoes,Oracle Lens,Bloodthirster,Berserker's Greaves,Kraken Slayer,Phantom Dancer,Pickaxe,Mortal Reminder,Farsight Alteration,Redemption,Dream Maker,Locket of the Iron Solari,No_Item,Ionian Boots of Lucidity,Moonstone Renewer,Oracle Lens,Unending Despair,Titanic Hydra,Heartsteel,Spirit Visage,Boots of Swiftness,Overlord's Bloodmail,Farsight Alteration,Dark Seal,Ruby Crystal,Sunfire Aegis,Kaenic Rookern,Liandry's Torment,Plated Steelcaps,Oracle Lens,Youmuu's Ghostblade,Profane Hydra,Boots,Caulfield's Warhammer,Serpent's Fang,Long Sword,Oracle Lens,Doran's Ring,Blackfire Torch,Sorcerer's Shoes,Liandry's Torment,Shadowflame,Needlessly Large Rod,Farsight Alteration,Mikael's Blessing,Bloodsong,Boots of Swiftness,Dead Man's Plate,Kindlegem,No_Item,Oracle Lens,Phase Rush,Resolve,Conqueror,Inspiration,Electrocute,Sorcery,Lethal Tempo,Inspiration,Summon Aery,Resolve,Grasp of the Undying,Inspiration,Phase Rush,Precision,Electrocute,Precision,Summon Aery,Precision,Guardian,Domination,Flash,Teleport,Flash,Smite,Teleport,Flash,Flash,Barrier,Heal,Flash,Teleport,Ghost,Smite,Flash,Flash,Teleport,Flash,Teleport,Heal,Flash,1,4,3,0,2,0
https://www.op.gg/summoners/euw/yebit-haha/matches/uRd1PvnOddoTX3y5zYJmLhdpFgiCzdPeZetMPByYskA%3D/1734386950000,1,36,14,14,36,20,64,73,65,24,34,2,1,1,0,11,3,3,1,64983,49388,16.0,13.2,947,862,32.5,29.5,15595,-15595,2232.749230769231,1696.9210256410258,K'Sante,Lee Sin,Kassadin,Kai'Sa,Sylas,Aurora,Zac,Jayce,Corki,Rell,Doran's Shield,Chain Vest,Kaenic Rookern,Unending Despair,Mercury's Treads,Iceborn Gauntlet,Farsight Alteration,Sundered Sky,Eclipse,Control Ward,Plated Steelcaps,Sterak's Gage,B. F. Sword,Stealth Ward,Doran's Ring,Seraph's Embrace,Frozen Heart,Rod of Ages,Plated Steelcaps,Null-Magic Mantle,Oracle Lens,Bloodthirster,Guinsoo's Rageblade,B. F. Sword,Terminus,Kraken Slayer,Berserker's Greaves,Farsight Alteration,Shattered Armguard,Hextech Rocketbelt,Celestial Opposition,No_Item,Sorcerer's Shoes,Zeke's Convergence,Oracle Lens,Sorcerer's Shoes,Malignance,Fiendish Codex,Liandry's Torment,Doran's Ring,Aether Wisp,Oracle Lens,Dark Seal,Kindlegem,Negatron Cloak,Spirit Visage,Sunfire Aegis,Ionian Boots of Lucidity,Oracle Lens,Youmuu's Ghostblade,Edge of Night,Serylda's Grudge,Muramana,No_Item,Ionian Boots of Lucidity,Oracle Lens,Scout's Slingshot,Muramana,Zeal,Doran's Blade,Plated Steelcaps,Trinity Force,Farsight Alteration,Celestial Opposition,Boots of Swiftness,Trailblazer,Kindlegem,No_Item,Null-Magic Mantle,Oracle Lens,Aftershock,Sorcery,Conqueror,Inspiration,Conqueror,Domination,Lethal Tempo,Inspiration,Electrocute,Resolve,Grasp of the Undying,Precision,Aftershock,Inspiration,Conqueror,Inspiration,Conqueror,Inspiration,Glacial Augment,Sorcery,Teleport,Flash,Flash,Smite,Teleport,Flash,Barrier,Flash,Flash,Ignite,Teleport,Flash,Smite,Flash,Flash,Teleport,Flash,Barrier,Flash,Ignite,1,2,3,0,4,0
https://www.op.gg/summoners/euw/yebit-haha/matches/uRd1PvnOddo0-Bn6MXqOY_68GR_QzD2i_ykFGUClFq8%3D/1734383945000,0,30,37,37,30,50,57,78,111,41,31,1,3,2,0,5,10,3,3,70273,76287,16.6,16.8,1008,1150,28.5,32.6,-6014,6014,2003.98288973384,2175.4847908745246,K'Sante,Wukong,Viktor,Kog'Maw,Braum,Jax,Vi,Syndra,Jinx,Pyke,Plated Steelcaps,Thornmail,Iceborn Gauntlet,"Jak'Sho, The Protean",Kaenic Rookern,No_Item,Farsight Alteration,Guardian Angel,No_Item,Plated Steelcaps,Trinity Force,Sundered Sky,Sterak's Gage,Oracle Lens,Liandry's Torment,Needlessly Large Rod,Needlessly Large Rod,Zhonya's Hourglass,Blackfire Torch,Sorcerer's Shoes,Farsight Alteration,Randuin's Omen,Blade of The Ruined King,Wit's End,Guinsoo's Rageblade,Terminus,Plated Steelcaps,Farsight Alteration,Plated Steelcaps,Knight's Vow,Locket of the Iron Solari,Celestial Opposition,Redemption,No_Item,Oracle Lens,Zhonya's Hourglass,Control Ward,Spear of Shojin,Mercury's Treads,Sundered Sky,Trinity Force,Stealth Ward,Steel Sigil,Ionian Boots of Lucidity,Trinity Force,Black Cleaver,Sundered Sky,Sterak's Gage,Oracle Lens,Void Staff,No_Item,Cosmic Drive,Blackfire Torch,Rabadon's Deathcap,Sorcerer's Shoes,Farsight Alteration,Zeal,Lord Dominik's Regards,Infinity Edge,Berserker's Greaves,Yun Tal Wildarrows,Vampiric Scepter,Farsight Alteration,Celestial Opposition,Youmuu's Ghostblade,Tunneler,Serrated Dirk,Umbral Glaive,Ionian Boots of Lucidity,Oracle Lens,Grasp of the Undying,Inspiration,Conqueror,Inspiration,Summon Aery,Inspiration,Lethal Tempo,Resolve,Guardian,Inspiration,Grasp of the Undying,Sorcery,Conqueror,Inspiration,Summon Aery,Inspiration,Lethal Tempo,Sorcery,Hail of Blades,Resolve,Flash,Teleport,Flash,Smite,Flash,Teleport,Flash,Barrier,Flash,Exhaust,Teleport,Flash,Smite,Flash,Teleport,Flash,Flash,Barrier,Flash,Ignite,0,1,0,1,5,2
https://www.op.gg/summoners/euw/yebit-haha/matches/uRd1PvnOddoe4tHmmoym4DBa3sOl1ei5yQzMw6jxmXU%3D/1734310627000,1,32,14,14,32,23,66,68,60,22,22,2,1,1,0,9,4,3,1,52900,45065,14.4,12.6,704,752,27.799999999999997,29.6,7835,-7835,2081.8709677419356,1773.5258064516129,Kennen,Maokai,Yone,Ashe,Milio,Lee Sin,Graves,Irelia,Taliyah,Galio,Refillable Potion,Sorcerer's Shoes,Doran's Blade,Shadowflame,Needlessly Large Rod,Liandry's Torment,Stealth Ward,Redemption,Locket of the Iron Solari,Ionian Boots of Lucidity,No_Item,Ruby Crystal,Oblivion Orb,Oracle Lens,Doran's Blade,Cloak of Agility,B. F. Sword,Blade of The Ruined King,Immortal Shieldbow,Berserker's Greaves,Farsight Alteration,Control Ward,Phantom Dancer,Last Whisper,Kraken Slayer,Berserker's Greaves,Infinity Edge,Farsight Alteration,Dream Maker,Ardent Censer,Moonstone Renewer,Forbidden Idol,Ionian Boots of Lucidity,Forbidden Idol,Oracle Lens,Mercury's Treads,Doran's Shield,Ravenous Hydra,Eclipse,Caulfield's Warhammer,Tunneler,Stealth Ward,Youmuu's Ghostblade,B. F. Sword,Mercury's Treads,The Collector,Cloak of Agility,Pickaxe,Oracle Lens,Sundered Sky,Blade of The Ruined King,Mercury's Treads,Pickaxe,No_Item,No_Item,Farsight Alteration,Seraph's Embrace,Haunting Guise,Fated Ashes,Ionian Boots of Lucidity,Dark Seal,Doran's Ring,Farsight Alteration,Refillable Potion,Boots of Swiftness,Solstice Sleigh,Trailblazer,Warden's Mail,Cloth Armor,Oracle Lens,Electrocute,Sorcery,Phase Rush,Inspiration,Lethal Tempo,Resolve,Lethal Tempo,Inspiration,Summon Aery,Resolve,Conqueror,Resolve,Dark Harvest,Precision,Conqueror,Resolve,Phase Rush,Precision,Aftershock,Sorcery,Flash,Teleport,Smite,Flash,Teleport,Flash,Flash,Barrier,Flash,Heal,Flash,Teleport,Flash,Smite,Flash,Teleport,Flash,Teleport,Flash,Exhaust,1,1,2,0,5,0
https://www.op.gg/summoners/euw/yebit-haha/matches/uRd1PvnOddq2tBSqXFVPp9BAII6envPHMzOFT7S2v1c%3D/1734308023000,1,43,53,54,43,83,63,92,112,40,19,4,2,1,2,9,6,5,4,83916,86238,17.4,17.4,1250,1104,31.2,27.5,-2322,2322,2089.3371428571427,2147.1502040816326,K'Sante,Karthus,Jayce,Ashe,Zyra,Garen,Lee Sin,Aurelion Sol,Draven,Thresh,Iceborn Gauntlet,Randuin's Omen,Negatron Cloak,Bramble Vest,Plated Steelcaps,Unending Despair,Farsight Alteration,Sorcerer's Shoes,Rabadon's Deathcap,Blackfire Torch,Shadowflame,Void Staff,Horizon Focus,Oracle Lens,Opportunity,Muramana,Youmuu's Ghostblade,Serylda's Grudge,Boots of Swiftness,Maw of Malmortius,Stealth Ward,Control Ward,Kraken Slayer,Infinity Edge,Phantom Dancer,Berserker's Greaves,Lord Dominik's Regards,Farsight Alteration,Zaz'Zak's Realmspike,Sorcerer's Shoes,Liandry's Torment,Oblivion Orb,Blackfire Torch,Void Staff,Oracle Lens,Sterak's Gage,Ruby Crystal,Stridebreaker,Boots of Swiftness,Force of Nature,Dead Man's Plate,Oracle Lens,Sundered Sky,Control Ward,Eclipse,Sterak's Gage,B. F. Sword,Mercury's Treads,Stealth Ward,Liandry's Torment,Zhonya's Hourglass,Rabadon's Deathcap,Sorcerer's Shoes,Blighting Jewel,Rylai's Crystal Scepter,Farsight Alteration,Immortal Shieldbow,Guardian Angel,Zephyr,Bloodthirster,Infinity Edge,Lord Dominik's Regards,Farsight Alteration,Mikael's Blessing,Solstice Sleigh,Locket of the Iron Solari,No_Item,Trailblazer,Boots of Swiftness,Oracle Lens,Grasp of the Undying,Sorcery,Dark Harvest,Precision,Phase Rush,Inspiration,Lethal Tempo,Inspiration,Arcane Comet,Precision,Phase Rush,Resolve,Conqueror,Inspiration,Arcane Comet,Resolve,Lethal Tempo,Domination,Aftershock,Inspiration,Teleport,Flash,Flash,Smite,Teleport,Flash,Flash,Barrier,Flash,Ignite,Ignite,Flash,Flash,Smite,Teleport,Flash,Flash,Barrier,Flash,Ignite,0,6,3,1,0,2
https://www.op.gg/summoners/euw/yebit-haha/matches/uRd1PvnOddqGSp_mtoriVH7qMVLSVuh-ZE7bjsJ2bd0%3D/1734215230000,0,29,38,38,29,56,42,92,77,23,43,0,4,1,1,4,7,1,5,58517,64681,14.8,15.6,817,919,26.8,30.4,-6164,6164,1925.2346320346319,2128.0329004329005,Riven,Taliyah,Yone,Yasuo,Pyke,K'Sante,Viego,Aurora,Ashe,Lulu,Black Cleaver,Ionian Boots of Lucidity,Sundered Sky,Death's Dance,Long Sword,Long Sword,Oracle Lens,Sorcerer's Shoes,Zhonya's Hourglass,Blackfire Torch,Liandry's Torment,Dark Seal,Amplifying Tome,Oracle Lens,B. F. Sword,Immortal Shieldbow,Berserker's Greaves,Blade of The Ruined King,Wit's End,No_Item,Farsight Alteration,Berserker's Greaves,Stridebreaker,Noonquiver,Pickaxe,No_Item,Kraken Slayer,Farsight Alteration,Umbral Glaive,Youmuu's Ghostblade,Celestial Opposition,Control Ward,Serpent's Fang,Synchronized Souls,Oracle Lens,"Jak'Sho, The Protean",Negatron Cloak,Iceborn Gauntlet,Boots of Swiftness,Giant's Belt,Warden's Mail,Oracle Lens,Sundered Sky,Kraken Slayer,Death's Dance,Plated Steelcaps,Guardian Angel,No_Item,Stealth Ward,Rabadon's Deathcap,Malignance,Shadowflame,Sorcerer's Shoes,Void Staff,No_Item,Oracle Lens,Phantom Dancer,Control Ward,Pickaxe,Kraken Slayer,Berserker's Greaves,Mortal Reminder,Farsight Alteration,Mikael's Blessing,Redemption,Dream Maker,Control Ward,Ionian Boots of Lucidity,Moonstone Renewer,Oracle Lens,Conqueror,Inspiration,Dark Harvest,Sorcery,Fleet Footwork,Resolve,Lethal Tempo,Resolve,Hail of Blades,Resolve,Grasp of the Undying,Inspiration,Conqueror,Inspiration,Electrocute,Sorcery,Lethal Tempo,Inspiration,Summon Aery,Resolve,Flash,Ignite,Smite,Flash,Flash,Teleport,Exhaust,Flash,Ignite,Flash,Teleport,Flash,Flash,Smite,Flash,Teleport,Exhaust,Flash,Flash,Heal,0,5,0,1,1,0
https://www.op.gg/summoners/euw/yebit-haha/matches/uRd1PvnOddobxvYCnqd0yBR38pPiNUvKfxL_Iq3kL2w%3D/1734212884000,1,32,28,28,32,43,64,73,61,14,28,3,1,1,0,6,4,4,1,63436,59492,15.6,15.0,942,910,31.900000000000002,30.900000000000002,3944,-3944,2155.0028708133973,2021.02009569378,Kennen,Volibear,Yone,Corki,Nami,Zac,Jax,Riven,Olaf,Lulu,Blighting Jewel,Hextech Rocketbelt,Sorcerer's Shoes,Shadowflame,Morellonomicon,Blasting Wand,Oracle Lens,Navori Flickerblade,Rod of Ages,Ionian Boots of Lucidity,Thornmail,Spectre's Cowl,Dark Seal,Oracle Lens,"Jak'Sho, The Protean",No_Item,Berserker's Greaves,Infinity Edge,Immortal Shieldbow,Blade of The Ruined King,Farsight Alteration,Muramana,Trinity Force,No_Item,Zeal,Lord Dominik's Regards,Plated Steelcaps,Farsight Alteration,Echoes of Helia,Boots of Swiftness,Solstice Sleigh,Oblivion Orb,Aether Wisp,Imperial Mandate,Oracle Lens,Unending Despair,Ionian Boots of Lucidity,Chain Vest,Sunfire Aegis,Oblivion Orb,Negatron Cloak,Oracle Lens,Sundered Sky,Tunneler,Zhonya's Hourglass,Trinity Force,Pickaxe,Mercury's Treads,Stealth Ward,Death's Dance,Sundered Sky,Ionian Boots of Lucidity,Eclipse,Tunneler,Pickaxe,Oracle Lens,Doran's Blade,Plated Steelcaps,Death's Dance,Maw of Malmortius,Tunneler,Ravenous Hydra,Oracle Lens,Dream Maker,Redemption,Control Ward,Moonstone Renewer,Forbidden Idol,Ionian Boots of Lucidity,Oracle Lens,Conqueror,Inspiration,Press the Attack,Inspiration,Lethal Tempo,Resolve,Conqueror,Inspiration,Summon Aery,Precision,Grasp of the Undying,Precision,Lethal Tempo,Inspiration,Conqueror,Resolve,Conqueror,Inspiration,Summon Aery,Resolve,Flash,Teleport,Smite,Flash,Teleport,Flash,Flash,Barrier,Flash,Exhaust,Teleport,Flash,Flash,Smite,Flash,Teleport,Flash,Ghost,Flash,Exhaust,1,6,1,0,0,0
https://www.op.gg/summoners/euw/yebit-haha/matches/uRd1PvnOddokbMLJL3ubua_nl3iDBh-x2GYwmjTIhX8%3D/1734210392000,1,37,33,33,37,52,51,74,78,23,21,2,3,2,0,11,5,4,3,74488,69487,16.8,16.6,1051,1089,30.8,31.8,5001,-5001,2173.774319066148,2027.830739299611,Yone,Ambessa,Azir,Ezreal,Sylas,Riven,Lillia,Viktor,Corki,Lulu,Infinity Edge,Blade of The Ruined King,Immortal Shieldbow,Boots,"Jak'Sho, The Protean",Long Sword,Oracle Lens,Spear of Shojin,Voltaic Cyclosword,Ruby Crystal,Death's Dance,Boots,Executioner's Calling,Oracle Lens,Liandry's Torment,Zhonya's Hourglass,Void Staff,Nashor's Tooth,Oblivion Orb,Mercury's Treads,Farsight Alteration,Ionian Boots of Lucidity,Navori Flickerblade,Muramana,Horizon Focus,Serylda's Grudge,Trinity Force,Farsight Alteration,Hextech Rocketbelt,Bloodsong,Cosmic Drive,Control Ward,Abyssal Mask,Mercury's Treads,Oracle Lens,Maw of Malmortius,Eclipse,Ionian Boots of Lucidity,Sundered Sky,Death's Dance,Serylda's Grudge,Oracle Lens,Liandry's Torment,Zhonya's Hourglass,Needlessly Large Rod,Ionian Boots of Lucidity,Needlessly Large Rod,Riftmaker,Oracle Lens,Rabadon's Deathcap,Void Staff,Zhonya's Hourglass,Luden's Companion,Boots of Swiftness,No_Item,Farsight Alteration,Trinity Force,Plated Steelcaps,Muramana,Doran's Blade,Rapid Firecannon,Cloak of Agility,Farsight Alteration,Staff of Flowing Water,Dream Maker,Forbidden Idol,Moonstone Renewer,Forbidden Idol,Ionian Boots of Lucidity,Oracle Lens,Lethal Tempo,Resolve,Electrocute,Precision,Conqueror,Sorcery,Press the Attack,Inspiration,Electrocute,Sorcery,Conqueror,Inspiration,Conqueror,Sorcery,Summon Aery,Inspiration,Conqueror,Inspiration,Summon Aery,Resolve,Teleport,Flash,Flash,Smite,Teleport,Flash,Flash,Barrier,Flash,Ignite,Flash,Ignite,Smite,Flash,Flash,Teleport,Flash,Barrier,Flash,Heal,1,3,3,0,3,0
https://www.op.gg/summoners/euw/yebit-haha/matches/uRd1PvnOddr2WMpiOOpvM_3cCV6gLWVUBYIGJCgeWds%3D/1734207401000,1,35,31,31,35,44,60,67,67,26,18,2,2,1,0,11,1,3,2,66345,54853,15.0,14.6,903,771,30.9,26.4,11492,-11492,2261.7613636363635,1869.9886363636365,Hwei,Kindred,Jhin,Corki,Zoe,Zac,Lee Sin,Viktor,Aphelios,Nautilus,Sorcerer's Shoes,Malignance,Rabadon's Deathcap,Shadowflame,No_Item,Dark Seal,Farsight Alteration,The Collector,Kraken Slayer,Control Ward,Infinity Edge,Lord Dominik's Regards,Boots of Swiftness,Oracle Lens,Doran's Blade,The Collector,Infinity Edge,Boots of Swiftness,Cloak of Agility,Long Sword,Farsight Alteration,Muramana,Rapid Firecannon,Infinity Edge,Mercury's Treads,Trinity Force,Cloak of Agility,Farsight Alteration,Zaz'Zak's Realmspike,Cryptbloom,No_Item,Horizon Focus,Luden's Companion,Ionian Boots of Lucidity,Oracle Lens,Plated Steelcaps,Zeke's Convergence,Refillable Potion,Abyssal Mask,Kindlegem,Chain Vest,Oracle Lens,Sterak's Gage,Eclipse,Control Ward,Sundered Sky,Plated Steelcaps,No_Item,Stealth Ward,Needlessly Large Rod,Zhonya's Hourglass,No_Item,Stormsurge,Sorcerer's Shoes,Shadowflame,Farsight Alteration,Bloodthirster,No_Item,Infinity Edge,Rapid Firecannon,Yun Tal Wildarrows,Berserker's Greaves,Farsight Alteration,Solstice Sleigh,Locket of the Iron Solari,Control Ward,Plated Steelcaps,Abyssal Mask,No_Item,Oracle Lens,Arcane Comet,Domination,Press the Attack,Domination,Fleet Footwork,Sorcery,Conqueror,Inspiration,First Strike,Domination,Conqueror,Resolve,Conqueror,Inspiration,Summon Aery,Precision,Press the Attack,Sorcery,Aftershock,Inspiration,Flash,Teleport,Flash,Smite,Barrier,Flash,Flash,Teleport,Ignite,Flash,Flash,Teleport,Flash,Smite,Teleport,Flash,Barrier,Flash,Flash,Ignite,1,6,3,0,0,0
https://www.op.gg/summoners/euw/yebit-haha/matches/uRd1PvnOddo-DLvpyDX7tiscBsZyyKGdu0u9ibNmdCQ%3D/1734204918000,1,35,35,36,35,53,45,50,65,19,14,0,3,1,0,9,4,1,3,66309,58657,15.4,14.8,935,824,31.1,27.5,7652,-7652,2200.388340807175,1946.4654708520181,K'Sante,Poppy,Aurora,Caitlyn,Soraka,Riven,Bel'Veth,Corki,Hwei,Rell,Randuin's Omen,Iceborn Gauntlet,Plated Steelcaps,Thornmail,"Jak'Sho, The Protean",No_Item,Oracle Lens,Unending Despair,Sundered Sky,Ionian Boots of Lucidity,Spirit Visage,Chain Vest,Negatron Cloak,Oracle Lens,Horizon Focus,Riftmaker,Blackfire Torch,Cosmic Drive,Synchronized Souls,Mejai's Soulstealer,Oracle Lens,Doran's Blade,Berserker's Greaves,The Collector,Infinity Edge,Lord Dominik's Regards,Dagger,Farsight Alteration,Celestial Opposition,Redemption,Moonstone Renewer,Dawncore,Faerie Charm,Ionian Boots of Lucidity,Oracle Lens,No_Item,Plated Steelcaps,Death's Dance,Sundered Sky,Black Cleaver,No_Item,Oracle Lens,Plated Steelcaps,Kraken Slayer,Randuin's Omen,Blade of The Ruined King,Negatron Cloak,Ruby Crystal,Oracle Lens,Pickaxe,Lord Dominik's Regards,Muramana,Mercury's Treads,B. F. Sword,Trinity Force,Farsight Alteration,Liandry's Torment,Seraph's Embrace,Oblivion Orb,Cryptbloom,Sorcerer's Shoes,Amplifying Tome,Farsight Alteration,Ionian Boots of Lucidity,Locket of the Iron Solari,Celestial Opposition,Zeke's Convergence,Kindlegem,Negatron Cloak,Oracle Lens,Grasp of the Undying,Domination,Phase Rush,Inspiration,Arcane Comet,Precision,Lethal Tempo,Sorcery,Summon Aery,Resolve,Conqueror,Sorcery,Press the Attack,Domination,Conqueror,Inspiration,Arcane Comet,Precision,Aftershock,Inspiration,Teleport,Flash,Flash,Smite,Flash,Teleport,Barrier,Flash,Heal,Flash,Ignite,Flash,Smite,Flash,Teleport,Flash,Flash,Teleport,Flash,Ignite,0,6,1,1,0,0
https://www.op.gg/summoners/euw/yebit-haha/matches/uRd1PvnOddr4B2YWV084tlPyIRp4XWYhj7MVyJ39grg%3D/1734202185000,0,10,21,21,10,20,9,22,32,3,4,1,0,0,0,0,3,1,0,25853,33462,8.8,10.0,429,468,27.8,30.4,-7609,7609,1679.1123711340206,2173.3051546391753,Jax,Wukong,Aurora,Ezreal,Karma,Camille,Sejuani,Akali,Kog'Maw,Lulu,Doran's Shield,Cull,Plated Steelcaps,Phage,Sheen,No_Item,Stealth Ward,Gustwalker Hatchling,Trinity Force,Tunneler,No_Item,No_Item,Slightly Magical Footwear,Oracle Lens,Doran's Ring,Refillable Potion,Lost Chapter,Dark Seal,Sorcerer's Shoes,Hextech Alternator,Stealth Ward,Doran's Blade,Refillable Potion,Trinity Force,Tear of the Goddess,Long Sword,Ionian Boots of Lucidity,Stealth Ward,Shurelya's Battlesong,Dream Maker,Oblivion Orb,Control Ward,No_Item,Ionian Boots of Lucidity,Oracle Lens,Doran's Shield,Refillable Potion,Trinity Force,Cull,Plated Steelcaps,No_Item,Stealth Ward,Locket of the Iron Solari,Zeke's Convergence,Slightly Magical Footwear,Mosstomper Seedling,Kindlegem,No_Item,Oracle Lens,Refillable Potion,Hextech Rocketbelt,Aether Wisp,Dark Seal,Doran's Shield,Sorcerer's Shoes,Stealth Ward,Doran's Shield,Blade of The Ruined King,Berserker's Greaves,Recurve Bow,Pickaxe,Amplifying Tome,Farsight Alteration,Dream Maker,Dark Seal,Ardent Censer,Forbidden Idol,Boots of Swiftness,Glowing Mote,Oracle Lens,Grasp of the Undying,Sorcery,Conqueror,Inspiration,Electrocute,Sorcery,Conqueror,Inspiration,Arcane Comet,Resolve,Grasp of the Undying,Inspiration,Aftershock,Inspiration,Fleet Footwork,Resolve,Press the Attack,Resolve,Summon Aery,Resolve,Flash,Teleport,Smite,Flash,Teleport,Flash,Flash,Teleport,Heal,Flash,Ignite,Teleport,Flash,Smite,Flash,Teleport,Barrier,Flash,Flash,Heal,0,0,0,0,6,0
https://www.op.gg/summoners/euw/yebit-haha/matches/uRd1PvnOddpGFEuoy6mPb1Z3FF7-PKua6TbpO1ucXpk%3D/1734200578000,1,30,14,14,30,19,66,50,49,16,12,1,1,0,0,9,2,1,1,51754,42105,13.0,12.2,730,718,30.9,30.4,9649,-9649,2189.5923076923077,1781.3653846153845,Gragas,Rengar,Garen,Swain,Soraka,Fiora,Zac,Viktor,Ashe,Lulu,Seraph's Embrace,Cosmic Drive,Cloth Armor,Ionian Boots of Lucidity,Dark Seal,Doran's Ring,Oracle Lens,No_Item,Voltaic Cyclosword,Ionian Boots of Lucidity,Serpent's Fang,Long Sword,Lord Dominik's Regards,Stealth Ward,Stridebreaker,Doran's Shield,Boots of Swiftness,Phantom Dancer,Mortal Reminder,No_Item,Stealth Ward,Blackfire Torch,Seeker's Armguard,Control Ward,Boots of Swiftness,Mejai's Soulstealer,Liandry's Torment,Farsight Alteration,Dream Maker,Control Ward,Redemption,Boots of Swiftness,Moonstone Renewer,No_Item,Oracle Lens,Ravenous Hydra,Trinity Force,Steel Sigil,Plated Steelcaps,No_Item,Doran's Shield,Stealth Ward,Abyssal Mask,Sunfire Aegis,Dark Seal,Ionian Boots of Lucidity,Cloth Armor,No_Item,Oracle Lens,Needlessly Large Rod,Sorcerer's Shoes,Zhonya's Hourglass,Blackfire Torch,Dark Seal,Needlessly Large Rod,Farsight Alteration,Berserker's Greaves,Recurve Bow,Executioner's Calling,Kraken Slayer,Recurve Bow,Negatron Cloak,Farsight Alteration,No_Item,Dream Maker,Moonstone Renewer,Ionian Boots of Lucidity,Forbidden Idol,Kindlegem,Oracle Lens,Phase Rush,Inspiration,Conqueror,Domination,Phase Rush,Resolve,Conqueror,Resolve,Summon Aery,Resolve,Grasp of the Undying,Inspiration,Aftershock,Precision,First Strike,Sorcery,Press the Attack,Inspiration,Summon Aery,Resolve,Teleport,Flash,Smite,Flash,Flash,Ignite,Flash,Ghost,Flash,Heal,Teleport,Flash,Smite,Flash,Flash,Teleport,Flash,Barrier,Heal,Flash,1,6,1,0,0,0
https://www.op.gg/summoners/euw/yebit-haha/matches/uRd1PvnOddpo-Sf-z7Le9jLCmWg824tGOc9IZ3fYbic%3D/1734198602000,0,21,45,46,21,49,40,52,62,9,10,0,3,0,1,3,9,0,4,50736,62902,13.6,15.2,735,850,28.3,32.6,-12166,12166,1935.593063583815,2399.729479768786,Fiora,Karthus,Ambessa,Kog'Maw,Senna,Renekton,Viego,Sylas,Corki,Thresh,Ravenous Hydra,Plated Steelcaps,Trinity Force,Long Sword,Cloth Armor,Cloth Armor,Stealth Ward,Sorcerer's Shoes,Needlessly Large Rod,Blackfire Torch,Hextech Alternator,Liandry's Torment,Oblivion Orb,Oracle Lens,Doran's Shield,Refillable Potion,Plated Steelcaps,No_Item,Black Cleaver,Eclipse,Stealth Ward,Doran's Ring,Sorcerer's Shoes,Needlessly Large Rod,Horizon Focus,Luden's Companion,Seraph's Embrace,Farsight Alteration,Dream Maker,Amplifying Tome,Echoes of Helia,Boots of Swiftness,Kindlegem,Black Cleaver,Oracle Lens,Sterak's Gage,Eclipse,No_Item,Plated Steelcaps,Bramble Vest,Spear of Shojin,Stealth Ward,Titanic Hydra,Sundered Sky,Spectre's Cowl,Kraken Slayer,Negatron Cloak,Boots of Swiftness,Oracle Lens,Zhonya's Hourglass,Hextech Rocketbelt,Blighting Jewel,Sorcerer's Shoes,Cosmic Drive,Rabadon's Deathcap,Oracle Lens,Zeal,Bloodthirster,Essence Reaver,Doran's Blade,Infinity Edge,Boots of Swiftness,Farsight Alteration,Locket of the Iron Solari,Solstice Sleigh,No_Item,Trailblazer,Kindlegem,Boots of Swiftness,Oracle Lens,Grasp of the Undying,Domination,Dark Harvest,Precision,Grasp of the Undying,Domination,Arcane Comet,Precision,Grasp of the Undying,Precision,Conqueror,Resolve,Conqueror,Inspiration,Conqueror,Resolve,Conqueror,Inspiration,Aftershock,Inspiration,Teleport,Flash,Flash,Smite,Teleport,Flash,Flash,Teleport,Flash,Heal,Teleport,Flash,Flash,Smite,Flash,Teleport,Teleport,Flash,Flash,Ignite,1,4,0,0,2,1
https://www.op.gg/summoners/euw/yebit-haha/matches/uRd1PvnOddqPnMNTeWll5-D1BI4y0bIry9274ttKbJI%3D/1734196059000,0,29,35,35,29,58,41,56,80,22,15,1,3,0,2,5,11,1,5,64836,73579,15.4,17.2,1018,1017,31.4,31.4,-8743,8743,1999.3480176211453,2268.9559471365637,Volibear,Viego,Sylas,Ezreal,Nami,Jax,Udyr,Yone,Taliyah,Bard,Hextech Rocketbelt,Cosmic Drive,Abyssal Mask,Locket of the Iron Solari,Boots of Swiftness,Kindlegem,Stealth Ward,Sundered Sky,Kraken Slayer,Wit's End,No_Item,Sterak's Gage,Mercury's Treads,Oracle Lens,Zhonya's Hourglass,Hextech Rocketbelt,Ionian Boots of Lucidity,Cosmic Drive,Blighting Jewel,Blasting Wand,Oracle Lens,Trinity Force,Serylda's Grudge,Muramana,Ionian Boots of Lucidity,Pickaxe,Long Sword,Farsight Alteration,Ionian Boots of Lucidity,Shurelya's Battlesong,Imperial Mandate,Solstice Sleigh,Forbidden Idol,Staff of Flowing Water,Oracle Lens,Mercury's Treads,Zhonya's Hourglass,Trinity Force,Sundered Sky,Wit's End,Sterak's Gage,Stealth Ward,Liandry's Torment,Unending Despair,Warden's Mail,Oblivion Orb,Spirit Visage,Plated Steelcaps,Oracle Lens,Giant's Belt,No_Item,Berserker's Greaves,Blade of The Ruined King,Infinity Edge,Immortal Shieldbow,Oracle Lens,Sorcerer's Shoes,Zhonya's Hourglass,Dark Seal,Liandry's Torment,Luden's Companion,Rabadon's Deathcap,Farsight Alteration,Dead Man's Plate,Bloodsong,Statikk Shiv,Mercury's Treads,Liandry's Torment,Control Ward,Oracle Lens,Press the Attack,Resolve,Conqueror,Inspiration,Conqueror,Resolve,Conqueror,Sorcery,Summon Aery,Inspiration,Lethal Tempo,Inspiration,Conqueror,Inspiration,Lethal Tempo,Resolve,Dark Harvest,Precision,Guardian,Inspiration,Flash,Teleport,Flash,Smite,Flash,Teleport,Flash,Barrier,Heal,Flash,Teleport,Flash,Smite,Flash,Teleport,Flash,Teleport,Flash,Flash,Ignite,0,6,0,1,0,1
https://www.op.gg/summoners/euw/yebit-haha/matches/uRd1PvnOddra95scP2HLBphYMLO7OjQJxCWdgYe1a8M%3D/1734129080000,1,33,22,22,33,37,48,86,64,26,31,3,0,1,0,10,1,4,0,59942,45454,14.4,12.2,809,688,30.7,26.0,14488,-14488,2277.7960000000003,1727.2520000000002,Aurora,Viego,Jayce,Draven,Rakan,Ambessa,Nidalee,Riven,Swain,Neeko,Horizon Focus,Zhonya's Hourglass,No_Item,Sorcerer's Shoes,Luden's Companion,Shadowflame,Oracle Lens,Titanic Hydra,Kraken Slayer,Mercury's Treads,No_Item,No_Item,No_Item,Oracle Lens,Muramana,Last Whisper,Youmuu's Ghostblade,Doran's Blade,Plated Steelcaps,Long Sword,Farsight Alteration,Doran's Blade,Bloodthirster,Berserker's Greaves,Infinity Edge,Last Whisper,Cloak of Agility,Farsight Alteration,No_Item,Solstice Sleigh,Locket of the Iron Solari,Zeke's Convergence,Mercury's Treads,No_Item,Oracle Lens,Plated Steelcaps,Spear of Shojin,Control Ward,Eclipse,Glowing Mote,No_Item,Farsight Alteration,Needlessly Large Rod,Sorcerer's Shoes,Hextech Alternator,Dark Seal,Lich Bane,Needlessly Large Rod,Oracle Lens,Doran's Shield,Eclipse,Plated Steelcaps,Black Cleaver,Steel Sigil,Caulfield's Warhammer,Oracle Lens,No_Item,Zhonya's Hourglass,No_Item,Plated Steelcaps,Malignance,Rylai's Crystal Scepter,Farsight Alteration,Shattered Armguard,Celestial Opposition,Hextech Rocketbelt,No_Item,Amplifying Tome,Ionian Boots of Lucidity,Oracle Lens,Summon Aery,Resolve,Conqueror,Inspiration,Electrocute,Resolve,Lethal Tempo,Domination,Guardian,Domination,Conqueror,Resolve,Dark Harvest,Precision,Conqueror,Inspiration,Conqueror,Resolve,Arcane Comet,Inspiration,Teleport,Flash,Flash,Smite,Teleport,Flash,Flash,Barrier,Ignite,Flash,Flash,Teleport,Flash,Smite,Ignite,Flash,Ghost,Flash,Flash,Heal,1,6,2,0,0,0
https://www.op.gg/summoners/euw/yebit-haha/matches/uRd1PvnOddplLesG8hlEYGFtiWjP1R17tUHdxTdxJCE%3D/1734039209000,1,38,12,12,38,13,46,68,45,21,18,1,0,0,0,6,1,1,0,47582,34076,12.4,11.0,600,576,30.2,29.0,13506,-13506,2379.1,1703.8,Viktor,Rengar,LeBlanc,Varus,Pyke,Gangplank,Udyr,Akali,Ashe,Lulu,Doran's Ring,Luden's Companion,No_Item,Ionian Boots of Lucidity,Stormsurge,Needlessly Large Rod,Stealth Ward,Long Sword,Voltaic Cyclosword,Ionian Boots of Lucidity,Lord Dominik's Regards,Serpent's Fang,Long Sword,Eye of the Herald,Stormsurge,Luden's Companion,Dark Seal,Doran's Ring,Boots,No_Item,Oracle Lens,Berserker's Greaves,Doran's Blade,Guinsoo's Rageblade,Blade of The Ruined King,Recurve Bow,Negatron Cloak,Farsight Alteration,Celestial Opposition,Umbral Glaive,No_Item,Edge of Night,Boots of Swiftness,Long Sword,Oracle Lens,Trinity Force,Cloak of Agility,Doran's Blade,Long Sword,Boots of Swiftness,Long Sword,Farsight Alteration,No_Item,Liandry's Torment,Dark Seal,Chain Vest,Plated Steelcaps,Winged Moonplate,Oracle Lens,Stormsurge,Hextech Rocketbelt,Mercury's Treads,Dark Seal,No_Item,No_Item,Oracle Lens,Phantom Dancer,No_Item,Berserker's Greaves,No_Item,Yun Tal Wildarrows,Doran's Blade,Farsight Alteration,Dream Maker,No_Item,Ruby Crystal,Boots,Moonstone Renewer,No_Item,Oracle Lens,Summon Aery,Precision,Conqueror,Domination,Electrocute,Sorcery,Lethal Tempo,Inspiration,Hail of Blades,Resolve,Arcane Comet,Inspiration,Conqueror,Inspiration,Electrocute,Resolve,Lethal Tempo,Inspiration,Summon Aery,Resolve,Teleport,Flash,Smite,Flash,Flash,Teleport,Flash,Barrier,Flash,Ignite,Flash,Teleport,Flash,Smite,Teleport,Flash,Flash,Cleanse,Flash,Heal,1,1,0,0,2,0
https://www.op.gg/summoners/euw/yebit-haha/matches/uRd1PvnOddr1WvO2lCzkVp4paPouFYD_DGhd7ATBuH8%3D/1734030245000,1,28,12,12,28,13,43,50,36,12,12,1,2,0,0,6,0,1,2,44527,32862,12.2,10.6,630,575,32.7,30.0,11665,-11665,2308.8074074074075,1703.9555555555557,Poppy,Nocturne,Viktor,Ashe,Milio,Akshan,Diana,Rumble,Yasuo,Lulu,Kindlegem,Hollow Radiance,Mercury's Treads,Chain Vest,Tear of the Goddess,Doran's Shield,Stealth Ward,Stridebreaker,Black Cleaver,No_Item,Mercury's Treads,No_Item,No_Item,Farsight Alteration,Doran's Ring,Luden's Companion,Needlessly Large Rod,Dark Seal,Sorcerer's Shoes,Stormsurge,Oracle Lens,Kraken Slayer,Refillable Potion,Phantom Dancer,No_Item,Berserker's Greaves,Doran's Blade,Farsight Alteration,Dream Maker,Refillable Potion,Control Ward,Echoes of Helia,Moonstone Renewer,Boots,Oracle Lens,No_Item,Refillable Potion,Boots of Swiftness,Statikk Shiv,B. F. Sword,Doran's Blade,Stealth Ward,Hextech Rocketbelt,Zhonya's Hourglass,Sorcerer's Shoes,Fated Ashes,Amplifying Tome,No_Item,Oracle Lens,Doran's Ring,Boots of Swiftness,Amplifying Tome,Dark Seal,Amplifying Tome,Liandry's Torment,Stealth Ward,Doran's Blade,Berserker's Greaves,Refillable Potion,Blade of The Ruined King,Pickaxe,No_Item,Stealth Ward,Redemption,Dream Maker,Control Ward,Boots,No_Item,Moonstone Renewer,Oracle Lens,Grasp of the Undying,Inspiration,Conqueror,Domination,Summon Aery,Precision,Lethal Tempo,Inspiration,Summon Aery,Resolve,Press the Attack,Inspiration,Conqueror,Inspiration,Arcane Comet,Domination,Lethal Tempo,Resolve,Summon Aery,Resolve,Teleport,Flash,Flash,Smite,Teleport,Flash,Exhaust,Flash,Heal,Flash,Flash,Teleport,Flash,Smite,Flash,Teleport,Flash,Exhaust,Flash,Heal,1,4,0,0,2,0
https://www.op.gg/summoners/euw/yebit-haha/matches/uRd1PvnOddo1O_i6RUb0a2Ea_EEAKty9kgD9iT00rMg%3D/1733953314000,1,36,20,21,36,32,44,50,45,10,11,2,0,1,0,11,0,3,0,56780,40527,13.8,12.2,763,598,33.699999999999996,26.6,16253,-16253,2504.14358974359,1787.3446153846155,Gangplank,Lillia,Yasuo,Ashe,Nautilus,Nasus,Wukong,Ahri,Hwei,Zac,Doran's Shield,Lord Dominik's Regards,Trinity Force,Boots of Swiftness,The Collector,Noonquiver,Oracle Lens,Riftmaker,No_Item,Mejai's Soulstealer,Mercury's Treads,Liandry's Torment,No_Item,Oracle Lens,Doran's Shield,Blade of The Ruined King,Berserker's Greaves,Immortal Shieldbow,Cloak of Agility,B. F. Sword,Farsight Alteration,Bloodthirster,Control Ward,No_Item,Phantom Dancer,Berserker's Greaves,Kraken Slayer,Farsight Alteration,Bloodsong,Locket of the Iron Solari,No_Item,Negatron Cloak,Mercury's Treads,Kindlegem,Oracle Lens,Cloth Armor,Glacial Buckler,Trinity Force,Plated Steelcaps,Cloth Armor,No_Item,Stealth Ward,Trinity Force,Slightly Magical Footwear,Sundered Sky,Phage,Kindlegem,Pickaxe,Oracle Lens,Doran's Ring,Fiendish Codex,Dark Seal,Malignance,Sorcerer's Shoes,Fiendish Codex,Farsight Alteration,Liandry's Torment,Control Ward,Blackfire Torch,Needlessly Large Rod,Needlessly Large Rod,Ionian Boots of Lucidity,Farsight Alteration,Zeke's Convergence,Refillable Potion,Celestial Opposition,Ionian Boots of Lucidity,Negatron Cloak,Kindlegem,Oracle Lens,Grasp of the Undying,Sorcery,Conqueror,Inspiration,Grasp of the Undying,Precision,Lethal Tempo,Inspiration,Aftershock,Inspiration,Fleet Footwork,Resolve,Conqueror,Inspiration,Summon Aery,Precision,Arcane Comet,Precision,Aftershock,Precision,Flash,Teleport,Smite,Flash,Teleport,Flash,Cleanse,Flash,Flash,Ignite,Ghost,Teleport,Flash,Smite,Teleport,Flash,Flash,Teleport,Flash,Ignite,1,6,3,0,0,0
https://www.op.gg/summoners/euw/yebit-haha/matches/uRd1PvnOddrR3ok93nZkqxL5RDvQnyg147yDA3tuiaY%3D/1733951264000,1,28,19,19,28,28,40,59,68,21,26,1,2,1,0,9,1,2,2,53985,44073,14.0,12.4,785,738,33.1,31.2,9912,-9912,2281.5089285714284,1862.6089285714286,Yone,Skarner,Viktor,Ezreal,Zac,Heimerdinger,Wukong,Kassadin,Ashe,Rakan,Infinity Edge,No_Item,Immortal Shieldbow,Doran's Shield,Berserker's Greaves,Blade of The Ruined King,Oracle Lens,Dead Man's Plate,Heartsteel,Sterak's Gage,Slightly Magical Footwear,Null-Magic Mantle,No_Item,Oracle Lens,Sorcerer's Shoes,Refillable Potion,Needlessly Large Rod,Luden's Companion,Doran's Ring,Lich Bane,Farsight Alteration,Doran's Blade,Caulfield's Warhammer,Ionian Boots of Lucidity,Trinity Force,Tear of the Goddess,No_Item,Stealth Ward,Celestial Opposition,Knight's Vow,Ionian Boots of Lucidity,Zeke's Convergence,Ruby Crystal,No_Item,Oracle Lens,Malignance,No_Item,Rylai's Crystal Scepter,Sorcerer's Shoes,No_Item,Doran's Ring,Stealth Ward,Black Cleaver,Hexdrinker,Boots of Swiftness,Trinity Force,Long Sword,Long Sword,Oracle Lens,Doran's Shield,Malignance,Seraph's Embrace,Ionian Boots of Lucidity,Dark Seal,Needlessly Large Rod,Oracle Lens,Doran's Blade,Berserker's Greaves,Statikk Shiv,Runaan's Hurricane,Executioner's Calling,No_Item,Farsight Alteration,Solstice Sleigh,Kindlegem,Zeke's Convergence,Control Ward,No_Item,Mercury's Treads,Oracle Lens,Fleet Footwork,Resolve,Aftershock,Inspiration,First Strike,Sorcery,Press the Attack,Inspiration,Aftershock,Precision,Electrocute,Sorcery,Conqueror,Inspiration,Fleet Footwork,Resolve,Lethal Tempo,Inspiration,Guardian,Domination,Flash,Teleport,Smite,Flash,Flash,Teleport,Flash,Cleanse,Flash,Ignite,Teleport,Flash,Flash,Smite,Teleport,Flash,Barrier,Flash,Flash,Heal,1,6,2,0,0,0
https://www.op.gg/summoners/euw/yebit-haha/matches/uRd1PvnOddqFm4Pyf-Eop6LzDDuQGPRR9fa1fhcQjp8%3D/1733949096000,1,48,24,24,48,44,97,73,83,29,20,2,1,1,0,10,3,3,1,67861,55479,16.0,14.2,875,860,29.099999999999998,28.6,12382,-12382,2262.0333333333333,1849.3,K'Sante,Vi,Akali,Ezreal,Braum,Tryndamere,Lee Sin,Viktor,Swain,Nautilus,Spirit Visage,Negatron Cloak,Plated Steelcaps,Iceborn Gauntlet,"Jak'Sho, The Protean",Winged Moonplate,Oracle Lens,Sterak's Gage,Sundered Sky,Guardian Angel,Mercury's Treads,Black Cleaver,Spirit Visage,Oracle Lens,Rabadon's Deathcap,Banshee's Veil,Stormsurge,Dark Seal,Shadowflame,Boots,Oracle Lens,Muramana,Trinity Force,Doran's Blade,Ionian Boots of Lucidity,Serylda's Grudge,Long Sword,Farsight Alteration,Celestial Opposition,No_Item,No_Item,Abyssal Mask,Ionian Boots of Lucidity,Locket of the Iron Solari,Oracle Lens,Ravenous Hydra,Berserker's Greaves,Blade of The Ruined King,Navori Flickerblade,Long Sword,Long Sword,Stealth Ward,Sundered Sky,Sterak's Gage,Control Ward,Slightly Magical Footwear,Eclipse,Cloth Armor,Stealth Ward,Doran's Ring,Blackfire Torch,Sorcerer's Shoes,Liandry's Torment,Void Staff,Fiendish Codex,Farsight Alteration,Blackfire Torch,Liandry's Torment,Haunting Guise,Dark Seal,Sorcerer's Shoes,Zhonya's Hourglass,Stealth Ward,Celestial Opposition,Locket of the Iron Solari,Control Ward,Knight's Vow,Plated Steelcaps,Ruby Crystal,Oracle Lens,Grasp of the Undying,Sorcery,Conqueror,Inspiration,Electrocute,Resolve,Conqueror,Inspiration,Guardian,Inspiration,Grasp of the Undying,Precision,Conqueror,Inspiration,First Strike,Sorcery,Conqueror,Resolve,Aftershock,Inspiration,Teleport,Flash,Flash,Smite,Ignite,Flash,Flash,Barrier,Flash,Ignite,Flash,Ghost,Flash,Smite,Flash,Teleport,Ghost,Flash,Flash,Ignite,1,5,2,0,1,0
https://www.op.gg/summoners/euw/yebit-haha/matches/uRd1PvnOddpp1-6o7z92sqCiyziN1P2L48gBOcaJL0A%3D/1733868089000,1,32,20,20,32,24,67,66,70,26,13,2,1,1,0,7,5,3,1,52880,46743,14.0,12.2,750,689,29.1,26.7,6137,-6137,2066.574712643678,1826.7379310344827,Malphite,Viego,Sylas,Varus,Rell,Kennen,Sejuani,Yone,Ashe,Renata Glasc,Randuin's Omen,Ruby Crystal,Kaenic Rookern,No_Item,No_Item,Mercury's Treads,Oracle Lens,Titanic Hydra,Randuin's Omen,Mercury's Treads,Tunneler,Kraken Slayer,Control Ward,Oracle Lens,Doran's Ring,Hextech Rocketbelt,Shattered Armguard,Sorcerer's Shoes,Cosmic Drive,Dark Seal,Stealth Ward,Muramana,Opportunity,No_Item,Edge of Night,No_Item,Boots of Swiftness,Stealth Ward,Bloodsong,Mercury's Treads,Locket of the Iron Solari,Zeke's Convergence,Ruby Crystal,No_Item,Oracle Lens,Doran's Ring,Hextech Rocketbelt,Dark Seal,Sorcerer's Shoes,Stormsurge,Blighting Jewel,Farsight Alteration,Winged Moonplate,Locket of the Iron Solari,Mercury's Treads,Giant's Belt,Ruby Crystal,No_Item,Oracle Lens,Pickaxe,Berserker's Greaves,Blade of The Ruined King,Immortal Shieldbow,B. F. Sword,Cloak of Agility,Farsight Alteration,Berserker's Greaves,Control Ward,Doran's Blade,Kraken Slayer,Mortal Reminder,Runaan's Hurricane,Farsight Alteration,Solstice Sleigh,Control Ward,Knight's Vow,Kindlegem,Forbidden Idol,Ionian Boots of Lucidity,Oracle Lens,Summon Aery,Resolve,Conqueror,Inspiration,Conqueror,Resolve,Arcane Comet,Inspiration,Aftershock,Inspiration,Grasp of the Undying,Domination,Aftershock,Domination,Lethal Tempo,Resolve,Lethal Tempo,Inspiration,Guardian,Domination,Flash,Teleport,Flash,Smite,Teleport,Flash,Flash,Cleanse,Flash,Ignite,Flash,Teleport,Flash,Smite,Teleport,Flash,Cleanse,Flash,Flash,Heal,0,5,1,1,1,0
https://www.op.gg/summoners/euw/yebit-haha/matches/uRd1PvnOddqpq-FNTyGBIj8aboeYNCnwa_0sCLm_7e4%3D/1733861756000,1,35,21,21,35,32,56,51,53,9,12,1,0,0,0,6,2,1,0,50061,41636,12.6,11.6,648,600,30.900000000000002,28.5,8425,-8425,2373.0214285714283,1973.6545454545453,Yone,Ambessa,Sylas,Caitlyn,Karma,Volibear,Xin Zhao,Pantheon,Kog'Maw,Leona,Doran's Blade,Kraken Slayer,Immortal Shieldbow,Navori Flickerblade,Executioner's Calling,Berserker's Greaves,Oracle Lens,Spear of Shojin,No_Item,Caulfield's Warhammer,Plated Steelcaps,Black Cleaver,Eclipse,Eye of the Herald,Kindlegem,Hextech Rocketbelt,Aether Wisp,Ionian Boots of Lucidity,No_Item,Fiendish Codex,Stealth Ward,Infinity Edge,Dagger,The Collector,Berserker's Greaves,Cloak of Agility,Doran's Blade,Farsight Alteration,Ionian Boots of Lucidity,Mikael's Blessing,Zaz'Zak's Realmspike,Malignance,Control Ward,No_Item,Oracle Lens,Boots of Swiftness,Cosmic Drive,Hextech Rocketbelt,Doran's Ring,Chain Vest,Spectre's Cowl,Stealth Ward,Tunneler,No_Item,Black Cleaver,Slightly Magical Footwear,No_Item,Sundered Sky,Oracle Lens,Doran's Blade,Refillable Potion,Eclipse,Plated Steelcaps,Black Cleaver,Tunneler,Farsight Alteration,Doran's Ring,Refillable Potion,Seraph's Embrace,Luden's Companion,Boots,No_Item,Farsight Alteration,No_Item,Locket of the Iron Solari,Bloodsong,Giant's Belt,Giant's Belt,Boots of Swiftness,Oracle Lens,Lethal Tempo,Resolve,Conqueror,Domination,Conqueror,Resolve,Lethal Tempo,Sorcery,Summon Aery,Inspiration,Press the Attack,Resolve,Conqueror,Inspiration,Conqueror,Resolve,Arcane Comet,Precision,Aftershock,Inspiration,Teleport,Flash,Smite,Flash,Flash,Teleport,Flash,Cleanse,Heal,Flash,Flash,Teleport,Flash,Smite,Teleport,Flash,Flash,Teleport,Ignite,Flash,1,6,0,0,0,0
https://www.op.gg/summoners/euw/yebit-haha/matches/uRd1PvnOddpEB2aG9bzhbDB7JpOer2atGzHwEpvqBWw%3D/1733859987000,1,20,11,11,20,24,45,53,50,15,11,1,1,0,0,7,2,1,1,45000,37383,12.2,11.4,657,683,29.2,30.400000000000002,7617,-7617,2007.6923076923076,1667.8569230769228,Renekton,Ivern,Sylas,Corki,Bard,Ryze,Karthus,Qiyana,Caitlyn,Rell,Mercury's Treads,Stridebreaker,Tunneler,Doran's Shield,Sterak's Gage,Ruby Crystal,Oracle Lens,Moonstone Renewer,Ionian Boots of Lucidity,Redemption,Mejai's Soulstealer,Control Ward,No_Item,Oracle Lens,Doran's Shield,Hextech Rocketbelt,Cosmic Drive,Mercury's Treads,Dark Seal,Amplifying Tome,Stealth Ward,Doran's Blade,Trinity Force,Muramana,Long Sword,Plated Steelcaps,No_Item,Farsight Alteration,Dead Man's Plate,Bloodsong,Scout's Slingshot,Long Sword,Mercury's Treads,No_Item,Oracle Lens,Seraph's Embrace,Rod of Ages,Ionian Boots of Lucidity,Needlessly Large Rod,No_Item,No_Item,Farsight Alteration,Control Ward,Blackfire Torch,Dark Seal,Haunting Guise,Amplifying Tome,Sorcerer's Shoes,Farsight Alteration,Youmuu's Ghostblade,Last Whisper,Serpent's Fang,Ionian Boots of Lucidity,Glowing Mote,No_Item,Oracle Lens,Doran's Blade,The Collector,Pickaxe,Berserker's Greaves,B. F. Sword,Cloak of Agility,Farsight Alteration,Bloodsong,Zeke's Convergence,Control Ward,Cloth Armor,Glowing Mote,Ionian Boots of Lucidity,Oracle Lens,Conqueror,Resolve,Summon Aery,Inspiration,Conqueror,Resolve,Conqueror,Inspiration,Guardian,Inspiration,Phase Rush,Resolve,Dark Harvest,Precision,Electrocute,Precision,Lethal Tempo,Inspiration,Aftershock,Inspiration,Flash,Teleport,Flash,Smite,Teleport,Flash,Barrier,Flash,Flash,Ignite,Teleport,Flash,Smite,Flash,Flash,Teleport,Barrier,Flash,Flash,Ignite,1,6,0,0,0,0
https://www.op.gg/summoners/euw/yebit-haha/matches/uRd1PvnOddpF8WH9P6zOhpeqSkXDtAwtUgIW1V4itXI%3D/1733834441000,1,39,24,24,39,33,80,120,103,36,39,1,2,2,0,10,4,3,2,69205,59887,16.2,14.8,888,947,27.3,29.099999999999998,9318,-9318,2143.850543478261,1855.1951086956522,Aurora,Lee Sin,Orianna,Ezreal,Rakan,Jayce,Kayn,Akali,Corki,Bard,Sorcerer's Shoes,Malignance,Shadowflame,Stormsurge,Needlessly Large Rod,Needlessly Large Rod,Oracle Lens,Death's Dance,Plated Steelcaps,Control Ward,Sundered Sky,Eclipse,Cloth Armor,Stealth Ward,Needlessly Large Rod,Zhonya's Hourglass,Needlessly Large Rod,Seraph's Embrace,Shadowflame,Ionian Boots of Lucidity,Farsight Alteration,Bloodthirster,Muramana,Serylda's Grudge,Trinity Force,Ionian Boots of Lucidity,Long Sword,Farsight Alteration,Ionian Boots of Lucidity,Mejai's Soulstealer,Dream Maker,Redemption,No_Item,Trailblazer,Oracle Lens,Opportunity,Eclipse,Muramana,Hexdrinker,Boots of Swiftness,Long Sword,Stealth Ward,Opportunity,Hubris,Ionian Boots of Lucidity,Axiom Arc,Serylda's Grudge,No_Item,Oracle Lens,Amplifying Tome,Stormsurge,Zhonya's Hourglass,Shadowflame,Dark Seal,Sorcerer's Shoes,Oracle Lens,Pickaxe,Mortal Reminder,Trinity Force,B. F. Sword,Boots,Muramana,Farsight Alteration,Bloodsong,Redemption,Locket of the Iron Solari,Ionian Boots of Lucidity,Chain Vest,Kindlegem,Oracle Lens,Arcane Comet,Domination,Conqueror,Inspiration,Summon Aery,Precision,Conqueror,Sorcery,Guardian,Domination,Phase Rush,Inspiration,Dark Harvest,Inspiration,Electrocute,Resolve,Hail of Blades,Inspiration,Guardian,Domination,Teleport,Flash,Smite,Flash,Flash,Teleport,Exhaust,Flash,Ignite,Flash,Teleport,Flash,Flash,Smite,Teleport,Flash,Flash,Barrier,Flash,Ignite,0,3,2,1,2,0
https://www.op.gg/summoners/euw/yebit-haha/matches/uRd1PvnOddpZE8jQSxw7cbkFdo1JXBandHRbm_HvpaA%3D/1733830606000,1,36,30,30,36,41,66,79,113,45,31,4,1,1,1,11,5,5,2,73395,67375,16.6,16.4,1077,994,31.2,28.8,6020,-6020,2127.391304347826,1952.8985507246377,Sion,Xin Zhao,Sylas,Zyra,Lulu,Aatrox,Vi,Azir,Ezreal,Bard,Youmuu's Ghostblade,Axiom Arc,Lord Dominik's Regards,The Collector,Opportunity,Boots of Swiftness,Stealth Ward,Black Cleaver,Sundered Sky,Sterak's Gage,Abyssal Mask,Plated Steelcaps,Negatron Cloak,Oracle Lens,Hextech Rocketbelt,Sorcerer's Shoes,Dark Seal,Riftmaker,Cosmic Drive,Void Staff,Farsight Alteration,Sorcerer's Shoes,Liandry's Torment,Blackfire Torch,Void Staff,No_Item,Oblivion Orb,Farsight Alteration,Redemption,Dream Maker,Locket of the Iron Solari,No_Item,Moonstone Renewer,Ionian Boots of Lucidity,Oracle Lens,Sundered Sky,Voltaic Cyclosword,Spear of Shojin,Mercury's Treads,Executioner's Calling,Serylda's Grudge,Oracle Lens,Trinity Force,Sterak's Gage,No_Item,Cloth Armor,Sundered Sky,Mercury's Treads,Oracle Lens,Rabadon's Deathcap,Blighting Jewel,Sorcerer's Shoes,Nashor's Tooth,Liandry's Torment,Blasting Wand,Farsight Alteration,Muramana,Serylda's Grudge,Ionian Boots of Lucidity,Bloodthirster,Trinity Force,No_Item,Farsight Alteration,Bloodsong,Locket of the Iron Solari,Redemption,Mercury's Treads,Forbidden Idol,No_Item,Oracle Lens,Phase Rush,Resolve,Conqueror,Inspiration,Conqueror,Resolve,Arcane Comet,Precision,Summon Aery,Resolve,Conqueror,Resolve,Conqueror,Inspiration,Conqueror,Sorcery,Press the Attack,Sorcery,Guardian,Domination,Flash,Teleport,Flash,Smite,Flash,Teleport,Flash,Teleport,Heal,Flash,Flash,Teleport,Flash,Smite,Teleport,Flash,Barrier,Flash,Flash,Heal,0,2,3,1,4,0
https://www.op.gg/summoners/euw/yebit-haha/matches/uRd1PvnOddr0GhTHw6dHvf6Y60OisdwoYlHI-uxd42w%3D/1733781519000,1,29,22,22,29,27,35,83,77,17,31,1,3,1,0,10,3,2,3,57833,46822,14.6,12.6,843,721,32.2,27.5,11011,-11011,2205.7237209302325,1785.7693023255813,Azir,Jax,Lee Sin,Ezreal,Braum,Garen,Xin Zhao,Aurora,Kalista,Nautilus,Zhonya's Hourglass,Sorcerer's Shoes,Doran's Ring,Nashor's Tooth,Dark Seal,Rabadon's Deathcap,Farsight Alteration,Trinity Force,Frozen Heart,Spear of Shojin,Amplifying Tome,Slightly Magical Footwear,Amplifying Tome,Stealth Ward,Sundered Sky,No_Item,Plated Steelcaps,Sterak's Gage,Doran's Blade,Eclipse,Stealth Ward,Doran's Blade,Muramana,Trinity Force,Slightly Magical Footwear,Serylda's Grudge,No_Item,Farsight Alteration,Chain Vest,Celestial Opposition,Locket of the Iron Solari,Control Ward,Kindlegem,Mercury's Treads,Oracle Lens,Stridebreaker,Doran's Shield,Boots of Swiftness,Phantom Dancer,Cloak of Agility,Last Whisper,Stealth Ward,Black Cleaver,Control Ward,Sundered Sky,Mercury's Treads,Warden's Mail,Glacial Buckler,Oracle Lens,Liandry's Torment,Control Ward,No_Item,No_Item,Malignance,Sorcerer's Shoes,Farsight Alteration,Doran's Blade,Blade of The Ruined King,Berserker's Greaves,Guinsoo's Rageblade,Terminus,No_Item,Farsight Alteration,Celestial Opposition,Control Ward,Kindlegem,Mercury's Treads,Zeke's Convergence,Null-Magic Mantle,Oracle Lens,Conqueror,Inspiration,Lethal Tempo,Inspiration,Conqueror,Domination,Conqueror,Inspiration,Guardian,Inspiration,Phase Rush,Resolve,Conqueror,Inspiration,Arcane Comet,Domination,Lethal Tempo,Domination,Aftershock,Inspiration,Flash,Teleport,Smite,Flash,Teleport,Flash,Barrier,Flash,Flash,Heal,Flash,Ignite,Flash,Smite,Flash,Teleport,Flash,Cleanse,Flash,Ignite,1,4,2,0,2,0
https://www.op.gg/summoners/euw/yebit-haha/matches/uRd1PvnOddqQAdG1-JkxU6n696evwc6MHzLuLA43slg%3D/1733779160000,1,44,26,26,44,27,56,70,71,25,29,2,0,1,0,9,4,3,0,63570,54257,15.2,14.0,882,847,34.0,32.7,9313,-9313,2447.614973262032,2089.0395721925133,Gnar,Karthus,Akali,Draven,Rakan,Irelia,Nidalee,Yone,Ziggs,Pyke,Doran's Shield,Sterak's Gage,Plated Steelcaps,Trinity Force,Cloth Armor,No_Item,Stealth Ward,Blackfire Torch,Sorcerer's Shoes,Shadowflame,Needlessly Large Rod,Void Staff,Needlessly Large Rod,Oracle Lens,Stormsurge,Hextech Rocketbelt,Void Staff,Sorcerer's Shoes,Dark Seal,Needlessly Large Rod,Oracle Lens,Doran's Blade,Bloodthirster,Infinity Edge,Null-Magic Mantle,Boots,Yun Tal Wildarrows,Farsight Alteration,Solstice Sleigh,Redemption,Locket of the Iron Solari,Ionian Boots of Lucidity,Control Ward,Knight's Vow,Oracle Lens,Mercury's Treads,Wit's End,Blade of The Ruined King,Glacial Buckler,Hullbreaker,Doran's Blade,Farsight Alteration,Shadowflame,Dark Seal,Liandry's Torment,Ionian Boots of Lucidity,Blighting Jewel,No_Item,Oracle Lens,Wit's End,Control Ward,No_Item,Blade of The Ruined King,Immortal Shieldbow,Berserker's Greaves,Stealth Ward,Luden's Companion,Verdant Barrier,Needlessly Large Rod,Shadowflame,Sorcerer's Shoes,No_Item,Farsight Alteration,Bloodsong,Umbral Glaive,Maw of Malmortius,Rectrix,Boots of Swiftness,Control Ward,Oracle Lens,Grasp of the Undying,Precision,Dark Harvest,Precision,Electrocute,Resolve,Lethal Tempo,Inspiration,Guardian,Domination,Conqueror,Inspiration,Dark Harvest,Precision,Grasp of the Undying,Precision,Arcane Comet,Precision,Hail of Blades,Sorcery,Flash,Teleport,Flash,Smite,Teleport,Flash,Flash,Barrier,Flash,Ignite,Flash,Teleport,Flash,Smite,Flash,Teleport,Teleport,Flash,Flash,Ignite,1,6,1,0,0,0
https://www.op.gg/summoners/euw/yebit-haha/matches/uRd1PvnOddqQNLD7eJYjbAue4Al8rdzN7XTurOrl7us%3D/1733777146000,1,41,33,33,41,49,81,60,79,34,20,2,2,1,0,9,2,3,2,64815,55610,15.4,14.4,856,805,30.3,28.400000000000002,9205,-9205,2287.5882352941176,1962.7058823529412,Aurora,Skarner,LeBlanc,Corki,Brand,Galio,Karthus,Yone,Jinx,Rakan,Control Ward,Shattered Armguard,Liandry's Torment,Null-Magic Mantle,Rabadon's Deathcap,Ionian Boots of Lucidity,Oracle Lens,Locket of the Iron Solari,Sterak's Gage,Kindlegem,No_Item,Mercury's Treads,Heartsteel,Oracle Lens,Luden's Companion,Shadowflame,Banshee's Veil,Dark Seal,Rabadon's Deathcap,Sorcerer's Shoes,Oracle Lens,Doran's Blade,Muramana,Trinity Force,Plated Steelcaps,Infinity Edge,Rapid Firecannon,Farsight Alteration,No_Item,Zaz'Zak's Realmspike,Banshee's Veil,Boots of Swiftness,Fated Ashes,Rylai's Crystal Scepter,Oracle Lens,Mercury's Treads,Riftmaker,Dark Seal,No_Item,Doran's Ring,Hollow Radiance,Farsight Alteration,Blackfire Torch,Rabadon's Deathcap,Liandry's Torment,Void Staff,Amplifying Tome,Sorcerer's Shoes,Oracle Lens,Doran's Shield,Stridebreaker,Control Ward,Blade of The Ruined King,Berserker's Greaves,Noonquiver,Farsight Alteration,Infinity Edge,Runaan's Hurricane,The Collector,Berserker's Greaves,Vampiric Scepter,B. F. Sword,Farsight Alteration,Solstice Sleigh,Locket of the Iron Solari,Mercury's Treads,Control Ward,Zeke's Convergence,Kindlegem,Oracle Lens,Arcane Comet,Precision,Aftershock,Inspiration,First Strike,Domination,Conqueror,Inspiration,Arcane Comet,Precision,Aftershock,Sorcery,Dark Harvest,Precision,Lethal Tempo,Resolve,Lethal Tempo,Domination,Guardian,Domination,Teleport,Flash,Flash,Smite,Flash,Teleport,Teleport,Flash,Flash,Ignite,Flash,Teleport,Smite,Flash,Teleport,Flash,Flash,Barrier,Flash,Heal,1,0,1,0,6,0
https://www.op.gg/summoners/euw/yebit-haha/matches/uRd1PvnOddrKaD_sxhhmXFFRPJbwDHA47rd3LtKu44Y%3D/1733774967000,1,27,11,11,27,10,44,42,38,12,10,0,2,0,0,9,2,0,2,45644,33669,12.2,10.8,666,601,34.300000000000004,30.9,11975,-11975,2355.81935483871,1737.7548387096774,Zilean,Wukong,Syndra,Corki,Nautilus,Irelia,Viego,Ahri,Caitlyn,Braum,Doran's Ring,Seraph's Embrace,Ionian Boots of Lucidity,Glacial Buckler,Warden's Mail,No_Item,Stealth Ward,Death's Dance,Trinity Force,Slightly Magical Footwear,Sundered Sky,Long Sword,No_Item,Oracle Lens,Doran's Ring,Aether Wisp,Sorcerer's Shoes,Dark Seal,Fiendish Codex,Blackfire Torch,Oracle Lens,Doran's Blade,Trinity Force,Plated Steelcaps,Muramana,Scout's Slingshot,No_Item,Farsight Alteration,Bloodsong,Kindlegem,Warmog's Armor,Boots of Swiftness,Control Ward,Cloth Armor,Oracle Lens,Doran's Blade,Blade of The Ruined King,Mercury's Treads,Tunneler,Ruby Crystal,No_Item,Stealth Ward,Sundered Sky,Kraken Slayer,Long Sword,No_Item,No_Item,Slightly Magical Footwear,Oracle Lens,Malignance,Doran's Ring,Horizon Focus,Amplifying Tome,Control Ward,Mercury's Treads,Farsight Alteration,Doran's Blade,Refillable Potion,The Collector,Pickaxe,Berserker's Greaves,No_Item,Stealth Ward,Locket of the Iron Solari,Celestial Opposition,No_Item,No_Item,No_Item,Mercury's Treads,Oracle Lens,Summon Aery,Resolve,Conqueror,Inspiration,First Strike,Sorcery,Conqueror,Inspiration,Aftershock,Inspiration,Conqueror,Domination,Conqueror,Inspiration,Electrocute,Inspiration,Lethal Tempo,Domination,Guardian,Inspiration,Teleport,Flash,Flash,Smite,Teleport,Flash,Cleanse,Flash,Flash,Ignite,Teleport,Flash,Flash,Smite,Teleport,Flash,Flash,Barrier,Flash,Heal,1,6,1,0,0,0
https://www.op.gg/summoners/euw/yebit-haha/matches/uRd1PvnOddoiA3-Zlq7-cdbadVZJf5CZhlDbu_XB4vE%3D/1733773385000,1,26,14,14,26,14,49,47,54,22,14,0,1,0,0,6,1,0,1,45321,35709,11.4,10.8,630,602,32.9,31.400000000000002,9612,-9612,2370.6369230769233,1867.8553846153848,Gangplank,Taliyah,Corki,Ashe,Rell,Yone,Lee Sin,Azir,Ezreal,Nautilus,Trinity Force,The Collector,Noonquiver,Pickaxe,Plated Steelcaps,No_Item,Farsight Alteration,Shadowflame,Luden's Companion,No_Item,Sorcerer's Shoes,No_Item,No_Item,Oracle Lens,Doran's Blade,Muramana,Trinity Force,Cloak of Agility,Mercury's Treads,Dagger,Farsight Alteration,Kraken Slayer,Statikk Shiv,B. F. Sword,Berserker's Greaves,No_Item,No_Item,Farsight Alteration,Celestial Opposition,Control Ward,Zeke's Convergence,Kindlegem,Boots of Swiftness,Cloth Armor,Oracle Lens,Blade of The Ruined King,Noonquiver,Berserker's Greaves,Pickaxe,No_Item,No_Item,Stealth Ward,Eclipse,Sundered Sky,Control Ward,Slightly Magical Footwear,Long Sword,Ruby Crystal,Stealth Ward,Doran's Ring,Refillable Potion,Hextech Alternator,Nashor's Tooth,Sorcerer's Shoes,Dark Seal,Farsight Alteration,No_Item,Ionian Boots of Lucidity,Manamune,Trinity Force,Doran's Blade,No_Item,Farsight Alteration,Mercury's Treads,Control Ward,Ruby Crystal,Cloth Armor,Null-Magic Mantle,Celestial Opposition,Oracle Lens,Grasp of the Undying,Inspiration,Dark Harvest,Inspiration,Conqueror,Inspiration,Lethal Tempo,Inspiration,Aftershock,Inspiration,Lethal Tempo,Resolve,Conqueror,Inspiration,Conqueror,Sorcery,Conqueror,Inspiration,Aftershock,Inspiration,Flash,Teleport,Flash,Smite,Flash,Teleport,Flash,Barrier,Flash,Ignite,Teleport,Flash,Flash,Smite,Teleport,Flash,Flash,Barrier,Flash,Ignite,1,6,1,0,0,0
https://www.op.gg/summoners/euw/yebit-haha/matches/uRd1PvnOddpY-DdrNGbWzv9suhJDbbWiwMgCC2jhoC8%3D/1733769941000,1,41,32,32,41,34,56,77,72,23,17,1,2,1,1,9,6,2,3,64648,64023,15.6,14.6,885,922,30.5,31.8,625,-625,2227.108133971292,2205.577033492823,Aatrox,Elise,Yone,Caitlyn,Nami,Aurora,Wukong,Hwei,Draven,Nautilus,Sundered Sky,Voltaic Cyclosword,Mercury's Treads,Sterak's Gage,Caulfield's Warhammer,No_Item,Stealth Ward,Zhonya's Hourglass,Dark Seal,Banshee's Veil,Sorcerer's Shoes,Shadowflame,Stormsurge,Oracle Lens,Cloak of Agility,B. F. Sword,Immortal Shieldbow,"Jak'Sho, The Protean",Berserker's Greaves,Blade of The Ruined King,Farsight Alteration,Noonquiver,Berserker's Greaves,The Collector,Infinity Edge,Rapid Firecannon,No_Item,Farsight Alteration,Blasting Wand,Shurelya's Battlesong,Dream Maker,Imperial Mandate,Ionian Boots of Lucidity,Forbidden Idol,Oracle Lens,Rabadon's Deathcap,Cosmic Drive,No_Item,Sorcerer's Shoes,Luden's Companion,Dark Seal,Oracle Lens,Trinity Force,Sundered Sky,Mercury's Treads,Kindlegem,Long Sword,Ruby Crystal,Oracle Lens,Sorcerer's Shoes,Void Staff,Dark Seal,Rabadon's Deathcap,Shadowflame,Blackfire Torch,Oracle Lens,The Collector,Infinity Edge,Lord Dominik's Regards,Immortal Shieldbow,Vampiric Scepter,Berserker's Greaves,Farsight Alteration,No_Item,Locket of the Iron Solari,Boots of Swiftness,Bloodsong,Kindlegem,Knight's Vow,Oracle Lens,Conqueror,Resolve,Dark Harvest,Precision,Lethal Tempo,Resolve,Lethal Tempo,Sorcery,Summon Aery,Domination,Electrocute,Sorcery,Conqueror,Inspiration,Summon Aery,Precision,Lethal Tempo,Domination,Aftershock,Inspiration,Flash,Teleport,Flash,Smite,Teleport,Flash,Barrier,Flash,Heal,Flash,Flash,Teleport,Flash,Smite,Teleport,Flash,Flash,Barrier,Flash,Ignite,1,1,1,0,2,0
https://www.op.gg/summoners/euw/yebit-haha/matches/uRd1PvnOddpd2EeRfxcsurBJ5t6G42CCZpFTlBMZAwA%3D/1733744676000,1,30,12,12,30,17,49,42,35,10,11,0,2,0,0,5,0,0,2,43079,32147,11.4,10.0,603,470,31.4,24.5,10932,-10932,2246.4509202453987,1676.377300613497,Gragas,Rengar,Akali,Caitlyn,Thresh,Jax,Viego,LeBlanc,Draven,Bard,Lost Chapter,Cosmic Drive,Needlessly Large Rod,Aether Wisp,Boots of Swiftness,No_Item,Farsight Alteration,No_Item,Ionian Boots of Lucidity,Caulfield's Warhammer,Voltaic Cyclosword,No_Item,Youmuu's Ghostblade,Oracle Lens,Hextech Alternator,Hextech Rocketbelt,No_Item,Dark Seal,Mercury's Treads,Doran's Shield,Oracle Lens,The Collector,Infinity Edge,Boots,Last Whisper,Doran's Blade,Cloak of Agility,Farsight Alteration,Trailblazer,Solstice Sleigh,Control Ward,Kindlegem,Chain Vest,Boots of Swiftness,Oracle Lens,Trinity Force,Refillable Potion,Mercury's Treads,Doran's Shield,Long Sword,Long Sword,Stealth Ward,Steel Sigil,Kraken Slayer,Plated Steelcaps,Pickaxe,Long Sword,No_Item,Oracle Lens,Doran's Ring,Luden's Companion,No_Item,Sorcerer's Shoes,No_Item,Dark Seal,Oracle Lens,Doran's Blade,The Collector,Dagger,Boots,Vampiric Scepter,No_Item,Stealth Ward,Dead Man's Plate,Scout's Slingshot,Bloodsong,Mercury's Treads,Rectrix,No_Item,Oracle Lens,Phase Rush,Precision,Electrocute,Precision,Electrocute,Resolve,Hail of Blades,Sorcery,Aftershock,Inspiration,Grasp of the Undying,Sorcery,Conqueror,Inspiration,Electrocute,Sorcery,Lethal Tempo,Domination,Guardian,Inspiration,Teleport,Flash,Flash,Smite,Teleport,Flash,Flash,Ghost,Flash,Ignite,Flash,Teleport,Flash,Smite,Teleport,Flash,Flash,Barrier,Ignite,Flash,0,3,0,0,0,0
https://www.op.gg/summoners/euw/yebit-haha/matches/uRd1PvnOddpC_kFZO24xqZCf5_R_LdixuQ-EZZdRp7o%3D/1733695545000,0,33,48,48,34,90,52,105,114,32,34,2,3,2,0,6,10,4,3,73213,79514,16.6,17.2,1023,1114,28.1,30.7,-6301,6301,2011.3461538461538,2184.4505494505497,Jax,Jarvan IV,Anivia,Smolder,Pyke,Gragas,Shaco,Hwei,Sivir,Rakan,Mercury's Treads,Shattered Armguard,Trinity Force,Force of Nature,Sundered Sky,Maw of Malmortius,Stealth Ward,Sundered Sky,Eclipse,Spirit Visage,Mercury's Treads,Null-Magic Mantle,Kindlegem,Oracle Lens,Abyssal Mask,Zhonya's Hourglass,Mercury's Treads,Malignance,Liandry's Torment,Fated Ashes,Oracle Lens,Ionian Boots of Lucidity,Maw of Malmortius,Bloodthirster,Rapid Firecannon,Lord Dominik's Regards,Hubris,Oracle Lens,Celestial Opposition,Youmuu's Ghostblade,No_Item,Edge of Night,Boots of Swiftness,Maw of Malmortius,Oracle Lens,Banshee's Veil,Zhonya's Hourglass,Ionian Boots of Lucidity,Aether Wisp,Cryptbloom,Seraph's Embrace,Stealth Ward,Sorcerer's Shoes,Blackfire Torch,Liandry's Torment,Rabadon's Deathcap,Void Staff,No_Item,Oracle Lens,Void Staff,Zhonya's Hourglass,Liandry's Torment,Dark Seal,Ionian Boots of Lucidity,Luden's Companion,Farsight Alteration,Lord Dominik's Regards,Yun Tal Wildarrows,Zephyr,Infinity Edge,Navori Flickerblade,Bloodthirster,Farsight Alteration,Zeke's Convergence,Control Ward,Ionian Boots of Lucidity,Locket of the Iron Solari,Redemption,Celestial Opposition,Oracle Lens,Grasp of the Undying,Inspiration,Conqueror,Inspiration,Phase Rush,Precision,Fleet Footwork,Inspiration,Hail of Blades,Sorcery,Arcane Comet,Inspiration,Electrocute,Inspiration,Arcane Comet,Inspiration,Lethal Tempo,Sorcery,Guardian,Domination,Flash,Teleport,Flash,Smite,Flash,Teleport,Flash,Teleport,Ignite,Flash,Flash,Teleport,Ignite,Smite,Teleport,Flash,Flash,Barrier,Flash,Ignite,0,0,1,1,6,2
https://www.op.gg/summoners/euw/yebit-haha/matches/uRd1PvnOddrLJjy5a7zOaZrnmwNBVvIoPjmr_hAAsG4%3D/1733693076000,0,14,25,25,15,45,19,74,60,14,19,0,3,0,1,1,7,0,4,39743,50063,11.8,12.8,689,738,29.5,31.599999999999998,-10320,10320,1693.1928994082841,2132.8615384615387,Shen,Viego,Sylas,Ezreal,Nami,K'Sante,Graves,Ahri,Kai'Sa,Leona,Doran's Shield,Heartsteel,Titanic Hydra,Plated Steelcaps,Cloth Armor,No_Item,Stealth Ward,Mercury's Treads,Kraken Slayer,Sundered Sky,Long Sword,No_Item,No_Item,Stealth Ward,Hextech Rocketbelt,Cosmic Drive,Mercury's Treads,Doran's Ring,No_Item,No_Item,Oracle Lens,Doran's Blade,Refillable Potion,Muramana,Trinity Force,Long Sword,Ionian Boots of Lucidity,Farsight Alteration,Solstice Sleigh,Imperial Mandate,Bandleglass Mirror,Control Ward,Boots,Amplifying Tome,Oracle Lens,Negatron Cloak,Chain Vest,Unending Despair,Sheen,Doran's Shield,Plated Steelcaps,Farsight Alteration,The Collector,Youmuu's Ghostblade,Pickaxe,Plated Steelcaps,Lord Dominik's Regards,No_Item,Oracle Lens,Blighting Jewel,Doran's Ring,Sorcerer's Shoes,Mejai's Soulstealer,Malignance,Horizon Focus,Oracle Lens,Kraken Slayer,Berserker's Greaves,Guinsoo's Rageblade,Nashor's Tooth,No_Item,Doran's Blade,Farsight Alteration,No_Item,Bloodsong,Locket of the Iron Solari,Plated Steelcaps,Kindlegem,Negatron Cloak,Oracle Lens,Grasp of the Undying,Domination,Conqueror,Inspiration,Conqueror,Resolve,Conqueror,Inspiration,Summon Aery,Domination,Grasp of the Undying,Inspiration,Dark Harvest,Precision,Summon Aery,Precision,Lethal Tempo,Inspiration,Glacial Augment,Resolve,Flash,Ignite,Flash,Smite,Teleport,Flash,Cleanse,Flash,Flash,Heal,Flash,Teleport,Flash,Smite,Flash,Teleport,Barrier,Flash,Flash,Ignite,0,3,0,0,3,0
https://www.op.gg/summoners/euw/yebit-haha/matches/uRd1PvnOddrGlZZEeWwDRaRzLugefzg0vq5j9egjCNw%3D/1733688960000,1,33,25,25,33,27,63,68,72,20,19,1,1,1,0,11,2,2,1,59264,47950,14.2,12.8,801,746,30.7,28.6,11314,-11314,2279.3846153846152,1844.2307692307693,Aurora,Skarner,Yasuo,Jinx,Poppy,K'Sante,Viego,Akali,Corki,Maokai,Shadowflame,Sorcerer's Shoes,Control Ward,Haunting Guise,Glowing Mote,Liandry's Torment,Oracle Lens,Unending Despair,Heartsteel,Plated Steelcaps,Frozen Heart,Ruby Crystal,No_Item,Oracle Lens,Immortal Shieldbow,Blade of The Ruined King,Stridebreaker,Berserker's Greaves,Infinity Edge,Spirit Visage,Oracle Lens,Doran's Blade,Yun Tal Wildarrows,Berserker's Greaves,Runaan's Hurricane,Cloak of Agility,B. F. Sword,Farsight Alteration,No_Item,Locket of the Iron Solari,Bloodsong,Plated Steelcaps,Ruby Crystal,Knight's Vow,Oracle Lens,Iceborn Gauntlet,Mercury's Treads,Thornmail,Ruby Crystal,No_Item,No_Item,Stealth Ward,Plated Steelcaps,Titanic Hydra,Pickaxe,Sundered Sky,Caulfield's Warhammer,Kraken Slayer,Oracle Lens,Doran's Ring,Hextech Rocketbelt,Control Ward,Sorcerer's Shoes,Stormsurge,Dark Seal,Oracle Lens,Executioner's Calling,Last Whisper,Trinity Force,Plated Steelcaps,Muramana,Doran's Blade,Farsight Alteration,Celestial Opposition,Control Ward,Boots of Swiftness,Trailblazer,Zeke's Convergence,No_Item,Oracle Lens,Grasp of the Undying,Precision,Grasp of the Undying,Inspiration,Grasp of the Undying,Precision,Lethal Tempo,Sorcery,Aftershock,Inspiration,Grasp of the Undying,Inspiration,Conqueror,Inspiration,Electrocute,Resolve,Hail of Blades,Inspiration,Aftershock,Domination,Teleport,Flash,Flash,Smite,Teleport,Flash,Flash,Barrier,Flash,Ignite,Teleport,Flash,Flash,Smite,Ignite,Flash,Flash,Barrier,Flash,Ignite,1,3,3,0,0,0
https://www.op.gg/summoners/euw/yebit-haha/matches/uRd1PvnOddrhbZ7l476mswH2J5hNoquc-fYplPi2qGQ%3D/1733679108000,1,32,19,19,32,23,40,63,80,31,27,2,2,1,0,8,4,3,2,56090,50150,14.8,12.8,802,801,30.9,30.8,5940,-5940,2143.276422764228,1916.3008130081303,Zilean,Zac,Taliyah,Yasuo,Poppy,Yone,Master Yi,LeBlanc,Draven,Pyke,Doran's Ring,Seraph's Embrace,Glacial Buckler,Ionian Boots of Lucidity,Warden's Mail,No_Item,Stealth Ward,Sunfire Aegis,Randuin's Omen,Spirit Visage,Dark Seal,Ionian Boots of Lucidity,Kindlegem,Oracle Lens,Sorcerer's Shoes,Seeker's Armguard,Luden's Companion,Horizon Focus,Doran's Ring,Dark Seal,Farsight Alteration,Randuin's Omen,Kraken Slayer,Berserker's Greaves,Immortal Shieldbow,Infinity Edge,Steel Sigil,Farsight Alteration,Kindlegem,Celestial Opposition,Control Ward,Boots of Swiftness,Dead Man's Plate,Chain Vest,Oracle Lens,Immortal Shieldbow,Pickaxe,Blade of The Ruined King,Cloak of Agility,Berserker's Greaves,No_Item,Farsight Alteration,Guinsoo's Rageblade,Blade of The Ruined King,Titanic Hydra,Mercury's Treads,Null-Magic Mantle,Dagger,Oracle Lens,Stormsurge,Doran's Ring,Luden's Companion,Needlessly Large Rod,Sorcerer's Shoes,Needlessly Large Rod,Oracle Lens,The Collector,Pickaxe,Cloak of Agility,B. F. Sword,Boots,Vampiric Scepter,Farsight Alteration,Bloodsong,Edge of Night,Long Sword,No_Item,Boots of Swiftness,Umbral Glaive,Oracle Lens,Summon Aery,Resolve,Aftershock,Precision,Electrocute,Precision,Lethal Tempo,Resolve,Aftershock,Inspiration,Lethal Tempo,Resolve,Lethal Tempo,Domination,Electrocute,Sorcery,Lethal Tempo,Domination,Hail of Blades,Sorcery,Teleport,Flash,Smite,Flash,Teleport,Flash,Exhaust,Flash,Ignite,Flash,Flash,Teleport,Flash,Smite,Teleport,Flash,Flash,Barrier,Flash,Ignite,0,0,1,1,6,0
https://www.op.gg/summoners/euw/yebit-haha/matches/uRd1PvnOddpEjtmjBkwo2ldD9DSAmYGut2pJn94UC28%3D/1733676723000,1,31,13,14,31,21,48,66,72,23,18,1,2,1,0,11,3,2,2,58252,47289,14.8,13.4,843,851,33.0,33.3,10963,-10963,2276.5149425287354,1848.0758620689653,Zilean,Viego,Yone,Taliyah,Maokai,Corki,Zyra,Gwen,Yasuo,Rell,Doran's Ring,Seraph's Embrace,Cosmic Drive,Ionian Boots of Lucidity,Glacial Buckler,No_Item,Stealth Ward,Kraken Slayer,Titanic Hydra,No_Item,Mercury's Treads,Wit's End,Tunneler,Oracle Lens,Infinity Edge,No_Item,No_Item,Blade of The Ruined King,Immortal Shieldbow,Berserker's Greaves,Oracle Lens,Sorcerer's Shoes,Zhonya's Hourglass,Luden's Companion,Mejai's Soulstealer,Cosmic Drive,Amplifying Tome,Farsight Alteration,Celestial Opposition,Control Ward,Locket of the Iron Solari,Boots of Swiftness,Kindlegem,Trailblazer,Oracle Lens,Muramana,No_Item,Plated Steelcaps,Trinity Force,Scout's Slingshot,No_Item,Farsight Alteration,Blackfire Torch,Liandry's Torment,Control Ward,Sorcerer's Shoes,No_Item,No_Item,Oracle Lens,Doran's Ring,Shadowflame,Ionian Boots of Lucidity,Needlessly Large Rod,Nashor's Tooth,Needlessly Large Rod,Farsight Alteration,Doran's Blade,Kraken Slayer,Berserker's Greaves,Immortal Shieldbow,Pickaxe,B. F. Sword,Farsight Alteration,Zeke's Convergence,Celestial Opposition,Mercury's Treads,Kindlegem,Cloth Armor,No_Item,Oracle Lens,Summon Aery,Resolve,Conqueror,Inspiration,Lethal Tempo,Resolve,Dark Harvest,Precision,Aftershock,Inspiration,Conqueror,Resolve,Arcane Comet,Precision,Conqueror,Resolve,Lethal Tempo,Resolve,Aftershock,Inspiration,Teleport,Flash,Flash,Smite,Teleport,Flash,Teleport,Flash,Flash,Ignite,Teleport,Flash,Flash,Smite,Teleport,Flash,Exhaust,Flash,Flash,Ignite,1,6,2,0,0,0
https://www.op.gg/summoners/euw/yebit-haha/matches/uRd1PvnOddpNfW8rH6b-bg00xT63C3NpArNewDhk0Vk%3D/1733613363000,0,19,41,41,19,54,30,50,45,13,16,0,2,0,1,1,11,0,3,42826,62247,12.2,14.4,655,822,26.7,33.6,-19421,19421,1743.9453608247422,2534.8005154639177,Riven,Diana,Akali,Corki,Rell,Syndra,Viego,Renekton,Ashe,Pyke,Doran's Blade,Knight's Vow,Caulfield's Warhammer,Ionian Boots of Lucidity,Tunneler,Glowing Mote,Stealth Ward,Zhonya's Hourglass,Hextech Alternator,Hextech Rocketbelt,Dark Seal,Sorcerer's Shoes,Control Ward,Oracle Lens,Shadowflame,Dark Seal,Mercury's Treads,Stormsurge,No_Item,No_Item,Oracle Lens,Muramana,Trinity Force,B. F. Sword,Doran's Blade,Pickaxe,Plated Steelcaps,Farsight Alteration,Plated Steelcaps,Control Ward,Bloodsong,Zeke's Convergence,No_Item,Locket of the Iron Solari,Oracle Lens,Blackfire Torch,Shattered Armguard,Sorcerer's Shoes,Mejai's Soulstealer,Shadowflame,Doran's Ring,Farsight Alteration,Sundered Sky,Trinity Force,Death's Dance,Plated Steelcaps,No_Item,No_Item,Oracle Lens,Stridebreaker,Boots of Swiftness,Tunneler,Sterak's Gage,Eclipse,Pickaxe,Farsight Alteration,Doran's Blade,Refillable Potion,Kraken Slayer,Runaan's Hurricane,Berserker's Greaves,Pickaxe,Farsight Alteration,Opportunity,Youmuu's Ghostblade,Celestial Opposition,Boots of Swiftness,Serrated Dirk,Long Sword,Oracle Lens,Conqueror,Sorcery,Conqueror,Inspiration,Fleet Footwork,Resolve,Conqueror,Inspiration,Aftershock,Inspiration,First Strike,Sorcery,Conqueror,Inspiration,Conqueror,Resolve,Lethal Tempo,Inspiration,Hail of Blades,Sorcery,Ignite,Flash,Flash,Smite,Flash,Teleport,Flash,Barrier,Ignite,Flash,Teleport,Flash,Smite,Flash,Flash,Teleport,Barrier,Flash,Ignite,Flash,0,2,0,1,4,2
https://www.op.gg/summoners/euw/yebit-haha/matches/uRd1PvnOddoIMNpp63tz9DmN_D2R6mGTmFY_4Sf9LlU%3D/1733586538000,0,27,30,30,27,62,53,67,84,41,25,0,3,0,1,5,8,0,4,64911,65647,15.6,16.0,984,959,29.9,29.099999999999998,-736,736,1985.142233009709,2007.6509708737865,Renekton,Skarner,LeBlanc,Caitlyn,Lux,Malphite,Lillia,Ambessa,Ashe,Senna,Black Cleaver,Sterak's Gage,Steel Sigil,Boots of Swiftness,Spear of Shojin,Caulfield's Warhammer,Oracle Lens,Sterak's Gage,Heartsteel,Thornmail,Boots of Swiftness,Warden's Mail,Cloth Armor,Oracle Lens,Doran's Ring,Luden's Companion,Sorcerer's Shoes,Rabadon's Deathcap,Shadowflame,Blasting Wand,Oracle Lens,Infinity Edge,Lord Dominik's Regards,Berserker's Greaves,The Collector,Rapid Firecannon,Vampiric Scepter,Farsight Alteration,Zaz'Zak's Realmspike,Shurelya's Battlesong,Mikael's Blessing,Ionian Boots of Lucidity,Dark Seal,Oblivion Orb,Oracle Lens,Sunfire Aegis,Randuin's Omen,Sorcerer's Shoes,Abyssal Mask,Dark Seal,Unending Despair,Oracle Lens,Riftmaker,Liandry's Torment,Amplifying Tome,Mercury's Treads,Banshee's Veil,Rylai's Crystal Scepter,Oracle Lens,Doran's Shield,Black Cleaver,Mercury's Treads,Eclipse,Voltaic Cyclosword,Spectre's Cowl,Farsight Alteration,Runaan's Hurricane,Berserker's Greaves,Statikk Shiv,Noonquiver,Infinity Edge,Last Whisper,Farsight Alteration,Dream Maker,Control Ward,Locket of the Iron Solari,Redemption,Moonstone Renewer,Boots of Swiftness,Oracle Lens,Conqueror,Resolve,Aftershock,Inspiration,Electrocute,Sorcery,Lethal Tempo,Domination,Arcane Comet,Inspiration,Arcane Comet,Resolve,Conqueror,Inspiration,Conqueror,Resolve,Lethal Tempo,Inspiration,Summon Aery,Resolve,Flash,Teleport,Flash,Smite,Flash,Teleport,Flash,Barrier,Flash,Heal,Flash,Teleport,Flash,Smite,Teleport,Flash,Barrier,Flash,Flash,Heal,0,3,0,1,3,1
https://www.op.gg/summoners/euw/yebit-haha/matches/uRd1PvnOddoA7PHFklSKU41UC5d2-P1_LIZk_VY35sw%3D/1733582894000,0,12,37,37,12,61,23,96,90,33,48,0,4,0,1,3,11,0,5,52416,66317,14.2,15.8,896,979,30.4,33.2,-13901,13901,1779.7060465116278,2251.693488372093,Gangplank,Kindred,Orianna,Ezreal,Nami,K'Sante,Elise,Ambessa,Caitlyn,Lux,Trinity Force,Serpent's Fang,Lord Dominik's Regards,Noonquiver,Doran's Blade,Plated Steelcaps,Farsight Alteration,The Collector,Kraken Slayer,Cloak of Agility,Mercury's Treads,B. F. Sword,No_Item,Oracle Lens,Seraph's Embrace,Sorcerer's Shoes,No_Item,Refillable Potion,Needlessly Large Rod,Rabadon's Deathcap,Farsight Alteration,Spear of Shojin,Last Whisper,Ionian Boots of Lucidity,Trinity Force,Muramana,No_Item,Farsight Alteration,Boots of Swiftness,Dream Maker,Control Ward,Shurelya's Battlesong,No_Item,Imperial Mandate,Oracle Lens,Doran's Shield,Iceborn Gauntlet,Randuin's Omen,Plated Steelcaps,Negatron Cloak,Thornmail,Stealth Ward,Shadowflame,Stormsurge,Rabadon's Deathcap,Sorcerer's Shoes,Giant's Belt,Blasting Wand,Oracle Lens,Doran's Shield,Spear of Shojin,Plated Steelcaps,Eclipse,Black Cleaver,Steel Sigil,Oracle Lens,Rapid Firecannon,Boots of Swiftness,Infinity Edge,The Collector,Long Sword,Doran's Blade,Farsight Alteration,Luden's Companion,Shurelya's Battlesong,No_Item,Zaz'Zak's Realmspike,Dark Seal,Boots of Swiftness,Oracle Lens,Grasp of the Undying,Inspiration,Press the Attack,Domination,Phase Rush,Precision,Press the Attack,Inspiration,Summon Aery,Domination,Grasp of the Undying,Sorcery,Dark Harvest,Precision,Conqueror,Resolve,First Strike,Sorcery,Arcane Comet,Domination,Flash,Teleport,Flash,Smite,Flash,Teleport,Flash,Cleanse,Flash,Heal,Teleport,Flash,Flash,Smite,Teleport,Flash,Flash,Barrier,Flash,Heal,1,3,0,0,3,3
https://www.op.gg/summoners/euw/yebit-haha/matches/uRd1PvnOddqhtP6aC_qN8xMMCC5tLT5elQiNqPbT32M%3D/1733580749000,0,24,39,39,24,47,45,56,76,29,21,0,4,0,2,4,9,0,6,55821,65853,14.2,15.8,849,956,28.8,32.4,-10032,10032,1905.5361445783133,2247.9939759036147,Jayce,Nocturne,Ahri,Jinx,Leona,Irelia,Elise,Ambessa,Kai'Sa,Poppy,Serylda's Grudge,Eclipse,Muramana,Edge of Night,Plated Steelcaps,Serrated Dirk,Oracle Lens,Experimental Hexplate,Stridebreaker,Mercury's Treads,Tunneler,Control Ward,Ruby Crystal,Farsight Alteration,Doran's Ring,Zhonya's Hourglass,Liandry's Torment,Ionian Boots of Lucidity,Malignance,No_Item,Oracle Lens,Doran's Blade,The Collector,Berserker's Greaves,Runaan's Hurricane,Infinity Edge,Last Whisper,Farsight Alteration,Bloodsong,Locket of the Iron Solari,Control Ward,Knight's Vow,Mercury's Treads,No_Item,Oracle Lens,Rectrix,Wit's End,Blade of The Ruined King,Plated Steelcaps,Hullbreaker,Sterak's Gage,Farsight Alteration,Lich Bane,Stormsurge,Needlessly Large Rod,Sorcerer's Shoes,Void Staff,Needlessly Large Rod,Oracle Lens,Doran's Shield,Tunneler,Spear of Shojin,Mercury's Treads,Eclipse,Pickaxe,Oracle Lens,Doran's Blade,Statikk Shiv,Guinsoo's Rageblade,Berserker's Greaves,Zhonya's Hourglass,Nashor's Tooth,Farsight Alteration,Celestial Opposition,Dead Man's Plate,Kindlegem,Mercury's Treads,Null-Magic Mantle,No_Item,Oracle Lens,Conqueror,Inspiration,Conqueror,Domination,Electrocute,Sorcery,Lethal Tempo,Domination,Aftershock,Domination,Conqueror,Resolve,Dark Harvest,Precision,Electrocute,Resolve,Press the Attack,Domination,Aftershock,Inspiration,Flash,Teleport,Flash,Smite,Flash,Teleport,Flash,Barrier,Flash,Ignite,Teleport,Flash,Flash,Smite,Teleport,Flash,Flash,Cleanse,Flash,Ignite,1,3,0,0,3,2
https://www.op.gg/summoners/euw/yebit-haha/matches/uRd1PvnOddqCwiUBogwEwex5pvzUlVUBqkZ7QRYWMN8%3D/1733578352000,1,31,19,19,31,37,47,59,48,13,20,1,0,1,0,9,2,2,0,55290,43198,13.8,12.0,775,659,32.6,27.7,12092,-12092,2335.2298136645963,1824.511801242236,Gnar,Zyra,Irelia,Varus,Lulu,Jayce,Skarner,Ahri,Corki,Sona,Doran's Shield,Plated Steelcaps,Trinity Force,Ruby Crystal,Black Cleaver,Ruby Crystal,Farsight Alteration,No_Item,Blackfire Torch,Shattered Armguard,No_Item,Sorcerer's Shoes,Liandry's Torment,Oracle Lens,Blade of The Ruined King,Mercury's Treads,Hullbreaker,No_Item,No_Item,Doran's Blade,Oracle Lens,Blade of The Ruined King,Berserker's Greaves,Guinsoo's Rageblade,Hearthbound Axe,Recurve Bow,Doran's Blade,Farsight Alteration,Redemption,Dream Maker,Kindlegem,Forbidden Idol,Moonstone Renewer,Ionian Boots of Lucidity,Oracle Lens,Serylda's Grudge,Long Sword,Ionian Boots of Lucidity,Hubris,Tear of the Goddess,Caulfield's Warhammer,Farsight Alteration,Heartsteel,Sterak's Gage,Plated Steelcaps,No_Item,No_Item,No_Item,Oracle Lens,Doran's Ring,Malignance,Control Ward,Ionian Boots of Lucidity,Horizon Focus,Oblivion Orb,Oracle Lens,Doran's Blade,Boots,Trinity Force,Muramana,Last Whisper,No_Item,Farsight Alteration,Dream Maker,Echoes of Helia,Dark Seal,Moonstone Renewer,Forbidden Idol,Boots of Swiftness,Oracle Lens,Grasp of the Undying,Precision,Arcane Comet,Precision,Conqueror,Inspiration,Lethal Tempo,Resolve,Summon Aery,Resolve,Conqueror,Inspiration,Aftershock,Inspiration,Electrocute,Sorcery,Conqueror,Inspiration,Summon Aery,Resolve,Flash,Teleport,Flash,Smite,Teleport,Flash,Flash,Barrier,Heal,Flash,Teleport,Flash,Flash,Smite,Flash,Teleport,Barrier,Flash,Flash,Heal,1,6,1,0,0,0
https://www.op.gg/summoners/euw/yebit-haha/matches/uRd1PvnOddq340dxgVBL57_rUmLwA4N9tMuSmeL9gOk%3D/1733524735000,0,20,37,38,20,56,28,61,61,20,22,3,0,0,1,3,4,3,1,44100,51657,11.8,14.0,668,695,28.3,29.4,-7557,7557,1864.6308724832213,2184.155033557047,Sion,Udyr,Cassiopeia,Caitlyn,Karma,Ambessa,Talon,Aurora,Corki,Nami,No_Item,No_Item,Doran's Shield,Kaenic Rookern,Unending Despair,Plated Steelcaps,Stealth Ward,Unending Despair,Dark Seal,Liandry's Torment,Spectre's Cowl,Boots of Swiftness,Negatron Cloak,Oracle Lens,Doran's Ring,Seraph's Embrace,Rylai's Crystal Scepter,Needlessly Large Rod,Cloth Armor,Amplifying Tome,Farsight Alteration,Doran's Blade,Infinity Edge,The Collector,Scout's Slingshot,Cloak of Agility,Berserker's Greaves,Farsight Alteration,Imperial Mandate,Zaz'Zak's Realmspike,Amplifying Tome,Ionian Boots of Lucidity,Bandleglass Mirror,Mejai's Soulstealer,Oracle Lens,Doran's Blade,Eclipse,Black Cleaver,Mercury's Treads,Pickaxe,Steel Sigil,Oracle Lens,Caulfield's Warhammer,Youmuu's Ghostblade,Hubris,Black Cleaver,Slightly Magical Footwear,Pickaxe,Oracle Lens,Sorcerer's Shoes,Luden's Companion,Dark Seal,Liandry's Torment,Rabadon's Deathcap,No_Item,Oracle Lens,Executioner's Calling,Trinity Force,Boots,Muramana,Last Whisper,Doran's Blade,Farsight Alteration,Imperial Mandate,Shurelya's Battlesong,No_Item,Solstice Sleigh,Dark Seal,Boots of Swiftness,Oracle Lens,Grasp of the Undying,Inspiration,Conqueror,Inspiration,Phase Rush,Precision,Lethal Tempo,Sorcery,Arcane Comet,Domination,Conqueror,Resolve,Conqueror,Inspiration,Arcane Comet,Domination,Hail of Blades,Inspiration,Summon Aery,Domination,Teleport,Flash,Flash,Smite,Teleport,Flash,Flash,Barrier,Heal,Flash,Flash,Teleport,Flash,Smite,Teleport,Flash,Flash,Barrier,Flash,Heal,0,6,0,0,0,0
https://www.op.gg/summoners/euw/yebit-haha/matches/uRd1PvnOddqFf87PajRH38OPDFgXDembveGZMCoghD0%3D/1733509996000,0,28,45,45,28,97,59,65,83,28,38,0,5,0,2,4,8,0,7,63064,74418,15.2,17.2,921,987,26.2,28.2,-11354,11354,1794.5040650406502,2117.5853658536585,Ambessa,Skarner,Galio,Jhin,Nautilus,Taliyah,Shaco,Annie,Caitlyn,Lux,Mercury's Treads,Maw of Malmortius,Eclipse,Voltaic Cyclosword,Doran's Shield,Phage,Oracle Lens,Control Ward,No_Item,Unending Despair,Mercury's Treads,Heartsteel,Sterak's Gage,Oracle Lens,Riftmaker,Hollow Radiance,Giant's Belt,Plated Steelcaps,Unending Despair,Warden's Mail,Oracle Lens,Quicksilver Sash,Rapid Firecannon,Boots of Swiftness,Infinity Edge,The Collector,Lord Dominik's Regards,Farsight Alteration,Locket of the Iron Solari,Celestial Opposition,Knight's Vow,Mercury's Treads,Giant's Belt,Winged Moonplate,Oracle Lens,Boots of Swiftness,Seraph's Embrace,Void Staff,Liandry's Torment,Rabadon's Deathcap,Mejai's Soulstealer,Farsight Alteration,Eclipse,Giant's Belt,Randuin's Omen,Abyssal Mask,Dead Man's Plate,Boots of Swiftness,Oracle Lens,Liandry's Torment,Needlessly Large Rod,Cryptbloom,Sorcerer's Shoes,Needlessly Large Rod,Malignance,Farsight Alteration,Berserker's Greaves,Yun Tal Wildarrows,Infinity Edge,Mortal Reminder,Vampiric Scepter,B. F. Sword,Farsight Alteration,Plated Steelcaps,Redemption,Celestial Opposition,No_Item,Shurelya's Battlesong,Locket of the Iron Solari,Oracle Lens,Grasp of the Undying,Domination,Aftershock,Inspiration,Aftershock,Sorcery,Fleet Footwork,Inspiration,Aftershock,Inspiration,Phase Rush,Inspiration,Hail of Blades,Precision,Phase Rush,Precision,Lethal Tempo,Sorcery,Aftershock,Domination,Teleport,Flash,Flash,Smite,Flash,Teleport,Flash,Cleanse,Flash,Ignite,Teleport,Flash,Ignite,Smite,Teleport,Flash,Barrier,Flash,Flash,Heal,1,5,0,0,1,1
https://www.op.gg/summoners/euw/yebit-haha/matches/uRd1PvnOddoYIxb7nuCcIagXqIoplazTN4ViwQwGW7w%3D/1733507320000,1,33,22,22,33,39,67,53,51,15,11,1,2,0,0,8,2,1,2,52545,46070,13.4,12.8,703,670,27.5,26.1,6475,-6475,2078.2723880597014,1822.1716417910447,Fiddlesticks,Wukong,Akali,Ezreal,Sona,K'Sante,Morgana,Katarina,Jinx,Lulu,Seeker's Armguard,Liandry's Torment,Abyssal Mask,Doran's Ring,Boots,No_Item,Scarecrow Effigy,Mercury's Treads,Trinity Force,Sterak's Gage,No_Item,No_Item,Null-Magic Mantle,Oracle Lens,Giant's Belt,Hextech Rocketbelt,Zhonya's Hourglass,Sorcerer's Shoes,Dark Seal,Stormsurge,Oracle Lens,Doran's Blade,Muramana,Trinity Force,Ionian Boots of Lucidity,Serylda's Grudge,Null-Magic Mantle,Farsight Alteration,Bloodsong,Echoes of Helia,Staff of Flowing Water,Bandleglass Mirror,Kindlegem,Boots of Swiftness,Oracle Lens,Mercury's Treads,Unending Despair,Kaenic Rookern,Sheen,No_Item,No_Item,Stealth Ward,Shadowflame,Dark Seal,Hextech Alternator,Amplifying Tome,Sorcerer's Shoes,Liandry's Torment,Oracle Lens,Dark Seal,Lich Bane,Stormsurge,Sorcerer's Shoes,Needlessly Large Rod,Needlessly Large Rod,Stealth Ward,B. F. Sword,Yun Tal Wildarrows,Doran's Blade,Berserker's Greaves,Dagger,Cloak of Agility,Farsight Alteration,Dream Maker,Redemption,Refillable Potion,Imperial Mandate,Ionian Boots of Lucidity,Kindlegem,Oracle Lens,Aftershock,Sorcery,Conqueror,Inspiration,Electrocute,Resolve,Press the Attack,Inspiration,Summon Aery,Resolve,Grasp of the Undying,Inspiration,Dark Harvest,Inspiration,Electrocute,Precision,Lethal Tempo,Sorcery,Electrocute,Sorcery,Flash,Teleport,Flash,Smite,Ignite,Flash,Flash,Barrier,Flash,Heal,Teleport,Flash,Flash,Smite,Teleport,Flash,Cleanse,Flash,Ignite,Flash,1,3,1,0,3,0
https://www.op.gg/summoners/euw/yebit-haha/matches/uRd1PvnOddp7wZvjdN3Szw-J6CnvSWe-eiHB975jYYk%3D/1733505293000,1,37,26,27,37,47,70,85,86,32,30,2,2,2,0,10,3,4,2,70894,62187,16.6,15.0,989,1008,30.900000000000002,31.5,8707,-8707,2217.0487272727273,1944.7570909090907,Ambessa,Karthus,Katarina,Ezreal,Leona,Irelia,Gragas,Yasuo,Samira,Rell,Mercury's Treads,Eclipse,Sterak's Gage,Spear of Shojin,Phage,Doran's Blade,Oracle Lens,Liandry's Torment,Rabadon's Deathcap,Shadowflame,Blackfire Torch,Void Staff,Sorcerer's Shoes,Oracle Lens,Mejai's Soulstealer,No_Item,Zhonya's Hourglass,Stormsurge,Sorcerer's Shoes,Lich Bane,Stealth Ward,Trinity Force,Doran's Blade,Ionian Boots of Lucidity,Muramana,Spear of Shojin,Serylda's Grudge,Farsight Alteration,Locket of the Iron Solari,Kindlegem,Control Ward,Bloodsong,Knight's Vow,Plated Steelcaps,Oracle Lens,Blade of The Ruined King,Kraken Slayer,Wit's End,Doran's Blade,Plated Steelcaps,Tunneler,Stealth Ward,Zhonya's Hourglass,Dark Seal,No_Item,Lich Bane,Sorcerer's Shoes,Cosmic Drive,Oracle Lens,Doran's Blade,B. F. Sword,Immortal Shieldbow,"Jak'Sho, The Protean",Berserker's Greaves,Blade of The Ruined King,Farsight Alteration,Cloak of Agility,The Collector,Bloodthirster,Serpent's Fang,Infinity Edge,Plated Steelcaps,Farsight Alteration,Kindlegem,Control Ward,Mercury's Treads,Locket of the Iron Solari,Redemption,Celestial Opposition,Oracle Lens,Grasp of the Undying,Domination,Dark Harvest,Precision,Conqueror,Domination,Conqueror,Inspiration,Aftershock,Domination,Conqueror,Resolve,Dark Harvest,Inspiration,Grasp of the Undying,Precision,Conqueror,Domination,Aftershock,Inspiration,Teleport,Flash,Smite,Flash,Teleport,Flash,Flash,Barrier,Ignite,Flash,Teleport,Flash,Flash,Smite,Teleport,Flash,Flash,Barrier,Flash,Ignite,1,3,2,0,3,0
https://www.op.gg/summoners/euw/yebit-haha/matches/uRd1PvnOddrJDS-UagxO2o0Hw7UGpenI1PSN2ulK71s%3D/1733501074000,0,10,25,25,10,31,11,40,38,9,14,0,3,0,0,1,5,0,3,32841,42337,10.8,12.4,604,647,31.0,33.3,-9496,9496,1698.6724137931035,2189.844827586207,Corki,Kha'Zix,Aurora,Miss Fortune,Leona,Heimerdinger,Viego,Akali,Ashe,Rell,Doran's Blade,Trinity Force,Ionian Boots of Lucidity,Manamune,No_Item,No_Item,Farsight Alteration,No_Item,Ionian Boots of Lucidity,Youmuu's Ghostblade,Serrated Dirk,Long Sword,No_Item,Oracle Lens,Doran's Ring,Luden's Companion,Dark Seal,No_Item,Refillable Potion,Boots,Stealth Ward,The Collector,Slightly Magical Footwear,Infinity Edge,Dagger,Dagger,Doran's Blade,Farsight Alteration,Celestial Opposition,Mercury's Treads,Locket of the Iron Solari,No_Item,No_Item,No_Item,Oracle Lens,Synchronized Souls,Doran's Ring,Blackfire Torch,Amplifying Tome,Amplifying Tome,Blasting Wand,Oracle Lens,Sundered Sky,Kraken Slayer,Sterak's Gage,No_Item,Slightly Magical Footwear,No_Item,Oracle Lens,Doran's Ring,No_Item,Stormsurge,Dark Seal,Shadowflame,Boots,Oracle Lens,Doran's Blade,No_Item,Phantom Dancer,Berserker's Greaves,Pickaxe,Kraken Slayer,Farsight Alteration,Celestial Opposition,Ionian Boots of Lucidity,Cloth Armor,Trailblazer,Kindlegem,Null-Magic Mantle,Oracle Lens,Conqueror,Inspiration,Dark Harvest,Sorcery,Electrocute,Sorcery,Press the Attack,Inspiration,Aftershock,Inspiration,Arcane Comet,Precision,Conqueror,Inspiration,Electrocute,Resolve,Lethal Tempo,Inspiration,Aftershock,Inspiration,Flash,Teleport,Smite,Flash,Flash,Teleport,Barrier,Flash,Flash,Ignite,Flash,Teleport,Flash,Smite,Ignite,Flash,Cleanse,Flash,Flash,Ignite,0,0,0,1,6,0
,,-1,-1,-1,-1,-1,-1,-1,-1,-1,-1,-1,-1,-1,-1,-1,-1,-1,-1,-1,-1,-1.0,-1.0,-1,-1,-1.0,-1.0,-1,-1,-1.0,-1.0,,,,,,,,,,,,,,,,,,,,,,,,,,,,,,,,,,,,,,,,,,,,,,,,,,,,,,,,,,,,,,,,,,,,,,,,,,,,,,,,,,,,,,,,,,,,,,,,,,,,,,,,,,,,,,,,,,,,,,,,,-1,-1,-1,-1,-1,-1
https://www.op.gg/summoners/euw/yebit-haha/matches/uRd1PvnOddqwpNMvqJ15vFcxeSY2zp_GuNz_pVp3P7A%3D/1733486228000,0,22,34,34,22,66,30,52,51,11,21,1,2,0,1,3,10,1,3,43963,54625,12.0,13.6,619,686,26.0,28.9,-10662,10662,1857.960119047619,2308.5565476190477,Urgot,Vi,Ahri,Ashe,Lulu,Ambessa,Jarvan IV,Sylas,Caitlyn,Seraphine,Sterak's Gage,No_Item,Doran's Shield,No_Item,Black Cleaver,Boots,Oracle Lens,Plated Steelcaps,Executioner's Calling,Sundered Sky,Tunneler,No_Item,Black Cleaver,Oracle Lens,Malignance,Liandry's Torment,Doran's Ring,Sorcerer's Shoes,Oblivion Orb,Dark Seal,Farsight Alteration,Doran's Blade,Berserker's Greaves,Phantom Dancer,Kraken Slayer,Cloak of Agility,No_Item,Farsight Alteration,Moonstone Renewer,Dream Maker,No_Item,Redemption,No_Item,Ionian Boots of Lucidity,Oracle Lens,Eclipse,Doran's Shield,Plated Steelcaps,Sterak's Gage,Control Ward,Pickaxe,Stealth Ward,Pickaxe,Plated Steelcaps,Sundered Sky,Black Cleaver,Tunneler,Ruby Crystal,Oracle Lens,Doran's Ring,Hextech Rocketbelt,Shattered Armguard,Dark Seal,Sorcerer's Shoes,Cosmic Drive,Oracle Lens,Rapid Firecannon,Boots of Swiftness,Last Whisper,Doran's Blade,The Collector,Infinity Edge,Farsight Alteration,Redemption,Forbidden Idol,Solstice Sleigh,Moonstone Renewer,Boots,Forbidden Idol,Oracle Lens,Phase Rush,Resolve,Conqueror,Inspiration,Summon Aery,Domination,Lethal Tempo,Inspiration,Summon Aery,Resolve,Grasp of the Undying,Domination,Conqueror,Inspiration,Conqueror,Resolve,Lethal Tempo,Sorcery,Summon Aery,Resolve,Flash,Teleport,Flash,Smite,Flash,Teleport,Flash,Barrier,Flash,Heal,Teleport,Flash,Flash,Smite,Flash,Teleport,Cleanse,Flash,Flash,Heal,0,2,0,1,4,2
https://www.op.gg/summoners/euw/yebit-haha/matches/uRd1PvnOddrNjthtYFx0-L-U3XYsDmiRGnDFSNWbmhc%3D/1733437353000,1,34,17,17,34,19,49,64,45,8,8,2,0,0,0,8,4,2,0,47873,40862,12.8,11.4,647,657,29.7,30.3,7011,-7011,2199.57027027027,1877.4432432432432,Aurora,Lee Sin,Syndra,Varus,Thresh,Irelia,Jarvan IV,Orianna,Caitlyn,Bard,Malignance,Refillable Potion,Shadowflame,Sorcerer's Shoes,Blighting Jewel,Control Ward,Stealth Ward,No_Item,Eclipse,Sundered Sky,Ruby Crystal,Phage,Plated Steelcaps,Stealth Ward,Doran's Ring,Sorcerer's Shoes,Luden's Companion,Refillable Potion,Blighting Jewel,Blasting Wand,Farsight Alteration,Ionian Boots of Lucidity,Hubris,Manamune,Doran's Blade,Last Whisper,Long Sword,Farsight Alteration,Celestial Opposition,Boots of Swiftness,Control Ward,Kindlegem,Cloth Armor,Redemption,Oracle Lens,Doran's Blade,Blade of The Ruined King,Mercury's Treads,Maw of Malmortius,Long Sword,Dagger,Stealth Ward,Mercury's Treads,Eclipse,Sundered Sky,No_Item,No_Item,No_Item,Oracle Lens,Luden's Companion,Mercury's Treads,Dark Seal,Blighting Jewel,Rabadon's Deathcap,No_Item,Farsight Alteration,Doran's Blade,Infinity Edge,The Collector,No_Item,No_Item,Boots,Farsight Alteration,Celestial Opposition,Locket of the Iron Solari,Control Ward,Mercury's Treads,Forbidden Idol,No_Item,Oracle Lens,Grasp of the Undying,Precision,Conqueror,Inspiration,Arcane Comet,Inspiration,Arcane Comet,Precision,Glacial Augment,Domination,Conqueror,Domination,Conqueror,Inspiration,Arcane Comet,Precision,Fleet Footwork,Sorcery,Guardian,Domination,Teleport,Flash,Flash,Smite,Flash,Teleport,Flash,Barrier,Flash,Ignite,Teleport,Flash,Flash,Smite,Flash,Teleport,Cleanse,Flash,Flash,Exhaust,1,6,1,0,0,0
https://www.op.gg/summoners/euw/yebit-haha/matches/uRd1PvnOddp8zrFAbh9LqefX08lORz2YdKk6JM7IAPM%3D/1733435228000,1,18,9,9,18,8,25,53,37,8,13,1,2,0,0,4,0,1,2,39715,32064,11.6,10.8,657,630,34.1,32.7,7651,-7651,2067.038011695907,1668.8280701754388,Rumble,Lee Sin,Akali,Ezreal,Maokai,Jayce,Graves,Ahri,Ashe,Nautilus,Seeker's Armguard,Liandry's Torment,Amplifying Tome,No_Item,Sorcerer's Shoes,Control Ward,Farsight Alteration,No_Item,Eclipse,Ruby Crystal,Tunneler,Long Sword,Plated Steelcaps,Eye of the Herald,Doran's Ring,Shadowflame,Dark Seal,Stormsurge,Boots,No_Item,Oracle Lens,Trinity Force,Tunneler,Doran's Blade,Ionian Boots of Lucidity,Pickaxe,Muramana,Farsight Alteration,Refillable Potion,Celestial Opposition,Locket of the Iron Solari,Boots of Swiftness,No_Item,Winged Moonplate,Oracle Lens,Doran's Blade,Refillable Potion,Eclipse,Tear of the Goddess,Mercury's Treads,Caulfield's Warhammer,Farsight Alteration,Cloak of Agility,Boots,Youmuu's Ghostblade,Serrated Dirk,Pickaxe,No_Item,Oracle Lens,Malignance,Sorcerer's Shoes,Control Ward,Dark Seal,Fiendish Codex,Doran's Ring,Oracle Lens,Doran's Blade,Berserker's Greaves,Kraken Slayer,Refillable Potion,Zeal,No_Item,Farsight Alteration,Celestial Opposition,Locket of the Iron Solari,Mercury's Treads,No_Item,No_Item,No_Item,Oracle Lens,Arcane Comet,Resolve,Conqueror,Inspiration,Electrocute,Resolve,Press the Attack,Inspiration,Aftershock,Domination,Phase Rush,Inspiration,Dark Harvest,Precision,Electrocute,Sorcery,Lethal Tempo,Inspiration,Aftershock,Inspiration,Teleport,Flash,Flash,Smite,Ignite,Flash,Cleanse,Flash,Flash,Ignite,Teleport,Flash,Flash,Smite,Flash,Teleport,Flash,Barrier,Ignite,Flash,1,6,0,0,0,0
https://www.op.gg/summoners/euw/yebit-haha/matches/uRd1PvnOddoYqv7n_6sX8RDyXKIpQtQPClD-IMtzlmE%3D/1733433496000,0,24,34,34,24,68,40,52,68,18,15,2,1,0,1,4,8,2,2,46834,56031,12.0,14.0,657,712,27.2,29.3,-9197,9197,1923.5392857142858,2301.2732142857144,Akshan,Udyr,Cho'Gath,Kog'Maw,Nautilus,Sett,Poppy,Viktor,Kalista,Renata Glasc,Pickaxe,Statikk Shiv,Lord Dominik's Regards,Boots,Doran's Blade,Serrated Dirk,Farsight Alteration,Frozen Heart,Dark Seal,Liandry's Torment,Spectre's Cowl,Null-Magic Mantle,Boots of Swiftness,Oracle Lens,Doran's Ring,Frozen Heart,Wit's End,Unending Despair,Boots of Swiftness,No_Item,Farsight Alteration,Doran's Blade,Blade of The Ruined King,Guinsoo's Rageblade,Berserker's Greaves,Hearthbound Axe,Recurve Bow,Farsight Alteration,Celestial Opposition,Plated Steelcaps,Knight's Vow,Kindlegem,Bramble Vest,Null-Magic Mantle,Oracle Lens,Tunneler,Stridebreaker,Refillable Potion,Doran's Shield,Plated Steelcaps,Tunneler,Oracle Lens,Dead Man's Plate,Locket of the Iron Solari,Bami's Cinder,Mercury's Treads,Bramble Vest,No_Item,Eye of the Herald,Liandry's Torment,Blackfire Torch,Doran's Ring,Sorcerer's Shoes,Dark Seal,Void Staff,Farsight Alteration,Blade of The Ruined King,Berserker's Greaves,Guinsoo's Rageblade,Wit's End,Giant's Belt,Negatron Cloak,Farsight Alteration,Boots of Swiftness,Locket of the Iron Solari,Redemption,Solstice Sleigh,No_Item,Kindlegem,Oracle Lens,Press the Attack,Resolve,Conqueror,Inspiration,Grasp of the Undying,Inspiration,Lethal Tempo,Resolve,Aftershock,Inspiration,Conqueror,Resolve,Phase Rush,Inspiration,Summon Aery,Resolve,Lethal Tempo,Domination,Guardian,Domination,Flash,Teleport,Flash,Smite,Teleport,Flash,Ghost,Flash,Flash,Ignite,Teleport,Flash,Flash,Smite,Flash,Teleport,Flash,Barrier,Heal,Flash,0,4,0,1,2,1
https://www.op.gg/summoners/euw/yebit-haha/matches/uRd1PvnOddounxq4iepS2UNBSOUb1M5aOfbTmuJEpnI%3D/1733431454000,0,23,44,44,23,61,37,70,62,20,25,0,3,0,1,2,10,0,4,52154,63134,13.4,15.6,744,834,25.3,28.3,-10980,10980,1786.0958904109589,2162.123287671233,Kled,Viego,Sylas,Jhin,Bard,Aurora,Elise,Talon,Smolder,Sona,Titanic Hydra,Black Cleaver,No_Item,Mercury's Treads,Spectre's Cowl,No_Item,Farsight Alteration,Kraken Slayer,Titanic Hydra,Pickaxe,Mercury's Treads,Tunneler,Ruby Crystal,Oracle Lens,Mercury's Treads,Hextech Rocketbelt,Zhonya's Hourglass,Dark Seal,Rabadon's Deathcap,No_Item,Oracle Lens,Doran's Blade,The Collector,Infinity Edge,Boots of Swiftness,Rapid Firecannon,Cloak of Agility,Farsight Alteration,Celestial Opposition,Locket of the Iron Solari,Knight's Vow,Ionian Boots of Lucidity,Ruby Crystal,No_Item,Oracle Lens,Void Staff,Needlessly Large Rod,Sorcerer's Shoes,Malignance,Mejai's Soulstealer,Shadowflame,Oracle Lens,Shadowflame,Stormsurge,Dark Seal,Sorcerer's Shoes,Void Staff,Control Ward,Oracle Lens,Guardian Angel,Black Cleaver,Youmuu's Ghostblade,Eclipse,Boots of Swiftness,Control Ward,Oracle Lens,No_Item,Opportunity,No_Item,Boots of Swiftness,Rapid Firecannon,Hubris,Farsight Alteration,Dream Maker,Echoes of Helia,Moonstone Renewer,Forbidden Idol,Forbidden Idol,Boots of Swiftness,Oracle Lens,Conqueror,Resolve,Conqueror,Inspiration,Conqueror,Resolve,Dark Harvest,Precision,Guardian,Domination,Electrocute,Resolve,Dark Harvest,Precision,Conqueror,Sorcery,Arcane Comet,Inspiration,Summon Aery,Precision,Teleport,Flash,Smite,Flash,Teleport,Flash,Barrier,Flash,Flash,Ignite,Flash,Teleport,Flash,Smite,Ignite,Flash,Flash,Teleport,Heal,Flash,0,3,0,1,3,1
https://www.op.gg/summoners/euw/yebit-haha/matches/uRd1PvnOddrzX3u4bWcL1Iwc7aIDWK2PNOLMvI5TEI4%3D/1733427413000,1,13,1,1,13,1,18,32,31,6,6,0,0,0,0,1,0,0,0,30633,23554,10.0,8.8,526,495,34.2,32.0,7079,-7079,1977.87874015748,1520.8094488188974,Ambessa,Nidalee,Zed,Caitlyn,Maokai,Dr. Mundo,Udyr,Tryndamere,Zeri,Lulu,Doran's Blade,Refillable Potion,Executioner's Calling,Eclipse,Pickaxe,Long Sword,Stealth Ward,Needlessly Large Rod,Liandry's Torment,Boots,Dark Seal,Hextech Alternator,Control Ward,Oracle Lens,Eclipse,Refillable Potion,Voltaic Cyclosword,Slightly Magical Footwear,No_Item,No_Item,Oracle Lens,Doran's Blade,Berserker's Greaves,Cull,The Collector,No_Item,No_Item,Farsight Alteration,Solstice Sleigh,Refillable Potion,Ruby Crystal,Giant's Belt,Winged Moonplate,Boots of Swiftness,Oracle Lens,Doran's Shield,Heartsteel,Ruby Crystal,Glowing Mote,Cloth Armor,Slightly Magical Footwear,Stealth Ward,Mosstomper Seedling,Liandry's Torment,Boots,No_Item,No_Item,No_Item,Stealth Ward,Doran's Shield,Ravenous Hydra,No_Item,No_Item,No_Item,Boots,Stealth Ward,Doran's Blade,B. F. Sword,Cull,Berserker's Greaves,Scout's Slingshot,Long Sword,Stealth Ward,No_Item,Dream Maker,No_Item,Mikael's Blessing,Control Ward,Boots,Oracle Lens,Grasp of the Undying,Domination,Conqueror,Sorcery,First Strike,Precision,Lethal Tempo,Sorcery,Aftershock,Inspiration,Grasp of the Undying,Inspiration,Conqueror,Resolve,Grasp of the Undying,Precision,Lethal Tempo,Resolve,Summon Aery,Resolve,Flash,Teleport,Flash,Smite,Flash,Teleport,Flash,Barrier,Flash,Ignite,Flash,Teleport,Flash,Smite,Ghost,Flash,Flash,Barrier,Flash,Heal,0,6,0,0,0,0
https://www.op.gg/summoners/euw/yebit-haha/matches/uRd1PvnOddqxIKqa8i_xFrRxAozUXYoD2om9KGsiRXg%3D/1733417218000,0,5,19,19,5,21,4,29,18,1,4,0,1,0,0,0,8,0,1,22498,36721,8.4,10.0,395,528,25.5,34.3,-14223,14223,1461.5489051094892,2385.5248175182483,Azir,Graves,Gragas,Ashe,Seraphine,Irelia,Poppy,Katarina,Ezreal,Blitzcrank,Doran's Ring,Boots,Nashor's Tooth,Hextech Alternator,Dark Seal,No_Item,Stealth Ward,Youmuu's Ghostblade,Long Sword,Boots,No_Item,No_Item,Scorchclaw Pup,Oracle Lens,Lost Chapter,Boots of Swiftness,Fiendish Codex,Kindlegem,Aether Wisp,No_Item,Stealth Ward,Doran's Blade,Recurve Bow,Long Sword,Long Sword,Berserker's Greaves,No_Item,Stealth Ward,Runic Compass,Redemption,Boots,No_Item,No_Item,No_Item,Oracle Lens,Doran's Blade,Refillable Potion,Blade of The Ruined King,Mercury's Treads,Pickaxe,Tunneler,Stealth Ward,Gustwalker Hatchling,Bami's Cinder,Control Ward,Mercury's Treads,Force of Nature,No_Item,Oracle Lens,Mejai's Soulstealer,Lich Bane,Sorcerer's Shoes,Amplifying Tome,No_Item,No_Item,Stealth Ward,Ionian Boots of Lucidity,Tear of the Goddess,Trinity Force,Caulfield's Warhammer,Long Sword,Doran's Blade,Farsight Alteration,Bloodsong,Boots of Swiftness,Winged Moonplate,Mikael's Blessing,No_Item,No_Item,Oracle Lens,Conqueror,Sorcery,Dark Harvest,Precision,Phase Rush,Precision,Lethal Tempo,Inspiration,Guardian,Sorcery,Conqueror,Resolve,Phase Rush,Inspiration,Electrocute,Precision,Press the Attack,Inspiration,Glacial Augment,Resolve,Teleport,Flash,Flash,Smite,Flash,Teleport,Flash,Barrier,Heal,Flash,Teleport,Flash,Flash,Smite,Teleport,Flash,Cleanse,Flash,Flash,Ignite,0,0,0,1,6,1
https://www.op.gg/summoners/euw/yebit-haha/matches/uRd1PvnOddrzysA_XufmYwndV637xWm78PsDpZcyjlU%3D/1733415501000,1,33,27,27,33,32,76,94,108,45,40,2,3,1,1,9,5,3,4,70836,68206,16.2,16.4,1040,1084,28.0,29.2,2630,-2630,1904.1935483870966,1833.4946236559138,Gnar,Wukong,Orianna,Ashe,Janna,Riven,Elise,Sylas,Varus,Nautilus,Plated Steelcaps,Sterak's Gage,Trinity Force,"Jak'Sho, The Protean",Wit's End,Negatron Cloak,Oracle Lens,Caulfield's Warhammer,Hexdrinker,Mercury's Treads,Sundered Sky,Trinity Force,Black Cleaver,Oracle Lens,Rabadon's Deathcap,Shattered Armguard,Void Staff,Luden's Companion,Liandry's Torment,Sorcerer's Shoes,Farsight Alteration,Kraken Slayer,Phantom Dancer,Maw of Malmortius,Vampiric Scepter,No_Item,Berserker's Greaves,Farsight Alteration,Dream Maker,Shurelya's Battlesong,Control Ward,Echoes of Helia,Boots of Swiftness,Moonstone Renewer,Oracle Lens,Death's Dance,Black Cleaver,Ionian Boots of Lucidity,Sundered Sky,No_Item,No_Item,Farsight Alteration,Void Staff,Rabadon's Deathcap,Sorcerer's Shoes,Dark Seal,Shadowflame,Stormsurge,Oracle Lens,Hextech Rocketbelt,Zhonya's Hourglass,Mercury's Treads,Cosmic Drive,Blasting Wand,Blighting Jewel,Oracle Lens,Youmuu's Ghostblade,Muramana,Boots of Swiftness,Serylda's Grudge,Serpent's Fang,Edge of Night,Farsight Alteration,Locket of the Iron Solari,Kindlegem,Negatron Cloak,Celestial Opposition,Knight's Vow,Mercury's Treads,Oracle Lens,Grasp of the Undying,Precision,Conqueror,Inspiration,Arcane Comet,Precision,Lethal Tempo,Inspiration,Summon Aery,Resolve,Conqueror,Inspiration,Dark Harvest,Precision,Conqueror,Resolve,Arcane Comet,Inspiration,Aftershock,Inspiration,Teleport,Flash,Flash,Smite,Teleport,Flash,Cleanse,Flash,Heal,Flash,Flash,Teleport,Flash,Smite,Teleport,Flash,Flash,Barrier,Ignite,Flash,1,3,1,0,3,0
https://www.op.gg/summoners/euw/yebit-haha/matches/uRd1PvnOddpzqCJzTTrHwsmTqkuvDIHaHy7kd3pXKZo%3D/1733412734000,1,32,14,14,32,20,54,83,94,42,31,3,2,1,1,9,6,4,3,76948,67239,17.2,16.6,1232,1126,33.5,30.7,9709,-9709,2093.4382352941175,1829.2963235294117,Urgot,Morgana,Yone,Caitlyn,Karma,K'Sante,Rammus,Azir,Draven,Janna,Heartsteel,Overlord's Bloodmail,Hullbreaker,Pickaxe,Tunneler,Boots of Swiftness,Oracle Lens,Shadowflame,Liandry's Torment,Rabadon's Deathcap,Stormsurge,Sorcerer's Shoes,Mejai's Soulstealer,Oracle Lens,Berserker's Greaves,Blade of The Ruined King,Immortal Shieldbow,Infinity Edge,Bloodthirster,Long Sword,Farsight Alteration,Immortal Shieldbow,Quicksilver Sash,The Collector,Infinity Edge,Lord Dominik's Regards,Berserker's Greaves,Farsight Alteration,Redemption,Dream Maker,Shurelya's Battlesong,Mikael's Blessing,No_Item,Ionian Boots of Lucidity,Oracle Lens,Plated Steelcaps,Iceborn Gauntlet,Randuin's Omen,Unending Despair,Thornmail,Negatron Cloak,Oracle Lens,Hollow Radiance,Plated Steelcaps,Thornmail,"Jak'Sho, The Protean",Null-Magic Mantle,Warden's Mail,Oracle Lens,Nashor's Tooth,Seeker's Armguard,Void Staff,Liandry's Torment,Sorcerer's Shoes,Rabadon's Deathcap,Farsight Alteration,No_Item,The Collector,Infinity Edge,Bloodthirster,Lord Dominik's Regards,Mercury's Treads,Farsight Alteration,Dream Maker,Redemption,Moonstone Renewer,Control Ward,Ionian Boots of Lucidity,Forbidden Idol,Oracle Lens,Phase Rush,Resolve,Dark Harvest,Inspiration,Fleet Footwork,Resolve,Lethal Tempo,Sorcery,Arcane Comet,Inspiration,Aftershock,Sorcery,Aftershock,Precision,Summon Aery,Precision,Lethal Tempo,Domination,Summon Aery,Domination,Flash,Teleport,Flash,Smite,Teleport,Flash,Flash,Barrier,Flash,Heal,Teleport,Flash,Flash,Smite,Teleport,Flash,Flash,Barrier,Heal,Flash,1,6,1,0,0,1
https://www.op.gg/summoners/euw/yebit-haha/matches/uRd1PvnOddq2G_YxXirCe4LTrh234qOwLQH5nu3oCvk%3D/1733410161000,0,14,27,27,14,48,33,57,54,14,26,1,3,0,1,3,10,1,4,45848,59502,12.8,14.8,720,873,27.5,33.5,-13654,13654,1757.1700440528634,2280.4731277533037,Maokai,Viego,Karma,Nilah,Lulu,Ambessa,Ekko,Yone,Draven,Blitzcrank,Doran's Ring,Unending Despair,Bramble Vest,Fimbulwinter,Null-Magic Mantle,Ionian Boots of Lucidity,Stealth Ward,Kraken Slayer,Titanic Hydra,Control Ward,Recurve Bow,Recurve Bow,Plated Steelcaps,Oracle Lens,Horizon Focus,Malignance,Fiendish Codex,Ionian Boots of Lucidity,No_Item,Doran's Ring,Farsight Alteration,Doran's Blade,The Collector,Infinity Edge,Plated Steelcaps,Steel Sigil,Caulfield's Warhammer,Farsight Alteration,Control Ward,Redemption,Solstice Sleigh,Moonstone Renewer,Ionian Boots of Lucidity,Glowing Mote,Oracle Lens,Doran's Shield,Eclipse,Plated Steelcaps,Voltaic Cyclosword,Tunneler,Ruby Crystal,Farsight Alteration,Sorcerer's Shoes,Nashor's Tooth,Dark Seal,Rabadon's Deathcap,Shadowflame,Blasting Wand,Oracle Lens,Immortal Shieldbow,Chain Vest,Ruby Crystal,Blade of The Ruined King,Berserker's Greaves,No_Item,Oracle Lens,The Collector,Serpent's Fang,Infinity Edge,Berserker's Greaves,Doran's Blade,Noonquiver,Farsight Alteration,Zaz'Zak's Realmspike,Malignance,Boots of Swiftness,Control Ward,Stormsurge,No_Item,Oracle Lens,Grasp of the Undying,Inspiration,Conqueror,Inspiration,Summon Aery,Domination,Conqueror,Domination,Summon Aery,Resolve,Conqueror,Resolve,Dark Harvest,Inspiration,Lethal Tempo,Resolve,Lethal Tempo,Domination,First Strike,Resolve,Ignite,Teleport,Smite,Flash,Flash,Teleport,Barrier,Flash,Heal,Flash,Flash,Teleport,Flash,Smite,Teleport,Flash,Flash,Barrier,Ignite,Flash,0,3,0,1,3,1
https://www.op.gg/summoners/euw/yebit-haha/matches/uRd1PvnOddpiaQ52Axvzgz7_Z9M92t3vDUXP-hNedX8%3D/1733408138000,1,30,27,27,31,29,59,69,63,21,20,4,0,2,0,7,5,6,0,64695,57662,16.0,14.4,899,943,31.099999999999998,32.6,7033,-7033,2240.410505836576,1996.855252918288,Gragas,Vi,Yasuo,Draven,Thresh,Lee Sin,Jarvan IV,Aurora,Jinx,Braum,Void Staff,No_Item,Cosmic Drive,Lost Chapter,Lich Bane,Sorcerer's Shoes,Stealth Ward,Black Cleaver,Control Ward,Frozen Heart,Plated Steelcaps,Sundered Sky,Tunneler,Oracle Lens,"Jak'Sho, The Protean",Berserker's Greaves,Blade of The Ruined King,Immortal Shieldbow,Infinity Edge,No_Item,Farsight Alteration,Vampiric Scepter,The Collector,Infinity Edge,Lord Dominik's Regards,Berserker's Greaves,Immortal Shieldbow,Farsight Alteration,Frozen Heart,Solstice Sleigh,Control Ward,Locket of the Iron Solari,Plated Steelcaps,Kindlegem,Oracle Lens,Profane Hydra,Last Whisper,Caulfield's Warhammer,Edge of Night,Eclipse,Mercury's Treads,Stealth Ward,Randuin's Omen,Eclipse,No_Item,Sundered Sky,Plated Steelcaps,Ruby Crystal,Oracle Lens,No_Item,Control Ward,Sorcerer's Shoes,Rabadon's Deathcap,Luden's Companion,Liandry's Torment,Oracle Lens,Doran's Blade,Infinity Edge,Yun Tal Wildarrows,Berserker's Greaves,Dagger,Lord Dominik's Regards,Farsight Alteration,Solstice Sleigh,Locket of the Iron Solari,Knight's Vow,No_Item,Plated Steelcaps,Warden's Mail,Oracle Lens,Phase Rush,Inspiration,Conqueror,Inspiration,Lethal Tempo,Resolve,Lethal Tempo,Domination,Glacial Augment,Resolve,Conqueror,Resolve,Conqueror,Inspiration,Electrocute,Sorcery,Lethal Tempo,Sorcery,Guardian,Precision,Teleport,Flash,Flash,Smite,Flash,Teleport,Flash,Barrier,Flash,Ignite,Teleport,Flash,Flash,Smite,Teleport,Flash,Flash,Barrier,Ignite,Flash,0,1,0,1,4,0
https://www.op.gg/summoners/euw/yebit-haha/matches/uRd1PvnOddpfBnuZ2fiT7Ozecnln-HXg6heLFZK2nR0%3D/1733406027000,0,8,17,17,8,20,7,38,39,9,10,1,1,0,0,0,2,1,1,27537,35072,10.0,11.0,507,584,30.2,35.0,-7535,7535,1652.2199999999998,2104.3199999999997,Aatrox,Dr. Mundo,Aurora,Ashe,Rell,Zac,Graves,Corki,Hwei,Lulu,Mercury's Treads,Black Cleaver,Ruby Crystal,No_Item,Doran's Shield,Executioner's Calling,Stealth Ward,Spectre's Cowl,Heartsteel,Ruby Crystal,No_Item,No_Item,Boots of Swiftness,Eye of the Herald,Doran's Ring,Malignance,Sorcerer's Shoes,Refillable Potion,No_Item,Dark Seal,Oracle Lens,Doran's Blade,Kraken Slayer,Berserker's Greaves,Zeal,Dagger,No_Item,Stealth Ward,Bloodsong,Cloth Armor,Control Ward,Kindlegem,Null-Magic Mantle,Ionian Boots of Lucidity,Oracle Lens,Doran's Shield,Refillable Potion,Sunfire Aegis,Bramble Vest,Boots,Kindlegem,Stealth Ward,Youmuu's Ghostblade,Pickaxe,The Collector,Slightly Magical Footwear,Noonquiver,Control Ward,Oracle Lens,Doran's Blade,Refillable Potion,Trinity Force,Mercury's Treads,Tear of the Goddess,Long Sword,Farsight Alteration,Blackfire Torch,Amplifying Tome,Dark Seal,No_Item,Ruby Crystal,Sorcerer's Shoes,Stealth Ward,Dream Maker,No_Item,Ionian Boots of Lucidity,Forbidden Idol,Moonstone Renewer,No_Item,Oracle Lens,Conqueror,Resolve,Fleet Footwork,Inspiration,Arcane Comet,Domination,Lethal Tempo,Inspiration,Aftershock,Inspiration,Conqueror,Resolve,Fleet Footwork,Inspiration,Conqueror,Inspiration,Arcane Comet,Precision,Summon Aery,Inspiration,Flash,Teleport,Smite,Flash,Teleport,Flash,Flash,Barrier,Flash,Ignite,Flash,Teleport,Smite,Flash,Teleport,Flash,Flash,Teleport,Heal,Flash,1,1,0,0,5,0
https://www.op.gg/summoners/euw/yebit-haha/matches/uRd1PvnOddqImSZPKq8-MojD1oCNaCfe-wt7wK77Xdg%3D/1733358056000,1,27,9,9,28,11,38,44,44,5,2,1,2,0,0,9,2,1,2,46943,37897,13.0,11.6,662,675,30.3,30.900000000000002,9046,-9046,2142.3651006711407,1729.5275167785232,Shen,Zac,Sylas,Smolder,Lulu,Mordekaiser,Viego,Aatrox,Caitlyn,Poppy,Titanic Hydra,No_Item,No_Item,Boots,No_Item,Heartsteel,Farsight Alteration,Randuin's Omen,Mejai's Soulstealer,Ruby Crystal,Spirit Visage,Sunfire Aegis,Ionian Boots of Lucidity,Oracle Lens,Shadowflame,Hextech Rocketbelt,Oblivion Orb,Mejai's Soulstealer,Amplifying Tome,Sorcerer's Shoes,Stealth Ward,Doran's Blade,Dagger,Plated Steelcaps,Essence Reaver,Spear of Shojin,Cloak of Agility,Farsight Alteration,Dream Maker,Redemption,Moonstone Renewer,Ionian Boots of Lucidity,Forbidden Idol,Ruby Crystal,Oracle Lens,Hextech Rocketbelt,Doran's Ring,Rylai's Crystal Scepter,Kindlegem,Ionian Boots of Lucidity,No_Item,Stealth Ward,Kraken Slayer,Ruby Crystal,Tiamat,Mercury's Treads,Executioner's Calling,No_Item,Oracle Lens,Doran's Blade,Refillable Potion,Mercury's Treads,Tunneler,Pickaxe,Eclipse,Stealth Ward,Doran's Blade,The Collector,Boots,Lord Dominik's Regards,Pickaxe,B. F. Sword,Farsight Alteration,Crystalline Bracer,Bloodsong,No_Item,Ruby Crystal,Trailblazer,Synchronized Souls,Oracle Lens,Grasp of the Undying,Domination,Aftershock,Inspiration,Conqueror,Resolve,Conqueror,Inspiration,Summon Aery,Resolve,Conqueror,Resolve,Conqueror,Inspiration,Conqueror,Resolve,Hail of Blades,Sorcery,Hail of Blades,Inspiration,Flash,Ignite,Smite,Flash,Teleport,Flash,Barrier,Flash,Flash,Heal,Flash,Ignite,Flash,Smite,Teleport,Flash,Flash,Barrier,Flash,Ignite,1,6,2,0,0,0
https://www.op.gg/summoners/euw/yebit-haha/matches/uRd1PvnOddr6tyvKAvJ6mRsIknE8Yv0K6F6k0qVi2NE%3D/1733356208000,1,37,20,20,37,30,46,55,46,15,7,2,0,1,0,7,2,3,0,55921,43017,14.0,12.2,730,667,30.900000000000002,28.3,12904,-12904,2364.139837398374,1818.6048780487806,Yone,Zac,Katarina,Caitlyn,Maokai,Ambessa,Ivern,Vladimir,Jhin,Sylas,Immortal Shieldbow,Blade of The Ruined King,Berserker's Greaves,No_Item,No_Item,No_Item,Stealth Ward,Randuin's Omen,Dark Seal,Negatron Cloak,Spirit Visage,Sunfire Aegis,Ionian Boots of Lucidity,Oracle Lens,Mejai's Soulstealer,Lich Bane,Seeker's Armguard,Sorcerer's Shoes,Rabadon's Deathcap,Stormsurge,Farsight Alteration,Doran's Blade,The Collector,Infinity Edge,Boots,Rapid Firecannon,Last Whisper,Farsight Alteration,Control Ward,Solstice Sleigh,Locket of the Iron Solari,Boots of Swiftness,Trailblazer,Bramble Vest,Oracle Lens,Voltaic Cyclosword,Eclipse,Mercury's Treads,Long Sword,Long Sword,Long Sword,Stealth Ward,Moonstone Renewer,Redemption,Forbidden Idol,Dark Seal,Ionian Boots of Lucidity,Forbidden Idol,Oracle Lens,Doran's Ring,Dark Seal,Ionian Boots of Lucidity,Cosmic Drive,Riftmaker,No_Item,Stealth Ward,Doran's Blade,No_Item,Youmuu's Ghostblade,Boots of Swiftness,B. F. Sword,The Collector,Farsight Alteration,Hextech Rocketbelt,Bloodsong,Sorcerer's Shoes,Needlessly Large Rod,Oblivion Orb,Control Ward,Oracle Lens,Lethal Tempo,Resolve,Aftershock,Inspiration,Dark Harvest,Precision,Fleet Footwork,Sorcery,Aftershock,Domination,Grasp of the Undying,Precision,Glacial Augment,Resolve,Summon Aery,Precision,Dark Harvest,Precision,Electrocute,Resolve,Flash,Teleport,Smite,Flash,Ignite,Teleport,Barrier,Flash,Ignite,Flash,Teleport,Ignite,Flash,Smite,Flash,Ignite,Barrier,Flash,Flash,Ignite,0,5,1,0,1,0
https://www.op.gg/summoners/euw/yebit-haha/matches/uRd1PvnOddommPUS18Q7rKSYjsclfvcEBqGqqROnqrU%3D/1733354259000,1,24,14,14,24,18,38,64,50,15,20,0,2,1,0,3,3,1,2,47068,41958,13.6,12.2,708,701,30.900000000000002,30.6,5110,-5110,2065.762222222222,1841.49,Kennen,Viego,Aurora,Ezreal,Alistar,Akshan,Kindred,Hwei,Ashe,Lulu,Hextech Rocketbelt,Needlessly Large Rod,Zhonya's Hourglass,Doran's Blade,No_Item,Sorcerer's Shoes,Farsight Alteration,Titanic Hydra,No_Item,Kraken Slayer,Tunneler,Pickaxe,Slightly Magical Footwear,Oracle Lens,Doran's Ring,Malignance,Ionian Boots of Lucidity,Shadowflame,Dark Seal,Amplifying Tome,Oracle Lens,Ionian Boots of Lucidity,Pickaxe,Tunneler,Doran's Blade,Trinity Force,Muramana,Farsight Alteration,Boots of Swiftness,Trailblazer,Bloodsong,Kindlegem,Cloth Armor,No_Item,Oracle Lens,Statikk Shiv,Slightly Magical Footwear,The Collector,Pickaxe,Doran's Blade,B. F. Sword,Stealth Ward,Control Ward,The Collector,Mercury's Treads,Trinity Force,No_Item,No_Item,Oracle Lens,Needlessly Large Rod,Blackfire Torch,Horizon Focus,Sorcerer's Shoes,Amplifying Tome,Control Ward,Farsight Alteration,Kraken Slayer,Berserker's Greaves,Zeal,Doran's Blade,Dagger,Dagger,Farsight Alteration,Redemption,Dream Maker,No_Item,Boots,Moonstone Renewer,No_Item,Oracle Lens,Electrocute,Inspiration,Press the Attack,Inspiration,Arcane Comet,Domination,Press the Attack,Inspiration,Aftershock,Inspiration,Press the Attack,Inspiration,Press the Attack,Inspiration,Arcane Comet,Precision,Lethal Tempo,Inspiration,Summon Aery,Resolve,Teleport,Flash,Smite,Flash,Teleport,Flash,Barrier,Flash,Ignite,Flash,Flash,Teleport,Smite,Flash,Flash,Teleport,Barrier,Flash,Flash,Heal,1,6,0,0,0,0
https://www.op.gg/summoners/euw/yebit-haha/matches/uRd1PvnOddqSCGNNEHFL_pBNpqf4XW_QAOPcGEa96t8%3D/1733351456000,1,50,36,36,50,37,57,62,67,14,9,3,1,1,0,8,3,4,1,68893,62345,16.4,15.4,921,841,29.2,26.6,6548,-6548,2190.4441025641026,1982.2512820512823,Ambessa,Fiddlesticks,Yone,Ezreal,Lux,Sett,Taliyah,Akshan,Draven,Xerath,Refillable Potion,Death's Dance,Plated Steelcaps,Spear of Shojin,No_Item,Eclipse,Oracle Lens,Liandry's Torment,Zhonya's Hourglass,Needlessly Large Rod,Malignance,Sorcerer's Shoes,Hextech Alternator,Scarecrow Effigy,B. F. Sword,Stridebreaker,Quicksilver Sash,Blade of The Ruined King,Berserker's Greaves,Immortal Shieldbow,Oracle Lens,Trinity Force,Muramana,Ionian Boots of Lucidity,Null-Magic Mantle,Bloodthirster,Last Whisper,Farsight Alteration,Luden's Companion,Seeker's Armguard,Rabadon's Deathcap,Zaz'Zak's Realmspike,Boots of Swiftness,Mejai's Soulstealer,Oracle Lens,Plated Steelcaps,Stridebreaker,Black Cleaver,Doran's Blade,Tunneler,Ruby Crystal,Farsight Alteration,Shadowflame,Blackfire Torch,Needlessly Large Rod,Sorcerer's Shoes,Banshee's Veil,Needlessly Large Rod,Oracle Lens,No_Item,No_Item,Boots of Swiftness,No_Item,No_Item,No_Item,Stealth Ward,Bloodthirster,Berserker's Greaves,Infinity Edge,Doran's Blade,The Collector,Lord Dominik's Regards,Farsight Alteration,Mejai's Soulstealer,Rabadon's Deathcap,Zaz'Zak's Realmspike,Sorcerer's Shoes,Blighting Jewel,Luden's Companion,Oracle Lens,Grasp of the Undying,Domination,Electrocute,Inspiration,Lethal Tempo,Resolve,Press the Attack,Inspiration,Arcane Comet,Precision,Conqueror,Resolve,Dark Harvest,Inspiration,Press the Attack,Inspiration,Lethal Tempo,Domination,Arcane Comet,Inspiration,Flash,Teleport,Smite,Flash,Teleport,Flash,Flash,Barrier,Flash,Heal,Ghost,Flash,Flash,Smite,Flash,Teleport,Cleanse,Flash,Heal,Flash,1,5,2,0,1,0
https://www.op.gg/summoners/euw/yebit-haha/matches/uRd1PvnOddo7LtC8Gy9umh1wU7lHHDAqakU4k2-OElU%3D/1733184649000,1,18,12,12,18,16,36,55,55,24,24,1,2,1,0,8,3,2,2,49186,41802,13.0,12.2,755,730,32.6,31.4,7384,-7384,2121.14625,1802.71125,Camille,Viego,Hwei,Samira,Janna,K'Sante,Vi,Azir,Ashe,Braum,Trinity Force,Mercury's Treads,Ravenous Hydra,Doran's Blade,Ruby Crystal,Long Sword,Oracle Lens,Titanic Hydra,Sterak's Gage,Kraken Slayer,No_Item,No_Item,Slightly Magical Footwear,Oracle Lens,Blackfire Torch,Sorcerer's Shoes,Liandry's Torment,Doran's Ring,Amplifying Tome,Amplifying Tome,Farsight Alteration,Doran's Blade,The Collector,Infinity Edge,Last Whisper,Noonquiver,Boots,Farsight Alteration,Dream Maker,Bandleglass Mirror,Shurelya's Battlesong,Kindlegem,Boots of Swiftness,No_Item,Oracle Lens,Doran's Shield,Iceborn Gauntlet,Fimbulwinter,Plated Steelcaps,No_Item,No_Item,Stealth Ward,Black Cleaver,Sundered Sky,Plated Steelcaps,Long Sword,Ruby Crystal,No_Item,Oracle Lens,Rabadon's Deathcap,No_Item,Dark Seal,Nashor's Tooth,Shadowflame,Sorcerer's Shoes,Farsight Alteration,Hearthbound Axe,Statikk Shiv,Rectrix,Recurve Bow,Berserker's Greaves,No_Item,Stealth Ward,Solstice Sleigh,Plated Steelcaps,Locket of the Iron Solari,Kindlegem,Cloth Armor,Control Ward,Oracle Lens,Grasp of the Undying,Sorcery,Conqueror,Inspiration,Arcane Comet,Precision,Conqueror,Domination,Summon Aery,Resolve,Grasp of the Undying,Inspiration,Conqueror,Inspiration,Summon Aery,Resolve,Lethal Tempo,Inspiration,Guardian,Inspiration,Flash,Teleport,Smite,Flash,Flash,Teleport,Flash,Barrier,Flash,Heal,Teleport,Flash,Flash,Smite,Teleport,Flash,Barrier,Flash,Flash,Heal,0,4,1,1,2,1
https://www.op.gg/summoners/euw/yebit-haha/matches/uRd1PvnOddoFV8nPqJh9U0nB-0O5Lp2-wdyjE4DIsu0%3D/1733181743000,1,50,35,35,50,41,74,120,73,34,30,5,0,2,0,9,5,7,0,79641,68569,17.4,16.0,1041,1001,29.599999999999998,28.5,11072,-11072,2266.2073170731705,1951.150406504065,Zed,Zyra,Akali,Corki,Pyke,K'Sante,Talon,Sylas,Ashe,Blitzcrank,Edge of Night,Ionian Boots of Lucidity,Eclipse,Serylda's Grudge,Opportunity,The Brutalizer,Stealth Ward,Sorcerer's Shoes,Zhonya's Hourglass,Your Cut,Liandry's Torment,Verdant Barrier,Rylai's Crystal Scepter,Oracle Lens,Stormsurge,Shadowflame,Blighting Jewel,Dark Seal,Rabadon's Deathcap,Sorcerer's Shoes,Oracle Lens,Plated Steelcaps,Trinity Force,Mercurial Scimitar,Infinity Edge,Lord Dominik's Regards,Muramana,Farsight Alteration,Celestial Opposition,Edge of Night,Umbral Glaive,Ionian Boots of Lucidity,Watchful Wardstone,Serrated Dirk,Oracle Lens,"Jak'Sho, The Protean",Randuin's Omen,Unending Despair,Iceborn Gauntlet,Plated Steelcaps,Kaenic Rookern,Oracle Lens,Boots of Swiftness,Youmuu's Ghostblade,Black Cleaver,Hubris,Eclipse,Opportunity,Oracle Lens,Hextech Rocketbelt,Shadowflame,Rabadon's Deathcap,Blasting Wand,Sorcerer's Shoes,Blighting Jewel,Farsight Alteration,Bloodthirster,Pickaxe,No_Item,Yun Tal Wildarrows,Phantom Dancer,Berserker's Greaves,Farsight Alteration,Boots of Swiftness,Locket of the Iron Solari,Redemption,Celestial Opposition,Refillable Potion,Giant's Belt,Oracle Lens,First Strike,Precision,Arcane Comet,Precision,Electrocute,Precision,Conqueror,Inspiration,Hail of Blades,Resolve,Grasp of the Undying,Inspiration,Conqueror,Inspiration,Electrocute,Sorcery,Lethal Tempo,Inspiration,Aftershock,Inspiration,Teleport,Flash,Smite,Flash,Flash,Teleport,Barrier,Flash,Flash,Ignite,Teleport,Flash,Ignite,Smite,Teleport,Flash,Barrier,Flash,Flash,Ignite,1,6,1,0,0,0
https://www.op.gg/summoners/euw/yebit-haha/matches/uRd1PvnOddovZCaCD4ULQ2Em_Aey8vuwSXYgDWrUJNM%3D/1733178679000,1,40,22,22,40,38,77,77,79,17,27,1,2,0,1,7,3,1,3,57806,53949,14.4,14.0,748,846,25.4,28.900000000000002,3857,-3857,1952.9054054054054,1822.6013513513512,K'Sante,Zac,Yone,Ashe,Maokai,Teemo,Elise,Irelia,Varus,Lulu,Frozen Heart,No_Item,Kaenic Rookern,Mercury's Treads,Iceborn Gauntlet,Bramble Vest,Farsight Alteration,Mejai's Soulstealer,Negatron Cloak,Unending Despair,Spirit Visage,Sunfire Aegis,Ionian Boots of Lucidity,Oracle Lens,Doran's Blade,Infinity Edge,Blade of The Ruined King,Immortal Shieldbow,Berserker's Greaves,Negatron Cloak,Stealth Ward,Trinity Force,Statikk Shiv,Recurve Bow,Berserker's Greaves,Doran's Blade,Hearthbound Axe,Farsight Alteration,Locket of the Iron Solari,Celestial Opposition,Thornmail,No_Item,No_Item,Mercury's Treads,Oracle Lens,Doran's Ring,Boots of Swiftness,Malignance,Liandry's Torment,Dark Seal,Cryptbloom,Stealth Ward,Sorcerer's Shoes,Dark Seal,Shattered Armguard,Stormsurge,Oblivion Orb,Void Staff,Oracle Lens,Sundered Sky,Blade of The Ruined King,No_Item,Wit's End,Plated Steelcaps,Null-Magic Mantle,Stealth Ward,Guinsoo's Rageblade,Berserker's Greaves,Terminus,Null-Magic Mantle,Blade of The Ruined King,Doran's Blade,Farsight Alteration,Mikael's Blessing,Dream Maker,No_Item,Moonstone Renewer,Ionian Boots of Lucidity,Amplifying Tome,Oracle Lens,Aftershock,Inspiration,Aftershock,Inspiration,Lethal Tempo,Resolve,Press the Attack,Inspiration,Aftershock,Domination,Grasp of the Undying,Precision,Dark Harvest,Precision,Conqueror,Resolve,Lethal Tempo,Inspiration,Summon Aery,Resolve,Teleport,Flash,Smite,Flash,Teleport,Flash,Flash,Cleanse,Flash,Ignite,Teleport,Flash,Flash,Smite,Teleport,Flash,Flash,Cleanse,Flash,Ignite,1,5,1,0,1,0
https://www.op.gg/summoners/euw/yebit-haha/matches/uRd1PvnOddrGce6lLhqya4S6KSSALMPVpkSQzBwMW8A%3D/1733172645000,0,13,27,27,13,42,19,41,38,9,11,0,1,0,0,1,6,0,1,33870,43280,11.0,12.0,591,657,30.4,33.8,-9410,9410,1744.818181818182,2229.575757575758,K'Sante,Skarner,Syndra,Corki,Nautilus,Riven,Bel'Veth,Azir,Ezreal,Leona,Doran's Shield,Refillable Potion,Plated Steelcaps,Thornmail,Iceborn Gauntlet,Negatron Cloak,Farsight Alteration,Pickaxe,Heartsteel,Tunneler,Ruby Crystal,Slightly Magical Footwear,No_Item,Oracle Lens,Doran's Ring,Ionian Boots of Lucidity,Luden's Companion,Hextech Alternator,Amplifying Tome,No_Item,Farsight Alteration,Doran's Blade,Muramana,Control Ward,Trinity Force,Boots,No_Item,Farsight Alteration,Celestial Opposition,Locket of the Iron Solari,Mercury's Treads,Ruby Crystal,No_Item,No_Item,Oracle Lens,Doran's Blade,Refillable Potion,No_Item,Sundered Sky,Black Cleaver,Boots,Stealth Ward,No_Item,Kraken Slayer,Stridebreaker,Plated Steelcaps,Control Ward,No_Item,Oracle Lens,Doran's Ring,Control Ward,Nashor's Tooth,Seeker's Armguard,Mercury's Treads,Shadowflame,Farsight Alteration,Doran's Blade,Ionian Boots of Lucidity,Trinity Force,Muramana,Long Sword,No_Item,Farsight Alteration,Bloodsong,Mercury's Treads,Ruby Crystal,Locket of the Iron Solari,Control Ward,No_Item,Oracle Lens,Grasp of the Undying,Inspiration,Aftershock,Inspiration,Summon Aery,Inspiration,Conqueror,Inspiration,Aftershock,Inspiration,Conqueror,Resolve,Conqueror,Inspiration,Summon Aery,Resolve,Conqueror,Inspiration,Aftershock,Inspiration,Teleport,Flash,Flash,Smite,Flash,Teleport,Flash,Barrier,Flash,Ignite,Teleport,Flash,Flash,Smite,Teleport,Flash,Barrier,Flash,Flash,Ignite,0,1,0,1,3,0
https://www.op.gg/summoners/euw/yebit-haha/matches/uRd1PvnOddpIA0RcrmzG-MW139mN4yg8CdL77XI9sHw%3D/1733170561000,0,34,32,32,34,50,44,56,65,17,12,3,1,1,1,9,7,4,2,66895,69915,16.4,17.4,1006,1064,29.8,31.4,-3020,3020,1967.5,2056.323529411765,K'Sante,Talon,Aurora,Ezreal,Shaco,Kennen,Evelynn,Yone,Ashe,Lulu,Unending Despair,No_Item,Randuin's Omen,Kaenic Rookern,"Jak'Sho, The Protean",Mercury's Treads,Oracle Lens,Youmuu's Ghostblade,Serpent's Fang,Opportunity,Edge of Night,Axiom Arc,Ionian Boots of Lucidity,Oracle Lens,Rabadon's Deathcap,No_Item,Sorcerer's Shoes,Malignance,Cosmic Drive,No_Item,Farsight Alteration,Ionian Boots of Lucidity,Control Ward,Bloodthirster,Trinity Force,Muramana,Spear of Shojin,Farsight Alteration,Bloodsong,Opportunity,Youmuu's Ghostblade,Boots of Swiftness,Edge of Night,No_Item,Oracle Lens,Sorcerer's Shoes,Shattered Armguard,Hextech Rocketbelt,Shadowflame,No_Item,No_Item,Farsight Alteration,Lich Bane,Dark Seal,Sorcerer's Shoes,Rabadon's Deathcap,Void Staff,Verdant Barrier,Farsight Alteration,Immortal Shieldbow,Steel Sigil,Glowing Mote,Berserker's Greaves,Infinity Edge,Blade of The Ruined King,Farsight Alteration,Kraken Slayer,Runaan's Hurricane,Infinity Edge,Mortal Reminder,Vampiric Scepter,Berserker's Greaves,Farsight Alteration,Dream Maker,Mejai's Soulstealer,Ardent Censer,Boots of Swiftness,Moonstone Renewer,Forbidden Idol,Oracle Lens,Aftershock,Inspiration,Electrocute,Inspiration,Electrocute,Sorcery,Press the Attack,Inspiration,Hail of Blades,Precision,Electrocute,Inspiration,Electrocute,Sorcery,Lethal Tempo,Resolve,Lethal Tempo,Inspiration,Summon Aery,Inspiration,Exhaust,Teleport,Flash,Smite,Flash,Teleport,Cleanse,Flash,Flash,Ignite,Teleport,Flash,Flash,Smite,Teleport,Flash,Flash,Barrier,Flash,Heal,1,6,2,0,0,1
https://www.op.gg/summoners/euw/yebit-haha/matches/uRd1PvnOddpHW9j2QZJUBzlUvb5ptr0RptnSaXJ2wiI%3D/1733167669000,1,45,22,22,45,25,51,53,50,28,24,0,0,0,0,6,1,0,0,51264,39841,13.2,11.4,695,579,32.9,27.3,11423,-11423,2405.464615384615,1869.4623076923076,Riven,Shaco,Malzahar,Corki,Renata Glasc,Anivia,Poppy,Akshan,Karthus,Pyke,Doran's Blade,Ionian Boots of Lucidity,Ravenous Hydra,Black Cleaver,Death's Dance,No_Item,Stealth Ward,Opportunity,Stridebreaker,Youmuu's Ghostblade,Boots of Swiftness,Long Sword,No_Item,Oracle Lens,Malignance,Liandry's Torment,Ionian Boots of Lucidity,Blasting Wand,Giant's Belt,Amplifying Tome,Farsight Alteration,Doran's Blade,Manamune,Trinity Force,Rapid Firecannon,Cloak of Agility,Slightly Magical Footwear,Farsight Alteration,Locket of the Iron Solari,Celestial Opposition,Control Ward,Ionian Boots of Lucidity,Forbidden Idol,Kindlegem,Oracle Lens,Liandry's Torment,Malignance,Boots of Swiftness,No_Item,No_Item,No_Item,Farsight Alteration,Dead Man's Plate,Locket of the Iron Solari,Bami's Cinder,Plated Steelcaps,Ruby Crystal,No_Item,Oracle Lens,Doran's Blade,Statikk Shiv,Cloak of Agility,Mercury's Treads,The Collector,Pickaxe,Farsight Alteration,Shadowflame,Blackfire Torch,No_Item,Sorcerer's Shoes,No_Item,No_Item,Farsight Alteration,Ruby Crystal,Celestial Opposition,Control Ward,Umbral Glaive,Ionian Boots of Lucidity,Serrated Dirk,Oracle Lens,Conqueror,Sorcery,Hail of Blades,Inspiration,Arcane Comet,Domination,Conqueror,Inspiration,Guardian,Domination,Phase Rush,Precision,Phase Rush,Inspiration,Press the Attack,Inspiration,Dark Harvest,Precision,Hail of Blades,Inspiration,Flash,Ignite,Flash,Smite,Flash,Teleport,Flash,Barrier,Exhaust,Flash,Flash,Teleport,Flash,Smite,Teleport,Flash,Exhaust,Flash,Ignite,Flash,0,4,0,0,2,0
https://www.op.gg/summoners/euw/yebit-haha/matches/uRd1PvnOddrKizjmCjYdZ7MKBxJBBZONt_xKCbOwtsQ%3D/1733144615000,1,44,35,35,44,34,60,70,103,44,25,2,1,2,0,11,6,4,1,76260,69465,17.4,16.4,1023,1086,30.0,31.9,6795,-6795,2242.9411764705883,2043.0882352941176,Ambessa,Udyr,Sylas,Caitlyn,Lux,Irelia,Elise,Vex,Corki,Blitzcrank,Spear of Shojin,Maw of Malmortius,Eclipse,Steel Sigil,Mercury's Treads,Control Ward,Stealth Ward,Liandry's Torment,Randuin's Omen,Bramble Vest,Force of Nature,Mercury's Treads,Dead Man's Plate,Oracle Lens,Hextech Rocketbelt,Zhonya's Hourglass,Void Staff,Shadowflame,Sorcerer's Shoes,Rabadon's Deathcap,Oracle Lens,Infinity Edge,The Collector,Berserker's Greaves,B. F. Sword,Rapid Firecannon,Scout's Slingshot,Farsight Alteration,Sorcerer's Shoes,Luden's Companion,Horizon Focus,Zaz'Zak's Realmspike,Needlessly Large Rod,Void Staff,Oracle Lens,Sterak's Gage,Tunneler,Mercury's Treads,Blade of The Ruined King,Sundered Sky,Kraken Slayer,Stealth Ward,Shadowflame,Control Ward,Zhonya's Hourglass,Sorcerer's Shoes,Blighting Jewel,Stormsurge,Oracle Lens,Rabadon's Deathcap,Zhonya's Hourglass,Sorcerer's Shoes,Blighting Jewel,Shadowflame,Luden's Companion,Oracle Lens,Lord Dominik's Regards,Cloak of Agility,Mercury's Treads,Muramana,Trinity Force,Rapid Firecannon,Farsight Alteration,Boots of Swiftness,Locket of the Iron Solari,Celestial Opposition,Abyssal Mask,Control Ward,Kindlegem,Oracle Lens,Conqueror,Resolve,Conqueror,Inspiration,Electrocute,Precision,Fleet Footwork,Sorcery,Arcane Comet,Inspiration,Conqueror,Inspiration,Dark Harvest,Precision,Electrocute,Sorcery,Conqueror,Inspiration,Glacial Augment,Sorcery,Flash,Teleport,Flash,Smite,Teleport,Flash,Flash,Barrier,Heal,Flash,Teleport,Flash,Smite,Flash,Teleport,Flash,Cleanse,Flash,Flash,Ignite,1,3,4,0,3,0
https://www.op.gg/summoners/euw/yebit-haha/matches/uRd1PvnOddoOhkntoVlhHnqdZ0Tqypw8tT-cFKBrgm8%3D/1733084546000,1,22,6,6,22,9,39,61,44,9,11,1,1,0,0,9,0,1,1,44961,31362,12.0,11.0,698,614,35.2,31.0,13599,-13599,2274.1901162790696,1586.3337209302322,Yone,Rengar,Azir,Ziggs,Rakan,Renekton,Zyra,Smolder,Ashe,Nautilus,Doran's Blade,Tiamat,Phage,Blade of The Ruined King,Berserker's Greaves,Dagger,Farsight Alteration,No_Item,Profane Hydra,Voltaic Cyclosword,Ionian Boots of Lucidity,Last Whisper,No_Item,Stealth Ward,Doran's Ring,Shattered Armguard,Needlessly Large Rod,Nashor's Tooth,Sorcerer's Shoes,Dark Seal,Farsight Alteration,Doran's Ring,Hextech Alternator,Horizon Focus,Luden's Companion,Aether Wisp,Sorcerer's Shoes,Farsight Alteration,Mercury's Treads,Mikael's Blessing,Kindlegem,Control Ward,Cloth Armor,Celestial Opposition,Oracle Lens,Refillable Potion,Eclipse,Plated Steelcaps,Long Sword,Ruby Crystal,Doran's Blade,Stealth Ward,Liandry's Torment,Hextech Alternator,Ionian Boots of Lucidity,No_Item,Dark Seal,No_Item,Oracle Lens,Last Whisper,Ionian Boots of Lucidity,Refillable Potion,Hubris,Doran's Blade,Cloak of Agility,Stealth Ward,Zeal,Scout's Slingshot,No_Item,Berserker's Greaves,Kraken Slayer,Doran's Blade,Farsight Alteration,Bloodsong,Mercury's Treads,Cloth Armor,Kindlegem,Null-Magic Mantle,No_Item,Oracle Lens,Grasp of the Undying,Precision,Conqueror,Domination,Summon Aery,Precision,Arcane Comet,Inspiration,Guardian,Domination,Conqueror,Resolve,Electrocute,Precision,Fleet Footwork,Inspiration,Lethal Tempo,Inspiration,Aftershock,Inspiration,Teleport,Flash,Smite,Flash,Teleport,Flash,Teleport,Flash,Flash,Heal,Teleport,Flash,Flash,Smite,Teleport,Flash,Flash,Barrier,Ignite,Flash,1,6,1,0,0,0
https://www.op.gg/summoners/euw/yebit-haha/matches/uRd1PvnOddrOucpZFJVpdhJyL-6SFIYBdlSmna_Y3GQ%3D/1733082932000,1,34,7,7,34,9,59,63,63,6,20,1,0,0,0,8,1,1,0,50396,36782,12.6,11.2,704,677,30.6,29.400000000000002,13614,-13614,2184.6541871921186,1594.4906403940888,Aurora,Lee Sin,Sylas,Ashe,Pyke,Darius,Taliyah,Zed,Ezreal,Leona,Doran's Ring,Amplifying Tome,Amplifying Tome,Boots of Swiftness,Liandry's Torment,Cosmic Drive,Oracle Lens,Sundered Sky,Eclipse,Tunneler,Mercury's Treads,Control Ward,No_Item,Stealth Ward,No_Item,Hextech Rocketbelt,Zhonya's Hourglass,Dark Seal,Mercury's Treads,Lich Bane,Oracle Lens,Doran's Blade,Berserker's Greaves,Kraken Slayer,Phantom Dancer,Bloodthirster,No_Item,Farsight Alteration,Celestial Opposition,Youmuu's Ghostblade,No_Item,Mercury's Treads,Serrated Dirk,Long Sword,Oracle Lens,Stridebreaker,Pickaxe,Ruby Crystal,Ruby Crystal,Boots of Swiftness,Doran's Shield,Stealth Ward,Luden's Companion,No_Item,Zhonya's Hourglass,Slightly Magical Footwear,Dark Seal,No_Item,Oracle Lens,Refillable Potion,Voltaic Cyclosword,Ionian Boots of Lucidity,Edge of Night,Serrated Dirk,Pickaxe,Oracle Lens,Doran's Blade,No_Item,No_Item,Muramana,Trinity Force,Ionian Boots of Lucidity,Farsight Alteration,Plated Steelcaps,Locket of the Iron Solari,Control Ward,Bloodsong,No_Item,No_Item,Oracle Lens,Electrocute,Sorcery,Conqueror,Inspiration,Electrocute,Resolve,Lethal Tempo,Inspiration,Hail of Blades,Sorcery,Conqueror,Sorcery,Dark Harvest,Inspiration,Electrocute,Precision,Press the Attack,Inspiration,Aftershock,Domination,Teleport,Flash,Flash,Smite,Teleport,Flash,Cleanse,Flash,Ignite,Flash,Flash,Ghost,Smite,Flash,Teleport,Flash,Flash,Barrier,Flash,Ignite,1,6,1,0,0,0
https://www.op.gg/summoners/euw/yebit-haha/matches/uRd1PvnOddpeCS4ob0AGNDMobFwU42HdDlyhlzOBckI%3D/1733077961000,1,39,25,26,39,59,66,75,68,25,18,2,2,1,1,11,1,3,3,67111,54134,15.8,14.2,923,813,31.8,28.0,12977,-12977,2309.866976744186,1863.2167441860465,Aatrox,Viego,Akali,Ezreal,Leona,Hwei,Skarner,Yone,Ashe,Seraphine,Doran's Shield,Voltaic Cyclosword,Serylda's Grudge,Mercury's Treads,Spear of Shojin,Sundered Sky,Oracle Lens,Titanic Hydra,Kraken Slayer,Mercury's Treads,Death's Dance,No_Item,No_Item,Stealth Ward,Quicksilver Sash,Hextech Rocketbelt,Zhonya's Hourglass,Dark Seal,Shadowflame,Sorcerer's Shoes,Oracle Lens,Doran's Blade,Muramana,Trinity Force,Ionian Boots of Lucidity,Serylda's Grudge,Long Sword,Farsight Alteration,Bloodsong,Knight's Vow,Mercury's Treads,Locket of the Iron Solari,No_Item,No_Item,Oracle Lens,Sorcerer's Shoes,Seraph's Embrace,Haunting Guise,Dark Seal,Blackfire Torch,Fated Ashes,Farsight Alteration,Chain Vest,Heartsteel,Plated Steelcaps,Unending Despair,Giant's Belt,Null-Magic Mantle,Oracle Lens,Berserker's Greaves,B. F. Sword,Blade of The Ruined King,Doran's Shield,Immortal Shieldbow,Cloak of Agility,Farsight Alteration,Infinity Edge,Executioner's Calling,Kraken Slayer,Berserker's Greaves,Runaan's Hurricane,Last Whisper,Farsight Alteration,Dream Maker,Redemption,Moonstone Renewer,Dawncore,No_Item,Ionian Boots of Lucidity,Oracle Lens,Conqueror,Resolve,Conqueror,Inspiration,Electrocute,Resolve,Conqueror,Sorcery,Aftershock,Inspiration,Summon Aery,Precision,Grasp of the Undying,Inspiration,Lethal Tempo,Resolve,Lethal Tempo,Inspiration,Guardian,Sorcery,Flash,Teleport,Flash,Smite,Teleport,Flash,Flash,Cleanse,Flash,Ignite,Teleport,Flash,Smite,Flash,Flash,Teleport,Cleanse,Flash,Heal,Flash,1,6,2,0,0,0
https://www.op.gg/summoners/euw/yebit-haha/matches/uRd1PvnOddrnfNKycjdh6C8pti2JnrpLvwsZdnsMg8I%3D/1733075791000,0,20,30,30,20,44,27,59,69,26,18,1,3,0,1,4,10,1,4,50854,60368,13.6,15.0,851,918,30.9,33.4,-9514,9514,1844.3528169014085,2189.4028169014086,Qiyana,Jarvan IV,Swain,Ezreal,Bard,Azir,Skarner,Lee Sin,Aphelios,Janna,Ionian Boots of Lucidity,Youmuu's Ghostblade,Caulfield's Warhammer,Serpent's Fang,Opportunity,Long Sword,Oracle Lens,Plated Steelcaps,Sundered Sky,Glacial Buckler,Black Cleaver,Warden's Mail,No_Item,Oracle Lens,Blackfire Torch,Boots of Swiftness,Liandry's Torment,Needlessly Large Rod,Doran's Ring,Shattered Armguard,Oracle Lens,Serylda's Grudge,Trinity Force,Muramana,Ionian Boots of Lucidity,Long Sword,Doran's Blade,Farsight Alteration,Locket of the Iron Solari,Bloodsong,Control Ward,No_Item,Knight's Vow,Ionian Boots of Lucidity,Oracle Lens,Nashor's Tooth,Zhonya's Hourglass,Control Ward,Sorcerer's Shoes,Doran's Ring,Shadowflame,Farsight Alteration,Unending Despair,Negatron Cloak,Plated Steelcaps,Chain Vest,Ruby Crystal,Heartsteel,Oracle Lens,Profane Hydra,No_Item,Ionian Boots of Lucidity,Edge of Night,Eclipse,Dead Man's Plate,Stealth Ward,Doran's Blade,The Collector,Infinity Edge,Berserker's Greaves,Noonquiver,No_Item,Farsight Alteration,Dream Maker,Shurelya's Battlesong,Boots of Swiftness,Dark Seal,Ardent Censer,Forbidden Idol,Oracle Lens,Electrocute,Precision,Conqueror,Inspiration,Conqueror,Resolve,Press the Attack,Inspiration,Guardian,Domination,Conqueror,Sorcery,Aftershock,Inspiration,Conqueror,Resolve,Press the Attack,Inspiration,Summon Aery,Inspiration,Flash,Teleport,Smite,Flash,Teleport,Flash,Barrier,Flash,Flash,Heal,Teleport,Flash,Smite,Flash,Teleport,Flash,Flash,Barrier,Flash,Heal,0,6,0,1,0,1
https://www.op.gg/summoners/euw/yebit-haha/matches/uRd1PvnOddrF6uuoucn0Xkmvr0xZr8L4zy2AQXJxRfs%3D/1733073652000,1,37,19,19,37,33,60,74,60,24,23,3,0,1,0,10,3,4,0,57991,46068,14.2,12.8,792,706,32.4,28.9,11923,-11923,2380.6831578947367,1891.2126315789471,Cho'Gath,Elise,Yasuo,Corki,Rell,Renekton,Nocturne,Azir,Ashe,Rakan,Heartsteel,Plated Steelcaps,Thornmail,Negatron Cloak,Spectre's Cowl,Doran's Ring,Stealth Ward,Void Staff,Liandry's Torment,Needlessly Large Rod,Dark Seal,Stormsurge,Sorcerer's Shoes,Oracle Lens,Doran's Shield,Blade of The Ruined King,No_Item,Immortal Shieldbow,Refillable Potion,Berserker's Greaves,Farsight Alteration,Doran's Blade,No_Item,Trinity Force,Rapid Firecannon,Plated Steelcaps,Muramana,Farsight Alteration,Solstice Sleigh,Control Ward,Ionian Boots of Lucidity,Knight's Vow,Kindlegem,Zeke's Convergence,Oracle Lens,Mercury's Treads,Black Cleaver,Sterak's Gage,Control Ward,Long Sword,No_Item,Oracle Lens,Mercury's Treads,Stridebreaker,Experimental Hexplate,Phage,Ruby Crystal,No_Item,Farsight Alteration,Shadowflame,Seeker's Armguard,Sorcerer's Shoes,No_Item,Dark Seal,Nashor's Tooth,Oracle Lens,Kraken Slayer,Berserker's Greaves,Trinity Force,Dagger,Dagger,Doran's Blade,Farsight Alteration,Celestial Opposition,Kindlegem,Control Ward,Cloth Armor,Zeke's Convergence,Mercury's Treads,Oracle Lens,Grasp of the Undying,Precision,Dark Harvest,Precision,Fleet Footwork,Resolve,Conqueror,Inspiration,Aftershock,Inspiration,Conqueror,Resolve,Lethal Tempo,Domination,Conqueror,Sorcery,Lethal Tempo,Inspiration,Guardian,Inspiration,Teleport,Flash,Flash,Smite,Flash,Teleport,Flash,Barrier,Flash,Ignite,Flash,Teleport,Flash,Smite,Teleport,Flash,Flash,Cleanse,Flash,Heal,1,1,2,0,2,0
https://www.op.gg/summoners/euw/yebit-haha/matches/uRd1PvnOddrA7vwCjMqvuabj3s6ZR01PfP0pypzVyr0%3D/1733069698000,0,8,23,23,8,27,6,39,60,15,18,0,2,0,1,2,9,0,3,40746,52523,12.8,14.2,786,827,33.4,35.1,-11777,11777,1727.9717277486911,2227.4151832460734,Ambessa,Rengar,Gwen,Aphelios,Thresh,Garen,Bel'Veth,Ryze,Fiora,Rakan,Doran's Blade,Refillable Potion,Control Ward,Voltaic Cyclosword,Plated Steelcaps,Spear of Shojin,Farsight Alteration,Youmuu's Ghostblade,Opportunity,Long Sword,No_Item,Long Sword,Boots,Oracle Lens,Amplifying Tome,Riftmaker,Dark Seal,Nashor's Tooth,Sorcerer's Shoes,Needlessly Large Rod,Oracle Lens,Doran's Blade,Youmuu's Ghostblade,The Collector,Berserker's Greaves,Long Sword,Long Sword,Farsight Alteration,Solstice Sleigh,Locket of the Iron Solari,Control Ward,Ruby Crystal,Plated Steelcaps,No_Item,Oracle Lens,No_Item,Stridebreaker,Cloak of Agility,B. F. Sword,Plated Steelcaps,Mortal Reminder,Farsight Alteration,Kraken Slayer,Stridebreaker,Pickaxe,Plated Steelcaps,Long Sword,Recurve Bow,Oracle Lens,Seraph's Embrace,Refillable Potion,Zhonya's Hourglass,Synchronized Souls,Cosmic Drive,Cloth Armor,Oracle Lens,Doran's Blade,Ravenous Hydra,Rectrix,Rectrix,Hullbreaker,Boots,Farsight Alteration,Celestial Opposition,Locket of the Iron Solari,No_Item,Mercury's Treads,Forbidden Idol,Kindlegem,Oracle Lens,Conqueror,Resolve,Conqueror,Domination,Conqueror,Resolve,Press the Attack,Sorcery,Aftershock,Inspiration,Conqueror,Sorcery,Conqueror,Domination,Phase Rush,Precision,Fleet Footwork,Domination,Guardian,Domination,Teleport,Flash,Smite,Flash,Flash,Teleport,Flash,Heal,Ignite,Flash,Ignite,Flash,Flash,Smite,Flash,Teleport,Barrier,Flash,Ignite,Flash,0,4,0,1,2,1
https://www.op.gg/summoners/euw/yebit-haha/matches/uRd1PvnOddo40AqoTZRS6kvtDTzjARJ_LNj-nhPqGq0%3D/1733067643000,1,35,26,26,35,39,60,79,88,36,24,1,4,2,0,9,2,3,4,75094,62726,16.8,16.0,1105,1057,32.9,31.400000000000002,12368,-12368,2240.1991596638654,1871.2378151260502,Gragas,Ambessa,Azir,Draven,Maokai,Kennen,Viego,Hwei,Jhin,Rell,Doran's Ring,Zhonya's Hourglass,Ionian Boots of Lucidity,Cosmic Drive,No_Item,Fimbulwinter,Stealth Ward,Spear of Shojin,Voltaic Cyclosword,Sterak's Gage,Mercury's Treads,Negatron Cloak,No_Item,Oracle Lens,Nashor's Tooth,Zhonya's Hourglass,Rabadon's Deathcap,Mercury's Treads,Dark Seal,Stormsurge,Farsight Alteration,The Collector,Lord Dominik's Regards,Berserker's Greaves,Bloodthirster,Infinity Edge,Rapid Firecannon,Farsight Alteration,Locket of the Iron Solari,Solstice Sleigh,Abyssal Mask,No_Item,Plated Steelcaps,Kindlegem,Oracle Lens,Zhonya's Hourglass,Shadowflame,Dark Seal,Void Staff,Sorcerer's Shoes,Needlessly Large Rod,Stealth Ward,Sundered Sky,Kraken Slayer,Cloth Armor,Slightly Magical Footwear,Sterak's Gage,Cloth Armor,Oracle Lens,Void Staff,Blackfire Torch,Shattered Armguard,Dark Seal,Sorcerer's Shoes,Rabadon's Deathcap,Farsight Alteration,The Collector,Lord Dominik's Regards,Boots of Swiftness,Hubris,Serrated Dirk,Doran's Blade,Farsight Alteration,Chain Vest,Locket of the Iron Solari,Celestial Opposition,Mercury's Treads,Kindlegem,Zeke's Convergence,Oracle Lens,Phase Rush,Inspiration,Conqueror,Inspiration,Summon Aery,Precision,Lethal Tempo,Sorcery,Aftershock,Inspiration,Electrocute,Sorcery,Conqueror,Inspiration,Arcane Comet,Precision,Dark Harvest,Precision,Aftershock,Inspiration,Flash,Teleport,Flash,Smite,Teleport,Flash,Flash,Cleanse,Exhaust,Flash,Flash,Teleport,Smite,Flash,Flash,Teleport,Barrier,Flash,Flash,Ignite,1,3,1,0,3,0
https://www.op.gg/summoners/euw/yebit-haha/matches/uRd1PvnOddpc54LQbyTHTqJxPxT4yz6elurUd50cLds%3D/1733064968000,0,13,32,32,13,55,14,48,47,6,10,1,2,0,1,3,7,1,3,41058,49384,12.2,13.4,720,667,31.7,29.3,-8326,8326,1803.222972972973,2168.8918918918916,Irelia,Nidalee,Cassiopeia,Corki,Maokai,K'Sante,Vi,Ahri,Ezreal,Bard,Doran's Blade,Blade of The Ruined King,Plated Steelcaps,Kraken Slayer,Sundered Sky,Steel Sigil,Farsight Alteration,Liandry's Torment,Hextech Alternator,Elixir of Sorcery,No_Item,Dark Seal,Sorcerer's Shoes,Oracle Lens,Doran's Ring,Seraph's Embrace,Dark Seal,Liandry's Torment,No_Item,No_Item,Farsight Alteration,Plated Steelcaps,Long Sword,Long Sword,Doran's Blade,Muramana,Trinity Force,Farsight Alteration,Solstice Sleigh,Null-Magic Mantle,Trailblazer,No_Item,Boots of Swiftness,No_Item,Oracle Lens,Bramble Vest,Spirit Visage,Unending Despair,Doran's Shield,Mercury's Treads,No_Item,Farsight Alteration,Black Cleaver,Mercury's Treads,Pickaxe,Sundered Sky,Tunneler,Ruby Crystal,Oracle Lens,Mejai's Soulstealer,Malignance,Doran's Ring,Mercury's Treads,Amplifying Tome,Horizon Focus,Oracle Lens,Doran's Blade,Spear of Shojin,Trinity Force,Muramana,Ionian Boots of Lucidity,Long Sword,Farsight Alteration,Bloodsong,Kindlegem,Mercury's Treads,Cloth Armor,Dead Man's Plate,Null-Magic Mantle,Oracle Lens,Press the Attack,Domination,Conqueror,Sorcery,Phase Rush,Precision,Conqueror,Inspiration,Aftershock,Domination,Grasp of the Undying,Inspiration,Conqueror,Inspiration,Electrocute,Sorcery,Press the Attack,Inspiration,Guardian,Domination,Teleport,Flash,Smite,Flash,Flash,Teleport,Barrier,Flash,Flash,Ignite,Teleport,Flash,Flash,Smite,Teleport,Flash,Cleanse,Flash,Flash,Exhaust,0,3,0,1,0,1
https://www.op.gg/summoners/euw/yebit-haha/matches/uRd1PvnOddqFAbWM0VS_RvFMsqwC3WPGeQzIRaLWTec%3D/1732996792000,1,39,28,28,39,47,78,113,77,39,44,3,2,1,0,9,4,4,2,71541,64644,16.8,15.4,1005,988,29.7,29.2,6897,-6897,2102.152606635071,1899.491943127962,Gragas,Kha'Zix,Talon,Caitlyn,Bard,Galio,Graves,Lissandra,Ezreal,Poppy,Cosmic Drive,Fimbulwinter,Zhonya's Hourglass,Kaenic Rookern,No_Item,Ionian Boots of Lucidity,Oracle Lens,Opportunity,Edge of Night,Mercury's Treads,Last Whisper,Eclipse,No_Item,Oracle Lens,Youmuu's Ghostblade,Black Cleaver,Doran's Blade,Serpent's Fang,Tunneler,Mercury's Treads,Oracle Lens,Berserker's Greaves,Rapid Firecannon,Bloodthirster,Infinity Edge,Lord Dominik's Regards,The Collector,Farsight Alteration,Ionian Boots of Lucidity,No_Item,Mikael's Blessing,Locket of the Iron Solari,Redemption,Bloodsong,Oracle Lens,Boots of Swiftness,Heartsteel,Riftmaker,Unending Despair,No_Item,No_Item,Farsight Alteration,The Collector,Plated Steelcaps,Youmuu's Ghostblade,Immortal Shieldbow,Lord Dominik's Regards,Infinity Edge,Oracle Lens,Cryptbloom,Dark Seal,Zhonya's Hourglass,Ionian Boots of Lucidity,Needlessly Large Rod,Luden's Companion,Farsight Alteration,Muramana,Spear of Shojin,Ionian Boots of Lucidity,Trinity Force,Glowing Mote,Last Whisper,Farsight Alteration,Celestial Opposition,Locket of the Iron Solari,Thornmail,Boots of Swiftness,Dead Man's Plate,No_Item,Oracle Lens,Phase Rush,Precision,Dark Harvest,Inspiration,Conqueror,Sorcery,Lethal Tempo,Inspiration,Electrocute,Sorcery,Grasp of the Undying,Sorcery,Dark Harvest,Precision,Arcane Comet,Resolve,Press the Attack,Inspiration,Aftershock,Inspiration,Teleport,Flash,Smite,Flash,Flash,Ignite,Cleanse,Flash,Flash,Ignite,Flash,Teleport,Flash,Smite,Flash,Teleport,Barrier,Flash,Flash,Ignite,0,3,1,1,3,0
https://www.op.gg/summoners/euw/yebit-haha/matches/uRd1PvnOddpt6wBmpKOYx36hMgMnyCu24gc8t_QbNiE%3D/1732994077000,1,35,28,28,35,49,53,64,73,35,22,1,3,1,0,8,2,2,3,61007,50194,14.8,13.0,829,738,30.4,27.1,10813,-10813,2226.7555,1832.0810000000001,Heimerdinger,Talon,Ambessa,Zeri,Braum,Rumble,Xin Zhao,Lissandra,Ashe,Nautilus,Doran's Ring,Void Staff,Dark Seal,Shadowflame,Boots,Rabadon's Deathcap,Oracle Lens,Profane Hydra,Youmuu's Ghostblade,Last Whisper,Edge of Night,Ionian Boots of Lucidity,Caulfield's Warhammer,Oracle Lens,No_Item,No_Item,Mercury's Treads,Eclipse,Sterak's Gage,Spear of Shojin,Farsight Alteration,Doran's Blade,Yun Tal Wildarrows,Berserker's Greaves,Runaan's Hurricane,Infinity Edge,Long Sword,Farsight Alteration,Solstice Sleigh,Locket of the Iron Solari,Knight's Vow,Mercury's Treads,No_Item,Control Ward,Oracle Lens,Zhonya's Hourglass,No_Item,Liandry's Torment,Null-Magic Mantle,Sorcerer's Shoes,No_Item,Farsight Alteration,Sundered Sky,Eclipse,Ruby Crystal,Plated Steelcaps,Ruby Crystal,No_Item,Oracle Lens,Haunting Guise,Malignance,Zhonya's Hourglass,Dark Seal,Doran's Ring,Sorcerer's Shoes,Farsight Alteration,Bloodthirster,Control Ward,Berserker's Greaves,Runaan's Hurricane,Infinity Edge,Kraken Slayer,Farsight Alteration,Celestial Opposition,Locket of the Iron Solari,Mercury's Treads,Giant's Belt,Crystalline Bracer,Control Ward,Oracle Lens,Conqueror,Sorcery,Electrocute,Inspiration,Conqueror,Resolve,Lethal Tempo,Resolve,Guardian,Inspiration,Arcane Comet,Resolve,Hail of Blades,Precision,Arcane Comet,Resolve,Lethal Tempo,Inspiration,Aftershock,Inspiration,Flash,Exhaust,Flash,Smite,Teleport,Flash,Flash,Barrier,Ignite,Flash,Teleport,Flash,Flash,Smite,Flash,Teleport,Barrier,Flash,Flash,Ignite,0,6,1,1,0,0
https://www.op.gg/summoners/euw/yebit-haha/matches/uRd1PvnOddqSa1-AdokNYhnFsQpZmHgf8MMr2LzhTKo%3D/1732992045000,0,16,24,24,16,35,21,41,40,5,9,0,1,0,0,1,6,0,1,33095,40287,10.2,11.0,503,578,28.0,32.1,-7192,7192,1836.3689024390244,2235.4371951219514,Dr. Mundo,Xin Zhao,Vex,Caitlyn,Nami,Corki,Nidalee,Gragas,Jhin,Leona,Rejuvenation Bead,Warmog's Armor,Doran's Shield,Boots of Swiftness,Ruby Crystal,No_Item,Stealth Ward,Gustwalker Hatchling,Eclipse,Tunneler,Boots,Ruby Crystal,Long Sword,Eye of the Herald,Doran's Ring,Luden's Companion,Shadowflame,Sorcerer's Shoes,Refillable Potion,Amplifying Tome,Oracle Lens,Doran's Blade,Cull,The Collector,Berserker's Greaves,B. F. Sword,Pickaxe,Farsight Alteration,Imperial Mandate,Dream Maker,Mercury's Treads,Faerie Charm,No_Item,No_Item,Oracle Lens,Doran's Blade,No_Item,Cloak of Agility,Trinity Force,Manamune,Mercury's Treads,Farsight Alteration,No_Item,Lich Bane,Sorcerer's Shoes,Dark Seal,Amplifying Tome,No_Item,Oracle Lens,Doran's Ring,Oblivion Orb,Tear of the Goddess,Cosmic Drive,Ruby Crystal,Ionian Boots of Lucidity,Stealth Ward,Refillable Potion,Boots of Swiftness,The Collector,Cloak of Agility,B. F. Sword,Doran's Blade,Farsight Alteration,Bloodsong,Boots of Swiftness,Trailblazer,Giant's Belt,Ruby Crystal,No_Item,Oracle Lens,Grasp of the Undying,Inspiration,Hail of Blades,Precision,Electrocute,Sorcery,Fleet Footwork,Sorcery,Summon Aery,Domination,Conqueror,Inspiration,Dark Harvest,Precision,Phase Rush,Inspiration,Fleet Footwork,Sorcery,Aftershock,Inspiration,Teleport,Ghost,Flash,Smite,Teleport,Flash,Flash,Cleanse,Flash,Heal,Teleport,Flash,Flash,Smite,Flash,Teleport,Flash,Barrier,Flash,Ignite,1,1,0,0,5,0
https://www.op.gg/summoners/euw/yebit-haha/matches/uRd1PvnOddobs5sTNd3c8KtmIJHhioxvHZYlY3p-7Ls%3D/1732990083000,0,17,39,39,18,66,31,42,41,5,19,0,2,0,1,2,10,0,3,43393,54246,12.0,13.2,627,626,27.3,27.2,-10853,10853,1872.4376712328767,2340.7520547945205,K'Sante,Elise,Smolder,Corki,Camille,Gnar,Xin Zhao,Sylas,Caitlyn,Neeko,Frozen Heart,Chain Vest,Doran's Shield,Plated Steelcaps,Giant's Belt,Negatron Cloak,Stealth Ward,Shadowflame,Sorcerer's Shoes,Stormsurge,Void Staff,No_Item,No_Item,Oracle Lens,Doran's Blade,Scout's Slingshot,Essence Reaver,Zeal,Spear of Shojin,Ionian Boots of Lucidity,Farsight Alteration,Doran's Blade,Muramana,Trinity Force,Boots,No_Item,No_Item,Farsight Alteration,Refillable Potion,Bloodsong,Sundered Sky,Ruby Crystal,Plated Steelcaps,No_Item,Oracle Lens,Doran's Blade,Plated Steelcaps,Trinity Force,Tunneler,Black Cleaver,Ruby Crystal,Oracle Lens,Sundered Sky,Black Cleaver,No_Item,Plated Steelcaps,Long Sword,Null-Magic Mantle,Oracle Lens,Hextech Rocketbelt,Shattered Armguard,Needlessly Large Rod,Lich Bane,Dark Seal,Sorcerer's Shoes,Oracle Lens,Boots of Swiftness,Doran's Blade,The Collector,Infinity Edge,Lord Dominik's Regards,Cloak of Agility,Farsight Alteration,Hextech Rocketbelt,Ionian Boots of Lucidity,Celestial Opposition,Zhonya's Hourglass,No_Item,No_Item,Oracle Lens,Grasp of the Undying,Sorcery,Dark Harvest,Precision,Grasp of the Undying,Inspiration,Conqueror,Resolve,Hail of Blades,Resolve,Fleet Footwork,Resolve,Conqueror,Inspiration,Electrocute,Sorcery,Lethal Tempo,Sorcery,Arcane Comet,Inspiration,Teleport,Flash,Smite,Flash,Teleport,Flash,Flash,Barrier,Flash,Ignite,Flash,Teleport,Smite,Flash,Flash,Teleport,Barrier,Flash,Flash,Heal,1,0,0,0,6,2
https://www.op.gg/summoners/euw/yebit-haha/matches/uRd1PvnOddr2b7qG3tMX2r7AMlnME78-K-po6awMLGY%3D/1732987678000,1,33,13,13,33,23,49,58,56,16,16,1,2,1,0,9,2,2,2,54075,41368,13.6,12.2,774,682,33.1,29.2,12707,-12707,2335.056818181818,1786.3454545454545,Urgot,Morgana,Taliyah,Corki,Lulu,Sett,Skarner,Azir,Lucian,Nami,Doran's Blade,Tunneler,Long Sword,Boots of Swiftness,Spear of Shojin,Black Cleaver,Stealth Ward,Shadowflame,Liandry's Torment,Seeker's Armguard,Dark Seal,Sorcerer's Shoes,Hextech Alternator,Oracle Lens,Seraph's Embrace,Liandry's Torment,Needlessly Large Rod,Ionian Boots of Lucidity,Doran's Ring,Dark Seal,Farsight Alteration,B. F. Sword,Trinity Force,Muramana,Rapid Firecannon,Plated Steelcaps,Doran's Blade,Farsight Alteration,Dream Maker,Control Ward,Shurelya's Battlesong,Kindlegem,Ardent Censer,Ionian Boots of Lucidity,Oracle Lens,Boots of Swiftness,Stridebreaker,Kindlegem,Phage,No_Item,Doran's Blade,Farsight Alteration,Tunneler,Ruby Crystal,Control Ward,Mercury's Treads,Heartsteel,No_Item,Oracle Lens,Haunting Guise,Fated Ashes,Dark Seal,Nashor's Tooth,Mercury's Treads,Shadowflame,Farsight Alteration,Slightly Magical Footwear,No_Item,Control Ward,Essence Reaver,Infinity Edge,Rapid Firecannon,Farsight Alteration,Imperial Mandate,Solstice Sleigh,Ionian Boots of Lucidity,Shurelya's Battlesong,No_Item,No_Item,Oracle Lens,Press the Attack,Resolve,Arcane Comet,Inspiration,Phase Rush,Precision,Conqueror,Inspiration,Summon Aery,Inspiration,Conqueror,Resolve,Grasp of the Undying,Inspiration,Summon Aery,Precision,Press the Attack,Inspiration,Summon Aery,Domination,Teleport,Flash,Flash,Smite,Flash,Teleport,Flash,Barrier,Flash,Heal,Ghost,Flash,Smite,Flash,Teleport,Flash,Flash,Ignite,Flash,Heal,1,6,1,0,0,0
https://www.op.gg/summoners/euw/yebit-haha/matches/uRd1PvnOddrIyHoE4gH4YyEOif0ebxmk2RFtWQcgDkc%3D/1732985962000,1,24,10,10,24,12,33,44,32,7,10,1,1,0,0,1,0,1,1,34068,25066,9.8,8.8,473,392,31.1,25.7,9002,-9002,2242.0820512820515,1649.642735042735,Akali,Dr. Mundo,Swain,Draven,Nami,Zoe,Skarner,Gragas,Ezreal,Leona,Liandry's Torment,Doran's Shield,Dark Seal,Boots,Hextech Alternator,No_Item,Stealth Ward,Gustwalker Hatchling,Heartsteel,Boots of Swiftness,Unending Despair,Ruby Crystal,Ruby Crystal,Oracle Lens,Doran's Ring,Control Ward,No_Item,Blackfire Torch,Mercury's Treads,Dark Seal,Farsight Alteration,Vampiric Scepter,No_Item,Berserker's Greaves,The Collector,Infinity Edge,Doran's Blade,Farsight Alteration,Ionian Boots of Lucidity,Solstice Sleigh,No_Item,Faerie Charm,Imperial Mandate,Amplifying Tome,Oracle Lens,Doran's Ring,Refillable Potion,Ionian Boots of Lucidity,Luden's Companion,Dark Seal,No_Item,Stealth Ward,Bramble Vest,No_Item,Control Ward,Heartsteel,No_Item,Gustwalker Hatchling,Oracle Lens,Tear of the Goddess,Lost Chapter,Giant's Belt,Ruby Crystal,Doran's Ring,Ionian Boots of Lucidity,Stealth Ward,Refillable Potion,Hearthbound Axe,Boots,Tear of the Goddess,Phage,Doran's Blade,Stealth Ward,Kindlegem,Bloodsong,Plated Steelcaps,Null-Magic Mantle,Cloth Armor,No_Item,Oracle Lens,Conqueror,Resolve,Fleet Footwork,Inspiration,Summon Aery,Resolve,Lethal Tempo,Domination,Summon Aery,Domination,Summon Aery,Precision,Conqueror,Sorcery,Phase Rush,Precision,Press the Attack,Inspiration,Aftershock,Inspiration,Flash,Teleport,Flash,Smite,Teleport,Flash,Flash,Barrier,Flash,Heal,Ignite,Flash,Smite,Flash,Teleport,Flash,Flash,Barrier,Flash,Ignite,0,5,0,0,1,0
https://www.op.gg/summoners/euw/yebit-haha/matches/uRd1PvnOddqc7cxlXkO7rEcXLxFK1obrM-iNG-ijZQg%3D/1732984635000,1,33,11,11,33,12,47,46,41,7,10,3,0,0,0,10,1,3,0,50299,35736,12.6,11.0,685,607,31.599999999999998,28.0,14563,-14563,2301.818644067797,1635.3762711864408,Jax,Graves,Azir,Hwei,Janna,Renekton,Viego,Akshan,Katarina,Elise,Trinity Force,Tunneler,Plated Steelcaps,Caulfield's Warhammer,Doran's Shield,Ruby Crystal,Oracle Lens,Youmuu's Ghostblade,Plated Steelcaps,Mortal Reminder,The Collector,Long Sword,No_Item,Oracle Lens,Doran's Ring,Nashor's Tooth,Liandry's Torment,Dark Seal,Mercury's Treads,Needlessly Large Rod,Farsight Alteration,Refillable Potion,Sorcerer's Shoes,Luden's Companion,Doran's Ring,Shadowflame,No_Item,Stealth Ward,Dream Maker,No_Item,Redemption,Ionian Boots of Lucidity,Moonstone Renewer,No_Item,Oracle Lens,Doran's Shield,Plated Steelcaps,Eclipse,Serrated Dirk,Rectrix,Long Sword,Stealth Ward,Titanic Hydra,Kraken Slayer,Ruby Crystal,Slightly Magical Footwear,No_Item,No_Item,Oracle Lens,Doran's Blade,Statikk Shiv,Refillable Potion,Slightly Magical Footwear,Pickaxe,Serrated Dirk,Stealth Ward,Lich Bane,Dark Seal,Sorcerer's Shoes,Doran's Shield,Needlessly Large Rod,Hextech Alternator,Stealth Ward,No_Item,Seeker's Armguard,Bloodsong,No_Item,Cosmic Drive,Sorcerer's Shoes,Oracle Lens,Grasp of the Undying,Inspiration,Dark Harvest,Precision,Grasp of the Undying,Precision,Arcane Comet,Inspiration,Summon Aery,Resolve,Conqueror,Resolve,Conqueror,Inspiration,Press the Attack,Inspiration,Conqueror,Resolve,Dark Harvest,Inspiration,Flash,Teleport,Flash,Smite,Teleport,Flash,Flash,Teleport,Flash,Heal,Teleport,Flash,Smite,Flash,Teleport,Flash,Flash,Exhaust,Ignite,Flash,1,3,2,0,3,0
https://www.op.gg/summoners/euw/yebit-haha/matches/uRd1PvnOddq9_gqTCuLXyJvgiJ8yVFFHk1VGTdwGR6k%3D/1732973668000,0,44,38,38,44,66,64,86,99,39,24,3,3,0,2,5,9,3,5,71580,76972,16.2,17.0,1014,1015,27.4,27.599999999999998,-5392,5392,1927.1538461538464,2072.323076923077,Nidalee,Wukong,Aurora,Jhin,Neeko,Renekton,Ivern,Syndra,Caitlyn,Pyke,Control Ward,Abyssal Mask,Sorcerer's Shoes,Frozen Heart,Trinity Force,Serpent's Fang,Farsight Alteration,Trinity Force,Sundered Sky,Control Ward,Serrated Dirk,Sterak's Gage,Plated Steelcaps,Oracle Lens,Shadowflame,Zhonya's Hourglass,Sorcerer's Shoes,Malignance,Banshee's Veil,Void Staff,Farsight Alteration,B. F. Sword,The Collector,Infinity Edge,Boots of Swiftness,Mortal Reminder,Rapid Firecannon,Farsight Alteration,Hextech Rocketbelt,Zhonya's Hourglass,Zaz'Zak's Realmspike,Negatron Cloak,Sorcerer's Shoes,Control Ward,Oracle Lens,Pickaxe,Black Cleaver,Spirit Visage,Mercury's Treads,Tunneler,Eclipse,Oracle Lens,Redemption,Shurelya's Battlesong,Kindlegem,Moonstone Renewer,Ionian Boots of Lucidity,Dawncore,Oracle Lens,Shadowflame,Seeker's Armguard,Sorcerer's Shoes,Luden's Companion,Void Staff,Rabadon's Deathcap,Oracle Lens,The Collector,Infinity Edge,Rapid Firecannon,Lord Dominik's Regards,Maw of Malmortius,Berserker's Greaves,Farsight Alteration,Celestial Opposition,Umbral Glaive,Pickaxe,Maw of Malmortius,Mercury's Treads,Serrated Dirk,Oracle Lens,Grasp of the Undying,Inspiration,Conqueror,Inspiration,Arcane Comet,Domination,Dark Harvest,Precision,Arcane Comet,Inspiration,Conqueror,Resolve,Summon Aery,Domination,First Strike,Sorcery,First Strike,Sorcery,Hail of Blades,Sorcery,Flash,Ignite,Flash,Smite,Teleport,Flash,Flash,Cleanse,Exhaust,Flash,Teleport,Flash,Flash,Smite,Flash,Teleport,Barrier,Flash,Ignite,Flash,0,6,1,1,0,1
https://www.op.gg/summoners/euw/yebit-haha/matches/uRd1PvnOddp4f6iNspQ0vBq_HwP9okNDZAPOtAoIoEo%3D/1732970765000,1,39,36,36,39,61,75,107,104,40,42,4,2,2,1,7,9,6,3,84675,82492,17.6,17.4,1233,1289,29.9,31.4,2183,-2183,2069.2282958199353,2015.8816720257232,Irelia,Skarner,Azir,Jinx,Nautilus,Camille,Viego,Syndra,Caitlyn,Lux,Guardian Angel,Blade of The Ruined King,Kraken Slayer,Death's Dance,Plated Steelcaps,Negatron Cloak,Farsight Alteration,Mercury's Treads,Spirit Visage,Ruby Crystal,Sterak's Gage,Heartsteel,Unending Despair,Oracle Lens,Rabadon's Deathcap,Zhonya's Hourglass,Void Staff,Mercury's Treads,Nashor's Tooth,Liandry's Torment,Farsight Alteration,Lord Dominik's Regards,The Collector,Zephyr,Infinity Edge,Bloodthirster,Rapid Firecannon,Farsight Alteration,Seeker's Armguard,Celestial Opposition,Locket of the Iron Solari,Plated Steelcaps,Knight's Vow,No_Item,Oracle Lens,Ravenous Hydra,Trinity Force,Chempunk Chainsword,Plated Steelcaps,Sterak's Gage,Hullbreaker,Farsight Alteration,Titanic Hydra,Kraken Slayer,No_Item,Plated Steelcaps,Black Cleaver,Sterak's Gage,Oracle Lens,Cryptbloom,Sorcerer's Shoes,Zhonya's Hourglass,Shadowflame,Rabadon's Deathcap,Luden's Companion,Farsight Alteration,Rapid Firecannon,Bloodthirster,Berserker's Greaves,Lord Dominik's Regards,Infinity Edge,The Collector,Farsight Alteration,Solstice Sleigh,Shurelya's Battlesong,Vigilant Wardstone,Dark Seal,Horizon Focus,Ionian Boots of Lucidity,Oracle Lens,Conqueror,Inspiration,Grasp of the Undying,Inspiration,Summon Aery,Resolve,Lethal Tempo,Sorcery,Aftershock,Inspiration,Grasp of the Undying,Inspiration,Conqueror,Inspiration,Summon Aery,Inspiration,Lethal Tempo,Sorcery,Arcane Comet,Domination,Teleport,Flash,Flash,Smite,Teleport,Flash,Flash,Cleanse,Flash,Ignite,Ignite,Teleport,Smite,Flash,Flash,Teleport,Flash,Barrier,Flash,Heal,1,2,1,0,4,2
https://www.op.gg/summoners/euw/yebit-haha/matches/uRd1PvnOddon_9QeWbJo4sQPXE11wbcL5EYt7lsYods%3D/1732967978000,1,51,35,35,51,49,72,101,82,20,29,4,2,2,1,8,9,6,3,81839,78916,17.8,17.0,1001,1202,25.2,30.3,2923,-2923,2076.0628676470587,2001.9132352941178,Heimerdinger,Lee Sin,Yone,Aphelios,Lulu,Aurora,Rengar,Irelia,Smolder,Nami,Rabadon's Deathcap,Zhonya's Hourglass,Dark Seal,Sorcerer's Shoes,Shadowflame,Blighting Jewel,Oracle Lens,Sterak's Gage,Sundered Sky,Negatron Cloak,Plated Steelcaps,Guardian Angel,Death's Dance,Stealth Ward,Death's Dance,Berserker's Greaves,Blade of The Ruined King,Immortal Shieldbow,Infinity Edge,Guardian Angel,Oracle Lens,Steel Sigil,The Collector,Plated Steelcaps,Infinity Edge,Mortal Reminder,Runaan's Hurricane,Farsight Alteration,Dream Maker,Redemption,Control Ward,Ardent Censer,Ionian Boots of Lucidity,Moonstone Renewer,Oracle Lens,Shattered Armguard,Luden's Companion,Sorcerer's Shoes,Doran's Ring,Rabadon's Deathcap,Shadowflame,Oracle Lens,Mortal Reminder,Infinity Edge,Profane Hydra,Ionian Boots of Lucidity,Hubris,Serpent's Fang,Oracle Lens,Blade of The Ruined King,Hullbreaker,Death's Dance,Mercury's Treads,Kraken Slayer,Maw of Malmortius,Stealth Ward,Bloodthirster,B. F. Sword,Rapid Firecannon,Ionian Boots of Lucidity,Lord Dominik's Regards,Hubris,Farsight Alteration,Dream Maker,Control Ward,Ionian Boots of Lucidity,Imperial Mandate,Moonstone Renewer,Ardent Censer,Oracle Lens,Conqueror,Sorcery,Conqueror,Inspiration,Fleet Footwork,Resolve,Press the Attack,Sorcery,Summon Aery,Resolve,Electrocute,Sorcery,Electrocute,Sorcery,Conqueror,Inspiration,Arcane Comet,Inspiration,Summon Aery,Inspiration,Flash,Exhaust,Flash,Smite,Flash,Teleport,Flash,Barrier,Flash,Exhaust,Flash,Teleport,Smite,Flash,Ignite,Flash,Barrier,Flash,Flash,Heal,1,6,2,0,0,1
https://www.op.gg/summoners/euw/yebit-haha/matches/uRd1PvnOddrRjcZ1z4A5pHDfZmPHO-_8A_IdYZIlSGU%3D/1732924330000,1,38,16,16,38,24,59,50,49,16,9,2,0,0,0,9,2,2,0,52374,39502,13.4,11.4,696,591,30.3,25.8,12872,-12872,2272.311111111111,1713.843386243386,Aurora,Nunu & Willump,Smolder,Fiora,Janna,Gragas,Kindred,Karthus,Ezreal,Maokai,Doran's Ring,Stormsurge,Luden's Companion,Dark Seal,Sorcerer's Shoes,Horizon Focus,Oracle Lens,Abyssal Mask,Dark Seal,Mercury's Treads,Liandry's Torment,Cloth Armor,Cloth Armor,Oracle Lens,Doran's Blade,Refillable Potion,Zeal,Ionian Boots of Lucidity,Spear of Shojin,Essence Reaver,Farsight Alteration,Doran's Blade,Ravenous Hydra,No_Item,Voltaic Cyclosword,Long Sword,Plated Steelcaps,Farsight Alteration,Dream Maker,No_Item,Shurelya's Battlesong,Moonstone Renewer,Boots of Swiftness,Kindlegem,Oracle Lens,Doran's Ring,Tear of the Goddess,No_Item,Ionian Boots of Lucidity,Cosmic Drive,Kindlegem,Oracle Lens,Kraken Slayer,Trinity Force,Executioner's Calling,No_Item,No_Item,Boots,Oracle Lens,Doran's Ring,Malignance,Liandry's Torment,Sorcerer's Shoes,Oblivion Orb,Amplifying Tome,Stealth Ward,Doran's Blade,Trinity Force,Ionian Boots of Lucidity,Muramana,Ruby Crystal,Long Sword,Farsight Alteration,Solstice Sleigh,Control Ward,Kindlegem,Boots of Swiftness,Cloth Armor,Warmog's Armor,Oracle Lens,Arcane Comet,Domination,Aftershock,Precision,Grasp of the Undying,Inspiration,Fleet Footwork,Domination,Summon Aery,Resolve,Phase Rush,Inspiration,Press the Attack,Domination,Dark Harvest,Sorcery,Press the Attack,Inspiration,Aftershock,Inspiration,Teleport,Flash,Smite,Flash,Teleport,Flash,Barrier,Flash,Flash,Heal,Teleport,Flash,Smite,Flash,Flash,Exhaust,Barrier,Flash,Flash,Ignite,1,3,1,0,3,0
https://www.op.gg/summoners/euw/yebit-haha/matches/uRd1PvnOddp2R1LwMqTRGcEBhDoA4o7rFUNPpthOloo%3D/1732922609000,0,13,26,26,13,41,12,46,51,17,23,0,3,0,1,2,5,0,4,38557,47418,11.0,12.8,650,675,30.2,31.5,-8861,8861,1786.7878048780485,2197.4195121951216,Aurora,Wukong,Katarina,Ashe,Janna,Ornn,Graves,Galio,Ezreal,Rell,Doran's Ring,Stormsurge,Sorcerer's Shoes,Dark Seal,Blighting Jewel,Liandry's Torment,Oracle Lens,Caulfield's Warhammer,Control Ward,Ruby Crystal,Tunneler,Plated Steelcaps,Trinity Force,Oracle Lens,Doran's Shield,Boots,Dark Seal,Lich Bane,Riftmaker,Amplifying Tome,Oracle Lens,Doran's Blade,Phantom Dancer,Kraken Slayer,No_Item,Berserker's Greaves,No_Item,Farsight Alteration,Dream Maker,Control Ward,Shurelya's Battlesong,Boots of Swiftness,Ruby Crystal,No_Item,Oracle Lens,Plated Steelcaps,Kaenic Rookern,Hollow Radiance,No_Item,No_Item,No_Item,Farsight Alteration,Youmuu's Ghostblade,The Collector,Lord Dominik's Regards,Mercury's Treads,Pickaxe,No_Item,Oracle Lens,Hextech Rocketbelt,Cosmic Drive,Doran's Ring,Dark Seal,Sorcerer's Shoes,Null-Magic Mantle,Oracle Lens,Doran's Blade,Ionian Boots of Lucidity,Trinity Force,Muramana,Pickaxe,No_Item,Farsight Alteration,Celestial Opposition,Refillable Potion,No_Item,Ionian Boots of Lucidity,Warmog's Armor,Ruby Crystal,Oracle Lens,Summon Aery,Precision,Conqueror,Inspiration,Grasp of the Undying,Domination,Lethal Tempo,Inspiration,Summon Aery,Resolve,Grasp of the Undying,Inspiration,Dark Harvest,Precision,Aftershock,Sorcery,Conqueror,Inspiration,Aftershock,Inspiration,Teleport,Flash,Smite,Flash,Flash,Teleport,Barrier,Flash,Flash,Heal,Teleport,Flash,Flash,Smite,Teleport,Flash,Flash,Barrier,Flash,Ignite,1,3,0,0,3,0
https://www.op.gg/summoners/euw/yebit-haha/matches/uRd1PvnOddoRTpn0Mvv2IZ4rnJ_LV2jgBUvgCuPoebw%3D/1732920645000,0,14,24,24,14,33,14,58,61,15,22,1,1,0,1,1,11,1,2,42982,55239,12.6,14.0,748,833,30.900000000000002,34.4,-12257,12257,1782.663594470046,2291.0184331797236,Ambessa,Viego,Orianna,Jhin,Pyke,Renekton,Ivern,Azir,Caitlyn,Veigar,Doran's Shield,Eclipse,Black Cleaver,No_Item,Plated Steelcaps,No_Item,Stealth Ward,Titanic Hydra,Kraken Slayer,Tunneler,Slightly Magical Footwear,Long Sword,Ruby Crystal,Oracle Lens,Doran's Ring,Seraph's Embrace,Sorcerer's Shoes,Stormsurge,Needlessly Large Rod,No_Item,Stealth Ward,Doran's Blade,Hubris,Cull,Boots of Swiftness,The Collector,Cloak of Agility,Farsight Alteration,Bloodsong,No_Item,Mercury's Treads,Control Ward,Umbral Glaive,Serrated Dirk,Oracle Lens,Plated Steelcaps,Tunneler,Eclipse,Doran's Blade,Black Cleaver,Ruby Crystal,Oracle Lens,Staff of Flowing Water,Moonstone Renewer,Redemption,Dark Seal,Ionian Boots of Lucidity,Forbidden Idol,Oracle Lens,Amplifying Tome,Zhonya's Hourglass,Null-Magic Mantle,Shadowflame,Sorcerer's Shoes,Nashor's Tooth,Farsight Alteration,Rapid Firecannon,The Collector,No_Item,Infinity Edge,Berserker's Greaves,No_Item,Farsight Alteration,Bloodsong,Dead Man's Plate,Rod of Ages,No_Item,Needlessly Large Rod,Boots of Swiftness,Oracle Lens,Grasp of the Undying,Domination,Conqueror,Inspiration,Summon Aery,Precision,Dark Harvest,Precision,Hail of Blades,Resolve,Conqueror,Resolve,Summon Aery,Inspiration,Summon Aery,Resolve,Lethal Tempo,Sorcery,Guardian,Inspiration,Flash,Teleport,Smite,Flash,Flash,Teleport,Flash,Barrier,Ignite,Flash,Teleport,Flash,Flash,Smite,Teleport,Flash,Flash,Barrier,Flash,Heal,1,6,0,0,0,1
https://www.op.gg/summoners/euw/yebit-haha/matches/uRd1PvnOddp1VVp677B18OQ7s1zJ0Cy6xw2Gk7GdkM8%3D/1732918708000,0,20,29,29,20,45,32,49,52,11,10,1,2,0,1,2,10,1,3,43957,54917,12.4,13.4,692,774,28.5,32.0,-10960,10960,1803.3641025641025,2253.005128205128,Ornn,Zac,Irelia,Ashe,Braum,K'Sante,Viego,Ezreal,Taliyah,Nautilus,Abyssal Mask,No_Item,Unending Despair,Plated Steelcaps,Bami's Cinder,No_Item,Farsight Alteration,Dark Seal,Chain Vest,Kindlegem,Spirit Visage,Sunfire Aegis,Ionian Boots of Lucidity,Oracle Lens,Doran's Blade,Blade of The Ruined King,Mercury's Treads,Kraken Slayer,Null-Magic Mantle,Recurve Bow,Farsight Alteration,Phantom Dancer,Berserker's Greaves,Refillable Potion,Yun Tal Wildarrows,Lord Dominik's Regards,No_Item,Farsight Alteration,Zeke's Convergence,Locket of the Iron Solari,Solstice Sleigh,No_Item,Plated Steelcaps,No_Item,Oracle Lens,Plated Steelcaps,"Jak'Sho, The Protean",Null-Magic Mantle,Fimbulwinter,Chain Vest,Bramble Vest,Stealth Ward,Titanic Hydra,Kraken Slayer,Plated Steelcaps,Sundered Sky,Cloth Armor,No_Item,Oracle Lens,Doran's Blade,Ionian Boots of Lucidity,Refillable Potion,Trinity Force,Muramana,Last Whisper,Farsight Alteration,Sorcerer's Shoes,Blackfire Torch,Void Staff,Liandry's Torment,Amplifying Tome,Dark Seal,Farsight Alteration,Locket of the Iron Solari,Control Ward,Celestial Opposition,Plated Steelcaps,Warden's Mail,No_Item,Oracle Lens,Grasp of the Undying,Precision,Aftershock,Inspiration,Conqueror,Inspiration,Lethal Tempo,Inspiration,Aftershock,Inspiration,Grasp of the Undying,Inspiration,Conqueror,Inspiration,Conqueror,Inspiration,Conqueror,Sorcery,Glacial Augment,Resolve,Teleport,Flash,Smite,Flash,Teleport,Flash,Flash,Barrier,Flash,Exhaust,Flash,Teleport,Smite,Flash,Flash,Barrier,Teleport,Flash,Ignite,Flash,0,0,0,1,6,2
https://www.op.gg/summoners/euw/yebit-haha/matches/uRd1PvnOddoAaXn14fsrpsr1HMZGfWnemRa6XgQvhS0%3D/1732916461000,1,43,42,42,43,76,78,109,108,50,46,3,2,1,0,8,4,4,2,74664,72886,16.0,16.0,964,1012,26.8,28.2,1778,-1778,2089.4776119402986,2039.7201492537313,Gnar,Lee Sin,Veigar,Corki,Leona,Irelia,Elise,Fizz,Kog'Maw,Nautilus,Sterak's Gage,Trinity Force,Mercury's Treads,Wit's End,No_Item,No_Item,Stealth Ward,Maw of Malmortius,Sundered Sky,No_Item,Kindlegem,Spear of Shojin,Mercury's Treads,Stealth Ward,Rabadon's Deathcap,Fimbulwinter,Horizon Focus,Void Staff,Banshee's Veil,Ionian Boots of Lucidity,Farsight Alteration,Muramana,Rapid Firecannon,Trinity Force,Ionian Boots of Lucidity,Bloodthirster,Maw of Malmortius,Farsight Alteration,Locket of the Iron Solari,Bloodsong,Control Ward,Mercury's Treads,Abyssal Mask,Giant's Belt,Oracle Lens,Guardian Angel,Blade of The Ruined King,Mercury's Treads,Kraken Slayer,Death's Dance,Tunneler,Farsight Alteration,Shadowflame,Dark Seal,Void Staff,Sorcerer's Shoes,Stormsurge,Verdant Barrier,Oracle Lens,Void Staff,Zhonya's Hourglass,Banshee's Veil,Rabadon's Deathcap,Ionian Boots of Lucidity,Lich Bane,Oracle Lens,Rabadon's Deathcap,No_Item,Sorcerer's Shoes,Void Staff,Liandry's Torment,Luden's Companion,Farsight Alteration,Abyssal Mask,Locket of the Iron Solari,Celestial Opposition,Control Ward,Mercury's Treads,Kindlegem,Oracle Lens,Grasp of the Undying,Precision,Conqueror,Inspiration,Summon Aery,Inspiration,Conqueror,Inspiration,Aftershock,Inspiration,Conqueror,Inspiration,Dark Harvest,Precision,Electrocute,Precision,Arcane Comet,Inspiration,Aftershock,Inspiration,Flash,Teleport,Flash,Smite,Flash,Teleport,Flash,Barrier,Flash,Ignite,Teleport,Flash,Smite,Flash,Teleport,Flash,Teleport,Flash,Flash,Ignite,0,0,1,1,6,0
https://www.op.gg/summoners/euw/yebit-haha/matches/uRd1PvnOddp-AfAoovRNJsdnqFtmzZxeOzfr6Dpynwo%3D/1732913797000,0,35,45,45,36,87,79,75,71,20,15,3,2,2,0,9,9,5,2,67161,69191,15.8,15.6,863,880,26.9,27.2,-2030,2030,2068.940758293839,2131.4763033175354,Kled,Pantheon,Taliyah,Ashe,Lulu,Gnar,Rammus,Swain,Zeri,Yuumi,Titanic Hydra,Sundered Sky,Plated Steelcaps,Black Cleaver,Voltaic Cyclosword,Pickaxe,Farsight Alteration,Spear of Shojin,Eclipse,B. F. Sword,Randuin's Omen,Mercury's Treads,Black Cleaver,Oracle Lens,Void Staff,Cosmic Drive,Oblivion Orb,Sorcerer's Shoes,Needlessly Large Rod,Seraph's Embrace,Oracle Lens,Kraken Slayer,Long Sword,Phantom Dancer,Mortal Reminder,Berserker's Greaves,Cloak of Agility,Farsight Alteration,Redemption,Dream Maker,Ardent Censer,No_Item,Ionian Boots of Lucidity,Moonstone Renewer,Oracle Lens,Sterak's Gage,Plated Steelcaps,Trinity Force,Dead Man's Plate,Doran's Blade,No_Item,Farsight Alteration,Plated Steelcaps,Hollow Radiance,Ruby Crystal,Thornmail,Negatron Cloak,Chain Vest,Oracle Lens,"Jak'Sho, The Protean",Unending Despair,Spectre's Cowl,Blackfire Torch,Plated Steelcaps,No_Item,Farsight Alteration,Runaan's Hurricane,Mercurial Scimitar,Infinity Edge,Zephyr,Lord Dominik's Regards,Navori Flickerblade,Farsight Alteration,Mejai's Soulstealer,Mikael's Blessing,Dream Maker,No_Item,Ardent Censer,Moonstone Renewer,Farsight Alteration,Conqueror,Resolve,Conqueror,Inspiration,Phase Rush,Precision,Lethal Tempo,Inspiration,Summon Aery,Inspiration,Fleet Footwork,Resolve,Aftershock,Precision,Conqueror,Resolve,Lethal Tempo,Resolve,Summon Aery,Resolve,Teleport,Flash,Smite,Flash,Flash,Teleport,Barrier,Flash,Flash,Ignite,Flash,Teleport,Flash,Smite,Teleport,Flash,Flash,Cleanse,Exhaust,Heal,1,4,1,0,2,2
