GAME_ID,BLUE_WIN,BLUE_KILLS,RED_KILLS,BLUE_DEATHS,RED_DEATHS,RED_ASSISTS,BLUE_ASSISTS,BLUE_WARDS_PLACED,RED_WARDS_PLACED,BLUE_WARDS_DESTROYED,RED_WARDS_DESTROYED,BLUE_DRAGONS,RED_DRAGONS,BLUE_BARONS,RED_BARONS,BLUE_TOWERS,RED_TOWERS,BLUE_ELITE_MONSTERS,RED_ELITE_MONSTERS,BLUE_TEAM_GOLD,RED_TEAM_GOLD,BLUE_TEAM_LEVEL,RED_TEAM_LEVEL,BLUE_TEAM_CS,RED_TEAM_CS,BLUE_TEAAM_CS_PER_MINUTE,RED_TEAAM_CS_PER_MINUTE,BLUE_GOLD_DIFF,RED_GOLD_DIFF,BLUE_GOLD_PER_MIN,RED_GOLD_PER_MIN,BLUE_TEAM_TOP,BLUE_TEAM_JNG,BLUE_TEAM_MID,BLUE_TEAM_ADC,BLUE_TEAM_SUP,RED_TEAM_TOP,RED_TEAM_JNG,RED_TEAM_MID,RED_TEAM_ADC,RED_TEAM_SUP,BLLUE_TEAM_TOP_ITEM_1,BLLUE_TEAM_TOP_ITEM_2,BLLUE_TEAM_TOP_ITEM_3,BLLUE_TEAM_TOP_ITEM_4,BLLUE_TEAM_TOP_ITEM_5,BLLUE_TEAM_TOP_ITEM_6,BLLUE_TEAM_TOP_ITEM_VISION,BLLUE_TEAM_JNG_ITEM_1,BLLUE_TEAM_JNG_ITEM_2,BLLUE_TEAM_JNG_ITEM_3,BLLUE_TEAM_JNG_ITEM_4,BLLUE_TEAM_JNG_ITEM_5,BLLUE_TEAM_JNG_ITEM_6,BLLUE_TEAM_JNG_ITEM_VISION,BLLUE_TEAM_MID_ITEM_1,BLLUE_TEAM_MID_ITEM_2,BLLUE_TEAM_MID_ITEM_3,BLLUE_TEAM_MID_ITEM_4,BLLUE_TEAM_MID_ITEM_5,BLLUE_TEAM_MID_ITEM_6,BLLUE_TEAM_MID_ITEM_VISION,BLLUE_TEAM_ADC_ITEM_1,BLLUE_TEAM_ADC_ITEM_2,BLLUE_TEAM_ADC_ITEM_3,BLLUE_TEAM_ADC_ITEM_4,BLLUE_TEAM_ADC_ITEM_5,BLLUE_TEAM_ADC_ITEM_6,BLLUE_TEAM_ADC_ITEM_VISION,BLLUE_TEAM_SUP_ITEM_1,BLLUE_TEAM_SUP_ITEM_2,BLLUE_TEAM_SUP_ITEM_3,BLLUE_TEAM_SUP_ITEM_4,BLLUE_TEAM_SUP_ITEM_5,BLLUE_TEAM_SUP_ITEM_6,BLLUE_TEAM_SUP_ITEM_VISION,RED_TEAM_TOP_ITEM_1,RED_TEAM_TOP_ITEM_2,RED_TEAM_TOP_ITEM_3,RED_TEAM_TOP_ITEM_4,RED_TEAM_TOP_ITEM_5,RED_TEAM_TOP_ITEM_6,RED_TEAM_TOP_ITEM_VISION,RED_TEAM_JNG_ITEM_1,RED_TEAM_JNG_ITEM_2,RED_TEAM_JNG_ITEM_3,RED_TEAM_JNG_ITEM_4,RED_TEAM_JNG_ITEM_5,RED_TEAM_JNG_ITEM_6,RED_TEAM_JNG_ITEM_VISION,RED_TEAM_MID_ITEM_1,RED_TEAM_MID_ITEM_2,RED_TEAM_MID_ITEM_3,RED_TEAM_MID_ITEM_4,RED_TEAM_MID_ITEM_5,RED_TEAM_MID_ITEM_6,RED_TEAM_MID_ITEM_VISION,RED_TEAM_ADC_ITEM_1,RED_TEAM_ADC_ITEM_2,RED_TEAM_ADC_ITEM_3,RED_TEAM_ADC_ITEM_4,RED_TEAM_ADC_ITEM_5,RED_TEAM_ADC_ITEM_6,RED_TEAM_ADC_ITEM_VISION,RED_TEAM_SUP_ITEM_1,RED_TEAM_SUP_ITEM_2,RED_TEAM_SUP_ITEM_3,RED_TEAM_SUP_ITEM_4,RED_TEAM_SUP_ITEM_5,RED_TEAM_SUP_ITEM_6,RED_TEAM_SUP_ITEM_VISION,BLUE_TEAM_TOP_RUNE_01,BLUE_TEAM_TOP_RUNE_02,BLUE_TEAM_JNG_RUNE_01,BLUE_TEAM_JNG_RUNE_02,BLUE_TEAM_MID_RUNE_01,BLUE_TEAM_MID_RUNE_02,BLUE_TEAM_ADC_RUNE_01,BLUE_TEAM_ADC_RUNE_02,BLUE_TEAM_SUP_RUNE_01,BLUE_TEAM_SUP_RUNE_02,RED_TEAM_TOP_RUNE_01,RED_TEAM_TOP_RUNE_02,RED_TEAM_JNG_RUNE_01,RED_TEAM_JNG_RUNE_02,RED_TEAM_MID_RUNE_01,RED_TEAM_MID_RUNE_02,RED_TEAM_ADC_RUNE_01,RED_TEAM_ADC_RUNE_02,RED_TEAM_SUP_RUNE_01,RED_TEAM_SUP_RUNE_02,BLUE_TEAM_TOP_SUMMONER_01,BLUE_TEAM_TOP_SUMMONER_02,BLUE_TEAM_JNG_SUMMONER_01,BLUE_TEAM_JNG_SUMMONER_02,BLUE_TEAM_MID_SUMMONER_01,BLUE_TEAM_MID_SUMMONER_02,BLUE_TEAM_ADC_SUMMONER_01,BLUE_TEAM_ADC_SUMMONER_02,BLUE_TEAM_SUP_SUMMONER_01,BLUE_TEAM_SUP_SUMMONER_02,RED_TEAM_TOP_SUMMONER_01,RED_TEAM_TOP_SUMMONER_02,RED_TEAM_JNG_SUMMONER_01,RED_TEAM_JNG_SUMMONER_02,RED_TEAM_MID_SUMMONER_01,RED_TEAM_MID_SUMMONER_02,RED_TEAM_ADC_SUMMONER_01,RED_TEAM_ADC_SUMMONER_02,RED_TEAM_SUP_SUMMONER_01,RED_TEAM_SUP_SUMMONER_02,BLUE_TEAM_RIFT_HERALDS,BLUE_TEAM_VOID_GRUBS,BLUE_TEAM_INHIBITORS,RED_TEAM_RIFT_HERALDS,RED_TEAM_VOID_GRUBS,RED_TEAM_INHIBITORS
https://www.op.gg/summoners/euw/TheDisconnectTV-EUW/matches/uRd1PvnOddqlKD-mulWEPGt-MHZt6MuJ-CmMtzbOhPg%3D/1734639810000,1,40,17,17,40,28,78,40,44,9,15,2,0,1,0,7,2,3,0,52766,42869,13.6,11.4,666,670,29.599999999999998,29.8,9897,-9897,2340.0573913043477,1901.146956521739,Zilean,Viego,Azir,Aphelios,Thresh,Warwick,Poppy,Sylas,Kalista,Galio,Doran's Ring,Refillable Potion,Seraph's Embrace,Oblivion Orb,Ionian Boots of Lucidity,Fiendish Codex,Stealth Ward,Mercury's Treads,Kraken Slayer,Wit's End,Trinity Force,Pickaxe,No_Item,Oracle Lens,Nashor's Tooth,Doran's Ring,Liandry's Torment,Needlessly Large Rod,No_Item,Mercury's Treads,Farsight Alteration,Doran's Blade,Infinity Edge,The Collector,Berserker's Greaves,Lord Dominik's Regards,No_Item,Farsight Alteration,Redemption,Ionian Boots of Lucidity,Solstice Sleigh,Kindlegem,Kindlegem,Kindlegem,Oracle Lens,Stridebreaker,Ruby Crystal,Winged Moonplate,Hullbreaker,Boots of Swiftness,Chain Vest,Stealth Ward,Glacial Buckler,Locket of the Iron Solari,Bami's Cinder,Cloth Armor,Mercury's Treads,No_Item,Oracle Lens,Hextech Rocketbelt,Cosmic Drive,No_Item,Sorcerer's Shoes,No_Item,Dark Seal,Stealth Ward,Doran's Blade,Chain Vest,Berserker's Greaves,Blade of The Ruined King,Guinsoo's Rageblade,Giant's Belt,Farsight Alteration,Locket of the Iron Solari,Celestial Opposition,Bami's Cinder,Rejuvenation Bead,Ruby Crystal,Boots of Swiftness,Oracle Lens,Summon Aery,Resolve,Conqueror,Inspiration,Conqueror,Sorcery,Press the Attack,Inspiration,Glacial Augment,Resolve,Lethal Tempo,Resolve,Phase Rush,Inspiration,Conqueror,Resolve,Lethal Tempo,Domination,Aftershock,Sorcery,Teleport,Flash,Flash,Smite,Flash,Teleport,Flash,Barrier,Flash,Exhaust,Ghost,Teleport,Flash,Smite,Teleport,Flash,Flash,Heal,Flash,Ignite,1,3,1,0,3,0
https://www.op.gg/summoners/euw/TheDisconnectTV-EUW/matches/uRd1PvnOddrcqnnRLAdVZGkK9YRaqZr6B73TgRUJiAw%3D/1734637085000,1,24,6,6,24,9,34,35,23,6,11,0,0,0,0,1,0,0,0,32979,24264,10.4,8.8,478,425,30.8,27.5,8715,-8715,2127.6774193548385,1565.4193548387098,Heimerdinger,Zed,Yasuo,Akshan,Rakan,Zilean,Gwen,Riven,Ashe,Rell,Ionian Boots of Lucidity,Doran's Ring,Blackfire Torch,Amplifying Tome,No_Item,No_Item,Stealth Ward,Gustwalker Hatchling,Voltaic Cyclosword,Slightly Magical Footwear,Serrated Dirk,Rectrix,Long Sword,Stealth Ward,Refillable Potion,Kraken Slayer,Berserker's Greaves,Cloak of Agility,Long Sword,Doran's Shield,Farsight Alteration,Boots,Statikk Shiv,The Collector,No_Item,Doran's Blade,No_Item,Stealth Ward,Locket of the Iron Solari,Celestial Opposition,Forbidden Idol,Mercury's Treads,No_Item,Control Ward,Oracle Lens,Doran's Ring,Archangel's Staff,Ionian Boots of Lucidity,No_Item,No_Item,Control Ward,Stealth Ward,Fiendish Codex,Slightly Magical Footwear,Nashor's Tooth,Amplifying Tome,No_Item,No_Item,Oracle Lens,Doran's Blade,Hubris,Ionian Boots of Lucidity,Caulfield's Warhammer,Long Sword,No_Item,Stealth Ward,Berserker's Greaves,No_Item,No_Item,No_Item,No_Item,No_Item,Stealth Ward,Plated Steelcaps,Solstice Sleigh,Kindlegem,Cloth Armor,Null-Magic Mantle,Control Ward,Oracle Lens,Conqueror,Sorcery,Electrocute,Inspiration,Lethal Tempo,Resolve,Press the Attack,Domination,Guardian,Domination,Summon Aery,Resolve,Conqueror,Inspiration,Conqueror,Inspiration,Lethal Tempo,Inspiration,Aftershock,Inspiration,Flash,Teleport,Flash,Smite,Exhaust,Flash,Flash,Teleport,Flash,Ignite,Teleport,Flash,Smite,Ghost,Flash,Teleport,Barrier,Flash,Ignite,Flash,1,6,0,0,0,0
https://www.op.gg/summoners/euw/TheDisconnectTV-EUW/matches/uRd1PvnOddqBTs-0W3Yjb21v6rTDqq2T7jJ3EHpnSpE%3D/1734634004000,1,30,18,18,30,25,41,85,76,27,24,2,2,1,0,9,2,3,2,59345,50922,15.6,13.6,884,878,30.5,30.2,8423,-8423,2048.815476190476,1758.0214285714287,Zilean,Ambessa,Irelia,Ziggs,Bard,Rumble,Yorick,Yone,Jinx,Karma,Doran's Ring,Seraph's Embrace,Cosmic Drive,Ionian Boots of Lucidity,Glacial Buckler,Control Ward,Stealth Ward,No_Item,Black Cleaver,Eclipse,Plated Steelcaps,Spear of Shojin,Tunneler,Oracle Lens,Frozen Heart,Hullbreaker,Kraken Slayer,Blade of The Ruined King,Plated Steelcaps,Cloth Armor,Oracle Lens,Doran's Ring,Seraph's Embrace,Liandry's Torment,Sorcerer's Shoes,Luden's Companion,Amplifying Tome,Farsight Alteration,Dead Man's Plate,Bloodsong,Statikk Shiv,Control Ward,No_Item,Plated Steelcaps,Oracle Lens,Hextech Rocketbelt,Sorcerer's Shoes,Needlessly Large Rod,Stormsurge,Doran's Ring,Needlessly Large Rod,Stealth Ward,Stridebreaker,Liandry's Torment,Spectre's Cowl,Mercury's Treads,Black Cleaver,No_Item,Farsight Alteration,Cloak of Agility,Blade of The Ruined King,Berserker's Greaves,Doran's Blade,Immortal Shieldbow,Control Ward,Farsight Alteration,Doran's Blade,Kraken Slayer,Cloak of Agility,Hullbreaker,Runaan's Hurricane,Berserker's Greaves,Farsight Alteration,Dream Maker,Control Ward,Redemption,Moonstone Renewer,Ionian Boots of Lucidity,Amplifying Tome,Oracle Lens,Summon Aery,Inspiration,Conqueror,Domination,Conqueror,Resolve,Arcane Comet,Inspiration,Guardian,Inspiration,Arcane Comet,Resolve,Conqueror,Inspiration,Lethal Tempo,Resolve,Lethal Tempo,Inspiration,Summon Aery,Resolve,Teleport,Flash,Flash,Smite,Teleport,Flash,Flash,Teleport,Flash,Ignite,Flash,Teleport,Flash,Smite,Flash,Exhaust,Teleport,Flash,Ignite,Flash,1,1,1,0,3,0
https://www.op.gg/summoners/euw/TheDisconnectTV-EUW/matches/uRd1PvnOddrT0Ns2wAjpgt1jeq0qDt9r7QUDxqnth7M%3D/1734631687000,0,20,32,32,20,77,32,61,97,24,22,0,5,1,1,5,7,1,6,59649,66524,14.8,16.6,1002,967,31.9,30.7,-6875,6875,1908.768,2128.768,Irelia,Udyr,Sylas,Corki,Janna,Zilean,Zac,Yasuo,Kai'Sa,Rell,Frozen Heart,Wit's End,Mercury's Treads,Kraken Slayer,Pickaxe,Blade of The Ruined King,Oracle Lens,Unending Despair,Dark Seal,Liandry's Torment,Mercury's Treads,Spirit Visage,Negatron Cloak,Oracle Lens,Shattered Armguard,Hextech Rocketbelt,Dark Seal,Doran's Ring,Sorcerer's Shoes,Cosmic Drive,Oracle Lens,Muramana,Trinity Force,Boots of Swiftness,Mortal Reminder,Noonquiver,Cloak of Agility,Farsight Alteration,Dream Maker,Redemption,Forbidden Idol,Moonstone Renewer,Forbidden Idol,Boots of Swiftness,Oracle Lens,Doran's Ring,Seraph's Embrace,Ionian Boots of Lucidity,Cosmic Drive,Fiendish Codex,Bandleglass Mirror,Stealth Ward,Spirit Visage,Randuin's Omen,Knight's Vow,Sunfire Aegis,Unending Despair,Ionian Boots of Lucidity,Oracle Lens,Blade of The Ruined King,Doran's Blade,Berserker's Greaves,Immortal Shieldbow,Mortal Reminder,The Collector,Farsight Alteration,Doran's Blade,Guinsoo's Rageblade,Shattered Armguard,Nashor's Tooth,Kraken Slayer,Berserker's Greaves,Farsight Alteration,Locket of the Iron Solari,Solstice Sleigh,Ionian Boots of Lucidity,Zeke's Convergence,Ruby Crystal,Control Ward,Oracle Lens,Conqueror,Inspiration,Conqueror,Resolve,Conqueror,Resolve,Conqueror,Inspiration,Summon Aery,Resolve,Summon Aery,Resolve,Aftershock,Precision,Lethal Tempo,Resolve,Lethal Tempo,Inspiration,Aftershock,Inspiration,Teleport,Flash,Flash,Smite,Flash,Teleport,Flash,Barrier,Heal,Flash,Teleport,Flash,Smite,Flash,Flash,Teleport,Barrier,Flash,Ignite,Flash,0,4,0,1,2,2
https://www.op.gg/summoners/euw/TheDisconnectTV-EUW/matches/uRd1PvnOddpVR30DXMVleWZnKISpwSuXHO79_mLG0tU%3D/1734629151000,0,30,42,42,30,67,47,55,68,17,13,1,3,0,2,3,11,1,5,54735,67292,14.2,15.4,792,896,27.8,31.400000000000002,-12557,12557,1925.8611111111113,2367.6814814814816,Zilean,Volibear,Ekko,Kog'Maw,Taric,Ryze,Vi,Yasuo,Smolder,Nautilus,Doran's Ring,Seraph's Embrace,Cosmic Drive,Oblivion Orb,Ionian Boots of Lucidity,Control Ward,Stealth Ward,Iceborn Gauntlet,Ionian Boots of Lucidity,Sundered Sky,Dead Man's Plate,No_Item,No_Item,Oracle Lens,Doran's Ring,Nashor's Tooth,Dark Seal,Rabadon's Deathcap,Sorcerer's Shoes,Lich Bane,Oracle Lens,Randuin's Omen,Blade of The Ruined King,Guinsoo's Rageblade,Terminus,No_Item,Berserker's Greaves,Farsight Alteration,Control Ward,Knight's Vow,Celestial Opposition,Tear of the Goddess,Locket of the Iron Solari,Plated Steelcaps,Oracle Lens,Seraph's Embrace,Luden's Companion,Mejai's Soulstealer,Boots of Swiftness,Needlessly Large Rod,Needlessly Large Rod,Oracle Lens,Mercury's Treads,Sundered Sky,Black Cleaver,Death's Dance,Long Sword,No_Item,Stealth Ward,Quicksilver Sash,Kraken Slayer,Berserker's Greaves,Immortal Shieldbow,Infinity Edge,Dead Man's Plate,Farsight Alteration,B. F. Sword,Essence Reaver,Boots of Swiftness,Spear of Shojin,Lord Dominik's Regards,Cloak of Agility,Farsight Alteration,Locket of the Iron Solari,Celestial Opposition,Knight's Vow,Negatron Cloak,Mercury's Treads,Kindlegem,Oracle Lens,Summon Aery,Inspiration,Press the Attack,Sorcery,Hail of Blades,Sorcery,Lethal Tempo,Resolve,Guardian,Inspiration,Conqueror,Sorcery,Hail of Blades,Inspiration,Lethal Tempo,Resolve,Arcane Comet,Inspiration,Aftershock,Inspiration,Teleport,Flash,Flash,Smite,Teleport,Flash,Flash,Barrier,Flash,Heal,Flash,Teleport,Flash,Smite,Teleport,Flash,Flash,Cleanse,Flash,Ignite,0,3,0,0,3,2
https://www.op.gg/summoners/euw/TheDisconnectTV-EUW/matches/uRd1PvnOddoFCgShox5smHz9EOy-Butg4Tu57WDGUU0%3D/1734625381000,0,16,32,32,16,69,36,78,86,27,31,0,4,0,2,2,11,0,6,51478,67568,14.0,16.0,843,1001,26.3,31.2,-16090,16090,1597.593103448276,2096.937931034483,Zilean,Lee Sin,Garen,Lux,Bard,K'Sante,Kindred,Viktor,Hwei,Nautilus,Cosmic Drive,Seraph's Embrace,Fiendish Codex,Ionian Boots of Lucidity,Fiendish Codex,Control Ward,Stealth Ward,Sundered Sky,No_Item,Eclipse,Slightly Magical Footwear,Maw of Malmortius,No_Item,Stealth Ward,Stridebreaker,Doran's Shield,Boots of Swiftness,Phantom Dancer,Lord Dominik's Regards,No_Item,Stealth Ward,Sorcerer's Shoes,Needlessly Large Rod,Dark Seal,Luden's Companion,Horizon Focus,Void Staff,Farsight Alteration,Dead Man's Plate,Bloodsong,Boots of Swiftness,Statikk Shiv,Control Ward,No_Item,Oracle Lens,"Jak'Sho, The Protean",Chain Vest,Mercury's Treads,Iceborn Gauntlet,Kaenic Rookern,Kindlegem,Farsight Alteration,No_Item,Trinity Force,The Collector,Plated Steelcaps,Rapid Firecannon,Lord Dominik's Regards,Oracle Lens,Blackfire Torch,Liandry's Torment,Zhonya's Hourglass,Sorcerer's Shoes,Needlessly Large Rod,Mejai's Soulstealer,Farsight Alteration,Shadowflame,Sorcerer's Shoes,Luden's Companion,Horizon Focus,Needlessly Large Rod,Needlessly Large Rod,Farsight Alteration,Bloodsong,Abyssal Mask,Locket of the Iron Solari,Mercury's Treads,No_Item,No_Item,Oracle Lens,Summon Aery,Inspiration,Conqueror,Inspiration,Phase Rush,Resolve,Arcane Comet,Precision,Guardian,Inspiration,Aftershock,Domination,Press the Attack,Inspiration,First Strike,Sorcery,Arcane Comet,Precision,Aftershock,Inspiration,Teleport,Flash,Smite,Flash,Flash,Ignite,Teleport,Flash,Flash,Ignite,Teleport,Flash,Smite,Flash,Flash,Teleport,Flash,Teleport,Flash,Ignite,1,3,0,0,3,3
https://www.op.gg/summoners/euw/TheDisconnectTV-EUW/matches/uRd1PvnOddq4aGHLa6kmaDqLYp6ud0gS0whHVqXTTtU%3D/1734537878000,0,10,28,28,10,54,12,106,82,28,46,0,4,0,1,4,7,0,5,49735,56472,13.2,15.6,894,872,30.9,30.0,-6737,6737,1718.118181818182,1950.8509090909092,Gnar,Wukong,Hwei,Jinx,Bard,Zilean,Shaco,Anivia,Kog'Maw,Janna,Doran's Shield,Mercury's Treads,Ruby Crystal,Trinity Force,Wit's End,Tunneler,Farsight Alteration,Trinity Force,Sundered Sky,Control Ward,Mercury's Treads,Null-Magic Mantle,Ruby Crystal,Oracle Lens,Horizon Focus,Luden's Companion,Sorcerer's Shoes,Shadowflame,Aether Wisp,Amplifying Tome,Farsight Alteration,Doran's Blade,Berserker's Greaves,Kraken Slayer,Hullbreaker,Zeal,Dagger,Farsight Alteration,Bloodsong,Cloth Armor,Null-Magic Mantle,Dead Man's Plate,Kindlegem,Boots of Swiftness,Oracle Lens,Doran's Ring,Ionian Boots of Lucidity,Seraph's Embrace,Frozen Heart,Fiendish Codex,Control Ward,Stealth Ward,No_Item,Youmuu's Ghostblade,Voltaic Cyclosword,Opportunity,Berserker's Greaves,Noonquiver,Oracle Lens,Zhonya's Hourglass,Haunting Guise,Seraph's Embrace,Rod of Ages,Doran's Ring,Sorcerer's Shoes,Farsight Alteration,Doran's Blade,Blade of The Ruined King,Guinsoo's Rageblade,Terminus,Berserker's Greaves,Chain Vest,Farsight Alteration,Dream Maker,Shurelya's Battlesong,Redemption,Boots of Swiftness,Mejai's Soulstealer,No_Item,Oracle Lens,Fleet Footwork,Resolve,Conqueror,Inspiration,Arcane Comet,Precision,Lethal Tempo,Sorcery,Guardian,Domination,Summon Aery,Inspiration,Hail of Blades,Precision,Electrocute,Precision,Lethal Tempo,Resolve,Summon Aery,Inspiration,Teleport,Flash,Flash,Smite,Flash,Teleport,Flash,Barrier,Flash,Ignite,Teleport,Flash,Smite,Ignite,Flash,Teleport,Flash,Barrier,Flash,Heal,1,3,0,0,0,1
https://www.op.gg/summoners/euw/TheDisconnectTV-EUW/matches/uRd1PvnOddrmqFGODL_oKAw6L3Q7Qkp45hFMGAr0ziw%3D/1734534805000,1,32,15,15,32,17,53,118,110,39,37,3,2,2,0,10,5,5,2,72630,64719,17.0,15.4,1083,1172,30.8,33.2,7911,-7911,2049.460396039604,1826.229207920792,Zilean,Skarner,Viktor,Jhin,Poppy,Yorick,Kindred,Kassadin,Ezreal,Rell,Kaenic Rookern,Seraph's Embrace,Ionian Boots of Lucidity,Oblivion Orb,Frozen Heart,Control Ward,Stealth Ward,Unending Despair,Sterak's Gage,Plated Steelcaps,Spirit Visage,Heartsteel,Bramble Vest,Oracle Lens,Liandry's Torment,Void Staff,Blackfire Torch,Rabadon's Deathcap,Sorcerer's Shoes,Lich Bane,Oracle Lens,Boots of Swiftness,The Collector,No_Item,Infinity Edge,Lord Dominik's Regards,Rapid Firecannon,Farsight Alteration,Bloodsong,Dead Man's Plate,Locket of the Iron Solari,Plated Steelcaps,Warden's Mail,Ruby Crystal,Oracle Lens,Mercurial Scimitar,Sterak's Gage,Spirit Visage,Sundered Sky,Trinity Force,Mercury's Treads,Stealth Ward,The Collector,Kraken Slayer,Mercury's Treads,Infinity Edge,No_Item,No_Item,Oracle Lens,Rabadon's Deathcap,Blighting Jewel,Seraph's Embrace,Blasting Wand,Sorcerer's Shoes,Malignance,Oracle Lens,Muramana,Serylda's Grudge,Tunneler,Ionian Boots of Lucidity,No_Item,Trinity Force,Farsight Alteration,Celestial Opposition,Locket of the Iron Solari,Control Ward,Zeke's Convergence,Cloth Armor,Ionian Boots of Lucidity,Oracle Lens,Summon Aery,Inspiration,Grasp of the Undying,Inspiration,First Strike,Sorcery,Dark Harvest,Precision,Hail of Blades,Inspiration,Conqueror,Resolve,Press the Attack,Domination,Electrocute,Sorcery,Press the Attack,Inspiration,Aftershock,Inspiration,Teleport,Flash,Flash,Smite,Teleport,Flash,Flash,Heal,Flash,Ignite,Flash,Teleport,Flash,Smite,Flash,Teleport,Flash,Barrier,Flash,Ignite,0,4,2,1,2,0
https://www.op.gg/summoners/euw/TheDisconnectTV-EUW/matches/uRd1PvnOddrE9vrs2BFjQiAjVdd-FI1xtredHrjlCsg%3D/1734532014000,0,16,30,30,16,65,36,68,88,23,24,2,3,0,2,4,9,2,5,59971,70384,15.6,17.4,1034,1049,29.400000000000002,29.7,-10413,10413,1697.2924528301885,1991.9999999999998,Cho'Gath,Wukong,Ambessa,Jinx,Lulu,Garen,Nidalee,Zilean,Jhin,Bard,Heartsteel,Force of Nature,Dead Man's Plate,Control Ward,No_Item,Boots of Swiftness,Oracle Lens,Kindlegem,Chain Vest,Boots of Swiftness,Sterak's Gage,Sundered Sky,Trinity Force,Oracle Lens,Last Whisper,Spear of Shojin,Opportunity,Doran's Blade,Boots of Swiftness,Voltaic Cyclosword,Oracle Lens,Yun Tal Wildarrows,Berserker's Greaves,Infinity Edge,B. F. Sword,Mortal Reminder,Phantom Dancer,Farsight Alteration,Dream Maker,Shurelya's Battlesong,Ionian Boots of Lucidity,Moonstone Renewer,Kindlegem,Forbidden Idol,Oracle Lens,Stridebreaker,B. F. Sword,The Collector,Boots of Swiftness,Phantom Dancer,Lord Dominik's Regards,Oracle Lens,Zhonya's Hourglass,Horizon Focus,Amplifying Tome,Liandry's Torment,Dark Seal,Sorcerer's Shoes,Oracle Lens,Doran's Ring,Cosmic Drive,Seraph's Embrace,Ionian Boots of Lucidity,Frozen Heart,Control Ward,Stealth Ward,Boots of Swiftness,The Collector,Bloodthirster,Infinity Edge,Lord Dominik's Regards,Rapid Firecannon,Farsight Alteration,Dead Man's Plate,Bloodsong,Boots of Swiftness,Statikk Shiv,Oblivion Orb,No_Item,Oracle Lens,Grasp of the Undying,Inspiration,Conqueror,Inspiration,Conqueror,Resolve,Lethal Tempo,Sorcery,Summon Aery,Resolve,Phase Rush,Resolve,Conqueror,Sorcery,Summon Aery,Inspiration,Dark Harvest,Precision,Guardian,Inspiration,Flash,Teleport,Smite,Flash,Teleport,Flash,Flash,Ghost,Flash,Heal,Flash,Ignite,Smite,Flash,Teleport,Flash,Flash,Heal,Flash,Ignite,1,6,0,0,0,2
https://www.op.gg/summoners/euw/TheDisconnectTV-EUW/matches/uRd1PvnOddqRSpzq0bmF0BZ0VrN6k_YutL83uVmq4-8%3D/1734529027000,1,35,12,12,35,15,65,66,45,13,16,3,0,1,0,8,5,4,0,52642,42901,14.0,12.0,759,737,32.3,31.3,9741,-9741,2246.9146341463415,1831.1402439024391,Zilean,Vi,Azir,Samira,Rell,Garen,Skarner,Taliyah,Nilah,Nautilus,Doran's Ring,Ionian Boots of Lucidity,Seraph's Embrace,Cosmic Drive,No_Item,No_Item,Stealth Ward,Slightly Magical Footwear,Sundered Sky,Black Cleaver,Null-Magic Mantle,Long Sword,No_Item,Stealth Ward,Liandry's Torment,Doran's Ring,Nashor's Tooth,Sorcerer's Shoes,Rabadon's Deathcap,Amplifying Tome,Farsight Alteration,Boots,The Collector,Doran's Blade,Infinity Edge,Lord Dominik's Regards,Bloodthirster,Farsight Alteration,Elixir of Iron,Celestial Opposition,Locket of the Iron Solari,Control Ward,Zeke's Convergence,Mercury's Treads,Oracle Lens,Cloak of Agility,Boots of Swiftness,Stridebreaker,Phantom Dancer,B. F. Sword,Pickaxe,Stealth Ward,Heartsteel,Sterak's Gage,Kindlegem,Mercury's Treads,No_Item,No_Item,Oracle Lens,Seraph's Embrace,Doran's Ring,Liandry's Torment,Sorcerer's Shoes,Dark Seal,No_Item,Stealth Ward,B. F. Sword,Essence Reaver,Berserker's Greaves,Doran's Blade,Pickaxe,Cloak of Agility,Farsight Alteration,Celestial Opposition,Control Ward,Locket of the Iron Solari,Kindlegem,Mercury's Treads,Chain Vest,Oracle Lens,Summon Aery,Inspiration,Hail of Blades,Inspiration,Conqueror,Inspiration,Conqueror,Sorcery,Aftershock,Inspiration,Phase Rush,Resolve,Grasp of the Undying,Inspiration,Phase Rush,Precision,Conqueror,Inspiration,Aftershock,Inspiration,Teleport,Flash,Flash,Smite,Teleport,Flash,Flash,Barrier,Flash,Ignite,Ignite,Flash,Flash,Smite,Flash,Teleport,Flash,Barrier,Flash,Ignite,1,1,1,0,5,0
https://www.op.gg/summoners/euw/TheDisconnectTV-EUW/matches/uRd1PvnOddreNBoHv4p9Jl0qXBEzLMTtKz32Br7WXYc%3D/1734461935000,0,23,37,38,23,47,21,56,72,19,20,1,3,0,2,5,8,1,5,53568,63846,14.0,15.4,846,835,30.6,30.0,-10278,10278,1926.0404494382024,2295.5865168539326,Jayce,Udyr,Viktor,Varus,Zyra,Zilean,Elise,Lucian,Draven,Leona,Youmuu's Ghostblade,Opportunity,Doran's Blade,Muramana,Long Sword,Boots of Swiftness,Oracle Lens,Dark Seal,Randuin's Omen,Liandry's Torment,Mercury's Treads,Dead Man's Plate,Negatron Cloak,Oracle Lens,Doran's Ring,Ionian Boots of Lucidity,Liandry's Torment,Blackfire Torch,Dark Seal,Blighting Jewel,Farsight Alteration,Plated Steelcaps,Nashor's Tooth,Shadowflame,No_Item,No_Item,Guinsoo's Rageblade,Farsight Alteration,Zaz'Zak's Realmspike,Sorcerer's Shoes,Liandry's Torment,Rylai's Crystal Scepter,Control Ward,No_Item,Oracle Lens,Cosmic Drive,Ionian Boots of Lucidity,Seraph's Embrace,Oblivion Orb,Amplifying Tome,Negatron Cloak,Stealth Ward,Shadowflame,Liandry's Torment,Verdant Barrier,Control Ward,Dark Seal,Sorcerer's Shoes,Oracle Lens,Doran's Blade,Mercury's Treads,Essence Reaver,Serylda's Grudge,Navori Flickerblade,Pickaxe,Farsight Alteration,Lord Dominik's Regards,Infinity Edge,Immortal Shieldbow,The Collector,Berserker's Greaves,Bloodthirster,Farsight Alteration,No_Item,Locket of the Iron Solari,Bloodsong,Knight's Vow,Negatron Cloak,Mercury's Treads,Oracle Lens,Conqueror,Inspiration,Conqueror,Resolve,Summon Aery,Precision,Press the Attack,Resolve,Arcane Comet,Precision,Summon Aery,Resolve,Electrocute,Inspiration,Press the Attack,Inspiration,Lethal Tempo,Domination,Aftershock,Inspiration,Flash,Teleport,Flash,Smite,Teleport,Flash,Cleanse,Flash,Flash,Ignite,Teleport,Flash,Flash,Smite,Flash,Teleport,Flash,Barrier,Ignite,Flash,0,6,1,1,0,1
https://www.op.gg/summoners/euw/TheDisconnectTV-EUW/matches/uRd1PvnOddpxKc9ZXFboZul6iY4V5oBLbl866umK4YQ%3D/1734459911000,0,26,29,29,26,33,39,65,62,19,15,1,3,1,0,2,10,2,3,53935,63969,14.6,15.2,803,1023,27.6,35.1,-10034,10034,1840.8952095808384,2183.373053892216,Zilean,Kindred,Qiyana,Jhin,Zyra,Irelia,Kayn,Viktor,Draven,Rell,Cosmic Drive,Seraph's Embrace,Ionian Boots of Lucidity,No_Item,Oblivion Orb,Control Ward,Stealth Ward,The Collector,Kraken Slayer,Cloak of Agility,Plated Steelcaps,Lord Dominik's Regards,Pickaxe,Oracle Lens,Serylda's Grudge,Youmuu's Ghostblade,Boots,Serpent's Fang,Tunneler,Serrated Dirk,Oracle Lens,Cloak of Agility,Last Whisper,Doran's Blade,Infinity Edge,The Collector,Plated Steelcaps,Farsight Alteration,Zaz'Zak's Realmspike,Liandry's Torment,Plated Steelcaps,Oblivion Orb,Blackfire Torch,No_Item,Oracle Lens,Plated Steelcaps,Blade of The Ruined King,Wit's End,Death's Dance,Tunneler,Pickaxe,Stealth Ward,Ionian Boots of Lucidity,Youmuu's Ghostblade,Serpent's Fang,Serylda's Grudge,Long Sword,Long Sword,Oracle Lens,Zhonya's Hourglass,Stormsurge,Shadowflame,Rabadon's Deathcap,Sorcerer's Shoes,Doran's Ring,Farsight Alteration,B. F. Sword,The Collector,Lord Dominik's Regards,Bloodthirster,Cloak of Agility,Boots,Farsight Alteration,Refillable Potion,Locket of the Iron Solari,Celestial Opposition,Ionian Boots of Lucidity,Kaenic Rookern,Bramble Vest,Oracle Lens,Summon Aery,Resolve,Press the Attack,Domination,Electrocute,Resolve,Fleet Footwork,Sorcery,Arcane Comet,Precision,Conqueror,Inspiration,Dark Harvest,Inspiration,Summon Aery,Resolve,Lethal Tempo,Domination,Aftershock,Inspiration,Teleport,Flash,Flash,Smite,Flash,Teleport,Flash,Barrier,Flash,Ignite,Flash,Teleport,Flash,Smite,Flash,Teleport,Flash,Barrier,Ignite,Flash,1,5,0,0,1,2
https://www.op.gg/summoners/euw/TheDisconnectTV-EUW/matches/uRd1PvnOddphUjdtRlF9bOuVpvqLmb2xyWjOj4ZCh1M%3D/1734457244000,0,17,29,30,17,36,25,42,43,9,12,0,2,0,1,0,9,0,3,37585,52150,11.8,13.0,604,728,27.900000000000002,33.6,-14565,14565,1748.139534883721,2425.5813953488373,Zilean,Karthus,Yone,Jinx,Blitzcrank,Jax,Viego,Viktor,Draven,Nami,Doran's Ring,Cloth Armor,Seraph's Embrace,Ionian Boots of Lucidity,Cosmic Drive,Cloth Armor,Stealth Ward,Mejai's Soulstealer,Sorcerer's Shoes,Blackfire Torch,Aether Wisp,Needlessly Large Rod,Gustwalker Hatchling,Oracle Lens,Blade of The Ruined King,Refillable Potion,Noonquiver,Berserker's Greaves,No_Item,No_Item,Oracle Lens,Doran's Blade,Berserker's Greaves,Infinity Edge,Yun Tal Wildarrows,Cloak of Agility,No_Item,Farsight Alteration,Synchronized Souls,Control Ward,Bloodsong,Sapphire Crystal,Trailblazer,No_Item,Oracle Lens,Lich Bane,Nashor's Tooth,Needlessly Large Rod,Boots of Swiftness,Amplifying Tome,Needlessly Large Rod,Stealth Ward,Sundered Sky,Kraken Slayer,Plated Steelcaps,Giant's Belt,No_Item,No_Item,Eye of the Herald,Sorcerer's Shoes,Stormsurge,Shadowflame,Amplifying Tome,Needlessly Large Rod,Doran's Ring,Farsight Alteration,Infinity Edge,The Collector,Lord Dominik's Regards,Noonquiver,Doran's Blade,Berserker's Greaves,Farsight Alteration,Ionian Boots of Lucidity,Dream Maker,Imperial Mandate,Control Ward,Bandleglass Mirror,Kindlegem,Oracle Lens,Summon Aery,Resolve,Dark Harvest,Precision,Lethal Tempo,Resolve,Lethal Tempo,Sorcery,Glacial Augment,Sorcery,Phase Rush,Resolve,Conqueror,Inspiration,Summon Aery,Resolve,Lethal Tempo,Domination,Summon Aery,Resolve,Teleport,Flash,Flash,Smite,Flash,Teleport,Barrier,Flash,Flash,Ignite,Flash,Teleport,Flash,Smite,Flash,Teleport,Flash,Barrier,Flash,Heal,0,5,0,1,1,1
https://www.op.gg/summoners/euw/TheDisconnectTV-EUW/matches/uRd1PvnOddoTqSG5SXlIcje_08g855DnPq8tLB6S8zc%3D/1734455224000,0,32,40,40,32,68,63,98,111,51,37,1,4,0,2,5,7,1,6,66521,74782,16.0,16.8,985,1003,28.2,28.6,-8261,8261,1904.1327137546468,2140.6,Urgot,Viego,Zilean,Varus,Nautilus,K'Sante,Elise,Zed,Draven,Renata Glasc,"Jak'Sho, The Protean",Long Sword,Sterak's Gage,Plated Steelcaps,Spear of Shojin,Black Cleaver,Oracle Lens,Sundered Sky,Kraken Slayer,Plated Steelcaps,Death's Dance,Steel Sigil,B. F. Sword,Oracle Lens,Frozen Heart,Ionian Boots of Lucidity,Seraph's Embrace,Cosmic Drive,Hextech Alternator,No_Item,Stealth Ward,B. F. Sword,Terminus,"Jak'Sho, The Protean",Blade of The Ruined King,Guinsoo's Rageblade,Berserker's Greaves,Farsight Alteration,Control Ward,Locket of the Iron Solari,Bloodsong,Zeke's Convergence,Plated Steelcaps,Warden's Mail,Oracle Lens,"Jak'Sho, The Protean",Frozen Heart,Kaenic Rookern,Iceborn Gauntlet,Winged Moonplate,Plated Steelcaps,Oracle Lens,Shadowflame,Zhonya's Hourglass,Cryptbloom,Sorcerer's Shoes,Dark Seal,Lich Bane,Oracle Lens,Voltaic Cyclosword,Serylda's Grudge,Ionian Boots of Lucidity,Opportunity,Serpent's Fang,Tunneler,Oracle Lens,Immortal Shieldbow,The Collector,Lord Dominik's Regards,Infinity Edge,Berserker's Greaves,Bloodthirster,Farsight Alteration,Celestial Opposition,Locket of the Iron Solari,Mikael's Blessing,Redemption,No_Item,Plated Steelcaps,Oracle Lens,Phase Rush,Resolve,Conqueror,Inspiration,Summon Aery,Inspiration,Lethal Tempo,Inspiration,Aftershock,Inspiration,Aftershock,Domination,Dark Harvest,Precision,Electrocute,Sorcery,Lethal Tempo,Domination,Guardian,Domination,Teleport,Flash,Flash,Smite,Teleport,Flash,Cleanse,Flash,Flash,Ignite,Teleport,Flash,Flash,Smite,Teleport,Flash,Flash,Barrier,Flash,Heal,1,5,0,0,1,1
https://www.op.gg/summoners/euw/TheDisconnectTV-EUW/matches/uRd1PvnOddoq9rhFoZGSo2CGb_Ns4Utrm_KR7Lcf1JQ%3D/1734452565000,1,25,16,16,25,17,46,71,92,37,27,1,3,1,0,10,2,2,3,64689,55503,15.8,15.0,1061,999,33.1,31.1,9186,-9186,2007.5896551724138,1722.5068965517241,Yorick,Viego,Viktor,Jhin,Leona,Zilean,Kha'Zix,Hwei,Caitlyn,Poppy,Quicksilver Sash,Sundered Sky,No_Item,Mercury's Treads,Trinity Force,Sterak's Gage,Oracle Lens,Plated Steelcaps,Kraken Slayer,Titanic Hydra,Sundered Sky,Long Sword,Long Sword,Farsight Alteration,Blighting Jewel,Luden's Companion,Rabadon's Deathcap,Shadowflame,Blasting Wand,Sorcerer's Shoes,Farsight Alteration,Boots of Swiftness,The Collector,No_Item,Rapid Firecannon,Infinity Edge,Doran's Blade,Farsight Alteration,Locket of the Iron Solari,Knight's Vow,No_Item,Celestial Opposition,Mercury's Treads,Kindlegem,Oracle Lens,Doran's Ring,Seraph's Embrace,Ionian Boots of Lucidity,Oblivion Orb,Cosmic Drive,Kindlegem,Stealth Ward,Spear of Shojin,Eclipse,Slightly Magical Footwear,Black Cleaver,No_Item,No_Item,Oracle Lens,Void Staff,Blackfire Torch,Control Ward,Liandry's Torment,Sorcerer's Shoes,No_Item,Farsight Alteration,B. F. Sword,Rapid Firecannon,Infinity Edge,Lord Dominik's Regards,The Collector,Berserker's Greaves,Farsight Alteration,Locket of the Iron Solari,Bloodsong,Thornmail,Plated Steelcaps,Control Ward,No_Item,Oracle Lens,Conqueror,Resolve,Conqueror,Inspiration,Summon Aery,Precision,Dark Harvest,Precision,Aftershock,Inspiration,Summon Aery,Resolve,Conqueror,Inspiration,Arcane Comet,Precision,Lethal Tempo,Sorcery,Hail of Blades,Inspiration,Flash,Teleport,Flash,Smite,Flash,Teleport,Flash,Heal,Flash,Ignite,Heal,Flash,Flash,Smite,Flash,Teleport,Cleanse,Flash,Ignite,Flash,1,5,3,0,1,0
https://www.op.gg/summoners/euw/TheDisconnectTV-EUW/matches/uRd1PvnOddrEn7ULcB9y5xOdjiAkY29XO-xAlrldJ7E%3D/1734449802000,1,32,14,14,32,22,67,95,71,33,33,1,2,1,1,7,5,2,3,58499,53290,14.8,13.6,781,859,26.8,29.6,5209,-5209,2006.6517441860467,1827.9709302325584,Zilean,Viego,Taliyah,Caitlyn,Pyke,Kled,Zyra,Sylas,Corki,Rakan,Blasting Wand,Seraph's Embrace,Oblivion Orb,Ionian Boots of Lucidity,Cosmic Drive,Ruby Crystal,Stealth Ward,Pickaxe,Cloth Armor,Mercury's Treads,Wit's End,Sundered Sky,Kraken Slayer,Oracle Lens,Seraph's Embrace,Doran's Ring,Mejai's Soulstealer,Sorcerer's Shoes,Liandry's Torment,Needlessly Large Rod,Farsight Alteration,Doran's Blade,Lord Dominik's Regards,Berserker's Greaves,Infinity Edge,The Collector,No_Item,Farsight Alteration,Control Ward,Celestial Opposition,Umbral Glaive,Boots of Swiftness,Edge of Night,Serrated Dirk,Oracle Lens,Ravenous Hydra,Serpent's Fang,Mercury's Treads,Eclipse,No_Item,No_Item,Farsight Alteration,Liandry's Torment,Sorcerer's Shoes,Shurelya's Battlesong,Shadowflame,Void Staff,No_Item,Oracle Lens,Shadowflame,Shattered Armguard,Hextech Rocketbelt,Doran's Ring,Sorcerer's Shoes,Dark Seal,Oracle Lens,Plated Steelcaps,Trinity Force,Cloak of Agility,Rapid Firecannon,Muramana,No_Item,Farsight Alteration,Boots of Swiftness,Locket of the Iron Solari,Redemption,Solstice Sleigh,Control Ward,Kindlegem,Oracle Lens,Summon Aery,Resolve,Conqueror,Inspiration,Phase Rush,Precision,Lethal Tempo,Sorcery,Hail of Blades,Inspiration,Conqueror,Resolve,Dark Harvest,Precision,Electrocute,Resolve,Conqueror,Inspiration,Guardian,Domination,Teleport,Flash,Smite,Flash,Flash,Teleport,Flash,Barrier,Ignite,Flash,Flash,Teleport,Smite,Flash,Teleport,Flash,Flash,Barrier,Ignite,Flash,0,0,2,1,6,0
https://www.op.gg/summoners/euw/TheDisconnectTV-EUW/matches/uRd1PvnOddqfgO_7XHpZst49IWt_INLLUxNiuW3EEPU%3D/1734447134000,1,20,7,7,20,5,43,47,50,14,12,1,2,0,0,4,1,1,2,41085,33484,12.0,11.0,653,649,31.5,31.5,7601,-7601,1979.2773722627737,1613.097810218978,Zilean,Viego,Orianna,Jinx,Zac,Riven,Wukong,Galio,Ashe,Yuumi,Doran's Ring,Seraph's Embrace,Ionian Boots of Lucidity,Fiendish Codex,Amplifying Tome,Kindlegem,Stealth Ward,No_Item,Trinity Force,Kindlegem,Sundered Sky,Plated Steelcaps,No_Item,Oracle Lens,Doran's Ring,Refillable Potion,Sorcerer's Shoes,Liandry's Torment,Seraph's Embrace,No_Item,Farsight Alteration,Refillable Potion,Pickaxe,B. F. Sword,Doran's Blade,Berserker's Greaves,Yun Tal Wildarrows,Oracle Lens,Celestial Opposition,Zeke's Convergence,Refillable Potion,Ionian Boots of Lucidity,Kindlegem,Oblivion Orb,Oracle Lens,Doran's Blade,Tunneler,Ionian Boots of Lucidity,Eclipse,Caulfield's Warhammer,Ruby Crystal,Oracle Lens,Trinity Force,Boots of Swiftness,Tunneler,Ruby Crystal,Glowing Mote,No_Item,Eye of the Herald,Doran's Ring,Hollow Radiance,Plated Steelcaps,Refillable Potion,Amplifying Tome,Ruby Crystal,Stealth Ward,Phantom Dancer,Control Ward,Long Sword,Berserker's Greaves,Kraken Slayer,Doran's Blade,Farsight Alteration,Dream Maker,Moonstone Renewer,Echoes of Helia,Control Ward,Dark Seal,No_Item,Oracle Lens,Summon Aery,Resolve,Conqueror,Inspiration,Phase Rush,Inspiration,Lethal Tempo,Sorcery,Aftershock,Precision,Conqueror,Inspiration,Conqueror,Inspiration,Aftershock,Inspiration,Lethal Tempo,Inspiration,Summon Aery,Resolve,Teleport,Flash,Smite,Flash,Flash,Teleport,Ghost,Flash,Flash,Ignite,Flash,Ignite,Flash,Smite,Flash,Teleport,Flash,Barrier,Heal,Exhaust,0,6,0,1,0,0
https://www.op.gg/summoners/euw/TheDisconnectTV-EUW/matches/uRd1PvnOddpUZKGGBXStRPqnSkveLIl4w4mevaVIINI%3D/1734394795000,1,40,13,13,40,14,53,45,40,3,4,2,1,0,0,9,1,2,1,47570,36481,13.0,10.8,582,578,28.400000000000002,28.2,11089,-11089,2330.6107382550335,1787.3241610738255,Zilean,Kindred,Sylas,Jinx,Soraka,Fiora,Viego,Syndra,Vladimir,Nautilus,Doran's Ring,Ionian Boots of Lucidity,Seraph's Embrace,Frozen Heart,Amplifying Tome,No_Item,Stealth Ward,The Collector,Trinity Force,Plated Steelcaps,No_Item,No_Item,No_Item,Oracle Lens,Cosmic Drive,Hextech Rocketbelt,Dark Seal,Doran's Ring,Mercury's Treads,Fiendish Codex,Farsight Alteration,Doran's Blade,Yun Tal Wildarrows,Berserker's Greaves,Infinity Edge,Runaan's Hurricane,Cloak of Agility,Farsight Alteration,Celestial Opposition,Moonstone Renewer,Kindlegem,Forbidden Idol,Dark Seal,Ionian Boots of Lucidity,Oracle Lens,Trinity Force,Doran's Blade,Ravenous Hydra,No_Item,Boots,No_Item,Stealth Ward,Kraken Slayer,Sundered Sky,Plated Steelcaps,No_Item,No_Item,No_Item,Oracle Lens,Blackfire Torch,Cosmic Drive,Sorcerer's Shoes,Needlessly Large Rod,Needlessly Large Rod,No_Item,Stealth Ward,Doran's Ring,Stormsurge,Boots of Swiftness,Dark Seal,Amplifying Tome,Amplifying Tome,Stealth Ward,Bloodsong,Locket of the Iron Solari,Control Ward,Boots of Swiftness,Cloth Armor,Ruby Crystal,Oracle Lens,Summon Aery,Inspiration,Press the Attack,Domination,Conqueror,Resolve,Lethal Tempo,Sorcery,Summon Aery,Resolve,Conqueror,Resolve,Conqueror,Inspiration,First Strike,Sorcery,Summon Aery,Precision,Aftershock,Inspiration,Teleport,Flash,Smite,Flash,Teleport,Flash,Flash,Barrier,Heal,Flash,Flash,Teleport,Smite,Flash,Flash,Teleport,Flash,Ghost,Flash,Ignite,1,1,2,0,1,0
https://www.op.gg/summoners/euw/TheDisconnectTV-EUW/matches/uRd1PvnOddoyeEBp8HZ3k2rXMULE4xnc34EIoltpXyM%3D/1734392216000,0,11,20,20,11,36,15,75,76,19,25,0,4,0,1,5,8,0,5,44821,50105,12.0,14.0,733,805,29.6,32.7,-5284,5284,1815.5341772151899,2029.5696202531647,Fiora,Elise,Karma,Draven,Pyke,Zilean,Gragas,Irelia,Varus,Blitzcrank,Ravenous Hydra,Trinity Force,Doran's Blade,Pickaxe,Tunneler,Boots,Stealth Ward,Shadowflame,Sorcerer's Shoes,Dark Seal,Stormsurge,No_Item,No_Item,Oracle Lens,Doran's Ring,Redemption,Kindlegem,Moonstone Renewer,Boots of Swiftness,No_Item,Farsight Alteration,Bloodthirster,Doran's Blade,The Collector,Last Whisper,Berserker's Greaves,Long Sword,Farsight Alteration,Celestial Opposition,Youmuu's Ghostblade,Control Ward,Boots of Swiftness,Chain Vest,Winged Moonplate,Oracle Lens,Doran's Ring,Seraph's Embrace,Frozen Heart,Ionian Boots of Lucidity,Amplifying Tome,No_Item,Stealth Ward,Sorcerer's Shoes,Stormsurge,Dark Seal,Lich Bane,No_Item,No_Item,Oracle Lens,Doran's Blade,Blade of The Ruined King,Ionian Boots of Lucidity,Hullbreaker,Wit's End,Steel Sigil,Farsight Alteration,Opportunity,Muramana,Doran's Blade,Boots of Swiftness,Edge of Night,Long Sword,Farsight Alteration,Locket of the Iron Solari,Celestial Opposition,Winged Moonplate,Plated Steelcaps,Chain Vest,No_Item,Oracle Lens,Conqueror,Resolve,Dark Harvest,Sorcery,Arcane Comet,Precision,Lethal Tempo,Sorcery,Hail of Blades,Sorcery,Summon Aery,Inspiration,Dark Harvest,Sorcery,Conqueror,Inspiration,Hail of Blades,Inspiration,Aftershock,Inspiration,Teleport,Flash,Flash,Smite,Flash,Ignite,Flash,Barrier,Ignite,Flash,Teleport,Flash,Smite,Flash,Teleport,Flash,Flash,Barrier,Flash,Ignite,0,6,0,0,0,1
https://www.op.gg/summoners/euw/TheDisconnectTV-EUW/matches/uRd1PvnOddqfni1us8S12gCnMeNmbBtz_qZD3pl_geg%3D/1734374821000,1,45,23,23,45,28,89,139,114,36,40,3,3,3,0,7,7,6,3,85489,76536,18.0,16.8,1232,1266,28.0,29.0,8953,-8953,1941.2349344978165,1737.9353711790393,Zilean,Lee Sin,Ahri,Ashe,Lulu,Dr. Mundo,Wukong,Viktor,Varus,Lux,Fiendish Codex,Morellonomicon,Seraph's Embrace,Ionian Boots of Lucidity,Imperial Mandate,Kindlegem,Stealth Ward,Stridebreaker,Eclipse,Black Cleaver,Sterak's Gage,Plated Steelcaps,Sundered Sky,Stealth Ward,Zhonya's Hourglass,Sorcerer's Shoes,Horizon Focus,Malignance,Rabadon's Deathcap,Shadowflame,Oracle Lens,Berserker's Greaves,Statikk Shiv,Bloodthirster,Mortal Reminder,Phantom Dancer,Blade of The Ruined King,Farsight Alteration,Dream Maker,Redemption,Mikael's Blessing,Dawncore,Moonstone Renewer,Ionian Boots of Lucidity,Oracle Lens,Giant's Belt,Spirit Visage,Unending Despair,Warmog's Armor,Heartsteel,Boots of Swiftness,Farsight Alteration,Steel Sigil,Sterak's Gage,Trinity Force,Abyssal Mask,Boots of Swiftness,Sundered Sky,Oracle Lens,Shadowflame,Rabadon's Deathcap,Zhonya's Hourglass,Needlessly Large Rod,Luden's Companion,Sorcerer's Shoes,Farsight Alteration,Muramana,Youmuu's Ghostblade,Boots of Swiftness,Opportunity,Edge of Night,Serylda's Grudge,Farsight Alteration,Boots of Swiftness,Zhonya's Hourglass,Zaz'Zak's Realmspike,Luden's Companion,Needlessly Large Rod,Control Ward,Oracle Lens,Summon Aery,Inspiration,Conqueror,Inspiration,Electrocute,Sorcery,Lethal Tempo,Inspiration,Summon Aery,Resolve,Grasp of the Undying,Inspiration,Conqueror,Inspiration,Summon Aery,Resolve,Arcane Comet,Precision,Arcane Comet,Resolve,Teleport,Flash,Flash,Smite,Teleport,Flash,Barrier,Flash,Heal,Flash,Teleport,Ghost,Smite,Flash,Flash,Teleport,Flash,Cleanse,Flash,Heal,1,2,0,0,1,1
https://www.op.gg/summoners/euw/TheDisconnectTV-EUW/matches/uRd1PvnOddplaHHZGLFl5Q069d2ZweKHLqX-euQt4ok%3D/1734371873000,1,25,13,13,25,21,49,64,53,16,20,1,2,0,0,10,0,1,2,55776,44652,13.4,13.2,852,797,31.4,29.5,11124,-11124,2054.9052631578948,1645.0736842105264,Riven,Ivern,Yone,Syndra,Alistar,Soraka,Graves,Sylas,Draven,Nautilus,Doran's Blade,Eclipse,Sundered Sky,Steel Sigil,Boots of Swiftness,Caulfield's Warhammer,Stealth Ward,Dawncore,Moonstone Renewer,Redemption,Fiendish Codex,Mejai's Soulstealer,Ionian Boots of Lucidity,Stealth Ward,Doran's Blade,Blade of The Ruined King,Berserker's Greaves,Mortal Reminder,Dagger,Long Sword,Farsight Alteration,Shadowflame,Sorcerer's Shoes,Zhonya's Hourglass,Luden's Companion,Void Staff,Dark Seal,Farsight Alteration,Solstice Sleigh,Control Ward,Oblivion Orb,Kindlegem,Plated Steelcaps,Warmog's Armor,Oracle Lens,Dawncore,Moonstone Renewer,Ionian Boots of Lucidity,Null-Magic Mantle,Cloth Armor,No_Item,Stealth Ward,Mortal Reminder,Youmuu's Ghostblade,Serpent's Fang,No_Item,Boots,No_Item,Oracle Lens,Cosmic Drive,Hextech Rocketbelt,Sorcerer's Shoes,Needlessly Large Rod,No_Item,Needlessly Large Rod,Oracle Lens,Doran's Blade,The Collector,Infinity Edge,Berserker's Greaves,Vampiric Scepter,No_Item,Farsight Alteration,Control Ward,Locket of the Iron Solari,Celestial Opposition,Mercury's Treads,Cloth Armor,Kindlegem,Oracle Lens,Conqueror,Sorcery,Glacial Augment,Sorcery,Lethal Tempo,Resolve,Arcane Comet,Inspiration,Aftershock,Inspiration,Summon Aery,Resolve,Dark Harvest,Precision,Conqueror,Resolve,Lethal Tempo,Domination,Glacial Augment,Resolve,Flash,Ignite,Flash,Smite,Teleport,Flash,Teleport,Flash,Ignite,Flash,Teleport,Flash,Flash,Smite,Flash,Teleport,Flash,Barrier,Flash,Ignite,1,4,2,0,0,0
https://www.op.gg/summoners/euw/TheDisconnectTV-EUW/matches/uRd1PvnOddrLLTmz4OWRG5RRo8HoipoM5vTGOhCZqTY%3D/1734369927000,1,25,12,12,25,16,46,74,74,29,21,1,1,1,0,9,2,2,1,56510,43750,14.4,12.8,860,812,31.9,30.1,12760,-12760,2092.962962962963,1620.3703703703704,Ambessa,Ivern,Aurora,Corki,Nami,Zilean,Jarvan IV,Viktor,Kog'Maw,Pyke,Mercury's Treads,Doran's Shield,Steel Sigil,Voltaic Cyclosword,Maw of Malmortius,Spear of Shojin,Stealth Ward,Redemption,No_Item,Dark Seal,Ionian Boots of Lucidity,Moonstone Renewer,Ardent Censer,Stealth Ward,Rabadon's Deathcap,Control Ward,Malignance,Dark Seal,Shadowflame,Boots,Oracle Lens,Doran's Blade,Trinity Force,Muramana,Rapid Firecannon,No_Item,Plated Steelcaps,Farsight Alteration,Dark Seal,No_Item,Dream Maker,Staff of Flowing Water,Imperial Mandate,Ionian Boots of Lucidity,Oracle Lens,Frozen Heart,Seraph's Embrace,Null-Magic Mantle,Ionian Boots of Lucidity,No_Item,No_Item,Stealth Ward,Sterak's Gage,Sundered Sky,Mercury's Treads,No_Item,No_Item,No_Item,Oracle Lens,Rabadon's Deathcap,Blackfire Torch,Liandry's Torment,No_Item,Sorcerer's Shoes,Dark Seal,Farsight Alteration,Doran's Blade,Guinsoo's Rageblade,Wit's End,Plated Steelcaps,Serrated Dirk,Pickaxe,Farsight Alteration,Bloodsong,Umbral Glaive,Serrated Dirk,Synchronized Souls,Long Sword,No_Item,Oracle Lens,Conqueror,Resolve,Summon Aery,Inspiration,Arcane Comet,Domination,Conqueror,Inspiration,Summon Aery,Resolve,Summon Aery,Resolve,Conqueror,Inspiration,Summon Aery,Resolve,Lethal Tempo,Resolve,Hail of Blades,Sorcery,Flash,Teleport,Smite,Flash,Teleport,Flash,Flash,Barrier,Flash,Heal,Teleport,Flash,Flash,Smite,Teleport,Flash,Flash,Barrier,Flash,Ignite,1,4,1,0,2,0
https://www.op.gg/summoners/euw/TheDisconnectTV-EUW/matches/uRd1PvnOddpYPHCTrwgURKKx0Zt_cnK4C7B82R5L-2s%3D/1734367042000,0,18,36,36,18,63,28,62,97,30,26,0,3,0,1,2,8,0,4,48451,60969,13.0,15.0,768,827,29.0,31.2,-12518,12518,1816.9125,2286.3375,Kennen,Nocturne,Viktor,Caitlyn,Bard,Zilean,Hecarim,Yone,Ashe,Pyke,Hextech Rocketbelt,Shadowflame,Blighting Jewel,Sorcerer's Shoes,Dark Seal,Doran's Ring,Stealth Ward,Frozen Heart,Tunneler,Stridebreaker,Control Ward,Plated Steelcaps,No_Item,Oracle Lens,Luden's Companion,Stormsurge,Zhonya's Hourglass,Sorcerer's Shoes,Amplifying Tome,No_Item,Stealth Ward,Doran's Blade,The Collector,Berserker's Greaves,Infinity Edge,Cloak of Agility,Long Sword,Farsight Alteration,Dead Man's Plate,Statikk Shiv,Bloodsong,Plated Steelcaps,Ruby Crystal,No_Item,Oracle Lens,Doran's Ring,Seraph's Embrace,Abyssal Mask,Ionian Boots of Lucidity,Amplifying Tome,No_Item,Stealth Ward,Control Ward,Ionian Boots of Lucidity,Eclipse,Black Cleaver,Death's Dance,No_Item,Oracle Lens,Recurve Bow,Blade of The Ruined King,Negatron Cloak,Berserker's Greaves,Immortal Shieldbow,Infinity Edge,Oracle Lens,Runaan's Hurricane,Berserker's Greaves,Lord Dominik's Regards,B. F. Sword,Statikk Shiv,No_Item,Farsight Alteration,Umbral Glaive,Edge of Night,Bloodsong,Youmuu's Ghostblade,Synchronized Souls,No_Item,Oracle Lens,Electrocute,Inspiration,Lethal Tempo,Domination,First Strike,Sorcery,Hail of Blades,Sorcery,Guardian,Inspiration,Summon Aery,Resolve,Phase Rush,Precision,Fleet Footwork,Resolve,Lethal Tempo,Inspiration,Hail of Blades,Resolve,Teleport,Flash,Flash,Smite,Flash,Teleport,Flash,Ghost,Ignite,Flash,Teleport,Flash,Smite,Ghost,Teleport,Flash,Barrier,Flash,Ignite,Flash,0,1,0,1,5,1
https://www.op.gg/summoners/euw/TheDisconnectTV-EUW/matches/uRd1PvnOddrAzaLO9LsPuATiOM1RY0kwRYlllcVAxdw%3D/1734364512000,1,43,27,27,43,58,94,65,106,34,20,3,1,2,0,11,2,5,1,67659,58349,16.2,15.6,805,831,25.1,25.900000000000002,9310,-9310,2112.1063492063495,1821.47671957672,Gragas,Graves,Sylas,Tahm Kench,Rell,Zilean,Talon,Galio,Kalista,Renata Glasc,Lost Chapter,Lich Bane,Cosmic Drive,Boots of Swiftness,Blighting Jewel,Blasting Wand,Oracle Lens,The Collector,Youmuu's Ghostblade,Steel Sigil,Immortal Shieldbow,Infinity Edge,Plated Steelcaps,Oracle Lens,Lich Bane,Shattered Armguard,Hextech Rocketbelt,Dark Seal,Sorcerer's Shoes,Riftmaker,Oracle Lens,Spirit Visage,Heartsteel,Unending Despair,Haunting Guise,Mercury's Treads,No_Item,Farsight Alteration,Abyssal Mask,No_Item,Celestial Opposition,Ionian Boots of Lucidity,Trailblazer,Frozen Heart,Oracle Lens,Cosmic Drive,Seraph's Embrace,Ionian Boots of Lucidity,Oblivion Orb,Verdant Barrier,Control Ward,Stealth Ward,Youmuu's Ghostblade,Eclipse,Mercury's Treads,Black Cleaver,Serpent's Fang,Serrated Dirk,Oracle Lens,Hollow Radiance,Riftmaker,No_Item,Mercury's Treads,Chain Vest,Doran's Ring,Oracle Lens,Giant's Belt,Blade of The Ruined King,Chain Vest,Berserker's Greaves,Terminus,Guinsoo's Rageblade,Farsight Alteration,No_Item,Mikael's Blessing,Redemption,Solstice Sleigh,Boots of Swiftness,Oblivion Orb,Oracle Lens,Phase Rush,Precision,Dark Harvest,Precision,Grasp of the Undying,Sorcery,Grasp of the Undying,Inspiration,Glacial Augment,Sorcery,Summon Aery,Inspiration,Conqueror,Inspiration,Aftershock,Sorcery,Lethal Tempo,Domination,Guardian,Domination,Flash,Teleport,Flash,Smite,Teleport,Flash,Teleport,Flash,Flash,Ignite,Teleport,Flash,Smite,Ignite,Flash,Ignite,Flash,Exhaust,Flash,Heal,1,6,4,0,0,0
https://www.op.gg/summoners/euw/TheDisconnectTV-EUW/matches/uRd1PvnOddqT7pfP44ASNXfw62kcBKDgMk6cA6FElEo%3D/1734362003000,1,22,10,10,22,10,30,33,33,8,5,1,1,0,0,3,0,1,1,34488,28732,10.2,9.6,469,493,28.5,30.3,5756,-5756,2103.7679999999996,1752.6519999999998,Zac,Rengar,Zilean,Caitlyn,Nautilus,Dr. Mundo,Bel'Veth,Sylas,Corki,Karma,Doran's Shield,Refillable Potion,Spirit Visage,Ionian Boots of Lucidity,Sunfire Aegis,Dark Seal,Stealth Ward,Youmuu's Ghostblade,Boots,Serrated Dirk,No_Item,Pickaxe,Gustwalker Hatchling,Oracle Lens,Doran's Ring,Seraph's Embrace,Oblivion Orb,Ionian Boots of Lucidity,Glowing Mote,Amplifying Tome,Stealth Ward,Doran's Blade,Refillable Potion,The Collector,B. F. Sword,Berserker's Greaves,Pickaxe,Stealth Ward,Locket of the Iron Solari,Bloodsong,Kindlegem,Boots of Swiftness,Control Ward,No_Item,Oracle Lens,Doran's Shield,Heartsteel,Boots of Swiftness,No_Item,No_Item,No_Item,Stealth Ward,Kraken Slayer,Phage,Boots,Gustwalker Hatchling,Dagger,Tiamat,Eye of the Herald,Boots,Doran's Ring,Hextech Rocketbelt,Dark Seal,No_Item,Oblivion Orb,Oracle Lens,Doran's Blade,Trinity Force,Boots,Tear of the Goddess,Caulfield's Warhammer,No_Item,Stealth Ward,Shurelya's Battlesong,Dream Maker,Ionian Boots of Lucidity,No_Item,No_Item,No_Item,Oracle Lens,Grasp of the Undying,Precision,Conqueror,Domination,Summon Aery,Inspiration,Lethal Tempo,Sorcery,Aftershock,Inspiration,Grasp of the Undying,Inspiration,Conqueror,Domination,Electrocute,Sorcery,Conqueror,Inspiration,Arcane Comet,Resolve,Teleport,Flash,Smite,Flash,Teleport,Flash,Flash,Barrier,Flash,Ignite,Flash,Teleport,Smite,Flash,Teleport,Flash,Flash,Barrier,Heal,Flash,0,6,0,1,0,0
https://www.op.gg/summoners/euw/TheDisconnectTV-EUW/matches/uRd1PvnOddpoN9-HAfOSh2oF-BCcvVGQWt-1HCk7OP4%3D/1734360725000,0,11,29,29,11,41,6,42,42,8,12,0,2,0,0,2,10,0,2,34961,46732,11.0,12.2,583,690,29.3,34.6,-11771,11771,1748.05,2336.6,Zilean,Nocturne,Viktor,Draven,Nautilus,Lee Sin,Shaco,Lux,Kog'Maw,Rell,Doran's Ring,Refillable Potion,Seraph's Embrace,Ionian Boots of Lucidity,Warden's Mail,No_Item,Stealth Ward,Sterak's Gage,Ionian Boots of Lucidity,Stridebreaker,Control Ward,No_Item,No_Item,Farsight Alteration,Doran's Ring,Luden's Companion,Refillable Potion,Sorcerer's Shoes,Hextech Alternator,Needlessly Large Rod,Farsight Alteration,Doran's Blade,The Collector,Boots,Infinity Edge,No_Item,No_Item,Farsight Alteration,Locket of the Iron Solari,Celestial Opposition,Refillable Potion,Plated Steelcaps,No_Item,No_Item,Oracle Lens,Mercury's Treads,Eclipse,Ravenous Hydra,No_Item,No_Item,Doran's Shield,Stealth Ward,Berserker's Greaves,Youmuu's Ghostblade,Profane Hydra,No_Item,No_Item,No_Item,Oracle Lens,Luden's Companion,Sorcerer's Shoes,Refillable Potion,Doran's Ring,Horizon Focus,No_Item,Oracle Lens,Guinsoo's Rageblade,Vampiric Scepter,Wit's End,Chain Vest,Negatron Cloak,Plated Steelcaps,Farsight Alteration,Celestial Opposition,Zeke's Convergence,Boots of Swiftness,Locket of the Iron Solari,No_Item,No_Item,Oracle Lens,Summon Aery,Resolve,Lethal Tempo,Domination,Summon Aery,Precision,Lethal Tempo,Domination,Aftershock,Inspiration,Conqueror,Resolve,Hail of Blades,Precision,First Strike,Sorcery,Lethal Tempo,Resolve,Aftershock,Inspiration,Teleport,Flash,Flash,Smite,Teleport,Flash,Flash,Barrier,Flash,Ignite,Flash,Teleport,Smite,Ignite,Teleport,Flash,Flash,Barrier,Flash,Ignite,0,2,0,1,4,2
https://www.op.gg/summoners/euw/TheDisconnectTV-EUW/matches/uRd1PvnOddqHA6v6Jr9-r4El19vO6yGzX-ZLYt_F7IE%3D/1734357966000,1,18,11,11,18,14,34,33,40,11,6,2,1,0,0,9,1,2,1,47077,36391,12.8,12.0,738,657,33.3,29.7,10686,-10686,2116.8852348993287,1636.3738255033556,Jax,Rek'Sai,Sylas,Kog'Maw,Lulu,Ambessa,Diana,Yasuo,Jinx,Zilean,Doran's Shield,Trinity Force,Plated Steelcaps,Tunneler,Cull,Ruby Crystal,Stealth Ward,Slightly Magical Footwear,Titanic Hydra,Serpent's Fang,Pickaxe,No_Item,No_Item,Oracle Lens,Needlessly Large Rod,Zhonya's Hourglass,Hextech Rocketbelt,Dark Seal,Sorcerer's Shoes,Lich Bane,Oracle Lens,Wit's End,Blade of The Ruined King,Chain Vest,Doran's Blade,No_Item,Plated Steelcaps,Farsight Alteration,Dream Maker,Ionian Boots of Lucidity,No_Item,Ardent Censer,Kindlegem,Amplifying Tome,Oracle Lens,Doran's Shield,Mercury's Treads,Eclipse,Black Cleaver,Long Sword,No_Item,Stealth Ward,Zhonya's Hourglass,Lich Bane,Amplifying Tome,Slightly Magical Footwear,No_Item,No_Item,Oracle Lens,Phage,Blade of The Ruined King,Long Sword,Doran's Blade,Dagger,Berserker's Greaves,Farsight Alteration,Doran's Blade,Berserker's Greaves,The Collector,Pickaxe,Cloak of Agility,No_Item,Farsight Alteration,Celestial Opposition,Refillable Potion,Seraph's Embrace,Ionian Boots of Lucidity,No_Item,No_Item,Oracle Lens,Grasp of the Undying,Precision,Conqueror,Inspiration,Electrocute,Inspiration,Lethal Tempo,Resolve,Summon Aery,Resolve,Conqueror,Resolve,Conqueror,Inspiration,Fleet Footwork,Resolve,Lethal Tempo,Sorcery,Summon Aery,Resolve,Flash,Teleport,Smite,Flash,Teleport,Flash,Flash,Barrier,Flash,Heal,Flash,Teleport,Smite,Flash,Teleport,Flash,Flash,Barrier,Heal,Flash,1,6,2,0,0,0
https://www.op.gg/summoners/euw/TheDisconnectTV-EUW/matches/uRd1PvnOddpwcJI_EZJgIZ6xcCQwBAQ_1z9SpjCDWzo%3D/1734119585000,1,22,18,18,22,31,33,60,73,12,16,2,1,1,0,9,2,3,1,55040,45657,14.2,13.4,877,809,33.6,31.1,9383,-9383,2122.9714285714285,1761.0557142857144,Taliyah,Viego,Irelia,Ashe,Sona,Zilean,Zac,Sylas,Varus,Neeko,Shadowflame,Seraph's Embrace,Haunting Guise,Sorcerer's Shoes,Amplifying Tome,No_Item,Farsight Alteration,Control Ward,Titanic Hydra,Kraken Slayer,Sterak's Gage,Slightly Magical Footwear,No_Item,Oracle Lens,Wit's End,Hullbreaker,"Jak'Sho, The Protean",Mercury's Treads,No_Item,Blade of The Ruined King,Farsight Alteration,Doran's Blade,Phantom Dancer,Kraken Slayer,Executioner's Calling,Berserker's Greaves,No_Item,Farsight Alteration,Boots of Swiftness,Echoes of Helia,Bloodsong,Staff of Flowing Water,Bandleglass Mirror,No_Item,Oracle Lens,Doran's Ring,Oblivion Orb,Seraph's Embrace,Frozen Heart,Ionian Boots of Lucidity,No_Item,Stealth Ward,Spirit Visage,Dark Seal,Sunfire Aegis,Ionian Boots of Lucidity,Warden's Mail,Giant's Belt,Oracle Lens,Hextech Rocketbelt,Zhonya's Hourglass,Shadowflame,Dark Seal,Sorcerer's Shoes,Doran's Ring,Stealth Ward,Doran's Blade,Muramana,Youmuu's Ghostblade,Boots of Swiftness,Serpent's Fang,Long Sword,Farsight Alteration,Celestial Opposition,Ionian Boots of Lucidity,Amplifying Tome,Amplifying Tome,Control Ward,Hextech Rocketbelt,Oracle Lens,Phase Rush,Precision,Conqueror,Inspiration,Conqueror,Inspiration,Lethal Tempo,Inspiration,Summon Aery,Precision,Summon Aery,Resolve,Aftershock,Precision,Conqueror,Resolve,Arcane Comet,Inspiration,Arcane Comet,Inspiration,Teleport,Flash,Flash,Smite,Flash,Teleport,Flash,Cleanse,Flash,Heal,Teleport,Flash,Flash,Smite,Flash,Teleport,Cleanse,Flash,Flash,Heal,1,6,1,0,0,0
https://www.op.gg/summoners/euw/TheDisconnectTV-EUW/matches/uRd1PvnOddqEDNNfuAlLoaIwCX5IVrHxqpDJlGEd6Ys%3D/1734116877000,1,28,15,15,28,30,49,64,57,19,13,2,1,1,0,11,3,3,1,60410,45837,14.4,12.8,858,739,32.5,28.099999999999998,14573,-14573,2283.7926829268295,1732.8621951219513,Zilean,Nidalee,Yasuo,Draven,Taric,Nasus,Viego,Aurora,Corki,Lux,Doran's Ring,Frozen Heart,Seraph's Embrace,Ionian Boots of Lucidity,Negatron Cloak,Control Ward,Stealth Ward,Zhonya's Hourglass,Shadowflame,Lich Bane,Sorcerer's Shoes,Blasting Wand,Dark Seal,Oracle Lens,Berserker's Greaves,Refillable Potion,Pickaxe,Blade of The Ruined King,Doran's Shield,Immortal Shieldbow,Oracle Lens,Zeal,The Collector,Berserker's Greaves,Bloodthirster,Infinity Edge,Maw of Malmortius,Farsight Alteration,Bramble Vest,Boots of Swiftness,Bloodsong,Knight's Vow,Fimbulwinter,Negatron Cloak,Oracle Lens,Mercury's Treads,Trinity Force,Kindlegem,No_Item,Null-Magic Mantle,Doran's Shield,Farsight Alteration,Sundered Sky,Tunneler,Mercury's Treads,Dagger,Kraken Slayer,Pickaxe,Oracle Lens,Needlessly Large Rod,Dark Seal,Luden's Companion,Needlessly Large Rod,Sorcerer's Shoes,Shadowflame,Farsight Alteration,Plated Steelcaps,Zeal,Trinity Force,Muramana,Doran's Blade,Scout's Slingshot,Farsight Alteration,Boots,Dark Seal,Luden's Companion,Zaz'Zak's Realmspike,Hextech Alternator,Amplifying Tome,Oracle Lens,Summon Aery,Inspiration,Dark Harvest,Precision,Grasp of the Undying,Precision,Lethal Tempo,Domination,Glacial Augment,Resolve,Fleet Footwork,Resolve,Conqueror,Inspiration,Electrocute,Sorcery,Conqueror,Inspiration,Arcane Comet,Precision,Teleport,Flash,Flash,Smite,Teleport,Flash,Flash,Cleanse,Ignite,Flash,Ghost,Teleport,Flash,Smite,Flash,Teleport,Flash,Barrier,Flash,Heal,1,3,2,0,3,0
https://www.op.gg/summoners/euw/TheDisconnectTV-EUW/matches/uRd1PvnOddrPwZT32obovowCy11wMO5rFwX2OJ9S7U4%3D/1734114520000,1,30,15,16,30,18,47,84,57,23,20,1,2,0,0,7,1,1,2,52336,40225,13.6,12.4,789,712,33.6,30.3,12111,-12111,2234.226900584795,1717.2076023391812,Galio,Viego,Viktor,Corki,Bard,Zilean,Vi,Yasuo,Zyra,Heimerdinger,Doran's Shield,Riftmaker,Hollow Radiance,No_Item,Frozen Heart,Mercury's Treads,Farsight Alteration,Mercury's Treads,Kraken Slayer,Tunneler,Negatron Cloak,Ruby Crystal,Sundered Sky,Oracle Lens,Hextech Alternator,Boots of Swiftness,Zhonya's Hourglass,Refillable Potion,Doran's Ring,Lich Bane,Farsight Alteration,No_Item,Mercury's Treads,Quicksilver Sash,Trinity Force,Vampiric Scepter,Muramana,Farsight Alteration,Bloodsong,No_Item,Abyssal Mask,Dead Man's Plate,No_Item,Boots of Swiftness,Oracle Lens,Doran's Ring,Ionian Boots of Lucidity,Seraph's Embrace,Kindlegem,Fiendish Codex,Amplifying Tome,Stealth Ward,Mercury's Treads,Sundered Sky,Black Cleaver,Long Sword,Ruby Crystal,Control Ward,Oracle Lens,Doran's Shield,Blade of The Ruined King,Immortal Shieldbow,B. F. Sword,Cloak of Agility,Berserker's Greaves,Farsight Alteration,Doran's Ring,Liandry's Torment,Sorcerer's Shoes,Sapphire Crystal,Blighting Jewel,Blasting Wand,Farsight Alteration,Sorcerer's Shoes,Blackfire Torch,Zaz'Zak's Realmspike,Blighting Jewel,Blasting Wand,No_Item,Oracle Lens,Aftershock,Sorcery,Conqueror,Inspiration,Summon Aery,Resolve,Conqueror,Inspiration,Guardian,Domination,Summon Aery,Inspiration,Conqueror,Inspiration,Grasp of the Undying,Precision,Arcane Comet,Precision,Conqueror,Sorcery,Flash,Teleport,Flash,Smite,Flash,Teleport,Barrier,Flash,Flash,Ignite,Teleport,Flash,Flash,Smite,Flash,Teleport,Flash,Teleport,Flash,Exhaust,1,4,1,0,2,0
https://www.op.gg/summoners/euw/TheDisconnectTV-EUW/matches/uRd1PvnOddrnLQCiShNKM6Q8hVk5nriUBsKx1IxypSE%3D/1734112605000,1,45,21,21,45,31,64,79,72,32,21,1,1,1,0,10,1,2,1,62116,44786,14.4,12.8,746,632,29.2,24.8,17330,-17330,2432.8766666666666,1754.1183333333333,Viktor,Viego,Orianna,Corki,Pyke,Zilean,Talon,Sylas,Ezreal,Bard,Iceborn Gauntlet,Mercury's Treads,Fated Ashes,Refillable Potion,Abyssal Mask,No_Item,Stealth Ward,Sundered Sky,Kraken Slayer,Control Ward,Tunneler,Ruby Crystal,Mercury's Treads,Oracle Lens,Seraph's Embrace,Dark Seal,Hextech Alternator,Stormsurge,Sorcerer's Shoes,Needlessly Large Rod,Farsight Alteration,Boots,Immortal Shieldbow,Rapid Firecannon,B. F. Sword,Trinity Force,Muramana,Farsight Alteration,Youmuu's Ghostblade,Voltaic Cyclosword,Bloodsong,Synchronized Souls,Serpent's Fang,Umbral Glaive,Oracle Lens,Cosmic Drive,Seraph's Embrace,Ionian Boots of Lucidity,No_Item,No_Item,No_Item,Stealth Ward,Edge of Night,Hubris,No_Item,No_Item,Youmuu's Ghostblade,Slightly Magical Footwear,Oracle Lens,Zhonya's Hourglass,Hextech Rocketbelt,Refillable Potion,Sorcerer's Shoes,Cosmic Drive,No_Item,Oracle Lens,Doran's Blade,Trinity Force,Ionian Boots of Lucidity,Muramana,No_Item,No_Item,Farsight Alteration,Bloodsong,Locket of the Iron Solari,No_Item,Dead Man's Plate,No_Item,Boots of Swiftness,Oracle Lens,Grasp of the Undying,Sorcery,Conqueror,Inspiration,Summon Aery,Inspiration,Conqueror,Inspiration,Hail of Blades,Resolve,Summon Aery,Inspiration,Conqueror,Inspiration,Electrocute,Resolve,Conqueror,Inspiration,Guardian,Domination,Flash,Teleport,Flash,Smite,Flash,Teleport,Barrier,Flash,Ignite,Flash,Teleport,Flash,Ignite,Smite,Flash,Teleport,Flash,Barrier,Flash,Exhaust,1,4,2,0,2,0
https://www.op.gg/summoners/euw/TheDisconnectTV-EUW/matches/uRd1PvnOddrwR1JEbSYue92iuA1VCor36_YcUKxC40c%3D/1734109543000,1,28,17,18,28,19,72,109,121,74,36,1,3,1,0,9,2,2,3,68957,58479,16.2,14.8,1037,1078,30.6,31.8,10478,-10478,2049.193867924528,1737.8193396226413,Zilean,Viego,Veigar,Ashe,Rell,Malphite,Nidalee,Yasuo,Corki,Rakan,Blasting Wand,Seraph's Embrace,Cosmic Drive,Ionian Boots of Lucidity,Frozen Heart,Oblivion Orb,Stealth Ward,No_Item,Plated Steelcaps,Wit's End,Death's Dance,Sundered Sky,Kraken Slayer,Oracle Lens,Hextech Rocketbelt,Rabadon's Deathcap,Banshee's Veil,Cryptbloom,Seraph's Embrace,Boots of Swiftness,Farsight Alteration,Berserker's Greaves,Doran's Blade,Runaan's Hurricane,Statikk Shiv,Mortal Reminder,B. F. Sword,Farsight Alteration,Control Ward,Celestial Opposition,Locket of the Iron Solari,Plated Steelcaps,Trailblazer,No_Item,Oracle Lens,Spirit Visage,Frozen Heart,Sunfire Aegis,Kindlegem,Mercury's Treads,Negatron Cloak,Farsight Alteration,Lich Bane,Sorcerer's Shoes,No_Item,Liandry's Torment,Dark Seal,Shadowflame,Oracle Lens,Doran's Shield,Stridebreaker,Berserker's Greaves,Blade of The Ruined King,Iceborn Gauntlet,No_Item,Farsight Alteration,Mercury's Treads,Trinity Force,Muramana,Infinity Edge,Rapid Firecannon,No_Item,Farsight Alteration,Dark Seal,Mercury's Treads,Dream Maker,Kindlegem,Watchful Wardstone,Trailblazer,Oracle Lens,Summon Aery,Inspiration,Conqueror,Inspiration,First Strike,Resolve,Lethal Tempo,Inspiration,Aftershock,Inspiration,Arcane Comet,Inspiration,Conqueror,Domination,Grasp of the Undying,Precision,Conqueror,Inspiration,Guardian,Domination,Teleport,Flash,Smite,Flash,Flash,Teleport,Barrier,Flash,Ignite,Flash,Flash,Teleport,Smite,Flash,Teleport,Flash,Flash,Cleanse,Ignite,Flash,1,4,3,0,2,0
https://www.op.gg/summoners/euw/TheDisconnectTV-EUW/matches/uRd1PvnOddqwfYu7fZNNIUTW_mp2EdlVROzj5yz45LU%3D/1734106806000,1,33,14,15,33,16,47,65,51,19,19,1,2,0,0,9,1,1,2,53241,40827,13.2,12.2,796,721,34.4,31.2,12414,-12414,2301.5640625000005,1764.9171875000002,Aurora,Xin Zhao,Ahri,Corki,Bard,Zilean,Kayn,Vex,Jinx,Thresh,Shadowflame,Mejai's Soulstealer,Amplifying Tome,Ionian Boots of Lucidity,Luden's Companion,Doran's Ring,Farsight Alteration,Sterak's Gage,Sundered Sky,Plated Steelcaps,No_Item,No_Item,No_Item,Oracle Lens,Sorcerer's Shoes,Banshee's Veil,Malignance,Liandry's Torment,Dark Seal,Amplifying Tome,Oracle Lens,Trinity Force,Muramana,Doran's Blade,Mercury's Treads,Rapid Firecannon,No_Item,Farsight Alteration,Bloodsong,Giant's Belt,Negatron Cloak,Dead Man's Plate,Chain Vest,Boots of Swiftness,Oracle Lens,Doran's Ring,Seraph's Embrace,Ionian Boots of Lucidity,Cosmic Drive,No_Item,Control Ward,Stealth Ward,Last Whisper,Edge of Night,Voltaic Cyclosword,Mercury's Treads,Long Sword,No_Item,Oracle Lens,Needlessly Large Rod,Stormsurge,Control Ward,Luden's Companion,Dark Seal,Sorcerer's Shoes,Oracle Lens,Doran's Blade,Infinity Edge,Berserker's Greaves,The Collector,No_Item,No_Item,Farsight Alteration,Solstice Sleigh,No_Item,Locket of the Iron Solari,Ionian Boots of Lucidity,Kindlegem,Chain Vest,Oracle Lens,Electrocute,Sorcery,Hail of Blades,Precision,Electrocute,Sorcery,Conqueror,Inspiration,Guardian,Domination,Summon Aery,Inspiration,Conqueror,Inspiration,Electrocute,Sorcery,Press the Attack,Sorcery,Aftershock,Inspiration,Teleport,Flash,Flash,Smite,Flash,Teleport,Flash,Barrier,Flash,Ignite,Teleport,Flash,Smite,Flash,Flash,Teleport,Barrier,Flash,Ignite,Flash,1,6,1,0,0,0
https://www.op.gg/summoners/euw/TheDisconnectTV-EUW/matches/uRd1PvnOddo9WX4vLYEOXH8c15iujZZduBUOU_UIewY%3D/1734104868000,0,27,31,31,27,40,48,85,59,16,22,0,4,0,2,3,11,0,6,57109,68536,14.8,16.2,912,1000,30.7,33.8,-11427,11427,1931.6279411764706,2318.1294117647058,Zilean,Graves,Akali,Corki,Rell,Sion,Xin Zhao,Viktor,Gwen,Neeko,Cosmic Drive,Seraph's Embrace,Frozen Heart,Ionian Boots of Lucidity,No_Item,Control Ward,Stealth Ward,Hexdrinker,Youmuu's Ghostblade,Mercury's Treads,Infinity Edge,Caulfield's Warhammer,The Collector,Oracle Lens,Shadowflame,Sorcerer's Shoes,Void Staff,Stormsurge,No_Item,No_Item,Oracle Lens,Boots of Swiftness,B. F. Sword,Pickaxe,Muramana,Trinity Force,Lord Dominik's Regards,Farsight Alteration,Redemption,Locket of the Iron Solari,Solstice Sleigh,No_Item,Mercury's Treads,No_Item,Oracle Lens,Boots of Swiftness,Heartsteel,Titanic Hydra,Overlord's Bloodmail,Hullbreaker,"Jak'Sho, The Protean",Oracle Lens,Black Cleaver,Sundered Sky,Sterak's Gage,Plated Steelcaps,Null-Magic Mantle,No_Item,Oracle Lens,Rabadon's Deathcap,Negatron Cloak,Seraph's Embrace,Liandry's Torment,Needlessly Large Rod,Ionian Boots of Lucidity,Farsight Alteration,Shadowflame,Nashor's Tooth,Blasting Wand,Sorcerer's Shoes,Blighting Jewel,No_Item,Farsight Alteration,Hextech Rocketbelt,Zhonya's Hourglass,Solstice Sleigh,Sorcerer's Shoes,No_Item,No_Item,Oracle Lens,Summon Aery,Inspiration,Dark Harvest,Precision,Electrocute,Resolve,Conqueror,Inspiration,Aftershock,Inspiration,Grasp of the Undying,Inspiration,Conqueror,Inspiration,Summon Aery,Resolve,Dark Harvest,Sorcery,Electrocute,Sorcery,Teleport,Flash,Flash,Smite,Teleport,Flash,Teleport,Flash,Flash,Ignite,Ghost,Teleport,Flash,Smite,Teleport,Flash,Ghost,Teleport,Exhaust,Flash,1,4,0,0,2,3
https://www.op.gg/summoners/euw/TheDisconnectTV-EUW/matches/uRd1PvnOddoycvDyoDtLsM3KqmBUuan7fg4itDhDyfg%3D/1734032864000,0,27,34,34,27,66,46,93,92,40,43,0,5,1,1,3,8,1,6,69356,77894,16.2,17.4,1123,1163,29.4,30.5,-8538,8538,1804.6714285714284,2026.8336734693873,Jayce,Nocturne,Akali,Aphelios,Nautilus,Zilean,Taliyah,Yasuo,Corki,Thresh,Youmuu's Ghostblade,Muramana,Boots of Swiftness,Serpent's Fang,Serylda's Grudge,Edge of Night,Farsight Alteration,Black Cleaver,Stridebreaker,Plated Steelcaps,Abyssal Mask,Tunneler,Pickaxe,Farsight Alteration,Rabadon's Deathcap,Void Staff,Shadowflame,Boots,Verdant Barrier,Stormsurge,Oracle Lens,The Collector,Infinity Edge,Lord Dominik's Regards,Berserker's Greaves,Cloak of Agility,No_Item,Farsight Alteration,Locket of the Iron Solari,Bloodsong,Control Ward,Knight's Vow,Mercury's Treads,Kindlegem,Oracle Lens,Verdant Barrier,Cosmic Drive,Seraph's Embrace,Warden's Mail,Ionian Boots of Lucidity,Negatron Cloak,Stealth Ward,Mejai's Soulstealer,Luden's Companion,Zhonya's Hourglass,Banshee's Veil,Sorcerer's Shoes,Shadowflame,Oracle Lens,Randuin's Omen,Stridebreaker,Berserker's Greaves,Blade of The Ruined King,Immortal Shieldbow,Wit's End,Farsight Alteration,Bloodthirster,Maw of Malmortius,Plated Steelcaps,Muramana,Infinity Edge,Trinity Force,Farsight Alteration,Control Ward,Locket of the Iron Solari,Solstice Sleigh,Trailblazer,Plated Steelcaps,Negatron Cloak,Oracle Lens,Phase Rush,Inspiration,Conqueror,Domination,Electrocute,Resolve,Fleet Footwork,Sorcery,Aftershock,Inspiration,Summon Aery,Inspiration,First Strike,Domination,Grasp of the Undying,Precision,Conqueror,Resolve,Aftershock,Inspiration,Flash,Teleport,Flash,Smite,Ignite,Flash,Flash,Cleanse,Flash,Ignite,Teleport,Flash,Flash,Smite,Teleport,Flash,Flash,Barrier,Flash,Ignite,0,6,0,1,0,1
https://www.op.gg/summoners/euw/TheDisconnectTV-EUW/matches/uRd1PvnOddrEXPZF4NKhdj5WpOBxwYW2VSAPA0LhIyA%3D/1734028525000,1,45,33,33,45,61,94,88,87,27,40,3,3,2,0,10,5,5,3,81092,72066,17.4,16.8,1067,1067,27.6,27.6,9026,-9026,2111.27100591716,1876.2745562130178,Riven,Poppy,Yasuo,Viktor,Nami,Zilean,Karthus,Kassadin,Akshan,Nautilus,Profane Hydra,No_Item,Last Whisper,Ionian Boots of Lucidity,Sundered Sky,Maw of Malmortius,Oracle Lens,Hollow Radiance,Locket of the Iron Solari,Winged Moonplate,Kaenic Rookern,Force of Nature,Mercury's Treads,Oracle Lens,Kindlegem,Kraken Slayer,Berserker's Greaves,Immortal Shieldbow,Infinity Edge,Abyssal Mask,Farsight Alteration,Luden's Companion,Zhonya's Hourglass,Stormsurge,Sorcerer's Shoes,Rabadon's Deathcap,Void Staff,Farsight Alteration,Dream Maker,Imperial Mandate,Shurelya's Battlesong,Staff of Flowing Water,Bandleglass Mirror,Ionian Boots of Lucidity,Oracle Lens,Doran's Ring,Seraph's Embrace,Ionian Boots of Lucidity,Frozen Heart,Imperial Mandate,Control Ward,Stealth Ward,Oblivion Orb,Blackfire Torch,Sorcerer's Shoes,Liandry's Torment,Void Staff,Shadowflame,Oracle Lens,Void Staff,Seraph's Embrace,Zhonya's Hourglass,Malignance,Sorcerer's Shoes,Verdant Barrier,Oracle Lens,B. F. Sword,Rapid Firecannon,Boots of Swiftness,Infinity Edge,Yun Tal Wildarrows,Lord Dominik's Regards,Farsight Alteration,Mercury's Treads,Control Ward,Knight's Vow,Solstice Sleigh,Locket of the Iron Solari,Negatron Cloak,Oracle Lens,Conqueror,Sorcery,Phase Rush,Inspiration,Lethal Tempo,Resolve,Summon Aery,Precision,Summon Aery,Resolve,Summon Aery,Resolve,Dark Harvest,Precision,Electrocute,Sorcery,Press the Attack,Sorcery,Aftershock,Inspiration,Flash,Ignite,Flash,Smite,Teleport,Flash,Flash,Teleport,Flash,Heal,Teleport,Flash,Flash,Smite,Flash,Teleport,Flash,Barrier,Flash,Ignite,1,5,1,0,1,1
https://www.op.gg/summoners/euw/TheDisconnectTV-EUW/matches/uRd1PvnOddrASPwXzvf1V5lBdrIWXb0D_cLHRroijzE%3D/1734025418000,0,18,35,35,18,68,18,78,86,19,25,1,3,1,0,3,5,2,3,49358,54303,13.2,14.2,788,807,28.5,29.2,-4945,4945,1779.1837209302325,1957.4337209302325,Lee Sin,Warwick,Viktor,Ezreal,Tahm Kench,Zilean,Vi,Ahri,Jinx,Poppy,Ravenous Hydra,Sundered Sky,Eclipse,Giant's Belt,Warden's Mail,Mercury's Treads,Stealth Ward,Titanic Hydra,Mercury's Treads,Ruby Crystal,Blade of The Ruined King,Pickaxe,Ruby Crystal,Oracle Lens,Sorcerer's Shoes,Refillable Potion,Zhonya's Hourglass,Dark Seal,Stormsurge,No_Item,Farsight Alteration,Doran's Blade,Trinity Force,Muramana,B. F. Sword,Ionian Boots of Lucidity,No_Item,Farsight Alteration,Heartsteel,Celestial Opposition,Control Ward,Mercury's Treads,Cloth Armor,Kindlegem,Oracle Lens,Frozen Heart,Ionian Boots of Lucidity,Seraph's Embrace,Ruby Crystal,Oblivion Orb,Glowing Mote,Stealth Ward,Black Cleaver,Sundered Sky,Chempunk Chainsword,Mercury's Treads,No_Item,No_Item,Oracle Lens,Doran's Ring,Lich Bane,Malignance,Ionian Boots of Lucidity,Amplifying Tome,Needlessly Large Rod,Oracle Lens,Pickaxe,Mortal Reminder,B. F. Sword,Berserker's Greaves,Yun Tal Wildarrows,Doran's Blade,Farsight Alteration,Bloodsong,Dead Man's Plate,Locket of the Iron Solari,Boots of Swiftness,Ruby Crystal,No_Item,Oracle Lens,Conqueror,Resolve,Press the Attack,Inspiration,Summon Aery,Precision,Press the Attack,Sorcery,Guardian,Inspiration,Summon Aery,Inspiration,Conqueror,Inspiration,Electrocute,Sorcery,Lethal Tempo,Sorcery,Hail of Blades,Inspiration,Teleport,Flash,Flash,Smite,Flash,Teleport,Flash,Barrier,Flash,Heal,Teleport,Flash,Flash,Smite,Flash,Teleport,Flash,Barrier,Flash,Ignite,0,3,0,0,3,0
https://www.op.gg/summoners/euw/TheDisconnectTV-EUW/matches/uRd1PvnOddrQds_rCPdFG9D7n1zVofKEIx5MpRdinsI%3D/1734023073000,1,38,23,23,38,34,66,62,86,29,13,1,3,0,1,5,4,1,4,61513,53973,15.2,14.4,909,821,31.400000000000002,28.4,7540,-7540,2129.2961538461536,1868.2961538461539,Zilean,Lillia,Akshan,Ashe,Rell,Yorick,Viego,Sylas,Sivir,Rakan,Oblivion Orb,Seraph's Embrace,Ionian Boots of Lucidity,Cosmic Drive,Frozen Heart,Ruby Crystal,Stealth Ward,Cosmic Drive,Mejai's Soulstealer,Zhonya's Hourglass,Ionian Boots of Lucidity,Amplifying Tome,Liandry's Torment,Oracle Lens,Boots of Swiftness,Doran's Blade,Cloak of Agility,Yun Tal Wildarrows,Infinity Edge,Lord Dominik's Regards,Farsight Alteration,Doran's Blade,Infinity Edge,Kraken Slayer,Runaan's Hurricane,B. F. Sword,Berserker's Greaves,Farsight Alteration,Ionian Boots of Lucidity,Locket of the Iron Solari,Celestial Opposition,Zeke's Convergence,Kindlegem,Negatron Cloak,Oracle Lens,Profane Hydra,Boots of Swiftness,Serylda's Grudge,Opportunity,Serrated Dirk,Ruby Crystal,Farsight Alteration,Ruby Crystal,Trinity Force,Sundered Sky,Mercury's Treads,Wit's End,No_Item,Oracle Lens,Cosmic Drive,Hextech Rocketbelt,Dark Seal,Needlessly Large Rod,Sorcerer's Shoes,Needlessly Large Rod,Stealth Ward,B. F. Sword,Pickaxe,Berserker's Greaves,Navori Flickerblade,Essence Reaver,Cloak of Agility,Farsight Alteration,Dark Seal,Mercury's Treads,Dream Maker,Trailblazer,Control Ward,Kindlegem,Oracle Lens,Summon Aery,Inspiration,Conqueror,Inspiration,Press the Attack,Resolve,Lethal Tempo,Inspiration,Aftershock,Inspiration,Arcane Comet,Inspiration,Conqueror,Inspiration,Electrocute,Resolve,Lethal Tempo,Sorcery,Guardian,Domination,Teleport,Flash,Flash,Smite,Flash,Teleport,Barrier,Flash,Flash,Ignite,Teleport,Flash,Flash,Smite,Flash,Teleport,Barrier,Flash,Ignite,Flash,1,5,1,0,1,1
https://www.op.gg/summoners/euw/TheDisconnectTV-EUW/matches/uRd1PvnOddrE_2m3rhV0kppuvgL-GJ7rpnx7PRYIlkc%3D/1734020525000,0,20,29,29,20,46,36,66,64,16,23,2,1,0,1,0,9,2,2,44299,58747,13.0,14.4,723,883,26.6,32.4,-14448,14448,1627.3102040816327,2158.0530612244897,Zilean,Kha'Zix,Lux,Corki,Zac,Poppy,Lillia,Akshan,Ashe,Lulu,Doran's Ring,Seraph's Embrace,Ionian Boots of Lucidity,Frozen Heart,Ruby Crystal,No_Item,Stealth Ward,Youmuu's Ghostblade,Last Whisper,Mercury's Treads,Opportunity,Long Sword,No_Item,Oracle Lens,Luden's Companion,Sorcerer's Shoes,Doran's Ring,Horizon Focus,Needlessly Large Rod,Needlessly Large Rod,Farsight Alteration,Doran's Blade,Trinity Force,Muramana,Plated Steelcaps,Zeal,Dagger,Farsight Alteration,Celestial Opposition,Zeke's Convergence,Plated Steelcaps,Warden's Mail,Giant's Belt,Dark Seal,Oracle Lens,Unending Despair,Fimbulwinter,Sundered Sky,No_Item,Mercury's Treads,Null-Magic Mantle,Stealth Ward,Zhonya's Hourglass,Cosmic Drive,Liandry's Torment,Ionian Boots of Lucidity,No_Item,No_Item,Oracle Lens,Doran's Blade,Lord Dominik's Regards,Boots of Swiftness,Yun Tal Wildarrows,Infinity Edge,B. F. Sword,Farsight Alteration,Cloak of Agility,Berserker's Greaves,Doran's Blade,Kraken Slayer,Phantom Dancer,B. F. Sword,Farsight Alteration,Mikael's Blessing,Refillable Potion,Dream Maker,Moonstone Renewer,Ionian Boots of Lucidity,Ruby Crystal,Oracle Lens,Summon Aery,Inspiration,Electrocute,Inspiration,Arcane Comet,Precision,Conqueror,Inspiration,Aftershock,Precision,Grasp of the Undying,Inspiration,Conqueror,Inspiration,Press the Attack,Inspiration,Lethal Tempo,Inspiration,Summon Aery,Resolve,Teleport,Flash,Flash,Smite,Teleport,Flash,Flash,Cleanse,Flash,Ignite,Flash,Teleport,Flash,Smite,Flash,Teleport,Flash,Barrier,Heal,Flash,0,0,0,1,6,1
https://www.op.gg/summoners/euw/TheDisconnectTV-EUW/matches/uRd1PvnOddpv6NFRvxLy37P7lAZ2YTRaDNvgl--dsok%3D/1734017577000,1,43,23,23,43,43,80,90,121,36,36,3,2,1,1,9,7,4,3,69491,63906,16.6,15.2,968,977,29.7,30.0,5585,-5585,2135.7325688073392,1964.083486238532,Zilean,Hecarim,Akali,Aphelios,Rell,Lee Sin,Master Yi,Viktor,Ashe,Renata Glasc,Frozen Heart,Randuin's Omen,Seraph's Embrace,Oblivion Orb,Glacial Buckler,Ionian Boots of Lucidity,Stealth Ward,Spear of Shojin,Eclipse,Sterak's Gage,Ionian Boots of Lucidity,B. F. Sword,No_Item,Farsight Alteration,Shadowflame,Amplifying Tome,Zhonya's Hourglass,Mejai's Soulstealer,Stormsurge,Sorcerer's Shoes,Oracle Lens,Mortal Reminder,Rapid Firecannon,Berserker's Greaves,Infinity Edge,The Collector,Bloodthirster,Farsight Alteration,Locket of the Iron Solari,Bloodsong,No_Item,Dead Man's Plate,Ionian Boots of Lucidity,Bramble Vest,Oracle Lens,Ravenous Hydra,Maw of Malmortius,Caulfield's Warhammer,Mercury's Treads,Eclipse,Tunneler,Stealth Ward,Kraken Slayer,Guinsoo's Rageblade,Blade of The Ruined King,Berserker's Greaves,Giant's Belt,Ruby Crystal,Farsight Alteration,Void Staff,Control Ward,Ionian Boots of Lucidity,Seraph's Embrace,Liandry's Torment,Needlessly Large Rod,Farsight Alteration,Infinity Edge,Berserker's Greaves,Kraken Slayer,Phantom Dancer,Mortal Reminder,No_Item,Farsight Alteration,Redemption,Solstice Sleigh,Locket of the Iron Solari,Boots of Swiftness,Kindlegem,Forbidden Idol,Oracle Lens,Summon Aery,Inspiration,Conqueror,Sorcery,Electrocute,Resolve,Press the Attack,Inspiration,Aftershock,Inspiration,Conqueror,Resolve,Lethal Tempo,Domination,Summon Aery,Resolve,Lethal Tempo,Inspiration,Guardian,Domination,Teleport,Flash,Ghost,Smite,Ignite,Flash,Flash,Cleanse,Flash,Ignite,Teleport,Flash,Flash,Smite,Teleport,Flash,Flash,Cleanse,Heal,Flash,0,3,2,1,3,1
https://www.op.gg/summoners/euw/TheDisconnectTV-EUW/matches/uRd1PvnOddp5VfhZ9SJxgtUTVTWY16czyma_9egaVdc%3D/1734014134000,0,20,34,34,20,64,35,73,64,17,21,0,4,0,1,2,9,0,5,49851,63039,13.4,15.2,728,928,24.9,31.6,-13188,13188,1709.1771428571428,2161.3371428571427,Zilean,Rammus,Viktor,Caitlyn,Nautilus,Yone,Viego,Kassadin,Samira,Lux,Cosmic Drive,Seraph's Embrace,Ionian Boots of Lucidity,Oblivion Orb,No_Item,No_Item,Stealth Ward,Chain Vest,Hollow Radiance,Thornmail,Plated Steelcaps,Negatron Cloak,Ruby Crystal,Oracle Lens,Blackfire Torch,Liandry's Torment,Void Staff,Fiendish Codex,Dark Seal,Ionian Boots of Lucidity,Farsight Alteration,Lord Dominik's Regards,Yun Tal Wildarrows,Infinity Edge,Doran's Blade,Berserker's Greaves,Cloak of Agility,Farsight Alteration,No_Item,Bloodsong,Locket of the Iron Solari,Kindlegem,Plated Steelcaps,No_Item,Oracle Lens,Pickaxe,Blade of The Ruined King,Immortal Shieldbow,Infinity Edge,Berserker's Greaves,Steel Sigil,Farsight Alteration,Black Cleaver,Kraken Slayer,Mercury's Treads,Wit's End,Steel Sigil,No_Item,Stealth Ward,Dark Seal,Seeker's Armguard,Rod of Ages,Seraph's Embrace,Malignance,Mercury's Treads,Stealth Ward,Doran's Blade,The Collector,Vampiric Scepter,Plated Steelcaps,Lord Dominik's Regards,Infinity Edge,Farsight Alteration,Redemption,Locket of the Iron Solari,Forbidden Idol,Dream Maker,Boots of Swiftness,No_Item,Oracle Lens,Summon Aery,Inspiration,Aftershock,Precision,Summon Aery,Precision,Lethal Tempo,Sorcery,Aftershock,Inspiration,Lethal Tempo,Resolve,Conqueror,Inspiration,Electrocute,Precision,Conqueror,Domination,Aftershock,Precision,Teleport,Flash,Flash,Smite,Teleport,Flash,Flash,Barrier,Ignite,Flash,Flash,Teleport,Flash,Smite,Teleport,Flash,Flash,Barrier,Flash,Heal,0,3,0,1,3,1
https://www.op.gg/summoners/euw/TheDisconnectTV-EUW/matches/uRd1PvnOddp4VO2o_YFVYhsKiCi8xfUsjrllZEUyRi8%3D/1733940754000,0,13,23,23,13,35,21,39,44,11,11,0,2,0,0,0,8,0,2,31764,43652,10.0,11.6,508,624,26.3,32.4,-11888,11888,1651.728,2269.904,Zilean,Jarvan IV,Aurora,Jhin,Nautilus,Irelia,Master Yi,Yone,Taliyah,Lux,Doran's Ring,Ionian Boots of Lucidity,Archangel's Staff,Amplifying Tome,Warden's Mail,Cloth Armor,Stealth Ward,Ionian Boots of Lucidity,Pickaxe,Kindlegem,Phage,Sundered Sky,No_Item,Oracle Lens,Control Ward,Shattered Armguard,Boots,Needlessly Large Rod,Luden's Companion,No_Item,Farsight Alteration,Youmuu's Ghostblade,Refillable Potion,Doran's Blade,Serrated Dirk,Pickaxe,Boots of Swiftness,Farsight Alteration,Bloodsong,Warmog's Armor,Ionian Boots of Lucidity,No_Item,No_Item,No_Item,Oracle Lens,Doran's Blade,Blade of The Ruined King,Kraken Slayer,Plated Steelcaps,Negatron Cloak,No_Item,Stealth Ward,Guinsoo's Rageblade,Blade of The Ruined King,Berserker's Greaves,Recurve Bow,Dagger,Rectrix,Oracle Lens,Doran's Shield,Refillable Potion,Blade of The Ruined King,Berserker's Greaves,Immortal Shieldbow,Long Sword,Farsight Alteration,Sorcerer's Shoes,Luden's Companion,Haunting Guise,Dark Seal,Doran's Ring,Fated Ashes,Stealth Ward,Boots of Swiftness,Locket of the Iron Solari,No_Item,Dream Maker,Kindlegem,No_Item,Oracle Lens,Summon Aery,Inspiration,Conqueror,Inspiration,Electrocute,Sorcery,Dark Harvest,Inspiration,Aftershock,Inspiration,Conqueror,Resolve,Lethal Tempo,Domination,Lethal Tempo,Resolve,Dark Harvest,Precision,Aftershock,Precision,Teleport,Flash,Flash,Smite,Flash,Teleport,Barrier,Flash,Flash,Ignite,Flash,Teleport,Flash,Smite,Teleport,Flash,Teleport,Flash,Flash,Heal,0,5,0,1,1,1
https://www.op.gg/summoners/euw/TheDisconnectTV-EUW/matches/uRd1PvnOddpmsT5LI9YQWYxUHm727dl5MWWKGQeNiqQ%3D/1733938604000,0,6,31,31,7,59,7,73,99,36,37,0,4,0,1,0,11,0,5,41182,61613,13.0,14.8,799,959,29.1,35.0,-20431,20431,1497.5272727272727,2240.4727272727273,Zilean,Graves,Akali,Ashe,Seraphine,Riven,Wukong,Orianna,Varus,Rakan,Doran's Ring,Seraph's Embrace,Ionian Boots of Lucidity,Warden's Mail,Glacial Buckler,No_Item,Stealth Ward,Last Whisper,Boots,Youmuu's Ghostblade,Long Sword,No_Item,The Collector,Oracle Lens,Doran's Ring,Needlessly Large Rod,Dark Seal,Boots,Stormsurge,Shadowflame,Oracle Lens,Doran's Blade,Runaan's Hurricane,Berserker's Greaves,Statikk Shiv,Executioner's Calling,Last Whisper,Farsight Alteration,Dream Maker,Mikael's Blessing,Amplifying Tome,Ionian Boots of Lucidity,Control Ward,Faerie Charm,Oracle Lens,Profane Hydra,Pickaxe,Serylda's Grudge,Long Sword,Sundered Sky,Ionian Boots of Lucidity,Oracle Lens,Sundered Sky,Abyssal Mask,Warden's Mail,Boots of Swiftness,Trinity Force,Ruby Crystal,Stealth Ward,Doran's Ring,Seraph's Embrace,Sorcerer's Shoes,Shadowflame,Needlessly Large Rod,Needlessly Large Rod,Farsight Alteration,Edge of Night,Muramana,Youmuu's Ghostblade,Boots of Swiftness,Last Whisper,Caulfield's Warhammer,Farsight Alteration,Mercury's Treads,Locket of the Iron Solari,Control Ward,Celestial Opposition,Kindlegem,Zeke's Convergence,Oracle Lens,Summon Aery,Resolve,Dark Harvest,Precision,Electrocute,Resolve,Lethal Tempo,Inspiration,Summon Aery,Inspiration,Conqueror,Sorcery,Conqueror,Inspiration,Summon Aery,Precision,Arcane Comet,Precision,Guardian,Domination,Teleport,Flash,Smite,Flash,Ignite,Flash,Barrier,Flash,Flash,Heal,Flash,Teleport,Flash,Smite,Teleport,Flash,Barrier,Flash,Flash,Heal,0,5,0,1,1,2
https://www.op.gg/summoners/euw/TheDisconnectTV-EUW/matches/uRd1PvnOddrtw2tQGBIFNlDbG8K_867X45RJj4KystY%3D/1733935916000,1,23,19,19,23,26,36,44,60,13,14,1,1,1,0,10,0,2,1,54629,40813,13.2,12.6,800,668,33.8,28.299999999999997,13816,-13816,2316.2696,1730.4712,Gnar,Bel'Veth,Ahri,Yasuo,Senna,Zilean,Shaco,Anivia,Talon,Bard,Trinity Force,Refillable Potion,Black Cleaver,Warden's Mail,Ruby Crystal,Boots of Swiftness,Stealth Ward,Immortal Shieldbow,Kraken Slayer,Boots,Hullbreaker,No_Item,No_Item,Oracle Lens,Doran's Ring,Malignance,Zhonya's Hourglass,Sorcerer's Shoes,Dark Seal,Amplifying Tome,Stealth Ward,Doran's Blade,Stridebreaker,Berserker's Greaves,Kraken Slayer,Noonquiver,No_Item,Oracle Lens,Dream Maker,Boots of Swiftness,Echoes of Helia,Dark Seal,Moonstone Renewer,Blasting Wand,Oracle Lens,Doran's Ring,Seraph's Embrace,Ionian Boots of Lucidity,Glacial Buckler,Cloth Armor,Cloth Armor,Stealth Ward,Last Whisper,Youmuu's Ghostblade,Slightly Magical Footwear,Infinity Edge,Noonquiver,No_Item,Oracle Lens,Doran's Ring,Seraph's Embrace,Sorcerer's Shoes,Rod of Ages,Amplifying Tome,No_Item,Farsight Alteration,Pickaxe,Youmuu's Ghostblade,Tiamat,Synchronized Souls,Opportunity,Long Sword,Oracle Lens,Heartsteel,Control Ward,Plated Steelcaps,Ruby Crystal,Ruby Crystal,Bloodsong,Oracle Lens,Fleet Footwork,Resolve,Press the Attack,Domination,Electrocute,Sorcery,Lethal Tempo,Resolve,Summon Aery,Resolve,Summon Aery,Resolve,Hail of Blades,Inspiration,Arcane Comet,Domination,Electrocute,Sorcery,Electrocute,Sorcery,Flash,Teleport,Flash,Smite,Flash,Teleport,Exhaust,Flash,Flash,Heal,Teleport,Flash,Smite,Ignite,Flash,Teleport,Ignite,Flash,Flash,Ignite,1,6,1,0,0,0
https://www.op.gg/summoners/euw/TheDisconnectTV-EUW/matches/uRd1PvnOddrOyySvS00MBGBNR9kKzacx2qtZrp8vSyc%3D/1733933368000,1,28,16,16,28,23,47,51,46,15,22,2,1,1,0,9,1,3,1,52132,38930,13.4,11.4,767,653,33.8,28.7,13202,-13202,2275.6031746031745,1699.3253968253969,Jayce,Udyr,Viktor,Ashe,Alistar,Zilean,Jarvan IV,Aurora,Corki,Neeko,Boots of Swiftness,Serylda's Grudge,Youmuu's Ghostblade,Muramana,Null-Magic Mantle,Doran's Blade,Farsight Alteration,Unending Despair,Dark Seal,Liandry's Torment,Spirit Visage,Boots of Swiftness,No_Item,Oracle Lens,Needlessly Large Rod,Shadowflame,Sorcerer's Shoes,Stormsurge,Needlessly Large Rod,Doran's Ring,Stealth Ward,B. F. Sword,Statikk Shiv,Runaan's Hurricane,Berserker's Greaves,Vampiric Scepter,No_Item,Farsight Alteration,Locket of the Iron Solari,Solstice Sleigh,Control Ward,Plated Steelcaps,Giant's Belt,Winged Moonplate,Oracle Lens,Doran's Ring,Seraph's Embrace,Ionian Boots of Lucidity,Frozen Heart,No_Item,Control Ward,Stealth Ward,Ionian Boots of Lucidity,Null-Magic Mantle,Ruby Crystal,Sundered Sky,No_Item,Eclipse,Oracle Lens,Luden's Companion,Refillable Potion,Dark Seal,Hextech Alternator,Sorcerer's Shoes,Doran's Ring,Oracle Lens,Doran's Blade,Muramana,Zeal,Trinity Force,Boots of Swiftness,Control Ward,Farsight Alteration,Zaz'Zak's Realmspike,Hextech Rocketbelt,Shattered Armguard,No_Item,No_Item,Ionian Boots of Lucidity,Oracle Lens,Phase Rush,Inspiration,Conqueror,Inspiration,Summon Aery,Resolve,Lethal Tempo,Inspiration,Phase Rush,Inspiration,Summon Aery,Resolve,Conqueror,Inspiration,Electrocute,Sorcery,Conqueror,Inspiration,Arcane Comet,Inspiration,Teleport,Flash,Flash,Smite,Flash,Teleport,Barrier,Flash,Ignite,Flash,Teleport,Flash,Smite,Flash,Teleport,Flash,Flash,Barrier,Flash,Heal,0,6,1,0,0,0
https://www.op.gg/summoners/euw/TheDisconnectTV-EUW/matches/uRd1PvnOddqDqZi4LEdEfIRKAwnQHMlM_vLRbA0zQTI%3D/1733931065000,1,37,28,28,37,55,78,65,87,29,26,4,1,2,0,9,2,6,1,68685,57726,16.0,14.8,939,861,28.9,26.5,10959,-10959,2119.4228571428575,1781.2594285714288,Zac,Udyr,Yone,Jhin,Taric,Zilean,Vi,Akali,Yasuo,Nautilus,Sunfire Aegis,Randuin's Omen,No_Item,Unending Despair,Ionian Boots of Lucidity,Spirit Visage,Oracle Lens,Liandry's Torment,Unending Despair,Mercury's Treads,"Jak'Sho, The Protean",Dark Seal,Riftmaker,Oracle Lens,Recurve Bow,Berserker's Greaves,Blade of The Ruined King,Infinity Edge,Immortal Shieldbow,Negatron Cloak,Farsight Alteration,The Collector,Boots of Swiftness,Infinity Edge,Executioner's Calling,Edge of Night,Last Whisper,Farsight Alteration,Locket of the Iron Solari,Redemption,Dream Maker,Control Ward,Fimbulwinter,Plated Steelcaps,Oracle Lens,Cosmic Drive,Seraph's Embrace,Ionian Boots of Lucidity,Oblivion Orb,Fiendish Codex,No_Item,Stealth Ward,Pickaxe,No_Item,Slightly Magical Footwear,Sundered Sky,Eclipse,Black Cleaver,Oracle Lens,Shadowflame,Stormsurge,Void Staff,Dark Seal,Needlessly Large Rod,Sorcerer's Shoes,Oracle Lens,Giant's Belt,Blade of The Ruined King,Berserker's Greaves,Immortal Shieldbow,Infinity Edge,Warden's Mail,Farsight Alteration,Plated Steelcaps,Control Ward,Knight's Vow,Locket of the Iron Solari,Ruby Crystal,Bloodsong,Oracle Lens,Grasp of the Undying,Precision,Conqueror,Resolve,Fleet Footwork,Resolve,Dark Harvest,Precision,Guardian,Inspiration,Summon Aery,Inspiration,Conqueror,Inspiration,Electrocute,Resolve,Lethal Tempo,Resolve,Aftershock,Inspiration,Teleport,Flash,Flash,Smite,Teleport,Flash,Flash,Barrier,Heal,Flash,Teleport,Flash,Flash,Smite,Teleport,Flash,Exhaust,Flash,Flash,Ignite,1,3,1,0,0,0
https://www.op.gg/summoners/euw/TheDisconnectTV-EUW/matches/uRd1PvnOddpFcAdyTA2d1sLcMVmWT0u8IXtrw-SRxd4%3D/1733859999000,0,29,29,29,29,62,41,78,70,27,31,3,1,0,2,6,9,3,3,66403,71707,16.0,17.0,1065,1022,31.400000000000002,30.1,-5304,5304,1957.401865671642,2113.7511194029853,Ambessa,Nocturne,Sylas,Jinx,Lux,Renekton,Jax,Aurora,Draven,Soraka,Doran's Blade,Eclipse,Death's Dance,Tunneler,Black Cleaver,Plated Steelcaps,Oracle Lens,Stridebreaker,Experimental Hexplate,Control Ward,Sterak's Gage,Steel Sigil,Ionian Boots of Lucidity,Farsight Alteration,Dark Seal,Zhonya's Hourglass,Hextech Rocketbelt,Cosmic Drive,Mercury's Treads,Void Staff,Oracle Lens,Infinity Edge,The Collector,Mortal Reminder,Berserker's Greaves,Runaan's Hurricane,Vampiric Scepter,Farsight Alteration,Zaz'Zak's Realmspike,Stormsurge,Sorcerer's Shoes,Oblivion Orb,Horizon Focus,Amplifying Tome,Oracle Lens,Plated Steelcaps,Sterak's Gage,Spirit Visage,Guardian Angel,Warden's Mail,Black Cleaver,Oracle Lens,Trinity Force,Warden's Mail,Sundered Sky,Plated Steelcaps,Wit's End,Giant's Belt,Stealth Ward,Liandry's Torment,No_Item,Malignance,Sorcerer's Shoes,Oblivion Orb,Needlessly Large Rod,Oracle Lens,Yun Tal Wildarrows,Lord Dominik's Regards,Bloodthirster,Infinity Edge,Plated Steelcaps,Immortal Shieldbow,Farsight Alteration,Dream Maker,Moonstone Renewer,Ionian Boots of Lucidity,Frozen Heart,Kindlegem,Forbidden Idol,Oracle Lens,Conqueror,Resolve,Lethal Tempo,Domination,Conqueror,Resolve,Lethal Tempo,Domination,Arcane Comet,Domination,Conqueror,Resolve,Lethal Tempo,Inspiration,Grasp of the Undying,Sorcery,Lethal Tempo,Inspiration,Summon Aery,Resolve,Flash,Teleport,Flash,Smite,Teleport,Flash,Flash,Barrier,Flash,Heal,Teleport,Flash,Flash,Smite,Teleport,Flash,Flash,Barrier,Heal,Flash,1,0,0,0,6,1
https://www.op.gg/summoners/euw/TheDisconnectTV-EUW/matches/uRd1PvnOddp0Z5PqSW2kMd-03-nRJwa6RfCfz2GLGbM%3D/1733856667000,0,26,29,29,26,44,41,60,70,32,17,1,2,0,1,3,10,1,3,47243,57870,13.0,14.2,701,844,26.9,32.5,-10627,10627,1811.5736842105262,2219.0751879699246,Zilean,Vi,Aurora,Ezreal,Karma,Jayce,Dr. Mundo,Lux,Corki,Nautilus,Aether Wisp,Seraph's Embrace,Frozen Heart,Ionian Boots of Lucidity,Fiendish Codex,Kindlegem,Stealth Ward,Sundered Sky,Trinity Force,No_Item,Long Sword,Slightly Magical Footwear,Ruby Crystal,Oracle Lens,Shadowflame,Sorcerer's Shoes,Luden's Companion,Dark Seal,Cryptbloom,Oblivion Orb,Stealth Ward,Doran's Blade,Caulfield's Warhammer,No_Item,Trinity Force,Muramana,Ionian Boots of Lucidity,Farsight Alteration,Zaz'Zak's Realmspike,Malignance,Imperial Mandate,Bandleglass Mirror,Amplifying Tome,Ionian Boots of Lucidity,Oracle Lens,Tunneler,Youmuu's Ghostblade,Serylda's Grudge,Muramana,Ionian Boots of Lucidity,Serrated Dirk,Farsight Alteration,Negatron Cloak,Heartsteel,Unending Despair,Spirit Visage,Boots of Swiftness,Ruby Crystal,Oracle Lens,Boots of Swiftness,Luden's Companion,No_Item,Horizon Focus,Rabadon's Deathcap,No_Item,Farsight Alteration,Boots of Swiftness,Muramana,Trinity Force,Rapid Firecannon,B. F. Sword,Vampiric Scepter,Farsight Alteration,Celestial Opposition,No_Item,Kindlegem,Boots of Swiftness,Null-Magic Mantle,Zeke's Convergence,Oracle Lens,Summon Aery,Resolve,Conqueror,Inspiration,Electrocute,Sorcery,Press the Attack,Inspiration,Arcane Comet,Inspiration,Phase Rush,Inspiration,Fleet Footwork,Inspiration,Arcane Comet,Domination,Conqueror,Inspiration,Aftershock,Inspiration,Teleport,Flash,Smite,Flash,Flash,Teleport,Flash,Barrier,Flash,Heal,Teleport,Flash,Flash,Smite,Flash,Teleport,Barrier,Flash,Flash,Ignite,1,0,0,0,6,1
https://www.op.gg/summoners/euw/TheDisconnectTV-EUW/matches/uRd1PvnOddrCuJCk6TJSCdWKt01hBlbslL8FKoTPByo%3D/1733854390000,1,35,16,16,35,16,51,63,51,14,13,0,3,1,0,8,2,1,3,56839,46753,14.8,13.0,799,799,30.5,30.5,10086,-10086,2156.837053571429,1774.109375,Zilean,Rengar,Syndra,Caitlyn,Lux,Yone,Viego,Corki,Sylas,Lulu,Frozen Heart,Seraph's Embrace,Ionian Boots of Lucidity,Fiendish Codex,Kindlegem,Oblivion Orb,Stealth Ward,Pickaxe,Profane Hydra,Ionian Boots of Lucidity,Lord Dominik's Regards,Voltaic Cyclosword,Long Sword,Stealth Ward,Ionian Boots of Lucidity,Cosmic Drive,No_Item,Dark Seal,Needlessly Large Rod,Blackfire Torch,Farsight Alteration,Lord Dominik's Regards,Berserker's Greaves,The Collector,Infinity Edge,No_Item,No_Item,Farsight Alteration,Zaz'Zak's Realmspike,Luden's Companion,Horizon Focus,Needlessly Large Rod,Ionian Boots of Lucidity,Control Ward,Oracle Lens,Doran's Blade,Blade of The Ruined King,Stridebreaker,Berserker's Greaves,No_Item,No_Item,Farsight Alteration,Kraken Slayer,Sundered Sky,Titanic Hydra,Slightly Magical Footwear,No_Item,No_Item,Oracle Lens,Doran's Blade,Trinity Force,Muramana,Long Sword,Long Sword,Boots of Swiftness,Farsight Alteration,Ionian Boots of Lucidity,Zhonya's Hourglass,Hextech Rocketbelt,Dark Seal,Cosmic Drive,No_Item,Oracle Lens,Redemption,Dream Maker,No_Item,Ionian Boots of Lucidity,No_Item,Moonstone Renewer,Oracle Lens,Summon Aery,Resolve,Conqueror,Domination,Summon Aery,Resolve,Conqueror,Inspiration,Arcane Comet,Domination,Lethal Tempo,Resolve,Conqueror,Inspiration,Conqueror,Inspiration,Conqueror,Resolve,Summon Aery,Resolve,Teleport,Flash,Smite,Flash,Teleport,Flash,Flash,Barrier,Flash,Heal,Flash,Teleport,Smite,Flash,Barrier,Flash,Teleport,Flash,Flash,Heal,1,0,1,0,6,0
https://www.op.gg/summoners/euw/TheDisconnectTV-EUW/matches/uRd1PvnOddpFwazK835uDxGGbhmP6oNjcYciFCXbXnI%3D/1733851879000,1,29,32,32,29,46,64,80,82,21,24,2,3,1,0,7,6,3,3,67474,68093,16.8,15.8,945,1025,26.3,28.5,-619,619,1868.5107692307695,1885.6523076923079,Zilean,Pantheon,Zed,Ezreal,Bard,Shen,Lee Sin,LeBlanc,Olaf,Senna,Seraph's Embrace,Cosmic Drive,Ionian Boots of Lucidity,Blasting Wand,Oblivion Orb,Kindlegem,Stealth Ward,Plated Steelcaps,Sundered Sky,Serpent's Fang,Black Cleaver,Tunneler,Ruby Crystal,Oracle Lens,Ionian Boots of Lucidity,Spear of Shojin,Voltaic Cyclosword,Black Cleaver,Serrated Dirk,Eclipse,Oracle Lens,Serylda's Grudge,Muramana,Trinity Force,Ionian Boots of Lucidity,Chempunk Chainsword,Zeal,Farsight Alteration,Negatron Cloak,Bloodsong,Locket of the Iron Solari,Cloth Armor,Dead Man's Plate,Plated Steelcaps,Oracle Lens,Titanic Hydra,Ionian Boots of Lucidity,Warmog's Armor,Giant's Belt,Warden's Mail,Control Ward,Stealth Ward,Eclipse,Plated Steelcaps,Sundered Sky,Sterak's Gage,Death's Dance,No_Item,Stealth Ward,Stormsurge,Luden's Companion,Rabadon's Deathcap,Sorcerer's Shoes,Void Staff,Amplifying Tome,Oracle Lens,Plated Steelcaps,Vampiric Scepter,Maw of Malmortius,Death's Dance,Experimental Hexplate,Ravenous Hydra,Oracle Lens,Bloodsong,Black Cleaver,Kindlegem,Echoes of Helia,Boots of Swiftness,Control Ward,Oracle Lens,Summon Aery,Resolve,Press the Attack,Inspiration,Conqueror,Sorcery,Conqueror,Sorcery,Guardian,Inspiration,Grasp of the Undying,Domination,Conqueror,Inspiration,Electrocute,Sorcery,Conqueror,Inspiration,Grasp of the Undying,Precision,Teleport,Flash,Smite,Flash,Flash,Teleport,Barrier,Flash,Flash,Ignite,Flash,Teleport,Flash,Smite,Teleport,Flash,Flash,Ghost,Flash,Heal,0,0,1,1,6,0
https://www.op.gg/summoners/euw/TheDisconnectTV-EUW/matches/uRd1PvnOddrYJoquQOxEU5jmp7vRr6hrWAAzjdM9XF0%3D/1733849290000,0,20,38,38,20,74,25,56,67,18,25,2,2,0,1,4,8,2,3,52470,59321,13.4,15.2,870,833,30.900000000000002,29.400000000000002,-6851,6851,1849.9038461538462,2091.4455128205127,Yone,Rengar,Sylas,Varus,Lulu,Zilean,Viego,Aurora,Xayah,Blitzcrank,Death's Dance,Blade of The Ruined King,Berserker's Greaves,Immortal Shieldbow,Infinity Edge,No_Item,Farsight Alteration,Control Ward,Voltaic Cyclosword,Ionian Boots of Lucidity,Lord Dominik's Regards,Pickaxe,No_Item,Stealth Ward,Doran's Ring,Seeker's Armguard,Hextech Rocketbelt,Dark Seal,Sorcerer's Shoes,Cosmic Drive,Oracle Lens,Guinsoo's Rageblade,Negatron Cloak,Wit's End,Blade of The Ruined King,Berserker's Greaves,Doran's Blade,Farsight Alteration,Dream Maker,Redemption,Refillable Potion,Ionian Boots of Lucidity,Moonstone Renewer,Kindlegem,Oracle Lens,Doran's Ring,Seraph's Embrace,Ionian Boots of Lucidity,Frozen Heart,Verdant Barrier,No_Item,Stealth Ward,Death's Dance,B. F. Sword,No_Item,Sundered Sky,Kraken Slayer,Plated Steelcaps,Oracle Lens,Malignance,Mejai's Soulstealer,Zhonya's Hourglass,Rabadon's Deathcap,Blighting Jewel,Ionian Boots of Lucidity,Oracle Lens,Essence Reaver,No_Item,Last Whisper,Berserker's Greaves,Navori Flickerblade,Doran's Blade,Farsight Alteration,Locket of the Iron Solari,Mikael's Blessing,Bloodsong,No_Item,Giant's Belt,Boots of Swiftness,Oracle Lens,Lethal Tempo,Resolve,Conqueror,Domination,Electrocute,Resolve,Press the Attack,Resolve,Summon Aery,Inspiration,Summon Aery,Resolve,Conqueror,Inspiration,Electrocute,Sorcery,Lethal Tempo,Inspiration,Glacial Augment,Sorcery,Flash,Teleport,Smite,Flash,Teleport,Flash,Flash,Barrier,Flash,Heal,Teleport,Flash,Smite,Flash,Teleport,Flash,Flash,Barrier,Ignite,Flash,1,1,0,0,5,1
https://www.op.gg/summoners/euw/TheDisconnectTV-EUW/matches/uRd1PvnOddqgNjCuJsNGk06HOVpHO6AqZFGQuiI7c_o%3D/1733846948000,1,31,15,15,31,16,45,57,67,19,22,3,1,1,0,7,2,4,1,53718,44530,14.6,13.0,855,801,32.7,30.6,9188,-9188,2047.5470852017938,1697.3318385650225,Jayce,Zac,Swain,Aphelios,Nautilus,Tryndamere,Shaco,Zilean,Varus,Rell,Doran's Blade,Youmuu's Ghostblade,Hubris,Edge of Night,Ionian Boots of Lucidity,Long Sword,Farsight Alteration,Randuin's Omen,Spectre's Cowl,Ionian Boots of Lucidity,Dark Seal,Sunfire Aegis,No_Item,Oracle Lens,Blasting Wand,Blackfire Torch,Plated Steelcaps,Zhonya's Hourglass,Cosmic Drive,Mejai's Soulstealer,Farsight Alteration,Berserker's Greaves,Infinity Edge,The Collector,Pickaxe,Long Sword,Doran's Blade,Farsight Alteration,Celestial Opposition,Kindlegem,Locket of the Iron Solari,Chain Vest,Mercury's Treads,Control Ward,Oracle Lens,Stridebreaker,Berserker's Greaves,Phantom Dancer,Doran's Shield,Mortal Reminder,Long Sword,Farsight Alteration,Eclipse,Boots of Swiftness,Dead Man's Plate,Ruby Crystal,No_Item,No_Item,Oracle Lens,Doran's Ring,Refillable Potion,Ionian Boots of Lucidity,Seraph's Embrace,Oblivion Orb,Fiendish Codex,Stealth Ward,Doran's Blade,Blade of The Ruined King,Berserker's Greaves,Guinsoo's Rageblade,Terminus,No_Item,Farsight Alteration,Celestial Opposition,Zeke's Convergence,Ionian Boots of Lucidity,Control Ward,Kindlegem,Cloth Armor,Oracle Lens,Phase Rush,Inspiration,Aftershock,Precision,Conqueror,Resolve,Press the Attack,Sorcery,Aftershock,Inspiration,Grasp of the Undying,Precision,Hail of Blades,Precision,Summon Aery,Inspiration,Lethal Tempo,Inspiration,Aftershock,Inspiration,Flash,Teleport,Smite,Flash,Flash,Teleport,Cleanse,Flash,Flash,Ignite,Flash,Ghost,Ignite,Smite,Teleport,Flash,Flash,Barrier,Flash,Ignite,1,2,1,0,4,0
https://www.op.gg/summoners/euw/TheDisconnectTV-EUW/matches/uRd1PvnOddrKaD_sxhhmXFFRPJbwDHA47rd3LtKu44Y%3D/1733774967000,1,27,11,11,27,10,44,42,38,12,10,0,2,0,0,9,2,0,2,45644,33669,12.2,10.8,666,601,34.300000000000004,30.9,11975,-11975,2355.81935483871,1737.7548387096774,Zilean,Wukong,Syndra,Corki,Nautilus,Irelia,Viego,Ahri,Caitlyn,Braum,Doran's Ring,Seraph's Embrace,Ionian Boots of Lucidity,Glacial Buckler,Warden's Mail,No_Item,Stealth Ward,Death's Dance,Trinity Force,Slightly Magical Footwear,Sundered Sky,Long Sword,No_Item,Oracle Lens,Doran's Ring,Aether Wisp,Sorcerer's Shoes,Dark Seal,Fiendish Codex,Blackfire Torch,Oracle Lens,Doran's Blade,Trinity Force,Plated Steelcaps,Muramana,Scout's Slingshot,No_Item,Farsight Alteration,Bloodsong,Kindlegem,Warmog's Armor,Boots of Swiftness,Control Ward,Cloth Armor,Oracle Lens,Doran's Blade,Blade of The Ruined King,Mercury's Treads,Tunneler,Ruby Crystal,No_Item,Stealth Ward,Sundered Sky,Kraken Slayer,Long Sword,No_Item,No_Item,Slightly Magical Footwear,Oracle Lens,Malignance,Doran's Ring,Horizon Focus,Amplifying Tome,Control Ward,Mercury's Treads,Farsight Alteration,Doran's Blade,Refillable Potion,The Collector,Pickaxe,Berserker's Greaves,No_Item,Stealth Ward,Locket of the Iron Solari,Celestial Opposition,No_Item,No_Item,No_Item,Mercury's Treads,Oracle Lens,Summon Aery,Resolve,Conqueror,Inspiration,First Strike,Sorcery,Conqueror,Inspiration,Aftershock,Inspiration,Conqueror,Domination,Conqueror,Inspiration,Electrocute,Inspiration,Lethal Tempo,Domination,Guardian,Inspiration,Teleport,Flash,Flash,Smite,Teleport,Flash,Cleanse,Flash,Flash,Ignite,Teleport,Flash,Flash,Smite,Teleport,Flash,Flash,Barrier,Flash,Heal,1,6,1,0,0,0
https://www.op.gg/summoners/euw/TheDisconnectTV-EUW/matches/uRd1PvnOddpqCHbq8zGIfdmTaYOAnHDPGaZoS-o1yOg%3D/1733772885000,0,21,45,45,21,103,31,66,101,32,21,0,4,0,1,5,11,0,5,55699,64500,13.8,15.8,859,824,28.3,27.2,-8801,8801,1856.6333333333334,2150.0,Irelia,Udyr,Veigar,Ezreal,Tahm Kench,Soraka,Master Yi,Yone,Jinx,Bard,Steel Sigil,Plated Steelcaps,Executioner's Calling,Caulfield's Warhammer,Kraken Slayer,Blade of The Ruined King,Farsight Alteration,Eclipse,Stridebreaker,Plated Steelcaps,Dead Man's Plate,Hearthbound Axe,Ruby Crystal,Oracle Lens,Blighting Jewel,Seraph's Embrace,Oblivion Orb,Frozen Heart,Fiendish Codex,Ionian Boots of Lucidity,Farsight Alteration,Plated Steelcaps,Trinity Force,Executioner's Calling,Muramana,Frozen Heart,Vampiric Scepter,Farsight Alteration,Heartsteel,Thornmail,Bloodsong,Control Ward,Chain Vest,Plated Steelcaps,Oracle Lens,Ionian Boots of Lucidity,Redemption,Moonstone Renewer,Blasting Wand,Forbidden Idol,Forbidden Idol,Stealth Ward,Guinsoo's Rageblade,Blade of The Ruined King,Titanic Hydra,Plated Steelcaps,Kraken Slayer,Recurve Bow,Farsight Alteration,Berserker's Greaves,Infinity Edge,Iceborn Gauntlet,Immortal Shieldbow,Negatron Cloak,Blade of The Ruined King,Farsight Alteration,Doran's Blade,Berserker's Greaves,The Collector,Scout's Slingshot,Lord Dominik's Regards,Zeal,Farsight Alteration,Bloodsong,Negatron Cloak,Heartsteel,Cloth Armor,Giant's Belt,Boots of Swiftness,Oracle Lens,Conqueror,Inspiration,Press the Attack,Sorcery,First Strike,Sorcery,Press the Attack,Inspiration,Grasp of the Undying,Inspiration,Summon Aery,Resolve,Lethal Tempo,Domination,Lethal Tempo,Resolve,Lethal Tempo,Sorcery,Guardian,Domination,Teleport,Flash,Flash,Smite,Flash,Teleport,Barrier,Flash,Ignite,Flash,Teleport,Flash,Flash,Smite,Flash,Teleport,Barrier,Flash,Flash,Ignite,1,5,0,0,1,3
https://www.op.gg/summoners/euw/TheDisconnectTV-EUW/matches/uRd1PvnOddoqu2qsfb8RUyi0Jtv6WmbxrzilDFWI9N8%3D/1733770183000,1,27,14,14,27,20,59,87,63,28,28,2,2,0,0,8,3,2,2,53293,48363,14.2,13.0,788,880,29.0,32.4,4930,-4930,1976.4291390728476,1793.594701986755,Zilean,Rek'Sai,Kayle,Ezreal,Bard,Veigar,Udyr,Aurora,Jhin,Tahm Kench,Abyssal Mask,Seraph's Embrace,Fiendish Codex,Control Ward,Ionian Boots of Lucidity,No_Item,Stealth Ward,Mercury's Treads,Titanic Hydra,Serpent's Fang,Spectre's Cowl,Null-Magic Mantle,No_Item,Oracle Lens,Boots of Swiftness,Nashor's Tooth,Rabadon's Deathcap,Needlessly Large Rod,Doran's Ring,Amplifying Tome,Farsight Alteration,Mercury's Treads,Trinity Force,No_Item,Maw of Malmortius,Muramana,Long Sword,Farsight Alteration,Bloodsong,No_Item,Negatron Cloak,Warmog's Armor,Kindlegem,Boots of Swiftness,Oracle Lens,Doran's Ring,Blackfire Torch,Rabadon's Deathcap,Void Staff,Fiendish Codex,Boots of Swiftness,Farsight Alteration,Dead Man's Plate,Liandry's Torment,Boots of Swiftness,Abyssal Mask,No_Item,Dark Seal,Oracle Lens,Doran's Ring,Sorcerer's Shoes,Dark Seal,Malignance,Shadowflame,Amplifying Tome,Oracle Lens,Doran's Blade,Infinity Edge,Boots of Swiftness,The Collector,Zeal,No_Item,Farsight Alteration,No_Item,Cloth Armor,Solstice Sleigh,Negatron Cloak,Heartsteel,Boots of Swiftness,Oracle Lens,Summon Aery,Inspiration,Conqueror,Inspiration,Press the Attack,Sorcery,Press the Attack,Inspiration,Guardian,Domination,Summon Aery,Inspiration,Conqueror,Inspiration,Electrocute,Sorcery,Fleet Footwork,Sorcery,Grasp of the Undying,Inspiration,Teleport,Flash,Smite,Flash,Flash,Teleport,Barrier,Flash,Flash,Ignite,Flash,Teleport,Flash,Smite,Teleport,Flash,Barrier,Flash,Ignite,Flash,0,0,1,1,6,0
https://www.op.gg/summoners/euw/TheDisconnectTV-EUW/matches/uRd1PvnOddqHxCJv5Wi4OWzXC1z3mGeQkUK0jCiAUTc%3D/1733766776000,1,46,34,34,46,41,111,111,146,53,36,3,2,1,1,7,7,4,3,75762,74027,17.6,16.8,1010,1097,26.4,28.7,1735,-1735,1961.3512690355328,1916.4350253807104,Zilean,Wukong,Orianna,Corki,Janna,Heimerdinger,Viego,Akali,Miss Fortune,Rakan,Cosmic Drive,Seraph's Embrace,Ionian Boots of Lucidity,Frozen Heart,Negatron Cloak,Cloth Armor,Stealth Ward,Sundered Sky,Trinity Force,Steel Sigil,Sterak's Gage,Boots of Swiftness,B. F. Sword,Oracle Lens,Seraph's Embrace,Seeker's Armguard,Liandry's Torment,Shadowflame,Boots of Swiftness,Mejai's Soulstealer,Farsight Alteration,Infinity Edge,Muramana,Trinity Force,Ionian Boots of Lucidity,Rapid Firecannon,Maw of Malmortius,Farsight Alteration,Dawncore,Shattered Armguard,Dream Maker,Echoes of Helia,Moonstone Renewer,Boots of Swiftness,Oracle Lens,Malignance,Rabadon's Deathcap,Void Staff,Rylai's Crystal Scepter,Sorcerer's Shoes,Elixir of Sorcery,Stealth Ward,Titanic Hydra,Kraken Slayer,Sundered Sky,Boots of Swiftness,Negatron Cloak,Randuin's Omen,Oracle Lens,Zhonya's Hourglass,Stormsurge,Sorcerer's Shoes,Blasting Wand,Rabadon's Deathcap,Shadowflame,Oracle Lens,Infinity Edge,Mercury's Treads,Bloodthirster,Mortal Reminder,Doran's Blade,Essence Reaver,Farsight Alteration,Zeke's Convergence,Celestial Opposition,Locket of the Iron Solari,Control Ward,Kindlegem,Mercury's Treads,Oracle Lens,Summon Aery,Inspiration,Conqueror,Inspiration,Grasp of the Undying,Sorcery,Conqueror,Inspiration,Summon Aery,Resolve,Electrocute,Sorcery,Conqueror,Inspiration,Electrocute,Sorcery,Press the Attack,Inspiration,Guardian,Domination,Teleport,Flash,Flash,Smite,Teleport,Flash,Barrier,Flash,Flash,Heal,Teleport,Flash,Flash,Smite,Ignite,Flash,Flash,Barrier,Flash,Heal,0,1,2,1,5,1
https://www.op.gg/summoners/euw/TheDisconnectTV-EUW/matches/uRd1PvnOddp0gAAX7X1Rs4zWhnsndprOjhhpUO9xF7E%3D/1733763860000,0,11,24,24,11,39,15,46,50,9,17,0,3,0,1,3,6,0,4,40776,52517,12.6,13.8,747,838,33.4,37.4,-11741,11741,1814.885549132948,2337.4618497109827,Fiora,Lee Sin,Yasuo,Hwei,Zilean,Tryndamere,Viego,Ahri,Draven,Lulu,Ravenous Hydra,Plated Steelcaps,Phage,Long Sword,Long Sword,Doran's Blade,Stealth Ward,Sundered Sky,Eclipse,Tunneler,Pickaxe,Slightly Magical Footwear,Ruby Crystal,Stealth Ward,Doran's Shield,B. F. Sword,Pickaxe,Immortal Shieldbow,Blade of The Ruined King,Berserker's Greaves,Farsight Alteration,Doran's Ring,Sorcerer's Shoes,Refillable Potion,Luden's Companion,Hextech Alternator,Aether Wisp,Farsight Alteration,Solstice Sleigh,Ionian Boots of Lucidity,Archangel's Staff,Amplifying Tome,No_Item,Control Ward,Oracle Lens,Ravenous Hydra,Recurve Bow,Navori Flickerblade,Berserker's Greaves,Executioner's Calling,Vampiric Scepter,Stealth Ward,Kraken Slayer,Titanic Hydra,No_Item,Ruby Crystal,Plated Steelcaps,No_Item,Oracle Lens,Seeker's Armguard,Ionian Boots of Lucidity,Horizon Focus,Doran's Ring,Malignance,Mejai's Soulstealer,Oracle Lens,Phantom Dancer,Bloodthirster,Doran's Blade,Berserker's Greaves,Infinity Edge,The Collector,Farsight Alteration,Dream Maker,Shurelya's Battlesong,Ruby Crystal,Ardent Censer,Boots of Swiftness,Forbidden Idol,Oracle Lens,Grasp of the Undying,Inspiration,Conqueror,Inspiration,Fleet Footwork,Resolve,Arcane Comet,Precision,Summon Aery,Resolve,Fleet Footwork,Resolve,Conqueror,Inspiration,Electrocute,Sorcery,Lethal Tempo,Domination,Summon Aery,Precision,Teleport,Flash,Flash,Smite,Flash,Teleport,Flash,Teleport,Heal,Flash,Flash,Ignite,Smite,Flash,Flash,Teleport,Cleanse,Flash,Flash,Heal,1,6,0,0,0,0
https://www.op.gg/summoners/euw/TheDisconnectTV-EUW/matches/uRd1PvnOddqEYFXPaPXQ3B_-RBgHVz1EksOZLerS5rQ%3D/1733761834000,1,28,16,16,28,17,48,74,59,13,17,1,2,1,0,10,3,2,2,57647,45400,14.4,13.0,834,794,32.2,30.400000000000002,12247,-12247,2196.0761904761903,1729.5238095238096,K'Sante,Lee Sin,Syndra,Corki,Leona,Zilean,Wukong,Azir,Ezreal,Neeko,Mercury's Treads,Kaenic Rookern,Spirit Visage,Thornmail,Dead Man's Plate,No_Item,Stealth Ward,Sundered Sky,Eclipse,Control Ward,Pickaxe,Slightly Magical Footwear,Phage,Stealth Ward,No_Item,Stormsurge,Shadowflame,Luden's Companion,Amplifying Tome,Mercury's Treads,Farsight Alteration,Maw of Malmortius,No_Item,Trinity Force,Muramana,Mercury's Treads,No_Item,Farsight Alteration,Knight's Vow,Locket of the Iron Solari,Celestial Opposition,Mercury's Treads,No_Item,No_Item,Oracle Lens,Doran's Ring,Seraph's Embrace,Ionian Boots of Lucidity,Frozen Heart,Amplifying Tome,Glowing Mote,Stealth Ward,Trinity Force,Sundered Sky,Mercury's Treads,Sterak's Gage,No_Item,No_Item,Oracle Lens,Liandry's Torment,Nashor's Tooth,Mercury's Treads,Blasting Wand,Amplifying Tome,Doran's Ring,Stealth Ward,Long Sword,Long Sword,Doran's Blade,Ionian Boots of Lucidity,Muramana,Trinity Force,Farsight Alteration,Zaz'Zak's Realmspike,Hextech Rocketbelt,Sorcerer's Shoes,Seeker's Armguard,No_Item,No_Item,Oracle Lens,Aftershock,Inspiration,Conqueror,Inspiration,Arcane Comet,Inspiration,Conqueror,Inspiration,Aftershock,Inspiration,Summon Aery,Inspiration,Conqueror,Inspiration,Conqueror,Sorcery,Press the Attack,Inspiration,Arcane Comet,Inspiration,Flash,Teleport,Smite,Flash,Teleport,Flash,Flash,Barrier,Flash,Ignite,Teleport,Flash,Flash,Smite,Flash,Teleport,Flash,Cleanse,Ignite,Flash,1,3,1,0,3,0
https://www.op.gg/summoners/euw/TheDisconnectTV-EUW/matches/uRd1PvnOddqjH-Zs3pCzOIXbpVjnnuQYei97AoaIhE4%3D/1733701823000,0,20,39,39,20,57,28,63,63,21,29,0,4,1,0,4,11,1,4,52569,62176,13.6,14.6,795,864,29.599999999999998,32.2,-9607,9607,1974.8142857142857,2335.7121693121694,Gragas,Jax,Azir,Ezreal,Blitzcrank,Zilean,Viego,Garen,Kalista,Pyke,Boots of Swiftness,Shattered Armguard,Cosmic Drive,Lich Bane,Lost Chapter,No_Item,Oracle Lens,Sundered Sky,Trinity Force,No_Item,Mercury's Treads,Dagger,No_Item,Stealth Ward,Doran's Ring,Nashor's Tooth,Shadowflame,Sorcerer's Shoes,Void Staff,No_Item,Farsight Alteration,Doran's Blade,Muramana,Trinity Force,Ionian Boots of Lucidity,Serylda's Grudge,Warden's Mail,Farsight Alteration,Celestial Opposition,Locket of the Iron Solari,Control Ward,Bramble Vest,Knight's Vow,Boots of Swiftness,Oracle Lens,Doran's Ring,Ionian Boots of Lucidity,Seraph's Embrace,Cosmic Drive,Oblivion Orb,Negatron Cloak,Stealth Ward,Kraken Slayer,Mercury's Treads,Titanic Hydra,Wit's End,No_Item,No_Item,Oracle Lens,Stridebreaker,B. F. Sword,Cloak of Agility,Boots of Swiftness,Phantom Dancer,The Collector,Stealth Ward,Blade of The Ruined King,Guinsoo's Rageblade,Berserker's Greaves,Terminus,Negatron Cloak,Doran's Blade,Farsight Alteration,Steel Sigil,Celestial Opposition,Edge of Night,Umbral Glaive,Boots of Swiftness,Pickaxe,Oracle Lens,Phase Rush,Precision,Lethal Tempo,Inspiration,Conqueror,Sorcery,Conqueror,Inspiration,Glacial Augment,Resolve,Summon Aery,Resolve,Conqueror,Inspiration,Phase Rush,Resolve,Lethal Tempo,Domination,Hail of Blades,Sorcery,Flash,Teleport,Flash,Smite,Flash,Teleport,Flash,Barrier,Flash,Ignite,Teleport,Flash,Smite,Flash,Flash,Ignite,Flash,Barrier,Flash,Ignite,0,3,0,1,3,2
https://www.op.gg/summoners/euw/TheDisconnectTV-EUW/matches/uRd1PvnOddrLIMx5sDjayc19IRAhk8nQ1UoEVaXIxrM%3D/1733681682000,1,31,27,27,31,39,53,69,87,25,22,2,2,1,0,7,4,3,2,58678,53984,14.6,13.8,806,823,27.0,27.7,4694,-4694,1955.9333333333334,1799.4666666666667,Zilean,Zac,Yone,Yasuo,Maokai,K'Sante,Jax,Katarina,Corki,Poppy,Doran's Ring,Seraph's Embrace,Ionian Boots of Lucidity,Frozen Heart,Fiendish Codex,Control Ward,Stealth Ward,Dark Seal,Randuin's Omen,Unending Despair,Sunfire Aegis,Kindlegem,Ionian Boots of Lucidity,Oracle Lens,Iceborn Gauntlet,Blade of The Ruined King,Immortal Shieldbow,Berserker's Greaves,Infinity Edge,Chain Vest,Farsight Alteration,Pickaxe,Berserker's Greaves,B. F. Sword,Blade of The Ruined King,Immortal Shieldbow,Cloak of Agility,Farsight Alteration,Locket of the Iron Solari,Solstice Sleigh,Knight's Vow,Watchful Wardstone,Ionian Boots of Lucidity,Oblivion Orb,Oracle Lens,Force of Nature,Randuin's Omen,No_Item,Tear of the Goddess,Unending Despair,Mercury's Treads,Oracle Lens,No_Item,Trinity Force,Zhonya's Hourglass,Pickaxe,Sundered Sky,Mercury's Treads,Stealth Ward,Dark Seal,Needlessly Large Rod,Zhonya's Hourglass,Boots,Needlessly Large Rod,Lich Bane,Oracle Lens,Doran's Blade,Trinity Force,Infinity Edge,Muramana,Plated Steelcaps,Cloak of Agility,Farsight Alteration,Celestial Opposition,Knight's Vow,No_Item,Trailblazer,Plated Steelcaps,No_Item,Oracle Lens,Summon Aery,Resolve,Aftershock,Precision,Lethal Tempo,Resolve,Lethal Tempo,Resolve,Aftershock,Inspiration,Grasp of the Undying,Inspiration,Conqueror,Inspiration,Conqueror,Resolve,Conqueror,Inspiration,Hail of Blades,Inspiration,Teleport,Flash,Smite,Flash,Flash,Teleport,Exhaust,Flash,Flash,Ignite,Teleport,Flash,Flash,Smite,Teleport,Flash,Flash,Barrier,Flash,Ignite,0,4,0,1,2,0
https://www.op.gg/summoners/euw/TheDisconnectTV-EUW/matches/uRd1PvnOddrhbZ7l476mswH2J5hNoquc-fYplPi2qGQ%3D/1733679108000,1,32,19,19,32,23,40,63,80,31,27,2,2,1,0,8,4,3,2,56090,50150,14.8,12.8,802,801,30.9,30.8,5940,-5940,2143.276422764228,1916.3008130081303,Zilean,Zac,Taliyah,Yasuo,Poppy,Yone,Master Yi,LeBlanc,Draven,Pyke,Doran's Ring,Seraph's Embrace,Glacial Buckler,Ionian Boots of Lucidity,Warden's Mail,No_Item,Stealth Ward,Sunfire Aegis,Randuin's Omen,Spirit Visage,Dark Seal,Ionian Boots of Lucidity,Kindlegem,Oracle Lens,Sorcerer's Shoes,Seeker's Armguard,Luden's Companion,Horizon Focus,Doran's Ring,Dark Seal,Farsight Alteration,Randuin's Omen,Kraken Slayer,Berserker's Greaves,Immortal Shieldbow,Infinity Edge,Steel Sigil,Farsight Alteration,Kindlegem,Celestial Opposition,Control Ward,Boots of Swiftness,Dead Man's Plate,Chain Vest,Oracle Lens,Immortal Shieldbow,Pickaxe,Blade of The Ruined King,Cloak of Agility,Berserker's Greaves,No_Item,Farsight Alteration,Guinsoo's Rageblade,Blade of The Ruined King,Titanic Hydra,Mercury's Treads,Null-Magic Mantle,Dagger,Oracle Lens,Stormsurge,Doran's Ring,Luden's Companion,Needlessly Large Rod,Sorcerer's Shoes,Needlessly Large Rod,Oracle Lens,The Collector,Pickaxe,Cloak of Agility,B. F. Sword,Boots,Vampiric Scepter,Farsight Alteration,Bloodsong,Edge of Night,Long Sword,No_Item,Boots of Swiftness,Umbral Glaive,Oracle Lens,Summon Aery,Resolve,Aftershock,Precision,Electrocute,Precision,Lethal Tempo,Resolve,Aftershock,Inspiration,Lethal Tempo,Resolve,Lethal Tempo,Domination,Electrocute,Sorcery,Lethal Tempo,Domination,Hail of Blades,Sorcery,Teleport,Flash,Smite,Flash,Teleport,Flash,Exhaust,Flash,Ignite,Flash,Flash,Teleport,Flash,Smite,Teleport,Flash,Flash,Barrier,Flash,Ignite,0,0,1,1,6,0
https://www.op.gg/summoners/euw/TheDisconnectTV-EUW/matches/uRd1PvnOddpEjtmjBkwo2ldD9DSAmYGut2pJn94UC28%3D/1733676723000,1,31,13,14,31,21,48,66,72,23,18,1,2,1,0,11,3,2,2,58252,47289,14.8,13.4,843,851,33.0,33.3,10963,-10963,2276.5149425287354,1848.0758620689653,Zilean,Viego,Yone,Taliyah,Maokai,Corki,Zyra,Gwen,Yasuo,Rell,Doran's Ring,Seraph's Embrace,Cosmic Drive,Ionian Boots of Lucidity,Glacial Buckler,No_Item,Stealth Ward,Kraken Slayer,Titanic Hydra,No_Item,Mercury's Treads,Wit's End,Tunneler,Oracle Lens,Infinity Edge,No_Item,No_Item,Blade of The Ruined King,Immortal Shieldbow,Berserker's Greaves,Oracle Lens,Sorcerer's Shoes,Zhonya's Hourglass,Luden's Companion,Mejai's Soulstealer,Cosmic Drive,Amplifying Tome,Farsight Alteration,Celestial Opposition,Control Ward,Locket of the Iron Solari,Boots of Swiftness,Kindlegem,Trailblazer,Oracle Lens,Muramana,No_Item,Plated Steelcaps,Trinity Force,Scout's Slingshot,No_Item,Farsight Alteration,Blackfire Torch,Liandry's Torment,Control Ward,Sorcerer's Shoes,No_Item,No_Item,Oracle Lens,Doran's Ring,Shadowflame,Ionian Boots of Lucidity,Needlessly Large Rod,Nashor's Tooth,Needlessly Large Rod,Farsight Alteration,Doran's Blade,Kraken Slayer,Berserker's Greaves,Immortal Shieldbow,Pickaxe,B. F. Sword,Farsight Alteration,Zeke's Convergence,Celestial Opposition,Mercury's Treads,Kindlegem,Cloth Armor,No_Item,Oracle Lens,Summon Aery,Resolve,Conqueror,Inspiration,Lethal Tempo,Resolve,Dark Harvest,Precision,Aftershock,Inspiration,Conqueror,Resolve,Arcane Comet,Precision,Conqueror,Resolve,Lethal Tempo,Resolve,Aftershock,Inspiration,Teleport,Flash,Flash,Smite,Teleport,Flash,Teleport,Flash,Flash,Ignite,Teleport,Flash,Flash,Smite,Teleport,Flash,Exhaust,Flash,Flash,Ignite,1,6,2,0,0,0
https://www.op.gg/summoners/euw/TheDisconnectTV-EUW/matches/uRd1PvnOddpHqIYOHHtOGg_S9EChyRfR2Rd93vY1FX8%3D/1733674309000,0,20,19,19,20,46,49,62,71,32,24,2,1,0,1,2,9,2,2,46953,57165,13.0,14.2,744,880,27.5,32.4,-10212,10212,1743.9685714285715,2123.2714285714287,Zilean,Xin Zhao,Orianna,Ashe,Lulu,Irelia,Jarvan IV,Taliyah,Ezreal,Karma,Doran's Ring,Seraph's Embrace,Frozen Heart,Ionian Boots of Lucidity,Oblivion Orb,Control Ward,Stealth Ward,Sundered Sky,Titanic Hydra,Control Ward,Pickaxe,Plated Steelcaps,Tunneler,Oracle Lens,Doran's Ring,Shadowflame,Luden's Companion,Stormsurge,No_Item,Sorcerer's Shoes,Farsight Alteration,Mortal Reminder,Runaan's Hurricane,No_Item,Kraken Slayer,Berserker's Greaves,Doran's Blade,Farsight Alteration,Dream Maker,Boots of Swiftness,Ardent Censer,Aether Wisp,Dark Seal,Bandleglass Mirror,Oracle Lens,Caulfield's Warhammer,Wit's End,Steel Sigil,Blade of The Ruined King,Plated Steelcaps,Hullbreaker,Farsight Alteration,Eclipse,Sundered Sky,No_Item,Ionian Boots of Lucidity,Spirit Visage,No_Item,Stealth Ward,Sorcerer's Shoes,Zhonya's Hourglass,Luden's Companion,No_Item,Liandry's Torment,Dark Seal,Farsight Alteration,Serpent's Fang,Muramana,Trinity Force,No_Item,Ionian Boots of Lucidity,No_Item,Farsight Alteration,No_Item,Solstice Sleigh,Mikael's Blessing,Ruby Crystal,Ionian Boots of Lucidity,Moonstone Renewer,Oracle Lens,Summon Aery,Resolve,Conqueror,Inspiration,Summon Aery,Inspiration,Lethal Tempo,Inspiration,Summon Aery,Resolve,Conqueror,Inspiration,Conqueror,Inspiration,Phase Rush,Precision,Press the Attack,Inspiration,Summon Aery,Resolve,Teleport,Flash,Smite,Flash,Teleport,Flash,Flash,Barrier,Flash,Heal,Flash,Teleport,Flash,Smite,Teleport,Flash,Flash,Barrier,Heal,Flash,0,1,0,1,5,1
https://www.op.gg/summoners/euw/TheDisconnectTV-EUW/matches/uRd1PvnOddo-z4KADukiJl0rLL5BQnG_xzokZHHYpzE%3D/1733672175000,0,19,26,26,19,50,25,64,42,8,14,0,2,0,1,3,9,0,3,43060,51974,11.8,13.8,683,720,28.7,30.3,-8914,8914,1804.7205882352941,2178.3220588235295,Zilean,Udyr,Yone,Caitlyn,Karma,Irelia,Jarvan IV,Viktor,Ashe,Rek'Sai,Doran's Ring,Cosmic Drive,Seraph's Embrace,Ionian Boots of Lucidity,No_Item,Control Ward,Stealth Ward,Unending Despair,Liandry's Torment,Plated Steelcaps,Control Ward,Ruby Crystal,No_Item,Oracle Lens,Immortal Shieldbow,Blade of The Ruined King,Berserker's Greaves,Doran's Shield,Recurve Bow,No_Item,Stealth Ward,The Collector,Refillable Potion,Lord Dominik's Regards,Slightly Magical Footwear,Infinity Edge,Control Ward,Farsight Alteration,Dream Maker,Mikael's Blessing,Redemption,Control Ward,Boots,No_Item,Oracle Lens,Doran's Blade,Hullbreaker,Blade of The Ruined King,Plated Steelcaps,Wit's End,Steel Sigil,Farsight Alteration,Sundered Sky,Eclipse,Control Ward,Plated Steelcaps,Cloth Armor,Cloth Armor,Oracle Lens,Ionian Boots of Lucidity,Dark Seal,Stormsurge,Lich Bane,Shadowflame,Amplifying Tome,Farsight Alteration,Berserker's Greaves,Phantom Dancer,Doran's Blade,Kraken Slayer,Cloak of Agility,No_Item,Farsight Alteration,Bloodsong,Locket of the Iron Solari,Refillable Potion,Synchronized Souls,Serpent's Fang,No_Item,Oracle Lens,Summon Aery,Resolve,Conqueror,Sorcery,Lethal Tempo,Resolve,Hail of Blades,Inspiration,Summon Aery,Resolve,Conqueror,Inspiration,Conqueror,Inspiration,Summon Aery,Resolve,Lethal Tempo,Inspiration,Aftershock,Precision,Teleport,Flash,Flash,Smite,Flash,Teleport,Flash,Barrier,Flash,Heal,Flash,Teleport,Smite,Flash,Flash,Teleport,Flash,Barrier,Ignite,Flash,0,3,0,1,3,1
https://www.op.gg/summoners/euw/TheDisconnectTV-EUW/matches/uRd1PvnOddoDuaEp72olmfkiaMY5e63cwnqrEhX33WU%3D/1733668826000,1,27,16,16,27,30,68,63,73,26,18,1,3,1,0,11,2,2,3,59674,49126,15.0,14.2,878,902,29.9,30.7,10548,-10548,2032.1416216216214,1672.9394594594594,Cho'Gath,Zac,Sylas,Corki,Blitzcrank,Zilean,Viego,Swain,Jinx,Thresh,Boots of Swiftness,Randuin's Omen,Abyssal Mask,Warmog's Armor,No_Item,Negatron Cloak,Oracle Lens,Randuin's Omen,Haunting Guise,Abyssal Mask,Ionian Boots of Lucidity,Dark Seal,Sunfire Aegis,Oracle Lens,Zhonya's Hourglass,Hextech Rocketbelt,Amplifying Tome,Sorcerer's Shoes,Cosmic Drive,Doran's Ring,Oracle Lens,Trinity Force,Muramana,Plated Steelcaps,Rapid Firecannon,Doran's Blade,B. F. Sword,Farsight Alteration,Celestial Opposition,Boots of Swiftness,Locket of the Iron Solari,Negatron Cloak,Kindlegem,Glacial Buckler,Oracle Lens,Cosmic Drive,Seraph's Embrace,Ionian Boots of Lucidity,Amplifying Tome,Control Ward,No_Item,Stealth Ward,Chempunk Chainsword,Kraken Slayer,Wit's End,Control Ward,Mercury's Treads,No_Item,Stealth Ward,Blackfire Torch,Dark Seal,Liandry's Torment,Mercury's Treads,Cloth Armor,Rylai's Crystal Scepter,Farsight Alteration,Doran's Blade,Berserker's Greaves,Yun Tal Wildarrows,Runaan's Hurricane,Mortal Reminder,No_Item,Farsight Alteration,Mercury's Treads,Celestial Opposition,Locket of the Iron Solari,Control Ward,Kindlegem,Cloth Armor,Oracle Lens,Grasp of the Undying,Inspiration,Aftershock,Precision,Conqueror,Resolve,Conqueror,Resolve,Aftershock,Inspiration,Summon Aery,Inspiration,Conqueror,Inspiration,Conqueror,Resolve,Press the Attack,Inspiration,Aftershock,Inspiration,Teleport,Flash,Smite,Flash,Flash,Teleport,Flash,Barrier,Ignite,Flash,Teleport,Flash,Flash,Smite,Flash,Teleport,Barrier,Flash,Flash,Ignite,0,3,3,1,0,0
https://www.op.gg/summoners/euw/TheDisconnectTV-EUW/matches/uRd1PvnOddona19cLg1v7UfEesc2tBINBCLyon7-SMM%3D/1733666210000,0,32,39,39,33,62,44,117,105,43,41,0,4,0,1,3,9,0,5,57585,69760,13.8,15.6,756,918,24.8,30.1,-12175,12175,1879.5104166666667,2276.888888888889,Zilean,Poppy,Syndra,Samira,Pyke,Jayce,Xin Zhao,Taliyah,Caitlyn,Maokai,Doran's Ring,Seraph's Embrace,Ionian Boots of Lucidity,Cosmic Drive,Glacial Buckler,Cloth Armor,Stealth Ward,Dead Man's Plate,Randuin's Omen,Eclipse,No_Item,No_Item,Plated Steelcaps,Oracle Lens,Void Staff,Rabadon's Deathcap,Amplifying Tome,Sorcerer's Shoes,Mejai's Soulstealer,Luden's Companion,Farsight Alteration,Immortal Shieldbow,The Collector,Lord Dominik's Regards,Plated Steelcaps,Infinity Edge,Long Sword,Farsight Alteration,Youmuu's Ghostblade,Control Ward,Bloodsong,Umbral Glaive,Mercury's Treads,Warden's Mail,Oracle Lens,Muramana,Eclipse,Caulfield's Warhammer,Mercury's Treads,Youmuu's Ghostblade,Pickaxe,Farsight Alteration,Sundered Sky,Titanic Hydra,Death's Dance,Plated Steelcaps,Negatron Cloak,No_Item,Oracle Lens,Seraph's Embrace,Mercury's Treads,Banshee's Veil,Shadowflame,Needlessly Large Rod,Doran's Ring,Farsight Alteration,The Collector,Infinity Edge,Vampiric Scepter,Lord Dominik's Regards,Plated Steelcaps,Rapid Firecannon,Farsight Alteration,Locket of the Iron Solari,Celestial Opposition,No_Item,Trailblazer,Abyssal Mask,Boots of Swiftness,Oracle Lens,Summon Aery,Inspiration,Electrocute,Precision,Summon Aery,Inspiration,Conqueror,Domination,Hail of Blades,Resolve,Phase Rush,Inspiration,Conqueror,Inspiration,Electrocute,Sorcery,Hail of Blades,Inspiration,Aftershock,Domination,Teleport,Flash,Smite,Flash,Flash,Teleport,Flash,Barrier,Flash,Ignite,Teleport,Flash,Flash,Smite,Flash,Teleport,Flash,Barrier,Flash,Ignite,1,0,0,0,3,1
https://www.op.gg/summoners/euw/TheDisconnectTV-EUW/matches/uRd1PvnOddobW5_ckFFG78ZhI_ePgyQYzVXiUhRJBB0%3D/1733662141000,0,21,27,27,21,43,36,58,84,19,14,1,2,0,1,2,9,1,3,46297,57860,13.6,15.0,754,854,27.5,31.2,-11563,11563,1699.96796875,2124.546875,Zilean,Skarner,Garen,Ashe,Karma,Yone,Viego,Aurora,Kog'Maw,Bard,Doran's Ring,Seraph's Embrace,Ionian Boots of Lucidity,Abyssal Mask,No_Item,Control Ward,Stealth Ward,Sterak's Gage,Heartsteel,Unending Despair,Ruby Crystal,Mercury's Treads,No_Item,Oracle Lens,Stridebreaker,Boots of Swiftness,The Collector,Phantom Dancer,No_Item,No_Item,Stealth Ward,Doran's Blade,Berserker's Greaves,Statikk Shiv,Runaan's Hurricane,B. F. Sword,Pickaxe,Farsight Alteration,Dream Maker,Redemption,Moonstone Renewer,Ionian Boots of Lucidity,No_Item,Dark Seal,Oracle Lens,Doran's Blade,Berserker's Greaves,Blade of The Ruined King,Immortal Shieldbow,Phage,Dagger,Farsight Alteration,Trinity Force,Kraken Slayer,Sterak's Gage,Boots of Swiftness,Steel Sigil,Long Sword,Oracle Lens,Seeker's Armguard,No_Item,Luden's Companion,Dark Seal,Sorcerer's Shoes,Shadowflame,Stealth Ward,Blighting Jewel,Sorcerer's Shoes,Blasting Wand,Horizon Focus,Luden's Companion,Seraph's Embrace,Farsight Alteration,Solstice Sleigh,Mikael's Blessing,Locket of the Iron Solari,Control Ward,Boots of Swiftness,Kindlegem,Oracle Lens,Summon Aery,Inspiration,Grasp of the Undying,Inspiration,Phase Rush,Resolve,Lethal Tempo,Inspiration,Summon Aery,Resolve,Grasp of the Undying,Precision,Conqueror,Inspiration,Electrocute,Inspiration,Arcane Comet,Precision,Guardian,Domination,Teleport,Flash,Smite,Flash,Flash,Ignite,Barrier,Flash,Flash,Heal,Teleport,Flash,Flash,Smite,Teleport,Flash,Flash,Teleport,Flash,Ignite,0,0,0,1,6,2
https://www.op.gg/summoners/euw/TheDisconnectTV-EUW/matches/uRd1PvnOddrcJs5Wkj_2RmtNjlHlc0-5m64NIdh4S88%3D/1733660136000,1,17,5,5,17,4,24,27,24,7,8,0,1,0,0,3,0,0,1,32642,24433,10.2,9.2,542,458,35.3,29.9,8209,-8209,2126.222018348624,1591.5073394495412,K'Sante,Xin Zhao,Kennen,Ashe,Lulu,Zilean,Rengar,Twisted Fate,Caitlyn,Nautilus,Mercury's Treads,Doran's Shield,Iceborn Gauntlet,Chain Vest,No_Item,No_Item,Stealth Ward,No_Item,Titanic Hydra,No_Item,Slightly Magical Footwear,Ruby Crystal,Caulfield's Warhammer,Oracle Lens,Hextech Rocketbelt,No_Item,Hextech Alternator,Sorcerer's Shoes,Dark Seal,Doran's Ring,Stealth Ward,Doran's Blade,Statikk Shiv,Zeal,Berserker's Greaves,Scout's Slingshot,No_Item,Farsight Alteration,Dream Maker,Control Ward,Ionian Boots of Lucidity,Forbidden Idol,Moonstone Renewer,No_Item,Oracle Lens,Doran's Ring,Glowing Mote,Archangel's Staff,No_Item,Boots,No_Item,Stealth Ward,Gustwalker Hatchling,Pickaxe,Serrated Dirk,Rectrix,Long Sword,Control Ward,Oracle Lens,Rod of Ages,Scout's Slingshot,Ionian Boots of Lucidity,No_Item,Dark Seal,Doran's Ring,Farsight Alteration,Doran's Blade,The Collector,Cloak of Agility,Berserker's Greaves,Pickaxe,No_Item,Stealth Ward,Bloodsong,No_Item,Kindlegem,Boots of Swiftness,Null-Magic Mantle,Cloth Armor,Oracle Lens,Grasp of the Undying,Sorcery,Conqueror,Inspiration,Electrocute,Inspiration,Lethal Tempo,Inspiration,Summon Aery,Resolve,Summon Aery,Inspiration,Conqueror,Domination,Unsealed Spellbook,Domination,Fleet Footwork,Sorcery,Aftershock,Inspiration,Teleport,Flash,Flash,Smite,Teleport,Flash,Barrier,Flash,Flash,Heal,Teleport,Flash,Flash,Smite,Flash,Teleport,Flash,Barrier,Flash,Exhaust,0,6,0,0,0,0
https://www.op.gg/summoners/euw/TheDisconnectTV-EUW/matches/uRd1PvnOddricZusG94VxNWO3HNLYt20RqUyGXVb0VA%3D/1733600575000,0,35,55,56,35,106,54,93,93,23,27,1,4,0,2,7,6,1,6,71449,78159,16.6,17.6,1010,1029,27.2,27.6,-6710,6710,1919.5253731343284,2099.7940298507465,Yone,Lee Sin,Aurora,Ezreal,Soraka,Zilean,Graves,Akali,Corki,Blitzcrank,Berserker's Greaves,Immortal Shieldbow,Infinity Edge,Blade of The Ruined King,Chain Vest,Negatron Cloak,Stealth Ward,Plated Steelcaps,Eclipse,Control Ward,Sterak's Gage,Sundered Sky,Force of Nature,Stealth Ward,Void Staff,Rabadon's Deathcap,Shadowflame,Stormsurge,Sorcerer's Shoes,Malignance,Farsight Alteration,Muramana,Serylda's Grudge,Trinity Force,Ionian Boots of Lucidity,Bloodthirster,Ruby Crystal,Farsight Alteration,Celestial Opposition,Redemption,Moonstone Renewer,Dawncore,Forbidden Idol,Ionian Boots of Lucidity,Oracle Lens,Cosmic Drive,Seraph's Embrace,Oblivion Orb,Ionian Boots of Lucidity,Abyssal Mask,Control Ward,Stealth Ward,Hexdrinker,Infinity Edge,Youmuu's Ghostblade,The Collector,Lord Dominik's Regards,Plated Steelcaps,Oracle Lens,Stormsurge,Shadowflame,Banshee's Veil,Zhonya's Hourglass,Rabadon's Deathcap,Sorcerer's Shoes,Oracle Lens,Maw of Malmortius,Mortal Reminder,Muramana,Trinity Force,Plated Steelcaps,Rapid Firecannon,Farsight Alteration,Trailblazer,Control Ward,Oblivion Orb,Locket of the Iron Solari,Boots of Swiftness,Bloodsong,Oracle Lens,Fleet Footwork,Resolve,Conqueror,Inspiration,Electrocute,Sorcery,Conqueror,Sorcery,Summon Aery,Resolve,Summon Aery,Inspiration,Dark Harvest,Precision,Electrocute,Inspiration,Conqueror,Inspiration,Glacial Augment,Sorcery,Teleport,Flash,Flash,Smite,Flash,Teleport,Flash,Barrier,Heal,Flash,Teleport,Flash,Flash,Smite,Flash,Teleport,Flash,Barrier,Flash,Ignite,1,6,0,0,0,0
https://www.op.gg/summoners/euw/TheDisconnectTV-EUW/matches/uRd1PvnOddoXCBWNzJiIoIMGThquxWCUtWtyGPMjask%3D/1733597390000,0,17,33,33,17,54,19,35,45,16,9,0,3,0,0,1,5,0,3,36429,46122,10.6,12.0,563,592,27.5,28.9,-9693,9693,1762.6935483870966,2231.7096774193546,Soraka,Udyr,Yone,Draven,Sylas,Xin Zhao,Vi,Taliyah,Ashe,Zac,Doran's Ring,Moonstone Renewer,Blasting Wand,Ionian Boots of Lucidity,Faerie Charm,No_Item,Stealth Ward,Gustwalker Hatchling,Liandry's Torment,Frozen Heart,Dark Seal,Boots of Swiftness,Ruby Crystal,Oracle Lens,Doran's Shield,Immortal Shieldbow,Berserker's Greaves,Blade of The Ruined King,B. F. Sword,No_Item,Farsight Alteration,Doran's Blade,Refillable Potion,Hubris,Serrated Dirk,Boots,Pickaxe,Stealth Ward,Celestial Opposition,Hextech Rocketbelt,Shattered Armguard,Dark Seal,Null-Magic Mantle,Boots,Oracle Lens,Doran's Blade,Ionian Boots of Lucidity,Titanic Hydra,Long Sword,No_Item,Eclipse,Stealth Ward,No_Item,Sundered Sky,Warden's Mail,Black Cleaver,Mercury's Treads,No_Item,Oracle Lens,Sorcerer's Shoes,Oblivion Orb,Seraph's Embrace,Dark Seal,Doran's Ring,Haunting Guise,Farsight Alteration,Doran's Blade,Runaan's Hurricane,Kraken Slayer,Berserker's Greaves,Executioner's Calling,No_Item,Farsight Alteration,Celestial Opposition,Zeke's Convergence,Knight's Vow,Dark Seal,Ionian Boots of Lucidity,No_Item,Oracle Lens,Summon Aery,Resolve,Conqueror,Inspiration,Fleet Footwork,Resolve,Lethal Tempo,Domination,Electrocute,Resolve,Conqueror,Inspiration,Conqueror,Inspiration,Conqueror,Sorcery,Lethal Tempo,Inspiration,Aftershock,Precision,Teleport,Flash,Flash,Smite,Flash,Teleport,Flash,Cleanse,Flash,Ignite,Teleport,Flash,Flash,Smite,Teleport,Flash,Barrier,Flash,Flash,Ignite,0,0,0,1,3,0
https://www.op.gg/summoners/euw/TheDisconnectTV-EUW/matches/uRd1PvnOddqXE-EH7-0Io30vC8xSAyhnWvCn_QyDysU%3D/1733595402000,0,17,23,23,17,41,25,60,46,13,18,2,1,0,1,0,10,2,2,40731,52911,12.2,13.8,654,726,27.1,30.0,-12180,12180,1683.5480000000002,2186.9880000000003,Zilean,Viego,Swain,Vayne,Pyke,Lee Sin,Wukong,Sylas,Olaf,Sona,Doran's Ring,Seraph's Embrace,Ionian Boots of Lucidity,Glacial Buckler,Cloth Armor,Oblivion Orb,Stealth Ward,Kraken Slayer,Titanic Hydra,Plated Steelcaps,Tunneler,Long Sword,Long Sword,Oracle Lens,Doran's Ring,Sorcerer's Shoes,Cosmic Drive,Blackfire Torch,Cloth Armor,No_Item,Stealth Ward,Hearthbound Axe,Refillable Potion,Phage,Boots of Swiftness,Doran's Blade,Blade of The Ruined King,Farsight Alteration,Serrated Dirk,Celestial Opposition,Synchronized Souls,Umbral Glaive,Long Sword,Control Ward,Oracle Lens,Control Ward,Sundered Sky,Ravenous Hydra,Boots,Eclipse,No_Item,Stealth Ward,Sundered Sky,Trinity Force,No_Item,Phage,Plated Steelcaps,No_Item,Oracle Lens,Sorcerer's Shoes,Hextech Rocketbelt,Zhonya's Hourglass,Cosmic Drive,Doran's Ring,Dark Seal,Stealth Ward,Doran's Blade,Death's Dance,Ruby Crystal,Plated Steelcaps,Tunneler,Ravenous Hydra,Oracle Lens,Bloodsong,Echoes of Helia,Moonstone Renewer,Blasting Wand,Forbidden Idol,Boots of Swiftness,Oracle Lens,Summon Aery,Resolve,Conqueror,Inspiration,Summon Aery,Resolve,Lethal Tempo,Resolve,Hail of Blades,Resolve,Conqueror,Resolve,Conqueror,Inspiration,Conqueror,Resolve,Conqueror,Inspiration,Summon Aery,Resolve,Teleport,Flash,Flash,Smite,Flash,Teleport,Ghost,Flash,Flash,Ignite,Flash,Teleport,Flash,Smite,Teleport,Flash,Flash,Ghost,Flash,Heal,1,1,0,0,4,2
https://www.op.gg/summoners/euw/TheDisconnectTV-EUW/matches/uRd1PvnOddrB3lypF5qOzbid1K9XwyOZ1--_friaNws%3D/1733593254000,0,12,24,24,12,27,12,48,37,14,22,1,2,0,0,2,2,1,2,32327,39207,10.0,11.4,524,599,27.9,31.8,-6880,6880,1714.310606060606,2079.159090909091,Volibear,Qiyana,Aurora,Ezreal,Sona,Zilean,Dr. Mundo,Sylas,Draven,Hwei,Control Ward,Cosmic Drive,Hextech Rocketbelt,Dark Seal,Kindlegem,Boots of Swiftness,Stealth Ward,Umbral Glaive,Youmuu's Ghostblade,Long Sword,Slightly Magical Footwear,Long Sword,No_Item,Eye of the Herald,Fiendish Codex,Malignance,Doran's Ring,Dark Seal,Sorcerer's Shoes,Aether Wisp,Oracle Lens,Slightly Magical Footwear,Control Ward,Long Sword,Tear of the Goddess,Doran's Blade,Trinity Force,Stealth Ward,Dream Maker,Kindlegem,Tear of the Goddess,Ionian Boots of Lucidity,Moonstone Renewer,No_Item,Oracle Lens,Doran's Ring,Seraph's Embrace,Ionian Boots of Lucidity,Null-Magic Mantle,No_Item,No_Item,Stealth Ward,Boots of Swiftness,Heartsteel,Ruby Crystal,Bramble Vest,Chain Vest,No_Item,Oracle Lens,Sorcerer's Shoes,Hextech Rocketbelt,Fiendish Codex,Aether Wisp,Doran's Ring,Dark Seal,Oracle Lens,Infinity Edge,The Collector,Vampiric Scepter,Noonquiver,B. F. Sword,Boots,Farsight Alteration,Zaz'Zak's Realmspike,Amplifying Tome,Control Ward,Sorcerer's Shoes,Luden's Companion,Fiendish Codex,Oracle Lens,Press the Attack,Resolve,Electrocute,Inspiration,Electrocute,Sorcery,Conqueror,Inspiration,Summon Aery,Precision,Summon Aery,Resolve,Fleet Footwork,Inspiration,Conqueror,Resolve,Lethal Tempo,Domination,Arcane Comet,Inspiration,Flash,Teleport,Flash,Smite,Flash,Teleport,Flash,Barrier,Flash,Heal,Teleport,Flash,Flash,Smite,Teleport,Flash,Flash,Barrier,Flash,Heal,1,6,0,0,0,0
https://www.op.gg/summoners/euw/TheDisconnectTV-EUW/matches/uRd1PvnOddrevGW-bp84u6A9IR6FuPah5MZxJ9aKVDE%3D/1733591308000,1,29,16,16,29,19,52,67,70,27,26,1,2,0,0,9,2,1,2,54498,47119,14.2,12.8,801,769,30.3,29.2,7379,-7379,2048.2469798657717,1770.9154362416107,Zilean,Skarner,Irelia,Tristana,Neeko,Aatrox,Taliyah,Riven,Kog'Maw,Nami,Doran's Ring,Seraph's Embrace,Cosmic Drive,Ionian Boots of Lucidity,No_Item,Control Ward,Stealth Ward,Sterak's Gage,Ionian Boots of Lucidity,No_Item,Heartsteel,No_Item,No_Item,Oracle Lens,Doran's Blade,Titanic Hydra,Mercury's Treads,Blade of The Ruined King,Maw of Malmortius,Death's Dance,Oracle Lens,Doran's Blade,The Collector,Lord Dominik's Regards,Navori Flickerblade,Berserker's Greaves,Pickaxe,Farsight Alteration,Zaz'Zak's Realmspike,Hextech Rocketbelt,Control Ward,Seeker's Armguard,Ionian Boots of Lucidity,No_Item,Oracle Lens,Spear of Shojin,Doran's Shield,Sundered Sky,Plated Steelcaps,No_Item,No_Item,Stealth Ward,Luden's Companion,Sorcerer's Shoes,Control Ward,Rabadon's Deathcap,No_Item,Shadowflame,Oracle Lens,Long Sword,Caulfield's Warhammer,No_Item,Black Cleaver,Sundered Sky,Ionian Boots of Lucidity,Oracle Lens,Sorcerer's Shoes,Doran's Blade,No_Item,Nashor's Tooth,Guinsoo's Rageblade,Hextech Alternator,Farsight Alteration,Faerie Charm,Dream Maker,Amplifying Tome,Shurelya's Battlesong,Boots of Swiftness,Imperial Mandate,Oracle Lens,Summon Aery,Resolve,Aftershock,Inspiration,Conqueror,Domination,Press the Attack,Inspiration,Arcane Comet,Inspiration,Arcane Comet,Resolve,First Strike,Domination,Conqueror,Resolve,Lethal Tempo,Sorcery,Summon Aery,Domination,Teleport,Flash,Flash,Smite,Flash,Teleport,Flash,Barrier,Ignite,Flash,Flash,Teleport,Flash,Smite,Ignite,Flash,Barrier,Flash,Flash,Heal,0,3,1,0,3,0
https://www.op.gg/summoners/euw/TheDisconnectTV-EUW/matches/uRd1PvnOddou5bchHNR_anxnZviyuljF3vk8J-qkQvY%3D/1733588810000,1,39,17,17,39,17,73,81,60,21,17,2,2,1,0,11,3,3,2,59669,47555,14.6,12.6,729,722,26.4,26.0,12114,-12114,2151.9967213114755,1715.0983606557377,Zilean,Lee Sin,Garen,Taliyah,Rell,Fiddlesticks,Gragas,Yone,Varus,Veigar,Frozen Heart,Seraph's Embrace,Ionian Boots of Lucidity,Oblivion Orb,Negatron Cloak,No_Item,Stealth Ward,Eclipse,Control Ward,Sundered Sky,Mercury's Treads,Maw of Malmortius,No_Item,Stealth Ward,Stridebreaker,Boots of Swiftness,Doran's Shield,Phantom Dancer,The Collector,Last Whisper,Stealth Ward,Sorcerer's Shoes,Zhonya's Hourglass,Luden's Companion,Horizon Focus,Dark Seal,Banshee's Veil,Stealth Ward,Bloodsong,Mercury's Treads,Trailblazer,Zeke's Convergence,Kindlegem,Null-Magic Mantle,Oracle Lens,Shadowflame,Liandry's Torment,Boots of Swiftness,No_Item,No_Item,Null-Magic Mantle,Scarecrow Effigy,Zhonya's Hourglass,Control Ward,Ionian Boots of Lucidity,Oblivion Orb,Cosmic Drive,No_Item,Oracle Lens,Blade of The Ruined King,Doran's Blade,Berserker's Greaves,Immortal Shieldbow,Null-Magic Mantle,Recurve Bow,Farsight Alteration,Guinsoo's Rageblade,Blade of The Ruined King,Terminus,Doran's Blade,Berserker's Greaves,Negatron Cloak,Farsight Alteration,Celestial Opposition,No_Item,Locket of the Iron Solari,Winged Moonplate,Rylai's Crystal Scepter,Ionian Boots of Lucidity,Oracle Lens,Summon Aery,Inspiration,Conqueror,Inspiration,Phase Rush,Resolve,Dark Harvest,Precision,Aftershock,Inspiration,Arcane Comet,Resolve,Dark Harvest,Inspiration,Lethal Tempo,Resolve,Lethal Tempo,Inspiration,Summon Aery,Inspiration,Teleport,Flash,Flash,Smite,Flash,Ignite,Cleanse,Flash,Flash,Ignite,Flash,Teleport,Flash,Smite,Flash,Teleport,Flash,Barrier,Flash,Ignite,0,0,2,0,6,0
https://www.op.gg/summoners/euw/TheDisconnectTV-EUW/matches/uRd1PvnOddrmCcN-MoDUX2NL28Mf5EKOcOmu8Vp9ggc%3D/1733586690000,1,23,16,16,23,25,27,68,63,20,15,2,2,1,0,10,0,3,2,56780,46098,14.6,14.2,855,783,30.900000000000002,28.400000000000002,10682,-10682,2076.2835820895525,1685.6731343283582,Trundle,Skarner,Akali,Corki,Veigar,Ambessa,Master Yi,Zilean,Jhin,Soraka,Ravenous Hydra,Hullbreaker,Doran's Blade,Plated Steelcaps,Trinity Force,B. F. Sword,Oracle Lens,No_Item,Heartsteel,Plated Steelcaps,Thornmail,Ruby Crystal,Sunfire Aegis,Oracle Lens,Doran's Ring,Rabadon's Deathcap,Stormsurge,Shadowflame,No_Item,Boots,Oracle Lens,Plated Steelcaps,Trinity Force,Zeal,Muramana,Scout's Slingshot,No_Item,Farsight Alteration,Zaz'Zak's Realmspike,No_Item,Oblivion Orb,Blasting Wand,Rylai's Crystal Scepter,Ionian Boots of Lucidity,Oracle Lens,Eclipse,Sundered Sky,Spectre's Cowl,Kindlegem,Plated Steelcaps,No_Item,Oracle Lens,Guinsoo's Rageblade,Blade of The Ruined King,Hearthbound Axe,Mercury's Treads,Dagger,Long Sword,Oracle Lens,Doran's Ring,Seraph's Embrace,Ionian Boots of Lucidity,Fiendish Codex,Verdant Barrier,Control Ward,Stealth Ward,Doran's Blade,Last Whisper,Hubris,The Collector,Noonquiver,Boots of Swiftness,Farsight Alteration,Celestial Opposition,Moonstone Renewer,Dark Seal,Kindlegem,Forbidden Idol,Ionian Boots of Lucidity,Oracle Lens,Lethal Tempo,Resolve,Aftershock,Inspiration,Electrocute,Resolve,Conqueror,Inspiration,Summon Aery,Inspiration,Conqueror,Resolve,Lethal Tempo,Domination,Summon Aery,Resolve,Dark Harvest,Precision,Summon Aery,Resolve,Flash,Teleport,Flash,Smite,Ignite,Flash,Barrier,Flash,Flash,Ignite,Flash,Teleport,Flash,Smite,Teleport,Flash,Flash,Cleanse,Heal,Flash,1,6,3,0,0,0
https://www.op.gg/summoners/euw/TheDisconnectTV-EUW/matches/uRd1PvnOddpbwNgwFbH7UE3oaibKC6-aZdgydxZ67Kg%3D/1733584249000,0,13,31,31,13,48,22,39,50,6,6,1,2,0,1,2,10,1,3,40967,53499,11.8,14.0,674,775,30.1,34.6,-12532,12532,1818.3213903743315,2374.5545454545454,Fiddlesticks,Viego,Yone,Kog'Maw,Seraphine,Zilean,Master Yi,Yasuo,Ziggs,Soraka,Doran's Ring,Stormsurge,Sorcerer's Shoes,Hextech Alternator,Refillable Potion,Needlessly Large Rod,Scarecrow Effigy,Plated Steelcaps,Kraken Slayer,Tunneler,Ruby Crystal,Long Sword,Long Sword,Oracle Lens,No_Item,Refillable Potion,Doran's Shield,Berserker's Greaves,Immortal Shieldbow,Blade of The Ruined King,Oracle Lens,Doran's Ring,Oblivion Orb,Sorcerer's Shoes,Horizon Focus,Luden's Companion,Seraph's Embrace,Farsight Alteration,Dream Maker,Redemption,Ionian Boots of Lucidity,Oblivion Orb,Faerie Charm,Glowing Mote,Oracle Lens,Doran's Ring,Seraph's Embrace,Ionian Boots of Lucidity,Morellonomicon,Cosmic Drive,No_Item,Stealth Ward,Plated Steelcaps,Kraken Slayer,Guinsoo's Rageblade,Pickaxe,Caulfield's Warhammer,Long Sword,Stealth Ward,Doran's Blade,Berserker's Greaves,Kraken Slayer,Immortal Shieldbow,Cloak of Agility,B. F. Sword,Stealth Ward,Sorcerer's Shoes,Seraph's Embrace,Shadowflame,Luden's Companion,No_Item,No_Item,Farsight Alteration,Celestial Opposition,Redemption,Moonstone Renewer,Dark Seal,No_Item,Ionian Boots of Lucidity,Oracle Lens,Arcane Comet,Domination,Conqueror,Inspiration,Lethal Tempo,Resolve,Conqueror,Resolve,Summon Aery,Resolve,Summon Aery,Resolve,Lethal Tempo,Domination,Lethal Tempo,Resolve,Arcane Comet,Inspiration,Summon Aery,Resolve,Flash,Teleport,Flash,Smite,Teleport,Flash,Flash,Teleport,Flash,Heal,Teleport,Flash,Flash,Smite,Flash,Teleport,Teleport,Flash,Heal,Flash,0,0,0,1,6,1
https://www.op.gg/summoners/euw/TheDisconnectTV-EUW/matches/uRd1PvnOddp2nVrGNwokRkl9m-OPjbiMWgya3FaflxM%3D/1733581479000,1,22,11,11,22,17,42,61,79,22,25,2,0,0,0,3,1,2,0,45089,38336,12.8,12.0,753,690,33.3,30.4,6753,-6753,1982.8295180722891,1685.8602409638554,Zilean,Wukong,Kayle,Kog'Maw,Galio,Teemo,Jarvan IV,Veigar,Corki,Bard,Doran's Ring,Cosmic Drive,Seraph's Embrace,Ionian Boots of Lucidity,No_Item,No_Item,Stealth Ward,Sundered Sky,Trinity Force,Mercury's Treads,No_Item,Control Ward,No_Item,Oracle Lens,No_Item,Doran's Ring,Nashor's Tooth,Rabadon's Deathcap,Boots of Swiftness,No_Item,Farsight Alteration,Doran's Ring,Seraph's Embrace,Fiendish Codex,Luden's Companion,Fiendish Codex,Sorcerer's Shoes,Farsight Alteration,Celestial Opposition,Null-Magic Mantle,Refillable Potion,Plated Steelcaps,Ruby Crystal,Dead Man's Plate,Oracle Lens,Doran's Ring,Boots of Swiftness,Liandry's Torment,Malignance,No_Item,No_Item,Oracle Lens,Control Ward,Sundered Sky,Slightly Magical Footwear,Black Cleaver,No_Item,No_Item,Oracle Lens,Rod of Ages,No_Item,Shurelya's Battlesong,Fiendish Codex,Doran's Ring,Ionian Boots of Lucidity,Farsight Alteration,Doran's Blade,Muramana,Trinity Force,No_Item,No_Item,Boots of Swiftness,Farsight Alteration,Bloodsong,Cloth Armor,Negatron Cloak,Giant's Belt,Heartsteel,Boots of Swiftness,Oracle Lens,Summon Aery,Resolve,Conqueror,Inspiration,Press the Attack,Sorcery,Arcane Comet,Precision,Aftershock,Inspiration,Fleet Footwork,Domination,Conqueror,Inspiration,Summon Aery,Resolve,Conqueror,Inspiration,Guardian,Domination,Teleport,Flash,Flash,Smite,Flash,Teleport,Flash,Teleport,Flash,Ignite,Ghost,Cleanse,Flash,Smite,Flash,Teleport,Barrier,Flash,Flash,Ignite,0,2,0,0,2,0
https://www.op.gg/summoners/euw/TheDisconnectTV-EUW/matches/uRd1PvnOddpQN2amcMkoTL0VPSNV1Q2rdjmYBoUk8rM%3D/1733521717000,1,36,27,27,36,51,84,105,92,40,38,1,3,1,1,8,6,2,4,69458,67025,17.0,15.6,947,1031,27.6,30.0,2433,-2433,2002.7766871165645,1932.6226993865032,Zilean,Jarvan IV,Taliyah,Zeri,Bard,Lee Sin,Gragas,Yasuo,Hwei,Lulu,Morellonomicon,No_Item,Ionian Boots of Lucidity,Seraph's Embrace,Verdant Barrier,Fiendish Codex,Stealth Ward,Sundered Sky,Eclipse,Spirit Visage,Slightly Magical Footwear,Tunneler,Ruby Crystal,Oracle Lens,Sorcerer's Shoes,Zhonya's Hourglass,Luden's Companion,Banshee's Veil,Needlessly Large Rod,Liandry's Torment,Farsight Alteration,Infinity Edge,Negatron Cloak,Immortal Shieldbow,Yun Tal Wildarrows,Berserker's Greaves,Runaan's Hurricane,Farsight Alteration,Redemption,Locket of the Iron Solari,Celestial Opposition,Winged Moonplate,Ionian Boots of Lucidity,Chain Vest,Oracle Lens,Ravenous Hydra,Eclipse,Mercury's Treads,Doran's Shield,Sundered Sky,Randuin's Omen,Stealth Ward,Zhonya's Hourglass,Banshee's Veil,Cosmic Drive,No_Item,Sorcerer's Shoes,Stormsurge,Oracle Lens,Doran's Shield,Stridebreaker,Berserker's Greaves,Blade of The Ruined King,Immortal Shieldbow,Spectre's Cowl,Farsight Alteration,Rabadon's Deathcap,Zhonya's Hourglass,Glowing Mote,Liandry's Torment,Blackfire Torch,Ionian Boots of Lucidity,Farsight Alteration,Redemption,Dream Maker,Locket of the Iron Solari,Control Ward,Moonstone Renewer,Ionian Boots of Lucidity,Oracle Lens,Summon Aery,Inspiration,Conqueror,Inspiration,Electrocute,Precision,Lethal Tempo,Resolve,Guardian,Domination,Conqueror,Resolve,Dark Harvest,Inspiration,Lethal Tempo,Resolve,Arcane Comet,Precision,Summon Aery,Resolve,Teleport,Flash,Flash,Smite,Ignite,Flash,Flash,Cleanse,Flash,Heal,Teleport,Flash,Flash,Smite,Teleport,Flash,Flash,Teleport,Heal,Flash,0,1,2,1,5,0
https://www.op.gg/summoners/euw/TheDisconnectTV-EUW/matches/uRd1PvnOddoW7cqb8_3vwcqquBPq1EgjJ56OZOh_ENA%3D/1733518695000,1,30,11,11,31,21,61,89,110,46,44,3,1,2,0,10,7,5,1,65821,58197,16.2,14.4,1003,1048,32.6,34.3,7624,-7624,2143.0093023255813,1894.7860465116278,Zilean,Hecarim,Orianna,Corki,Lulu,Irelia,Kindred,Yasuo,Lux,Bard,Cosmic Drive,Ionian Boots of Lucidity,Seraph's Embrace,Frozen Heart,No_Item,No_Item,Stealth Ward,Spear of Shojin,Eclipse,Ionian Boots of Lucidity,Death's Dance,Phage,Ruby Crystal,Stealth Ward,Rabadon's Deathcap,Seraph's Embrace,Sorcerer's Shoes,Mejai's Soulstealer,Shadowflame,Blighting Jewel,Farsight Alteration,Trinity Force,Muramana,Infinity Edge,Rapid Firecannon,Control Ward,Plated Steelcaps,Farsight Alteration,Redemption,Dream Maker,Moonstone Renewer,Control Ward,Ionian Boots of Lucidity,Kindlegem,Oracle Lens,Mercury's Treads,Wit's End,Blade of The Ruined King,Death's Dance,Hullbreaker,No_Item,Farsight Alteration,The Collector,Kraken Slayer,Infinity Edge,Boots,No_Item,No_Item,Oracle Lens,Doran's Shield,Stridebreaker,Berserker's Greaves,Blade of The Ruined King,Immortal Shieldbow,Chain Vest,Farsight Alteration,Doran's Ring,Control Ward,Luden's Companion,Shadowflame,Needlessly Large Rod,Sorcerer's Shoes,Farsight Alteration,Bloodsong,Locket of the Iron Solari,No_Item,Heartsteel,No_Item,Boots of Swiftness,Oracle Lens,Summon Aery,Resolve,Phase Rush,Precision,Summon Aery,Inspiration,Conqueror,Inspiration,Summon Aery,Resolve,Conqueror,Resolve,Press the Attack,Domination,Grasp of the Undying,Precision,Arcane Comet,Inspiration,Guardian,Domination,Teleport,Flash,Ghost,Smite,Flash,Teleport,Flash,Barrier,Heal,Flash,Flash,Teleport,Flash,Smite,Teleport,Flash,Flash,Teleport,Flash,Ignite,1,2,3,0,4,2
https://www.op.gg/summoners/euw/TheDisconnectTV-EUW/matches/uRd1PvnOddoqJbyPwJ-Bp3mlx8y7gaGEl7tnSJ_9ejs%3D/1733516151000,1,17,3,3,17,2,31,43,56,18,14,2,0,0,0,5,0,2,0,38151,28736,11.2,10.6,603,569,31.9,30.1,9415,-9415,2018.5714285714287,1520.4232804232806,Yasuo,Rek'Sai,Zilean,Jinx,Lulu,K'Sante,Graves,Akali,Caitlyn,Bard,Refillable Potion,Blade of The Ruined King,Berserker's Greaves,Immortal Shieldbow,No_Item,Doran's Shield,Farsight Alteration,Black Cleaver,Titanic Hydra,Slightly Magical Footwear,Ruby Crystal,No_Item,No_Item,Oracle Lens,Doran's Ring,Seraph's Embrace,Ionian Boots of Lucidity,Glacial Buckler,Cloth Armor,Cloth Armor,Stealth Ward,B. F. Sword,Yun Tal Wildarrows,Berserker's Greaves,No_Item,Cloak of Agility,Phantom Dancer,Farsight Alteration,Kindlegem,Dream Maker,No_Item,Ionian Boots of Lucidity,Moonstone Renewer,No_Item,Oracle Lens,Cloth Armor,Iceborn Gauntlet,Plated Steelcaps,Doran's Shield,Negatron Cloak,No_Item,Stealth Ward,Plated Steelcaps,Opportunity,Serrated Dirk,No_Item,No_Item,No_Item,Oracle Lens,Refillable Potion,Boots,Stormsurge,Hextech Alternator,Doran's Ring,No_Item,Stealth Ward,Pickaxe,Cloak of Agility,B. F. Sword,Doran's Blade,Slightly Magical Footwear,The Collector,Farsight Alteration,Bloodsong,Crystalline Bracer,Ruby Crystal,Giant's Belt,No_Item,Boots of Swiftness,Oracle Lens,Grasp of the Undying,Precision,Conqueror,Inspiration,Summon Aery,Inspiration,Lethal Tempo,Sorcery,Summon Aery,Resolve,Aftershock,Inspiration,Dark Harvest,Precision,Electrocute,Sorcery,First Strike,Sorcery,Guardian,Domination,Teleport,Flash,Smite,Flash,Teleport,Flash,Barrier,Flash,Heal,Flash,Teleport,Ghost,Flash,Smite,Teleport,Ignite,Ghost,Flash,Flash,Ignite,1,3,0,0,3,0
https://www.op.gg/summoners/euw/TheDisconnectTV-EUW/matches/uRd1PvnOddp5E1O80lThzaUODxRa-PA9AaPA52bZDBk%3D/1733514682000,0,19,30,30,19,62,36,62,99,32,21,2,2,0,1,2,7,2,3,51011,56561,13.0,14.2,820,775,29.3,27.5,-5550,5550,1828.6962264150943,2027.6584905660377,Zilean,Volibear,Yone,Draven,Lulu,Sylas,Vi,Katarina,Ezreal,Bard,Doran's Ring,Kindlegem,Seraph's Embrace,Ionian Boots of Lucidity,Oblivion Orb,Fiendish Codex,Stealth Ward,Spirit Visage,Sundered Sky,Cloth Armor,Plated Steelcaps,Control Ward,Ruby Crystal,Oracle Lens,B. F. Sword,Negatron Cloak,Immortal Shieldbow,Cloak of Agility,Berserker's Greaves,Blade of The Ruined King,Oracle Lens,The Collector,Bloodthirster,Infinity Edge,Cloak of Agility,Mortal Reminder,Berserker's Greaves,Farsight Alteration,Redemption,Dream Maker,Control Ward,Ionian Boots of Lucidity,Moonstone Renewer,Ruby Crystal,Oracle Lens,Dark Seal,Rabadon's Deathcap,Hextech Rocketbelt,Zhonya's Hourglass,Needlessly Large Rod,Sorcerer's Shoes,Oracle Lens,Trinity Force,Sundered Sky,No_Item,Warden's Mail,Ruby Crystal,Plated Steelcaps,Oracle Lens,Void Staff,Dark Seal,No_Item,Lich Bane,Sorcerer's Shoes,Shadowflame,Farsight Alteration,Doran's Blade,Trinity Force,Muramana,Caulfield's Warhammer,Long Sword,Ionian Boots of Lucidity,Farsight Alteration,Bloodsong,Ruby Crystal,Chain Vest,Heartsteel,Winged Moonplate,Boots of Swiftness,Oracle Lens,Summon Aery,Resolve,Press the Attack,Inspiration,Fleet Footwork,Resolve,Lethal Tempo,Domination,Summon Aery,Resolve,Electrocute,Precision,Conqueror,Inspiration,Conqueror,Domination,Conqueror,Inspiration,Guardian,Domination,Teleport,Flash,Flash,Smite,Teleport,Flash,Flash,Barrier,Flash,Heal,Flash,Teleport,Smite,Flash,Teleport,Flash,Flash,Barrier,Flash,Ignite,1,1,0,0,2,1
https://www.op.gg/summoners/euw/TheDisconnectTV-EUW/matches/uRd1PvnOddpoKG6VGUi-PKexp5OplHorHOt7NApg7ks%3D/1733512377000,1,28,12,12,28,11,45,33,25,7,8,1,1,0,0,1,1,1,1,34192,28575,10.0,9.0,430,464,27.5,29.7,5617,-5617,2189.8247191011237,1830.0842696629213,Zilean,Vi,Qiyana,Taliyah,Rell,Yasuo,Dr. Mundo,Orianna,Draven,Lulu,Doran's Ring,Archangel's Staff,No_Item,Ionian Boots of Lucidity,No_Item,Control Ward,Stealth Ward,Trinity Force,Tunneler,Slightly Magical Footwear,Ruby Crystal,Long Sword,Gustwalker Hatchling,Oracle Lens,Hubris,Refillable Potion,Serpent's Fang,Ionian Boots of Lucidity,Long Sword,No_Item,Oracle Lens,Sorcerer's Shoes,Fiendish Codex,Mejai's Soulstealer,Luden's Companion,Doran's Ring,Cloth Armor,Stealth Ward,Bloodsong,Zeke's Convergence,Ionian Boots of Lucidity,Kindlegem,Control Ward,Cloth Armor,Oracle Lens,Doran's Blade,Blade of The Ruined King,Berserker's Greaves,Long Sword,No_Item,No_Item,Farsight Alteration,Gustwalker Hatchling,Heartsteel,Boots of Swiftness,Ruby Crystal,Cloth Armor,No_Item,Oracle Lens,Doran's Ring,Sorcerer's Shoes,Control Ward,Archangel's Staff,Needlessly Large Rod,No_Item,Stealth Ward,Doran's Blade,Serrated Dirk,Refillable Potion,Vampiric Scepter,Pickaxe,Berserker's Greaves,Stealth Ward,Dream Maker,Kindlegem,Forbidden Idol,Boots,No_Item,Moonstone Renewer,Oracle Lens,Summon Aery,Inspiration,Conqueror,Inspiration,Electrocute,Precision,Dark Harvest,Precision,Aftershock,Inspiration,Lethal Tempo,Resolve,Fleet Footwork,Inspiration,Arcane Comet,Precision,Lethal Tempo,Domination,Summon Aery,Resolve,Teleport,Flash,Smite,Flash,Flash,Teleport,Teleport,Flash,Flash,Ignite,Teleport,Flash,Flash,Smite,Flash,Teleport,Flash,Barrier,Flash,Heal,1,1,0,0,5,0
https://www.op.gg/summoners/euw/TheDisconnectTV-EUW/matches/uRd1PvnOddoPMTbDMijaHKV9vZdxFL1nUJCoDN_gV88%3D/1733510637000,0,4,22,22,4,48,4,45,53,9,10,1,2,0,1,0,10,1,3,33886,50868,11.8,13.4,706,759,31.099999999999998,33.4,-16982,16982,1487.2188888888888,2232.54,Zilean,Viego,Aurora,Kai'Sa,Nautilus,Jayce,Wukong,Galio,Olaf,Janna,Doran's Ring,Seraph's Embrace,Glacial Buckler,Ionian Boots of Lucidity,Warden's Mail,No_Item,Stealth Ward,No_Item,Tunneler,Ruby Crystal,Kraken Slayer,Tiamat,Slightly Magical Footwear,Oracle Lens,Doran's Ring,Dark Seal,Sorcerer's Shoes,Haunting Guise,Malignance,Fated Ashes,Farsight Alteration,Doran's Blade,Guinsoo's Rageblade,Statikk Shiv,Executioner's Calling,Berserker's Greaves,No_Item,Farsight Alteration,Heartsteel,No_Item,Control Ward,Bloodsong,No_Item,Boots,Oracle Lens,Doran's Blade,Youmuu's Ghostblade,Muramana,Ionian Boots of Lucidity,Serylda's Grudge,Ruby Crystal,Farsight Alteration,Boots of Swiftness,Trinity Force,Sundered Sky,Negatron Cloak,No_Item,No_Item,Stealth Ward,Hollow Radiance,Dead Man's Plate,Mejai's Soulstealer,Boots of Swiftness,Doran's Ring,Cloth Armor,Stealth Ward,Doran's Blade,Maw of Malmortius,Steel Sigil,Long Sword,Slightly Magical Footwear,Ravenous Hydra,Oracle Lens,Dream Maker,Shurelya's Battlesong,Echoes of Helia,Boots of Swiftness,No_Item,No_Item,Oracle Lens,Summon Aery,Resolve,Conqueror,Inspiration,Electrocute,Precision,Lethal Tempo,Inspiration,Aftershock,Inspiration,Phase Rush,Inspiration,Conqueror,Inspiration,Aftershock,Inspiration,Conqueror,Inspiration,Summon Aery,Resolve,Teleport,Flash,Flash,Smite,Flash,Teleport,Flash,Ghost,Flash,Ignite,Teleport,Flash,Flash,Smite,Flash,Teleport,Flash,Ghost,Heal,Flash,0,0,0,1,6,1
https://www.op.gg/summoners/euw/TheDisconnectTV-EUW/matches/uRd1PvnOddqQgXs7qNOowlDh5ecIcXxsIC4Ti-_lhmo%3D/1733507602000,1,35,38,38,35,83,64,87,100,31,28,4,1,1,1,7,8,5,2,78140,72620,17.4,17.2,1160,1024,31.7,28.0,5520,-5520,2145.0196078431372,1993.4901960784312,Gangplank,Master Yi,Ahri,Ashe,Lulu,Zilean,Kindred,Azir,Jhin,Lux,Infinity Edge,Trinity Force,The Collector,Youmuu's Ghostblade,Lord Dominik's Regards,Immortal Shieldbow,Stealth Ward,Guinsoo's Rageblade,Kraken Slayer,Titanic Hydra,Berserker's Greaves,Wit's End,Long Sword,Oracle Lens,Rabadon's Deathcap,Horizon Focus,Banshee's Veil,No_Item,Sorcerer's Shoes,Malignance,Oracle Lens,Kraken Slayer,Phantom Dancer,Berserker's Greaves,Infinity Edge,B. F. Sword,Guardian Angel,Farsight Alteration,Dream Maker,Mikael's Blessing,Redemption,Control Ward,Ionian Boots of Lucidity,Moonstone Renewer,Oracle Lens,Cosmic Drive,Seraph's Embrace,Verdant Barrier,Ionian Boots of Lucidity,Frozen Heart,No_Item,Stealth Ward,Infinity Edge,Kraken Slayer,Runaan's Hurricane,Lord Dominik's Regards,No_Item,Mercury's Treads,Oracle Lens,Sorcerer's Shoes,Shattered Armguard,Rabadon's Deathcap,Shadowflame,Nashor's Tooth,Needlessly Large Rod,Farsight Alteration,Infinity Edge,Statikk Shiv,The Collector,Boots of Swiftness,Rapid Firecannon,Immortal Shieldbow,Farsight Alteration,Zhonya's Hourglass,Dark Seal,Zaz'Zak's Realmspike,Boots of Swiftness,Watchful Wardstone,Luden's Companion,Oracle Lens,First Strike,Domination,Lethal Tempo,Domination,Summon Aery,Precision,Lethal Tempo,Inspiration,Summon Aery,Inspiration,Summon Aery,Inspiration,Press the Attack,Domination,Press the Attack,Inspiration,Fleet Footwork,Sorcery,Arcane Comet,Domination,Teleport,Flash,Flash,Smite,Flash,Teleport,Flash,Barrier,Heal,Flash,Teleport,Flash,Flash,Smite,Flash,Teleport,Cleanse,Flash,Heal,Flash,1,3,1,0,1,2
https://www.op.gg/summoners/euw/TheDisconnectTV-EUW/matches/uRd1PvnOddqZfMUWBVyh3irJ2fNxeKCIC4pZGiVeqFw%3D/1733504783000,1,39,24,24,39,41,57,68,64,17,16,1,2,1,0,10,1,2,2,57678,45871,14.0,12.6,713,673,27.9,26.3,11807,-11807,2260.354054054054,1797.6472972972972,Zilean,Rengar,Irelia,Ziggs,Nami,Sylas,Viego,Yone,Aurelion Sol,Rell,Kindlegem,Seraph's Embrace,Ionian Boots of Lucidity,Cosmic Drive,Negatron Cloak,Control Ward,Stealth Ward,Control Ward,Profane Hydra,Ionian Boots of Lucidity,Lord Dominik's Regards,Executioner's Calling,Voltaic Cyclosword,Stealth Ward,Wit's End,Blade of The Ruined King,Plated Steelcaps,Kraken Slayer,Sundered Sky,No_Item,Farsight Alteration,Horizon Focus,Luden's Companion,Tear of the Goddess,Sorcerer's Shoes,Doran's Ring,Needlessly Large Rod,Farsight Alteration,Solstice Sleigh,Imperial Mandate,Boots of Swiftness,Shurelya's Battlesong,Mejai's Soulstealer,Fiendish Codex,Oracle Lens,Lich Bane,Hextech Rocketbelt,Dark Seal,Doran's Ring,Boots,Amplifying Tome,Oracle Lens,Sundered Sky,Kraken Slayer,Plated Steelcaps,Tunneler,Pickaxe,Ruby Crystal,Oracle Lens,"Jak'Sho, The Protean",Berserker's Greaves,Blade of The Ruined King,Immortal Shieldbow,No_Item,No_Item,Stealth Ward,Sorcerer's Shoes,Rylai's Crystal Scepter,Shattered Armguard,Liandry's Torment,No_Item,No_Item,Farsight Alteration,Celestial Opposition,Plated Steelcaps,Null-Magic Mantle,Trailblazer,Cloth Armor,Kindlegem,Oracle Lens,Summon Aery,Resolve,Conqueror,Domination,Press the Attack,Domination,Arcane Comet,Precision,Summon Aery,Domination,Electrocute,Precision,Conqueror,Inspiration,Lethal Tempo,Resolve,Arcane Comet,Precision,Glacial Augment,Sorcery,Teleport,Flash,Smite,Flash,Teleport,Flash,Flash,Teleport,Flash,Heal,Flash,Ignite,Flash,Smite,Flash,Teleport,Flash,Teleport,Flash,Ignite,1,1,3,0,2,0
https://www.op.gg/summoners/euw/TheDisconnectTV-EUW/matches/uRd1PvnOddog91CRg59hPDGFNJILzH8vAV13948osT4%3D/1733502494000,1,34,18,18,34,28,60,39,49,14,9,3,0,0,0,8,2,3,0,46836,34359,10.8,9.0,553,423,29.7,22.7,12477,-12477,2510.7958762886597,1841.9257731958764,Sylas,Lee Sin,Zilean,Draven,Nautilus,Galio,Kindred,Aurora,Caitlyn,Sona,Doran's Ring,Hextech Rocketbelt,Refillable Potion,Dark Seal,Sorcerer's Shoes,Aether Wisp,Stealth Ward,Eclipse,No_Item,Sundered Sky,Null-Magic Mantle,Slightly Magical Footwear,No_Item,Stealth Ward,Doran's Ring,Seraph's Embrace,Ionian Boots of Lucidity,Fiendish Codex,Amplifying Tome,No_Item,Stealth Ward,Infinity Edge,The Collector,Lord Dominik's Regards,Noonquiver,Vampiric Scepter,Berserker's Greaves,Farsight Alteration,Refillable Potion,Celestial Opposition,Trailblazer,Boots of Swiftness,Kindlegem,Control Ward,Oracle Lens,Doran's Ring,Hollow Radiance,Plated Steelcaps,Dark Seal,Bramble Vest,Chain Vest,Stealth Ward,Gustwalker Hatchling,Kraken Slayer,Boots,The Collector,No_Item,No_Item,Stealth Ward,Malignance,Shadowflame,No_Item,No_Item,No_Item,Ionian Boots of Lucidity,Farsight Alteration,Doran's Blade,The Collector,Berserker's Greaves,Pickaxe,No_Item,No_Item,Stealth Ward,Bloodsong,Boots,Echoes of Helia,Moonstone Renewer,No_Item,No_Item,Oracle Lens,Conqueror,Resolve,Conqueror,Inspiration,Summon Aery,Inspiration,Lethal Tempo,Domination,Aftershock,Inspiration,Aftershock,Precision,Press the Attack,Domination,Arcane Comet,Domination,Lethal Tempo,Sorcery,Summon Aery,Precision,Flash,Teleport,Smite,Flash,Teleport,Flash,Flash,Barrier,Flash,Ignite,Flash,Teleport,Flash,Smite,Flash,Teleport,Barrier,Flash,Flash,Heal,1,1,1,0,5,0
https://www.op.gg/summoners/euw/TheDisconnectTV-EUW/matches/uRd1PvnOddqADrqB7vNDcRrzM9aVHFxHk_Q901hnWTc%3D/1733429595000,1,32,13,13,33,13,50,89,51,17,32,4,0,0,0,10,1,4,0,54622,41949,14.2,12.6,797,738,32.1,29.7,12673,-12673,2212.5367088607595,1699.2,Zilean,Wukong,Ambessa,Ziggs,Rakan,Riven,Xin Zhao,Fiddlesticks,Ezreal,Poppy,Doran's Ring,Seraph's Embrace,Frozen Heart,Ionian Boots of Lucidity,Amplifying Tome,Kindlegem,Stealth Ward,Control Ward,Trinity Force,Black Cleaver,Boots of Swiftness,Ruby Crystal,Sundered Sky,Oracle Lens,Doran's Shield,Black Cleaver,Executioner's Calling,Boots,Eclipse,Spear of Shojin,Oracle Lens,Doran's Ring,Seraph's Embrace,Liandry's Torment,Blackfire Torch,Blasting Wand,Sorcerer's Shoes,Farsight Alteration,No_Item,Locket of the Iron Solari,Redemption,Celestial Opposition,Ionian Boots of Lucidity,Ruby Crystal,Oracle Lens,Eclipse,Ionian Boots of Lucidity,Sundered Sky,Death's Dance,Doran's Blade,No_Item,Oracle Lens,Black Cleaver,Eclipse,Long Sword,Long Sword,No_Item,Boots,Oracle Lens,Doran's Ring,Cloth Armor,Dark Seal,Liandry's Torment,Needlessly Large Rod,Boots,Scarecrow Effigy,Muramana,Pickaxe,Trinity Force,Long Sword,Ionian Boots of Lucidity,Ruby Crystal,Stealth Ward,Dead Man's Plate,Bloodsong,Control Ward,No_Item,Boots of Swiftness,No_Item,Oracle Lens,Summon Aery,Inspiration,Conqueror,Inspiration,Conqueror,Resolve,Arcane Comet,Precision,Guardian,Domination,Conqueror,Inspiration,Conqueror,Domination,Summon Aery,Resolve,Press the Attack,Inspiration,Aftershock,Inspiration,Teleport,Flash,Flash,Smite,Teleport,Flash,Teleport,Flash,Flash,Heal,Flash,Teleport,Flash,Smite,Flash,Teleport,Teleport,Flash,Flash,Ignite,1,0,2,0,6,0
https://www.op.gg/summoners/euw/TheDisconnectTV-EUW/matches/uRd1PvnOddqY5njLcbofay7VM0LNPtpMbNJMQhSRypc%3D/1733427373000,1,30,19,19,30,23,47,64,110,38,18,3,1,1,0,9,4,4,1,70816,60013,16.6,15.8,1098,1046,32.3,30.8,10803,-10803,2082.823529411765,1765.0882352941176,Gragas,Viego,Qiyana,Ashe,Neeko,Zilean,Kayn,Cassiopeia,Yasuo,Senna,Lost Chapter,Seeker's Armguard,Rabadon's Deathcap,Cosmic Drive,Lich Bane,Boots of Swiftness,Stealth Ward,Sundered Sky,Plated Steelcaps,Titanic Hydra,Guardian Angel,Kraken Slayer,Sterak's Gage,Oracle Lens,Youmuu's Ghostblade,B. F. Sword,Edge of Night,Serpent's Fang,Ionian Boots of Lucidity,Serylda's Grudge,Oracle Lens,Kraken Slayer,Phantom Dancer,Berserker's Greaves,Doran's Blade,Bloodthirster,No_Item,Farsight Alteration,Ionian Boots of Lucidity,Hextech Rocketbelt,Celestial Opposition,Oblivion Orb,No_Item,Zhonya's Hourglass,Oracle Lens,Seraph's Embrace,Frozen Heart,Ionian Boots of Lucidity,Kindlegem,Fiendish Codex,Aether Wisp,Stealth Ward,Opportunity,Youmuu's Ghostblade,Serylda's Grudge,No_Item,Ionian Boots of Lucidity,No_Item,Oracle Lens,Seraph's Embrace,Rod of Ages,Zhonya's Hourglass,Null-Magic Mantle,Amplifying Tome,Rylai's Crystal Scepter,Farsight Alteration,Negatron Cloak,Blade of The Ruined King,Berserker's Greaves,Immortal Shieldbow,Infinity Edge,Iceborn Gauntlet,Farsight Alteration,Black Cleaver,Boots of Swiftness,Control Ward,Bloodsong,Phantom Dancer,Serrated Dirk,Oracle Lens,Phase Rush,Precision,Conqueror,Inspiration,Electrocute,Precision,Lethal Tempo,Inspiration,Arcane Comet,Domination,Summon Aery,Inspiration,Dark Harvest,Inspiration,Conqueror,Resolve,Lethal Tempo,Resolve,Grasp of the Undying,Precision,Teleport,Flash,Flash,Smite,Flash,Teleport,Flash,Barrier,Flash,Ignite,Teleport,Flash,Smite,Flash,Teleport,Flash,Exhaust,Flash,Flash,Heal,0,6,2,1,0,0
https://www.op.gg/summoners/euw/TheDisconnectTV-EUW/matches/uRd1PvnOddpqjs5XQPq7ctr4zXYXv1JZ6HZwYvYeSQY%3D/1733425001000,0,11,24,24,11,32,14,53,47,19,14,0,0,0,1,2,6,0,1,39590,46942,11.2,13.6,685,725,31.0,32.8,-7352,7352,1785.8532608695652,2117.492391304348,Renekton,Elise,Jayce,Corki,Nautilus,Zilean,Wukong,Neeko,Jinx,Lulu,Plated Steelcaps,Eclipse,Sterak's Gage,Doran's Shield,No_Item,No_Item,Farsight Alteration,Scorchclaw Pup,Control Ward,Sorcerer's Shoes,Stormsurge,Amplifying Tome,Amplifying Tome,Oracle Lens,Doran's Blade,Youmuu's Ghostblade,Mercury's Treads,Muramana,Caulfield's Warhammer,No_Item,Oracle Lens,Doran's Blade,Trinity Force,Mercury's Treads,Muramana,Long Sword,Long Sword,Farsight Alteration,Mercury's Treads,Heartsteel,Ruby Crystal,Bloodsong,No_Item,No_Item,Oracle Lens,Doran's Ring,Frozen Heart,Seraph's Embrace,Ionian Boots of Lucidity,Kindlegem,No_Item,Stealth Ward,Trinity Force,Plated Steelcaps,No_Item,Pickaxe,Ruby Crystal,Sundered Sky,Oracle Lens,Hextech Rocketbelt,Hextech Alternator,Doran's Ring,Dark Seal,Needlessly Large Rod,Sorcerer's Shoes,Stealth Ward,Berserker's Greaves,The Collector,Yun Tal Wildarrows,Pickaxe,No_Item,Doran's Blade,Farsight Alteration,Redemption,Dream Maker,Moonstone Renewer,No_Item,Ionian Boots of Lucidity,No_Item,Oracle Lens,Conqueror,Resolve,Dark Harvest,Sorcery,Phase Rush,Inspiration,Conqueror,Inspiration,Aftershock,Inspiration,Summon Aery,Resolve,Conqueror,Inspiration,Electrocute,Sorcery,Lethal Tempo,Sorcery,Summon Aery,Resolve,Teleport,Flash,Flash,Smite,Flash,Teleport,Flash,Barrier,Flash,Ignite,Teleport,Flash,Flash,Smite,Teleport,Flash,Flash,Barrier,Heal,Flash,0,5,0,1,1,1
https://www.op.gg/summoners/euw/TheDisconnectTV-EUW/matches/uRd1PvnOddrxTkpDzpQurUdP8xuRCQoCnza_WVi-bq4%3D/1733421293000,0,9,27,27,9,29,8,29,28,1,8,0,1,0,0,0,6,0,1,24654,37243,8.6,10.0,377,522,24.8,34.3,-12589,12589,1627.6427184466017,2458.7611650485433,Rek'Sai,Viego,Zilean,Caitlyn,Sona,Corki,Wukong,Heimerdinger,Ashe,Lulu,Doran's Shield,Titanic Hydra,Refillable Potion,Null-Magic Mantle,Slightly Magical Footwear,No_Item,Farsight Alteration,Kraken Slayer,No_Item,No_Item,Slightly Magical Footwear,No_Item,Gustwalker Hatchling,Stealth Ward,Doran's Ring,Lost Chapter,Tear of the Goddess,Ionian Boots of Lucidity,Fiendish Codex,No_Item,Stealth Ward,Doran's Blade,B. F. Sword,The Collector,Long Sword,Boots,Long Sword,Stealth Ward,Slightly Magical Footwear,Seraph's Embrace,Dark Seal,Bloodsong,No_Item,No_Item,Oracle Lens,Doran's Blade,Trinity Force,Plated Steelcaps,Long Sword,Long Sword,Tear of the Goddess,Farsight Alteration,Gustwalker Hatchling,Trinity Force,Sundered Sky,Control Ward,No_Item,Slightly Magical Footwear,Oracle Lens,Blackfire Torch,Doran's Ring,Rylai's Crystal Scepter,Boots of Swiftness,Amplifying Tome,No_Item,Stealth Ward,Doran's Blade,Berserker's Greaves,Refillable Potion,Statikk Shiv,Runaan's Hurricane,No_Item,Farsight Alteration,Dream Maker,Refillable Potion,Imperial Mandate,Ionian Boots of Lucidity,Shurelya's Battlesong,No_Item,Oracle Lens,Conqueror,Inspiration,Conqueror,Inspiration,Summon Aery,Inspiration,Hail of Blades,Sorcery,Unsealed Spellbook,Resolve,Conqueror,Inspiration,Conqueror,Inspiration,Conqueror,Sorcery,Lethal Tempo,Inspiration,Electrocute,Sorcery,Teleport,Flash,Smite,Flash,Teleport,Flash,Ghost,Flash,Flash,Heal,Teleport,Flash,Flash,Smite,Flash,Teleport,Cleanse,Flash,Ignite,Flash,0,0,0,0,6,0
https://www.op.gg/summoners/euw/TheDisconnectTV-EUW/matches/uRd1PvnOddoJDbG5D39nWTwkUwmo3SoNW_Lvn9NifCw%3D/1733419979000,0,28,48,48,28,70,63,64,58,12,12,1,3,0,1,2,10,1,4,51246,67253,14.0,15.8,702,850,23.8,28.8,-16007,16007,1730.8251655629138,2271.458940397351,Zilean,Udyr,Riven,Ashe,Sona,Gragas,Viego,Sylas,Samira,Nautilus,Doran's Ring,Seraph's Embrace,Frozen Heart,Ionian Boots of Lucidity,Fiendish Codex,Kindlegem,Stealth Ward,Liandry's Torment,Oblivion Orb,Spirit Visage,Cloth Armor,Giant's Belt,Plated Steelcaps,Oracle Lens,Sundered Sky,Eclipse,Long Sword,Ionian Boots of Lucidity,Death's Dance,Doran's Blade,Oracle Lens,Doran's Blade,Berserker's Greaves,Infinity Edge,Statikk Shiv,Runaan's Hurricane,No_Item,Farsight Alteration,Echoes of Helia,Boots of Swiftness,Bloodsong,Staff of Flowing Water,Moonstone Renewer,No_Item,Oracle Lens,Zhonya's Hourglass,Cosmic Drive,Seraph's Embrace,No_Item,Ionian Boots of Lucidity,No_Item,Stealth Ward,Sundered Sky,Kraken Slayer,No_Item,Long Sword,Sterak's Gage,Mercury's Treads,Oracle Lens,Hextech Rocketbelt,Riftmaker,No_Item,Mejai's Soulstealer,Cosmic Drive,Ionian Boots of Lucidity,Oracle Lens,Lord Dominik's Regards,The Collector,Infinity Edge,Plated Steelcaps,Immortal Shieldbow,Bloodthirster,Farsight Alteration,Mikael's Blessing,Bloodsong,Control Ward,Locket of the Iron Solari,No_Item,Thornmail,Oracle Lens,Summon Aery,Inspiration,Conqueror,Resolve,Conqueror,Inspiration,Lethal Tempo,Inspiration,Summon Aery,Precision,Phase Rush,Precision,Conqueror,Inspiration,Conqueror,Resolve,Conqueror,Domination,Glacial Augment,Resolve,Teleport,Flash,Smite,Flash,Flash,Teleport,Barrier,Flash,Flash,Heal,Flash,Teleport,Smite,Flash,Flash,Teleport,Flash,Barrier,Flash,Exhaust,0,5,0,1,1,2
https://www.op.gg/summoners/euw/TheDisconnectTV-EUW/matches/uRd1PvnOddpMbHGZqwYKU3xA_pLM0LNoEkLVQE3YjMs%3D/1733417495000,0,16,21,21,16,30,18,72,79,9,26,0,4,0,1,1,11,0,5,46622,60059,14.0,14.8,808,1003,28.8,35.7,-13437,13437,1663.5079812206573,2142.950234741784,Zilean,Kha'Zix,Sylas,Jhin,Maokai,Riven,Taliyah,Yone,Caitlyn,Leona,Doran's Ring,Frozen Heart,Seraph's Embrace,Ionian Boots of Lucidity,Oblivion Orb,Amplifying Tome,Stealth Ward,Serrated Dirk,Youmuu's Ghostblade,Tunneler,Opportunity,Hubris,Slightly Magical Footwear,Stealth Ward,Sorcerer's Shoes,Hextech Rocketbelt,Refillable Potion,Shadowflame,Amplifying Tome,Amplifying Tome,Farsight Alteration,Pickaxe,The Collector,Hubris,Boots of Swiftness,B. F. Sword,No_Item,Farsight Alteration,Locket of the Iron Solari,Solstice Sleigh,Boots of Swiftness,Control Ward,Trailblazer,No_Item,Oracle Lens,Eclipse,Boots of Swiftness,Ravenous Hydra,Death's Dance,No_Item,No_Item,Stealth Ward,Zhonya's Hourglass,Control Ward,Blackfire Torch,Rabadon's Deathcap,Sorcerer's Shoes,No_Item,Oracle Lens,Blade of The Ruined King,Infinity Edge,Pickaxe,Immortal Shieldbow,Berserker's Greaves,Ruby Crystal,Oracle Lens,Rapid Firecannon,The Collector,Infinity Edge,Berserker's Greaves,No_Item,No_Item,Farsight Alteration,Locket of the Iron Solari,Bloodsong,No_Item,Mercury's Treads,No_Item,Abyssal Mask,Oracle Lens,Summon Aery,Resolve,Dark Harvest,Inspiration,Electrocute,Sorcery,Dark Harvest,Sorcery,Aftershock,Domination,Conqueror,Inspiration,First Strike,Sorcery,Grasp of the Undying,Precision,Fleet Footwork,Sorcery,Aftershock,Inspiration,Teleport,Flash,Smite,Flash,Flash,Ignite,Cleanse,Flash,Flash,Ignite,Flash,Teleport,Flash,Smite,Flash,Teleport,Flash,Barrier,Ignite,Flash,0,1,0,1,5,3
https://www.op.gg/summoners/euw/TheDisconnectTV-EUW/matches/uRd1PvnOddqdcswdVc4-VbKKLpxPri_-L0bbyT81pew%3D/1733414652000,1,28,16,17,28,19,53,61,62,19,15,2,1,1,0,5,3,3,1,56334,50481,15.0,13.6,865,897,31.4,32.5,5853,-5853,2051.1353846153843,1838.0261538461536,Zilean,Kayn,Ahri,Smolder,Janna,Dr. Mundo,Poppy,Kassadin,Jinx,Thresh,Cosmic Drive,Seraph's Embrace,Ionian Boots of Lucidity,Kindlegem,Oblivion Orb,Blasting Wand,Stealth Ward,No_Item,Eclipse,Spear of Shojin,Kindlegem,Mercury's Treads,Ruby Crystal,Oracle Lens,Doran's Ring,Mejai's Soulstealer,Liandry's Torment,Ionian Boots of Lucidity,Void Staff,Malignance,Oracle Lens,Hubris,Rapid Firecannon,Mortal Reminder,Spear of Shojin,Ionian Boots of Lucidity,Doran's Blade,Farsight Alteration,Celestial Opposition,Boots of Swiftness,Echoes of Helia,Moonstone Renewer,Kindlegem,No_Item,Oracle Lens,Warmog's Armor,Unending Despair,Long Sword,Boots of Swiftness,Spirit Visage,No_Item,Stealth Ward,Dead Man's Plate,Bramble Vest,Winged Moonplate,Bami's Cinder,Mercury's Treads,Negatron Cloak,Oracle Lens,Seraph's Embrace,Zhonya's Hourglass,Malignance,Dark Seal,Needlessly Large Rod,Boots,Stealth Ward,Doran's Blade,Infinity Edge,The Collector,Executioner's Calling,Berserker's Greaves,Zeal,Farsight Alteration,Solstice Sleigh,Locket of the Iron Solari,Control Ward,Chain Vest,Kindlegem,Ionian Boots of Lucidity,Oracle Lens,Summon Aery,Inspiration,Conqueror,Inspiration,Grasp of the Undying,Sorcery,Arcane Comet,Inspiration,Summon Aery,Resolve,Grasp of the Undying,Inspiration,Phase Rush,Inspiration,Electrocute,Precision,Press the Attack,Sorcery,Aftershock,Inspiration,Teleport,Flash,Flash,Smite,Flash,Teleport,Barrier,Flash,Heal,Flash,Flash,Teleport,Flash,Smite,Teleport,Flash,Flash,Barrier,Flash,Ignite,0,2,0,1,4,0
https://www.op.gg/summoners/euw/TheDisconnectTV-EUW/matches/uRd1PvnOddp-Cg1sy_MP-keFWEga7gAWQRb2RUINKhI%3D/1733412049000,0,9,18,19,9,25,14,35,45,8,9,0,1,0,0,1,1,0,1,31045,34344,10.2,11.0,555,575,30.4,31.5,-3299,3299,1690.569306930693,1870.2178217821784,Aurora,Rengar,Viktor,Ashe,Pyke,Zilean,Gragas,Garen,Corki,Leona,Doran's Ring,Sorcerer's Shoes,Stormsurge,Hextech Alternator,Dark Seal,No_Item,Farsight Alteration,Serrated Dirk,Youmuu's Ghostblade,Boots,Tiamat,Long Sword,No_Item,Oracle Lens,Doran's Ring,Blighting Jewel,Seraph's Embrace,Ionian Boots of Lucidity,Ruby Crystal,No_Item,Stealth Ward,Doran's Blade,Kraken Slayer,Berserker's Greaves,Zeal,No_Item,No_Item,Farsight Alteration,Celestial Opposition,Mercury's Treads,Serrated Dirk,Caulfield's Warhammer,Control Ward,No_Item,Oracle Lens,Doran's Ring,Refillable Potion,Archangel's Staff,Ionian Boots of Lucidity,No_Item,Control Ward,Stealth Ward,Amplifying Tome,Ionian Boots of Lucidity,Lich Bane,Dark Seal,Needlessly Large Rod,Amplifying Tome,Oracle Lens,Stridebreaker,Phantom Dancer,Boots of Swiftness,No_Item,No_Item,No_Item,Stealth Ward,Doran's Blade,Tear of the Goddess,Trinity Force,Plated Steelcaps,Caulfield's Warhammer,No_Item,Farsight Alteration,Celestial Opposition,Refillable Potion,Locket of the Iron Solari,Plated Steelcaps,No_Item,No_Item,Oracle Lens,Summon Aery,Precision,Conqueror,Domination,Summon Aery,Resolve,Lethal Tempo,Inspiration,Hail of Blades,Inspiration,Summon Aery,Inspiration,Dark Harvest,Inspiration,Phase Rush,Resolve,Conqueror,Inspiration,Aftershock,Inspiration,Flash,Teleport,Flash,Smite,Teleport,Flash,Flash,Cleanse,Flash,Ignite,Teleport,Flash,Flash,Smite,Flash,Ignite,Teleport,Flash,Flash,Ignite,0,3,0,0,3,0
https://www.op.gg/summoners/euw/TheDisconnectTV-EUW/matches/uRd1PvnOddrpJsgldinOBuqrr6VSVk4693CfJsT2KlI%3D/1733342870000,1,20,15,15,21,17,44,44,38,11,10,1,1,0,0,4,2,1,1,41641,35610,11.8,10.4,621,551,30.3,26.799999999999997,6031,-6031,2028.6641025641024,1734.8461538461538,Zilean,Elise,Zed,Corki,Nautilus,Jayce,Rek'Sai,Sylas,Ezreal,Karma,Doran's Ring,Refillable Potion,Seraph's Embrace,Frozen Heart,Ruby Crystal,Boots,Stealth Ward,No_Item,Sorcerer's Shoes,Stormsurge,Haunting Guise,No_Item,No_Item,Oracle Lens,Refillable Potion,Eclipse,Serpent's Fang,Ionian Boots of Lucidity,Long Sword,No_Item,Stealth Ward,Plated Steelcaps,Zeal,Muramana,Trinity Force,No_Item,Doran's Blade,Farsight Alteration,Solstice Sleigh,Locket of the Iron Solari,No_Item,Plated Steelcaps,Kindlegem,Chain Vest,Oracle Lens,Eclipse,Muramana,Ionian Boots of Lucidity,Doran's Blade,Ruby Crystal,Serrated Dirk,Farsight Alteration,Slightly Magical Footwear,Titanic Hydra,Spear of Shojin,Long Sword,Scorchclaw Pup,Null-Magic Mantle,Oracle Lens,Hextech Rocketbelt,Fiendish Codex,Kindlegem,Ionian Boots of Lucidity,Doran's Ring,Dark Seal,Oracle Lens,Doran's Blade,Ionian Boots of Lucidity,Trinity Force,Caulfield's Warhammer,Tear of the Goddess,Long Sword,Farsight Alteration,Dream Maker,Moonstone Renewer,Kindlegem,Forbidden Idol,Boots,No_Item,Oracle Lens,Summon Aery,Resolve,Dark Harvest,Sorcery,Conqueror,Domination,Conqueror,Inspiration,Aftershock,Inspiration,Phase Rush,Inspiration,Conqueror,Inspiration,Conqueror,Sorcery,Conqueror,Sorcery,Summon Aery,Resolve,Teleport,Flash,Flash,Smite,Ignite,Flash,Flash,Barrier,Ignite,Flash,Teleport,Flash,Smite,Flash,Flash,Teleport,Flash,Barrier,Flash,Heal,0,1,0,1,5,0
https://www.op.gg/summoners/euw/TheDisconnectTV-EUW/matches/uRd1PvnOddp7Fwoq25YYOdbS1KdL5gFhzTb6PXy4pnk%3D/1733341064000,1,25,13,13,25,22,52,59,66,29,26,3,0,1,0,7,2,4,0,52315,43821,13.8,12.4,779,765,30.0,29.4,8494,-8494,2019.1754385964912,1691.336842105263,Zilean,Viego,Sylas,Ashe,Seraphine,Aatrox,Dr. Mundo,Kayle,Jinx,Lulu,Doran's Ring,Ionian Boots of Lucidity,Seraph's Embrace,Fiendish Codex,Kindlegem,Aether Wisp,Stealth Ward,Plated Steelcaps,Kraken Slayer,Titanic Hydra,Null-Magic Mantle,No_Item,No_Item,Oracle Lens,Doran's Ring,Hextech Rocketbelt,Shattered Armguard,Oblivion Orb,Sorcerer's Shoes,Riftmaker,Oracle Lens,Berserker's Greaves,No_Item,No_Item,Kraken Slayer,Runaan's Hurricane,Mortal Reminder,Farsight Alteration,Control Ward,Dream Maker,Redemption,Ionian Boots of Lucidity,Moonstone Renewer,No_Item,Oracle Lens,Eclipse,Sundered Sky,Null-Magic Mantle,Boots,Ruby Crystal,Long Sword,Stealth Ward,Boots of Swiftness,Heartsteel,Unending Despair,Spectre's Cowl,Kindlegem,Bramble Vest,Oracle Lens,Hextech Alternator,Rabadon's Deathcap,Nashor's Tooth,Dark Seal,Doran's Blade,Boots of Swiftness,Farsight Alteration,Infinity Edge,The Collector,Berserker's Greaves,No_Item,No_Item,No_Item,Farsight Alteration,Refillable Potion,Kindlegem,Dream Maker,Boots of Swiftness,Moonstone Renewer,Forbidden Idol,Oracle Lens,Summon Aery,Inspiration,Conqueror,Inspiration,Conqueror,Sorcery,Lethal Tempo,Inspiration,Arcane Comet,Resolve,Conqueror,Resolve,Fleet Footwork,Inspiration,Press the Attack,Sorcery,Lethal Tempo,Sorcery,Summon Aery,Resolve,Teleport,Flash,Smite,Flash,Teleport,Flash,Barrier,Flash,Flash,Heal,Flash,Teleport,Flash,Smite,Flash,Teleport,Flash,Barrier,Heal,Flash,1,0,1,0,6,0
https://www.op.gg/summoners/euw/TheDisconnectTV-EUW/matches/uRd1PvnOddrA70VesTtNxnNIIKbvQWAAfE74qdT7uXs%3D/1733332646000,0,19,29,29,19,38,29,48,54,14,16,0,4,0,1,2,11,0,5,48743,57092,13.6,14.4,776,832,30.900000000000002,33.2,-8349,8349,1955.9292993630572,2290.952866242038,Riven,Graves,Akali,Caitlyn,Lulu,Zilean,Master Yi,Yasuo,Olaf,Nami,Doran's Blade,Ionian Boots of Lucidity,Serylda's Grudge,Tunneler,Caulfield's Warhammer,Hubris,Stealth Ward,The Collector,Youmuu's Ghostblade,Immortal Shieldbow,B. F. Sword,Pickaxe,Boots,Oracle Lens,Doran's Ring,Stormsurge,Sorcerer's Shoes,Dark Seal,Shadowflame,Amplifying Tome,Oracle Lens,Doran's Blade,The Collector,Mortal Reminder,Boots,Pickaxe,B. F. Sword,Farsight Alteration,Control Ward,Dream Maker,Forbidden Idol,Moonstone Renewer,Ionian Boots of Lucidity,Kindlegem,Oracle Lens,Doran's Ring,Seraph's Embrace,Frozen Heart,Ionian Boots of Lucidity,Fiendish Codex,Amplifying Tome,Stealth Ward,Guinsoo's Rageblade,Blade of The Ruined King,Tiamat,Kraken Slayer,Berserker's Greaves,Ruby Crystal,Oracle Lens,Doran's Shield,Blade of The Ruined King,Berserker's Greaves,Immortal Shieldbow,Infinity Edge,Chain Vest,Oracle Lens,Doran's Blade,Death's Dance,Plated Steelcaps,Experimental Hexplate,No_Item,Ravenous Hydra,Oracle Lens,Aether Wisp,Bandleglass Mirror,Solstice Sleigh,Imperial Mandate,Ardent Censer,Ionian Boots of Lucidity,Oracle Lens,Conqueror,Inspiration,Dark Harvest,Precision,Electrocute,Sorcery,Hail of Blades,Sorcery,Summon Aery,Resolve,Summon Aery,Resolve,Lethal Tempo,Domination,Lethal Tempo,Resolve,Conqueror,Inspiration,Summon Aery,Domination,Flash,Ignite,Smite,Flash,Teleport,Ignite,Ghost,Flash,Heal,Flash,Teleport,Flash,Flash,Smite,Teleport,Flash,Flash,Ghost,Heal,Flash,0,5,0,1,1,3
https://www.op.gg/summoners/euw/TheDisconnectTV-EUW/matches/uRd1PvnOddrAy2aEx8dcipAaMo23lxEtgTR58Y8kMKE%3D/1733330645000,1,33,19,19,33,34,67,81,84,27,26,2,3,1,0,9,3,3,3,64890,57463,16.0,14.6,947,990,29.5,30.900000000000002,7427,-7427,2023.041176470588,1791.4935294117645,Zilean,Viego,Ryze,Jinx,Shen,Garen,Master Yi,Akali,Varus,Sylas,Spectre's Cowl,Frozen Heart,Seraph's Embrace,Ionian Boots of Lucidity,Fiendish Codex,Negatron Cloak,Stealth Ward,Kraken Slayer,Sundered Sky,No_Item,Plated Steelcaps,Wit's End,Long Sword,Oracle Lens,Seeker's Armguard,Seraph's Embrace,Needlessly Large Rod,Cosmic Drive,Rabadon's Deathcap,Boots of Swiftness,Oracle Lens,Noonquiver,Berserker's Greaves,Yun Tal Wildarrows,Runaan's Hurricane,Infinity Edge,No_Item,Farsight Alteration,Locket of the Iron Solari,Control Ward,Celestial Opposition,Boots of Swiftness,Heartsteel,Bramble Vest,Oracle Lens,Stridebreaker,Berserker's Greaves,Phantom Dancer,Infinity Edge,Long Sword,No_Item,Farsight Alteration,Guinsoo's Rageblade,Kraken Slayer,Titanic Hydra,Berserker's Greaves,Caulfield's Warhammer,Recurve Bow,Oracle Lens,Doran's Ring,Needlessly Large Rod,Needlessly Large Rod,Boots,Stormsurge,Shadowflame,Oracle Lens,Vampiric Scepter,Blade of The Ruined King,Wit's End,Terminus,Berserker's Greaves,B. F. Sword,Farsight Alteration,Hextech Rocketbelt,Dark Seal,No_Item,Celestial Opposition,Mercury's Treads,Amplifying Tome,Oracle Lens,Summon Aery,Inspiration,Conqueror,Inspiration,Phase Rush,Resolve,Lethal Tempo,Sorcery,Grasp of the Undying,Domination,Phase Rush,Precision,Lethal Tempo,Domination,Electrocute,Resolve,Press the Attack,Domination,Electrocute,Sorcery,Teleport,Flash,Flash,Smite,Flash,Teleport,Flash,Barrier,Flash,Ignite,Flash,Ignite,Flash,Smite,Ignite,Flash,Barrier,Flash,Flash,Ignite,1,6,1,0,0,0
https://www.op.gg/summoners/euw/TheDisconnectTV-EUW/matches/uRd1PvnOddrCPTYhuvGiEziDz6cisLRbuzHPEXhKE_Q%3D/1733328275000,1,32,21,21,32,19,47,66,85,31,30,1,2,1,0,9,2,2,2,57630,46722,14.4,12.8,778,757,30.599999999999998,29.7,10908,-10908,2253.203007518797,1826.724812030075,Zilean,Udyr,Sylas,Corki,Poppy,Teemo,Wukong,Ahri,Tristana,Pyke,Doran's Ring,Seraph's Embrace,Frozen Heart,Ionian Boots of Lucidity,Null-Magic Mantle,No_Item,Stealth Ward,Unending Despair,Liandry's Torment,Ruby Crystal,Boots of Swiftness,Dark Seal,No_Item,Oracle Lens,Zhonya's Hourglass,Kindlegem,Riftmaker,Cosmic Drive,Ionian Boots of Lucidity,Hextech Alternator,Oracle Lens,Doran's Blade,Trinity Force,Muramana,Plated Steelcaps,Long Sword,Zeal,Farsight Alteration,Bloodsong,Plated Steelcaps,Dead Man's Plate,Force of Nature,Locket of the Iron Solari,Control Ward,Oracle Lens,Boots of Swiftness,Refillable Potion,Malignance,Dark Seal,Liandry's Torment,Blighting Jewel,Oracle Lens,Trinity Force,Sundered Sky,Control Ward,Negatron Cloak,Winged Moonplate,Mercury's Treads,Oracle Lens,Needlessly Large Rod,Horizon Focus,Malignance,Dark Seal,Mercury's Treads,Needlessly Large Rod,Oracle Lens,Doran's Blade,Refillable Potion,The Collector,Navori Flickerblade,Berserker's Greaves,No_Item,Farsight Alteration,Bloodsong,Umbral Glaive,Synchronized Souls,Edge of Night,No_Item,Control Ward,Oracle Lens,Summon Aery,Resolve,Conqueror,Inspiration,Electrocute,Resolve,Conqueror,Inspiration,Hail of Blades,Inspiration,Dark Harvest,Precision,Conqueror,Inspiration,Electrocute,Sorcery,Press the Attack,Inspiration,Hail of Blades,Sorcery,Teleport,Flash,Smite,Flash,Flash,Teleport,Flash,Barrier,Flash,Ignite,Ignite,Flash,Flash,Smite,Flash,Teleport,Barrier,Flash,Flash,Ignite,0,5,2,1,1,0
https://www.op.gg/summoners/euw/TheDisconnectTV-EUW/matches/uRd1PvnOddpgGy5KTvaqdmwznCI_4GA2Yi36zX4udZM%3D/1733325848000,0,13,23,23,13,41,24,60,73,31,19,2,1,0,1,3,10,2,2,45286,52690,12.6,13.8,824,750,33.3,30.4,-7404,7404,1835.9189189189187,2136.081081081081,Sion,Wukong,Aurora,Varus,Lulu,Zilean,Lee Sin,Ahri,Caitlyn,Soraka,Boots of Swiftness,Titanic Hydra,Sterak's Gage,Doran's Shield,Kindlegem,Chain Vest,Oracle Lens,Trinity Force,Maw of Malmortius,Mercury's Treads,Ruby Crystal,No_Item,No_Item,Oracle Lens,Cosmic Drive,Malignance,Amplifying Tome,Sorcerer's Shoes,Dark Seal,Doran's Ring,Farsight Alteration,Doran's Blade,Berserker's Greaves,Blade of The Ruined King,Recurve Bow,Guinsoo's Rageblade,Hearthbound Axe,Farsight Alteration,No_Item,Dream Maker,Moonstone Renewer,Forbidden Idol,Ionian Boots of Lucidity,Kindlegem,Oracle Lens,Cosmic Drive,Seraph's Embrace,Imperial Mandate,Ionian Boots of Lucidity,Cloth Armor,No_Item,Stealth Ward,Eclipse,Sundered Sky,No_Item,Plated Steelcaps,Pickaxe,No_Item,Stealth Ward,Doran's Ring,Malignance,No_Item,Sorcerer's Shoes,Cryptbloom,Lich Bane,Oracle Lens,Infinity Edge,No_Item,No_Item,No_Item,Yun Tal Wildarrows,Berserker's Greaves,Farsight Alteration,Dream Maker,Redemption,Refillable Potion,Moonstone Renewer,Forbidden Idol,Ionian Boots of Lucidity,Oracle Lens,Grasp of the Undying,Inspiration,Conqueror,Inspiration,Electrocute,Sorcery,Lethal Tempo,Inspiration,Summon Aery,Resolve,Summon Aery,Inspiration,Conqueror,Inspiration,Electrocute,Sorcery,Lethal Tempo,Sorcery,Summon Aery,Resolve,Flash,Teleport,Smite,Flash,Flash,Teleport,Flash,Barrier,Heal,Flash,Teleport,Flash,Smite,Flash,Flash,Teleport,Flash,Barrier,Flash,Heal,0,1,0,1,5,2
