GAME_ID,BLUE_WIN,BLUE_KILLS,RED_KILLS,BLUE_DEATHS,RED_DEATHS,RED_ASSISTS,BLUE_ASSISTS,BLUE_WARDS_PLACED,RED_WARDS_PLACED,BLUE_WARDS_DESTROYED,RED_WARDS_DESTROYED,BLUE_DRAGONS,RED_DRAGONS,BLUE_BARONS,RED_BARONS,BLUE_TOWERS,RED_TOWERS,BLUE_ELITE_MONSTERS,RED_ELITE_MONSTERS,BLUE_TEAM_GOLD,RED_TEAM_GOLD,BLUE_TEAM_LEVEL,RED_TEAM_LEVEL,BLUE_TEAM_CS,RED_TEAM_CS,BLUE_TEAAM_CS_PER_MINUTE,RED_TEAAM_CS_PER_MINUTE,BLUE_GOLD_DIFF,RED_GOLD_DIFF,BLUE_GOLD_PER_MIN,RED_GOLD_PER_MIN,BLUE_TEAM_TOP,BLUE_TEAM_JNG,BLUE_TEAM_MID,BLUE_TEAM_ADC,BLUE_TEAM_SUP,RED_TEAM_TOP,RED_TEAM_JNG,RED_TEAM_MID,RED_TEAM_ADC,RED_TEAM_SUP,BLLUE_TEAM_TOP_ITEM_1,BLLUE_TEAM_TOP_ITEM_2,BLLUE_TEAM_TOP_ITEM_3,BLLUE_TEAM_TOP_ITEM_4,BLLUE_TEAM_TOP_ITEM_5,BLLUE_TEAM_TOP_ITEM_6,BLLUE_TEAM_TOP_ITEM_VISION,BLLUE_TEAM_JNG_ITEM_1,BLLUE_TEAM_JNG_ITEM_2,BLLUE_TEAM_JNG_ITEM_3,BLLUE_TEAM_JNG_ITEM_4,BLLUE_TEAM_JNG_ITEM_5,BLLUE_TEAM_JNG_ITEM_6,BLLUE_TEAM_JNG_ITEM_VISION,BLLUE_TEAM_MID_ITEM_1,BLLUE_TEAM_MID_ITEM_2,BLLUE_TEAM_MID_ITEM_3,BLLUE_TEAM_MID_ITEM_4,BLLUE_TEAM_MID_ITEM_5,BLLUE_TEAM_MID_ITEM_6,BLLUE_TEAM_MID_ITEM_VISION,BLLUE_TEAM_ADC_ITEM_1,BLLUE_TEAM_ADC_ITEM_2,BLLUE_TEAM_ADC_ITEM_3,BLLUE_TEAM_ADC_ITEM_4,BLLUE_TEAM_ADC_ITEM_5,BLLUE_TEAM_ADC_ITEM_6,BLLUE_TEAM_ADC_ITEM_VISION,BLLUE_TEAM_SUP_ITEM_1,BLLUE_TEAM_SUP_ITEM_2,BLLUE_TEAM_SUP_ITEM_3,BLLUE_TEAM_SUP_ITEM_4,BLLUE_TEAM_SUP_ITEM_5,BLLUE_TEAM_SUP_ITEM_6,BLLUE_TEAM_SUP_ITEM_VISION,RED_TEAM_TOP_ITEM_1,RED_TEAM_TOP_ITEM_2,RED_TEAM_TOP_ITEM_3,RED_TEAM_TOP_ITEM_4,RED_TEAM_TOP_ITEM_5,RED_TEAM_TOP_ITEM_6,RED_TEAM_TOP_ITEM_VISION,RED_TEAM_JNG_ITEM_1,RED_TEAM_JNG_ITEM_2,RED_TEAM_JNG_ITEM_3,RED_TEAM_JNG_ITEM_4,RED_TEAM_JNG_ITEM_5,RED_TEAM_JNG_ITEM_6,RED_TEAM_JNG_ITEM_VISION,RED_TEAM_MID_ITEM_1,RED_TEAM_MID_ITEM_2,RED_TEAM_MID_ITEM_3,RED_TEAM_MID_ITEM_4,RED_TEAM_MID_ITEM_5,RED_TEAM_MID_ITEM_6,RED_TEAM_MID_ITEM_VISION,RED_TEAM_ADC_ITEM_1,RED_TEAM_ADC_ITEM_2,RED_TEAM_ADC_ITEM_3,RED_TEAM_ADC_ITEM_4,RED_TEAM_ADC_ITEM_5,RED_TEAM_ADC_ITEM_6,RED_TEAM_ADC_ITEM_VISION,RED_TEAM_SUP_ITEM_1,RED_TEAM_SUP_ITEM_2,RED_TEAM_SUP_ITEM_3,RED_TEAM_SUP_ITEM_4,RED_TEAM_SUP_ITEM_5,RED_TEAM_SUP_ITEM_6,RED_TEAM_SUP_ITEM_VISION,BLUE_TEAM_TOP_RUNE_01,BLUE_TEAM_TOP_RUNE_02,BLUE_TEAM_JNG_RUNE_01,BLUE_TEAM_JNG_RUNE_02,BLUE_TEAM_MID_RUNE_01,BLUE_TEAM_MID_RUNE_02,BLUE_TEAM_ADC_RUNE_01,BLUE_TEAM_ADC_RUNE_02,BLUE_TEAM_SUP_RUNE_01,BLUE_TEAM_SUP_RUNE_02,RED_TEAM_TOP_RUNE_01,RED_TEAM_TOP_RUNE_02,RED_TEAM_JNG_RUNE_01,RED_TEAM_JNG_RUNE_02,RED_TEAM_MID_RUNE_01,RED_TEAM_MID_RUNE_02,RED_TEAM_ADC_RUNE_01,RED_TEAM_ADC_RUNE_02,RED_TEAM_SUP_RUNE_01,RED_TEAM_SUP_RUNE_02,BLUE_TEAM_TOP_SUMMONER_01,BLUE_TEAM_TOP_SUMMONER_02,BLUE_TEAM_JNG_SUMMONER_01,BLUE_TEAM_JNG_SUMMONER_02,BLUE_TEAM_MID_SUMMONER_01,BLUE_TEAM_MID_SUMMONER_02,BLUE_TEAM_ADC_SUMMONER_01,BLUE_TEAM_ADC_SUMMONER_02,BLUE_TEAM_SUP_SUMMONER_01,BLUE_TEAM_SUP_SUMMONER_02,RED_TEAM_TOP_SUMMONER_01,RED_TEAM_TOP_SUMMONER_02,RED_TEAM_JNG_SUMMONER_01,RED_TEAM_JNG_SUMMONER_02,RED_TEAM_MID_SUMMONER_01,RED_TEAM_MID_SUMMONER_02,RED_TEAM_ADC_SUMMONER_01,RED_TEAM_ADC_SUMMONER_02,RED_TEAM_SUP_SUMMONER_01,RED_TEAM_SUP_SUMMONER_02,BLUE_TEAM_RIFT_HERALDS,BLUE_TEAM_VOID_GRUBS,BLUE_TEAM_INHIBITORS,RED_TEAM_RIFT_HERALDS,RED_TEAM_VOID_GRUBS,RED_TEAM_INHIBITORS
https://www.op.gg/summoners/euw/SMRADOCH%20RANDOM-EUW/matches/uRd1PvnOddqynDzKMB2bvRTkuKg-DEMLqB-O2-ndiU0%3D/1734612499000,0,19,23,23,19,45,44,91,83,26,40,2,3,0,1,5,9,2,4,64115,72739,16.0,16.8,1140,1192,32.9,34.5,-8624,8624,1858.0265306122449,2107.9465306122447,Jax,Wukong,Viktor,Ziggs,Bard,Gragas,Zac,Yone,Draven,Lulu,Sterak's Gage,Mercury's Treads,Cloth Armor,Trinity Force,No_Item,Sundered Sky,Stealth Ward,Sterak's Gage,Trinity Force,Kindlegem,Boots of Swiftness,Negatron Cloak,Sundered Sky,Stealth Ward,Sorcerer's Shoes,Luden's Companion,Void Staff,Oblivion Orb,Rabadon's Deathcap,Fiendish Codex,Farsight Alteration,Rabadon's Deathcap,Horizon Focus,Luden's Companion,Sorcerer's Shoes,Void Staff,Haunting Guise,Farsight Alteration,Dead Man's Plate,Mercury's Treads,Bloodsong,Liandry's Torment,Null-Magic Mantle,No_Item,Oracle Lens,Ionian Boots of Lucidity,Seeker's Armguard,Cosmic Drive,Lost Chapter,Lich Bane,Banshee's Veil,Oracle Lens,Null-Magic Mantle,Sunfire Aegis,Spirit Visage,Kindlegem,Dark Seal,Mercury's Treads,Oracle Lens,Kaenic Rookern,Stridebreaker,Berserker's Greaves,Blade of The Ruined King,Immortal Shieldbow,No_Item,Farsight Alteration,Mortal Reminder,Bloodthirster,The Collector,Infinity Edge,Cloak of Agility,Berserker's Greaves,Farsight Alteration,Dream Maker,Redemption,No_Item,Ruby Crystal,Moonstone Renewer,Ionian Boots of Lucidity,Oracle Lens,Grasp of the Undying,Inspiration,Conqueror,Inspiration,Summon Aery,Precision,Arcane Comet,Precision,Guardian,Inspiration,Phase Rush,Precision,Aftershock,Inspiration,Grasp of the Undying,Precision,Lethal Tempo,Domination,Summon Aery,Inspiration,Flash,Teleport,Flash,Smite,Flash,Teleport,Flash,Teleport,Ignite,Flash,Flash,Teleport,Smite,Flash,Teleport,Flash,Flash,Barrier,Heal,Flash,0,1,0,1,5,2
https://www.op.gg/summoners/euw/SMRADOCH%20RANDOM-EUW/matches/uRd1PvnOddrgiWxWJVbCRWOWSU__57lMVjOSzh9e3xc%3D/1734609281000,0,11,20,20,11,33,16,40,30,8,11,0,2,0,0,2,4,0,2,33195,37211,10.0,10.8,558,533,31.6,30.1,-4016,4016,1871.8984962406014,2098.364661654135,Yasuo,Gragas,Rumble,Ezreal,Karma,K'Sante,Vi,Veigar,Kog'Maw,Lulu,Doran's Shield,Tiamat,Berserker's Greaves,Blade of The Ruined King,Dagger,Phage,Farsight Alteration,Blighting Jewel,No_Item,Dark Seal,No_Item,Lich Bane,Slightly Magical Footwear,Oracle Lens,Doran's Ring,Sorcerer's Shoes,Liandry's Torment,Blighting Jewel,Blasting Wand,No_Item,Stealth Ward,Tear of the Goddess,Caulfield's Warhammer,Doran's Blade,Trinity Force,Ionian Boots of Lucidity,Long Sword,Farsight Alteration,Control Ward,Imperial Mandate,Zaz'Zak's Realmspike,Kindlegem,Boots,No_Item,Oracle Lens,Chain Vest,Ruby Crystal,Doran's Shield,Kaenic Rookern,Plated Steelcaps,Sheen,Stealth Ward,No_Item,Sundered Sky,No_Item,Black Cleaver,Mercury's Treads,No_Item,Oracle Lens,Hextech Rocketbelt,Doran's Ring,Seraph's Embrace,No_Item,No_Item,Boots of Swiftness,Farsight Alteration,Doran's Blade,Berserker's Greaves,Refillable Potion,Blade of The Ruined King,Recurve Bow,No_Item,Stealth Ward,Dream Maker,No_Item,Faerie Charm,Bandleglass Mirror,Ionian Boots of Lucidity,Amplifying Tome,Oracle Lens,Grasp of the Undying,Precision,Dark Harvest,Inspiration,First Strike,Sorcery,Press the Attack,Inspiration,Arcane Comet,Inspiration,Grasp of the Undying,Inspiration,Conqueror,Inspiration,First Strike,Resolve,Lethal Tempo,Resolve,Summon Aery,Resolve,Teleport,Flash,Smite,Flash,Flash,Teleport,Flash,Barrier,Flash,Heal,Flash,Teleport,Flash,Smite,Flash,Teleport,Flash,Barrier,Flash,Heal,0,3,0,1,3,0
https://www.op.gg/summoners/euw/SMRADOCH%20RANDOM-EUW/matches/uRd1PvnOddoSKfFe5BaSYJFX22dQBGrCpqd3ktTnysk%3D/1734607657000,0,15,29,29,16,25,23,42,34,4,11,0,2,0,0,1,4,0,2,33627,42829,10.2,11.6,510,569,27.1,30.3,-9202,9202,1789.824193548387,2279.6080645161287,Naafiri,Viego,Viktor,Ziggs,Rell,Galio,Kayn,Gragas,Draven,Veigar,Doran's Shield,Eclipse,Pickaxe,Null-Magic Mantle,Ionian Boots of Lucidity,No_Item,Stealth Ward,Cloth Armor,Kraken Slayer,Titanic Hydra,Gustwalker Hatchling,Slightly Magical Footwear,No_Item,Oracle Lens,Liandry's Torment,Dark Seal,Blackfire Torch,No_Item,Sorcerer's Shoes,No_Item,Farsight Alteration,Refillable Potion,Luden's Companion,Sorcerer's Shoes,Needlessly Large Rod,Dark Seal,Doran's Ring,Farsight Alteration,Locket of the Iron Solari,Celestial Opposition,Control Ward,Mercury's Treads,Cloth Armor,No_Item,Oracle Lens,Doran's Ring,Mercury's Treads,Hollow Radiance,Dark Seal,Amplifying Tome,No_Item,Oracle Lens,Mercury's Treads,Eclipse,Kindlegem,Spear of Shojin,No_Item,No_Item,Oracle Lens,Boots of Swiftness,Cosmic Drive,Amplifying Tome,Amplifying Tome,Refillable Potion,Lost Chapter,Stealth Ward,Doran's Blade,The Collector,Bloodthirster,Infinity Edge,No_Item,Boots,Farsight Alteration,Hextech Rocketbelt,Zaz'Zak's Realmspike,Fiendish Codex,Blighting Jewel,No_Item,Boots of Swiftness,Oracle Lens,Arcane Comet,Resolve,Conqueror,Inspiration,Summon Aery,Precision,Arcane Comet,Precision,Aftershock,Inspiration,Aftershock,Sorcery,Conqueror,Inspiration,Phase Rush,Precision,Lethal Tempo,Domination,Summon Aery,Inspiration,Flash,Teleport,Flash,Smite,Flash,Teleport,Flash,Teleport,Flash,Ignite,Teleport,Flash,Smite,Flash,Teleport,Flash,Flash,Barrier,Flash,Ignite,0,3,0,1,3,0
https://www.op.gg/summoners/euw/SMRADOCH%20RANDOM-EUW/matches/uRd1PvnOddo_X6aFnAfusAEufwkp9grxbXPKNF-55_A%3D/1734523489000,0,22,42,42,23,94,39,82,93,27,31,1,3,1,0,5,9,2,3,62421,73143,15.4,17.0,954,1077,27.599999999999998,31.099999999999998,-10722,10722,1809.9769516728625,2120.875092936803,K'Sante,Master Yi,Akali,Ashe,Janna,Camille,Jarvan IV,Viktor,Varus,Elise,Kindlegem,Knight's Vow,Plated Steelcaps,Kaenic Rookern,Iceborn Gauntlet,Cloth Armor,Farsight Alteration,Guinsoo's Rageblade,Blade of The Ruined King,Titanic Hydra,Plated Steelcaps,Wit's End,No_Item,Farsight Alteration,Stormsurge,Shadowflame,Sorcerer's Shoes,Dark Seal,Needlessly Large Rod,Needlessly Large Rod,Oracle Lens,Infinity Edge,Runaan's Hurricane,Berserker's Greaves,Vampiric Scepter,Kraken Slayer,B. F. Sword,Farsight Alteration,Mikael's Blessing,Redemption,Dream Maker,Boots of Swiftness,Dark Seal,Moonstone Renewer,Oracle Lens,Ravenous Hydra,Plated Steelcaps,No_Item,Spear of Shojin,Trinity Force,Guardian Angel,Oracle Lens,Ruby Crystal,Kindlegem,Eclipse,Sterak's Gage,Sundered Sky,Plated Steelcaps,Stealth Ward,Lich Bane,Dark Seal,Luden's Companion,Sorcerer's Shoes,Rabadon's Deathcap,Void Staff,Farsight Alteration,Serylda's Grudge,Opportunity,Edge of Night,Muramana,Boots of Swiftness,No_Item,Farsight Alteration,Sorcerer's Shoes,Hextech Rocketbelt,Bloodsong,Void Staff,Stormsurge,Mejai's Soulstealer,Oracle Lens,Grasp of the Undying,Inspiration,Lethal Tempo,Domination,Electrocute,Resolve,Lethal Tempo,Inspiration,Summon Aery,Resolve,Grasp of the Undying,Inspiration,Conqueror,Inspiration,Summon Aery,Precision,Hail of Blades,Precision,Electrocute,Precision,Flash,Teleport,Flash,Smite,Flash,Teleport,Cleanse,Flash,Flash,Heal,Flash,Teleport,Smite,Flash,Flash,Teleport,Barrier,Flash,Flash,Ignite,1,5,0,0,1,1
https://www.op.gg/summoners/euw/SMRADOCH%20RANDOM-EUW/matches/uRd1PvnOddoqLel6lUNgazy9NI9EO_CDd9RUPedqzeQ%3D/1734520036000,0,18,37,38,18,55,29,67,67,16,26,0,4,0,1,2,9,0,5,48378,59935,13.2,14.6,789,822,29.0,30.2,-11557,11557,1769.9268292682927,2192.7439024390246,Ekko,Jarvan IV,Viktor,Ezreal,Braum,Akali,Warwick,Yone,Corki,Nautilus,Sorcerer's Shoes,Hextech Rocketbelt,Nashor's Tooth,Amplifying Tome,Dark Seal,Needlessly Large Rod,Stealth Ward,Cloth Armor,Kindlegem,Negatron Cloak,Eclipse,Sundered Sky,Mercury's Treads,Stealth Ward,Blasting Wand,Doran's Ring,Luden's Companion,Sorcerer's Shoes,Blighting Jewel,Rabadon's Deathcap,Farsight Alteration,Doran's Blade,Caulfield's Warhammer,No_Item,Trinity Force,Muramana,Ionian Boots of Lucidity,Farsight Alteration,Randuin's Omen,Locket of the Iron Solari,Celestial Opposition,Plated Steelcaps,No_Item,No_Item,Oracle Lens,Zhonya's Hourglass,Dark Seal,Blighting Jewel,Sorcerer's Shoes,Stormsurge,Shadowflame,Oracle Lens,Stridebreaker,Mercury's Treads,Spirit Visage,Ruby Crystal,Pickaxe,Ruby Crystal,Oracle Lens,Infinity Edge,No_Item,Blade of The Ruined King,Immortal Shieldbow,Berserker's Greaves,Doran's Shield,Oracle Lens,Doran's Blade,Muramana,Trinity Force,Rapid Firecannon,Plated Steelcaps,Pickaxe,Farsight Alteration,Bloodsong,Locket of the Iron Solari,Knight's Vow,Control Ward,Boots of Swiftness,No_Item,Oracle Lens,Arcane Comet,Domination,Conqueror,Inspiration,Summon Aery,Resolve,Press the Attack,Inspiration,Guardian,Inspiration,Electrocute,Resolve,Press the Attack,Sorcery,Lethal Tempo,Resolve,Conqueror,Inspiration,Aftershock,Inspiration,Teleport,Flash,Smite,Flash,Flash,Teleport,Flash,Barrier,Exhaust,Flash,Teleport,Ignite,Flash,Smite,Teleport,Flash,Flash,Barrier,Flash,Ignite,0,3,0,1,3,0
https://www.op.gg/summoners/euw/SMRADOCH%20RANDOM-EUW/matches/uRd1PvnOddoXXL34nGPT-yqIJRL1QV3F8mNin8UVQ8Q%3D/1734476218000,0,19,32,32,19,53,23,86,113,36,38,0,4,0,1,3,10,0,5,57989,73808,15.2,17.0,1028,1162,30.599999999999998,34.6,-15819,15819,1722.4455445544556,2192.3168316831684,Yone,Taliyah,Azir,Ashe,Milio,Corki,Jarvan IV,Viktor,Riven,Pyke,Cloak of Agility,Immortal Shieldbow,B. F. Sword,Blade of The Ruined King,Berserker's Greaves,No_Item,Farsight Alteration,Zhonya's Hourglass,Sorcerer's Shoes,Liandry's Torment,Blackfire Torch,Blighting Jewel,No_Item,Oracle Lens,Zhonya's Hourglass,Blighting Jewel,Blasting Wand,Sorcerer's Shoes,Liandry's Torment,Nashor's Tooth,Farsight Alteration,Kraken Slayer,Infinity Edge,Executioner's Calling,No_Item,Phantom Dancer,Berserker's Greaves,Farsight Alteration,Redemption,Dream Maker,Dark Seal,Staff of Flowing Water,Echoes of Helia,Ionian Boots of Lucidity,Oracle Lens,The Collector,Trinity Force,Mercury's Treads,Mortal Reminder,Muramana,Pickaxe,Farsight Alteration,Sundered Sky,Eclipse,Spectre's Cowl,Plated Steelcaps,Spirit Visage,No_Item,Oracle Lens,Sorcerer's Shoes,Luden's Companion,Lich Bane,Rabadon's Deathcap,Dark Seal,Void Staff,Farsight Alteration,Eclipse,Maw of Malmortius,Doran's Blade,Ionian Boots of Lucidity,Sundered Sky,Death's Dance,Oracle Lens,Celestial Opposition,Refillable Potion,Synchronized Souls,Control Ward,Umbral Glaive,Edge of Night,Oracle Lens,Grasp of the Undying,Precision,Dark Harvest,Inspiration,Conqueror,Resolve,Lethal Tempo,Inspiration,Summon Aery,Resolve,Conqueror,Inspiration,Conqueror,Inspiration,Summon Aery,Resolve,Conqueror,Inspiration,Hail of Blades,Inspiration,Teleport,Flash,Smite,Flash,Teleport,Flash,Barrier,Flash,Flash,Heal,Flash,Barrier,Flash,Smite,Flash,Teleport,Flash,Ignite,Flash,Ignite,0,3,0,1,3,1
https://www.op.gg/summoners/euw/SMRADOCH%20RANDOM-EUW/matches/uRd1PvnOddpWGVyLCL0eZWe3O9Su-M54lpSmvKchAs4%3D/1734473499000,0,19,26,26,19,56,30,76,67,20,22,1,1,0,0,4,10,1,1,48841,54562,13.2,13.8,829,784,31.0,29.4,-5721,5721,1835.2375757575758,2050.2084848484847,Pantheon,Nidalee,Corki,Ezreal,Thresh,K'Sante,Vi,Viktor,Kog'Maw,Lulu,Mercury's Treads,Sterak's Gage,Black Cleaver,Glowing Mote,No_Item,No_Item,Stealth Ward,Liandry's Torment,Horizon Focus,Sorcerer's Shoes,Needlessly Large Rod,Amplifying Tome,No_Item,Oracle Lens,Lord Dominik's Regards,B. F. Sword,Trinity Force,Muramana,Slightly Magical Footwear,Cloak of Agility,Farsight Alteration,Doran's Blade,Muramana,Trinity Force,Ionian Boots of Lucidity,Serylda's Grudge,Long Sword,Farsight Alteration,Redemption,Locket of the Iron Solari,Celestial Opposition,Control Ward,Ruby Crystal,Boots of Swiftness,Oracle Lens,Kaenic Rookern,Unending Despair,Iceborn Gauntlet,Plated Steelcaps,Giant's Belt,Cloth Armor,Stealth Ward,No_Item,Sundered Sky,Plated Steelcaps,Black Cleaver,Sterak's Gage,Null-Magic Mantle,Oracle Lens,Luden's Companion,Dark Seal,Zhonya's Hourglass,Lich Bane,Sorcerer's Shoes,No_Item,Farsight Alteration,Blade of The Ruined King,Guinsoo's Rageblade,Doran's Blade,Zeal,No_Item,Berserker's Greaves,Farsight Alteration,Moonstone Renewer,Dream Maker,Redemption,Ionian Boots of Lucidity,No_Item,No_Item,Oracle Lens,Press the Attack,Sorcery,Conqueror,Sorcery,Conqueror,Inspiration,Conqueror,Inspiration,Glacial Augment,Domination,Grasp of the Undying,Inspiration,Conqueror,Inspiration,Summon Aery,Precision,Press the Attack,Resolve,Summon Aery,Inspiration,Ignite,Flash,Flash,Smite,Flash,Teleport,Flash,Barrier,Ignite,Flash,Flash,Teleport,Smite,Flash,Teleport,Flash,Cleanse,Flash,Flash,Heal,0,4,0,1,2,1
https://www.op.gg/summoners/euw/SMRADOCH%20RANDOM-EUW/matches/uRd1PvnOddr7uiJWpndzphFV1ShRBnaLGNf_RHeoYoQ%3D/1734461676000,1,26,12,12,26,13,30,38,49,14,13,1,1,0,0,5,0,1,1,44127,34042,12.0,10.6,652,558,34.0,29.1,10085,-10085,2306.6386363636366,1779.4681818181818,Gwen,Warwick,Orianna,Jhin,Yasuo,Renekton,Kha'Zix,Ezreal,Viktor,Pyke,Doran's Ring,Riftmaker,Blasting Wand,Bramble Vest,Plated Steelcaps,Fiendish Codex,Oracle Lens,Blade of The Ruined King,Titanic Hydra,No_Item,No_Item,No_Item,Plated Steelcaps,Oracle Lens,Ionian Boots of Lucidity,Hextech Alternator,Seraph's Embrace,Needlessly Large Rod,Doran's Ring,Dark Seal,Farsight Alteration,Boots of Swiftness,Rapid Firecannon,Pickaxe,Doran's Blade,The Collector,No_Item,Farsight Alteration,Berserker's Greaves,Bloodsong,Pickaxe,Blade of The Ruined King,Chain Vest,Noonquiver,Oracle Lens,Eclipse,Refillable Potion,Mortal Reminder,Boots,No_Item,No_Item,Stealth Ward,Youmuu's Ghostblade,Gustwalker Hatchling,Long Sword,Long Sword,Long Sword,Slightly Magical Footwear,Oracle Lens,Long Sword,Ionian Boots of Lucidity,Long Sword,Doran's Blade,Trinity Force,Tear of the Goddess,Farsight Alteration,Lich Bane,Sorcerer's Shoes,No_Item,Dark Seal,Luden's Companion,Doran's Ring,Farsight Alteration,Bloodsong,Umbral Glaive,Control Ward,Ionian Boots of Lucidity,Serrated Dirk,Rectrix,Oracle Lens,Conqueror,Resolve,Lethal Tempo,Sorcery,Arcane Comet,Inspiration,Fleet Footwork,Inspiration,Lethal Tempo,Resolve,Conqueror,Resolve,Dark Harvest,Inspiration,Conqueror,Inspiration,Summon Aery,Precision,Hail of Blades,Resolve,Teleport,Ignite,Smite,Flash,Flash,Teleport,Flash,Barrier,Exhaust,Flash,Flash,Teleport,Smite,Flash,Barrier,Flash,Flash,Teleport,Flash,Ignite,1,3,0,0,3,0
https://www.op.gg/summoners/euw/SMRADOCH%20RANDOM-EUW/matches/uRd1PvnOddojueHSgFDIDQb7to0Z3YQVNLvxXijOEas%3D/1734438062000,1,34,28,28,34,37,42,52,64,11,11,1,1,0,1,10,1,1,2,59595,54113,14.2,14.6,806,751,29.6,27.6,5482,-5482,2208.5205882352943,2005.3641176470587,Tryndamere,Elise,Ziggs,Jinx,Bard,K'Sante,Viego,Yone,Neeko,Shaco,Berserker's Greaves,Navori Flickerblade,Ravenous Hydra,Blade of The Ruined King,Tunneler,Doran's Blade,Oracle Lens,Needlessly Large Rod,Zhonya's Hourglass,Sorcerer's Shoes,Dark Seal,Hextech Alternator,Lich Bane,Oracle Lens,Shadowflame,Luden's Companion,Rabadon's Deathcap,Sorcerer's Shoes,No_Item,No_Item,Farsight Alteration,Doran's Blade,Mortal Reminder,Yun Tal Wildarrows,Berserker's Greaves,Infinity Edge,No_Item,Farsight Alteration,Dead Man's Plate,Statikk Shiv,Bloodsong,Plated Steelcaps,Haunting Guise,Amplifying Tome,Oracle Lens,Mercury's Treads,Thornmail,Iceborn Gauntlet,Warden's Mail,Ruby Crystal,Negatron Cloak,Stealth Ward,Titanic Hydra,Kraken Slayer,Immortal Shieldbow,Control Ward,Tunneler,Mercury's Treads,Oracle Lens,Stridebreaker,Doran's Shield,Blade of The Ruined King,Noonquiver,Mercury's Treads,No_Item,Farsight Alteration,Nashor's Tooth,Guinsoo's Rageblade,"Jak'Sho, The Protean",No_Item,No_Item,Berserker's Greaves,Farsight Alteration,Voltaic Cyclosword,Boots of Swiftness,Control Ward,Umbral Glaive,Kindlegem,Bloodsong,Oracle Lens,Grasp of the Undying,Precision,Dark Harvest,Precision,Arcane Comet,Precision,Lethal Tempo,Sorcery,Guardian,Inspiration,Grasp of the Undying,Inspiration,Conqueror,Inspiration,Lethal Tempo,Resolve,Lethal Tempo,Resolve,Hail of Blades,Sorcery,Flash,Ignite,Flash,Smite,Flash,Teleport,Flash,Ghost,Ignite,Flash,Teleport,Flash,Flash,Smite,Flash,Teleport,Flash,Barrier,Ignite,Exhaust,1,3,3,0,0,0
https://www.op.gg/summoners/euw/SMRADOCH%20RANDOM-EUW/matches/uRd1PvnOddqkADP25gOuTv4Se-m3RhWVplUuymV9Z7k%3D/1734435306000,1,27,16,16,27,19,46,76,47,12,22,2,1,1,0,10,4,3,1,60347,50559,15.4,13.2,929,888,33.9,32.4,9788,-9788,2192.0918803418804,1836.5448717948716,K'Sante,Lee Sin,Viktor,Smolder,Milio,Kayle,Elise,Yone,Aphelios,Nautilus,Thornmail,Iceborn Gauntlet,"Jak'Sho, The Protean",Boots of Swiftness,Force of Nature,No_Item,Stealth Ward,Sundered Sky,Eclipse,Control Ward,Long Sword,Hexdrinker,Mercury's Treads,Stealth Ward,Lich Bane,Dark Seal,Luden's Companion,Sorcerer's Shoes,Rabadon's Deathcap,Doran's Ring,Farsight Alteration,B. F. Sword,Doran's Blade,Hubris,Boots of Swiftness,Mortal Reminder,Rapid Firecannon,Stealth Ward,Ionian Boots of Lucidity,Dream Maker,Echoes of Helia,Moonstone Renewer,Glowing Mote,No_Item,Oracle Lens,Doran's Blade,Boots of Swiftness,Nashor's Tooth,Shadowflame,No_Item,No_Item,Stealth Ward,Shadowflame,Sorcerer's Shoes,Void Staff,No_Item,No_Item,Stormsurge,Oracle Lens,Stridebreaker,Infinity Edge,Cloak of Agility,Long Sword,Berserker's Greaves,Blade of The Ruined King,Farsight Alteration,Infinity Edge,Lord Dominik's Regards,Doran's Blade,Berserker's Greaves,The Collector,No_Item,Farsight Alteration,Celestial Opposition,Locket of the Iron Solari,Knight's Vow,No_Item,Control Ward,Ionian Boots of Lucidity,Oracle Lens,Grasp of the Undying,Inspiration,Conqueror,Inspiration,Grasp of the Undying,Sorcery,Arcane Comet,Inspiration,Summon Aery,Resolve,Fleet Footwork,Sorcery,Dark Harvest,Precision,Lethal Tempo,Resolve,Press the Attack,Sorcery,Aftershock,Inspiration,Flash,Teleport,Flash,Smite,Flash,Teleport,Flash,Barrier,Flash,Heal,Flash,Teleport,Smite,Flash,Flash,Teleport,Flash,Barrier,Flash,Ignite,0,4,2,1,2,0
https://www.op.gg/summoners/euw/SMRADOCH%20RANDOM-EUW/matches/uRd1PvnOddqH58XB6isYGKugOyrD0i2ryvx7YCN6grw%3D/1734382152000,0,9,22,22,9,51,10,62,86,33,25,0,3,0,1,4,6,0,4,46496,51662,12.8,14.4,895,872,34.0,33.1,-5166,5166,1761.5224669603522,1957.2387665198237,Renekton,Lillia,Jayce,Jinx,Rell,Ambessa,Zac,Zoe,Ashe,Renata Glasc,Stridebreaker,Mercury's Treads,Cloth Armor,Tunneler,Eclipse,Pickaxe,Stealth Ward,Fiendish Codex,Rylai's Crystal Scepter,Dark Seal,Sorcerer's Shoes,Liandry's Torment,Amplifying Tome,Oracle Lens,Youmuu's Ghostblade,Opportunity,Muramana,Long Sword,Ionian Boots of Lucidity,Doran's Blade,Oracle Lens,Doran's Blade,Long Sword,Kraken Slayer,Executioner's Calling,Phantom Dancer,Berserker's Greaves,Farsight Alteration,Zeke's Convergence,Celestial Opposition,Control Ward,Mercury's Treads,Null-Magic Mantle,No_Item,Oracle Lens,Doran's Blade,Spear of Shojin,Plated Steelcaps,Sundered Sky,Ruby Crystal,Long Sword,Oracle Lens,Randuin's Omen,Dark Seal,Null-Magic Mantle,Spirit Visage,Sunfire Aegis,Ionian Boots of Lucidity,Oracle Lens,Doran's Ring,Luden's Companion,Sorcerer's Shoes,Lich Bane,Needlessly Large Rod,Needlessly Large Rod,Farsight Alteration,Doran's Blade,Runaan's Hurricane,Kraken Slayer,Berserker's Greaves,B. F. Sword,No_Item,Farsight Alteration,Redemption,Celestial Opposition,Mikael's Blessing,Control Ward,Boots of Swiftness,No_Item,Oracle Lens,Conqueror,Resolve,Conqueror,Sorcery,Phase Rush,Inspiration,Lethal Tempo,Sorcery,Aftershock,Inspiration,Grasp of the Undying,Domination,Aftershock,Inspiration,Electrocute,Sorcery,Lethal Tempo,Inspiration,Guardian,Domination,Flash,Teleport,Flash,Smite,Flash,Teleport,Cleanse,Flash,Flash,Ignite,Flash,Teleport,Smite,Flash,Flash,Teleport,Cleanse,Flash,Heal,Flash,1,2,0,0,4,1
https://www.op.gg/summoners/euw/SMRADOCH%20RANDOM-EUW/matches/uRd1PvnOddpxz-sBhl8cKGqeAAU0b4LRcuBRahvZgqU%3D/1734376201000,0,32,41,41,32,74,55,70,59,18,18,0,3,1,0,3,10,1,3,57707,64954,14.6,15.2,820,847,28.2,29.1,-7247,7247,1981.8565656565656,2230.7434343434343,Ambessa,Viego,Yasuo,Swain,Nautilus,Poppy,Taliyah,Garen,Ashe,Lulu,Black Cleaver,Pickaxe,Eclipse,Tunneler,Plated Steelcaps,No_Item,Stealth Ward,Titanic Hydra,Kraken Slayer,Black Cleaver,Long Sword,Mercury's Treads,Control Ward,Stealth Ward,Doran's Blade,Stridebreaker,Berserker's Greaves,Blade of The Ruined King,Immortal Shieldbow,Cloth Armor,Farsight Alteration,Rylai's Crystal Scepter,Blackfire Torch,Sorcerer's Shoes,Zhonya's Hourglass,Liandry's Torment,Fiendish Codex,Farsight Alteration,Locket of the Iron Solari,Knight's Vow,Bloodsong,Forbidden Idol,Kindlegem,Boots of Swiftness,Oracle Lens,Iceborn Gauntlet,Control Ward,Giant's Belt,Thornmail,Abyssal Mask,Plated Steelcaps,Farsight Alteration,Void Staff,Luden's Companion,Zhonya's Hourglass,Sorcerer's Shoes,Verdant Barrier,Dark Seal,Oracle Lens,Stridebreaker,Phantom Dancer,The Collector,Executioner's Calling,Cloak of Agility,Boots of Swiftness,Stealth Ward,Bloodthirster,Executioner's Calling,Statikk Shiv,Berserker's Greaves,Runaan's Hurricane,Doran's Blade,Farsight Alteration,Dream Maker,Shurelya's Battlesong,Locket of the Iron Solari,Dark Seal,Ionian Boots of Lucidity,Kindlegem,Oracle Lens,Grasp of the Undying,Domination,Conqueror,Inspiration,Grasp of the Undying,Precision,Conqueror,Resolve,Aftershock,Inspiration,Grasp of the Undying,Sorcery,First Strike,Domination,Phase Rush,Resolve,Lethal Tempo,Inspiration,Summon Aery,Domination,Teleport,Flash,Flash,Smite,Teleport,Flash,Flash,Exhaust,Flash,Ignite,Teleport,Flash,Flash,Smite,Flash,Ignite,Cleanse,Flash,Heal,Flash,1,4,0,0,2,2
https://www.op.gg/summoners/euw/SMRADOCH%20RANDOM-EUW/matches/uRd1PvnOddpwDDCZvlm2jJsOkcwJdy23U5IYLYf3oLc%3D/1734372651000,0,10,21,21,10,25,11,44,44,11,19,0,2,0,0,0,10,0,2,30932,43763,10.4,11.4,520,628,27.1,32.7,-12831,12831,1615.8507462686568,2286.126865671642,Tahm Kench,Wukong,Aatrox,Viktor,Ashe,Sylas,Xin Zhao,Irelia,Jinx,Lulu,Doran's Shield,Heartsteel,Refillable Potion,Plated Steelcaps,Ruby Crystal,No_Item,Stealth Ward,Gustwalker Hatchling,Trinity Force,Plated Steelcaps,Tunneler,Caulfield's Warhammer,No_Item,Stealth Ward,Doran's Blade,Refillable Potion,Plated Steelcaps,Hubris,Long Sword,No_Item,Stealth Ward,Sorcerer's Shoes,Fiendish Codex,Glowing Mote,Aether Wisp,Doran's Ring,Blackfire Torch,Farsight Alteration,Umbral Glaive,Control Ward,Bloodsong,Ionian Boots of Lucidity,Refillable Potion,Long Sword,Oracle Lens,Hextech Rocketbelt,Needlessly Large Rod,Dark Seal,Sorcerer's Shoes,Aether Wisp,Doran's Shield,Stealth Ward,Sundered Sky,Titanic Hydra,No_Item,No_Item,Slightly Magical Footwear,No_Item,Oracle Lens,Doran's Blade,Blade of The Ruined King,Plated Steelcaps,Hullbreaker,Steel Sigil,Caulfield's Warhammer,Oracle Lens,Doran's Blade,Yun Tal Wildarrows,Infinity Edge,Cloak of Agility,Berserker's Greaves,Cull,Farsight Alteration,Dream Maker,No_Item,Kindlegem,Moonstone Renewer,Ionian Boots of Lucidity,Forbidden Idol,Oracle Lens,Grasp of the Undying,Inspiration,Conqueror,Inspiration,Conqueror,Resolve,Phase Rush,Resolve,Hail of Blades,Inspiration,Conqueror,Resolve,Conqueror,Inspiration,Conqueror,Resolve,Lethal Tempo,Sorcery,Summon Aery,Resolve,Flash,Teleport,Flash,Smite,Flash,Ignite,Flash,Teleport,Flash,Heal,Flash,Teleport,Smite,Flash,Flash,Teleport,Cleanse,Flash,Flash,Heal,0,0,0,1,6,2
https://www.op.gg/summoners/euw/SMRADOCH%20RANDOM-EUW/matches/uRd1PvnOddq_UsO2T2BbhecaWLWJ6BUqlkz5ygs-VZA%3D/1734350692000,0,23,44,44,23,53,34,77,70,18,28,0,4,0,2,5,11,0,6,57391,72630,14.4,16.8,885,994,29.4,33.1,-15239,15239,1905.4719367588934,2411.430830039526,Camille,Ivern,Viktor,Corki,Nautilus,Riven,Taliyah,Yone,Ezreal,Neeko,Ravenous Hydra,No_Item,Plated Steelcaps,Doran's Blade,Sterak's Gage,Trinity Force,Stealth Ward,Shurelya's Battlesong,Moonstone Renewer,Redemption,Synchronized Souls,Mejai's Soulstealer,Forbidden Idol,Oracle Lens,Zhonya's Hourglass,Blackfire Torch,Sorcerer's Shoes,Needlessly Large Rod,Dark Seal,Liandry's Torment,Farsight Alteration,Muramana,Boots of Swiftness,Rapid Firecannon,Trinity Force,Doran's Blade,Cloak of Agility,Farsight Alteration,Ruby Crystal,Bloodsong,Warmog's Armor,Cloth Armor,Boots of Swiftness,Abyssal Mask,Oracle Lens,Eclipse,Ionian Boots of Lucidity,No_Item,Sundered Sky,Serpent's Fang,Serylda's Grudge,Oracle Lens,No_Item,Dark Seal,Zhonya's Hourglass,Shadowflame,Luden's Companion,Sorcerer's Shoes,Oracle Lens,Mortal Reminder,Immortal Shieldbow,Blade of The Ruined King,Berserker's Greaves,Infinity Edge,Negatron Cloak,Oracle Lens,Last Whisper,Muramana,Trinity Force,Ionian Boots of Lucidity,Spear of Shojin,Caulfield's Warhammer,Farsight Alteration,Hextech Rocketbelt,Zaz'Zak's Realmspike,Needlessly Large Rod,Shattered Armguard,Stormsurge,Sorcerer's Shoes,Oracle Lens,Grasp of the Undying,Sorcery,Glacial Augment,Sorcery,Summon Aery,Resolve,Hail of Blades,Precision,Aftershock,Inspiration,Conqueror,Sorcery,First Strike,Domination,Lethal Tempo,Resolve,Press the Attack,Sorcery,Arcane Comet,Inspiration,Flash,Teleport,Smite,Flash,Flash,Teleport,Barrier,Flash,Flash,Ignite,Ignite,Flash,Flash,Smite,Flash,Teleport,Flash,Barrier,Ignite,Flash,1,4,0,0,2,3
https://www.op.gg/summoners/euw/SMRADOCH%20RANDOM-EUW/matches/uRd1PvnOddofmotDCWBP51zqEFdgjx1P43Myt7ZufV8%3D/1734088271000,0,39,52,52,39,94,64,130,86,37,45,2,3,1,0,5,8,3,3,71029,72564,15.8,16.6,959,902,27.8,26.3,-1535,1535,2063.533639143731,2108.1284403669724,Irelia,Wukong,Akali,Ezreal,Maokai,Garen,Vi,Aurora,Viktor,Bard,Blade of The Ruined King,Sundered Sky,Death's Dance,Wit's End,Mercury's Treads,Pickaxe,Oracle Lens,Trinity Force,Sundered Sky,Control Ward,Ionian Boots of Lucidity,Guardian Angel,Sterak's Gage,Oracle Lens,Shadowflame,Zhonya's Hourglass,No_Item,Sorcerer's Shoes,Stormsurge,No_Item,Oracle Lens,Hexdrinker,Trinity Force,Bloodthirster,Ionian Boots of Lucidity,Serylda's Grudge,Muramana,Farsight Alteration,Locket of the Iron Solari,Celestial Opposition,Control Ward,Knight's Vow,Trailblazer,Boots of Swiftness,Oracle Lens,Phantom Dancer,Berserker's Greaves,Thornmail,Tunneler,Mortal Reminder,Stridebreaker,Stealth Ward,Sterak's Gage,Sundered Sky,No_Item,Zeke's Convergence,Frozen Heart,Plated Steelcaps,Oracle Lens,Blighting Jewel,Zhonya's Hourglass,Shadowflame,Sorcerer's Shoes,Luden's Companion,Dark Seal,Oracle Lens,Zhonya's Hourglass,No_Item,Sorcerer's Shoes,Rabadon's Deathcap,Liandry's Torment,Blackfire Torch,Farsight Alteration,Dead Man's Plate,Plated Steelcaps,Bloodsong,Statikk Shiv,Negatron Cloak,Liandry's Torment,Oracle Lens,Conqueror,Resolve,Conqueror,Inspiration,Electrocute,Resolve,Conqueror,Inspiration,Aftershock,Domination,Conqueror,Resolve,Conqueror,Inspiration,Electrocute,Precision,Summon Aery,Precision,Guardian,Inspiration,Flash,Teleport,Flash,Smite,Flash,Teleport,Flash,Teleport,Flash,Ignite,Ignite,Flash,Flash,Smite,Flash,Teleport,Teleport,Flash,Ignite,Flash,1,5,0,0,0,1
https://www.op.gg/summoners/euw/SMRADOCH%20RANDOM-EUW/matches/uRd1PvnOddpO3jPwScX3FXWnj1meHsoBD2n6UpltrI0%3D/1733682363000,1,14,4,4,14,6,18,56,55,22,19,3,0,0,0,3,2,3,0,42022,35905,12.4,11.4,803,730,36.8,33.5,6117,-6117,1920.3602150537633,1640.8198924731182,Aurora,Wukong,Ezreal,Jhin,Seraphine,K'Sante,Lillia,Smolder,Caitlyn,Lux,Boots of Swiftness,Malignance,Liandry's Torment,Blighting Jewel,No_Item,No_Item,Farsight Alteration,No_Item,Mercury's Treads,Black Cleaver,No_Item,Trinity Force,No_Item,Oracle Lens,Last Whisper,Slightly Magical Footwear,Muramana,Trinity Force,Control Ward,Doran's Blade,Farsight Alteration,Doran's Blade,The Collector,B. F. Sword,Hubris,No_Item,Boots of Swiftness,Farsight Alteration,Dream Maker,Mikael's Blessing,No_Item,Kindlegem,No_Item,Ionian Boots of Lucidity,Oracle Lens,Unending Despair,Kaenic Rookern,Cloth Armor,Plated Steelcaps,Glowing Mote,Doran's Shield,Stealth Ward,Liandry's Torment,Seeker's Armguard,Dark Seal,Ionian Boots of Lucidity,Needlessly Large Rod,No_Item,Oracle Lens,Doran's Blade,No_Item,Essence Reaver,Tunneler,Ionian Boots of Lucidity,Ruby Crystal,Farsight Alteration,Doran's Blade,The Collector,Cloak of Agility,Boots,Pickaxe,B. F. Sword,Farsight Alteration,Sorcerer's Shoes,Control Ward,Zaz'Zak's Realmspike,Luden's Companion,No_Item,No_Item,Oracle Lens,Electrocute,Sorcery,Conqueror,Inspiration,Press the Attack,Inspiration,Dark Harvest,Precision,Guardian,Sorcery,Grasp of the Undying,Inspiration,Dark Harvest,Inspiration,Fleet Footwork,Sorcery,Fleet Footwork,Sorcery,Arcane Comet,Resolve,Teleport,Flash,Flash,Smite,Flash,Teleport,Flash,Barrier,Heal,Flash,Flash,Teleport,Flash,Smite,Teleport,Flash,Barrier,Flash,Flash,Heal,1,1,0,0,5,0
https://www.op.gg/summoners/euw/SMRADOCH%20RANDOM-EUW/matches/uRd1PvnOddoCskbEjoGyekSPIf6tdEqegQ1jyUJS-pI%3D/1733680371000,1,38,45,45,38,76,64,121,89,44,52,4,2,0,2,10,7,4,4,80123,83760,17.2,17.6,1127,1229,27.400000000000002,29.8,-3637,3637,1951.7141025641024,2040.3076923076922,Kled,Qiyana,Aurora,Lux,Jax,Poppy,Talon,Ahri,Corki,Nami,Titanic Hydra,Black Cleaver,Ruby Crystal,Plated Steelcaps,Pickaxe,Sundered Sky,Oracle Lens,Umbral Glaive,Youmuu's Ghostblade,Edge of Night,Serylda's Grudge,Ionian Boots of Lucidity,Opportunity,Oracle Lens,Rabadon's Deathcap,Void Staff,Imperial Mandate,Luden's Companion,Sorcerer's Shoes,Stormsurge,Oracle Lens,Luden's Companion,Cryptbloom,No_Item,Shadowflame,Liandry's Torment,Sorcerer's Shoes,Farsight Alteration,Bloodsong,No_Item,Plated Steelcaps,Sterak's Gage,Wit's End,Sundered Sky,Oracle Lens,Mercury's Treads,Fimbulwinter,Sundered Sky,Unending Despair,Spirit Visage,Eclipse,Oracle Lens,Hubris,Youmuu's Ghostblade,Edge of Night,Boots of Swiftness,Serylda's Grudge,Opportunity,Oracle Lens,Stormsurge,Zhonya's Hourglass,Mejai's Soulstealer,Rabadon's Deathcap,Sorcerer's Shoes,Shadowflame,Oracle Lens,Serrated Dirk,Plated Steelcaps,Muramana,Maw of Malmortius,Trinity Force,Lord Dominik's Regards,Farsight Alteration,Dream Maker,Control Ward,Ionian Boots of Lucidity,Moonstone Renewer,Dawncore,Imperial Mandate,Oracle Lens,Conqueror,Resolve,Electrocute,Inspiration,Electrocute,Precision,Arcane Comet,Precision,Hail of Blades,Inspiration,Grasp of the Undying,Sorcery,Conqueror,Inspiration,Electrocute,Sorcery,Conqueror,Inspiration,Summon Aery,Inspiration,Teleport,Flash,Flash,Smite,Flash,Teleport,Flash,Barrier,Flash,Ignite,Teleport,Flash,Ignite,Smite,Flash,Teleport,Flash,Cleanse,Flash,Heal,1,6,3,0,0,1
https://www.op.gg/summoners/euw/SMRADOCH%20RANDOM-EUW/matches/uRd1PvnOddq0Wo3naWquD86JNW5N1Ocw05k8KcogE5Y%3D/1733259632000,0,22,38,38,22,49,29,43,53,16,13,2,1,0,1,2,7,2,2,41229,53000,11.2,13.2,572,711,26.8,33.4,-11771,11771,1947.5005025125631,2503.517587939699,K'Sante,Master Yi,Yasuo,Olaf,Neeko,Fiora,Graves,Akali,Caitlyn,Rakan,Negatron Cloak,Control Ward,Plated Steelcaps,Bramble Vest,Iceborn Gauntlet,Chain Vest,Oracle Lens,Gustwalker Hatchling,Kraken Slayer,Guinsoo's Rageblade,Berserker's Greaves,Recurve Bow,Long Sword,Oracle Lens,Doran's Blade,Stridebreaker,Berserker's Greaves,Blade of The Ruined King,No_Item,No_Item,Farsight Alteration,Doran's Blade,Experimental Hexplate,Hexdrinker,Long Sword,Plated Steelcaps,Ravenous Hydra,Oracle Lens,Hextech Rocketbelt,Celestial Opposition,No_Item,Ionian Boots of Lucidity,Oblivion Orb,Amplifying Tome,Oracle Lens,Ravenous Hydra,Trinity Force,Death's Dance,Slightly Magical Footwear,No_Item,Doran's Blade,Stealth Ward,Youmuu's Ghostblade,Immortal Shieldbow,Randuin's Omen,Plated Steelcaps,No_Item,No_Item,Oracle Lens,Doran's Ring,Dark Seal,Lich Bane,Shadowflame,Sorcerer's Shoes,Blasting Wand,Oracle Lens,Doran's Blade,The Collector,Berserker's Greaves,Pickaxe,B. F. Sword,No_Item,Farsight Alteration,Celestial Opposition,No_Item,Shurelya's Battlesong,Frozen Heart,Plated Steelcaps,No_Item,Oracle Lens,Grasp of the Undying,Inspiration,Lethal Tempo,Domination,Lethal Tempo,Resolve,Conqueror,Inspiration,Arcane Comet,Domination,Grasp of the Undying,Inspiration,Dark Harvest,Precision,Electrocute,Precision,Fleet Footwork,Sorcery,Guardian,Domination,Teleport,Flash,Flash,Smite,Teleport,Flash,Flash,Ghost,Flash,Heal,Teleport,Flash,Flash,Smite,Flash,Teleport,Flash,Barrier,Flash,Ignite,0,0,0,1,6,0
https://www.op.gg/summoners/euw/SMRADOCH%20RANDOM-EUW/matches/uRd1PvnOddqJtOv_0cJHK5Fm_N_vBKrh9Gw54znKcoA%3D/1733257805000,1,19,6,6,19,8,11,30,20,10,5,2,0,0,0,2,0,2,0,31707,24603,10.2,9.0,544,422,34.1,26.3,7104,-7104,1993.945360824742,1547.1989690721648,Ambessa,Viego,Aurora,Ashe,Soraka,Renekton,Jarvan IV,Olaf,Hwei,Lulu,Sundered Sky,Refillable Potion,Plated Steelcaps,Long Sword,Doran's Shield,Long Sword,Farsight Alteration,Slightly Magical Footwear,Kraken Slayer,Titanic Hydra,No_Item,No_Item,No_Item,Oracle Lens,Refillable Potion,Luden's Companion,Needlessly Large Rod,Dark Seal,Boots,Doran's Ring,Stealth Ward,Doran's Blade,Berserker's Greaves,Total Biscuit of Everlasting Will,Yun Tal Wildarrows,Zeal,No_Item,Stealth Ward,Dream Maker,Moonstone Renewer,Forbidden Idol,Kindlegem,Boots,No_Item,Oracle Lens,Doran's Blade,Refillable Potion,Black Cleaver,No_Item,Boots,No_Item,Stealth Ward,Gustwalker Hatchling,Eclipse,Plated Steelcaps,Long Sword,No_Item,No_Item,Oracle Lens,Doran's Blade,Cull,Slightly Magical Footwear,No_Item,No_Item,Ravenous Hydra,Oracle Lens,Doran's Ring,Blackfire Torch,Refillable Potion,Amplifying Tome,Sorcerer's Shoes,No_Item,Farsight Alteration,Dream Maker,Control Ward,Bandleglass Mirror,Aether Wisp,Ionian Boots of Lucidity,No_Item,Oracle Lens,Grasp of the Undying,Domination,Conqueror,Inspiration,Electrocute,Precision,Lethal Tempo,Inspiration,Summon Aery,Resolve,Conqueror,Resolve,Conqueror,Inspiration,Conqueror,Inspiration,Arcane Comet,Precision,Summon Aery,Resolve,Flash,Teleport,Flash,Smite,Flash,Teleport,Ghost,Flash,Flash,Heal,Teleport,Flash,Flash,Smite,Flash,Ghost,Flash,Teleport,Flash,Heal,1,6,0,0,0,0
https://www.op.gg/summoners/euw/SMRADOCH%20RANDOM-EUW/matches/uRd1PvnOddq66Olr5EYrxOunU2-8M2As_tTUoa7FTBI%3D/1733255027000,1,18,14,14,18,25,41,68,74,31,23,2,2,2,0,10,2,4,2,61962,53806,15.2,14.4,1008,966,33.2,31.799999999999997,8156,-8156,2042.1932584269664,1773.3812734082398,Poppy,Viego,Syndra,Corki,Janna,Jax,Zac,Aurora,Ezreal,Senna,Spirit Visage,Sunfire Aegis,Fimbulwinter,Unending Despair,Plated Steelcaps,Control Ward,Oracle Lens,Sundered Sky,Trinity Force,No_Item,Sterak's Gage,Mercury's Treads,No_Item,Oracle Lens,Needlessly Large Rod,Mejai's Soulstealer,Cosmic Drive,Blackfire Torch,Void Staff,Sorcerer's Shoes,Oracle Lens,Doran's Blade,Plated Steelcaps,Rapid Firecannon,Trinity Force,Muramana,No_Item,Farsight Alteration,Dream Maker,Forbidden Idol,Boots of Swiftness,Echoes of Helia,Kindlegem,Moonstone Renewer,Oracle Lens,Doran's Shield,Trinity Force,Sundered Sky,No_Item,Ionian Boots of Lucidity,Seeker's Armguard,Stealth Ward,Spirit Visage,Kindlegem,Ionian Boots of Lucidity,Chain Vest,Sunfire Aegis,Ruby Crystal,Oracle Lens,Rabadon's Deathcap,Liandry's Torment,Malignance,Amplifying Tome,Mercury's Treads,Dark Seal,Farsight Alteration,Doran's Blade,Muramana,Trinity Force,Ionian Boots of Lucidity,Serylda's Grudge,Vampiric Scepter,Farsight Alteration,Bloodsong,Black Cleaver,Echoes of Helia,Kindlegem,Bandleglass Mirror,Boots of Swiftness,Oracle Lens,Grasp of the Undying,Sorcery,Conqueror,Inspiration,Summon Aery,Precision,Conqueror,Inspiration,Summon Aery,Resolve,Grasp of the Undying,Inspiration,Aftershock,Precision,Arcane Comet,Domination,Press the Attack,Sorcery,Grasp of the Undying,Precision,Teleport,Flash,Flash,Smite,Flash,Teleport,Barrier,Flash,Heal,Flash,Flash,Teleport,Smite,Flash,Flash,Teleport,Barrier,Flash,Flash,Heal,1,3,2,0,3,0
https://www.op.gg/summoners/euw/SMRADOCH%20RANDOM-EUW/matches/uRd1PvnOddpiTucP0BWPt2HZF3iuA8f9NVO0A1rAH9w%3D/1733081341000,0,22,34,34,22,62,32,82,122,56,40,1,4,0,1,5,8,1,5,62964,68467,15.4,16.8,1056,1020,31.8,30.8,-5503,5503,1909.8085308056873,2076.724170616114,Ziggs,Vi,Syndra,Corki,Lulu,Aurora,Graves,Jayce,Kog'Maw,Bard,Horizon Focus,Luden's Companion,Sorcerer's Shoes,Tear of the Goddess,Liandry's Torment,No_Item,Farsight Alteration,Titanic Hydra,Trinity Force,Sundered Sky,Maw of Malmortius,Plated Steelcaps,No_Item,Oracle Lens,Blackfire Torch,Liandry's Torment,Rabadon's Deathcap,Control Ward,Ionian Boots of Lucidity,Banshee's Veil,Farsight Alteration,Boots of Swiftness,Cloak of Agility,Doran's Blade,Trinity Force,Muramana,Bloodthirster,Farsight Alteration,Dawncore,Redemption,Dream Maker,No_Item,Moonstone Renewer,Boots of Swiftness,Oracle Lens,Luden's Companion,Sorcerer's Shoes,Blasting Wand,Zhonya's Hourglass,Dark Seal,Shadowflame,Oracle Lens,Youmuu's Ghostblade,No_Item,Infinity Edge,Mortal Reminder,The Collector,Boots of Swiftness,Oracle Lens,Muramana,Eclipse,Mercury's Treads,Edge of Night,Serylda's Grudge,Hexdrinker,Farsight Alteration,Doran's Ring,Sorcerer's Shoes,Horizon Focus,Luden's Companion,Seraph's Embrace,Void Staff,Farsight Alteration,Bloodsong,Locket of the Iron Solari,No_Item,Warmog's Armor,Negatron Cloak,Boots of Swiftness,Oracle Lens,Arcane Comet,Precision,Conqueror,Inspiration,First Strike,Sorcery,Fleet Footwork,Inspiration,Summon Aery,Resolve,Electrocute,Sorcery,Dark Harvest,Sorcery,Phase Rush,Inspiration,Arcane Comet,Precision,Grasp of the Undying,Domination,Flash,Teleport,Flash,Smite,Teleport,Flash,Teleport,Flash,Heal,Flash,Flash,Teleport,Flash,Smite,Flash,Teleport,Flash,Teleport,Flash,Ignite,1,5,0,0,1,2
https://www.op.gg/summoners/euw/SMRADOCH%20RANDOM-EUW/matches/uRd1PvnOddpzM2mSS0pvrI7qc0w4CBihDRM3zhNqNSI%3D/1733078551000,1,15,5,5,15,5,15,44,50,14,17,2,0,0,0,5,2,2,0,36959,29106,11.0,10.2,622,560,34.7,31.3,7853,-7853,2059.1442857142856,1621.62,Gnar,Vi,Ziggs,Ezreal,Lulu,Volibear,Wukong,Ahri,Lucian,Nami,Trinity Force,Doran's Blade,Mercury's Treads,Tunneler,Ruby Crystal,No_Item,Farsight Alteration,Pickaxe,Ruby Crystal,Sundered Sky,Plated Steelcaps,Ruby Crystal,No_Item,Oracle Lens,Luden's Companion,Horizon Focus,Dark Seal,Sorcerer's Shoes,No_Item,Doran's Ring,Stealth Ward,Trinity Force,Doran's Blade,Tear of the Goddess,Caulfield's Warhammer,Ionian Boots of Lucidity,Long Sword,Farsight Alteration,Refillable Potion,No_Item,Dream Maker,Boots of Swiftness,Moonstone Renewer,No_Item,Oracle Lens,Boots of Swiftness,Dark Seal,Doran's Ring,Cosmic Drive,No_Item,No_Item,Stealth Ward,Ruby Crystal,No_Item,Control Ward,Trinity Force,No_Item,Plated Steelcaps,Oracle Lens,Malignance,Ionian Boots of Lucidity,Dark Seal,Haunting Guise,Amplifying Tome,Doran's Ring,Oracle Lens,Doran's Blade,Refillable Potion,Essence Reaver,Zeal,No_Item,Slightly Magical Footwear,Farsight Alteration,Imperial Mandate,Dream Maker,No_Item,Amplifying Tome,Boots,No_Item,Oracle Lens,Grasp of the Undying,Precision,Conqueror,Inspiration,Arcane Comet,Precision,Conqueror,Sorcery,Summon Aery,Resolve,Press the Attack,Resolve,Conqueror,Inspiration,Electrocute,Sorcery,Press the Attack,Inspiration,Summon Aery,Domination,Flash,Teleport,Flash,Smite,Flash,Teleport,Flash,Barrier,Heal,Flash,Flash,Teleport,Smite,Flash,Teleport,Flash,Flash,Barrier,Flash,Heal,1,1,0,0,4,0
https://www.op.gg/summoners/euw/SMRADOCH%20RANDOM-EUW/matches/uRd1PvnOddpokVgFLu6nvIhqYQaOC7AiG0gubybHg70%3D/1732901147000,1,31,29,29,31,44,38,111,128,62,52,2,3,0,2,10,4,2,5,71749,68327,16.0,16.8,1177,1050,32.5,29.0,3422,-3422,1965.0999999999997,1871.3764331210189,Ahri,Skarner,Aurora,Aphelios,Pyke,Fiddlesticks,Viego,Lux,Caitlyn,Bard,Banshee's Veil,Malignance,Rabadon's Deathcap,Lich Bane,Mejai's Soulstealer,Mercury's Treads,Farsight Alteration,Thornmail,Heartsteel,Control Ward,Unending Despair,Kaenic Rookern,Mercury's Treads,Oracle Lens,Control Ward,Mercury's Treads,Rabadon's Deathcap,Needlessly Large Rod,Void Staff,Malignance,Farsight Alteration,Mortal Reminder,Infinity Edge,The Collector,Berserker's Greaves,Runaan's Hurricane,No_Item,Farsight Alteration,Bloodsong,Youmuu's Ghostblade,Control Ward,Umbral Glaive,Edge of Night,Ionian Boots of Lucidity,Oracle Lens,Zhonya's Hourglass,Stormsurge,Sorcerer's Shoes,Void Staff,Malignance,No_Item,Scarecrow Effigy,Titanic Hydra,Kraken Slayer,Plated Steelcaps,Control Ward,Wit's End,Death's Dance,Oracle Lens,Doran's Ring,Luden's Companion,Sorcerer's Shoes,Horizon Focus,Rabadon's Deathcap,Void Staff,Farsight Alteration,The Collector,Berserker's Greaves,Infinity Edge,Lord Dominik's Regards,Cloak of Agility,Doran's Blade,Farsight Alteration,Bloodsong,Locket of the Iron Solari,No_Item,Winged Moonplate,Heartsteel,Boots of Swiftness,Oracle Lens,Electrocute,Sorcery,Aftershock,Inspiration,Electrocute,Sorcery,Press the Attack,Sorcery,Hail of Blades,Inspiration,Summon Aery,Resolve,Conqueror,Inspiration,Electrocute,Sorcery,Lethal Tempo,Sorcery,Guardian,Domination,Flash,Teleport,Flash,Smite,Flash,Teleport,Flash,Cleanse,Flash,Ignite,Flash,Ignite,Flash,Smite,Flash,Teleport,Flash,Barrier,Flash,Exhaust,1,5,1,0,1,0
https://www.op.gg/summoners/euw/SMRADOCH%20RANDOM-EUW/matches/uRd1PvnOddqgD94olsUcFV3KghEOy84Ee2JUWDz5ZEk%3D/1732898271000,1,27,20,20,27,27,37,78,101,22,39,2,1,1,0,9,3,3,1,59322,50646,15.0,13.4,905,852,33.9,31.8,8676,-8676,2221.419574468085,1896.5310638297874,Gragas,Elise,Ezreal,Jhin,Nautilus,Yone,Ivern,Smolder,Caitlyn,Bard,Lost Chapter,Boots of Swiftness,Cosmic Drive,Hextech Rocketbelt,Lich Bane,Amplifying Tome,Oracle Lens,No_Item,Stormsurge,Sorcerer's Shoes,Rabadon's Deathcap,Shadowflame,Dark Seal,Oracle Lens,Serylda's Grudge,Serrated Dirk,Muramana,Trinity Force,Doran's Blade,Ionian Boots of Lucidity,Farsight Alteration,Mortal Reminder,The Collector,Infinity Edge,Boots of Swiftness,Long Sword,No_Item,Farsight Alteration,Celestial Opposition,Locket of the Iron Solari,Control Ward,Frozen Heart,Plated Steelcaps,No_Item,Oracle Lens,Doran's Shield,B. F. Sword,Cloak of Agility,Berserker's Greaves,Kraken Slayer,Immortal Shieldbow,Farsight Alteration,Kindlegem,Moonstone Renewer,Redemption,Forbidden Idol,Ionian Boots of Lucidity,Amplifying Tome,Oracle Lens,Doran's Blade,Hubris,Essence Reaver,Boots of Swiftness,Scout's Slingshot,No_Item,Farsight Alteration,B. F. Sword,Rapid Firecannon,Vampiric Scepter,Berserker's Greaves,Infinity Edge,The Collector,Farsight Alteration,Bloodsong,Null-Magic Mantle,Giant's Belt,Chain Vest,Warmog's Armor,Boots of Swiftness,Oracle Lens,Phase Rush,Precision,Dark Harvest,Precision,Conqueror,Sorcery,Dark Harvest,Precision,Aftershock,Inspiration,Lethal Tempo,Resolve,Glacial Augment,Sorcery,Grasp of the Undying,Precision,Fleet Footwork,Inspiration,Guardian,Domination,Flash,Teleport,Flash,Smite,Flash,Teleport,Flash,Barrier,Flash,Ignite,Flash,Teleport,Flash,Smite,Flash,Teleport,Flash,Barrier,Flash,Ignite,1,6,1,0,0,0
https://www.op.gg/summoners/euw/SMRADOCH%20RANDOM-EUW/matches/uRd1PvnOddrAfdhU8LozYQ_8F0Y4Stxyx9nhdvnX_ro%3D/1732895823000,0,9,20,20,9,30,12,60,45,11,14,0,2,0,1,2,11,0,3,36829,48284,11.8,13.2,663,715,29.8,32.2,-11455,11455,1657.305,2172.78,Dr. Mundo,Jarvan IV,Akali,Ezreal,Bard,Yorick,Wukong,Ahri,Corki,Milio,Doran's Shield,Heartsteel,Warmog's Armor,Plated Steelcaps,No_Item,No_Item,Farsight Alteration,Sundered Sky,No_Item,Control Ward,No_Item,Eclipse,Slightly Magical Footwear,Oracle Lens,Doran's Ring,Dark Seal,Shadowflame,Stormsurge,No_Item,Boots,Oracle Lens,Ionian Boots of Lucidity,Trinity Force,Muramana,Long Sword,Long Sword,No_Item,Farsight Alteration,Bloodsong,Heartsteel,Ruby Crystal,No_Item,No_Item,Boots of Swiftness,Oracle Lens,Doran's Shield,Plated Steelcaps,Trinity Force,Hullbreaker,Ruby Crystal,No_Item,Oracle Lens,Sundered Sky,Trinity Force,Mercury's Treads,Tunneler,Pickaxe,Ruby Crystal,Oracle Lens,Lord Dominik's Regards,Pickaxe,Sorcerer's Shoes,Rectrix,Dagger,Dagger,Oracle Lens,Trinity Force,Control Ward,Muramana,Executioner's Calling,Pickaxe,Plated Steelcaps,Farsight Alteration,Dream Maker,Redemption,No_Item,Forbidden Idol,Echoes of Helia,Boots of Swiftness,Oracle Lens,Grasp of the Undying,Inspiration,Conqueror,Inspiration,Electrocute,Resolve,Press the Attack,Inspiration,Guardian,Domination,Grasp of the Undying,Precision,Conqueror,Inspiration,Electrocute,Sorcery,Conqueror,Inspiration,Summon Aery,Resolve,Flash,Teleport,Flash,Smite,Ignite,Flash,Barrier,Flash,Flash,Ignite,Flash,Teleport,Flash,Smite,Flash,Teleport,Barrier,Flash,Flash,Heal,0,0,0,1,6,2
https://www.op.gg/summoners/euw/SMRADOCH%20RANDOM-EUW/matches/uRd1PvnOddqwni3SqihFFuTXhZ0UwX4riOJXUZyoNu0%3D/1732893713000,0,20,39,39,21,63,33,67,67,19,27,0,4,0,1,5,10,0,5,52699,63074,13.6,15.8,795,888,27.9,31.1,-10375,10375,1841.6317204301074,2204.1989247311826,Camille,Udyr,Smolder,Ashe,Nautilus,Cho'Gath,Viego,Yone,Ezreal,Bard,Ravenous Hydra,Spear of Shojin,Trinity Force,Plated Steelcaps,Pickaxe,Ruby Crystal,Oracle Lens,Dead Man's Plate,Boots of Swiftness,Liandry's Torment,Unending Despair,Ruby Crystal,Control Ward,Oracle Lens,Scout's Slingshot,Dagger,Control Ward,Ionian Boots of Lucidity,Spear of Shojin,Muramana,Farsight Alteration,Berserker's Greaves,Yun Tal Wildarrows,Control Ward,Doran's Blade,Mortal Reminder,Phantom Dancer,Farsight Alteration,Bloodsong,Locket of the Iron Solari,Knight's Vow,Boots of Swiftness,Control Ward,Ruby Crystal,Oracle Lens,Heartsteel,Doran's Ring,Fimbulwinter,Boots of Swiftness,Negatron Cloak,Chain Vest,Oracle Lens,Tiamat,Kraken Slayer,Death's Dance,Tunneler,Plated Steelcaps,No_Item,Stealth Ward,Berserker's Greaves,Blade of The Ruined King,Immortal Shieldbow,Infinity Edge,"Jak'Sho, The Protean",No_Item,Oracle Lens,Trinity Force,Muramana,Ionian Boots of Lucidity,B. F. Sword,Serylda's Grudge,Vampiric Scepter,Farsight Alteration,Bloodsong,Boots of Swiftness,Dead Man's Plate,Statikk Shiv,Control Ward,Bandleglass Mirror,Oracle Lens,Conqueror,Resolve,Conqueror,Resolve,Grasp of the Undying,Precision,Lethal Tempo,Inspiration,Aftershock,Inspiration,Grasp of the Undying,Sorcery,Conqueror,Inspiration,Fleet Footwork,Resolve,Press the Attack,Inspiration,Guardian,Inspiration,Flash,Teleport,Flash,Smite,Teleport,Flash,Barrier,Flash,Flash,Ignite,Flash,Teleport,Flash,Smite,Teleport,Flash,Flash,Barrier,Flash,Ignite,1,6,0,0,0,2
https://www.op.gg/summoners/euw/SMRADOCH%20RANDOM-EUW/matches/uRd1PvnOddpO_aSUgOlrIK7rXerDS3h8yLCvDjSwgZQ%3D/1732891364000,0,23,35,35,23,83,38,72,86,31,24,0,3,1,0,2,7,1,3,52869,62243,14.4,15.2,865,911,30.5,32.0,-9374,9374,1869.1060606060607,2200.510101010101,Pantheon,Ambessa,Sylas,Ashe,Karma,K'Sante,Jarvan IV,Ahri,Corki,Bard,Doran's Blade,Black Cleaver,Eclipse,Plated Steelcaps,Caulfield's Warhammer,Ruby Crystal,Oracle Lens,Black Cleaver,Eclipse,Ionian Boots of Lucidity,Death's Dance,No_Item,No_Item,Oracle Lens,Hextech Rocketbelt,No_Item,Liandry's Torment,Sorcerer's Shoes,Dark Seal,Cosmic Drive,Oracle Lens,Berserker's Greaves,Kraken Slayer,Mortal Reminder,Phantom Dancer,Doran's Blade,No_Item,Farsight Alteration,Ionian Boots of Lucidity,Echoes of Helia,Dream Maker,Redemption,Control Ward,Moonstone Renewer,Oracle Lens,Iceborn Gauntlet,Doran's Shield,Plated Steelcaps,Unending Despair,Bramble Vest,Cloth Armor,Stealth Ward,Plated Steelcaps,No_Item,Spear of Shojin,Sundered Sky,Sterak's Gage,No_Item,Oracle Lens,Mejai's Soulstealer,Shadowflame,Needlessly Large Rod,Malignance,Needlessly Large Rod,Sorcerer's Shoes,Oracle Lens,Zeal,Muramana,Plated Steelcaps,Trinity Force,Infinity Edge,Lord Dominik's Regards,Farsight Alteration,Boots of Swiftness,Warmog's Armor,Control Ward,Bloodsong,Kindlegem,Dead Man's Plate,Oracle Lens,Conqueror,Sorcery,Conqueror,Domination,Electrocute,Resolve,Lethal Tempo,Inspiration,Summon Aery,Resolve,Grasp of the Undying,Inspiration,Conqueror,Inspiration,Electrocute,Precision,Conqueror,Inspiration,Guardian,Domination,Flash,Ignite,Flash,Smite,Flash,Teleport,Barrier,Flash,Heal,Flash,Teleport,Flash,Flash,Smite,Flash,Teleport,Teleport,Flash,Flash,Heal,1,6,0,0,0,0
https://www.op.gg/summoners/euw/SMRADOCH%20RANDOM-EUW/matches/uRd1PvnOddrssYNBY3-s1em3yimJPSyrxnvjSM_G_Ng%3D/1732888928000,0,34,41,41,34,72,69,63,89,42,32,1,2,0,1,2,8,1,3,56798,66769,13.8,15.2,816,848,27.1,28.1,-9971,9971,1880.6026755852843,2210.746153846154,Malphite,Jarvan IV,LeBlanc,Ashe,Braum,Gwen,Wukong,Azir,Varus,Pyke,Doran's Ring,Malignance,Ionian Boots of Lucidity,Kaenic Rookern,Warden's Mail,Glacial Buckler,Oracle Lens,Sundered Sky,Spear of Shojin,Abyssal Mask,No_Item,Slightly Magical Footwear,Eclipse,Oracle Lens,Rabadon's Deathcap,Luden's Companion,Mejai's Soulstealer,Amplifying Tome,Shadowflame,Sorcerer's Shoes,Oracle Lens,Pickaxe,Kraken Slayer,Berserker's Greaves,Phantom Dancer,Bloodthirster,Cloak of Agility,Farsight Alteration,Plated Steelcaps,Heartsteel,Solstice Sleigh,No_Item,Control Ward,Knight's Vow,Oracle Lens,Zhonya's Hourglass,Riftmaker,Rabadon's Deathcap,Dark Seal,Nashor's Tooth,Mercury's Treads,Oracle Lens,Sundered Sky,Trinity Force,Plated Steelcaps,Steel Sigil,Caulfield's Warhammer,Pickaxe,Oracle Lens,Rabadon's Deathcap,Dark Seal,Nashor's Tooth,Mercury's Treads,Void Staff,Needlessly Large Rod,Oracle Lens,Doran's Blade,Opportunity,Serrated Dirk,Muramana,Boots of Swiftness,Tunneler,Farsight Alteration,Celestial Opposition,Youmuu's Ghostblade,Umbral Glaive,Boots of Swiftness,Tunneler,Serrated Dirk,Oracle Lens,Arcane Comet,Inspiration,Conqueror,Inspiration,Electrocute,Sorcery,Lethal Tempo,Inspiration,Guardian,Inspiration,Conqueror,Resolve,Conqueror,Inspiration,Conqueror,Inspiration,Arcane Comet,Inspiration,Hail of Blades,Resolve,Flash,Teleport,Smite,Flash,Flash,Teleport,Barrier,Flash,Heal,Flash,Flash,Teleport,Flash,Smite,Flash,Teleport,Flash,Barrier,Flash,Ignite,0,5,0,1,1,1
https://www.op.gg/summoners/euw/SMRADOCH%20RANDOM-EUW/matches/uRd1PvnOddqn56M9vsz1YXruvGsKqr3Qi4sAjf8BTpE%3D/1732719086000,0,15,36,37,15,49,22,36,44,18,10,1,2,0,0,1,10,1,2,39150,53374,11.2,13.4,598,754,27.4,34.4,-14224,14224,1776.2500000000002,2421.5981481481485,Urgot,Yorick,Ahri,Ashe,LeBlanc,Corki,Viego,Sylas,Varus,Renata Glasc,Hullbreaker,Phage,Ruby Crystal,Plated Steelcaps,Doran's Shield,No_Item,Oracle Lens,Black Cleaver,Stridebreaker,Plated Steelcaps,Haunting Guise,Fated Ashes,No_Item,Oracle Lens,Horizon Focus,Lost Chapter,No_Item,Ionian Boots of Lucidity,No_Item,Doran's Ring,Oracle Lens,Pickaxe,Kraken Slayer,Berserker's Greaves,Doran's Blade,Phantom Dancer,No_Item,Farsight Alteration,Hextech Alternator,No_Item,Zaz'Zak's Realmspike,Stormsurge,Dark Seal,Sorcerer's Shoes,Oracle Lens,Boots of Swiftness,Trinity Force,Muramana,Infinity Edge,Doran's Blade,Dagger,Farsight Alteration,Kraken Slayer,Titanic Hydra,Long Sword,Slightly Magical Footwear,Ruby Crystal,No_Item,Oracle Lens,Hextech Rocketbelt,Doran's Ring,Dark Seal,Sorcerer's Shoes,Cosmic Drive,Blasting Wand,Oracle Lens,Guinsoo's Rageblade,Berserker's Greaves,Blade of The Ruined King,Hearthbound Axe,Dagger,Doran's Blade,Farsight Alteration,Solstice Sleigh,Locket of the Iron Solari,Mikael's Blessing,Control Ward,Mercury's Treads,No_Item,Oracle Lens,Press the Attack,Resolve,Conqueror,Inspiration,Electrocute,Sorcery,Lethal Tempo,Inspiration,Electrocute,Sorcery,Conqueror,Inspiration,Conqueror,Inspiration,Conqueror,Resolve,Lethal Tempo,Resolve,Guardian,Domination,Flash,Teleport,Flash,Smite,Flash,Teleport,Cleanse,Flash,Flash,Ignite,Flash,Teleport,Smite,Flash,Flash,Teleport,Flash,Cleanse,Flash,Ignite,0,0,0,1,6,2
https://www.op.gg/summoners/euw/SMRADOCH%20RANDOM-EUW/matches/uRd1PvnOddpiX9wYjsncKxX_QJlzKZyvZlHEbizmi6I%3D/1732717050000,1,30,13,13,30,14,36,58,45,14,11,2,0,0,0,4,1,2,0,41835,35760,11.6,10.8,608,600,30.6,30.2,6075,-6075,2105.979591836735,1800.1632653061226,Gnar,Nocturne,Seraphine,Orianna,Leona,Irelia,Rengar,Ahri,Lux,Rell,Tunneler,Doran's Blade,Plated Steelcaps,Trinity Force,Pickaxe,No_Item,Stealth Ward,No_Item,Stridebreaker,Plated Steelcaps,No_Item,Experimental Hexplate,Tunneler,Oracle Lens,Doran's Ring,Refillable Potion,Control Ward,Luden's Companion,Hextech Alternator,Sorcerer's Shoes,Farsight Alteration,Stormsurge,Needlessly Large Rod,Dark Seal,Sorcerer's Shoes,Malignance,Doran's Ring,Farsight Alteration,Celestial Opposition,Locket of the Iron Solari,No_Item,Kindlegem,No_Item,Mercury's Treads,Oracle Lens,Mercury's Treads,Blade of The Ruined King,Kraken Slayer,Doran's Blade,No_Item,No_Item,Stealth Ward,Serrated Dirk,Tiamat,Youmuu's Ghostblade,Pickaxe,Boots,No_Item,Oracle Lens,Refillable Potion,Malignance,Sorcerer's Shoes,Doran's Ring,Horizon Focus,No_Item,Oracle Lens,Stormsurge,Boots of Swiftness,Luden's Companion,No_Item,No_Item,No_Item,Farsight Alteration,Bloodsong,Locket of the Iron Solari,Control Ward,Mercury's Treads,Cloth Armor,No_Item,Oracle Lens,Fleet Footwork,Resolve,Conqueror,Domination,Summon Aery,Precision,Summon Aery,Precision,Aftershock,Inspiration,Conqueror,Resolve,Conqueror,Domination,Electrocute,Resolve,Arcane Comet,Precision,Aftershock,Inspiration,Teleport,Flash,Flash,Smite,Teleport,Flash,Flash,Teleport,Flash,Ignite,Flash,Teleport,Flash,Smite,Teleport,Flash,Flash,Cleanse,Flash,Ignite,1,6,0,0,0,0
https://www.op.gg/summoners/euw/SMRADOCH%20RANDOM-EUW/matches/uRd1PvnOddpHccdczPpmOcrLzA_lAkYUbGqTumtaOzk%3D/1732714693000,0,21,51,51,21,105,35,61,63,18,22,0,3,0,1,5,9,0,4,52062,63797,13.0,15.2,724,788,25.5,27.599999999999998,-11735,11735,1820.0536585365853,2230.30162601626,Gnar,Taliyah,Corki,Ashe,Nautilus,Maokai,Talon,Ahri,Varus,Rell,Trinity Force,Sterak's Gage,Chain Vest,Black Cleaver,Plated Steelcaps,Negatron Cloak,Farsight Alteration,Liandry's Torment,No_Item,Shattered Armguard,Ionian Boots of Lucidity,Blackfire Torch,No_Item,Oracle Lens,Doran's Blade,Muramana,Mercury's Treads,Trinity Force,Immortal Shieldbow,No_Item,Farsight Alteration,Doran's Blade,Kraken Slayer,Phantom Dancer,Berserker's Greaves,Cloak of Agility,Pickaxe,Farsight Alteration,Bloodsong,Unending Despair,Locket of the Iron Solari,Mercury's Treads,No_Item,No_Item,Oracle Lens,Unending Despair,Doran's Shield,Fimbulwinter,Plated Steelcaps,Glowing Mote,Spectre's Cowl,Stealth Ward,Black Cleaver,Eclipse,Edge of Night,Serrated Dirk,Youmuu's Ghostblade,Ionian Boots of Lucidity,Oracle Lens,Horizon Focus,Malignance,Mejai's Soulstealer,Needlessly Large Rod,Sorcerer's Shoes,Needlessly Large Rod,Oracle Lens,Doran's Blade,Muramana,Youmuu's Ghostblade,Boots of Swiftness,Hubris,Serrated Dirk,Farsight Alteration,Control Ward,Randuin's Omen,Bloodsong,Mercury's Treads,Winged Moonplate,Zeke's Convergence,Oracle Lens,Fleet Footwork,Resolve,First Strike,Domination,Conqueror,Inspiration,Lethal Tempo,Inspiration,Aftershock,Inspiration,Grasp of the Undying,Inspiration,Conqueror,Inspiration,Electrocute,Sorcery,Hail of Blades,Inspiration,Aftershock,Inspiration,Flash,Teleport,Smite,Flash,Flash,Teleport,Flash,Cleanse,Flash,Ignite,Flash,Teleport,Ignite,Smite,Flash,Teleport,Flash,Barrier,Flash,Ignite,1,2,0,0,1,1
https://www.op.gg/summoners/euw/SMRADOCH%20RANDOM-EUW/matches/uRd1PvnOddrvt9r5boHevtWtcT_xnqYH669AwT1eRTw%3D/1732712133000,1,18,7,7,18,8,15,40,30,8,7,2,0,0,0,10,0,2,0,42429,28011,11.8,10.2,672,478,36.1,25.7,14418,-14418,2288.594545454546,1510.8963636363637,Gnar,Viego,Hwei,Brand,Sona,Aatrox,Bel'Veth,Orianna,Kai'Sa,Lulu,Doran's Blade,Plated Steelcaps,Trinity Force,Control Ward,Ruby Crystal,Tunneler,Stealth Ward,Tiamat,Kraken Slayer,No_Item,Plated Steelcaps,Tunneler,No_Item,Oracle Lens,Refillable Potion,Liandry's Torment,Seraph's Embrace,Boots,No_Item,Doran's Ring,Farsight Alteration,Hextech Alternator,Liandry's Torment,Rylai's Crystal Scepter,No_Item,Boots,Needlessly Large Rod,Farsight Alteration,Bloodsong,Echoes of Helia,Dark Seal,Forbidden Idol,Forbidden Idol,Boots of Swiftness,Oracle Lens,Black Cleaver,Doran's Blade,Plated Steelcaps,Long Sword,Long Sword,No_Item,Stealth Ward,Gustwalker Hatchling,Kraken Slayer,Boots,Phage,Long Sword,No_Item,Oracle Lens,Doran's Ring,Refillable Potion,Seraph's Embrace,Boots,Hextech Alternator,No_Item,Stealth Ward,Amplifying Tome,Recurve Bow,No_Item,Berserker's Greaves,Doran's Blade,Statikk Shiv,Stealth Ward,No_Item,Dream Maker,Refillable Potion,Ionian Boots of Lucidity,Bandleglass Mirror,Kindlegem,Oracle Lens,Grasp of the Undying,Precision,Conqueror,Inspiration,Arcane Comet,Precision,Arcane Comet,Precision,Summon Aery,Precision,Phase Rush,Domination,Conqueror,Domination,Summon Aery,Precision,Press the Attack,Inspiration,Summon Aery,Resolve,Flash,Teleport,Flash,Smite,Flash,Teleport,Flash,Teleport,Heal,Flash,Flash,Teleport,Smite,Flash,Teleport,Flash,Flash,Barrier,Heal,Flash,1,5,2,0,1,0
https://www.op.gg/summoners/euw/SMRADOCH%20RANDOM-EUW/matches/uRd1PvnOddoiLiXqYMBb7f5q41a3zD71dbJ_lYFAzKY%3D/1732637701000,0,23,34,35,23,51,33,71,75,36,20,0,3,1,0,2,8,1,3,50281,54799,13.6,13.8,768,739,29.4,28.3,-4518,4518,1933.8846153846155,2107.653846153846,K'Sante,Viego,Syndra,Kai'Sa,Rell,Camille,Bel'Veth,Yone,Ziggs,Rakan,Thornmail,Control Ward,Kindlegem,Negatron Cloak,Plated Steelcaps,Force of Nature,Farsight Alteration,Ruby Crystal,Ruby Crystal,Titanic Hydra,Plated Steelcaps,No_Item,Kraken Slayer,Oracle Lens,Needlessly Large Rod,Shadowflame,Blackfire Torch,Banshee's Veil,Dark Seal,Sorcerer's Shoes,Farsight Alteration,Blasting Wand,Guinsoo's Rageblade,Doran's Blade,Berserker's Greaves,Fiendish Codex,Kraken Slayer,Farsight Alteration,Bloodsong,Ionian Boots of Lucidity,Locket of the Iron Solari,Kindlegem,Control Ward,Cloth Armor,Oracle Lens,Ravenous Hydra,Null-Magic Mantle,Trinity Force,Plated Steelcaps,Ruby Crystal,No_Item,Oracle Lens,Blade of The Ruined King,Phage,Control Ward,Boots,Kraken Slayer,Kindlegem,Farsight Alteration,Immortal Shieldbow,Blade of The Ruined King,Berserker's Greaves,No_Item,No_Item,Doran's Shield,Farsight Alteration,Void Staff,Rabadon's Deathcap,Luden's Companion,Sorcerer's Shoes,Horizon Focus,No_Item,Farsight Alteration,Celestial Opposition,Locket of the Iron Solari,Redemption,No_Item,Ruby Crystal,Ionian Boots of Lucidity,Oracle Lens,Grasp of the Undying,Inspiration,Conqueror,Inspiration,First Strike,Sorcery,Press the Attack,Inspiration,Aftershock,Inspiration,Grasp of the Undying,Inspiration,Conqueror,Domination,Fleet Footwork,Resolve,Arcane Comet,Precision,Guardian,Domination,Teleport,Flash,Flash,Smite,Teleport,Flash,Flash,Barrier,Flash,Ignite,Flash,Teleport,Flash,Smite,Flash,Teleport,Flash,Teleport,Flash,Heal,0,0,0,1,3,1
https://www.op.gg/summoners/euw/SMRADOCH%20RANDOM-EUW/matches/uRd1PvnOddo-n1mF8hA7yURhBMkEvdtTB37MGx7Z5uU%3D/1732635226000,1,37,28,28,37,57,65,85,72,29,30,3,2,1,0,10,5,4,2,69825,65234,16.2,15.4,952,1025,29.3,31.6,4591,-4591,2159.5360824742265,2017.5463917525772,Jax,Vi,Ahri,Ezreal,Karma,Renekton,Morgana,Corki,Kai'Sa,Nautilus,Mercury's Treads,Zhonya's Hourglass,Control Ward,Sundered Sky,Trinity Force,Negatron Cloak,Stealth Ward,Sterak's Gage,Sundered Sky,Control Ward,Abyssal Mask,Plated Steelcaps,Guardian Angel,Oracle Lens,Void Staff,Malignance,Horizon Focus,Dark Seal,Rabadon's Deathcap,Ionian Boots of Lucidity,Oracle Lens,Ionian Boots of Lucidity,Vampiric Scepter,B. F. Sword,Serylda's Grudge,Trinity Force,Muramana,Farsight Alteration,Zaz'Zak's Realmspike,Vigilant Wardstone,Ionian Boots of Lucidity,Moonstone Renewer,Oblivion Orb,Imperial Mandate,Oracle Lens,Black Cleaver,Sterak's Gage,Unending Despair,Plated Steelcaps,Spirit Visage,Ruby Crystal,Oracle Lens,Zhonya's Hourglass,Ionian Boots of Lucidity,Fiendish Codex,Blighting Jewel,Liandry's Torment,Horizon Focus,Oracle Lens,Doran's Blade,Muramana,Trinity Force,Rapid Firecannon,Mercury's Treads,Pickaxe,Farsight Alteration,Doran's Blade,Nashor's Tooth,Statikk Shiv,Guinsoo's Rageblade,Berserker's Greaves,Void Staff,Farsight Alteration,Warmog's Armor,Locket of the Iron Solari,Ionian Boots of Lucidity,Bloodsong,No_Item,Kindlegem,Oracle Lens,Grasp of the Undying,Sorcery,Conqueror,Inspiration,Electrocute,Sorcery,Press the Attack,Sorcery,Arcane Comet,Resolve,Conqueror,Resolve,Electrocute,Inspiration,Conqueror,Inspiration,Press the Attack,Inspiration,Aftershock,Inspiration,Teleport,Flash,Smite,Flash,Flash,Teleport,Barrier,Flash,Flash,Heal,Teleport,Flash,Flash,Smite,Teleport,Flash,Flash,Cleanse,Ignite,Flash,0,0,2,1,6,0
https://www.op.gg/summoners/euw/SMRADOCH%20RANDOM-EUW/matches/uRd1PvnOddqBdyQ_thTwF1e0OnfucShv1rzy-WWcajY%3D/1732553036000,1,60,34,34,62,62,101,128,91,37,35,3,2,2,0,10,4,5,2,77746,65933,17.0,15.6,900,934,26.0,27.1,11813,-11813,2266.1390134529147,1921.8139013452915,Aurora,Lee Sin,Akali,Jhin,Pyke,Sion,Viego,Hwei,Corki,Braum,Cosmic Drive,Blighting Jewel,Luden's Companion,Ionian Boots of Lucidity,Shadowflame,Doran's Ring,Oracle Lens,Eclipse,Black Cleaver,No_Item,Mercury's Treads,Tunneler,Sundered Sky,Stealth Ward,Lich Bane,Zhonya's Hourglass,Sorcerer's Shoes,Stormsurge,Rabadon's Deathcap,Void Staff,Oracle Lens,Bloodthirster,Lord Dominik's Regards,Rapid Firecannon,The Collector,Boots of Swiftness,Infinity Edge,Farsight Alteration,Celestial Opposition,Youmuu's Ghostblade,No_Item,Maw of Malmortius,Umbral Glaive,Mercury's Treads,Oracle Lens,Plated Steelcaps,Heartsteel,Hollow Radiance,"Jak'Sho, The Protean",No_Item,Cloth Armor,Oracle Lens,Sundered Sky,Kraken Slayer,Wit's End,Plated Steelcaps,Giant's Belt,Long Sword,Stealth Ward,Sorcerer's Shoes,Liandry's Torment,Blackfire Torch,Void Staff,Rabadon's Deathcap,Amplifying Tome,Farsight Alteration,Noonquiver,Muramana,Trinity Force,Rapid Firecannon,Plated Steelcaps,Infinity Edge,Farsight Alteration,Locket of the Iron Solari,Solstice Sleigh,Knight's Vow,Control Ward,Kindlegem,Plated Steelcaps,Oracle Lens,Electrocute,Precision,Conqueror,Inspiration,Electrocute,Resolve,Dark Harvest,Precision,Hail of Blades,Sorcery,Arcane Comet,Resolve,Conqueror,Inspiration,Arcane Comet,Precision,Conqueror,Inspiration,Guardian,Inspiration,Teleport,Flash,Smite,Flash,Flash,Teleport,Flash,Barrier,Ignite,Flash,Teleport,Flash,Flash,Smite,Teleport,Flash,Flash,Barrier,Flash,Exhaust,0,6,2,0,0,0
https://www.op.gg/summoners/euw/SMRADOCH%20RANDOM-EUW/matches/uRd1PvnOddp0KdNymivrTEnhd8Gp9ugfS27Ga93f9ME%3D/1732550411000,1,39,22,22,39,44,65,57,67,15,19,2,1,0,0,10,0,2,1,55425,42676,13.2,11.8,760,598,32.2,25.5,12749,-12749,2363.7132352941176,1820.005882352941,K'Sante,Rengar,Azir,Taliyah,Nami,Gangplank,Skarner,Karma,Jhin,Nautilus,Doran's Shield,Iceborn Gauntlet,Unending Despair,Plated Steelcaps,Spectre's Cowl,Ruby Crystal,Oracle Lens,No_Item,Profane Hydra,Youmuu's Ghostblade,Ionian Boots of Lucidity,Serpent's Fang,The Brutalizer,Oracle Lens,Nashor's Tooth,Rabadon's Deathcap,Sorcerer's Shoes,Dark Seal,Blighting Jewel,Doran's Ring,Farsight Alteration,Sorcerer's Shoes,Cosmic Drive,Luden's Companion,Needlessly Large Rod,Dark Seal,Needlessly Large Rod,Farsight Alteration,Forbidden Idol,Solstice Sleigh,Amplifying Tome,Shurelya's Battlesong,Imperial Mandate,Boots of Swiftness,Oracle Lens,Noonquiver,Control Ward,Ionian Boots of Lucidity,Lord Dominik's Regards,Trinity Force,Doran's Blade,Stealth Ward,No_Item,Heartsteel,Tunneler,Mercury's Treads,Kindlegem,Chain Vest,Oracle Lens,Seeker's Armguard,Dark Seal,Ionian Boots of Lucidity,Horizon Focus,Malignance,Doran's Ring,Farsight Alteration,Boots of Swiftness,The Collector,Rapid Firecannon,Pickaxe,B. F. Sword,No_Item,Farsight Alteration,Cloth Armor,Bloodsong,Locket of the Iron Solari,Control Ward,No_Item,Mercury's Treads,Oracle Lens,Grasp of the Undying,Inspiration,Conqueror,Domination,Conqueror,Sorcery,Arcane Comet,Precision,Summon Aery,Domination,Grasp of the Undying,Inspiration,Grasp of the Undying,Inspiration,Summon Aery,Precision,Dark Harvest,Precision,Aftershock,Inspiration,Teleport,Flash,Flash,Smite,Flash,Teleport,Teleport,Flash,Flash,Heal,Teleport,Flash,Flash,Smite,Teleport,Flash,Flash,Teleport,Flash,Ignite,1,6,1,0,0,0
https://www.op.gg/summoners/euw/SMRADOCH%20RANDOM-EUW/matches/uRd1PvnOddrn5y_hojOqerm5OJhNEtQgswBf9_E3foU%3D/1732548615000,0,12,30,30,12,61,25,68,61,32,36,0,4,0,1,3,10,0,5,49637,61495,13.6,15.2,862,917,30.0,32.0,-11858,11858,1728.9292134831462,2141.9606741573034,Yasuo,Gragas,Qiyana,Brand,Thresh,Sylas,Jarvan IV,Aurora,Soraka,Senna,Doran's Shield,Blade of The Ruined King,Stridebreaker,Berserker's Greaves,Noonquiver,Pickaxe,Oracle Lens,Rabadon's Deathcap,Shadowflame,Stormsurge,Control Ward,Sorcerer's Shoes,No_Item,Oracle Lens,Doran's Blade,Profane Hydra,Opportunity,Executioner's Calling,Ionian Boots of Lucidity,Last Whisper,Oracle Lens,Amplifying Tome,Oblivion Orb,Amplifying Tome,Rylai's Crystal Scepter,Liandry's Torment,Sorcerer's Shoes,Farsight Alteration,Solstice Sleigh,Redemption,Locket of the Iron Solari,Control Ward,Boots of Swiftness,Ruby Crystal,Oracle Lens,Hextech Rocketbelt,Cosmic Drive,Zhonya's Hourglass,Sorcerer's Shoes,Mejai's Soulstealer,Spectre's Cowl,Oracle Lens,Mercury's Treads,Sundered Sky,Control Ward,Sterak's Gage,Warden's Mail,No_Item,Oracle Lens,Doran's Ring,Plated Steelcaps,Liandry's Torment,Mejai's Soulstealer,Malignance,Rabadon's Deathcap,Oracle Lens,Doran's Ring,Moonstone Renewer,Locket of the Iron Solari,Redemption,No_Item,Boots of Swiftness,Farsight Alteration,Bloodsong,Bandleglass Mirror,Echoes of Helia,Kindlegem,Black Cleaver,Boots of Swiftness,Oracle Lens,Lethal Tempo,Resolve,Dark Harvest,Sorcery,Conqueror,Domination,Arcane Comet,Precision,Glacial Augment,Domination,Electrocute,Resolve,Conqueror,Inspiration,Electrocute,Sorcery,Summon Aery,Resolve,Grasp of the Undying,Precision,Teleport,Flash,Flash,Smite,Flash,Teleport,Teleport,Flash,Ignite,Flash,Flash,Teleport,Flash,Smite,Teleport,Flash,Flash,Exhaust,Flash,Heal,0,5,0,1,1,2
https://www.op.gg/summoners/euw/SMRADOCH%20RANDOM-EUW/matches/uRd1PvnOddpHk0PUKmOGr9NDPG1VhHBPeMgx9-Muve0%3D/1732546088000,0,18,27,27,18,45,26,64,90,31,26,1,3,0,2,4,9,1,5,56522,64894,14.6,16.0,994,1018,33.2,33.9,-8372,8372,1884.0666666666666,2163.133333333333,Gragas,Viego,Ekko,Jinx,Thresh,Aurora,Wukong,Vex,Caitlyn,Nautilus,Seraph's Embrace,Cosmic Drive,Control Ward,Dark Seal,Rabadon's Deathcap,Sorcerer's Shoes,Oracle Lens,Sundered Sky,Kraken Slayer,Mercury's Treads,Sterak's Gage,No_Item,No_Item,Oracle Lens,Needlessly Large Rod,Shadowflame,Stormsurge,Mercury's Treads,Nashor's Tooth,No_Item,Oracle Lens,Yun Tal Wildarrows,Berserker's Greaves,Kraken Slayer,Infinity Edge,Long Sword,Doran's Blade,Farsight Alteration,Celestial Opposition,Locket of the Iron Solari,Control Ward,Knight's Vow,Plated Steelcaps,No_Item,Oracle Lens,Boots of Swiftness,Control Ward,Zhonya's Hourglass,Cosmic Drive,Amplifying Tome,Liandry's Torment,Oracle Lens,Trinity Force,Sterak's Gage,Sundered Sky,Steel Sigil,Mercury's Treads,No_Item,Oracle Lens,Void Staff,Cosmic Drive,Dark Seal,Sorcerer's Shoes,Luden's Companion,No_Item,Oracle Lens,Infinity Edge,Phantom Dancer,Yun Tal Wildarrows,Lord Dominik's Regards,Doran's Blade,Berserker's Greaves,Farsight Alteration,Celestial Opposition,Locket of the Iron Solari,Control Ward,Mercury's Treads,Kindlegem,Chain Vest,Oracle Lens,Phase Rush,Precision,Conqueror,Inspiration,Hail of Blades,Sorcery,Lethal Tempo,Sorcery,Aftershock,Inspiration,Grasp of the Undying,Sorcery,Conqueror,Inspiration,Summon Aery,Precision,Lethal Tempo,Sorcery,Aftershock,Inspiration,Flash,Teleport,Smite,Flash,Teleport,Flash,Flash,Barrier,Flash,Ignite,Teleport,Flash,Flash,Smite,Flash,Teleport,Barrier,Flash,Flash,Ignite,1,6,0,0,0,1
https://www.op.gg/summoners/euw/SMRADOCH%20RANDOM-EUW/matches/uRd1PvnOddrAWuWvR7zD49cnFndjQQm8wPRYufEDvlY%3D/1732543747000,1,28,24,24,28,24,41,83,34,13,16,1,3,2,0,6,4,3,3,63336,56296,16.0,13.6,889,950,29.9,32.0,7040,-7040,2136.636144578313,1899.1421686746985,Anivia,Wukong,Twisted Fate,Samira,Karma,Gnar,Morgana,Akali,Corki,Poppy,Doran's Ring,Lost Chapter,Rod of Ages,Boots of Swiftness,Tear of the Goddess,Liandry's Torment,Oracle Lens,Sterak's Gage,Trinity Force,B. F. Sword,Sundered Sky,Mercury's Treads,Cloth Armor,Oracle Lens,Rod of Ages,Mejai's Soulstealer,Lich Bane,Ionian Boots of Lucidity,Rapid Firecannon,Rabadon's Deathcap,Farsight Alteration,Doran's Blade,The Collector,Lord Dominik's Regards,Plated Steelcaps,Infinity Edge,Noonquiver,Farsight Alteration,Bandleglass Mirror,Zaz'Zak's Realmspike,Ionian Boots of Lucidity,Shurelya's Battlesong,Malignance,Kindlegem,Oracle Lens,Sterak's Gage,Mercury's Treads,Trinity Force,Wit's End,Warden's Mail,No_Item,Farsight Alteration,Sorcerer's Shoes,Control Ward,Shattered Armguard,Liandry's Torment,Shadowflame,No_Item,Stealth Ward,Rabadon's Deathcap,Banshee's Veil,Dark Seal,Stormsurge,Boots,Shadowflame,Oracle Lens,Hubris,Null-Magic Mantle,The Collector,Infinity Edge,Slightly Magical Footwear,Lord Dominik's Regards,Farsight Alteration,Cloth Armor,Kindlegem,Boots,Null-Magic Mantle,No_Item,Bounty of Worlds,Oracle Lens,Electrocute,Precision,Conqueror,Inspiration,Arcane Comet,Inspiration,Conqueror,Domination,Arcane Comet,Inspiration,Fleet Footwork,Resolve,Dark Harvest,Inspiration,Electrocute,Resolve,Hail of Blades,Inspiration,Aftershock,Inspiration,Flash,Teleport,Flash,Smite,Flash,Teleport,Flash,Barrier,Ignite,Flash,Flash,Teleport,Flash,Smite,Cleanse,Flash,Flash,Teleport,Flash,Ignite,1,6,0,0,0,0
https://www.op.gg/summoners/euw/SMRADOCH%20RANDOM-EUW/matches/uRd1PvnOddoIxv31qNmPg7T3YZG2XElc-ZEsRQtazBg%3D/1732541071000,1,32,24,24,32,32,46,57,74,25,15,2,0,1,0,7,3,3,0,54702,44720,13.6,12.0,737,661,28.4,25.599999999999998,9982,-9982,2098.630188679245,1715.6729559748426,Renekton,Vi,Lissandra,Ezreal,Leona,Gragas,Zed,Akali,Jhin,Rakan,Maw of Malmortius,Tunneler,Mercury's Treads,Doran's Shield,Ruby Crystal,Black Cleaver,Farsight Alteration,Hexdrinker,Mercury's Treads,No_Item,Black Cleaver,Sundered Sky,Caulfield's Warhammer,Oracle Lens,Hextech Rocketbelt,Stormsurge,Needlessly Large Rod,Ionian Boots of Lucidity,Dark Seal,Doran's Ring,Oracle Lens,Vampiric Scepter,Serylda's Grudge,Trinity Force,Doran's Blade,Ionian Boots of Lucidity,Muramana,Farsight Alteration,Giant's Belt,Locket of the Iron Solari,Bloodsong,Winged Moonplate,No_Item,Plated Steelcaps,Oracle Lens,Rod of Ages,Cosmic Drive,Amplifying Tome,Dark Seal,Amplifying Tome,Ionian Boots of Lucidity,Stealth Ward,Black Cleaver,Eclipse,Mercury's Treads,Tunneler,No_Item,No_Item,Stealth Ward,Rabadon's Deathcap,Stormsurge,No_Item,Shadowflame,No_Item,Boots,Oracle Lens,Infinity Edge,Statikk Shiv,Refillable Potion,Boots of Swiftness,Zeal,Dagger,Farsight Alteration,Solstice Sleigh,Knight's Vow,Locket of the Iron Solari,Mercury's Treads,Control Ward,No_Item,Oracle Lens,Conqueror,Resolve,Hail of Blades,Precision,Summon Aery,Precision,Press the Attack,Inspiration,Aftershock,Inspiration,Grasp of the Undying,Sorcery,Electrocute,Inspiration,Electrocute,Resolve,Fleet Footwork,Sorcery,Guardian,Domination,Flash,Teleport,Flash,Smite,Flash,Teleport,Flash,Barrier,Ignite,Flash,Teleport,Flash,Flash,Smite,Ignite,Flash,Cleanse,Flash,Flash,Ignite,1,3,2,0,0,0
https://www.op.gg/summoners/euw/SMRADOCH%20RANDOM-EUW/matches/uRd1PvnOddp7BiZTI7sKfOw0AJhS5shduD70eww_rX0%3D/1732538871000,1,24,7,7,24,12,36,35,40,8,12,1,1,0,0,5,0,1,1,41353,30006,11.8,10.0,644,567,34.5,30.3,11347,-11347,2218.273509933775,1609.5933774834439,Varus,Nidalee,Akali,Jhin,Nautilus,Corki,Xin Zhao,Orianna,Caitlyn,Braum,Doran's Blade,Refillable Potion,Plated Steelcaps,Experimental Hexplate,Blade of The Ruined King,No_Item,Stealth Ward,Liandry's Torment,Lich Bane,No_Item,Boots,Dark Seal,No_Item,Oracle Lens,Doran's Ring,Shadowflame,Stormsurge,Dark Seal,No_Item,Boots,Oracle Lens,Youmuu's Ghostblade,Boots of Swiftness,Refillable Potion,Doran's Blade,The Collector,No_Item,Farsight Alteration,Bloodsong,Warmog's Armor,Ruby Crystal,Boots of Swiftness,Control Ward,No_Item,Oracle Lens,Trinity Force,Null-Magic Mantle,Tear of the Goddess,Long Sword,Doran's Blade,Boots,Stealth Ward,Gustwalker Hatchling,Mercury's Treads,Titanic Hydra,Long Sword,Ruby Crystal,Control Ward,Oracle Lens,Doran's Ring,Amplifying Tome,Luden's Companion,Dark Seal,Sorcerer's Shoes,Amplifying Tome,Farsight Alteration,The Collector,Doran's Blade,Berserker's Greaves,No_Item,B. F. Sword,No_Item,Stealth Ward,Solstice Sleigh,Locket of the Iron Solari,Ruby Crystal,No_Item,No_Item,Mercury's Treads,Oracle Lens,Press the Attack,Resolve,Conqueror,Sorcery,Electrocute,Resolve,Dark Harvest,Precision,Aftershock,Inspiration,Conqueror,Inspiration,Conqueror,Inspiration,Summon Aery,Precision,Lethal Tempo,Sorcery,Guardian,Precision,Teleport,Flash,Flash,Smite,Ignite,Flash,Cleanse,Flash,Flash,Ignite,Flash,Teleport,Flash,Smite,Flash,Teleport,Flash,Barrier,Flash,Ignite,0,3,0,0,3,0
https://www.op.gg/summoners/euw/SMRADOCH%20RANDOM-EUW/matches/uRd1PvnOddoChes-O6frHYvHCQG7io1Z8ajh6aPJGqg%3D/1732537153000,0,11,11,11,11,15,17,28,39,10,5,0,1,0,0,0,1,0,1,25576,28220,8.8,9.0,423,452,29.2,31.099999999999998,-2644,2644,1763.8620689655172,1946.2068965517242,Yone,Taliyah,Akali,Caitlyn,Rell,Ambessa,Lee Sin,Kassadin,Jhin,Poppy,Doran's Blade,Berserker's Greaves,Refillable Potion,Recurve Bow,Vampiric Scepter,Pickaxe,Stealth Ward,Blackfire Torch,Dark Seal,Sorcerer's Shoes,Fated Ashes,No_Item,Scorchclaw Pup,Oracle Lens,Refillable Potion,Dark Seal,Boots,Doran's Shield,Amplifying Tome,Aether Wisp,Stealth Ward,Serrated Dirk,Boots,Infinity Edge,Pickaxe,Cloak of Agility,Doran's Blade,Farsight Alteration,Control Ward,No_Item,Locket of the Iron Solari,Runic Compass,Boots of Swiftness,No_Item,Oracle Lens,Doran's Shield,Refillable Potion,Eclipse,Boots,Null-Magic Mantle,No_Item,Stealth Ward,Mosstomper Seedling,Eclipse,Tunneler,Long Sword,Boots,No_Item,Stealth Ward,Tear of the Goddess,Rod of Ages,Refillable Potion,Boots,Amplifying Tome,No_Item,Stealth Ward,The Collector,Dagger,Boots of Swiftness,Doran's Blade,Dagger,Dagger,Stealth Ward,Bloodsong,Control Ward,Refillable Potion,Winged Moonplate,Chain Vest,Boots of Swiftness,Oracle Lens,Lethal Tempo,Resolve,Dark Harvest,Precision,Electrocute,Resolve,Lethal Tempo,Sorcery,Aftershock,Inspiration,Grasp of the Undying,Domination,Electrocute,Precision,Electrocute,Resolve,Dark Harvest,Sorcery,Hail of Blades,Inspiration,Teleport,Flash,Flash,Smite,Teleport,Ignite,Flash,Barrier,Flash,Ignite,Teleport,Flash,Flash,Smite,Flash,Teleport,Flash,Barrier,Flash,Ignite,0,3,0,0,3,0
https://www.op.gg/summoners/euw/SMRADOCH%20RANDOM-EUW/matches/34-jfPz6TmxCcEwUJxUafmj31O7Shy7bmkp_pwt9oq0%3D/1732216747000,0,26,36,36,26,64,21,60,55,15,16,0,4,0,1,3,9,0,5,50664,59278,13.2,14.8,808,829,30.6,31.4,-8614,8614,1915.6537313432834,2241.3572139303483,Gnar,Lee Sin,Aurora,Samira,Veigar,Gangplank,Karthus,Zed,Ashe,Lulu,Negatron Cloak,Black Cleaver,Trinity Force,Plated Steelcaps,Recurve Bow,Control Ward,Stealth Ward,Sterak's Gage,Eclipse,Control Ward,Sundered Sky,Plated Steelcaps,Null-Magic Mantle,Stealth Ward,Seeker's Armguard,Doran's Ring,Dark Seal,Malignance,Sorcerer's Shoes,Cosmic Drive,Stealth Ward,Doran's Blade,The Collector,Infinity Edge,Plated Steelcaps,Long Sword,Cloak of Agility,Farsight Alteration,Zaz'Zak's Realmspike,Rylai's Crystal Scepter,Control Ward,Fiendish Codex,Fiendish Codex,Ionian Boots of Lucidity,Oracle Lens,Trinity Force,Mortal Reminder,Cloak of Agility,Ionian Boots of Lucidity,B. F. Sword,Doran's Shield,Farsight Alteration,Mejai's Soulstealer,Shadowflame,Sorcerer's Shoes,Blackfire Torch,Rabadon's Deathcap,Amplifying Tome,Oracle Lens,Eclipse,Ionian Boots of Lucidity,Voltaic Cyclosword,Serylda's Grudge,Refillable Potion,No_Item,Oracle Lens,Berserker's Greaves,Kraken Slayer,Phantom Dancer,Cloak of Agility,B. F. Sword,Pickaxe,Farsight Alteration,Zaz'Zak's Realmspike,Shurelya's Battlesong,Kindlegem,Ardent Censer,Dark Seal,Ionian Boots of Lucidity,Oracle Lens,Fleet Footwork,Resolve,Electrocute,Precision,Electrocute,Sorcery,Conqueror,Domination,Summon Aery,Precision,Grasp of the Undying,Sorcery,Dark Harvest,Precision,Electrocute,Sorcery,Lethal Tempo,Inspiration,Summon Aery,Inspiration,Flash,Teleport,Flash,Smite,Flash,Teleport,Flash,Barrier,Flash,Ignite,Flash,Teleport,Flash,Smite,Teleport,Ignite,Flash,Cleanse,Flash,Ignite,1,6,0,0,0,1
https://www.op.gg/summoners/euw/SMRADOCH%20RANDOM-EUW/matches/34-jfPz6TmzIbnCVkMMZvyhiDRhGBIBOuGNf0KdfbnE%3D/1732214585000,1,30,15,15,30,19,50,66,58,24,22,4,0,1,0,10,3,5,0,56042,45323,14.6,12.8,816,742,32.300000000000004,29.3,10719,-10719,2208.551724137931,1786.128078817734,Teemo,Vi,Ahri,Caitlyn,Neeko,Renekton,Viego,Zoe,Kog'Maw,Nautilus,Rabadon's Deathcap,Control Ward,Nashor's Tooth,Sorcerer's Shoes,Doran's Ring,Blighting Jewel,Stealth Ward,Trinity Force,Sundered Sky,Plated Steelcaps,Pickaxe,Tunneler,Ruby Crystal,Oracle Lens,Blighting Jewel,Malignance,Dark Seal,Horizon Focus,Rabadon's Deathcap,Sorcerer's Shoes,Oracle Lens,Zeal,Scout's Slingshot,Yun Tal Wildarrows,Berserker's Greaves,Doran's Blade,Infinity Edge,Farsight Alteration,Zhonya's Hourglass,Celestial Opposition,Hextech Rocketbelt,Control Ward,No_Item,Ionian Boots of Lucidity,Oracle Lens,Sterak's Gage,Stridebreaker,Refillable Potion,Mercury's Treads,Long Sword,No_Item,Oracle Lens,Kraken Slayer,Sundered Sky,Mercury's Treads,No_Item,No_Item,Ruby Crystal,Oracle Lens,Doran's Ring,Lich Bane,Luden's Companion,No_Item,Sorcerer's Shoes,No_Item,Farsight Alteration,Blade of The Ruined King,Guinsoo's Rageblade,Doran's Blade,Wit's End,Chain Vest,Berserker's Greaves,Farsight Alteration,Bloodsong,Boots of Swiftness,Warmog's Armor,Kindlegem,Control Ward,No_Item,Oracle Lens,Summon Aery,Domination,Conqueror,Inspiration,Electrocute,Sorcery,Fleet Footwork,Sorcery,Arcane Comet,Domination,Conqueror,Resolve,Conqueror,Inspiration,Electrocute,Sorcery,Lethal Tempo,Inspiration,Aftershock,Inspiration,Ignite,Flash,Flash,Smite,Flash,Teleport,Flash,Barrier,Flash,Heal,Flash,Teleport,Flash,Smite,Flash,Ignite,Flash,Barrier,Flash,Ignite,1,0,2,0,6,0
https://www.op.gg/summoners/euw/SMRADOCH%20RANDOM-EUW/matches/34-jfPz6TmwasiCjk5n5P8LmbZNehCor23lbY-1gtsk%3D/1732212371000,1,41,29,29,41,43,70,101,79,29,25,4,2,1,1,10,2,5,3,72935,65883,17.0,16.2,1057,1065,29.7,29.8,7052,-7052,2047.7018927444794,1849.7119873817035,Ambessa,Rengar,Orianna,Ziggs,Nautilus,Riven,Hecarim,Ahri,Corki,Rell,Doran's Shield,Black Cleaver,Voltaic Cyclosword,Plated Steelcaps,Eclipse,No_Item,Stealth Ward,Serpent's Fang,Profane Hydra,Ionian Boots of Lucidity,Lord Dominik's Regards,Voltaic Cyclosword,Guardian Angel,Stealth Ward,Void Staff,Mercury's Treads,Luden's Companion,Mejai's Soulstealer,Stormsurge,Rabadon's Deathcap,Farsight Alteration,Sorcerer's Shoes,Oblivion Orb,Hextech Alternator,Rabadon's Deathcap,Horizon Focus,Luden's Companion,Farsight Alteration,No_Item,Locket of the Iron Solari,Bloodsong,Knight's Vow,Mercury's Treads,Giant's Belt,Oracle Lens,Maw of Malmortius,Eclipse,Plated Steelcaps,Sundered Sky,Death's Dance,Spear of Shojin,Stealth Ward,Spear of Shojin,Eclipse,Iceborn Gauntlet,Ionian Boots of Lucidity,Spectre's Cowl,Kindlegem,Oracle Lens,Horizon Focus,Malignance,Shattered Armguard,Cryptbloom,Dark Seal,Sorcerer's Shoes,Oracle Lens,Trinity Force,Doran's Blade,Muramana,Rapid Firecannon,Plated Steelcaps,B. F. Sword,Farsight Alteration,Celestial Opposition,Knight's Vow,Locket of the Iron Solari,Ionian Boots of Lucidity,Zeke's Convergence,No_Item,Oracle Lens,Conqueror,Domination,Conqueror,Domination,Arcane Comet,Precision,Arcane Comet,Precision,Aftershock,Inspiration,Conqueror,Inspiration,Conqueror,Sorcery,Electrocute,Resolve,Conqueror,Inspiration,Aftershock,Inspiration,Teleport,Flash,Smite,Flash,Flash,Teleport,Flash,Teleport,Ignite,Flash,Flash,Ignite,Ghost,Smite,Flash,Teleport,Flash,Barrier,Flash,Ignite,1,2,2,0,2,0
https://www.op.gg/summoners/euw/SMRADOCH%20RANDOM-EUW/matches/34-jfPz6TmwF-I2cCxfbWEiNuzVOrGHUf-5_GdL648Q%3D/1732209656000,1,36,18,18,36,18,55,71,69,30,19,4,0,1,0,9,1,5,0,59258,46759,15.2,13.0,878,801,30.8,28.0,12499,-12499,2069.9712328767123,1633.3623287671232,K'Sante,Kha'Zix,Ahri,Varus,Janna,Yone,Elise,Aurora,Caitlyn,Thresh,Doran's Shield,Refillable Potion,Kaenic Rookern,Mercury's Treads,Iceborn Gauntlet,Kindlegem,Stealth Ward,Edge of Night,Axiom Arc,Serrated Dirk,Ionian Boots of Lucidity,Long Sword,Youmuu's Ghostblade,Oracle Lens,Horizon Focus,Malignance,Void Staff,Mejai's Soulstealer,Ionian Boots of Lucidity,Doran's Ring,Farsight Alteration,Ionian Boots of Lucidity,B. F. Sword,Last Whisper,Muramana,Edge of Night,Hubris,Farsight Alteration,Mikael's Blessing,Dream Maker,No_Item,Boots of Swiftness,Moonstone Renewer,Dark Seal,Oracle Lens,Iceborn Gauntlet,Immortal Shieldbow,Blade of The Ruined King,Berserker's Greaves,No_Item,No_Item,Farsight Alteration,Needlessly Large Rod,No_Item,Dark Seal,Sorcerer's Shoes,Shadowflame,Stormsurge,Oracle Lens,Stormsurge,Amplifying Tome,Dark Seal,Liandry's Torment,Amplifying Tome,Sorcerer's Shoes,Oracle Lens,Doran's Blade,Infinity Edge,Berserker's Greaves,The Collector,Rapid Firecannon,No_Item,Farsight Alteration,Trailblazer,Solstice Sleigh,No_Item,Kindlegem,Null-Magic Mantle,Boots of Swiftness,Oracle Lens,Grasp of the Undying,Inspiration,Dark Harvest,Inspiration,Electrocute,Sorcery,Arcane Comet,Precision,Arcane Comet,Domination,Fleet Footwork,Resolve,Dark Harvest,Precision,Electrocute,Precision,Fleet Footwork,Sorcery,Aftershock,Inspiration,Flash,Teleport,Flash,Smite,Flash,Teleport,Flash,Cleanse,Ignite,Flash,Teleport,Flash,Smite,Flash,Flash,Teleport,Flash,Barrier,Flash,Ignite,1,0,2,0,4,0
https://www.op.gg/summoners/euw/SMRADOCH%20RANDOM-EUW/matches/34-jfPz6Tmx1BdrZucC83JaFNj4TTxllgM_ZHpnZMsE%3D/1732207460000,0,9,18,18,9,35,9,46,47,11,19,0,2,0,1,1,8,0,3,36014,48454,11.6,13.6,687,821,30.4,36.4,-12440,12440,1603.0621951219512,2156.7939024390244,K'Sante,Vi,Akali,Corki,Janna,Gwen,Wukong,Yone,Ziggs,Thresh,Doran's Shield,Hollow Radiance,Mercury's Treads,Chain Vest,Negatron Cloak,Giant's Belt,Oracle Lens,Plated Steelcaps,Eclipse,Sundered Sky,No_Item,No_Item,No_Item,Oracle Lens,Doran's Ring,Liandry's Torment,Hextech Alternator,Dark Seal,Sorcerer's Shoes,Kindlegem,Oracle Lens,Doran's Blade,Trinity Force,Plated Steelcaps,Serrated Dirk,Caulfield's Warhammer,Tear of the Goddess,Farsight Alteration,Dream Maker,Synchronized Souls,Refillable Potion,Moonstone Renewer,Kindlegem,No_Item,Oracle Lens,Boots of Swiftness,Riftmaker,Doran's Ring,Nashor's Tooth,Needlessly Large Rod,Dark Seal,Farsight Alteration,Sundered Sky,Tunneler,No_Item,No_Item,Plated Steelcaps,Trinity Force,Oracle Lens,Doran's Shield,Berserker's Greaves,Blade of The Ruined King,Dagger,Immortal Shieldbow,Cloak of Agility,Farsight Alteration,Doran's Ring,Luden's Companion,Sorcerer's Shoes,Tear of the Goddess,Horizon Focus,Haunting Guise,Stealth Ward,Trailblazer,Solstice Sleigh,Control Ward,Cloth Armor,Kindlegem,Boots of Swiftness,Oracle Lens,Grasp of the Undying,Inspiration,Conqueror,Inspiration,Conqueror,Resolve,Conqueror,Inspiration,Summon Aery,Domination,Conqueror,Resolve,Conqueror,Inspiration,Fleet Footwork,Resolve,Arcane Comet,Precision,Aftershock,Inspiration,Flash,Teleport,Flash,Smite,Flash,Teleport,Barrier,Flash,Flash,Heal,Flash,Teleport,Smite,Flash,Teleport,Flash,Flash,Teleport,Flash,Ignite,0,1,0,1,5,1
https://www.op.gg/summoners/euw/SMRADOCH%20RANDOM-EUW/matches/34-jfPz6Tmwhhg5V6W38fPs9BUQg0u1mYc5vARHaBG8%3D/1732204968000,0,21,27,28,21,48,30,39,51,5,14,0,1,0,0,2,6,0,1,37236,45312,10.8,12.2,548,631,26.7,30.7,-8076,8076,1822.1872340425532,2217.395744680851,Aatrox,Lee Sin,LeBlanc,Ezreal,Nautilus,Irelia,Kha'Zix,Sylas,Soraka,Senna,Long Sword,Sundered Sky,Doran's Blade,Ruby Crystal,Plated Steelcaps,Caulfield's Warhammer,Stealth Ward,Eclipse,Control Ward,Slightly Magical Footwear,Sundered Sky,Gustwalker Hatchling,No_Item,Stealth Ward,Luden's Companion,Sorcerer's Shoes,Shadowflame,Doran's Ring,Dark Seal,Amplifying Tome,Oracle Lens,Doran's Blade,Muramana,No_Item,Trinity Force,Executioner's Calling,Ionian Boots of Lucidity,Farsight Alteration,Warmog's Armor,No_Item,Bloodsong,Plated Steelcaps,No_Item,No_Item,Oracle Lens,Doran's Blade,Blade of The Ruined King,Kraken Slayer,Wit's End,Boots,Death's Dance,Oracle Lens,Edge of Night,Plated Steelcaps,Serrated Dirk,Long Sword,No_Item,Youmuu's Ghostblade,Oracle Lens,Hextech Rocketbelt,Cosmic Drive,Doran's Shield,Dark Seal,Amplifying Tome,Boots,Oracle Lens,Refillable Potion,Ionian Boots of Lucidity,Moonstone Renewer,Doran's Ring,Ruby Crystal,Forbidden Idol,Farsight Alteration,No_Item,Black Cleaver,Bloodsong,No_Item,No_Item,Boots of Swiftness,Oracle Lens,Conqueror,Domination,Conqueror,Inspiration,Electrocute,Precision,Press the Attack,Sorcery,Aftershock,Inspiration,Conqueror,Resolve,Dark Harvest,Inspiration,Electrocute,Resolve,Summon Aery,Resolve,Grasp of the Undying,Precision,Ignite,Flash,Flash,Smite,Flash,Ignite,Barrier,Flash,Ignite,Flash,Teleport,Flash,Flash,Smite,Flash,Teleport,Barrier,Flash,Heal,Flash,0,4,0,1,2,1
https://www.op.gg/summoners/euw/SMRADOCH%20RANDOM-EUW/matches/34-jfPz6Tmy7zqQAA4CzMa37UU6vDqj_vD4-pTyZi50%3D/1732203252000,1,30,17,17,30,25,49,68,47,11,15,1,1,1,0,8,2,2,1,53353,42317,13.6,12.0,755,678,31.7,28.400000000000002,11036,-11036,2220.2801242236023,1761.0180124223602,Ambessa,Lillia,Yone,Caitlyn,Thresh,K'Sante,Viego,Syndra,Ashe,Zilean,Doran's Shield,Eclipse,Black Cleaver,Mercury's Treads,Ruby Crystal,No_Item,Stealth Ward,Dark Seal,Riftmaker,Liandry's Torment,Plated Steelcaps,Needlessly Large Rod,No_Item,Oracle Lens,Infinity Edge,Blade of The Ruined King,Immortal Shieldbow,Giant's Belt,Cloth Armor,Berserker's Greaves,Stealth Ward,Berserker's Greaves,Yun Tal Wildarrows,Infinity Edge,Mortal Reminder,Doran's Blade,Long Sword,Farsight Alteration,Trailblazer,Solstice Sleigh,No_Item,Kindlegem,Cloth Armor,Boots of Swiftness,Oracle Lens,Thornmail,Iceborn Gauntlet,Plated Steelcaps,Negatron Cloak,Cloth Armor,No_Item,Oracle Lens,Kraken Slayer,Sundered Sky,Tunneler,Plated Steelcaps,Null-Magic Mantle,Pickaxe,Oracle Lens,Shadowflame,Luden's Companion,Sorcerer's Shoes,No_Item,Dark Seal,No_Item,Farsight Alteration,Berserker's Greaves,Refillable Potion,Doran's Blade,Kraken Slayer,Phantom Dancer,No_Item,Farsight Alteration,Mikael's Blessing,Solstice Sleigh,Kindlegem,Ionian Boots of Lucidity,Kindlegem,No_Item,Oracle Lens,Grasp of the Undying,Domination,Conqueror,Inspiration,Lethal Tempo,Resolve,Lethal Tempo,Sorcery,Aftershock,Inspiration,Grasp of the Undying,Precision,Conqueror,Inspiration,Summon Aery,Inspiration,Lethal Tempo,Inspiration,Summon Aery,Precision,Teleport,Flash,Smite,Flash,Flash,Teleport,Cleanse,Flash,Flash,Ignite,Teleport,Flash,Flash,Smite,Flash,Teleport,Cleanse,Flash,Flash,Heal,1,3,1,0,3,0
https://www.op.gg/summoners/euw/SMRADOCH%20RANDOM-EUW/matches/34-jfPz6TmwpNckY0vO4bIYqeY9EgoL96Ebsh1UsKlQ%3D/1732201529000,1,26,13,13,27,27,39,39,29,6,10,1,1,0,0,5,1,1,1,43328,33638,12.0,11.0,647,535,33.3,27.5,9690,-9690,2223.4105263157894,1726.1605263157894,Gnar,Skarner,Twisted Fate,Jinx,Lulu,Camille,Shen,Sylas,Ashe,Zilean,Tunneler,Pickaxe,No_Item,Plated Steelcaps,Trinity Force,Doran's Shield,Stealth Ward,Heartsteel,Sterak's Gage,No_Item,Mercury's Treads,Cloth Armor,Kindlegem,Oracle Lens,No_Item,Rod of Ages,Ionian Boots of Lucidity,Lich Bane,Rapid Firecannon,Dark Seal,Farsight Alteration,Doran's Blade,Yun Tal Wildarrows,Cull,Berserker's Greaves,Phantom Dancer,Control Ward,Farsight Alteration,Moonstone Renewer,Dream Maker,Bandleglass Mirror,No_Item,Kindlegem,Ionian Boots of Lucidity,Oracle Lens,Long Sword,Long Sword,Doran's Shield,Mercury's Treads,No_Item,Trinity Force,Oracle Lens,Kindlegem,Redemption,Bami's Cinder,Ionian Boots of Lucidity,No_Item,No_Item,Oracle Lens,Mercury's Treads,Doran's Ring,Hextech Rocketbelt,Shadowflame,Dark Seal,No_Item,Oracle Lens,No_Item,No_Item,Doran's Blade,Berserker's Greaves,Phantom Dancer,Yun Tal Wildarrows,Farsight Alteration,Shurelya's Battlesong,Solstice Sleigh,Control Ward,Kindlegem,Ionian Boots of Lucidity,No_Item,Oracle Lens,Grasp of the Undying,Precision,Grasp of the Undying,Inspiration,Arcane Comet,Inspiration,Press the Attack,Sorcery,Summon Aery,Resolve,Grasp of the Undying,Inspiration,Guardian,Domination,Conqueror,Resolve,Lethal Tempo,Inspiration,Summon Aery,Precision,Flash,Teleport,Flash,Smite,Flash,Teleport,Flash,Barrier,Flash,Heal,Teleport,Flash,Flash,Smite,Flash,Teleport,Flash,Cleanse,Flash,Heal,1,5,0,0,1,0
https://www.op.gg/summoners/euw/SMRADOCH%20RANDOM-EUW/matches/34-jfPz6TmyPMxPz3YRK9rntmFxuLuTB46zHHCoge4o%3D/1732149373000,0,18,25,25,18,41,20,62,51,13,19,0,3,0,1,3,11,0,4,43900,53302,11.8,13.4,646,744,27.0,31.0,-9402,9402,1824.4155844155844,2215.148051948052,Jax,Nidalee,Ezreal,Draven,Thresh,Pantheon,Graves,Syndra,Ashe,Sona,Stridebreaker,Refillable Potion,Mercury's Treads,Trinity Force,Cloth Armor,Cloth Armor,Stealth Ward,Shattered Armguard,Stormsurge,Sorcerer's Shoes,Dark Seal,Lich Bane,No_Item,Oracle Lens,Control Ward,Muramana,Trinity Force,Doran's Blade,Ionian Boots of Lucidity,Long Sword,Farsight Alteration,Doran's Blade,Infinity Edge,Bloodthirster,Cloak of Agility,Boots,No_Item,Stealth Ward,Redemption,Celestial Opposition,Control Ward,Kindlegem,Boots of Swiftness,Null-Magic Mantle,Oracle Lens,Doran's Blade,Eclipse,Sundered Sky,Plated Steelcaps,Sheen,Chain Vest,Stealth Ward,The Collector,Youmuu's Ghostblade,Cloak of Agility,No_Item,Slightly Magical Footwear,No_Item,Oracle Lens,Needlessly Large Rod,Luden's Companion,Dark Seal,Sorcerer's Shoes,Shadowflame,Doran's Ring,Farsight Alteration,Doran's Blade,Infinity Edge,Long Sword,Berserker's Greaves,Phantom Dancer,Kraken Slayer,Farsight Alteration,Bloodsong,Echoes of Helia,Boots,Ardent Censer,Dawncore,No_Item,Oracle Lens,Lethal Tempo,Resolve,Dark Harvest,Inspiration,Press the Attack,Inspiration,Lethal Tempo,Domination,Glacial Augment,Domination,Conqueror,Sorcery,Dark Harvest,Inspiration,Arcane Comet,Inspiration,Press the Attack,Inspiration,Summon Aery,Precision,Flash,Teleport,Flash,Smite,Teleport,Flash,Flash,Cleanse,Ignite,Flash,Ignite,Flash,Flash,Smite,Flash,Teleport,Flash,Cleanse,Flash,Heal,1,4,0,0,2,3
https://www.op.gg/summoners/euw/SMRADOCH%20RANDOM-EUW/matches/34-jfPz6TmwiEBVOMolphiT0wxnnbo23B2Q2sF4PHHU%3D/1732142080000,1,35,31,31,35,69,76,79,67,23,20,3,1,1,0,11,2,4,1,68290,58976,16.0,15.0,951,909,30.7,29.3,9314,-9314,2202.9032258064517,1902.4516129032259,Singed,Zac,Corki,Ezreal,Karma,Darius,Viego,Swain,Varus,Thresh,Rylai's Crystal Scepter,Boots of Swiftness,Zhonya's Hourglass,Liandry's Torment,Cloth Armor,Dark Seal,Farsight Alteration,Spirit Visage,Bramble Vest,Control Ward,Unending Despair,Sunfire Aegis,Ionian Boots of Lucidity,Oracle Lens,Infinity Edge,Last Whisper,Rapid Firecannon,Muramana,Plated Steelcaps,Trinity Force,Stealth Ward,Trinity Force,Muramana,Serylda's Grudge,Boots,Bloodthirster,Doran's Blade,Farsight Alteration,Dream Maker,Redemption,Control Ward,Forbidden Idol,Ionian Boots of Lucidity,Moonstone Renewer,Oracle Lens,Ruby Crystal,Doran's Blade,"Jak'Sho, The Protean",Sterak's Gage,Mercury's Treads,Trinity Force,Stealth Ward,Sundered Sky,Control Ward,Steel Sigil,Mercury's Treads,Kraken Slayer,Sterak's Gage,Oracle Lens,Warden's Mail,Blackfire Torch,Mercury's Treads,Liandry's Torment,Rylai's Crystal Scepter,Dark Seal,Farsight Alteration,Blade of The Ruined King,Berserker's Greaves,Doran's Blade,Guinsoo's Rageblade,Wit's End,Giant's Belt,Farsight Alteration,Kindlegem,Redemption,Solstice Sleigh,Boots of Swiftness,Locket of the Iron Solari,Control Ward,Oracle Lens,Phase Rush,Resolve,Aftershock,Precision,Conqueror,Inspiration,Conqueror,Inspiration,Summon Aery,Resolve,Conqueror,Sorcery,Conqueror,Inspiration,Summon Aery,Precision,Lethal Tempo,Inspiration,Guardian,Inspiration,Flash,Ghost,Smite,Flash,Flash,Teleport,Flash,Barrier,Heal,Flash,Ghost,Flash,Flash,Smite,Flash,Teleport,Flash,Barrier,Flash,Ignite,1,1,3,0,2,0
https://www.op.gg/summoners/euw/SMRADOCH%20RANDOM-EUW/matches/34-jfPz6TmzIFuJ_eQqPiXN9HgMS5j7ocB0hZTXYc4k%3D/1732139461000,0,9,30,30,9,31,8,36,48,6,13,1,1,0,0,2,5,1,1,32669,43070,10.6,11.6,593,598,31.6,31.8,-10401,10401,1732.1147651006713,2283.577181208054,Volibear,Xin Zhao,Talon,Kai'Sa,Thresh,Ambessa,Ekko,Akshan,Ezreal,Bard,Cosmic Drive,Hextech Alternator,Boots of Swiftness,Kindlegem,Dark Seal,No_Item,Stealth Ward,Black Cleaver,Sundered Sky,Slightly Magical Footwear,No_Item,No_Item,No_Item,Oracle Lens,Youmuu's Ghostblade,Refillable Potion,Opportunity,Symbiotic Soles,Long Sword,No_Item,Oracle Lens,Statikk Shiv,Refillable Potion,Guinsoo's Rageblade,Doran's Blade,Boots,Dagger,Farsight Alteration,Winged Moonplate,Solstice Sleigh,Control Ward,Cloth Armor,Ruby Crystal,Boots of Swiftness,Oracle Lens,Doran's Shield,Spear of Shojin,Eclipse,Ionian Boots of Lucidity,Ruby Crystal,Control Ward,Oracle Lens,No_Item,Liandry's Torment,Nashor's Tooth,Dark Seal,Amplifying Tome,Slightly Magical Footwear,Oracle Lens,Infinity Edge,Serrated Dirk,Cloak of Agility,Pickaxe,Boots of Swiftness,Doran's Blade,Farsight Alteration,Doran's Blade,Trinity Force,Manamune,No_Item,No_Item,Ionian Boots of Lucidity,Farsight Alteration,Bloodsong,Dead Man's Plate,Boots of Swiftness,Rectrix,Scout's Slingshot,Pickaxe,Oracle Lens,Press the Attack,Resolve,Conqueror,Inspiration,Electrocute,Sorcery,Hail of Blades,Precision,Aftershock,Inspiration,Grasp of the Undying,Domination,Conqueror,Inspiration,Press the Attack,Inspiration,Press the Attack,Sorcery,Guardian,Domination,Flash,Teleport,Flash,Smite,Flash,Ignite,Flash,Barrier,Flash,Ignite,Flash,Teleport,Smite,Flash,Flash,Teleport,Flash,Barrier,Flash,Heal,0,0,0,1,6,0
https://www.op.gg/summoners/euw/SMRADOCH%20RANDOM-EUW/matches/34-jfPz6TmyQOtwmgunXKHvxoJ7AuOEGsghHqYjrOGk%3D/1732137639000,0,17,33,33,17,60,29,74,66,21,23,1,3,0,1,2,9,1,4,47615,60270,13.6,15.2,765,827,27.4,29.599999999999998,-12655,12655,1700.5357142857142,2152.5,Kennen,Vi,Akali,Caitlyn,Thresh,Jax,Viego,Twisted Fate,Seraphine,Nami,Mercury's Treads,Zhonya's Hourglass,Liandry's Torment,Doran's Blade,No_Item,No_Item,Stealth Ward,Mercury's Treads,Sundered Sky,Black Cleaver,Death's Dance,Long Sword,No_Item,Stealth Ward,Rabadon's Deathcap,No_Item,Shadowflame,Stormsurge,No_Item,Boots,Oracle Lens,The Collector,Infinity Edge,Noonquiver,Boots,Long Sword,Doran's Blade,Farsight Alteration,Locket of the Iron Solari,Solstice Sleigh,Control Ward,Kindlegem,Cloth Armor,Boots of Swiftness,Oracle Lens,Trinity Force,Titanic Hydra,Tunneler,Caulfield's Warhammer,Doran's Shield,Mercury's Treads,Stealth Ward,Kraken Slayer,Mercury's Treads,Sundered Sky,Wit's End,Tunneler,No_Item,Oracle Lens,Ionian Boots of Lucidity,Needlessly Large Rod,Zhonya's Hourglass,Rapid Firecannon,Lich Bane,Rod of Ages,Oracle Lens,Doran's Ring,Luden's Companion,Seraph's Embrace,Rabadon's Deathcap,Ionian Boots of Lucidity,Dark Seal,Farsight Alteration,Imperial Mandate,Solstice Sleigh,Amplifying Tome,Shurelya's Battlesong,Boots of Swiftness,Kindlegem,Oracle Lens,Summon Aery,Resolve,Hail of Blades,Inspiration,Electrocute,Resolve,Lethal Tempo,Sorcery,Aftershock,Inspiration,Grasp of the Undying,Inspiration,Conqueror,Inspiration,Arcane Comet,Precision,Arcane Comet,Precision,Summon Aery,Domination,Teleport,Flash,Flash,Smite,Cleanse,Flash,Flash,Teleport,Flash,Ignite,Flash,Teleport,Flash,Smite,Teleport,Flash,Flash,Teleport,Flash,Heal,1,2,0,0,4,2
https://www.op.gg/summoners/euw/SMRADOCH%20RANDOM-EUW/matches/34-jfPz6TmziQTzpI7N9ph1VC770P4ciarw8RZ8oSrs%3D/1732135057000,0,14,24,24,14,38,21,86,85,36,39,0,5,0,2,5,11,0,7,63498,70909,15.8,16.8,1185,1118,35.699999999999996,33.7,-7411,7411,1898.3938144329895,2119.959793814433,K'Sante,Kindred,Xerath,Caitlyn,Leona,Gnar,Graves,Hwei,Ziggs,Poppy,Iceborn Gauntlet,Kaenic Rookern,Plated Steelcaps,Bramble Vest,Ruby Crystal,Chain Vest,Oracle Lens,Vampiric Scepter,Kraken Slayer,Null-Magic Mantle,Trinity Force,Boots of Swiftness,Black Cleaver,Oracle Lens,Horizon Focus,Rabadon's Deathcap,Sorcerer's Shoes,Dark Seal,Luden's Companion,Malignance,Farsight Alteration,Berserker's Greaves,Vampiric Scepter,Lord Dominik's Regards,Rapid Firecannon,Infinity Edge,The Collector,Farsight Alteration,Locket of the Iron Solari,Celestial Opposition,Chain Vest,Mercury's Treads,Winged Moonplate,Ruby Crystal,Oracle Lens,Doran's Blade,Trinity Force,Sterak's Gage,Plated Steelcaps,Black Cleaver,Wit's End,Oracle Lens,Plated Steelcaps,Youmuu's Ghostblade,The Collector,Lord Dominik's Regards,Immortal Shieldbow,No_Item,Oracle Lens,Needlessly Large Rod,Needlessly Large Rod,Void Staff,Blackfire Torch,Sorcerer's Shoes,Horizon Focus,Farsight Alteration,Doran's Ring,Void Staff,Needlessly Large Rod,Shadowflame,Sorcerer's Shoes,Luden's Companion,Farsight Alteration,No_Item,Bloodsong,Kindlegem,Knight's Vow,Trailblazer,Plated Steelcaps,Oracle Lens,Arcane Comet,Resolve,Press the Attack,Inspiration,Arcane Comet,Precision,Fleet Footwork,Sorcery,Conqueror,Sorcery,Grasp of the Undying,Precision,Dark Harvest,Precision,Arcane Comet,Precision,Arcane Comet,Precision,Aftershock,Inspiration,Flash,Teleport,Flash,Smite,Flash,Teleport,Flash,Teleport,Flash,Ignite,Flash,Teleport,Flash,Smite,Flash,Teleport,Flash,Teleport,Flash,Ignite,0,2,0,1,4,3
https://www.op.gg/summoners/euw/SMRADOCH%20RANDOM-EUW/matches/34-jfPz6Tmyf3IWtUbNStVjZ5SGlth0Vnj46qNOKofg%3D/1732122109000,0,10,23,23,10,24,12,34,36,9,6,0,2,0,0,0,4,0,2,25183,35946,8.8,10.2,414,515,27.1,33.7,-10763,10763,1639.8232558139537,2340.6697674418606,Vladimir,Gwen,Zed,Varus,Pyke,Yorick,Master Yi,Azir,Kog'Maw,Lulu,Refillable Potion,Dark Seal,Boots,Stormsurge,No_Item,Doran's Ring,Stealth Ward,Gustwalker Hatchling,Dark Seal,Nashor's Tooth,Plated Steelcaps,Hextech Alternator,No_Item,Oracle Lens,Long Sword,Long Sword,No_Item,Doran's Shield,Boots,Eclipse,Stealth Ward,Plated Steelcaps,Blade of The Ruined King,Doran's Blade,Refillable Potion,No_Item,Dagger,Farsight Alteration,Runic Compass,Serrated Dirk,Synchronized Souls,Control Ward,Long Sword,Long Sword,Oracle Lens,Tiamat,Long Sword,Doran's Shield,Trinity Force,Boots of Swiftness,No_Item,Stealth Ward,No_Item,Blade of The Ruined King,Pickaxe,Berserker's Greaves,Recurve Bow,No_Item,Eye of the Herald,Sorcerer's Shoes,Haunting Guise,Doran's Ring,Liandry's Torment,Amplifying Tome,No_Item,Farsight Alteration,Doran's Blade,Berserker's Greaves,Blade of The Ruined King,Recurve Bow,Recurve Bow,Amplifying Tome,Farsight Alteration,Dream Maker,Moonstone Renewer,Forbidden Idol,No_Item,Ionian Boots of Lucidity,No_Item,Oracle Lens,Summon Aery,Precision,Conqueror,Inspiration,Conqueror,Sorcery,Lethal Tempo,Inspiration,Hail of Blades,Resolve,Conqueror,Resolve,Lethal Tempo,Domination,Conqueror,Sorcery,Lethal Tempo,Resolve,Summon Aery,Resolve,Flash,Ignite,Smite,Ghost,Teleport,Ignite,Flash,Barrier,Flash,Ignite,Flash,Teleport,Flash,Smite,Flash,Teleport,Flash,Barrier,Flash,Heal,0,0,0,1,6,0
https://www.op.gg/summoners/euw/SMRADOCH%20RANDOM-EUW/matches/34-jfPz6Tmx4PTVET5ZzmXNLfgjvAfar9tvZ_Ty_6p8%3D/1732120566000,0,20,40,41,20,51,21,73,88,28,35,0,3,0,1,3,6,0,4,48271,58781,13.0,15.2,772,828,29.6,31.900000000000002,-10510,10510,1852.8262626262626,2256.240404040404,Darius,Udyr,Corki,Ezreal,Rell,Jax,Elise,Yone,Ashe,Poppy,Trinity Force,Sterak's Gage,Dead Man's Plate,Cloth Armor,Cloth Armor,Plated Steelcaps,Oracle Lens,Liandry's Torment,Randuin's Omen,Winged Moonplate,Negatron Cloak,Boots of Swiftness,No_Item,Oracle Lens,Trinity Force,Doran's Blade,Muramana,Cloak of Agility,Last Whisper,Slightly Magical Footwear,Farsight Alteration,Ionian Boots of Lucidity,Trinity Force,Muramana,Pickaxe,Vampiric Scepter,Doran's Blade,Farsight Alteration,Locket of the Iron Solari,Celestial Opposition,Control Ward,Mercury's Treads,Kindlegem,Giant's Belt,Oracle Lens,Doran's Shield,Sterak's Gage,No_Item,Ionian Boots of Lucidity,Sundered Sky,Trinity Force,Stealth Ward,Rabadon's Deathcap,Liandry's Torment,Control Ward,Dark Seal,Sorcerer's Shoes,Stormsurge,Oracle Lens,Control Ward,Stridebreaker,Immortal Shieldbow,Doran's Shield,Blade of The Ruined King,Berserker's Greaves,Farsight Alteration,B. F. Sword,Kraken Slayer,Phantom Dancer,Doran's Blade,Berserker's Greaves,Infinity Edge,Farsight Alteration,Bloodsong,Locket of the Iron Solari,Dead Man's Plate,Control Ward,Boots of Swiftness,Kindlegem,Oracle Lens,Conqueror,Sorcery,Conqueror,Inspiration,Conqueror,Inspiration,Conqueror,Inspiration,Aftershock,Inspiration,Grasp of the Undying,Sorcery,Dark Harvest,Precision,Fleet Footwork,Resolve,Lethal Tempo,Inspiration,Hail of Blades,Inspiration,Flash,Ghost,Flash,Smite,Flash,Teleport,Flash,Cleanse,Ignite,Flash,Flash,Teleport,Flash,Smite,Flash,Teleport,Flash,Barrier,Flash,Ignite,0,6,0,1,0,0
https://www.op.gg/summoners/euw/SMRADOCH%20RANDOM-EUW/matches/34-jfPz6Tmw0cYrxeBWELBSnAWS4UCsQMwAiOOdyNOI%3D/1732118299000,0,14,33,33,14,58,26,84,78,25,32,0,4,0,1,4,10,0,5,56603,73008,15.0,16.6,1049,1090,32.5,33.8,-16405,16405,1758.7360714285714,2268.462857142857,Jax,Karthus,Smolder,Kog'Maw,Nautilus,Gragas,Volibear,Syndra,Corki,Senna,Stridebreaker,Mercury's Treads,Negatron Cloak,Trinity Force,Hullbreaker,No_Item,Stealth Ward,Sorcerer's Shoes,Liandry's Torment,Blackfire Torch,Rabadon's Deathcap,Blighting Jewel,No_Item,Oracle Lens,Trinity Force,Mercury's Treads,Muramana,Executioner's Calling,B. F. Sword,Vampiric Scepter,Farsight Alteration,Seraph's Embrace,Luden's Companion,Rabadon's Deathcap,Sorcerer's Shoes,No_Item,No_Item,Farsight Alteration,Knight's Vow,Locket of the Iron Solari,Celestial Opposition,Control Ward,Mercury's Treads,No_Item,Oracle Lens,Ionian Boots of Lucidity,Cosmic Drive,Zhonya's Hourglass,Fimbulwinter,Fiendish Codex,No_Item,Farsight Alteration,Sundered Sky,Riftmaker,Unending Despair,Spirit Visage,Boots of Swiftness,No_Item,Oracle Lens,Sorcerer's Shoes,Luden's Companion,Banshee's Veil,Stormsurge,Rabadon's Deathcap,Blighting Jewel,Farsight Alteration,Lord Dominik's Regards,Rapid Firecannon,Muramana,Trinity Force,Mercury's Treads,Doran's Blade,Farsight Alteration,Bloodsong,Locket of the Iron Solari,Black Cleaver,Boots of Swiftness,Rapid Firecannon,Kindlegem,Oracle Lens,Lethal Tempo,Resolve,Dark Harvest,Precision,Fleet Footwork,Inspiration,Arcane Comet,Precision,Aftershock,Inspiration,Phase Rush,Inspiration,Press the Attack,Inspiration,First Strike,Sorcery,Hail of Blades,Inspiration,Grasp of the Undying,Precision,Flash,Teleport,Flash,Smite,Flash,Teleport,Flash,Teleport,Flash,Ignite,Teleport,Flash,Flash,Smite,Teleport,Flash,Flash,Barrier,Flash,Heal,0,6,0,1,0,2
https://www.op.gg/summoners/euw/SMRADOCH%20RANDOM-EUW/matches/34-jfPz6Tmx_-1AP5LQBckbTrFsE-mbwypsXE09FoIk%3D/1732115930000,0,18,30,30,18,48,34,58,52,16,18,0,3,0,1,1,5,0,4,38157,50704,10.2,12.2,534,638,25.1,30.0,-12547,12547,1792.2227272727273,2381.551515151515,Gnar,Wukong,Sylas,Corki,Lulu,Irelia,Skarner,Neeko,Draven,Pyke,Plated Steelcaps,Trinity Force,Kindlegem,No_Item,Doran's Blade,No_Item,Farsight Alteration,No_Item,Plated Steelcaps,Sundered Sky,Ruby Crystal,Long Sword,Trinity Force,Oracle Lens,Hextech Rocketbelt,Cosmic Drive,No_Item,Sorcerer's Shoes,Dark Seal,Doran's Shield,Oracle Lens,Doran's Blade,Muramana,Trinity Force,Boots,No_Item,No_Item,Farsight Alteration,Moonstone Renewer,Dream Maker,Redemption,Forbidden Idol,Boots,No_Item,Oracle Lens,Blade of The Ruined King,Stridebreaker,Doran's Blade,Plated Steelcaps,Wit's End,No_Item,Oracle Lens,Plated Steelcaps,Bramble Vest,No_Item,Tunneler,Heartsteel,No_Item,Oracle Lens,Stormsurge,Sorcerer's Shoes,Hextech Rocketbelt,Doran's Ring,Dark Seal,Amplifying Tome,Oracle Lens,Cloak of Agility,Infinity Edge,Lord Dominik's Regards,The Collector,Berserker's Greaves,Vampiric Scepter,Farsight Alteration,Bloodsong,Boots of Swiftness,Umbral Glaive,Control Ward,Serrated Dirk,No_Item,Oracle Lens,Grasp of the Undying,Precision,Conqueror,Inspiration,Electrocute,Resolve,Conqueror,Inspiration,Summon Aery,Resolve,Conqueror,Inspiration,Conqueror,Sorcery,Summon Aery,Inspiration,Lethal Tempo,Domination,Hail of Blades,Resolve,Flash,Teleport,Smite,Flash,Flash,Teleport,Flash,Barrier,Flash,Heal,Teleport,Flash,Smite,Flash,Flash,Teleport,Flash,Barrier,Ignite,Flash,0,6,0,0,0,0
https://www.op.gg/summoners/euw/SMRADOCH%20RANDOM-EUW/matches/34-jfPz6Tmyi-M0JGEhC_Eueaervyf4Et_1bZzZ30wc%3D/1732114090000,0,26,40,40,26,76,57,108,130,49,58,3,2,0,2,3,11,3,4,66260,75947,16.2,17.4,1099,1105,30.7,30.900000000000002,-9687,9687,1857.7570093457946,2129.355140186916,Lee Sin,Viego,Aurora,Ashe,Poppy,Irelia,Zac,LeBlanc,Ezreal,Bard,Steel Sigil,Boots of Swiftness,Ravenous Hydra,Black Cleaver,Sundered Sky,Sterak's Gage,Stealth Ward,Sundered Sky,Wit's End,Tunneler,Kraken Slayer,Plated Steelcaps,Pickaxe,Oracle Lens,Stormsurge,Needlessly Large Rod,Needlessly Large Rod,Void Staff,Malignance,Mercury's Treads,Farsight Alteration,Last Whisper,Cloak of Agility,Infinity Edge,Yun Tal Wildarrows,Berserker's Greaves,Executioner's Calling,Farsight Alteration,Bloodsong,Dead Man's Plate,Locket of the Iron Solari,Winged Moonplate,Bramble Vest,Boots of Swiftness,Oracle Lens,Plated Steelcaps,Blade of The Ruined King,Tunneler,Kraken Slayer,Terminus,Executioner's Calling,Oracle Lens,Randuin's Omen,Ruby Crystal,Spirit Visage,Thornmail,Sunfire Aegis,Ionian Boots of Lucidity,Oracle Lens,Void Staff,Needlessly Large Rod,Luden's Companion,Dark Seal,Mercury's Treads,Shadowflame,Oracle Lens,Spear of Shojin,Ionian Boots of Lucidity,Blade of The Ruined King,Trinity Force,Muramana,Serylda's Grudge,Farsight Alteration,No_Item,Locket of the Iron Solari,Bloodsong,Redemption,Dead Man's Plate,Boots of Swiftness,Oracle Lens,Conqueror,Resolve,Conqueror,Inspiration,Summon Aery,Resolve,Lethal Tempo,Inspiration,Hail of Blades,Inspiration,Conqueror,Inspiration,Aftershock,Inspiration,Electrocute,Sorcery,Press the Attack,Inspiration,Guardian,Domination,Flash,Teleport,Flash,Smite,Flash,Teleport,Flash,Barrier,Ignite,Flash,Teleport,Flash,Smite,Flash,Teleport,Flash,Flash,Cleanse,Exhaust,Flash,1,6,0,0,0,2
https://www.op.gg/summoners/euw/SMRADOCH%20RANDOM-EUW/matches/34-jfPz6TmyzX2cZap1OsfgmfR_D2xdvM4RSFAg1miY%3D/1732111126000,1,33,20,20,33,35,60,80,64,20,31,2,2,2,0,9,5,4,2,66504,54587,15.8,13.8,909,897,30.9,30.5,11917,-11917,2260.6102766798417,1855.5264822134386,Varus,Skarner,Ahri,Draven,Renata Glasc,Fiora,Viego,Hwei,Corki,Neeko,Plated Steelcaps,Experimental Hexplate,Guinsoo's Rageblade,"Jak'Sho, The Protean",Kraken Slayer,No_Item,Farsight Alteration,Heartsteel,Sterak's Gage,No_Item,Ruby Crystal,Plated Steelcaps,Abyssal Mask,Oracle Lens,Malignance,Dark Seal,Sorcerer's Shoes,Horizon Focus,Liandry's Torment,Needlessly Large Rod,Oracle Lens,Infinity Edge,Bloodthirster,Berserker's Greaves,Last Whisper,Cloak of Agility,The Collector,Farsight Alteration,Solstice Sleigh,Locket of the Iron Solari,Redemption,No_Item,Ionian Boots of Lucidity,Kindlegem,Oracle Lens,Stridebreaker,Blade of The Ruined King,Plated Steelcaps,Winged Moonplate,Tunneler,No_Item,Stealth Ward,Sundered Sky,Trinity Force,Titanic Hydra,Mercury's Treads,No_Item,No_Item,Oracle Lens,Doran's Ring,No_Item,Sorcerer's Shoes,Seraph's Embrace,Horizon Focus,Liandry's Torment,Farsight Alteration,Doran's Blade,No_Item,Muramana,Mortal Reminder,Trinity Force,Plated Steelcaps,Farsight Alteration,Hextech Rocketbelt,Zaz'Zak's Realmspike,Zhonya's Hourglass,Dark Seal,Ionian Boots of Lucidity,Oblivion Orb,Oracle Lens,Press the Attack,Resolve,Aftershock,Inspiration,Electrocute,Sorcery,Lethal Tempo,Inspiration,Guardian,Domination,Press the Attack,Resolve,Conqueror,Inspiration,Arcane Comet,Precision,Conqueror,Inspiration,Arcane Comet,Domination,Flash,Teleport,Flash,Smite,Flash,Teleport,Flash,Barrier,Flash,Heal,Flash,Teleport,Flash,Smite,Flash,Teleport,Barrier,Flash,Flash,Heal,1,6,1,0,0,0
https://www.op.gg/summoners/euw/SMRADOCH%20RANDOM-EUW/matches/34-jfPz6Tmyau8Scfs4JflX7X90JXOTy-RVQzdIaXF4%3D/1732108509000,0,24,24,24,24,46,37,103,109,35,52,0,4,0,1,5,8,0,5,58639,65648,14.8,15.8,957,1024,30.1,32.1,-7009,7009,1834.0832599118942,2053.307488986784,Jax,Viego,Hwei,Caitlyn,Rakan,Ambessa,Vi,Syndra,Xayah,Pyke,Titanic Hydra,Plated Steelcaps,Hullbreaker,No_Item,Trinity Force,No_Item,Stealth Ward,No_Item,Kraken Slayer,Sundered Sky,Mercury's Treads,Sterak's Gage,Steel Sigil,Oracle Lens,Horizon Focus,Needlessly Large Rod,Blackfire Torch,Zhonya's Hourglass,Sorcerer's Shoes,Dark Seal,Farsight Alteration,Lord Dominik's Regards,Zeal,Boots,Infinity Edge,The Collector,Doran's Blade,Farsight Alteration,Celestial Opposition,Locket of the Iron Solari,Forbidden Idol,Ionian Boots of Lucidity,Zeke's Convergence,Kindlegem,Oracle Lens,Doran's Blade,Sterak's Gage,Eclipse,Plated Steelcaps,Spear of Shojin,Cloth Armor,Stealth Ward,Black Cleaver,Sundered Sky,No_Item,Mercury's Treads,Sterak's Gage,No_Item,Oracle Lens,No_Item,Sorcerer's Shoes,Rabadon's Deathcap,Cosmic Drive,Blackfire Torch,Needlessly Large Rod,Farsight Alteration,Berserker's Greaves,Essence Reaver,Navori Flickerblade,Infinity Edge,Lord Dominik's Regards,Vampiric Scepter,Farsight Alteration,Ionian Boots of Lucidity,Celestial Opposition,Youmuu's Ghostblade,Serrated Dirk,Umbral Glaive,Tunneler,Oracle Lens,Lethal Tempo,Resolve,Conqueror,Inspiration,Arcane Comet,Inspiration,Fleet Footwork,Sorcery,Guardian,Domination,Electrocute,Resolve,Conqueror,Inspiration,Arcane Comet,Inspiration,Lethal Tempo,Inspiration,Hail of Blades,Inspiration,Flash,Teleport,Smite,Flash,Flash,Teleport,Flash,Barrier,Flash,Ignite,Teleport,Flash,Smite,Flash,Flash,Teleport,Barrier,Flash,Flash,Ignite,1,6,0,0,0,1
https://www.op.gg/summoners/euw/SMRADOCH%20RANDOM-EUW/matches/34-jfPz6TmwxP01iZ4u9qXVKKwaaRCYAOBXdp8Q9ssM%3D/1732105897000,1,33,18,18,33,30,62,94,80,43,44,3,0,1,0,9,2,4,0,60148,48832,14.8,13.2,925,842,33.8,30.700000000000003,11316,-11316,2193.6329411764705,1780.9317647058824,Jayce,Wukong,Orianna,Corki,Rakan,Sett,Viego,Azir,Jinx,Rell,Plated Steelcaps,Refillable Potion,Youmuu's Ghostblade,Muramana,Doran's Blade,Last Whisper,Farsight Alteration,No_Item,Trinity Force,Sundered Sky,Plated Steelcaps,No_Item,No_Item,Oracle Lens,No_Item,Shattered Armguard,Sorcerer's Shoes,Needlessly Large Rod,Needlessly Large Rod,Luden's Companion,Farsight Alteration,Doran's Blade,Muramana,Trinity Force,Plated Steelcaps,Lord Dominik's Regards,Infinity Edge,Farsight Alteration,Celestial Opposition,No_Item,Locket of the Iron Solari,Plated Steelcaps,Zeke's Convergence,No_Item,Oracle Lens,Plated Steelcaps,Doran's Shield,Stridebreaker,Hullbreaker,Pickaxe,Ruby Crystal,Farsight Alteration,Sundered Sky,Kraken Slayer,Plated Steelcaps,Sterak's Gage,Ruby Crystal,No_Item,Oracle Lens,Rabadon's Deathcap,Fated Ashes,Sorcerer's Shoes,Nashor's Tooth,Dark Seal,Haunting Guise,Oracle Lens,Berserker's Greaves,Infinity Edge,Yun Tal Wildarrows,Doran's Blade,Cloak of Agility,Control Ward,Farsight Alteration,Celestial Opposition,Control Ward,Zeke's Convergence,Boots of Swiftness,Kindlegem,Cloth Armor,Oracle Lens,Conqueror,Inspiration,Conqueror,Inspiration,Arcane Comet,Precision,Conqueror,Inspiration,Guardian,Domination,Conqueror,Resolve,Conqueror,Inspiration,Conqueror,Sorcery,Lethal Tempo,Sorcery,Aftershock,Inspiration,Teleport,Flash,Smite,Flash,Flash,Teleport,Flash,Barrier,Flash,Heal,Flash,Teleport,Flash,Smite,Flash,Teleport,Barrier,Flash,Ignite,Flash,1,0,2,0,6,0
https://www.op.gg/summoners/euw/SMRADOCH%20RANDOM-EUW/matches/34-jfPz6Tmyq6-MYB2xKd34twAHAIIIBirLnHzpOV2E%3D/1732039512000,0,26,25,26,26,40,43,86,75,33,34,1,2,0,1,5,8,1,3,56262,58496,13.8,14.4,875,851,31.700000000000003,30.9,-2234,2234,2050.0323886639676,2131.433198380567,Volibear,Taliyah,Qiyana,Ashe,Pyke,Sion,Viego,Sylas,Ziggs,Nautilus,Boots of Swiftness,Dark Seal,Hextech Rocketbelt,Spirit Visage,Cosmic Drive,Doran's Ring,Oracle Lens,No_Item,Liandry's Torment,Zhonya's Hourglass,No_Item,Sorcerer's Shoes,Luden's Companion,Oracle Lens,Serpent's Fang,Youmuu's Ghostblade,Profane Hydra,Serrated Dirk,Serylda's Grudge,Ionian Boots of Lucidity,Oracle Lens,Doran's Blade,Berserker's Greaves,Kraken Slayer,Phantom Dancer,B. F. Sword,Pickaxe,Farsight Alteration,Celestial Opposition,Youmuu's Ghostblade,Control Ward,Boots of Swiftness,Edge of Night,Serrated Dirk,Oracle Lens,Titanic Hydra,Boots,Heartsteel,Warmog's Armor,Cloth Armor,No_Item,Stealth Ward,Titanic Hydra,Ruby Crystal,Slightly Magical Footwear,Sterak's Gage,Ruby Crystal,Kraken Slayer,Oracle Lens,Hextech Rocketbelt,Rabadon's Deathcap,Amplifying Tome,Dark Seal,Sorcerer's Shoes,Doran's Ring,Oracle Lens,Seraph's Embrace,Luden's Companion,Rabadon's Deathcap,Sorcerer's Shoes,Blasting Wand,Blighting Jewel,Farsight Alteration,Abyssal Mask,Bloodsong,Locket of the Iron Solari,No_Item,No_Item,Boots of Swiftness,Oracle Lens,Press the Attack,Resolve,Dark Harvest,Inspiration,Electrocute,Precision,Lethal Tempo,Inspiration,Hail of Blades,Sorcery,Grasp of the Undying,Inspiration,Conqueror,Inspiration,Electrocute,Resolve,Arcane Comet,Inspiration,Aftershock,Inspiration,Flash,Teleport,Flash,Smite,Flash,Ignite,Flash,Barrier,Ignite,Flash,Flash,Teleport,Smite,Flash,Flash,Teleport,Flash,Teleport,Flash,Ignite,1,3,0,0,3,1
https://www.op.gg/summoners/euw/SMRADOCH%20RANDOM-EUW/matches/34-jfPz6TmyJsKg-54tc2dr4gv6710bTr44PeMrTy0M%3D/1732037268000,0,9,19,19,9,31,12,34,35,9,8,0,2,0,0,1,0,0,2,27019,30095,9.0,9.6,459,478,30.2,31.400000000000002,-3076,3076,1786.3801652892562,1989.7520661157025,Volibear,Kindred,Galio,Ashe,Renata Glasc,Aatrox,Nocturne,Orianna,Ezreal,Neeko,Control Ward,Boots of Swiftness,Hextech Rocketbelt,Dark Seal,Cosmic Drive,No_Item,Oracle Lens,Trinity Force,Plated Steelcaps,Scorchclaw Pup,No_Item,No_Item,No_Item,Oracle Lens,Doran's Ring,Boots,Hollow Radiance,No_Item,No_Item,No_Item,Stealth Ward,Kraken Slayer,Berserker's Greaves,Refillable Potion,Dagger,No_Item,Doran's Blade,Stealth Ward,Kindlegem,Bloodsong,Null-Magic Mantle,No_Item,Cloth Armor,Boots of Swiftness,Oracle Lens,Caulfield's Warhammer,Cloth Armor,Mercury's Treads,Tunneler,No_Item,Doran's Shield,Stealth Ward,Tiamat,Experimental Hexplate,Boots,Scorchclaw Pup,Ruby Crystal,No_Item,Oracle Lens,Seraph's Embrace,Sorcerer's Shoes,Fated Ashes,No_Item,No_Item,Doran's Ring,Farsight Alteration,Doran's Blade,Refillable Potion,Ionian Boots of Lucidity,Tear of the Goddess,Trinity Force,Long Sword,Farsight Alteration,Zaz'Zak's Realmspike,Ionian Boots of Lucidity,Hextech Rocketbelt,Control Ward,No_Item,No_Item,Oracle Lens,Press the Attack,Resolve,Press the Attack,Domination,Aftershock,Sorcery,Lethal Tempo,Inspiration,Guardian,Domination,Conqueror,Resolve,Conqueror,Domination,Conqueror,Sorcery,Conqueror,Inspiration,Arcane Comet,Inspiration,Flash,Teleport,Flash,Smite,Teleport,Flash,Flash,Barrier,Flash,Heal,Teleport,Flash,Flash,Smite,Flash,Teleport,Flash,Barrier,Flash,Ignite,0,6,0,0,0,0
https://www.op.gg/summoners/euw/SMRADOCH%20RANDOM-EUW/matches/34-jfPz6TmwN601_U0CWxWCfQP2NMA-DPoNNTLzaJCc%3D/1732035664000,0,18,26,26,18,40,22,60,81,27,27,0,4,0,1,3,6,0,5,52165,61260,14.2,15.4,917,990,31.4,33.9,-9095,9095,1775.2486910994764,2084.7643979057593,Yone,Zac,Syndra,Caitlyn,Braum,Jax,Graves,Orianna,Draven,Blitzcrank,Doran's Shield,Berserker's Greaves,Cloak of Agility,Blade of The Ruined King,Immortal Shieldbow,No_Item,Farsight Alteration,Randuin's Omen,Dark Seal,No_Item,Spirit Visage,Sunfire Aegis,Ionian Boots of Lucidity,Oracle Lens,Doran's Ring,Blackfire Torch,Shadowflame,Void Staff,Sorcerer's Shoes,No_Item,Farsight Alteration,The Collector,Vampiric Scepter,Infinity Edge,Berserker's Greaves,Lord Dominik's Regards,Zeal,Farsight Alteration,Celestial Opposition,Knight's Vow,Locket of the Iron Solari,Plated Steelcaps,Control Ward,Glacial Buckler,Oracle Lens,Trinity Force,Zhonya's Hourglass,Control Ward,Sundered Sky,Mercury's Treads,No_Item,Stealth Ward,Youmuu's Ghostblade,Control Ward,Last Whisper,The Collector,Mercury's Treads,Immortal Shieldbow,Oracle Lens,Doran's Ring,Blighting Jewel,Mercury's Treads,Luden's Companion,Liandry's Torment,Rabadon's Deathcap,Farsight Alteration,Doran's Blade,The Collector,Infinity Edge,Berserker's Greaves,Lord Dominik's Regards,No_Item,Farsight Alteration,Trailblazer,Bloodsong,Locket of the Iron Solari,Control Ward,No_Item,Boots of Swiftness,Oracle Lens,Lethal Tempo,Resolve,Aftershock,Inspiration,Arcane Comet,Inspiration,Lethal Tempo,Sorcery,Guardian,Inspiration,Lethal Tempo,Resolve,Dark Harvest,Precision,Summon Aery,Precision,Lethal Tempo,Domination,Glacial Augment,Sorcery,Flash,Teleport,Smite,Flash,Teleport,Flash,Flash,Barrier,Flash,Exhaust,Flash,Teleport,Flash,Smite,Flash,Teleport,Barrier,Flash,Flash,Ignite,0,3,0,1,3,0
https://www.op.gg/summoners/euw/SMRADOCH%20RANDOM-EUW/matches/34-jfPz6TmziyzrhewXDt2Y_we0AT2KNuOzM4FRTdvI%3D/1732033143000,0,25,38,38,25,64,37,55,54,13,15,0,3,0,1,1,11,0,4,44822,57085,12.0,13.6,613,664,25.4,27.5,-12263,12263,1861.836923076923,2371.223076923077,Galio,Rengar,Corki,Pantheon,Blitzcrank,Malphite,Wukong,Vex,Caitlyn,Lux,Doran's Ring,Stormsurge,Shadowflame,Sorcerer's Shoes,No_Item,No_Item,Stealth Ward,Pickaxe,Voltaic Cyclosword,Ionian Boots of Lucidity,Long Sword,Long Sword,Lord Dominik's Regards,Stealth Ward,Doran's Blade,The Collector,Infinity Edge,Boots,Lord Dominik's Regards,No_Item,Farsight Alteration,Mercury's Treads,Tunneler,Black Cleaver,Sterak's Gage,No_Item,No_Item,Stealth Ward,Refillable Potion,Mikael's Blessing,Celestial Opposition,Control Ward,Kindlegem,Boots of Swiftness,Oracle Lens,Negatron Cloak,Sunfire Aegis,No_Item,Ruby Crystal,Frozen Heart,Plated Steelcaps,Farsight Alteration,Sundered Sky,Pickaxe,Cloth Armor,Plated Steelcaps,Tunneler,Trinity Force,Oracle Lens,Zhonya's Hourglass,Blackfire Torch,Liandry's Torment,Sorcerer's Shoes,Doran's Ring,No_Item,Stealth Ward,Lord Dominik's Regards,Zeal,Infinity Edge,The Collector,Berserker's Greaves,Doran's Blade,Farsight Alteration,Zaz'Zak's Realmspike,Luden's Companion,Stormsurge,No_Item,Ionian Boots of Lucidity,No_Item,Oracle Lens,Aftershock,Inspiration,Conqueror,Domination,Hail of Blades,Precision,Press the Attack,Sorcery,Glacial Augment,Sorcery,Arcane Comet,Inspiration,Conqueror,Inspiration,Electrocute,Sorcery,Lethal Tempo,Sorcery,Arcane Comet,Inspiration,Flash,Teleport,Smite,Flash,Barrier,Flash,Ignite,Flash,Flash,Ignite,Flash,Teleport,Flash,Smite,Flash,Teleport,Flash,Barrier,Flash,Heal,0,1,0,1,3,3
https://www.op.gg/summoners/euw/SMRADOCH%20RANDOM-EUW/matches/34-jfPz6Tmz2z0bmBL5fc6d9XWrFuwqraOoLxOWiPqg%3D/1731952097000,0,43,39,40,43,67,85,115,92,41,40,1,4,0,1,2,10,1,5,64588,71036,15.2,16.6,870,1024,26.4,31.2,-6448,6448,1966.7774436090226,2163.1263157894737,Kled,Ivern,Orianna,Ashe,Pyke,Corki,Udyr,Akali,Ezreal,Rell,Titanic Hydra,Maw of Malmortius,Hubris,Ruby Crystal,No_Item,Ionian Boots of Lucidity,Farsight Alteration,Dawncore,Moonstone Renewer,Redemption,Aether Wisp,Ionian Boots of Lucidity,Staff of Flowing Water,Stealth Ward,Ionian Boots of Lucidity,Dark Seal,Aether Wisp,Cosmic Drive,Liandry's Torment,Seraph's Embrace,Farsight Alteration,Mortal Reminder,Berserker's Greaves,Bloodthirster,Kraken Slayer,Phantom Dancer,Vampiric Scepter,Farsight Alteration,Edge of Night,Celestial Opposition,Control Ward,Umbral Glaive,Guardian Angel,Ionian Boots of Lucidity,Oracle Lens,Muramana,Trinity Force,Serylda's Grudge,Boots of Swiftness,Serpent's Fang,Vampiric Scepter,Oracle Lens,Liandry's Torment,Randuin's Omen,Force of Nature,Chain Vest,Boots of Swiftness,Bramble Vest,Oracle Lens,Lich Bane,Dark Seal,Shadowflame,Needlessly Large Rod,Mercury's Treads,Rabadon's Deathcap,Oracle Lens,Muramana,Trinity Force,Spear of Shojin,Serylda's Grudge,Ionian Boots of Lucidity,B. F. Sword,Farsight Alteration,Celestial Opposition,Boots of Swiftness,Locket of the Iron Solari,No_Item,Zeke's Convergence,Kindlegem,Oracle Lens,Grasp of the Undying,Precision,Glacial Augment,Sorcery,Conqueror,Sorcery,Lethal Tempo,Inspiration,Hail of Blades,Resolve,Conqueror,Inspiration,Conqueror,Inspiration,Electrocute,Sorcery,Conqueror,Inspiration,Aftershock,Inspiration,Flash,Ignite,Flash,Smite,Flash,Teleport,Flash,Barrier,Flash,Ignite,Flash,Teleport,Flash,Smite,Teleport,Flash,Flash,Barrier,Flash,Ignite,1,2,0,0,4,2
https://www.op.gg/summoners/euw/SMRADOCH%20RANDOM-EUW/matches/34-jfPz6Tmy2pTPmoEB2c753NktQEUMr5Xvm9uhwM_o%3D/1731949409000,0,12,21,21,12,47,16,51,53,12,17,0,3,0,1,3,9,0,4,42432,51262,12.4,14.0,765,784,31.8,32.6,-8830,8830,1768.0,2135.9166666666665,Ornn,Viego,LeBlanc,Ezreal,Soraka,Ekko,Master Yi,Maokai,Caitlyn,Lulu,Plated Steelcaps,Bramble Vest,Hollow Radiance,Randuin's Omen,Doran's Shield,No_Item,Stealth Ward,Trinity Force,Sundered Sky,Recurve Bow,Mercury's Treads,Null-Magic Mantle,Control Ward,Oracle Lens,Sorcerer's Shoes,Horizon Focus,Needlessly Large Rod,Dark Seal,Luden's Companion,Doran's Ring,Oracle Lens,Doran's Blade,Slightly Magical Footwear,Muramana,Trinity Force,No_Item,No_Item,Farsight Alteration,Forbidden Idol,Kindlegem,No_Item,Dream Maker,Moonstone Renewer,Ionian Boots of Lucidity,Oracle Lens,Lich Bane,Hextech Rocketbelt,Nashor's Tooth,Dark Seal,Boots,No_Item,Oracle Lens,Guinsoo's Rageblade,Blade of The Ruined King,Plated Steelcaps,Hearthbound Axe,Recurve Bow,Rectrix,Oracle Lens,No_Item,Hollow Radiance,Tear of the Goddess,Plated Steelcaps,Kindlegem,Unending Despair,Stealth Ward,Doran's Blade,The Collector,Berserker's Greaves,Last Whisper,Cloak of Agility,Infinity Edge,Farsight Alteration,Ruby Crystal,Forbidden Idol,Dream Maker,Ionian Boots of Lucidity,Moonstone Renewer,Oblivion Orb,Oracle Lens,Grasp of the Undying,Inspiration,Conqueror,Inspiration,Electrocute,Sorcery,Press the Attack,Inspiration,Summon Aery,Resolve,Arcane Comet,Domination,Lethal Tempo,Domination,Aftershock,Precision,Lethal Tempo,Sorcery,Summon Aery,Resolve,Flash,Teleport,Flash,Smite,Flash,Teleport,Flash,Barrier,Heal,Flash,Teleport,Flash,Flash,Smite,Flash,Teleport,Flash,Barrier,Heal,Flash,1,4,0,0,2,1
https://www.op.gg/summoners/euw/SMRADOCH%20RANDOM-EUW/matches/34-jfPz6TmyK5Sje6lgQO-QiJ1g-aq_9uinO_rxmegE%3D/1731947327000,1,25,17,17,25,27,42,64,59,17,20,1,2,1,0,11,2,2,2,53481,41666,13.6,11.8,791,711,34.0,30.400000000000002,11815,-11815,2295.423451327433,1788.3194690265484,Ambessa,Udyr,Azir,Ezreal,Braum,Riven,Zed,Syndra,Ashe,Nautilus,Plated Steelcaps,Eclipse,Black Cleaver,Doran's Blade,Death's Dance,No_Item,Oracle Lens,Liandry's Torment,Randuin's Omen,No_Item,Boots of Swiftness,Null-Magic Mantle,No_Item,Oracle Lens,Liandry's Torment,Nashor's Tooth,Sorcerer's Shoes,Needlessly Large Rod,Amplifying Tome,Doran's Ring,Farsight Alteration,Doran's Blade,Muramana,Tunneler,Pickaxe,Trinity Force,Ionian Boots of Lucidity,Farsight Alteration,No_Item,Chain Vest,Locket of the Iron Solari,Celestial Opposition,Kindlegem,Boots of Swiftness,Oracle Lens,Death's Dance,Ionian Boots of Lucidity,Pickaxe,No_Item,Black Cleaver,No_Item,Oracle Lens,Eclipse,Spear of Shojin,Phage,Kindlegem,Ionian Boots of Lucidity,Pickaxe,Stealth Ward,Doran's Ring,Haunting Guise,Fated Ashes,No_Item,Luden's Companion,Sorcerer's Shoes,Stealth Ward,Doran's Blade,Kraken Slayer,Phantom Dancer,Cloak of Agility,Pickaxe,Berserker's Greaves,Farsight Alteration,Bloodsong,Locket of the Iron Solari,Plated Steelcaps,Control Ward,Kindlegem,Cloth Armor,Oracle Lens,Conqueror,Resolve,Conqueror,Inspiration,Conqueror,Sorcery,Press the Attack,Inspiration,Guardian,Inspiration,Conqueror,Inspiration,Conqueror,Inspiration,Arcane Comet,Inspiration,Lethal Tempo,Inspiration,Aftershock,Inspiration,Flash,Teleport,Flash,Smite,Flash,Teleport,Flash,Exhaust,Flash,Ignite,Flash,Teleport,Flash,Smite,Flash,Teleport,Flash,Barrier,Flash,Ignite,0,6,3,1,0,0
https://www.op.gg/summoners/euw/SMRADOCH%20RANDOM-EUW/matches/34-jfPz6TmzujTII-3anSiUwzg4SqXoLgLjmzQpRjlo%3D/1731945317000,1,30,18,18,31,24,76,111,91,34,44,3,2,2,0,10,4,5,2,69190,61383,16.2,15.6,1003,1100,30.2,33.1,7807,-7807,2091.0755555555556,1855.1306666666667,K'Sante,Ivern,Akshan,Ashe,Renata Glasc,Riven,Vi,Sylas,Corki,Rell,"Jak'Sho, The Protean",Iceborn Gauntlet,Unending Despair,Kindlegem,Plated Steelcaps,Chain Vest,Oracle Lens,Redemption,Ardent Censer,Moonstone Renewer,Ionian Boots of Lucidity,Forbidden Idol,Forbidden Idol,Oracle Lens,Infinity Edge,The Collector,Lord Dominik's Regards,Plated Steelcaps,Rapid Firecannon,B. F. Sword,Farsight Alteration,Bloodthirster,Berserker's Greaves,Control Ward,Phantom Dancer,Kraken Slayer,Mortal Reminder,Farsight Alteration,Celestial Opposition,Redemption,Locket of the Iron Solari,Watchful Wardstone,Boots of Swiftness,Kindlegem,Oracle Lens,Serpent's Fang,Black Cleaver,Plated Steelcaps,Eclipse,Warden's Mail,Death's Dance,Oracle Lens,Sterak's Gage,Sundered Sky,Black Cleaver,No_Item,Plated Steelcaps,No_Item,Oracle Lens,Hextech Rocketbelt,Zhonya's Hourglass,Needlessly Large Rod,Dark Seal,Plated Steelcaps,Riftmaker,Stealth Ward,Serpent's Fang,Boots,Trinity Force,Muramana,Lord Dominik's Regards,No_Item,Farsight Alteration,Celestial Opposition,No_Item,Locket of the Iron Solari,Kindlegem,Cloth Armor,Ionian Boots of Lucidity,Oracle Lens,Grasp of the Undying,Sorcery,Summon Aery,Domination,Press the Attack,Resolve,Lethal Tempo,Inspiration,Guardian,Domination,Conqueror,Inspiration,Conqueror,Inspiration,Conqueror,Resolve,Conqueror,Inspiration,Aftershock,Inspiration,Teleport,Flash,Flash,Smite,Flash,Teleport,Flash,Barrier,Flash,Heal,Flash,Teleport,Flash,Smite,Flash,Teleport,Flash,Barrier,Flash,Ignite,1,3,2,0,3,0
https://www.op.gg/summoners/euw/SMRADOCH%20RANDOM-EUW/matches/34-jfPz6Tmz1D4XgG4CUOhOOXpn9JMIkxowg4gVn5Wc%3D/1731942772000,0,9,24,24,9,45,6,31,24,1,8,0,1,0,0,0,3,0,1,26974,35585,9.8,10.6,488,511,30.1,31.7,-8611,8611,1670.9557522123894,2204.380530973451,Fiddlesticks,Trundle,Corki,Jhin,Leona,Yone,Jarvan IV,Orianna,Zeri,Yuumi,Plated Steelcaps,Liandry's Torment,Amplifying Tome,No_Item,No_Item,No_Item,Scarecrow Effigy,Tiamat,Blade of The Ruined King,Mosstomper Seedling,Dagger,Slightly Magical Footwear,No_Item,Stealth Ward,Refillable Potion,Trinity Force,Manamune,Slightly Magical Footwear,No_Item,No_Item,Farsight Alteration,Doran's Blade,Boots of Swiftness,The Collector,No_Item,No_Item,No_Item,Farsight Alteration,Solstice Sleigh,Plated Steelcaps,Kindlegem,Cloth Armor,Null-Magic Mantle,No_Item,Oracle Lens,Doran's Blade,Berserker's Greaves,Yun Tal Wildarrows,Immortal Shieldbow,No_Item,No_Item,Stealth Ward,Mosstomper Seedling,Eclipse,Mercury's Treads,Caulfield's Warhammer,No_Item,No_Item,Oracle Lens,Luden's Companion,Refillable Potion,Boots,Doran's Ring,Hextech Alternator,Needlessly Large Rod,Farsight Alteration,Statikk Shiv,Berserker's Greaves,Runaan's Hurricane,B. F. Sword,No_Item,No_Item,Farsight Alteration,Control Ward,Mikael's Blessing,Dream Maker,Moonstone Renewer,Faerie Charm,No_Item,Oracle Lens,Arcane Comet,Resolve,Lethal Tempo,Inspiration,Conqueror,Inspiration,Dark Harvest,Precision,Aftershock,Inspiration,Lethal Tempo,Resolve,Conqueror,Inspiration,Arcane Comet,Precision,Lethal Tempo,Inspiration,Summon Aery,Resolve,Teleport,Flash,Smite,Flash,Flash,Teleport,Barrier,Flash,Flash,Ignite,Flash,Teleport,Smite,Flash,Flash,Teleport,Cleanse,Flash,Exhaust,Heal,0,4,0,0,2,0
https://www.op.gg/summoners/euw/SMRADOCH%20RANDOM-EUW/matches/34-jfPz6TmzPM61LtMUmu1_dEiSnPBzmu9p_DiuOpjg%3D/1731940949000,0,12,24,24,12,40,20,36,67,21,17,0,2,0,0,0,8,0,2,37071,47601,11.6,12.4,672,745,31.2,34.6,-10530,10530,1723.018309859155,2212.4408450704227,Jax,Nidalee,Yone,Ashe,Nautilus,Gragas,Nocturne,Ahri,Corki,Rakan,Trinity Force,Ionian Boots of Lucidity,Doran's Shield,Tunneler,Ruby Crystal,No_Item,Stealth Ward,Stormsurge,Liandry's Torment,Sorcerer's Shoes,Amplifying Tome,No_Item,Dark Seal,Oracle Lens,Doran's Shield,Noonquiver,Control Ward,Pickaxe,Berserker's Greaves,Blade of The Ruined King,Oracle Lens,Runaan's Hurricane,Long Sword,No_Item,Berserker's Greaves,Doran's Blade,Kraken Slayer,Farsight Alteration,Locket of the Iron Solari,Celestial Opposition,Kindlegem,Cloth Armor,Boots,Ruby Crystal,Oracle Lens,Hextech Rocketbelt,Cosmic Drive,Seeker's Armguard,Boots of Swiftness,Lost Chapter,Refillable Potion,Stealth Ward,Sterak's Gage,Stridebreaker,Pickaxe,Boots of Swiftness,Ruby Crystal,Control Ward,Farsight Alteration,Malignance,Liandry's Torment,Dark Seal,Blasting Wand,Ionian Boots of Lucidity,Blighting Jewel,Oracle Lens,Doran's Blade,Muramana,Trinity Force,B. F. Sword,Pickaxe,Plated Steelcaps,Farsight Alteration,Celestial Opposition,Locket of the Iron Solari,Control Ward,Ionian Boots of Lucidity,Zeke's Convergence,Kindlegem,Oracle Lens,Grasp of the Undying,Inspiration,Dark Harvest,Precision,Fleet Footwork,Resolve,Lethal Tempo,Inspiration,Aftershock,Inspiration,Phase Rush,Precision,Conqueror,Domination,Electrocute,Sorcery,Conqueror,Inspiration,Guardian,Domination,Flash,Teleport,Flash,Smite,Flash,Teleport,Flash,Barrier,Flash,Ignite,Flash,Teleport,Flash,Smite,Teleport,Flash,Flash,Exhaust,Ignite,Flash,0,0,0,1,6,2
https://www.op.gg/summoners/euw/SMRADOCH%20RANDOM-EUW/matches/34-jfPz6Tmz_bkkQfBrAayv4a8hYG0QTu4fXc0a7nsA%3D/1731938877000,1,25,9,9,25,9,36,53,51,13,9,2,0,1,0,4,3,3,0,46978,37699,13.2,11.2,764,696,35.0,32.0,9279,-9279,2155.4611764705883,1729.7188235294118,Riven,Skarner,Syndra,Ashe,Heimerdinger,Gragas,Udyr,Yasuo,Jinx,Lulu,Control Ward,Mercury's Treads,Death's Dance,Long Sword,Doran's Shield,Black Cleaver,Stealth Ward,Sterak's Gage,Heartsteel,Plated Steelcaps,Ruby Crystal,Cloth Armor,No_Item,Oracle Lens,Void Staff,Rabadon's Deathcap,Luden's Companion,Sorcerer's Shoes,No_Item,Doran's Ring,Farsight Alteration,Kraken Slayer,Statikk Shiv,Ruby Crystal,Doran's Blade,Control Ward,Berserker's Greaves,Farsight Alteration,No_Item,Zaz'Zak's Realmspike,Amplifying Tome,Sorcerer's Shoes,Rylai's Crystal Scepter,Liandry's Torment,Oracle Lens,Hextech Rocketbelt,Cosmic Drive,Lost Chapter,Boots of Swiftness,Blasting Wand,Amplifying Tome,Stealth Ward,Negatron Cloak,Liandry's Torment,Plated Steelcaps,No_Item,No_Item,No_Item,Oracle Lens,Noonquiver,Berserker's Greaves,Blade of The Ruined King,Doran's Shield,Pickaxe,No_Item,Farsight Alteration,Doran's Blade,Infinity Edge,Berserker's Greaves,The Collector,No_Item,No_Item,Farsight Alteration,Refillable Potion,Ruby Crystal,Dream Maker,Ionian Boots of Lucidity,Moonstone Renewer,Forbidden Idol,Oracle Lens,Conqueror,Inspiration,Grasp of the Undying,Inspiration,Summon Aery,Inspiration,Lethal Tempo,Inspiration,Arcane Comet,Inspiration,Phase Rush,Precision,Conqueror,Resolve,Fleet Footwork,Resolve,Lethal Tempo,Sorcery,Summon Aery,Resolve,Flash,Teleport,Flash,Smite,Flash,Teleport,Flash,Barrier,Ignite,Flash,Flash,Teleport,Smite,Flash,Flash,Teleport,Cleanse,Flash,Heal,Flash,0,1,0,0,1,0
https://www.op.gg/summoners/euw/SMRADOCH%20RANDOM-EUW/matches/34-jfPz6TmwX_QfCfOqPGH2uI-w-4ymVZhoIhAUvapY%3D/1731936905000,0,28,45,45,28,73,43,63,63,13,15,1,3,0,1,2,10,1,4,51800,65084,13.8,15.6,811,870,29.6,31.7,-13284,13284,1890.3317535545025,2375.103317535545,Garen,Olaf,Azir,Corki,Rell,Gragas,Dr. Mundo,Ahri,Jinx,Lulu,Stridebreaker,Mortal Reminder,Phantom Dancer,Cloak of Agility,Boots of Swiftness,No_Item,Oracle Lens,Negatron Cloak,Sundered Sky,Stridebreaker,Plated Steelcaps,Warden's Mail,No_Item,Stealth Ward,Rabadon's Deathcap,Nashor's Tooth,Sorcerer's Shoes,Liandry's Torment,No_Item,Doran's Ring,Farsight Alteration,No_Item,Lord Dominik's Regards,Trinity Force,Boots,Muramana,Doran's Blade,Farsight Alteration,Locket of the Iron Solari,Celestial Opposition,Zeke's Convergence,Control Ward,Kindlegem,Ionian Boots of Lucidity,Oracle Lens,Lich Bane,Void Staff,Cosmic Drive,Boots of Swiftness,Amplifying Tome,No_Item,Stealth Ward,Sterak's Gage,Heartsteel,Boots of Swiftness,Spirit Visage,Warden's Mail,Giant's Belt,Oracle Lens,Rabadon's Deathcap,Amplifying Tome,Malignance,Ionian Boots of Lucidity,Horizon Focus,Dark Seal,Farsight Alteration,Phantom Dancer,Kraken Slayer,Control Ward,Lord Dominik's Regards,Infinity Edge,Berserker's Greaves,Farsight Alteration,Ardent Censer,Dream Maker,Shurelya's Battlesong,Redemption,Ionian Boots of Lucidity,No_Item,Oracle Lens,Phase Rush,Resolve,Conqueror,Inspiration,Conqueror,Sorcery,Conqueror,Inspiration,Aftershock,Inspiration,Phase Rush,Precision,Fleet Footwork,Inspiration,Electrocute,Sorcery,Lethal Tempo,Sorcery,Summon Aery,Resolve,Flash,Ignite,Smite,Ghost,Flash,Teleport,Flash,Barrier,Flash,Ignite,Flash,Teleport,Flash,Smite,Teleport,Flash,Flash,Barrier,Flash,Exhaust,1,3,0,0,0,2
https://www.op.gg/summoners/euw/SMRADOCH%20RANDOM-EUW/matches/34-jfPz6TmxED-P-7pORX-m6FP1rUJOYNw-HQGjmXcw%3D/1731934351000,0,11,23,23,11,29,14,35,49,10,7,0,2,0,0,1,3,0,2,32949,40597,10.2,11.4,552,617,29.3,32.7,-7648,7648,1746.6939759036145,2152.130120481928,Renekton,Jarvan IV,Aurora,Corki,Braum,Irelia,Wukong,Fizz,Caitlyn,Rakan,Doran's Shield,Refillable Potion,Eclipse,Boots,Sundered Sky,No_Item,Oracle Lens,Gustwalker Hatchling,Eclipse,Plated Steelcaps,Pickaxe,Phage,No_Item,Oracle Lens,Sorcerer's Shoes,Doran's Ring,Luden's Companion,Dark Seal,Hextech Alternator,No_Item,Stealth Ward,Caulfield's Warhammer,Long Sword,Plated Steelcaps,Trinity Force,Doran's Blade,Tear of the Goddess,Farsight Alteration,Solstice Sleigh,Locket of the Iron Solari,Control Ward,Plated Steelcaps,Kindlegem,No_Item,Oracle Lens,Doran's Shield,Kraken Slayer,No_Item,Plated Steelcaps,Blade of The Ruined King,No_Item,Farsight Alteration,Trinity Force,Control Ward,Sundered Sky,No_Item,Boots of Swiftness,No_Item,Eye of the Herald,Refillable Potion,Seeker's Armguard,Dark Seal,Ionian Boots of Lucidity,Lich Bane,Doran's Ring,Oracle Lens,Berserker's Greaves,Infinity Edge,Last Whisper,Cloak of Agility,The Collector,Doran's Blade,Farsight Alteration,Mejai's Soulstealer,Trailblazer,Dream Maker,Ionian Boots of Lucidity,Control Ward,Kindlegem,Oracle Lens,Press the Attack,Resolve,Conqueror,Inspiration,Electrocute,Sorcery,Hail of Blades,Inspiration,Guardian,Inspiration,Lethal Tempo,Resolve,Conqueror,Inspiration,Electrocute,Sorcery,Lethal Tempo,Sorcery,Guardian,Domination,Ignite,Flash,Smite,Flash,Flash,Teleport,Flash,Barrier,Flash,Exhaust,Flash,Teleport,Flash,Smite,Flash,Ignite,Flash,Barrier,Ignite,Flash,0,0,0,1,3,0
https://www.op.gg/summoners/euw/SMRADOCH%20RANDOM-EUW/matches/34-jfPz6TmyJj4MCusvUBRRrf2vkEy97fXdKOS-qUMw%3D/1731932671000,0,41,39,40,42,86,86,101,101,36,21,1,3,1,1,6,9,2,4,70935,75188,15.8,16.6,935,969,26.7,27.6,-4253,4253,2022.9611111111112,2144.2503703703705,K'Sante,Warwick,Syndra,Kai'Sa,Rell,Gangplank,Wukong,Ahri,Corki,Lux,Spirit Visage,"Jak'Sho, The Protean",Iceborn Gauntlet,Plated Steelcaps,Unending Despair,Warden's Mail,Farsight Alteration,Stridebreaker,B. F. Sword,Spirit Visage,Plated Steelcaps,Sterak's Gage,Thornmail,Oracle Lens,No_Item,Rabadon's Deathcap,Zhonya's Hourglass,Luden's Companion,Sorcerer's Shoes,Stormsurge,Farsight Alteration,Guinsoo's Rageblade,Statikk Shiv,Zhonya's Hourglass,Berserker's Greaves,Nashor's Tooth,Blighting Jewel,Farsight Alteration,Locket of the Iron Solari,Celestial Opposition,Randuin's Omen,Ionian Boots of Lucidity,Control Ward,Thornmail,Oracle Lens,No_Item,Trinity Force,Lord Dominik's Regards,Infinity Edge,Boots,Immortal Shieldbow,Farsight Alteration,Black Cleaver,Mercury's Treads,Sundered Sky,Warden's Mail,Negatron Cloak,Trinity Force,Stealth Ward,Zhonya's Hourglass,Malignance,Liandry's Torment,Mercury's Treads,Rabadon's Deathcap,Dark Seal,Oracle Lens,Rapid Firecannon,Trinity Force,Muramana,Mercury's Treads,Mortal Reminder,Infinity Edge,Farsight Alteration,Plated Steelcaps,Redemption,Celestial Opposition,Oblivion Orb,No_Item,Locket of the Iron Solari,Oracle Lens,Grasp of the Undying,Domination,Press the Attack,Sorcery,Summon Aery,Precision,Press the Attack,Inspiration,Aftershock,Inspiration,Grasp of the Undying,Sorcery,Conqueror,Inspiration,Electrocute,Inspiration,Conqueror,Inspiration,Aftershock,Domination,Flash,Teleport,Smite,Flash,Flash,Teleport,Flash,Barrier,Ignite,Flash,Flash,Teleport,Flash,Smite,Flash,Teleport,Flash,Barrier,Flash,Heal,0,5,1,0,1,1
https://www.op.gg/summoners/euw/SMRADOCH%20RANDOM-EUW/matches/34-jfPz6TmyKrA81592pMsBYUJkOF2jQ3GQLJVvcrwQ%3D/1731861726000,0,15,25,25,15,41,29,43,56,21,8,0,1,0,0,0,11,0,1,35986,47875,10.8,11.8,544,664,25.6,31.4,-11889,11889,1702.752195121951,2265.30487804878,Gnar,Jarvan IV,LeBlanc,Kalista,Janna,Irelia,Graves,Lissandra,Ezreal,Rakan,Doran's Shield,Plated Steelcaps,Refillable Potion,Trinity Force,Pickaxe,Phage,Oracle Lens,Sundered Sky,Plated Steelcaps,Frozen Heart,No_Item,No_Item,No_Item,Oracle Lens,Doran's Ring,Luden's Companion,Mercury's Treads,Hextech Alternator,Dark Seal,Needlessly Large Rod,Oracle Lens,Doran's Blade,Berserker's Greaves,Blade of The Ruined King,Recurve Bow,Pickaxe,Amplifying Tome,Farsight Alteration,Dream Maker,Echoes of Helia,Boots of Swiftness,Dark Seal,Glowing Mote,Ruby Crystal,Oracle Lens,Doran's Blade,Blade of The Ruined King,Plated Steelcaps,Hullbreaker,Steel Sigil,Caulfield's Warhammer,Stealth Ward,Noonquiver,Youmuu's Ghostblade,The Collector,Boots,No_Item,Pickaxe,Oracle Lens,Rod of Ages,Sorcerer's Shoes,Dark Seal,Rabadon's Deathcap,Hextech Alternator,Kindlegem,Oracle Lens,Trinity Force,Muramana,Boots,No_Item,No_Item,Doran's Blade,Farsight Alteration,Celestial Opposition,Control Ward,Redemption,Ionian Boots of Lucidity,Locket of the Iron Solari,Ruby Crystal,Oracle Lens,Fleet Footwork,Resolve,Conqueror,Inspiration,Electrocute,Sorcery,Lethal Tempo,Domination,Summon Aery,Resolve,Conqueror,Resolve,Dark Harvest,Precision,Arcane Comet,Inspiration,Conqueror,Inspiration,Guardian,Domination,Flash,Teleport,Flash,Smite,Flash,Teleport,Flash,Barrier,Flash,Ignite,Teleport,Flash,Flash,Smite,Flash,Teleport,Flash,Barrier,Ignite,Flash,0,0,0,1,6,3
https://www.op.gg/summoners/euw/SMRADOCH%20RANDOM-EUW/matches/34-jfPz6TmybBFn2J2dgzdB6fQB7GoY_vUdMfnRHuwU%3D/1731859454000,1,31,15,15,31,22,44,75,62,25,20,3,1,1,0,9,2,4,1,60002,43905,14.8,13.0,906,759,34.8,29.0,16097,-16097,2310.2374331550805,1690.4598930481284,Gragas,Graves,Akali,Ashe,Pyke,Fiora,Wukong,Orianna,Swain,Nami,Lost Chapter,Cosmic Drive,Seeker's Armguard,Oblivion Orb,Needlessly Large Rod,Ionian Boots of Lucidity,Farsight Alteration,Mortal Reminder,The Collector,Youmuu's Ghostblade,Immortal Shieldbow,Boots of Swiftness,Cloak of Agility,Oracle Lens,Hextech Rocketbelt,Oblivion Orb,Zhonya's Hourglass,Liandry's Torment,Sorcerer's Shoes,Dark Seal,Oracle Lens,Doran's Blade,Phantom Dancer,Berserker's Greaves,Kraken Slayer,Bloodthirster,Long Sword,Farsight Alteration,Celestial Opposition,Boots of Swiftness,Umbral Glaive,Control Ward,Edge of Night,Serrated Dirk,Oracle Lens,Ravenous Hydra,Trinity Force,Plated Steelcaps,Steel Sigil,Caulfield's Warhammer,No_Item,Stealth Ward,Tunneler,Pickaxe,Ionian Boots of Lucidity,Ruby Crystal,Trinity Force,Sundered Sky,Stealth Ward,Shadowflame,Refillable Potion,Sorcerer's Shoes,Luden's Companion,Dark Seal,No_Item,Farsight Alteration,Doran's Ring,Plated Steelcaps,Refillable Potion,Malignance,Rylai's Crystal Scepter,No_Item,Farsight Alteration,Imperial Mandate,Dream Maker,Control Ward,Ionian Boots of Lucidity,Oblivion Orb,Bandleglass Mirror,Oracle Lens,Phase Rush,Inspiration,Dark Harvest,Precision,Electrocute,Resolve,Lethal Tempo,Inspiration,Hail of Blades,Inspiration,Grasp of the Undying,Inspiration,Conqueror,Inspiration,Phase Rush,Precision,Conqueror,Resolve,Summon Aery,Domination,Teleport,Flash,Flash,Smite,Flash,Teleport,Barrier,Flash,Flash,Ignite,Teleport,Flash,Flash,Smite,Flash,Teleport,Ghost,Flash,Flash,Ignite,0,3,2,1,3,0
https://www.op.gg/summoners/euw/SMRADOCH%20RANDOM-EUW/matches/34-jfPz6TmyBJAdJeAUFEkoTKaSMIMJPuTuLv2DXxjU%3D/1731856976000,1,39,19,19,39,24,69,71,75,22,20,1,3,1,0,8,5,2,3,65451,55214,16.0,14.6,929,918,30.400000000000002,30.1,10237,-10237,2152.2175675675676,1815.5954954954955,Aatrox,Zac,Yasuo,Caitlyn,Seraphine,Renekton,Wukong,Heimerdinger,Varus,Lulu,Doran's Shield,Plated Steelcaps,Sundered Sky,Sterak's Gage,Death's Dance,Kindlegem,Farsight Alteration,Mejai's Soulstealer,Giant's Belt,Thornmail,Spirit Visage,Sunfire Aegis,Ionian Boots of Lucidity,Oracle Lens,Infinity Edge,Blade of The Ruined King,Berserker's Greaves,Immortal Shieldbow,Vampiric Scepter,Doran's Blade,Farsight Alteration,Mortal Reminder,The Collector,Berserker's Greaves,B. F. Sword,Pickaxe,Cloak of Agility,Farsight Alteration,Dream Maker,Mikael's Blessing,No_Item,Redemption,Moonstone Renewer,Ionian Boots of Lucidity,Oracle Lens,Eclipse,Black Cleaver,Sterak's Gage,Plated Steelcaps,Negatron Cloak,Executioner's Calling,Farsight Alteration,Boots of Swiftness,Trinity Force,Sundered Sky,Sterak's Gage,No_Item,No_Item,Stealth Ward,Needlessly Large Rod,Blackfire Torch,Ionian Boots of Lucidity,Liandry's Torment,Dark Seal,Needlessly Large Rod,Farsight Alteration,Doran's Blade,Serpent's Fang,No_Item,Boots of Swiftness,Muramana,Mortal Reminder,Farsight Alteration,Moonstone Renewer,Dream Maker,Redemption,Shurelya's Battlesong,Ionian Boots of Lucidity,No_Item,Oracle Lens,Conqueror,Resolve,Aftershock,Inspiration,Lethal Tempo,Resolve,First Strike,Sorcery,Summon Aery,Precision,Conqueror,Resolve,Conqueror,Inspiration,Electrocute,Sorcery,Arcane Comet,Precision,Summon Aery,Resolve,Flash,Teleport,Smite,Flash,Flash,Ignite,Flash,Barrier,Heal,Flash,Teleport,Flash,Flash,Smite,Flash,Teleport,Cleanse,Flash,Flash,Exhaust,0,3,1,0,3,0
https://www.op.gg/summoners/euw/SMRADOCH%20RANDOM-EUW/matches/34-jfPz6TmzbVlF_nwqFu9yqqAB3vlpawx54PNw-pXo%3D/1731854739000,0,26,42,42,26,75,53,95,88,39,33,1,4,0,2,7,9,1,6,70118,76327,16.4,17.0,1041,1099,29.3,30.9,-6209,6209,1988.420895522388,2164.497014925373,K'Sante,Elise,Kassadin,Caitlyn,Bard,Aatrox,Xin Zhao,Orianna,Corki,Lulu,Warden's Mail,Thornmail,Fimbulwinter,Plated Steelcaps,"Jak'Sho, The Protean",Iceborn Gauntlet,Stealth Ward,Shadowflame,Sorcerer's Shoes,Rabadon's Deathcap,Void Staff,Dark Seal,Stormsurge,Oracle Lens,Malignance,Zhonya's Hourglass,Seraph's Embrace,Void Staff,Sorcerer's Shoes,Needlessly Large Rod,Oracle Lens,Rapid Firecannon,Infinity Edge,Mortal Reminder,Berserker's Greaves,The Collector,Doran's Blade,Farsight Alteration,Bloodsong,Locket of the Iron Solari,Redemption,Plated Steelcaps,Dead Man's Plate,No_Item,Oracle Lens,Serylda's Grudge,Edge of Night,Plated Steelcaps,Spear of Shojin,Voltaic Cyclosword,Maw of Malmortius,Oracle Lens,Black Cleaver,Sundered Sky,Caulfield's Warhammer,Sterak's Gage,Mercury's Treads,Pickaxe,Oracle Lens,Needlessly Large Rod,Luden's Companion,Shadowflame,Banshee's Veil,Mejai's Soulstealer,Sorcerer's Shoes,Farsight Alteration,Muramana,Infinity Edge,Bloodthirster,Boots of Swiftness,Trinity Force,Control Ward,Farsight Alteration,Ionian Boots of Lucidity,Dream Maker,Redemption,Shurelya's Battlesong,Moonstone Renewer,Kindlegem,Oracle Lens,Grasp of the Undying,Domination,Dark Harvest,Precision,Electrocute,Resolve,Fleet Footwork,Sorcery,Guardian,Inspiration,Conqueror,Resolve,Conqueror,Inspiration,Summon Aery,Precision,Conqueror,Inspiration,Summon Aery,Resolve,Flash,Teleport,Flash,Smite,Flash,Teleport,Flash,Barrier,Ignite,Flash,Teleport,Flash,Smite,Flash,Flash,Teleport,Flash,Barrier,Flash,Ignite,1,1,1,0,5,1
https://www.op.gg/summoners/euw/SMRADOCH%20RANDOM-EUW/matches/34-jfPz6Tmxj-qI9PvsCWjZlfbsywhT2xtk-qAhg7m0%3D/1731852163000,1,33,18,18,33,27,51,66,77,25,22,2,2,0,1,10,3,2,3,60521,55728,14.8,14.6,878,939,30.6,32.9,4793,-4793,2106.1308,1939.3343999999997,Fiora,Kha'Zix,Vex,Ezreal,Leona,Gangplank,Elise,Irelia,Jhin,Rell,Ravenous Hydra,Trinity Force,Plated Steelcaps,Steel Sigil,Caulfield's Warhammer,Doran's Blade,Farsight Alteration,Opportunity,Youmuu's Ghostblade,Ionian Boots of Lucidity,Serylda's Grudge,Serrated Dirk,Tunneler,Oracle Lens,Doran's Ring,Dark Seal,Needlessly Large Rod,Zhonya's Hourglass,Sorcerer's Shoes,Luden's Companion,Farsight Alteration,Ionian Boots of Lucidity,Trinity Force,Muramana,Bloodthirster,Fiendish Codex,Fiendish Codex,Farsight Alteration,Plated Steelcaps,Locket of the Iron Solari,Celestial Opposition,Kindlegem,Knight's Vow,Control Ward,Oracle Lens,Noonquiver,Trinity Force,Boots,Infinity Edge,Mortal Reminder,Doran's Shield,Farsight Alteration,No_Item,Rabadon's Deathcap,Rylai's Crystal Scepter,Stormsurge,No_Item,Sorcerer's Shoes,Oracle Lens,Kraken Slayer,Blade of The Ruined King,Mercury's Treads,Sundered Sky,Null-Magic Mantle,No_Item,Farsight Alteration,Youmuu's Ghostblade,Infinity Edge,No_Item,Boots of Swiftness,The Collector,Doran's Blade,Farsight Alteration,Celestial Opposition,Locket of the Iron Solari,No_Item,Boots,Warmog's Armor,No_Item,Oracle Lens,Press the Attack,Resolve,Dark Harvest,Inspiration,Electrocute,Sorcery,Press the Attack,Inspiration,Aftershock,Inspiration,Grasp of the Undying,Sorcery,Dark Harvest,Precision,Press the Attack,Domination,Dark Harvest,Precision,Aftershock,Inspiration,Ignite,Flash,Flash,Smite,Flash,Teleport,Flash,Barrier,Flash,Ignite,Flash,Teleport,Flash,Smite,Teleport,Flash,Flash,Cleanse,Ignite,Flash,1,5,1,0,1,0
https://www.op.gg/summoners/euw/SMRADOCH%20RANDOM-EUW/matches/34-jfPz6TmyYxmmVRT9dpmKtn-KbrvgvML_tSi-3C8M%3D/1731849026000,1,27,17,17,27,23,33,41,37,8,6,3,0,0,0,6,1,3,0,43714,34293,11.8,10.8,594,528,30.5,27.099999999999998,9421,-9421,2239.890909090909,1757.1619834710743,K'Sante,Nocturne,Sylas,Draven,Nautilus,Ornn,Vi,Akali,Ashe,Janna,Doran's Shield,Iceborn Gauntlet,Negatron Cloak,Spectre's Cowl,Boots,Null-Magic Mantle,Farsight Alteration,Tiamat,Control Ward,Experimental Hexplate,Ionian Boots of Lucidity,Phage,No_Item,Farsight Alteration,Hextech Rocketbelt,Dark Seal,Seeker's Armguard,Boots,Cosmic Drive,Doran's Shield,Oracle Lens,The Collector,Infinity Edge,B. F. Sword,Doran's Blade,Vampiric Scepter,Berserker's Greaves,Farsight Alteration,No_Item,Celestial Opposition,Chain Vest,Locket of the Iron Solari,Plated Steelcaps,Kindlegem,Oracle Lens,Refillable Potion,Sunfire Aegis,Bramble Vest,Doran's Shield,Plated Steelcaps,No_Item,Stealth Ward,Sundered Sky,Black Cleaver,Slightly Magical Footwear,Cloth Armor,Long Sword,Control Ward,Oracle Lens,Shadowflame,Amplifying Tome,Dark Seal,Stormsurge,Doran's Ring,Boots,Oracle Lens,Doran's Blade,Kraken Slayer,Zeal,Dagger,Dagger,Berserker's Greaves,Farsight Alteration,Dream Maker,Redemption,Control Ward,Faerie Charm,Kindlegem,Ionian Boots of Lucidity,Oracle Lens,Grasp of the Undying,Sorcery,Conqueror,Domination,Grasp of the Undying,Sorcery,Lethal Tempo,Domination,Aftershock,Inspiration,Grasp of the Undying,Inspiration,Conqueror,Inspiration,Electrocute,Sorcery,Lethal Tempo,Inspiration,Glacial Augment,Resolve,Flash,Teleport,Flash,Smite,Flash,Teleport,Flash,Barrier,Flash,Ignite,Teleport,Flash,Flash,Smite,Ignite,Flash,Flash,Barrier,Flash,Heal,1,6,0,0,0,0
https://www.op.gg/summoners/euw/SMRADOCH%20RANDOM-EUW/matches/34-jfPz6TmxikreU4NCGGANg_CahBt5AgBt8rBPcbpI%3D/1731847074000,1,45,31,32,45,48,58,69,67,31,18,1,3,1,0,9,3,2,3,65747,52533,15.6,13.8,835,738,29.3,25.8,13214,-13214,2291.752571428571,1831.1502857142855,Nidalee,Kha'Zix,Sylas,Kog'Maw,Pyke,Renekton,Viego,Veigar,Jhin,Seraphine,No_Item,Doran's Blade,Frozen Heart,Plated Steelcaps,Abyssal Mask,Trinity Force,Stealth Ward,Mercury's Treads,Serpent's Fang,Youmuu's Ghostblade,Serylda's Grudge,Long Sword,Axiom Arc,Oracle Lens,Needlessly Large Rod,Zhonya's Hourglass,Hextech Rocketbelt,Sorcerer's Shoes,Dark Seal,Lich Bane,Oracle Lens,Seraph's Embrace,Hextech Alternator,Luden's Companion,Sorcerer's Shoes,Horizon Focus,Needlessly Large Rod,Farsight Alteration,Bloodsong,Synchronized Souls,Umbral Glaive,Edge of Night,B. F. Sword,Steel Sigil,Oracle Lens,Tunneler,Stridebreaker,Pickaxe,Ruby Crystal,Plated Steelcaps,Spear of Shojin,Stealth Ward,Kraken Slayer,Titanic Hydra,Plated Steelcaps,Ruby Crystal,Recurve Bow,Negatron Cloak,Oracle Lens,No_Item,No_Item,Blighting Jewel,Sorcerer's Shoes,Fimbulwinter,Rabadon's Deathcap,Oracle Lens,Youmuu's Ghostblade,Lord Dominik's Regards,Boots of Swiftness,The Collector,Pickaxe,Doran's Blade,Farsight Alteration,Ionian Boots of Lucidity,Moonstone Renewer,Blasting Wand,Dream Maker,Echoes of Helia,Tear of the Goddess,Oracle Lens,Grasp of the Undying,Precision,Dark Harvest,Inspiration,Electrocute,Sorcery,Arcane Comet,Precision,Hail of Blades,Resolve,Press the Attack,Resolve,Conqueror,Inspiration,Summon Aery,Precision,Dark Harvest,Precision,Summon Aery,Resolve,Flash,Ignite,Smite,Flash,Ignite,Flash,Flash,Teleport,Flash,Ignite,Flash,Teleport,Smite,Flash,Flash,Teleport,Flash,Barrier,Heal,Flash,0,6,1,0,0,0
https://www.op.gg/summoners/euw/SMRADOCH%20RANDOM-EUW/matches/34-jfPz6Tmx8DpUJQVc6qxKN1KTFgvCfJW8Vmam1K-4%3D/1731844676000,1,28,11,11,28,24,51,58,61,15,14,1,1,1,0,9,2,2,1,54501,41454,14.2,12.8,765,767,30.7,30.9,13047,-13047,2200.3509316770187,1673.6086956521738,Darius,Viego,Viktor,Ezreal,Leona,Nasus,Hecarim,Aurora,Syndra,Sona,Sterak's Gage,Stridebreaker,Mercury's Treads,Doran's Shield,Ruby Crystal,Cloth Armor,Stealth Ward,Sundered Sky,Kraken Slayer,Pickaxe,Tunneler,Ruby Crystal,Mercury's Treads,Oracle Lens,Doran's Ring,Control Ward,Liandry's Torment,Needlessly Large Rod,Blackfire Torch,Mercury's Treads,Farsight Alteration,Ionian Boots of Lucidity,Caulfield's Warhammer,Last Whisper,Spear of Shojin,Muramana,Trinity Force,Farsight Alteration,Locket of the Iron Solari,Solstice Sleigh,No_Item,Kindlegem,Negatron Cloak,Mercury's Treads,Oracle Lens,Doran's Shield,Ionian Boots of Lucidity,Trinity Force,Sundered Sky,Tunneler,No_Item,Farsight Alteration,Black Cleaver,Eclipse,Ruby Crystal,Ionian Boots of Lucidity,Pickaxe,No_Item,Stealth Ward,No_Item,Liandry's Torment,Boots of Swiftness,Malignance,Doran's Ring,Dark Seal,Oracle Lens,Luden's Companion,Sorcerer's Shoes,No_Item,Shadowflame,Doran's Ring,No_Item,Farsight Alteration,Bloodsong,Seraph's Embrace,Boots,Fiendish Codex,Forbidden Idol,No_Item,Oracle Lens,Conqueror,Resolve,Conqueror,Inspiration,First Strike,Sorcery,Press the Attack,Sorcery,Aftershock,Inspiration,Fleet Footwork,Resolve,Phase Rush,Precision,Electrocute,Sorcery,Summon Aery,Precision,Summon Aery,Resolve,Flash,Ghost,Flash,Smite,Flash,Ghost,Flash,Barrier,Flash,Ignite,Flash,Ghost,Smite,Ghost,Flash,Teleport,Flash,Teleport,Flash,Heal,1,5,2,0,1,0
https://www.op.gg/summoners/euw/SMRADOCH%20RANDOM-EUW/matches/34-jfPz6Tmw2ruIeCdhiLktQNiK82ameX6vitD2s74s%3D/1731772736000,1,28,28,28,28,33,63,70,87,33,22,2,2,0,0,3,3,2,2,52556,48929,13.8,13.0,830,763,32.3,29.8,3627,-3627,2034.425806451613,1894.0258064516129,Karma,Vi,Irelia,Jinx,Thresh,Akali,Viego,Kennen,Corki,Pyke,Amplifying Tome,No_Item,Doran's Ring,Malignance,Horizon Focus,Ionian Boots of Lucidity,Stealth Ward,Sundered Sky,Black Cleaver,Ruby Crystal,Mercury's Treads,No_Item,No_Item,Oracle Lens,No_Item,Doran's Shield,Blade of The Ruined King,Mercury's Treads,Sundered Sky,Sterak's Gage,Oracle Lens,Berserker's Greaves,Doran's Blade,Zeal,Lord Dominik's Regards,Infinity Edge,The Collector,Farsight Alteration,Trailblazer,Solstice Sleigh,Control Ward,Kindlegem,Null-Magic Mantle,Boots of Swiftness,Oracle Lens,Refillable Potion,Lich Bane,Doran's Ring,Sorcerer's Shoes,Shadowflame,Blighting Jewel,Oracle Lens,Kraken Slayer,Titanic Hydra,Long Sword,Control Ward,No_Item,Plated Steelcaps,Oracle Lens,Hextech Rocketbelt,Control Ward,Sorcerer's Shoes,Dark Seal,Void Staff,Shadowflame,Oracle Lens,B. F. Sword,The Collector,Boots of Swiftness,Essence Reaver,Pickaxe,Doran's Blade,Farsight Alteration,Serrated Dirk,Umbral Glaive,Celestial Opposition,No_Item,Tunneler,Synchronized Souls,Oracle Lens,Summon Aery,Precision,Conqueror,Inspiration,Conqueror,Resolve,Lethal Tempo,Sorcery,Aftershock,Inspiration,Electrocute,Resolve,Conqueror,Inspiration,Electrocute,Inspiration,Hail of Blades,Inspiration,Hail of Blades,Resolve,Flash,Teleport,Flash,Smite,Flash,Teleport,Flash,Barrier,Flash,Ignite,Flash,Teleport,Flash,Smite,Teleport,Flash,Flash,Barrier,Flash,Ignite,1,3,0,0,3,0
https://www.op.gg/summoners/euw/SMRADOCH%20RANDOM-EUW/matches/34-jfPz6TmzcQ4f32Cv9ngq9r4S5g_ECVT3kPgCSuEg%3D/1731770813000,1,24,14,14,24,18,51,58,57,20,24,1,3,1,0,9,3,2,3,53586,44782,13.8,13.0,792,806,30.8,31.3,8804,-8804,2085.897986577181,1743.1919463087247,Gnar,Wukong,Ahri,Kog'Maw,Taric,Varus,Vi,Kayle,Caitlyn,Nautilus,No_Item,Doran's Shield,Trinity Force,Plated Steelcaps,Kaenic Rookern,No_Item,Farsight Alteration,No_Item,Trinity Force,No_Item,Sundered Sky,Warden's Mail,Plated Steelcaps,Oracle Lens,Doran's Ring,Cryptbloom,No_Item,Sorcerer's Shoes,Horizon Focus,Malignance,Oracle Lens,Needlessly Large Rod,Luden's Companion,Seraph's Embrace,Sorcerer's Shoes,Void Staff,Doran's Ring,Farsight Alteration,Fimbulwinter,Control Ward,Bloodsong,Plated Steelcaps,No_Item,Frozen Heart,Oracle Lens,Berserker's Greaves,Experimental Hexplate,Wit's End,Pickaxe,Recurve Bow,Doran's Blade,Farsight Alteration,Ruby Crystal,Sundered Sky,Control Ward,Black Cleaver,Cloth Armor,Mercury's Treads,Oracle Lens,Doran's Blade,Nashor's Tooth,Boots of Swiftness,Rabadon's Deathcap,Needlessly Large Rod,Aether Wisp,Farsight Alteration,Doran's Blade,The Collector,Infinity Edge,Cloak of Agility,No_Item,Berserker's Greaves,Farsight Alteration,Refillable Potion,Locket of the Iron Solari,Bloodsong,Control Ward,Mercury's Treads,Kindlegem,Oracle Lens,Grasp of the Undying,Domination,Conqueror,Inspiration,Electrocute,Sorcery,Arcane Comet,Precision,Aftershock,Inspiration,Press the Attack,Resolve,Hail of Blades,Precision,Fleet Footwork,Sorcery,Fleet Footwork,Sorcery,Aftershock,Inspiration,Flash,Teleport,Flash,Smite,Flash,Teleport,Flash,Teleport,Flash,Heal,Flash,Teleport,Flash,Smite,Flash,Teleport,Flash,Barrier,Ignite,Flash,1,6,1,0,0,0
https://www.op.gg/summoners/euw/SMRADOCH%20RANDOM-EUW/matches/34-jfPz6TmwSrKkKP2nPnuvLbmVi5z8fQqax6JbJn84%3D/1731768441000,0,20,38,38,20,58,25,75,96,25,28,1,3,1,0,4,9,2,3,54909,63158,14.2,14.4,818,890,28.8,31.3,-8249,8249,1927.6563829787235,2217.248936170213,Kled,Elise,Ahri,Caitlyn,Blitzcrank,Kayle,Viego,Syndra,Kog'Maw,Lulu,Ravenous Hydra,Opportunity,Boots,Maw of Malmortius,Long Sword,Long Sword,Farsight Alteration,Void Staff,Dark Seal,Sorcerer's Shoes,Stormsurge,Shadowflame,No_Item,Oracle Lens,Doran's Ring,Malignance,Sorcerer's Shoes,Shadowflame,Needlessly Large Rod,Dark Seal,Farsight Alteration,Infinity Edge,The Collector,Rapid Firecannon,Last Whisper,Cloak of Agility,Berserker's Greaves,Farsight Alteration,Trailblazer,Boots of Swiftness,Bloodsong,Kindlegem,Abyssal Mask,No_Item,Oracle Lens,Rabadon's Deathcap,Boots of Swiftness,Kraken Slayer,Nashor's Tooth,Aether Wisp,Needlessly Large Rod,Farsight Alteration,No_Item,No_Item,Wit's End,Sundered Sky,Kraken Slayer,Mercury's Treads,Oracle Lens,Amplifying Tome,Banshee's Veil,Luden's Companion,Dark Seal,Sorcerer's Shoes,Shadowflame,Farsight Alteration,Doran's Blade,Plated Steelcaps,Guinsoo's Rageblade,Wit's End,"Jak'Sho, The Protean",Cloth Armor,Farsight Alteration,Ionian Boots of Lucidity,Moonstone Renewer,Dream Maker,Amplifying Tome,No_Item,Redemption,Oracle Lens,Conqueror,Resolve,Dark Harvest,Precision,Electrocute,Sorcery,Lethal Tempo,Sorcery,Glacial Augment,Sorcery,Press the Attack,Sorcery,Conqueror,Inspiration,Arcane Comet,Inspiration,Lethal Tempo,Resolve,Summon Aery,Resolve,Flash,Ignite,Flash,Smite,Flash,Teleport,Barrier,Flash,Flash,Ignite,Flash,Teleport,Smite,Flash,Flash,Teleport,Flash,Barrier,Heal,Flash,0,1,0,1,2,1
https://www.op.gg/summoners/euw/SMRADOCH%20RANDOM-EUW/matches/34-jfPz6TmztK2WhwbxJqid70w7eXtWExZP3Q_GPbvQ%3D/1731765992000,0,20,27,27,20,36,26,60,74,27,12,0,3,0,1,3,9,0,4,49253,58651,13.4,14.8,802,917,29.3,33.4,-9398,9398,1804.923602484472,2149.3223602484472,Nasus,Elise,Yone,Corki,Seraphine,Aatrox,Hecarim,Ziggs,Caitlyn,Karma,Spirit Visage,Trinity Force,Ionian Boots of Lucidity,Frozen Heart,Long Sword,No_Item,Farsight Alteration,Shadowflame,Needlessly Large Rod,Blighting Jewel,Stormsurge,Sorcerer's Shoes,No_Item,Oracle Lens,Immortal Shieldbow,Berserker's Greaves,No_Item,No_Item,Blade of The Ruined King,Stridebreaker,Farsight Alteration,Doran's Blade,Cloak of Agility,Trinity Force,Muramana,Scout's Slingshot,Plated Steelcaps,Farsight Alteration,Dream Maker,Redemption,Control Ward,Moonstone Renewer,No_Item,Ionian Boots of Lucidity,Oracle Lens,Doran's Blade,Sundered Sky,Control Ward,Sterak's Gage,Plated Steelcaps,No_Item,Stealth Ward,Black Cleaver,Tunneler,Ionian Boots of Lucidity,Dead Man's Plate,Eclipse,Caulfield's Warhammer,Stealth Ward,No_Item,Rabadon's Deathcap,Dark Seal,Sorcerer's Shoes,Void Staff,Seraph's Embrace,Farsight Alteration,Cloak of Agility,Lord Dominik's Regards,Infinity Edge,The Collector,Berserker's Greaves,Doran's Blade,Farsight Alteration,Dream Maker,No_Item,Kindlegem,Echoes of Helia,Ionian Boots of Lucidity,Moonstone Renewer,Oracle Lens,Press the Attack,Resolve,Dark Harvest,Precision,Fleet Footwork,Resolve,Conqueror,Inspiration,Summon Aery,Precision,Conqueror,Domination,Phase Rush,Precision,Arcane Comet,Precision,Lethal Tempo,Sorcery,Arcane Comet,Inspiration,Flash,Ghost,Flash,Smite,Teleport,Flash,Barrier,Flash,Heal,Flash,Flash,Teleport,Ghost,Smite,Flash,Teleport,Flash,Cleanse,Flash,Ignite,0,0,0,0,4,2
https://www.op.gg/summoners/euw/SMRADOCH%20RANDOM-EUW/matches/34-jfPz6TmwJG3aMndscfeyjULl6ITBaVRX4VT_LiM4%3D/1731763673000,0,14,26,26,14,41,18,51,56,9,8,1,2,0,0,1,10,1,2,35755,48779,11.2,12.2,594,693,28.8,33.599999999999994,-13024,13024,1723.9017857142858,2351.844642857143,Kayle,Lee Sin,Anivia,Ezreal,Alistar,Trundle,Hecarim,Ryze,Ashe,Leona,Doran's Blade,Boots of Swiftness,Nashor's Tooth,Rectrix,Recurve Bow,Long Sword,Farsight Alteration,Scorchclaw Pup,Eclipse,Control Ward,Mercury's Treads,Tunneler,Caulfield's Warhammer,Stealth Ward,Malignance,Amplifying Tome,Dark Seal,Boots of Swiftness,Catalyst of Aeons,Amplifying Tome,Farsight Alteration,Ionian Boots of Lucidity,Trinity Force,Muramana,Long Sword,Long Sword,Doran's Blade,Farsight Alteration,Solstice Sleigh,Control Ward,Boots of Swiftness,Zeke's Convergence,Bramble Vest,No_Item,Oracle Lens,Ravenous Hydra,Hullbreaker,Refillable Potion,Trinity Force,Spectre's Cowl,Boots of Swiftness,Farsight Alteration,Black Cleaver,Ionian Boots of Lucidity,Eclipse,Hexdrinker,Long Sword,Long Sword,Stealth Ward,Seraph's Embrace,Blasting Wand,Stormsurge,Amplifying Tome,Dark Seal,Sorcerer's Shoes,Farsight Alteration,Doran's Blade,Kraken Slayer,Phantom Dancer,B. F. Sword,Berserker's Greaves,No_Item,Farsight Alteration,Locket of the Iron Solari,Celestial Opposition,Ruby Crystal,Mercury's Treads,Cloth Armor,Cloth Armor,Oracle Lens,Fleet Footwork,Sorcery,Conqueror,Inspiration,Electrocute,Precision,Press the Attack,Inspiration,Aftershock,Sorcery,Grasp of the Undying,Inspiration,Phase Rush,Precision,Phase Rush,Inspiration,Lethal Tempo,Inspiration,Aftershock,Inspiration,Flash,Teleport,Flash,Smite,Teleport,Flash,Flash,Cleanse,Flash,Ignite,Flash,Teleport,Ghost,Smite,Flash,Teleport,Barrier,Flash,Flash,Ignite,0,0,0,1,6,1
https://www.op.gg/summoners/euw/SMRADOCH%20RANDOM-EUW/matches/34-jfPz6Tmwl73B1ooIV86-1_kqdgHKYNk7_D3CdEoI%3D/1731761794000,1,40,19,19,40,24,67,57,44,14,9,2,1,1,0,10,1,3,1,59030,43140,14.2,12.2,774,634,31.5,25.8,15890,-15890,2404.925925925926,1757.5555555555557,Riven,Skarner,Orianna,Caitlyn,Karma,Jax,Wukong,Kayle,Samira,Rell,Ionian Boots of Lucidity,Death's Dance,Eclipse,Black Cleaver,Tunneler,No_Item,Oracle Lens,Heartsteel,Plated Steelcaps,Unending Despair,Thornmail,Null-Magic Mantle,No_Item,Oracle Lens,Doran's Ring,Refillable Potion,Zhonya's Hourglass,Ionian Boots of Lucidity,Liandry's Torment,Luden's Companion,Stealth Ward,Infinity Edge,Cull,Berserker's Greaves,Rapid Firecannon,The Collector,Doran's Blade,Farsight Alteration,Bloodsong,Locket of the Iron Solari,Redemption,Shurelya's Battlesong,Ionian Boots of Lucidity,Bandleglass Mirror,Oracle Lens,Doran's Blade,Refillable Potion,Caulfield's Warhammer,Plated Steelcaps,Tunneler,Trinity Force,Stealth Ward,Trinity Force,Sundered Sky,Control Ward,Cloth Armor,Cloth Armor,Slightly Magical Footwear,Oracle Lens,Long Sword,No_Item,Boots of Swiftness,Doran's Shield,Rabadon's Deathcap,Nashor's Tooth,Farsight Alteration,Doran's Blade,The Collector,Infinity Edge,Lord Dominik's Regards,Plated Steelcaps,Long Sword,Farsight Alteration,Trailblazer,Refillable Potion,Bloodsong,Plated Steelcaps,Kindlegem,Cloth Armor,Oracle Lens,Conqueror,Inspiration,Grasp of the Undying,Inspiration,Summon Aery,Precision,Fleet Footwork,Sorcery,Arcane Comet,Domination,Grasp of the Undying,Inspiration,Conqueror,Inspiration,Fleet Footwork,Sorcery,Conqueror,Domination,Aftershock,Inspiration,Ignite,Flash,Flash,Smite,Flash,Teleport,Flash,Barrier,Exhaust,Flash,Flash,Teleport,Flash,Smite,Flash,Teleport,Flash,Barrier,Ignite,Flash,1,6,3,0,0,0
https://www.op.gg/summoners/euw/SMRADOCH%20RANDOM-EUW/matches/34-jfPz6Tmyg5MOhHh51CflsedD70XmIM0ZXgc7pRL4%3D/1731759895000,0,21,33,33,21,57,35,68,78,19,16,1,3,0,1,3,8,1,4,52244,60558,14.0,15.0,814,894,28.8,31.6,-8314,8314,1840.040251572327,2132.8603773584905,Riven,Pantheon,Syndra,Corki,Braum,Ornn,Viego,Yasuo,Kog'Maw,Nautilus,Eclipse,Black Cleaver,Death's Dance,Plated Steelcaps,No_Item,No_Item,Stealth Ward,Eclipse,No_Item,Youmuu's Ghostblade,Sterak's Gage,No_Item,Plated Steelcaps,Oracle Lens,Zhonya's Hourglass,Needlessly Large Rod,Sorcerer's Shoes,Dark Seal,Cosmic Drive,Blackfire Torch,Farsight Alteration,Doran's Blade,Zeal,Muramana,Plated Steelcaps,Trinity Force,Dagger,Farsight Alteration,Locket of the Iron Solari,Celestial Opposition,Cloth Armor,Winged Moonplate,Control Ward,Plated Steelcaps,Oracle Lens,"Jak'Sho, The Protean",Sunfire Aegis,Refillable Potion,Plated Steelcaps,Spectre's Cowl,Null-Magic Mantle,Stealth Ward,Titanic Hydra,Death's Dance,Kraken Slayer,Null-Magic Mantle,Plated Steelcaps,Sterak's Gage,Oracle Lens,Warden's Mail,Immortal Shieldbow,Infinity Edge,Mercury's Treads,Blade of The Ruined King,Ruby Crystal,Farsight Alteration,Luden's Companion,Shadowflame,Doran's Ring,Needlessly Large Rod,Needlessly Large Rod,Sorcerer's Shoes,Farsight Alteration,Bloodsong,Locket of the Iron Solari,Knight's Vow,No_Item,Mercury's Treads,No_Item,Oracle Lens,Conqueror,Sorcery,Conqueror,Inspiration,First Strike,Sorcery,Conqueror,Inspiration,Guardian,Inspiration,Grasp of the Undying,Sorcery,Conqueror,Inspiration,Fleet Footwork,Resolve,Arcane Comet,Precision,Aftershock,Inspiration,Ignite,Flash,Smite,Flash,Flash,Teleport,Flash,Barrier,Flash,Exhaust,Teleport,Flash,Flash,Smite,Flash,Teleport,Teleport,Flash,Flash,Ignite,1,4,0,0,2,1
https://www.op.gg/summoners/euw/SMRADOCH%20RANDOM-EUW/matches/34-jfPz6TmwaXr7jzlGe9gUZn6HpJGb9dCWZ6OWCOEc%3D/1731689283000,1,53,39,39,53,72,88,88,90,36,33,3,2,1,0,10,3,4,2,75409,68914,16.2,15.6,901,916,26.099999999999998,26.6,6495,-6495,2188.0331606217615,1999.5772020725387,Renekton,Vi,Corki,Karthus,Rell,Darius,Ekko,Qiyana,Varus,Poppy,Black Cleaver,Sterak's Gage,Plated Steelcaps,Spirit Visage,Control Ward,No_Item,Oracle Lens,Sundered Sky,Eclipse,Sterak's Gage,Steel Sigil,Black Cleaver,Ionian Boots of Lucidity,Oracle Lens,Muramana,Lord Dominik's Regards,Immortal Shieldbow,Trinity Force,Plated Steelcaps,Infinity Edge,Oracle Lens,Rabadon's Deathcap,Malignance,Sorcerer's Shoes,Shadowflame,Liandry's Torment,Blighting Jewel,Farsight Alteration,Bloodsong,Locket of the Iron Solari,Control Ward,Zeke's Convergence,Plated Steelcaps,Knight's Vow,Oracle Lens,Dead Man's Plate,Stridebreaker,Sterak's Gage,Plated Steelcaps,"Jak'Sho, The Protean",Pickaxe,Farsight Alteration,Hextech Rocketbelt,Shattered Armguard,Void Staff,Stormsurge,Sorcerer's Shoes,Lich Bane,Oracle Lens,Hubris,Edge of Night,Youmuu's Ghostblade,Ionian Boots of Lucidity,Serylda's Grudge,Serrated Dirk,Oracle Lens,Doran's Blade,Blade of The Ruined King,Guinsoo's Rageblade,Terminus,Null-Magic Mantle,Plated Steelcaps,Farsight Alteration,Kindlegem,Locket of the Iron Solari,Celestial Opposition,Forbidden Idol,Trailblazer,Boots of Swiftness,Oracle Lens,Conqueror,Resolve,Conqueror,Inspiration,Conqueror,Inspiration,Dark Harvest,Precision,Aftershock,Inspiration,Conqueror,Resolve,Dark Harvest,Inspiration,Electrocute,Precision,Lethal Tempo,Resolve,Aftershock,Inspiration,Flash,Ignite,Smite,Flash,Flash,Teleport,Flash,Exhaust,Flash,Ignite,Flash,Ghost,Flash,Smite,Flash,Teleport,Barrier,Flash,Flash,Ignite,0,6,3,1,0,0
https://www.op.gg/summoners/euw/SMRADOCH%20RANDOM-EUW/matches/34-jfPz6Tmw94OmtvYSIS4lGfYoqNJQcsLk3ChCwOME%3D/1731686743000,1,49,40,40,49,55,88,83,101,36,42,4,1,0,2,8,6,4,3,71920,71863,16.6,16.2,965,942,28.8,28.099999999999998,57,-57,2157.6000000000004,2155.8900000000003,Kennen,Ambessa,Ahri,Vayne,Soraka,Aurora,Viego,Orianna,Aphelios,Pyke,Zhonya's Hourglass,Sorcerer's Shoes,Hextech Rocketbelt,Void Staff,Rabadon's Deathcap,Dark Seal,Oracle Lens,Voltaic Cyclosword,Eclipse,Boots,Maw of Malmortius,Caulfield's Warhammer,Pickaxe,Stealth Ward,Sorcerer's Shoes,Void Staff,Zhonya's Hourglass,Malignance,Liandry's Torment,Mejai's Soulstealer,Farsight Alteration,Terminus,Bloodthirster,Berserker's Greaves,Giant's Belt,Trinity Force,Statikk Shiv,Farsight Alteration,Shurelya's Battlesong,Forbidden Idol,Celestial Opposition,Moonstone Renewer,Ionian Boots of Lucidity,Dark Seal,Oracle Lens,Stormsurge,Rabadon's Deathcap,Mercury's Treads,Luden's Companion,Oblivion Orb,Control Ward,Oracle Lens,Mercury's Treads,Kraken Slayer,Sundered Sky,Wit's End,Sterak's Gage,Ruby Crystal,Oracle Lens,Rabadon's Deathcap,Luden's Companion,Zhonya's Hourglass,Shadowflame,Sorcerer's Shoes,Cryptbloom,Farsight Alteration,The Collector,Infinity Edge,Youmuu's Ghostblade,Berserker's Greaves,Mortal Reminder,Doran's Blade,Farsight Alteration,Celestial Opposition,Ionian Boots of Lucidity,Control Ward,Edge of Night,Umbral Glaive,Opportunity,Oracle Lens,Electrocute,Sorcery,Conqueror,Domination,Summon Aery,Precision,Press the Attack,Domination,Summon Aery,Resolve,Arcane Comet,Domination,Conqueror,Inspiration,Conqueror,Sorcery,Press the Attack,Sorcery,Hail of Blades,Sorcery,Ignite,Flash,Smite,Flash,Teleport,Flash,Flash,Barrier,Flash,Heal,Flash,Teleport,Flash,Smite,Flash,Teleport,Flash,Exhaust,Ignite,Flash,0,3,1,1,3,0
https://www.op.gg/summoners/euw/SMRADOCH%20RANDOM-EUW/matches/34-jfPz6Tmxswm1KVJ7KbCRqWHZTIb1VO5FWeYHT85Y%3D/1731684255000,0,40,53,53,40,81,77,75,72,26,27,1,4,0,2,2,10,1,6,67714,81118,16.4,17.6,900,1060,25.4,29.900000000000002,-13404,13404,1911.6537414965987,2290.065986394558,Singed,Viego,Vex,Kai'Sa,Leona,Yone,Skarner,Aurora,Caitlyn,Neeko,"Jak'Sho, The Protean",Rylai's Crystal Scepter,Liandry's Torment,Boots of Swiftness,Dead Man's Plate,Ruby Crystal,Oracle Lens,Kraken Slayer,Randuin's Omen,Titanic Hydra,Black Cleaver,Mercury's Treads,Tunneler,Oracle Lens,Shadowflame,Sorcerer's Shoes,Void Staff,Blackfire Torch,Dark Seal,Needlessly Large Rod,Farsight Alteration,Doran's Blade,Statikk Shiv,Zhonya's Hourglass,Guinsoo's Rageblade,Nashor's Tooth,Berserker's Greaves,Farsight Alteration,Bloodsong,Mercury's Treads,Locket of the Iron Solari,Abyssal Mask,Zeke's Convergence,No_Item,Oracle Lens,B. F. Sword,Berserker's Greaves,Immortal Shieldbow,Infinity Edge,"Jak'Sho, The Protean",Blade of The Ruined King,Oracle Lens,Heartsteel,Sterak's Gage,Plated Steelcaps,Kaenic Rookern,Unending Despair,Negatron Cloak,Oracle Lens,Shadowflame,Rabadon's Deathcap,Luden's Companion,Blasting Wand,Sorcerer's Shoes,Amplifying Tome,Oracle Lens,Bloodthirster,The Collector,Lord Dominik's Regards,Rapid Firecannon,Infinity Edge,Boots of Swiftness,Farsight Alteration,Zaz'Zak's Realmspike,Hextech Rocketbelt,Zhonya's Hourglass,Sorcerer's Shoes,Hextech Alternator,Aether Wisp,Oracle Lens,Conqueror,Sorcery,Conqueror,Inspiration,Electrocute,Precision,Fleet Footwork,Inspiration,Aftershock,Inspiration,Lethal Tempo,Resolve,Grasp of the Undying,Inspiration,Arcane Comet,Domination,First Strike,Sorcery,Arcane Comet,Inspiration,Ghost,Flash,Flash,Smite,Teleport,Flash,Flash,Barrier,Flash,Ignite,Flash,Teleport,Flash,Smite,Teleport,Flash,Cleanse,Flash,Flash,Ignite,0,5,0,0,0,2
https://www.op.gg/summoners/euw/SMRADOCH%20RANDOM-EUW/matches/34-jfPz6Tmw1V0RjpVdOzMpl3MiOhKMcaYy5hs8blfM%3D/1731681630000,0,8,19,20,8,22,10,26,30,5,6,1,0,0,0,0,3,1,0,26350,33215,9.0,10.2,470,495,30.7,32.3,-6865,6865,1711.6239316239316,2157.5555555555557,Jax,Graves,Kog'Maw,Kai'Sa,Nautilus,Dr. Mundo,Xin Zhao,Corki,Ashe,Lulu,Ionian Boots of Lucidity,Trinity Force,Doran's Blade,Ruby Crystal,Long Sword,Long Sword,Stealth Ward,Youmuu's Ghostblade,Plated Steelcaps,No_Item,Long Sword,No_Item,Scorchclaw Pup,Oracle Lens,Doran's Ring,Sorcerer's Shoes,Luden's Companion,Amplifying Tome,Amplifying Tome,No_Item,Stealth Ward,Kraken Slayer,Slightly Magical Footwear,Control Ward,Dagger,Amplifying Tome,Doran's Blade,Stealth Ward,Control Ward,Null-Magic Mantle,Bloodsong,Cloth Armor,Kindlegem,Plated Steelcaps,Oracle Lens,Boots of Swiftness,Warmog's Armor,Chain Vest,Doran's Shield,No_Item,No_Item,Stealth Ward,Pickaxe,Titanic Hydra,Gustwalker Hatchling,Long Sword,No_Item,Boots,Oracle Lens,Refillable Potion,Trinity Force,Tear of the Goddess,Boots,Caulfield's Warhammer,Doran's Blade,Farsight Alteration,No_Item,Berserker's Greaves,Kraken Slayer,Scout's Slingshot,No_Item,Doran's Blade,Stealth Ward,Ionian Boots of Lucidity,Dream Maker,Control Ward,Total Biscuit of Everlasting Will,Ardent Censer,Ruby Crystal,Oracle Lens,Lethal Tempo,Resolve,Dark Harvest,Precision,Arcane Comet,Precision,Press the Attack,Inspiration,Aftershock,Inspiration,Grasp of the Undying,Inspiration,Conqueror,Domination,Conqueror,Inspiration,Lethal Tempo,Inspiration,Summon Aery,Inspiration,Flash,Teleport,Flash,Smite,Teleport,Flash,Flash,Barrier,Flash,Ignite,Flash,Teleport,Flash,Smite,Flash,Teleport,Flash,Barrier,Flash,Heal,0,2,0,0,4,0
https://www.op.gg/summoners/euw/SMRADOCH%20RANDOM-EUW/matches/34-jfPz6Tmw1KpUuVS90ZBd_RwLKoJ73iiCIXYmUw2M%3D/1731680289000,0,14,31,31,14,49,25,58,63,17,19,0,2,0,1,1,8,0,3,42766,55597,12.4,14.4,706,828,29.1,34.0,-12831,12831,1754.502564102564,2280.902564102564,Sylas,Graves,Galio,Aphelios,Nautilus,Ambessa,Nocturne,Kayle,Ezreal,Bard,Cosmic Drive,No_Item,Hextech Rocketbelt,Sorcerer's Shoes,Oblivion Orb,No_Item,Stealth Ward,No_Item,The Collector,Boots of Swiftness,Lord Dominik's Regards,Pickaxe,B. F. Sword,Oracle Lens,Hextech Rocketbelt,Control Ward,Riftmaker,Dark Seal,Sorcerer's Shoes,Doran's Ring,Oracle Lens,Doran's Blade,Berserker's Greaves,The Collector,Youmuu's Ghostblade,B. F. Sword,Pickaxe,Farsight Alteration,Bloodsong,Control Ward,Plated Steelcaps,Knight's Vow,Kindlegem,No_Item,Oracle Lens,Doran's Blade,Boots,Eclipse,Sundered Sky,Death's Dance,No_Item,Stealth Ward,Experimental Hexplate,Stridebreaker,Control Ward,Warden's Mail,Plated Steelcaps,No_Item,Oracle Lens,Doran's Blade,Boots of Swiftness,Nashor's Tooth,Rabadon's Deathcap,Lich Bane,Amplifying Tome,Farsight Alteration,Muramana,Doran's Blade,Trinity Force,Ionian Boots of Lucidity,Pickaxe,Long Sword,Farsight Alteration,Bloodsong,Heartsteel,Boots of Swiftness,Pickaxe,Rectrix,No_Item,Oracle Lens,Conqueror,Resolve,Dark Harvest,Precision,Aftershock,Sorcery,Press the Attack,Inspiration,Aftershock,Inspiration,Conqueror,Inspiration,Conqueror,Domination,Press the Attack,Sorcery,Press the Attack,Sorcery,Guardian,Inspiration,Teleport,Flash,Smite,Flash,Flash,Teleport,Flash,Barrier,Ignite,Flash,Teleport,Flash,Flash,Smite,Flash,Teleport,Barrier,Flash,Ignite,Flash,1,0,0,0,6,1
https://www.op.gg/summoners/euw/SMRADOCH%20RANDOM-EUW/matches/34-jfPz6Tmy-LC_rTp5wrbfnZluZFcDedVp53EGDwb0%3D/1731678343000,0,25,39,39,25,55,38,63,82,25,16,0,3,0,2,4,7,0,5,55965,65034,14.0,15.8,831,891,29.5,31.700000000000003,-9069,9069,1984.2136363636364,2305.7509090909093,Jax,Ivern,Ziggs,Swain,Senna,Riven,Graves,Hwei,Jinx,Leona,Death's Dance,Sundered Sky,Trinity Force,Control Ward,No_Item,Plated Steelcaps,Stealth Ward,Redemption,Ionian Boots of Lucidity,Dawncore,Moonstone Renewer,Fiendish Codex,Faerie Charm,Oracle Lens,Needlessly Large Rod,Seraph's Embrace,Liandry's Torment,Void Staff,Sorcerer's Shoes,Doran's Ring,Farsight Alteration,Zhonya's Hourglass,Cosmic Drive,Plated Steelcaps,Blackfire Torch,Haunting Guise,Amplifying Tome,Farsight Alteration,Black Cleaver,Control Ward,Bloodsong,Pickaxe,Boots of Swiftness,Runaan's Hurricane,Oracle Lens,Maw of Malmortius,Sundered Sky,Eclipse,Caulfield's Warhammer,Mercury's Treads,Long Sword,Oracle Lens,Youmuu's Ghostblade,Serpent's Fang,Boots of Swiftness,Executioner's Calling,The Collector,Control Ward,Farsight Alteration,Sorcerer's Shoes,Doran's Ring,Blackfire Torch,Dark Seal,Shadowflame,Horizon Focus,Farsight Alteration,Infinity Edge,Executioner's Calling,Berserker's Greaves,Runaan's Hurricane,Last Whisper,The Collector,Farsight Alteration,Locket of the Iron Solari,Bramble Vest,Bloodsong,Knight's Vow,Negatron Cloak,Boots of Swiftness,Oracle Lens,Grasp of the Undying,Inspiration,Summon Aery,Inspiration,Arcane Comet,Precision,Conqueror,Resolve,Grasp of the Undying,Precision,Conqueror,Resolve,Dark Harvest,Precision,Arcane Comet,Precision,Press the Attack,Domination,Aftershock,Domination,Flash,Teleport,Flash,Smite,Flash,Teleport,Flash,Teleport,Flash,Heal,Flash,Ignite,Flash,Smite,Flash,Teleport,Flash,Barrier,Ignite,Flash,0,0,0,1,6,1
https://www.op.gg/summoners/euw/SMRADOCH%20RANDOM-EUW/matches/34-jfPz6TmzD8pKnxj8I6UrzEVJVoGDCa8NrdeWXKWg%3D/1731676098000,0,33,43,43,33,102,47,81,84,21,39,1,4,0,0,5,8,1,4,63425,70685,15.6,16.8,924,1001,26.1,28.2,-7260,7260,1793.575819672131,1998.8790983606557,Aurora,Hecarim,Akali,Ezreal,Leona,Ambessa,Wukong,Ahri,Corki,Alistar,Liandry's Torment,Cosmic Drive,Malignance,Plated Steelcaps,Dark Seal,Amplifying Tome,Farsight Alteration,Black Cleaver,Plated Steelcaps,Eclipse,Spear of Shojin,Sterak's Gage,No_Item,Stealth Ward,Zhonya's Hourglass,Lich Bane,Mercury's Treads,Void Staff,Shadowflame,Control Ward,Oracle Lens,Long Sword,Long Sword,Ionian Boots of Lucidity,Bloodthirster,Muramana,Trinity Force,Farsight Alteration,Solstice Sleigh,Locket of the Iron Solari,Knight's Vow,Crystalline Bracer,Winged Moonplate,Plated Steelcaps,Oracle Lens,Mercury's Treads,Steel Sigil,Control Ward,Sterak's Gage,Black Cleaver,Eclipse,Stealth Ward,Trinity Force,Sterak's Gage,Spirit Visage,Mercury's Treads,Sundered Sky,Executioner's Calling,Oracle Lens,Rabadon's Deathcap,No_Item,Verdant Barrier,Horizon Focus,Malignance,Mercury's Treads,Oracle Lens,Lord Dominik's Regards,Trinity Force,Muramana,Pickaxe,Boots of Swiftness,Cloak of Agility,Farsight Alteration,Celestial Opposition,Locket of the Iron Solari,Boots of Swiftness,Knight's Vow,Redemption,Control Ward,Oracle Lens,Grasp of the Undying,Precision,Phase Rush,Precision,Electrocute,Sorcery,Press the Attack,Inspiration,Aftershock,Inspiration,Conqueror,Resolve,Conqueror,Inspiration,Summon Aery,Precision,Conqueror,Inspiration,Aftershock,Inspiration,Flash,Teleport,Smite,Ghost,Teleport,Flash,Flash,Exhaust,Flash,Ignite,Flash,Teleport,Flash,Smite,Flash,Teleport,Flash,Cleanse,Flash,Ignite,1,2,0,0,4,1
https://www.op.gg/summoners/euw/SMRADOCH%20RANDOM-EUW/matches/34-jfPz6TmwdTdUuXc3mfOWPcYGh5oZjQ6ilGlpy6HI%3D/1731673526000,0,4,10,10,4,7,3,28,30,3,6,0,1,0,0,0,4,0,1,23839,30875,9.2,9.8,471,514,30.6,33.4,-7036,7036,1542.5235294117647,1997.7941176470588,Gragas,Xin Zhao,LeBlanc,Kai'Sa,Pyke,Gnar,Wukong,Ahri,Ezreal,Thresh,Luden's Companion,Amplifying Tome,Doran's Ring,No_Item,No_Item,Boots of Swiftness,Farsight Alteration,Gustwalker Hatchling,Titanic Hydra,Long Sword,Glowing Mote,No_Item,Boots,Oracle Lens,Doran's Ring,Refillable Potion,Dark Seal,Mercury's Treads,Lost Chapter,Hextech Alternator,Stealth Ward,Doran's Blade,Cull,Manamune,Sapphire Crystal,No_Item,Slightly Magical Footwear,Stealth Ward,Runic Compass,Serrated Dirk,Caulfield's Warhammer,Boots,No_Item,No_Item,Oracle Lens,Mercury's Treads,Phage,Hearthbound Axe,No_Item,No_Item,Doran's Shield,Stealth Ward,Trinity Force,Gustwalker Hatchling,Slightly Magical Footwear,Long Sword,No_Item,No_Item,Oracle Lens,Cosmic Drive,Dark Seal,Boots,Malignance,No_Item,Doran's Ring,Oracle Lens,Doran's Blade,Refillable Potion,Manamune,Trinity Force,Ionian Boots of Lucidity,No_Item,Farsight Alteration,Refillable Potion,Locket of the Iron Solari,Solstice Sleigh,Ruby Crystal,Ionian Boots of Lucidity,Cloth Armor,Oracle Lens,Phase Rush,Inspiration,Conqueror,Domination,Electrocute,Sorcery,Hail of Blades,Inspiration,Hail of Blades,Sorcery,Grasp of the Undying,Precision,Conqueror,Inspiration,Summon Aery,Domination,Press the Attack,Inspiration,Aftershock,Inspiration,Teleport,Flash,Flash,Smite,Flash,Teleport,Flash,Barrier,Ignite,Flash,Flash,Teleport,Flash,Smite,Flash,Teleport,Flash,Barrier,Flash,Ignite,0,1,0,1,5,0
