GAME_ID,BLUE_WIN,BLUE_KILLS,RED_KILLS,BLUE_DEATHS,RED_DEATHS,RED_ASSISTS,BLUE_ASSISTS,BLUE_WARDS_PLACED,RED_WARDS_PLACED,BLUE_WARDS_DESTROYED,RED_WARDS_DESTROYED,BLUE_DRAGONS,RED_DRAGONS,BLUE_BARONS,RED_BARONS,BLUE_TOWERS,RED_TOWERS,BLUE_ELITE_MONSTERS,RED_ELITE_MONSTERS,BLUE_TEAM_GOLD,RED_TEAM_GOLD,BLUE_TEAM_LEVEL,RED_TEAM_LEVEL,BLUE_TEAM_CS,RED_TEAM_CS,BLUE_TEAAM_CS_PER_MINUTE,RED_TEAAM_CS_PER_MINUTE,BLUE_GOLD_DIFF,RED_GOLD_DIFF,BLUE_GOLD_PER_MIN,RED_GOLD_PER_MIN,BLUE_TEAM_TOP,BLUE_TEAM_JNG,BLUE_TEAM_MID,BLUE_TEAM_ADC,BLUE_TEAM_SUP,RED_TEAM_TOP,RED_TEAM_JNG,RED_TEAM_MID,RED_TEAM_ADC,RED_TEAM_SUP,BLLUE_TEAM_TOP_ITEM_1,BLLUE_TEAM_TOP_ITEM_2,BLLUE_TEAM_TOP_ITEM_3,BLLUE_TEAM_TOP_ITEM_4,BLLUE_TEAM_TOP_ITEM_5,BLLUE_TEAM_TOP_ITEM_6,BLLUE_TEAM_TOP_ITEM_VISION,BLLUE_TEAM_JNG_ITEM_1,BLLUE_TEAM_JNG_ITEM_2,BLLUE_TEAM_JNG_ITEM_3,BLLUE_TEAM_JNG_ITEM_4,BLLUE_TEAM_JNG_ITEM_5,BLLUE_TEAM_JNG_ITEM_6,BLLUE_TEAM_JNG_ITEM_VISION,BLLUE_TEAM_MID_ITEM_1,BLLUE_TEAM_MID_ITEM_2,BLLUE_TEAM_MID_ITEM_3,BLLUE_TEAM_MID_ITEM_4,BLLUE_TEAM_MID_ITEM_5,BLLUE_TEAM_MID_ITEM_6,BLLUE_TEAM_MID_ITEM_VISION,BLLUE_TEAM_ADC_ITEM_1,BLLUE_TEAM_ADC_ITEM_2,BLLUE_TEAM_ADC_ITEM_3,BLLUE_TEAM_ADC_ITEM_4,BLLUE_TEAM_ADC_ITEM_5,BLLUE_TEAM_ADC_ITEM_6,BLLUE_TEAM_ADC_ITEM_VISION,BLLUE_TEAM_SUP_ITEM_1,BLLUE_TEAM_SUP_ITEM_2,BLLUE_TEAM_SUP_ITEM_3,BLLUE_TEAM_SUP_ITEM_4,BLLUE_TEAM_SUP_ITEM_5,BLLUE_TEAM_SUP_ITEM_6,BLLUE_TEAM_SUP_ITEM_VISION,RED_TEAM_TOP_ITEM_1,RED_TEAM_TOP_ITEM_2,RED_TEAM_TOP_ITEM_3,RED_TEAM_TOP_ITEM_4,RED_TEAM_TOP_ITEM_5,RED_TEAM_TOP_ITEM_6,RED_TEAM_TOP_ITEM_VISION,RED_TEAM_JNG_ITEM_1,RED_TEAM_JNG_ITEM_2,RED_TEAM_JNG_ITEM_3,RED_TEAM_JNG_ITEM_4,RED_TEAM_JNG_ITEM_5,RED_TEAM_JNG_ITEM_6,RED_TEAM_JNG_ITEM_VISION,RED_TEAM_MID_ITEM_1,RED_TEAM_MID_ITEM_2,RED_TEAM_MID_ITEM_3,RED_TEAM_MID_ITEM_4,RED_TEAM_MID_ITEM_5,RED_TEAM_MID_ITEM_6,RED_TEAM_MID_ITEM_VISION,RED_TEAM_ADC_ITEM_1,RED_TEAM_ADC_ITEM_2,RED_TEAM_ADC_ITEM_3,RED_TEAM_ADC_ITEM_4,RED_TEAM_ADC_ITEM_5,RED_TEAM_ADC_ITEM_6,RED_TEAM_ADC_ITEM_VISION,RED_TEAM_SUP_ITEM_1,RED_TEAM_SUP_ITEM_2,RED_TEAM_SUP_ITEM_3,RED_TEAM_SUP_ITEM_4,RED_TEAM_SUP_ITEM_5,RED_TEAM_SUP_ITEM_6,RED_TEAM_SUP_ITEM_VISION,BLUE_TEAM_TOP_RUNE_01,BLUE_TEAM_TOP_RUNE_02,BLUE_TEAM_JNG_RUNE_01,BLUE_TEAM_JNG_RUNE_02,BLUE_TEAM_MID_RUNE_01,BLUE_TEAM_MID_RUNE_02,BLUE_TEAM_ADC_RUNE_01,BLUE_TEAM_ADC_RUNE_02,BLUE_TEAM_SUP_RUNE_01,BLUE_TEAM_SUP_RUNE_02,RED_TEAM_TOP_RUNE_01,RED_TEAM_TOP_RUNE_02,RED_TEAM_JNG_RUNE_01,RED_TEAM_JNG_RUNE_02,RED_TEAM_MID_RUNE_01,RED_TEAM_MID_RUNE_02,RED_TEAM_ADC_RUNE_01,RED_TEAM_ADC_RUNE_02,RED_TEAM_SUP_RUNE_01,RED_TEAM_SUP_RUNE_02,BLUE_TEAM_TOP_SUMMONER_01,BLUE_TEAM_TOP_SUMMONER_02,BLUE_TEAM_JNG_SUMMONER_01,BLUE_TEAM_JNG_SUMMONER_02,BLUE_TEAM_MID_SUMMONER_01,BLUE_TEAM_MID_SUMMONER_02,BLUE_TEAM_ADC_SUMMONER_01,BLUE_TEAM_ADC_SUMMONER_02,BLUE_TEAM_SUP_SUMMONER_01,BLUE_TEAM_SUP_SUMMONER_02,RED_TEAM_TOP_SUMMONER_01,RED_TEAM_TOP_SUMMONER_02,RED_TEAM_JNG_SUMMONER_01,RED_TEAM_JNG_SUMMONER_02,RED_TEAM_MID_SUMMONER_01,RED_TEAM_MID_SUMMONER_02,RED_TEAM_ADC_SUMMONER_01,RED_TEAM_ADC_SUMMONER_02,RED_TEAM_SUP_SUMMONER_01,RED_TEAM_SUP_SUMMONER_02,BLUE_TEAM_RIFT_HERALDS,BLUE_TEAM_VOID_GRUBS,BLUE_TEAM_INHIBITORS,RED_TEAM_RIFT_HERALDS,RED_TEAM_VOID_GRUBS,RED_TEAM_INHIBITORS
https://www.op.gg/summoners/euw/ALBANIAN-iLevi/matches/uRd1PvnOddq3PB92XM7gRJK1KdKkYil9xrAVOrDvKC0%3D/1734643565000,0,42,61,61,43,52,41,92,109,37,49,3,2,1,1,5,9,4,3,70669,79989,16.6,17.4,980,1144,27.6,32.2,-9320,9320,2000.5562499999999,2264.3944852941177,Sylas,Wukong,Heimerdinger,Varus,Karma,Vayne,Kai'Sa,Ahri,Jhin,Pyke,Zhonya's Hourglass,Hextech Rocketbelt,Needlessly Large Rod,Sorcerer's Shoes,Void Staff,Cosmic Drive,Stealth Ward,Plated Steelcaps,Sterak's Gage,Sundered Sky,Trinity Force,Pickaxe,Caulfield's Warhammer,Farsight Alteration,Liandry's Torment,Blighting Jewel,Sorcerer's Shoes,Rabadon's Deathcap,Rylai's Crystal Scepter,Malignance,Stealth Ward,Youmuu's Ghostblade,Serylda's Grudge,Muramana,Edge of Night,Boots of Swiftness,Caulfield's Warhammer,Farsight Alteration,Malignance,Imperial Mandate,Verdant Barrier,Zaz'Zak's Realmspike,Bandleglass Mirror,Ionian Boots of Lucidity,Oracle Lens,Trinity Force,Wit's End,Terminus,Guinsoo's Rageblade,Bloodthirster,Berserker's Greaves,Farsight Alteration,Guinsoo's Rageblade,Kraken Slayer,No_Item,Berserker's Greaves,Nashor's Tooth,Terminus,Oracle Lens,Sorcerer's Shoes,Malignance,Horizon Focus,Rabadon's Deathcap,Shadowflame,Hextech Alternator,Oracle Lens,Boots of Swiftness,Infinity Edge,The Collector,Rapid Firecannon,Mortal Reminder,Long Sword,Farsight Alteration,Bloodsong,Edge of Night,Mercury's Treads,Umbral Glaive,Maw of Malmortius,Control Ward,Oracle Lens,Electrocute,Precision,Conqueror,Inspiration,Electrocute,Sorcery,Hail of Blades,Inspiration,Arcane Comet,Domination,Press the Attack,Resolve,Lethal Tempo,Inspiration,Electrocute,Sorcery,Fleet Footwork,Inspiration,Hail of Blades,Inspiration,Flash,Teleport,Flash,Smite,Teleport,Flash,Flash,Cleanse,Flash,Ignite,Flash,Ghost,Smite,Flash,Flash,Teleport,Cleanse,Flash,Flash,Ignite,1,5,0,0,1,1
https://www.op.gg/summoners/euw/ALBANIAN-iLevi/matches/uRd1PvnOddp8owhw9orR9_dQDKKzSGPl017vwfBhm5Q%3D/1734640726000,1,26,22,22,27,41,52,78,74,28,19,3,2,0,1,11,3,3,3,67236,59864,15.6,15.6,1036,960,32.0,29.7,7372,-7372,2070.766539923954,1843.7201520912545,Syndra,Kindred,Ambessa,Jinx,Tahm Kench,Ornn,Viego,Varus,Kog'Maw,Lulu,Needlessly Large Rod,Horizon Focus,Cryptbloom,No_Item,Sorcerer's Shoes,Blackfire Torch,Oracle Lens,The Collector,Trinity Force,Infinity Edge,Boots of Swiftness,Lord Dominik's Regards,No_Item,Oracle Lens,Caulfield's Warhammer,Pickaxe,Steel Sigil,Mercury's Treads,Black Cleaver,Eclipse,Stealth Ward,The Collector,Runaan's Hurricane,B. F. Sword,Lord Dominik's Regards,Berserker's Greaves,Infinity Edge,Farsight Alteration,Solstice Sleigh,Unending Despair,No_Item,Heartsteel,Plated Steelcaps,No_Item,Oracle Lens,Locket of the Iron Solari,Chain Vest,Randuin's Omen,Negatron Cloak,Hollow Radiance,Plated Steelcaps,Farsight Alteration,Kraken Slayer,Randuin's Omen,Titanic Hydra,Plated Steelcaps,Wit's End,Winged Moonplate,Oracle Lens,Plated Steelcaps,Dagger,No_Item,Wit's End,Experimental Hexplate,Guinsoo's Rageblade,Stealth Ward,Blade of The Ruined King,Guinsoo's Rageblade,Refillable Potion,Berserker's Greaves,Terminus,Cloth Armor,Farsight Alteration,Dream Maker,Shurelya's Battlesong,Ionian Boots of Lucidity,Dark Seal,Moonstone Renewer,Kindlegem,Oracle Lens,Summon Aery,Inspiration,Press the Attack,Domination,Grasp of the Undying,Domination,Fleet Footwork,Sorcery,Guardian,Inspiration,Unsealed Spellbook,Resolve,Conqueror,Inspiration,Press the Attack,Resolve,Press the Attack,Resolve,Summon Aery,Domination,Teleport,Flash,Flash,Smite,Flash,Teleport,Flash,Barrier,Flash,Exhaust,Flash,Teleport,Smite,Flash,Flash,Teleport,Barrier,Flash,Heal,Flash,1,0,3,0,3,0
https://www.op.gg/summoners/euw/ALBANIAN-iLevi/matches/uRd1PvnOddqTY0M-MI5oMEUV4PCRcFKJJGZIqvEZTko%3D/1734607748000,0,21,36,36,21,72,36,74,71,29,32,2,2,0,1,2,9,2,3,48007,59055,13.0,14.4,764,774,27.6,28.0,-11048,11048,1735.1927710843372,2134.5180722891564,Aurora,Vi,Viktor,Corki,Rell,Rumble,Xin Zhao,Irelia,Hwei,Nami,Cosmic Drive,Malignance,Mercury's Treads,Amplifying Tome,No_Item,Doran's Ring,Farsight Alteration,Slightly Magical Footwear,Sundered Sky,Black Cleaver,Caulfield's Warhammer,Long Sword,Pickaxe,Stealth Ward,No_Item,Liandry's Torment,No_Item,Zhonya's Hourglass,Blackfire Torch,Sorcerer's Shoes,Farsight Alteration,Trinity Force,Doran's Blade,Muramana,Rapid Firecannon,Boots of Swiftness,No_Item,Farsight Alteration,Locket of the Iron Solari,Solstice Sleigh,No_Item,Ionian Boots of Lucidity,Zeke's Convergence,Winged Moonplate,Oracle Lens,Zhonya's Hourglass,Riftmaker,No_Item,Sorcerer's Shoes,Liandry's Torment,No_Item,Stealth Ward,Black Cleaver,Sundered Sky,Tunneler,Mercury's Treads,Cloth Armor,Ruby Crystal,Oracle Lens,Negatron Cloak,Hullbreaker,Mercury's Treads,Dagger,Dagger,Blade of The Ruined King,Farsight Alteration,Horizon Focus,Zhonya's Hourglass,Sorcerer's Shoes,Seraph's Embrace,Mejai's Soulstealer,Control Ward,Farsight Alteration,Solstice Sleigh,Boots of Swiftness,Imperial Mandate,Moonstone Renewer,Staff of Flowing Water,Dark Seal,Oracle Lens,Electrocute,Precision,Hail of Blades,Inspiration,Summon Aery,Resolve,Conqueror,Inspiration,Aftershock,Inspiration,Arcane Comet,Resolve,Conqueror,Inspiration,Conqueror,Resolve,Arcane Comet,Precision,Summon Aery,Inspiration,Flash,Teleport,Flash,Smite,Flash,Teleport,Flash,Teleport,Flash,Ignite,Flash,Ignite,Smite,Flash,Teleport,Flash,Flash,Teleport,Flash,Heal,1,0,0,0,6,2
https://www.op.gg/summoners/euw/ALBANIAN-iLevi/matches/uRd1PvnOddpRdGF5AGZAhE141d-zUsD_y6FEgPeACXY%3D/1734604502000,1,33,15,15,34,25,68,52,54,22,10,2,1,0,0,7,2,2,1,51834,40402,13.2,12.0,747,681,33.3,30.5,11432,-11432,2307.0624277456645,1798.2393063583816,Yone,Jarvan IV,Viktor,Tristana,Rell,Renekton,Lee Sin,Katarina,Jhin,Lux,Doran's Blade,Blade of The Ruined King,Berserker's Greaves,No_Item,No_Item,Stridebreaker,Stealth Ward,Black Cleaver,Sundered Sky,Tunneler,Pickaxe,Plated Steelcaps,No_Item,Oracle Lens,Doran's Ring,Blackfire Torch,Rabadon's Deathcap,Boots,Liandry's Torment,Blighting Jewel,Farsight Alteration,Doran's Blade,Infinity Edge,Zeal,Berserker's Greaves,The Collector,Dagger,Farsight Alteration,Locket of the Iron Solari,Solstice Sleigh,Control Ward,Ionian Boots of Lucidity,No_Item,Zeke's Convergence,Oracle Lens,Plated Steelcaps,Doran's Shield,Eclipse,Black Cleaver,Tunneler,Ruby Crystal,Oracle Lens,Control Ward,Eclipse,Sundered Sky,Ionian Boots of Lucidity,No_Item,No_Item,Stealth Ward,Doran's Shield,Dark Seal,Refillable Potion,Nashor's Tooth,Sorcerer's Shoes,Hextech Alternator,Oracle Lens,Boots of Swiftness,The Collector,Infinity Edge,Noonquiver,Long Sword,Doran's Blade,Farsight Alteration,Plated Steelcaps,Locket of the Iron Solari,Celestial Opposition,Kindlegem,Forbidden Idol,Control Ward,Oracle Lens,Lethal Tempo,Resolve,Conqueror,Inspiration,Summon Aery,Resolve,Hail of Blades,Precision,Aftershock,Inspiration,Conqueror,Resolve,Conqueror,Inspiration,Electrocute,Resolve,Fleet Footwork,Inspiration,Aftershock,Domination,Flash,Teleport,Flash,Smite,Teleport,Flash,Flash,Barrier,Flash,Ignite,Flash,Teleport,Flash,Smite,Flash,Teleport,Barrier,Flash,Flash,Heal,1,3,2,0,3,0
https://www.op.gg/summoners/euw/ALBANIAN-iLevi/matches/uRd1PvnOddrBBDjSvQkBxEPW7f0aT_Q2tjRczyUn3sY%3D/1734601362000,1,36,22,23,36,31,65,61,58,13,13,3,1,1,0,4,3,4,1,53731,50004,14.0,13.0,742,720,28.7,27.8,3727,-3727,2068.7871657754013,1925.2877005347593,Malphite,Kayn,Viktor,Jhin,Rell,Ambessa,Vi,Akali,Draven,Zac,Sunfire Aegis,Thornmail,Cloth Armor,Plated Steelcaps,Kaenic Rookern,No_Item,Stealth Ward,Plated Steelcaps,Voltaic Cyclosword,Black Cleaver,Death's Dance,No_Item,No_Item,Oracle Lens,Doran's Ring,Zhonya's Hourglass,No_Item,Blackfire Torch,Liandry's Torment,Sorcerer's Shoes,Farsight Alteration,Boots of Swiftness,The Collector,Rapid Firecannon,Mortal Reminder,No_Item,Doran's Blade,Farsight Alteration,Celestial Opposition,Trailblazer,Control Ward,Ruby Crystal,Mercury's Treads,Zeke's Convergence,Oracle Lens,Black Cleaver,Spear of Shojin,Steel Sigil,Boots,Pickaxe,No_Item,Stealth Ward,Slightly Magical Footwear,Sundered Sky,Black Cleaver,Steel Sigil,No_Item,No_Item,Stealth Ward,Doran's Shield,Dark Seal,Shadowflame,Sorcerer's Shoes,No_Item,Lich Bane,Stealth Ward,The Collector,Infinity Edge,Mortal Reminder,Berserker's Greaves,Vampiric Scepter,Pickaxe,Farsight Alteration,Knight's Vow,Zeke's Convergence,Celestial Opposition,Ionian Boots of Lucidity,Spirit Visage,No_Item,Oracle Lens,Arcane Comet,Resolve,Conqueror,Inspiration,Summon Aery,Resolve,Fleet Footwork,Inspiration,Aftershock,Inspiration,Grasp of the Undying,Precision,Hail of Blades,Inspiration,Electrocute,Resolve,Lethal Tempo,Domination,Aftershock,Precision,Flash,Teleport,Flash,Smite,Teleport,Flash,Barrier,Flash,Flash,Ignite,Flash,Teleport,Flash,Smite,Teleport,Flash,Flash,Barrier,Flash,Ignite,0,5,0,0,1,0
https://www.op.gg/summoners/euw/ALBANIAN-iLevi/matches/uRd1PvnOddorWeSrtdTA63BahEGHzFEsbGY4o2GaRkI%3D/1734519216000,0,27,35,35,27,73,40,60,80,23,21,0,3,0,1,6,8,0,4,53804,58837,13.0,14.4,805,784,29.7,28.9,-5033,5033,1998.4342857142858,2185.3742857142856,Gnar,Jarvan IV,Syndra,Ezreal,Janna,Aurora,Lee Sin,Lux,Varus,Maokai,Mercury's Treads,Trinity Force,Hullbreaker,Wit's End,No_Item,No_Item,Oracle Lens,Sundered Sky,Eclipse,Mercury's Treads,Sterak's Gage,No_Item,No_Item,Oracle Lens,Luden's Companion,Shattered Armguard,Sorcerer's Shoes,Shadowflame,No_Item,Needlessly Large Rod,Farsight Alteration,Doran's Blade,Last Whisper,Ionian Boots of Lucidity,Muramana,Horizon Focus,Trinity Force,Farsight Alteration,Dream Maker,Echoes of Helia,Boots of Swiftness,Forbidden Idol,Moonstone Renewer,Kindlegem,Oracle Lens,Shadowflame,Luden's Companion,Void Staff,Sorcerer's Shoes,No_Item,No_Item,Oracle Lens,Sundered Sky,Eclipse,Control Ward,Phage,Mercury's Treads,Glowing Mote,Stealth Ward,Luden's Companion,Doran's Ring,Shadowflame,Sorcerer's Shoes,Amplifying Tome,Cloth Armor,Farsight Alteration,Guinsoo's Rageblade,Blade of The Ruined King,Doran's Blade,Terminus,Berserker's Greaves,"Jak'Sho, The Protean",Farsight Alteration,Bloodsong,Knight's Vow,No_Item,Giant's Belt,Boots of Swiftness,Dead Man's Plate,Oracle Lens,Grasp of the Undying,Precision,Conqueror,Inspiration,First Strike,Sorcery,Press the Attack,Inspiration,Arcane Comet,Domination,Electrocute,Sorcery,Conqueror,Inspiration,Arcane Comet,Inspiration,Lethal Tempo,Inspiration,Aftershock,Inspiration,Teleport,Flash,Flash,Smite,Teleport,Flash,Cleanse,Flash,Flash,Heal,Teleport,Flash,Smite,Flash,Flash,Teleport,Flash,Barrier,Flash,Ignite,0,0,0,1,3,1
https://www.op.gg/summoners/euw/ALBANIAN-iLevi/matches/uRd1PvnOddqMfQqJRhndlHmsfgLwZS4XvDYywDCswcM%3D/1734516512000,0,31,42,42,31,42,43,65,91,22,25,1,2,0,2,1,11,1,4,54727,67530,14.6,15.4,797,858,27.7,29.9,-12803,12803,1889.8532374100719,2331.9712230215823,Aurora,Volibear,Hwei,Corki,Zac,Vayne,Elise,Yone,Viktor,Pyke,Shadowflame,Luden's Companion,Dark Seal,Sorcerer's Shoes,No_Item,No_Item,Oracle Lens,Iceborn Gauntlet,Sundered Sky,Mercury's Treads,Spectre's Cowl,Negatron Cloak,No_Item,Oracle Lens,Horizon Focus,Blackfire Torch,Needlessly Large Rod,Sorcerer's Shoes,Needlessly Large Rod,No_Item,Farsight Alteration,Cloak of Agility,Plated Steelcaps,Hexdrinker,Lord Dominik's Regards,Trinity Force,Muramana,Farsight Alteration,Ionian Boots of Lucidity,Randuin's Omen,Celestial Opposition,Abyssal Mask,Dark Seal,Zeke's Convergence,Oracle Lens,No_Item,Doran's Blade,Recurve Bow,Boots of Swiftness,Wit's End,Blade of The Ruined King,Farsight Alteration,Stormsurge,Sorcerer's Shoes,Shattered Armguard,Shadowflame,Void Staff,No_Item,Oracle Lens,Mortal Reminder,Wit's End,Berserker's Greaves,Blade of The Ruined King,Immortal Shieldbow,Infinity Edge,Oracle Lens,Shadowflame,Blackfire Torch,Sorcerer's Shoes,Liandry's Torment,No_Item,Dark Seal,Farsight Alteration,Bloodsong,Edge of Night,No_Item,Umbral Glaive,Hexdrinker,Mercury's Treads,Oracle Lens,Summon Aery,Domination,Press the Attack,Sorcery,Arcane Comet,Precision,Conqueror,Inspiration,Aftershock,Precision,Lethal Tempo,Sorcery,Dark Harvest,Precision,Fleet Footwork,Resolve,Summon Aery,Precision,Hail of Blades,Resolve,Teleport,Flash,Flash,Smite,Teleport,Flash,Barrier,Flash,Flash,Ignite,Flash,Ghost,Smite,Flash,Flash,Teleport,Teleport,Flash,Flash,Ignite,0,0,0,1,6,2
https://www.op.gg/summoners/euw/ALBANIAN-iLevi/matches/uRd1PvnOddr7uiJWpndzphFV1ShRBnaLGNf_RHeoYoQ%3D/1734461676000,1,26,12,12,26,13,30,38,49,14,13,1,1,0,0,5,0,1,1,44127,34042,12.0,10.6,652,558,34.0,29.1,10085,-10085,2306.6386363636366,1779.4681818181818,Gwen,Warwick,Orianna,Jhin,Yasuo,Renekton,Kha'Zix,Ezreal,Viktor,Pyke,Doran's Ring,Riftmaker,Blasting Wand,Bramble Vest,Plated Steelcaps,Fiendish Codex,Oracle Lens,Blade of The Ruined King,Titanic Hydra,No_Item,No_Item,No_Item,Plated Steelcaps,Oracle Lens,Ionian Boots of Lucidity,Hextech Alternator,Seraph's Embrace,Needlessly Large Rod,Doran's Ring,Dark Seal,Farsight Alteration,Boots of Swiftness,Rapid Firecannon,Pickaxe,Doran's Blade,The Collector,No_Item,Farsight Alteration,Berserker's Greaves,Bloodsong,Pickaxe,Blade of The Ruined King,Chain Vest,Noonquiver,Oracle Lens,Eclipse,Refillable Potion,Mortal Reminder,Boots,No_Item,No_Item,Stealth Ward,Youmuu's Ghostblade,Gustwalker Hatchling,Long Sword,Long Sword,Long Sword,Slightly Magical Footwear,Oracle Lens,Long Sword,Ionian Boots of Lucidity,Long Sword,Doran's Blade,Trinity Force,Tear of the Goddess,Farsight Alteration,Lich Bane,Sorcerer's Shoes,No_Item,Dark Seal,Luden's Companion,Doran's Ring,Farsight Alteration,Bloodsong,Umbral Glaive,Control Ward,Ionian Boots of Lucidity,Serrated Dirk,Rectrix,Oracle Lens,Conqueror,Resolve,Lethal Tempo,Sorcery,Arcane Comet,Inspiration,Fleet Footwork,Inspiration,Lethal Tempo,Resolve,Conqueror,Resolve,Dark Harvest,Inspiration,Conqueror,Inspiration,Summon Aery,Precision,Hail of Blades,Resolve,Teleport,Ignite,Smite,Flash,Flash,Teleport,Flash,Barrier,Exhaust,Flash,Flash,Teleport,Smite,Flash,Barrier,Flash,Flash,Teleport,Flash,Ignite,1,3,0,0,3,0
https://www.op.gg/summoners/euw/ALBANIAN-iLevi/matches/uRd1PvnOddpGhRbt2b9vusKHuFoJ8RsD9QP2tVBHw04%3D/1734433549000,1,33,21,21,33,29,46,73,58,13,39,3,0,1,0,11,1,4,0,63948,51427,15.2,14.0,929,818,33.4,29.3,12521,-12521,2291.185026737968,1842.5716577540109,Gnar,Graves,Ahri,Draven,Zyra,Renekton,Morgana,Qiyana,Varus,Rell,Doran's Blade,Trinity Force,Black Cleaver,Sterak's Gage,Plated Steelcaps,Giant's Belt,Farsight Alteration,Youmuu's Ghostblade,The Collector,Lord Dominik's Regards,Plated Steelcaps,Pickaxe,No_Item,Stealth Ward,No_Item,Zhonya's Hourglass,Horizon Focus,Doran's Ring,Malignance,Ionian Boots of Lucidity,Oracle Lens,Infinity Edge,The Collector,Vampiric Scepter,Lord Dominik's Regards,Immortal Shieldbow,Berserker's Greaves,Farsight Alteration,Liandry's Torment,Shattered Armguard,Zaz'Zak's Realmspike,Sorcerer's Shoes,Rylai's Crystal Scepter,Control Ward,Oracle Lens,Doran's Shield,Plated Steelcaps,Sterak's Gage,Phage,Stridebreaker,Ruby Crystal,Oracle Lens,Zhonya's Hourglass,Ionian Boots of Lucidity,Dark Seal,Luden's Companion,Liandry's Torment,Oblivion Orb,Oracle Lens,Serylda's Grudge,Profane Hydra,Youmuu's Ghostblade,Ionian Boots of Lucidity,Serrated Dirk,No_Item,Oracle Lens,Doran's Blade,Youmuu's Ghostblade,Refillable Potion,Boots of Swiftness,Muramana,Serrated Dirk,Farsight Alteration,Locket of the Iron Solari,Solstice Sleigh,No_Item,Ionian Boots of Lucidity,Kindlegem,Null-Magic Mantle,Oracle Lens,Grasp of the Undying,Precision,Dark Harvest,Precision,Electrocute,Resolve,Lethal Tempo,Domination,Arcane Comet,Domination,Conqueror,Resolve,First Strike,Sorcery,Electrocute,Precision,Arcane Comet,Precision,Aftershock,Inspiration,Flash,Teleport,Flash,Smite,Flash,Teleport,Flash,Cleanse,Flash,Ignite,Flash,Teleport,Flash,Smite,Flash,Teleport,Flash,Barrier,Flash,Ignite,1,0,3,0,6,0
https://www.op.gg/summoners/euw/ALBANIAN-iLevi/matches/uRd1PvnOddoyzU7kpfKhppepamrwtzbTseZayKPkR5s%3D/1734430751000,1,18,5,5,18,6,25,30,27,9,3,2,0,0,0,2,1,2,0,33452,26124,10.6,9.2,582,478,37.0,30.4,7328,-7328,2130.7006369426754,1663.9490445859874,Riven,Zed,Taliyah,Tristana,Rell,Ambessa,Lee Sin,Twisted Fate,Corki,Nami,Doran's Blade,Black Cleaver,Ionian Boots of Lucidity,Long Sword,No_Item,No_Item,Oracle Lens,Slightly Magical Footwear,Voltaic Cyclosword,Eclipse,Long Sword,No_Item,No_Item,Oracle Lens,Amplifying Tome,No_Item,Amplifying Tome,Doran's Ring,Seraph's Embrace,Ionian Boots of Lucidity,Farsight Alteration,No_Item,Boots,The Collector,Doran's Blade,B. F. Sword,Scout's Slingshot,Farsight Alteration,Runic Compass,Ionian Boots of Lucidity,No_Item,Null-Magic Mantle,Kindlegem,Cloth Armor,Oracle Lens,Plated Steelcaps,Eclipse,No_Item,No_Item,No_Item,Doran's Shield,Stealth Ward,Plated Steelcaps,Eclipse,Long Sword,Mosstomper Seedling,No_Item,No_Item,Stealth Ward,Doran's Ring,Refillable Potion,Rod of Ages,Scout's Slingshot,Dark Seal,Boots of Swiftness,Stealth Ward,Doran's Blade,Refillable Potion,Trinity Force,Tear of the Goddess,Plated Steelcaps,No_Item,Stealth Ward,Dream Maker,Imperial Mandate,Ionian Boots of Lucidity,Amplifying Tome,No_Item,No_Item,Oracle Lens,Conqueror,Inspiration,Electrocute,Inspiration,Phase Rush,Precision,Lethal Tempo,Domination,Aftershock,Inspiration,Grasp of the Undying,Domination,Conqueror,Inspiration,Electrocute,Inspiration,Conqueror,Resolve,Summon Aery,Resolve,Flash,Teleport,Flash,Smite,Flash,Teleport,Flash,Barrier,Flash,Ignite,Teleport,Flash,Flash,Smite,Flash,Teleport,Flash,Exhaust,Flash,Heal,0,3,0,0,3,0
https://www.op.gg/summoners/euw/ALBANIAN-iLevi/matches/uRd1PvnOddoNNzntsH7DvJjkR_eSwPik9JdpfEDcu-Q%3D/1734350239000,0,34,39,39,34,59,58,119,88,57,38,2,2,0,1,5,8,2,3,70328,71030,16.0,16.6,1090,1059,32.8,31.9,-702,702,2109.8399999999997,2130.8999999999996,Fiora,Taliyah,Ryze,Ashe,Pyke,Kennen,Skarner,Ahri,Jhin,Rell,Ravenous Hydra,Tunneler,Death's Dance,Mercury's Treads,Maw of Malmortius,Pickaxe,Farsight Alteration,Shadowflame,Dark Seal,Luden's Companion,Void Staff,Sorcerer's Shoes,Amplifying Tome,Oracle Lens,Mercury's Treads,Shattered Armguard,Randuin's Omen,Liandry's Torment,Seraph's Embrace,Abyssal Mask,Farsight Alteration,B. F. Sword,Kraken Slayer,Berserker's Greaves,Phantom Dancer,Mortal Reminder,Cloak of Agility,Farsight Alteration,Celestial Opposition,Edge of Night,Control Ward,Mercury's Treads,Umbral Glaive,Maw of Malmortius,Oracle Lens,Sorcerer's Shoes,Needlessly Large Rod,Shadowflame,Rabadon's Deathcap,Void Staff,Oblivion Orb,Oracle Lens,Heartsteel,Kaenic Rookern,Negatron Cloak,Sterak's Gage,Giant's Belt,Mercury's Treads,Oracle Lens,Seeker's Armguard,Rabadon's Deathcap,Malignance,Mejai's Soulstealer,Mercury's Treads,Horizon Focus,Farsight Alteration,Infinity Edge,Rapid Firecannon,Bloodthirster,Mortal Reminder,The Collector,Boots of Swiftness,Farsight Alteration,Trailblazer,Mercury's Treads,Celestial Opposition,Abyssal Mask,No_Item,No_Item,Oracle Lens,Grasp of the Undying,Inspiration,Dark Harvest,Precision,Phase Rush,Precision,Lethal Tempo,Inspiration,Hail of Blades,Resolve,Electrocute,Inspiration,Grasp of the Undying,Inspiration,Electrocute,Sorcery,Fleet Footwork,Sorcery,Aftershock,Inspiration,Teleport,Flash,Flash,Smite,Flash,Teleport,Flash,Cleanse,Flash,Ignite,Flash,Teleport,Smite,Flash,Flash,Teleport,Cleanse,Flash,Ignite,Flash,1,6,0,0,0,1
https://www.op.gg/summoners/euw/ALBANIAN-iLevi/matches/uRd1PvnOddrjPFu755gXwKQOrRlOaNwQ5xERoiBA53Y%3D/1734285772000,1,32,26,26,32,54,55,79,107,49,34,1,3,1,0,9,4,2,3,67881,62683,15.6,14.6,1021,934,32.3,29.599999999999998,5198,-5198,2147.797265625,1983.329296875,Singed,Skarner,Orianna,Draven,Leona,Yorick,Lee Sin,Yasuo,Hwei,Pyke,Negatron Cloak,Plated Steelcaps,Randuin's Omen,Rylai's Crystal Scepter,Liandry's Torment,Dark Seal,Oracle Lens,Heartsteel,Unending Despair,Spirit Visage,No_Item,Plated Steelcaps,Ruby Crystal,Oracle Lens,Mejai's Soulstealer,Stormsurge,Seeker's Armguard,Sorcerer's Shoes,Malignance,Shadowflame,Stealth Ward,Immortal Shieldbow,The Collector,Infinity Edge,Lord Dominik's Regards,Vampiric Scepter,Berserker's Greaves,Farsight Alteration,Celestial Opposition,Knight's Vow,Locket of the Iron Solari,Plated Steelcaps,Spectre's Cowl,Control Ward,Oracle Lens,Sterak's Gage,Sundered Sky,Control Ward,Trinity Force,Mercury's Treads,Spirit Visage,Oracle Lens,Sundered Sky,Eclipse,Tunneler,Plated Steelcaps,Pickaxe,No_Item,Stealth Ward,Blade of The Ruined King,Cloak of Agility,B. F. Sword,Pickaxe,Immortal Shieldbow,Berserker's Greaves,Stealth Ward,Doran's Ring,Blackfire Torch,Sorcerer's Shoes,Shadowflame,Liandry's Torment,Amplifying Tome,Farsight Alteration,Celestial Opposition,Umbral Glaive,Control Ward,Ionian Boots of Lucidity,Edge of Night,Maw of Malmortius,Oracle Lens,Phase Rush,Resolve,Grasp of the Undying,Inspiration,Summon Aery,Precision,Lethal Tempo,Domination,Aftershock,Inspiration,Conqueror,Resolve,Conqueror,Inspiration,Lethal Tempo,Resolve,Arcane Comet,Precision,Hail of Blades,Resolve,Flash,Teleport,Flash,Smite,Flash,Teleport,Flash,Barrier,Ignite,Flash,Flash,Teleport,Smite,Flash,Teleport,Flash,Teleport,Flash,Flash,Ignite,1,3,1,0,3,0
https://www.op.gg/summoners/euw/ALBANIAN-iLevi/matches/uRd1PvnOddpFiFfqrh9Swr1JCuy8s8cafI3fDjLqCzc%3D/1734278044000,1,43,31,31,43,71,93,74,79,18,18,3,2,1,1,9,4,4,3,69384,62013,16.0,15.4,892,842,29.3,27.8,7371,-7371,2274.2533333333336,2032.6483333333335,Camille,Viego,Syndra,Vayne,Lulu,Yone,Diana,Katarina,Tristana,Janna,Ravenous Hydra,Trinity Force,Spear of Shojin,Plated Steelcaps,No_Item,Death's Dance,Oracle Lens,Titanic Hydra,Randuin's Omen,Control Ward,Sterak's Gage,Kraken Slayer,Plated Steelcaps,Stealth Ward,Needlessly Large Rod,Needlessly Large Rod,Cosmic Drive,Sorcerer's Shoes,Shadowflame,Blackfire Torch,Farsight Alteration,"Jak'Sho, The Protean",Berserker's Greaves,Blade of The Ruined King,Guinsoo's Rageblade,Recurve Bow,Ruby Crystal,Farsight Alteration,Redemption,Dream Maker,No_Item,Moonstone Renewer,Ionian Boots of Lucidity,Dawncore,Oracle Lens,Immortal Shieldbow,Control Ward,Berserker's Greaves,Kraken Slayer,Vampiric Scepter,Infinity Edge,Farsight Alteration,Zhonya's Hourglass,Lich Bane,Amplifying Tome,Shadowflame,Sorcerer's Shoes,Needlessly Large Rod,Oracle Lens,Terminus,Blade of The Ruined King,Randuin's Omen,Plated Steelcaps,Kraken Slayer,Negatron Cloak,Stealth Ward,Infinity Edge,The Collector,No_Item,Berserker's Greaves,Lord Dominik's Regards,Cloak of Agility,Farsight Alteration,Dream Maker,Synchronized Souls,Oblivion Orb,Moonstone Renewer,Echoes of Helia,Dark Seal,Oracle Lens,Conqueror,Resolve,Conqueror,Inspiration,First Strike,Sorcery,Lethal Tempo,Resolve,Summon Aery,Resolve,Fleet Footwork,Resolve,Conqueror,Inspiration,Conqueror,Resolve,Hail of Blades,Precision,Summon Aery,Resolve,Flash,Teleport,Flash,Smite,Flash,Teleport,Flash,Barrier,Flash,Exhaust,Teleport,Flash,Smite,Flash,Flash,Teleport,Barrier,Flash,Flash,Heal,0,6,1,1,0,0
https://www.op.gg/summoners/euw/ALBANIAN-iLevi/matches/uRd1PvnOddoKta_I_d7GF0Ceho0q_GeM76EVt6ty0G4%3D/1734274733000,0,27,49,49,27,73,30,54,86,25,17,1,4,0,2,6,10,1,6,61370,73501,15.2,17.2,906,982,27.6,30.0,-12131,12131,1888.3076923076924,2261.5692307692307,K'Sante,Rengar,Nasus,Ashe,Yuumi,Riven,Volibear,Qiyana,Karthus,Poppy,Negatron Cloak,Chain Vest,Plated Steelcaps,Thornmail,Iceborn Gauntlet,Giant's Belt,Oracle Lens,Youmuu's Ghostblade,Lord Dominik's Regards,Serrated Dirk,Edge of Night,Ionian Boots of Lucidity,Profane Hydra,Oracle Lens,Spirit Visage,Trinity Force,Ionian Boots of Lucidity,Frozen Heart,Thornmail,Tunneler,Farsight Alteration,B. F. Sword,Berserker's Greaves,Lord Dominik's Regards,Statikk Shiv,Runaan's Hurricane,Cloak of Agility,Farsight Alteration,Amplifying Tome,Mikael's Blessing,Bloodsong,Imperial Mandate,Glowing Mote,Moonstone Renewer,Oracle Lens,Eclipse,Death's Dance,Black Cleaver,Sundered Sky,Ionian Boots of Lucidity,Executioner's Calling,Oracle Lens,Dead Man's Plate,Sundered Sky,Frozen Heart,Boots of Swiftness,Executioner's Calling,Pickaxe,Oracle Lens,Youmuu's Ghostblade,Serpent's Fang,Steel Sigil,Serylda's Grudge,Edge of Night,Ionian Boots of Lucidity,Oracle Lens,Rabadon's Deathcap,Blackfire Torch,Liandry's Torment,Sorcerer's Shoes,Void Staff,Dark Seal,Farsight Alteration,Bloodsong,Dead Man's Plate,No_Item,Boots of Swiftness,Thornmail,Giant's Belt,Oracle Lens,Grasp of the Undying,Precision,Conqueror,Domination,Fleet Footwork,Resolve,Lethal Tempo,Inspiration,Summon Aery,Resolve,Conqueror,Inspiration,Press the Attack,Sorcery,Electrocute,Precision,Dark Harvest,Precision,Hail of Blades,Inspiration,Teleport,Flash,Smite,Flash,Flash,Ghost,Barrier,Flash,Exhaust,Heal,Flash,Teleport,Flash,Smite,Flash,Ignite,Exhaust,Flash,Flash,Ignite,0,0,0,0,1,2
https://www.op.gg/summoners/euw/ALBANIAN-iLevi/matches/uRd1PvnOddqf9dswtl0pftRm-i8whQjzY1HTlOCwRVM%3D/1734037288000,0,16,25,26,16,53,26,71,89,20,29,1,4,1,1,6,9,2,5,61833,68394,15.2,16.8,995,1144,29.6,34.0,-6561,6561,1845.0169354838713,2040.7887096774195,Gwen,Bel'Veth,Taliyah,Ashe,Seraphine,Aurora,Dr. Mundo,Viktor,Kog'Maw,Braum,Mercury's Treads,Malignance,Needlessly Large Rod,Nashor's Tooth,Void Staff,Control Ward,Oracle Lens,Blade of The Ruined King,Kraken Slayer,Hearthbound Axe,Wit's End,Mercury's Treads,No_Item,Oracle Lens,Sorcerer's Shoes,Banshee's Veil,Seraph's Embrace,Void Staff,Rabadon's Deathcap,Dark Seal,Farsight Alteration,Kraken Slayer,Phantom Dancer,Doran's Blade,Berserker's Greaves,Mortal Reminder,Pickaxe,Farsight Alteration,Redemption,Solstice Sleigh,Control Ward,Ionian Boots of Lucidity,Moonstone Renewer,Oblivion Orb,Oracle Lens,Doran's Ring,Sorcerer's Shoes,Malignance,Stormsurge,Shadowflame,Rabadon's Deathcap,Stealth Ward,Spirit Visage,Giant's Belt,Boots of Swiftness,Unending Despair,Thornmail,Heartsteel,Oracle Lens,Stormsurge,Luden's Companion,Needlessly Large Rod,Sorcerer's Shoes,Shadowflame,Void Staff,Farsight Alteration,Doran's Blade,Guinsoo's Rageblade,Wit's End,Berserker's Greaves,Runaan's Hurricane,Hearthbound Axe,Farsight Alteration,Solstice Sleigh,Locket of the Iron Solari,No_Item,Knight's Vow,Mercury's Treads,Giant's Belt,Oracle Lens,Electrocute,Resolve,Press the Attack,Domination,Phase Rush,Precision,Lethal Tempo,Inspiration,Summon Aery,Resolve,Electrocute,Sorcery,Fleet Footwork,Inspiration,Summon Aery,Resolve,Press the Attack,Resolve,Guardian,Inspiration,Ghost,Teleport,Smite,Flash,Teleport,Flash,Flash,Barrier,Flash,Heal,Teleport,Flash,Flash,Smite,Flash,Teleport,Cleanse,Flash,Flash,Heal,1,5,0,0,1,2
https://www.op.gg/summoners/euw/ALBANIAN-iLevi/matches/uRd1PvnOddr2L1CSiAeAdaYJwQgCR5mjDRWM_DJPmGQ%3D/1734005012000,0,12,25,25,12,32,13,75,88,26,42,0,3,0,0,0,6,0,3,39371,51587,12.2,13.4,752,827,32.3,35.5,-12216,12216,1693.6128491620111,2219.105586592179,Karma,Volibear,Yone,Veigar,Rakan,Darius,Elise,Corki,Hwei,Pyke,Doran's Ring,Malignance,Ionian Boots of Lucidity,Horizon Focus,Control Ward,No_Item,Stealth Ward,Spirit Visage,Sundered Sky,Ionian Boots of Lucidity,Sheen,Chain Vest,No_Item,Oracle Lens,Doran's Shield,Blade of The Ruined King,Immortal Shieldbow,No_Item,Berserker's Greaves,No_Item,Farsight Alteration,Needlessly Large Rod,Rod of Ages,Cryptbloom,No_Item,No_Item,Ionian Boots of Lucidity,Farsight Alteration,Celestial Opposition,Mercury's Treads,Locket of the Iron Solari,Control Ward,Kindlegem,Faerie Charm,Oracle Lens,Stridebreaker,Force of Nature,Doran's Shield,Ruby Crystal,Mercury's Treads,No_Item,Stealth Ward,No_Item,No_Item,Stormsurge,Liandry's Torment,Dark Seal,Sorcerer's Shoes,Oracle Lens,Doran's Blade,Trinity Force,Rapid Firecannon,Muramana,Cloak of Agility,Plated Steelcaps,Farsight Alteration,Blackfire Torch,Ionian Boots of Lucidity,Fiendish Codex,Rabadon's Deathcap,Doran's Ring,Fiendish Codex,Farsight Alteration,Bloodsong,Umbral Glaive,No_Item,Serpent's Fang,Ionian Boots of Lucidity,Hexdrinker,Oracle Lens,Summon Aery,Domination,Press the Attack,Sorcery,Fleet Footwork,Resolve,Summon Aery,Inspiration,Guardian,Domination,Conqueror,Sorcery,Dark Harvest,Precision,Conqueror,Inspiration,Arcane Comet,Precision,Hail of Blades,Resolve,Flash,Teleport,Flash,Smite,Flash,Teleport,Flash,Teleport,Ignite,Flash,Ghost,Flash,Smite,Flash,Teleport,Flash,Flash,Teleport,Flash,Ignite,0,1,0,1,5,0
https://www.op.gg/summoners/euw/ALBANIAN-iLevi/matches/uRd1PvnOddpMAsG4zWJ6yKm4LwbLLnbiiOkXMROlsgg%3D/1733935131000,0,28,31,31,28,53,48,74,71,29,32,0,4,0,1,3,11,0,5,54718,66229,14.4,15.8,848,912,27.3,29.4,-11511,11511,1749.8649746192891,2117.983248730964,Renekton,Skarner,Viktor,Sivir,Lulu,Warwick,Karthus,Yone,Ashe,Camille,Doran's Shield,No_Item,Executioner's Calling,Plated Steelcaps,Black Cleaver,Sterak's Gage,Stealth Ward,Sterak's Gage,Heartsteel,Giant's Belt,No_Item,Warden's Mail,Plated Steelcaps,Oracle Lens,Sorcerer's Shoes,Stormsurge,Shadowflame,Blasting Wand,Lich Bane,Control Ward,Farsight Alteration,Mortal Reminder,Essence Reaver,Berserker's Greaves,Infinity Edge,Zeal,Dagger,Farsight Alteration,Dream Maker,Redemption,Control Ward,Moonstone Renewer,Kindlegem,Ionian Boots of Lucidity,Oracle Lens,Doran's Blade,Randuin's Omen,Stridebreaker,Blade of The Ruined King,Spirit Visage,Boots of Swiftness,Stealth Ward,Blackfire Torch,Sorcerer's Shoes,Shadowflame,Rabadon's Deathcap,Oblivion Orb,Amplifying Tome,Oracle Lens,B. F. Sword,Berserker's Greaves,Stridebreaker,Immortal Shieldbow,Cloak of Agility,Blade of The Ruined King,Oracle Lens,Kraken Slayer,Bloodthirster,Statikk Shiv,Berserker's Greaves,Long Sword,Doran's Blade,Farsight Alteration,Bloodsong,Mercury's Treads,Sundered Sky,Eclipse,No_Item,No_Item,Oracle Lens,Conqueror,Resolve,Grasp of the Undying,Inspiration,Summon Aery,Resolve,Lethal Tempo,Sorcery,Summon Aery,Resolve,Lethal Tempo,Resolve,Dark Harvest,Precision,Lethal Tempo,Resolve,Lethal Tempo,Inspiration,Hail of Blades,Resolve,Flash,Teleport,Flash,Smite,Flash,Teleport,Flash,Barrier,Flash,Ignite,Barrier,Flash,Flash,Smite,Teleport,Flash,Flash,Barrier,Flash,Ignite,0,0,0,1,6,4
https://www.op.gg/summoners/euw/ALBANIAN-iLevi/matches/uRd1PvnOddpqUxEm3J9FiLnO5arRNskVVU1rL0FIRH4%3D/1733932146000,1,42,18,18,42,18,61,83,83,42,29,3,1,2,0,10,5,5,1,70578,57921,16.6,14.6,1009,972,33.2,31.900000000000002,12657,-12657,2320.372602739726,1904.2520547945207,Dr. Mundo,Rengar,Vex,Ashe,Rell,Aatrox,Talon,Ryze,Ziggs,Pyke,"Jak'Sho, The Protean",Spirit Visage,Heartsteel,Bramble Vest,Plated Steelcaps,Control Ward,Oracle Lens,No_Item,Profane Hydra,Youmuu's Ghostblade,Ionian Boots of Lucidity,Serpent's Fang,Lord Dominik's Regards,Oracle Lens,Void Staff,Stormsurge,Zhonya's Hourglass,Luden's Companion,Mejai's Soulstealer,Sorcerer's Shoes,Oracle Lens,Doran's Blade,No_Item,Statikk Shiv,Berserker's Greaves,Kraken Slayer,Bloodthirster,Farsight Alteration,Locket of the Iron Solari,Control Ward,Solstice Sleigh,Zeke's Convergence,Ionian Boots of Lucidity,Giant's Belt,Oracle Lens,Pickaxe,Doran's Blade,Eclipse,Mercury's Treads,Sundered Sky,Kindlegem,Stealth Ward,Youmuu's Ghostblade,Eclipse,Edge of Night,Plated Steelcaps,Phage,Kindlegem,Oracle Lens,Seraph's Embrace,Cosmic Drive,Mercury's Treads,Banshee's Veil,Frozen Heart,Needlessly Large Rod,Farsight Alteration,Sorcerer's Shoes,Blackfire Torch,Zhonya's Hourglass,Oblivion Orb,No_Item,Seraph's Embrace,Farsight Alteration,Umbral Glaive,Synchronized Souls,Bloodsong,Serrated Dirk,Edge of Night,Long Sword,Oracle Lens,Grasp of the Undying,Inspiration,Conqueror,Domination,Electrocute,Sorcery,Lethal Tempo,Inspiration,Aftershock,Inspiration,Conqueror,Resolve,Conqueror,Inspiration,Phase Rush,Precision,Arcane Comet,Inspiration,Hail of Blades,Resolve,Flash,Teleport,Flash,Smite,Flash,Teleport,Flash,Barrier,Flash,Ignite,Teleport,Flash,Ignite,Smite,Teleport,Flash,Teleport,Flash,Ignite,Flash,1,6,2,0,0,0
https://www.op.gg/summoners/euw/ALBANIAN-iLevi/matches/uRd1PvnOddqP3rhrum6V_FquFW3oK6-9_Gf6Aovth1A%3D/1733918429000,0,17,31,31,17,65,32,50,55,11,13,0,3,0,1,3,6,0,4,45875,54534,12.8,13.8,794,729,31.599999999999998,29.1,-8659,8659,1827.056277056277,2171.916883116883,Jayce,Jarvan IV,Viktor,Kog'Maw,Yuumi,Renekton,Zac,Sylas,Tristana,Soraka,Youmuu's Ghostblade,Ionian Boots of Lucidity,Muramana,Executioner's Calling,Last Whisper,Doran's Blade,Farsight Alteration,Control Ward,Eclipse,Mercury's Treads,Ruby Crystal,Sundered Sky,Warden's Mail,Oracle Lens,Liandry's Torment,Oblivion Orb,Blackfire Torch,Dark Seal,Boots of Swiftness,Blighting Jewel,Farsight Alteration,Berserker's Greaves,Doran's Blade,Guinsoo's Rageblade,Blade of The Ruined King,Hearthbound Axe,Dagger,Farsight Alteration,Dream Maker,Echoes of Helia,Oblivion Orb,Moonstone Renewer,Control Ward,No_Item,Oracle Lens,Stridebreaker,Refillable Potion,Plated Steelcaps,Doran's Shield,Black Cleaver,Ruby Crystal,Farsight Alteration,Sunfire Aegis,Dark Seal,Ionian Boots of Lucidity,Spirit Visage,Thornmail,Kindlegem,Oracle Lens,Hextech Rocketbelt,Shattered Armguard,No_Item,Dark Seal,Ionian Boots of Lucidity,Cosmic Drive,Oracle Lens,Mortal Reminder,Zeal,Berserker's Greaves,The Collector,Infinity Edge,No_Item,Farsight Alteration,Redemption,Boots of Swiftness,Dream Maker,Moonstone Renewer,Faerie Charm,No_Item,Oracle Lens,Conqueror,Inspiration,Conqueror,Inspiration,Summon Aery,Precision,Lethal Tempo,Inspiration,Arcane Comet,Precision,Press the Attack,Resolve,Aftershock,Precision,Conqueror,Resolve,Press the Attack,Inspiration,Summon Aery,Resolve,Flash,Teleport,Flash,Smite,Flash,Teleport,Flash,Barrier,Heal,Exhaust,Flash,Teleport,Flash,Smite,Flash,Teleport,Flash,Barrier,Heal,Flash,1,4,0,0,2,0
https://www.op.gg/summoners/euw/ALBANIAN-iLevi/matches/uRd1PvnOddooyZb9KPf1vIJKzlOWYcC_mPIMa9XlwO0%3D/1733916088000,0,20,48,48,21,42,30,62,51,17,17,0,3,0,1,1,11,0,4,44817,62695,12.4,14.8,630,835,24.6,32.7,-17878,17878,1768.0100917431191,2473.288990825688,Ambessa,Karthus,Zed,Jinx,Pyke,Viktor,Talon,Vex,Caitlyn,Elise,Doran's Shield,Mercury's Treads,Eclipse,Hexdrinker,Caulfield's Warhammer,No_Item,Stealth Ward,Shadowflame,Dark Seal,Blackfire Torch,Sorcerer's Shoes,No_Item,Needlessly Large Rod,Oracle Lens,Youmuu's Ghostblade,Serylda's Grudge,Voltaic Cyclosword,Ionian Boots of Lucidity,Serrated Dirk,No_Item,Oracle Lens,Berserker's Greaves,Infinity Edge,The Collector,Cloak of Agility,Doran's Blade,Control Ward,Farsight Alteration,Celestial Opposition,Umbral Glaive,No_Item,Synchronized Souls,Serrated Dirk,Tunneler,Oracle Lens,Rabadon's Deathcap,Zhonya's Hourglass,Dark Seal,Sorcerer's Shoes,Blackfire Torch,Doran's Ring,Farsight Alteration,Youmuu's Ghostblade,Serpent's Fang,Slightly Magical Footwear,Edge of Night,Opportunity,Long Sword,Oracle Lens,Doran's Ring,Luden's Companion,Seeker's Armguard,Shadowflame,Dark Seal,Sorcerer's Shoes,Farsight Alteration,B. F. Sword,Vampiric Scepter,Berserker's Greaves,Rapid Firecannon,The Collector,Infinity Edge,Farsight Alteration,Refillable Potion,Zhonya's Hourglass,Bloodsong,Amplifying Tome,Cosmic Drive,Sorcerer's Shoes,Oracle Lens,Grasp of the Undying,Domination,Dark Harvest,Precision,Electrocute,Resolve,Lethal Tempo,Sorcery,Hail of Blades,Resolve,Summon Aery,Precision,Conqueror,Inspiration,Electrocute,Sorcery,Hail of Blades,Sorcery,Dark Harvest,Inspiration,Teleport,Flash,Flash,Smite,Flash,Ignite,Cleanse,Flash,Flash,Ignite,Flash,Teleport,Flash,Smite,Teleport,Flash,Barrier,Flash,Ignite,Flash,1,3,0,0,3,2
https://www.op.gg/summoners/euw/ALBANIAN-iLevi/matches/uRd1PvnOddocyhTjjCImCOYQHj4V7ukUxXBxi0R9xnw%3D/1733843653000,0,24,27,27,24,53,43,73,114,48,26,0,5,0,2,5,7,0,7,60290,70097,15.0,16.4,971,978,29.2,29.2,-9807,9807,1796.3959183673471,2088.6044897959187,Darius,Rek'Sai,Ahri,Ashe,Nami,Jayce,Zac,Galio,Jhin,Pyke,Stridebreaker,Dead Man's Plate,No_Item,Sterak's Gage,Plated Steelcaps,No_Item,Oracle Lens,Mercury's Treads,Titanic Hydra,Black Cleaver,Sterak's Gage,No_Item,No_Item,Oracle Lens,Void Staff,Malignance,No_Item,Shadowflame,Rabadon's Deathcap,Sorcerer's Shoes,Farsight Alteration,Doran's Blade,Berserker's Greaves,Phantom Dancer,Kraken Slayer,Mortal Reminder,No_Item,Farsight Alteration,Shurelya's Battlesong,Dream Maker,Fiendish Codex,Forbidden Idol,Ionian Boots of Lucidity,Imperial Mandate,Oracle Lens,Serylda's Grudge,Hubris,Opportunity,Edge of Night,No_Item,Ionian Boots of Lucidity,Farsight Alteration,Dead Man's Plate,Sunfire Aegis,Dark Seal,Ionian Boots of Lucidity,Spirit Visage,Cloth Armor,Oracle Lens,Doran's Ring,Riftmaker,Hollow Radiance,Plated Steelcaps,Dark Seal,Thornmail,Farsight Alteration,Bloodthirster,Boots of Swiftness,Rapid Firecannon,The Collector,Infinity Edge,Lord Dominik's Regards,Farsight Alteration,Celestial Opposition,Umbral Glaive,Control Ward,Boots of Swiftness,Edge of Night,Null-Magic Mantle,Oracle Lens,Conqueror,Sorcery,Conqueror,Inspiration,Electrocute,Sorcery,Lethal Tempo,Inspiration,Summon Aery,Resolve,Phase Rush,Inspiration,Aftershock,Precision,Aftershock,Inspiration,Dark Harvest,Sorcery,Hail of Blades,Resolve,Flash,Ghost,Smite,Flash,Flash,Teleport,Barrier,Flash,Flash,Heal,Flash,Teleport,Smite,Flash,Flash,Teleport,Barrier,Flash,Flash,Ignite,1,6,0,0,0,1
https://www.op.gg/summoners/euw/ALBANIAN-iLevi/matches/uRd1PvnOddo2nDloCMMp1Rq0TDO70o0AR1ve2iKf_8M%3D/1733839858000,0,10,28,28,10,61,21,67,65,17,27,0,3,0,1,4,6,0,4,46447,56561,12.8,14.4,795,882,29.7,33.0,-10114,10114,1738.9024630541871,2117.5546798029554,Gragas,Jax,Sylas,Corki,Lulu,Aurora,Graves,Galio,Ashe,Rell,Cosmic Drive,Fimbulwinter,Cloth Armor,Cloth Armor,Dark Seal,Ionian Boots of Lucidity,Stealth Ward,Trinity Force,Sundered Sky,No_Item,Mercury's Treads,Amplifying Tome,No_Item,Stealth Ward,Mercury's Treads,Cosmic Drive,Hextech Rocketbelt,Doran's Ring,Dark Seal,Needlessly Large Rod,Oracle Lens,Doran's Blade,Muramana,Trinity Force,Plated Steelcaps,Infinity Edge,No_Item,Farsight Alteration,Dream Maker,Mikael's Blessing,Moonstone Renewer,Ionian Boots of Lucidity,Control Ward,No_Item,Oracle Lens,Boots of Swiftness,Liandry's Torment,Control Ward,Cosmic Drive,Void Staff,Doran's Ring,Oracle Lens,Youmuu's Ghostblade,Immortal Shieldbow,Mercury's Treads,The Collector,Lord Dominik's Regards,Pickaxe,Oracle Lens,Locket of the Iron Solari,Knight's Vow,Boots of Swiftness,Hollow Radiance,Kindlegem,Chain Vest,Stealth Ward,Doran's Blade,B. F. Sword,Kraken Slayer,Cloak of Agility,Berserker's Greaves,Phantom Dancer,Farsight Alteration,Locket of the Iron Solari,Solstice Sleigh,Control Ward,Zeke's Convergence,Ionian Boots of Lucidity,No_Item,Oracle Lens,Phase Rush,Resolve,Press the Attack,Inspiration,Conqueror,Resolve,Conqueror,Inspiration,Summon Aery,Resolve,Electrocute,Sorcery,Dark Harvest,Precision,Aftershock,Inspiration,Lethal Tempo,Inspiration,Aftershock,Inspiration,Teleport,Flash,Flash,Smite,Teleport,Flash,Teleport,Flash,Flash,Heal,Teleport,Flash,Flash,Smite,Flash,Teleport,Barrier,Flash,Flash,Ignite,1,2,0,0,4,1
https://www.op.gg/summoners/euw/ALBANIAN-iLevi/matches/uRd1PvnOddq9bPCzljEf9tNvI-j1X8z9GTArey0ZniU%3D/1733837455000,1,44,34,35,44,35,67,89,107,45,33,2,3,1,0,8,8,3,3,74030,69153,17.0,16.0,1062,1055,31.1,31.0,4877,-4877,2172.619565217391,2029.4902173913042,Singed,Zac,Ekko,Caitlyn,Nautilus,Fiora,Ambessa,Akali,Corki,Pyke,Doran's Ring,Plated Steelcaps,Randuin's Omen,Rylai's Crystal Scepter,Liandry's Torment,Riftmaker,Stealth Ward,Randuin's Omen,Dark Seal,Spirit Visage,Unending Despair,Sunfire Aegis,Ionian Boots of Lucidity,Oracle Lens,Rabadon's Deathcap,Lich Bane,Nashor's Tooth,Sorcerer's Shoes,Dark Seal,Seeker's Armguard,Stealth Ward,Lord Dominik's Regards,Vampiric Scepter,The Collector,Runaan's Hurricane,Infinity Edge,Slightly Magical Footwear,Farsight Alteration,Celestial Opposition,Redemption,Locket of the Iron Solari,Plated Steelcaps,Control Ward,Knight's Vow,Oracle Lens,Steel Sigil,Ravenous Hydra,Mercury's Treads,Trinity Force,Maw of Malmortius,Caulfield's Warhammer,Stealth Ward,Maw of Malmortius,Black Cleaver,Death's Dance,Mercury's Treads,Eclipse,Tunneler,Oracle Lens,Shadowflame,Rabadon's Deathcap,Hextech Rocketbelt,Sorcerer's Shoes,Dark Seal,Blighting Jewel,Oracle Lens,Trinity Force,Rapid Firecannon,Executioner's Calling,Mercury's Treads,Muramana,Last Whisper,Farsight Alteration,Celestial Opposition,Umbral Glaive,Maw of Malmortius,Edge of Night,Boots of Swiftness,Control Ward,Oracle Lens,Phase Rush,Resolve,Aftershock,Inspiration,Arcane Comet,Domination,Hail of Blades,Inspiration,Aftershock,Inspiration,Conqueror,Resolve,Conqueror,Inspiration,Electrocute,Resolve,Conqueror,Inspiration,Hail of Blades,Resolve,Flash,Ghost,Smite,Flash,Teleport,Flash,Flash,Barrier,Flash,Ignite,Flash,Teleport,Flash,Smite,Teleport,Flash,Flash,Barrier,Flash,Ignite,0,5,1,1,1,3
https://www.op.gg/summoners/euw/ALBANIAN-iLevi/matches/uRd1PvnOddpOo0rXiXb4etvTTx0Y84n83jpGDiyp-uY%3D/1733764651000,1,35,23,23,35,27,48,82,85,46,37,2,2,1,0,9,4,3,2,60160,46987,14.2,12.4,796,694,33.7,29.5,13173,-13173,2561.6516129032257,2000.7367741935484,Veigar,Nocturne,Sylas,Draven,Pyke,Jax,Nunu & Willump,Jayce,Taliyah,Rakan,Shurelya's Battlesong,Doran's Ring,Fiendish Codex,Fimbulwinter,Amplifying Tome,Boots of Swiftness,Farsight Alteration,Stridebreaker,Black Cleaver,No_Item,Boots of Swiftness,Experimental Hexplate,No_Item,Farsight Alteration,Doran's Ring,Hextech Rocketbelt,Shattered Armguard,Cosmic Drive,Ionian Boots of Lucidity,Dark Seal,Oracle Lens,Bloodthirster,The Collector,Noonquiver,Infinity Edge,Lord Dominik's Regards,Berserker's Greaves,Farsight Alteration,Celestial Opposition,Umbral Glaive,Control Ward,Hexdrinker,Boots of Swiftness,Edge of Night,Oracle Lens,Doran's Blade,Sundered Sky,Plated Steelcaps,Negatron Cloak,Trinity Force,Dagger,Farsight Alteration,Giant's Belt,Liandry's Torment,Dark Seal,Plated Steelcaps,Bramble Vest,Chain Vest,Oracle Lens,Doran's Blade,Youmuu's Ghostblade,Muramana,No_Item,Ionian Boots of Lucidity,Eclipse,Farsight Alteration,Doran's Ring,Sorcerer's Shoes,Luden's Companion,Shadowflame,Cloth Armor,Amplifying Tome,Oracle Lens,Dark Seal,Ionian Boots of Lucidity,Dream Maker,Redemption,Control Ward,Trailblazer,Oracle Lens,Phase Rush,Inspiration,Conqueror,Domination,Conqueror,Resolve,Lethal Tempo,Domination,Hail of Blades,Resolve,Conqueror,Inspiration,Phase Rush,Precision,Conqueror,Resolve,Arcane Comet,Precision,Guardian,Domination,Flash,Teleport,Smite,Flash,Teleport,Flash,Flash,Barrier,Flash,Ignite,Flash,Teleport,Smite,Flash,Teleport,Flash,Flash,Teleport,Ignite,Flash,0,3,1,1,3,0
https://www.op.gg/summoners/euw/ALBANIAN-iLevi/matches/uRd1PvnOddpWD0iknhNhy2X01j6FxaB53lP_UzJSWio%3D/1733762779000,1,21,10,10,21,11,23,32,32,10,9,0,2,0,0,2,0,0,2,35134,26554,10.4,9.6,551,466,34.800000000000004,29.3,8580,-8580,2224.3107913669064,1681.11654676259,Viktor,Bel'Veth,Heimerdinger,Ashe,Rell,Gragas,Ambessa,Galio,Jhin,Karma,Doran's Ring,Refillable Potion,Fated Ashes,Dark Seal,Sorcerer's Shoes,Blackfire Torch,Farsight Alteration,Mercury's Treads,Stridebreaker,Kraken Slayer,No_Item,No_Item,Control Ward,Eye of the Herald,Liandry's Torment,Amplifying Tome,Sorcerer's Shoes,Ruby Crystal,No_Item,No_Item,Stealth Ward,Cloak of Agility,Berserker's Greaves,Phantom Dancer,Kraken Slayer,No_Item,Doran's Blade,Farsight Alteration,Solstice Sleigh,Refillable Potion,Zeke's Convergence,Ionian Boots of Lucidity,Ruby Crystal,No_Item,Oracle Lens,Archangel's Staff,Control Ward,Fiendish Codex,Boots,Doran's Ring,No_Item,Stealth Ward,Phage,Scorchclaw Pup,Boots,Eclipse,Ruby Crystal,No_Item,Oracle Lens,Doran's Ring,Hollow Radiance,Amplifying Tome,Boots,No_Item,No_Item,Oracle Lens,Pickaxe,No_Item,Refillable Potion,Boots of Swiftness,The Collector,Doran's Blade,Farsight Alteration,Refillable Potion,Dream Maker,Control Ward,Kindlegem,Ionian Boots of Lucidity,Bandleglass Mirror,Oracle Lens,First Strike,Sorcery,Conqueror,Inspiration,Electrocute,Sorcery,Lethal Tempo,Inspiration,Aftershock,Inspiration,Arcane Comet,Inspiration,Conqueror,Domination,Phase Rush,Resolve,Fleet Footwork,Sorcery,Summon Aery,Resolve,Flash,Teleport,Smite,Flash,Teleport,Flash,Flash,Barrier,Flash,Ignite,Teleport,Flash,Flash,Smite,Teleport,Flash,Flash,Barrier,Flash,Ignite,1,6,0,0,0,0
https://www.op.gg/summoners/euw/ALBANIAN-iLevi/matches/uRd1PvnOddrj0WwGZrNEN2INP5quCQQ5uGuTmCrzw-U%3D/1733760828000,1,32,22,22,32,34,58,109,70,37,44,4,0,1,0,8,2,5,0,61089,52669,15.2,14.2,879,847,30.2,29.0,8420,-8420,2105.4946601941747,1815.290776699029,Aurora,Lee Sin,Udyr,Ashe,Pyke,Ambessa,Bel'Veth,Talon,Aurelion Sol,Veigar,No_Item,Zhonya's Hourglass,Luden's Companion,Boots of Swiftness,Liandry's Torment,No_Item,Oracle Lens,Eclipse,Sundered Sky,No_Item,B. F. Sword,Sterak's Gage,Mercury's Treads,Stealth Ward,Doran's Ring,Liandry's Torment,Plated Steelcaps,Unending Despair,Spirit Visage,Ruby Crystal,Stealth Ward,Kraken Slayer,Infinity Edge,Runaan's Hurricane,Giant's Belt,Berserker's Greaves,No_Item,Farsight Alteration,Celestial Opposition,Umbral Glaive,Control Ward,Mercury's Treads,Edge of Night,Null-Magic Mantle,Oracle Lens,Eclipse,Mercury's Treads,Maw of Malmortius,Pickaxe,Tunneler,Ruby Crystal,Farsight Alteration,Boots of Swiftness,Kraken Slayer,Cloth Armor,Hullbreaker,Kaenic Rookern,Ruby Crystal,Oracle Lens,Opportunity,Youmuu's Ghostblade,Tiamat,Synchronized Souls,Serpent's Fang,Last Whisper,Oracle Lens,Doran's Ring,No_Item,Zhonya's Hourglass,Liandry's Torment,Sorcerer's Shoes,Rylai's Crystal Scepter,Farsight Alteration,Bloodsong,Heartsteel,Chain Vest,Bramble Vest,No_Item,Boots of Swiftness,Oracle Lens,Electrocute,Sorcery,Conqueror,Inspiration,Conqueror,Inspiration,Press the Attack,Inspiration,Hail of Blades,Resolve,Conqueror,Resolve,Press the Attack,Domination,Electrocute,Sorcery,Arcane Comet,Precision,Guardian,Inspiration,Flash,Teleport,Flash,Smite,Flash,Ignite,Teleport,Flash,Flash,Ignite,Flash,Teleport,Smite,Flash,Ignite,Flash,Flash,Teleport,Flash,Heal,0,5,1,1,1,0
https://www.op.gg/summoners/euw/ALBANIAN-iLevi/matches/uRd1PvnOddqnVkD8F6pOqcZQ7mXPXYx0wLzqZW9-Ezs%3D/1733745292000,1,42,21,21,42,24,56,51,60,13,16,0,2,1,0,10,4,1,2,55173,48586,14.2,12.6,688,718,28.4,29.599999999999998,6587,-6587,2290.808771929824,2017.3134502923974,Ambessa,Skarner,Sylas,Jinx,Lux,Volibear,Graves,Jayce,Caitlyn,Blitzcrank,Plated Steelcaps,Voltaic Cyclosword,Eclipse,Caulfield's Warhammer,Long Sword,Pickaxe,Stealth Ward,Spirit Visage,Plated Steelcaps,Kindlegem,Unending Despair,Heartsteel,No_Item,Oracle Lens,Rabadon's Deathcap,Hextech Rocketbelt,Dark Seal,Cosmic Drive,Sorcerer's Shoes,Amplifying Tome,Oracle Lens,Phantom Dancer,Yun Tal Wildarrows,Berserker's Greaves,Doran's Blade,B. F. Sword,Pickaxe,Farsight Alteration,Luden's Companion,Dark Seal,Boots of Swiftness,Zaz'Zak's Realmspike,Hextech Alternator,Aether Wisp,Oracle Lens,Cosmic Drive,Hextech Rocketbelt,Dark Seal,Unending Despair,Boots of Swiftness,No_Item,Stealth Ward,Youmuu's Ghostblade,Cloak of Agility,No_Item,Boots of Swiftness,The Collector,Lord Dominik's Regards,Oracle Lens,Doran's Blade,Muramana,Youmuu's Ghostblade,Serylda's Grudge,Boots of Swiftness,Long Sword,Farsight Alteration,Doran's Blade,Infinity Edge,Last Whisper,The Collector,No_Item,Slightly Magical Footwear,Farsight Alteration,Bloodsong,Trailblazer,Control Ward,Boots of Swiftness,Sapphire Crystal,Kindlegem,Oracle Lens,Grasp of the Undying,Domination,Grasp of the Undying,Inspiration,Electrocute,Resolve,Lethal Tempo,Sorcery,Arcane Comet,Precision,Lethal Tempo,Inspiration,Dark Harvest,Precision,Conqueror,Resolve,Hail of Blades,Inspiration,Glacial Augment,Sorcery,Teleport,Flash,Flash,Smite,Flash,Teleport,Flash,Ghost,Flash,Heal,Teleport,Flash,Smite,Flash,Teleport,Flash,Flash,Barrier,Flash,Ignite,0,3,2,0,3,0
https://www.op.gg/summoners/euw/ALBANIAN-iLevi/matches/uRd1PvnOddp-mQpW-ALwZE2Ez5RP9tlVI8_hS1JWHnA%3D/1733740903000,0,30,38,38,30,52,39,61,60,19,33,1,3,0,1,3,10,1,4,55892,62890,14.0,15.0,804,865,28.3,30.400000000000002,-6998,6998,1972.6588235294118,2219.6470588235293,K'Sante,Viego,Sylas,Draven,Neeko,Gwen,Graves,Galio,Aphelios,Tahm Kench,Boots of Swiftness,Force of Nature,Iceborn Gauntlet,"Jak'Sho, The Protean",Cloth Armor,Cloth Armor,Oracle Lens,Sundered Sky,Kraken Slayer,Plated Steelcaps,Wit's End,Steel Sigil,Caulfield's Warhammer,Oracle Lens,Hextech Rocketbelt,Dark Seal,Zhonya's Hourglass,Lich Bane,Sorcerer's Shoes,No_Item,Stealth Ward,The Collector,Doran's Blade,Berserker's Greaves,Infinity Edge,Last Whisper,Cloak of Agility,Farsight Alteration,Hextech Rocketbelt,Seeker's Armguard,Solstice Sleigh,Sorcerer's Shoes,Needlessly Large Rod,Control Ward,Oracle Lens,Nashor's Tooth,Riftmaker,Ionian Boots of Lucidity,Rabadon's Deathcap,No_Item,Doran's Ring,Stealth Ward,Plated Steelcaps,Youmuu's Ghostblade,Mortal Reminder,Noonquiver,The Collector,No_Item,Oracle Lens,Doran's Ring,Hollow Radiance,Liandry's Torment,Plated Steelcaps,Riftmaker,Dark Seal,Stealth Ward,Boots of Swiftness,The Collector,Lord Dominik's Regards,Infinity Edge,Doran's Blade,Zeal,Farsight Alteration,Solstice Sleigh,Control Ward,Knight's Vow,Kindlegem,Boots,Heartsteel,Oracle Lens,Grasp of the Undying,Inspiration,Conqueror,Inspiration,Conqueror,Inspiration,Lethal Tempo,Sorcery,Electrocute,Sorcery,Conqueror,Resolve,Dark Harvest,Precision,Aftershock,Sorcery,Press the Attack,Sorcery,Guardian,Inspiration,Flash,Teleport,Flash,Smite,Flash,Teleport,Flash,Barrier,Exhaust,Flash,Flash,Teleport,Flash,Smite,Flash,Teleport,Barrier,Flash,Flash,Exhaust,1,4,0,0,0,2
https://www.op.gg/summoners/euw/ALBANIAN-iLevi/matches/uRd1PvnOddqp_EMuugBKoXv9EvlCttLTzwGIrZ_-XrM%3D/1733737855000,1,24,22,22,24,42,56,78,85,40,24,2,2,1,1,10,2,3,3,65616,58331,15.4,15.4,955,976,31.8,32.5,7285,-7285,2198.4742268041236,1954.389175257732,Nautilus,Viego,Syndra,Nilah,Senna,Malphite,Graves,Orianna,Tristana,Rell,Warden's Mail,Unending Despair,Plated Steelcaps,Hollow Radiance,Fimbulwinter,No_Item,Farsight Alteration,Steel Sigil,Titanic Hydra,Plated Steelcaps,Sterak's Gage,No_Item,Kraken Slayer,Oracle Lens,Blackfire Torch,Cosmic Drive,Banshee's Veil,Sorcerer's Shoes,Dark Seal,No_Item,Stealth Ward,The Collector,Infinity Edge,Immortal Shieldbow,Berserker's Greaves,Lord Dominik's Regards,B. F. Sword,Farsight Alteration,Dream Maker,Echoes of Helia,Boots of Swiftness,Moonstone Renewer,Black Cleaver,Control Ward,Oracle Lens,Doran's Ring,Thornmail,Frozen Heart,Plated Steelcaps,Hollow Radiance,Ruby Crystal,Farsight Alteration,Youmuu's Ghostblade,Plated Steelcaps,No_Item,The Collector,Immortal Shieldbow,Lord Dominik's Regards,Oracle Lens,Cryptbloom,No_Item,Luden's Companion,Shadowflame,Sorcerer's Shoes,Doran's Ring,Farsight Alteration,Last Whisper,Berserker's Greaves,The Collector,Navori Flickerblade,Infinity Edge,Vampiric Scepter,Farsight Alteration,Celestial Opposition,No_Item,Locket of the Iron Solari,Plated Steelcaps,Winged Moonplate,Chain Vest,Oracle Lens,Aftershock,Inspiration,Conqueror,Inspiration,First Strike,Sorcery,Conqueror,Domination,Summon Aery,Resolve,Arcane Comet,Resolve,Dark Harvest,Precision,Arcane Comet,Precision,Hail of Blades,Precision,Aftershock,Inspiration,Flash,Teleport,Flash,Smite,Flash,Teleport,Teleport,Flash,Flash,Heal,Flash,Teleport,Flash,Smite,Flash,Teleport,Flash,Barrier,Ignite,Flash,0,3,3,1,3,0
https://www.op.gg/summoners/euw/ALBANIAN-iLevi/matches/uRd1PvnOddrkWD-UpaBC31ADaQpJzbHWT-SRcLwbo-Q%3D/1733686657000,1,27,16,16,27,28,40,53,52,19,13,3,0,0,0,10,0,3,0,52646,39696,12.6,11.8,757,674,32.0,28.5,12950,-12950,2213.831794871795,1669.2676923076922,Renekton,Viego,Ahri,Corki,Rell,Ambessa,Karthus,Sylas,Varus,Lux,Mercury's Treads,Eclipse,Sterak's Gage,No_Item,Cloth Armor,Spear of Shojin,Oracle Lens,Titanic Hydra,Mercury's Treads,Tunneler,Ruby Crystal,Control Ward,Kraken Slayer,Oracle Lens,Needlessly Large Rod,Needlessly Large Rod,Ionian Boots of Lucidity,Malignance,Shadowflame,Doran's Ring,Oracle Lens,Trinity Force,Muramana,Doran's Blade,Mercury's Treads,Pickaxe,Serrated Dirk,Farsight Alteration,Locket of the Iron Solari,Celestial Opposition,Control Ward,Ionian Boots of Lucidity,Zeke's Convergence,Giant's Belt,Oracle Lens,Long Sword,Doran's Shield,Black Cleaver,Plated Steelcaps,Caulfield's Warhammer,Pickaxe,Stealth Ward,Dark Seal,Blackfire Torch,Sorcerer's Shoes,Void Staff,Oblivion Orb,No_Item,Oracle Lens,Doran's Shield,Cosmic Drive,Amplifying Tome,Hextech Rocketbelt,Dark Seal,Sorcerer's Shoes,Oracle Lens,Doran's Blade,Berserker's Greaves,Blade of The Ruined King,Pickaxe,Recurve Bow,Amplifying Tome,Farsight Alteration,Plated Steelcaps,Locket of the Iron Solari,Celestial Opposition,Kindlegem,Forbidden Idol,Control Ward,Oracle Lens,Conqueror,Resolve,Conqueror,Inspiration,Electrocute,Sorcery,Conqueror,Inspiration,Aftershock,Inspiration,Grasp of the Undying,Domination,Dark Harvest,Precision,Conqueror,Resolve,Lethal Tempo,Inspiration,Aftershock,Domination,Teleport,Flash,Flash,Smite,Flash,Teleport,Flash,Barrier,Flash,Ignite,Teleport,Flash,Flash,Smite,Flash,Teleport,Flash,Barrier,Flash,Heal,1,5,2,0,1,0
https://www.op.gg/summoners/euw/ALBANIAN-iLevi/matches/uRd1PvnOddpK7AbBQhsUNC39h6qhVph31Qn7uA_Ln5o%3D/1733673852000,1,23,18,18,23,25,19,44,40,11,16,0,1,0,0,4,3,0,1,39935,37184,11.2,10.8,610,564,31.8,29.5,2751,-2751,2087.5113636363635,1943.709090909091,Ambessa,Viego,LeBlanc,Jinx,Rek'Sai,Yone,Elise,Akshan,Ashe,Seraphine,Plated Steelcaps,Doran's Blade,Eclipse,Spear of Shojin,Pickaxe,Control Ward,Oracle Lens,Kraken Slayer,Plated Steelcaps,Titanic Hydra,Tunneler,Ruby Crystal,No_Item,Stealth Ward,Needlessly Large Rod,Luden's Companion,Shadowflame,No_Item,Dark Seal,Sorcerer's Shoes,Oracle Lens,Doran's Blade,Berserker's Greaves,Zeal,Yun Tal Wildarrows,No_Item,No_Item,Farsight Alteration,Bloodsong,Edge of Night,Control Ward,Slightly Magical Footwear,Serrated Dirk,Pickaxe,Oracle Lens,Blade of The Ruined King,Refillable Potion,Phage,Dagger,Long Sword,Berserker's Greaves,Stealth Ward,Stormsurge,Amplifying Tome,Needlessly Large Rod,Gustwalker Hatchling,Sorcerer's Shoes,Dark Seal,Oracle Lens,Infinity Edge,Control Ward,The Collector,Slightly Magical Footwear,Doran's Blade,No_Item,Farsight Alteration,Doran's Blade,Berserker's Greaves,Runaan's Hurricane,Kraken Slayer,Noonquiver,No_Item,Farsight Alteration,Solstice Sleigh,Echoes of Helia,Kindlegem,No_Item,Boots,Moonstone Renewer,Oracle Lens,Electrocute,Resolve,Conqueror,Inspiration,Electrocute,Sorcery,Lethal Tempo,Sorcery,Hail of Blades,Inspiration,Lethal Tempo,Resolve,Dark Harvest,Precision,Press the Attack,Inspiration,Lethal Tempo,Inspiration,Summon Aery,Resolve,Flash,Teleport,Smite,Flash,Teleport,Flash,Flash,Barrier,Ignite,Flash,Teleport,Flash,Flash,Smite,Flash,Teleport,Barrier,Flash,Flash,Heal,0,6,0,1,0,0
https://www.op.gg/summoners/euw/ALBANIAN-iLevi/matches/uRd1PvnOddoRfKcxzWAc4cWE85KEEXUSD4IXzV4VgqM%3D/1733671293000,0,31,37,37,31,85,75,86,59,13,31,3,0,0,2,4,9,3,2,57278,66177,13.6,14.8,774,791,25.4,25.900000000000002,-8899,8899,1865.6262857142858,2155.479428571429,Ambessa,Viego,Malphite,Draven,Rell,Jax,Ivern,Zed,Aphelios,Braum,Eclipse,Phage,Serpent's Fang,Plated Steelcaps,Kindlegem,Pickaxe,Stealth Ward,Titanic Hydra,Kraken Slayer,Sundered Sky,Plated Steelcaps,Sterak's Gage,Serrated Dirk,Oracle Lens,Frozen Heart,Sunfire Aegis,Plated Steelcaps,Thornmail,No_Item,No_Item,Oracle Lens,Doran's Blade,Infinity Edge,Lord Dominik's Regards,Plated Steelcaps,The Collector,No_Item,Farsight Alteration,Solstice Sleigh,Control Ward,Knight's Vow,Ionian Boots of Lucidity,Trailblazer,Ruby Crystal,Oracle Lens,Plated Steelcaps,Frozen Heart,Trinity Force,Sundered Sky,Sterak's Gage,Ruby Crystal,Stealth Ward,Redemption,Forbidden Idol,Ionian Boots of Lucidity,Moonstone Renewer,Dawncore,Forbidden Idol,Oracle Lens,Eclipse,Serylda's Grudge,Ionian Boots of Lucidity,Voltaic Cyclosword,Caulfield's Warhammer,Spear of Shojin,Oracle Lens,Doran's Blade,Infinity Edge,Lord Dominik's Regards,Berserker's Greaves,Dagger,The Collector,Farsight Alteration,Solstice Sleigh,Locket of the Iron Solari,Frozen Heart,Knight's Vow,Plated Steelcaps,Control Ward,Oracle Lens,Grasp of the Undying,Domination,Conqueror,Inspiration,Arcane Comet,Resolve,Lethal Tempo,Inspiration,Aftershock,Inspiration,Grasp of the Undying,Sorcery,Glacial Augment,Resolve,Conqueror,Sorcery,Conqueror,Sorcery,Guardian,Precision,Teleport,Flash,Smite,Flash,Teleport,Flash,Flash,Cleanse,Flash,Ignite,Flash,Teleport,Flash,Smite,Flash,Teleport,Flash,Cleanse,Flash,Ignite,1,3,0,0,1,1
https://www.op.gg/summoners/euw/ALBANIAN-iLevi/matches/uRd1PvnOddr6fhV3n0ctE8ioUpzh6IotthLZKpUB_Ls%3D/1733668226000,0,8,20,20,8,31,10,34,41,7,10,1,1,0,0,1,8,1,1,31328,42366,10.6,11.8,571,650,30.3,34.5,-11038,11038,1665.539240506329,2252.3696202531646,Garen,Rek'Sai,Orianna,Ziggs,Pyke,Fiora,Taliyah,LeBlanc,Jinx,Tahm Kench,Stridebreaker,Refillable Potion,Phantom Dancer,Doran's Shield,Boots,No_Item,Stealth Ward,Scorchclaw Pup,Titanic Hydra,Mercury's Treads,Long Sword,Ruby Crystal,No_Item,Oracle Lens,Doran's Ring,Refillable Potion,Seraph's Embrace,Boots,Dark Seal,Amplifying Tome,Farsight Alteration,Doran's Ring,Tear of the Goddess,Luden's Companion,Sorcerer's Shoes,Fiendish Codex,Dark Seal,Farsight Alteration,Celestial Opposition,Youmuu's Ghostblade,Long Sword,No_Item,No_Item,Boots,Oracle Lens,Ravenous Hydra,Boots,Trinity Force,Long Sword,Control Ward,No_Item,Oracle Lens,No_Item,Sorcerer's Shoes,Blackfire Torch,Hextech Alternator,Dark Seal,No_Item,Oracle Lens,Needlessly Large Rod,Luden's Companion,Sorcerer's Shoes,Needlessly Large Rod,Dark Seal,Hextech Alternator,Oracle Lens,Berserker's Greaves,The Collector,B. F. Sword,Pickaxe,Cloak of Agility,Doran's Blade,Farsight Alteration,Solstice Sleigh,Heartsteel,No_Item,Boots,Null-Magic Mantle,Ruby Crystal,Oracle Lens,Phase Rush,Resolve,Conqueror,Inspiration,Summon Aery,Resolve,Arcane Comet,Precision,Hail of Blades,Sorcery,Grasp of the Undying,Sorcery,Dark Harvest,Sorcery,Electrocute,Sorcery,Lethal Tempo,Sorcery,Guardian,Inspiration,Flash,Ignite,Smite,Flash,Teleport,Flash,Teleport,Flash,Ignite,Flash,Flash,Teleport,Flash,Smite,Flash,Teleport,Barrier,Flash,Flash,Heal,0,1,0,1,5,1
https://www.op.gg/summoners/euw/ALBANIAN-iLevi/matches/uRd1PvnOddona19cLg1v7UfEesc2tBINBCLyon7-SMM%3D/1733666210000,0,32,39,39,33,62,44,117,105,43,41,0,4,0,1,3,9,0,5,57585,69760,13.8,15.6,756,918,24.8,30.1,-12175,12175,1879.5104166666667,2276.888888888889,Zilean,Poppy,Syndra,Samira,Pyke,Jayce,Xin Zhao,Taliyah,Caitlyn,Maokai,Doran's Ring,Seraph's Embrace,Ionian Boots of Lucidity,Cosmic Drive,Glacial Buckler,Cloth Armor,Stealth Ward,Dead Man's Plate,Randuin's Omen,Eclipse,No_Item,No_Item,Plated Steelcaps,Oracle Lens,Void Staff,Rabadon's Deathcap,Amplifying Tome,Sorcerer's Shoes,Mejai's Soulstealer,Luden's Companion,Farsight Alteration,Immortal Shieldbow,The Collector,Lord Dominik's Regards,Plated Steelcaps,Infinity Edge,Long Sword,Farsight Alteration,Youmuu's Ghostblade,Control Ward,Bloodsong,Umbral Glaive,Mercury's Treads,Warden's Mail,Oracle Lens,Muramana,Eclipse,Caulfield's Warhammer,Mercury's Treads,Youmuu's Ghostblade,Pickaxe,Farsight Alteration,Sundered Sky,Titanic Hydra,Death's Dance,Plated Steelcaps,Negatron Cloak,No_Item,Oracle Lens,Seraph's Embrace,Mercury's Treads,Banshee's Veil,Shadowflame,Needlessly Large Rod,Doran's Ring,Farsight Alteration,The Collector,Infinity Edge,Vampiric Scepter,Lord Dominik's Regards,Plated Steelcaps,Rapid Firecannon,Farsight Alteration,Locket of the Iron Solari,Celestial Opposition,No_Item,Trailblazer,Abyssal Mask,Boots of Swiftness,Oracle Lens,Summon Aery,Inspiration,Electrocute,Precision,Summon Aery,Inspiration,Conqueror,Domination,Hail of Blades,Resolve,Phase Rush,Inspiration,Conqueror,Inspiration,Electrocute,Sorcery,Hail of Blades,Inspiration,Aftershock,Domination,Teleport,Flash,Smite,Flash,Flash,Teleport,Flash,Barrier,Flash,Ignite,Teleport,Flash,Flash,Smite,Flash,Teleport,Flash,Barrier,Flash,Ignite,1,0,0,0,3,1
https://www.op.gg/summoners/euw/ALBANIAN-iLevi/matches/uRd1PvnOddqoXP8kFh8TGwZuz4bw14GZvz2RnZMq4mg%3D/1733659525000,1,43,37,37,43,76,77,112,85,48,47,4,1,1,0,7,6,5,1,71238,65453,16.0,15.4,901,987,27.0,29.5,5785,-5785,2137.1400000000003,1963.5900000000004,Karma,Rek'Sai,Gragas,Samira,Pyke,Vladimir,Skarner,Yone,Jinx,Rell,Seraph's Embrace,Echoes of Helia,Control Ward,Ionian Boots of Lucidity,Moonstone Renewer,Dawncore,Oracle Lens,Plated Steelcaps,Titanic Hydra,Black Cleaver,Sterak's Gage,Caulfield's Warhammer,Pickaxe,Oracle Lens,Doran's Ring,Cosmic Drive,Blighting Jewel,Fimbulwinter,Zhonya's Hourglass,Ionian Boots of Lucidity,Farsight Alteration,Mercury's Treads,The Collector,Doran's Blade,Infinity Edge,Lord Dominik's Regards,Bloodthirster,Farsight Alteration,Bloodsong,Umbral Glaive,Maw of Malmortius,Edge of Night,Ionian Boots of Lucidity,Control Ward,Oracle Lens,Cosmic Drive,Sorcerer's Shoes,Dark Seal,Stormsurge,Rabadon's Deathcap,Blighting Jewel,Farsight Alteration,Unending Despair,Heartsteel,Spirit Visage,Plated Steelcaps,Tunneler,Ruby Crystal,Oracle Lens,Caulfield's Warhammer,Blade of The Ruined King,Stridebreaker,Berserker's Greaves,Immortal Shieldbow,Steel Sigil,Farsight Alteration,Berserker's Greaves,Yun Tal Wildarrows,Infinity Edge,Bloodthirster,Phantom Dancer,Doran's Blade,Farsight Alteration,Solstice Sleigh,Locket of the Iron Solari,Control Ward,Knight's Vow,Plated Steelcaps,Kindlegem,Oracle Lens,Summon Aery,Resolve,Conqueror,Inspiration,Phase Rush,Inspiration,Conqueror,Sorcery,Hail of Blades,Resolve,Summon Aery,Precision,Grasp of the Undying,Inspiration,Lethal Tempo,Resolve,Lethal Tempo,Sorcery,Aftershock,Inspiration,Flash,Teleport,Smite,Flash,Flash,Teleport,Flash,Barrier,Flash,Ignite,Flash,Ghost,Flash,Smite,Teleport,Flash,Barrier,Flash,Ignite,Flash,1,4,1,0,2,1
https://www.op.gg/summoners/euw/ALBANIAN-iLevi/matches/uRd1PvnOddqxW3cp8vAC7lSLTzS4ZtPABW16FMvbk-E%3D/1733656403000,1,26,18,18,26,42,58,80,88,37,34,3,2,0,1,8,4,3,3,61917,57834,15.2,14.0,1014,919,32.1,29.0,4083,-4083,1957.146551724138,1828.0862068965516,Ambessa,Wukong,Sylas,Jhin,Janna,Cho'Gath,Viego,Diana,Ashe,Rell,Death's Dance,Eclipse,Ruby Crystal,Mercury's Treads,Long Sword,Spear of Shojin,Stealth Ward,Sundered Sky,Trinity Force,Black Cleaver,No_Item,No_Item,Slightly Magical Footwear,Oracle Lens,Zhonya's Hourglass,Hextech Rocketbelt,Dark Seal,Rabadon's Deathcap,Sorcerer's Shoes,Cosmic Drive,Farsight Alteration,The Collector,Rapid Firecannon,Lord Dominik's Regards,Doran's Blade,No_Item,Boots of Swiftness,Farsight Alteration,Dream Maker,Echoes of Helia,Moonstone Renewer,Kindlegem,Boots of Swiftness,No_Item,Oracle Lens,Boots of Swiftness,Warmog's Armor,No_Item,Iceborn Gauntlet,Negatron Cloak,Bramble Vest,Oracle Lens,Titanic Hydra,Kraken Slayer,Control Ward,Sterak's Gage,Steel Sigil,Plated Steelcaps,Oracle Lens,Zhonya's Hourglass,Sorcerer's Shoes,Shadowflame,Stormsurge,No_Item,No_Item,Farsight Alteration,Berserker's Greaves,Kraken Slayer,No_Item,Phantom Dancer,Mortal Reminder,Infinity Edge,Farsight Alteration,Solstice Sleigh,Knight's Vow,No_Item,Ionian Boots of Lucidity,Trailblazer,Kindlegem,Oracle Lens,Grasp of the Undying,Domination,Conqueror,Inspiration,Conqueror,Resolve,Fleet Footwork,Sorcery,Summon Aery,Resolve,Grasp of the Undying,Inspiration,Conqueror,Inspiration,Electrocute,Sorcery,Lethal Tempo,Inspiration,Glacial Augment,Sorcery,Flash,Teleport,Flash,Smite,Flash,Teleport,Flash,Cleanse,Heal,Flash,Teleport,Flash,Flash,Smite,Flash,Teleport,Barrier,Flash,Flash,Ignite,0,3,1,1,3,0
https://www.op.gg/summoners/euw/ALBANIAN-iLevi/matches/uRd1PvnOddqgOp1KlfKZRvXYTNoHk6Vu3ycKq4jacCQ%3D/1733605234000,0,27,39,39,27,70,29,69,63,13,21,2,2,0,1,2,9,2,3,51630,61178,13.4,15.0,773,854,28.2,31.0,-9548,9548,1892.0310559006211,2241.926708074534,K'Sante,Kindred,Zoe,Corki,Sylas,Jayce,Viego,Aurora,Ashe,Janna,Plated Steelcaps,Iceborn Gauntlet,"Jak'Sho, The Protean",Cloth Armor,No_Item,No_Item,Oracle Lens,Infinity Edge,Immortal Shieldbow,Cloak of Agility,Boots,Kraken Slayer,No_Item,Farsight Alteration,Ionian Boots of Lucidity,Luden's Companion,Horizon Focus,Needlessly Large Rod,Dark Seal,Needlessly Large Rod,Farsight Alteration,No_Item,Muramana,Noonquiver,Trinity Force,The Collector,Plated Steelcaps,Farsight Alteration,Hextech Rocketbelt,Celestial Opposition,No_Item,Ionian Boots of Lucidity,Shattered Armguard,No_Item,Oracle Lens,Doran's Blade,Eclipse,Edge of Night,Ionian Boots of Lucidity,Serylda's Grudge,Hubris,Farsight Alteration,Kraken Slayer,Plated Steelcaps,Titanic Hydra,Sterak's Gage,Wit's End,Vampiric Scepter,Oracle Lens,Luden's Companion,Shadowflame,Sorcerer's Shoes,Dark Seal,Doran's Ring,Needlessly Large Rod,Farsight Alteration,Doran's Blade,Infinity Edge,No_Item,Runaan's Hurricane,Berserker's Greaves,Kraken Slayer,Farsight Alteration,Celestial Opposition,Boots of Swiftness,Moonstone Renewer,Kindlegem,Control Ward,Echoes of Helia,Oracle Lens,Grasp of the Undying,Inspiration,Press the Attack,Domination,Summon Aery,Precision,Conqueror,Inspiration,Electrocute,Sorcery,Phase Rush,Inspiration,Conqueror,Inspiration,Electrocute,Sorcery,Lethal Tempo,Inspiration,Summon Aery,Resolve,Flash,Teleport,Smite,Flash,Teleport,Flash,Flash,Barrier,Flash,Ignite,Teleport,Flash,Smite,Flash,Flash,Teleport,Flash,Barrier,Heal,Flash,1,5,0,0,1,1
https://www.op.gg/summoners/euw/ALBANIAN-iLevi/matches/uRd1PvnOddqU2lQzrMr_h9iFrl9CFAipZ5WoAvrS7OA%3D/1733595645000,1,16,5,5,16,7,17,30,30,15,6,1,0,0,0,5,0,1,0,35128,23139,10.0,8.4,565,428,37.0,28.0,11989,-11989,2289.8251851851855,1508.3200000000002,Renekton,Nidalee,Yone,Corki,Rell,Jax,Lee Sin,Ahri,Caitlyn,Lux,Black Cleaver,Long Sword,Long Sword,Doran's Shield,Plated Steelcaps,No_Item,Farsight Alteration,No_Item,Hextech Rocketbelt,Needlessly Large Rod,Hextech Alternator,Dark Seal,Sorcerer's Shoes,Oracle Lens,Control Ward,Blade of The Ruined King,Berserker's Greaves,Noonquiver,Pickaxe,Doran's Blade,Oracle Lens,Trinity Force,Manamune,Boots,No_Item,No_Item,Doran's Blade,Farsight Alteration,Bloodsong,No_Item,Crystalline Bracer,Winged Moonplate,Giant's Belt,Ionian Boots of Lucidity,Oracle Lens,Doran's Shield,Refillable Potion,Trinity Force,No_Item,No_Item,Boots,Stealth Ward,Scorchclaw Pup,Eclipse,Control Ward,Long Sword,Slightly Magical Footwear,No_Item,Stealth Ward,Doran's Ring,Dark Seal,No_Item,Amplifying Tome,Boots,Malignance,Oracle Lens,Doran's Blade,The Collector,Boots,No_Item,No_Item,No_Item,Stealth Ward,No_Item,Boots,Shurelya's Battlesong,Dream Maker,No_Item,Dark Seal,Oracle Lens,Conqueror,Resolve,Dark Harvest,Precision,Fleet Footwork,Resolve,Conqueror,Inspiration,Glacial Augment,Resolve,Grasp of the Undying,Inspiration,Conqueror,Inspiration,Electrocute,Sorcery,Hail of Blades,Sorcery,Arcane Comet,Domination,Teleport,Flash,Smite,Flash,Teleport,Flash,Flash,Barrier,Flash,Ignite,Teleport,Flash,Smite,Flash,Flash,Teleport,Flash,Barrier,Flash,Heal,1,6,0,0,0,0
https://www.op.gg/summoners/euw/ALBANIAN-iLevi/matches/uRd1PvnOddpJNvxaXoJiCHl104CnyXIrtd5JYUsMaFI%3D/1733593561000,1,16,9,9,16,11,24,33,29,6,5,1,1,0,0,2,0,1,1,31345,24295,9.8,8.6,491,381,31.7,24.5,7050,-7050,2012.9816513761468,1560.2293577981652,Akali,Viego,Yasuo,Varus,Rakan,Akshan,Nidalee,Sylas,Olaf,Lulu,Doran's Shield,Dark Seal,Stormsurge,Refillable Potion,Sorcerer's Shoes,Kindlegem,Stealth Ward,Gustwalker Hatchling,No_Item,Plated Steelcaps,Tunneler,Kraken Slayer,Executioner's Calling,Oracle Lens,Blade of The Ruined King,Refillable Potion,Long Sword,Doran's Shield,Berserker's Greaves,Dagger,Stealth Ward,Doran's Blade,Berserker's Greaves,Blade of The Ruined King,Pickaxe,Recurve Bow,Amplifying Tome,Stealth Ward,Locket of the Iron Solari,Refillable Potion,Bounty of Worlds,No_Item,No_Item,Boots,Oracle Lens,Boots,Refillable Potion,No_Item,Doran's Blade,No_Item,Statikk Shiv,Stealth Ward,Scorchclaw Pup,Fated Ashes,Dark Seal,Ionian Boots of Lucidity,Haunting Guise,No_Item,Oracle Lens,Refillable Potion,Dark Seal,Doran's Ring,Hextech Alternator,Boots,Kindlegem,Stealth Ward,Hexdrinker,Steel Sigil,Long Sword,Doran's Blade,Slightly Magical Footwear,Ravenous Hydra,Stealth Ward,Dream Maker,No_Item,Ruby Crystal,Boots,Moonstone Renewer,No_Item,Oracle Lens,Conqueror,Resolve,Conqueror,Inspiration,Lethal Tempo,Resolve,Lethal Tempo,Resolve,Guardian,Domination,Grasp of the Undying,Precision,Conqueror,Sorcery,Conqueror,Resolve,Conqueror,Inspiration,Summon Aery,Resolve,Ignite,Teleport,Flash,Smite,Teleport,Flash,Barrier,Flash,Flash,Ignite,Flash,Teleport,Flash,Smite,Flash,Teleport,Flash,Ghost,Flash,Heal,0,6,0,0,0,0
https://www.op.gg/summoners/euw/ALBANIAN-iLevi/matches/uRd1PvnOddqeUpaOwOysEHw3vMmLEosWm53je9_m4vM%3D/1733591161000,1,32,15,15,32,29,57,44,33,14,6,0,1,0,0,9,1,0,1,47755,37000,12.0,10.8,629,537,31.2,26.6,10755,-10755,2360.921348314607,1829.2134831460676,Ambessa,Nidalee,Akshan,Ashe,Alistar,Shen,Sejuani,Syndra,Draven,Maokai,Mercury's Treads,Eclipse,Voltaic Cyclosword,Long Sword,Kindlegem,Doran's Shield,Stealth Ward,Mejai's Soulstealer,Hextech Rocketbelt,Amplifying Tome,Sorcerer's Shoes,No_Item,No_Item,Oracle Lens,Mercury's Treads,Refillable Potion,Doran's Blade,Infinity Edge,Statikk Shiv,Cloak of Agility,Stealth Ward,Doran's Blade,Berserker's Greaves,Control Ward,Executioner's Calling,Phantom Dancer,Kraken Slayer,Oracle Lens,Locket of the Iron Solari,Solstice Sleigh,Ruby Crystal,Mercury's Treads,Null-Magic Mantle,No_Item,Oracle Lens,Refillable Potion,Plated Steelcaps,Doran's Shield,Hollow Radiance,Dead Man's Plate,Kindlegem,Stealth Ward,Control Ward,Plated Steelcaps,Bramble Vest,Ruby Crystal,Heartsteel,Cloth Armor,Oracle Lens,Doran's Ring,Blackfire Torch,Sorcerer's Shoes,Dark Seal,Aether Wisp,Fiendish Codex,Farsight Alteration,Doran's Blade,The Collector,Berserker's Greaves,Bloodthirster,Cloak of Agility,Serrated Dirk,Farsight Alteration,Celestial Opposition,Trailblazer,No_Item,Boots of Swiftness,No_Item,No_Item,Oracle Lens,Conqueror,Resolve,Conqueror,Sorcery,Press the Attack,Inspiration,Lethal Tempo,Inspiration,Aftershock,Inspiration,Grasp of the Undying,Domination,Aftershock,Domination,Summon Aery,Inspiration,Lethal Tempo,Domination,Aftershock,Domination,Flash,Teleport,Smite,Flash,Flash,Teleport,Cleanse,Flash,Flash,Ignite,Flash,Ignite,Flash,Smite,Flash,Teleport,Flash,Barrier,Flash,Ignite,1,6,2,0,0,0
https://www.op.gg/summoners/euw/ALBANIAN-iLevi/matches/uRd1PvnOddqnQUwwmGhoalDIuEZmQJJpenMMvz8lPNE%3D/1733583577000,0,17,34,34,17,62,32,69,71,23,21,0,4,0,1,4,11,0,5,50493,62256,13.6,15.4,806,952,29.6,35.0,-11763,11763,1857.9675324675325,2290.805194805195,Rumble,Kindred,Talon,Seraphine,Nautilus,Anivia,Rengar,Orianna,Smolder,Rell,Doran's Ring,Hextech Rocketbelt,Needlessly Large Rod,Sorcerer's Shoes,Shadowflame,Needlessly Large Rod,Stealth Ward,The Collector,Trinity Force,Control Ward,Boots,Infinity Edge,No_Item,Oracle Lens,Youmuu's Ghostblade,Serylda's Grudge,Synchronized Souls,Serpent's Fang,Serrated Dirk,No_Item,Oracle Lens,Shurelya's Battlesong,Cloth Armor,Seraph's Embrace,Ruby Crystal,Ionian Boots of Lucidity,Moonstone Renewer,Farsight Alteration,Locket of the Iron Solari,Bloodsong,Control Ward,Knight's Vow,Boots of Swiftness,No_Item,Oracle Lens,Rod of Ages,No_Item,Seraph's Embrace,Fated Ashes,Haunting Guise,Sorcerer's Shoes,Farsight Alteration,Control Ward,Profane Hydra,Youmuu's Ghostblade,Serpent's Fang,Boots,Last Whisper,Oracle Lens,Seraph's Embrace,Rabadon's Deathcap,Sorcerer's Shoes,Zhonya's Hourglass,Hextech Alternator,Needlessly Large Rod,Farsight Alteration,Rapid Firecannon,Mortal Reminder,Hubris,Slightly Magical Footwear,Vampiric Scepter,Spear of Shojin,Farsight Alteration,Locket of the Iron Solari,Control Ward,Solstice Sleigh,Ionian Boots of Lucidity,Zeke's Convergence,Kindlegem,Oracle Lens,Phase Rush,Resolve,Press the Attack,Domination,Electrocute,Sorcery,Summon Aery,Precision,Aftershock,Inspiration,Arcane Comet,Precision,Conqueror,Domination,Summon Aery,Domination,Arcane Comet,Inspiration,Aftershock,Inspiration,Flash,Teleport,Flash,Smite,Flash,Ignite,Teleport,Flash,Flash,Ignite,Flash,Teleport,Flash,Smite,Flash,Teleport,Flash,Teleport,Flash,Ignite,0,6,1,1,0,1
https://www.op.gg/summoners/euw/ALBANIAN-iLevi/matches/uRd1PvnOddpX5Yu0tO_4SIWWMQxt5CfADkjaezZhu3g%3D/1733509765000,0,40,47,47,40,80,72,103,114,49,46,1,3,1,0,4,9,2,3,71134,73638,16.2,15.8,1000,937,28.3,26.6,-2504,2504,2023.0770642201833,2094.291743119266,Renekton,Ivern,Smolder,Corki,Leona,Ambessa,Skarner,Talon,Ziggs,Pyke,Black Cleaver,Control Ward,Steel Sigil,Sterak's Gage,Plated Steelcaps,"Jak'Sho, The Protean",Oracle Lens,Moonstone Renewer,Mikael's Blessing,Redemption,Dawncore,Ionian Boots of Lucidity,Dark Seal,Oracle Lens,Hubris,Lord Dominik's Regards,Rapid Firecannon,Dead Man's Plate,Spear of Shojin,Force of Nature,Farsight Alteration,Doran's Blade,Muramana,Trinity Force,Rapid Firecannon,Plated Steelcaps,B. F. Sword,Farsight Alteration,Control Ward,Bloodsong,Locket of the Iron Solari,Knight's Vow,Heartsteel,Plated Steelcaps,Oracle Lens,Voltaic Cyclosword,Spear of Shojin,Eclipse,Plated Steelcaps,Death's Dance,Long Sword,Stealth Ward,Ionian Boots of Lucidity,Bramble Vest,Warden's Mail,Unending Despair,Sterak's Gage,Heartsteel,Oracle Lens,Youmuu's Ghostblade,Edge of Night,Synchronized Souls,Serpent's Fang,Serylda's Grudge,No_Item,Oracle Lens,Rabadon's Deathcap,Sorcerer's Shoes,Void Staff,Seraph's Embrace,Liandry's Torment,Oblivion Orb,Farsight Alteration,Youmuu's Ghostblade,Bloodsong,Hexdrinker,Umbral Glaive,Ionian Boots of Lucidity,Opportunity,Oracle Lens,Conqueror,Resolve,Summon Aery,Inspiration,Grasp of the Undying,Inspiration,Conqueror,Inspiration,Aftershock,Inspiration,Conqueror,Resolve,Grasp of the Undying,Inspiration,Electrocute,Sorcery,Arcane Comet,Precision,Hail of Blades,Resolve,Teleport,Flash,Flash,Smite,Flash,Teleport,Flash,Barrier,Flash,Ignite,Teleport,Flash,Smite,Flash,Flash,Ignite,Flash,Teleport,Flash,Ignite,1,1,0,0,5,1
https://www.op.gg/summoners/euw/ALBANIAN-iLevi/matches/uRd1PvnOddptmvukFwm_NRkT9HLUfZbDL9BE2WvtVLo%3D/1733499024000,0,21,24,24,21,36,42,72,105,35,40,1,1,0,1,3,11,1,2,55739,68115,14.6,16.2,948,1058,30.9,34.6,-12376,12376,1818.0961373390558,2221.776824034335,K'Sante,Viego,Aurora,Jinx,Taric,Fiora,Nidalee,Zed,Miss Fortune,Pyke,Thornmail,No_Item,Iceborn Gauntlet,Plated Steelcaps,Unending Despair,No_Item,Stealth Ward,Plated Steelcaps,Sundered Sky,Death's Dance,Kindlegem,Trinity Force,Ruby Crystal,Oracle Lens,Doran's Ring,Malignance,Oblivion Orb,Sorcerer's Shoes,Shadowflame,Amplifying Tome,Oracle Lens,Doran's Blade,Mortal Reminder,Infinity Edge,Berserker's Greaves,Dagger,The Collector,Farsight Alteration,Locket of the Iron Solari,Celestial Opposition,Plated Steelcaps,Frozen Heart,Kindlegem,No_Item,Oracle Lens,Trinity Force,Boots of Swiftness,Ravenous Hydra,Hullbreaker,Pickaxe,Long Sword,Stealth Ward,Rabadon's Deathcap,Sorcerer's Shoes,Dark Seal,Stormsurge,Shadowflame,Seeker's Armguard,Oracle Lens,Eclipse,Serpent's Fang,Serylda's Grudge,Edge of Night,Serrated Dirk,Ionian Boots of Lucidity,Oracle Lens,Bloodthirster,Mortal Reminder,Infinity Edge,Rapid Firecannon,Cloak of Agility,Slightly Magical Footwear,Farsight Alteration,Bloodsong,Umbral Glaive,No_Item,Synchronized Souls,Edge of Night,Long Sword,Oracle Lens,Grasp of the Undying,Sorcery,Conqueror,Inspiration,Electrocute,Sorcery,Press the Attack,Sorcery,Guardian,Precision,Conqueror,Resolve,Dark Harvest,Precision,First Strike,Sorcery,Press the Attack,Inspiration,Hail of Blades,Resolve,Flash,Teleport,Smite,Flash,Teleport,Flash,Flash,Barrier,Flash,Ignite,Flash,Teleport,Flash,Smite,Flash,Teleport,Flash,Barrier,Flash,Ignite,0,6,0,1,0,1
https://www.op.gg/summoners/euw/ALBANIAN-iLevi/matches/uRd1PvnOddqcfPkZvFldtXqnod-pCNYM9dL5F3xy98o%3D/1733495587000,0,13,19,19,13,36,17,54,50,16,17,1,1,0,0,2,2,1,1,34620,36105,10.4,10.8,596,565,32.4,30.7,-1485,1485,1882.0268456375836,1962.7550335570468,Ambessa,Nocturne,Akali,Ashe,Blitzcrank,Yone,Elise,Anivia,Swain,Camille,Doran's Shield,Maw of Malmortius,No_Item,Eclipse,Boots,No_Item,Oracle Lens,No_Item,Stridebreaker,Mercury's Treads,Tunneler,Ruby Crystal,Pickaxe,Eye of the Herald,Shadowflame,Stormsurge,No_Item,Boots,Dark Seal,Doran's Ring,Oracle Lens,Doran's Blade,Berserker's Greaves,Kraken Slayer,Negatron Cloak,No_Item,No_Item,Farsight Alteration,Synchronized Souls,No_Item,Celestial Opposition,Trailblazer,No_Item,No_Item,Oracle Lens,Berserker's Greaves,Refillable Potion,Blade of The Ruined King,Long Sword,No_Item,Doran's Shield,Stealth Ward,Blasting Wand,Dark Seal,No_Item,Sorcerer's Shoes,No_Item,Stormsurge,Oracle Lens,Doran's Ring,Fated Ashes,Boots of Swiftness,Malignance,Ruby Crystal,Amplifying Tome,Farsight Alteration,Blackfire Torch,Kindlegem,Aether Wisp,Plated Steelcaps,No_Item,Doran's Ring,Farsight Alteration,Bloodsong,Sundered Sky,Long Sword,Long Sword,Boots,Long Sword,Oracle Lens,Grasp of the Undying,Domination,Conqueror,Domination,Conqueror,Resolve,Lethal Tempo,Inspiration,Glacial Augment,Sorcery,Fleet Footwork,Resolve,Dark Harvest,Inspiration,Phase Rush,Precision,Conqueror,Resolve,Hail of Blades,Resolve,Teleport,Flash,Flash,Smite,Flash,Teleport,Flash,Barrier,Flash,Ignite,Teleport,Flash,Flash,Smite,Flash,Teleport,Flash,Teleport,Flash,Ignite,1,4,0,0,2,0
https://www.op.gg/summoners/euw/ALBANIAN-iLevi/matches/uRd1PvnOddqURz61Pr2Xx-Dzms73f8vASsI3hmhUfy4%3D/1733490555000,0,17,25,25,17,33,18,63,56,10,12,0,3,0,1,4,10,0,4,44830,55564,12.8,14.6,736,824,29.3,32.9,-10734,10734,1793.2,2222.56,Jayce,Nocturne,Akali,Caitlyn,Lux,Heimerdinger,Wukong,Tryndamere,Jhin,Seraphine,Doran's Blade,Edge of Night,Youmuu's Ghostblade,Last Whisper,Ionian Boots of Lucidity,Long Sword,Farsight Alteration,Mercury's Treads,Stridebreaker,Warden's Mail,Ruby Crystal,No_Item,No_Item,Oracle Lens,No_Item,Mejai's Soulstealer,No_Item,Sorcerer's Shoes,Riftmaker,Dead Man's Plate,Oracle Lens,Infinity Edge,The Collector,Doran's Blade,Boots,Executioner's Calling,Rapid Firecannon,Farsight Alteration,Zaz'Zak's Realmspike,Malignance,Sorcerer's Shoes,Fiendish Codex,Fiendish Codex,Amplifying Tome,Oracle Lens,Sorcerer's Shoes,Blackfire Torch,Refillable Potion,Liandry's Torment,Blasting Wand,Doran's Ring,Stealth Ward,Sundered Sky,Sterak's Gage,Plated Steelcaps,Null-Magic Mantle,Ruby Crystal,Trinity Force,Oracle Lens,Ravenous Hydra,Doran's Shield,Berserker's Greaves,Navori Flickerblade,Wit's End,Pickaxe,Stealth Ward,Refillable Potion,Infinity Edge,Last Whisper,The Collector,Boots of Swiftness,No_Item,Farsight Alteration,Solstice Sleigh,Echoes of Helia,Forbidden Idol,Boots,Kindlegem,Moonstone Renewer,Oracle Lens,Phase Rush,Precision,Conqueror,Domination,Conqueror,Resolve,Hail of Blades,Sorcery,Arcane Comet,Domination,Electrocute,Sorcery,Conqueror,Inspiration,Fleet Footwork,Resolve,Fleet Footwork,Sorcery,Summon Aery,Resolve,Flash,Teleport,Smite,Flash,Teleport,Ignite,Barrier,Flash,Heal,Flash,Flash,Teleport,Flash,Smite,Flash,Ghost,Flash,Barrier,Flash,Heal,1,0,0,0,6,2
https://www.op.gg/summoners/euw/ALBANIAN-iLevi/matches/uRd1PvnOddrVXrgf6M--0CvcNB0w1C4nhU1Ssw-QSnM%3D/1733488710000,0,43,43,43,44,89,68,126,105,54,49,2,3,1,1,4,10,3,4,72504,75122,16.2,17.0,989,1011,28.0,28.6,-2618,2618,2054.769230769231,2128.9635627530365,Ambessa,Nocturne,Akali,Ashe,Pyke,Irelia,Vi,Swain,Smolder,Rakan,Sterak's Gage,Eclipse,Executioner's Calling,Black Cleaver,Plated Steelcaps,Steel Sigil,Oracle Lens,Experimental Hexplate,Stridebreaker,No_Item,Plated Steelcaps,Sterak's Gage,Black Cleaver,Oracle Lens,Zhonya's Hourglass,Shadowflame,Rabadon's Deathcap,Sorcerer's Shoes,Stormsurge,No_Item,Farsight Alteration,Infinity Edge,Kraken Slayer,Phantom Dancer,Mortal Reminder,Berserker's Greaves,Long Sword,Farsight Alteration,Bloodsong,Umbral Glaive,Control Ward,Edge of Night,Synchronized Souls,Maw of Malmortius,Oracle Lens,Death's Dance,Blade of The Ruined King,Titanic Hydra,Plated Steelcaps,Sterak's Gage,Wit's End,Oracle Lens,Control Ward,Plated Steelcaps,Kaenic Rookern,Frozen Heart,Sterak's Gage,Sundered Sky,Oracle Lens,Liandry's Torment,Rylai's Crystal Scepter,Seeker's Armguard,Needlessly Large Rod,Boots of Swiftness,Malignance,Farsight Alteration,Bloodthirster,Hubris,Plated Steelcaps,Last Whisper,Rapid Firecannon,Essence Reaver,Farsight Alteration,Celestial Opposition,Redemption,Locket of the Iron Solari,Mercury's Treads,Knight's Vow,No_Item,Oracle Lens,Conqueror,Resolve,Conqueror,Domination,Electrocute,Resolve,Lethal Tempo,Inspiration,Hail of Blades,Resolve,Conqueror,Domination,Conqueror,Inspiration,Conqueror,Resolve,Arcane Comet,Inspiration,Guardian,Domination,Teleport,Flash,Flash,Smite,Flash,Ignite,Flash,Barrier,Flash,Ignite,Flash,Teleport,Flash,Smite,Flash,Teleport,Barrier,Flash,Flash,Ignite,1,3,0,0,3,1
https://www.op.gg/summoners/euw/ALBANIAN-iLevi/matches/uRd1PvnOddqwpNMvqJ15vFcxeSY2zp_GuNz_pVp3P7A%3D/1733486228000,0,22,34,34,22,66,30,52,51,11,21,1,2,0,1,3,10,1,3,43963,54625,12.0,13.6,619,686,26.0,28.9,-10662,10662,1857.960119047619,2308.5565476190477,Urgot,Vi,Ahri,Ashe,Lulu,Ambessa,Jarvan IV,Sylas,Caitlyn,Seraphine,Sterak's Gage,No_Item,Doran's Shield,No_Item,Black Cleaver,Boots,Oracle Lens,Plated Steelcaps,Executioner's Calling,Sundered Sky,Tunneler,No_Item,Black Cleaver,Oracle Lens,Malignance,Liandry's Torment,Doran's Ring,Sorcerer's Shoes,Oblivion Orb,Dark Seal,Farsight Alteration,Doran's Blade,Berserker's Greaves,Phantom Dancer,Kraken Slayer,Cloak of Agility,No_Item,Farsight Alteration,Moonstone Renewer,Dream Maker,No_Item,Redemption,No_Item,Ionian Boots of Lucidity,Oracle Lens,Eclipse,Doran's Shield,Plated Steelcaps,Sterak's Gage,Control Ward,Pickaxe,Stealth Ward,Pickaxe,Plated Steelcaps,Sundered Sky,Black Cleaver,Tunneler,Ruby Crystal,Oracle Lens,Doran's Ring,Hextech Rocketbelt,Shattered Armguard,Dark Seal,Sorcerer's Shoes,Cosmic Drive,Oracle Lens,Rapid Firecannon,Boots of Swiftness,Last Whisper,Doran's Blade,The Collector,Infinity Edge,Farsight Alteration,Redemption,Forbidden Idol,Solstice Sleigh,Moonstone Renewer,Boots,Forbidden Idol,Oracle Lens,Phase Rush,Resolve,Conqueror,Inspiration,Summon Aery,Domination,Lethal Tempo,Inspiration,Summon Aery,Resolve,Grasp of the Undying,Domination,Conqueror,Inspiration,Conqueror,Resolve,Lethal Tempo,Sorcery,Summon Aery,Resolve,Flash,Teleport,Flash,Smite,Flash,Teleport,Flash,Barrier,Flash,Heal,Teleport,Flash,Flash,Smite,Flash,Teleport,Cleanse,Flash,Flash,Heal,0,2,0,1,4,2
https://www.op.gg/summoners/euw/ALBANIAN-iLevi/matches/uRd1PvnOddoNBYysd1RxYNHqTZnjzsm4sNUECRPNkhs%3D/1733321633000,1,39,35,35,39,66,75,91,91,36,36,4,1,2,0,10,6,6,1,76662,66223,16.6,15.6,1047,938,31.0,27.8,10439,-10439,2272.4807142857144,1963.0389285714286,Volibear,Taliyah,Akali,Kalista,Renata Glasc,Ambessa,Vi,Sylas,Yasuo,Rakan,Rabadon's Deathcap,Nashor's Tooth,Cosmic Drive,Riftmaker,Boots of Swiftness,Void Staff,Oracle Lens,Zhonya's Hourglass,No_Item,Rabadon's Deathcap,Void Staff,Blackfire Torch,Sorcerer's Shoes,Oracle Lens,Rabadon's Deathcap,Shadowflame,Stormsurge,Dark Seal,Void Staff,Boots,Oracle Lens,Guardian Angel,Terminus,Guinsoo's Rageblade,No_Item,Berserker's Greaves,Blade of The Ruined King,Farsight Alteration,Celestial Opposition,Redemption,Locket of the Iron Solari,Ionian Boots of Lucidity,Control Ward,Knight's Vow,Oracle Lens,Death's Dance,Maw of Malmortius,Eclipse,Spirit Visage,Spear of Shojin,Boots of Swiftness,Oracle Lens,Sundered Sky,Trinity Force,Ruby Crystal,Mercury's Treads,Tunneler,Death's Dance,Oracle Lens,Zhonya's Hourglass,Amplifying Tome,Hextech Rocketbelt,Mercury's Treads,Riftmaker,Dark Seal,Oracle Lens,Doran's Shield,Immortal Shieldbow,Berserker's Greaves,Blade of The Ruined King,Spirit Visage,Null-Magic Mantle,Farsight Alteration,Locket of the Iron Solari,Celestial Opposition,Negatron Cloak,Mercury's Treads,Zeke's Convergence,Kindlegem,Oracle Lens,Press the Attack,Inspiration,First Strike,Sorcery,Electrocute,Resolve,Lethal Tempo,Domination,Guardian,Domination,Conqueror,Resolve,Conqueror,Inspiration,Conqueror,Resolve,Lethal Tempo,Resolve,Guardian,Domination,Flash,Teleport,Flash,Smite,Ignite,Flash,Flash,Barrier,Flash,Heal,Teleport,Flash,Smite,Flash,Teleport,Flash,Exhaust,Flash,Flash,Heal,0,5,2,1,1,0
https://www.op.gg/summoners/euw/ALBANIAN-iLevi/matches/uRd1PvnOddp0SAKK_fkZ6kx3pZ22roQIYeofXmLPiKU%3D/1733319016000,1,31,15,15,31,21,40,63,91,35,27,3,0,1,0,8,3,4,0,54510,46602,14.2,12.8,822,780,32.4,30.8,7908,-7908,2144.655737704918,1833.52131147541,Ambessa,Lee Sin,Sylas,Corki,Rell,Lucian,Wukong,Illaoi,Hwei,Pyke,Doran's Blade,Voltaic Cyclosword,Phage,Plated Steelcaps,Spear of Shojin,Edge of Night,Oracle Lens,Sundered Sky,Eclipse,Control Ward,Black Cleaver,Long Sword,Slightly Magical Footwear,Stealth Ward,Stormsurge,Shattered Armguard,Sorcerer's Shoes,Dark Seal,Shadowflame,Doran's Ring,Oracle Lens,Lord Dominik's Regards,Refillable Potion,Plated Steelcaps,Muramana,Serrated Dirk,Trinity Force,Farsight Alteration,Solstice Sleigh,Knight's Vow,Locket of the Iron Solari,Ionian Boots of Lucidity,No_Item,No_Item,Oracle Lens,Essence Reaver,Vampiric Scepter,Doran's Blade,Pickaxe,Cloak of Agility,Plated Steelcaps,Stealth Ward,Phage,Pickaxe,Glowing Mote,Sundered Sky,Trinity Force,Plated Steelcaps,Stealth Ward,Doran's Shield,Boots,Black Cleaver,Sundered Sky,Ruby Crystal,No_Item,Stealth Ward,Sorcerer's Shoes,Dark Seal,Luden's Companion,Horizon Focus,Stormsurge,No_Item,Farsight Alteration,Bloodsong,Umbral Glaive,Tunneler,Mercury's Treads,Serrated Dirk,No_Item,Oracle Lens,Conqueror,Domination,Conqueror,Inspiration,Electrocute,Inspiration,Conqueror,Inspiration,Glacial Augment,Sorcery,Electrocute,Sorcery,Conqueror,Inspiration,Conqueror,Resolve,Arcane Comet,Precision,Hail of Blades,Resolve,Teleport,Flash,Smite,Flash,Ignite,Flash,Flash,Teleport,Flash,Ignite,Teleport,Flash,Flash,Smite,Flash,Teleport,Flash,Teleport,Flash,Ignite,1,3,1,0,0,0
https://www.op.gg/summoners/euw/ALBANIAN-iLevi/matches/uRd1PvnOddqNjHLMAc_ULfV6aBVmdQicBrJtT1HougA%3D/1733316903000,1,27,14,14,27,19,36,62,51,20,20,1,1,1,0,10,2,2,1,54675,38600,14.0,11.6,798,659,34.8,28.8,16075,-16075,2389.5000000000005,1686.962962962963,Ambessa,Elise,Zed,Corki,Pyke,Maokai,Vi,Yone,Hwei,Rell,Doran's Blade,Black Cleaver,Mercury's Treads,Voltaic Cyclosword,Serrated Dirk,Ruby Crystal,Oracle Lens,Liandry's Torment,Stormsurge,Needlessly Large Rod,Dark Seal,Sorcerer's Shoes,Hextech Alternator,Oracle Lens,Youmuu's Ghostblade,Serylda's Grudge,Boots,Voltaic Cyclosword,Serrated Dirk,No_Item,Oracle Lens,Doran's Blade,B. F. Sword,Trinity Force,Muramana,Rapid Firecannon,Slightly Magical Footwear,Farsight Alteration,Celestial Opposition,Refillable Potion,Umbral Glaive,Ionian Boots of Lucidity,Serrated Dirk,Long Sword,Oracle Lens,Unending Despair,Fimbulwinter,No_Item,Null-Magic Mantle,No_Item,Plated Steelcaps,Stealth Ward,Sundered Sky,No_Item,Control Ward,Ionian Boots of Lucidity,No_Item,Sterak's Gage,Oracle Lens,Berserker's Greaves,Blade of The Ruined King,Immortal Shieldbow,Cloak of Agility,No_Item,Doran's Shield,Oracle Lens,Boots,Luden's Companion,Amplifying Tome,Dark Seal,Doran's Ring,Seeker's Armguard,Stealth Ward,Locket of the Iron Solari,Solstice Sleigh,Control Ward,Plated Steelcaps,Zeke's Convergence,No_Item,Oracle Lens,Conqueror,Domination,Dark Harvest,Precision,Electrocute,Resolve,Conqueror,Inspiration,Hail of Blades,Resolve,Grasp of the Undying,Inspiration,Conqueror,Domination,Lethal Tempo,Resolve,Arcane Comet,Precision,Aftershock,Inspiration,Teleport,Flash,Flash,Smite,Flash,Teleport,Flash,Cleanse,Flash,Ignite,Teleport,Ignite,Flash,Smite,Teleport,Flash,Flash,Teleport,Flash,Ignite,1,6,2,0,0,0
https://www.op.gg/summoners/euw/ALBANIAN-iLevi/matches/uRd1PvnOddq0Wo3naWquD86JNW5N1Ocw05k8KcogE5Y%3D/1733259632000,0,22,38,38,22,49,29,43,53,16,13,2,1,0,1,2,7,2,2,41229,53000,11.2,13.2,572,711,26.8,33.4,-11771,11771,1936.5136363636366,2489.3939393939395,K'Sante,Master Yi,Yasuo,Olaf,Neeko,Fiora,Graves,Akali,Caitlyn,Rakan,Negatron Cloak,Control Ward,Plated Steelcaps,Bramble Vest,Iceborn Gauntlet,Chain Vest,Oracle Lens,Gustwalker Hatchling,Kraken Slayer,Guinsoo's Rageblade,Berserker's Greaves,Recurve Bow,Long Sword,Oracle Lens,Doran's Blade,Stridebreaker,Berserker's Greaves,Blade of The Ruined King,No_Item,No_Item,Farsight Alteration,Doran's Blade,Experimental Hexplate,Hexdrinker,Long Sword,Plated Steelcaps,Ravenous Hydra,Oracle Lens,Hextech Rocketbelt,Celestial Opposition,No_Item,Ionian Boots of Lucidity,Oblivion Orb,Amplifying Tome,Oracle Lens,Ravenous Hydra,Trinity Force,Death's Dance,Slightly Magical Footwear,No_Item,Doran's Blade,Stealth Ward,Youmuu's Ghostblade,Immortal Shieldbow,Randuin's Omen,Plated Steelcaps,No_Item,No_Item,Oracle Lens,Doran's Ring,Dark Seal,Lich Bane,Shadowflame,Sorcerer's Shoes,Blasting Wand,Oracle Lens,Doran's Blade,The Collector,Berserker's Greaves,Pickaxe,B. F. Sword,No_Item,Farsight Alteration,Celestial Opposition,No_Item,Shurelya's Battlesong,Frozen Heart,Plated Steelcaps,No_Item,Oracle Lens,Grasp of the Undying,Inspiration,Lethal Tempo,Domination,Lethal Tempo,Resolve,Conqueror,Inspiration,Arcane Comet,Domination,Grasp of the Undying,Inspiration,Dark Harvest,Precision,Electrocute,Precision,Fleet Footwork,Sorcery,Guardian,Domination,Teleport,Flash,Flash,Smite,Teleport,Flash,Flash,Ghost,Flash,Heal,Teleport,Flash,Flash,Smite,Flash,Teleport,Flash,Barrier,Flash,Ignite,0,0,0,1,6,0
https://www.op.gg/summoners/euw/ALBANIAN-iLevi/matches/uRd1PvnOddqJtOv_0cJHK5Fm_N_vBKrh9Gw54znKcoA%3D/1733257805000,1,19,6,6,19,8,11,30,20,10,5,2,0,0,0,2,0,2,0,31707,24603,10.2,9.0,544,422,34.1,26.3,7104,-7104,1993.945360824742,1547.1989690721648,Ambessa,Viego,Aurora,Ashe,Soraka,Renekton,Jarvan IV,Olaf,Hwei,Lulu,Sundered Sky,Refillable Potion,Plated Steelcaps,Long Sword,Doran's Shield,Long Sword,Farsight Alteration,Slightly Magical Footwear,Kraken Slayer,Titanic Hydra,No_Item,No_Item,No_Item,Oracle Lens,Refillable Potion,Luden's Companion,Needlessly Large Rod,Dark Seal,Boots,Doran's Ring,Stealth Ward,Doran's Blade,Berserker's Greaves,Total Biscuit of Everlasting Will,Yun Tal Wildarrows,Zeal,No_Item,Stealth Ward,Dream Maker,Moonstone Renewer,Forbidden Idol,Kindlegem,Boots,No_Item,Oracle Lens,Doran's Blade,Refillable Potion,Black Cleaver,No_Item,Boots,No_Item,Stealth Ward,Gustwalker Hatchling,Eclipse,Plated Steelcaps,Long Sword,No_Item,No_Item,Oracle Lens,Doran's Blade,Cull,Slightly Magical Footwear,No_Item,No_Item,Ravenous Hydra,Oracle Lens,Doran's Ring,Blackfire Torch,Refillable Potion,Amplifying Tome,Sorcerer's Shoes,No_Item,Farsight Alteration,Dream Maker,Control Ward,Bandleglass Mirror,Aether Wisp,Ionian Boots of Lucidity,No_Item,Oracle Lens,Grasp of the Undying,Domination,Conqueror,Inspiration,Electrocute,Precision,Lethal Tempo,Inspiration,Summon Aery,Resolve,Conqueror,Resolve,Conqueror,Inspiration,Conqueror,Inspiration,Arcane Comet,Precision,Summon Aery,Resolve,Flash,Teleport,Flash,Smite,Flash,Teleport,Ghost,Flash,Flash,Heal,Teleport,Flash,Flash,Smite,Flash,Ghost,Flash,Teleport,Flash,Heal,1,6,0,0,0,0
https://www.op.gg/summoners/euw/ALBANIAN-iLevi/matches/uRd1PvnOddrN3Qx_DZUJbCa5Ib5xfn55PtGvtIjkHho%3D/1733256153000,0,26,39,39,26,50,24,69,77,26,26,2,2,0,1,6,9,2,3,60922,65220,15.2,16.2,943,953,31.7,32.0,-4298,4298,2047.7983193277312,2192.268907563025,Ambessa,Talon,Corki,Varus,Lux,Sion,Nidalee,Aurora,Smolder,Rakan,Doran's Blade,Eclipse,Mercury's Treads,Voltaic Cyclosword,Serrated Dirk,Ruby Crystal,Oracle Lens,Youmuu's Ghostblade,Black Cleaver,Serpent's Fang,Death's Dance,Hubris,Boots of Swiftness,Oracle Lens,Doran's Blade,Trinity Force,Muramana,Rapid Firecannon,Noonquiver,Mercury's Treads,Farsight Alteration,Hubris,Serylda's Grudge,Boots of Swiftness,Muramana,Tunneler,No_Item,Farsight Alteration,Luden's Companion,Zaz'Zak's Realmspike,Sorcerer's Shoes,No_Item,Horizon Focus,Null-Magic Mantle,Oracle Lens,Doran's Shield,Hullbreaker,Titanic Hydra,Boots of Swiftness,Overlord's Bloodmail,Chain Vest,Stealth Ward,Blackfire Torch,Rabadon's Deathcap,Stormsurge,No_Item,Sorcerer's Shoes,Liandry's Torment,Oracle Lens,Plated Steelcaps,Liandry's Torment,Malignance,Void Staff,Control Ward,Zhonya's Hourglass,Oracle Lens,B. F. Sword,Rapid Firecannon,Hubris,Ionian Boots of Lucidity,Lord Dominik's Regards,Vampiric Scepter,Farsight Alteration,Locket of the Iron Solari,Control Ward,Solstice Sleigh,Mercury's Treads,Zeke's Convergence,Kindlegem,Oracle Lens,Conqueror,Resolve,Conqueror,Inspiration,Conqueror,Inspiration,Arcane Comet,Inspiration,Arcane Comet,Domination,Grasp of the Undying,Inspiration,Dark Harvest,Precision,Electrocute,Precision,Arcane Comet,Inspiration,Guardian,Domination,Flash,Teleport,Ignite,Smite,Flash,Teleport,Flash,Teleport,Flash,Heal,Flash,Teleport,Flash,Smite,Flash,Teleport,Barrier,Flash,Flash,Heal,1,4,0,0,2,1
https://www.op.gg/summoners/euw/ALBANIAN-iLevi/matches/uRd1PvnOddpMs_AtO0GduuLG61ZZyrCfLIgoS7fJr18%3D/1733251226000,1,24,15,15,25,23,55,61,42,12,18,1,2,1,0,7,4,2,2,51848,43611,13.8,12.2,758,736,31.7,30.8,8237,-8237,2162.6438502673795,1819.068449197861,Gangplank,Jax,Kayle,Caitlyn,Seraphine,Ambessa,Xin Zhao,Akali,Jinx,Lulu,Trinity Force,Serpent's Fang,Mortal Reminder,No_Item,Doran's Blade,Plated Steelcaps,Farsight Alteration,Sundered Sky,Trinity Force,Shattered Armguard,Needlessly Large Rod,Slightly Magical Footwear,No_Item,Stealth Ward,Rabadon's Deathcap,Boots of Swiftness,Nashor's Tooth,Doran's Blade,Needlessly Large Rod,Glowing Mote,Farsight Alteration,Doran's Blade,Refillable Potion,The Collector,Berserker's Greaves,Infinity Edge,No_Item,Farsight Alteration,Redemption,No_Item,Dream Maker,Boots,Moonstone Renewer,Faerie Charm,Oracle Lens,Boots,Eclipse,Voltaic Cyclosword,Pickaxe,Tunneler,Doran's Shield,Oracle Lens,Eclipse,Slightly Magical Footwear,Sundered Sky,Warden's Mail,Glacial Buckler,No_Item,Oracle Lens,Doran's Ring,Refillable Potion,Sorcerer's Shoes,Shadowflame,Lich Bane,No_Item,Farsight Alteration,Doran's Blade,Berserker's Greaves,Yun Tal Wildarrows,B. F. Sword,Runaan's Hurricane,Cloak of Agility,Farsight Alteration,Redemption,Dream Maker,No_Item,Boots,Moonstone Renewer,No_Item,Oracle Lens,Grasp of the Undying,Inspiration,Press the Attack,Inspiration,Press the Attack,Sorcery,Fleet Footwork,Sorcery,Summon Aery,Resolve,Conqueror,Resolve,Conqueror,Inspiration,Dark Harvest,Precision,Lethal Tempo,Sorcery,Summon Aery,Resolve,Flash,Teleport,Flash,Smite,Flash,Teleport,Flash,Barrier,Flash,Heal,Flash,Teleport,Flash,Smite,Flash,Teleport,Flash,Barrier,Flash,Heal,1,2,1,0,4,0
https://www.op.gg/summoners/euw/ALBANIAN-iLevi/matches/uRd1PvnOddoeHwZevYZI_-F5hCGpyLUcTFTuySxqCaI%3D/1733249170000,0,11,34,34,11,55,21,66,61,16,28,2,1,0,1,3,10,2,2,47831,61674,13.4,15.4,875,955,31.0,33.699999999999996,-13843,13843,1683.8464285714288,2171.176530612245,Gragas,Hecarim,Orianna,Smolder,Rakan,Corki,Skarner,Kayle,Aatrox,Lulu,Lich Bane,Cosmic Drive,Refillable Potion,Boots of Swiftness,Lost Chapter,Blighting Jewel,Oracle Lens,Spear of Shojin,Ionian Boots of Lucidity,Eclipse,Long Sword,Long Sword,No_Item,Oracle Lens,Liandry's Torment,Void Staff,Seraph's Embrace,Dark Seal,Sorcerer's Shoes,Amplifying Tome,Farsight Alteration,Doran's Blade,Hubris,Ionian Boots of Lucidity,Rapid Firecannon,Mortal Reminder,No_Item,Farsight Alteration,Locket of the Iron Solari,Mercury's Treads,Solstice Sleigh,Ruby Crystal,Zeke's Convergence,Control Ward,Oracle Lens,Doran's Blade,Trinity Force,Refillable Potion,Muramana,Plated Steelcaps,Long Sword,Farsight Alteration,Plated Steelcaps,Heartsteel,Unending Despair,Spirit Visage,Giant's Belt,No_Item,Oracle Lens,Lich Bane,Needlessly Large Rod,Nashor's Tooth,Boots of Swiftness,Rabadon's Deathcap,No_Item,Farsight Alteration,Sundered Sky,No_Item,Mercury's Treads,Eclipse,Sterak's Gage,B. F. Sword,Oracle Lens,Moonstone Renewer,Dream Maker,No_Item,Redemption,Ionian Boots of Lucidity,Ruby Crystal,Oracle Lens,Phase Rush,Precision,Phase Rush,Precision,Summon Aery,Inspiration,Arcane Comet,Inspiration,Guardian,Domination,Conqueror,Inspiration,Grasp of the Undying,Inspiration,Press the Attack,Sorcery,Conqueror,Resolve,Summon Aery,Inspiration,Flash,Teleport,Ghost,Smite,Flash,Teleport,Flash,Teleport,Flash,Heal,Flash,Barrier,Flash,Smite,Flash,Teleport,Teleport,Flash,Flash,Ignite,0,5,0,1,1,2
https://www.op.gg/summoners/euw/ALBANIAN-iLevi/matches/uRd1PvnOddqtY2iTrjSP4TkhIATiWrhsnxfnaQYukNA%3D/1733247012000,1,21,14,14,21,17,31,59,51,19,15,1,1,1,0,11,1,2,1,52852,39182,13.8,11.8,845,671,36.9,29.3,13670,-13670,2318.5075471698115,1718.8330188679247,Jax,Vi,Ahri,Caitlyn,Rell,Riven,Fiddlesticks,Kayle,Xayah,Poppy,Doran's Shield,Trinity Force,Ionian Boots of Lucidity,Sundered Sky,Sterak's Gage,Long Sword,Stealth Ward,Black Cleaver,Sundered Sky,Control Ward,Plated Steelcaps,Warden's Mail,Glacial Buckler,Oracle Lens,Rabadon's Deathcap,Malignance,Ionian Boots of Lucidity,Dark Seal,Doran's Ring,Horizon Focus,Oracle Lens,Doran's Blade,Infinity Edge,The Collector,Berserker's Greaves,Dagger,Cloak of Agility,Farsight Alteration,Locket of the Iron Solari,Bloodsong,No_Item,Zeke's Convergence,Kindlegem,Ionian Boots of Lucidity,Oracle Lens,Tunneler,No_Item,Caulfield's Warhammer,Doran's Blade,Eclipse,Ionian Boots of Lucidity,Stealth Ward,No_Item,Malignance,Fated Ashes,Dark Seal,Sorcerer's Shoes,Amplifying Tome,Scarecrow Effigy,Doran's Blade,Cull,Nashor's Tooth,Boots of Swiftness,Needlessly Large Rod,Needlessly Large Rod,Farsight Alteration,Berserker's Greaves,B. F. Sword,Pickaxe,Essence Reaver,Navori Flickerblade,Doran's Blade,Farsight Alteration,Bloodsong,Mercury's Treads,Dead Man's Plate,Kindlegem,Control Ward,No_Item,Oracle Lens,Grasp of the Undying,Sorcery,Conqueror,Inspiration,Electrocute,Sorcery,Lethal Tempo,Sorcery,Aftershock,Inspiration,Conqueror,Sorcery,Dark Harvest,Inspiration,Press the Attack,Sorcery,Lethal Tempo,Sorcery,Hail of Blades,Inspiration,Flash,Teleport,Smite,Flash,Teleport,Flash,Barrier,Flash,Flash,Ignite,Ignite,Flash,Flash,Smite,Flash,Teleport,Barrier,Flash,Flash,Ignite,1,5,2,0,1,0
https://www.op.gg/summoners/euw/ALBANIAN-iLevi/matches/uRd1PvnOddoh-HgJx3Iqt_-yGR89lYq-bNb4FqeME50%3D/1733236356000,0,30,38,38,30,65,57,100,106,39,41,2,3,1,0,6,8,3,3,67589,70638,15.8,16.2,1046,1056,30.799999999999997,30.999999999999996,-3049,3049,2000.8296028880866,2091.08880866426,Aurora,Qiyana,Ambessa,Corki,Rell,Yone,Viego,Nasus,Caitlyn,Lux,Malignance,Liandry's Torment,Sorcerer's Shoes,Needlessly Large Rod,Cosmic Drive,Void Staff,Farsight Alteration,Serylda's Grudge,Ionian Boots of Lucidity,Profane Hydra,Axiom Arc,Long Sword,Hubris,Oracle Lens,Steel Sigil,Plated Steelcaps,Pickaxe,Eclipse,Spear of Shojin,Black Cleaver,Oracle Lens,Infinity Edge,No_Item,Trinity Force,Muramana,Mortal Reminder,Plated Steelcaps,Farsight Alteration,Solstice Sleigh,Warmog's Armor,Control Ward,Ionian Boots of Lucidity,Unending Despair,No_Item,Oracle Lens,Infinity Edge,Immortal Shieldbow,Berserker's Greaves,Chain Vest,Doran's Shield,Blade of The Ruined King,Farsight Alteration,Titanic Hydra,Kraken Slayer,Plated Steelcaps,Guardian Angel,Caulfield's Warhammer,Steel Sigil,Oracle Lens,Frozen Heart,Trinity Force,Spirit Visage,Sterak's Gage,Bramble Vest,Ionian Boots of Lucidity,Farsight Alteration,Doran's Blade,The Collector,Berserker's Greaves,Infinity Edge,Rapid Firecannon,Last Whisper,Farsight Alteration,Luden's Companion,Zhonya's Hourglass,No_Item,Zaz'Zak's Realmspike,Dark Seal,Sorcerer's Shoes,Oracle Lens,Arcane Comet,Domination,Dark Harvest,Inspiration,Conqueror,Resolve,Conqueror,Inspiration,Aftershock,Inspiration,Lethal Tempo,Resolve,Conqueror,Inspiration,Fleet Footwork,Resolve,Fleet Footwork,Sorcery,Arcane Comet,Domination,Teleport,Flash,Flash,Smite,Flash,Teleport,Flash,Cleanse,Flash,Ignite,Flash,Teleport,Flash,Smite,Flash,Ghost,Flash,Barrier,Flash,Heal,0,6,1,1,0,1
https://www.op.gg/summoners/euw/ALBANIAN-iLevi/matches/uRd1PvnOddp0TY8gq2qMunXjDZ0oivFb_mApOe2JAvo%3D/1733233824000,1,30,15,15,30,25,39,64,59,19,29,3,0,0,0,9,1,3,0,47324,35577,11.6,10.6,616,554,29.5,26.400000000000002,11747,-11747,2251.335922330097,1692.4980582524272,Kled,Vi,Aurora,Ezreal,Rakan,Ambessa,Viego,Kayle,Syndra,Pyke,Profane Hydra,Doran's Blade,Serpent's Fang,Steel Sigil,Ionian Boots of Lucidity,Maw of Malmortius,Farsight Alteration,Maw of Malmortius,Ionian Boots of Lucidity,Kindlegem,No_Item,No_Item,Sundered Sky,Oracle Lens,Sorcerer's Shoes,Malignance,Doran's Ring,Cosmic Drive,Needlessly Large Rod,No_Item,Stealth Ward,Trinity Force,Long Sword,Ionian Boots of Lucidity,Caulfield's Warhammer,Tear of the Goddess,Doran's Blade,Oracle Lens,Locket of the Iron Solari,Solstice Sleigh,Ionian Boots of Lucidity,Kindlegem,Forbidden Idol,No_Item,Oracle Lens,Refillable Potion,Doran's Blade,Eclipse,Plated Steelcaps,Pickaxe,Long Sword,Stealth Ward,Long Sword,Kraken Slayer,Tunneler,Plated Steelcaps,Long Sword,No_Item,Oracle Lens,No_Item,Boots of Swiftness,Dark Seal,Nashor's Tooth,Doran's Ring,Needlessly Large Rod,Farsight Alteration,Luden's Companion,Control Ward,Aether Wisp,Sorcerer's Shoes,Hextech Alternator,Dark Seal,Farsight Alteration,Celestial Opposition,Synchronized Souls,Serrated Dirk,Rectrix,Umbral Glaive,Control Ward,Oracle Lens,Conqueror,Resolve,Conqueror,Domination,Electrocute,Sorcery,Press the Attack,Sorcery,Guardian,Domination,Conqueror,Resolve,Conqueror,Inspiration,Press the Attack,Sorcery,Arcane Comet,Inspiration,Hail of Blades,Resolve,Flash,Teleport,Flash,Smite,Flash,Teleport,Teleport,Flash,Heal,Flash,Teleport,Flash,Flash,Smite,Flash,Teleport,Teleport,Flash,Flash,Ignite,1,6,1,0,0,0
https://www.op.gg/summoners/euw/ALBANIAN-iLevi/matches/uRd1PvnOddonltj24zdAbS4eACoKoQDhBo6gfHKwGl0%3D/1733231674000,1,41,25,25,41,40,74,52,54,15,11,3,0,1,0,10,1,4,0,58352,46229,14.0,12.6,712,687,29.4,28.400000000000002,12123,-12123,2416.5979797979794,1914.5343434343433,Ekko,Kindred,Galio,Corki,Leona,Yasuo,Elise,Jax,Jhin,Braum,Rejuvenation Bead,Rejuvenation Bead,Rejuvenation Bead,Rejuvenation Bead,Rejuvenation Bead,Rejuvenation Bead,No_Item,Trinity Force,Kraken Slayer,The Collector,No_Item,Boots,Null-Magic Mantle,Oracle Lens,Unending Despair,Rod of Ages,Doran's Ring,Dark Seal,Ruby Crystal,Plated Steelcaps,Farsight Alteration,Infinity Edge,Rapid Firecannon,Trinity Force,Plated Steelcaps,Vampiric Scepter,Muramana,Farsight Alteration,Locket of the Iron Solari,Bloodsong,Knight's Vow,Mercury's Treads,Ruby Crystal,Control Ward,Oracle Lens,Stridebreaker,Blade of The Ruined King,Berserker's Greaves,Doran's Blade,Long Sword,No_Item,Stealth Ward,Liandry's Torment,Stormsurge,Boots,Dark Seal,Rabadon's Deathcap,No_Item,Oracle Lens,Trinity Force,Doran's Blade,Mercury's Treads,Sundered Sky,No_Item,No_Item,Stealth Ward,Rapid Firecannon,The Collector,Boots of Swiftness,Infinity Edge,No_Item,No_Item,Farsight Alteration,Celestial Opposition,Locket of the Iron Solari,Control Ward,Mercury's Treads,Giant's Belt,Ruby Crystal,Oracle Lens,Arcane Comet,Domination,Conqueror,Domination,Aftershock,Inspiration,Conqueror,Inspiration,Aftershock,Inspiration,Lethal Tempo,Resolve,Dark Harvest,Precision,Conqueror,Inspiration,Fleet Footwork,Inspiration,Aftershock,Inspiration,Teleport,Flash,Flash,Smite,Flash,Teleport,Flash,Barrier,Flash,Ignite,Flash,Teleport,Flash,Smite,Teleport,Flash,Flash,Cleanse,Ignite,Flash,1,0,2,0,3,0
https://www.op.gg/summoners/euw/ALBANIAN-iLevi/matches/uRd1PvnOddo91lOu63qrYnn2J51doOdw2gf7oMQuRSs%3D/1733229662000,0,7,8,8,7,7,7,7,7,1,1,0,0,0,0,0,0,0,0,12697,13952,5.2,5.6,149,199,20.6,27.5,-1255,1255,1749.3644444444444,1922.2755555555557,Akali,Pantheon,Morgana,Jhin,Zyra,Camille,Sejuani,Katarina,Caitlyn,Karma,Amplifying Tome,Doran's Ring,Boots,No_Item,No_Item,No_Item,Stealth Ward,Scorchclaw Pup,Serrated Dirk,Rectrix,Long Sword,No_Item,No_Item,Oracle Lens,Doran's Ring,Fated Ashes,No_Item,Boots,No_Item,No_Item,Stealth Ward,Doran's Blade,Refillable Potion,Serrated Dirk,Boots,Rectrix,No_Item,Stealth Ward,World Atlas,Amplifying Tome,No_Item,No_Item,No_Item,Sorcerer's Shoes,Oracle Lens,Refillable Potion,Total Biscuit of Everlasting Will,Long Sword,Sheen,Doran's Shield,No_Item,Stealth Ward,Control Ward,Blasting Wand,Ionian Boots of Lucidity,Amplifying Tome,Gustwalker Hatchling,No_Item,Oracle Lens,Dark Seal,Refillable Potion,Amplifying Tome,Sorcerer's Shoes,No_Item,No_Item,Stealth Ward,Serrated Dirk,Dagger,B. F. Sword,Control Ward,No_Item,Doran's Blade,Stealth Ward,Refillable Potion,World Atlas,Control Ward,Boots,Ruby Crystal,Bandleglass Mirror,Oracle Lens,Conqueror,Resolve,Conqueror,Inspiration,Arcane Comet,Inspiration,Dark Harvest,Precision,Arcane Comet,Domination,Grasp of the Undying,Inspiration,Aftershock,Domination,Electrocute,Resolve,Lethal Tempo,Inspiration,Summon Aery,Resolve,Teleport,Ignite,Flash,Smite,Flash,Teleport,Flash,Cleanse,Ignite,Flash,Flash,Teleport,Flash,Smite,Flash,Teleport,Flash,Cleanse,Flash,Heal,0,0,0,0,0,0
https://www.op.gg/summoners/euw/ALBANIAN-iLevi/matches/uRd1PvnOddrcbCSmf8VXpNzZQ0hDjbzmz--7z6DOark%3D/1733226619000,0,20,43,43,20,90,38,69,76,15,21,2,2,0,2,5,10,2,4,60412,70017,14.8,16.8,944,974,29.7,30.599999999999998,-9605,9605,1898.6628571428573,2200.534285714286,K'Sante,Taliyah,Syndra,Caitlyn,Rell,Camille,Zac,Yone,Hwei,Seraphine,Plated Steelcaps,"Jak'Sho, The Protean",Kaenic Rookern,Thornmail,Iceborn Gauntlet,No_Item,Stealth Ward,Liandry's Torment,Blackfire Torch,Sorcerer's Shoes,Morellonomicon,Needlessly Large Rod,Needlessly Large Rod,Oracle Lens,Void Staff,Seraph's Embrace,Sorcerer's Shoes,Cosmic Drive,Liandry's Torment,No_Item,Farsight Alteration,Doran's Blade,The Collector,Berserker's Greaves,Infinity Edge,Rapid Firecannon,No_Item,Farsight Alteration,Solstice Sleigh,Ionian Boots of Lucidity,Control Ward,Abyssal Mask,Trailblazer,Giant's Belt,Oracle Lens,Ravenous Hydra,Mercury's Treads,Sterak's Gage,Trinity Force,Negatron Cloak,Spectre's Cowl,Oracle Lens,Sunfire Aegis,"Jak'Sho, The Protean",Dark Seal,Ionian Boots of Lucidity,Spirit Visage,Cloth Armor,Oracle Lens,Infinity Edge,Berserker's Greaves,Blade of The Ruined King,Immortal Shieldbow,"Jak'Sho, The Protean",No_Item,Farsight Alteration,Blackfire Torch,Banshee's Veil,Liandry's Torment,Amplifying Tome,Ionian Boots of Lucidity,Horizon Focus,Farsight Alteration,Dream Maker,Redemption,Watchful Wardstone,Dawncore,Moonstone Renewer,Ionian Boots of Lucidity,Oracle Lens,Grasp of the Undying,Inspiration,Dark Harvest,Inspiration,First Strike,Sorcery,Lethal Tempo,Sorcery,Aftershock,Inspiration,Grasp of the Undying,Inspiration,Aftershock,Precision,Lethal Tempo,Resolve,Arcane Comet,Precision,Guardian,Sorcery,Flash,Teleport,Flash,Smite,Teleport,Flash,Flash,Barrier,Flash,Ignite,Flash,Teleport,Smite,Flash,Flash,Teleport,Flash,Teleport,Heal,Flash,1,6,0,0,0,1
https://www.op.gg/summoners/euw/ALBANIAN-iLevi/matches/uRd1PvnOddrrmCHiRyxYQijJKFR3QYNFc4MOpyDqoU4%3D/1733223911000,1,17,7,7,17,15,20,32,37,13,5,2,0,0,0,2,0,2,0,34210,26730,10.8,9.6,575,457,33.6,26.7,7480,-7480,1988.2735042735042,1553.5384615384614,Sylas,Viego,Quinn,Ashe,Lulu,Ambessa,Udyr,Zed,Jhin,Bard,Doran's Ring,Hextech Rocketbelt,Dark Seal,Sorcerer's Shoes,Refillable Potion,Aether Wisp,Oracle Lens,Kraken Slayer,Tunneler,No_Item,Plated Steelcaps,No_Item,No_Item,Oracle Lens,Profane Hydra,Synchronized Souls,Doran's Blade,Long Sword,Pickaxe,No_Item,Oracle Lens,Doran's Blade,Kraken Slayer,Berserker's Greaves,Refillable Potion,Zeal,Dagger,Farsight Alteration,Forbidden Idol,Dream Maker,Ionian Boots of Lucidity,Moonstone Renewer,Ruby Crystal,No_Item,Oracle Lens,Doran's Shield,Voltaic Cyclosword,Plated Steelcaps,Long Sword,Refillable Potion,Long Sword,Farsight Alteration,Liandry's Torment,Warden's Mail,No_Item,Slightly Magical Footwear,Gustwalker Hatchling,No_Item,Eye of the Herald,Eclipse,Refillable Potion,Voltaic Cyclosword,No_Item,No_Item,Boots,Oracle Lens,Boots of Swiftness,Statikk Shiv,No_Item,No_Item,Doran's Blade,No_Item,Farsight Alteration,Bloodsong,Giant's Belt,Crystalline Bracer,Control Ward,Giant's Belt,Slightly Magical Footwear,Oracle Lens,Electrocute,Resolve,Conqueror,Inspiration,Electrocute,Sorcery,Lethal Tempo,Inspiration,Summon Aery,Resolve,Grasp of the Undying,Domination,Conqueror,Inspiration,Electrocute,Resolve,Fleet Footwork,Sorcery,Guardian,Inspiration,Flash,Teleport,Flash,Smite,Teleport,Flash,Flash,Barrier,Heal,Flash,Flash,Teleport,Flash,Smite,Flash,Teleport,Flash,Cleanse,Flash,Ignite,0,5,0,1,1,0
https://www.op.gg/summoners/euw/ALBANIAN-iLevi/matches/uRd1PvnOddpiyGd7VC4LX3Q99uwSRHI8oDejUCKol3g%3D/1733222142000,1,37,19,19,37,39,69,61,101,29,21,1,2,0,0,10,3,1,2,61762,50249,14.0,13.0,783,741,28.0,26.6,11513,-11513,2228.1227848101266,1812.7803797468355,Volibear,Kayn,Sylas,Jhin,Rell,Ambessa,Lee Sin,Vladimir,Varus,Pyke,Boots of Swiftness,Cosmic Drive,Fimbulwinter,Spirit Visage,Unending Despair,Doran's Ring,Oracle Lens,Chempunk Chainsword,Eclipse,Plated Steelcaps,Black Cleaver,Long Sword,Control Ward,Oracle Lens,Zhonya's Hourglass,Hextech Rocketbelt,Dark Seal,Sorcerer's Shoes,Cosmic Drive,No_Item,Oracle Lens,Doran's Blade,Infinity Edge,Zeal,Plated Steelcaps,Hubris,The Collector,Farsight Alteration,Locket of the Iron Solari,Celestial Opposition,Frozen Heart,Plated Steelcaps,Kindlegem,No_Item,Oracle Lens,Boots,Eclipse,Doran's Shield,Voltaic Cyclosword,Ruby Crystal,Executioner's Calling,Stealth Ward,Profane Hydra,No_Item,No_Item,No_Item,No_Item,No_Item,Stealth Ward,Cosmic Drive,Void Staff,Boots of Swiftness,Dark Seal,Doran's Ring,Needlessly Large Rod,Stealth Ward,Youmuu's Ghostblade,Boots of Swiftness,Edge of Night,Muramana,Last Whisper,No_Item,Farsight Alteration,Bloodsong,Boots of Swiftness,No_Item,Edge of Night,Executioner's Calling,Umbral Glaive,Oracle Lens,Grasp of the Undying,Precision,Conqueror,Inspiration,Electrocute,Resolve,Dark Harvest,Precision,Aftershock,Inspiration,Conqueror,Resolve,Conqueror,Inspiration,Phase Rush,Inspiration,Hail of Blades,Inspiration,Hail of Blades,Resolve,Teleport,Flash,Flash,Smite,Flash,Teleport,Flash,Barrier,Flash,Ignite,Flash,Teleport,Flash,Smite,Ignite,Flash,Flash,Cleanse,Flash,Ignite,1,6,2,0,0,0
https://www.op.gg/summoners/euw/ALBANIAN-iLevi/matches/uRd1PvnOddqgzLnl0eslilDiYLMi6H0Qaqq0g_mVrHc%3D/1733154036000,1,25,10,10,25,15,38,76,65,24,28,3,0,1,0,6,2,4,0,54992,44346,14.6,12.6,905,839,34.3,31.6,10646,-10646,2085.903448275862,1682.0896551724138,Gragas,Wukong,Akali,Caitlyn,Rakan,Darius,Ambessa,Ahri,Varus,Rell,Zhonya's Hourglass,Control Ward,Cosmic Drive,Fimbulwinter,Ionian Boots of Lucidity,Doran's Ring,Oracle Lens,Black Cleaver,Sundered Sky,Trinity Force,Boots of Swiftness,Ruby Crystal,Control Ward,Stealth Ward,Rabadon's Deathcap,Blighting Jewel,Shadowflame,Stormsurge,Boots,Dark Seal,Oracle Lens,Doran's Blade,Berserker's Greaves,The Collector,Infinity Edge,Rapid Firecannon,No_Item,Farsight Alteration,Locket of the Iron Solari,Dream Maker,Control Ward,Kindlegem,Cloth Armor,Mercury's Treads,Oracle Lens,Stridebreaker,Sterak's Gage,Null-Magic Mantle,Ruby Crystal,Mercury's Treads,No_Item,Oracle Lens,Spear of Shojin,Cloth Armor,Slightly Magical Footwear,Hexdrinker,Ruby Crystal,Voltaic Cyclosword,Oracle Lens,Shadowflame,Control Ward,Sorcerer's Shoes,Malignance,Dark Seal,No_Item,Oracle Lens,Doran's Blade,Mercury's Treads,Recurve Bow,Blade of The Ruined King,Guinsoo's Rageblade,Dagger,Farsight Alteration,Control Ward,Locket of the Iron Solari,Celestial Opposition,Ionian Boots of Lucidity,Kindlegem,Chain Vest,Oracle Lens,Phase Rush,Inspiration,Conqueror,Inspiration,Electrocute,Resolve,Fleet Footwork,Sorcery,Guardian,Domination,Conqueror,Sorcery,Conqueror,Inspiration,Electrocute,Sorcery,Press the Attack,Inspiration,Aftershock,Inspiration,Flash,Teleport,Flash,Smite,Ignite,Flash,Flash,Cleanse,Flash,Heal,Flash,Ghost,Flash,Smite,Flash,Teleport,Barrier,Flash,Ignite,Flash,1,1,0,0,5,0
https://www.op.gg/summoners/euw/ALBANIAN-iLevi/matches/uRd1PvnOddqe_6GHGYC2W-UpKfENMLb2NuMQmkYFIuo%3D/1733151965000,0,16,28,28,16,53,40,73,69,26,27,2,2,0,1,4,11,2,3,58427,64002,14.8,15.4,953,982,31.6,32.6,-5575,5575,1939.3836134453784,2124.4361344537815,Jayce,Ivern,Smolder,Caitlyn,Karma,Cho'Gath,Gragas,Yone,Jhin,Bard,Serylda's Grudge,Serrated Dirk,Tunneler,Eclipse,Ionian Boots of Lucidity,Muramana,Farsight Alteration,Redemption,Ionian Boots of Lucidity,Moonstone Renewer,Dark Seal,Dawncore,Glowing Mote,Oracle Lens,Muramana,Ionian Boots of Lucidity,Doran's Blade,Trinity Force,Rapid Firecannon,Last Whisper,Farsight Alteration,Immortal Shieldbow,Infinity Edge,The Collector,Lord Dominik's Regards,Berserker's Greaves,No_Item,Farsight Alteration,Dream Maker,Redemption,Kindlegem,Shurelya's Battlesong,Oblivion Orb,Ionian Boots of Lucidity,Oracle Lens,Randuin's Omen,Plated Steelcaps,Warmog's Armor,"Jak'Sho, The Protean",Control Ward,Unending Despair,Oracle Lens,Shadowflame,Lich Bane,Sorcerer's Shoes,Cosmic Drive,Dark Seal,No_Item,Oracle Lens,Immortal Shieldbow,Stridebreaker,B. F. Sword,Blade of The Ruined King,Berserker's Greaves,Cloak of Agility,Oracle Lens,Serrated Dirk,Doran's Blade,Boots of Swiftness,Infinity Edge,The Collector,Zeal,Farsight Alteration,Bloodsong,Dead Man's Plate,Control Ward,Statikk Shiv,Slightly Magical Footwear,Executioner's Calling,Oracle Lens,Phase Rush,Precision,Summon Aery,Inspiration,Grasp of the Undying,Precision,First Strike,Sorcery,Arcane Comet,Inspiration,Arcane Comet,Resolve,Dark Harvest,Inspiration,Fleet Footwork,Resolve,Dark Harvest,Inspiration,Guardian,Inspiration,Flash,Teleport,Smite,Flash,Flash,Teleport,Ghost,Flash,Heal,Flash,Flash,Teleport,Smite,Flash,Teleport,Flash,Barrier,Flash,Flash,Ignite,0,3,0,1,3,1
https://www.op.gg/summoners/euw/ALBANIAN-iLevi/matches/uRd1PvnOddpyi6SekO26mhdYusa22NhNd8k7VJwND00%3D/1733149017000,0,27,34,35,27,62,36,90,73,28,35,1,2,0,1,3,6,1,3,50465,53923,12.6,14.0,707,725,27.8,28.6,-3458,3458,1973.3108974358972,2108.527564102564,Renekton,Udyr,Syndra,Ashe,Pyke,Kennen,Morgana,Yone,Jhin,Rakan,Stridebreaker,Sterak's Gage,Glowing Mote,Mercury's Treads,Steel Sigil,No_Item,Farsight Alteration,Liandry's Torment,Dead Man's Plate,No_Item,Mercury's Treads,Negatron Cloak,Winged Moonplate,Oracle Lens,Stormsurge,Luden's Companion,Rabadon's Deathcap,No_Item,No_Item,Sorcerer's Shoes,Farsight Alteration,Executioner's Calling,Kraken Slayer,Phantom Dancer,No_Item,Berserker's Greaves,Doran's Blade,Farsight Alteration,Youmuu's Ghostblade,Bloodsong,No_Item,Umbral Glaive,Serrated Dirk,Mercury's Treads,Oracle Lens,Sorcerer's Shoes,Liandry's Torment,Shadowflame,No_Item,Void Staff,Dark Seal,Oracle Lens,Liandry's Torment,Cosmic Drive,Fiendish Codex,Dark Seal,Ionian Boots of Lucidity,Amplifying Tome,Stealth Ward,Wit's End,No_Item,Blade of The Ruined King,Phage,Berserker's Greaves,Long Sword,Farsight Alteration,Doran's Blade,The Collector,Boots of Swiftness,Infinity Edge,Rapid Firecannon,Last Whisper,Farsight Alteration,Redemption,Locket of the Iron Solari,Celestial Opposition,Ionian Boots of Lucidity,Kindlegem,Null-Magic Mantle,Oracle Lens,Press the Attack,Resolve,Conqueror,Inspiration,First Strike,Sorcery,Lethal Tempo,Inspiration,Hail of Blades,Resolve,Electrocute,Inspiration,Arcane Comet,Inspiration,Fleet Footwork,Resolve,Dark Harvest,Precision,Guardian,Domination,Teleport,Flash,Flash,Smite,Flash,Teleport,Flash,Barrier,Flash,Ignite,Flash,Teleport,Flash,Smite,Flash,Teleport,Flash,Cleanse,Flash,Ignite,0,6,0,0,0,0
https://www.op.gg/summoners/euw/ALBANIAN-iLevi/matches/uRd1PvnOddoMyGn-fY9S4pRwyTcxD8EwP9cOua7jZaE%3D/1733146923000,1,46,20,22,46,32,64,62,59,21,13,1,1,0,0,10,3,1,1,61506,50091,14.6,13.2,805,688,30.8,26.400000000000002,11415,-11415,2358.261139896373,1920.5875647668395,Ambessa,Talon,Galio,Smolder,Janna,Renekton,Morgana,Lissandra,Viego,Caitlyn,No_Item,Edge of Night,Voltaic Cyclosword,Plated Steelcaps,Long Sword,Eclipse,Farsight Alteration,Edge of Night,Youmuu's Ghostblade,Black Cleaver,Boots of Swiftness,Hubris,The Brutalizer,Oracle Lens,Thornmail,Hollow Radiance,Unending Despair,Kindlegem,Chain Vest,Mercury's Treads,Oracle Lens,Doran's Ring,Hubris,Muramana,Serrated Dirk,Ionian Boots of Lucidity,Rapid Firecannon,Farsight Alteration,Mikael's Blessing,Boots of Swiftness,Control Ward,Dream Maker,Echoes of Helia,Moonstone Renewer,Oracle Lens,Eclipse,Doran's Shield,Black Cleaver,Plated Steelcaps,Phage,Long Sword,Stealth Ward,Horizon Focus,Liandry's Torment,Shadowflame,Amplifying Tome,Dark Seal,Sorcerer's Shoes,Oracle Lens,Luden's Companion,Liandry's Torment,Fiendish Codex,Sorcerer's Shoes,Dark Seal,Doran's Ring,Stealth Ward,Titanic Hydra,Kraken Slayer,Plated Steelcaps,Chain Vest,Ruby Crystal,No_Item,Stealth Ward,Bloodsong,Last Whisper,The Collector,Serpent's Fang,Ionian Boots of Lucidity,Long Sword,Oracle Lens,Conqueror,Resolve,Conqueror,Inspiration,Aftershock,Sorcery,Arcane Comet,Inspiration,Summon Aery,Resolve,Conqueror,Resolve,Dark Harvest,Inspiration,Arcane Comet,Domination,Conqueror,Resolve,Hail of Blades,Inspiration,Teleport,Flash,Flash,Smite,Flash,Teleport,Flash,Cleanse,Flash,Heal,Teleport,Flash,Ghost,Smite,Flash,Teleport,Flash,Ignite,Flash,Heal,1,1,2,0,5,0
https://www.op.gg/summoners/euw/ALBANIAN-iLevi/matches/uRd1PvnOddqTojN5ARm6FrShw-l2G82-0JACCEF_I78%3D/1733144062000,0,14,27,27,15,35,12,34,38,9,9,0,2,0,0,2,4,0,2,36401,42910,10.8,12.4,609,627,29.8,30.7,-6509,6509,1775.658536585366,2093.170731707317,Darius,Kayn,LeBlanc,Corki,Tahm Kench,Ambessa,Viego,Galio,Syndra,Camille,Boots of Swiftness,Trinity Force,Sterak's Gage,Long Sword,No_Item,Doran's Shield,Stealth Ward,Black Cleaver,Eclipse,Plated Steelcaps,No_Item,Control Ward,No_Item,Oracle Lens,Luden's Companion,Blasting Wand,Dark Seal,Mercury's Treads,Blighting Jewel,Doran's Ring,Oracle Lens,Doran's Blade,Trinity Force,Muramana,Dagger,Slightly Magical Footwear,No_Item,Farsight Alteration,Heartsteel,Celestial Opposition,Control Ward,Cloth Armor,Slightly Magical Footwear,Kindlegem,Oracle Lens,Doran's Shield,Ruby Crystal,Eclipse,Plated Steelcaps,Spear of Shojin,Tunneler,Stealth Ward,Sundered Sky,Kraken Slayer,Ruby Crystal,No_Item,Slightly Magical Footwear,No_Item,Oracle Lens,Hollow Radiance,Plated Steelcaps,Refillable Potion,Doran's Shield,Fiendish Codex,Haunting Guise,Oracle Lens,Control Ward,Needlessly Large Rod,Blackfire Torch,Mejai's Soulstealer,Cosmic Drive,Sorcerer's Shoes,Farsight Alteration,Bloodsong,Sundered Sky,No_Item,Boots,Eclipse,No_Item,Oracle Lens,Conqueror,Resolve,Conqueror,Inspiration,First Strike,Domination,Conqueror,Inspiration,Guardian,Inspiration,Conqueror,Resolve,Conqueror,Inspiration,Aftershock,Sorcery,Arcane Comet,Inspiration,Hail of Blades,Resolve,Flash,Ghost,Flash,Smite,Teleport,Flash,Barrier,Flash,Flash,Ignite,Flash,Teleport,Flash,Smite,Flash,Teleport,Flash,Teleport,Flash,Ignite,1,4,0,0,2,0
https://www.op.gg/summoners/euw/ALBANIAN-iLevi/matches/uRd1PvnOddqzb_GL0CpqdbABkf2B8vnRIxIY4xpYjGU%3D/1733138789000,1,40,27,27,40,37,61,60,69,22,20,0,3,1,0,6,1,1,3,56765,47925,14.2,12.8,732,733,28.099999999999998,28.2,8840,-8840,2178.8585858585857,1839.5454545454545,Kennen,Zed,Ambessa,Corki,Nami,Yasuo,Kindred,Aurora,Kog'Maw,Nautilus,Stormsurge,Hextech Rocketbelt,Sorcerer's Shoes,Amplifying Tome,Shadowflame,Doran's Ring,Farsight Alteration,Eclipse,Edge of Night,Long Sword,No_Item,Voltaic Cyclosword,Ionian Boots of Lucidity,Oracle Lens,Spear of Shojin,No_Item,Sterak's Gage,Ionian Boots of Lucidity,No_Item,Eclipse,Oracle Lens,Slightly Magical Footwear,Trinity Force,Muramana,Infinity Edge,Rapid Firecannon,No_Item,Farsight Alteration,Dream Maker,Control Ward,Ionian Boots of Lucidity,Imperial Mandate,Ardent Censer,Ruby Crystal,Oracle Lens,Doran's Blade,Berserker's Greaves,Stridebreaker,Negatron Cloak,Blade of The Ruined King,Chain Vest,Stealth Ward,Noonquiver,No_Item,Trinity Force,Lord Dominik's Regards,No_Item,Plated Steelcaps,Oracle Lens,Malignance,Cosmic Drive,Seeker's Armguard,Doran's Ring,Dark Seal,Sorcerer's Shoes,Farsight Alteration,Blade of The Ruined King,Guinsoo's Rageblade,Recurve Bow,Berserker's Greaves,Hearthbound Axe,Doran's Blade,Farsight Alteration,Locket of the Iron Solari,Bloodsong,Control Ward,Knight's Vow,Boots,No_Item,Oracle Lens,Electrocute,Sorcery,Electrocute,Inspiration,Electrocute,Sorcery,Fleet Footwork,Inspiration,Summon Aery,Inspiration,Lethal Tempo,Resolve,Press the Attack,Inspiration,Electrocute,Sorcery,Lethal Tempo,Inspiration,Aftershock,Inspiration,Flash,Teleport,Smite,Flash,Teleport,Flash,Barrier,Flash,Flash,Heal,Flash,Teleport,Flash,Smite,Flash,Teleport,Flash,Barrier,Flash,Ignite,1,6,1,0,0,0
https://www.op.gg/summoners/euw/ALBANIAN-iLevi/matches/uRd1PvnOddokPRplJqlObGjUcXu7FtEJ4x6cYuyeWrg%3D/1733136259000,1,27,21,21,27,40,62,96,108,45,35,1,2,1,0,10,3,2,2,67785,59981,15.6,15.0,1039,993,30.5,29.2,7804,-7804,1987.271084337349,1758.4791164658632,Jayce,Wukong,Syndra,Caitlyn,Karma,K'Sante,Viego,Aurora,Jhin,Rakan,Serrated Dirk,Muramana,Edge of Night,Eclipse,Ionian Boots of Lucidity,Serylda's Grudge,Farsight Alteration,Sundered Sky,Trinity Force,No_Item,Sterak's Gage,Steel Sigil,Plated Steelcaps,Oracle Lens,Sorcerer's Shoes,Luden's Companion,No_Item,Void Staff,Shadowflame,Dark Seal,Farsight Alteration,The Collector,Lord Dominik's Regards,Infinity Edge,Rapid Firecannon,Berserker's Greaves,Doran's Blade,Farsight Alteration,Dream Maker,Moonstone Renewer,No_Item,Ionian Boots of Lucidity,Kindlegem,Echoes of Helia,Oracle Lens,"Jak'Sho, The Protean",Iceborn Gauntlet,Plated Steelcaps,Thornmail,Chain Vest,Kindlegem,Stealth Ward,Sundered Sky,Trinity Force,Control Ward,Sterak's Gage,B. F. Sword,Slightly Magical Footwear,Oracle Lens,Malignance,Cosmic Drive,Blasting Wand,Mercury's Treads,Rabadon's Deathcap,Blighting Jewel,Farsight Alteration,Boots of Swiftness,Long Sword,Statikk Shiv,Rapid Firecannon,Infinity Edge,Noonquiver,Farsight Alteration,Celestial Opposition,Control Ward,Redemption,Ionian Boots of Lucidity,Ruby Crystal,Locket of the Iron Solari,Oracle Lens,Conqueror,Inspiration,Conqueror,Inspiration,Arcane Comet,Inspiration,Lethal Tempo,Sorcery,Summon Aery,Resolve,Grasp of the Undying,Inspiration,Conqueror,Inspiration,Arcane Comet,Domination,Fleet Footwork,Sorcery,Guardian,Domination,Flash,Teleport,Flash,Smite,Teleport,Flash,Barrier,Flash,Flash,Heal,Teleport,Flash,Flash,Smite,Teleport,Flash,Flash,Barrier,Ignite,Flash,0,2,1,1,3,0
https://www.op.gg/summoners/euw/ALBANIAN-iLevi/matches/uRd1PvnOddreOAMsUxLLIR58kfyuv7XKtMXoR0z3kGg%3D/1733133716000,0,30,40,40,30,71,33,132,82,40,51,1,4,1,1,6,10,2,5,70163,79246,16.2,17.4,1031,1195,29.1,33.7,-9083,9083,1984.1176229508196,2240.972950819672,Ekko,Viego,Sylas,Corki,Pyke,Ornn,Graves,Yone,Jhin,Lux,Rabadon's Deathcap,Hextech Rocketbelt,Void Staff,Nashor's Tooth,Sorcerer's Shoes,Seeker's Armguard,Stealth Ward,Titanic Hydra,Kraken Slayer,Control Ward,Death's Dance,Sterak's Gage,Plated Steelcaps,Oracle Lens,Hextech Rocketbelt,Sorcerer's Shoes,Zhonya's Hourglass,Cosmic Drive,Rabadon's Deathcap,No_Item,Farsight Alteration,B. F. Sword,Lord Dominik's Regards,Muramana,Plated Steelcaps,Pickaxe,Trinity Force,Farsight Alteration,Celestial Opposition,Umbral Glaive,Control Ward,Edge of Night,Synchronized Souls,Steel Sigil,Oracle Lens,Warmog's Armor,Hollow Radiance,Mercury's Treads,"Jak'Sho, The Protean",Bramble Vest,Chain Vest,Stealth Ward,The Collector,Lord Dominik's Regards,Youmuu's Ghostblade,Infinity Edge,Mercury's Treads,Immortal Shieldbow,Oracle Lens,Infinity Edge,Blade of The Ruined King,Berserker's Greaves,Negatron Cloak,Immortal Shieldbow,Giant's Belt,Farsight Alteration,Boots of Swiftness,Infinity Edge,The Collector,Lord Dominik's Regards,Rapid Firecannon,Bloodthirster,Farsight Alteration,Plated Steelcaps,Redemption,Celestial Opposition,Control Ward,Zhonya's Hourglass,Locket of the Iron Solari,Oracle Lens,Arcane Comet,Domination,Conqueror,Inspiration,Conqueror,Resolve,Conqueror,Inspiration,Hail of Blades,Resolve,Grasp of the Undying,Inspiration,Dark Harvest,Precision,Lethal Tempo,Resolve,Fleet Footwork,Sorcery,Aftershock,Domination,Teleport,Flash,Flash,Smite,Flash,Teleport,Flash,Barrier,Flash,Ignite,Flash,Teleport,Smite,Flash,Teleport,Flash,Flash,Barrier,Flash,Heal,1,6,1,0,0,2
https://www.op.gg/summoners/euw/ALBANIAN-iLevi/matches/uRd1PvnOddrHnm8wqihdNwFK3L-mom8Sg-KoXZZVYf0%3D/1733090781000,0,39,33,34,39,40,72,120,74,41,53,3,1,1,1,8,9,4,2,71676,72033,16.4,17.0,965,1096,27.900000000000002,31.6,-357,357,2086.7696202531642,2097.1632911392403,Aurora,Kha'Zix,Zoe,Ashe,Pyke,Gragas,Bel'Veth,Yone,Jinx,Leona,Rabadon's Deathcap,Sorcerer's Shoes,Malignance,Liandry's Torment,Cosmic Drive,Dark Seal,Farsight Alteration,Mercury's Treads,Youmuu's Ghostblade,B. F. Sword,Serylda's Grudge,Edge of Night,Steel Sigil,Oracle Lens,Dark Seal,Zhonya's Hourglass,Ionian Boots of Lucidity,Luden's Companion,Horizon Focus,Oblivion Orb,Oracle Lens,Mortal Reminder,Infinity Edge,B. F. Sword,Berserker's Greaves,Phantom Dancer,Kraken Slayer,Farsight Alteration,Bloodsong,Edge of Night,Control Ward,Mercury's Treads,Opportunity,Umbral Glaive,Oracle Lens,Zhonya's Hourglass,Fimbulwinter,Hextech Rocketbelt,Cosmic Drive,Boots of Swiftness,No_Item,Oracle Lens,Hullbreaker,Kraken Slayer,Immortal Shieldbow,Caulfield's Warhammer,Mercury's Treads,Cloth Armor,Oracle Lens,Blade of The Ruined King,Immortal Shieldbow,Infinity Edge,Wit's End,Cloth Armor,Berserker's Greaves,Farsight Alteration,Yun Tal Wildarrows,Berserker's Greaves,Infinity Edge,Rapid Firecannon,Lord Dominik's Regards,No_Item,Farsight Alteration,Celestial Opposition,Locket of the Iron Solari,Negatron Cloak,Knight's Vow,Mercury's Treads,Ruby Crystal,Oracle Lens,Electrocute,Sorcery,Electrocute,Inspiration,Electrocute,Precision,Lethal Tempo,Inspiration,Hail of Blades,Resolve,Phase Rush,Precision,Press the Attack,Domination,Lethal Tempo,Resolve,Lethal Tempo,Sorcery,Aftershock,Inspiration,Flash,Teleport,Smite,Flash,Flash,Exhaust,Flash,Cleanse,Flash,Ignite,Flash,Teleport,Flash,Smite,Teleport,Flash,Flash,Cleanse,Ignite,Flash,0,5,2,1,1,1
https://www.op.gg/summoners/euw/ALBANIAN-iLevi/matches/uRd1PvnOddoWv5fcgMwWcTP0nzfqe9Xz-566EQtSN0c%3D/1733085431000,1,24,14,14,24,17,25,44,36,8,13,2,0,0,0,4,1,2,0,40302,32513,11.0,10.0,581,519,31.8,28.400000000000002,7789,-7789,2215.275496688742,1787.1384105960267,Olaf,Elise,Yone,Ashe,Janna,Irelia,Ivern,Gnar,Lux,Rell,Doran's Shield,Stridebreaker,Sterak's Gage,Cloth Armor,Plated Steelcaps,No_Item,Stealth Ward,No_Item,Stormsurge,No_Item,Shadowflame,No_Item,Sorcerer's Shoes,Eye of the Herald,Refillable Potion,Doran's Blade,Berserker's Greaves,Blade of The Ruined King,Cloak of Agility,No_Item,Farsight Alteration,Doran's Blade,Refillable Potion,Statikk Shiv,Berserker's Greaves,Scout's Slingshot,Zeal,Farsight Alteration,Dream Maker,Refillable Potion,Moonstone Renewer,Ionian Boots of Lucidity,No_Item,Forbidden Idol,Oracle Lens,Blade of The Ruined King,Plated Steelcaps,Rectrix,Recurve Bow,Doran's Blade,Hearthbound Axe,Stealth Ward,Redemption,Moonstone Renewer,Control Ward,Dark Seal,Synchronized Souls,No_Item,Oracle Lens,Doran's Blade,Pickaxe,Cull,Boots of Swiftness,Trinity Force,No_Item,Farsight Alteration,Luden's Companion,Dark Seal,Sorcerer's Shoes,Hextech Alternator,Amplifying Tome,Doran's Ring,Farsight Alteration,Solstice Sleigh,Refillable Potion,Control Ward,Kindlegem,Ionian Boots of Lucidity,Zeke's Convergence,Oracle Lens,Conqueror,Inspiration,Dark Harvest,Precision,Lethal Tempo,Resolve,Lethal Tempo,Inspiration,Summon Aery,Resolve,Press the Attack,Domination,Glacial Augment,Sorcery,Fleet Footwork,Resolve,Dark Harvest,Precision,Glacial Augment,Resolve,Ghost,Flash,Flash,Smite,Flash,Teleport,Flash,Cleanse,Flash,Heal,Teleport,Flash,Flash,Smite,Flash,Teleport,Flash,Teleport,Flash,Ignite,1,5,0,0,0,0
https://www.op.gg/summoners/euw/ALBANIAN-iLevi/matches/uRd1PvnOddpylgipUthfD5EdD1yi6IW5iM_TtfN3YWY%3D/1733083969000,0,31,34,34,31,55,52,72,57,18,28,0,1,0,1,3,11,0,2,52842,60936,13.8,14.8,785,756,28.4,27.5,-8094,8094,1926.53125,2221.625,Yasuo,Elise,Ambessa,Jinx,Rell,Varus,Viego,Gragas,Ashe,Leona,Infinity Edge,Blade of The Ruined King,Berserker's Greaves,Immortal Shieldbow,Giant's Belt,Control Ward,Farsight Alteration,No_Item,Stormsurge,Zhonya's Hourglass,Sorcerer's Shoes,Shadowflame,Dark Seal,Oracle Lens,Tunneler,Mercury's Treads,Control Ward,No_Item,Spear of Shojin,Eclipse,Oracle Lens,Lord Dominik's Regards,Berserker's Greaves,Infinity Edge,No_Item,The Collector,No_Item,Farsight Alteration,Locket of the Iron Solari,Bloodsong,No_Item,Kindlegem,Mercury's Treads,Chain Vest,Oracle Lens,Doran's Blade,Plated Steelcaps,Experimental Hexplate,Blade of The Ruined King,Terminus,Recurve Bow,Stealth Ward,Titanic Hydra,Kraken Slayer,No_Item,Sterak's Gage,Mercury's Treads,No_Item,Oracle Lens,Cosmic Drive,Ionian Boots of Lucidity,Doran's Ring,Fimbulwinter,Lich Bane,Needlessly Large Rod,Farsight Alteration,Doran's Blade,Pickaxe,Long Sword,Kraken Slayer,Phantom Dancer,Berserker's Greaves,Farsight Alteration,Bloodsong,Heartsteel,Control Ward,Plated Steelcaps,Unending Despair,No_Item,Oracle Lens,Lethal Tempo,Resolve,Dark Harvest,Precision,Grasp of the Undying,Domination,Lethal Tempo,Inspiration,Aftershock,Inspiration,Press the Attack,Resolve,Conqueror,Inspiration,Phase Rush,Inspiration,Lethal Tempo,Inspiration,Aftershock,Inspiration,Flash,Teleport,Flash,Smite,Teleport,Flash,Flash,Cleanse,Flash,Ignite,Teleport,Flash,Flash,Smite,Flash,Teleport,Flash,Barrier,Flash,Ignite,0,1,0,1,5,3
https://www.op.gg/summoners/euw/ALBANIAN-iLevi/matches/uRd1PvnOddqSTLvINqLRBNt1H7JpEfYzrUn89hIUxn0%3D/1733080351000,1,39,31,31,39,44,70,104,103,48,43,5,0,1,1,10,7,6,1,74944,73623,16.8,16.4,1047,1135,29.4,31.9,1321,-1321,2111.5174603174605,2074.2988095238097,Karma,Viego,Irelia,Ziggs,Lulu,Hwei,Bel'Veth,Renekton,Jhin,Pyke,Malignance,Shadowflame,Zhonya's Hourglass,Ionian Boots of Lucidity,Oblivion Orb,Control Ward,Farsight Alteration,Titanic Hydra,Kraken Slayer,Plated Steelcaps,Death's Dance,Guardian Angel,Warden's Mail,Oracle Lens,Wit's End,Kraken Slayer,Frozen Heart,Plated Steelcaps,Blade of The Ruined King,Sterak's Gage,Farsight Alteration,Void Staff,Luden's Companion,No_Item,Liandry's Torment,Sorcerer's Shoes,Horizon Focus,Farsight Alteration,Redemption,Dream Maker,Locket of the Iron Solari,Watchful Wardstone,Ionian Boots of Lucidity,Moonstone Renewer,Oracle Lens,Blackfire Torch,Amplifying Tome,Seraph's Embrace,Ionian Boots of Lucidity,Shadowflame,Blasting Wand,Farsight Alteration,Hullbreaker,Kraken Slayer,Immortal Shieldbow,Death's Dance,Steel Sigil,Boots of Swiftness,Oracle Lens,Kaenic Rookern,Black Cleaver,Sterak's Gage,Eclipse,Plated Steelcaps,Spirit Visage,Oracle Lens,Infinity Edge,Hubris,The Collector,Serpent's Fang,Boots of Swiftness,Zeal,Farsight Alteration,Bloodsong,Maw of Malmortius,Control Ward,Ionian Boots of Lucidity,Serpent's Fang,Edge of Night,Oracle Lens,Summon Aery,Resolve,Conqueror,Inspiration,Conqueror,Resolve,Arcane Comet,Precision,Summon Aery,Resolve,Arcane Comet,Precision,Press the Attack,Domination,Conqueror,Resolve,Dark Harvest,Precision,Hail of Blades,Resolve,Flash,Teleport,Flash,Smite,Teleport,Flash,Flash,Teleport,Heal,Flash,Flash,Teleport,Flash,Smite,Flash,Teleport,Barrier,Flash,Flash,Ignite,1,5,3,0,1,0
https://www.op.gg/summoners/euw/ALBANIAN-iLevi/matches/uRd1PvnOddoLNPHv4p_BGVXOKYHKzglV9AXzfJeI72E%3D/1733075130000,1,15,6,6,15,7,17,33,30,11,7,0,1,0,0,2,1,0,1,30955,26513,9.6,9.4,486,485,31.9,31.9,4442,-4442,2035.7792792792793,1743.6477477477479,K'Sante,Wukong,Akshan,Ziggs,Lux,Riven,Elise,Ahri,Kalista,Rell,Doran's Shield,Refillable Potion,Mercury's Treads,Iceborn Gauntlet,Null-Magic Mantle,Cloth Armor,Farsight Alteration,Slightly Magical Footwear,Trinity Force,Gustwalker Hatchling,Tunneler,Caulfield's Warhammer,No_Item,Oracle Lens,Doran's Blade,Slightly Magical Footwear,The Collector,B. F. Sword,Cloak of Agility,No_Item,Farsight Alteration,Sorcerer's Shoes,Fiendish Codex,Fiendish Codex,Tear of the Goddess,Doran's Ring,Luden's Companion,Farsight Alteration,Boots of Swiftness,Locket of the Iron Solari,Celestial Opposition,Kindlegem,Faerie Charm,Control Ward,Oracle Lens,Eclipse,Ionian Boots of Lucidity,Doran's Blade,Long Sword,Long Sword,No_Item,Stealth Ward,Stormsurge,Haunting Guise,Dark Seal,Sorcerer's Shoes,No_Item,Gustwalker Hatchling,Oracle Lens,Doran's Ring,Dark Seal,Control Ward,Boots,Fiendish Codex,Malignance,Oracle Lens,Doran's Blade,Blade of The Ruined King,Berserker's Greaves,No_Item,No_Item,Dagger,Stealth Ward,Celestial Opposition,Mercury's Treads,No_Item,Cloth Armor,Winged Moonplate,No_Item,Oracle Lens,Grasp of the Undying,Inspiration,Conqueror,Inspiration,Press the Attack,Inspiration,Arcane Comet,Precision,Aftershock,Domination,Conqueror,Inspiration,Dark Harvest,Precision,Electrocute,Sorcery,Lethal Tempo,Domination,Aftershock,Inspiration,Flash,Teleport,Smite,Flash,Flash,Teleport,Flash,Teleport,Flash,Heal,Flash,Ignite,Flash,Smite,Flash,Teleport,Flash,Barrier,Flash,Ignite,0,6,0,1,0,0
https://www.op.gg/summoners/euw/ALBANIAN-iLevi/matches/uRd1PvnOddrF6uuoucn0Xkmvr0xZr8L4zy2AQXJxRfs%3D/1733073652000,1,37,19,19,37,33,60,74,60,24,23,3,0,1,0,10,3,4,0,57991,46068,14.2,12.8,792,706,32.4,28.9,11923,-11923,2380.6831578947367,1891.2126315789471,Cho'Gath,Elise,Yasuo,Corki,Rell,Renekton,Nocturne,Azir,Ashe,Rakan,Heartsteel,Plated Steelcaps,Thornmail,Negatron Cloak,Spectre's Cowl,Doran's Ring,Stealth Ward,Void Staff,Liandry's Torment,Needlessly Large Rod,Dark Seal,Stormsurge,Sorcerer's Shoes,Oracle Lens,Doran's Shield,Blade of The Ruined King,No_Item,Immortal Shieldbow,Refillable Potion,Berserker's Greaves,Farsight Alteration,Doran's Blade,No_Item,Trinity Force,Rapid Firecannon,Plated Steelcaps,Muramana,Farsight Alteration,Solstice Sleigh,Control Ward,Ionian Boots of Lucidity,Knight's Vow,Kindlegem,Zeke's Convergence,Oracle Lens,Mercury's Treads,Black Cleaver,Sterak's Gage,Control Ward,Long Sword,No_Item,Oracle Lens,Mercury's Treads,Stridebreaker,Experimental Hexplate,Phage,Ruby Crystal,No_Item,Farsight Alteration,Shadowflame,Seeker's Armguard,Sorcerer's Shoes,No_Item,Dark Seal,Nashor's Tooth,Oracle Lens,Kraken Slayer,Berserker's Greaves,Trinity Force,Dagger,Dagger,Doran's Blade,Farsight Alteration,Celestial Opposition,Kindlegem,Control Ward,Cloth Armor,Zeke's Convergence,Mercury's Treads,Oracle Lens,Grasp of the Undying,Precision,Dark Harvest,Precision,Fleet Footwork,Resolve,Conqueror,Inspiration,Aftershock,Inspiration,Conqueror,Resolve,Lethal Tempo,Domination,Conqueror,Sorcery,Lethal Tempo,Inspiration,Guardian,Inspiration,Teleport,Flash,Flash,Smite,Flash,Teleport,Flash,Barrier,Flash,Ignite,Flash,Teleport,Flash,Smite,Teleport,Flash,Flash,Cleanse,Flash,Heal,1,1,2,0,2,0
https://www.op.gg/summoners/euw/ALBANIAN-iLevi/matches/uRd1PvnOddp13dEoBx-lJa0nOupdQ_sryqYClcil6VM%3D/1733070545000,1,29,12,12,29,15,51,35,27,2,7,1,1,0,0,7,1,1,1,41492,33207,11.6,10.6,567,567,30.7,30.7,8285,-8285,2242.810810810811,1794.972972972973,Nasus,Lee Sin,Gragas,Corki,Nautilus,Dr. Mundo,Singed,Akali,Caitlyn,Jax,Doran's Shield,Ionian Boots of Lucidity,Trinity Force,Glowing Mote,Tunneler,No_Item,Farsight Alteration,Eclipse,No_Item,No_Item,Sundered Sky,Slightly Magical Footwear,No_Item,Stealth Ward,Control Ward,Boots of Swiftness,Hextech Rocketbelt,Dark Seal,Cosmic Drive,Lost Chapter,Farsight Alteration,Control Ward,Muramana,Trinity Force,Boots,No_Item,Doran's Blade,Farsight Alteration,Bloodsong,Control Ward,Locket of the Iron Solari,Knight's Vow,Plated Steelcaps,Ruby Crystal,Oracle Lens,Slightly Magical Footwear,Refillable Potion,Warmog's Armor,Heartsteel,Doran's Shield,No_Item,Stealth Ward,No_Item,Boots of Swiftness,Liandry's Torment,Blasting Wand,Amplifying Tome,No_Item,Oracle Lens,Doran's Ring,Refillable Potion,Dark Seal,Stormsurge,Boots,Hextech Alternator,Oracle Lens,Doran's Blade,Yun Tal Wildarrows,B. F. Sword,Berserker's Greaves,Pickaxe,No_Item,Farsight Alteration,Bloodsong,Sundered Sky,Control Ward,Boots,No_Item,No_Item,Oracle Lens,Fleet Footwork,Resolve,Conqueror,Inspiration,Phase Rush,Precision,Conqueror,Inspiration,Aftershock,Inspiration,Grasp of the Undying,Inspiration,Conqueror,Sorcery,Electrocute,Resolve,Lethal Tempo,Sorcery,Hail of Blades,Inspiration,Flash,Ghost,Flash,Smite,Flash,Teleport,Flash,Barrier,Flash,Ignite,Ghost,Teleport,Ghost,Smite,Ignite,Flash,Barrier,Flash,Flash,Ignite,0,6,1,0,0,0
https://www.op.gg/summoners/euw/ALBANIAN-iLevi/matches/uRd1PvnOddoV9RQ79UkyERfaiPoYvSUvslzSd-7KcF4%3D/1733053445000,1,49,30,31,49,45,95,109,128,47,34,6,1,1,3,11,7,7,4,93643,88092,18.0,17.6,1323,1385,29.3,30.6,5551,-5551,2066.0489971346706,1943.5770773638967,Ambessa,Wukong,Akali,Seraphine,Senna,Viktor,Viego,Gragas,Corki,Camille,Mercury's Treads,Eclipse,Maw of Malmortius,Spear of Shojin,Guardian Angel,Phage,Oracle Lens,Trinity Force,Sterak's Gage,Abyssal Mask,Sundered Sky,Boots of Swiftness,Death's Dance,Stealth Ward,Cosmic Drive,Zhonya's Hourglass,Void Staff,Rabadon's Deathcap,Lich Bane,Banshee's Veil,Oracle Lens,Liandry's Torment,Zhonya's Hourglass,Redemption,Ionian Boots of Lucidity,Rylai's Crystal Scepter,Seraph's Embrace,Farsight Alteration,Dream Maker,Vigilant Wardstone,Locket of the Iron Solari,Redemption,Boots of Swiftness,Moonstone Renewer,Oracle Lens,Rabadon's Deathcap,Zhonya's Hourglass,Mercury's Treads,Lich Bane,Liandry's Torment,Luden's Companion,Farsight Alteration,Sundered Sky,Plated Steelcaps,Sterak's Gage,Wit's End,Kraken Slayer,Mortal Reminder,Oracle Lens,Morellonomicon,Seraph's Embrace,Ruby Crystal,Void Staff,Cosmic Drive,Ionian Boots of Lucidity,Oracle Lens,Mortal Reminder,Trinity Force,Muramana,Plated Steelcaps,Infinity Edge,Serpent's Fang,Farsight Alteration,Bloodsong,Eclipse,Tunneler,Sundered Sky,Serpent's Fang,Boots,Oracle Lens,Grasp of the Undying,Domination,Conqueror,Inspiration,Electrocute,Resolve,Conqueror,Sorcery,Grasp of the Undying,Precision,First Strike,Sorcery,Conqueror,Inspiration,Phase Rush,Inspiration,Conqueror,Sorcery,Hail of Blades,Resolve,Teleport,Flash,Flash,Smite,Teleport,Ignite,Flash,Teleport,Flash,Heal,Flash,Teleport,Flash,Smite,Teleport,Flash,Flash,Barrier,Flash,Ignite,1,1,4,0,2,1
https://www.op.gg/summoners/euw/ALBANIAN-iLevi/matches/uRd1PvnOddpfSAvNn_Cqf9Arqmhe7f6epPm4ngrgdaY%3D/1733049759000,0,6,24,24,6,26,6,52,65,21,22,0,3,0,0,0,5,0,3,31244,44631,10.8,12.0,591,694,29.0,34.1,-13387,13387,1533.0,2189.8387850467293,Maokai,Diana,Ambessa,Xayah,Rakan,Yone,Elise,Sylas,Corki,Poppy,Unending Despair,Boots,Tear of the Goddess,Doran's Shield,Ruby Crystal,No_Item,Stealth Ward,Hextech Rocketbelt,Amplifying Tome,Dark Seal,Amplifying Tome,Sorcerer's Shoes,Amplifying Tome,Oracle Lens,Doran's Shield,The Brutalizer,Long Sword,Eclipse,Boots,Long Sword,Stealth Ward,Doran's Blade,Essence Reaver,Berserker's Greaves,Cloak of Agility,B. F. Sword,Pickaxe,Farsight Alteration,Celestial Opposition,Kindlegem,Locket of the Iron Solari,No_Item,No_Item,Ionian Boots of Lucidity,Oracle Lens,Doran's Blade,Berserker's Greaves,Control Ward,Immortal Shieldbow,Blade of The Ruined King,B. F. Sword,Farsight Alteration,Stormsurge,No_Item,Mejai's Soulstealer,Rabadon's Deathcap,Sorcerer's Shoes,No_Item,Oracle Lens,Doran's Ring,Hextech Rocketbelt,Refillable Potion,Ionian Boots of Lucidity,Fiendish Codex,Glowing Mote,Oracle Lens,Doran's Blade,Refillable Potion,Slightly Magical Footwear,Trinity Force,Muramana,No_Item,Farsight Alteration,Locket of the Iron Solari,Control Ward,Bloodsong,Mercury's Treads,Dead Man's Plate,No_Item,Oracle Lens,Grasp of the Undying,Inspiration,Conqueror,Inspiration,Conqueror,Resolve,Press the Attack,Inspiration,Guardian,Domination,Lethal Tempo,Resolve,Dark Harvest,Precision,Conqueror,Resolve,Conqueror,Inspiration,Hail of Blades,Inspiration,Flash,Teleport,Flash,Smite,Flash,Teleport,Flash,Barrier,Flash,Ignite,Flash,Teleport,Flash,Smite,Flash,Teleport,Barrier,Flash,Flash,Ignite,0,1,0,1,5,0
https://www.op.gg/summoners/euw/ALBANIAN-iLevi/matches/uRd1PvnOddq7nNr31ilG3NJ3twSH1vAEjayRLYwT7Ok%3D/1733047173000,1,28,14,14,29,25,46,56,39,11,14,1,2,1,0,11,1,2,2,53814,40611,13.6,12.2,760,658,32.3,27.900000000000002,13203,-13203,2275.0634146341463,1716.8878048780489,Kled,Viego,LeBlanc,Cho'Gath,Thresh,Sion,Sejuani,Katarina,Kai'Sa,Nautilus,Titanic Hydra,Maw of Malmortius,Black Cleaver,No_Item,Boots,Doran's Blade,Farsight Alteration,No_Item,Kraken Slayer,Titanic Hydra,Slightly Magical Footwear,Wit's End,Null-Magic Mantle,Oracle Lens,Sorcerer's Shoes,Luden's Companion,Stormsurge,Mejai's Soulstealer,No_Item,Amplifying Tome,Stealth Ward,Sorcerer's Shoes,Luden's Companion,Horizon Focus,Needlessly Large Rod,Needlessly Large Rod,Doran's Ring,Farsight Alteration,Glowing Mote,Locket of the Iron Solari,Solstice Sleigh,Ionian Boots of Lucidity,Force of Nature,No_Item,Oracle Lens,Hollow Radiance,Plated Steelcaps,Refillable Potion,Chain Vest,Kindlegem,Control Ward,Stealth Ward,Knight's Vow,Ionian Boots of Lucidity,No_Item,No_Item,Heartsteel,No_Item,Oracle Lens,Dark Seal,Shadowflame,Sorcerer's Shoes,Lich Bane,Needlessly Large Rod,No_Item,Oracle Lens,Doran's Blade,Statikk Shiv,Guinsoo's Rageblade,Berserker's Greaves,Terminus,No_Item,Farsight Alteration,Locket of the Iron Solari,Celestial Opposition,Giant's Belt,Mercury's Treads,Ruby Crystal,No_Item,Oracle Lens,Conqueror,Resolve,Conqueror,Inspiration,Electrocute,Sorcery,Arcane Comet,Resolve,Aftershock,Inspiration,Grasp of the Undying,Precision,Aftershock,Sorcery,Electrocute,Precision,Lethal Tempo,Inspiration,Aftershock,Inspiration,Flash,Teleport,Flash,Smite,Teleport,Flash,Flash,Teleport,Ignite,Flash,Flash,Teleport,Flash,Smite,Flash,Teleport,Flash,Cleanse,Flash,Ignite,1,6,3,0,0,0
https://www.op.gg/summoners/euw/ALBANIAN-iLevi/matches/uRd1PvnOddr2RsoDb5cA24cInXy03YAwUgA3JnzOy1I%3D/1733045035000,0,27,37,37,27,74,41,83,93,23,31,0,4,1,1,5,9,1,5,65816,67193,15.4,16.2,884,918,27.2,28.2,-1377,1377,2029.326666666667,2071.784166666667,Ornn,Evelynn,Aurora,Draven,Pyke,Poppy,Jarvan IV,Fizz,Zyra,Nami,"Jak'Sho, The Protean",Sunfire Aegis,Mercury's Treads,Kaenic Rookern,Chain Vest,Kindlegem,Farsight Alteration,Lich Bane,Mejai's Soulstealer,Sorcerer's Shoes,Rabadon's Deathcap,Amplifying Tome,No_Item,Farsight Alteration,Void Staff,Malignance,Dark Seal,Liandry's Torment,Sorcerer's Shoes,No_Item,Stealth Ward,Infinity Edge,The Collector,Bloodthirster,Berserker's Greaves,Maw of Malmortius,Lord Dominik's Regards,Farsight Alteration,Youmuu's Ghostblade,Celestial Opposition,Control Ward,Mercury's Treads,Edge of Night,Maw of Malmortius,Oracle Lens,Iceborn Gauntlet,Fimbulwinter,Mercury's Treads,Doran's Shield,Hollow Radiance,No_Item,Farsight Alteration,Spirit Visage,Eclipse,Ionian Boots of Lucidity,Sundered Sky,Frozen Heart,Long Sword,Oracle Lens,Lich Bane,Zhonya's Hourglass,Sorcerer's Shoes,Blackfire Torch,Mejai's Soulstealer,Void Staff,Oracle Lens,Blackfire Torch,Liandry's Torment,Sorcerer's Shoes,Void Staff,Oblivion Orb,Hextech Alternator,Farsight Alteration,Dream Maker,Shurelya's Battlesong,Redemption,Control Ward,Ionian Boots of Lucidity,Imperial Mandate,Oracle Lens,Grasp of the Undying,Sorcery,Electrocute,Sorcery,Electrocute,Sorcery,Lethal Tempo,Domination,Hail of Blades,Resolve,Grasp of the Undying,Sorcery,Conqueror,Inspiration,Electrocute,Precision,Arcane Comet,Precision,Summon Aery,Domination,Flash,Teleport,Flash,Smite,Flash,Teleport,Flash,Barrier,Flash,Ignite,Flash,Teleport,Flash,Smite,Ignite,Flash,Flash,Teleport,Heal,Flash,1,5,1,0,1,1
https://www.op.gg/summoners/euw/ALBANIAN-iLevi/matches/uRd1PvnOddpSIjuTj3z7u_vPNh86ABnEav902ECwsf8%3D/1733002906000,1,36,20,20,36,30,63,54,47,15,17,2,1,1,0,11,2,3,1,59321,49170,14.2,13.4,759,753,29.5,29.299999999999997,10151,-10151,2305.5935222672065,1911.060728744939,Gragas,Master Yi,Diana,Yasuo,Nami,Garen,Poppy,Zoe,Caitlyn,Rakan,Lost Chapter,Cosmic Drive,Lich Bane,Void Staff,No_Item,Boots of Swiftness,Stealth Ward,Guinsoo's Rageblade,Blade of The Ruined King,Tunneler,Plated Steelcaps,Phage,Dagger,Oracle Lens,Zhonya's Hourglass,Shadowflame,Stormsurge,Blighting Jewel,Sorcerer's Shoes,Rabadon's Deathcap,Farsight Alteration,Immortal Shieldbow,Kraken Slayer,Berserker's Greaves,Death's Dance,No_Item,No_Item,Farsight Alteration,No_Item,Amplifying Tome,Dream Maker,Imperial Mandate,Ardent Censer,Ionian Boots of Lucidity,Oracle Lens,Doran's Shield,B. F. Sword,Stridebreaker,Boots of Swiftness,Phantom Dancer,Cloak of Agility,Stealth Ward,Control Ward,Locket of the Iron Solari,Sundered Sky,Ionian Boots of Lucidity,Winged Moonplate,Negatron Cloak,Oracle Lens,Dark Seal,Seeker's Armguard,Ionian Boots of Lucidity,Horizon Focus,Luden's Companion,Needlessly Large Rod,Farsight Alteration,The Collector,Lord Dominik's Regards,Infinity Edge,Dagger,Boots,Cloak of Agility,Farsight Alteration,Hextech Rocketbelt,Bloodsong,Control Ward,Sorcerer's Shoes,Blasting Wand,Lost Chapter,Oracle Lens,Phase Rush,Precision,Lethal Tempo,Domination,Electrocute,Resolve,Lethal Tempo,Resolve,Summon Aery,Domination,Phase Rush,Resolve,Phase Rush,Inspiration,Electrocute,Precision,First Strike,Sorcery,Electrocute,Sorcery,Teleport,Flash,Flash,Smite,Flash,Ignite,Flash,Exhaust,Heal,Flash,Ignite,Flash,Smite,Flash,Flash,Ignite,Ghost,Flash,Flash,Ignite,1,6,3,0,0,0
https://www.op.gg/summoners/euw/ALBANIAN-iLevi/matches/uRd1PvnOddpD_Gn-ye9mfk4d7vqS-2ZHsYXHzC1QQNs%3D/1733000270000,1,35,26,26,35,34,41,72,60,15,15,2,1,1,0,8,2,3,1,60574,50200,15.0,14.0,867,781,31.4,28.400000000000002,10374,-10374,2202.690909090909,1825.4545454545455,Sylas,Udyr,Yasuo,Aphelios,Pyke,Aurora,Graves,Orianna,Ashe,Nautilus,Sorcerer's Shoes,Lich Bane,Hextech Rocketbelt,Doran's Shield,Dark Seal,No_Item,Oracle Lens,Liandry's Torment,Dead Man's Plate,Dark Seal,Kaenic Rookern,Ruby Crystal,Boots of Swiftness,Stealth Ward,Doran's Shield,Pickaxe,Navori Flickerblade,Berserker's Greaves,Kraken Slayer,Immortal Shieldbow,Farsight Alteration,Null-Magic Mantle,The Collector,Lord Dominik's Regards,Berserker's Greaves,Infinity Edge,Runaan's Hurricane,Farsight Alteration,Bloodsong,Serpent's Fang,No_Item,Ionian Boots of Lucidity,Serrated Dirk,Voltaic Cyclosword,Oracle Lens,Dark Seal,Shadowflame,Void Staff,Luden's Companion,No_Item,Sorcerer's Shoes,Stealth Ward,The Collector,Youmuu's Ghostblade,Plated Steelcaps,Last Whisper,Long Sword,Cloak of Agility,Oracle Lens,Needlessly Large Rod,Zhonya's Hourglass,Seraph's Embrace,Needlessly Large Rod,Ionian Boots of Lucidity,No_Item,Farsight Alteration,Berserker's Greaves,Kraken Slayer,Phantom Dancer,Vampiric Scepter,Pickaxe,Doran's Blade,Farsight Alteration,Celestial Opposition,Knight's Vow,Locket of the Iron Solari,Plated Steelcaps,Ruby Crystal,Cloth Armor,Oracle Lens,Electrocute,Resolve,Conqueror,Inspiration,Fleet Footwork,Resolve,Press the Attack,Sorcery,Hail of Blades,Resolve,Electrocute,Sorcery,Dark Harvest,Precision,Phase Rush,Precision,Lethal Tempo,Inspiration,Aftershock,Inspiration,Flash,Teleport,Flash,Smite,Teleport,Flash,Flash,Barrier,Flash,Ignite,Flash,Teleport,Flash,Smite,Flash,Teleport,Barrier,Flash,Flash,Ignite,1,6,1,0,0,0
https://www.op.gg/summoners/euw/ALBANIAN-iLevi/matches/uRd1PvnOddrV1u9a5y1LMzSviXbNomp0YtQfzVH49MQ%3D/1732997373000,1,26,9,9,26,12,20,36,24,7,8,1,0,0,0,4,0,1,0,37132,26268,10.6,9.2,531,456,34.0,29.3,10864,-10864,2368.7655172413793,1675.7172413793103,Vayne,Viego,Hwei,Corki,Pyke,Swain,Nunu & Willump,Jayce,Smolder,Nami,Doran's Blade,Statikk Shiv,Sheen,Plated Steelcaps,Phage,No_Item,Farsight Alteration,Kraken Slayer,Slightly Magical Footwear,Sundered Sky,No_Item,Gustwalker Hatchling,Control Ward,Eye of the Herald,Doran's Ring,Sorcerer's Shoes,Haunting Guise,Control Ward,Dark Seal,Blackfire Torch,Stealth Ward,Trinity Force,Boots,Manamune,Doran's Blade,Zeal,Dagger,Farsight Alteration,Bloodsong,Umbral Glaive,Control Ward,Boots of Swiftness,Serrated Dirk,Ruby Crystal,Oracle Lens,Doran's Ring,Malignance,Boots,Amplifying Tome,Blasting Wand,No_Item,Stealth Ward,Gustwalker Hatchling,Liandry's Torment,Dark Seal,Ionian Boots of Lucidity,No_Item,No_Item,Oracle Lens,Doran's Blade,No_Item,Youmuu's Ghostblade,Tear of the Goddess,No_Item,Boots,Farsight Alteration,Vampiric Scepter,Boots of Swiftness,Hubris,Dagger,No_Item,Doran's Blade,Farsight Alteration,Ionian Boots of Lucidity,Imperial Mandate,No_Item,Solstice Sleigh,Kindlegem,Forbidden Idol,Oracle Lens,Press the Attack,Domination,Conqueror,Inspiration,Arcane Comet,Precision,Conqueror,Inspiration,Hail of Blades,Resolve,Conqueror,Resolve,Phase Rush,Domination,Electrocute,Sorcery,Arcane Comet,Inspiration,Summon Aery,Inspiration,Teleport,Flash,Flash,Smite,Flash,Teleport,Flash,Barrier,Flash,Ignite,Flash,Teleport,Flash,Smite,Teleport,Flash,Flash,Teleport,Heal,Flash,1,6,0,0,0,0
https://www.op.gg/summoners/euw/ALBANIAN-iLevi/matches/uRd1PvnOddpazHuBmZlMTpOWl7etV4zfL61NaBwkXKI%3D/1732920226000,1,40,19,19,40,27,59,75,76,28,26,1,3,1,0,6,3,2,3,59714,51644,15.6,13.6,807,848,28.1,29.6,8070,-8070,2084.84224137931,1803.0879310344826,Fiddlesticks,Talon,Kassadin,Ashe,Janna,Taliyah,Shaco,Renekton,Varus,Sylas,Liandry's Torment,Malignance,Sorcerer's Shoes,Dark Seal,Shadowflame,Blighting Jewel,Scarecrow Effigy,Black Cleaver,Youmuu's Ghostblade,No_Item,Slightly Magical Footwear,Death's Dance,Eclipse,Oracle Lens,Malignance,Seraph's Embrace,Shattered Armguard,Ionian Boots of Lucidity,Dark Seal,Rod of Ages,Oracle Lens,Berserker's Greaves,Kraken Slayer,Runaan's Hurricane,Executioner's Calling,Cloak of Agility,Doran's Blade,Farsight Alteration,Mikael's Blessing,Solstice Sleigh,No_Item,Boots of Swiftness,Moonstone Renewer,Forbidden Idol,Oracle Lens,Seraph's Embrace,Liandry's Torment,Seeker's Armguard,Ionian Boots of Lucidity,Dark Seal,No_Item,Farsight Alteration,Infinity Edge,Youmuu's Ghostblade,Last Whisper,Long Sword,No_Item,Berserker's Greaves,Oracle Lens,Doran's Blade,Sterak's Gage,Ruby Crystal,Eclipse,Tunneler,Mercury's Treads,Stealth Ward,Muramana,Hubris,Boots of Swiftness,Long Sword,Doran's Blade,Serpent's Fang,Farsight Alteration,Hextech Rocketbelt,Bloodsong,No_Item,Sorcerer's Shoes,Stormsurge,No_Item,Oracle Lens,Arcane Comet,Resolve,Conqueror,Inspiration,Conqueror,Domination,Lethal Tempo,Inspiration,Summon Aery,Domination,Phase Rush,Precision,Hail of Blades,Inspiration,Conqueror,Resolve,Hail of Blades,Precision,Electrocute,Resolve,Flash,Teleport,Ignite,Smite,Flash,Teleport,Flash,Barrier,Heal,Flash,Flash,Teleport,Ignite,Smite,Flash,Teleport,Barrier,Flash,Flash,Ignite,1,3,0,0,3,0
https://www.op.gg/summoners/euw/ALBANIAN-iLevi/matches/uRd1PvnOddp9DO6lUfAxYzRuZI5A3tftvU4sxOHIyPk%3D/1732910279000,0,22,34,34,22,46,34,64,90,26,25,0,4,0,1,4,9,0,5,52931,63441,14.0,14.8,831,910,29.1,32.0,-10510,10510,1863.767605633803,2233.8380281690143,K'Sante,Kindred,Yone,Ziggs,Zilean,Irelia,Hecarim,Hwei,Kalista,Pyke,Plated Steelcaps,Knight's Vow,Negatron Cloak,Ruby Crystal,Unending Despair,Thornmail,Farsight Alteration,The Collector,Kraken Slayer,Plated Steelcaps,Infinity Edge,Noonquiver,Long Sword,Oracle Lens,Immortal Shieldbow,Blade of The Ruined King,Quicksilver Sash,B. F. Sword,Berserker's Greaves,Cloak of Agility,Farsight Alteration,Fiendish Codex,Liandry's Torment,Plated Steelcaps,Seraph's Embrace,Oblivion Orb,Fiendish Codex,Farsight Alteration,Plated Steelcaps,Solstice Sleigh,Fiendish Codex,Kindlegem,Kindlegem,Kindlegem,Oracle Lens,Doran's Blade,Blade of The Ruined King,Sundered Sky,Warden's Mail,Wit's End,Plated Steelcaps,Farsight Alteration,Black Cleaver,Ionian Boots of Lucidity,Eclipse,Randuin's Omen,Tunneler,Ruby Crystal,Oracle Lens,Needlessly Large Rod,Hextech Alternator,Dark Seal,Luden's Companion,Sorcerer's Shoes,Horizon Focus,Farsight Alteration,Zeal,Guinsoo's Rageblade,Terminus,Berserker's Greaves,Doran's Blade,Blade of The Ruined King,Farsight Alteration,Bloodsong,Edge of Night,Hexdrinker,Ionian Boots of Lucidity,Umbral Glaive,Control Ward,Oracle Lens,Grasp of the Undying,Sorcery,Press the Attack,Domination,Fleet Footwork,Resolve,Arcane Comet,Inspiration,Summon Aery,Precision,Conqueror,Inspiration,Phase Rush,Precision,Summon Aery,Precision,Lethal Tempo,Domination,Hail of Blades,Resolve,Flash,Teleport,Flash,Smite,Flash,Teleport,Flash,Teleport,Flash,Heal,Flash,Teleport,Ghost,Smite,Flash,Teleport,Flash,Barrier,Flash,Ignite,0,6,0,0,0,2
https://www.op.gg/summoners/euw/ALBANIAN-iLevi/matches/uRd1PvnOddpKfdbP775CKvLLxGTdwrmXiBHf19IABgI%3D/1732908135000,0,7,22,22,7,17,10,34,29,4,5,0,2,0,0,1,2,0,2,25992,33400,9.0,10.2,423,552,27.1,35.4,-7408,7408,1667.82,2143.1666666666665,Yone,Vi,Syndra,Jhin,Janna,Ornn,Viego,Aurora,Corki,Lulu,Doran's Blade,Refillable Potion,Blade of The Ruined King,Berserker's Greaves,Cloak of Agility,No_Item,Stealth Ward,Gustwalker Hatchling,Sundered Sky,Serrated Dirk,Rectrix,Long Sword,Slightly Magical Footwear,Oracle Lens,Luden's Companion,Slightly Magical Footwear,No_Item,Doran's Ring,Dark Seal,No_Item,Stealth Ward,Boots of Swiftness,Refillable Potion,Pickaxe,Long Sword,Serrated Dirk,Doran's Blade,Stealth Ward,Celestial Opposition,Boots of Swiftness,Bandleglass Mirror,Ruby Crystal,Glowing Mote,No_Item,Oracle Lens,Doran's Shield,Refillable Potion,Sunfire Aegis,Tear of the Goddess,Plated Steelcaps,Bramble Vest,Stealth Ward,Kraken Slayer,Titanic Hydra,Ruby Crystal,Long Sword,No_Item,Slightly Magical Footwear,Eye of the Herald,Doran's Ring,Amplifying Tome,Cloth Armor,Sorcerer's Shoes,Dark Seal,Malignance,Farsight Alteration,Caulfield's Warhammer,Boots,Long Sword,Trinity Force,Tear of the Goddess,Doran's Blade,Farsight Alteration,Shurelya's Battlesong,Moonstone Renewer,Dream Maker,Boots,No_Item,No_Item,Oracle Lens,Lethal Tempo,Resolve,Conqueror,Inspiration,First Strike,Sorcery,Dark Harvest,Precision,Summon Aery,Resolve,Grasp of the Undying,Inspiration,Conqueror,Inspiration,Arcane Comet,Domination,Conqueror,Inspiration,Summon Aery,Inspiration,Flash,Teleport,Flash,Smite,Flash,Teleport,Barrier,Flash,Flash,Heal,Teleport,Flash,Flash,Smite,Flash,Teleport,Flash,Barrier,Flash,Heal,0,3,0,1,3,0
https://www.op.gg/summoners/euw/ALBANIAN-iLevi/matches/uRd1PvnOddqDOICZOvLHlclaogXKqq4S8WJUG95_ldg%3D/1732881287000,1,42,42,42,43,82,53,100,94,25,41,2,4,3,1,11,2,5,5,90032,84155,17.4,17.8,1259,1310,30.7,31.8,5877,-5877,2178.1935483870966,2036.008064516129,Renekton,Rengar,Irelia,Hwei,Leona,Anivia,Volibear,Yone,Corki,Rell,Eclipse,Sterak's Gage,Mercury's Treads,Spear of Shojin,Death's Dance,Guardian Angel,Farsight Alteration,Serylda's Grudge,Profane Hydra,Youmuu's Ghostblade,Serpent's Fang,Ionian Boots of Lucidity,Opportunity,Stealth Ward,Sundered Sky,Blade of The Ruined King,Plated Steelcaps,Kraken Slayer,Wit's End,Sterak's Gage,Farsight Alteration,Sorcerer's Shoes,Luden's Companion,Void Staff,Horizon Focus,Stormsurge,Needlessly Large Rod,Farsight Alteration,Plated Steelcaps,Locket of the Iron Solari,Celestial Opposition,Zeke's Convergence,Knight's Vow,Control Ward,Oracle Lens,Liandry's Torment,Seeker's Armguard,Rod of Ages,Seraph's Embrace,Void Staff,Boots of Swiftness,Oracle Lens,Iceborn Gauntlet,Ionian Boots of Lucidity,Sundered Sky,Thornmail,Spirit Visage,Ruby Crystal,Oracle Lens,Blade of The Ruined King,Stridebreaker,Berserker's Greaves,Infinity Edge,Immortal Shieldbow,Giant's Belt,Oracle Lens,Trinity Force,Plated Steelcaps,Mercurial Scimitar,Muramana,Mortal Reminder,Infinity Edge,Farsight Alteration,Locket of the Iron Solari,No_Item,Celestial Opposition,Zeke's Convergence,Warmog's Armor,Mercury's Treads,Oracle Lens,Conqueror,Resolve,Conqueror,Domination,Press the Attack,Domination,Arcane Comet,Precision,Aftershock,Inspiration,Phase Rush,Precision,Press the Attack,Sorcery,Lethal Tempo,Resolve,Conqueror,Inspiration,Aftershock,Inspiration,Teleport,Flash,Flash,Smite,Teleport,Flash,Flash,Teleport,Flash,Ignite,Flash,Teleport,Flash,Smite,Flash,Teleport,Flash,Barrier,Flash,Ignite,1,6,7,0,0,0
https://www.op.gg/summoners/euw/ALBANIAN-iLevi/matches/uRd1PvnOddobFSdpVvgzgIScKCU130YqUPEE5GyeUeI%3D/1732876913000,1,19,10,10,19,11,31,65,69,21,22,0,2,1,0,10,6,1,2,55013,49446,14.2,13.2,839,865,30.8,31.7,5567,-5567,2025.0184049079753,1820.0981595092023,Kayle,Ambessa,Garen,Sivir,Janna,Poppy,Lee Sin,Diana,Caitlyn,Neeko,Nashor's Tooth,Boots of Swiftness,Lich Bane,Rabadon's Deathcap,Needlessly Large Rod,Doran's Blade,Farsight Alteration,Spear of Shojin,Black Cleaver,No_Item,Voltaic Cyclosword,Slightly Magical Footwear,No_Item,Oracle Lens,Stridebreaker,Cloak of Agility,Last Whisper,Boots of Swiftness,Phantom Dancer,Doran's Shield,Stealth Ward,Doran's Blade,Infinity Edge,Long Sword,Statikk Shiv,Cloak of Agility,Boots of Swiftness,Farsight Alteration,Boots of Swiftness,No_Item,Bloodsong,Moonstone Renewer,Dark Seal,Shurelya's Battlesong,Oracle Lens,Sunfire Aegis,Fimbulwinter,No_Item,Plated Steelcaps,No_Item,No_Item,Stealth Ward,Plated Steelcaps,Eclipse,No_Item,Steel Sigil,Long Sword,Sundered Sky,Stealth Ward,Stormsurge,Doran's Ring,Zhonya's Hourglass,Shadowflame,Dark Seal,Sorcerer's Shoes,Stealth Ward,Doran's Blade,Berserker's Greaves,The Collector,Cull,Infinity Edge,Rapid Firecannon,Farsight Alteration,Hextech Rocketbelt,Celestial Opposition,Seeker's Armguard,Oblivion Orb,Ionian Boots of Lucidity,Control Ward,Oracle Lens,Press the Attack,Sorcery,Conqueror,Inspiration,Phase Rush,Resolve,Lethal Tempo,Sorcery,Summon Aery,Domination,Grasp of the Undying,Sorcery,Conqueror,Inspiration,Electrocute,Resolve,Lethal Tempo,Sorcery,Arcane Comet,Domination,Flash,Teleport,Smite,Flash,Flash,Ignite,Teleport,Flash,Heal,Flash,Flash,Teleport,Flash,Smite,Flash,Ignite,Flash,Barrier,Flash,Ignite,0,3,2,1,3,0
https://www.op.gg/summoners/euw/ALBANIAN-iLevi/matches/uRd1PvnOddp1cnJc5uUVmFryeWROXIPBj54D6Duv0PU%3D/1732874244000,0,28,21,22,28,35,53,80,91,31,38,1,2,1,0,2,10,2,2,53739,57530,13.8,13.6,796,887,29.2,32.5,-3791,3791,1972.9353146853148,2112.1153846153848,Shen,Kindred,Syndra,Corki,Nautilus,Yone,Wukong,LeBlanc,Yasuo,Rakan,Doran's Shield,Plated Steelcaps,Sunfire Aegis,Unending Despair,Bramble Vest,No_Item,Farsight Alteration,Lord Dominik's Regards,No_Item,Boots,Immortal Shieldbow,No_Item,Kraken Slayer,Farsight Alteration,No_Item,Cosmic Drive,Void Staff,Rabadon's Deathcap,Sorcerer's Shoes,Blackfire Torch,Oracle Lens,Doran's Blade,Plated Steelcaps,Cloak of Agility,Rapid Firecannon,Muramana,Trinity Force,Farsight Alteration,Bloodsong,Locket of the Iron Solari,Knight's Vow,Control Ward,Ruby Crystal,Plated Steelcaps,Oracle Lens,Berserker's Greaves,Infinity Edge,Negatron Cloak,Blade of The Ruined King,Immortal Shieldbow,Doran's Blade,Oracle Lens,Trinity Force,Sundered Sky,No_Item,Mercury's Treads,Death's Dance,No_Item,Oracle Lens,Doran's Ring,Rabadon's Deathcap,No_Item,Luden's Companion,Ionian Boots of Lucidity,Banshee's Veil,Oracle Lens,Infinity Edge,No_Item,Kraken Slayer,Berserker's Greaves,Immortal Shieldbow,No_Item,Farsight Alteration,Locket of the Iron Solari,Celestial Opposition,No_Item,Mercury's Treads,Cloth Armor,Kindlegem,Oracle Lens,Grasp of the Undying,Domination,Press the Attack,Domination,First Strike,Sorcery,Conqueror,Inspiration,Aftershock,Inspiration,Lethal Tempo,Resolve,Conqueror,Inspiration,Electrocute,Sorcery,Lethal Tempo,Resolve,Guardian,Domination,Teleport,Flash,Smite,Flash,Teleport,Flash,Flash,Exhaust,Flash,Ignite,Flash,Teleport,Flash,Smite,Flash,Teleport,Exhaust,Flash,Flash,Ignite,1,0,0,0,6,3
https://www.op.gg/summoners/euw/ALBANIAN-iLevi/matches/uRd1PvnOddqxPUi7a5iu-_-sbezXL2rAojYnnvHDi-s%3D/1732872295000,1,25,24,24,25,40,45,77,74,27,19,2,3,2,0,8,7,4,3,69056,62267,17.0,15.8,1136,1072,34.6,32.6,6789,-6789,2115.857239057239,1907.844107744108,Ambessa,Lillia,Yone,Caitlyn,Neeko,Volibear,Vi,Orianna,Corki,Lulu,Eclipse,Sterak's Gage,Black Cleaver,Plated Steelcaps,Death's Dance,Long Sword,Farsight Alteration,Rabadon's Deathcap,Riftmaker,Zhonya's Hourglass,Slightly Magical Footwear,Liandry's Torment,No_Item,Oracle Lens,Berserker's Greaves,Blade of The Ruined King,Immortal Shieldbow,Infinity Edge,B. F. Sword,No_Item,Oracle Lens,Doran's Blade,Berserker's Greaves,Infinity Edge,Yun Tal Wildarrows,Mortal Reminder,Zeal,Farsight Alteration,Hextech Rocketbelt,Celestial Opposition,Zhonya's Hourglass,Oblivion Orb,Control Ward,Ionian Boots of Lucidity,Oracle Lens,Plated Steelcaps,Randuin's Omen,Hextech Rocketbelt,Cosmic Drive,Spirit Visage,Chain Vest,Oracle Lens,Sundered Sky,Black Cleaver,No_Item,Plated Steelcaps,Sterak's Gage,Steel Sigil,Oracle Lens,No_Item,Shattered Armguard,Sorcerer's Shoes,Stormsurge,Luden's Companion,Doran's Ring,Farsight Alteration,Plated Steelcaps,Trinity Force,Muramana,Infinity Edge,Immortal Shieldbow,Doran's Blade,Farsight Alteration,Dream Maker,Mikael's Blessing,Redemption,Moonstone Renewer,Ionian Boots of Lucidity,No_Item,Oracle Lens,Conqueror,Resolve,Conqueror,Inspiration,Fleet Footwork,Resolve,Lethal Tempo,Sorcery,Arcane Comet,Inspiration,Grasp of the Undying,Precision,Conqueror,Inspiration,Summon Aery,Precision,Conqueror,Sorcery,Summon Aery,Resolve,Teleport,Flash,Smite,Flash,Teleport,Flash,Flash,Barrier,Flash,Ignite,Flash,Teleport,Flash,Smite,Teleport,Flash,Barrier,Flash,Flash,Heal,1,3,1,0,3,1
https://www.op.gg/summoners/euw/ALBANIAN-iLevi/matches/uRd1PvnOddrTxgjRNI2AbNB6CbBX2pJPnV_yUOA28aI%3D/1732833539000,0,23,31,31,23,78,48,83,93,24,27,4,1,1,1,4,9,5,2,59929,65748,15.0,15.6,929,936,28.3,28.6,-5819,5819,1832.361510791367,2010.2805755395684,Ambessa,Volibear,Swain,Ashe,Rell,Camille,Viego,Aurora,Jhin,Bard,Eclipse,Sterak's Gage,Plated Steelcaps,Black Cleaver,Spear of Shojin,Steel Sigil,Oracle Lens,Dead Man's Plate,Sundered Sky,Control Ward,Spirit Visage,Warden's Mail,Ionian Boots of Lucidity,Oracle Lens,Boots of Swiftness,Zhonya's Hourglass,Giant's Belt,Dark Seal,Cosmic Drive,Blackfire Torch,Farsight Alteration,Bloodthirster,Runaan's Hurricane,Yun Tal Wildarrows,Control Ward,Plated Steelcaps,No_Item,Farsight Alteration,Celestial Opposition,Warmog's Armor,Control Ward,Ionian Boots of Lucidity,Zeke's Convergence,No_Item,Oracle Lens,Doran's Shield,Ravenous Hydra,Trinity Force,Boots,Sterak's Gage,Cloth Armor,Oracle Lens,Sundered Sky,Kraken Slayer,Sterak's Gage,Steel Sigil,Ionian Boots of Lucidity,Long Sword,Oracle Lens,Liandry's Torment,Malignance,Mejai's Soulstealer,Sorcerer's Shoes,Cosmic Drive,Doran's Ring,Oracle Lens,Infinity Edge,Youmuu's Ghostblade,The Collector,Mortal Reminder,Boots of Swiftness,No_Item,Farsight Alteration,Locket of the Iron Solari,Mikael's Blessing,Solstice Sleigh,No_Item,Boots of Swiftness,Mejai's Soulstealer,Oracle Lens,Grasp of the Undying,Sorcery,Press the Attack,Inspiration,Summon Aery,Precision,Lethal Tempo,Inspiration,Glacial Augment,Resolve,Grasp of the Undying,Inspiration,Conqueror,Inspiration,Electrocute,Sorcery,Dark Harvest,Precision,Guardian,Domination,Teleport,Ignite,Smite,Flash,Teleport,Flash,Flash,Barrier,Flash,Ignite,Teleport,Ignite,Smite,Flash,Flash,Teleport,Cleanse,Flash,Flash,Heal,1,3,0,0,3,1
https://www.op.gg/summoners/euw/ALBANIAN-iLevi/matches/uRd1PvnOddp64aopjZJj4P3OBUE6YTi74_RfbSn84Ag%3D/1732827894000,0,34,41,41,34,76,48,111,99,44,41,3,2,1,1,6,9,4,3,66531,69933,15.6,16.8,975,951,28.6,28.0,-3402,3402,1950.6471204188479,2050.391623036649,K'Sante,Kha'Zix,LeBlanc,Corki,Pyke,Jax,Xin Zhao,Ahri,Seraphine,Nautilus,Unending Despair,Mercury's Treads,Iceborn Gauntlet,Kindlegem,Spectre's Cowl,Bramble Vest,Oracle Lens,Profane Hydra,Mercury's Treads,Serpent's Fang,Edge of Night,Serrated Dirk,Serylda's Grudge,Oracle Lens,Rabadon's Deathcap,Luden's Companion,No_Item,Mercury's Treads,Shadowflame,Void Staff,Oracle Lens,B. F. Sword,Rapid Firecannon,Plated Steelcaps,Pickaxe,Trinity Force,Muramana,Farsight Alteration,Bloodsong,Umbral Glaive,Control Ward,Edge of Night,Mercury's Treads,Hexdrinker,Oracle Lens,Zhonya's Hourglass,Force of Nature,Trinity Force,Plated Steelcaps,Sundered Sky,Control Ward,Stealth Ward,Sundered Sky,Titanic Hydra,Black Cleaver,Wit's End,Plated Steelcaps,Pickaxe,Oracle Lens,Rabadon's Deathcap,Blasting Wand,Zhonya's Hourglass,Malignance,Blighting Jewel,Mercury's Treads,Oracle Lens,Bandleglass Mirror,Blackfire Torch,Ruby Crystal,Seraph's Embrace,Ionian Boots of Lucidity,Rylai's Crystal Scepter,Farsight Alteration,Bloodsong,Locket of the Iron Solari,No_Item,Knight's Vow,Giant's Belt,Plated Steelcaps,Oracle Lens,Grasp of the Undying,Inspiration,Dark Harvest,Sorcery,Electrocute,Sorcery,Conqueror,Resolve,Hail of Blades,Resolve,Grasp of the Undying,Sorcery,Conqueror,Domination,Electrocute,Resolve,Conqueror,Sorcery,Aftershock,Inspiration,Teleport,Flash,Smite,Flash,Teleport,Flash,Flash,Barrier,Flash,Ignite,Teleport,Flash,Flash,Smite,Flash,Teleport,Flash,Teleport,Flash,Ignite,0,5,0,1,1,1
https://www.op.gg/summoners/euw/ALBANIAN-iLevi/matches/uRd1PvnOddrvEwN4kigzTceCsYkmN3CCaenKba_Ap5s%3D/1732791184000,0,15,21,21,15,47,32,74,70,15,32,0,4,0,2,2,7,0,6,49631,62667,13.8,15.6,840,1012,29.0,35.0,-13036,13036,1715.6395061728397,2166.266666666667,Ornn,Master Yi,Syndra,Ezreal,Janna,Gwen,Viego,Viktor,Sivir,Rakan,Plated Steelcaps,Cloth Armor,Doran's Shield,Bramble Vest,Unending Despair,Kaenic Rookern,Oracle Lens,Kraken Slayer,Guinsoo's Rageblade,Blade of The Ruined King,Berserker's Greaves,Long Sword,No_Item,Oracle Lens,Shadowflame,No_Item,Sorcerer's Shoes,Doran's Ring,Luden's Companion,No_Item,Farsight Alteration,Pickaxe,Ionian Boots of Lucidity,Muramana,Tunneler,Trinity Force,Doran's Blade,Farsight Alteration,Dream Maker,Control Ward,Boots of Swiftness,Dark Seal,Forbidden Idol,Moonstone Renewer,Oracle Lens,Doran's Ring,Nashor's Tooth,Ionian Boots of Lucidity,Rabadon's Deathcap,Void Staff,No_Item,Oracle Lens,Titanic Hydra,Kraken Slayer,Tunneler,Plated Steelcaps,Wit's End,Pickaxe,Oracle Lens,Doran's Ring,No_Item,Sorcerer's Shoes,Zhonya's Hourglass,Void Staff,Blackfire Torch,Farsight Alteration,Infinity Edge,Navori Flickerblade,Seeker's Armguard,Doran's Blade,Berserker's Greaves,Essence Reaver,Farsight Alteration,Locket of the Iron Solari,No_Item,Solstice Sleigh,Dark Seal,Echoes of Helia,Ionian Boots of Lucidity,Oracle Lens,Grasp of the Undying,Sorcery,Lethal Tempo,Domination,Summon Aery,Precision,Press the Attack,Inspiration,Summon Aery,Resolve,First Strike,Sorcery,Conqueror,Inspiration,Summon Aery,Inspiration,Press the Attack,Sorcery,Electrocute,Inspiration,Teleport,Flash,Flash,Smite,Flash,Teleport,Flash,Barrier,Flash,Heal,Ghost,Teleport,Flash,Smite,Flash,Teleport,Flash,Teleport,Flash,Ignite,1,6,0,0,0,0
https://www.op.gg/summoners/euw/ALBANIAN-iLevi/matches/uRd1PvnOddpTzgMuYUSTfC3cCwa1v5pxqDT0jCuQfNQ%3D/1732739066000,1,51,33,34,51,44,77,92,85,40,23,2,2,1,0,8,3,3,2,65399,54723,15.4,13.8,834,803,29.2,28.3,10676,-10676,2279.056060606061,1907.0136363636364,Aurora,Vi,Azir,Varus,Pyke,Ambessa,Wukong,Galio,Kog'Maw,Poppy,Liandry's Torment,Dark Seal,Malignance,Sorcerer's Shoes,Void Staff,Amplifying Tome,Oracle Lens,Trinity Force,Sterak's Gage,Control Ward,Sundered Sky,Plated Steelcaps,Steel Sigil,Oracle Lens,Void Staff,Zhonya's Hourglass,Control Ward,Sorcerer's Shoes,Liandry's Torment,Nashor's Tooth,Stealth Ward,Doran's Blade,Blade of The Ruined King,Guinsoo's Rageblade,Berserker's Greaves,Hearthbound Axe,Recurve Bow,Farsight Alteration,Bloodsong,Umbral Glaive,Control Ward,Ionian Boots of Lucidity,Edge of Night,Hexdrinker,Oracle Lens,Pickaxe,Sterak's Gage,Eclipse,Spear of Shojin,Ionian Boots of Lucidity,Phage,Stealth Ward,Spirit Visage,Trinity Force,Pickaxe,Sundered Sky,Boots of Swiftness,Ruby Crystal,Oracle Lens,Riftmaker,Hollow Radiance,Dark Seal,Negatron Cloak,Kindlegem,Boots,Oracle Lens,Doran's Ring,Hextech Alternator,Sorcerer's Shoes,Horizon Focus,Luden's Companion,Seraph's Embrace,Farsight Alteration,Bloodsong,Control Ward,Synchronized Souls,Dead Man's Plate,Negatron Cloak,Kindlegem,Oracle Lens,Arcane Comet,Precision,Conqueror,Inspiration,Lethal Tempo,Sorcery,Lethal Tempo,Resolve,Hail of Blades,Resolve,Electrocute,Resolve,Conqueror,Inspiration,Aftershock,Domination,Arcane Comet,Precision,Hail of Blades,Inspiration,Flash,Teleport,Flash,Smite,Flash,Teleport,Flash,Barrier,Flash,Ignite,Teleport,Flash,Flash,Smite,Flash,Teleport,Flash,Teleport,Flash,Ignite,1,0,2,0,3,0
https://www.op.gg/summoners/euw/ALBANIAN-iLevi/matches/uRd1PvnOddpFOza-Nafl3GORG7OOJz7SCaR9JLDvRkY%3D/1732706355000,0,12,36,36,12,71,21,61,60,17,25,0,4,0,1,1,9,0,5,42101,56559,12.6,14.4,733,816,29.3,32.6,-14458,14458,1688.7971751412429,2268.750847457627,Ambessa,Graves,Azir,Ashe,Karma,Gragas,Zac,Yasuo,Ezreal,Leona,Eclipse,Mercury's Treads,Pickaxe,Doran's Blade,Phage,Ruby Crystal,Stealth Ward,No_Item,Noonquiver,Last Whisper,The Collector,Opportunity,Mercury's Treads,Oracle Lens,Blasting Wand,Liandry's Torment,Sorcerer's Shoes,No_Item,Nashor's Tooth,No_Item,Farsight Alteration,Doran's Blade,Refillable Potion,Pickaxe,Berserker's Greaves,Kraken Slayer,Phantom Dancer,Farsight Alteration,Zaz'Zak's Realmspike,Ionian Boots of Lucidity,Moonstone Renewer,Echoes of Helia,No_Item,No_Item,Oracle Lens,Lich Bane,Cosmic Drive,Fimbulwinter,Ionian Boots of Lucidity,Kindlegem,No_Item,Stealth Ward,Sunfire Aegis,Randuin's Omen,Spirit Visage,Ionian Boots of Lucidity,Ruby Crystal,Dark Seal,Oracle Lens,Noonquiver,Stridebreaker,No_Item,Pickaxe,Blade of The Ruined King,Berserker's Greaves,Farsight Alteration,Muramana,Pickaxe,No_Item,Ionian Boots of Lucidity,Trinity Force,Tunneler,Farsight Alteration,Bloodsong,Warmog's Armor,Glacial Buckler,Zeke's Convergence,Ionian Boots of Lucidity,Control Ward,Oracle Lens,Grasp of the Undying,Domination,Dark Harvest,Precision,Conqueror,Resolve,Lethal Tempo,Inspiration,Summon Aery,Domination,Phase Rush,Precision,Aftershock,Precision,Fleet Footwork,Resolve,Press the Attack,Inspiration,Glacial Augment,Resolve,Flash,Teleport,Smite,Flash,Flash,Teleport,Flash,Cleanse,Heal,Flash,Flash,Teleport,Smite,Flash,Flash,Teleport,Flash,Barrier,Flash,Ignite,0,5,0,1,1,1
https://www.op.gg/summoners/euw/ALBANIAN-iLevi/matches/uRd1PvnOddph6LPIJhwkzg-G_Lrg4wtN4yaDQXiWd7s%3D/1732704127000,1,16,3,3,16,4,19,30,30,5,3,2,0,0,0,3,0,2,0,31879,22496,10.0,8.8,518,441,34.1,29.0,9383,-9383,2094.905714285714,1478.3085714285712,Gnar,Zac,Sylas,Ashe,Lulu,Camille,Viego,Tristana,Ziggs,Bard,Phage,Pickaxe,Trinity Force,Glowing Mote,Plated Steelcaps,Doran's Blade,Stealth Ward,No_Item,Sunfire Aegis,Dark Seal,Ionian Boots of Lucidity,Ruby Crystal,No_Item,Oracle Lens,Hextech Rocketbelt,Lich Bane,No_Item,Dark Seal,Sorcerer's Shoes,No_Item,Farsight Alteration,Doran's Blade,Refillable Potion,Kraken Slayer,Dagger,Berserker's Greaves,No_Item,Farsight Alteration,Dream Maker,Control Ward,Moonstone Renewer,Ionian Boots of Lucidity,Ruby Crystal,No_Item,Oracle Lens,Doran's Shield,Trinity Force,Long Sword,No_Item,Slightly Magical Footwear,No_Item,Oracle Lens,Mosstomper Seedling,Kraken Slayer,No_Item,Long Sword,Slightly Magical Footwear,No_Item,Oracle Lens,Doran's Blade,Rectrix,Boots,Recurve Bow,Hearthbound Axe,No_Item,Stealth Ward,Boots,Luden's Companion,No_Item,Doran's Ring,Tear of the Goddess,No_Item,Farsight Alteration,Dead Man's Plate,No_Item,Bloodsong,No_Item,Slightly Magical Footwear,No_Item,Oracle Lens,Grasp of the Undying,Precision,Aftershock,Precision,Electrocute,Sorcery,Press the Attack,Inspiration,Summon Aery,Inspiration,Grasp of the Undying,Inspiration,Conqueror,Inspiration,Press the Attack,Resolve,Arcane Comet,Precision,Guardian,Inspiration,Flash,Teleport,Smite,Flash,Flash,Teleport,Flash,Barrier,Flash,Heal,Flash,Teleport,Flash,Smite,Teleport,Flash,Teleport,Flash,Ignite,Flash,0,4,0,0,2,0
https://www.op.gg/summoners/euw/ALBANIAN-iLevi/matches/uRd1PvnOddqdJWAM1bdlLGvFs83IHvgvau6qEECGqak%3D/1732702308000,1,31,19,19,31,36,40,38,34,12,9,1,0,0,0,8,0,1,0,46863,33599,11.4,10.2,636,444,33.3,23.3,13264,-13264,2454.7285714285717,1759.9476190476191,Gnar,Nidalee,Irelia,Ezreal,Leona,Camille,Graves,Aurora,Corki,Rell,No_Item,No_Item,No_Item,Plated Steelcaps,Sterak's Gage,Trinity Force,Stealth Ward,No_Item,Liandry's Torment,Shattered Armguard,Ionian Boots of Lucidity,Horizon Focus,Dark Seal,Oracle Lens,Plated Steelcaps,Refillable Potion,Blade of The Ruined King,Hullbreaker,Recurve Bow,Doran's Blade,Oracle Lens,Muramana,Pickaxe,Trinity Force,Long Sword,Ionian Boots of Lucidity,Doran's Blade,Farsight Alteration,Bloodsong,Cloth Armor,Locket of the Iron Solari,Boots of Swiftness,Kindlegem,Control Ward,Oracle Lens,Trinity Force,Caulfield's Warhammer,No_Item,Long Sword,Tiamat,Boots,Oracle Lens,Youmuu's Ghostblade,The Collector,Cloak of Agility,Long Sword,Boots,Scorchclaw Pup,Oracle Lens,Malignance,Dark Seal,Doran's Ring,No_Item,Sorcerer's Shoes,Amplifying Tome,Stealth Ward,Plated Steelcaps,Trinity Force,Caulfield's Warhammer,Long Sword,Doran's Blade,Tear of the Goddess,Farsight Alteration,Celestial Opposition,No_Item,Refillable Potion,Mercury's Treads,Zeke's Convergence,No_Item,Oracle Lens,Grasp of the Undying,Precision,Conqueror,Sorcery,Conqueror,Inspiration,Press the Attack,Inspiration,Aftershock,Inspiration,Grasp of the Undying,Inspiration,Dark Harvest,Precision,Electrocute,Sorcery,Conqueror,Inspiration,Aftershock,Inspiration,Teleport,Flash,Smite,Flash,Teleport,Flash,Flash,Barrier,Flash,Ignite,Teleport,Flash,Flash,Smite,Flash,Teleport,Flash,Barrier,Flash,Ignite,1,6,0,0,0,0
https://www.op.gg/summoners/euw/ALBANIAN-iLevi/matches/uRd1PvnOddqNkSJS5sDcfEW-Mxn7T6cVdAJ1E9NmoAM%3D/1732659053000,0,12,20,20,12,25,20,35,38,8,13,0,1,0,0,1,3,0,1,33691,39153,10.4,11.8,565,609,29.2,31.4,-5462,5462,1731.3430555555556,2012.0291666666667,Syndra,Jarvan IV,Fiora,Jhin,Seraphine,Sylas,Viego,Cassiopeia,Caitlyn,Bard,Doran's Ring,Aether Wisp,Blackfire Torch,Dark Seal,Sorcerer's Shoes,Fiendish Codex,Farsight Alteration,Sundered Sky,Eclipse,No_Item,Ruby Crystal,Plated Steelcaps,No_Item,Oracle Lens,Ravenous Hydra,Trinity Force,No_Item,Boots,No_Item,Doran's Blade,Stealth Ward,Cloak of Agility,The Collector,Boots of Swiftness,Pickaxe,No_Item,Doran's Blade,Farsight Alteration,Dream Maker,Ionian Boots of Lucidity,Moonstone Renewer,Faerie Charm,No_Item,No_Item,Oracle Lens,Doran's Ring,Hextech Rocketbelt,Sorcerer's Shoes,Cosmic Drive,Control Ward,No_Item,Oracle Lens,Titanic Hydra,Kraken Slayer,Ruby Crystal,No_Item,No_Item,Slightly Magical Footwear,Eye of the Herald,Doran's Ring,Seraph's Embrace,No_Item,Rylai's Crystal Scepter,No_Item,Dark Seal,Farsight Alteration,Doran's Blade,Berserker's Greaves,Infinity Edge,No_Item,Cull,Yun Tal Wildarrows,Farsight Alteration,Bloodsong,Refillable Potion,Scout's Slingshot,Slightly Magical Footwear,Dead Man's Plate,Rectrix,Oracle Lens,First Strike,Sorcery,Conqueror,Inspiration,Conqueror,Domination,Fleet Footwork,Sorcery,Summon Aery,Inspiration,Conqueror,Resolve,Conqueror,Inspiration,Phase Rush,Precision,Lethal Tempo,Sorcery,Guardian,Inspiration,Flash,Teleport,Flash,Smite,Teleport,Flash,Flash,Barrier,Flash,Heal,Flash,Teleport,Flash,Smite,Flash,Teleport,Flash,Barrier,Flash,Ignite,0,5,0,1,1,0
