GAME_ID,BLUE_WIN,BLUE_KILLS,RED_KILLS,BLUE_DEATHS,RED_DEATHS,RED_ASSISTS,BLUE_ASSISTS,BLUE_WARDS_PLACED,RED_WARDS_PLACED,BLUE_WARDS_DESTROYED,RED_WARDS_DESTROYED,BLUE_DRAGONS,RED_DRAGONS,BLUE_BARONS,RED_BARONS,BLUE_TOWERS,RED_TOWERS,BLUE_ELITE_MONSTERS,RED_ELITE_MONSTERS,BLUE_TEAM_GOLD,RED_TEAM_GOLD,BLUE_TEAM_LEVEL,RED_TEAM_LEVEL,BLUE_TEAM_CS,RED_TEAM_CS,BLUE_TEAAM_CS_PER_MINUTE,RED_TEAAM_CS_PER_MINUTE,BLUE_GOLD_DIFF,RED_GOLD_DIFF,BLUE_GOLD_PER_MIN,RED_GOLD_PER_MIN,BLUE_TEAM_TOP,BLUE_TEAM_JNG,BLUE_TEAM_MID,BLUE_TEAM_ADC,BLUE_TEAM_SUP,RED_TEAM_TOP,RED_TEAM_JNG,RED_TEAM_MID,RED_TEAM_ADC,RED_TEAM_SUP,BLLUE_TEAM_TOP_ITEM_1,BLLUE_TEAM_TOP_ITEM_2,BLLUE_TEAM_TOP_ITEM_3,BLLUE_TEAM_TOP_ITEM_4,BLLUE_TEAM_TOP_ITEM_5,BLLUE_TEAM_TOP_ITEM_6,BLLUE_TEAM_TOP_ITEM_VISION,BLLUE_TEAM_JNG_ITEM_1,BLLUE_TEAM_JNG_ITEM_2,BLLUE_TEAM_JNG_ITEM_3,BLLUE_TEAM_JNG_ITEM_4,BLLUE_TEAM_JNG_ITEM_5,BLLUE_TEAM_JNG_ITEM_6,BLLUE_TEAM_JNG_ITEM_VISION,BLLUE_TEAM_MID_ITEM_1,BLLUE_TEAM_MID_ITEM_2,BLLUE_TEAM_MID_ITEM_3,BLLUE_TEAM_MID_ITEM_4,BLLUE_TEAM_MID_ITEM_5,BLLUE_TEAM_MID_ITEM_6,BLLUE_TEAM_MID_ITEM_VISION,BLLUE_TEAM_ADC_ITEM_1,BLLUE_TEAM_ADC_ITEM_2,BLLUE_TEAM_ADC_ITEM_3,BLLUE_TEAM_ADC_ITEM_4,BLLUE_TEAM_ADC_ITEM_5,BLLUE_TEAM_ADC_ITEM_6,BLLUE_TEAM_ADC_ITEM_VISION,BLLUE_TEAM_SUP_ITEM_1,BLLUE_TEAM_SUP_ITEM_2,BLLUE_TEAM_SUP_ITEM_3,BLLUE_TEAM_SUP_ITEM_4,BLLUE_TEAM_SUP_ITEM_5,BLLUE_TEAM_SUP_ITEM_6,BLLUE_TEAM_SUP_ITEM_VISION,RED_TEAM_TOP_ITEM_1,RED_TEAM_TOP_ITEM_2,RED_TEAM_TOP_ITEM_3,RED_TEAM_TOP_ITEM_4,RED_TEAM_TOP_ITEM_5,RED_TEAM_TOP_ITEM_6,RED_TEAM_TOP_ITEM_VISION,RED_TEAM_JNG_ITEM_1,RED_TEAM_JNG_ITEM_2,RED_TEAM_JNG_ITEM_3,RED_TEAM_JNG_ITEM_4,RED_TEAM_JNG_ITEM_5,RED_TEAM_JNG_ITEM_6,RED_TEAM_JNG_ITEM_VISION,RED_TEAM_MID_ITEM_1,RED_TEAM_MID_ITEM_2,RED_TEAM_MID_ITEM_3,RED_TEAM_MID_ITEM_4,RED_TEAM_MID_ITEM_5,RED_TEAM_MID_ITEM_6,RED_TEAM_MID_ITEM_VISION,RED_TEAM_ADC_ITEM_1,RED_TEAM_ADC_ITEM_2,RED_TEAM_ADC_ITEM_3,RED_TEAM_ADC_ITEM_4,RED_TEAM_ADC_ITEM_5,RED_TEAM_ADC_ITEM_6,RED_TEAM_ADC_ITEM_VISION,RED_TEAM_SUP_ITEM_1,RED_TEAM_SUP_ITEM_2,RED_TEAM_SUP_ITEM_3,RED_TEAM_SUP_ITEM_4,RED_TEAM_SUP_ITEM_5,RED_TEAM_SUP_ITEM_6,RED_TEAM_SUP_ITEM_VISION,BLUE_TEAM_TOP_RUNE_01,BLUE_TEAM_TOP_RUNE_02,BLUE_TEAM_JNG_RUNE_01,BLUE_TEAM_JNG_RUNE_02,BLUE_TEAM_MID_RUNE_01,BLUE_TEAM_MID_RUNE_02,BLUE_TEAM_ADC_RUNE_01,BLUE_TEAM_ADC_RUNE_02,BLUE_TEAM_SUP_RUNE_01,BLUE_TEAM_SUP_RUNE_02,RED_TEAM_TOP_RUNE_01,RED_TEAM_TOP_RUNE_02,RED_TEAM_JNG_RUNE_01,RED_TEAM_JNG_RUNE_02,RED_TEAM_MID_RUNE_01,RED_TEAM_MID_RUNE_02,RED_TEAM_ADC_RUNE_01,RED_TEAM_ADC_RUNE_02,RED_TEAM_SUP_RUNE_01,RED_TEAM_SUP_RUNE_02,BLUE_TEAM_TOP_SUMMONER_01,BLUE_TEAM_TOP_SUMMONER_02,BLUE_TEAM_JNG_SUMMONER_01,BLUE_TEAM_JNG_SUMMONER_02,BLUE_TEAM_MID_SUMMONER_01,BLUE_TEAM_MID_SUMMONER_02,BLUE_TEAM_ADC_SUMMONER_01,BLUE_TEAM_ADC_SUMMONER_02,BLUE_TEAM_SUP_SUMMONER_01,BLUE_TEAM_SUP_SUMMONER_02,RED_TEAM_TOP_SUMMONER_01,RED_TEAM_TOP_SUMMONER_02,RED_TEAM_JNG_SUMMONER_01,RED_TEAM_JNG_SUMMONER_02,RED_TEAM_MID_SUMMONER_01,RED_TEAM_MID_SUMMONER_02,RED_TEAM_ADC_SUMMONER_01,RED_TEAM_ADC_SUMMONER_02,RED_TEAM_SUP_SUMMONER_01,RED_TEAM_SUP_SUMMONER_02,BLUE_TEAM_RIFT_HERALDS,BLUE_TEAM_VOID_GRUBS,BLUE_TEAM_INHIBITORS,RED_TEAM_RIFT_HERALDS,RED_TEAM_VOID_GRUBS,RED_TEAM_INHIBITORS
https://www.op.gg/summoners/euw/Sinmivak-777/matches/uRd1PvnOddqynDzKMB2bvRTkuKg-DEMLqB-O2-ndiU0%3D/1734612499000,0,19,23,23,19,45,44,91,83,26,40,2,3,0,1,5,9,2,4,64115,72739,16.0,16.8,1140,1192,32.9,34.5,-8624,8624,1848.3603603603603,2096.98018018018,Jax,Wukong,Viktor,Ziggs,Bard,Gragas,Zac,Yone,Draven,Lulu,Sterak's Gage,Mercury's Treads,Cloth Armor,Trinity Force,No_Item,Sundered Sky,Stealth Ward,Sterak's Gage,Trinity Force,Kindlegem,Boots of Swiftness,Negatron Cloak,Sundered Sky,Stealth Ward,Sorcerer's Shoes,Luden's Companion,Void Staff,Oblivion Orb,Rabadon's Deathcap,Fiendish Codex,Farsight Alteration,Rabadon's Deathcap,Horizon Focus,Luden's Companion,Sorcerer's Shoes,Void Staff,Haunting Guise,Farsight Alteration,Dead Man's Plate,Mercury's Treads,Bloodsong,Liandry's Torment,Null-Magic Mantle,No_Item,Oracle Lens,Ionian Boots of Lucidity,Seeker's Armguard,Cosmic Drive,Lost Chapter,Lich Bane,Banshee's Veil,Oracle Lens,Null-Magic Mantle,Sunfire Aegis,Spirit Visage,Kindlegem,Dark Seal,Mercury's Treads,Oracle Lens,Kaenic Rookern,Stridebreaker,Berserker's Greaves,Blade of The Ruined King,Immortal Shieldbow,No_Item,Farsight Alteration,Mortal Reminder,Bloodthirster,The Collector,Infinity Edge,Cloak of Agility,Berserker's Greaves,Farsight Alteration,Dream Maker,Redemption,No_Item,Ruby Crystal,Moonstone Renewer,Ionian Boots of Lucidity,Oracle Lens,Grasp of the Undying,Inspiration,Conqueror,Inspiration,Summon Aery,Precision,Arcane Comet,Precision,Guardian,Inspiration,Phase Rush,Precision,Aftershock,Inspiration,Grasp of the Undying,Precision,Lethal Tempo,Domination,Summon Aery,Inspiration,Flash,Teleport,Flash,Smite,Flash,Teleport,Flash,Teleport,Ignite,Flash,Flash,Teleport,Smite,Flash,Teleport,Flash,Flash,Barrier,Heal,Flash,0,1,0,1,5,2
https://www.op.gg/summoners/euw/Sinmivak-777/matches/uRd1PvnOddqeaV7IaPKlYaYzCAbnshz3MNrp1d9IL00%3D/1734609239000,0,14,26,27,14,37,21,48,63,13,15,0,2,0,1,2,5,0,3,39677,46582,11.2,12.8,595,724,28.3,34.3,-6905,6905,1890.8570312499999,2219.9234374999996,Renekton,Skarner,Viktor,Draven,Zyra,Vayne,Lillia,Yone,Varus,Renata Glasc,Doran's Shield,Ruby Crystal,Ruby Crystal,No_Item,Plated Steelcaps,Stridebreaker,Stealth Ward,No_Item,Heartsteel,Mercury's Treads,Null-Magic Mantle,No_Item,No_Item,Oracle Lens,Aether Wisp,Luden's Companion,Sorcerer's Shoes,Needlessly Large Rod,Glowing Mote,Dark Seal,Farsight Alteration,Bloodthirster,Infinity Edge,Cloak of Agility,The Collector,Doran's Blade,Boots,Farsight Alteration,Liandry's Torment,Sorcerer's Shoes,Zaz'Zak's Realmspike,Giant's Belt,No_Item,No_Item,Oracle Lens,Doran's Blade,Blade of The Ruined King,Trinity Force,Recurve Bow,Berserker's Greaves,Cull,Farsight Alteration,Rylai's Crystal Scepter,Liandry's Torment,Dark Seal,Mercury's Treads,Haunting Guise,Glowing Mote,Oracle Lens,Berserker's Greaves,Blade of The Ruined King,Noonquiver,Refillable Potion,Pickaxe,Doran's Shield,Oracle Lens,Doran's Blade,Refillable Potion,Guinsoo's Rageblade,Blade of The Ruined King,Recurve Bow,Long Sword,Farsight Alteration,Kindlegem,Locket of the Iron Solari,No_Item,Celestial Opposition,Boots of Swiftness,Forbidden Idol,Oracle Lens,Press the Attack,Resolve,Grasp of the Undying,Inspiration,Summon Aery,Resolve,Lethal Tempo,Domination,Arcane Comet,Domination,Fleet Footwork,Sorcery,Conqueror,Inspiration,Fleet Footwork,Resolve,Lethal Tempo,Inspiration,Guardian,Domination,Teleport,Flash,Flash,Smite,Flash,Teleport,Flash,Barrier,Flash,Ignite,Flash,Ghost,Smite,Flash,Flash,Teleport,Flash,Barrier,Flash,Heal,0,0,0,1,3,0
https://www.op.gg/summoners/euw/Sinmivak-777/matches/uRd1PvnOddrG2DISBP5iMdnnyJbfhlVi3QxgFOeEEOM%3D/1734607452000,1,43,40,40,43,90,77,110,119,49,47,3,3,1,1,11,5,4,4,86990,80684,17.4,17.0,1263,1239,31.3,30.8,6306,-6306,2151.857894736842,1995.8673684210526,Jayce,Brand,Yone,Ezreal,Nautilus,Gnar,Skarner,Ahri,Zeri,Blitzcrank,Hubris,Bloodthirster,Ionian Boots of Lucidity,Opportunity,Edge of Night,Serylda's Grudge,Farsight Alteration,Morellonomicon,Ionian Boots of Lucidity,Zhonya's Hourglass,Rylai's Crystal Scepter,Cryptbloom,Liandry's Torment,Oracle Lens,Mercury's Treads,Blade of The Ruined King,Immortal Shieldbow,Infinity Edge,Guardian Angel,Last Whisper,Oracle Lens,Muramana,Ionian Boots of Lucidity,Shattered Armguard,Trinity Force,Bloodthirster,Spear of Shojin,Farsight Alteration,Celestial Opposition,Locket of the Iron Solari,Watchful Wardstone,Knight's Vow,Plated Steelcaps,Giant's Belt,Oracle Lens,Sterak's Gage,Plated Steelcaps,Trinity Force,No_Item,Death's Dance,No_Item,Stealth Ward,Force of Nature,Thornmail,Negatron Cloak,Heartsteel,Unending Despair,Plated Steelcaps,Oracle Lens,Malignance,Horizon Focus,Zhonya's Hourglass,Rabadon's Deathcap,Sorcerer's Shoes,Void Staff,Oracle Lens,Runaan's Hurricane,Zephyr,Yun Tal Wildarrows,Infinity Edge,Bloodthirster,Lord Dominik's Regards,Farsight Alteration,Control Ward,Celestial Opposition,Locket of the Iron Solari,Synchronized Souls,Trailblazer,Abyssal Mask,Oracle Lens,Conqueror,Inspiration,Electrocute,Precision,Fleet Footwork,Resolve,Press the Attack,Inspiration,Aftershock,Inspiration,Grasp of the Undying,Precision,Grasp of the Undying,Inspiration,Electrocute,Sorcery,Lethal Tempo,Resolve,Glacial Augment,Sorcery,Flash,Teleport,Flash,Smite,Flash,Teleport,Flash,Barrier,Ignite,Flash,Teleport,Flash,Flash,Smite,Flash,Teleport,Barrier,Flash,Flash,Ignite,0,6,5,0,0,1
https://www.op.gg/summoners/euw/Sinmivak-777/matches/uRd1PvnOddpRdGF5AGZAhE141d-zUsD_y6FEgPeACXY%3D/1734604502000,1,33,15,15,34,25,68,52,54,22,10,2,1,0,0,7,2,2,1,51834,40402,13.2,12.0,747,681,33.3,30.5,11432,-11432,2330.1522935779817,1816.2366972477066,Yone,Jarvan IV,Viktor,Tristana,Rell,Renekton,Lee Sin,Katarina,Jhin,Lux,Doran's Blade,Blade of The Ruined King,Berserker's Greaves,No_Item,No_Item,Stridebreaker,Stealth Ward,Black Cleaver,Sundered Sky,Tunneler,Pickaxe,Plated Steelcaps,No_Item,Oracle Lens,Doran's Ring,Blackfire Torch,Rabadon's Deathcap,Boots,Liandry's Torment,Blighting Jewel,Farsight Alteration,Doran's Blade,Infinity Edge,Zeal,Berserker's Greaves,The Collector,Dagger,Farsight Alteration,Locket of the Iron Solari,Solstice Sleigh,Control Ward,Ionian Boots of Lucidity,No_Item,Zeke's Convergence,Oracle Lens,Plated Steelcaps,Doran's Shield,Eclipse,Black Cleaver,Tunneler,Ruby Crystal,Oracle Lens,Control Ward,Eclipse,Sundered Sky,Ionian Boots of Lucidity,No_Item,No_Item,Stealth Ward,Doran's Shield,Dark Seal,Refillable Potion,Nashor's Tooth,Sorcerer's Shoes,Hextech Alternator,Oracle Lens,Boots of Swiftness,The Collector,Infinity Edge,Noonquiver,Long Sword,Doran's Blade,Farsight Alteration,Plated Steelcaps,Locket of the Iron Solari,Celestial Opposition,Kindlegem,Forbidden Idol,Control Ward,Oracle Lens,Lethal Tempo,Resolve,Conqueror,Inspiration,Summon Aery,Resolve,Hail of Blades,Precision,Aftershock,Inspiration,Conqueror,Resolve,Conqueror,Inspiration,Electrocute,Resolve,Fleet Footwork,Inspiration,Aftershock,Domination,Flash,Teleport,Flash,Smite,Teleport,Flash,Flash,Barrier,Flash,Ignite,Flash,Teleport,Flash,Smite,Flash,Teleport,Barrier,Flash,Flash,Heal,1,3,2,0,3,0
https://www.op.gg/summoners/euw/Sinmivak-777/matches/uRd1PvnOddondCBpPOPVv8i4WwHN6NiFyp_4TFMV9Hs%3D/1734557522000,0,25,32,32,25,52,38,70,72,26,13,1,4,0,1,7,9,1,5,59729,61543,14.6,14.8,943,858,32.2,29.3,-1814,1814,2036.2159090909092,2098.0568181818185,Olaf,Diana,Tristana,Ashe,Seraphine,Jax,Nidalee,Corki,Jhin,Senna,Stridebreaker,Randuin's Omen,Death's Dance,Doran's Blade,Plated Steelcaps,Ruby Crystal,Oracle Lens,Sorcerer's Shoes,Hextech Rocketbelt,Zhonya's Hourglass,Stormsurge,Needlessly Large Rod,Needlessly Large Rod,Oracle Lens,Doran's Blade,Hullbreaker,Plated Steelcaps,Kraken Slayer,Navori Flickerblade,Infinity Edge,Oracle Lens,Doran's Blade,Vampiric Scepter,Infinity Edge,Phantom Dancer,Kraken Slayer,Berserker's Greaves,Farsight Alteration,Solstice Sleigh,Redemption,Control Ward,Boots of Swiftness,Moonstone Renewer,Amplifying Tome,Oracle Lens,Plated Steelcaps,Stridebreaker,Zhonya's Hourglass,Trinity Force,Cloth Armor,Cloth Armor,Stealth Ward,Shattered Armguard,Lich Bane,No_Item,Shadowflame,No_Item,Sorcerer's Shoes,Oracle Lens,Lord Dominik's Regards,Cloak of Agility,Plated Steelcaps,Muramana,Trinity Force,B. F. Sword,Farsight Alteration,Doran's Blade,Infinity Edge,Boots of Swiftness,The Collector,Rapid Firecannon,Last Whisper,Farsight Alteration,Bloodsong,No_Item,Scout's Slingshot,Boots of Swiftness,Black Cleaver,Serpent's Fang,Oracle Lens,Conqueror,Inspiration,Conqueror,Inspiration,Press the Attack,Resolve,Lethal Tempo,Inspiration,Guardian,Sorcery,Lethal Tempo,Resolve,Electrocute,Precision,Conqueror,Inspiration,Fleet Footwork,Sorcery,Fleet Footwork,Resolve,Ghost,Flash,Flash,Smite,Teleport,Flash,Barrier,Flash,Flash,Heal,Flash,Ignite,Smite,Flash,Flash,Teleport,Barrier,Flash,Heal,Flash,1,5,1,0,1,2
https://www.op.gg/summoners/euw/Sinmivak-777/matches/uRd1PvnOddrjPrvPmKK-hjkwNnFqtxVlFHXIiHW0e-0%3D/1734555065000,1,33,25,25,33,34,54,55,55,11,11,1,3,1,0,6,3,2,3,57343,50111,14.4,13.4,799,816,30.900000000000002,31.599999999999998,7232,-7232,2211.2660130718955,1932.3849673202615,Aatrox,Lillia,Yone,Caitlyn,Nami,Irelia,Skarner,Gragas,Ashe,Lulu,Doran's Shield,Plated Steelcaps,Spear of Shojin,Sundered Sky,Tunneler,No_Item,Oracle Lens,Riftmaker,Zhonya's Hourglass,Liandry's Torment,Ionian Boots of Lucidity,Rylai's Crystal Scepter,No_Item,Oracle Lens,Doran's Shield,Berserker's Greaves,Control Ward,Blade of The Ruined King,Immortal Shieldbow,Hullbreaker,Oracle Lens,Last Whisper,Infinity Edge,Cloak of Agility,No_Item,Yun Tal Wildarrows,Berserker's Greaves,Farsight Alteration,Bloodsong,Moonstone Renewer,Dark Seal,Boots,Imperial Mandate,Blasting Wand,Oracle Lens,Kraken Slayer,Blade of The Ruined King,Plated Steelcaps,Hullbreaker,Frozen Heart,No_Item,Stealth Ward,Kindlegem,Heartsteel,Ionian Boots of Lucidity,Sterak's Gage,Spectre's Cowl,Control Ward,Oracle Lens,Doran's Ring,Lost Chapter,Sorcerer's Shoes,Cosmic Drive,Fiendish Codex,Needlessly Large Rod,Stealth Ward,Phantom Dancer,Berserker's Greaves,Kraken Slayer,Vampiric Scepter,B. F. Sword,Doran's Blade,Farsight Alteration,Dream Maker,Redemption,Control Ward,Kindlegem,Moonstone Renewer,Ionian Boots of Lucidity,Oracle Lens,Conqueror,Resolve,Conqueror,Sorcery,Grasp of the Undying,Precision,Lethal Tempo,Sorcery,Summon Aery,Inspiration,Conqueror,Domination,Grasp of the Undying,Inspiration,Phase Rush,Inspiration,Lethal Tempo,Inspiration,Summon Aery,Inspiration,Flash,Teleport,Smite,Flash,Teleport,Flash,Barrier,Flash,Heal,Flash,Teleport,Flash,Flash,Smite,Teleport,Flash,Barrier,Flash,Heal,Flash,1,6,0,0,0,0
https://www.op.gg/summoners/euw/Sinmivak-777/matches/uRd1PvnOddq0vq7sjxLAo0b1Nfh60IRMSxfDjMpsYu8%3D/1734551439000,0,30,21,21,30,40,45,75,96,37,33,2,2,1,0,6,11,3,2,67199,64552,16.4,15.4,1132,1062,35.3,33.2,2647,-2647,2105.8841549295776,2022.9323943661973,Kennen,Viego,Viktor,Corki,Nautilus,Jayce,Nidalee,Irelia,Jhin,Maokai,Hextech Rocketbelt,No_Item,Plated Steelcaps,Void Staff,No_Item,Shadowflame,Stealth Ward,Guardian Angel,Control Ward,Sterak's Gage,Plated Steelcaps,Trinity Force,Sundered Sky,Oracle Lens,Rabadon's Deathcap,Void Staff,Needlessly Large Rod,Zhonya's Hourglass,Sorcerer's Shoes,Blackfire Torch,Farsight Alteration,Trinity Force,Muramana,Lord Dominik's Regards,No_Item,Boots of Swiftness,Infinity Edge,Farsight Alteration,Celestial Opposition,Control Ward,Locket of the Iron Solari,Plated Steelcaps,Warmog's Armor,No_Item,Oracle Lens,Edge of Night,Hubris,Opportunity,Serpent's Fang,No_Item,Ionian Boots of Lucidity,Farsight Alteration,Zhonya's Hourglass,Lich Bane,Blasting Wand,Dark Seal,Sorcerer's Shoes,Shadowflame,Oracle Lens,Blade of The Ruined King,Hullbreaker,Death's Dance,Mercury's Treads,Wit's End,No_Item,Farsight Alteration,The Collector,Boots of Swiftness,Youmuu's Ghostblade,Lord Dominik's Regards,B. F. Sword,Cloak of Agility,Farsight Alteration,Control Ward,Solstice Sleigh,Locket of the Iron Solari,Mercury's Treads,Trailblazer,Negatron Cloak,Oracle Lens,Conqueror,Inspiration,Conqueror,Inspiration,Summon Aery,Resolve,Conqueror,Inspiration,Aftershock,Inspiration,Phase Rush,Inspiration,Electrocute,Precision,Press the Attack,Inspiration,Dark Harvest,Precision,Aftershock,Domination,Flash,Teleport,Smite,Flash,Flash,Teleport,Flash,Barrier,Flash,Ignite,Flash,Teleport,Smite,Flash,Flash,Teleport,Barrier,Flash,Ignite,Flash,1,3,0,0,3,4
https://www.op.gg/summoners/euw/Sinmivak-777/matches/uRd1PvnOddreq3eCzYQSlbcd0e5ecj1xHiYMsLIx5u0%3D/1734521703000,0,13,25,25,13,40,15,50,48,11,12,0,2,0,0,1,3,0,2,32518,39402,10.0,11.2,480,557,25.7,29.8,-6884,6884,1734.2933333333333,2101.44,Ekko,Warwick,Qiyana,Kai'Sa,Maokai,Akali,Kindred,Aurora,Ezreal,Braum,Doran's Ring,Kindlegem,Lich Bane,Dark Seal,Hextech Alternator,Boots,Stealth Ward,Stridebreaker,Gustwalker Hatchling,Plated Steelcaps,Cloth Armor,No_Item,No_Item,Stealth Ward,Refillable Potion,Profane Hydra,Youmuu's Ghostblade,Control Ward,Ionian Boots of Lucidity,Long Sword,Oracle Lens,Doran's Blade,Recurve Bow,Amplifying Tome,Pickaxe,Berserker's Greaves,Statikk Shiv,Farsight Alteration,Solstice Sleigh,Trailblazer,Boots of Swiftness,Ruby Crystal,No_Item,Control Ward,Oracle Lens,Doran's Ring,Shattered Armguard,Needlessly Large Rod,Dark Seal,Sorcerer's Shoes,Hextech Rocketbelt,Oracle Lens,No_Item,Trinity Force,Boots of Swiftness,The Collector,No_Item,No_Item,Oracle Lens,Doran's Ring,Luden's Companion,Needlessly Large Rod,Dark Seal,Sorcerer's Shoes,Hextech Alternator,Farsight Alteration,Trinity Force,Refillable Potion,Manamune,Slightly Magical Footwear,Doran's Blade,No_Item,Stealth Ward,Celestial Opposition,No_Item,Locket of the Iron Solari,Plated Steelcaps,Kindlegem,No_Item,Oracle Lens,Hail of Blades,Sorcery,Press the Attack,Sorcery,Electrocute,Precision,Lethal Tempo,Inspiration,Aftershock,Inspiration,Electrocute,Resolve,Press the Attack,Inspiration,Electrocute,Sorcery,Press the Attack,Inspiration,Guardian,Inspiration,Ignite,Teleport,Flash,Smite,Flash,Teleport,Barrier,Flash,Flash,Ignite,Teleport,Flash,Flash,Smite,Flash,Teleport,Barrier,Flash,Flash,Ignite,0,2,0,0,4,0
https://www.op.gg/summoners/euw/Sinmivak-777/matches/uRd1PvnOddoROMYanELBiihFvv3Lt7qaxHwtZv187Jw%3D/1734520085000,1,30,22,24,30,43,54,78,84,17,16,1,3,2,0,11,6,3,3,65582,54639,15.8,13.8,896,808,29.5,26.6,10943,-10943,2165.7311627906975,1804.3576744186046,Jax,Ivern,Taliyah,Corki,Tahm Kench,Poppy,Kindred,Ahri,Jhin,Rell,Plated Steelcaps,Zhonya's Hourglass,No_Item,Sundered Sky,Trinity Force,No_Item,Stealth Ward,Staff of Flowing Water,Ionian Boots of Lucidity,Redemption,Blasting Wand,Dark Seal,Moonstone Renewer,Oracle Lens,No_Item,No_Item,No_Item,No_Item,No_Item,No_Item,Farsight Alteration,Doran's Blade,Rapid Firecannon,Trinity Force,Muramana,Plated Steelcaps,B. F. Sword,Farsight Alteration,Heartsteel,Solstice Sleigh,No_Item,Unending Despair,Plated Steelcaps,Kindlegem,Oracle Lens,Sunfire Aegis,Doran's Shield,Fimbulwinter,Mercury's Treads,Spectre's Cowl,Negatron Cloak,Stealth Ward,Noonquiver,Kraken Slayer,Wit's End,The Collector,Infinity Edge,Mercury's Treads,Oracle Lens,Shadowflame,Malignance,Control Ward,Doran's Ring,Blasting Wand,Sorcerer's Shoes,Farsight Alteration,Doran's Blade,Pickaxe,Rapid Firecannon,The Collector,B. F. Sword,Boots of Swiftness,Farsight Alteration,Bloodsong,Control Ward,Knight's Vow,Heartsteel,No_Item,Mercury's Treads,Oracle Lens,Grasp of the Undying,Inspiration,Glacial Augment,Sorcery,Phase Rush,Precision,Conqueror,Inspiration,Grasp of the Undying,Inspiration,Grasp of the Undying,Sorcery,Press the Attack,Inspiration,Electrocute,Sorcery,Fleet Footwork,Sorcery,Aftershock,Inspiration,Flash,Teleport,Flash,Smite,Flash,Teleport,Flash,Barrier,Flash,Ignite,Teleport,Flash,Flash,Smite,Flash,Teleport,Barrier,Flash,Flash,Ignite,0,1,3,1,2,2
https://www.op.gg/summoners/euw/Sinmivak-777/matches/uRd1PvnOddpYxKS0p8zQDm_04OKjbjBYgBlbZyJMfAA%3D/1734517370000,1,17,12,12,17,15,25,41,50,15,10,0,2,0,0,4,2,0,2,40645,38495,12.2,11.6,656,691,30.1,31.7,2150,-2150,1855.5326086956522,1757.3804347826087,Ambessa,Wukong,Aurora,Caitlyn,Bard,K'Sante,Viego,Tahm Kench,Azir,Janna,Doran's Shield,Refillable Potion,Voltaic Cyclosword,Tunneler,Boots of Swiftness,Ruby Crystal,Farsight Alteration,Black Cleaver,Trinity Force,Control Ward,Long Sword,Ruby Crystal,Slightly Magical Footwear,Oracle Lens,Doran's Ring,Mejai's Soulstealer,Amplifying Tome,Liandry's Torment,Malignance,Ionian Boots of Lucidity,Farsight Alteration,Doran's Blade,Berserker's Greaves,Yun Tal Wildarrows,Lord Dominik's Regards,Control Ward,No_Item,Farsight Alteration,Dead Man's Plate,Haunting Guise,Bloodsong,No_Item,Slightly Magical Footwear,Amplifying Tome,Oracle Lens,Unending Despair,Plated Steelcaps,Iceborn Gauntlet,Kindlegem,Spectre's Cowl,Doran's Shield,Oracle Lens,Titanic Hydra,No_Item,Slightly Magical Footwear,Cloth Armor,Kraken Slayer,No_Item,Stealth Ward,Heartsteel,Chain Vest,Boots of Swiftness,Kindlegem,Ruby Crystal,No_Item,Farsight Alteration,Doran's Ring,Refillable Potion,Liandry's Torment,Nashor's Tooth,Sorcerer's Shoes,No_Item,Farsight Alteration,Echoes of Helia,Boots of Swiftness,Dream Maker,Dark Seal,Bandleglass Mirror,Kindlegem,Oracle Lens,Grasp of the Undying,Domination,Conqueror,Inspiration,Electrocute,Sorcery,Lethal Tempo,Sorcery,Guardian,Inspiration,Grasp of the Undying,Inspiration,Conqueror,Inspiration,Grasp of the Undying,Inspiration,Summon Aery,Precision,Summon Aery,Domination,Flash,Teleport,Flash,Smite,Flash,Teleport,Flash,Ghost,Ignite,Flash,Flash,Teleport,Flash,Smite,Teleport,Flash,Flash,Teleport,Flash,Heal,0,3,0,1,3,0
https://www.op.gg/summoners/euw/Sinmivak-777/matches/uRd1PvnOddqzhz5B7l4Q9yeErI9oxJktsrQCcos67FU%3D/1734475329000,1,28,30,30,28,43,54,107,133,45,51,1,2,1,1,8,3,2,3,63885,62575,15.6,15.4,865,1023,26.900000000000002,31.8,1310,-1310,2004.235294117647,1963.137254901961,K'Sante,Viego,Veigar,Jhin,Rakan,Ornn,Rengar,Xerath,Ezreal,Pyke,Plated Steelcaps,"Jak'Sho, The Protean",Abyssal Mask,Unending Despair,Chain Vest,Control Ward,Farsight Alteration,Sterak's Gage,Trinity Force,Plated Steelcaps,Kraken Slayer,Long Sword,Cloth Armor,Oracle Lens,Hextech Rocketbelt,Shurelya's Battlesong,Shattered Armguard,Cryptbloom,Rabadon's Deathcap,Symbiotic Soles,Farsight Alteration,Doran's Blade,Plated Steelcaps,Infinity Edge,The Collector,Lord Dominik's Regards,Dagger,Farsight Alteration,Celestial Opposition,Locket of the Iron Solari,Knight's Vow,No_Item,Ionian Boots of Lucidity,Giant's Belt,Oracle Lens,Sunfire Aegis,Heartsteel,Negatron Cloak,Mercury's Treads,Chain Vest,Giant's Belt,Oracle Lens,Edge of Night,Profane Hydra,Youmuu's Ghostblade,Boots,Lord Dominik's Regards,Serrated Dirk,Oracle Lens,Rabadon's Deathcap,Void Staff,Sorcerer's Shoes,Luden's Companion,Hextech Alternator,No_Item,Farsight Alteration,Doran's Blade,Trinity Force,Muramana,Spear of Shojin,Ionian Boots of Lucidity,Last Whisper,Farsight Alteration,Control Ward,Youmuu's Ghostblade,Celestial Opposition,Umbral Glaive,Edge of Night,Synchronized Souls,Oracle Lens,Grasp of the Undying,Sorcery,Conqueror,Inspiration,Unsealed Spellbook,Sorcery,Dark Harvest,Precision,Guardian,Domination,Grasp of the Undying,Inspiration,Conqueror,Domination,Arcane Comet,Precision,Press the Attack,Inspiration,Hail of Blades,Inspiration,Flash,Teleport,Smite,Flash,Flash,Teleport,Flash,Barrier,Flash,Ignite,Teleport,Flash,Flash,Smite,Teleport,Flash,Flash,Barrier,Ignite,Flash,0,6,1,0,0,0
https://www.op.gg/summoners/euw/Sinmivak-777/matches/uRd1PvnOddpsC-hgmX10c_Gan1jREQ9rX088UzrJ8so%3D/1734472904000,0,13,32,32,13,43,16,49,43,7,13,0,2,0,0,3,8,0,2,39264,48377,11.2,12.8,593,624,27.3,28.599999999999998,-9113,9113,1814.2675862068966,2235.3510344827587,Jax,Bel'Veth,Irelia,Viktor,Rakan,Kennen,Skarner,Malphite,Olaf,Pyke,Doran's Shield,Tiamat,Mercury's Treads,Trinity Force,Phage,Refillable Potion,Stealth Ward,Pickaxe,Blade of The Ruined King,Kraken Slayer,Boots,Tunneler,Null-Magic Mantle,Oracle Lens,Doran's Blade,Blade of The Ruined King,Rectrix,Mercury's Treads,Negatron Cloak,Recurve Bow,Farsight Alteration,Doran's Ring,Dark Seal,Blackfire Torch,Sorcerer's Shoes,Haunting Guise,Fated Ashes,Farsight Alteration,Shurelya's Battlesong,Celestial Opposition,Null-Magic Mantle,Ionian Boots of Lucidity,Dark Seal,Kindlegem,Oracle Lens,Shadowflame,Hextech Rocketbelt,No_Item,Sorcerer's Shoes,No_Item,No_Item,Oracle Lens,Mercury's Treads,Heartsteel,Unending Despair,Kindlegem,Null-Magic Mantle,No_Item,Oracle Lens,Doran's Ring,Thornmail,Sunfire Aegis,Plated Steelcaps,Dark Seal,Frozen Heart,Farsight Alteration,Doran's Blade,Maw of Malmortius,Steel Sigil,Plated Steelcaps,Long Sword,Ravenous Hydra,Oracle Lens,Serrated Dirk,Youmuu's Ghostblade,Celestial Opposition,Boots of Swiftness,Opportunity,No_Item,Oracle Lens,Grasp of the Undying,Sorcery,Conqueror,Domination,Conqueror,Inspiration,Summon Aery,Resolve,Guardian,Domination,Electrocute,Resolve,Grasp of the Undying,Inspiration,Arcane Comet,Resolve,Conqueror,Inspiration,Hail of Blades,Sorcery,Flash,Teleport,Flash,Smite,Flash,Teleport,Flash,Teleport,Ignite,Flash,Teleport,Flash,Flash,Smite,Flash,Teleport,Flash,Ghost,Ignite,Flash,1,1,0,0,5,1
https://www.op.gg/summoners/euw/Sinmivak-777/matches/uRd1PvnOddpQJedtVaTA6LEmChSlmbY9V-QBW62nRQU%3D/1734468434000,1,34,28,28,34,47,44,77,109,51,32,3,3,2,0,11,3,5,3,79345,63501,17.4,16.6,1258,1088,36.5,31.6,15844,-15844,2314.2291666666665,1852.1125,Ambessa,Gwen,Gangplank,Jhin,Vel'Koz,Pantheon,Vi,Viktor,Corki,Bard,Sundered Sky,Voltaic Cyclosword,Sterak's Gage,Mercury's Treads,Spear of Shojin,Death's Dance,Oracle Lens,Rabadon's Deathcap,Nashor's Tooth,Shadowflame,Sorcerer's Shoes,Blasting Wand,Blighting Jewel,Stealth Ward,Trinity Force,Serpent's Fang,Mortal Reminder,The Collector,Doran's Blade,Plated Steelcaps,Oracle Lens,Hubris,Lord Dominik's Regards,The Collector,Infinity Edge,Vampiric Scepter,Boots of Swiftness,Farsight Alteration,Dark Seal,Zhonya's Hourglass,Sorcerer's Shoes,Zaz'Zak's Realmspike,Fated Ashes,Horizon Focus,Oracle Lens,Doran's Blade,Sundered Sky,Plated Steelcaps,Black Cleaver,Serpent's Fang,Tunneler,Stealth Ward,Sundered Sky,Black Cleaver,Tunneler,Plated Steelcaps,Kaenic Rookern,No_Item,Oracle Lens,Shadowflame,Zhonya's Hourglass,Sorcerer's Shoes,Luden's Companion,Doran's Ring,Blighting Jewel,Farsight Alteration,Infinity Edge,Trinity Force,Muramana,Mortal Reminder,Plated Steelcaps,No_Item,Farsight Alteration,Locket of the Iron Solari,Bloodsong,Boots of Swiftness,Dead Man's Plate,Kindlegem,Control Ward,Oracle Lens,Grasp of the Undying,Domination,Arcane Comet,Domination,Arcane Comet,Inspiration,Dark Harvest,Precision,Dark Harvest,Sorcery,Press the Attack,Sorcery,Conqueror,Inspiration,Summon Aery,Precision,Conqueror,Inspiration,Guardian,Domination,Flash,Teleport,Ghost,Smite,Teleport,Flash,Flash,Barrier,Heal,Flash,Ignite,Flash,Smite,Flash,Flash,Teleport,Barrier,Flash,Heal,Flash,1,6,3,0,0,0
https://www.op.gg/summoners/euw/Sinmivak-777/matches/uRd1PvnOddr7vEGWf6CpDk9eiBxsjvTnmXGmt_Gd5a8%3D/1734465514000,0,33,39,39,33,68,36,63,50,10,20,2,1,0,1,4,9,2,2,56179,65370,14.4,15.4,815,928,29.4,33.4,-9191,9191,2034.0672413793104,2366.844827586207,Aurora,Skarner,Ambessa,Jhin,Rell,Garen,Karthus,Jayce,Corki,Alistar,Sorcerer's Shoes,Zhonya's Hourglass,Blighting Jewel,Luden's Companion,Rabadon's Deathcap,Dark Seal,Oracle Lens,Control Ward,Heartsteel,Sterak's Gage,Ruby Crystal,Plated Steelcaps,Negatron Cloak,Oracle Lens,Death's Dance,Spear of Shojin,Plated Steelcaps,Eclipse,Long Sword,Long Sword,Stealth Ward,Doran's Blade,Infinity Edge,Boots of Swiftness,The Collector,Lord Dominik's Regards,No_Item,Farsight Alteration,Locket of the Iron Solari,Redemption,Celestial Opposition,Control Ward,No_Item,Plated Steelcaps,Oracle Lens,Stridebreaker,No_Item,No_Item,Dead Man's Plate,Phantom Dancer,Boots of Swiftness,Farsight Alteration,Zhonya's Hourglass,Void Staff,Sorcerer's Shoes,Shadowflame,Blackfire Torch,No_Item,Oracle Lens,Boots of Swiftness,Long Sword,Youmuu's Ghostblade,Doran's Blade,Edge of Night,Muramana,Oracle Lens,Infinity Edge,Muramana,Trinity Force,Plated Steelcaps,Lord Dominik's Regards,Dagger,Farsight Alteration,Dream Maker,Knight's Vow,Plated Steelcaps,Locket of the Iron Solari,Kindlegem,Negatron Cloak,Oracle Lens,Arcane Comet,Domination,Grasp of the Undying,Inspiration,Conqueror,Resolve,Dark Harvest,Precision,Aftershock,Inspiration,Conqueror,Resolve,Dark Harvest,Precision,Conqueror,Inspiration,Conqueror,Inspiration,Glacial Augment,Resolve,Flash,Teleport,Smite,Flash,Flash,Teleport,Barrier,Flash,Flash,Ignite,Flash,Teleport,Flash,Smite,Flash,Teleport,Teleport,Flash,Flash,Heal,0,1,0,1,5,1
https://www.op.gg/summoners/euw/Sinmivak-777/matches/uRd1PvnOddoXHeih83_aV5UcibQXOZbL-PH8Q7yXjLg%3D/1734431644000,0,19,37,37,19,89,29,63,62,19,21,0,3,0,0,4,9,0,3,51385,60153,13.0,14.4,794,834,27.9,29.299999999999997,-8768,8768,1814.7118959107809,2124.3624535315985,K'Sante,Ambessa,Gragas,Corki,Lux,Garen,Jarvan IV,Sylas,Caitlyn,Bard,Doran's Shield,Iceborn Gauntlet,Randuin's Omen,Plated Steelcaps,Ruby Crystal,Unending Despair,Oracle Lens,Black Cleaver,Eclipse,Control Ward,Spear of Shojin,No_Item,Plated Steelcaps,Oracle Lens,Zhonya's Hourglass,Ionian Boots of Lucidity,Amplifying Tome,Cosmic Drive,Seraph's Embrace,No_Item,Oracle Lens,Executioner's Calling,Trinity Force,Muramana,Rapid Firecannon,Boots,Cloak of Agility,Farsight Alteration,Luden's Companion,Synchronized Souls,Dream Maker,No_Item,Bandleglass Mirror,No_Item,Oracle Lens,Doran's Shield,Stridebreaker,Phantom Dancer,Berserker's Greaves,Lord Dominik's Regards,B. F. Sword,Farsight Alteration,Spear of Shojin,Sundered Sky,Control Ward,Black Cleaver,Slightly Magical Footwear,No_Item,Oracle Lens,Hextech Rocketbelt,Doran's Ring,Dark Seal,Ionian Boots of Lucidity,Cosmic Drive,Needlessly Large Rod,Stealth Ward,Doran's Blade,No_Item,Lord Dominik's Regards,Berserker's Greaves,Infinity Edge,The Collector,Farsight Alteration,Dead Man's Plate,Mercury's Treads,Bloodsong,Statikk Shiv,No_Item,No_Item,Oracle Lens,Grasp of the Undying,Inspiration,Conqueror,Domination,Phase Rush,Precision,Conqueror,Inspiration,Arcane Comet,Domination,Phase Rush,Resolve,Conqueror,Inspiration,Conqueror,Inspiration,Fleet Footwork,Sorcery,Guardian,Inspiration,Teleport,Flash,Flash,Smite,Teleport,Flash,Barrier,Flash,Ignite,Flash,Flash,Teleport,Flash,Smite,Flash,Teleport,Flash,Barrier,Ignite,Flash,1,3,0,0,3,2
https://www.op.gg/summoners/euw/Sinmivak-777/matches/uRd1PvnOddq1w0D3bfUunKoXAQvXY1AU1GpduMT8YuA%3D/1734429261000,1,20,5,5,20,4,24,28,16,4,5,1,0,0,0,4,0,1,0,34421,23371,10.0,9.0,517,443,33.7,28.9,11050,-11050,2256.1663865546216,1531.8806722689076,Kennen,Ambessa,Akali,Kalista,Blitzcrank,Yone,Olaf,Lulu,Ezreal,Bard,Sorcerer's Shoes,Hextech Rocketbelt,Refillable Potion,Hextech Alternator,Dark Seal,Doran's Ring,Stealth Ward,Eclipse,No_Item,Control Ward,Black Cleaver,No_Item,Boots,Stealth Ward,Doran's Ring,Lich Bane,Sorcerer's Shoes,Amplifying Tome,Dark Seal,Needlessly Large Rod,Oracle Lens,Refillable Potion,Blade of The Ruined King,Pickaxe,Doran's Blade,Dagger,Berserker's Greaves,Farsight Alteration,Bloodsong,Control Ward,Cloth Armor,Cloth Armor,Glacial Buckler,Boots of Swiftness,Oracle Lens,Doran's Shield,Blade of The Ruined King,Control Ward,No_Item,No_Item,Berserker's Greaves,Stealth Ward,Doran's Blade,Tear of the Goddess,Winged Moonplate,Slightly Magical Footwear,Hearthbound Axe,Null-Magic Mantle,Oracle Lens,Hextech Alternator,No_Item,Dark Seal,Lost Chapter,Ionian Boots of Lucidity,Doran's Ring,Stealth Ward,Trinity Force,Tear of the Goddess,Long Sword,No_Item,Slightly Magical Footwear,Doran's Blade,Stealth Ward,Dead Man's Plate,No_Item,Runic Compass,No_Item,No_Item,Slightly Magical Footwear,Oracle Lens,Summon Aery,Domination,Conqueror,Domination,Electrocute,Precision,Lethal Tempo,Domination,Aftershock,Inspiration,Grasp of the Undying,Precision,Conqueror,Inspiration,Summon Aery,Resolve,Conqueror,Inspiration,Guardian,Inspiration,Flash,Teleport,Flash,Smite,Flash,Teleport,Flash,Barrier,Flash,Ignite,Flash,Teleport,Smite,Ghost,Teleport,Flash,Flash,Barrier,Ignite,Flash,0,6,0,0,0,0
https://www.op.gg/summoners/euw/Sinmivak-777/matches/uRd1PvnOddpRL5JnkCw6GpkE7E621bZXXJMBlKmB0sA%3D/1734385486000,1,47,36,36,47,65,91,111,114,44,53,4,3,0,3,6,11,4,6,88058,87958,18.0,17.4,1308,1282,29.2,28.6,100,-100,1954.2898172323758,1952.0704960835508,Ambessa,Udyr,Ahri,Kog'Maw,Sona,Teemo,Shaco,Tristana,Ziggs,Rell,Death's Dance,Voltaic Cyclosword,Mercury's Treads,Spear of Shojin,Maw of Malmortius,Sundered Sky,Oracle Lens,Liandry's Torment,Randuin's Omen,"Jak'Sho, The Protean",Force of Nature,Haunting Guise,Plated Steelcaps,Oracle Lens,Shadowflame,Aether Wisp,Cryptbloom,Sorcerer's Shoes,Horizon Focus,Malignance,Farsight Alteration,Runaan's Hurricane,Guinsoo's Rageblade,"Jak'Sho, The Protean",Berserker's Greaves,Wit's End,Terminus,Farsight Alteration,Boots of Swiftness,Forbidden Idol,Bloodsong,Staff of Flowing Water,Moonstone Renewer,Echoes of Helia,Oracle Lens,Zhonya's Hourglass,Void Staff,Boots of Swiftness,Nashor's Tooth,Liandry's Torment,Malignance,Farsight Alteration,Infinity Edge,Youmuu's Ghostblade,Edge of Night,Lord Dominik's Regards,Boots of Swiftness,Opportunity,Oracle Lens,Infinity Edge,Yun Tal Wildarrows,Bloodthirster,Mortal Reminder,Berserker's Greaves,Navori Flickerblade,Farsight Alteration,Liandry's Torment,Void Staff,Seraph's Embrace,Sorcerer's Shoes,Morellonomicon,Rabadon's Deathcap,Farsight Alteration,Locket of the Iron Solari,Celestial Opposition,Watchful Wardstone,Winged Moonplate,Abyssal Mask,Ionian Boots of Lucidity,Oracle Lens,Conqueror,Resolve,Conqueror,Resolve,Guardian,Inspiration,Press the Attack,Resolve,Summon Aery,Precision,Press the Attack,Resolve,Hail of Blades,Inspiration,Press the Attack,Resolve,Arcane Comet,Inspiration,Aftershock,Inspiration,Flash,Teleport,Smite,Flash,Flash,Ignite,Barrier,Flash,Flash,Heal,Flash,Ignite,Smite,Ignite,Flash,Teleport,Flash,Teleport,Ignite,Flash,0,3,1,1,3,5
https://www.op.gg/summoners/euw/Sinmivak-777/matches/uRd1PvnOddoaxVdWO_LtGucZ52I3oK9ydBc-lNBIrtA%3D/1734381963000,1,31,26,26,31,46,86,87,95,36,35,3,2,0,2,8,8,3,4,71312,69854,16.6,16.0,1092,1023,29.3,27.5,1458,-1458,1907.1813953488372,1868.1883720930232,Aurora,Poppy,Ahri,Varus,Lulu,Gnar,Skarner,Viktor,Corki,Bard,Rabadon's Deathcap,Zhonya's Hourglass,Sorcerer's Shoes,Void Staff,No_Item,Luden's Companion,Farsight Alteration,Abyssal Mask,Locket of the Iron Solari,Bramble Vest,Mercury's Treads,Force of Nature,Bami's Cinder,Oracle Lens,Malignance,Liandry's Torment,Dark Seal,Mercury's Treads,Doran's Ring,Cryptbloom,Oracle Lens,"Jak'Sho, The Protean",Berserker's Greaves,Blade of The Ruined King,Guinsoo's Rageblade,Terminus,Negatron Cloak,Farsight Alteration,Dream Maker,Redemption,Control Ward,Moonstone Renewer,Dawncore,Ionian Boots of Lucidity,Oracle Lens,Randuin's Omen,"Jak'Sho, The Protean",Sterak's Gage,Mercury's Treads,Wit's End,Trinity Force,Oracle Lens,Unending Despair,Mercury's Treads,Negatron Cloak,Giant's Belt,Heartsteel,Kaenic Rookern,Oracle Lens,Void Staff,Banshee's Veil,Needlessly Large Rod,Dark Seal,Mercury's Treads,Blackfire Torch,Farsight Alteration,Doran's Blade,Trinity Force,Muramana,Mercury's Treads,Bloodthirster,Last Whisper,Farsight Alteration,Dead Man's Plate,Bloodsong,Fated Ashes,Boots of Swiftness,Haunting Guise,Statikk Shiv,Oracle Lens,Electrocute,Sorcery,Phase Rush,Inspiration,Electrocute,Sorcery,Lethal Tempo,Inspiration,Summon Aery,Inspiration,Grasp of the Undying,Inspiration,Aftershock,Inspiration,Summon Aery,Resolve,Conqueror,Inspiration,Guardian,Inspiration,Flash,Teleport,Flash,Smite,Teleport,Flash,Flash,Ghost,Heal,Flash,Flash,Teleport,Flash,Smite,Flash,Teleport,Cleanse,Flash,Flash,Ignite,1,3,1,0,3,0
https://www.op.gg/summoners/euw/Sinmivak-777/matches/uRd1PvnOddoNNzntsH7DvJjkR_eSwPik9JdpfEDcu-Q%3D/1734350239000,0,34,39,39,34,59,58,119,88,57,38,2,2,0,1,5,8,2,3,70328,71030,16.0,16.6,1090,1059,32.8,31.9,-702,702,2109.8399999999997,2130.8999999999996,Fiora,Taliyah,Ryze,Ashe,Pyke,Kennen,Skarner,Ahri,Jhin,Rell,Ravenous Hydra,Tunneler,Death's Dance,Mercury's Treads,Maw of Malmortius,Pickaxe,Farsight Alteration,Shadowflame,Dark Seal,Luden's Companion,Void Staff,Sorcerer's Shoes,Amplifying Tome,Oracle Lens,Mercury's Treads,Shattered Armguard,Randuin's Omen,Liandry's Torment,Seraph's Embrace,Abyssal Mask,Farsight Alteration,B. F. Sword,Kraken Slayer,Berserker's Greaves,Phantom Dancer,Mortal Reminder,Cloak of Agility,Farsight Alteration,Celestial Opposition,Edge of Night,Control Ward,Mercury's Treads,Umbral Glaive,Maw of Malmortius,Oracle Lens,Sorcerer's Shoes,Needlessly Large Rod,Shadowflame,Rabadon's Deathcap,Void Staff,Oblivion Orb,Oracle Lens,Heartsteel,Kaenic Rookern,Negatron Cloak,Sterak's Gage,Giant's Belt,Mercury's Treads,Oracle Lens,Seeker's Armguard,Rabadon's Deathcap,Malignance,Mejai's Soulstealer,Mercury's Treads,Horizon Focus,Farsight Alteration,Infinity Edge,Rapid Firecannon,Bloodthirster,Mortal Reminder,The Collector,Boots of Swiftness,Farsight Alteration,Trailblazer,Mercury's Treads,Celestial Opposition,Abyssal Mask,No_Item,No_Item,Oracle Lens,Grasp of the Undying,Inspiration,Dark Harvest,Precision,Phase Rush,Precision,Lethal Tempo,Inspiration,Hail of Blades,Resolve,Electrocute,Inspiration,Grasp of the Undying,Inspiration,Electrocute,Sorcery,Fleet Footwork,Sorcery,Aftershock,Inspiration,Teleport,Flash,Flash,Smite,Flash,Teleport,Flash,Cleanse,Flash,Ignite,Flash,Teleport,Smite,Flash,Flash,Teleport,Cleanse,Flash,Ignite,Flash,1,6,0,0,0,1
https://www.op.gg/summoners/euw/Sinmivak-777/matches/uRd1PvnOddpjwH4I5ROTTzYN2lJNdeuti0XFcXI5Vp4%3D/1734347424000,0,21,36,36,22,63,38,80,86,29,35,0,4,0,1,2,9,0,5,54977,67697,14.8,16.6,899,1004,28.2,31.5,-12720,12720,1719.6597156398102,2117.5364928909953,Ambessa,Wukong,Sylas,Jinx,Janna,Aurora,Viego,Renekton,Kog'Maw,Bard,Plated Steelcaps,Eclipse,Tunneler,Spear of Shojin,Ruby Crystal,Doran's Shield,Farsight Alteration,Maw of Malmortius,Trinity Force,Sundered Sky,Slightly Magical Footwear,Black Cleaver,No_Item,Oracle Lens,No_Item,Hextech Rocketbelt,Zhonya's Hourglass,Doran's Ring,Sorcerer's Shoes,Shadowflame,Oracle Lens,Doran's Blade,Yun Tal Wildarrows,Berserker's Greaves,Runaan's Hurricane,Infinity Edge,No_Item,Farsight Alteration,Zaz'Zak's Realmspike,Shurelya's Battlesong,Boots of Swiftness,Imperial Mandate,Aether Wisp,Forbidden Idol,Oracle Lens,Rabadon's Deathcap,Liandry's Torment,Dark Seal,Sorcerer's Shoes,Amplifying Tome,Malignance,Farsight Alteration,Titanic Hydra,Kraken Slayer,Plated Steelcaps,Sterak's Gage,Steel Sigil,Long Sword,Stealth Ward,Spear of Shojin,Plated Steelcaps,Control Ward,Eclipse,Null-Magic Mantle,Black Cleaver,Oracle Lens,Vampiric Scepter,Guinsoo's Rageblade,Plated Steelcaps,Wit's End,Terminus,"Jak'Sho, The Protean",Farsight Alteration,Locket of the Iron Solari,Bloodsong,No_Item,Knight's Vow,Boots of Swiftness,Dead Man's Plate,Oracle Lens,Grasp of the Undying,Domination,Conqueror,Inspiration,Electrocute,Inspiration,Lethal Tempo,Sorcery,Arcane Comet,Domination,Electrocute,Sorcery,Conqueror,Inspiration,Conqueror,Resolve,Lethal Tempo,Resolve,Guardian,Inspiration,Flash,Teleport,Flash,Smite,Flash,Teleport,Barrier,Flash,Flash,Heal,Flash,Teleport,Flash,Smite,Ignite,Flash,Flash,Barrier,Flash,Ignite,1,4,0,0,2,2
https://www.op.gg/summoners/euw/Sinmivak-777/matches/uRd1PvnOddoI0EdjkSaO5fKvnRPx7ea0NJqK4x2YPQs%3D/1734345032000,1,30,10,10,30,12,56,47,53,17,9,2,0,0,0,9,2,2,0,48154,36349,12.8,11.2,711,573,32.5,26.3,11805,-11805,2195.6227979274613,1657.3637305699483,Renekton,Vi,Viktor,Ashe,Lulu,Gnar,Viego,Sylas,Kai'Sa,Maokai,Doran's Shield,Stridebreaker,Sterak's Gage,Ruby Crystal,Plated Steelcaps,No_Item,Oracle Lens,Sundered Sky,Black Cleaver,No_Item,No_Item,No_Item,Plated Steelcaps,Oracle Lens,Doran's Ring,Haunting Guise,Blackfire Torch,No_Item,Fated Ashes,Sorcerer's Shoes,Farsight Alteration,Doran's Blade,Vampiric Scepter,Statikk Shiv,Berserker's Greaves,Runaan's Hurricane,B. F. Sword,Farsight Alteration,Moonstone Renewer,Dream Maker,Ionian Boots of Lucidity,Forbidden Idol,Aether Wisp,No_Item,Oracle Lens,Doran's Blade,Long Sword,Plated Steelcaps,Trinity Force,Winged Moonplate,Tunneler,Farsight Alteration,Titanic Hydra,Kraken Slayer,No_Item,No_Item,Slightly Magical Footwear,No_Item,Oracle Lens,Doran's Ring,Hextech Rocketbelt,Dark Seal,Needlessly Large Rod,Sorcerer's Shoes,Aether Wisp,Oracle Lens,Doran's Blade,Pickaxe,Kraken Slayer,Recurve Bow,Berserker's Greaves,No_Item,Farsight Alteration,Celestial Opposition,Kindlegem,Trailblazer,No_Item,Boots of Swiftness,No_Item,Oracle Lens,Conqueror,Resolve,Conqueror,Inspiration,Summon Aery,Resolve,Lethal Tempo,Inspiration,Summon Aery,Resolve,Fleet Footwork,Resolve,Conqueror,Inspiration,Electrocute,Resolve,Lethal Tempo,Domination,Aftershock,Domination,Flash,Teleport,Flash,Smite,Flash,Teleport,Cleanse,Flash,Flash,Heal,Teleport,Flash,Flash,Smite,Flash,Teleport,Cleanse,Flash,Flash,Ignite,1,0,1,0,6,0
https://www.op.gg/summoners/euw/Sinmivak-777/matches/uRd1PvnOddpKHiukDHOyzf7QpTWRujcnaHgM9CR-v8s%3D/1734343133000,1,27,14,14,28,21,39,57,53,19,17,1,2,0,0,5,3,1,2,45576,39438,12.6,11.4,692,671,30.8,29.8,6138,-6138,2028.3824175824175,1755.2076923076922,Jayce,Skarner,Sylas,Corki,Blitzcrank,Aurora,Dr. Mundo,Ahri,Ashe,Janna,Long Sword,Caulfield's Warhammer,Tear of the Goddess,Doran's Blade,Maw of Malmortius,Ionian Boots of Lucidity,Stealth Ward,Heartsteel,Mercury's Treads,No_Item,Unending Despair,No_Item,No_Item,Oracle Lens,Rabadon's Deathcap,Hextech Rocketbelt,Dark Seal,Cosmic Drive,Sorcerer's Shoes,Amplifying Tome,Oracle Lens,Doran's Blade,Muramana,Scout's Slingshot,Trinity Force,Zeal,Boots of Swiftness,Farsight Alteration,Bloodsong,Control Ward,Boots of Swiftness,Trailblazer,Forbidden Idol,Kindlegem,Oracle Lens,Sorcerer's Shoes,Refillable Potion,Luden's Companion,Shadowflame,Blasting Wand,Dark Seal,Oracle Lens,Heartsteel,Warmog's Armor,Control Ward,Ruby Crystal,Boots of Swiftness,Chain Vest,Oracle Lens,Doran's Ring,Malignance,Sorcerer's Shoes,Fiendish Codex,Dark Seal,Amplifying Tome,Farsight Alteration,Doran's Blade,Refillable Potion,Kraken Slayer,Phantom Dancer,Pickaxe,Berserker's Greaves,Farsight Alteration,Dream Maker,Echoes of Helia,Kindlegem,Boots of Swiftness,No_Item,No_Item,Oracle Lens,Phase Rush,Precision,Grasp of the Undying,Inspiration,Electrocute,Resolve,Conqueror,Inspiration,Glacial Augment,Resolve,Arcane Comet,Domination,Fleet Footwork,Inspiration,Electrocute,Sorcery,Lethal Tempo,Inspiration,Summon Aery,Resolve,Teleport,Flash,Smite,Flash,Flash,Teleport,Barrier,Flash,Flash,Ignite,Flash,Teleport,Flash,Smite,Ignite,Flash,Flash,Barrier,Heal,Flash,1,3,0,0,0,0
https://www.op.gg/summoners/euw/Sinmivak-777/matches/uRd1PvnOddpEe63INIj-UbvWHolN4y-wqcY4cuqOTcw%3D/1734305545000,1,34,32,32,34,43,55,114,59,23,39,3,1,1,0,9,3,4,1,66987,60846,15.2,14.4,875,940,28.2,30.4,6141,-6141,2173.242366412214,1974.0114503816794,Ambessa,Lee Sin,Sylas,Varus,Pyke,Riven,Xin Zhao,Syndra,Corki,Nautilus,Spear of Shojin,Control Ward,Eclipse,Black Cleaver,Plated Steelcaps,"Jak'Sho, The Protean",Oracle Lens,Death's Dance,Eclipse,Control Ward,Plated Steelcaps,No_Item,Black Cleaver,Stealth Ward,Dark Seal,Hextech Rocketbelt,Zhonya's Hourglass,Banshee's Veil,Sorcerer's Shoes,Cosmic Drive,Oracle Lens,Doran's Blade,Blade of The Ruined King,Guinsoo's Rageblade,Berserker's Greaves,Hullbreaker,No_Item,Stealth Ward,Bloodsong,Umbral Glaive,Synchronized Souls,Edge of Night,Rectrix,Serrated Dirk,Oracle Lens,Eclipse,Sundered Sky,Ionian Boots of Lucidity,Death's Dance,Caulfield's Warhammer,Long Sword,Oracle Lens,Sundered Sky,Eclipse,Plated Steelcaps,Black Cleaver,Caulfield's Warhammer,Pickaxe,Oracle Lens,Blackfire Torch,Sorcerer's Shoes,Cosmic Drive,Dark Seal,Rabadon's Deathcap,Void Staff,Stealth Ward,Doran's Blade,Cloak of Agility,Plated Steelcaps,Rapid Firecannon,Muramana,Trinity Force,Farsight Alteration,Locket of the Iron Solari,Thornmail,Celestial Opposition,Plated Steelcaps,No_Item,Knight's Vow,Oracle Lens,Grasp of the Undying,Domination,Conqueror,Inspiration,Conqueror,Resolve,Lethal Tempo,Sorcery,Hail of Blades,Sorcery,Conqueror,Inspiration,Conqueror,Inspiration,First Strike,Sorcery,Conqueror,Resolve,Aftershock,Inspiration,Flash,Teleport,Flash,Smite,Flash,Teleport,Barrier,Flash,Ignite,Flash,Flash,Ignite,Flash,Smite,Flash,Teleport,Cleanse,Flash,Flash,Ignite,1,5,1,0,1,0
https://www.op.gg/summoners/euw/Sinmivak-777/matches/uRd1PvnOddqV8Qsh4yx9nL6zHtxfczTthZyaL3EBSC8%3D/1734302410000,1,30,13,13,30,14,49,41,53,22,8,3,0,1,0,3,3,4,0,45219,40190,12.8,11.8,641,657,29.4,30.0,5029,-5029,2058.476865671642,1829.544776119403,Aurora,Skarner,Jayce,Corki,Janna,Irelia,Karthus,Ryze,Yasuo,Rell,Doran's Ring,Luden's Companion,Sorcerer's Shoes,Rabadon's Deathcap,Dark Seal,Control Ward,Oracle Lens,Spirit Visage,Heartsteel,Plated Steelcaps,Cloth Armor,Cloth Armor,No_Item,Oracle Lens,Doran's Blade,Serylda's Grudge,Youmuu's Ghostblade,Muramana,Ionian Boots of Lucidity,Ruby Crystal,Oracle Lens,Doran's Blade,Muramana,Hexdrinker,Trinity Force,Plated Steelcaps,Caulfield's Warhammer,Farsight Alteration,Echoes of Helia,Zaz'Zak's Realmspike,Redemption,Control Ward,Boots of Swiftness,No_Item,Oracle Lens,Doran's Blade,Blade of The Ruined King,Hullbreaker,Mercury's Treads,Recurve Bow,Negatron Cloak,Oracle Lens,Blackfire Torch,Sorcerer's Shoes,Shadowflame,Dark Seal,Oblivion Orb,Amplifying Tome,Oracle Lens,Refillable Potion,Control Ward,Ionian Boots of Lucidity,Rod of Ages,Seraph's Embrace,Cloth Armor,Farsight Alteration,Pickaxe,Berserker's Greaves,Kraken Slayer,Doran's Blade,B. F. Sword,Cloak of Agility,Farsight Alteration,Refillable Potion,Celestial Opposition,Kindlegem,Cloth Armor,Zeke's Convergence,Ionian Boots of Lucidity,Oracle Lens,Electrocute,Sorcery,Grasp of the Undying,Inspiration,Phase Rush,Inspiration,Conqueror,Inspiration,Summon Aery,Domination,Conqueror,Resolve,Dark Harvest,Precision,Phase Rush,Resolve,Lethal Tempo,Resolve,Aftershock,Inspiration,Flash,Teleport,Flash,Smite,Teleport,Flash,Flash,Barrier,Flash,Heal,Flash,Teleport,Flash,Smite,Flash,Teleport,Flash,Exhaust,Ignite,Flash,1,0,0,0,6,0
https://www.op.gg/summoners/euw/Sinmivak-777/matches/uRd1PvnOddo_wFo599LwX400o7zsJKLcIjm41daFCEg%3D/1734300506000,1,21,13,13,21,34,46,45,48,13,6,1,1,0,0,4,0,1,1,46379,37830,12.6,11.8,739,648,31.3,27.5,8549,-8549,1966.2986175115207,1603.8525345622118,Ambessa,Skarner,Hwei,Corki,Seraphine,Shen,Taliyah,Ahri,Ashe,Soraka,Mercury's Treads,Voltaic Cyclosword,Tunneler,Spear of Shojin,Pickaxe,Executioner's Calling,Oracle Lens,Heartsteel,Kaenic Rookern,Ruby Crystal,No_Item,Control Ward,Mercury's Treads,Oracle Lens,No_Item,Blackfire Torch,Oblivion Orb,Liandry's Torment,Sorcerer's Shoes,Doran's Ring,Farsight Alteration,Doran's Blade,Trinity Force,Mercury's Treads,Muramana,Long Sword,Long Sword,Farsight Alteration,Dream Maker,Redemption,No_Item,Moonstone Renewer,Faerie Charm,Ionian Boots of Lucidity,Oracle Lens,Heartsteel,Doran's Shield,Boots,Giant's Belt,Ruby Crystal,Long Sword,Stealth Ward,Control Ward,Luden's Companion,Horizon Focus,Sorcerer's Shoes,Amplifying Tome,Dark Seal,Oracle Lens,Void Staff,Malignance,Dark Seal,Sorcerer's Shoes,No_Item,No_Item,Farsight Alteration,No_Item,Kraken Slayer,Long Sword,Phantom Dancer,Doran's Blade,Berserker's Greaves,Farsight Alteration,Dream Maker,Ionian Boots of Lucidity,Moonstone Renewer,Forbidden Idol,Control Ward,Faerie Charm,Oracle Lens,Grasp of the Undying,Domination,Aftershock,Inspiration,Arcane Comet,Inspiration,Conqueror,Inspiration,Guardian,Sorcery,Grasp of the Undying,Domination,Dark Harvest,Inspiration,Summon Aery,Precision,Lethal Tempo,Inspiration,Summon Aery,Resolve,Flash,Teleport,Flash,Smite,Flash,Teleport,Flash,Barrier,Heal,Flash,Teleport,Flash,Smite,Flash,Teleport,Flash,Flash,Barrier,Flash,Heal,1,6,0,0,0,0
https://www.op.gg/summoners/euw/Sinmivak-777/matches/uRd1PvnOddoSIGC6bEw27kH6ERy6BjmH3YKk588EiW4%3D/1734298504000,1,17,11,11,17,18,23,48,50,16,13,2,0,0,0,10,1,2,0,45511,34978,12.2,11.2,776,602,37.9,29.5,10533,-10533,2214.048648648649,1701.6324324324326,Aurora,Viego,Jayce,Jhin,Nautilus,Renekton,Ivern,Xerath,Draven,Thresh,Stormsurge,Doran's Ring,Sorcerer's Shoes,Luden's Companion,Control Ward,No_Item,Oracle Lens,Kraken Slayer,Titanic Hydra,No_Item,Slightly Magical Footwear,Null-Magic Mantle,No_Item,Oracle Lens,No_Item,Muramana,Ionian Boots of Lucidity,Youmuu's Ghostblade,Long Sword,Doran's Blade,Farsight Alteration,Doran's Blade,The Collector,No_Item,Boots of Swiftness,Scout's Slingshot,Infinity Edge,Farsight Alteration,Locket of the Iron Solari,Celestial Opposition,No_Item,Mercury's Treads,Ruby Crystal,No_Item,Oracle Lens,Doran's Shield,Stridebreaker,Plated Steelcaps,Refillable Potion,Tunneler,Ruby Crystal,Oracle Lens,Redemption,Control Ward,No_Item,Ionian Boots of Lucidity,Dark Seal,Bandleglass Mirror,Stealth Ward,Malignance,Doran's Ring,Sorcerer's Shoes,Horizon Focus,No_Item,No_Item,Stealth Ward,Doran's Blade,No_Item,No_Item,Infinity Edge,Bloodthirster,Plated Steelcaps,Farsight Alteration,Boots of Swiftness,Locket of the Iron Solari,Solstice Sleigh,Ruby Crystal,No_Item,Control Ward,Oracle Lens,Electrocute,Sorcery,Conqueror,Inspiration,Phase Rush,Inspiration,Fleet Footwork,Sorcery,Aftershock,Inspiration,Press the Attack,Resolve,Summon Aery,Inspiration,Arcane Comet,Precision,Lethal Tempo,Domination,Aftershock,Inspiration,Teleport,Flash,Smite,Flash,Flash,Teleport,Flash,Cleanse,Flash,Ignite,Flash,Teleport,Smite,Flash,Flash,Teleport,Flash,Barrier,Flash,Ignite,1,6,2,0,0,0
https://www.op.gg/summoners/euw/Sinmivak-777/matches/uRd1PvnOddrliMQOnbtUq4stFOX75glIGgyrN34NGMw%3D/1734045549000,0,14,34,34,14,45,16,47,53,14,13,0,3,0,1,2,9,0,4,43210,54015,12.0,13.6,738,703,30.4,29.099999999999998,-10805,10805,1782.1073446327684,2227.737288135593,Jayce,Udyr,Neeko,Ashe,Seraphine,K'Sante,Warwick,Aurora,Caitlyn,Lux,Doran's Blade,Serylda's Grudge,Eclipse,Boots,Muramana,Control Ward,Farsight Alteration,Unending Despair,Liandry's Torment,Dark Seal,Plated Steelcaps,Negatron Cloak,Ruby Crystal,Oracle Lens,Ionian Boots of Lucidity,Hextech Rocketbelt,Shadowflame,No_Item,Dark Seal,No_Item,Oracle Lens,Doran's Blade,Kraken Slayer,Berserker's Greaves,Phantom Dancer,B. F. Sword,No_Item,Farsight Alteration,Redemption,Dream Maker,Control Ward,Bandleglass Mirror,Ionian Boots of Lucidity,Kindlegem,Oracle Lens,Kaenic Rookern,"Jak'Sho, The Protean",Mercury's Treads,Unending Despair,No_Item,No_Item,Stealth Ward,Stridebreaker,Boots of Swiftness,Blade of The Ruined King,Cloth Armor,Ruby Crystal,Pickaxe,Oracle Lens,Stormsurge,Malignance,Shadowflame,Sorcerer's Shoes,Dark Seal,No_Item,Oracle Lens,Doran's Blade,Infinity Edge,Cloak of Agility,The Collector,Berserker's Greaves,No_Item,Farsight Alteration,Luden's Companion,Hextech Alternator,Boots of Swiftness,Zaz'Zak's Realmspike,No_Item,No_Item,Oracle Lens,Conqueror,Sorcery,Conqueror,Inspiration,Arcane Comet,Domination,Lethal Tempo,Inspiration,Guardian,Sorcery,Grasp of the Undying,Inspiration,Press the Attack,Inspiration,Electrocute,Sorcery,Fleet Footwork,Sorcery,Arcane Comet,Precision,Flash,Teleport,Flash,Smite,Teleport,Flash,Flash,Barrier,Flash,Heal,Teleport,Flash,Smite,Flash,Flash,Teleport,Flash,Cleanse,Flash,Heal,0,3,0,1,3,1
https://www.op.gg/summoners/euw/Sinmivak-777/matches/uRd1PvnOddqEXMw3_uZ_QuO8j2wQtjmh3NE2jlojjI8%3D/1734043696000,1,16,5,5,16,5,17,33,30,9,5,1,0,0,0,4,0,1,0,35091,22036,9.8,8.4,532,391,34.9,25.5,13055,-13055,2293.0752475247523,1439.9762376237622,Aurora,Graves,Ryze,Caitlyn,Zac,Jayce,Viego,Sylas,Viktor,Maokai,Doran's Ring,Refillable Potion,Luden's Companion,Needlessly Large Rod,Boots,Needlessly Large Rod,Farsight Alteration,No_Item,Youmuu's Ghostblade,The Collector,Boots,Long Sword,Cloak of Agility,Oracle Lens,Rod of Ages,Control Ward,Dark Seal,Archangel's Staff,Ionian Boots of Lucidity,No_Item,Farsight Alteration,Doran's Blade,Yun Tal Wildarrows,Berserker's Greaves,B. F. Sword,Pickaxe,Cloak of Agility,Farsight Alteration,Ionian Boots of Lucidity,Zeke's Convergence,Solstice Sleigh,Ruby Crystal,Glowing Mote,No_Item,Oracle Lens,Youmuu's Ghostblade,Doran's Blade,Tear of the Goddess,Ionian Boots of Lucidity,Refillable Potion,No_Item,Farsight Alteration,Gustwalker Hatchling,Kraken Slayer,No_Item,No_Item,Slightly Magical Footwear,No_Item,Stealth Ward,Refillable Potion,Hextech Rocketbelt,Boots,Doran's Ring,Amplifying Tome,No_Item,Stealth Ward,Blackfire Torch,No_Item,No_Item,Doran's Ring,Amplifying Tome,Sorcerer's Shoes,Farsight Alteration,Boots of Swiftness,Runic Compass,No_Item,Winged Moonplate,Chain Vest,No_Item,Oracle Lens,Arcane Comet,Domination,Dark Harvest,Precision,Phase Rush,Resolve,Hail of Blades,Sorcery,Aftershock,Precision,Phase Rush,Inspiration,Conqueror,Inspiration,Conqueror,Resolve,Arcane Comet,Inspiration,Aftershock,Inspiration,Flash,Teleport,Smite,Flash,Teleport,Flash,Flash,Barrier,Flash,Ignite,Flash,Teleport,Flash,Smite,Flash,Teleport,Flash,Barrier,Flash,Ignite,0,6,0,0,0,0
https://www.op.gg/summoners/euw/Sinmivak-777/matches/uRd1PvnOddrTbYZiVznJscgda3DQyHZPVt0CufSgkD0%3D/1734042286000,0,31,48,48,31,103,61,87,75,34,39,0,3,0,1,6,11,0,4,63930,75367,14.8,16.6,941,1035,27.8,30.5,-11437,11437,1876.2065217391303,2211.857608695652,Jayce,Warwick,Viktor,Varus,Maokai,Lucian,Nidalee,Ahri,Ashe,Nautilus,Opportunity,Youmuu's Ghostblade,Tunneler,Muramana,Ionian Boots of Lucidity,Serrated Dirk,Farsight Alteration,Stridebreaker,Unending Despair,Spirit Visage,Mercury's Treads,No_Item,No_Item,Oracle Lens,Stormsurge,Control Ward,Sorcerer's Shoes,Rabadon's Deathcap,Lich Bane,Shadowflame,Farsight Alteration,"Jak'Sho, The Protean",Blade of The Ruined King,Guinsoo's Rageblade,Berserker's Greaves,Terminus,No_Item,Farsight Alteration,Celestial Opposition,Control Ward,Locket of the Iron Solari,Mercury's Treads,Trailblazer,Ruby Crystal,Oracle Lens,Infinity Edge,Essence Reaver,Plated Steelcaps,Navori Flickerblade,Rapid Firecannon,Control Ward,Farsight Alteration,Zhonya's Hourglass,Rabadon's Deathcap,Mercury's Treads,Dark Seal,Needlessly Large Rod,Liandry's Torment,Oracle Lens,Horizon Focus,Rabadon's Deathcap,Malignance,Sorcerer's Shoes,Cryptbloom,Amplifying Tome,Oracle Lens,Hexdrinker,Kraken Slayer,Mortal Reminder,Phantom Dancer,Bloodthirster,Berserker's Greaves,Farsight Alteration,Locket of the Iron Solari,Solstice Sleigh,Control Ward,Mercury's Treads,Knight's Vow,Ruby Crystal,Oracle Lens,Phase Rush,Inspiration,Press the Attack,Sorcery,Summon Aery,Resolve,Lethal Tempo,Resolve,Aftershock,Inspiration,Press the Attack,Inspiration,Conqueror,Sorcery,Electrocute,Sorcery,Lethal Tempo,Inspiration,Aftershock,Inspiration,Flash,Teleport,Flash,Smite,Flash,Teleport,Flash,Barrier,Flash,Ignite,Flash,Teleport,Flash,Smite,Teleport,Flash,Cleanse,Flash,Flash,Ignite,0,2,0,1,4,2
https://www.op.gg/summoners/euw/Sinmivak-777/matches/uRd1PvnOddpj0DZ5iUezAHxtlqZPuQj3uMPhBHNgdSE%3D/1734039668000,1,36,30,30,36,67,73,62,59,21,23,1,3,0,1,10,5,1,4,65119,61295,14.8,15.2,866,871,28.2,28.400000000000002,3824,-3824,2120.153488372093,1995.6511627906975,Galio,Nidalee,Renekton,Yasuo,Alistar,Garen,Xin Zhao,Sylas,Ashe,Lulu,Riftmaker,Hollow Radiance,Thornmail,Dark Seal,Plated Steelcaps,Amplifying Tome,Oracle Lens,Sorcerer's Shoes,Mejai's Soulstealer,Zhonya's Hourglass,No_Item,Liandry's Torment,Horizon Focus,Oracle Lens,Warden's Mail,Black Cleaver,Eclipse,Plated Steelcaps,Sterak's Gage,Executioner's Calling,Farsight Alteration,Control Ward,Stridebreaker,Berserker's Greaves,Blade of The Ruined King,Immortal Shieldbow,Infinity Edge,Farsight Alteration,Celestial Opposition,Zeke's Convergence,Locket of the Iron Solari,Kindlegem,Plated Steelcaps,Chain Vest,Oracle Lens,Stridebreaker,Plated Steelcaps,Phantom Dancer,Mortal Reminder,B. F. Sword,Pickaxe,Oracle Lens,Black Cleaver,Spear of Shojin,Control Ward,Sundered Sky,Death's Dance,Mercury's Treads,Oracle Lens,Control Ward,Hextech Rocketbelt,Zhonya's Hourglass,Sorcerer's Shoes,Riftmaker,Dark Seal,Oracle Lens,Kraken Slayer,Phantom Dancer,Lord Dominik's Regards,Long Sword,Berserker's Greaves,No_Item,Farsight Alteration,Dream Maker,Control Ward,Redemption,Ardent Censer,Ionian Boots of Lucidity,Moonstone Renewer,Oracle Lens,Aftershock,Sorcery,Conqueror,Sorcery,Conqueror,Resolve,Lethal Tempo,Resolve,Aftershock,Inspiration,Phase Rush,Resolve,Conqueror,Inspiration,Conqueror,Resolve,Lethal Tempo,Inspiration,Summon Aery,Resolve,Flash,Teleport,Smite,Flash,Flash,Teleport,Exhaust,Flash,Ignite,Flash,Flash,Ignite,Flash,Smite,Flash,Teleport,Flash,Barrier,Flash,Heal,1,6,2,0,0,0
https://www.op.gg/summoners/euw/Sinmivak-777/matches/uRd1PvnOddqf9dswtl0pftRm-i8whQjzY1HTlOCwRVM%3D/1734037288000,0,16,25,26,16,53,26,71,89,20,29,1,4,1,1,6,9,2,5,61833,68394,15.2,16.8,995,1144,29.6,34.0,-6561,6561,1845.0169354838713,2040.7887096774195,Gwen,Bel'Veth,Taliyah,Ashe,Seraphine,Aurora,Dr. Mundo,Viktor,Kog'Maw,Braum,Mercury's Treads,Malignance,Needlessly Large Rod,Nashor's Tooth,Void Staff,Control Ward,Oracle Lens,Blade of The Ruined King,Kraken Slayer,Hearthbound Axe,Wit's End,Mercury's Treads,No_Item,Oracle Lens,Sorcerer's Shoes,Banshee's Veil,Seraph's Embrace,Void Staff,Rabadon's Deathcap,Dark Seal,Farsight Alteration,Kraken Slayer,Phantom Dancer,Doran's Blade,Berserker's Greaves,Mortal Reminder,Pickaxe,Farsight Alteration,Redemption,Solstice Sleigh,Control Ward,Ionian Boots of Lucidity,Moonstone Renewer,Oblivion Orb,Oracle Lens,Doran's Ring,Sorcerer's Shoes,Malignance,Stormsurge,Shadowflame,Rabadon's Deathcap,Stealth Ward,Spirit Visage,Giant's Belt,Boots of Swiftness,Unending Despair,Thornmail,Heartsteel,Oracle Lens,Stormsurge,Luden's Companion,Needlessly Large Rod,Sorcerer's Shoes,Shadowflame,Void Staff,Farsight Alteration,Doran's Blade,Guinsoo's Rageblade,Wit's End,Berserker's Greaves,Runaan's Hurricane,Hearthbound Axe,Farsight Alteration,Solstice Sleigh,Locket of the Iron Solari,No_Item,Knight's Vow,Mercury's Treads,Giant's Belt,Oracle Lens,Electrocute,Resolve,Press the Attack,Domination,Phase Rush,Precision,Lethal Tempo,Inspiration,Summon Aery,Resolve,Electrocute,Sorcery,Fleet Footwork,Inspiration,Summon Aery,Resolve,Press the Attack,Resolve,Guardian,Inspiration,Ghost,Teleport,Smite,Flash,Teleport,Flash,Flash,Barrier,Flash,Heal,Teleport,Flash,Flash,Smite,Flash,Teleport,Cleanse,Flash,Flash,Heal,1,5,0,0,1,2
https://www.op.gg/summoners/euw/Sinmivak-777/matches/uRd1PvnOddptdY1BGa5lg-cVJiAgAItNIEFGm73NksY%3D/1734004509000,1,33,28,28,33,48,65,90,63,22,33,3,1,1,0,10,5,4,1,68353,65109,16.0,15.2,1004,1031,30.3,31.0,3244,-3244,2055.7293233082705,1958.1654135338347,K'Sante,Wukong,Yone,Aurelion Sol,Leona,Garen,Graves,Ekko,Aphelios,Alistar,Iceborn Gauntlet,Control Ward,Plated Steelcaps,Unending Despair,Warden's Mail,Spirit Visage,Farsight Alteration,Trinity Force,Sundered Sky,Control Ward,B. F. Sword,Plated Steelcaps,Sterak's Gage,Oracle Lens,Blade of The Ruined King,Immortal Shieldbow,Infinity Edge,Death's Dance,Doran's Blade,Berserker's Greaves,Farsight Alteration,Rylai's Crystal Scepter,No_Item,Zhonya's Hourglass,Liandry's Torment,Sorcerer's Shoes,Cryptbloom,Farsight Alteration,Bloodsong,Locket of the Iron Solari,Control Ward,Knight's Vow,Giant's Belt,Plated Steelcaps,Oracle Lens,Infinity Edge,Stridebreaker,Dead Man's Plate,Berserker's Greaves,Phantom Dancer,Control Ward,Oracle Lens,Youmuu's Ghostblade,The Collector,Control Ward,Boots of Swiftness,Infinity Edge,Lord Dominik's Regards,Oracle Lens,Rabadon's Deathcap,Lich Bane,Shadowflame,Blighting Jewel,Mercury's Treads,Blasting Wand,Oracle Lens,The Collector,Quicksilver Sash,Infinity Edge,Boots,Vampiric Scepter,Lord Dominik's Regards,Farsight Alteration,Ionian Boots of Lucidity,Locket of the Iron Solari,Celestial Opposition,Abyssal Mask,Kindlegem,Chain Vest,Oracle Lens,Grasp of the Undying,Sorcery,Conqueror,Inspiration,Lethal Tempo,Resolve,Arcane Comet,Precision,Aftershock,Inspiration,Phase Rush,Resolve,Dark Harvest,Precision,Hail of Blades,Sorcery,Press the Attack,Sorcery,Aftershock,Inspiration,Teleport,Flash,Flash,Smite,Teleport,Flash,Flash,Teleport,Flash,Ignite,Flash,Teleport,Smite,Flash,Teleport,Flash,Cleanse,Flash,Flash,Ignite,0,5,2,1,1,0
https://www.op.gg/summoners/euw/Sinmivak-777/matches/uRd1PvnOddpJXkRKkaUtIZ1RGQsGwGjhuZf1Xc-VwfY%3D/1734001134000,0,25,32,32,26,60,40,87,120,46,28,0,4,2,0,7,10,2,4,69410,71868,16.2,16.4,1045,1095,29.4,30.6,-2458,2458,1951.2851405622491,2020.3855421686749,Renekton,Morgana,Syndra,Kalista,Janna,Ashe,Rengar,Viktor,Aatrox,Renata Glasc,Spear of Shojin,Eclipse,Plated Steelcaps,Executioner's Calling,Sterak's Gage,Negatron Cloak,Oracle Lens,Shadowflame,Liandry's Torment,No_Item,Zhonya's Hourglass,Needlessly Large Rod,Sorcerer's Shoes,Oracle Lens,Sorcerer's Shoes,Blackfire Torch,Cosmic Drive,Void Staff,Needlessly Large Rod,Doran's Ring,Farsight Alteration,Wit's End,Berserker's Greaves,Blade of The Ruined King,Guinsoo's Rageblade,Terminus,Giant's Belt,Farsight Alteration,Dream Maker,Echoes of Helia,Redemption,Boots of Swiftness,Forbidden Idol,Moonstone Renewer,Oracle Lens,Bloodthirster,Wit's End,Kraken Slayer,Berserker's Greaves,Terminus,No_Item,Farsight Alteration,Profane Hydra,Edge of Night,Serylda's Grudge,Serrated Dirk,Voltaic Cyclosword,Ionian Boots of Lucidity,Oracle Lens,Rabadon's Deathcap,Void Staff,Mercury's Treads,Blackfire Torch,Liandry's Torment,Mejai's Soulstealer,Farsight Alteration,Sterak's Gage,Plated Steelcaps,Spear of Shojin,Ruby Crystal,Tunneler,Caulfield's Warhammer,Stealth Ward,Redemption,Solstice Sleigh,Mikael's Blessing,Locket of the Iron Solari,Boots of Swiftness,Watchful Wardstone,Oracle Lens,Conqueror,Resolve,Dark Harvest,Precision,Arcane Comet,Precision,Lethal Tempo,Domination,Summon Aery,Resolve,Press the Attack,Inspiration,Fleet Footwork,Domination,Summon Aery,Resolve,Conqueror,Resolve,Guardian,Domination,Flash,Teleport,Flash,Smite,Flash,Teleport,Flash,Cleanse,Heal,Flash,Flash,Ghost,Smite,Flash,Flash,Teleport,Flash,Teleport,Heal,Flash,0,6,1,1,0,2
https://www.op.gg/summoners/euw/Sinmivak-777/matches/uRd1PvnOddq-h4_JH3o83T9fG5n7ldrMGVueR_L_W0w%3D/1733947179000,1,28,20,20,28,29,61,65,54,19,17,1,1,1,0,9,4,2,1,57008,47303,14.2,12.4,826,782,31.099999999999998,29.5,9705,-9705,2148.127536231884,1782.4318840579708,Riven,Vi,Ekko,Jhin,Bard,K'Sante,Ambessa,Aurora,Ashe,Swain,Black Cleaver,Refillable Potion,Eclipse,Mercury's Treads,Death's Dance,No_Item,Stealth Ward,Black Cleaver,Sundered Sky,Mercury's Treads,No_Item,No_Item,Control Ward,Oracle Lens,Doran's Ring,Lich Bane,Mejai's Soulstealer,Nashor's Tooth,Needlessly Large Rod,Sorcerer's Shoes,Oracle Lens,Rapid Firecannon,Cloak of Agility,Lord Dominik's Regards,Boots of Swiftness,Doran's Blade,The Collector,Farsight Alteration,Dead Man's Plate,Bloodsong,Boots of Swiftness,Null-Magic Mantle,Statikk Shiv,Dagger,Oracle Lens,Plated Steelcaps,Null-Magic Mantle,Iceborn Gauntlet,"Jak'Sho, The Protean",Doran's Shield,Cloth Armor,Farsight Alteration,Spear of Shojin,Voltaic Cyclosword,Plated Steelcaps,Ruby Crystal,Pickaxe,No_Item,Oracle Lens,Doran's Ring,Luden's Companion,No_Item,Dark Seal,Sorcerer's Shoes,Shadowflame,Farsight Alteration,Doran's Blade,Kraken Slayer,Berserker's Greaves,Cloak of Agility,Phantom Dancer,Last Whisper,Farsight Alteration,Zaz'Zak's Realmspike,Seeker's Armguard,Sorcerer's Shoes,Malignance,Rylai's Crystal Scepter,Control Ward,Oracle Lens,Conqueror,Inspiration,Conqueror,Inspiration,Hail of Blades,Sorcery,Fleet Footwork,Inspiration,Guardian,Domination,Grasp of the Undying,Sorcery,Conqueror,Domination,Electrocute,Sorcery,Lethal Tempo,Inspiration,Conqueror,Resolve,Teleport,Flash,Smite,Flash,Flash,Teleport,Flash,Cleanse,Heal,Flash,Flash,Teleport,Flash,Smite,Flash,Teleport,Flash,Barrier,Flash,Ignite,0,0,2,1,4,0
https://www.op.gg/summoners/euw/Sinmivak-777/matches/uRd1PvnOddqsbif5_QshMdGW6MWc1JQ_RdtoshiP9JE%3D/1733944106000,1,25,9,9,25,22,44,43,39,6,7,2,0,0,0,10,0,2,0,46724,34386,12.0,11.2,667,601,33.3,29.900000000000002,12338,-12338,2336.2,1719.3,K'Sante,Udyr,Kayle,Tristana,Sona,Jax,Xin Zhao,Yone,Viktor,Leona,Negatron Cloak,Unending Despair,Negatron Cloak,Plated Steelcaps,Chain Vest,Chain Vest,Farsight Alteration,Liandry's Torment,Chain Vest,Kindlegem,Dark Seal,No_Item,Plated Steelcaps,Stealth Ward,Dark Seal,Nashor's Tooth,Boots of Swiftness,Shadowflame,Needlessly Large Rod,No_Item,Farsight Alteration,Yun Tal Wildarrows,Infinity Edge,The Collector,Berserker's Greaves,Doran's Blade,Zeal,Farsight Alteration,Echoes of Helia,Staff of Flowing Water,Bloodsong,Boots of Swiftness,Faerie Charm,No_Item,Oracle Lens,Doran's Shield,Trinity Force,Boots,Tunneler,Ruby Crystal,Long Sword,Stealth Ward,Sundered Sky,Eclipse,No_Item,Boots of Swiftness,Control Ward,No_Item,Oracle Lens,Blade of The Ruined King,Pickaxe,Long Sword,Doran's Blade,Dagger,Berserker's Greaves,Stealth Ward,Doran's Ring,Luden's Companion,Sorcerer's Shoes,Liandry's Torment,Amplifying Tome,Amplifying Tome,Farsight Alteration,Plated Steelcaps,Locket of the Iron Solari,Celestial Opposition,Ruby Crystal,No_Item,Control Ward,Oracle Lens,Grasp of the Undying,Sorcery,Conqueror,Resolve,Press the Attack,Sorcery,Press the Attack,Domination,Summon Aery,Precision,Grasp of the Undying,Sorcery,Conqueror,Inspiration,Lethal Tempo,Resolve,Summon Aery,Precision,Aftershock,Inspiration,Flash,Teleport,Smite,Flash,Flash,Teleport,Flash,Barrier,Flash,Heal,Flash,Teleport,Flash,Smite,Flash,Teleport,Flash,Teleport,Flash,Ignite,1,5,1,0,1,0
https://www.op.gg/summoners/euw/Sinmivak-777/matches/uRd1PvnOddpw7FWvzWRAaJMx88rz4212onxqc0wQEwU%3D/1733942244000,1,17,5,5,17,9,29,34,29,7,8,0,0,0,0,5,1,0,0,34060,25671,9.4,9.0,455,452,29.2,29.1,8389,-8389,2181.370786516854,1644.0977528089888,Ambessa,Nidalee,Yone,Ziggs,Rell,Renekton,Ivern,Aurora,Corki,Poppy,Plated Steelcaps,Refillable Potion,Doran's Shield,Voltaic Cyclosword,Long Sword,Long Sword,Oracle Lens,Control Ward,Liandry's Torment,Dark Seal,Scorchclaw Pup,Fiendish Codex,Sorcerer's Shoes,Oracle Lens,Blade of The Ruined King,Refillable Potion,Berserker's Greaves,Pickaxe,Doran's Shield,Long Sword,Farsight Alteration,Doran's Ring,Luden's Companion,Tear of the Goddess,Sorcerer's Shoes,Horizon Focus,Amplifying Tome,Farsight Alteration,Celestial Opposition,Ionian Boots of Lucidity,Trailblazer,Ruby Crystal,No_Item,No_Item,Oracle Lens,Doran's Blade,Eclipse,Refillable Potion,Long Sword,Control Ward,Plated Steelcaps,Farsight Alteration,Gustwalker Hatchling,Dark Seal,Ionian Boots of Lucidity,Redemption,Ruby Crystal,Control Ward,Oracle Lens,Refillable Potion,Needlessly Large Rod,Sorcerer's Shoes,Dark Seal,Luden's Companion,Doran's Ring,Oracle Lens,Doran's Blade,Hearthbound Axe,Ruby Crystal,Boots,Tear of the Goddess,Sheen,Stealth Ward,Refillable Potion,Celestial Opposition,Mercury's Treads,Null-Magic Mantle,Kindlegem,Cloth Armor,Oracle Lens,Grasp of the Undying,Domination,Electrocute,Sorcery,Fleet Footwork,Resolve,Arcane Comet,Precision,Aftershock,Inspiration,Conqueror,Resolve,Summon Aery,Inspiration,Electrocute,Precision,Conqueror,Inspiration,Aftershock,Inspiration,Flash,Teleport,Flash,Smite,Flash,Teleport,Flash,Teleport,Flash,Ignite,Flash,Teleport,Flash,Smite,Flash,Teleport,Flash,Barrier,Flash,Ignite,0,6,0,0,0,0
https://www.op.gg/summoners/euw/Sinmivak-777/matches/uRd1PvnOddqAxeeHjERi1tobCAFlZvjoMNZBfz3Tktk%3D/1733937084000,0,23,31,31,23,60,54,95,117,34,31,3,2,2,0,4,9,5,2,63449,70600,16.2,16.0,973,1071,29.1,32.0,-7151,7151,1886.9591078066915,2099.628252788104,Riven,Bel'Veth,Taliyah,Lux,Nautilus,Kennen,Nocturne,Aurora,Draven,Bard,Hexdrinker,Control Ward,Serylda's Grudge,Eclipse,Sundered Sky,Mercury's Treads,Oracle Lens,Mercury's Treads,Stridebreaker,Kraken Slayer,"Jak'Sho, The Protean",Wit's End,Long Sword,Oracle Lens,Sorcerer's Shoes,Zhonya's Hourglass,Luden's Companion,Verdant Barrier,Rabadon's Deathcap,Dark Seal,Farsight Alteration,Zhonya's Hourglass,No_Item,Luden's Companion,Dark Seal,Rabadon's Deathcap,Sorcerer's Shoes,Farsight Alteration,Locket of the Iron Solari,Bloodsong,Control Ward,Mercury's Treads,Abyssal Mask,Kindlegem,Oracle Lens,Sorcerer's Shoes,Shadowflame,Rabadon's Deathcap,Stormsurge,Void Staff,No_Item,Oracle Lens,Maw of Malmortius,Experimental Hexplate,Stridebreaker,Ionian Boots of Lucidity,No_Item,Ruby Crystal,Farsight Alteration,Luden's Companion,Cryptbloom,Needlessly Large Rod,Stormsurge,Dark Seal,Sorcerer's Shoes,Oracle Lens,Lord Dominik's Regards,The Collector,Infinity Edge,Bloodthirster,Berserker's Greaves,Cloak of Agility,Farsight Alteration,Bloodsong,Chain Vest,Giant's Belt,Warmog's Armor,Negatron Cloak,Boots of Swiftness,Oracle Lens,Conqueror,Resolve,Conqueror,Inspiration,Phase Rush,Precision,Arcane Comet,Precision,Aftershock,Inspiration,Electrocute,Inspiration,Conqueror,Domination,Electrocute,Sorcery,Lethal Tempo,Domination,Guardian,Domination,Teleport,Flash,Smite,Flash,Teleport,Flash,Flash,Teleport,Flash,Ignite,Flash,Teleport,Flash,Smite,Flash,Teleport,Flash,Barrier,Flash,Exhaust,0,0,0,1,6,1
https://www.op.gg/summoners/euw/Sinmivak-777/matches/uRd1PvnOddpqUxEm3J9FiLnO5arRNskVVU1rL0FIRH4%3D/1733932146000,1,42,18,18,42,18,61,83,83,42,29,3,1,2,0,10,5,5,1,70578,57921,16.6,14.6,1009,972,33.2,31.900000000000002,12657,-12657,2320.372602739726,1904.2520547945207,Dr. Mundo,Rengar,Vex,Ashe,Rell,Aatrox,Talon,Ryze,Ziggs,Pyke,"Jak'Sho, The Protean",Spirit Visage,Heartsteel,Bramble Vest,Plated Steelcaps,Control Ward,Oracle Lens,No_Item,Profane Hydra,Youmuu's Ghostblade,Ionian Boots of Lucidity,Serpent's Fang,Lord Dominik's Regards,Oracle Lens,Void Staff,Stormsurge,Zhonya's Hourglass,Luden's Companion,Mejai's Soulstealer,Sorcerer's Shoes,Oracle Lens,Doran's Blade,No_Item,Statikk Shiv,Berserker's Greaves,Kraken Slayer,Bloodthirster,Farsight Alteration,Locket of the Iron Solari,Control Ward,Solstice Sleigh,Zeke's Convergence,Ionian Boots of Lucidity,Giant's Belt,Oracle Lens,Pickaxe,Doran's Blade,Eclipse,Mercury's Treads,Sundered Sky,Kindlegem,Stealth Ward,Youmuu's Ghostblade,Eclipse,Edge of Night,Plated Steelcaps,Phage,Kindlegem,Oracle Lens,Seraph's Embrace,Cosmic Drive,Mercury's Treads,Banshee's Veil,Frozen Heart,Needlessly Large Rod,Farsight Alteration,Sorcerer's Shoes,Blackfire Torch,Zhonya's Hourglass,Oblivion Orb,No_Item,Seraph's Embrace,Farsight Alteration,Umbral Glaive,Synchronized Souls,Bloodsong,Serrated Dirk,Edge of Night,Long Sword,Oracle Lens,Grasp of the Undying,Inspiration,Conqueror,Domination,Electrocute,Sorcery,Lethal Tempo,Inspiration,Aftershock,Inspiration,Conqueror,Resolve,Conqueror,Inspiration,Phase Rush,Precision,Arcane Comet,Inspiration,Hail of Blades,Resolve,Flash,Teleport,Flash,Smite,Flash,Teleport,Flash,Barrier,Flash,Ignite,Teleport,Flash,Ignite,Smite,Teleport,Flash,Teleport,Flash,Ignite,Flash,1,6,2,0,0,0
https://www.op.gg/summoners/euw/Sinmivak-777/matches/uRd1PvnOddppX-KaIOX0jBzdrRXMYw2_eeSAwBD1mh8%3D/1733929845000,1,22,10,10,23,15,24,33,35,6,3,2,1,0,0,5,3,2,1,38346,33306,10.8,9.8,550,527,30.0,28.7,5040,-5040,2080.971951219512,1807.459756097561,Garen,Jarvan IV,LeBlanc,Jinx,Lulu,Gnar,Viego,Lissandra,Jhin,Karma,Doran's Shield,Stridebreaker,Refillable Potion,Plated Steelcaps,Winged Moonplate,No_Item,Stealth Ward,Mercury's Treads,Sundered Sky,Spear of Shojin,Glowing Mote,No_Item,No_Item,Eye of the Herald,Sorcerer's Shoes,Luden's Companion,Dark Seal,Doran's Ring,Shadowflame,Blighting Jewel,Oracle Lens,Doran's Blade,The Collector,Berserker's Greaves,Cloak of Agility,Cloak of Agility,No_Item,Farsight Alteration,Dream Maker,Control Ward,Forbidden Idol,Ionian Boots of Lucidity,Moonstone Renewer,Kindlegem,Oracle Lens,Doran's Blade,Trinity Force,Plated Steelcaps,Refillable Potion,Tunneler,Pickaxe,Farsight Alteration,No_Item,Kraken Slayer,No_Item,Plated Steelcaps,Tunneler,No_Item,Oracle Lens,Doran's Ring,Boots,Hextech Alternator,Refillable Potion,Lost Chapter,No_Item,Stealth Ward,Doran's Blade,Hubris,Boots of Swiftness,The Collector,No_Item,No_Item,Farsight Alteration,Ionian Boots of Lucidity,Echoes of Helia,Dream Maker,Forbidden Idol,Ruby Crystal,Control Ward,Oracle Lens,Phase Rush,Resolve,Conqueror,Inspiration,Electrocute,Sorcery,Lethal Tempo,Sorcery,Summon Aery,Resolve,Grasp of the Undying,Precision,Conqueror,Inspiration,Electrocute,Sorcery,Dark Harvest,Precision,Arcane Comet,Inspiration,Ignite,Flash,Flash,Smite,Teleport,Flash,Barrier,Flash,Heal,Flash,Flash,Teleport,Flash,Smite,Flash,Teleport,Flash,Barrier,Flash,Ignite,1,5,0,0,1,0
https://www.op.gg/summoners/euw/Sinmivak-777/matches/uRd1PvnOddq17fRVoLN_mL58n2U2yuCYExCQvAtDqRc%3D/1733928186000,0,21,45,45,21,116,39,112,103,41,43,3,3,2,1,6,9,5,4,76104,81206,16.6,17.8,1247,1200,30.3,29.2,-5102,5102,1844.9454545454546,1968.6303030303031,Tryndamere,Zyra,Yasuo,Viktor,Nautilus,Rumble,Jarvan IV,Syndra,Ashe,Lulu,Infinity Edge,Ravenous Hydra,Navori Flickerblade,Berserker's Greaves,Lord Dominik's Regards,Bloodthirster,Oracle Lens,Liandry's Torment,Zhonya's Hourglass,Void Staff,Ionian Boots of Lucidity,Blackfire Torch,Rylai's Crystal Scepter,Oracle Lens,Doran's Blade,Berserker's Greaves,Stridebreaker,Pickaxe,Kraken Slayer,Noonquiver,Stealth Ward,Sorcerer's Shoes,Rabadon's Deathcap,Zhonya's Hourglass,Blackfire Torch,Lich Bane,Void Staff,Farsight Alteration,Knight's Vow,Locket of the Iron Solari,Frozen Heart,Solstice Sleigh,Control Ward,Ionian Boots of Lucidity,Oracle Lens,Liandry's Torment,Zhonya's Hourglass,Plated Steelcaps,Cryptbloom,Oblivion Orb,Mejai's Soulstealer,Oracle Lens,Pickaxe,Mercury's Treads,Spear of Shojin,Frozen Heart,Spirit Visage,Sundered Sky,Oracle Lens,Zhonya's Hourglass,Stormsurge,Luden's Companion,Mejai's Soulstealer,Rabadon's Deathcap,Sorcerer's Shoes,Farsight Alteration,Kraken Slayer,Bloodthirster,Lord Dominik's Regards,Infinity Edge,Phantom Dancer,Berserker's Greaves,Farsight Alteration,Redemption,Dream Maker,Locket of the Iron Solari,Watchful Wardstone,Ionian Boots of Lucidity,Moonstone Renewer,Oracle Lens,Grasp of the Undying,Precision,Arcane Comet,Precision,Lethal Tempo,Resolve,Arcane Comet,Inspiration,Glacial Augment,Resolve,Phase Rush,Domination,Conqueror,Inspiration,Summon Aery,Inspiration,Lethal Tempo,Inspiration,Summon Aery,Resolve,Flash,Ghost,Flash,Smite,Flash,Teleport,Teleport,Flash,Flash,Exhaust,Teleport,Flash,Flash,Smite,Teleport,Flash,Flash,Barrier,Heal,Flash,1,4,1,0,2,2
https://www.op.gg/summoners/euw/Sinmivak-777/matches/uRd1PvnOddoYYgVxSrPMhrx1Ts2CZ70cOmup8KArp8E%3D/1733925221000,0,23,42,42,23,76,55,79,59,9,31,1,3,0,2,2,9,1,5,55592,69115,14.6,16.2,847,935,28.7,31.7,-13523,13523,1887.5423255813953,2346.695348837209,Renekton,Lee Sin,Orianna,Kai'Sa,Alistar,Volibear,Rengar,Ahri,Kalista,Leona,Doran's Blade,Eclipse,Black Cleaver,Tunneler,Mercury's Treads,Ruby Crystal,Farsight Alteration,Eclipse,Control Ward,Sundered Sky,Phage,Pickaxe,Mercury's Treads,Stealth Ward,Stormsurge,Needlessly Large Rod,Dark Seal,Amplifying Tome,Seraph's Embrace,Sorcerer's Shoes,Farsight Alteration,Vampiric Scepter,Phantom Dancer,Berserker's Greaves,Kraken Slayer,The Collector,Mortal Reminder,Farsight Alteration,Knight's Vow,Locket of the Iron Solari,Control Ward,Solstice Sleigh,Ionian Boots of Lucidity,Kindlegem,Oracle Lens,Cloth Armor,Plated Steelcaps,Unending Despair,Iceborn Gauntlet,Spirit Visage,Cosmic Drive,Oracle Lens,Profane Hydra,Ionian Boots of Lucidity,Lord Dominik's Regards,Voltaic Cyclosword,B. F. Sword,Pickaxe,Oracle Lens,Malignance,Horizon Focus,Cosmic Drive,Dark Seal,Mercury's Treads,Blighting Jewel,Oracle Lens,Pickaxe,Terminus,Berserker's Greaves,Blade of The Ruined King,Vampiric Scepter,Guinsoo's Rageblade,Farsight Alteration,Plated Steelcaps,Kindlegem,Warmog's Armor,Bloodsong,No_Item,Thornmail,Oracle Lens,Press the Attack,Resolve,Conqueror,Inspiration,Phase Rush,Precision,Lethal Tempo,Domination,Aftershock,Inspiration,Grasp of the Undying,Precision,Conqueror,Domination,Electrocute,Resolve,Lethal Tempo,Domination,Aftershock,Precision,Flash,Teleport,Flash,Smite,Teleport,Flash,Flash,Cleanse,Flash,Exhaust,Flash,Teleport,Flash,Smite,Flash,Teleport,Flash,Barrier,Ignite,Flash,0,1,0,1,2,2
https://www.op.gg/summoners/euw/Sinmivak-777/matches/uRd1PvnOddqpj_xBcZiY3BhKC1Zb6nFo-cTbRAjIqFU%3D/1733923003000,0,9,23,23,9,33,16,43,55,16,15,0,1,0,1,1,5,0,2,35139,45327,11.0,12.4,611,659,28.6,30.9,-10188,10188,1646.3727272727274,2123.7125874125877,Poppy,Wukong,Orianna,Ezreal,Leona,Rumble,Gragas,Yasuo,Kai'Sa,Alistar,Doran's Shield,Giant's Belt,Bami's Cinder,Tear of the Goddess,Plated Steelcaps,Abyssal Mask,Farsight Alteration,Boots of Swiftness,Trinity Force,Sundered Sky,Pickaxe,Long Sword,No_Item,Oracle Lens,Sorcerer's Shoes,No_Item,Seraph's Embrace,Dark Seal,Hextech Alternator,Aether Wisp,Farsight Alteration,Doran's Blade,Trinity Force,Muramana,No_Item,No_Item,Slightly Magical Footwear,Farsight Alteration,Locket of the Iron Solari,Bloodsong,Control Ward,Cloth Armor,No_Item,Plated Steelcaps,Oracle Lens,Liandry's Torment,Sorcerer's Shoes,Mejai's Soulstealer,Riftmaker,Doran's Ring,Amplifying Tome,Farsight Alteration,Mejai's Soulstealer,Sorcerer's Shoes,Control Ward,Stormsurge,No_Item,Lich Bane,Oracle Lens,Doran's Blade,Tiamat,Refillable Potion,Immortal Shieldbow,Berserker's Greaves,Blade of The Ruined King,Farsight Alteration,Doran's Blade,No_Item,Guinsoo's Rageblade,Kraken Slayer,No_Item,Berserker's Greaves,Stealth Ward,Knight's Vow,Ionian Boots of Lucidity,No_Item,Solstice Sleigh,Null-Magic Mantle,No_Item,Oracle Lens,Grasp of the Undying,Inspiration,Conqueror,Inspiration,Phase Rush,Precision,Press the Attack,Inspiration,Aftershock,Inspiration,Conqueror,Inspiration,Dark Harvest,Inspiration,Grasp of the Undying,Precision,Press the Attack,Domination,Aftershock,Inspiration,Flash,Teleport,Flash,Smite,Teleport,Flash,Barrier,Flash,Ignite,Flash,Teleport,Flash,Smite,Flash,Teleport,Flash,Flash,Cleanse,Flash,Exhaust,0,6,0,1,0,0
https://www.op.gg/summoners/euw/Sinmivak-777/matches/uRd1PvnOddpEB2aG9bzhbDB7JpOer2atGzHwEpvqBWw%3D/1733859987000,1,20,11,11,20,24,45,53,50,15,11,1,1,0,0,7,2,1,1,45000,37383,12.2,11.4,657,683,29.2,30.400000000000002,7617,-7617,2007.6923076923076,1667.8569230769228,Renekton,Ivern,Sylas,Corki,Bard,Ryze,Karthus,Qiyana,Caitlyn,Rell,Mercury's Treads,Stridebreaker,Tunneler,Doran's Shield,Sterak's Gage,Ruby Crystal,Oracle Lens,Moonstone Renewer,Ionian Boots of Lucidity,Redemption,Mejai's Soulstealer,Control Ward,No_Item,Oracle Lens,Doran's Shield,Hextech Rocketbelt,Cosmic Drive,Mercury's Treads,Dark Seal,Amplifying Tome,Stealth Ward,Doran's Blade,Trinity Force,Muramana,Long Sword,Plated Steelcaps,No_Item,Farsight Alteration,Dead Man's Plate,Bloodsong,Scout's Slingshot,Long Sword,Mercury's Treads,No_Item,Oracle Lens,Seraph's Embrace,Rod of Ages,Ionian Boots of Lucidity,Needlessly Large Rod,No_Item,No_Item,Farsight Alteration,Control Ward,Blackfire Torch,Dark Seal,Haunting Guise,Amplifying Tome,Sorcerer's Shoes,Farsight Alteration,Youmuu's Ghostblade,Last Whisper,Serpent's Fang,Ionian Boots of Lucidity,Glowing Mote,No_Item,Oracle Lens,Doran's Blade,The Collector,Pickaxe,Berserker's Greaves,B. F. Sword,Cloak of Agility,Farsight Alteration,Bloodsong,Zeke's Convergence,Control Ward,Cloth Armor,Glowing Mote,Ionian Boots of Lucidity,Oracle Lens,Conqueror,Resolve,Summon Aery,Inspiration,Conqueror,Resolve,Conqueror,Inspiration,Guardian,Inspiration,Phase Rush,Resolve,Dark Harvest,Precision,Electrocute,Precision,Lethal Tempo,Inspiration,Aftershock,Inspiration,Flash,Teleport,Flash,Smite,Teleport,Flash,Barrier,Flash,Flash,Ignite,Teleport,Flash,Smite,Flash,Flash,Teleport,Barrier,Flash,Flash,Ignite,1,6,0,0,0,0
https://www.op.gg/summoners/euw/Sinmivak-777/matches/uRd1PvnOddoA0XNIq_AxiEijR_GT2khXQ4F1Vg-gU0U%3D/1733858260000,1,40,24,24,40,28,73,70,73,23,22,3,1,1,0,10,3,4,1,60371,52652,14.8,13.6,801,839,29.6,31.1,7719,-7719,2234.887980769231,1949.1365384615385,Jayce,Vi,Galio,Ezreal,Bard,Lucian,Graves,Vex,Corki,Taliyah,Doran's Blade,Muramana,Serylda's Grudge,Ionian Boots of Lucidity,Eclipse,No_Item,Farsight Alteration,Black Cleaver,Tunneler,No_Item,Pickaxe,Plated Steelcaps,Sundered Sky,Oracle Lens,Hextech Rocketbelt,Needlessly Large Rod,Seeker's Armguard,Dark Seal,Rabadon's Deathcap,Ionian Boots of Lucidity,Farsight Alteration,Ionian Boots of Lucidity,Doran's Blade,Horizon Focus,Trinity Force,Spear of Shojin,Muramana,Farsight Alteration,Boots of Swiftness,Locket of the Iron Solari,Solstice Sleigh,Echoes of Helia,Kindlegem,Faerie Charm,Oracle Lens,Boots,Infinity Edge,Navori Flickerblade,Essence Reaver,No_Item,No_Item,Farsight Alteration,Lord Dominik's Regards,Youmuu's Ghostblade,Boots,The Collector,B. F. Sword,Pickaxe,Oracle Lens,Rabadon's Deathcap,Blighting Jewel,No_Item,Sorcerer's Shoes,Stormsurge,Luden's Companion,Oracle Lens,Doran's Blade,Muramana,Trinity Force,Last Whisper,Boots,No_Item,Farsight Alteration,Ionian Boots of Lucidity,Zaz'Zak's Realmspike,Luden's Companion,Giant's Belt,Dark Seal,Amplifying Tome,Oracle Lens,Phase Rush,Precision,Conqueror,Inspiration,Phase Rush,Resolve,Press the Attack,Inspiration,Summon Aery,Resolve,Press the Attack,Inspiration,Dark Harvest,Precision,Electrocute,Sorcery,Conqueror,Inspiration,Summon Aery,Domination,Teleport,Flash,Flash,Smite,Flash,Teleport,Barrier,Flash,Flash,Ignite,Flash,Teleport,Flash,Smite,Flash,Teleport,Exhaust,Flash,Ignite,Flash,0,0,2,1,6,0
https://www.op.gg/summoners/euw/Sinmivak-777/matches/uRd1PvnOddqXNXARE6j7elqjoD3a-Nisra6l56OENV0%3D/1733856184000,1,44,36,36,44,43,55,80,86,28,20,2,2,0,2,7,8,2,4,75806,69537,16.4,16.2,1016,937,31.1,28.6,6269,-6269,2314.687022900763,2123.267175572519,Tryndamere,Lillia,Gangplank,Draven,Pyke,Jayce,Skarner,Yone,Kog'Maw,Poppy,Ravenous Hydra,Berserker's Greaves,Navori Flickerblade,Blade of The Ruined King,Executioner's Calling,No_Item,Stealth Ward,Ionian Boots of Lucidity,Liandry's Torment,Zhonya's Hourglass,Mejai's Soulstealer,Riftmaker,Banshee's Veil,Oracle Lens,Trinity Force,Opportunity,The Collector,B. F. Sword,Lord Dominik's Regards,Plated Steelcaps,Oracle Lens,Infinity Edge,Bloodthirster,Berserker's Greaves,Immortal Shieldbow,Lord Dominik's Regards,Serrated Dirk,Farsight Alteration,Bloodsong,Boots of Swiftness,Umbral Glaive,The Brutalizer,Edge of Night,Opportunity,Oracle Lens,Ionian Boots of Lucidity,Youmuu's Ghostblade,Edge of Night,Hubris,Serrated Dirk,Serylda's Grudge,Farsight Alteration,Sterak's Gage,Control Ward,Heartsteel,Unending Despair,Plated Steelcaps,Null-Magic Mantle,Oracle Lens,Infinity Edge,Randuin's Omen,Tiamat,Berserker's Greaves,Immortal Shieldbow,Blade of The Ruined King,Farsight Alteration,Luden's Companion,Stormsurge,Zhonya's Hourglass,Amplifying Tome,Rabadon's Deathcap,Sorcerer's Shoes,Farsight Alteration,No_Item,Locket of the Iron Solari,Mikael's Blessing,Bloodsong,Warden's Mail,Plated Steelcaps,Oracle Lens,Lethal Tempo,Resolve,Conqueror,Inspiration,First Strike,Sorcery,Lethal Tempo,Domination,Hail of Blades,Sorcery,Phase Rush,Inspiration,Aftershock,Inspiration,Lethal Tempo,Resolve,Arcane Comet,Precision,Aftershock,Inspiration,Flash,Ghost,Flash,Smite,Teleport,Flash,Barrier,Flash,Flash,Ignite,Flash,Teleport,Smite,Flash,Flash,Teleport,Teleport,Flash,Flash,Ignite,1,3,1,0,3,0
https://www.op.gg/summoners/euw/Sinmivak-777/matches/uRd1PvnOddrEX28VdS9u5su_UEV4xpZv1Agiir9WQbo%3D/1733852794000,1,11,1,1,11,1,11,31,29,9,7,0,1,0,0,3,0,0,1,30796,22870,9.8,9.4,548,505,35.699999999999996,32.8,7926,-7926,2006.7070967741934,1490.2387096774191,Aurora,Viego,Sylas,Jinx,Thresh,Sion,Shaco,Syndra,Ashe,Braum,Doran's Ring,Lost Chapter,Sorcerer's Shoes,Haunting Guise,Amplifying Tome,No_Item,Farsight Alteration,Ruby Crystal,Mercury's Treads,Kraken Slayer,Ruby Crystal,No_Item,Gustwalker Hatchling,Eye of the Herald,Hextech Rocketbelt,Mercury's Treads,Dark Seal,Amplifying Tome,Doran's Ring,Amplifying Tome,Oracle Lens,Control Ward,Dagger,Berserker's Greaves,Yun Tal Wildarrows,Zeal,Doran's Blade,Farsight Alteration,Bloodsong,Mercury's Treads,Kindlegem,Refillable Potion,Forbidden Idol,No_Item,Oracle Lens,Doran's Shield,Refillable Potion,Boots,Hollow Radiance,Cloth Armor,No_Item,Stealth Ward,Eclipse,Gustwalker Hatchling,Control Ward,Boots of Swiftness,Ruby Crystal,Cloth Armor,Oracle Lens,Doran's Ring,Dark Seal,Amplifying Tome,Amplifying Tome,Boots,Luden's Companion,Stealth Ward,Doran's Blade,Total Biscuit of Everlasting Will,Berserker's Greaves,Recurve Bow,Hearthbound Axe,Recurve Bow,Stealth Ward,Solstice Sleigh,Kindlegem,Boots,Control Ward,Cloth Armor,Null-Magic Mantle,Oracle Lens,Electrocute,Precision,Conqueror,Inspiration,Electrocute,Sorcery,Lethal Tempo,Sorcery,Aftershock,Inspiration,Arcane Comet,Resolve,Hail of Blades,Precision,Summon Aery,Inspiration,Lethal Tempo,Inspiration,Guardian,Inspiration,Flash,Teleport,Smite,Flash,Flash,Teleport,Flash,Barrier,Flash,Ignite,Flash,Teleport,Ignite,Smite,Flash,Teleport,Flash,Barrier,Flash,Ignite,1,6,0,0,0,0
https://www.op.gg/summoners/euw/Sinmivak-777/matches/uRd1PvnOddoc5pMI2EsvhoD5umjhS755CgJ1jg604B8%3D/1733851331000,0,27,46,46,28,74,36,76,87,26,22,0,4,1,1,4,11,1,5,63367,70450,15.8,16.8,944,959,30.6,31.1,-7083,7083,2055.145945945946,2284.864864864865,Yone,Elise,Gnar,Jhin,Blitzcrank,Jax,Karthus,Vex,Caitlyn,Bard,Doran's Shield,Infinity Edge,Berserker's Greaves,Blade of The Ruined King,Immortal Shieldbow,Control Ward,Oracle Lens,Stormsurge,Sorcerer's Shoes,Zhonya's Hourglass,Shadowflame,Amplifying Tome,Amplifying Tome,Oracle Lens,Mercury's Treads,Randuin's Omen,Trinity Force,Sterak's Gage,Wit's End,Negatron Cloak,Oracle Lens,Youmuu's Ghostblade,The Collector,Boots of Swiftness,Serylda's Grudge,Edge of Night,The Brutalizer,Farsight Alteration,Zeke's Convergence,Locket of the Iron Solari,Celestial Opposition,Synchronized Souls,Control Ward,Kindlegem,Oracle Lens,Plated Steelcaps,Trinity Force,Control Ward,Tunneler,Ruby Crystal,Stridebreaker,Stealth Ward,Sorcerer's Shoes,Horizon Focus,Blackfire Torch,Shadowflame,Rabadon's Deathcap,Void Staff,Oracle Lens,Seeker's Armguard,Luden's Companion,Needlessly Large Rod,Shadowflame,No_Item,Sorcerer's Shoes,Farsight Alteration,Bloodthirster,Infinity Edge,No_Item,Berserker's Greaves,Lord Dominik's Regards,The Collector,Farsight Alteration,Negatron Cloak,Bloodsong,No_Item,Statikk Shiv,Dead Man's Plate,Boots of Swiftness,Oracle Lens,Fleet Footwork,Resolve,Dark Harvest,Precision,Grasp of the Undying,Inspiration,Dark Harvest,Sorcery,Aftershock,Inspiration,Grasp of the Undying,Inspiration,Dark Harvest,Precision,Electrocute,Sorcery,Hail of Blades,Sorcery,Guardian,Domination,Flash,Teleport,Smite,Flash,Flash,Teleport,Flash,Barrier,Flash,Ignite,Teleport,Flash,Flash,Smite,Teleport,Flash,Flash,Barrier,Flash,Heal,1,6,0,0,0,5
https://www.op.gg/summoners/euw/Sinmivak-777/matches/uRd1PvnOddqgNjCuJsNGk06HOVpHO6AqZFGQuiI7c_o%3D/1733846948000,1,31,15,15,31,16,45,57,67,19,22,3,1,1,0,7,2,4,1,53718,44530,14.6,13.0,855,801,32.7,30.6,9188,-9188,2062.16018957346,1709.4454976303318,Jayce,Zac,Swain,Aphelios,Nautilus,Tryndamere,Shaco,Zilean,Varus,Rell,Doran's Blade,Youmuu's Ghostblade,Hubris,Edge of Night,Ionian Boots of Lucidity,Long Sword,Farsight Alteration,Randuin's Omen,Spectre's Cowl,Ionian Boots of Lucidity,Dark Seal,Sunfire Aegis,No_Item,Oracle Lens,Blasting Wand,Blackfire Torch,Plated Steelcaps,Zhonya's Hourglass,Cosmic Drive,Mejai's Soulstealer,Farsight Alteration,Berserker's Greaves,Infinity Edge,The Collector,Pickaxe,Long Sword,Doran's Blade,Farsight Alteration,Celestial Opposition,Kindlegem,Locket of the Iron Solari,Chain Vest,Mercury's Treads,Control Ward,Oracle Lens,Stridebreaker,Berserker's Greaves,Phantom Dancer,Doran's Shield,Mortal Reminder,Long Sword,Farsight Alteration,Eclipse,Boots of Swiftness,Dead Man's Plate,Ruby Crystal,No_Item,No_Item,Oracle Lens,Doran's Ring,Refillable Potion,Ionian Boots of Lucidity,Seraph's Embrace,Oblivion Orb,Fiendish Codex,Stealth Ward,Doran's Blade,Blade of The Ruined King,Berserker's Greaves,Guinsoo's Rageblade,Terminus,No_Item,Farsight Alteration,Celestial Opposition,Zeke's Convergence,Ionian Boots of Lucidity,Control Ward,Kindlegem,Cloth Armor,Oracle Lens,Phase Rush,Inspiration,Aftershock,Precision,Conqueror,Resolve,Press the Attack,Sorcery,Aftershock,Inspiration,Grasp of the Undying,Precision,Hail of Blades,Precision,Summon Aery,Inspiration,Lethal Tempo,Inspiration,Aftershock,Inspiration,Flash,Teleport,Smite,Flash,Flash,Teleport,Cleanse,Flash,Flash,Ignite,Flash,Ghost,Ignite,Smite,Teleport,Flash,Flash,Barrier,Flash,Ignite,1,2,1,0,4,0
https://www.op.gg/summoners/euw/Sinmivak-777/matches/uRd1PvnOddocyhTjjCImCOYQHj4V7ukUxXBxi0R9xnw%3D/1733843653000,0,24,27,27,24,53,43,73,114,48,26,0,5,0,2,5,7,0,7,60290,70097,15.0,16.4,971,978,29.2,29.2,-9807,9807,1796.3959183673471,2088.6044897959187,Darius,Rek'Sai,Ahri,Ashe,Nami,Jayce,Zac,Galio,Jhin,Pyke,Stridebreaker,Dead Man's Plate,No_Item,Sterak's Gage,Plated Steelcaps,No_Item,Oracle Lens,Mercury's Treads,Titanic Hydra,Black Cleaver,Sterak's Gage,No_Item,No_Item,Oracle Lens,Void Staff,Malignance,No_Item,Shadowflame,Rabadon's Deathcap,Sorcerer's Shoes,Farsight Alteration,Doran's Blade,Berserker's Greaves,Phantom Dancer,Kraken Slayer,Mortal Reminder,No_Item,Farsight Alteration,Shurelya's Battlesong,Dream Maker,Fiendish Codex,Forbidden Idol,Ionian Boots of Lucidity,Imperial Mandate,Oracle Lens,Serylda's Grudge,Hubris,Opportunity,Edge of Night,No_Item,Ionian Boots of Lucidity,Farsight Alteration,Dead Man's Plate,Sunfire Aegis,Dark Seal,Ionian Boots of Lucidity,Spirit Visage,Cloth Armor,Oracle Lens,Doran's Ring,Riftmaker,Hollow Radiance,Plated Steelcaps,Dark Seal,Thornmail,Farsight Alteration,Bloodthirster,Boots of Swiftness,Rapid Firecannon,The Collector,Infinity Edge,Lord Dominik's Regards,Farsight Alteration,Celestial Opposition,Umbral Glaive,Control Ward,Boots of Swiftness,Edge of Night,Null-Magic Mantle,Oracle Lens,Conqueror,Sorcery,Conqueror,Inspiration,Electrocute,Sorcery,Lethal Tempo,Inspiration,Summon Aery,Resolve,Phase Rush,Inspiration,Aftershock,Precision,Aftershock,Inspiration,Dark Harvest,Sorcery,Hail of Blades,Resolve,Flash,Ghost,Smite,Flash,Flash,Teleport,Barrier,Flash,Flash,Heal,Flash,Teleport,Smite,Flash,Flash,Teleport,Barrier,Flash,Flash,Ignite,1,6,0,0,0,1
https://www.op.gg/summoners/euw/Sinmivak-777/matches/uRd1PvnOddo02_oyKgi7Virj2BI3JsbjCeEnKBcf2nM%3D/1733841247000,1,22,15,15,22,26,29,57,44,20,20,1,2,1,0,7,2,2,2,50809,45555,14.0,13.0,812,799,33.1,32.6,5254,-5254,2069.2375,1855.2641129032259,Ambessa,Ekko,Yone,Jinx,Nautilus,Renekton,Viego,Sylas,Aphelios,Senna,Eclipse,Spear of Shojin,Plated Steelcaps,Phage,Kindlegem,No_Item,Stealth Ward,Sorcerer's Shoes,Nashor's Tooth,Lich Bane,Cloth Armor,Amplifying Tome,Cloth Armor,Oracle Lens,Doran's Blade,Berserker's Greaves,Cloak of Agility,Blade of The Ruined King,Immortal Shieldbow,B. F. Sword,Stealth Ward,Doran's Blade,Berserker's Greaves,Infinity Edge,Yun Tal Wildarrows,Long Sword,No_Item,Farsight Alteration,Bloodsong,Locket of the Iron Solari,Chain Vest,Plated Steelcaps,No_Item,No_Item,Oracle Lens,Spear of Shojin,Control Ward,Eclipse,Sterak's Gage,Plated Steelcaps,No_Item,Oracle Lens,Tunneler,Kraken Slayer,Plated Steelcaps,Sundered Sky,No_Item,No_Item,Oracle Lens,Hextech Rocketbelt,Cosmic Drive,Dark Seal,Doran's Ring,Control Ward,Sorcerer's Shoes,Oracle Lens,Infinity Edge,Yun Tal Wildarrows,Doran's Blade,Long Sword,Berserker's Greaves,Cloak of Agility,Farsight Alteration,Black Cleaver,Youmuu's Ghostblade,Bloodsong,Boots of Swiftness,Control Ward,No_Item,Oracle Lens,Grasp of the Undying,Domination,Dark Harvest,Inspiration,Lethal Tempo,Resolve,Lethal Tempo,Sorcery,Aftershock,Inspiration,Conqueror,Resolve,Conqueror,Inspiration,Conqueror,Resolve,Conqueror,Sorcery,Summon Aery,Inspiration,Flash,Teleport,Smite,Flash,Flash,Teleport,Flash,Barrier,Flash,Ignite,Flash,Teleport,Flash,Smite,Flash,Teleport,Barrier,Flash,Heal,Flash,1,3,1,0,3,0
https://www.op.gg/summoners/euw/Sinmivak-777/matches/uRd1PvnOddpsfzPBe2DCBT1egBFl0Bd_G42YRGVoZkg%3D/1733839010000,0,8,12,12,8,14,12,31,44,13,5,0,2,0,0,0,6,0,2,30491,36494,10.0,10.6,580,587,32.6,32.9,-6003,6003,1712.766049382716,2049.9716049382714,Riven,Nidalee,Yone,Draven,Poppy,Kennen,Lee Sin,Katarina,Corki,Alistar,Doran's Shield,Maw of Malmortius,Refillable Potion,No_Item,Mercury's Treads,No_Item,Stealth Ward,No_Item,Sorcerer's Shoes,Stormsurge,Cloth Armor,Hextech Alternator,No_Item,Oracle Lens,Doran's Blade,Berserker's Greaves,Refillable Potion,Blade of The Ruined King,Long Sword,Cloak of Agility,Stealth Ward,Doran's Blade,Boots,Bloodthirster,Pickaxe,Tunneler,Ruby Crystal,Farsight Alteration,Ruby Crystal,Locket of the Iron Solari,Boots of Swiftness,Bloodsong,No_Item,No_Item,Oracle Lens,Hextech Rocketbelt,Liandry's Torment,Seeker's Armguard,Control Ward,Sorcerer's Shoes,No_Item,Stealth Ward,No_Item,Eclipse,No_Item,Slightly Magical Footwear,Tunneler,Caulfield's Warhammer,Stealth Ward,Dark Seal,Refillable Potion,Lich Bane,Shadowflame,Sorcerer's Shoes,No_Item,Stealth Ward,Doran's Blade,No_Item,Refillable Potion,Trinity Force,Plated Steelcaps,Tear of the Goddess,Stealth Ward,Boots,Celestial Opposition,Locket of the Iron Solari,Ruby Crystal,Cloth Armor,Cloth Armor,Oracle Lens,Conqueror,Resolve,Dark Harvest,Precision,Fleet Footwork,Resolve,Conqueror,Resolve,Hail of Blades,Inspiration,Summon Aery,Domination,Conqueror,Inspiration,Electrocute,Precision,Conqueror,Inspiration,Aftershock,Inspiration,Flash,Teleport,Smite,Flash,Teleport,Flash,Flash,Exhaust,Ignite,Flash,Flash,Teleport,Flash,Smite,Flash,Teleport,Barrier,Flash,Flash,Ignite,0,1,0,1,5,0
https://www.op.gg/summoners/euw/Sinmivak-777/matches/uRd1PvnOddrR7Hf_WF-fXkCE-JG7BtBV7DGEin0yEBs%3D/1733837091000,0,36,30,30,36,57,69,121,116,54,60,4,2,0,3,5,9,4,5,78300,89483,17.4,17.4,1259,1343,29.599999999999998,31.5,-11183,11183,1842.3529411764705,2105.4823529411765,K'Sante,Zyra,Sylas,Corki,Nami,Kennen,Jarvan IV,Irelia,Lux,Pyke,Unending Despair,Kaenic Rookern,Thornmail,"Jak'Sho, The Protean",Warden's Mail,Plated Steelcaps,Oracle Lens,Mejai's Soulstealer,Void Staff,Zhonya's Hourglass,Liandry's Torment,Sorcerer's Shoes,Rylai's Crystal Scepter,Oracle Lens,Hextech Rocketbelt,Zhonya's Hourglass,Needlessly Large Rod,Ionian Boots of Lucidity,Cosmic Drive,Mejai's Soulstealer,Oracle Lens,Plated Steelcaps,Trinity Force,Muramana,Infinity Edge,Rapid Firecannon,Maw of Malmortius,Farsight Alteration,Imperial Mandate,Watchful Wardstone,Dream Maker,Moonstone Renewer,Ionian Boots of Lucidity,Oblivion Orb,Oracle Lens,Rabadon's Deathcap,Liandry's Torment,Sorcerer's Shoes,Void Staff,Shadowflame,Needlessly Large Rod,Oracle Lens,Sundered Sky,No_Item,Eclipse,Spirit Visage,Mercury's Treads,Sterak's Gage,Oracle Lens,Blade of The Ruined King,Sundered Sky,Death's Dance,Wit's End,Sterak's Gage,Mercury's Treads,Farsight Alteration,Sorcerer's Shoes,Rabadon's Deathcap,Mejai's Soulstealer,Luden's Companion,Horizon Focus,Void Staff,Farsight Alteration,Bloodsong,Youmuu's Ghostblade,Umbral Glaive,Synchronized Souls,Edge of Night,The Brutalizer,Oracle Lens,Grasp of the Undying,Sorcery,Electrocute,Precision,Conqueror,Resolve,Conqueror,Inspiration,Summon Aery,Resolve,Electrocute,Inspiration,Conqueror,Inspiration,Press the Attack,Domination,Arcane Comet,Precision,Hail of Blades,Sorcery,Flash,Teleport,Smite,Flash,Flash,Teleport,Barrier,Flash,Flash,Exhaust,Flash,Teleport,Smite,Flash,Flash,Teleport,Teleport,Flash,Ignite,Flash,0,6,1,1,0,2
https://www.op.gg/summoners/euw/Sinmivak-777/matches/uRd1PvnOddooQupvfde8XHBDqDjovO2XeTt7LyLVSMA%3D/1733831897000,0,28,26,26,28,34,40,72,73,33,23,1,4,0,1,6,8,1,5,59843,61984,14.6,15.4,950,974,31.3,32.1,-2141,2141,1959.9235807860262,2030.0436681222707,Taliyah,Volibear,Tryndamere,Ezreal,Lux,Renekton,Master Yi,Syndra,Varus,Nami,Void Staff,Seraph's Embrace,Mercury's Treads,Shadowflame,Needlessly Large Rod,No_Item,Oracle Lens,Dead Man's Plate,Sundered Sky,Ionian Boots of Lucidity,Negatron Cloak,Dark Seal,Kindlegem,Oracle Lens,Ravenous Hydra,Navori Flickerblade,Lord Dominik's Regards,Pickaxe,Berserker's Greaves,B. F. Sword,Stealth Ward,Doran's Blade,Muramana,Trinity Force,Serylda's Grudge,Ionian Boots of Lucidity,Bloodthirster,Farsight Alteration,Luden's Companion,Zhonya's Hourglass,Boots of Swiftness,Zaz'Zak's Realmspike,No_Item,No_Item,Oracle Lens,Doran's Blade,Eclipse,Plated Steelcaps,Sterak's Gage,Tunneler,Ruby Crystal,Farsight Alteration,Guinsoo's Rageblade,Kraken Slayer,Titanic Hydra,Berserker's Greaves,Experimental Hexplate,Vampiric Scepter,Farsight Alteration,Doran's Ring,Zhonya's Hourglass,Sorcerer's Shoes,Cosmic Drive,Blackfire Torch,Amplifying Tome,Farsight Alteration,Youmuu's Ghostblade,No_Item,Muramana,Ionian Boots of Lucidity,Serrated Dirk,Ruby Crystal,Farsight Alteration,Imperial Mandate,Moonstone Renewer,Dream Maker,Control Ward,Ionian Boots of Lucidity,Amplifying Tome,Oracle Lens,Phase Rush,Inspiration,Press the Attack,Sorcery,Lethal Tempo,Resolve,Conqueror,Sorcery,Arcane Comet,Precision,Conqueror,Resolve,Lethal Tempo,Domination,First Strike,Sorcery,Arcane Comet,Precision,Summon Aery,Resolve,Flash,Teleport,Smite,Flash,Ghost,Flash,Barrier,Flash,Flash,Heal,Flash,Teleport,Flash,Smite,Flash,Teleport,Flash,Barrier,Flash,Heal,1,3,0,0,3,1
https://www.op.gg/summoners/euw/Sinmivak-777/matches/uRd1PvnOddo7UabsosWSRwsAR1GV5lyI7NYYqVseTLY%3D/1733829253000,1,41,33,33,41,57,72,100,120,44,37,3,2,2,1,9,7,5,3,80856,77602,17.4,16.8,1172,1190,31.0,31.4,3254,-3254,2134.3975155279504,2048.5,Dr. Mundo,Zyra,Zed,Ezreal,Leona,Yone,Karthus,Syndra,Corki,Nautilus,Thornmail,Heartsteel,Titanic Hydra,Plated Steelcaps,Spirit Visage,Unending Despair,Stealth Ward,Zhonya's Hourglass,Sorcerer's Shoes,Fiendish Codex,Rylai's Crystal Scepter,Liandry's Torment,Rabadon's Deathcap,Oracle Lens,Eclipse,Voltaic Cyclosword,Serylda's Grudge,Edge of Night,Hexdrinker,Mercury's Treads,Oracle Lens,Bloodthirster,Muramana,Trinity Force,Ionian Boots of Lucidity,Serylda's Grudge,Hexdrinker,Farsight Alteration,Bloodsong,Knight's Vow,Locket of the Iron Solari,Boots of Swiftness,Control Ward,Warmog's Armor,Oracle Lens,Berserker's Greaves,Blade of The Ruined King,Mortal Reminder,Immortal Shieldbow,Infinity Edge,Giant's Belt,Farsight Alteration,Void Staff,Blackfire Torch,Seeker's Armguard,Sorcerer's Shoes,Rabadon's Deathcap,Liandry's Torment,Oracle Lens,Luden's Companion,Zhonya's Hourglass,Needlessly Large Rod,Sorcerer's Shoes,Void Staff,Liandry's Torment,Farsight Alteration,Infinity Edge,Trinity Force,Muramana,Rapid Firecannon,Mortal Reminder,Plated Steelcaps,Farsight Alteration,Locket of the Iron Solari,Bloodsong,Mercury's Treads,Knight's Vow,Kindlegem,No_Item,Oracle Lens,Grasp of the Undying,Inspiration,Electrocute,Precision,Electrocute,Precision,Conqueror,Sorcery,Aftershock,Inspiration,Lethal Tempo,Resolve,Dark Harvest,Precision,First Strike,Sorcery,Conqueror,Inspiration,Aftershock,Inspiration,Flash,Teleport,Flash,Smite,Flash,Teleport,Barrier,Flash,Flash,Ignite,Flash,Teleport,Flash,Smite,Flash,Teleport,Flash,Cleanse,Ignite,Flash,1,2,1,0,4,0
https://www.op.gg/summoners/euw/Sinmivak-777/matches/uRd1PvnOddo0-b2XASVGT0J2SN9TYmffkIvvo4DIWXU%3D/1733826668000,1,27,10,10,27,17,48,57,55,9,17,2,1,1,0,8,3,3,1,50253,40502,13.2,12.0,692,705,28.8,29.4,9751,-9751,2107.383870967742,1698.4709677419355,Azir,Zac,Jax,Jinx,Braum,Kennen,Wukong,Aurora,Ashe,Nautilus,Doran's Ring,Needlessly Large Rod,Needlessly Large Rod,Liandry's Torment,Nashor's Tooth,Sorcerer's Shoes,Farsight Alteration,Warden's Mail,Ionian Boots of Lucidity,Spirit Visage,Ruby Crystal,Dark Seal,Sunfire Aegis,Oracle Lens,Mercury's Treads,Sundered Sky,Trinity Force,Ruby Crystal,Refillable Potion,No_Item,Stealth Ward,Berserker's Greaves,The Collector,Infinity Edge,Zeal,Doran's Blade,No_Item,Farsight Alteration,Locket of the Iron Solari,Knight's Vow,Bloodsong,No_Item,Plated Steelcaps,No_Item,Oracle Lens,Needlessly Large Rod,Liandry's Torment,Sorcerer's Shoes,Void Staff,No_Item,No_Item,Oracle Lens,Sundered Sky,Control Ward,Ruby Crystal,Slightly Magical Footwear,Trinity Force,Pickaxe,Oracle Lens,Doran's Ring,Luden's Companion,Control Ward,Void Staff,Sorcerer's Shoes,No_Item,Farsight Alteration,Doran's Blade,Kraken Slayer,Berserker's Greaves,Runaan's Hurricane,Executioner's Calling,Long Sword,Farsight Alteration,Bloodsong,Boots of Swiftness,Warmog's Armor,No_Item,Control Ward,No_Item,Oracle Lens,Summon Aery,Precision,Aftershock,Precision,Grasp of the Undying,Inspiration,Lethal Tempo,Sorcery,Guardian,Precision,Electrocute,Resolve,Conqueror,Inspiration,Electrocute,Sorcery,Lethal Tempo,Inspiration,Aftershock,Inspiration,Teleport,Flash,Flash,Smite,Teleport,Flash,Barrier,Flash,Exhaust,Flash,Flash,Teleport,Flash,Smite,Flash,Teleport,Flash,Barrier,Flash,Ignite,1,3,1,0,3,0
https://www.op.gg/summoners/euw/Sinmivak-777/matches/uRd1PvnOddptMNZZsQlQfgpq5ba4UUOXEdNPG96dpt0%3D/1733768965000,0,40,47,47,40,75,55,66,76,23,20,2,3,0,1,4,10,2,4,64307,69366,14.8,16.6,871,891,27.6,28.1,-5059,5059,2034.2010204081632,2194.230612244898,Akali,Nocturne,Kalista,Corki,Rell,Sylas,Kindred,Heimerdinger,Varus,Poppy,Sorcerer's Shoes,Stormsurge,Zhonya's Hourglass,Dark Seal,Shadowflame,No_Item,Oracle Lens,Stridebreaker,Maw of Malmortius,Hubris,Executioner's Calling,Axiom Arc,Ionian Boots of Lucidity,Farsight Alteration,Guinsoo's Rageblade,Blade of The Ruined King,Terminus,Berserker's Greaves,"Jak'Sho, The Protean",Doran's Blade,Farsight Alteration,Trinity Force,Doran's Blade,Pickaxe,Muramana,Plated Steelcaps,Mortal Reminder,Farsight Alteration,Locket of the Iron Solari,Bloodsong,Control Ward,Ionian Boots of Lucidity,Zeke's Convergence,Knight's Vow,Oracle Lens,Zhonya's Hourglass,Hextech Rocketbelt,Blighting Jewel,Rabadon's Deathcap,Ionian Boots of Lucidity,Cosmic Drive,Oracle Lens,Trinity Force,No_Item,Vampiric Scepter,Plated Steelcaps,Black Cleaver,Guardian Angel,Oracle Lens,Blackfire Torch,Zhonya's Hourglass,Rylai's Crystal Scepter,Ionian Boots of Lucidity,Liandry's Torment,Amplifying Tome,Stealth Ward,Doran's Blade,Muramana,Caulfield's Warhammer,Edge of Night,Youmuu's Ghostblade,Boots of Swiftness,Farsight Alteration,Bloodsong,Dead Man's Plate,Thornmail,Abyssal Mask,Plated Steelcaps,Winged Moonplate,Oracle Lens,Electrocute,Resolve,Lethal Tempo,Domination,Lethal Tempo,Domination,Press the Attack,Inspiration,Aftershock,Inspiration,Conqueror,Resolve,Conqueror,Domination,Electrocute,Sorcery,Hail of Blades,Inspiration,Aftershock,Inspiration,Ignite,Teleport,Smite,Flash,Flash,Exhaust,Barrier,Flash,Flash,Ignite,Flash,Teleport,Flash,Smite,Flash,Teleport,Barrier,Flash,Flash,Ignite,0,6,0,1,0,1
https://www.op.gg/summoners/euw/Sinmivak-777/matches/uRd1PvnOddp0e84rk8O99SKPz1yIuHrq5LoSeDgXWUE%3D/1733766504000,1,23,23,23,23,42,37,81,59,15,20,1,3,0,1,9,4,1,4,59523,54455,14.8,14.4,914,836,30.2,27.7,5068,-5068,1975.320796460177,1807.1349557522124,Aatrox,Viego,Yasuo,Seraphine,Karma,Heimerdinger,Rek'Sai,Swain,Ezreal,Nami,Mercury's Treads,Profane Hydra,Spear of Shojin,Steel Sigil,Sundered Sky,No_Item,Oracle Lens,Titanic Hydra,Long Sword,Plated Steelcaps,Kraken Slayer,Spirit Visage,No_Item,Stealth Ward,Kraken Slayer,Stridebreaker,Blade of The Ruined King,Berserker's Greaves,No_Item,Executioner's Calling,Farsight Alteration,Oblivion Orb,Horizon Focus,Shattered Armguard,Sorcerer's Shoes,Luden's Companion,No_Item,Farsight Alteration,Forbidden Idol,Redemption,Solstice Sleigh,Forbidden Idol,Moonstone Renewer,Boots of Swiftness,Oracle Lens,Liandry's Torment,Rylai's Crystal Scepter,Blackfire Torch,Ionian Boots of Lucidity,Oblivion Orb,No_Item,Stealth Ward,Mercury's Treads,Titanic Hydra,Serpent's Fang,Death's Dance,Tunneler,No_Item,Oracle Lens,Plated Steelcaps,Zhonya's Hourglass,Blackfire Torch,Doran's Ring,Oblivion Orb,Kindlegem,Farsight Alteration,Ionian Boots of Lucidity,Doran's Blade,Muramana,Trinity Force,Spear of Shojin,Last Whisper,Farsight Alteration,Dream Maker,Ionian Boots of Lucidity,Bandleglass Mirror,Aether Wisp,Moonstone Renewer,Imperial Mandate,Oracle Lens,Conqueror,Resolve,Conqueror,Inspiration,Grasp of the Undying,Precision,Arcane Comet,Precision,Summon Aery,Resolve,Conqueror,Sorcery,Conqueror,Inspiration,Summon Aery,Resolve,Press the Attack,Inspiration,Summon Aery,Resolve,Flash,Teleport,Flash,Smite,Teleport,Flash,Flash,Teleport,Flash,Heal,Flash,Teleport,Smite,Flash,Flash,Teleport,Teleport,Flash,Heal,Flash,1,6,1,0,0,1
https://www.op.gg/summoners/euw/Sinmivak-777/matches/uRd1PvnOddrowsEQ5YnouB5tjcjFRgLwZjNPuHg_dcc%3D/1733762841000,1,36,31,31,36,72,94,97,80,31,36,2,3,1,0,9,4,3,3,65527,61197,16.0,14.8,883,908,27.4,28.3,4330,-4330,2032.5504629629631,1898.240277777778,Cho'Gath,Viego,Sylas,Yasuo,Rakan,Urgot,Nidalee,Talon,Varus,Rell,Kaenic Rookern,Frozen Heart,"Jak'Sho, The Protean",No_Item,Boots of Swiftness,Thornmail,Stealth Ward,Black Cleaver,Kraken Slayer,Plated Steelcaps,Guardian Angel,Caulfield's Warhammer,Control Ward,Oracle Lens,Mejai's Soulstealer,Hextech Rocketbelt,Zhonya's Hourglass,Needlessly Large Rod,Ionian Boots of Lucidity,Cosmic Drive,Farsight Alteration,Blade of The Ruined King,Navori Flickerblade,Immortal Shieldbow,Control Ward,No_Item,Berserker's Greaves,Farsight Alteration,Dark Seal,Ionian Boots of Lucidity,Dream Maker,Kindlegem,Watchful Wardstone,Trailblazer,Oracle Lens,Boots of Swiftness,Black Cleaver,Sterak's Gage,"Jak'Sho, The Protean",No_Item,No_Item,Farsight Alteration,Ionian Boots of Lucidity,Horizon Focus,Zhonya's Hourglass,Liandry's Torment,Needlessly Large Rod,Needlessly Large Rod,Oracle Lens,Profane Hydra,Youmuu's Ghostblade,Executioner's Calling,Caulfield's Warhammer,Ionian Boots of Lucidity,Black Cleaver,Oracle Lens,Recurve Bow,Blade of The Ruined King,Terminus,Plated Steelcaps,Guinsoo's Rageblade,"Jak'Sho, The Protean",Oracle Lens,Celestial Opposition,Control Ward,Ionian Boots of Lucidity,Thornmail,Zeke's Convergence,Kindlegem,Oracle Lens,Grasp of the Undying,Inspiration,Conqueror,Inspiration,Conqueror,Resolve,Fleet Footwork,Resolve,Guardian,Domination,Phase Rush,Inspiration,Conqueror,Sorcery,Conqueror,Sorcery,Lethal Tempo,Inspiration,Aftershock,Inspiration,Flash,Teleport,Flash,Smite,Teleport,Flash,Exhaust,Flash,Ignite,Flash,Flash,Teleport,Flash,Smite,Flash,Ignite,Flash,Barrier,Ignite,Flash,0,3,2,1,3,0
https://www.op.gg/summoners/euw/Sinmivak-777/matches/uRd1PvnOddpK0re2XnDTe0moiCSMTcxSfjZ2oogfUrE%3D/1733758456000,1,24,13,13,24,19,48,62,59,16,14,1,2,1,0,8,2,2,2,53992,43546,14.0,12.6,805,734,31.9,28.9,10446,-10446,2137.1833333333334,1723.6958333333332,Sion,Graves,Aurora,Caitlyn,Alistar,Riven,Gragas,Akshan,Varus,Maokai,Chain Vest,"Jak'Sho, The Protean",Plated Steelcaps,Bami's Cinder,Frozen Heart,Control Ward,Oracle Lens,The Collector,No_Item,Youmuu's Ghostblade,Plated Steelcaps,Immortal Shieldbow,No_Item,Oracle Lens,Shadowflame,Fiendish Codex,Amplifying Tome,Malignance,Sorcerer's Shoes,Dark Seal,Oracle Lens,Boots of Swiftness,The Collector,Lord Dominik's Regards,Doran's Blade,Infinity Edge,No_Item,Farsight Alteration,Celestial Opposition,No_Item,Null-Magic Mantle,Mercury's Treads,Kindlegem,Warmog's Armor,Oracle Lens,Doran's Blade,Sundered Sky,Black Cleaver,Caulfield's Warhammer,Ionian Boots of Lucidity,Cloth Armor,Stealth Ward,Shadowflame,Dark Seal,Stormsurge,Sorcerer's Shoes,No_Item,No_Item,Stealth Ward,Doran's Blade,No_Item,Boots of Swiftness,Lord Dominik's Regards,Statikk Shiv,Infinity Edge,Farsight Alteration,No_Item,Youmuu's Ghostblade,Muramana,Serrated Dirk,Boots of Swiftness,Doran's Blade,Farsight Alteration,Locket of the Iron Solari,Solstice Sleigh,Ionian Boots of Lucidity,Control Ward,Cloth Armor,Kindlegem,Oracle Lens,Grasp of the Undying,Inspiration,Dark Harvest,Precision,Electrocute,Sorcery,Hail of Blades,Sorcery,Aftershock,Inspiration,Conqueror,Inspiration,Electrocute,Inspiration,Press the Attack,Inspiration,Hail of Blades,Inspiration,Aftershock,Inspiration,Flash,Teleport,Flash,Smite,Flash,Teleport,Ghost,Flash,Ignite,Flash,Ignite,Flash,Flash,Smite,Flash,Teleport,Flash,Barrier,Flash,Ignite,1,6,1,0,0,0
https://www.op.gg/summoners/euw/Sinmivak-777/matches/uRd1PvnOddrsnAMU8owcPHKJtN0F7lx1hBfXfG_uun8%3D/1733182313000,0,13,18,18,13,31,25,75,70,12,22,0,3,0,1,0,6,0,4,38448,49474,12.0,13.6,698,821,29.7,35.0,-11026,11026,1636.6378378378377,2105.9878378378376,Camille,Lee Sin,Galio,Karthus,Rell,Yone,Vi,Kayle,Olaf,Bard,Slightly Magical Footwear,Tiamat,Refillable Potion,Doran's Shield,Trinity Force,Cloth Armor,Farsight Alteration,Eclipse,Pickaxe,No_Item,Slightly Magical Footwear,Sundered Sky,Ruby Crystal,Stealth Ward,Doran's Ring,Sunfire Aegis,Plated Steelcaps,Null-Magic Mantle,Frozen Heart,No_Item,Farsight Alteration,Blackfire Torch,Oblivion Orb,Boots,Void Staff,No_Item,Doran's Ring,Farsight Alteration,Solstice Sleigh,Locket of the Iron Solari,Control Ward,Plated Steelcaps,Cloth Armor,Ruby Crystal,Oracle Lens,Doran's Shield,Berserker's Greaves,Blade of The Ruined King,Immortal Shieldbow,Cloak of Agility,No_Item,Oracle Lens,Black Cleaver,Sundered Sky,Mercury's Treads,Pickaxe,No_Item,No_Item,Oracle Lens,Rabadon's Deathcap,Aether Wisp,Boots of Swiftness,Doran's Blade,Glowing Mote,Nashor's Tooth,Farsight Alteration,Doran's Blade,Hexdrinker,Death's Dance,No_Item,Slightly Magical Footwear,Ravenous Hydra,Oracle Lens,Synchronized Souls,Locket of the Iron Solari,Bloodsong,No_Item,Forbidden Idol,Kindlegem,Oracle Lens,Grasp of the Undying,Inspiration,Conqueror,Inspiration,Aftershock,Inspiration,Dark Harvest,Precision,Aftershock,Inspiration,Lethal Tempo,Resolve,Conqueror,Inspiration,Press the Attack,Sorcery,Conqueror,Inspiration,Electrocute,Resolve,Flash,Teleport,Flash,Smite,Flash,Teleport,Flash,Exhaust,Flash,Ignite,Flash,Teleport,Flash,Smite,Flash,Teleport,Flash,Ghost,Ignite,Flash,1,2,0,0,1,1
https://www.op.gg/summoners/euw/Sinmivak-777/matches/uRd1PvnOddqYcRWFKaPTHYmIrZmquk8hfEbmQgFZ60U%3D/1733178856000,1,40,27,27,40,45,66,52,57,23,23,1,3,1,0,8,5,2,3,64470,59962,15.4,14.8,881,948,29.9,32.2,4508,-4508,2189.547169811321,2036.445283018868,Aurora,Vi,Akali,Olaf,Lulu,Yone,Graves,Ziggs,Caitlyn,Nautilus,Sorcerer's Shoes,Mejai's Soulstealer,Luden's Companion,Rabadon's Deathcap,Doran's Ring,Void Staff,Oracle Lens,Black Cleaver,Randuin's Omen,Sundered Sky,Plated Steelcaps,Pickaxe,Control Ward,Oracle Lens,Hextech Rocketbelt,No_Item,Void Staff,Shadowflame,Sorcerer's Shoes,Dark Seal,Oracle Lens,Phage,Death's Dance,Maw of Malmortius,Doran's Blade,Plated Steelcaps,Ravenous Hydra,Oracle Lens,Ionian Boots of Lucidity,Moonstone Renewer,Redemption,Shurelya's Battlesong,Dream Maker,No_Item,Oracle Lens,Wit's End,Blade of The Ruined King,Immortal Shieldbow,Doran's Blade,Berserker's Greaves,B. F. Sword,Farsight Alteration,Mortal Reminder,The Collector,Serpent's Fang,Plated Steelcaps,No_Item,Youmuu's Ghostblade,Oracle Lens,Needlessly Large Rod,Zhonya's Hourglass,Sorcerer's Shoes,Dark Seal,Luden's Companion,Horizon Focus,Farsight Alteration,Dagger,The Collector,Mortal Reminder,Boots,Infinity Edge,Doran's Blade,Farsight Alteration,Bloodsong,Boots of Swiftness,Locket of the Iron Solari,Thornmail,Ruby Crystal,Control Ward,Oracle Lens,Electrocute,Sorcery,Conqueror,Inspiration,Electrocute,Resolve,Conqueror,Inspiration,Summon Aery,Resolve,Lethal Tempo,Resolve,Dark Harvest,Precision,Arcane Comet,Precision,Lethal Tempo,Sorcery,Aftershock,Inspiration,Flash,Teleport,Flash,Smite,Teleport,Flash,Flash,Ghost,Flash,Heal,Teleport,Flash,Flash,Smite,Flash,Teleport,Flash,Barrier,Flash,Ignite,0,3,1,1,3,0
https://www.op.gg/summoners/euw/Sinmivak-777/matches/uRd1PvnOddoM06_m1oZbUSK0Zl7UH5F5Tcdy8_561ps%3D/1733176094000,0,12,32,32,12,62,14,61,65,18,21,0,2,0,1,1,9,0,3,39950,53565,11.4,13.6,718,754,31.0,32.4,-13615,13615,1731.1666666666667,2321.15,Renekton,Lee Sin,Zyra,Kai'Sa,Rell,Darius,Rengar,Ahri,Ezreal,Nami,Plated Steelcaps,Eclipse,Doran's Shield,Black Cleaver,Ruby Crystal,Long Sword,Farsight Alteration,Tunneler,Pickaxe,Eclipse,Slightly Magical Footwear,Sundered Sky,Ruby Crystal,Stealth Ward,Doran's Ring,Boots,Liandry's Torment,Shadowflame,No_Item,No_Item,Farsight Alteration,Doran's Blade,Amplifying Tome,Berserker's Greaves,Statikk Shiv,Guinsoo's Rageblade,Blasting Wand,Farsight Alteration,Boots of Swiftness,Celestial Opposition,No_Item,Zeke's Convergence,Kindlegem,No_Item,Oracle Lens,Doran's Blade,Refillable Potion,Control Ward,Sterak's Gage,Boots of Swiftness,Stridebreaker,Oracle Lens,No_Item,Profane Hydra,Lord Dominik's Regards,Boots,Voltaic Cyclosword,No_Item,Stealth Ward,Malignance,Sorcerer's Shoes,Liandry's Torment,Shadowflame,Doran's Ring,Dark Seal,Farsight Alteration,Muramana,Trinity Force,Spear of Shojin,No_Item,No_Item,Ionian Boots of Lucidity,Farsight Alteration,Moonstone Renewer,Ionian Boots of Lucidity,Dawncore,Dream Maker,Fiendish Codex,No_Item,Oracle Lens,Conqueror,Resolve,Conqueror,Inspiration,Summon Aery,Precision,Press the Attack,Inspiration,Aftershock,Inspiration,Conqueror,Inspiration,Conqueror,Domination,Summon Aery,Precision,Press the Attack,Inspiration,Summon Aery,Resolve,Flash,Teleport,Smite,Flash,Teleport,Flash,Barrier,Flash,Flash,Ignite,Flash,Ignite,Smite,Flash,Teleport,Flash,Barrier,Flash,Flash,Heal,1,4,0,0,2,1
https://www.op.gg/summoners/euw/Sinmivak-777/matches/uRd1PvnOddrJ0tH83A-EQ0BuaVBJNhfQwLqm5ye8Dks%3D/1733174114000,0,20,24,24,20,51,25,98,70,30,32,1,4,0,1,3,10,1,5,53536,64057,14.0,15.2,894,997,29.8,33.3,-10521,10521,1792.8334883720931,2145.1646511627905,Jax,Udyr,Kayle,Smolder,Blitzcrank,Kennen,Viego,Corki,Kog'Maw,Karma,Doran's Shield,Mercury's Treads,Stridebreaker,Trinity Force,Ruby Crystal,Pickaxe,Stealth Ward,Negatron Cloak,Liandry's Torment,Dark Seal,Dead Man's Plate,Boots of Swiftness,Kindlegem,Oracle Lens,Control Ward,Lich Bane,Boots of Swiftness,Rabadon's Deathcap,Void Staff,Nashor's Tooth,Farsight Alteration,Doran's Blade,Hubris,Ionian Boots of Lucidity,Lord Dominik's Regards,Rapid Firecannon,No_Item,Farsight Alteration,Bloodsong,Control Ward,Trailblazer,Boots of Swiftness,Kindlegem,Negatron Cloak,Oracle Lens,Sorcerer's Shoes,Zhonya's Hourglass,Liandry's Torment,Void Staff,Needlessly Large Rod,Dark Seal,Oracle Lens,Kraken Slayer,Sundered Sky,Tunneler,Mercury's Treads,Wit's End,No_Item,Oracle Lens,Trinity Force,Boots of Swiftness,Infinity Edge,Rapid Firecannon,Muramana,Doran's Blade,Farsight Alteration,Doran's Ring,Hextech Alternator,Sorcerer's Shoes,Horizon Focus,Luden's Companion,Seraph's Embrace,Farsight Alteration,Ionian Boots of Lucidity,Dream Maker,Kindlegem,Moonstone Renewer,Dawncore,Forbidden Idol,Oracle Lens,Grasp of the Undying,Inspiration,Conqueror,Inspiration,Press the Attack,Sorcery,Arcane Comet,Inspiration,Glacial Augment,Sorcery,Electrocute,Inspiration,Conqueror,Inspiration,Conqueror,Sorcery,Arcane Comet,Precision,Summon Aery,Precision,Flash,Teleport,Smite,Flash,Flash,Teleport,Flash,Teleport,Flash,Ignite,Flash,Teleport,Flash,Smite,Flash,Teleport,Flash,Teleport,Flash,Heal,0,5,0,1,1,2
https://www.op.gg/summoners/euw/Sinmivak-777/matches/uRd1PvnOddo1WZMd5nxPM4bjOrepCTAUpEzr-gL4d9A%3D/1733171881000,0,27,31,31,27,57,46,69,80,21,24,2,2,0,0,3,7,2,2,55994,59111,14.0,14.2,832,820,27.5,27.1,-3117,3117,1866.4666666666667,1970.3666666666666,Ambessa,Wukong,Swain,Ezreal,Nasus,Zoe,Lee Sin,Aurora,Kalista,Rell,Doran's Shield,Eclipse,Mercury's Treads,Spear of Shojin,Tunneler,Ruby Crystal,Farsight Alteration,Mercury's Treads,Trinity Force,Sundered Sky,Caulfield's Warhammer,Steel Sigil,Maw of Malmortius,Oracle Lens,Malignance,Rylai's Crystal Scepter,Mercury's Treads,Zhonya's Hourglass,Doran's Ring,Dark Seal,Stealth Ward,Doran's Blade,No_Item,Muramana,Trinity Force,Spear of Shojin,Ionian Boots of Lucidity,Farsight Alteration,Zaz'Zak's Realmspike,Luden's Companion,Needlessly Large Rod,Dark Seal,Frozen Heart,Ionian Boots of Lucidity,Oracle Lens,Mejai's Soulstealer,Cryptbloom,Needlessly Large Rod,Sorcerer's Shoes,Luden's Companion,Doran's Ring,Stealth Ward,Control Ward,Youmuu's Ghostblade,Serylda's Grudge,Boots,Hubris,Serrated Dirk,Stealth Ward,Blasting Wand,Cosmic Drive,Boots of Swiftness,Blighting Jewel,Liandry's Torment,Oblivion Orb,Oracle Lens,Terminus,Blade of The Ruined King,Wit's End,Berserker's Greaves,Pickaxe,Doran's Blade,Farsight Alteration,Celestial Opposition,Locket of the Iron Solari,Plated Steelcaps,Zeke's Convergence,Ruby Crystal,Control Ward,Oracle Lens,Conqueror,Resolve,Conqueror,Inspiration,Conqueror,Resolve,Conqueror,Inspiration,Summon Aery,Inspiration,Dark Harvest,Inspiration,Electrocute,Precision,Grasp of the Undying,Precision,Lethal Tempo,Domination,Aftershock,Inspiration,Flash,Teleport,Flash,Smite,Flash,Teleport,Barrier,Flash,Ignite,Flash,Ignite,Flash,Flash,Smite,Flash,Teleport,Flash,Cleanse,Ignite,Flash,0,3,0,0,3,1
https://www.op.gg/summoners/euw/Sinmivak-777/matches/uRd1PvnOddoDZluvIYRzZ0-58gNODITPEJ_09YhJSOs%3D/1733167011000,1,34,15,15,34,25,56,51,85,35,22,2,1,1,0,10,1,3,1,59277,43069,14.4,12.8,873,709,33.3,27.1,16208,-16208,2272.285,1650.9783333333332,Jayce,Shaco,Orianna,Jhin,Poppy,Aurora,Lee Sin,Naafiri,Ezreal,Bard,Serylda's Grudge,Long Sword,Opportunity,Hubris,Edge of Night,Ionian Boots of Lucidity,Oracle Lens,Ionian Boots of Lucidity,Blackfire Torch,Liandry's Torment,Rabadon's Deathcap,Amplifying Tome,No_Item,Oracle Lens,Doran's Ring,Blackfire Torch,Boots of Swiftness,Liandry's Torment,Fiendish Codex,Aether Wisp,Farsight Alteration,Doran's Blade,The Collector,Boots of Swiftness,Infinity Edge,Rapid Firecannon,No_Item,Farsight Alteration,Locket of the Iron Solari,Bloodsong,Control Ward,Dead Man's Plate,Boots of Swiftness,Ruby Crystal,Oracle Lens,Doran's Ring,Needlessly Large Rod,Luden's Companion,Dark Seal,Sorcerer's Shoes,Hextech Alternator,Stealth Ward,Sundered Sky,Eclipse,Control Ward,Ruby Crystal,No_Item,Mercury's Treads,Stealth Ward,Eclipse,Serrated Dirk,Profane Hydra,Ionian Boots of Lucidity,No_Item,No_Item,Farsight Alteration,Spear of Shojin,Muramana,Ionian Boots of Lucidity,Trinity Force,Long Sword,Long Sword,Farsight Alteration,Bloodsong,Locket of the Iron Solari,No_Item,No_Item,Warmog's Armor,Boots of Swiftness,Oracle Lens,Electrocute,Inspiration,Electrocute,Inspiration,Summon Aery,Precision,Fleet Footwork,Sorcery,Hail of Blades,Inspiration,Electrocute,Sorcery,Conqueror,Inspiration,Conqueror,Resolve,Press the Attack,Inspiration,Guardian,Domination,Flash,Teleport,Ignite,Smite,Teleport,Flash,Flash,Barrier,Flash,Ignite,Flash,Teleport,Smite,Flash,Flash,Teleport,Barrier,Flash,Flash,Exhaust,0,4,2,0,2,0
https://www.op.gg/summoners/euw/Sinmivak-777/matches/uRd1PvnOddoiRy_T8sdlTQcDqlBHlbWpjs_4aLDRetw%3D/1733164809000,1,21,16,17,21,27,31,50,56,15,15,1,2,0,0,8,0,1,2,50170,40229,13.2,12.2,791,678,32.0,27.4,9941,-9941,2019.4213836477988,1619.2805031446542,Riven,Lillia,Ezreal,Corki,Sona,Renekton,Wukong,Aurora,Kai'Sa,Nautilus,Doran's Blade,Death's Dance,Eclipse,Plated Steelcaps,Long Sword,Ruby Crystal,Oracle Lens,Riftmaker,Liandry's Torment,No_Item,Ionian Boots of Lucidity,Rabadon's Deathcap,Dark Seal,Oracle Lens,Doran's Blade,Muramana,Trinity Force,Ionian Boots of Lucidity,Caulfield's Warhammer,No_Item,Farsight Alteration,Doran's Blade,Muramana,Boots of Swiftness,Trinity Force,Noonquiver,Long Sword,Farsight Alteration,Boots of Swiftness,Echoes of Helia,Bloodsong,Staff of Flowing Water,Faerie Charm,Amplifying Tome,Oracle Lens,Plated Steelcaps,Refillable Potion,Doran's Blade,Eclipse,Phage,Pickaxe,Farsight Alteration,Sundered Sky,Trinity Force,No_Item,Ionian Boots of Lucidity,No_Item,No_Item,Oracle Lens,Doran's Ring,Luden's Companion,Sorcerer's Shoes,Shadowflame,Dark Seal,Amplifying Tome,Oracle Lens,Amplifying Tome,Doran's Blade,Blasting Wand,Kraken Slayer,Guinsoo's Rageblade,Berserker's Greaves,Farsight Alteration,Celestial Opposition,Kindlegem,Locket of the Iron Solari,Null-Magic Mantle,Cloth Armor,Plated Steelcaps,Oracle Lens,Conqueror,Resolve,Conqueror,Inspiration,Conqueror,Inspiration,Conqueror,Sorcery,Summon Aery,Precision,Conqueror,Resolve,Conqueror,Inspiration,Electrocute,Sorcery,Lethal Tempo,Inspiration,Glacial Augment,Resolve,Flash,Ignite,Flash,Smite,Teleport,Flash,Flash,Barrier,Flash,Heal,Flash,Teleport,Smite,Flash,Flash,Teleport,Flash,Barrier,Ignite,Flash,1,6,1,0,0,0
https://www.op.gg/summoners/euw/Sinmivak-777/matches/uRd1PvnOddosRGITyesfIb6HqR-lLwEKR9Rex_WQHvM%3D/1733153873000,1,33,25,25,33,42,57,82,64,22,33,2,2,1,1,10,5,3,3,66911,57522,15.6,14.6,965,901,32.5,30.4,9389,-9389,2251.211214953271,1935.3196261682244,Sylas,Ivern,Tryndamere,Samira,Rell,Jayce,Skarner,Ryze,Caitlyn,Nautilus,Hextech Rocketbelt,Zhonya's Hourglass,Cosmic Drive,Sorcerer's Shoes,Dark Seal,No_Item,Farsight Alteration,Moonstone Renewer,Dark Seal,Forbidden Idol,Dawncore,Redemption,Ionian Boots of Lucidity,Oracle Lens,Ravenous Hydra,Berserker's Greaves,Wit's End,Navori Flickerblade,Blade of The Ruined King,Mortal Reminder,Stealth Ward,Boots of Swiftness,Hubris,The Collector,Infinity Edge,Pickaxe,Lord Dominik's Regards,Farsight Alteration,Celestial Opposition,No_Item,Zeke's Convergence,Locket of the Iron Solari,Kindlegem,Mercury's Treads,Oracle Lens,No_Item,Serrated Dirk,Hubris,Opportunity,Serpent's Fang,Boots of Swiftness,Farsight Alteration,Sterak's Gage,Heartsteel,Unending Despair,Plated Steelcaps,No_Item,No_Item,Oracle Lens,Needlessly Large Rod,Needlessly Large Rod,Seraph's Embrace,Blackfire Torch,Boots of Swiftness,Luden's Companion,Oracle Lens,Last Whisper,The Collector,Berserker's Greaves,Infinity Edge,Rapid Firecannon,Executioner's Calling,Farsight Alteration,Celestial Opposition,Locket of the Iron Solari,Cloth Armor,Knight's Vow,Boots of Swiftness,Cloth Armor,Oracle Lens,Conqueror,Resolve,Glacial Augment,Sorcery,Fleet Footwork,Resolve,Conqueror,Sorcery,Aftershock,Inspiration,Phase Rush,Inspiration,Grasp of the Undying,Inspiration,Phase Rush,Resolve,Lethal Tempo,Sorcery,Aftershock,Inspiration,Flash,Teleport,Flash,Smite,Flash,Ghost,Flash,Barrier,Ignite,Flash,Flash,Ignite,Smite,Flash,Teleport,Flash,Flash,Barrier,Flash,Ignite,1,6,2,0,0,0
https://www.op.gg/summoners/euw/Sinmivak-777/matches/uRd1PvnOddompmDwy7I_RTc3JTwBL5929vxhLD5EgH4%3D/1733151275000,1,27,17,17,27,22,35,51,73,29,19,2,1,1,0,10,1,3,1,57767,45139,15.0,13.2,869,752,33.199999999999996,28.8,12628,-12628,2201.8811659192825,1720.5448430493275,Gnar,Wukong,Akali,Ziggs,Senna,Teemo,Vi,Vex,Jinx,Bard,Doran's Shield,Trinity Force,Mercury's Treads,Wit's End,Sterak's Gage,No_Item,Oracle Lens,Trinity Force,Sundered Sky,Mercury's Treads,Warden's Mail,No_Item,No_Item,Oracle Lens,Rabadon's Deathcap,Amplifying Tome,Stormsurge,Dark Seal,Shadowflame,Boots,Oracle Lens,Doran's Ring,Seraph's Embrace,Zhonya's Hourglass,Horizon Focus,Sorcerer's Shoes,No_Item,Farsight Alteration,Bloodsong,Boots of Swiftness,Black Cleaver,Rapid Firecannon,Control Ward,Serrated Dirk,Oracle Lens,Liandry's Torment,Nashor's Tooth,Amplifying Tome,Amplifying Tome,No_Item,Boots of Swiftness,Farsight Alteration,Hexdrinker,Plated Steelcaps,Sundered Sky,Trinity Force,No_Item,Caulfield's Warhammer,Oracle Lens,Shadowflame,Lost Chapter,Refillable Potion,Horizon Focus,Sorcerer's Shoes,Amplifying Tome,Stealth Ward,Doran's Blade,Refillable Potion,The Collector,Berserker's Greaves,Infinity Edge,Scout's Slingshot,Farsight Alteration,Bloodsong,Chain Vest,Heartsteel,Giant's Belt,No_Item,Boots of Swiftness,Oracle Lens,Fleet Footwork,Resolve,Conqueror,Inspiration,Electrocute,Resolve,Arcane Comet,Precision,Grasp of the Undying,Precision,Press the Attack,Resolve,Conqueror,Inspiration,Electrocute,Sorcery,Lethal Tempo,Domination,Guardian,Domination,Flash,Teleport,Flash,Smite,Ignite,Flash,Flash,Teleport,Flash,Heal,Flash,Ignite,Flash,Smite,Teleport,Flash,Flash,Teleport,Flash,Ignite,0,6,2,1,0,0
https://www.op.gg/summoners/euw/Sinmivak-777/matches/uRd1PvnOddpyi6SekO26mhdYusa22NhNd8k7VJwND00%3D/1733149017000,0,27,34,35,27,62,36,90,73,28,35,1,2,0,1,3,6,1,3,50465,53923,12.6,14.0,707,725,27.8,28.6,-3458,3458,1988.914705882353,2125.200588235294,Renekton,Udyr,Syndra,Ashe,Pyke,Kennen,Morgana,Yone,Jhin,Rakan,Stridebreaker,Sterak's Gage,Glowing Mote,Mercury's Treads,Steel Sigil,No_Item,Farsight Alteration,Liandry's Torment,Dead Man's Plate,No_Item,Mercury's Treads,Negatron Cloak,Winged Moonplate,Oracle Lens,Stormsurge,Luden's Companion,Rabadon's Deathcap,No_Item,No_Item,Sorcerer's Shoes,Farsight Alteration,Executioner's Calling,Kraken Slayer,Phantom Dancer,No_Item,Berserker's Greaves,Doran's Blade,Farsight Alteration,Youmuu's Ghostblade,Bloodsong,No_Item,Umbral Glaive,Serrated Dirk,Mercury's Treads,Oracle Lens,Sorcerer's Shoes,Liandry's Torment,Shadowflame,No_Item,Void Staff,Dark Seal,Oracle Lens,Liandry's Torment,Cosmic Drive,Fiendish Codex,Dark Seal,Ionian Boots of Lucidity,Amplifying Tome,Stealth Ward,Wit's End,No_Item,Blade of The Ruined King,Phage,Berserker's Greaves,Long Sword,Farsight Alteration,Doran's Blade,The Collector,Boots of Swiftness,Infinity Edge,Rapid Firecannon,Last Whisper,Farsight Alteration,Redemption,Locket of the Iron Solari,Celestial Opposition,Ionian Boots of Lucidity,Kindlegem,Null-Magic Mantle,Oracle Lens,Press the Attack,Resolve,Conqueror,Inspiration,First Strike,Sorcery,Lethal Tempo,Inspiration,Hail of Blades,Resolve,Electrocute,Inspiration,Arcane Comet,Inspiration,Fleet Footwork,Resolve,Dark Harvest,Precision,Guardian,Domination,Teleport,Flash,Flash,Smite,Flash,Teleport,Flash,Barrier,Flash,Ignite,Flash,Teleport,Flash,Smite,Flash,Teleport,Flash,Cleanse,Flash,Ignite,0,6,0,0,0,0
https://www.op.gg/summoners/euw/Sinmivak-777/matches/uRd1PvnOddr20_c7rycjCHeUXqXSPn_G96bi6nupaWQ%3D/1733147144000,1,19,8,8,19,14,28,43,51,19,11,3,0,0,0,2,1,3,0,39846,34076,12.0,10.6,696,602,34.699999999999996,29.9,5770,-5770,1992.3,1703.8,Camille,Vi,Kayle,Ashe,Senna,Jax,Zac,Anivia,Miss Fortune,Rell,Doran's Blade,Trinity Force,Tiamat,Mercury's Treads,Long Sword,No_Item,Oracle Lens,Sundered Sky,Mercury's Treads,Sterak's Gage,No_Item,No_Item,No_Item,Oracle Lens,Needlessly Large Rod,Boots of Swiftness,Nashor's Tooth,Needlessly Large Rod,No_Item,Doran's Blade,Farsight Alteration,Doran's Blade,Executioner's Calling,Blade of The Ruined King,Berserker's Greaves,Phantom Dancer,Long Sword,Farsight Alteration,Bloodsong,Refillable Potion,Cloak of Agility,Black Cleaver,Dagger,Boots of Swiftness,Oracle Lens,Doran's Shield,Refillable Potion,Trinity Force,Plated Steelcaps,Tunneler,Caulfield's Warhammer,Stealth Ward,Kindlegem,Dark Seal,Sunfire Aegis,Ionian Boots of Lucidity,Spectre's Cowl,No_Item,Oracle Lens,Doran's Ring,Ruby Crystal,Tear of the Goddess,Rod of Ages,Boots of Swiftness,Fated Ashes,Farsight Alteration,Bloodthirster,Essence Reaver,Slightly Magical Footwear,No_Item,No_Item,Doran's Blade,Farsight Alteration,Plated Steelcaps,Kindlegem,Warden's Mail,Celestial Opposition,No_Item,Giant's Belt,Oracle Lens,Grasp of the Undying,Sorcery,Conqueror,Inspiration,Press the Attack,Sorcery,Lethal Tempo,Inspiration,Grasp of the Undying,Precision,Grasp of the Undying,Sorcery,Aftershock,Inspiration,Electrocute,Precision,Press the Attack,Inspiration,Aftershock,Inspiration,Teleport,Ignite,Smite,Flash,Flash,Teleport,Barrier,Flash,Flash,Heal,Flash,Teleport,Flash,Smite,Flash,Teleport,Flash,Barrier,Ignite,Flash,0,0,0,0,6,0
https://www.op.gg/summoners/euw/Sinmivak-777/matches/uRd1PvnOddq6C3V-gspUbaO-_9GrAyVnIamoLDbQR5U%3D/1733138969000,1,39,14,14,39,31,72,88,73,30,25,4,0,0,1,10,3,4,1,61936,52745,15.0,14.4,906,907,30.599999999999998,30.8,9191,-9191,2102.2072992700732,1790.25,Rumble,Ivern,Yone,Jinx,Thresh,Aurora,Vi,Anivia,Corki,Rell,"Jak'Sho, The Protean",Liandry's Torment,Mercury's Treads,Riftmaker,Ruby Crystal,No_Item,Farsight Alteration,Redemption,Dawncore,No_Item,Mejai's Soulstealer,Moonstone Renewer,Ionian Boots of Lucidity,Oracle Lens,Wit's End,Berserker's Greaves,Blade of The Ruined King,Cloak of Agility,Immortal Shieldbow,Doran's Shield,Farsight Alteration,Infinity Edge,Kraken Slayer,Phantom Dancer,Berserker's Greaves,Lord Dominik's Regards,Zeal,Farsight Alteration,Knight's Vow,Locket of the Iron Solari,Boots of Swiftness,Solstice Sleigh,Control Ward,Kindlegem,Oracle Lens,Rabadon's Deathcap,Oblivion Orb,Luden's Companion,Shadowflame,Sorcerer's Shoes,Blighting Jewel,Oracle Lens,Black Cleaver,Sundered Sky,Sterak's Gage,Plated Steelcaps,No_Item,No_Item,Oracle Lens,Seraph's Embrace,Liandry's Torment,Rod of Ages,Boots of Swiftness,Amplifying Tome,Amplifying Tome,Farsight Alteration,Muramana,Doran's Blade,Trinity Force,Slightly Magical Footwear,Scout's Slingshot,Zeal,Farsight Alteration,Trailblazer,Ionian Boots of Lucidity,Celestial Opposition,Knight's Vow,No_Item,No_Item,Oracle Lens,Arcane Comet,Resolve,Summon Aery,Inspiration,Lethal Tempo,Resolve,Lethal Tempo,Inspiration,Glacial Augment,Domination,Electrocute,Sorcery,Conqueror,Inspiration,Electrocute,Precision,Conqueror,Inspiration,Aftershock,Inspiration,Teleport,Flash,Smite,Flash,Flash,Teleport,Flash,Barrier,Ignite,Flash,Flash,Teleport,Smite,Flash,Flash,Teleport,Flash,Barrier,Ignite,Flash,1,2,2,0,4,0
https://www.op.gg/summoners/euw/Sinmivak-777/matches/uRd1PvnOddre-P89vLJUCn80rVJimbNx-O1XASrby8o%3D/1733136852000,0,11,31,31,11,59,12,49,56,18,22,0,3,0,1,2,8,0,4,42607,54100,12.4,14.4,733,777,30.0,31.7,-11493,11493,1747.3657303370787,2218.7078651685392,Ambessa,Vi,Aurora,Draven,Braum,Gragas,Ivern,Yasuo,Caitlyn,Bard,Pickaxe,Eclipse,Spear of Shojin,Mercury's Treads,Tunneler,Control Ward,Farsight Alteration,Black Cleaver,Sundered Sky,Slightly Magical Footwear,Tunneler,No_Item,No_Item,Oracle Lens,Doran's Ring,Refillable Potion,Control Ward,Malignance,Sorcerer's Shoes,Shadowflame,Farsight Alteration,Doran's Blade,The Collector,Refillable Potion,Bloodthirster,Pickaxe,Boots,Farsight Alteration,Solstice Sleigh,Control Ward,Locket of the Iron Solari,Boots,Kindlegem,Chain Vest,Oracle Lens,Seraph's Embrace,Rod of Ages,Doran's Ring,Ionian Boots of Lucidity,No_Item,No_Item,Stealth Ward,Redemption,Control Ward,Moonstone Renewer,Dawncore,Dark Seal,Ionian Boots of Lucidity,Oracle Lens,Doran's Shield,Yun Tal Wildarrows,Berserker's Greaves,Infinity Edge,Vampiric Scepter,Cloth Armor,Oracle Lens,Lord Dominik's Regards,Berserker's Greaves,The Collector,Vampiric Scepter,Infinity Edge,B. F. Sword,Farsight Alteration,Celestial Opposition,Locket of the Iron Solari,No_Item,Plated Steelcaps,Dead Man's Plate,No_Item,Oracle Lens,Conqueror,Resolve,Conqueror,Inspiration,Electrocute,Sorcery,Lethal Tempo,Domination,Guardian,Inspiration,Phase Rush,Inspiration,Summon Aery,Domination,Lethal Tempo,Resolve,First Strike,Sorcery,Guardian,Domination,Flash,Teleport,Smite,Flash,Flash,Teleport,Flash,Barrier,Flash,Ignite,Flash,Teleport,Flash,Smite,Flash,Teleport,Ghost,Flash,Flash,Ignite,0,3,0,1,3,1
https://www.op.gg/summoners/euw/Sinmivak-777/matches/uRd1PvnOddpRdMeQt91NEyscHfdkvWGPLELmtWhUCMw%3D/1733134922000,1,25,17,17,25,33,59,80,94,36,27,2,3,1,1,10,5,3,4,67411,60067,16.0,15.6,1040,1025,32.2,31.8,7344,-7344,2095.5479400749064,1867.2513108614232,Kled,Graves,Sylas,Kalista,Senna,Yone,Elise,K'Sante,Zeri,Lulu,Tiamat,Zeke's Convergence,Black Cleaver,Mercury's Treads,Dagger,Phage,Farsight Alteration,Youmuu's Ghostblade,Lord Dominik's Regards,The Collector,Mercury's Treads,Cloak of Agility,Immortal Shieldbow,Oracle Lens,No_Item,Zhonya's Hourglass,Hextech Rocketbelt,Sorcerer's Shoes,Shadowflame,Needlessly Large Rod,Oracle Lens,Mortal Reminder,Wit's End,No_Item,Runaan's Hurricane,Berserker's Greaves,Blade of The Ruined King,Farsight Alteration,Bloodsong,Rapid Firecannon,Boots of Swiftness,Black Cleaver,Executioner's Calling,No_Item,Oracle Lens,Infinity Edge,Immortal Shieldbow,Control Ward,Caulfield's Warhammer,Berserker's Greaves,Blade of The Ruined King,Farsight Alteration,Void Staff,No_Item,Dark Seal,Rabadon's Deathcap,Stormsurge,Sorcerer's Shoes,Oracle Lens,Plated Steelcaps,Knight's Vow,Thornmail,No_Item,No_Item,"Jak'Sho, The Protean",Oracle Lens,Infinity Edge,Lord Dominik's Regards,B. F. Sword,Runaan's Hurricane,Statikk Shiv,Berserker's Greaves,Farsight Alteration,Dream Maker,Moonstone Renewer,Redemption,Ionian Boots of Lucidity,Forbidden Idol,Kindlegem,Oracle Lens,Conqueror,Resolve,Dark Harvest,Precision,Conqueror,Resolve,Lethal Tempo,Domination,Grasp of the Undying,Precision,Grasp of the Undying,Precision,Dark Harvest,Precision,Grasp of the Undying,Inspiration,Fleet Footwork,Resolve,Summon Aery,Inspiration,Flash,Ignite,Flash,Smite,Teleport,Flash,Flash,Barrier,Flash,Heal,Flash,Teleport,Flash,Smite,Flash,Teleport,Flash,Barrier,Flash,Heal,1,6,2,0,0,0
https://www.op.gg/summoners/euw/Sinmivak-777/matches/uRd1PvnOddrwC4dwFBqWIkyG-Jh5epsntgudFtI5aOk%3D/1733132518000,1,32,25,25,32,43,58,80,86,35,19,2,3,2,0,10,6,4,3,69645,63028,16.8,15.4,1076,1003,32.2,29.9,6617,-6617,2072.767857142857,1875.8333333333333,Kled,Nasus,Sylas,Caitlyn,Leona,Gnar,Wukong,Hwei,Ziggs,Nautilus,Titanic Hydra,Zeke's Convergence,Doran's Blade,Death's Dance,Ionian Boots of Lucidity,Phage,Farsight Alteration,Mercury's Treads,Trinity Force,Sterak's Gage,Serylda's Grudge,"Jak'Sho, The Protean",No_Item,Oracle Lens,Sorcerer's Shoes,Zhonya's Hourglass,Hextech Rocketbelt,Needlessly Large Rod,Needlessly Large Rod,Shadowflame,Oracle Lens,Berserker's Greaves,The Collector,Lord Dominik's Regards,Rapid Firecannon,Infinity Edge,Vampiric Scepter,Farsight Alteration,Bloodsong,Knight's Vow,Locket of the Iron Solari,Mercury's Treads,Abyssal Mask,Control Ward,Oracle Lens,Chain Vest,Trinity Force,Abyssal Mask,Plated Steelcaps,Sterak's Gage,Winged Moonplate,Farsight Alteration,Sundered Sky,Sterak's Gage,No_Item,Black Cleaver,Boots of Swiftness,Trinity Force,Stealth Ward,Shadowflame,Liandry's Torment,Sorcerer's Shoes,Blackfire Torch,Needlessly Large Rod,Void Staff,Farsight Alteration,Doran's Ring,Luden's Companion,Dark Seal,Liandry's Torment,Sorcerer's Shoes,Horizon Focus,Farsight Alteration,Bloodsong,Locket of the Iron Solari,Control Ward,Knight's Vow,No_Item,Mercury's Treads,Oracle Lens,Conqueror,Resolve,Phase Rush,Inspiration,Conqueror,Resolve,Fleet Footwork,Sorcery,Aftershock,Inspiration,Grasp of the Undying,Precision,Conqueror,Inspiration,First Strike,Precision,Arcane Comet,Precision,Aftershock,Inspiration,Flash,Ignite,Flash,Smite,Teleport,Flash,Flash,Teleport,Flash,Ignite,Flash,Teleport,Flash,Smite,Flash,Teleport,Flash,Teleport,Flash,Ignite,0,2,2,0,4,1
https://www.op.gg/summoners/euw/Sinmivak-777/matches/uRd1PvnOddqGKukb-CVSV3EQct4Jel1Wob-fADzomBc%3D/1733099171000,1,36,30,30,36,33,66,99,78,25,29,3,2,1,0,10,4,4,2,72573,61651,16.8,15.4,1072,1006,32.1,30.0,10922,-10922,2169.4419928825623,1842.9480427046265,Gnar,Lee Sin,Qiyana,Karthus,Nami,Malphite,Graves,Zed,Kog'Maw,Karma,Dead Man's Plate,No_Item,Mercury's Treads,Abyssal Mask,Trinity Force,Sterak's Gage,Farsight Alteration,Sundered Sky,Eclipse,No_Item,Plated Steelcaps,B. F. Sword,Sterak's Gage,Stealth Ward,Edge of Night,Profane Hydra,Youmuu's Ghostblade,Ionian Boots of Lucidity,Doran's Blade,Serylda's Grudge,Oracle Lens,Blackfire Torch,Sorcerer's Shoes,Shadowflame,Rabadon's Deathcap,Stormsurge,Control Ward,Farsight Alteration,Dark Seal,Dream Maker,Staff of Flowing Water,Shurelya's Battlesong,Imperial Mandate,Boots of Swiftness,Oracle Lens,Warden's Mail,Plated Steelcaps,Frozen Heart,Kaenic Rookern,Thornmail,Giant's Belt,Farsight Alteration,Youmuu's Ghostblade,Boots,Lord Dominik's Regards,Infinity Edge,Cloth Armor,The Collector,Oracle Lens,Eclipse,Edge of Night,Last Whisper,Axiom Arc,No_Item,Ionian Boots of Lucidity,Oracle Lens,Zhonya's Hourglass,No_Item,Luden's Companion,Seraph's Embrace,Void Staff,Sorcerer's Shoes,Farsight Alteration,Redemption,Moonstone Renewer,Dream Maker,No_Item,Ionian Boots of Lucidity,Imperial Mandate,Oracle Lens,Fleet Footwork,Resolve,Conqueror,Inspiration,Electrocute,Precision,Dark Harvest,Precision,Summon Aery,Domination,Arcane Comet,Inspiration,Dark Harvest,Precision,Electrocute,Sorcery,Arcane Comet,Precision,Arcane Comet,Inspiration,Flash,Teleport,Flash,Smite,Flash,Ignite,Flash,Exhaust,Flash,Heal,Flash,Teleport,Smite,Flash,Teleport,Flash,Flash,Teleport,Flash,Ignite,1,3,2,0,3,0
https://www.op.gg/summoners/euw/Sinmivak-777/matches/uRd1PvnOddphLETpU0VALdSCwyluTMd5O-EEgmzbM4E%3D/1733096722000,1,29,18,18,29,28,51,43,57,19,12,2,1,0,0,7,2,2,1,49471,42341,12.6,11.6,708,647,28.7,26.2,7130,-7130,1998.4973509933773,1710.464238410596,Camille,Bel'Veth,Neeko,Ziggs,Alistar,Jax,Zac,Xerath,Kai'Sa,Nautilus,Doran's Blade,Trinity Force,Tiamat,Mercury's Treads,Caulfield's Warhammer,Long Sword,Oracle Lens,Black Cleaver,Kraken Slayer,Stridebreaker,Boots,Dagger,No_Item,Oracle Lens,Stormsurge,Needlessly Large Rod,Hextech Rocketbelt,Dark Seal,Ionian Boots of Lucidity,Doran's Ring,Oracle Lens,Ionian Boots of Lucidity,Liandry's Torment,Rabadon's Deathcap,Glowing Mote,Tear of the Goddess,Dark Seal,Farsight Alteration,Celestial Opposition,Locket of the Iron Solari,Cloth Armor,No_Item,Kindlegem,Boots of Swiftness,Oracle Lens,Trinity Force,Plated Steelcaps,Sundered Sky,Amplifying Tome,Amplifying Tome,No_Item,Stealth Ward,No_Item,Sunfire Aegis,Ionian Boots of Lucidity,Abyssal Mask,Dark Seal,No_Item,Oracle Lens,Doran's Ring,Luden's Companion,Control Ward,Dark Seal,Shadowflame,Sorcerer's Shoes,Farsight Alteration,Guinsoo's Rageblade,Kraken Slayer,Nashor's Tooth,Berserker's Greaves,No_Item,Doran's Blade,Farsight Alteration,Mercury's Treads,Celestial Opposition,Locket of the Iron Solari,Control Ward,No_Item,Knight's Vow,Oracle Lens,Grasp of the Undying,Sorcery,Conqueror,Domination,Arcane Comet,Inspiration,Arcane Comet,Precision,Aftershock,Inspiration,Grasp of the Undying,Inspiration,Aftershock,Precision,Arcane Comet,Inspiration,Lethal Tempo,Inspiration,Aftershock,Inspiration,Teleport,Ignite,Smite,Flash,Flash,Teleport,Flash,Teleport,Flash,Ignite,Flash,Teleport,Smite,Flash,Teleport,Flash,Flash,Barrier,Flash,Ignite,1,5,1,0,1,0
https://www.op.gg/summoners/euw/Sinmivak-777/matches/uRd1PvnOddqNmDX-tmmGVdhqbbZzvthzzgNNt9C730M%3D/1733089596000,1,23,15,15,23,23,55,88,85,30,28,1,3,1,0,9,3,2,3,67064,54610,15.6,14.2,1056,943,31.8,28.2,12454,-12454,2000.8044198895027,1629.2486187845304,Aurora,Nidalee,Smolder,Ashe,Rell,Camille,Viego,Galio,Ziggs,Alistar,Stormsurge,Luden's Companion,Dark Seal,Void Staff,Sorcerer's Shoes,Rabadon's Deathcap,Stealth Ward,Liandry's Torment,Lich Bane,Void Staff,Sorcerer's Shoes,Dark Seal,Needlessly Large Rod,Oracle Lens,Lord Dominik's Regards,Hubris,No_Item,Bloodthirster,Ionian Boots of Lucidity,Rapid Firecannon,Farsight Alteration,Doran's Blade,No_Item,Berserker's Greaves,Statikk Shiv,Kraken Slayer,Bloodthirster,Farsight Alteration,Ionian Boots of Lucidity,Celestial Opposition,Abyssal Mask,Trailblazer,No_Item,No_Item,Oracle Lens,Boots,Tiamat,Trinity Force,Sterak's Gage,Ruby Crystal,Long Sword,Farsight Alteration,B. F. Sword,Kraken Slayer,Sundered Sky,Mercury's Treads,Steel Sigil,Sterak's Gage,Oracle Lens,Sunfire Aegis,Fiendish Codex,Dark Seal,Kaenic Rookern,Plated Steelcaps,Haunting Guise,Oracle Lens,Luden's Companion,Horizon Focus,Doran's Ring,Rabadon's Deathcap,Blighting Jewel,Boots,Farsight Alteration,Solstice Sleigh,Boots of Swiftness,Abyssal Mask,Control Ward,Kindlegem,Cloth Armor,Oracle Lens,Electrocute,Sorcery,Conqueror,Sorcery,Grasp of the Undying,Inspiration,Lethal Tempo,Inspiration,Aftershock,Inspiration,Grasp of the Undying,Inspiration,Conqueror,Inspiration,Aftershock,Sorcery,Arcane Comet,Precision,Aftershock,Inspiration,Teleport,Flash,Flash,Smite,Teleport,Flash,Teleport,Flash,Flash,Ignite,Flash,Teleport,Smite,Flash,Flash,Teleport,Flash,Teleport,Flash,Ignite,1,3,1,0,3,0
https://www.op.gg/summoners/euw/Sinmivak-777/matches/uRd1PvnOddomQfxqKurNS3pPzrVbbukTKfYjUF8G0aY%3D/1733086978000,0,18,29,29,18,61,22,87,132,55,30,3,2,1,1,9,8,4,3,69804,68635,16.2,16.8,1265,1160,36.5,33.5,1169,-1169,2014.9608247422682,1981.216494845361,Gragas,Viego,Irelia,Kog'Maw,Nautilus,Gnar,Lee Sin,Yone,Ziggs,Nami,Lich Bane,Cosmic Drive,Ionian Boots of Lucidity,Cryptbloom,Rabadon's Deathcap,No_Item,Oracle Lens,Control Ward,Kraken Slayer,Titanic Hydra,Pickaxe,Sterak's Gage,Mercury's Treads,Oracle Lens,Guardian Angel,Blade of The Ruined King,Kraken Slayer,Plated Steelcaps,Death's Dance,Wit's End,Farsight Alteration,Blighting Jewel,Sorcerer's Shoes,Horizon Focus,Luden's Companion,Seraph's Embrace,Shadowflame,Farsight Alteration,Celestial Opposition,Locket of the Iron Solari,Control Ward,Boots of Swiftness,Knight's Vow,Ruby Crystal,Oracle Lens,Dead Man's Plate,Trinity Force,Mercury's Treads,Sterak's Gage,Abyssal Mask,No_Item,Oracle Lens,Eclipse,Sterak's Gage,No_Item,Mercury's Treads,Sundered Sky,Death's Dance,Stealth Ward,Stridebreaker,Immortal Shieldbow,Berserker's Greaves,Blade of The Ruined King,Pickaxe,No_Item,Farsight Alteration,Luden's Companion,Rabadon's Deathcap,Horizon Focus,Dark Seal,Sorcerer's Shoes,Seraph's Embrace,Farsight Alteration,Boots of Swiftness,Solstice Sleigh,Control Ward,Shurelya's Battlesong,Fiendish Codex,Imperial Mandate,Oracle Lens,Arcane Comet,Precision,Conqueror,Inspiration,Conqueror,Inspiration,Arcane Comet,Precision,Aftershock,Inspiration,Grasp of the Undying,Precision,Conqueror,Inspiration,Lethal Tempo,Resolve,Arcane Comet,Inspiration,Summon Aery,Domination,Flash,Teleport,Smite,Flash,Teleport,Flash,Flash,Teleport,Flash,Ignite,Flash,Teleport,Flash,Smite,Flash,Teleport,Teleport,Flash,Flash,Heal,1,6,2,0,0,1
https://www.op.gg/summoners/euw/Sinmivak-777/matches/uRd1PvnOddp1Mn5fbSXOo9b5XSH3v-041ipUK6RZ11U%3D/1733077238000,1,33,20,20,33,30,63,48,64,28,12,2,2,1,0,9,3,3,2,59618,48446,15.2,13.6,875,802,32.699999999999996,29.9,11172,-11172,2225.3723502304147,1808.352995391705,Renekton,Zyra,Qiyana,Caitlyn,Nautilus,Cho'Gath,Diana,Yasuo,Jinx,Braum,Doran's Shield,Blade of The Ruined King,Black Cleaver,Plated Steelcaps,Tunneler,Ruby Crystal,Oracle Lens,Shadowflame,Liandry's Torment,Cryptbloom,Dark Seal,Ionian Boots of Lucidity,Amplifying Tome,Oracle Lens,Serpent's Fang,Profane Hydra,Edge of Night,Ionian Boots of Lucidity,Steel Sigil,Serylda's Grudge,Oracle Lens,Infinity Edge,The Collector,Berserker's Greaves,Lord Dominik's Regards,Scout's Slingshot,Dagger,Farsight Alteration,Celestial Opposition,Mercury's Treads,Locket of the Iron Solari,Giant's Belt,Winged Moonplate,Crystalline Bracer,Oracle Lens,Doran's Ring,Plated Steelcaps,Heartsteel,Sunfire Aegis,Spectre's Cowl,Negatron Cloak,Stealth Ward,Zhonya's Hourglass,Rabadon's Deathcap,Lich Bane,Sorcerer's Shoes,Dark Seal,No_Item,Oracle Lens,Stridebreaker,Blade of The Ruined King,Plated Steelcaps,Cloak of Agility,No_Item,Doran's Blade,Oracle Lens,Berserker's Greaves,Yun Tal Wildarrows,Runaan's Hurricane,Infinity Edge,No_Item,No_Item,Farsight Alteration,Kindlegem,Locket of the Iron Solari,Solstice Sleigh,Mercury's Treads,Cloth Armor,Control Ward,Oracle Lens,Conqueror,Resolve,Electrocute,Precision,Electrocute,Precision,Lethal Tempo,Sorcery,Aftershock,Inspiration,Grasp of the Undying,Inspiration,Conqueror,Inspiration,Lethal Tempo,Resolve,Lethal Tempo,Sorcery,Guardian,Inspiration,Flash,Teleport,Flash,Smite,Flash,Teleport,Cleanse,Flash,Flash,Ignite,Flash,Teleport,Flash,Smite,Flash,Teleport,Flash,Barrier,Flash,Heal,1,4,2,0,2,0
https://www.op.gg/summoners/euw/Sinmivak-777/matches/uRd1PvnOddoLNPHv4p_BGVXOKYHKzglV9AXzfJeI72E%3D/1733075130000,1,15,6,6,15,7,17,33,30,11,7,0,1,0,0,2,1,0,1,30955,26513,9.6,9.4,486,485,31.9,31.9,4442,-4442,2032.39898989899,1740.7525252525254,K'Sante,Wukong,Akshan,Ziggs,Lux,Riven,Elise,Ahri,Kalista,Rell,Doran's Shield,Refillable Potion,Mercury's Treads,Iceborn Gauntlet,Null-Magic Mantle,Cloth Armor,Farsight Alteration,Slightly Magical Footwear,Trinity Force,Gustwalker Hatchling,Tunneler,Caulfield's Warhammer,No_Item,Oracle Lens,Doran's Blade,Slightly Magical Footwear,The Collector,B. F. Sword,Cloak of Agility,No_Item,Farsight Alteration,Sorcerer's Shoes,Fiendish Codex,Fiendish Codex,Tear of the Goddess,Doran's Ring,Luden's Companion,Farsight Alteration,Boots of Swiftness,Locket of the Iron Solari,Celestial Opposition,Kindlegem,Faerie Charm,Control Ward,Oracle Lens,Eclipse,Ionian Boots of Lucidity,Doran's Blade,Long Sword,Long Sword,No_Item,Stealth Ward,Stormsurge,Haunting Guise,Dark Seal,Sorcerer's Shoes,No_Item,Gustwalker Hatchling,Oracle Lens,Doran's Ring,Dark Seal,Control Ward,Boots,Fiendish Codex,Malignance,Oracle Lens,Doran's Blade,Blade of The Ruined King,Berserker's Greaves,No_Item,No_Item,Dagger,Stealth Ward,Celestial Opposition,Mercury's Treads,No_Item,Cloth Armor,Winged Moonplate,No_Item,Oracle Lens,Grasp of the Undying,Inspiration,Conqueror,Inspiration,Press the Attack,Inspiration,Arcane Comet,Precision,Aftershock,Domination,Conqueror,Inspiration,Dark Harvest,Precision,Electrocute,Sorcery,Lethal Tempo,Domination,Aftershock,Inspiration,Flash,Teleport,Smite,Flash,Flash,Teleport,Flash,Teleport,Flash,Heal,Flash,Ignite,Flash,Smite,Flash,Teleport,Flash,Barrier,Flash,Ignite,0,6,0,1,0,0
https://www.op.gg/summoners/euw/Sinmivak-777/matches/uRd1PvnOddrF6uuoucn0Xkmvr0xZr8L4zy2AQXJxRfs%3D/1733073652000,1,37,19,19,37,33,60,74,60,24,23,3,0,1,0,10,3,4,0,57991,46068,14.2,12.8,792,706,32.4,28.9,11923,-11923,2380.6831578947367,1891.2126315789471,Cho'Gath,Elise,Yasuo,Corki,Rell,Renekton,Nocturne,Azir,Ashe,Rakan,Heartsteel,Plated Steelcaps,Thornmail,Negatron Cloak,Spectre's Cowl,Doran's Ring,Stealth Ward,Void Staff,Liandry's Torment,Needlessly Large Rod,Dark Seal,Stormsurge,Sorcerer's Shoes,Oracle Lens,Doran's Shield,Blade of The Ruined King,No_Item,Immortal Shieldbow,Refillable Potion,Berserker's Greaves,Farsight Alteration,Doran's Blade,No_Item,Trinity Force,Rapid Firecannon,Plated Steelcaps,Muramana,Farsight Alteration,Solstice Sleigh,Control Ward,Ionian Boots of Lucidity,Knight's Vow,Kindlegem,Zeke's Convergence,Oracle Lens,Mercury's Treads,Black Cleaver,Sterak's Gage,Control Ward,Long Sword,No_Item,Oracle Lens,Mercury's Treads,Stridebreaker,Experimental Hexplate,Phage,Ruby Crystal,No_Item,Farsight Alteration,Shadowflame,Seeker's Armguard,Sorcerer's Shoes,No_Item,Dark Seal,Nashor's Tooth,Oracle Lens,Kraken Slayer,Berserker's Greaves,Trinity Force,Dagger,Dagger,Doran's Blade,Farsight Alteration,Celestial Opposition,Kindlegem,Control Ward,Cloth Armor,Zeke's Convergence,Mercury's Treads,Oracle Lens,Grasp of the Undying,Precision,Dark Harvest,Precision,Fleet Footwork,Resolve,Conqueror,Inspiration,Aftershock,Inspiration,Conqueror,Resolve,Lethal Tempo,Domination,Conqueror,Sorcery,Lethal Tempo,Inspiration,Guardian,Inspiration,Teleport,Flash,Flash,Smite,Flash,Teleport,Flash,Barrier,Flash,Ignite,Flash,Teleport,Flash,Smite,Teleport,Flash,Flash,Cleanse,Flash,Heal,1,1,2,0,2,0
https://www.op.gg/summoners/euw/Sinmivak-777/matches/uRd1PvnOddqtLM3xu8HcylgrhvvwF49BEvXHGqcmTnM%3D/1733071465000,0,17,24,24,17,36,34,92,70,22,36,1,3,0,2,5,11,1,5,52866,61725,14.0,15.2,883,993,31.400000000000002,35.2,-8859,8859,1883.209442060086,2198.7875536480688,K'Sante,Elise,Yone,Kog'Maw,Nami,Kennen,Skarner,Yasuo,Corki,Leona,Kaenic Rookern,Randuin's Omen,Unending Despair,Negatron Cloak,Mercury's Treads,Cloth Armor,Farsight Alteration,Liandry's Torment,Void Staff,Needlessly Large Rod,Sorcerer's Shoes,Stormsurge,Dark Seal,Oracle Lens,Blade of The Ruined King,Infinity Edge,Immortal Shieldbow,Berserker's Greaves,No_Item,No_Item,Oracle Lens,Luden's Companion,Sorcerer's Shoes,Seraph's Embrace,Horizon Focus,No_Item,No_Item,Farsight Alteration,Boots of Swiftness,Dream Maker,Forbidden Idol,Kindlegem,Fiendish Codex,Imperial Mandate,Oracle Lens,Sorcerer's Shoes,Liandry's Torment,Shadowflame,Void Staff,Needlessly Large Rod,Dark Seal,Oracle Lens,Heartsteel,Sterak's Gage,Control Ward,Kaenic Rookern,Plated Steelcaps,Ruby Crystal,Oracle Lens,Doran's Shield,Blade of The Ruined King,No_Item,Infinity Edge,Immortal Shieldbow,Berserker's Greaves,Farsight Alteration,Rapid Firecannon,Bloodthirster,Muramana,Trinity Force,Boots of Swiftness,No_Item,Farsight Alteration,Locket of the Iron Solari,Bloodsong,Negatron Cloak,Bramble Vest,Mercury's Treads,No_Item,Oracle Lens,Grasp of the Undying,Inspiration,Dark Harvest,Precision,Lethal Tempo,Resolve,Arcane Comet,Precision,Summon Aery,Domination,Electrocute,Inspiration,Aftershock,Inspiration,Grasp of the Undying,Precision,Conqueror,Inspiration,Aftershock,Precision,Teleport,Flash,Flash,Smite,Flash,Teleport,Flash,Teleport,Flash,Heal,Flash,Teleport,Flash,Smite,Flash,Teleport,Barrier,Flash,Flash,Ignite,0,6,0,1,0,1
https://www.op.gg/summoners/euw/Sinmivak-777/matches/uRd1PvnOddq_FPLy5F1ASYYxpTF_Rq5n_dADXphKwZo%3D/1733053435000,0,25,28,28,25,53,36,65,71,29,19,3,0,0,1,5,9,3,1,58036,61402,14.6,15.0,979,870,32.3,28.8,-3366,3366,1910.9414634146342,2021.7731707317073,Riven,Viego,Akali,Kai'Sa,Tahm Kench,Renekton,Vi,Cassiopeia,Ezreal,Nami,Doran's Blade,Steel Sigil,Plated Steelcaps,Black Cleaver,Sundered Sky,Caulfield's Warhammer,Stealth Ward,Titanic Hydra,Black Cleaver,Kraken Slayer,Tunneler,Plated Steelcaps,Caulfield's Warhammer,Oracle Lens,Needlessly Large Rod,Hextech Rocketbelt,Shattered Armguard,Dark Seal,Sorcerer's Shoes,Shadowflame,Oracle Lens,Blasting Wand,Statikk Shiv,Guinsoo's Rageblade,Nashor's Tooth,Shadowflame,Berserker's Greaves,Farsight Alteration,Heartsteel,Abyssal Mask,Bloodsong,Bramble Vest,No_Item,Boots of Swiftness,Oracle Lens,Plated Steelcaps,Eclipse,Doran's Blade,Sterak's Gage,Black Cleaver,Control Ward,Oracle Lens,Sundered Sky,Sterak's Gage,No_Item,Plated Steelcaps,Cloth Armor,Cloth Armor,Oracle Lens,Seraph's Embrace,Liandry's Torment,Rod of Ages,Dark Seal,Rylai's Crystal Scepter,Needlessly Large Rod,Farsight Alteration,Spear of Shojin,Control Ward,Trinity Force,Muramana,Ionian Boots of Lucidity,Serylda's Grudge,Farsight Alteration,Forbidden Idol,Dream Maker,Shurelya's Battlesong,Imperial Mandate,Ionian Boots of Lucidity,Kindlegem,Oracle Lens,Conqueror,Resolve,Conqueror,Inspiration,Fleet Footwork,Resolve,Lethal Tempo,Inspiration,Grasp of the Undying,Inspiration,Conqueror,Resolve,Conqueror,Inspiration,Conqueror,Sorcery,Conqueror,Inspiration,Summon Aery,Inspiration,Flash,Ignite,Flash,Smite,Teleport,Flash,Flash,Barrier,Ignite,Flash,Flash,Teleport,Flash,Smite,Teleport,Flash,Flash,Barrier,Flash,Heal,0,0,0,1,6,1
https://www.op.gg/summoners/euw/Sinmivak-777/matches/uRd1PvnOddppas46qh6Nni0UvrC-Ms48AoSUipy0hyU%3D/1733050780000,1,45,36,36,46,68,93,73,102,36,26,4,2,2,1,9,7,6,3,82526,76164,17.6,17.2,1113,1067,27.8,26.6,6362,-6362,2048.517730496454,1890.595744680851,Morgana,Viego,Akali,Ashe,Nautilus,Aurora,Vi,Xayah,Katarina,Milio,Hextech Rocketbelt,Seeker's Armguard,Rylai's Crystal Scepter,Ionian Boots of Lucidity,Seraph's Embrace,No_Item,Oracle Lens,Sundered Sky,Kraken Slayer,Death's Dance,Plated Steelcaps,Wit's End,Sterak's Gage,Oracle Lens,Shadowflame,Zhonya's Hourglass,Hextech Rocketbelt,Void Staff,Sorcerer's Shoes,Lich Bane,Oracle Lens,Executioner's Calling,Zephyr,Statikk Shiv,Runaan's Hurricane,Bloodthirster,Wit's End,Farsight Alteration,Plated Steelcaps,Locket of the Iron Solari,Celestial Opposition,Abyssal Mask,Kindlegem,Chain Vest,Oracle Lens,Sorcerer's Shoes,Shattered Armguard,Shadowflame,Luden's Companion,Rabadon's Deathcap,Void Staff,Farsight Alteration,Control Ward,Trinity Force,Mercury's Treads,Sterak's Gage,Phage,Sundered Sky,Oracle Lens,Mortal Reminder,Essence Reaver,Zephyr,Navori Flickerblade,Infinity Edge,Maw of Malmortius,Farsight Alteration,Doran's Blade,Terminus,Blade of The Ruined King,Wit's End,Mercury's Treads,Giant's Belt,Oracle Lens,Control Ward,Dream Maker,Redemption,Moonstone Renewer,Echoes of Helia,Ionian Boots of Lucidity,Oracle Lens,Arcane Comet,Domination,Conqueror,Inspiration,Electrocute,Resolve,Lethal Tempo,Inspiration,Aftershock,Inspiration,Electrocute,Sorcery,Conqueror,Inspiration,Lethal Tempo,Inspiration,Conqueror,Domination,Guardian,Inspiration,Teleport,Flash,Smite,Flash,Flash,Teleport,Barrier,Flash,Flash,Ignite,Flash,Teleport,Flash,Smite,Cleanse,Flash,Flash,Teleport,Heal,Flash,1,3,2,0,3,4
https://www.op.gg/summoners/euw/Sinmivak-777/matches/uRd1PvnOddp4xIsjfJ0Xw7KUEfBs8jTC0JcQKtCs6Og%3D/1733004970000,1,33,16,17,34,18,50,53,46,20,13,2,1,1,0,9,2,3,1,56547,41070,13.8,11.8,795,681,35.7,30.6,15477,-15477,2545.954976303318,1849.1232227488154,Gnar,Xin Zhao,Ryze,Miss Fortune,Zoe,Singed,Lillia,Zed,Draven,Sona,Mercury's Treads,Stridebreaker,Verdant Barrier,Trinity Force,Sterak's Gage,No_Item,Oracle Lens,Black Cleaver,Titanic Hydra,Chempunk Chainsword,Plated Steelcaps,No_Item,No_Item,Oracle Lens,Seraph's Embrace,Sorcerer's Shoes,No_Item,Rod of Ages,Amplifying Tome,Luden's Companion,Farsight Alteration,Youmuu's Ghostblade,Tunneler,Doran's Blade,Plated Steelcaps,The Collector,Long Sword,Farsight Alteration,Celestial Opposition,Dark Seal,Ionian Boots of Lucidity,Oblivion Orb,Luden's Companion,Horizon Focus,Oracle Lens,Rylai's Crystal Scepter,Boots of Swiftness,No_Item,Liandry's Torment,No_Item,No_Item,Stealth Ward,Liandry's Torment,Rylai's Crystal Scepter,Amplifying Tome,No_Item,Cloth Armor,Mercury's Treads,Oracle Lens,Eclipse,Serylda's Grudge,Serrated Dirk,Ionian Boots of Lucidity,No_Item,No_Item,Oracle Lens,Bloodthirster,Berserker's Greaves,The Collector,Doran's Blade,Cloak of Agility,Pickaxe,Farsight Alteration,Echoes of Helia,Bloodsong,Tear of the Goddess,Boots of Swiftness,Fiendish Codex,Lost Chapter,Oracle Lens,Conqueror,Resolve,Conqueror,Domination,Phase Rush,Resolve,Press the Attack,Inspiration,Electrocute,Precision,Phase Rush,Resolve,Conqueror,Inspiration,Conqueror,Sorcery,Lethal Tempo,Sorcery,Summon Aery,Resolve,Flash,Teleport,Flash,Smite,Teleport,Flash,Cleanse,Flash,Flash,Exhaust,Flash,Cleanse,Smite,Flash,Teleport,Flash,Flash,Barrier,Flash,Heal,1,6,1,0,0,0
https://www.op.gg/summoners/euw/Sinmivak-777/matches/uRd1PvnOddpEYVSZpVxzWQpHoKj8UwaNpBqRFO4XAI8%3D/1733002977000,1,25,9,9,25,16,46,44,41,12,12,2,1,0,0,5,1,2,1,43230,33588,12.2,11.0,669,619,32.4,30.0,9642,-9642,2086.9655172413795,1621.489655172414,Aurora,Wukong,Ahri,Corki,Leona,Galio,Xin Zhao,Vex,Ezreal,Karma,Sorcerer's Shoes,Rabadon's Deathcap,Amplifying Tome,Luden's Companion,No_Item,Dark Seal,Oracle Lens,Trinity Force,Sundered Sky,Mercury's Treads,Tunneler,No_Item,No_Item,Oracle Lens,Liandry's Torment,Malignance,Blasting Wand,Doran's Ring,Dark Seal,Sorcerer's Shoes,Oracle Lens,Trinity Force,Muramana,Dagger,Boots,Doran's Blade,No_Item,Farsight Alteration,No_Item,Celestial Opposition,Locket of the Iron Solari,Mercury's Treads,Ruby Crystal,No_Item,Oracle Lens,Doran's Ring,Hextech Rocketbelt,Sorcerer's Shoes,Kindlegem,Fiendish Codex,No_Item,Stealth Ward,Phage,Titanic Hydra,Pickaxe,Long Sword,Boots,No_Item,Oracle Lens,Doran's Ring,Sorcerer's Shoes,Luden's Companion,Hextech Alternator,Needlessly Large Rod,No_Item,Stealth Ward,Doran's Blade,Ionian Boots of Lucidity,Trinity Force,Muramana,No_Item,No_Item,Farsight Alteration,Dream Maker,Shurelya's Battlesong,Ruby Crystal,Faerie Charm,Glowing Mote,Plated Steelcaps,Oracle Lens,Electrocute,Sorcery,Conqueror,Inspiration,Summon Aery,Precision,Conqueror,Resolve,Aftershock,Inspiration,Aftershock,Sorcery,Conqueror,Domination,Electrocute,Sorcery,Conqueror,Inspiration,Arcane Comet,Resolve,Flash,Teleport,Flash,Smite,Teleport,Flash,Flash,Barrier,Flash,Ignite,Teleport,Flash,Flash,Smite,Flash,Teleport,Cleanse,Flash,Flash,Heal,1,6,1,0,0,0
https://www.op.gg/summoners/euw/Sinmivak-777/matches/uRd1PvnOddrZGzXWH-qf5vJ5vuoDLBrwDjnO66zzeDI%3D/1732999823000,0,38,31,31,38,68,96,100,128,39,28,2,3,0,2,4,11,2,5,71003,75529,16.6,16.6,1108,1097,29.900000000000002,29.4,-4526,4526,1901.8660714285713,2023.0982142857142,Anivia,Jarvan IV,Qiyana,Ashe,Leona,Irelia,Lee Sin,Yasuo,Ziggs,Nautilus,Malignance,Liandry's Torment,Zhonya's Hourglass,Dark Seal,Void Staff,Boots of Swiftness,Farsight Alteration,Sterak's Gage,Randuin's Omen,Control Ward,Sundered Sky,Spectre's Cowl,Slightly Magical Footwear,Oracle Lens,Youmuu's Ghostblade,Profane Hydra,Opportunity,Serylda's Grudge,Ionian Boots of Lucidity,Serpent's Fang,Oracle Lens,Kraken Slayer,Berserker's Greaves,Phantom Dancer,Mortal Reminder,Bloodthirster,Cloak of Agility,Farsight Alteration,Plated Steelcaps,Control Ward,Knight's Vow,Locket of the Iron Solari,Kindlegem,Bloodsong,Oracle Lens,Death's Dance,No_Item,Sterak's Gage,Mercury's Treads,Wit's End,Blade of The Ruined King,Oracle Lens,Sterak's Gage,Sundered Sky,Warden's Mail,Eclipse,Death's Dance,Mercury's Treads,Stealth Ward,Doran's Blade,Kraken Slayer,Berserker's Greaves,Immortal Shieldbow,Infinity Edge,Chain Vest,Farsight Alteration,Sorcerer's Shoes,Zhonya's Hourglass,Blasting Wand,Luden's Companion,Rabadon's Deathcap,Shadowflame,Farsight Alteration,Redemption,Celestial Opposition,Locket of the Iron Solari,No_Item,Mercury's Treads,Knight's Vow,Oracle Lens,Phase Rush,Precision,Conqueror,Inspiration,Electrocute,Precision,Lethal Tempo,Inspiration,Aftershock,Domination,Conqueror,Inspiration,Conqueror,Inspiration,Lethal Tempo,Resolve,Arcane Comet,Inspiration,Aftershock,Inspiration,Flash,Ignite,Flash,Smite,Flash,Teleport,Flash,Barrier,Flash,Ignite,Flash,Teleport,Flash,Smite,Teleport,Flash,Teleport,Flash,Flash,Ignite,0,0,0,1,6,5
https://www.op.gg/summoners/euw/Sinmivak-777/matches/uRd1PvnOddoADQ9VxklDocXKOrtKWwiB-CNNBSXp1nc%3D/1732995507000,0,31,38,38,31,63,56,104,98,51,33,3,2,1,1,7,9,4,3,70871,75687,16.4,17.0,1060,1124,28.900000000000002,30.799999999999997,-4816,4816,1946.3080597014923,2078.568358208955,Nidalee,Vi,Ahri,Corki,Rell,Smolder,Diana,Aurora,Ashe,Maokai,Spear of Shojin,Boots of Swiftness,Trinity Force,Dead Man's Plate,Abyssal Mask,Executioner's Calling,Oracle Lens,Frozen Heart,Sundered Sky,No_Item,Kindlegem,Mercury's Treads,Kaenic Rookern,Oracle Lens,Malignance,Sorcerer's Shoes,Seeker's Armguard,Rabadon's Deathcap,Mejai's Soulstealer,Shadowflame,Oracle Lens,Immortal Shieldbow,Muramana,Cloak of Agility,Trinity Force,Infinity Edge,Plated Steelcaps,Farsight Alteration,Knight's Vow,Locket of the Iron Solari,Celestial Opposition,Null-Magic Mantle,Ionian Boots of Lucidity,Kindlegem,Oracle Lens,Spear of Shojin,Bloodthirster,Hubris,Mercurial Scimitar,Rapid Firecannon,Ionian Boots of Lucidity,Farsight Alteration,Lich Bane,Dark Seal,Zhonya's Hourglass,Shadowflame,Sorcerer's Shoes,Blighting Jewel,Oracle Lens,Sorcerer's Shoes,Shadowflame,Luden's Companion,Rabadon's Deathcap,No_Item,No_Item,Farsight Alteration,Immortal Shieldbow,Phantom Dancer,Lord Dominik's Regards,Guardian Angel,Yun Tal Wildarrows,Berserker's Greaves,Farsight Alteration,Celestial Opposition,Locket of the Iron Solari,Knight's Vow,Trailblazer,Boots of Swiftness,No_Item,Oracle Lens,Grasp of the Undying,Precision,Conqueror,Inspiration,Electrocute,Sorcery,Conqueror,Inspiration,Aftershock,Inspiration,Grasp of the Undying,Precision,Conqueror,Inspiration,Electrocute,Sorcery,Lethal Tempo,Inspiration,Aftershock,Domination,Flash,Ignite,Smite,Flash,Flash,Teleport,Cleanse,Flash,Flash,Ignite,Teleport,Flash,Flash,Smite,Flash,Teleport,Flash,Cleanse,Flash,Ignite,0,0,1,1,6,1
https://www.op.gg/summoners/euw/Sinmivak-777/matches/uRd1PvnOddoISg1qPduu8Lmz8MHBTHu5vCr3hwdGxVo%3D/1732991803000,0,46,43,43,46,72,69,68,71,26,31,3,2,1,0,4,9,4,2,68738,74256,15.8,16.4,834,1008,23.4,28.4,-5518,5518,1941.9255605381165,2097.815246636771,Renekton,Evelynn,Nunu & Willump,Corki,Pyke,K'Sante,Graves,Sylas,Ezreal,Karma,Plated Steelcaps,Sterak's Gage,Eclipse,Executioner's Calling,Black Cleaver,Spectre's Cowl,Oracle Lens,Rabadon's Deathcap,Dark Seal,Sorcerer's Shoes,Lich Bane,Blasting Wand,Blighting Jewel,Farsight Alteration,Abyssal Mask,Dark Seal,Rod of Ages,Sorcerer's Shoes,Riftmaker,Bami's Cinder,Oracle Lens,Infinity Edge,Muramana,Trinity Force,Berserker's Greaves,Immortal Shieldbow,Noonquiver,Farsight Alteration,Bloodsong,Youmuu's Ghostblade,Ionian Boots of Lucidity,Opportunity,Axiom Arc,Umbral Glaive,Oracle Lens,Iceborn Gauntlet,Kaenic Rookern,Warmog's Armor,No_Item,Bramble Vest,Plated Steelcaps,Oracle Lens,Serylda's Grudge,Maw of Malmortius,Youmuu's Ghostblade,The Collector,Serpent's Fang,Mercury's Treads,Oracle Lens,No_Item,Hextech Rocketbelt,Zhonya's Hourglass,Cosmic Drive,Sorcerer's Shoes,Riftmaker,Oracle Lens,Ionian Boots of Lucidity,Trinity Force,Muramana,Spear of Shojin,Serylda's Grudge,Vampiric Scepter,Farsight Alteration,Zaz'Zak's Realmspike,Redemption,No_Item,Imperial Mandate,Ionian Boots of Lucidity,Morellonomicon,Oracle Lens,Conqueror,Resolve,Electrocute,Sorcery,Electrocute,Resolve,Conqueror,Inspiration,Hail of Blades,Resolve,Grasp of the Undying,Sorcery,Dark Harvest,Precision,Electrocute,Inspiration,Press the Attack,Inspiration,Summon Aery,Resolve,Flash,Teleport,Smite,Flash,Flash,Ignite,Flash,Barrier,Flash,Ignite,Teleport,Flash,Flash,Smite,Flash,Teleport,Flash,Barrier,Flash,Ignite,0,2,0,1,4,1
https://www.op.gg/summoners/euw/Sinmivak-777/matches/uRd1PvnOddpbjGkroQ3YyAIDSH0WGC64FmeiqP5kSBw%3D/1732964268000,0,22,34,34,22,51,26,75,74,20,22,0,3,0,1,4,8,0,4,48575,59280,12.8,14.6,745,815,29.0,31.599999999999998,-10705,10705,1876.2875536480688,2289.785407725322,Sett,Brand,Garen,Smolder,Rell,Camille,Kindred,Sylas,Seraphine,Pyke,Plated Steelcaps,Tiamat,Blade of The Ruined King,Phage,Dagger,Refillable Potion,Stealth Ward,Rylai's Crystal Scepter,Oblivion Orb,Shattered Armguard,Slightly Magical Footwear,Dark Seal,Liandry's Torment,Oracle Lens,Mortal Reminder,Stridebreaker,Cloak of Agility,Phantom Dancer,Berserker's Greaves,No_Item,Oracle Lens,Hubris,Rapid Firecannon,Doran's Blade,Last Whisper,Long Sword,Ionian Boots of Lucidity,Farsight Alteration,Celestial Opposition,Locket of the Iron Solari,Control Ward,Kindlegem,Zeke's Convergence,Ionian Boots of Lucidity,Oracle Lens,Doran's Blade,Ravenous Hydra,Plated Steelcaps,Trinity Force,Sterak's Gage,Tunneler,Oracle Lens,The Collector,Kraken Slayer,Infinity Edge,Cloak of Agility,Boots,Control Ward,Oracle Lens,Hextech Rocketbelt,Dark Seal,Shattered Armguard,Lich Bane,Sorcerer's Shoes,Doran's Ring,Stealth Ward,Rylai's Crystal Scepter,Liandry's Torment,Dark Seal,Ionian Boots of Lucidity,Blackfire Torch,Needlessly Large Rod,Farsight Alteration,Celestial Opposition,Youmuu's Ghostblade,Mercury's Treads,Umbral Glaive,Serrated Dirk,No_Item,Oracle Lens,Conqueror,Resolve,Conqueror,Inspiration,Phase Rush,Resolve,Arcane Comet,Inspiration,Aftershock,Inspiration,Grasp of the Undying,Inspiration,Press the Attack,Domination,Conqueror,Inspiration,Summon Aery,Precision,Hail of Blades,Resolve,Flash,Teleport,Smite,Flash,Flash,Ignite,Barrier,Flash,Flash,Ignite,Flash,Teleport,Flash,Smite,Flash,Teleport,Teleport,Flash,Flash,Ignite,0,5,0,1,1,1
https://www.op.gg/summoners/euw/Sinmivak-777/matches/uRd1PvnOddrpdJj60oIzIijonGrcAF5Ij1ojRwYT90U%3D/1732961896000,1,20,10,10,20,13,27,46,38,10,12,2,0,0,0,4,1,2,0,37381,30866,10.8,10.0,617,533,35.1,30.4,6515,-6515,2115.9056603773583,1747.132075471698,Orianna,Jarvan IV,Aurora,Corki,Blitzcrank,Dr. Mundo,Elise,Ahri,Jinx,Thresh,Doran's Ring,No_Item,Null-Magic Mantle,Sorcerer's Shoes,Luden's Companion,Amplifying Tome,Farsight Alteration,Sundered Sky,No_Item,Eclipse,No_Item,Slightly Magical Footwear,No_Item,Oracle Lens,Doran's Ring,Liandry's Torment,Needlessly Large Rod,Boots,Needlessly Large Rod,No_Item,Farsight Alteration,Trinity Force,Rapid Firecannon,Manamune,Doran's Blade,Mercury's Treads,No_Item,Farsight Alteration,Celestial Opposition,Locket of the Iron Solari,Control Ward,Boots of Swiftness,Kindlegem,No_Item,Oracle Lens,Doran's Shield,Warmog's Armor,Ruby Crystal,Refillable Potion,No_Item,Slightly Magical Footwear,Stealth Ward,Scorchclaw Pup,Sorcerer's Shoes,Needlessly Large Rod,Stormsurge,Hextech Alternator,Dark Seal,Oracle Lens,Sorcerer's Shoes,Refillable Potion,Malignance,Aether Wisp,Doran's Ring,No_Item,Farsight Alteration,Doran's Blade,Yun Tal Wildarrows,Berserker's Greaves,Zeal,Dagger,Dagger,Stealth Ward,Celestial Opposition,Locket of the Iron Solari,Control Ward,Cloth Armor,Ionian Boots of Lucidity,Ruby Crystal,Oracle Lens,Summon Aery,Inspiration,Conqueror,Inspiration,Electrocute,Precision,Conqueror,Inspiration,Glacial Augment,Resolve,Grasp of the Undying,Inspiration,Dark Harvest,Precision,Electrocute,Inspiration,Lethal Tempo,Inspiration,Aftershock,Domination,Flash,Teleport,Smite,Flash,Flash,Teleport,Flash,Barrier,Flash,Ignite,Flash,Teleport,Smite,Flash,Teleport,Flash,Flash,Barrier,Flash,Ignite,1,2,0,0,4,0
https://www.op.gg/summoners/euw/Sinmivak-777/matches/uRd1PvnOddrOkFviDtcuuAqhXIip6pUKXOKnOO8EgKc%3D/1732960273000,1,41,32,32,42,42,67,79,80,35,20,1,2,1,1,7,5,2,3,62805,60935,15.4,15.2,869,847,29.4,28.6,1870,-1870,2131.391402714932,2067.9298642533936,Jayce,Morgana,Cassiopeia,Ezreal,Alistar,Ambessa,Sylas,Smolder,Yasuo,Nautilus,Ionian Boots of Lucidity,Hubris,Serpent's Fang,Opportunity,Doran's Blade,Serrated Dirk,Farsight Alteration,Shadowflame,Liandry's Torment,Sorcerer's Shoes,Stormsurge,Mejai's Soulstealer,Blasting Wand,Oracle Lens,Haunting Guise,Rylai's Crystal Scepter,Dark Seal,Amplifying Tome,Seraph's Embrace,Rod of Ages,Farsight Alteration,Trinity Force,No_Item,Muramana,Ionian Boots of Lucidity,Vampiric Scepter,Spear of Shojin,Farsight Alteration,Solstice Sleigh,Locket of the Iron Solari,Redemption,Zeke's Convergence,Boots of Swiftness,No_Item,Oracle Lens,Plated Steelcaps,Eclipse,Doran's Shield,Spear of Shojin,Death's Dance,Cloth Armor,Farsight Alteration,Dark Seal,Lich Bane,Zhonya's Hourglass,Sorcerer's Shoes,Needlessly Large Rod,Needlessly Large Rod,Oracle Lens,Hubris,Rapid Firecannon,Spear of Shojin,Last Whisper,Doran's Blade,Slightly Magical Footwear,Farsight Alteration,Infinity Edge,Null-Magic Mantle,Berserker's Greaves,Bloodthirster,Immortal Shieldbow,Navori Flickerblade,Farsight Alteration,Celestial Opposition,Locket of the Iron Solari,Knight's Vow,Mercury's Treads,Zeke's Convergence,Control Ward,Oracle Lens,Conqueror,Sorcery,Arcane Comet,Inspiration,Conqueror,Sorcery,Conqueror,Inspiration,Aftershock,Inspiration,Grasp of the Undying,Domination,Dark Harvest,Inspiration,Arcane Comet,Inspiration,Lethal Tempo,Resolve,Aftershock,Inspiration,Flash,Teleport,Flash,Smite,Teleport,Flash,Barrier,Flash,Flash,Ignite,Flash,Teleport,Flash,Smite,Flash,Teleport,Exhaust,Flash,Flash,Ignite,0,1,1,1,5,0
https://www.op.gg/summoners/euw/Sinmivak-777/matches/uRd1PvnOddoHxXabbnKFQGFcO5PspjPjX2UKmmb-NRk%3D/1732925168000,0,35,43,44,35,71,50,102,90,18,44,2,4,1,2,8,10,3,6,74862,87067,16.6,17.8,1042,1271,26.8,32.7,-12205,12205,1922.1324324324326,2235.504054054054,Jayce,Amumu,Gragas,Corki,Camille,Aurora,Talon,Wukong,Caitlyn,Senna,Youmuu's Ghostblade,Muramana,Opportunity,Ionian Boots of Lucidity,Serylda's Grudge,Serrated Dirk,Farsight Alteration,Zhonya's Hourglass,Abyssal Mask,Liandry's Torment,Plated Steelcaps,Warden's Mail,Cloth Armor,Oracle Lens,Cosmic Drive,Fimbulwinter,Zhonya's Hourglass,Dark Seal,Glacial Buckler,Ionian Boots of Lucidity,Oracle Lens,Muramana,Trinity Force,Rapid Firecannon,Infinity Edge,Plated Steelcaps,Immortal Shieldbow,Farsight Alteration,Plated Steelcaps,Bloodsong,Sundered Sky,Sterak's Gage,Guardian Angel,No_Item,Oracle Lens,Sorcerer's Shoes,Shadowflame,Rabadon's Deathcap,Luden's Companion,Mejai's Soulstealer,Blighting Jewel,Farsight Alteration,Youmuu's Ghostblade,Eclipse,Serpent's Fang,Death's Dance,Black Cleaver,Boots of Swiftness,Oracle Lens,Trinity Force,Mercury's Treads,Sundered Sky,Sterak's Gage,Guardian Angel,Null-Magic Mantle,Oracle Lens,Infinity Edge,Berserker's Greaves,Mercurial Scimitar,Lord Dominik's Regards,Rapid Firecannon,The Collector,Farsight Alteration,Bloodsong,Echoes of Helia,Rapid Firecannon,Black Cleaver,Ruby Crystal,Boots of Swiftness,Oracle Lens,Phase Rush,Inspiration,Conqueror,Domination,Arcane Comet,Inspiration,Conqueror,Inspiration,Hail of Blades,Resolve,Arcane Comet,Precision,Conqueror,Inspiration,Conqueror,Resolve,Fleet Footwork,Sorcery,Grasp of the Undying,Precision,Flash,Teleport,Flash,Smite,Teleport,Flash,Barrier,Flash,Ignite,Flash,Flash,Teleport,Ignite,Smite,Flash,Teleport,Flash,Cleanse,Flash,Heal,1,0,3,0,6,2
https://www.op.gg/summoners/euw/Sinmivak-777/matches/uRd1PvnOddpE99Mv5H56ozpLynd2wjRSahWl0DEgqWg%3D/1732912414000,1,30,19,19,30,30,57,103,95,36,33,1,3,2,0,9,6,3,3,66390,58199,16.2,14.8,1023,986,33.5,32.3,8191,-8191,2171.6355140186915,1903.7056074766354,Gragas,Nunu & Willump,Yone,Corki,Rakan,Fiora,Udyr,Hwei,Ashe,Renata Glasc,Lost Chapter,Lich Bane,Ionian Boots of Lucidity,Cosmic Drive,Oblivion Orb,Amplifying Tome,Farsight Alteration,Zhonya's Hourglass,Hextech Rocketbelt,Mercury's Treads,Bramble Vest,Mejai's Soulstealer,Liandry's Torment,Oracle Lens,B. F. Sword,Stridebreaker,Berserker's Greaves,Blade of The Ruined King,Immortal Shieldbow,Cloak of Agility,Farsight Alteration,Infinity Edge,Muramana,Trinity Force,Mercury's Treads,Mortal Reminder,No_Item,Farsight Alteration,Celestial Opposition,Locket of the Iron Solari,Abyssal Mask,No_Item,Chain Vest,Mercury's Treads,Oracle Lens,Ravenous Hydra,Mercury's Treads,Trinity Force,Tunneler,Null-Magic Mantle,Sterak's Gage,Farsight Alteration,Unending Despair,Chain Vest,Liandry's Torment,Boots of Swiftness,Spirit Visage,Giant's Belt,Oracle Lens,Sorcerer's Shoes,Blackfire Torch,Liandry's Torment,Shadowflame,No_Item,Doran's Ring,Farsight Alteration,Berserker's Greaves,Phantom Dancer,Kraken Slayer,Doran's Blade,Last Whisper,Executioner's Calling,Farsight Alteration,Dream Maker,Locket of the Iron Solari,Redemption,Control Ward,Boots of Swiftness,Ruby Crystal,Oracle Lens,Phase Rush,Precision,Dark Harvest,Sorcery,Fleet Footwork,Resolve,Conqueror,Inspiration,Guardian,Domination,Grasp of the Undying,Sorcery,Conqueror,Resolve,Arcane Comet,Precision,Lethal Tempo,Inspiration,Guardian,Domination,Flash,Teleport,Smite,Flash,Flash,Teleport,Cleanse,Flash,Flash,Ignite,Flash,Teleport,Flash,Smite,Teleport,Flash,Barrier,Flash,Flash,Heal,1,3,1,0,3,0
https://www.op.gg/summoners/euw/Sinmivak-777/matches/uRd1PvnOddp9DO6lUfAxYzRuZI5A3tftvU4sxOHIyPk%3D/1732910279000,0,22,34,34,22,46,34,64,90,26,25,0,4,0,1,4,9,0,5,52931,63441,14.0,14.8,831,910,29.1,32.0,-10510,10510,1853.9284263959394,2222.0451776649747,K'Sante,Kindred,Yone,Ziggs,Zilean,Irelia,Hecarim,Hwei,Kalista,Pyke,Plated Steelcaps,Knight's Vow,Negatron Cloak,Ruby Crystal,Unending Despair,Thornmail,Farsight Alteration,The Collector,Kraken Slayer,Plated Steelcaps,Infinity Edge,Noonquiver,Long Sword,Oracle Lens,Immortal Shieldbow,Blade of The Ruined King,Quicksilver Sash,B. F. Sword,Berserker's Greaves,Cloak of Agility,Farsight Alteration,Fiendish Codex,Liandry's Torment,Plated Steelcaps,Seraph's Embrace,Oblivion Orb,Fiendish Codex,Farsight Alteration,Plated Steelcaps,Solstice Sleigh,Fiendish Codex,Kindlegem,Kindlegem,Kindlegem,Oracle Lens,Doran's Blade,Blade of The Ruined King,Sundered Sky,Warden's Mail,Wit's End,Plated Steelcaps,Farsight Alteration,Black Cleaver,Ionian Boots of Lucidity,Eclipse,Randuin's Omen,Tunneler,Ruby Crystal,Oracle Lens,Needlessly Large Rod,Hextech Alternator,Dark Seal,Luden's Companion,Sorcerer's Shoes,Horizon Focus,Farsight Alteration,Zeal,Guinsoo's Rageblade,Terminus,Berserker's Greaves,Doran's Blade,Blade of The Ruined King,Farsight Alteration,Bloodsong,Edge of Night,Hexdrinker,Ionian Boots of Lucidity,Umbral Glaive,Control Ward,Oracle Lens,Grasp of the Undying,Sorcery,Press the Attack,Domination,Fleet Footwork,Resolve,Arcane Comet,Inspiration,Summon Aery,Precision,Conqueror,Inspiration,Phase Rush,Precision,Summon Aery,Precision,Lethal Tempo,Domination,Hail of Blades,Resolve,Flash,Teleport,Flash,Smite,Flash,Teleport,Flash,Teleport,Flash,Heal,Flash,Teleport,Ghost,Smite,Flash,Teleport,Flash,Barrier,Flash,Ignite,0,6,0,0,0,2
https://www.op.gg/summoners/euw/Sinmivak-777/matches/uRd1PvnOddrjsYnye6RtdYn8YrrdLxlYBBMAV23m7y8%3D/1732908268000,0,15,27,27,15,29,12,79,96,31,44,0,2,0,1,3,9,0,3,50723,60829,13.8,15.4,888,1019,32.2,37.0,-10106,10106,1841.8966480446927,2208.8743016759777,Ambessa,Graves,Corki,Ziggs,Poppy,Renekton,Nidalee,Yone,Xayah,Bard,Doran's Shield,Pickaxe,Voltaic Cyclosword,Tunneler,Plated Steelcaps,Ruby Crystal,Farsight Alteration,Long Sword,Pickaxe,Opportunity,Lord Dominik's Regards,The Collector,Boots,Oracle Lens,Mortal Reminder,No_Item,Plated Steelcaps,Trinity Force,Muramana,Doran's Blade,Farsight Alteration,Amplifying Tome,Horizon Focus,Luden's Companion,Seraph's Embrace,Sorcerer's Shoes,Fated Ashes,Farsight Alteration,Bloodsong,Boots of Swiftness,Locket of the Iron Solari,Bramble Vest,Ruby Crystal,Dead Man's Plate,Oracle Lens,No_Item,Doran's Blade,Plated Steelcaps,Spear of Shojin,Eclipse,Black Cleaver,Farsight Alteration,Liandry's Torment,Lich Bane,Horizon Focus,Sorcerer's Shoes,Mejai's Soulstealer,No_Item,Oracle Lens,Infinity Edge,No_Item,No_Item,Blade of The Ruined King,Immortal Shieldbow,Berserker's Greaves,Oracle Lens,Infinity Edge,Essence Reaver,Berserker's Greaves,Navori Flickerblade,B. F. Sword,No_Item,Farsight Alteration,Boots of Swiftness,Warmog's Armor,Winged Moonplate,Bloodsong,Chain Vest,Ruby Crystal,Oracle Lens,Conqueror,Resolve,Dark Harvest,Precision,Conqueror,Inspiration,Arcane Comet,Inspiration,Hail of Blades,Inspiration,Conqueror,Resolve,Conqueror,Sorcery,Grasp of the Undying,Precision,Lethal Tempo,Inspiration,Guardian,Domination,Flash,Teleport,Smite,Flash,Flash,Teleport,Teleport,Flash,Ignite,Flash,Teleport,Flash,Flash,Smite,Flash,Teleport,Barrier,Flash,Flash,Heal,0,3,0,1,3,1
https://www.op.gg/summoners/euw/Sinmivak-777/matches/uRd1PvnOddqi-g4zg9VcFYCf6cL0GfX5i-4YH9U72G0%3D/1732877536000,0,6,13,13,6,10,9,23,28,3,4,0,2,0,0,0,3,0,2,23763,32682,8.6,10.0,433,564,28.4,37.2,-8919,8919,1562.9355704697987,2149.5543624161073,Shen,Lillia,Tryndamere,Corki,Lulu,Zed,Jax,Kennen,Tristana,Blitzcrank,Hollow Radiance,Boots,Giant's Belt,No_Item,No_Item,No_Item,Stealth Ward,Gustwalker Hatchling,Liandry's Torment,Blasting Wand,Ionian Boots of Lucidity,Dark Seal,Control Ward,Oracle Lens,Tiamat,Refillable Potion,Phage,Doran's Blade,Dagger,Berserker's Greaves,Stealth Ward,Doran's Blade,Phage,Cull,Hearthbound Axe,Slightly Magical Footwear,Tear of the Goddess,Stealth Ward,Dream Maker,Ionian Boots of Lucidity,Control Ward,Bandleglass Mirror,Kindlegem,No_Item,Oracle Lens,Doran's Shield,Youmuu's Ghostblade,Boots,Long Sword,Long Sword,The Brutalizer,Oracle Lens,No_Item,Null-Magic Mantle,Gustwalker Hatchling,Trinity Force,No_Item,Boots,Eye of the Herald,Doran's Blade,Sorcerer's Shoes,Shadowflame,No_Item,No_Item,Dark Seal,Oracle Lens,Doran's Blade,Infinity Edge,The Collector,Berserker's Greaves,Navori Flickerblade,No_Item,Farsight Alteration,Knight's Vow,Bloodsong,Boots of Swiftness,Winged Moonplate,No_Item,No_Item,Oracle Lens,Grasp of the Undying,Domination,Conqueror,Inspiration,Lethal Tempo,Resolve,Conqueror,Inspiration,Summon Aery,Inspiration,Electrocute,Resolve,Press the Attack,Sorcery,Electrocute,Inspiration,Press the Attack,Inspiration,Glacial Augment,Resolve,Teleport,Flash,Smite,Flash,Ghost,Flash,Flash,Barrier,Flash,Exhaust,Flash,Teleport,Smite,Flash,Flash,Teleport,Flash,Cleanse,Flash,Ignite,0,3,0,1,3,0
https://www.op.gg/summoners/euw/Sinmivak-777/matches/uRd1PvnOddqhD1E3q2zNqzgfC9isnvDbEUKOeFd_W3I%3D/1732875766000,1,24,10,10,24,18,40,67,76,28,20,2,1,1,0,6,2,3,1,52275,45184,14.2,12.8,805,827,30.5,31.3,7091,-7091,1973.869294605809,1706.1178423236513,Ornn,Xin Zhao,Orianna,Corki,Sona,Gwen,Lee Sin,Aurora,Caitlyn,Janna,Kaenic Rookern,Fimbulwinter,Warden's Mail,Bami's Cinder,Bramble Vest,Plated Steelcaps,Oracle Lens,Black Cleaver,Sundered Sky,Control Ward,Slightly Magical Footwear,Sterak's Gage,No_Item,Oracle Lens,Rabadon's Deathcap,Luden's Companion,Sorcerer's Shoes,Blasting Wand,Mejai's Soulstealer,Shadowflame,Farsight Alteration,Rapid Firecannon,No_Item,Trinity Force,Manamune,No_Item,Slightly Magical Footwear,Farsight Alteration,Boots of Swiftness,Echoes of Helia,Bloodsong,Staff of Flowing Water,Moonstone Renewer,No_Item,Oracle Lens,Needlessly Large Rod,Refillable Potion,Nashor's Tooth,Ionian Boots of Lucidity,Void Staff,Needlessly Large Rod,Farsight Alteration,Eclipse,Control Ward,Sundered Sky,Ionian Boots of Lucidity,Hexdrinker,Long Sword,Stealth Ward,Doran's Ring,Refillable Potion,Malignance,Boots of Swiftness,Liandry's Torment,No_Item,Farsight Alteration,Long Sword,Long Sword,Doran's Blade,Infinity Edge,The Collector,Berserker's Greaves,Farsight Alteration,Dream Maker,Boots of Swiftness,Moonstone Renewer,Kindlegem,Forbidden Idol,No_Item,Oracle Lens,Grasp of the Undying,Sorcery,Conqueror,Inspiration,Arcane Comet,Inspiration,Conqueror,Inspiration,Summon Aery,Precision,First Strike,Sorcery,Conqueror,Inspiration,Electrocute,Sorcery,Fleet Footwork,Sorcery,Summon Aery,Resolve,Flash,Teleport,Smite,Flash,Flash,Teleport,Flash,Barrier,Flash,Heal,Ghost,Teleport,Flash,Smite,Teleport,Flash,Flash,Barrier,Flash,Heal,1,5,1,0,1,0
https://www.op.gg/summoners/euw/Sinmivak-777/matches/uRd1PvnOddqOmD-R7nHJULVN3ETnAR1OZ1KhTyMje1o%3D/1732873633000,0,15,25,25,15,62,16,59,65,16,18,1,2,0,1,4,7,1,3,51459,58116,14.0,15.0,900,877,30.5,29.7,-6657,6657,1736.2182926829269,1960.8243902439026,Gnar,Zac,LeBlanc,Corki,Alistar,Malphite,Wukong,Gragas,Ashe,Sona,Dead Man's Plate,Sterak's Gage,Executioner's Calling,Trinity Force,Mercury's Treads,Negatron Cloak,Oracle Lens,Control Ward,Bramble Vest,Ruby Crystal,Unending Despair,Sunfire Aegis,Mercury's Treads,Farsight Alteration,Doran's Ring,Luden's Companion,Banshee's Veil,Void Staff,Sorcerer's Shoes,No_Item,Oracle Lens,Doran's Blade,Trinity Force,Muramana,Infinity Edge,Slightly Magical Footwear,No_Item,Farsight Alteration,Celestial Opposition,Plated Steelcaps,Locket of the Iron Solari,Zeke's Convergence,Control Ward,No_Item,Oracle Lens,Doran's Shield,Sunfire Aegis,Plated Steelcaps,Fimbulwinter,Kaenic Rookern,Cloth Armor,Stealth Ward,Sundered Sky,Trinity Force,Mercury's Treads,Black Cleaver,Tunneler,Pickaxe,Oracle Lens,Seeker's Armguard,Seraph's Embrace,Doran's Ring,Ionian Boots of Lucidity,Cosmic Drive,No_Item,Farsight Alteration,Mortal Reminder,Kraken Slayer,Phantom Dancer,Vampiric Scepter,Berserker's Greaves,Doran's Blade,Farsight Alteration,Echoes of Helia,Boots of Swiftness,Bloodsong,Staff of Flowing Water,Moonstone Renewer,No_Item,Oracle Lens,Fleet Footwork,Resolve,Aftershock,Precision,Electrocute,Sorcery,Conqueror,Inspiration,Aftershock,Inspiration,Arcane Comet,Resolve,Conqueror,Inspiration,Phase Rush,Inspiration,Lethal Tempo,Inspiration,Summon Aery,Precision,Flash,Teleport,Smite,Flash,Flash,Teleport,Flash,Barrier,Ignite,Flash,Flash,Teleport,Flash,Smite,Teleport,Flash,Flash,Barrier,Flash,Heal,0,3,0,0,3,1
https://www.op.gg/summoners/euw/Sinmivak-777/matches/uRd1PvnOddq2339SDK_Tes5xmX_9unPkmF5UZIbFrW4%3D/1732825633000,0,6,29,29,6,29,6,30,36,6,8,1,1,0,0,0,6,1,1,30535,45057,10.6,12.2,569,687,29.9,36.0,-14522,14522,1600.2299465240642,2361.275935828877,Camille,Master Yi,Syndra,Ezreal,Neeko,Renekton,Viego,Azir,Caitlyn,Nami,Trinity Force,Plated Steelcaps,Long Sword,No_Item,No_Item,No_Item,Oracle Lens,Amplifying Tome,Boots,Blade of The Ruined King,Recurve Bow,Pickaxe,Dagger,Oracle Lens,Doran's Ring,Luden's Companion,Boots,Hextech Alternator,Aether Wisp,No_Item,Stealth Ward,Manamune,Doran's Blade,No_Item,Trinity Force,Ionian Boots of Lucidity,No_Item,Farsight Alteration,Boots of Swiftness,Refillable Potion,Hextech Rocketbelt,No_Item,No_Item,Solstice Sleigh,Oracle Lens,Plated Steelcaps,Doran's Shield,Eclipse,Trinity Force,Tunneler,Pickaxe,Oracle Lens,Titanic Hydra,Kraken Slayer,Tunneler,Plated Steelcaps,No_Item,No_Item,Eye of the Herald,Seeker's Armguard,Nashor's Tooth,Liandry's Torment,Sorcerer's Shoes,Dark Seal,Doran's Ring,Oracle Lens,The Collector,Infinity Edge,Berserker's Greaves,No_Item,No_Item,Doran's Blade,Farsight Alteration,Imperial Mandate,Dream Maker,Ardent Censer,Boots of Swiftness,Dark Seal,No_Item,Oracle Lens,Grasp of the Undying,Inspiration,Lethal Tempo,Domination,First Strike,Sorcery,Press the Attack,Inspiration,Arcane Comet,Domination,Conqueror,Resolve,Conqueror,Inspiration,Summon Aery,Precision,Fleet Footwork,Sorcery,Summon Aery,Domination,Teleport,Flash,Flash,Smite,Flash,Teleport,Barrier,Flash,Flash,Heal,Flash,Teleport,Smite,Flash,Flash,Teleport,Flash,Barrier,Flash,Heal,0,0,0,1,6,0
