GAME_ID,BLUE_WIN,BLUE_KILLS,RED_KILLS,BLUE_DEATHS,RED_DEATHS,RED_ASSISTS,BLUE_ASSISTS,BLUE_WARDS_PLACED,RED_WARDS_PLACED,BLUE_WARDS_DESTROYED,RED_WARDS_DESTROYED,BLUE_DRAGONS,RED_DRAGONS,BLUE_BARONS,RED_BARONS,BLUE_TOWERS,RED_TOWERS,BLUE_ELITE_MONSTERS,RED_ELITE_MONSTERS,BLUE_TEAM_GOLD,RED_TEAM_GOLD,BLUE_TEAM_LEVEL,RED_TEAM_LEVEL,BLUE_TEAM_CS,RED_TEAM_CS,BLUE_TEAAM_CS_PER_MINUTE,RED_TEAAM_CS_PER_MINUTE,BLUE_GOLD_DIFF,RED_GOLD_DIFF,BLUE_GOLD_PER_MIN,RED_GOLD_PER_MIN,BLUE_TEAM_TOP,BLUE_TEAM_JNG,BLUE_TEAM_MID,BLUE_TEAM_ADC,BLUE_TEAM_SUP,RED_TEAM_TOP,RED_TEAM_JNG,RED_TEAM_MID,RED_TEAM_ADC,RED_TEAM_SUP,BLLUE_TEAM_TOP_ITEM_1,BLLUE_TEAM_TOP_ITEM_2,BLLUE_TEAM_TOP_ITEM_3,BLLUE_TEAM_TOP_ITEM_4,BLLUE_TEAM_TOP_ITEM_5,BLLUE_TEAM_TOP_ITEM_6,BLLUE_TEAM_TOP_ITEM_VISION,BLLUE_TEAM_JNG_ITEM_1,BLLUE_TEAM_JNG_ITEM_2,BLLUE_TEAM_JNG_ITEM_3,BLLUE_TEAM_JNG_ITEM_4,BLLUE_TEAM_JNG_ITEM_5,BLLUE_TEAM_JNG_ITEM_6,BLLUE_TEAM_JNG_ITEM_VISION,BLLUE_TEAM_MID_ITEM_1,BLLUE_TEAM_MID_ITEM_2,BLLUE_TEAM_MID_ITEM_3,BLLUE_TEAM_MID_ITEM_4,BLLUE_TEAM_MID_ITEM_5,BLLUE_TEAM_MID_ITEM_6,BLLUE_TEAM_MID_ITEM_VISION,BLLUE_TEAM_ADC_ITEM_1,BLLUE_TEAM_ADC_ITEM_2,BLLUE_TEAM_ADC_ITEM_3,BLLUE_TEAM_ADC_ITEM_4,BLLUE_TEAM_ADC_ITEM_5,BLLUE_TEAM_ADC_ITEM_6,BLLUE_TEAM_ADC_ITEM_VISION,BLLUE_TEAM_SUP_ITEM_1,BLLUE_TEAM_SUP_ITEM_2,BLLUE_TEAM_SUP_ITEM_3,BLLUE_TEAM_SUP_ITEM_4,BLLUE_TEAM_SUP_ITEM_5,BLLUE_TEAM_SUP_ITEM_6,BLLUE_TEAM_SUP_ITEM_VISION,RED_TEAM_TOP_ITEM_1,RED_TEAM_TOP_ITEM_2,RED_TEAM_TOP_ITEM_3,RED_TEAM_TOP_ITEM_4,RED_TEAM_TOP_ITEM_5,RED_TEAM_TOP_ITEM_6,RED_TEAM_TOP_ITEM_VISION,RED_TEAM_JNG_ITEM_1,RED_TEAM_JNG_ITEM_2,RED_TEAM_JNG_ITEM_3,RED_TEAM_JNG_ITEM_4,RED_TEAM_JNG_ITEM_5,RED_TEAM_JNG_ITEM_6,RED_TEAM_JNG_ITEM_VISION,RED_TEAM_MID_ITEM_1,RED_TEAM_MID_ITEM_2,RED_TEAM_MID_ITEM_3,RED_TEAM_MID_ITEM_4,RED_TEAM_MID_ITEM_5,RED_TEAM_MID_ITEM_6,RED_TEAM_MID_ITEM_VISION,RED_TEAM_ADC_ITEM_1,RED_TEAM_ADC_ITEM_2,RED_TEAM_ADC_ITEM_3,RED_TEAM_ADC_ITEM_4,RED_TEAM_ADC_ITEM_5,RED_TEAM_ADC_ITEM_6,RED_TEAM_ADC_ITEM_VISION,RED_TEAM_SUP_ITEM_1,RED_TEAM_SUP_ITEM_2,RED_TEAM_SUP_ITEM_3,RED_TEAM_SUP_ITEM_4,RED_TEAM_SUP_ITEM_5,RED_TEAM_SUP_ITEM_6,RED_TEAM_SUP_ITEM_VISION,BLUE_TEAM_TOP_RUNE_01,BLUE_TEAM_TOP_RUNE_02,BLUE_TEAM_JNG_RUNE_01,BLUE_TEAM_JNG_RUNE_02,BLUE_TEAM_MID_RUNE_01,BLUE_TEAM_MID_RUNE_02,BLUE_TEAM_ADC_RUNE_01,BLUE_TEAM_ADC_RUNE_02,BLUE_TEAM_SUP_RUNE_01,BLUE_TEAM_SUP_RUNE_02,RED_TEAM_TOP_RUNE_01,RED_TEAM_TOP_RUNE_02,RED_TEAM_JNG_RUNE_01,RED_TEAM_JNG_RUNE_02,RED_TEAM_MID_RUNE_01,RED_TEAM_MID_RUNE_02,RED_TEAM_ADC_RUNE_01,RED_TEAM_ADC_RUNE_02,RED_TEAM_SUP_RUNE_01,RED_TEAM_SUP_RUNE_02,BLUE_TEAM_TOP_SUMMONER_01,BLUE_TEAM_TOP_SUMMONER_02,BLUE_TEAM_JNG_SUMMONER_01,BLUE_TEAM_JNG_SUMMONER_02,BLUE_TEAM_MID_SUMMONER_01,BLUE_TEAM_MID_SUMMONER_02,BLUE_TEAM_ADC_SUMMONER_01,BLUE_TEAM_ADC_SUMMONER_02,BLUE_TEAM_SUP_SUMMONER_01,BLUE_TEAM_SUP_SUMMONER_02,RED_TEAM_TOP_SUMMONER_01,RED_TEAM_TOP_SUMMONER_02,RED_TEAM_JNG_SUMMONER_01,RED_TEAM_JNG_SUMMONER_02,RED_TEAM_MID_SUMMONER_01,RED_TEAM_MID_SUMMONER_02,RED_TEAM_ADC_SUMMONER_01,RED_TEAM_ADC_SUMMONER_02,RED_TEAM_SUP_SUMMONER_01,RED_TEAM_SUP_SUMMONER_02,BLUE_TEAM_RIFT_HERALDS,BLUE_TEAM_VOID_GRUBS,BLUE_TEAM_INHIBITORS,RED_TEAM_RIFT_HERALDS,RED_TEAM_VOID_GRUBS,RED_TEAM_INHIBITORS
https://www.op.gg/summoners/euw/Unkn0wn-EUW11/matches/uRd1PvnOddrX3reggivyfFpp9IYoL075a-o-QajJEvE%3D/1733914508000,1,28,29,29,28,48,71,107,117,45,38,1,4,2,0,8,5,3,4,70472,64216,16.4,15.4,970,978,27.7,27.8,6256,-6256,2000.6881355932203,1823.0813559322035,Ornn,Skarner,Ahri,Caitlyn,Lux,Darius,Vi,Viktor,Ziggs,Rakan,Thornmail,"Jak'Sho, The Protean",Negatron Cloak,Plated Steelcaps,Spectre's Cowl,No_Item,Stealth Ward,Kaenic Rookern,Mercury's Treads,No_Item,Unending Despair,Heartsteel,No_Item,Oracle Lens,Banshee's Veil,No_Item,Ionian Boots of Lucidity,Shadowflame,Malignance,Rabadon's Deathcap,Farsight Alteration,Berserker's Greaves,Infinity Edge,Lord Dominik's Regards,Rapid Firecannon,The Collector,Bloodthirster,Farsight Alteration,Shurelya's Battlesong,Shattered Armguard,Oblivion Orb,Solstice Sleigh,Imperial Mandate,Boots of Swiftness,Oracle Lens,Randuin's Omen,No_Item,Kaenic Rookern,Trinity Force,Mercury's Treads,Sterak's Gage,Oracle Lens,Randuin's Omen,No_Item,Plated Steelcaps,Ruby Crystal,Sundered Sky,Kaenic Rookern,Oracle Lens,Sorcerer's Shoes,Lich Bane,Void Staff,Rabadon's Deathcap,Blackfire Torch,No_Item,Farsight Alteration,Void Staff,Horizon Focus,Amplifying Tome,Boots of Swiftness,Liandry's Torment,Seraph's Embrace,Farsight Alteration,Celestial Opposition,Locket of the Iron Solari,Abyssal Mask,Kindlegem,Mercury's Treads,Cloth Armor,Oracle Lens,Grasp of the Undying,Inspiration,Aftershock,Inspiration,Electrocute,Precision,Fleet Footwork,Sorcery,Arcane Comet,Precision,Conqueror,Resolve,Conqueror,Inspiration,Summon Aery,Resolve,Arcane Comet,Precision,Guardian,Domination,Teleport,Flash,Flash,Smite,Flash,Teleport,Flash,Teleport,Flash,Heal,Ghost,Flash,Flash,Smite,Flash,Teleport,Flash,Teleport,Ignite,Flash,0,2,1,1,4,0
https://www.op.gg/summoners/euw/Unkn0wn-EUW11/matches/uRd1PvnOddotV1x8F2vbFKQp-KAv2DrdJAii37vlETw%3D/1733911417000,1,40,25,25,40,51,57,79,94,31,25,1,2,1,0,10,2,2,2,63587,51545,15.0,13.2,844,767,30.3,27.6,12042,-12042,2294.3762886597938,1859.8711340206185,Gragas,Viego,Sylas,Aphelios,Pyke,Anivia,Xin Zhao,Viktor,Caitlyn,Thresh,Shattered Armguard,No_Item,Cosmic Drive,Ionian Boots of Lucidity,Rod of Ages,Seraph's Embrace,Farsight Alteration,Sundered Sky,Kraken Slayer,Sterak's Gage,Recurve Bow,Mercury's Treads,Negatron Cloak,Oracle Lens,Hextech Rocketbelt,Haunting Guise,Dark Seal,Rabadon's Deathcap,Shadowflame,Ionian Boots of Lucidity,Oracle Lens,Doran's Blade,The Collector,Infinity Edge,Boots of Swiftness,Lord Dominik's Regards,No_Item,Farsight Alteration,Edge of Night,Umbral Glaive,Celestial Opposition,No_Item,Long Sword,Synchronized Souls,Oracle Lens,Shattered Armguard,No_Item,Rod of Ages,Sorcerer's Shoes,Seraph's Embrace,No_Item,Farsight Alteration,Sterak's Gage,Sundered Sky,No_Item,Cloth Armor,Black Cleaver,Slightly Magical Footwear,Oracle Lens,Lich Bane,No_Item,Stormsurge,Sorcerer's Shoes,No_Item,Dark Seal,Stealth Ward,Doran's Blade,The Collector,Lord Dominik's Regards,Infinity Edge,Berserker's Greaves,Zeal,Farsight Alteration,Redemption,Celestial Opposition,Locket of the Iron Solari,Control Ward,Boots of Swiftness,Glowing Mote,Oracle Lens,Arcane Comet,Inspiration,Conqueror,Inspiration,Electrocute,Resolve,Press the Attack,Sorcery,Hail of Blades,Resolve,Arcane Comet,Precision,Conqueror,Inspiration,Summon Aery,Inspiration,Lethal Tempo,Sorcery,Aftershock,Domination,Flash,Teleport,Flash,Smite,Flash,Teleport,Flash,Cleanse,Ignite,Flash,Flash,Teleport,Flash,Smite,Flash,Teleport,Flash,Barrier,Exhaust,Flash,1,1,2,0,2,0
https://www.op.gg/summoners/euw/Unkn0wn-EUW11/matches/uRd1PvnOddqtkUTl8BbDBgHCyJap8FO-gXtPyVfatBs%3D/1733909095000,1,25,15,15,25,27,51,62,71,26,16,1,2,0,0,9,5,1,2,60526,55436,14.8,14.4,1007,984,33.1,32.3,5090,-5090,1994.0736434108528,1826.3798449612405,Gnar,Rammus,Kassadin,Ziggs,Rell,Jax,Zyra,Viktor,Caitlyn,Nami,Doran's Blade,Trinity Force,Control Ward,Wit's End,Sterak's Gage,Mercury's Treads,Farsight Alteration,Hollow Radiance,Ruby Crystal,Chain Vest,Mercury's Treads,Thornmail,Negatron Cloak,Oracle Lens,Luden's Companion,Malignance,Dark Seal,Rabadon's Deathcap,Sorcerer's Shoes,Banshee's Veil,Oracle Lens,Blighting Jewel,Luden's Companion,Blasting Wand,Horizon Focus,Sorcerer's Shoes,Shadowflame,Farsight Alteration,Locket of the Iron Solari,Celestial Opposition,No_Item,Zeke's Convergence,Ionian Boots of Lucidity,Spectre's Cowl,Oracle Lens,Tunneler,Wit's End,Trinity Force,Plated Steelcaps,Sundered Sky,Ruby Crystal,Stealth Ward,Seeker's Armguard,Sorcerer's Shoes,Dark Seal,Needlessly Large Rod,Rylai's Crystal Scepter,Liandry's Torment,Oracle Lens,Control Ward,No_Item,Zhonya's Hourglass,Sorcerer's Shoes,Lich Bane,Stormsurge,Farsight Alteration,Doran's Blade,Berserker's Greaves,Infinity Edge,The Collector,Lord Dominik's Regards,Zeal,Farsight Alteration,Ionian Boots of Lucidity,Dream Maker,No_Item,Moonstone Renewer,No_Item,Imperial Mandate,Oracle Lens,Grasp of the Undying,Precision,Aftershock,Precision,Electrocute,Resolve,Arcane Comet,Precision,Aftershock,Inspiration,Grasp of the Undying,Sorcery,Dark Harvest,Inspiration,Summon Aery,Precision,Lethal Tempo,Sorcery,Summon Aery,Resolve,Flash,Teleport,Smite,Flash,Flash,Teleport,Flash,Teleport,Flash,Ignite,Teleport,Flash,Flash,Smite,Flash,Teleport,Teleport,Flash,Flash,Heal,1,6,2,0,0,0
https://www.op.gg/summoners/euw/Unkn0wn-EUW11/matches/uRd1PvnOddo5TNBjzNqYhe471Pa0l2nW9Rn3sESsF8Y%3D/1733857486000,0,13,26,27,13,32,21,43,35,5,15,0,2,0,0,0,6,0,2,30588,43066,10.2,11.4,463,659,25.1,35.7,-12478,12478,1649.3529411764705,2322.1862745098038,Sylas,Zed,Gragas,Ashe,Braum,Ornn,Karthus,Irelia,Jhin,Leona,Hextech Rocketbelt,Glowing Mote,Doran's Ring,Ionian Boots of Lucidity,Dark Seal,Amplifying Tome,Oracle Lens,Scorchclaw Pup,Voltaic Cyclosword,Eclipse,Control Ward,No_Item,Ionian Boots of Lucidity,Oracle Lens,Seraph's Embrace,Fiendish Codex,Aether Wisp,Boots,Ruby Crystal,No_Item,Stealth Ward,Doran's Blade,Refillable Potion,Kraken Slayer,Berserker's Greaves,Scout's Slingshot,Dagger,Farsight Alteration,Celestial Opposition,Locket of the Iron Solari,Refillable Potion,Kindlegem,Ionian Boots of Lucidity,Cloth Armor,Oracle Lens,Doran's Shield,Hollow Radiance,Unending Despair,Slightly Magical Footwear,Giant's Belt,No_Item,Stealth Ward,Dark Seal,Blackfire Torch,Sorcerer's Shoes,Needlessly Large Rod,Hextech Alternator,No_Item,Eye of the Herald,Blade of The Ruined King,Mercury's Treads,Sundered Sky,Doran's Blade,Wit's End,Chain Vest,Stealth Ward,B. F. Sword,Pickaxe,Cloak of Agility,Boots of Swiftness,Doran's Blade,The Collector,Farsight Alteration,Locket of the Iron Solari,Refillable Potion,Ruby Crystal,Celestial Opposition,Cloth Armor,Mercury's Treads,Oracle Lens,Conqueror,Resolve,Electrocute,Inspiration,Phase Rush,Precision,Lethal Tempo,Inspiration,Guardian,Inspiration,Grasp of the Undying,Inspiration,Dark Harvest,Precision,Conqueror,Inspiration,Fleet Footwork,Sorcery,Aftershock,Inspiration,Flash,Teleport,Smite,Flash,Flash,Teleport,Flash,Cleanse,Flash,Heal,Flash,Teleport,Flash,Smite,Flash,Teleport,Cleanse,Flash,Ignite,Flash,0,0,0,1,6,0
https://www.op.gg/summoners/euw/Unkn0wn-EUW11/matches/uRd1PvnOddrwNEU6SC1xu1rYJPYRxnUJCsd7puLtUII%3D/1733855352000,0,19,25,25,19,61,26,64,72,17,18,1,3,0,1,4,9,1,4,49826,57535,13.4,14.6,810,848,29.599999999999998,30.8,-7709,7709,1806.4406374501991,2085.930278884462,Ambessa,Xin Zhao,Akali,Corki,Braum,Ezreal,Sejuani,Riven,Sylas,Lux,Control Ward,Steel Sigil,Eclipse,Plated Steelcaps,Caulfield's Warhammer,Spear of Shojin,Oracle Lens,Sundered Sky,Sterak's Gage,Long Sword,Mercury's Treads,Black Cleaver,Long Sword,Oracle Lens,Doran's Ring,Needlessly Large Rod,Dark Seal,Boots,Stormsurge,Shadowflame,Oracle Lens,Doran's Blade,Trinity Force,Rapid Firecannon,Plated Steelcaps,Long Sword,Muramana,Farsight Alteration,Celestial Opposition,Locket of the Iron Solari,Mercury's Treads,Kindlegem,Control Ward,Chain Vest,Oracle Lens,Doran's Blade,Muramana,Trinity Force,Ionian Boots of Lucidity,Serylda's Grudge,Bloodthirster,Farsight Alteration,Sunfire Aegis,Thornmail,Unending Despair,Control Ward,No_Item,Plated Steelcaps,Oracle Lens,Kindlegem,Ionian Boots of Lucidity,Phage,No_Item,Death's Dance,Eclipse,Stealth Ward,Zhonya's Hourglass,Hextech Rocketbelt,Blighting Jewel,Ionian Boots of Lucidity,Cosmic Drive,Blasting Wand,Oracle Lens,Redemption,Amplifying Tome,Locket of the Iron Solari,Celestial Opposition,Boots of Swiftness,Amplifying Tome,Oracle Lens,Grasp of the Undying,Domination,Conqueror,Inspiration,Electrocute,Resolve,Fleet Footwork,Inspiration,Guardian,Inspiration,Press the Attack,Inspiration,Aftershock,Domination,Conqueror,Inspiration,Conqueror,Resolve,Aftershock,Precision,Flash,Teleport,Flash,Smite,Ignite,Flash,Flash,Cleanse,Exhaust,Flash,Flash,Barrier,Smite,Flash,Teleport,Flash,Flash,Teleport,Flash,Heal,0,4,0,1,2,2
https://www.op.gg/summoners/euw/Unkn0wn-EUW11/matches/uRd1PvnOddrl-rKYZC1BtVPr1yqkKWqekId2fMV8VV4%3D/1733793734000,0,25,31,31,25,44,29,44,52,16,16,2,1,0,1,2,11,2,2,47528,56313,13.0,13.8,705,768,29.3,31.9,-8785,8785,1989.5441860465119,2357.2883720930236,Kennen,Kha'Zix,Twisted Fate,Corki,Janna,Orianna,Talon,Irelia,Ashe,Seraphine,Hextech Rocketbelt,Doran's Blade,Sorcerer's Shoes,Stormsurge,Cloth Armor,Amplifying Tome,Stealth Ward,Serpent's Fang,Youmuu's Ghostblade,Hubris,Ionian Boots of Lucidity,Last Whisper,No_Item,Oracle Lens,Lich Bane,Rapid Firecannon,Rod of Ages,Boots of Swiftness,Amplifying Tome,Dark Seal,Oracle Lens,Plated Steelcaps,Muramana,Executioner's Calling,Doran's Blade,Trinity Force,Last Whisper,Farsight Alteration,Dark Seal,Boots of Swiftness,Dream Maker,Echoes of Helia,Bandleglass Mirror,Kindlegem,Oracle Lens,Luden's Companion,Liandry's Torment,No_Item,Mercury's Treads,Aether Wisp,Dark Seal,Farsight Alteration,Hubris,Youmuu's Ghostblade,No_Item,Black Cleaver,Slightly Magical Footwear,No_Item,Oracle Lens,Blade of The Ruined King,Death's Dance,Steel Sigil,Mercury's Treads,Wit's End,Kraken Slayer,Farsight Alteration,Phantom Dancer,Doran's Blade,Berserker's Greaves,Kraken Slayer,B. F. Sword,Cloak of Agility,Farsight Alteration,Solstice Sleigh,Redemption,Control Ward,Boots of Swiftness,Bandleglass Mirror,Kindlegem,Oracle Lens,Summon Aery,Domination,Dark Harvest,Inspiration,Electrocute,Inspiration,Conqueror,Inspiration,Summon Aery,Resolve,Summon Aery,Precision,Conqueror,Inspiration,Conqueror,Inspiration,Lethal Tempo,Inspiration,Guardian,Sorcery,Teleport,Flash,Flash,Smite,Teleport,Flash,Flash,Cleanse,Flash,Heal,Flash,Teleport,Smite,Flash,Teleport,Flash,Flash,Cleanse,Flash,Heal,0,1,0,1,5,1
https://www.op.gg/summoners/euw/Unkn0wn-EUW11/matches/uRd1PvnOddpdzScjYthPNefyAPubKALPk6mEK1pdb_4%3D/1733790902000,1,36,21,22,36,28,67,64,48,16,16,1,2,1,0,9,2,2,2,57928,43829,13.6,12.0,727,650,30.5,27.1,14099,-14099,2410.6683229813666,1823.939751552795,Camille,Nocturne,LeBlanc,Smolder,Pyke,K'Sante,Volibear,Garen,Corki,Poppy,Plated Steelcaps,Tunneler,Ravenous Hydra,Doran's Blade,Pickaxe,Trinity Force,Oracle Lens,Black Cleaver,Stridebreaker,Steel Sigil,Plated Steelcaps,Frozen Heart,No_Item,Farsight Alteration,Luden's Companion,Sorcerer's Shoes,Rabadon's Deathcap,Doran's Ring,Stormsurge,Amplifying Tome,Oracle Lens,Mortal Reminder,Spear of Shojin,Doran's Blade,No_Item,Ionian Boots of Lucidity,Hubris,Farsight Alteration,Edge of Night,Celestial Opposition,Umbral Glaive,Synchronized Souls,No_Item,Control Ward,Oracle Lens,Doran's Shield,Negatron Cloak,Tear of the Goddess,Mercury's Treads,Iceborn Gauntlet,"Jak'Sho, The Protean",Farsight Alteration,Dead Man's Plate,Ionian Boots of Lucidity,Sundered Sky,No_Item,No_Item,No_Item,Oracle Lens,Stridebreaker,Boots of Swiftness,No_Item,Zeal,Dagger,Doran's Shield,Stealth Ward,Trinity Force,Rapid Firecannon,Cloak of Agility,Muramana,Doran's Blade,Plated Steelcaps,Farsight Alteration,Bloodsong,Plated Steelcaps,Control Ward,Dead Man's Plate,Chain Vest,Bami's Cinder,Oracle Lens,Conqueror,Resolve,Lethal Tempo,Domination,Electrocute,Sorcery,Arcane Comet,Inspiration,Hail of Blades,Resolve,Grasp of the Undying,Inspiration,Press the Attack,Sorcery,Phase Rush,Resolve,Conqueror,Resolve,Hail of Blades,Inspiration,Teleport,Ignite,Flash,Smite,Teleport,Flash,Flash,Barrier,Flash,Ignite,Teleport,Flash,Flash,Smite,Flash,Ignite,Flash,Barrier,Flash,Ignite,1,6,1,0,0,0
https://www.op.gg/summoners/euw/Unkn0wn-EUW11/matches/uRd1PvnOddoO-vB1RTJuqVcUMBwpEX1NC8ANGXyHUx4%3D/1733095930000,0,18,37,37,18,62,36,52,69,25,20,3,1,0,1,5,10,3,2,50161,59049,13.0,14.2,817,753,30.200000000000003,27.8,-8888,8888,1853.7760869565216,2182.2456521739127,Zac,Graves,Smolder,Ezreal,Lux,Camille,Lee Sin,Lissandra,Jhin,Rell,Doran's Shield,Sunfire Aegis,Mercury's Treads,Unending Despair,Dark Seal,Null-Magic Mantle,Stealth Ward,Youmuu's Ghostblade,The Collector,Mercury's Treads,Mortal Reminder,Immortal Shieldbow,Cloak of Agility,Oracle Lens,Doran's Blade,Spear of Shojin,Hubris,Control Ward,Mercury's Treads,No_Item,Farsight Alteration,Doran's Blade,Muramana,Trinity Force,Ionian Boots of Lucidity,Spear of Shojin,Glowing Mote,Farsight Alteration,Dream Maker,Locket of the Iron Solari,Control Ward,Ruby Crystal,Boots of Swiftness,Dead Man's Plate,Oracle Lens,Ravenous Hydra,Plated Steelcaps,Sterak's Gage,Steel Sigil,Executioner's Calling,Trinity Force,Oracle Lens,Sterak's Gage,Eclipse,Control Ward,Sundered Sky,Warden's Mail,Plated Steelcaps,Stealth Ward,Malignance,Ionian Boots of Lucidity,Zhonya's Hourglass,Dark Seal,Verdant Barrier,Needlessly Large Rod,Farsight Alteration,Refillable Potion,The Collector,Boots of Swiftness,Infinity Edge,Last Whisper,No_Item,Farsight Alteration,Locket of the Iron Solari,Celestial Opposition,No_Item,Trailblazer,Ionian Boots of Lucidity,Kindlegem,Oracle Lens,Grasp of the Undying,Precision,Fleet Footwork,Inspiration,Arcane Comet,Precision,Press the Attack,Inspiration,Aftershock,Domination,Press the Attack,Resolve,Conqueror,Inspiration,Arcane Comet,Domination,Dark Harvest,Precision,Aftershock,Inspiration,Flash,Teleport,Flash,Smite,Flash,Teleport,Flash,Barrier,Flash,Ignite,Flash,Teleport,Smite,Flash,Flash,Teleport,Flash,Barrier,Flash,Ignite,1,3,0,0,3,1
https://www.op.gg/summoners/euw/Unkn0wn-EUW11/matches/uRd1PvnOddp6b-N8Lw0RxVhjX6aglOiUKPD7JneUpXI%3D/1733087936000,1,29,21,21,29,44,67,88,78,23,33,1,3,1,0,7,4,2,3,64450,58221,16.0,15.0,997,980,31.5,30.9,6229,-6229,2024.8659003831417,1829.1655172413791,K'Sante,Vi,Ahri,Katarina,Braum,Fiora,Morgana,Qiyana,Corki,Alistar,"Jak'Sho, The Protean",Spectre's Cowl,Thornmail,Iceborn Gauntlet,Negatron Cloak,Mercury's Treads,Stealth Ward,Trinity Force,Plated Steelcaps,Sterak's Gage,Sundered Sky,Long Sword,No_Item,Oracle Lens,Void Staff,Zhonya's Hourglass,Rabadon's Deathcap,No_Item,Ionian Boots of Lucidity,Malignance,Oracle Lens,Kraken Slayer,Blade of The Ruined King,Terminus,Chain Vest,Plated Steelcaps,Giant's Belt,Oracle Lens,Knight's Vow,Locket of the Iron Solari,No_Item,Celestial Opposition,Plated Steelcaps,No_Item,Oracle Lens,Doran's Blade,Death's Dance,Sterak's Gage,B. F. Sword,Mercury's Treads,Ravenous Hydra,Oracle Lens,Control Ward,Blackfire Torch,Zhonya's Hourglass,Needlessly Large Rod,Sorcerer's Shoes,Liandry's Torment,Oracle Lens,Control Ward,Long Sword,Youmuu's Ghostblade,Ionian Boots of Lucidity,Edge of Night,Serylda's Grudge,Oracle Lens,B. F. Sword,Trinity Force,Plated Steelcaps,Muramana,Lord Dominik's Regards,Cloak of Agility,Farsight Alteration,Celestial Opposition,Knight's Vow,Locket of the Iron Solari,Mercury's Treads,Control Ward,Ruby Crystal,Oracle Lens,Grasp of the Undying,Inspiration,Conqueror,Inspiration,Electrocute,Sorcery,Conqueror,Resolve,Guardian,Inspiration,Conqueror,Resolve,First Strike,Sorcery,Electrocute,Precision,Conqueror,Inspiration,Aftershock,Inspiration,Teleport,Flash,Smite,Flash,Flash,Teleport,Flash,Exhaust,Flash,Ignite,Flash,Teleport,Flash,Smite,Flash,Teleport,Flash,Cleanse,Flash,Ignite,0,4,1,1,2,0
https://www.op.gg/summoners/euw/Unkn0wn-EUW11/matches/uRd1PvnOddoWv5fcgMwWcTP0nzfqe9Xz-566EQtSN0c%3D/1733085431000,1,24,14,14,24,17,25,44,36,8,13,2,0,0,0,4,1,2,0,40302,32513,11.0,10.0,581,519,31.8,28.400000000000002,7789,-7789,2208.035106382979,1781.297340425532,Olaf,Elise,Yone,Ashe,Janna,Irelia,Ivern,Gnar,Lux,Rell,Doran's Shield,Stridebreaker,Sterak's Gage,Cloth Armor,Plated Steelcaps,No_Item,Stealth Ward,No_Item,Stormsurge,No_Item,Shadowflame,No_Item,Sorcerer's Shoes,Eye of the Herald,Refillable Potion,Doran's Blade,Berserker's Greaves,Blade of The Ruined King,Cloak of Agility,No_Item,Farsight Alteration,Doran's Blade,Refillable Potion,Statikk Shiv,Berserker's Greaves,Scout's Slingshot,Zeal,Farsight Alteration,Dream Maker,Refillable Potion,Moonstone Renewer,Ionian Boots of Lucidity,No_Item,Forbidden Idol,Oracle Lens,Blade of The Ruined King,Plated Steelcaps,Rectrix,Recurve Bow,Doran's Blade,Hearthbound Axe,Stealth Ward,Redemption,Moonstone Renewer,Control Ward,Dark Seal,Synchronized Souls,No_Item,Oracle Lens,Doran's Blade,Pickaxe,Cull,Boots of Swiftness,Trinity Force,No_Item,Farsight Alteration,Luden's Companion,Dark Seal,Sorcerer's Shoes,Hextech Alternator,Amplifying Tome,Doran's Ring,Farsight Alteration,Solstice Sleigh,Refillable Potion,Control Ward,Kindlegem,Ionian Boots of Lucidity,Zeke's Convergence,Oracle Lens,Conqueror,Inspiration,Dark Harvest,Precision,Lethal Tempo,Resolve,Lethal Tempo,Inspiration,Summon Aery,Resolve,Press the Attack,Domination,Glacial Augment,Sorcery,Fleet Footwork,Resolve,Dark Harvest,Precision,Glacial Augment,Resolve,Ghost,Flash,Flash,Smite,Flash,Teleport,Flash,Cleanse,Flash,Heal,Teleport,Flash,Flash,Smite,Flash,Teleport,Flash,Teleport,Flash,Ignite,1,5,0,0,0,0
https://www.op.gg/summoners/euw/Unkn0wn-EUW11/matches/uRd1PvnOddpylgipUthfD5EdD1yi6IW5iM_TtfN3YWY%3D/1733083969000,0,31,34,34,31,55,52,72,57,18,28,0,1,0,1,3,11,0,2,52842,60936,13.8,14.8,785,756,28.4,27.5,-8094,8094,1926.53125,2221.625,Yasuo,Elise,Ambessa,Jinx,Rell,Varus,Viego,Gragas,Ashe,Leona,Infinity Edge,Blade of The Ruined King,Berserker's Greaves,Immortal Shieldbow,Giant's Belt,Control Ward,Farsight Alteration,No_Item,Stormsurge,Zhonya's Hourglass,Sorcerer's Shoes,Shadowflame,Dark Seal,Oracle Lens,Tunneler,Mercury's Treads,Control Ward,No_Item,Spear of Shojin,Eclipse,Oracle Lens,Lord Dominik's Regards,Berserker's Greaves,Infinity Edge,No_Item,The Collector,No_Item,Farsight Alteration,Locket of the Iron Solari,Bloodsong,No_Item,Kindlegem,Mercury's Treads,Chain Vest,Oracle Lens,Doran's Blade,Plated Steelcaps,Experimental Hexplate,Blade of The Ruined King,Terminus,Recurve Bow,Stealth Ward,Titanic Hydra,Kraken Slayer,No_Item,Sterak's Gage,Mercury's Treads,No_Item,Oracle Lens,Cosmic Drive,Ionian Boots of Lucidity,Doran's Ring,Fimbulwinter,Lich Bane,Needlessly Large Rod,Farsight Alteration,Doran's Blade,Pickaxe,Long Sword,Kraken Slayer,Phantom Dancer,Berserker's Greaves,Farsight Alteration,Bloodsong,Heartsteel,Control Ward,Plated Steelcaps,Unending Despair,No_Item,Oracle Lens,Lethal Tempo,Resolve,Dark Harvest,Precision,Grasp of the Undying,Domination,Lethal Tempo,Inspiration,Aftershock,Inspiration,Press the Attack,Resolve,Conqueror,Inspiration,Phase Rush,Inspiration,Lethal Tempo,Inspiration,Aftershock,Inspiration,Flash,Teleport,Flash,Smite,Teleport,Flash,Flash,Cleanse,Flash,Ignite,Teleport,Flash,Flash,Smite,Flash,Teleport,Flash,Barrier,Flash,Ignite,0,1,0,1,5,3
https://www.op.gg/summoners/euw/Unkn0wn-EUW11/matches/uRd1PvnOddpiTucP0BWPt2HZF3iuA8f9NVO0A1rAH9w%3D/1733081341000,0,22,34,34,22,62,32,82,122,56,40,1,4,0,1,5,8,1,5,62964,68467,15.4,16.8,1056,1020,31.8,30.8,-5503,5503,1906.4796812749003,2073.1043824701196,Ziggs,Vi,Syndra,Corki,Lulu,Aurora,Graves,Jayce,Kog'Maw,Bard,Horizon Focus,Luden's Companion,Sorcerer's Shoes,Tear of the Goddess,Liandry's Torment,No_Item,Farsight Alteration,Titanic Hydra,Trinity Force,Sundered Sky,Maw of Malmortius,Plated Steelcaps,No_Item,Oracle Lens,Blackfire Torch,Liandry's Torment,Rabadon's Deathcap,Control Ward,Ionian Boots of Lucidity,Banshee's Veil,Farsight Alteration,Boots of Swiftness,Cloak of Agility,Doran's Blade,Trinity Force,Muramana,Bloodthirster,Farsight Alteration,Dawncore,Redemption,Dream Maker,No_Item,Moonstone Renewer,Boots of Swiftness,Oracle Lens,Luden's Companion,Sorcerer's Shoes,Blasting Wand,Zhonya's Hourglass,Dark Seal,Shadowflame,Oracle Lens,Youmuu's Ghostblade,No_Item,Infinity Edge,Mortal Reminder,The Collector,Boots of Swiftness,Oracle Lens,Muramana,Eclipse,Mercury's Treads,Edge of Night,Serylda's Grudge,Hexdrinker,Farsight Alteration,Doran's Ring,Sorcerer's Shoes,Horizon Focus,Luden's Companion,Seraph's Embrace,Void Staff,Farsight Alteration,Bloodsong,Locket of the Iron Solari,No_Item,Warmog's Armor,Negatron Cloak,Boots of Swiftness,Oracle Lens,Arcane Comet,Precision,Conqueror,Inspiration,First Strike,Sorcery,Fleet Footwork,Inspiration,Summon Aery,Resolve,Electrocute,Sorcery,Dark Harvest,Sorcery,Phase Rush,Inspiration,Arcane Comet,Precision,Grasp of the Undying,Domination,Flash,Teleport,Flash,Smite,Teleport,Flash,Teleport,Flash,Heal,Flash,Flash,Teleport,Flash,Smite,Flash,Teleport,Flash,Teleport,Flash,Ignite,1,5,0,0,1,2
https://www.op.gg/summoners/euw/Unkn0wn-EUW11/matches/uRd1PvnOddoP1hRT-ZHcoY0RVga4ZSVByC3o3Be1t04%3D/1732994942000,0,8,19,20,8,21,9,31,34,5,10,0,2,0,0,0,2,0,2,25640,32108,9.2,10.0,454,481,29.2,31.0,-6468,6468,1651.060606060606,2067.560606060606,Gangplank,Udyr,Poppy,Xayah,Rakan,Hwei,Rengar,Diana,Corki,Bard,Doran's Blade,Refillable Potion,Trinity Force,Ionian Boots of Lucidity,No_Item,No_Item,Stealth Ward,No_Item,Dark Seal,Liandry's Torment,Plated Steelcaps,Chain Vest,Ruby Crystal,Oracle Lens,Doran's Shield,Giant's Belt,Tear of the Goddess,Mercury's Treads,Giant's Belt,Ruby Crystal,Farsight Alteration,Doran's Blade,Essence Reaver,Berserker's Greaves,No_Item,No_Item,No_Item,Stealth Ward,Celestial Opposition,Locket of the Iron Solari,Refillable Potion,Synchronized Souls,Control Ward,No_Item,Oracle Lens,Sorcerer's Shoes,Luden's Companion,Fiendish Codex,Doran's Ring,Amplifying Tome,Dark Seal,Farsight Alteration,No_Item,Opportunity,Control Ward,Axiom Arc,Boots,Last Whisper,Oracle Lens,Refillable Potion,No_Item,Zhonya's Hourglass,Boots,No_Item,No_Item,Stealth Ward,Doran's Blade,Tear of the Goddess,Trinity Force,Plated Steelcaps,Caulfield's Warhammer,No_Item,Farsight Alteration,Bloodsong,Ruby Crystal,Scout's Slingshot,Ruby Crystal,Long Sword,Plated Steelcaps,Oracle Lens,Grasp of the Undying,Inspiration,Conqueror,Inspiration,Grasp of the Undying,Sorcery,Lethal Tempo,Inspiration,Guardian,Domination,Summon Aery,Precision,Conqueror,Domination,Electrocute,Sorcery,Conqueror,Inspiration,Guardian,Domination,Flash,Teleport,Flash,Smite,Teleport,Flash,Flash,Barrier,Flash,Ignite,Flash,Teleport,Smite,Flash,Ignite,Flash,Flash,Barrier,Ignite,Flash,0,2,0,0,1,0
https://www.op.gg/summoners/euw/Unkn0wn-EUW11/matches/uRd1PvnOddrOiH8dM8zmh86L8Qownt-gsRS5spL8RT4%3D/1732992894000,1,21,10,10,21,12,23,36,26,9,13,1,1,0,0,2,0,1,1,34626,27197,10.0,9.4,484,487,31.0,31.1,7429,-7429,2218.753398058252,1742.7203883495145,Corki,Shaco,Azir,Caitlyn,Renata Glasc,Vladimir,Jarvan IV,Kog'Maw,Ezreal,Nautilus,Cloak of Agility,Trinity Force,Muramana,Doran's Blade,Boots,Control Ward,Farsight Alteration,Boots,Blackfire Torch,Liandry's Torment,No_Item,Gustwalker Hatchling,No_Item,Eye of the Herald,Refillable Potion,Hextech Alternator,Nashor's Tooth,Doran's Ring,Boots,Needlessly Large Rod,Oracle Lens,Doran's Blade,Cull,The Collector,B. F. Sword,Boots,Executioner's Calling,Farsight Alteration,Solstice Sleigh,Locket of the Iron Solari,Ionian Boots of Lucidity,Ruby Crystal,Glowing Mote,Control Ward,Oracle Lens,Doran's Ring,Dark Seal,Stormsurge,Boots,Amplifying Tome,No_Item,Stealth Ward,Eclipse,Ionian Boots of Lucidity,Control Ward,Gustwalker Hatchling,No_Item,Tunneler,Oracle Lens,Luden's Companion,Lost Chapter,No_Item,Doran's Ring,Sorcerer's Shoes,Tear of the Goddess,Farsight Alteration,Doran's Blade,Refillable Potion,Trinity Force,Tear of the Goddess,Slightly Magical Footwear,No_Item,Stealth Ward,Celestial Opposition,Plated Steelcaps,Locket of the Iron Solari,Ruby Crystal,Control Ward,No_Item,Oracle Lens,Conqueror,Inspiration,Electrocute,Inspiration,Conqueror,Sorcery,Hail of Blades,Sorcery,Guardian,Domination,Summon Aery,Resolve,Conqueror,Inspiration,Arcane Comet,Precision,Press the Attack,Inspiration,Aftershock,Inspiration,Flash,Teleport,Ignite,Smite,Teleport,Flash,Ghost,Flash,Flash,Heal,Flash,Ghost,Flash,Smite,Flash,Teleport,Flash,Barrier,Flash,Ignite,1,6,0,0,0,0
https://www.op.gg/summoners/euw/Unkn0wn-EUW11/matches/uRd1PvnOddq3MGmGnBdCFJZv50jlTXupSbw3CT1GtVI%3D/1732991512000,0,24,29,30,25,53,33,56,58,26,17,0,3,0,0,3,6,0,3,46986,51350,12.6,13.6,719,749,29.1,30.2,-4364,4364,1895.0154696132595,2071.0220994475135,K'Sante,Rengar,Viktor,Kai'Sa,Leona,Zac,Xin Zhao,Hwei,Ezreal,Bard,Doran's Shield,Kaenic Rookern,Unending Despair,Chain Vest,Negatron Cloak,Mercury's Treads,Stealth Ward,Mortal Reminder,Long Sword,Profane Hydra,Hubris,Long Sword,Boots,Oracle Lens,Doran's Ring,Blackfire Torch,Sorcerer's Shoes,Fated Ashes,Haunting Guise,Dark Seal,Farsight Alteration,Statikk Shiv,Guinsoo's Rageblade,Berserker's Greaves,Nashor's Tooth,Blighting Jewel,No_Item,Farsight Alteration,Boots of Swiftness,Bloodsong,Zeke's Convergence,Kindlegem,Negatron Cloak,Control Ward,Oracle Lens,Spirit Visage,Bami's Cinder,Dark Seal,Unending Despair,Mercury's Treads,Bramble Vest,Stealth Ward,Eclipse,Giant's Belt,Control Ward,Sundered Sky,Tunneler,Mercury's Treads,Oracle Lens,Shadowflame,Dark Seal,Sorcerer's Shoes,Blackfire Torch,Blighting Jewel,Doran's Ring,Farsight Alteration,Doran's Blade,Spear of Shojin,Trinity Force,Muramana,Ionian Boots of Lucidity,No_Item,Farsight Alteration,Bloodsong,No_Item,Ruby Crystal,Statikk Shiv,Dead Man's Plate,Boots,Oracle Lens,Grasp of the Undying,Inspiration,Conqueror,Domination,Summon Aery,Precision,Press the Attack,Inspiration,Aftershock,Inspiration,Grasp of the Undying,Precision,Conqueror,Inspiration,Arcane Comet,Precision,Conqueror,Inspiration,Guardian,Domination,Flash,Teleport,Smite,Flash,Teleport,Flash,Flash,Barrier,Ignite,Flash,Flash,Teleport,Flash,Smite,Flash,Teleport,Flash,Cleanse,Ignite,Flash,0,6,0,1,0,1
https://www.op.gg/summoners/euw/Unkn0wn-EUW11/matches/uRd1PvnOddqDKqv6cN5-Sfoyr1zPwJpDhLNALVEJNw0%3D/1732989209000,1,36,26,26,36,33,71,86,79,23,29,1,4,0,2,7,8,1,6,74597,69023,17.6,16.4,1130,1025,31.3,28.5,5574,-5574,2079.4738938053097,1924.0924778761062,Zilean,Rengar,Kayle,Draven,Blitzcrank,Teemo,Xin Zhao,Aurora,Ziggs,Pantheon,Abyssal Mask,Verdant Barrier,Seraph's Embrace,Ionian Boots of Lucidity,Fiendish Codex,No_Item,Oracle Lens,Edge of Night,Profane Hydra,Lord Dominik's Regards,Voltaic Cyclosword,Ionian Boots of Lucidity,Pickaxe,Oracle Lens,Lich Bane,Nashor's Tooth,Rabadon's Deathcap,Boots of Swiftness,Shadowflame,No_Item,Farsight Alteration,Infinity Edge,Bloodthirster,The Collector,Zeal,Berserker's Greaves,Lord Dominik's Regards,Farsight Alteration,Boots of Swiftness,Locket of the Iron Solari,Redemption,Celestial Opposition,Kindlegem,Forbidden Idol,Oracle Lens,Zhonya's Hourglass,Void Staff,Morellonomicon,Boots of Swiftness,Nashor's Tooth,Cloth Armor,Stealth Ward,Black Cleaver,Titanic Hydra,Randuin's Omen,Plated Steelcaps,Null-Magic Mantle,No_Item,Oracle Lens,Zhonya's Hourglass,Malignance,Needlessly Large Rod,Liandry's Torment,Sorcerer's Shoes,Cosmic Drive,Oracle Lens,Blighting Jewel,Seraph's Embrace,Luden's Companion,Sorcerer's Shoes,Horizon Focus,Rabadon's Deathcap,Farsight Alteration,Bloodsong,Hextech Rocketbelt,Umbral Glaive,Tunneler,Control Ward,Boots of Swiftness,Oracle Lens,Summon Aery,Resolve,Conqueror,Domination,Press the Attack,Sorcery,Lethal Tempo,Domination,Aftershock,Inspiration,Press the Attack,Sorcery,Conqueror,Domination,Electrocute,Sorcery,Arcane Comet,Precision,Press the Attack,Domination,Teleport,Flash,Smite,Flash,Flash,Teleport,Flash,Barrier,Flash,Ignite,Flash,Ignite,Flash,Smite,Flash,Teleport,Flash,Teleport,Ignite,Flash,0,3,1,1,3,3
https://www.op.gg/summoners/euw/Unkn0wn-EUW11/matches/uRd1PvnOddrrAjdBbLF7q4ogiNfaEmn0s1_Jr-VgMeA%3D/1732652706000,0,35,36,36,35,70,60,75,79,37,32,2,3,1,0,4,9,3,3,69750,71893,16.2,16.2,1068,1083,30.0,30.4,-2143,2143,1967.9464285714287,2028.4096428571431,Fiddlesticks,Zed,Lux,Kog'Maw,Nautilus,Ornn,Jarvan IV,Ahri,Smolder,Twisted Fate,Doran's Ring,Liandry's Torment,Abyssal Mask,Sorcerer's Shoes,Banshee's Veil,Amplifying Tome,Scarecrow Effigy,Voltaic Cyclosword,Profane Hydra,Ionian Boots of Lucidity,Axiom Arc,Serylda's Grudge,Edge of Night,Oracle Lens,Luden's Companion,Shadowflame,Cryptbloom,Sorcerer's Shoes,Rabadon's Deathcap,No_Item,Farsight Alteration,Sorcerer's Shoes,Horizon Focus,Luden's Companion,Seraph's Embrace,Void Staff,Rabadon's Deathcap,Farsight Alteration,Bloodsong,Warmog's Armor,Locket of the Iron Solari,Mercury's Treads,Control Ward,Ruby Crystal,Oracle Lens,Locket of the Iron Solari,Kaenic Rookern,Giant's Belt,Unending Despair,Boots of Swiftness,Hollow Radiance,Farsight Alteration,Spear of Shojin,Sundered Sky,Control Ward,Kaenic Rookern,Mercury's Treads,Cloth Armor,Farsight Alteration,Rabadon's Deathcap,Zhonya's Hourglass,Mercury's Treads,Banshee's Veil,Malignance,Dark Seal,Oracle Lens,Trinity Force,Bloodthirster,Quicksilver Sash,Rapid Firecannon,Mercury's Treads,Muramana,Farsight Alteration,Cosmic Drive,No_Item,Bloodsong,Boots of Swiftness,Winged Moonplate,Rapid Firecannon,Oracle Lens,Arcane Comet,Resolve,Electrocute,Inspiration,Arcane Comet,Inspiration,Arcane Comet,Precision,Aftershock,Inspiration,Summon Aery,Resolve,Conqueror,Inspiration,Electrocute,Sorcery,Press the Attack,Inspiration,Unsealed Spellbook,Resolve,Flash,Teleport,Flash,Smite,Flash,Teleport,Flash,Teleport,Flash,Ignite,Flash,Teleport,Smite,Flash,Flash,Teleport,Flash,Barrier,Flash,Heal,0,6,0,1,0,1
https://www.op.gg/summoners/euw/Unkn0wn-EUW11/matches/uRd1PvnOddp5ecqESCQ4D89FyB5nt7F-eddobLmfqng%3D/1732649680000,1,37,19,19,37,26,77,51,46,10,15,2,1,0,0,6,2,2,1,51228,41844,13.0,11.6,703,610,29.599999999999998,25.7,9384,-9384,2164.56338028169,1768.056338028169,K'Sante,Viego,Orianna,Ashe,Zilean,Sylas,Vi,Nidalee,Kog'Maw,Braum,Iceborn Gauntlet,Plated Steelcaps,No_Item,Kaenic Rookern,No_Item,No_Item,Oracle Lens,Sundered Sky,Kraken Slayer,Plated Steelcaps,Sterak's Gage,Null-Magic Mantle,Control Ward,Oracle Lens,Rabadon's Deathcap,Zhonya's Hourglass,Blackfire Torch,Sorcerer's Shoes,No_Item,No_Item,Farsight Alteration,Doran's Blade,Berserker's Greaves,No_Item,Runaan's Hurricane,Bloodthirster,Kraken Slayer,Farsight Alteration,No_Item,Locket of the Iron Solari,Solstice Sleigh,Ruby Crystal,Ionian Boots of Lucidity,Fimbulwinter,Oracle Lens,Mercury's Treads,Dark Seal,Hextech Rocketbelt,Doran's Ring,Aether Wisp,Amplifying Tome,Oracle Lens,Trinity Force,Plated Steelcaps,Control Ward,Tunneler,Ruby Crystal,Sundered Sky,Oracle Lens,Cryptbloom,Needlessly Large Rod,Hextech Alternator,Sorcerer's Shoes,No_Item,Lich Bane,Farsight Alteration,Doran's Blade,Guinsoo's Rageblade,Wit's End,Berserker's Greaves,Scout's Slingshot,Dagger,Farsight Alteration,Kindlegem,Solstice Sleigh,Locket of the Iron Solari,Mercury's Treads,Cloth Armor,No_Item,Oracle Lens,Grasp of the Undying,Inspiration,Conqueror,Inspiration,Summon Aery,Inspiration,Lethal Tempo,Inspiration,Guardian,Inspiration,Electrocute,Sorcery,Conqueror,Inspiration,Grasp of the Undying,Inspiration,Lethal Tempo,Resolve,Guardian,Inspiration,Flash,Teleport,Flash,Smite,Flash,Teleport,Flash,Barrier,Flash,Heal,Flash,Teleport,Flash,Smite,Flash,Ignite,Flash,Cleanse,Flash,Ignite,1,3,0,0,3,0
https://www.op.gg/summoners/euw/Unkn0wn-EUW11/matches/uRd1PvnOddpzJC_gzfW9MfXc-BZS2vpxe5aPmSavioM%3D/1732646390000,0,18,31,32,18,60,31,83,54,19,32,0,4,0,1,4,10,0,5,53039,62041,14.2,15.0,876,920,31.0,32.5,-9002,9002,1882.769696969697,2202.321212121212,Sion,Volibear,Orianna,Corki,Rakan,Ambessa,Jarvan IV,Hwei,Ezreal,Dr. Mundo,Chain Vest,Plated Steelcaps,Sunfire Aegis,Hullbreaker,Kindlegem,Ruby Crystal,Stealth Ward,Control Ward,Cosmic Drive,Ionian Boots of Lucidity,Unending Despair,Spirit Visage,Bramble Vest,Oracle Lens,Seraph's Embrace,Blackfire Torch,Sorcerer's Shoes,Haunting Guise,Fated Ashes,Oblivion Orb,Stealth Ward,The Collector,Muramana,Boots,Mortal Reminder,Trinity Force,Long Sword,Farsight Alteration,Celestial Opposition,Locket of the Iron Solari,Redemption,Control Ward,Ionian Boots of Lucidity,No_Item,Oracle Lens,Mercury's Treads,Eclipse,Spear of Shojin,Control Ward,Black Cleaver,Sterak's Gage,Oracle Lens,Plated Steelcaps,Sundered Sky,No_Item,Warden's Mail,Sterak's Gage,Spirit Visage,Oracle Lens,Horizon Focus,Liandry's Torment,Blackfire Torch,Blighting Jewel,Sorcerer's Shoes,Dark Seal,Oracle Lens,Doran's Blade,Muramana,No_Item,Serylda's Grudge,Ionian Boots of Lucidity,Trinity Force,Farsight Alteration,Zaz'Zak's Realmspike,Crystalline Bracer,Giant's Belt,Boots of Swiftness,Liandry's Torment,Winged Moonplate,Oracle Lens,Grasp of the Undying,Inspiration,Press the Attack,Inspiration,Phase Rush,Precision,Conqueror,Inspiration,Guardian,Domination,Conqueror,Resolve,Conqueror,Inspiration,Arcane Comet,Precision,Conqueror,Inspiration,Arcane Comet,Precision,Flash,Teleport,Flash,Smite,Flash,Teleport,Flash,Barrier,Flash,Heal,Teleport,Flash,Flash,Smite,Teleport,Flash,Flash,Barrier,Flash,Heal,0,4,0,1,2,1
https://www.op.gg/summoners/euw/Unkn0wn-EUW11/matches/uRd1PvnOddpQgkNKdj6Kkvi1E5Fu0CQ-v3qr73jDPKI%3D/1732644037000,1,41,35,35,41,49,69,122,105,42,46,2,1,1,1,8,7,3,2,78219,71496,17.2,16.2,1101,1052,31.3,29.9,6723,-6723,2234.8285714285716,2042.7428571428572,Ambessa,Lillia,Yone,Ezreal,Pyke,Irelia,Nidalee,Sylas,Caitlyn,Poppy,Plated Steelcaps,Eclipse,Spear of Shojin,Control Ward,Black Cleaver,Sterak's Gage,Oracle Lens,Morellonomicon,Zhonya's Hourglass,Riftmaker,Verdant Barrier,Mercury's Treads,Liandry's Torment,Oracle Lens,Immortal Shieldbow,Berserker's Greaves,Control Ward,Blade of The Ruined King,"Jak'Sho, The Protean",Infinity Edge,Farsight Alteration,Hexdrinker,Muramana,Trinity Force,Serylda's Grudge,Bloodthirster,Ionian Boots of Lucidity,Farsight Alteration,Umbral Glaive,Celestial Opposition,Youmuu's Ghostblade,No_Item,Edge of Night,Boots of Swiftness,Oracle Lens,Wit's End,Kraken Slayer,Blade of The Ruined King,Hullbreaker,Plated Steelcaps,No_Item,Oracle Lens,Zhonya's Hourglass,Control Ward,Liandry's Torment,Sorcerer's Shoes,Lich Bane,Horizon Focus,Oracle Lens,Zhonya's Hourglass,Hextech Rocketbelt,Needlessly Large Rod,Sorcerer's Shoes,Needlessly Large Rod,Lich Bane,Farsight Alteration,Infinity Edge,Berserker's Greaves,Mercurial Scimitar,Yun Tal Wildarrows,Lord Dominik's Regards,Rapid Firecannon,Farsight Alteration,Bloodsong,Knight's Vow,Boots of Swiftness,Control Ward,Kindlegem,Dead Man's Plate,Oracle Lens,Conqueror,Resolve,Conqueror,Inspiration,Lethal Tempo,Resolve,Press the Attack,Inspiration,Hail of Blades,Resolve,Conqueror,Resolve,Dark Harvest,Sorcery,Electrocute,Inspiration,Lethal Tempo,Sorcery,Hail of Blades,Inspiration,Teleport,Flash,Flash,Smite,Flash,Teleport,Flash,Barrier,Flash,Ignite,Flash,Teleport,Flash,Smite,Flash,Teleport,Flash,Barrier,Flash,Ignite,0,4,1,0,2,1
https://www.op.gg/summoners/euw/Unkn0wn-EUW11/matches/uRd1PvnOddom9jwnpK-qlmlJXbR68mt9Oh9bDU8mGcs%3D/1732641128000,1,31,30,30,32,50,40,65,94,39,13,2,2,1,0,11,2,3,2,63937,57683,15.4,15.0,923,910,31.6,31.2,6254,-6254,2175.176288659794,1962.4113402061855,K'Sante,Wukong,Akali,Corki,Rell,Gwen,Viego,Orianna,Ezreal,Poppy,"Jak'Sho, The Protean",Kaenic Rookern,Plated Steelcaps,Doran's Shield,Unending Despair,Negatron Cloak,Oracle Lens,Sundered Sky,Trinity Force,Control Ward,Black Cleaver,Shattered Armguard,Plated Steelcaps,Oracle Lens,Banshee's Veil,Shattered Armguard,Dark Seal,Sorcerer's Shoes,Shadowflame,Lich Bane,Oracle Lens,Doran's Blade,Lord Dominik's Regards,Cloak of Agility,Muramana,Plated Steelcaps,Trinity Force,Farsight Alteration,Celestial Opposition,Locket of the Iron Solari,Dead Man's Plate,Negatron Cloak,Plated Steelcaps,Winged Moonplate,Oracle Lens,Doran's Ring,Plated Steelcaps,Needlessly Large Rod,Nashor's Tooth,Riftmaker,Fiendish Codex,Farsight Alteration,Titanic Hydra,Sterak's Gage,No_Item,Control Ward,Plated Steelcaps,Kraken Slayer,Oracle Lens,Rabadon's Deathcap,Luden's Companion,Sorcerer's Shoes,Stormsurge,Dark Seal,No_Item,Farsight Alteration,Spear of Shojin,Muramana,Ionian Boots of Lucidity,Trinity Force,Control Ward,Serylda's Grudge,Farsight Alteration,Bloodsong,Dead Man's Plate,Boots of Swiftness,Control Ward,Abyssal Mask,Cloth Armor,Oracle Lens,Grasp of the Undying,Sorcery,Conqueror,Inspiration,Electrocute,Resolve,Conqueror,Inspiration,Aftershock,Inspiration,Conqueror,Resolve,Conqueror,Inspiration,Summon Aery,Precision,Conqueror,Inspiration,Hail of Blades,Inspiration,Teleport,Flash,Flash,Smite,Flash,Teleport,Flash,Barrier,Flash,Ignite,Teleport,Ignite,Flash,Smite,Flash,Teleport,Flash,Barrier,Flash,Ignite,1,6,4,0,0,0
https://www.op.gg/summoners/euw/Unkn0wn-EUW11/matches/uRd1PvnOddoT9AfIl_dVN_cbeZCqn69FmkhqlTdYBqU%3D/1732638896000,1,21,9,9,21,7,24,34,31,9,5,0,1,0,0,2,0,0,1,33380,25476,9.8,9.0,508,436,33.5,28.599999999999998,7904,-7904,2194.4259259259256,1674.811111111111,Darius,Diana,LeBlanc,Corki,Rakan,Ambessa,Graves,Cassiopeia,Ezreal,Poppy,Stridebreaker,Sterak's Gage,No_Item,No_Item,No_Item,Plated Steelcaps,Oracle Lens,Hextech Rocketbelt,No_Item,Dark Seal,Scorchclaw Pup,Sorcerer's Shoes,Hextech Alternator,Oracle Lens,Doran's Ring,Refillable Potion,Luden's Companion,Dark Seal,Sorcerer's Shoes,No_Item,Stealth Ward,Doran's Blade,Trinity Force,Tear of the Goddess,Caulfield's Warhammer,No_Item,Slightly Magical Footwear,Farsight Alteration,Solstice Sleigh,Ionian Boots of Lucidity,Locket of the Iron Solari,Control Ward,No_Item,No_Item,Oracle Lens,Refillable Potion,Pickaxe,Plated Steelcaps,Caulfield's Warhammer,Cull,Doran's Blade,Stealth Ward,Scorchclaw Pup,Boots,Long Sword,Long Sword,Youmuu's Ghostblade,No_Item,Oracle Lens,Doran's Ring,Tear of the Goddess,Blasting Wand,Dark Seal,Lost Chapter,Catalyst of Aeons,Stealth Ward,Doran's Blade,Refillable Potion,Trinity Force,Ionian Boots of Lucidity,Long Sword,Tear of the Goddess,Stealth Ward,Plated Steelcaps,Trailblazer,No_Item,Bloodsong,No_Item,No_Item,Oracle Lens,Conqueror,Sorcery,Conqueror,Inspiration,Electrocute,Sorcery,Conqueror,Inspiration,Guardian,Domination,Conqueror,Resolve,Dark Harvest,Precision,Phase Rush,Precision,Press the Attack,Inspiration,Hail of Blades,Inspiration,Flash,Ghost,Flash,Smite,Flash,Teleport,Flash,Barrier,Flash,Heal,Flash,Teleport,Flash,Smite,Teleport,Flash,Flash,Barrier,Ignite,Flash,0,3,0,0,3,0
https://www.op.gg/summoners/euw/Unkn0wn-EUW11/matches/uRd1PvnOddpau7eCJzwlQXmLYMbEUc-rBgTU7KvgUUY%3D/1732637120000,0,6,24,24,7,47,8,38,52,14,9,1,2,0,1,1,10,1,3,33985,47368,11.4,12.2,656,687,29.5,30.9,-13383,13383,1526.4449152542372,2127.5457627118644,Shen,Vi,Kassadin,Ashe,Thresh,Galio,Jarvan IV,Ezreal,Aurora,Zilean,Hollow Radiance,Boots,Rejuvenation Bead,Doran's Shield,Long Sword,Kindlegem,Stealth Ward,Hexdrinker,Long Sword,Mercury's Treads,Sundered Sky,Long Sword,Glowing Mote,Oracle Lens,Dark Seal,Seraph's Embrace,Negatron Cloak,Kindlegem,Boots,Rod of Ages,Oracle Lens,Doran's Blade,Refillable Potion,Berserker's Greaves,Kraken Slayer,Scout's Slingshot,Dagger,Farsight Alteration,Boots of Swiftness,Locket of the Iron Solari,Kindlegem,Solstice Sleigh,Control Ward,No_Item,Oracle Lens,Frozen Heart,Ruby Crystal,Mejai's Soulstealer,Boots of Swiftness,No_Item,Hollow Radiance,Oracle Lens,Sterak's Gage,Sundered Sky,No_Item,No_Item,No_Item,Slightly Magical Footwear,Oracle Lens,Pickaxe,Long Sword,Trinity Force,Ionian Boots of Lucidity,Muramana,Doran's Blade,Stealth Ward,Sorcerer's Shoes,Luden's Companion,Mejai's Soulstealer,Control Ward,Amplifying Tome,Stormsurge,Farsight Alteration,Mikael's Blessing,Solstice Sleigh,Kindlegem,Kindlegem,Kindlegem,Ionian Boots of Lucidity,Oracle Lens,Aftershock,Inspiration,Conqueror,Inspiration,Electrocute,Sorcery,Lethal Tempo,Inspiration,Glacial Augment,Resolve,Aftershock,Sorcery,Conqueror,Inspiration,Press the Attack,Inspiration,Electrocute,Sorcery,Summon Aery,Precision,Teleport,Flash,Smite,Flash,Teleport,Flash,Flash,Barrier,Ignite,Flash,Flash,Teleport,Flash,Smite,Flash,Barrier,Flash,Teleport,Flash,Heal,0,3,0,1,3,2
https://www.op.gg/summoners/euw/Unkn0wn-EUW11/matches/uRd1PvnOddo-n1mF8hA7yURhBMkEvdtTB37MGx7Z5uU%3D/1732635226000,1,37,28,28,37,57,65,85,72,29,30,3,2,1,0,10,5,4,2,69825,65234,16.2,15.4,952,1025,29.3,31.6,4591,-4591,2148.4615384615386,2007.2,Jax,Vi,Ahri,Ezreal,Karma,Renekton,Morgana,Corki,Kai'Sa,Nautilus,Mercury's Treads,Zhonya's Hourglass,Control Ward,Sundered Sky,Trinity Force,Negatron Cloak,Stealth Ward,Sterak's Gage,Sundered Sky,Control Ward,Abyssal Mask,Plated Steelcaps,Guardian Angel,Oracle Lens,Void Staff,Malignance,Horizon Focus,Dark Seal,Rabadon's Deathcap,Ionian Boots of Lucidity,Oracle Lens,Ionian Boots of Lucidity,Vampiric Scepter,B. F. Sword,Serylda's Grudge,Trinity Force,Muramana,Farsight Alteration,Zaz'Zak's Realmspike,Vigilant Wardstone,Ionian Boots of Lucidity,Moonstone Renewer,Oblivion Orb,Imperial Mandate,Oracle Lens,Black Cleaver,Sterak's Gage,Unending Despair,Plated Steelcaps,Spirit Visage,Ruby Crystal,Oracle Lens,Zhonya's Hourglass,Ionian Boots of Lucidity,Fiendish Codex,Blighting Jewel,Liandry's Torment,Horizon Focus,Oracle Lens,Doran's Blade,Muramana,Trinity Force,Rapid Firecannon,Mercury's Treads,Pickaxe,Farsight Alteration,Doran's Blade,Nashor's Tooth,Statikk Shiv,Guinsoo's Rageblade,Berserker's Greaves,Void Staff,Farsight Alteration,Warmog's Armor,Locket of the Iron Solari,Ionian Boots of Lucidity,Bloodsong,No_Item,Kindlegem,Oracle Lens,Grasp of the Undying,Sorcery,Conqueror,Inspiration,Electrocute,Sorcery,Press the Attack,Sorcery,Arcane Comet,Resolve,Conqueror,Resolve,Electrocute,Inspiration,Conqueror,Inspiration,Press the Attack,Inspiration,Aftershock,Inspiration,Teleport,Flash,Smite,Flash,Flash,Teleport,Barrier,Flash,Flash,Heal,Teleport,Flash,Flash,Smite,Teleport,Flash,Flash,Cleanse,Ignite,Flash,0,0,2,1,6,0
https://www.op.gg/summoners/euw/Unkn0wn-EUW11/matches/uRd1PvnOddry1kexWWJAZn4DUh9u5accsK63dM2g_8Q%3D/1732552318000,1,29,29,29,29,42,43,98,101,37,47,1,4,0,2,10,3,1,6,72214,64658,16.2,16.4,1079,998,32.8,30.3,7556,-7556,2200.5124463519314,1970.2652360515021,K'Sante,Lillia,Renekton,Draven,Pyke,Rumble,Elise,Yone,Jhin,Leona,"Jak'Sho, The Protean",Randuin's Omen,Heartsteel,Plated Steelcaps,Bramble Vest,Kaenic Rookern,Oracle Lens,Dark Seal,Shattered Armguard,Liandry's Torment,Mercury's Treads,Riftmaker,Rylai's Crystal Scepter,Oracle Lens,Chain Vest,Eclipse,Sterak's Gage,Mercury's Treads,Sundered Sky,Negatron Cloak,Oracle Lens,Runaan's Hurricane,Hexdrinker,Infinity Edge,Lord Dominik's Regards,Berserker's Greaves,Bloodthirster,Farsight Alteration,Bloodsong,Mercury's Treads,Control Ward,Umbral Glaive,Edge of Night,Long Sword,Oracle Lens,Zhonya's Hourglass,Liandry's Torment,Riftmaker,Fiendish Codex,Plated Steelcaps,Blighting Jewel,Stealth Ward,Zhonya's Hourglass,Blighting Jewel,Sorcerer's Shoes,Mejai's Soulstealer,Stormsurge,Shadowflame,Oracle Lens,Blade of The Ruined King,Immortal Shieldbow,Berserker's Greaves,Doran's Shield,Infinity Edge,Control Ward,Farsight Alteration,Doran's Blade,The Collector,Infinity Edge,Plated Steelcaps,Lord Dominik's Regards,Zeal,Farsight Alteration,No_Item,Locket of the Iron Solari,Bloodsong,Knight's Vow,Plated Steelcaps,Warden's Mail,Oracle Lens,Grasp of the Undying,Inspiration,Conqueror,Inspiration,Press the Attack,Resolve,Lethal Tempo,Domination,Hail of Blades,Inspiration,Conqueror,Resolve,Dark Harvest,Precision,Lethal Tempo,Resolve,Dark Harvest,Precision,Aftershock,Inspiration,Teleport,Flash,Smite,Flash,Flash,Teleport,Flash,Cleanse,Ignite,Flash,Teleport,Flash,Smite,Flash,Flash,Teleport,Flash,Barrier,Flash,Ignite,1,6,1,0,0,0
https://www.op.gg/summoners/euw/Unkn0wn-EUW11/matches/uRd1PvnOddrt7zQTHa4dV_ozqP_GX8u41KqrnyXEYyA%3D/1732549708000,1,21,9,9,21,9,29,29,24,6,8,0,2,0,0,3,0,0,2,34261,25807,10.2,9.0,514,445,33.3,28.8,8454,-8454,2209.3542056074766,1664.1897196261682,Renekton,Viego,Galio,Jhin,Karma,Aatrox,Diana,Ekko,Ashe,Nautilus,Doran's Shield,Refillable Potion,Eclipse,Mercury's Treads,Ruby Crystal,Ruby Crystal,Stealth Ward,No_Item,Kraken Slayer,Tunneler,Giant's Belt,Long Sword,Slightly Magical Footwear,Oracle Lens,Doran's Ring,Mercury's Treads,Riftmaker,Amplifying Tome,Needlessly Large Rod,No_Item,Oracle Lens,Doran's Blade,Boots of Swiftness,The Collector,Cloak of Agility,B. F. Sword,Control Ward,Farsight Alteration,Zaz'Zak's Realmspike,Moonstone Renewer,Ionian Boots of Lucidity,Kindlegem,Faerie Charm,No_Item,Oracle Lens,Long Sword,Boots,Null-Magic Mantle,Spear of Shojin,No_Item,No_Item,Stealth Ward,Hextech Rocketbelt,Gustwalker Hatchling,Shattered Armguard,Sorcerer's Shoes,Dark Seal,No_Item,Oracle Lens,Doran's Ring,Hextech Rocketbelt,Blasting Wand,Dark Seal,Fiendish Codex,Boots,Stealth Ward,Doran's Blade,Rectrix,Total Biscuit of Everlasting Will,Berserker's Greaves,Recurve Bow,Hearthbound Axe,Stealth Ward,Control Ward,Boots of Swiftness,Null-Magic Mantle,Bloodsong,Cloth Armor,Kindlegem,Oracle Lens,Conqueror,Resolve,Conqueror,Inspiration,Aftershock,Inspiration,Dark Harvest,Precision,Summon Aery,Resolve,Conqueror,Resolve,Conqueror,Inspiration,Arcane Comet,Domination,Lethal Tempo,Inspiration,Aftershock,Inspiration,Flash,Teleport,Smite,Flash,Flash,Teleport,Flash,Barrier,Flash,Ignite,Teleport,Flash,Flash,Smite,Teleport,Flash,Flash,Cleanse,Flash,Ignite,1,6,0,0,0,0
https://www.op.gg/summoners/euw/Unkn0wn-EUW11/matches/uRd1PvnOddrEWFOF2-tSXRES6XdFdWo4q_b_T7Eo8kY%3D/1732547657000,1,32,26,26,32,36,48,51,65,19,20,1,2,1,0,10,4,2,2,57990,50856,14.0,13.6,804,753,32.4,30.400000000000002,7134,-7134,2341.2111801242236,2053.192546583851,Gnar,Talon,Sylas,Corki,Renata Glasc,Irelia,Master Yi,Syndra,Zeri,Poppy,Doran's Blade,Trinity Force,Plated Steelcaps,Black Cleaver,Bramble Vest,No_Item,Stealth Ward,Profane Hydra,Youmuu's Ghostblade,Edge of Night,Ionian Boots of Lucidity,Last Whisper,No_Item,Oracle Lens,Mejai's Soulstealer,Seeker's Armguard,Hextech Rocketbelt,Sorcerer's Shoes,Needlessly Large Rod,Lich Bane,Farsight Alteration,Doran's Blade,Muramana,Lord Dominik's Regards,Plated Steelcaps,Rapid Firecannon,Trinity Force,Farsight Alteration,Celestial Opposition,Locket of the Iron Solari,Redemption,Control Ward,Plated Steelcaps,Kindlegem,Oracle Lens,Blade of The Ruined King,Plated Steelcaps,Kraken Slayer,Doran's Blade,Death's Dance,No_Item,Farsight Alteration,Guinsoo's Rageblade,Blade of The Ruined King,Kraken Slayer,Berserker's Greaves,Giant's Belt,No_Item,Oracle Lens,Doran's Ring,Luden's Companion,Sorcerer's Shoes,Rabadon's Deathcap,No_Item,No_Item,Farsight Alteration,Last Whisper,Statikk Shiv,Yun Tal Wildarrows,Berserker's Greaves,Executioner's Calling,Doran's Blade,Farsight Alteration,Bloodsong,Synchronized Souls,Dead Man's Plate,Kindlegem,Cloth Armor,Control Ward,Oracle Lens,Grasp of the Undying,Precision,Electrocute,Inspiration,Electrocute,Resolve,Conqueror,Inspiration,Guardian,Domination,Conqueror,Inspiration,Lethal Tempo,Domination,Summon Aery,Resolve,Lethal Tempo,Resolve,Hail of Blades,Inspiration,Teleport,Flash,Flash,Smite,Teleport,Flash,Flash,Barrier,Flash,Ignite,Flash,Teleport,Flash,Smite,Flash,Teleport,Flash,Barrier,Flash,Ignite,1,6,2,0,0,0
https://www.op.gg/summoners/euw/Unkn0wn-EUW11/matches/uRd1PvnOddq1CoIYARTTsQTnT5-RwQ5NBhrhM9sGMac%3D/1732545357000,0,6,20,20,8,23,8,30,42,11,12,1,0,0,0,0,3,1,0,26266,33957,9.2,9.8,497,501,32.1,32.3,-7691,7691,1692.6977777777774,2188.3399999999997,Ambessa,Nidalee,Orianna,Zeri,Nautilus,Jayce,Elise,Sylas,Corki,Poppy,Doran's Shield,Eclipse,Boots,Long Sword,Long Sword,No_Item,Stealth Ward,Scorchclaw Pup,Sorcerer's Shoes,Dark Seal,Blackfire Torch,No_Item,No_Item,Oracle Lens,Doran's Ring,Amplifying Tome,Ionian Boots of Lucidity,Tear of the Goddess,Null-Magic Mantle,Lost Chapter,Stealth Ward,Statikk Shiv,Scout's Slingshot,Berserker's Greaves,Long Sword,No_Item,Doran's Blade,Farsight Alteration,Ruby Crystal,Locket of the Iron Solari,Bloodsong,Mercury's Treads,No_Item,No_Item,Oracle Lens,Eclipse,Tear of the Goddess,No_Item,Long Sword,Doran's Blade,Slightly Magical Footwear,Farsight Alteration,Aether Wisp,Sorcerer's Shoes,Dark Seal,Stormsurge,Gustwalker Hatchling,Sheen,Oracle Lens,Doran's Ring,Needlessly Large Rod,Hextech Rocketbelt,Boots,Mejai's Soulstealer,Amplifying Tome,Oracle Lens,Doran's Blade,Tear of the Goddess,Trinity Force,Caulfield's Warhammer,Long Sword,Slightly Magical Footwear,Farsight Alteration,Bloodsong,Boots of Swiftness,Dead Man's Plate,Control Ward,No_Item,No_Item,Oracle Lens,Electrocute,Resolve,Conqueror,Sorcery,Summon Aery,Precision,Lethal Tempo,Inspiration,Aftershock,Inspiration,Phase Rush,Inspiration,Electrocute,Precision,Electrocute,Resolve,Conqueror,Inspiration,Hail of Blades,Inspiration,Teleport,Flash,Flash,Smite,Flash,Teleport,Flash,Barrier,Flash,Ignite,Flash,Teleport,Smite,Flash,Teleport,Flash,Flash,Barrier,Flash,Ignite,0,0,0,0,6,0
https://www.op.gg/summoners/euw/Unkn0wn-EUW11/matches/uRd1PvnOddp5J_w7BkiOdLKaXxK2vd501dZ6CMuxL0w%3D/1732543991000,1,29,28,28,29,46,45,58,72,24,19,2,0,1,0,10,2,3,0,56508,45983,13.8,12.8,763,685,31.7,28.4,10525,-10525,2341.0457142857144,1905.01,Ambessa,Diana,Yasuo,Kalista,Renata Glasc,Cho'Gath,Corki,Cassiopeia,Ezreal,Poppy,Black Cleaver,Voltaic Cyclosword,Eclipse,Spear of Shojin,Boots of Swiftness,No_Item,Stealth Ward,Zhonya's Hourglass,Hextech Rocketbelt,No_Item,Sorcerer's Shoes,Dark Seal,Amplifying Tome,Oracle Lens,Blade of The Ruined King,Refillable Potion,Berserker's Greaves,Dagger,Immortal Shieldbow,Pickaxe,Farsight Alteration,Doran's Blade,Edge of Night,Berserker's Greaves,Blade of The Ruined King,Terminus,No_Item,Farsight Alteration,Celestial Opposition,Locket of the Iron Solari,Knight's Vow,Control Ward,Ionian Boots of Lucidity,Kindlegem,Oracle Lens,Doran's Ring,Thornmail,Ruby Crystal,Cloth Armor,Plated Steelcaps,Rod of Ages,Stealth Ward,Plated Steelcaps,Trinity Force,Rapid Firecannon,No_Item,Infinity Edge,No_Item,Oracle Lens,Seraph's Embrace,Zhonya's Hourglass,No_Item,Rylai's Crystal Scepter,Dark Seal,No_Item,Farsight Alteration,Doran's Blade,Muramana,Long Sword,Trinity Force,No_Item,Ionian Boots of Lucidity,Farsight Alteration,Dead Man's Plate,Bloodsong,Locket of the Iron Solari,Control Ward,Ruby Crystal,Boots of Swiftness,Oracle Lens,Grasp of the Undying,Domination,Conqueror,Inspiration,Grasp of the Undying,Precision,Hail of Blades,Precision,Guardian,Domination,Grasp of the Undying,Precision,Fleet Footwork,Inspiration,Conqueror,Sorcery,Press the Attack,Inspiration,Hail of Blades,Resolve,Teleport,Flash,Flash,Smite,Teleport,Flash,Flash,Barrier,Flash,Heal,Teleport,Flash,Flash,Smite,Flash,Teleport,Flash,Barrier,Flash,Ignite,0,6,1,1,0,0
https://www.op.gg/summoners/euw/Unkn0wn-EUW11/matches/uRd1PvnOddoTn7h591QNeJfDorOr24m_JoLq-NGm55g%3D/1732541745000,1,40,26,26,40,39,69,66,82,28,29,1,3,1,0,6,5,2,3,63203,59171,15.2,14.4,849,939,28.8,31.9,4032,-4032,2162.2078947368423,2024.271052631579,Gnar,Graves,Ahri,Soraka,Rell,Ekko,Viego,Kennen,Ezreal,Pyke,Trinity Force,Mercury's Treads,Doran's Shield,Control Ward,Wit's End,Sterak's Gage,Oracle Lens,Null-Magic Mantle,Youmuu's Ghostblade,Immortal Shieldbow,Plated Steelcaps,The Collector,Infinity Edge,Oracle Lens,Malignance,Liandry's Torment,Rabadon's Deathcap,Ionian Boots of Lucidity,Shadowflame,Amplifying Tome,Oracle Lens,Doran's Ring,Kindlegem,Cloth Armor,Redemption,Moonstone Renewer,Ionian Boots of Lucidity,Farsight Alteration,Bloodsong,Locket of the Iron Solari,Zeke's Convergence,Negatron Cloak,Ionian Boots of Lucidity,Kindlegem,Oracle Lens,Rabadon's Deathcap,Hextech Rocketbelt,Nashor's Tooth,Dark Seal,Mercury's Treads,Void Staff,Oracle Lens,Mercury's Treads,Titanic Hydra,Ruby Crystal,Trinity Force,Long Sword,Tunneler,Oracle Lens,Sorcerer's Shoes,Liandry's Torment,Hextech Rocketbelt,Void Staff,Oblivion Orb,Dark Seal,Farsight Alteration,Hexdrinker,Muramana,Serylda's Grudge,Trinity Force,Ionian Boots of Lucidity,Tunneler,Farsight Alteration,Bloodsong,Youmuu's Ghostblade,No_Item,Caulfield's Warhammer,Mercury's Treads,Umbral Glaive,Oracle Lens,Grasp of the Undying,Inspiration,Dark Harvest,Precision,Electrocute,Sorcery,Summon Aery,Resolve,Aftershock,Inspiration,Arcane Comet,Domination,Conqueror,Inspiration,Electrocute,Precision,Press the Attack,Inspiration,Hail of Blades,Inspiration,Teleport,Flash,Flash,Smite,Teleport,Flash,Flash,Heal,Flash,Ignite,Teleport,Flash,Flash,Smite,Flash,Teleport,Flash,Cleanse,Flash,Ignite,1,3,1,0,0,0
https://www.op.gg/summoners/euw/Unkn0wn-EUW11/matches/uRd1PvnOddoDPNzM92d06KKSQNIKd4Ze3w2AsJZ9H8A%3D/1732487034000,0,17,24,24,17,38,26,73,76,27,25,1,3,0,1,2,7,1,4,47077,57080,13.4,14.4,855,884,31.8,32.8,-10003,10003,1747.9084158415842,2119.3069306930693,Camille,Vi,Taliyah,Kalista,Taric,K'Sante,Viego,Orianna,Corki,Lulu,Ravenous Hydra,Refillable Potion,Plated Steelcaps,Trinity Force,Tunneler,Pickaxe,Farsight Alteration,Sterak's Gage,Sundered Sky,Control Ward,Plated Steelcaps,Black Cleaver,No_Item,Oracle Lens,Sorcerer's Shoes,Luden's Companion,Horizon Focus,Needlessly Large Rod,Dark Seal,Doran's Ring,Farsight Alteration,Doran's Blade,Berserker's Greaves,Blade of The Ruined King,Guinsoo's Rageblade,Dagger,No_Item,Farsight Alteration,Knight's Vow,Dream Maker,Kindlegem,Plated Steelcaps,Cloth Armor,Null-Magic Mantle,Oracle Lens,Plated Steelcaps,Unending Despair,Iceborn Gauntlet,Thornmail,Cloth Armor,Cloth Armor,Stealth Ward,Plated Steelcaps,Trinity Force,No_Item,Sundered Sky,Recurve Bow,Negatron Cloak,Oracle Lens,Shadowflame,Stormsurge,Sorcerer's Shoes,No_Item,Doran's Ring,Luden's Companion,Farsight Alteration,Doran's Blade,Rapid Firecannon,B. F. Sword,Mercury's Treads,Muramana,Trinity Force,Farsight Alteration,Redemption,Dream Maker,Moonstone Renewer,No_Item,Ionian Boots of Lucidity,No_Item,Oracle Lens,Grasp of the Undying,Inspiration,Conqueror,Inspiration,Phase Rush,Precision,Lethal Tempo,Domination,Glacial Augment,Domination,Grasp of the Undying,Inspiration,Conqueror,Inspiration,Arcane Comet,Precision,Conqueror,Inspiration,Summon Aery,Resolve,Flash,Teleport,Flash,Smite,Teleport,Flash,Flash,Barrier,Flash,Ignite,Flash,Teleport,Flash,Smite,Teleport,Flash,Flash,Barrier,Heal,Flash,1,1,0,0,5,1
https://www.op.gg/summoners/euw/Unkn0wn-EUW11/matches/34-jfPz6Tmw_TDGhKlgkjjT8U_ewOPvKRXUNlrVrS9w%3D/1732409271000,1,38,27,27,38,44,66,36,49,13,6,2,0,0,0,10,0,2,0,56745,43146,13.0,12.0,753,603,33.5,26.9,13599,-13599,2514.835227272727,1912.1522727272727,Quinn,Viego,Sylas,Ashe,Taliyah,Riven,Nunu & Willump,Galio,Jinx,Alistar,Doran's Blade,Synchronized Souls,Edge of Night,Noonquiver,Profane Hydra,Long Sword,Oracle Lens,Plated Steelcaps,Kraken Slayer,Titanic Hydra,Death's Dance,Long Sword,Ruby Crystal,Stealth Ward,Hextech Rocketbelt,Fiendish Codex,Cosmic Drive,Mejai's Soulstealer,Haunting Guise,Ionian Boots of Lucidity,Oracle Lens,Doran's Blade,Mortal Reminder,No_Item,Kraken Slayer,Runaan's Hurricane,Berserker's Greaves,Farsight Alteration,Luden's Companion,Rylai's Crystal Scepter,Zaz'Zak's Realmspike,Sorcerer's Shoes,Dark Seal,Haunting Guise,Oracle Lens,Doran's Shield,Eclipse,Sundered Sky,Last Whisper,Long Sword,Boots,Stealth Ward,Gustwalker Hatchling,Redemption,Plated Steelcaps,Kindlegem,Kindlegem,Kindlegem,Oracle Lens,Refillable Potion,Hollow Radiance,Plated Steelcaps,Fiendish Codex,Doran's Ring,Haunting Guise,Stealth Ward,Doran's Blade,Infinity Edge,Berserker's Greaves,Yun Tal Wildarrows,Long Sword,Zeal,Farsight Alteration,Celestial Opposition,Locket of the Iron Solari,Refillable Potion,Plated Steelcaps,Kindlegem,Negatron Cloak,Oracle Lens,Electrocute,Sorcery,Conqueror,Inspiration,Conqueror,Resolve,Lethal Tempo,Inspiration,Electrocute,Sorcery,Conqueror,Resolve,Phase Rush,Precision,Aftershock,Sorcery,Press the Attack,Inspiration,Aftershock,Inspiration,Ignite,Flash,Smite,Flash,Flash,Teleport,Flash,Cleanse,Flash,Ignite,Teleport,Flash,Flash,Smite,Flash,Teleport,Barrier,Flash,Flash,Ignite,1,6,2,0,0,0
https://www.op.gg/summoners/euw/Unkn0wn-EUW11/matches/34-jfPz6Tmx4DipH67ZS6pIcK8FLwkrtz9V6_ZHsvZo%3D/1732406811000,0,9,26,26,9,39,12,43,50,11,8,0,3,0,0,2,4,0,3,37463,43281,11.4,12.4,684,656,31.8,30.5,-5818,5818,1734.398148148148,2003.7499999999998,Swain,Graves,Ambessa,Ezreal,Lulu,Darius,Sejuani,Sylas,Ashe,Rakan,Rylai's Crystal Scepter,Blackfire Torch,Oblivion Orb,Boots of Swiftness,No_Item,No_Item,Farsight Alteration,Slightly Magical Footwear,Youmuu's Ghostblade,The Collector,Cloak of Agility,No_Item,Executioner's Calling,Oracle Lens,Doran's Blade,Pickaxe,Boots,Eclipse,Spear of Shojin,Long Sword,Stealth Ward,Doran's Blade,Caulfield's Warhammer,Long Sword,Tear of the Goddess,Trinity Force,Slightly Magical Footwear,Farsight Alteration,Moonstone Renewer,Dream Maker,Control Ward,Ionian Boots of Lucidity,Forbidden Idol,Kindlegem,Oracle Lens,Long Sword,Dead Man's Plate,Ruby Crystal,Trinity Force,Boots of Swiftness,Doran's Shield,Stealth Ward,Zeke's Convergence,Unending Despair,No_Item,Ruby Crystal,No_Item,Boots,Oracle Lens,Hextech Rocketbelt,Dark Seal,Doran's Ring,Aether Wisp,Needlessly Large Rod,Slightly Magical Footwear,Stealth Ward,Doran's Blade,Kraken Slayer,Berserker's Greaves,Phantom Dancer,Pickaxe,Vampiric Scepter,Farsight Alteration,Celestial Opposition,Ionian Boots of Lucidity,Locket of the Iron Solari,Zeke's Convergence,No_Item,Control Ward,Oracle Lens,Summon Aery,Precision,Dark Harvest,Inspiration,Conqueror,Resolve,Conqueror,Inspiration,Summon Aery,Resolve,Conqueror,Resolve,Aftershock,Domination,Conqueror,Inspiration,Lethal Tempo,Inspiration,Guardian,Domination,Teleport,Ghost,Flash,Smite,Flash,Teleport,Flash,Cleanse,Flash,Exhaust,Exhaust,Flash,Smite,Flash,Flash,Teleport,Flash,Barrier,Flash,Heal,1,3,0,0,3,0
https://www.op.gg/summoners/euw/Unkn0wn-EUW11/matches/34-jfPz6Tmyit7bZttFj0wIBiuuusovZ2_Ek5uJwPoM%3D/1732404979000,0,34,38,39,34,60,56,79,116,43,40,2,3,0,2,3,9,2,5,72186,80039,16.4,17.2,1096,1172,30.3,32.2,-7853,7853,2000.6606741573034,2218.3093632958803,Hwei,Ivern,Qiyana,Riven,Rell,Yone,Elise,Ryze,Ezreal,Pyke,Doran's Ring,Blackfire Torch,Sorcerer's Shoes,Horizon Focus,Shadowflame,Needlessly Large Rod,Farsight Alteration,Redemption,Ionian Boots of Lucidity,Mikael's Blessing,Dawncore,Staff of Flowing Water,Moonstone Renewer,Oracle Lens,Youmuu's Ghostblade,Profane Hydra,Serpent's Fang,Ionian Boots of Lucidity,Serylda's Grudge,Edge of Night,Oracle Lens,Death's Dance,Sundered Sky,Eclipse,Maw of Malmortius,Mercury's Treads,Guardian Angel,Oracle Lens,Celestial Opposition,Locket of the Iron Solari,Control Ward,Knight's Vow,Kindlegem,Plated Steelcaps,Oracle Lens,Infinity Edge,Immortal Shieldbow,Berserker's Greaves,Serpent's Fang,Blade of The Ruined King,No_Item,Farsight Alteration,Stormsurge,Zhonya's Hourglass,Shadowflame,Sorcerer's Shoes,Rabadon's Deathcap,Needlessly Large Rod,Oracle Lens,Seraph's Embrace,Zhonya's Hourglass,Ionian Boots of Lucidity,Blighting Jewel,Rod of Ages,Rabadon's Deathcap,Farsight Alteration,Serylda's Grudge,Serpent's Fang,Tunneler,Muramana,Trinity Force,Ionian Boots of Lucidity,Farsight Alteration,Opportunity,Youmuu's Ghostblade,Celestial Opposition,Edge of Night,Boots of Swiftness,Steel Sigil,Oracle Lens,Arcane Comet,Inspiration,Summon Aery,Inspiration,Electrocute,Precision,Conqueror,Inspiration,Aftershock,Inspiration,Lethal Tempo,Resolve,Electrocute,Precision,Phase Rush,Resolve,Press the Attack,Inspiration,Hail of Blades,Sorcery,Teleport,Flash,Flash,Smite,Flash,Ignite,Flash,Ignite,Flash,Ignite,Flash,Teleport,Flash,Smite,Flash,Teleport,Flash,Exhaust,Ignite,Flash,0,6,0,1,0,2
https://www.op.gg/summoners/euw/Unkn0wn-EUW11/matches/34-jfPz6TmzDQPkXDTcNL2fbQUWWitNK9nNPZY8VMUs%3D/1732401912000,0,19,21,21,19,26,31,62,61,12,20,0,4,0,1,2,6,0,5,45336,53889,13.0,14.0,731,873,28.0,33.4,-8553,8553,1728.1544554455447,2054.184653465347,Dr. Mundo,Ivern,Hwei,Caitlyn,Thresh,Vayne,Sion,Taliyah,Ezreal,Karma,Heartsteel,Unending Despair,Kindlegem,Doran's Shield,Spectre's Cowl,Plated Steelcaps,Farsight Alteration,Redemption,Ionian Boots of Lucidity,Blasting Wand,Moonstone Renewer,Forbidden Idol,Faerie Charm,Oracle Lens,Horizon Focus,Blackfire Torch,Liandry's Torment,Dark Seal,Sorcerer's Shoes,Amplifying Tome,Farsight Alteration,Doran's Blade,Infinity Edge,Berserker's Greaves,The Collector,Zeal,No_Item,Farsight Alteration,Trailblazer,Solstice Sleigh,Control Ward,Ruby Crystal,No_Item,Boots of Swiftness,Oracle Lens,Doran's Blade,Guinsoo's Rageblade,Berserker's Greaves,Blade of The Ruined King,Phage,Dagger,Farsight Alteration,Unending Despair,Titanic Hydra,Bami's Cinder,Mercury's Treads,No_Item,No_Item,Oracle Lens,Sorcerer's Shoes,Zhonya's Hourglass,Seraph's Embrace,Kindlegem,Doran's Ring,Oblivion Orb,Stealth Ward,Doran's Blade,Spear of Shojin,Trinity Force,Muramana,Ionian Boots of Lucidity,Long Sword,Farsight Alteration,Solstice Sleigh,Imperial Mandate,No_Item,Amplifying Tome,Malignance,Ionian Boots of Lucidity,Oracle Lens,Grasp of the Undying,Inspiration,Summon Aery,Inspiration,Arcane Comet,Precision,Fleet Footwork,Sorcery,Aftershock,Inspiration,Lethal Tempo,Sorcery,Phase Rush,Resolve,Phase Rush,Precision,Press the Attack,Inspiration,Arcane Comet,Inspiration,Teleport,Flash,Flash,Smite,Flash,Teleport,Barrier,Flash,Flash,Ignite,Flash,Ghost,Flash,Smite,Flash,Teleport,Flash,Barrier,Flash,Heal,1,1,0,0,5,0
https://www.op.gg/summoners/euw/Unkn0wn-EUW11/matches/34-jfPz6TmzlkupRlftwjn6pcKBoU7a2N4Yvpr2eVCE%3D/1732399495000,1,21,4,4,22,8,34,34,31,11,10,0,2,0,0,1,0,0,2,31782,24784,10.2,9.2,515,469,33.4,30.5,6998,-6998,2057.827338129496,1604.7194244604316,Riven,Zyra,Qiyana,Soraka,Pyke,Malphite,Kindred,Zilean,Smolder,Lulu,Eclipse,Boots,Pickaxe,Long Sword,No_Item,No_Item,Stealth Ward,Liandry's Torment,Sorcerer's Shoes,Amplifying Tome,No_Item,No_Item,No_Item,Oracle Lens,Serpent's Fang,Tiamat,Ionian Boots of Lucidity,The Brutalizer,Refillable Potion,Long Sword,Oracle Lens,Refillable Potion,No_Item,Ruby Crystal,Ionian Boots of Lucidity,Doran's Ring,Moonstone Renewer,Stealth Ward,Umbral Glaive,Bloodsong,Refillable Potion,Control Ward,Long Sword,Boots of Swiftness,Oracle Lens,Frozen Heart,No_Item,Bami's Cinder,Plated Steelcaps,No_Item,No_Item,Stealth Ward,Gustwalker Hatchling,Kraken Slayer,Boots,Executioner's Calling,No_Item,No_Item,Stealth Ward,Doran's Ring,Ionian Boots of Lucidity,Fiendish Codex,Tear of the Goddess,Lost Chapter,No_Item,Oracle Lens,Doran's Blade,Refillable Potion,Tear of the Goddess,Cull,Hearthbound Axe,Sheen,Stealth Ward,No_Item,Dream Maker,Bandleglass Mirror,Ionian Boots of Lucidity,Glowing Mote,No_Item,Oracle Lens,Conqueror,Sorcery,Arcane Comet,Precision,Electrocute,Precision,Summon Aery,Resolve,Hail of Blades,Sorcery,Grasp of the Undying,Sorcery,Press the Attack,Domination,Summon Aery,Inspiration,Press the Attack,Inspiration,Summon Aery,Resolve,Ignite,Flash,Flash,Smite,Ignite,Flash,Heal,Flash,Flash,Ignite,Teleport,Flash,Flash,Smite,Teleport,Flash,Flash,Teleport,Heal,Flash,0,6,0,0,0,0
https://www.op.gg/summoners/euw/Unkn0wn-EUW11/matches/34-jfPz6Tmw7rzxkVB5jynygZTllpjxlf8veSHiWl_g%3D/1732398011000,0,24,26,26,24,35,43,76,73,14,25,0,3,0,2,3,11,0,5,59886,65771,15.6,16.0,998,1011,33.4,33.7,-5885,5885,2007.1681318681317,2204.4126373626373,Gnar,Taliyah,Smolder,Zeri,Lulu,Camille,Kindred,Yone,Hwei,Soraka,Doran's Shield,Refillable Potion,Black Cleaver,Trinity Force,Plated Steelcaps,Ruby Crystal,Stealth Ward,Sorcerer's Shoes,Luden's Companion,Shadowflame,Rabadon's Deathcap,Morellonomicon,Amplifying Tome,Farsight Alteration,Essence Reaver,Ionian Boots of Lucidity,Bloodthirster,Spear of Shojin,Rapid Firecannon,Pickaxe,Farsight Alteration,Infinity Edge,Runaan's Hurricane,Yun Tal Wildarrows,Berserker's Greaves,No_Item,No_Item,Farsight Alteration,Redemption,Dream Maker,Moonstone Renewer,No_Item,Ionian Boots of Lucidity,No_Item,Oracle Lens,Ravenous Hydra,B. F. Sword,Mercury's Treads,Trinity Force,Sterak's Gage,Steel Sigil,Stealth Ward,The Collector,Kraken Slayer,Berserker's Greaves,Infinity Edge,Cloak of Agility,No_Item,Oracle Lens,Doran's Shield,Berserker's Greaves,Blade of The Ruined King,Immortal Shieldbow,Infinity Edge,"Jak'Sho, The Protean",Farsight Alteration,Sorcerer's Shoes,Doran's Ring,Control Ward,Horizon Focus,Luden's Companion,Rabadon's Deathcap,Farsight Alteration,Ionian Boots of Lucidity,Redemption,Dream Maker,Dawncore,Moonstone Renewer,No_Item,Oracle Lens,Grasp of the Undying,Precision,Dark Harvest,Precision,Fleet Footwork,Sorcery,Lethal Tempo,Resolve,Summon Aery,Resolve,Grasp of the Undying,Inspiration,Press the Attack,Domination,Lethal Tempo,Resolve,Arcane Comet,Inspiration,Summon Aery,Resolve,Flash,Teleport,Flash,Smite,Flash,Teleport,Flash,Ghost,Heal,Flash,Teleport,Flash,Flash,Smite,Flash,Teleport,Teleport,Flash,Heal,Flash,0,0,0,1,6,4
https://www.op.gg/summoners/euw/Unkn0wn-EUW11/matches/34-jfPz6Tmxdom2UkXO69Xji72vkuRa4WuH6iZuZyAo%3D/1732381597000,1,29,9,9,29,18,50,52,57,24,10,2,0,1,0,10,3,3,0,53898,40308,13.8,11.6,769,672,32.6,28.599999999999998,13590,-13590,2297.9767441860467,1718.5581395348838,Shen,Morgana,Irelia,Ashe,Milio,Jayce,Zyra,Vayne,Caitlyn,Renata Glasc,Doran's Shield,Plated Steelcaps,Sunfire Aegis,Dead Man's Plate,Negatron Cloak,No_Item,Stealth Ward,Sorcerer's Shoes,Liandry's Torment,Dark Seal,Luden's Companion,Null-Magic Mantle,Amplifying Tome,Oracle Lens,Doran's Blade,Death's Dance,Blade of The Ruined King,Plated Steelcaps,Chain Vest,Kraken Slayer,Oracle Lens,Doran's Blade,Bloodthirster,Pickaxe,Phantom Dancer,Berserker's Greaves,Yun Tal Wildarrows,Farsight Alteration,Dream Maker,Echoes of Helia,Ionian Boots of Lucidity,Ardent Censer,Forbidden Idol,No_Item,Oracle Lens,Doran's Blade,Caulfield's Warhammer,Last Whisper,Muramana,Ionian Boots of Lucidity,Eclipse,Farsight Alteration,Mercury's Treads,No_Item,Control Ward,Liandry's Torment,Rylai's Crystal Scepter,No_Item,Oracle Lens,Doran's Blade,Refillable Potion,Blade of The Ruined King,Berserker's Greaves,Guinsoo's Rageblade,Hearthbound Axe,Farsight Alteration,Boots,Lord Dominik's Regards,Control Ward,The Collector,No_Item,No_Item,Farsight Alteration,Bloodsong,Locket of the Iron Solari,No_Item,Boots of Swiftness,Kindlegem,Faerie Charm,Oracle Lens,Grasp of the Undying,Domination,Dark Harvest,Inspiration,Conqueror,Inspiration,Lethal Tempo,Inspiration,Summon Aery,Resolve,Conqueror,Inspiration,Arcane Comet,Precision,Lethal Tempo,Resolve,Hail of Blades,Sorcery,Guardian,Domination,Flash,Teleport,Flash,Smite,Flash,Teleport,Flash,Barrier,Flash,Heal,Teleport,Flash,Smite,Flash,Flash,Cleanse,Ghost,Flash,Heal,Flash,1,0,2,0,6,0
https://www.op.gg/summoners/euw/Unkn0wn-EUW11/matches/34-jfPz6Tmwov92bOCPM7VYy6B3AAeCk4LI2HQD167A%3D/1732379461000,1,27,6,6,27,10,25,31,26,6,5,0,1,0,0,5,0,0,1,36372,24375,10.2,8.6,497,390,32.6,25.7,11997,-11997,2407.7239436619716,1613.556338028169,Poppy,Viego,Aurora,Ashe,Leona,Sylas,Diana,Ambessa,Tristana,Lulu,Refillable Potion,Winter's Approach,Boots,Sundered Sky,Cloth Armor,Doran's Blade,Stealth Ward,Gustwalker Hatchling,Kraken Slayer,Boots of Swiftness,Tunneler,Caulfield's Warhammer,Control Ward,Oracle Lens,Doran's Ring,Refillable Potion,Malignance,Sorcerer's Shoes,Aether Wisp,Fiendish Codex,Oracle Lens,Statikk Shiv,Refillable Potion,Berserker's Greaves,Hearthbound Axe,Doran's Blade,Dagger,Farsight Alteration,Ruby Crystal,Locket of the Iron Solari,Mercury's Treads,No_Item,Control Ward,Celestial Opposition,Oracle Lens,Doran's Shield,Dark Seal,Kindlegem,Ionian Boots of Lucidity,Amplifying Tome,Amplifying Tome,Stealth Ward,Hextech Rocketbelt,Dark Seal,Gustwalker Hatchling,Slightly Magical Footwear,No_Item,No_Item,Oracle Lens,Doran's Shield,Eclipse,Black Cleaver,Glowing Mote,Boots,No_Item,Stealth Ward,Doran's Blade,The Collector,Cloak of Agility,Cull,No_Item,Boots,Stealth Ward,Refillable Potion,Moonstone Renewer,Dream Maker,No_Item,Boots,No_Item,Oracle Lens,Grasp of the Undying,Inspiration,Conqueror,Inspiration,Electrocute,Sorcery,Lethal Tempo,Inspiration,Aftershock,Inspiration,Conqueror,Resolve,Conqueror,Inspiration,Electrocute,Resolve,Hail of Blades,Precision,Summon Aery,Resolve,Teleport,Flash,Flash,Smite,Teleport,Flash,Flash,Barrier,Ignite,Flash,Flash,Teleport,Flash,Smite,Flash,Teleport,Flash,Barrier,Heal,Flash,1,6,0,0,0,0
https://www.op.gg/summoners/euw/Unkn0wn-EUW11/matches/34-jfPz6TmyVb-4RU5cGHhU-8rJ3jycmfr7Bw77YXY0%3D/1732377973000,0,28,33,33,28,45,46,70,86,26,33,0,5,0,1,5,8,0,6,60714,67771,15.0,16.0,958,986,29.700000000000003,30.6,-7057,7057,1878.5946188340808,2096.950224215247,Yone,Xin Zhao,Sylas,Corki,Lulu,Aurora,Graves,Yasuo,Ezreal,Nautilus,Berserker's Greaves,Stridebreaker,Immortal Shieldbow,Steel Sigil,Blade of The Ruined King,Caulfield's Warhammer,Farsight Alteration,Death's Dance,Eclipse,Sundered Sky,Tunneler,Pickaxe,Plated Steelcaps,Oracle Lens,Lich Bane,Zhonya's Hourglass,Hextech Rocketbelt,Mejai's Soulstealer,Sorcerer's Shoes,No_Item,Oracle Lens,No_Item,Trinity Force,Muramana,Lord Dominik's Regards,Plated Steelcaps,Doran's Blade,Farsight Alteration,No_Item,Redemption,Dream Maker,Ionian Boots of Lucidity,Moonstone Renewer,Kindlegem,Oracle Lens,Zhonya's Hourglass,Needlessly Large Rod,Sorcerer's Shoes,Luden's Companion,Stormsurge,No_Item,Oracle Lens,Youmuu's Ghostblade,The Collector,Serpent's Fang,Control Ward,Mortal Reminder,Plated Steelcaps,Oracle Lens,Blade of The Ruined King,Berserker's Greaves,Doran's Blade,Immortal Shieldbow,Phage,Cloak of Agility,Farsight Alteration,Serylda's Grudge,Spear of Shojin,Warden's Mail,Muramana,Ionian Boots of Lucidity,Trinity Force,Farsight Alteration,Celestial Opposition,Locket of the Iron Solari,No_Item,Thornmail,No_Item,Plated Steelcaps,Oracle Lens,Fleet Footwork,Resolve,Conqueror,Inspiration,Electrocute,Sorcery,Conqueror,Inspiration,Guardian,Inspiration,Electrocute,Precision,Dark Harvest,Precision,Lethal Tempo,Resolve,Press the Attack,Inspiration,Aftershock,Inspiration,Flash,Teleport,Flash,Smite,Ignite,Flash,Flash,Barrier,Flash,Heal,Flash,Teleport,Flash,Smite,Ignite,Flash,Flash,Barrier,Flash,Ignite,1,3,0,0,3,1
https://www.op.gg/summoners/euw/Unkn0wn-EUW11/matches/34-jfPz6TmyZcQe4o-JHVdDLzMwWwbGoy1X4pCUueTY%3D/1732375299000,0,28,41,41,28,81,50,89,109,30,35,1,3,0,2,5,7,1,5,61154,71472,14.8,17.0,903,1019,27.099999999999998,30.5,-10318,10318,1823.8912280701754,2131.621052631579,Aurora,Nocturne,Nasus,Zyra,Nautilus,Gnar,Vi,Syndra,Smolder,Rakan,Blighting Jewel,Zhonya's Hourglass,Sorcerer's Shoes,Luden's Companion,Amplifying Tome,No_Item,Oracle Lens,Black Cleaver,Stridebreaker,Mercury's Treads,Experimental Hexplate,Maw of Malmortius,Long Sword,Stealth Ward,Dead Man's Plate,Mercury's Treads,Trinity Force,Sundered Sky,Sterak's Gage,Chain Vest,Farsight Alteration,Doran's Ring,Liandry's Torment,Blackfire Torch,Sorcerer's Shoes,Void Staff,No_Item,Farsight Alteration,Celestial Opposition,Locket of the Iron Solari,Knight's Vow,Ruby Crystal,Mercury's Treads,Control Ward,Oracle Lens,Wit's End,Mercury's Treads,Sterak's Gage,Trinity Force,Control Ward,Giant's Belt,Oracle Lens,Black Cleaver,Sundered Sky,Mercury's Treads,Sterak's Gage,Frozen Heart,No_Item,Oracle Lens,Rabadon's Deathcap,Blackfire Torch,Control Ward,Liandry's Torment,Void Staff,Boots of Swiftness,Farsight Alteration,Spear of Shojin,Muramana,Mortal Reminder,Trinity Force,Boots of Swiftness,Cloak of Agility,Farsight Alteration,Celestial Opposition,Locket of the Iron Solari,Watchful Wardstone,Knight's Vow,Zeke's Convergence,Ionian Boots of Lucidity,Oracle Lens,Electrocute,Precision,Conqueror,Domination,Fleet Footwork,Resolve,Arcane Comet,Precision,Aftershock,Inspiration,Grasp of the Undying,Precision,Conqueror,Inspiration,First Strike,Sorcery,Press the Attack,Inspiration,Guardian,Domination,Flash,Teleport,Flash,Smite,Flash,Ghost,Flash,Teleport,Ignite,Flash,Teleport,Flash,Flash,Smite,Teleport,Flash,Flash,Barrier,Flash,Ignite,1,6,0,0,0,1
https://www.op.gg/summoners/euw/Unkn0wn-EUW11/matches/34-jfPz6TmxEtc9av8VEGYcht30ElZMpj7wiodxuwek%3D/1732316636000,0,21,32,33,21,57,31,50,67,9,14,0,3,0,1,4,6,0,4,49237,54564,13.2,14.0,761,770,29.4,29.8,-5327,5327,1897.9625698324023,2103.305027932961,Katarina,Skarner,Gragas,Tristana,Lulu,Pantheon,Mordekaiser,Yone,Ezreal,Rell,Blasting Wand,Plated Steelcaps,Lich Bane,Riftmaker,Blighting Jewel,Dark Seal,Oracle Lens,Sterak's Gage,Heartsteel,Unending Despair,No_Item,Plated Steelcaps,No_Item,Oracle Lens,Hextech Rocketbelt,Cosmic Drive,Lost Chapter,Blighting Jewel,Boots of Swiftness,Blasting Wand,Stealth Ward,Doran's Blade,Pickaxe,The Collector,Lord Dominik's Regards,Berserker's Greaves,Zeal,Farsight Alteration,Ionian Boots of Lucidity,Ardent Censer,Dream Maker,Forbidden Idol,No_Item,Moonstone Renewer,Oracle Lens,Mercury's Treads,Refillable Potion,Eclipse,Sundered Sky,Tunneler,Ruby Crystal,Stealth Ward,Riftmaker,Rylai's Crystal Scepter,Boots of Swiftness,Dead Man's Plate,Negatron Cloak,Spectre's Cowl,Oracle Lens,Doran's Shield,Berserker's Greaves,Blade of The Ruined King,Immortal Shieldbow,Pickaxe,No_Item,Farsight Alteration,Muramana,Tunneler,Pickaxe,Trinity Force,Ruby Crystal,Ionian Boots of Lucidity,Farsight Alteration,Bloodsong,Locket of the Iron Solari,Zeke's Convergence,Ionian Boots of Lucidity,Kindlegem,Control Ward,Oracle Lens,Grasp of the Undying,Domination,Grasp of the Undying,Inspiration,Phase Rush,Precision,Press the Attack,Resolve,Summon Aery,Resolve,Press the Attack,Sorcery,Conqueror,Resolve,Lethal Tempo,Resolve,Press the Attack,Sorcery,Aftershock,Inspiration,Teleport,Ignite,Smite,Flash,Flash,Teleport,Flash,Cleanse,Flash,Heal,Ignite,Flash,Flash,Smite,Flash,Teleport,Barrier,Flash,Flash,Ignite,0,3,0,0,3,1
https://www.op.gg/summoners/euw/Unkn0wn-EUW11/matches/34-jfPz6Tmyf3sEaAXpHWxJ-w7fm9m3Uq_GPLST2aBc%3D/1732314382000,0,11,23,23,11,29,18,45,46,14,13,1,1,0,0,0,7,1,1,32740,44956,10.8,11.8,580,665,30.6,35.2,-12216,12216,1736.8170731707314,2384.8609756097558,Renekton,Hecarim,Viktor,Jinx,Rell,Gnar,Udyr,Veigar,Miss Fortune,Thresh,Plated Steelcaps,Black Cleaver,Tunneler,Refillable Potion,Ruby Crystal,Doran's Shield,Stealth Ward,No_Item,Eclipse,No_Item,Ionian Boots of Lucidity,Kindlegem,Phage,Oracle Lens,Seraph's Embrace,Refillable Potion,Amplifying Tome,Needlessly Large Rod,Doran's Ring,Sorcerer's Shoes,Stealth Ward,Doran's Blade,Berserker's Greaves,Yun Tal Wildarrows,Pickaxe,No_Item,No_Item,Farsight Alteration,No_Item,Bloodsong,Locket of the Iron Solari,No_Item,No_Item,Mercury's Treads,Oracle Lens,Doran's Shield,Trinity Force,Plated Steelcaps,Tunneler,Pickaxe,Ruby Crystal,Stealth Ward,Unending Despair,Dark Seal,Liandry's Torment,Spectre's Cowl,Plated Steelcaps,Ruby Crystal,Oracle Lens,Doran's Ring,Seraph's Embrace,Needlessly Large Rod,Needlessly Large Rod,No_Item,Boots of Swiftness,Farsight Alteration,Doran's Blade,B. F. Sword,Kraken Slayer,Berserker's Greaves,Mortal Reminder,Cloak of Agility,Farsight Alteration,Redemption,Locket of the Iron Solari,Celestial Opposition,Control Ward,Boots of Swiftness,Ruby Crystal,Oracle Lens,Conqueror,Resolve,Phase Rush,Precision,Summon Aery,Inspiration,Lethal Tempo,Sorcery,Aftershock,Inspiration,Grasp of the Undying,Precision,Conqueror,Inspiration,Summon Aery,Precision,Press the Attack,Inspiration,Glacial Augment,Domination,Flash,Teleport,Ghost,Smite,Teleport,Flash,Flash,Cleanse,Flash,Ignite,Teleport,Flash,Flash,Smite,Flash,Teleport,Flash,Cleanse,Ignite,Flash,0,0,0,1,6,0
https://www.op.gg/summoners/euw/Unkn0wn-EUW11/matches/34-jfPz6TmxNMnu56FODy7T4c9VJc5NTu0bT4lyGCfM%3D/1732312325000,1,35,25,25,35,40,65,122,94,36,43,1,3,2,0,9,5,3,3,69356,62913,16.6,15.6,1013,1038,30.8,31.400000000000002,6443,-6443,2107.3553846153845,1911.5873076923078,Ambessa,Ivern,Orianna,Ashe,Thresh,Gragas,Hecarim,Aurora,Jinx,Blitzcrank,Doran's Shield,Ravenous Hydra,Eclipse,Mercury's Treads,Voltaic Cyclosword,Black Cleaver,Stealth Ward,Moonstone Renewer,Ionian Boots of Lucidity,Redemption,Dark Seal,Dawncore,Forbidden Idol,Oracle Lens,Rabadon's Deathcap,Sorcerer's Shoes,Dark Seal,Void Staff,Verdant Barrier,Luden's Companion,Farsight Alteration,Mortal Reminder,Kraken Slayer,B. F. Sword,Runaan's Hurricane,Bloodthirster,Berserker's Greaves,Farsight Alteration,Redemption,Locket of the Iron Solari,Celestial Opposition,Knight's Vow,Boots of Swiftness,No_Item,Oracle Lens,Abyssal Mask,Cosmic Drive,Fimbulwinter,Frozen Heart,Randuin's Omen,Ionian Boots of Lucidity,Stealth Ward,Spear of Shojin,Ionian Boots of Lucidity,Eclipse,Dead Man's Plate,Serpent's Fang,Tunneler,Oracle Lens,Void Staff,No_Item,Needlessly Large Rod,Mercury's Treads,Shadowflame,Luden's Companion,Farsight Alteration,Doran's Blade,Rapid Firecannon,Long Sword,Yun Tal Wildarrows,Berserker's Greaves,Infinity Edge,Farsight Alteration,Trailblazer,Bloodsong,Locket of the Iron Solari,Control Ward,Cloth Armor,Boots of Swiftness,Oracle Lens,Conqueror,Domination,Summon Aery,Inspiration,Arcane Comet,Precision,Lethal Tempo,Inspiration,Glacial Augment,Domination,Phase Rush,Precision,Phase Rush,Precision,Arcane Comet,Domination,Lethal Tempo,Sorcery,Glacial Augment,Sorcery,Teleport,Flash,Flash,Smite,Flash,Teleport,Flash,Barrier,Ignite,Flash,Flash,Teleport,Ghost,Smite,Flash,Teleport,Flash,Cleanse,Flash,Teleport,1,5,1,0,1,0
https://www.op.gg/summoners/euw/Unkn0wn-EUW11/matches/34-jfPz6Tmy0PRHt5QDr0YeRR2xGe4lj8o-A-FoOx4A%3D/1732309490000,1,42,31,31,43,52,59,57,68,14,19,2,1,1,0,10,2,3,1,67846,54458,15.8,14.6,883,827,30.7,28.7,13388,-13388,2372.237762237762,1904.1258741258741,Yasuo,Xin Zhao,Diana,Jinx,Nautilus,Gnar,Graves,Aurora,Ezreal,Zoe,Immortal Shieldbow,Berserker's Greaves,Stridebreaker,Cloak of Agility,Blade of The Ruined King,B. F. Sword,Oracle Lens,Sundered Sky,Titanic Hydra,Black Cleaver,Plated Steelcaps,Warden's Mail,Ruby Crystal,Oracle Lens,Banshee's Veil,Hextech Alternator,Zhonya's Hourglass,Sorcerer's Shoes,Stormsurge,No_Item,Farsight Alteration,Berserker's Greaves,Vampiric Scepter,Phantom Dancer,Yun Tal Wildarrows,Cloak of Agility,Infinity Edge,Farsight Alteration,Chain Vest,Warmog's Armor,Bloodsong,Plated Steelcaps,Kindlegem,No_Item,Oracle Lens,Doran's Blade,Trinity Force,Pickaxe,Black Cleaver,Plated Steelcaps,Ruby Crystal,Stealth Ward,The Collector,Youmuu's Ghostblade,Lord Dominik's Regards,Plated Steelcaps,Pickaxe,Cloak of Agility,Farsight Alteration,Fated Ashes,Mejai's Soulstealer,Malignance,Sorcerer's Shoes,Cosmic Drive,Haunting Guise,Oracle Lens,Doran's Blade,Serylda's Grudge,Trinity Force,Muramana,Ionian Boots of Lucidity,No_Item,Farsight Alteration,Zaz'Zak's Realmspike,Sorcerer's Shoes,No_Item,Luden's Companion,Dark Seal,Stormsurge,Oracle Lens,Grasp of the Undying,Precision,Conqueror,Domination,Electrocute,Resolve,Lethal Tempo,Sorcery,Aftershock,Inspiration,Fleet Footwork,Resolve,Dark Harvest,Precision,Electrocute,Sorcery,Press the Attack,Inspiration,Electrocute,Inspiration,Teleport,Flash,Flash,Smite,Flash,Teleport,Barrier,Flash,Ignite,Flash,Flash,Teleport,Flash,Smite,Flash,Teleport,Flash,Barrier,Ignite,Flash,1,3,2,0,3,0
https://www.op.gg/summoners/euw/Unkn0wn-EUW11/matches/34-jfPz6TmwxKAIPouVuPYxVIpLKxsd2JKUYQRhDFx8%3D/1732307122000,0,22,46,46,22,78,35,71,69,16,25,0,5,0,1,3,11,0,6,58373,72014,15.2,16.6,912,992,27.2,29.6,-13641,13641,1732.5319634703196,2137.4018264840183,Gnar,Zac,Syndra,Caitlyn,Thresh,Akali,Xin Zhao,Swain,Ezreal,Nami,Force of Nature,Mercury's Treads,Pickaxe,Ruby Crystal,Trinity Force,Tunneler,Stealth Ward,Kindlegem,Dark Seal,Abyssal Mask,Spirit Visage,Sunfire Aegis,Ionian Boots of Lucidity,Oracle Lens,Blackfire Torch,Liandry's Torment,Void Staff,Ionian Boots of Lucidity,Rabadon's Deathcap,No_Item,Farsight Alteration,Bloodthirster,Maw of Malmortius,Infinity Edge,Berserker's Greaves,No_Item,The Collector,Farsight Alteration,Celestial Opposition,Ionian Boots of Lucidity,Locket of the Iron Solari,Control Ward,Oblivion Orb,Redemption,Oracle Lens,Stormsurge,Shadowflame,Void Staff,Sorcerer's Shoes,Amplifying Tome,Rabadon's Deathcap,Farsight Alteration,Chempunk Chainsword,Titanic Hydra,Black Cleaver,Mercury's Treads,Warden's Mail,Ruby Crystal,Oracle Lens,Doran's Ring,Blackfire Torch,Rylai's Crystal Scepter,Zhonya's Hourglass,Liandry's Torment,Mercury's Treads,Oracle Lens,Muramana,Trinity Force,Caulfield's Warhammer,Ionian Boots of Lucidity,Bloodthirster,Serylda's Grudge,Farsight Alteration,Watchful Wardstone,Shurelya's Battlesong,Dream Maker,Imperial Mandate,Staff of Flowing Water,Ionian Boots of Lucidity,Oracle Lens,Grasp of the Undying,Precision,Aftershock,Inspiration,Arcane Comet,Precision,Hail of Blades,Sorcery,Glacial Augment,Domination,Electrocute,Resolve,Conqueror,Domination,Conqueror,Resolve,Conqueror,Inspiration,Summon Aery,Domination,Teleport,Flash,Smite,Flash,Flash,Teleport,Flash,Barrier,Flash,Ignite,Flash,Teleport,Flash,Smite,Teleport,Flash,Flash,Cleanse,Heal,Flash,1,5,0,0,1,2
https://www.op.gg/summoners/euw/Unkn0wn-EUW11/matches/34-jfPz6TmxdGrPbaI8kmRj6_pVOmjlYDZ32YcNtKwA%3D/1732304285000,1,31,29,29,31,32,56,69,101,40,25,3,2,1,1,10,6,4,3,70097,67441,16.6,16.2,1002,1031,29.4,30.2,2656,-2656,2053.0502092050206,1975.2594142259413,Fiddlesticks,Kindred,Akali,Kai'Sa,Rell,Renekton,Graves,Aurora,Ezreal,Lux,Seeker's Armguard,Plated Steelcaps,Needlessly Large Rod,Abyssal Mask,Liandry's Torment,No_Item,Scarecrow Effigy,Trinity Force,Pickaxe,Black Cleaver,Kraken Slayer,Wit's End,Plated Steelcaps,Oracle Lens,Void Staff,Amplifying Tome,No_Item,Sorcerer's Shoes,Shadowflame,Lich Bane,Oracle Lens,Rabadon's Deathcap,Statikk Shiv,Guinsoo's Rageblade,Berserker's Greaves,Nashor's Tooth,Void Staff,Farsight Alteration,Bloodsong,Locket of the Iron Solari,Zeke's Convergence,Ionian Boots of Lucidity,Kindlegem,Null-Magic Mantle,Oracle Lens,Sterak's Gage,Abyssal Mask,Eclipse,Mercury's Treads,Cloth Armor,No_Item,Farsight Alteration,The Collector,Youmuu's Ghostblade,Immortal Shieldbow,Mercury's Treads,Infinity Edge,Cloak of Agility,Oracle Lens,Needlessly Large Rod,Malignance,Liandry's Torment,Mercury's Treads,Dark Seal,Void Staff,Oracle Lens,Null-Magic Mantle,Spear of Shojin,Trinity Force,Ionian Boots of Lucidity,Muramana,Serylda's Grudge,Farsight Alteration,Shurelya's Battlesong,Amplifying Tome,Boots of Swiftness,Dream Maker,Banshee's Veil,Amplifying Tome,Oracle Lens,Summon Aery,Resolve,Press the Attack,Inspiration,Electrocute,Resolve,Press the Attack,Inspiration,Aftershock,Inspiration,Conqueror,Resolve,Dark Harvest,Precision,Electrocute,Precision,Press the Attack,Inspiration,Arcane Comet,Precision,Flash,Teleport,Flash,Smite,Flash,Teleport,Flash,Barrier,Flash,Ignite,Teleport,Flash,Flash,Smite,Teleport,Flash,Flash,Barrier,Flash,Heal,0,5,2,1,1,0
https://www.op.gg/summoners/euw/Unkn0wn-EUW11/matches/34-jfPz6TmznGwUw4e1GFAOu-_x5hNHu-zWrLH8KQCI%3D/1732301595000,1,45,25,25,46,34,54,97,84,32,20,1,2,1,0,11,2,2,2,69876,55530,15.8,14.6,852,821,28.5,27.4,14346,-14346,2329.2,1851.0,Riven,Viego,Akali,Corki,Pyke,Poppy,Morgana,Jayce,Ashe,Sylas,Death's Dance,Eclipse,Black Cleaver,Tunneler,Plated Steelcaps,Ruby Crystal,Oracle Lens,Kraken Slayer,Control Ward,Titanic Hydra,Mercury's Treads,Sterak's Gage,No_Item,Oracle Lens,Zhonya's Hourglass,Stormsurge,Your Cut,Mercury's Treads,Shadowflame,Rabadon's Deathcap,Farsight Alteration,Doran's Blade,Muramana,Pickaxe,Plated Steelcaps,Lord Dominik's Regards,Trinity Force,Farsight Alteration,Bloodsong,Umbral Glaive,Youmuu's Ghostblade,Watchful Wardstone,Synchronized Souls,Edge of Night,Oracle Lens,Thornmail,Hollow Radiance,Plated Steelcaps,Tear of the Goddess,Kindlegem,Doran's Shield,Farsight Alteration,Stormsurge,Liandry's Torment,Sorcerer's Shoes,Dark Seal,Hextech Alternator,No_Item,Stealth Ward,Edge of Night,Muramana,Eclipse,Serylda's Grudge,Pickaxe,Slightly Magical Footwear,Farsight Alteration,Kraken Slayer,Phantom Dancer,Berserker's Greaves,Executioner's Calling,Last Whisper,No_Item,Farsight Alteration,Zhonya's Hourglass,Celestial Opposition,Needlessly Large Rod,Sorcerer's Shoes,No_Item,Stormsurge,Oracle Lens,Conqueror,Inspiration,Conqueror,Inspiration,Electrocute,Sorcery,Conqueror,Inspiration,Hail of Blades,Resolve,Grasp of the Undying,Inspiration,Dark Harvest,Inspiration,Conqueror,Inspiration,Lethal Tempo,Inspiration,Electrocute,Inspiration,Flash,Ignite,Flash,Smite,Teleport,Flash,Flash,Barrier,Flash,Ignite,Teleport,Flash,Flash,Smite,Flash,Teleport,Barrier,Flash,Flash,Ignite,1,6,3,0,0,0
https://www.op.gg/summoners/euw/Unkn0wn-EUW11/matches/34-jfPz6TmyoffwAP6-1LtgqwNWKvpadr6QjQnA2nL0%3D/1732298779000,1,34,22,22,35,23,59,61,60,22,22,2,2,1,0,11,4,3,2,64000,54444,15.4,14.0,921,939,31.8,32.4,9556,-9556,2208.0,1878.3180000000002,Akali,Xin Zhao,Aurora,Ezreal,Zilean,Jayce,Kindred,Sylas,Corki,Tahm Kench,Doran's Ring,Dark Seal,Lich Bane,Sorcerer's Shoes,Shadowflame,Blighting Jewel,Farsight Alteration,Sundered Sky,Titanic Hydra,No_Item,Black Cleaver,Plated Steelcaps,Executioner's Calling,Oracle Lens,Liandry's Torment,Malignance,Sorcerer's Shoes,Mejai's Soulstealer,Cosmic Drive,Needlessly Large Rod,Farsight Alteration,Doran's Blade,Muramana,Trinity Force,Ionian Boots of Lucidity,Serylda's Grudge,B. F. Sword,Farsight Alteration,Locket of the Iron Solari,Redemption,Solstice Sleigh,Control Ward,Kindlegem,Ionian Boots of Lucidity,Oracle Lens,Serrated Dirk,Eclipse,Muramana,Serylda's Grudge,Ionian Boots of Lucidity,Long Sword,Farsight Alteration,Wit's End,Kraken Slayer,Plated Steelcaps,Ruby Crystal,Sheen,Chain Vest,Oracle Lens,Sorcerer's Shoes,Zhonya's Hourglass,Hextech Rocketbelt,Shadowflame,No_Item,Doran's Ring,Oracle Lens,Plated Steelcaps,Trinity Force,Rapid Firecannon,B. F. Sword,Muramana,Pickaxe,Farsight Alteration,Solstice Sleigh,Heartsteel,Unending Despair,Control Ward,No_Item,Mercury's Treads,Oracle Lens,Electrocute,Resolve,Conqueror,Domination,Grasp of the Undying,Precision,Press the Attack,Inspiration,Guardian,Sorcery,Phase Rush,Inspiration,Conqueror,Domination,Conqueror,Resolve,Conqueror,Inspiration,Grasp of the Undying,Inspiration,Teleport,Ignite,Flash,Smite,Flash,Teleport,Flash,Barrier,Flash,Heal,Flash,Teleport,Flash,Smite,Flash,Teleport,Barrier,Flash,Flash,Exhaust,0,1,2,1,2,0
https://www.op.gg/summoners/euw/Unkn0wn-EUW11/matches/34-jfPz6TmzQTBsUz8oAVg3qOS8met_T4FPJqCEiAcQ%3D/1732296549000,1,30,14,14,30,24,57,44,49,22,11,1,1,1,0,10,1,2,1,53398,42700,13.4,12.4,739,689,31.700000000000003,29.5,10698,-10698,2284.247777777778,1826.6111111111113,Gwen,Ivern,Corki,Jinx,Thresh,Gragas,Jarvan IV,Smolder,Kai'Sa,Nautilus,Needlessly Large Rod,Nashor's Tooth,Riftmaker,Mercury's Treads,No_Item,No_Item,Oracle Lens,Redemption,Ionian Boots of Lucidity,No_Item,Moonstone Renewer,Ardent Censer,Dark Seal,Oracle Lens,Immortal Shieldbow,Trinity Force,Boots of Swiftness,Muramana,Doran's Blade,Rapid Firecannon,Farsight Alteration,Doran's Blade,B. F. Sword,Yun Tal Wildarrows,Cloak of Agility,Berserker's Greaves,Runaan's Hurricane,Farsight Alteration,Boots of Swiftness,Celestial Opposition,Locket of the Iron Solari,Control Ward,Kindlegem,Chain Vest,Oracle Lens,Ionian Boots of Lucidity,Cosmic Drive,Fimbulwinter,Doran's Ring,No_Item,No_Item,Stealth Ward,Sundered Sky,Eclipse,Ruby Crystal,Long Sword,Slightly Magical Footwear,Control Ward,Oracle Lens,Muramana,Refillable Potion,Rapid Firecannon,Trinity Force,Ionian Boots of Lucidity,No_Item,Oracle Lens,Kraken Slayer,Terminus,Negatron Cloak,Slightly Magical Footwear,Guinsoo's Rageblade,Rejuvenation Bead,Farsight Alteration,No_Item,Locket of the Iron Solari,Bloodsong,Mercury's Treads,Ruby Crystal,Cloth Armor,Oracle Lens,Conqueror,Resolve,Summon Aery,Inspiration,Conqueror,Inspiration,Lethal Tempo,Sorcery,Aftershock,Inspiration,Phase Rush,Inspiration,Conqueror,Inspiration,Fleet Footwork,Inspiration,Lethal Tempo,Inspiration,Aftershock,Inspiration,Ignite,Teleport,Smite,Flash,Flash,Teleport,Flash,Barrier,Flash,Ignite,Flash,Teleport,Flash,Smite,Flash,Teleport,Flash,Barrier,Flash,Ignite,0,6,2,1,0,0
https://www.op.gg/summoners/euw/Unkn0wn-EUW11/matches/34-jfPz6TmzqrRYHvJd2_XiPJWdfxYtiF9RiL9h71NU%3D/1732294482000,0,42,45,45,42,90,64,166,123,57,60,2,4,1,2,5,8,3,6,84251,87804,17.4,17.6,1277,1226,30.3,29.0,-3553,3553,1993.9403333333332,2078.028,Irelia,Olaf,Vex,Ashe,Pyke,Yone,Jarvan IV,Cassiopeia,Kalista,Renata Glasc,Sterak's Gage,Blade of The Ruined King,Kraken Slayer,Plated Steelcaps,Sundered Sky,Ruby Crystal,Farsight Alteration,Plated Steelcaps,Sundered Sky,Stridebreaker,Kaenic Rookern,Frozen Heart,Steel Sigil,Oracle Lens,Void Staff,Luden's Companion,Horizon Focus,Sorcerer's Shoes,Rabadon's Deathcap,Shadowflame,Farsight Alteration,Infinity Edge,Phantom Dancer,B. F. Sword,Kraken Slayer,Berserker's Greaves,Mortal Reminder,Farsight Alteration,Bloodsong,Youmuu's Ghostblade,Umbral Glaive,Watchful Wardstone,Edge of Night,Plated Steelcaps,Oracle Lens,Guardian Angel,Stridebreaker,Blade of The Ruined King,Berserker's Greaves,Immortal Shieldbow,Infinity Edge,Farsight Alteration,Randuin's Omen,Control Ward,Sundered Sky,Guardian Angel,Black Cleaver,Plated Steelcaps,Oracle Lens,Seraph's Embrace,Rylai's Crystal Scepter,Zhonya's Hourglass,Rabadon's Deathcap,Liandry's Torment,Banshee's Veil,Farsight Alteration,Mercurial Scimitar,Blade of The Ruined King,Guinsoo's Rageblade,Terminus,"Jak'Sho, The Protean",Berserker's Greaves,Farsight Alteration,Mikael's Blessing,Locket of the Iron Solari,Solstice Sleigh,Null-Magic Mantle,Ionian Boots of Lucidity,Redemption,Farsight Alteration,Conqueror,Inspiration,Conqueror,Inspiration,Electrocute,Sorcery,Lethal Tempo,Inspiration,Hail of Blades,Resolve,Lethal Tempo,Resolve,Conqueror,Inspiration,Conqueror,Sorcery,Lethal Tempo,Domination,Guardian,Inspiration,Flash,Teleport,Smite,Ghost,Teleport,Flash,Flash,Barrier,Flash,Ignite,Teleport,Flash,Flash,Smite,Flash,Teleport,Barrier,Flash,Flash,Heal,1,3,0,0,3,2
https://www.op.gg/summoners/euw/Unkn0wn-EUW11/matches/34-jfPz6Tmw8ZH94361VRr9GITnueIdr2vtupUSot6Y%3D/1732290847000,0,21,28,28,21,37,32,75,60,21,25,1,2,0,0,2,5,1,2,43244,49757,12.0,13.2,704,790,30.2,34.0,-6513,6513,1853.3142857142855,2132.442857142857,Poppy,Karthus,Irelia,Jinx,Pyke,Rammus,Wukong,Orianna,Smolder,Rakan,Sundered Sky,Control Ward,Mercury's Treads,Bramble Vest,Fimbulwinter,Doran's Shield,Farsight Alteration,Liandry's Torment,Malignance,Sorcerer's Shoes,Amplifying Tome,No_Item,No_Item,Farsight Alteration,Blade of The Ruined King,Mercury's Treads,Doran's Blade,Kraken Slayer,Negatron Cloak,Dagger,Stealth Ward,Doran's Blade,Lord Dominik's Regards,Yun Tal Wildarrows,Pickaxe,Berserker's Greaves,Cloak of Agility,Farsight Alteration,Umbral Glaive,Synchronized Souls,Celestial Opposition,No_Item,Serrated Dirk,Tunneler,Oracle Lens,Sorcerer's Shoes,Thornmail,"Jak'Sho, The Protean",Kindlegem,Chain Vest,Chain Vest,Stealth Ward,No_Item,No_Item,Boots of Swiftness,Sundered Sky,Trinity Force,Sterak's Gage,Stealth Ward,Rabadon's Deathcap,Sorcerer's Shoes,Seraph's Embrace,Zhonya's Hourglass,Dark Seal,No_Item,Farsight Alteration,Doran's Blade,Muramana,Trinity Force,Boots,Zeal,No_Item,Farsight Alteration,Knight's Vow,Locket of the Iron Solari,Solstice Sleigh,Ionian Boots of Lucidity,No_Item,No_Item,Oracle Lens,Grasp of the Undying,Inspiration,Dark Harvest,Inspiration,Press the Attack,Domination,Lethal Tempo,Sorcery,Hail of Blades,Resolve,Aftershock,Precision,Conqueror,Inspiration,Summon Aery,Precision,Press the Attack,Inspiration,Guardian,Domination,Teleport,Flash,Smite,Flash,Teleport,Flash,Cleanse,Flash,Ignite,Flash,Flash,Teleport,Flash,Smite,Flash,Teleport,Flash,Barrier,Flash,Heal,0,3,0,1,3,0
https://www.op.gg/summoners/euw/Unkn0wn-EUW11/matches/34-jfPz6Tmz3FwIejo3wia4y7dFKQEmKTnLhz4Pu4As%3D/1732288923000,1,15,1,1,15,0,14,36,34,11,5,1,0,0,0,3,0,1,0,31985,21551,10.0,8.4,548,434,35.3,27.9,10434,-10434,2048.4775280898875,1380.232584269663,K'Sante,Diana,Yasuo,Corki,Zac,Gnar,Viego,Taliyah,Smolder,Alistar,Iceborn Gauntlet,Refillable Potion,Bramble Vest,Plated Steelcaps,Cloth Armor,Doran's Shield,Stealth Ward,Scorchclaw Pup,Hextech Rocketbelt,Sorcerer's Shoes,Needlessly Large Rod,No_Item,No_Item,Eye of the Herald,Doran's Shield,Blade of The Ruined King,No_Item,No_Item,Refillable Potion,Berserker's Greaves,Farsight Alteration,Doran's Blade,Refillable Potion,Caulfield's Warhammer,Tear of the Goddess,Trinity Force,Slightly Magical Footwear,Farsight Alteration,Celestial Opposition,Zeke's Convergence,Ruby Crystal,No_Item,Ionian Boots of Lucidity,No_Item,Oracle Lens,Plated Steelcaps,Refillable Potion,Hearthbound Axe,Doran's Blade,Phage,No_Item,Farsight Alteration,Gustwalker Hatchling,Kraken Slayer,Ruby Crystal,No_Item,Slightly Magical Footwear,No_Item,Oracle Lens,Doran's Ring,Archangel's Staff,No_Item,Ionian Boots of Lucidity,No_Item,No_Item,Stealth Ward,Doran's Blade,Refillable Potion,Tear of the Goddess,Glowing Mote,Hearthbound Axe,Phage,Stealth Ward,Bloodsong,Kindlegem,Plated Steelcaps,Control Ward,No_Item,No_Item,Oracle Lens,Grasp of the Undying,Inspiration,Conqueror,Inspiration,Fleet Footwork,Resolve,Conqueror,Inspiration,Aftershock,Precision,Grasp of the Undying,Precision,Conqueror,Inspiration,Phase Rush,Inspiration,Conqueror,Inspiration,Aftershock,Inspiration,Flash,Teleport,Flash,Smite,Flash,Teleport,Flash,Barrier,Flash,Ignite,Flash,Teleport,Flash,Smite,Flash,Teleport,Flash,Teleport,Flash,Exhaust,1,0,0,0,3,0
https://www.op.gg/summoners/euw/Unkn0wn-EUW11/matches/34-jfPz6TmzCS3YVdxFLwgNwKhUXe6F4LiAyb5ItDLk%3D/1732286957000,1,27,8,8,27,18,55,48,54,20,11,1,1,1,0,11,0,2,1,50698,35604,13.4,11.8,699,624,30.5,27.2,15094,-15094,2214.3954022988505,1555.1172413793104,Gragas,Nocturne,Aurora,Smolder,Lulu,Gnar,Vi,Sylas,Jinx,Rakan,Amplifying Tome,Cosmic Drive,No_Item,Ionian Boots of Lucidity,Amplifying Tome,Fimbulwinter,Oracle Lens,Experimental Hexplate,Stridebreaker,No_Item,Tunneler,Plated Steelcaps,No_Item,Farsight Alteration,Doran's Ring,Refillable Potion,Liandry's Torment,Stormsurge,Sorcerer's Shoes,Blasting Wand,Farsight Alteration,Doran's Blade,Refillable Potion,Muramana,Trinity Force,Plated Steelcaps,Zeal,Farsight Alteration,Refillable Potion,Ardent Censer,Dream Maker,Boots of Swiftness,Moonstone Renewer,Forbidden Idol,Oracle Lens,Trinity Force,Refillable Potion,Tunneler,Ruby Crystal,Mercury's Treads,No_Item,Farsight Alteration,Tunneler,No_Item,Control Ward,No_Item,Sundered Sky,Mercury's Treads,Oracle Lens,Hextech Rocketbelt,Kindlegem,Doran's Ring,Fiendish Codex,Ionian Boots of Lucidity,Dark Seal,Stealth Ward,Zeal,Doran's Blade,Yun Tal Wildarrows,Infinity Edge,Berserker's Greaves,No_Item,Farsight Alteration,No_Item,Celestial Opposition,Zeke's Convergence,Ruby Crystal,Glowing Mote,Ionian Boots of Lucidity,Oracle Lens,Phase Rush,Inspiration,Conqueror,Domination,Electrocute,Precision,Press the Attack,Inspiration,Summon Aery,Resolve,Grasp of the Undying,Precision,Conqueror,Domination,Conqueror,Resolve,Lethal Tempo,Sorcery,Guardian,Domination,Teleport,Flash,Smite,Flash,Teleport,Flash,Flash,Barrier,Heal,Flash,Flash,Teleport,Smite,Flash,Teleport,Flash,Barrier,Flash,Flash,Ignite,1,5,3,0,1,0
https://www.op.gg/summoners/euw/Unkn0wn-EUW11/matches/34-jfPz6TmxSD6hcifXvh1Bu5bFS1xWwMUNYlR3k6lg%3D/1732199267000,1,45,24,24,45,49,56,73,60,17,35,3,0,1,0,11,2,4,0,68955,53306,15.8,14.0,963,799,34.3,28.599999999999998,15649,-15649,2460.3661971830984,1901.9981220657276,Aatrox,Jax,Orianna,Zeri,Sylas,Gragas,Poppy,Corki,Aphelios,Milio,Sundered Sky,Sterak's Gage,Control Ward,No_Item,Profane Hydra,Mercury's Treads,Oracle Lens,Mercury's Treads,Trinity Force,No_Item,Sterak's Gage,Warden's Mail,Sundered Sky,Stealth Ward,Shadowflame,Seraph's Embrace,Liandry's Torment,Sorcerer's Shoes,Dark Seal,Needlessly Large Rod,Farsight Alteration,Bloodthirster,Yun Tal Wildarrows,Infinity Edge,Statikk Shiv,Berserker's Greaves,Long Sword,Farsight Alteration,Shattered Armguard,Hextech Rocketbelt,Ionian Boots of Lucidity,Stormsurge,Celestial Opposition,No_Item,Oracle Lens,Boots of Swiftness,Cosmic Drive,Hextech Rocketbelt,Lost Chapter,Blighting Jewel,Blasting Wand,Oracle Lens,Negatron Cloak,Locket of the Iron Solari,Ruby Crystal,Bami's Cinder,Sundered Sky,Ionian Boots of Lucidity,Oracle Lens,Slightly Magical Footwear,Trinity Force,Muramana,Mortal Reminder,No_Item,Doran's Blade,Farsight Alteration,Doran's Blade,Infinity Edge,The Collector,Berserker's Greaves,Mortal Reminder,B. F. Sword,Farsight Alteration,Dream Maker,Ardent Censer,Ionian Boots of Lucidity,Moonstone Renewer,Echoes of Helia,Faerie Charm,Oracle Lens,Conqueror,Resolve,Conqueror,Inspiration,Arcane Comet,Inspiration,Lethal Tempo,Resolve,Electrocute,Inspiration,Phase Rush,Precision,Phase Rush,Inspiration,Conqueror,Inspiration,Press the Attack,Sorcery,Summon Aery,Inspiration,Teleport,Flash,Smite,Flash,Flash,Teleport,Flash,Barrier,Flash,Ignite,Flash,Teleport,Smite,Flash,Flash,Teleport,Flash,Barrier,Flash,Heal,1,6,4,0,0,0
https://www.op.gg/summoners/euw/Unkn0wn-EUW11/matches/34-jfPz6TmzYWj1wepE7Ybe7wKs2AmcpvAY88CuEiFo%3D/1732197000000,0,6,13,13,6,9,6,36,36,11,14,0,2,0,0,1,2,0,2,25900,32008,9.4,10.4,461,585,28.2,35.7,-6108,6108,1585.2586206896551,1959.1103448275862,Ambessa,Viego,Sylas,Corki,Rakan,Aatrox,Shyvana,Akali,Ezreal,Bard,Eclipse,Long Sword,No_Item,No_Item,Plated Steelcaps,No_Item,Farsight Alteration,Gustwalker Hatchling,Blade of The Ruined King,No_Item,Mercury's Treads,No_Item,No_Item,Oracle Lens,Refillable Potion,Hextech Rocketbelt,Sorcerer's Shoes,Doran's Ring,Amplifying Tome,No_Item,Oracle Lens,Doran's Blade,Refillable Potion,Trinity Force,Tear of the Goddess,Caulfield's Warhammer,Boots,Farsight Alteration,Solstice Sleigh,Locket of the Iron Solari,Control Ward,No_Item,Ionian Boots of Lucidity,No_Item,Oracle Lens,Tiamat,Refillable Potion,Plated Steelcaps,Eclipse,No_Item,No_Item,Stealth Ward,Spear of Shojin,Sorcerer's Shoes,No_Item,Haunting Guise,Fated Ashes,No_Item,Oracle Lens,Sorcerer's Shoes,Stormsurge,Refillable Potion,Dark Seal,Doran's Ring,Hextech Alternator,Oracle Lens,Doran's Blade,Tear of the Goddess,Trinity Force,Long Sword,Slightly Magical Footwear,Long Sword,Farsight Alteration,Refillable Potion,Winged Moonplate,Chain Vest,Solstice Sleigh,Ruby Crystal,Boots of Swiftness,Oracle Lens,Conqueror,Resolve,Conqueror,Inspiration,Electrocute,Sorcery,Conqueror,Inspiration,Guardian,Domination,Conqueror,Resolve,Press the Attack,Inspiration,Electrocute,Resolve,Conqueror,Inspiration,Guardian,Domination,Teleport,Flash,Smite,Flash,Flash,Teleport,Flash,Barrier,Ignite,Flash,Flash,Teleport,Flash,Smite,Teleport,Flash,Flash,Barrier,Ignite,Flash,0,3,0,0,3,0
https://www.op.gg/summoners/euw/Unkn0wn-EUW11/matches/34-jfPz6TmxGDuzs-8QMGQ8Nbl-tKOJ4asACccD0Zw4%3D/1732135613000,0,21,34,34,21,70,24,67,107,21,30,3,1,0,2,4,10,3,3,58729,67985,15.0,16.2,1038,946,33.4,30.5,-9256,9256,1883.7603773584906,2180.6509433962265,Volibear,Diana,Yasuo,Ezreal,Karma,Gnar,Lee Sin,Veigar,Ashe,Thresh,Unending Despair,Cosmic Drive,Hextech Rocketbelt,Spectre's Cowl,Boots of Swiftness,Mejai's Soulstealer,Oracle Lens,Cryptbloom,Hextech Rocketbelt,Mercury's Treads,Riftmaker,Oblivion Orb,Needlessly Large Rod,Oracle Lens,Doran's Blade,Stridebreaker,Berserker's Greaves,Blade of The Ruined King,Noonquiver,No_Item,Farsight Alteration,Serylda's Grudge,Spear of Shojin,Trinity Force,Muramana,Long Sword,Ionian Boots of Lucidity,Farsight Alteration,Ionian Boots of Lucidity,Control Ward,Zaz'Zak's Realmspike,Malignance,Cryptbloom,Dark Seal,Oracle Lens,Serpent's Fang,Giant's Belt,Sterak's Gage,Trinity Force,Negatron Cloak,Mercury's Treads,Farsight Alteration,Spirit Visage,Guardian Angel,Eclipse,Plated Steelcaps,Sundered Sky,No_Item,Stealth Ward,Seeker's Armguard,Void Staff,Boots of Swiftness,Rabadon's Deathcap,Fimbulwinter,Doran's Ring,Farsight Alteration,Steel Sigil,Kraken Slayer,Phantom Dancer,Infinity Edge,B. F. Sword,Berserker's Greaves,Farsight Alteration,Redemption,Locket of the Iron Solari,Celestial Opposition,No_Item,Kindlegem,Boots of Swiftness,Oracle Lens,Press the Attack,Resolve,Conqueror,Inspiration,Lethal Tempo,Resolve,Conqueror,Inspiration,Arcane Comet,Domination,Grasp of the Undying,Precision,Conqueror,Inspiration,Summon Aery,Precision,Lethal Tempo,Inspiration,Glacial Augment,Domination,Flash,Teleport,Flash,Smite,Teleport,Flash,Flash,Cleanse,Flash,Heal,Teleport,Flash,Smite,Flash,Flash,Teleport,Flash,Barrier,Ignite,Flash,1,6,0,0,0,2
https://www.op.gg/summoners/euw/Unkn0wn-EUW11/matches/34-jfPz6TmxfQMxdz5SuOc4xmuq9Sls1I5LV6XwqZms%3D/1732133078000,1,39,25,25,39,36,84,105,101,51,54,3,1,0,0,7,6,3,1,64496,65978,15.8,15.2,927,1057,27.7,31.7,-1482,1482,1924.477419354839,1968.6983870967745,Varus,Volibear,Veigar,Ashe,Nami,Jayce,Wukong,Fizz,Corki,Bard,Plated Steelcaps,Guinsoo's Rageblade,Shattered Armguard,Experimental Hexplate,No_Item,Kraken Slayer,Farsight Alteration,Plated Steelcaps,No_Item,Warden's Mail,Sundered Sky,Spirit Visage,Dead Man's Plate,Oracle Lens,Shattered Armguard,Rabadon's Deathcap,Void Staff,No_Item,Fimbulwinter,Ionian Boots of Lucidity,Farsight Alteration,Doran's Blade,Kraken Slayer,Phantom Dancer,Infinity Edge,No_Item,Berserker's Greaves,Farsight Alteration,Imperial Mandate,Solstice Sleigh,Moonstone Renewer,Shurelya's Battlesong,Boots of Swiftness,Forbidden Idol,Oracle Lens,Mercury's Treads,Serylda's Grudge,Youmuu's Ghostblade,Muramana,Doran's Blade,Serrated Dirk,Farsight Alteration,Mercury's Treads,Trinity Force,Black Cleaver,Null-Magic Mantle,Sundered Sky,No_Item,Oracle Lens,Lich Bane,Rabadon's Deathcap,Zhonya's Hourglass,Oblivion Orb,Blackfire Torch,Ionian Boots of Lucidity,Oracle Lens,Doran's Blade,Trinity Force,Mortal Reminder,Plated Steelcaps,Muramana,Rapid Firecannon,Farsight Alteration,Bloodsong,Boots of Swiftness,Dead Man's Plate,Control Ward,Statikk Shiv,Kindlegem,Oracle Lens,Press the Attack,Resolve,Press the Attack,Inspiration,Summon Aery,Inspiration,Lethal Tempo,Inspiration,Summon Aery,Domination,Phase Rush,Inspiration,Conqueror,Inspiration,Electrocute,Sorcery,Conqueror,Inspiration,Guardian,Domination,Flash,Teleport,Smite,Flash,Flash,Teleport,Flash,Barrier,Flash,Heal,Teleport,Flash,Smite,Flash,Flash,Ignite,Flash,Cleanse,Flash,Exhaust,1,1,1,0,5,0
https://www.op.gg/summoners/euw/Unkn0wn-EUW11/matches/34-jfPz6Tmx49JE3C_vuf0fJZyIcwPbGiiSP5goH7OI%3D/1732130141000,1,30,23,23,30,39,55,65,67,19,22,1,1,1,0,9,2,2,1,60812,50032,14.4,13.2,848,810,31.4,30.0,10780,-10780,2242.058585858586,1844.6141414141414,Gangplank,Viego,Sylas,Ashe,Rell,Vladimir,Graves,Seraphine,Lucian,Leona,Trinity Force,Mortal Reminder,Serrated Dirk,Pickaxe,Mercury's Treads,No_Item,Farsight Alteration,Titanic Hydra,Kraken Slayer,Sterak's Gage,Guardian Angel,Mercury's Treads,Negatron Cloak,Oracle Lens,Doran's Ring,Aether Wisp,Hextech Rocketbelt,Shadowflame,Dark Seal,Sorcerer's Shoes,Oracle Lens,Doran's Blade,Mortal Reminder,Long Sword,Phantom Dancer,Berserker's Greaves,Kraken Slayer,Farsight Alteration,Celestial Opposition,Mercury's Treads,Knight's Vow,Locket of the Iron Solari,Ruby Crystal,Control Ward,Oracle Lens,Void Staff,Stormsurge,No_Item,Ionian Boots of Lucidity,Cosmic Drive,No_Item,Stealth Ward,The Collector,Lord Dominik's Regards,Youmuu's Ghostblade,Pickaxe,Cloak of Agility,Plated Steelcaps,Oracle Lens,Ionian Boots of Lucidity,Seraph's Embrace,Blackfire Torch,Fated Ashes,Doran's Ring,Amplifying Tome,Farsight Alteration,Kraken Slayer,Control Ward,Essence Reaver,Ionian Boots of Lucidity,B. F. Sword,Doran's Blade,Farsight Alteration,Celestial Opposition,Thornmail,Locket of the Iron Solari,Plated Steelcaps,Ruby Crystal,Control Ward,Oracle Lens,Grasp of the Undying,Precision,Conqueror,Inspiration,Electrocute,Resolve,Lethal Tempo,Inspiration,Aftershock,Inspiration,Summon Aery,Precision,Dark Harvest,Precision,Conqueror,Inspiration,Press the Attack,Inspiration,Aftershock,Inspiration,Flash,Ignite,Flash,Smite,Flash,Teleport,Flash,Cleanse,Flash,Ignite,Ignite,Flash,Smite,Flash,Teleport,Flash,Flash,Teleport,Ignite,Flash,1,5,1,0,1,0
https://www.op.gg/summoners/euw/Unkn0wn-EUW11/matches/34-jfPz6TmzfKR23GUw1J43k2SPMJFLZBL7iaLz9qyw%3D/1732118485000,1,26,22,22,26,22,28,73,55,13,15,4,0,1,0,9,4,5,0,55914,46687,14.2,13.0,867,723,34.3,28.6,9227,-9227,2214.950724637681,1849.4367149758452,Irelia,Lee Sin,Ahri,Ezreal,Lulu,Renekton,Zac,Heimerdinger,Miss Fortune,Janna,Refillable Potion,Blade of The Ruined King,Plated Steelcaps,Wit's End,Sundered Sky,Control Ward,Stealth Ward,Eclipse,Sundered Sky,Mercury's Treads,Tunneler,Ruby Crystal,Control Ward,Stealth Ward,Needlessly Large Rod,Malignance,Cosmic Drive,Dark Seal,Doran's Ring,Ionian Boots of Lucidity,Oracle Lens,Doran's Blade,Muramana,Spear of Shojin,Trinity Force,Serylda's Grudge,Ionian Boots of Lucidity,Farsight Alteration,Shurelya's Battlesong,Zaz'Zak's Realmspike,Ionian Boots of Lucidity,Dark Seal,Ardent Censer,Amplifying Tome,Oracle Lens,Aether Wisp,Aether Wisp,Aether Wisp,Aether Wisp,Aether Wisp,Aether Wisp,Stealth Ward,Unending Despair,Sunfire Aegis,Dark Seal,Ionian Boots of Lucidity,Kindlegem,Null-Magic Mantle,Oracle Lens,Rabadon's Deathcap,Zhonya's Hourglass,Dark Seal,Boots,Luden's Companion,No_Item,Oracle Lens,Doran's Blade,Bloodthirster,Berserker's Greaves,Lord Dominik's Regards,Control Ward,No_Item,Farsight Alteration,Dream Maker,Boots of Swiftness,Dark Seal,Echoes of Helia,Kindlegem,Control Ward,Oracle Lens,Conqueror,Resolve,Conqueror,Inspiration,Electrocute,Sorcery,Press the Attack,Inspiration,Summon Aery,Inspiration,Press the Attack,Resolve,Aftershock,Precision,Arcane Comet,Precision,Press the Attack,Inspiration,Arcane Comet,Domination,Flash,Teleport,Flash,Smite,Teleport,Flash,Flash,Barrier,Flash,Ignite,Flash,Ignite,Smite,Flash,Flash,Exhaust,Flash,Barrier,Flash,Heal,1,0,2,0,6,0
https://www.op.gg/summoners/euw/Unkn0wn-EUW11/matches/34-jfPz6Tmx_-1AP5LQBckbTrFsE-mbwypsXE09FoIk%3D/1732115930000,0,18,30,30,18,48,34,58,52,16,18,0,3,0,1,1,5,0,4,38157,50704,10.2,12.2,534,638,25.1,30.0,-12547,12547,1792.2227272727273,2381.551515151515,Gnar,Wukong,Sylas,Corki,Lulu,Irelia,Skarner,Neeko,Draven,Pyke,Plated Steelcaps,Trinity Force,Kindlegem,No_Item,Doran's Blade,No_Item,Farsight Alteration,No_Item,Plated Steelcaps,Sundered Sky,Ruby Crystal,Long Sword,Trinity Force,Oracle Lens,Hextech Rocketbelt,Cosmic Drive,No_Item,Sorcerer's Shoes,Dark Seal,Doran's Shield,Oracle Lens,Doran's Blade,Muramana,Trinity Force,Boots,No_Item,No_Item,Farsight Alteration,Moonstone Renewer,Dream Maker,Redemption,Forbidden Idol,Boots,No_Item,Oracle Lens,Blade of The Ruined King,Stridebreaker,Doran's Blade,Plated Steelcaps,Wit's End,No_Item,Oracle Lens,Plated Steelcaps,Bramble Vest,No_Item,Tunneler,Heartsteel,No_Item,Oracle Lens,Stormsurge,Sorcerer's Shoes,Hextech Rocketbelt,Doran's Ring,Dark Seal,Amplifying Tome,Oracle Lens,Cloak of Agility,Infinity Edge,Lord Dominik's Regards,The Collector,Berserker's Greaves,Vampiric Scepter,Farsight Alteration,Bloodsong,Boots of Swiftness,Umbral Glaive,Control Ward,Serrated Dirk,No_Item,Oracle Lens,Grasp of the Undying,Precision,Conqueror,Inspiration,Electrocute,Resolve,Conqueror,Inspiration,Summon Aery,Resolve,Conqueror,Inspiration,Conqueror,Sorcery,Summon Aery,Inspiration,Lethal Tempo,Domination,Hail of Blades,Resolve,Flash,Teleport,Smite,Flash,Flash,Teleport,Flash,Barrier,Flash,Heal,Teleport,Flash,Smite,Flash,Flash,Teleport,Flash,Barrier,Ignite,Flash,0,6,0,0,0,0
https://www.op.gg/summoners/euw/Unkn0wn-EUW11/matches/34-jfPz6TmySFwgmU5xTLQ0s_D3O1Qs4dnGQMzmjdiY%3D/1732107761000,0,6,24,24,6,31,7,28,26,4,8,0,1,0,0,1,7,0,1,21819,36291,7.8,9.2,339,439,24.4,31.6,-14472,14472,1575.8166666666668,2621.016666666667,Jayce,Bel'Veth,Corki,Galio,Rell,Rengar,Udyr,LeBlanc,Draven,Alistar,Doran's Blade,Refillable Potion,Boots,Tear of the Goddess,Caulfield's Warhammer,Long Sword,Stealth Ward,Gustwalker Hatchling,Kraken Slayer,Slightly Magical Footwear,No_Item,No_Item,Control Ward,Oracle Lens,Doran's Blade,Refillable Potion,Hearthbound Axe,Tear of the Goddess,Boots,Phage,Stealth Ward,Doran's Ring,Hollow Radiance,Control Ward,Boots,Cloth Armor,No_Item,Stealth Ward,Boots,No_Item,Runic Compass,Zeke's Convergence,No_Item,No_Item,Oracle Lens,Ravenous Hydra,Boots,Refillable Potion,Doran's Shield,Pickaxe,Cloth Armor,Stealth Ward,Liandry's Torment,Plated Steelcaps,No_Item,Gustwalker Hatchling,No_Item,No_Item,Oracle Lens,Luden's Companion,Refillable Potion,Sorcerer's Shoes,Control Ward,Dark Seal,Doran's Ring,Oracle Lens,Doran's Blade,Infinity Edge,Refillable Potion,The Collector,Noonquiver,Berserker's Greaves,Farsight Alteration,Kindlegem,Runic Compass,Null-Magic Mantle,Control Ward,Cloth Armor,Plated Steelcaps,Oracle Lens,Conqueror,Resolve,Conqueror,Inspiration,Conqueror,Inspiration,Aftershock,Domination,Aftershock,Inspiration,Fleet Footwork,Resolve,Conqueror,Inspiration,First Strike,Domination,Lethal Tempo,Domination,Phase Rush,Inspiration,Flash,Ignite,Smite,Flash,Flash,Barrier,Flash,Teleport,Ignite,Flash,Flash,Teleport,Flash,Smite,Teleport,Flash,Flash,Barrier,Flash,Ignite,0,3,0,0,3,1
https://www.op.gg/summoners/euw/Unkn0wn-EUW11/matches/34-jfPz6Tmz-2DVqr557O84nLe7YghCMv4nxzNvquxA%3D/1732106197000,0,13,36,36,13,37,20,42,47,5,14,0,2,0,0,1,9,0,2,36844,49689,11.0,12.6,590,690,28.4,33.3,-12845,12845,1784.2691823899372,2406.322641509434,Yone,Vi,Anivia,Ezreal,Lulu,Jax,Rengar,Sylas,Corki,Rakan,Refillable Potion,Doran's Blade,Blade of The Ruined King,Berserker's Greaves,No_Item,No_Item,Stealth Ward,Black Cleaver,Sundered Sky,Control Ward,Slightly Magical Footwear,Tunneler,No_Item,Oracle Lens,Doran's Ring,Malignance,Boots of Swiftness,Dark Seal,Catalyst of Aeons,Liandry's Torment,Farsight Alteration,Slightly Magical Footwear,Tear of the Goddess,Trinity Force,Caulfield's Warhammer,Long Sword,Doran's Blade,Farsight Alteration,Moonstone Renewer,Dream Maker,Kindlegem,Ionian Boots of Lucidity,No_Item,Control Ward,Oracle Lens,Needlessly Large Rod,Doran's Shield,Sundered Sky,Plated Steelcaps,Trinity Force,Amplifying Tome,Stealth Ward,Control Ward,Youmuu's Ghostblade,Boots,Serrated Dirk,Serpent's Fang,No_Item,Eye of the Herald,Sorcerer's Shoes,Zhonya's Hourglass,Hextech Rocketbelt,Lich Bane,Dark Seal,Doran's Ring,Oracle Lens,Doran's Blade,Muramana,Trinity Force,Rapid Firecannon,Boots,Cloth Armor,Stealth Ward,Locket of the Iron Solari,Solstice Sleigh,Echoes of Helia,Control Ward,Kindlegem,Ionian Boots of Lucidity,Oracle Lens,Grasp of the Undying,Precision,Conqueror,Inspiration,Electrocute,Precision,Press the Attack,Inspiration,Summon Aery,Resolve,Lethal Tempo,Resolve,Conqueror,Domination,Electrocute,Precision,Conqueror,Inspiration,Guardian,Domination,Flash,Teleport,Smite,Flash,Ignite,Flash,Flash,Barrier,Flash,Heal,Flash,Teleport,Flash,Smite,Ignite,Flash,Flash,Teleport,Flash,Ignite,0,4,0,1,2,1
https://www.op.gg/summoners/euw/Unkn0wn-EUW11/matches/34-jfPz6TmxEaL-yg7UYIhjutKrTG5Rl_3Yv6lMGcLg%3D/1732065279000,1,32,21,21,32,36,86,85,43,17,23,1,3,1,0,9,3,2,3,61695,52727,15.2,13.6,846,827,28.3,27.7,8968,-8968,2064.5964566929133,1764.486220472441,Renekton,Viego,Ahri,Ashe,Lulu,Quinn,Jarvan IV,Akali,Ezreal,Rell,Stridebreaker,Randuin's Omen,Doran's Shield,Sterak's Gage,Plated Steelcaps,Null-Magic Mantle,Oracle Lens,Plated Steelcaps,Kraken Slayer,Sundered Sky,No_Item,Phage,Sterak's Gage,Oracle Lens,Horizon Focus,Zhonya's Hourglass,Verdant Barrier,Ionian Boots of Lucidity,Malignance,Dark Seal,Oracle Lens,Berserker's Greaves,Doran's Blade,Long Sword,Kraken Slayer,Runaan's Hurricane,Infinity Edge,Farsight Alteration,No_Item,Dream Maker,Redemption,Ionian Boots of Lucidity,Moonstone Renewer,Forbidden Idol,Oracle Lens,Profane Hydra,Edge of Night,Synchronized Souls,Doran's Blade,Mortal Reminder,Serrated Dirk,Oracle Lens,Mercury's Treads,Eclipse,Control Ward,Tunneler,Sundered Sky,Ruby Crystal,Oracle Lens,Rabadon's Deathcap,Control Ward,Stormsurge,Shadowflame,Dark Seal,Boots,Oracle Lens,Doran's Blade,Muramana,Ionian Boots of Lucidity,Serylda's Grudge,Trinity Force,No_Item,Farsight Alteration,Control Ward,Thornmail,Bloodsong,Trailblazer,Plated Steelcaps,Null-Magic Mantle,Oracle Lens,Press the Attack,Resolve,Conqueror,Inspiration,Electrocute,Sorcery,Lethal Tempo,Inspiration,Summon Aery,Resolve,Electrocute,Sorcery,Conqueror,Inspiration,Electrocute,Resolve,Conqueror,Inspiration,Aftershock,Inspiration,Flash,Teleport,Smite,Flash,Flash,Teleport,Barrier,Flash,Flash,Heal,Ignite,Flash,Smite,Flash,Ignite,Flash,Flash,Cleanse,Flash,Ignite,0,3,1,1,0,0
https://www.op.gg/summoners/euw/Unkn0wn-EUW11/matches/34-jfPz6TmwoOzisNr6OTYod-9hWBFbnU_zYJ1x6PHs%3D/1732062891000,1,29,30,30,29,61,53,100,131,49,39,2,3,1,0,9,6,3,3,71796,70085,17.0,16.8,1164,1153,33.2,32.8,1711,-1711,2034.2199999999998,1985.7416666666666,Ryze,Viego,Akali,Corki,Lulu,Aurora,Wukong,Sylas,Zeri,Rakan,Oblivion Orb,Mercury's Treads,Zhonya's Hourglass,Seraph's Embrace,Rabadon's Deathcap,Rod of Ages,Farsight Alteration,Sundered Sky,Trinity Force,Mercury's Treads,No_Item,Sterak's Gage,No_Item,Oracle Lens,Rabadon's Deathcap,No_Item,Stormsurge,Boots,Void Staff,Shadowflame,Oracle Lens,Last Whisper,Rapid Firecannon,Trinity Force,Mercury's Treads,Muramana,Infinity Edge,Farsight Alteration,Redemption,Dream Maker,Mikael's Blessing,No_Item,Ionian Boots of Lucidity,Moonstone Renewer,Oracle Lens,Verdant Barrier,Zhonya's Hourglass,Liandry's Torment,Sorcerer's Shoes,Malignance,Stormsurge,Oracle Lens,Sundered Sky,Trinity Force,Abyssal Mask,Death's Dance,Boots of Swiftness,No_Item,Oracle Lens,Hextech Rocketbelt,Shattered Armguard,Lich Bane,Sorcerer's Shoes,Dark Seal,Doran's Ring,Oracle Lens,Berserker's Greaves,Bloodthirster,Immortal Shieldbow,Statikk Shiv,Infinity Edge,Runaan's Hurricane,Farsight Alteration,No_Item,Celestial Opposition,Locket of the Iron Solari,Redemption,Kindlegem,Ionian Boots of Lucidity,Oracle Lens,Phase Rush,Precision,Conqueror,Inspiration,Electrocute,Resolve,Conqueror,Inspiration,Summon Aery,Resolve,Electrocute,Sorcery,Conqueror,Inspiration,Electrocute,Resolve,Lethal Tempo,Resolve,Guardian,Domination,Teleport,Flash,Flash,Smite,Ignite,Flash,Flash,Barrier,Flash,Heal,Flash,Teleport,Flash,Smite,Flash,Teleport,Barrier,Flash,Flash,Heal,1,3,2,0,0,0
https://www.op.gg/summoners/euw/Unkn0wn-EUW11/matches/34-jfPz6TmwarYn52b9LAmYNoHw0lrjWVUXrX8FIet8%3D/1732060186000,0,29,42,42,30,67,54,62,55,16,19,0,1,0,1,1,9,0,2,51057,61810,14.0,14.4,677,781,25.5,29.4,-10753,10753,1929.4796511627908,2335.843023255814,Renekton,Brand,Pyke,Caitlyn,Braum,Darius,Zyra,Zed,Corki,Nautilus,No_Item,Doran's Blade,Sundered Sky,Plated Steelcaps,Black Cleaver,Eclipse,Stealth Ward,Liandry's Torment,Dark Seal,Shattered Armguard,Sorcerer's Shoes,Blackfire Torch,No_Item,Oracle Lens,Youmuu's Ghostblade,Profane Hydra,Opportunity,Doran's Blade,Ionian Boots of Lucidity,No_Item,Oracle Lens,Berserker's Greaves,Long Sword,Cloak of Agility,Infinity Edge,Doran's Blade,The Collector,Farsight Alteration,Knight's Vow,Solstice Sleigh,Locket of the Iron Solari,Control Ward,No_Item,Mercury's Treads,Oracle Lens,Sterak's Gage,Stridebreaker,Ruby Crystal,Dead Man's Plate,Plated Steelcaps,Cloth Armor,Stealth Ward,Shadowflame,Liandry's Torment,Shurelya's Battlesong,Sorcerer's Shoes,Dark Seal,Cryptbloom,Oracle Lens,Edge of Night,Caulfield's Warhammer,Youmuu's Ghostblade,Voltaic Cyclosword,Ionian Boots of Lucidity,No_Item,Oracle Lens,Doran's Blade,Rapid Firecannon,Lord Dominik's Regards,Muramana,Plated Steelcaps,Trinity Force,Farsight Alteration,Bloodsong,Locket of the Iron Solari,Control Ward,Knight's Vow,Plated Steelcaps,Negatron Cloak,Oracle Lens,Conqueror,Resolve,Electrocute,Inspiration,Hail of Blades,Sorcery,Lethal Tempo,Sorcery,Guardian,Inspiration,Conqueror,Resolve,Dark Harvest,Precision,Electrocute,Sorcery,Conqueror,Inspiration,Aftershock,Inspiration,Ignite,Flash,Flash,Smite,Ignite,Flash,Barrier,Flash,Flash,Exhaust,Flash,Ghost,Smite,Flash,Flash,Ignite,Flash,Barrier,Ignite,Flash,0,1,0,1,5,1
https://www.op.gg/summoners/euw/Unkn0wn-EUW11/matches/34-jfPz6TmxfKcSnwL8U_J97p1vDZiW02E1zuep-LDU%3D/1731506756000,0,6,21,21,6,25,7,60,58,22,23,0,2,0,0,3,5,0,2,38503,45653,11.4,12.8,742,790,34.5,36.7,-7150,7150,1782.8975369458128,2113.9812807881776,Fiora,Gwen,Zed,Ezreal,Pyke,Pantheon,Udyr,Gragas,Corki,Galio,Ravenous Hydra,Trinity Force,Mercury's Treads,Null-Magic Mantle,Long Sword,Doran's Blade,Farsight Alteration,Haunting Guise,Dark Seal,Nashor's Tooth,Sorcerer's Shoes,Glowing Mote,Amplifying Tome,Oracle Lens,Refillable Potion,Eclipse,Serpent's Fang,Boots,Kindlegem,Phage,Oracle Lens,Doran's Blade,Muramana,Boots,Trinity Force,No_Item,No_Item,Farsight Alteration,Celestial Opposition,Mercury's Treads,No_Item,Umbral Glaive,No_Item,No_Item,Oracle Lens,Black Cleaver,Eclipse,Plated Steelcaps,Doran's Blade,Ruby Crystal,Ruby Crystal,Oracle Lens,Liandry's Torment,Force of Nature,No_Item,Ruby Crystal,Plated Steelcaps,No_Item,Oracle Lens,Ionian Boots of Lucidity,Cosmic Drive,Doran's Ring,Tear of the Goddess,Lost Chapter,Amplifying Tome,Stealth Ward,Doran's Blade,Plated Steelcaps,No_Item,Trinity Force,Muramana,Rapid Firecannon,Farsight Alteration,Plated Steelcaps,Locket of the Iron Solari,Giant's Belt,Celestial Opposition,No_Item,No_Item,Oracle Lens,Grasp of the Undying,Inspiration,Conqueror,Inspiration,Conqueror,Domination,Conqueror,Sorcery,Hail of Blades,Resolve,Press the Attack,Sorcery,Conqueror,Inspiration,Phase Rush,Inspiration,Conqueror,Inspiration,Aftershock,Sorcery,Teleport,Flash,Smite,Ghost,Teleport,Flash,Flash,Barrier,Ignite,Flash,Flash,Ignite,Flash,Smite,Flash,Teleport,Flash,Barrier,Ignite,Flash,1,3,0,0,3,0
https://www.op.gg/summoners/euw/Unkn0wn-EUW11/matches/34-jfPz6TmwQX-Ti2fGoHziGRqaNXlFCrpMrEaAinK0%3D/1731504633000,1,27,15,15,27,28,38,40,28,4,10,2,0,1,0,10,1,3,0,50323,38302,12.8,11.4,702,628,31.5,28.2,12021,-12021,2252.8319767441862,1714.6825581395349,Fiora,Zac,Ahri,Caitlyn,Neeko,Gragas,Skarner,Sylas,Ashe,Lulu,Ravenous Hydra,No_Item,Trinity Force,Mercury's Treads,Steel Sigil,Doran's Blade,Stealth Ward,Spirit Visage,Sunfire Aegis,Ionian Boots of Lucidity,Dark Seal,Giant's Belt,Cloth Armor,Oracle Lens,Doran's Ring,Refillable Potion,Liandry's Torment,Ionian Boots of Lucidity,Malignance,No_Item,Oracle Lens,Doran's Blade,The Collector,Lord Dominik's Regards,Infinity Edge,Berserker's Greaves,No_Item,Farsight Alteration,Hextech Rocketbelt,Zaz'Zak's Realmspike,Ionian Boots of Lucidity,Stormsurge,Dark Seal,No_Item,Oracle Lens,Doran's Ring,Oblivion Orb,No_Item,Ionian Boots of Lucidity,Fimbulwinter,Cosmic Drive,Oracle Lens,No_Item,Heartsteel,Mercury's Treads,Chain Vest,Kindlegem,Ruby Crystal,Oracle Lens,Doran's Shield,Shadowflame,Hextech Rocketbelt,No_Item,Dark Seal,Sorcerer's Shoes,Oracle Lens,Doran's Blade,Statikk Shiv,Berserker's Greaves,Runaan's Hurricane,No_Item,No_Item,Farsight Alteration,Dream Maker,Ionian Boots of Lucidity,Moonstone Renewer,Forbidden Idol,Amplifying Tome,Control Ward,Oracle Lens,Grasp of the Undying,Inspiration,Aftershock,Precision,Grasp of the Undying,Sorcery,Hail of Blades,Sorcery,Arcane Comet,Inspiration,Phase Rush,Inspiration,Aftershock,Inspiration,Electrocute,Sorcery,Lethal Tempo,Inspiration,Summon Aery,Resolve,Teleport,Flash,Smite,Flash,Flash,Teleport,Flash,Cleanse,Ignite,Flash,Teleport,Flash,Flash,Smite,Flash,Teleport,Flash,Ghost,Heal,Flash,1,3,2,0,3,0
https://www.op.gg/summoners/euw/Unkn0wn-EUW11/matches/34-jfPz6Tmy5vUAqs5LC_u9DzKCjqQznlIQ8qrR9YkE%3D/1731426110000,0,37,39,39,37,64,79,93,81,34,38,0,4,2,0,8,6,2,4,80087,81413,17.4,17.2,1124,1191,29.6,31.2,-1326,1326,2091.6192439862543,2126.2501718213057,Urgot,Lillia,Yone,Aurelion Sol,Senna,Camille,Wukong,Kassadin,Corki,Blitzcrank,Stridebreaker,Randuin's Omen,Black Cleaver,Spear of Shojin,Plated Steelcaps,Thornmail,Farsight Alteration,Rylai's Crystal Scepter,Liandry's Torment,Banshee's Veil,Fiendish Codex,Zhonya's Hourglass,Ionian Boots of Lucidity,Oracle Lens,Immortal Shieldbow,Berserker's Greaves,Steel Sigil,Infinity Edge,Blade of The Ruined King,Bloodthirster,Farsight Alteration,Liandry's Torment,Rylai's Crystal Scepter,Zhonya's Hourglass,Rabadon's Deathcap,Sorcerer's Shoes,Verdant Barrier,Farsight Alteration,Black Cleaver,Rapid Firecannon,Bloodsong,Boots of Swiftness,Executioner's Calling,Guardian Angel,Oracle Lens,Trinity Force,Ravenous Hydra,Sterak's Gage,Giant's Belt,Spear of Shojin,Boots of Swiftness,Oracle Lens,Kindlegem,Sundered Sky,Sterak's Gage,Trinity Force,Pickaxe,Ionian Boots of Lucidity,Oracle Lens,Malignance,Zhonya's Hourglass,Seraph's Embrace,Lich Bane,Mejai's Soulstealer,Rabadon's Deathcap,Oracle Lens,Infinity Edge,Muramana,Rapid Firecannon,Trinity Force,Mercury's Treads,Mortal Reminder,Farsight Alteration,Locket of the Iron Solari,Frozen Heart,Control Ward,Synchronized Souls,Celestial Opposition,Kindlegem,Oracle Lens,Press the Attack,Resolve,Conqueror,Inspiration,Grasp of the Undying,Precision,Arcane Comet,Precision,Summon Aery,Inspiration,Grasp of the Undying,Inspiration,Conqueror,Inspiration,First Strike,Domination,Conqueror,Inspiration,Glacial Augment,Sorcery,Flash,Teleport,Flash,Smite,Flash,Teleport,Flash,Teleport,Heal,Flash,Teleport,Flash,Smite,Flash,Flash,Teleport,Flash,Teleport,Flash,Ignite,1,3,2,0,3,0
https://www.op.gg/summoners/euw/Unkn0wn-EUW11/matches/34-jfPz6TmzBAmU3xhSXqSz0Iu8hC9Zvs-z2Nc3QTrQ%3D/1731422326000,1,37,30,30,37,35,63,86,68,29,20,3,1,1,0,8,5,4,1,71040,63051,16.4,15.0,1001,968,29.9,29.0,7989,-7989,2131.2000000000003,1891.5300000000002,Aurora,Graves,Annie,Corki,Senna,Yone,Skarner,LeBlanc,Kog'Maw,Rell,Doran's Ring,Verdant Barrier,Luden's Companion,Sorcerer's Shoes,Shadowflame,Control Ward,Oracle Lens,Mercury's Treads,The Collector,No_Item,Infinity Edge,Lord Dominik's Regards,Noonquiver,Oracle Lens,Rabadon's Deathcap,Void Staff,Dark Seal,Shadowflame,Sorcerer's Shoes,Malignance,Oracle Lens,Infinity Edge,Mercury's Treads,Vampiric Scepter,Trinity Force,Lord Dominik's Regards,Muramana,Farsight Alteration,Bloodsong,No_Item,Moonstone Renewer,Echoes of Helia,Black Cleaver,Boots of Swiftness,Oracle Lens,Berserker's Greaves,Negatron Cloak,Blade of The Ruined King,Immortal Shieldbow,Steel Sigil,Infinity Edge,Farsight Alteration,Thornmail,Heartsteel,Plated Steelcaps,No_Item,No_Item,Sterak's Gage,Oracle Lens,Stormsurge,Luden's Companion,Banshee's Veil,Rabadon's Deathcap,Sorcerer's Shoes,Void Staff,Oracle Lens,Luden's Companion,Horizon Focus,Tear of the Goddess,Void Staff,Sorcerer's Shoes,Needlessly Large Rod,Farsight Alteration,Plated Steelcaps,Thornmail,Celestial Opposition,No_Item,Winged Moonplate,Zeke's Convergence,Oracle Lens,Electrocute,Precision,Dark Harvest,Precision,Summon Aery,Inspiration,Conqueror,Inspiration,Grasp of the Undying,Precision,Fleet Footwork,Resolve,Aftershock,Inspiration,Electrocute,Sorcery,Arcane Comet,Precision,Aftershock,Inspiration,Flash,Teleport,Flash,Smite,Flash,Teleport,Flash,Teleport,Flash,Heal,Flash,Teleport,Flash,Smite,Teleport,Flash,Flash,Teleport,Flash,Ignite,1,2,1,0,0,0
https://www.op.gg/summoners/euw/Unkn0wn-EUW11/matches/34-jfPz6TmwwHaub-B7SVOuwrDXU3i0CXF6jbfEAnrE%3D/1731419493000,0,35,33,33,35,49,48,88,79,26,40,1,2,1,1,6,7,2,3,65536,67058,15.2,15.8,949,937,30.5,30.0,-1522,1522,2089.138864628821,2137.656768558952,Sion,Brand,Ambessa,Samira,Rell,Aatrox,Pantheon,Ahri,Caitlyn,Pyke,Youmuu's Ghostblade,Axiom Arc,Opportunity,Last Whisper,Noonquiver,Boots of Swiftness,Oracle Lens,Sorcerer's Shoes,Liandry's Torment,Rylai's Crystal Scepter,Needlessly Large Rod,Needlessly Large Rod,Zhonya's Hourglass,Oracle Lens,Pickaxe,Voltaic Cyclosword,Plated Steelcaps,Black Cleaver,Death's Dance,Tunneler,Oracle Lens,Plated Steelcaps,Youmuu's Ghostblade,The Collector,Vampiric Scepter,Infinity Edge,Lord Dominik's Regards,Farsight Alteration,Celestial Opposition,Locket of the Iron Solari,No_Item,Zeke's Convergence,Cloth Armor,Plated Steelcaps,Oracle Lens,Serylda's Grudge,Spear of Shojin,Death's Dance,Plated Steelcaps,Voltaic Cyclosword,Long Sword,Oracle Lens,Youmuu's Ghostblade,No_Item,Mercury's Treads,Black Cleaver,Steel Sigil,Eclipse,Oracle Lens,Needlessly Large Rod,No_Item,Needlessly Large Rod,Zhonya's Hourglass,Malignance,Sorcerer's Shoes,Oracle Lens,Doran's Blade,Infinity Edge,The Collector,Berserker's Greaves,Rapid Firecannon,Last Whisper,Farsight Alteration,Bloodsong,Mercury's Treads,Refillable Potion,Umbral Glaive,Frozen Heart,Hexdrinker,Oracle Lens,Phase Rush,Resolve,Dark Harvest,Inspiration,Conqueror,Resolve,Conqueror,Sorcery,Aftershock,Inspiration,Conqueror,Resolve,Conqueror,Inspiration,Electrocute,Sorcery,Lethal Tempo,Sorcery,Hail of Blades,Precision,Flash,Teleport,Flash,Smite,Flash,Teleport,Flash,Exhaust,Flash,Ignite,Flash,Teleport,Smite,Flash,Flash,Teleport,Flash,Cleanse,Flash,Ignite,0,2,0,0,4,1
https://www.op.gg/summoners/euw/Unkn0wn-EUW11/matches/34-jfPz6TmwtYWNOc9BH5sJC1maq2L5Kh39PsMxQFw0%3D/1731417214000,0,21,39,39,21,61,52,46,45,4,9,0,3,0,1,1,10,0,4,43348,58418,12.4,14.4,605,797,24.0,31.7,-15070,15070,1730.2773109243697,2331.8109243697477,Shen,Ambessa,Galio,Xayah,Sona,Renekton,Vi,Sylas,Caitlyn,Rell,Doran's Shield,Sunfire Aegis,Bramble Vest,Plated Steelcaps,Spirit Visage,Ruby Crystal,Stealth Ward,Plated Steelcaps,Eclipse,Black Cleaver,Death's Dance,Tunneler,Control Ward,Oracle Lens,Doran's Ring,Hollow Radiance,Mercury's Treads,Thornmail,No_Item,No_Item,Oracle Lens,Doran's Blade,Essence Reaver,Berserker's Greaves,Navori Flickerblade,B. F. Sword,No_Item,Farsight Alteration,Echoes of Helia,Boots of Swiftness,Bloodsong,Staff of Flowing Water,No_Item,No_Item,Oracle Lens,Death's Dance,Mercury's Treads,Stridebreaker,Spear of Shojin,Control Ward,Steel Sigil,Oracle Lens,Black Cleaver,Sundered Sky,Tunneler,Mercury's Treads,Pickaxe,No_Item,Oracle Lens,Shattered Armguard,Hextech Rocketbelt,Mercury's Treads,Dark Seal,Cosmic Drive,No_Item,Oracle Lens,Doran's Blade,Infinity Edge,Mortal Reminder,The Collector,Zeal,Berserker's Greaves,Farsight Alteration,Trailblazer,Ionian Boots of Lucidity,Bloodsong,Giant's Belt,Giant's Belt,No_Item,Oracle Lens,Grasp of the Undying,Domination,Conqueror,Domination,Aftershock,Sorcery,Lethal Tempo,Inspiration,Summon Aery,Precision,Conqueror,Resolve,Conqueror,Domination,Conqueror,Sorcery,Lethal Tempo,Sorcery,Aftershock,Inspiration,Flash,Teleport,Flash,Smite,Flash,Teleport,Flash,Barrier,Flash,Heal,Teleport,Flash,Flash,Smite,Teleport,Flash,Flash,Cleanse,Ignite,Flash,0,1,0,1,4,1
https://www.op.gg/summoners/euw/Unkn0wn-EUW11/matches/34-jfPz6TmwEQpQR8gVKK0hJ0iAfiYGJIj2zNBp3eOY%3D/1731414936000,1,20,13,13,20,15,31,49,44,10,10,3,0,1,0,7,2,4,0,49722,40804,13.6,11.8,797,730,35.4,32.4,8918,-8918,2191.1389830508474,1798.1423728813559,Sion,Brand,Ambessa,Aphelios,Nautilus,Gnar,Udyr,Ahri,Ezreal,Janna,Youmuu's Ghostblade,Axiom Arc,Serpent's Fang,Boots of Swiftness,Cull,No_Item,Oracle Lens,No_Item,Blighting Jewel,Fiendish Codex,Sorcerer's Shoes,Rylai's Crystal Scepter,Liandry's Torment,Stealth Ward,Doran's Shield,Voltaic Cyclosword,Mercury's Treads,Black Cleaver,Long Sword,No_Item,Oracle Lens,Refillable Potion,Cloak of Agility,Berserker's Greaves,Infinity Edge,The Collector,Doran's Blade,Farsight Alteration,Bloodsong,Plated Steelcaps,Warmog's Armor,No_Item,No_Item,No_Item,Oracle Lens,Doran's Shield,Sterak's Gage,Dagger,No_Item,Trinity Force,Plated Steelcaps,Stealth Ward,Negatron Cloak,Negatron Cloak,Negatron Cloak,Negatron Cloak,Negatron Cloak,Negatron Cloak,Oracle Lens,Rabadon's Deathcap,Amplifying Tome,Dark Seal,Malignance,Doran's Ring,Ionian Boots of Lucidity,Oracle Lens,Doran's Blade,Tear of the Goddess,Trinity Force,Caulfield's Warhammer,Ionian Boots of Lucidity,Long Sword,Farsight Alteration,Moonstone Renewer,Kindlegem,Dream Maker,Faerie Charm,No_Item,Boots of Swiftness,Oracle Lens,Phase Rush,Resolve,Conqueror,Inspiration,Conqueror,Resolve,Press the Attack,Sorcery,Aftershock,Inspiration,Fleet Footwork,Resolve,Conqueror,Inspiration,Electrocute,Sorcery,Conqueror,Sorcery,Summon Aery,Domination,Flash,Teleport,Flash,Smite,Flash,Teleport,Flash,Barrier,Flash,Ignite,Teleport,Flash,Flash,Smite,Flash,Teleport,Flash,Barrier,Heal,Flash,1,3,1,0,3,0
https://www.op.gg/summoners/euw/Unkn0wn-EUW11/matches/34-jfPz6TmyXVUYocFjuCiQbeoeELzcsMlMQHhtqZTk%3D/1731412810000,0,21,35,35,21,51,46,61,74,20,20,0,4,0,1,4,9,0,5,47858,58506,13.0,14.8,738,841,29.7,33.6,-10648,10648,1919.4385026737968,2346.4973262032086,Ornn,Vi,Ahri,Ezreal,Lux,Camille,Graves,Galio,Kai'Sa,Nautilus,Doran's Shield,Unending Despair,Fimbulwinter,Plated Steelcaps,Spectre's Cowl,No_Item,Stealth Ward,Black Cleaver,Sundered Sky,Sterak's Gage,Warden's Mail,No_Item,Plated Steelcaps,Oracle Lens,Blackfire Torch,Zhonya's Hourglass,Blighting Jewel,Dark Seal,Doran's Ring,Ionian Boots of Lucidity,Farsight Alteration,Serylda's Grudge,Muramana,Control Ward,Trinity Force,Ionian Boots of Lucidity,No_Item,Farsight Alteration,Boots of Swiftness,Locket of the Iron Solari,Celestial Opposition,Kindlegem,Forbidden Idol,Control Ward,Oracle Lens,Ravenous Hydra,Sterak's Gage,Mercury's Treads,Trinity Force,Doran's Shield,Long Sword,Stealth Ward,The Collector,Youmuu's Ghostblade,No_Item,Immortal Shieldbow,Long Sword,Mercury's Treads,Oracle Lens,Zhonya's Hourglass,No_Item,Doran's Ring,Hollow Radiance,Riftmaker,Sorcerer's Shoes,Oracle Lens,Doran's Blade,Nashor's Tooth,Guinsoo's Rageblade,Kraken Slayer,No_Item,Berserker's Greaves,Farsight Alteration,Celestial Opposition,Heartsteel,Plated Steelcaps,Crystalline Bracer,No_Item,No_Item,Oracle Lens,Grasp of the Undying,Inspiration,Conqueror,Inspiration,First Strike,Sorcery,Conqueror,Sorcery,Aftershock,Domination,Grasp of the Undying,Inspiration,Dark Harvest,Precision,Aftershock,Sorcery,Press the Attack,Inspiration,Aftershock,Inspiration,Flash,Teleport,Flash,Smite,Flash,Teleport,Flash,Exhaust,Flash,Heal,Teleport,Flash,Smite,Flash,Flash,Teleport,Flash,Barrier,Flash,Ignite,1,3,0,0,3,1
https://www.op.gg/summoners/euw/Unkn0wn-EUW11/matches/34-jfPz6Tmxkq-zRrlvknjY59qtlciSLltDUhQUiGXI%3D/1731410959000,1,37,21,21,37,36,59,76,80,32,26,3,0,2,0,11,5,5,0,69783,60842,16.4,15.2,1029,966,32.5,30.599999999999998,8941,-8941,2207.0902325581396,1924.3051162790698,Malphite,Graves,Sylas,Corki,Braum,Camille,Udyr,Smolder,Ezreal,Karma,Randuin's Omen,Thornmail,Plated Steelcaps,Frozen Heart,Kaenic Rookern,Giant's Belt,Stealth Ward,Youmuu's Ghostblade,The Collector,No_Item,Infinity Edge,Immortal Shieldbow,Plated Steelcaps,Farsight Alteration,Hextech Rocketbelt,Zhonya's Hourglass,Sheen,Dark Seal,Cosmic Drive,Ionian Boots of Lucidity,Oracle Lens,Lord Dominik's Regards,Plated Steelcaps,B. F. Sword,Muramana,Rapid Firecannon,Trinity Force,Farsight Alteration,Plated Steelcaps,Celestial Opposition,Locket of the Iron Solari,Knight's Vow,Winged Moonplate,Control Ward,Oracle Lens,Ravenous Hydra,Sterak's Gage,Trinity Force,Plated Steelcaps,Long Sword,No_Item,Farsight Alteration,Liandry's Torment,Boots of Swiftness,No_Item,Dead Man's Plate,Winged Moonplate,Negatron Cloak,Oracle Lens,Liandry's Torment,Muramana,Rapid Firecannon,Ionian Boots of Lucidity,Trinity Force,Amplifying Tome,Farsight Alteration,Pickaxe,Muramana,Tunneler,Trinity Force,Serylda's Grudge,Ionian Boots of Lucidity,Farsight Alteration,Imperial Mandate,Shurelya's Battlesong,Zaz'Zak's Realmspike,Bandleglass Mirror,Oblivion Orb,Sorcerer's Shoes,Oracle Lens,Arcane Comet,Resolve,Dark Harvest,Precision,Conqueror,Resolve,Conqueror,Inspiration,Guardian,Inspiration,Grasp of the Undying,Inspiration,Conqueror,Inspiration,Grasp of the Undying,Precision,Conqueror,Inspiration,Arcane Comet,Resolve,Flash,Teleport,Flash,Smite,Flash,Teleport,Flash,Teleport,Ignite,Flash,Teleport,Flash,Flash,Smite,Flash,Teleport,Flash,Barrier,Heal,Flash,1,5,3,0,1,0
https://www.op.gg/summoners/euw/Unkn0wn-EUW11/matches/34-jfPz6Tmxf4N0YH45Rt-PRrFViid6XY7rPvUEYQRE%3D/1731408395000,0,25,43,43,25,54,34,75,88,24,24,0,5,0,3,3,10,0,8,72264,84295,16.6,17.6,1180,1172,31.2,31.1,-12031,12031,1918.5132743362833,2237.920353982301,Ambessa,Zed,Syndra,Caitlyn,Zoe,Malphite,Karthus,Tristana,Ezreal,Braum,Sterak's Gage,Eclipse,Control Ward,Mercury's Treads,Black Cleaver,Spear of Shojin,Stealth Ward,Edge of Night,Voltaic Cyclosword,Ionian Boots of Lucidity,Serylda's Grudge,Axiom Arc,Maw of Malmortius,Oracle Lens,Void Staff,Luden's Companion,Zhonya's Hourglass,Sorcerer's Shoes,Stormsurge,Needlessly Large Rod,Farsight Alteration,The Collector,Hexdrinker,Lord Dominik's Regards,Boots of Swiftness,Vampiric Scepter,Infinity Edge,Farsight Alteration,Zaz'Zak's Realmspike,Sorcerer's Shoes,Shadowflame,Amplifying Tome,No_Item,Horizon Focus,Oracle Lens,Sunfire Aegis,"Jak'Sho, The Protean",Thornmail,Kaenic Rookern,Plated Steelcaps,Frozen Heart,Stealth Ward,Zhonya's Hourglass,Blackfire Torch,Stormsurge,Sorcerer's Shoes,Rabadon's Deathcap,Shadowflame,Farsight Alteration,Doran's Blade,Infinity Edge,The Collector,Mercury's Treads,Navori Flickerblade,Vampiric Scepter,Oracle Lens,B. F. Sword,Spear of Shojin,Maw of Malmortius,Muramana,Ionian Boots of Lucidity,Trinity Force,Farsight Alteration,Redemption,Mikael's Blessing,Knight's Vow,Celestial Opposition,Plated Steelcaps,Locket of the Iron Solari,Oracle Lens,Conqueror,Resolve,Electrocute,Inspiration,First Strike,Sorcery,Hail of Blades,Sorcery,Dark Harvest,Sorcery,Arcane Comet,Resolve,First Strike,Domination,Press the Attack,Resolve,Press the Attack,Inspiration,Guardian,Inspiration,Flash,Teleport,Flash,Smite,Teleport,Flash,Ghost,Flash,Flash,Heal,Flash,Teleport,Flash,Smite,Flash,Teleport,Flash,Cleanse,Flash,Ignite,1,3,0,0,3,3
https://www.op.gg/summoners/euw/Unkn0wn-EUW11/matches/34-jfPz6TmwpZiA4NPT6Rul5jXyDzw5qBusn91lvHOs%3D/1731361338000,0,33,41,41,33,98,43,95,95,35,47,3,2,0,2,9,10,3,4,69523,75379,15.6,17.2,1049,1045,29.4,29.3,-5856,5856,1943.6537634408603,2107.3698924731184,Corki,Amumu,Sylas,Varus,Nautilus,Karma,Jarvan IV,Orianna,Ezreal,Lux,Mortal Reminder,Serpent's Fang,No_Item,Muramana,Mercury's Treads,Trinity Force,Farsight Alteration,Mercury's Treads,Locket of the Iron Solari,Kindlegem,Chain Vest,Unending Despair,Liandry's Torment,Oracle Lens,Hextech Rocketbelt,Zhonya's Hourglass,Rabadon's Deathcap,Dark Seal,Sorcerer's Shoes,Shadowflame,Oracle Lens,Youmuu's Ghostblade,Hubris,Serpent's Fang,Muramana,Plated Steelcaps,Serylda's Grudge,Farsight Alteration,Locket of the Iron Solari,No_Item,Bloodsong,Thornmail,Kindlegem,Plated Steelcaps,Oracle Lens,Redemption,Dawncore,Staff of Flowing Water,Horizon Focus,Ionian Boots of Lucidity,Malignance,Farsight Alteration,Mercury's Treads,Eclipse,Randuin's Omen,Giant's Belt,Sundered Sky,Spirit Visage,Oracle Lens,Void Staff,Zhonya's Hourglass,Seraph's Embrace,Sorcerer's Shoes,Liandry's Torment,Needlessly Large Rod,Farsight Alteration,Muramana,Ionian Boots of Lucidity,Long Sword,Bloodthirster,Trinity Force,Long Sword,Farsight Alteration,Shurelya's Battlesong,Zhonya's Hourglass,Imperial Mandate,Celestial Opposition,Boots of Swiftness,No_Item,Oracle Lens,Conqueror,Inspiration,Conqueror,Resolve,Electrocute,Resolve,Hail of Blades,Inspiration,Aftershock,Inspiration,Summon Aery,Precision,Conqueror,Inspiration,Summon Aery,Precision,Press the Attack,Inspiration,Arcane Comet,Precision,Flash,Teleport,Flash,Smite,Flash,Teleport,Flash,Barrier,Flash,Ignite,Teleport,Flash,Flash,Smite,Teleport,Flash,Flash,Exhaust,Flash,Heal,0,6,2,0,0,1
https://www.op.gg/summoners/euw/Unkn0wn-EUW11/matches/34-jfPz6TmwTZ0Nu5HQxZa_OAzPQZMDtSI4yqFbUoiM%3D/1731357472000,0,41,30,30,41,56,59,93,73,20,40,3,2,1,1,6,7,4,3,65986,67053,16.4,16.6,927,997,28.7,30.9,-1067,1067,2053.50622406639,2086.7116182572613,Irelia,Jax,Gragas,Corki,Janna,Rumble,Viego,Akshan,Fiora,Brand,Blade of The Ruined King,Kraken Slayer,Doran's Blade,Plated Steelcaps,Death's Dance,Tunneler,Farsight Alteration,Ruby Crystal,Plated Steelcaps,Zhonya's Hourglass,Control Ward,Sundered Sky,Trinity Force,Stealth Ward,Zhonya's Hourglass,Abyssal Mask,Oblivion Orb,Cosmic Drive,Ionian Boots of Lucidity,Fimbulwinter,Farsight Alteration,Plated Steelcaps,Mortal Reminder,Doran's Blade,Muramana,Trinity Force,Infinity Edge,Farsight Alteration,Moonstone Renewer,Solstice Sleigh,Forbidden Idol,Mejai's Soulstealer,Echoes of Helia,Boots of Swiftness,Oracle Lens,Shadowflame,Needlessly Large Rod,Needlessly Large Rod,Sorcerer's Shoes,Oblivion Orb,Liandry's Torment,Oracle Lens,Plated Steelcaps,Control Ward,Titanic Hydra,Wit's End,Kraken Slayer,Black Cleaver,Oracle Lens,No_Item,Plated Steelcaps,Immortal Shieldbow,Lord Dominik's Regards,Statikk Shiv,Infinity Edge,Stealth Ward,Doran's Blade,Ravenous Hydra,Serpent's Fang,Voltaic Cyclosword,Steel Sigil,Plated Steelcaps,Farsight Alteration,Zaz'Zak's Realmspike,Rylai's Crystal Scepter,Liandry's Torment,Sorcerer's Shoes,Dark Seal,Oblivion Orb,Oracle Lens,Press the Attack,Domination,Conqueror,Inspiration,Phase Rush,Inspiration,Conqueror,Inspiration,Summon Aery,Resolve,Arcane Comet,Resolve,Conqueror,Inspiration,Press the Attack,Resolve,Fleet Footwork,Domination,Dark Harvest,Precision,Teleport,Flash,Flash,Smite,Teleport,Flash,Flash,Teleport,Flash,Exhaust,Flash,Teleport,Flash,Smite,Flash,Teleport,Barrier,Flash,Ignite,Flash,0,0,1,1,6,1
https://www.op.gg/summoners/euw/Unkn0wn-EUW11/matches/34-jfPz6Tmyx8bXU5RZEFV7ugbfYF4XDgWwC7YhtQ4E%3D/1731354761000,1,35,33,33,35,58,66,85,92,27,35,3,1,1,0,7,4,4,1,68104,57109,16.2,14.4,976,849,29.8,25.8,10995,-10995,2079.822754491018,1744.0473053892213,Aurora,Graves,Akali,Ashe,Veigar,K'Sante,Zyra,Syndra,Lucian,Nami,Liandry's Torment,Rabadon's Deathcap,Ionian Boots of Lucidity,Cosmic Drive,Void Staff,Needlessly Large Rod,Stealth Ward,Mercury's Treads,Youmuu's Ghostblade,The Collector,Lord Dominik's Regards,Immortal Shieldbow,Control Ward,Oracle Lens,Doran's Shield,Mercury's Treads,Stormsurge,Void Staff,Shadowflame,Amplifying Tome,Oracle Lens,Doran's Blade,Berserker's Greaves,Statikk Shiv,Kraken Slayer,Pickaxe,Vampiric Scepter,Farsight Alteration,Bloodsong,Heartsteel,Abyssal Mask,Verdant Barrier,No_Item,Boots of Swiftness,Oracle Lens,Negatron Cloak,Chain Vest,No_Item,Kaenic Rookern,Iceborn Gauntlet,Mercury's Treads,Oracle Lens,Null-Magic Mantle,Zhonya's Hourglass,Control Ward,Rylai's Crystal Scepter,Mercury's Treads,Liandry's Torment,Oracle Lens,Stormsurge,Luden's Companion,Control Ward,Void Staff,No_Item,Sorcerer's Shoes,Farsight Alteration,Infinity Edge,Statikk Shiv,Bloodthirster,Essence Reaver,Berserker's Greaves,Null-Magic Mantle,Farsight Alteration,Abyssal Mask,Dream Maker,Boots of Swiftness,Kindlegem,Faerie Charm,Imperial Mandate,Oracle Lens,Grasp of the Undying,Sorcery,Dark Harvest,Precision,Electrocute,Resolve,Lethal Tempo,Inspiration,Guardian,Inspiration,Aftershock,Domination,Arcane Comet,Precision,Summon Aery,Inspiration,Press the Attack,Inspiration,Summon Aery,Domination,Teleport,Flash,Flash,Smite,Teleport,Flash,Flash,Cleanse,Flash,Heal,Teleport,Flash,Smite,Flash,Flash,Teleport,Flash,Cleanse,Flash,Heal,0,3,1,1,3,0
https://www.op.gg/summoners/euw/Unkn0wn-EUW11/matches/34-jfPz6TmyRM0FYCZ3EBdbmusmGsWIRppvRmEFVxJA%3D/1731352325000,0,16,27,27,16,33,15,26,33,2,6,0,2,0,0,0,3,0,2,28444,39101,9.6,11.0,421,606,26.799999999999997,38.6,-10657,10657,1796.4631578947367,2469.536842105263,Ambessa,Graves,Karma,Corki,Tahm Kench,Irelia,Karthus,Akshan,Draven,Nautilus,Bramble Vest,Plated Steelcaps,Pickaxe,Caulfield's Warhammer,Long Sword,Doran's Shield,Stealth Ward,Boots,Youmuu's Ghostblade,Scorchclaw Pup,The Collector,Long Sword,Cloak of Agility,Oracle Lens,Doran's Ring,Malignance,Ionian Boots of Lucidity,Fiendish Codex,No_Item,No_Item,Farsight Alteration,Doran's Blade,Refillable Potion,Plated Steelcaps,Hearthbound Axe,Tear of the Goddess,Phage,Farsight Alteration,Plated Steelcaps,Giant's Belt,Solstice Sleigh,Control Ward,Giant's Belt,No_Item,Oracle Lens,Kraken Slayer,Blade of The Ruined King,No_Item,Doran's Blade,Boots,No_Item,Stealth Ward,Blackfire Torch,Haunting Guise,Sorcerer's Shoes,Dark Seal,No_Item,Fated Ashes,Farsight Alteration,No_Item,Serrated Dirk,Doran's Blade,Statikk Shiv,Pickaxe,Boots of Swiftness,Farsight Alteration,Bloodthirster,Long Sword,Berserker's Greaves,Doran's Blade,B. F. Sword,Pickaxe,Farsight Alteration,Celestial Opposition,Ruby Crystal,Locket of the Iron Solari,Mercury's Treads,No_Item,No_Item,Oracle Lens,Conqueror,Resolve,Dark Harvest,Precision,Arcane Comet,Domination,Conqueror,Inspiration,Guardian,Inspiration,Conqueror,Resolve,Dark Harvest,Precision,Press the Attack,Resolve,Lethal Tempo,Inspiration,Aftershock,Inspiration,Flash,Teleport,Flash,Smite,Flash,Teleport,Flash,Barrier,Flash,Exhaust,Flash,Teleport,Flash,Smite,Flash,Teleport,Flash,Barrier,Ignite,Flash,0,4,0,0,0,0
https://www.op.gg/summoners/euw/Unkn0wn-EUW11/matches/34-jfPz6TmwGvXXjc4viVXdKTTPeVn6So6e7c6I63Ks%3D/1731333349000,0,11,12,12,11,16,9,41,45,9,14,1,1,0,0,1,6,1,1,32626,37794,11.0,10.8,568,665,30.3,35.6,-5168,5168,1732.353982300885,2006.7610619469028,K'Sante,Wukong,Ambessa,Corki,Karma,Syndra,Viego,Yone,Samira,Rell,Refillable Potion,Plated Steelcaps,Doran's Shield,Thornmail,No_Item,No_Item,Stealth Ward,Sundered Sky,Black Cleaver,Slightly Magical Footwear,No_Item,No_Item,No_Item,Oracle Lens,Ravenous Hydra,Refillable Potion,No_Item,Doran's Shield,Boots,The Brutalizer,Stealth Ward,Doran's Blade,Tear of the Goddess,Trinity Force,Caulfield's Warhammer,Plated Steelcaps,No_Item,Farsight Alteration,Zaz'Zak's Realmspike,Refillable Potion,Control Ward,Ionian Boots of Lucidity,Amplifying Tome,Malignance,Oracle Lens,Sorcerer's Shoes,Blackfire Torch,Cosmic Drive,Doran's Ring,Dark Seal,No_Item,Farsight Alteration,Gustwalker Hatchling,Kraken Slayer,Plated Steelcaps,Long Sword,Tunneler,Long Sword,Oracle Lens,Refillable Potion,Pickaxe,Berserker's Greaves,Blade of The Ruined King,Cloak of Agility,Doran's Shield,Stealth Ward,Boots,Refillable Potion,The Collector,Doran's Blade,B. F. Sword,No_Item,Farsight Alteration,Celestial Opposition,Plated Steelcaps,Locket of the Iron Solari,Control Ward,No_Item,No_Item,Oracle Lens,Grasp of the Undying,Domination,Conqueror,Inspiration,Electrocute,Resolve,Conqueror,Inspiration,Summon Aery,Domination,First Strike,Sorcery,Conqueror,Inspiration,Lethal Tempo,Resolve,Conqueror,Sorcery,Aftershock,Inspiration,Teleport,Flash,Flash,Smite,Flash,Teleport,Flash,Cleanse,Flash,Ignite,Flash,Teleport,Flash,Smite,Flash,Teleport,Flash,Exhaust,Ignite,Flash,0,0,0,1,6,0
https://www.op.gg/summoners/euw/Unkn0wn-EUW11/matches/34-jfPz6Tmw2A6M_NUx6wdamHkC6KI538kO0gGd6kOQ%3D/1731331696000,0,18,37,37,18,59,29,79,80,32,34,0,3,0,1,3,10,0,4,53218,65173,14.0,16.0,910,961,31.0,32.699999999999996,-11955,11955,1801.8692913385826,2206.6448818897634,Ambessa,Amumu,Azir,Jhin,Blitzcrank,Ryze,Wukong,LeBlanc,Ashe,Lulu,Ravenous Hydra,Tunneler,Boots,Voltaic Cyclosword,Control Ward,Doran's Shield,Oracle Lens,"Jak'Sho, The Protean",Liandry's Torment,Abyssal Mask,Control Ward,Mercury's Treads,No_Item,Oracle Lens,Dark Seal,Nashor's Tooth,Zhonya's Hourglass,Void Staff,Sorcerer's Shoes,No_Item,Farsight Alteration,Infinity Edge,The Collector,Noonquiver,Boots of Swiftness,Rapid Firecannon,No_Item,Farsight Alteration,Mikael's Blessing,Bloodsong,Control Ward,Boots of Swiftness,Ruby Crystal,Dead Man's Plate,Oracle Lens,Seraph's Embrace,Zhonya's Hourglass,No_Item,Rod of Ages,Ionian Boots of Lucidity,Amplifying Tome,Oracle Lens,Sundered Sky,Trinity Force,Maw of Malmortius,Ruby Crystal,Warden's Mail,Mercury's Treads,Oracle Lens,Cryptbloom,Needlessly Large Rod,Seeker's Armguard,Luden's Companion,Sorcerer's Shoes,Shadowflame,Oracle Lens,Doran's Blade,Bloodthirster,Hearthbound Axe,Berserker's Greaves,Kraken Slayer,Statikk Shiv,Farsight Alteration,Mikael's Blessing,Kindlegem,Dream Maker,Forbidden Idol,Moonstone Renewer,Ionian Boots of Lucidity,Oracle Lens,Electrocute,Resolve,Conqueror,Domination,Summon Aery,Precision,Fleet Footwork,Sorcery,Glacial Augment,Sorcery,Conqueror,Sorcery,Conqueror,Inspiration,Electrocute,Sorcery,Lethal Tempo,Inspiration,Guardian,Inspiration,Flash,Teleport,Flash,Smite,Teleport,Flash,Barrier,Flash,Flash,Ignite,Flash,Teleport,Flash,Smite,Flash,Teleport,Flash,Ghost,Heal,Flash,0,4,0,0,2,2
https://www.op.gg/summoners/euw/Unkn0wn-EUW11/matches/34-jfPz6TmwYzOVkxsI4cLjf6kDBUzC_g1tOVhz0_Mo%3D/1731328724000,0,24,29,29,24,47,50,70,88,28,25,0,4,0,2,6,9,0,6,57089,62673,14.2,15.2,854,886,28.4,29.400000000000002,-5584,5584,1888.9742647058824,2073.738970588235,Renekton,Zac,Ahri,Jhin,Seraphine,Shen,Diana,Ambessa,Corki,Rell,Long Sword,Sterak's Gage,Plated Steelcaps,Sundered Sky,Black Cleaver,No_Item,Farsight Alteration,Spirit Visage,Randuin's Omen,Control Ward,Ionian Boots of Lucidity,Sunfire Aegis,Dark Seal,Oracle Lens,Dark Seal,Malignance,Cryptbloom,Liandry's Torment,Oblivion Orb,Sorcerer's Shoes,Oracle Lens,Boots of Swiftness,Youmuu's Ghostblade,The Collector,Doran's Blade,Infinity Edge,Noonquiver,Farsight Alteration,Dream Maker,Dawncore,Echoes of Helia,Moonstone Renewer,No_Item,Ionian Boots of Lucidity,Oracle Lens,Doran's Shield,Sunfire Aegis,Ionian Boots of Lucidity,Heartsteel,Thornmail,Ruby Crystal,Stealth Ward,Zhonya's Hourglass,Hextech Rocketbelt,No_Item,Rabadon's Deathcap,Mercury's Treads,Liandry's Torment,Stealth Ward,Doran's Shield,Voltaic Cyclosword,Mercury's Treads,Black Cleaver,Sterak's Gage,No_Item,Oracle Lens,Doran's Blade,Muramana,Mortal Reminder,Trinity Force,Mercury's Treads,Rapid Firecannon,Farsight Alteration,Celestial Opposition,Locket of the Iron Solari,Zeke's Convergence,Bramble Vest,Ionian Boots of Lucidity,Control Ward,Oracle Lens,Conqueror,Resolve,Aftershock,Precision,Grasp of the Undying,Sorcery,Dark Harvest,Precision,Guardian,Sorcery,Grasp of the Undying,Domination,Conqueror,Inspiration,Conqueror,Resolve,Conqueror,Inspiration,Aftershock,Inspiration,Teleport,Flash,Smite,Flash,Flash,Teleport,Flash,Barrier,Heal,Flash,Flash,Ignite,Flash,Smite,Flash,Teleport,Flash,Cleanse,Flash,Ignite,1,6,0,0,0,2
https://www.op.gg/summoners/euw/Unkn0wn-EUW11/matches/34-jfPz6Tmwnb17ZphEgOpfFPgRzQ2HhtpmjhFwA9m0%3D/1731326503000,0,29,27,27,29,48,60,122,114,40,47,3,4,1,1,5,11,4,5,82585,85086,17.4,17.0,1380,1368,32.7,32.5,-2501,2501,1956.5592286501376,2015.8115702479338,Ambessa,Wukong,Syndra,Miss Fortune,Nautilus,Jax,Udyr,Corki,Ezreal,Senna,Spear of Shojin,Sterak's Gage,Plated Steelcaps,Black Cleaver,Eclipse,Unending Despair,Farsight Alteration,Sundered Sky,Trinity Force,Plated Steelcaps,Frozen Heart,Sterak's Gage,Long Sword,Oracle Lens,Luden's Companion,Cryptbloom,Zhonya's Hourglass,Rabadon's Deathcap,Liandry's Torment,Sorcerer's Shoes,Farsight Alteration,Zephyr,Infinity Edge,Kraken Slayer,Lord Dominik's Regards,Bloodthirster,Rapid Firecannon,Farsight Alteration,Celestial Opposition,No_Item,Locket of the Iron Solari,Plated Steelcaps,Knight's Vow,Kindlegem,Oracle Lens,Stridebreaker,Zhonya's Hourglass,Hullbreaker,Sterak's Gage,Plated Steelcaps,Trinity Force,Stealth Ward,Heartsteel,Liandry's Torment,No_Item,Plated Steelcaps,Unending Despair,Kaenic Rookern,Oracle Lens,Infinity Edge,Muramana,Phantom Dancer,Rapid Firecannon,Lord Dominik's Regards,Trinity Force,Farsight Alteration,Serpent's Fang,Muramana,No_Item,Ionian Boots of Lucidity,Serylda's Grudge,Trinity Force,Farsight Alteration,Ionian Boots of Lucidity,Redemption,Moonstone Renewer,Dream Maker,Echoes of Helia,Dawncore,Oracle Lens,Conqueror,Resolve,Conqueror,Inspiration,First Strike,Sorcery,Press the Attack,Inspiration,Aftershock,Inspiration,Grasp of the Undying,Precision,Conqueror,Inspiration,Conqueror,Inspiration,Conqueror,Inspiration,Summon Aery,Resolve,Teleport,Flash,Flash,Smite,Flash,Teleport,Flash,Barrier,Ignite,Flash,Flash,Teleport,Flash,Smite,Teleport,Flash,Flash,Barrier,Heal,Flash,0,1,0,1,5,5
https://www.op.gg/summoners/euw/Unkn0wn-EUW11/matches/34-jfPz6TmzAi_R76-cIYv1ncK-kXGtB_FjCxonlVKQ%3D/1731285213000,0,21,37,37,21,68,40,69,84,19,17,0,4,0,1,5,5,0,5,53099,56791,13.8,15.0,827,827,29.5,29.5,-3692,3692,1879.9024844720498,2010.6130434782608,Gnar,Zac,Akshan,Kog'Maw,Lulu,Ambessa,Viego,Aurora,Corki,Rell,Doran's Blade,Plated Steelcaps,Randuin's Omen,Sterak's Gage,No_Item,Trinity Force,Stealth Ward,"Jak'Sho, The Protean",Ionian Boots of Lucidity,Sunfire Aegis,Dark Seal,Giant's Belt,Cloth Armor,Oracle Lens,Boots of Swiftness,Noonquiver,Doran's Blade,The Collector,Statikk Shiv,Infinity Edge,Farsight Alteration,Blackfire Torch,Seraph's Embrace,Horizon Focus,No_Item,Sorcerer's Shoes,No_Item,Farsight Alteration,Redemption,Dream Maker,No_Item,Moonstone Renewer,Ionian Boots of Lucidity,Ruby Crystal,Oracle Lens,Doran's Shield,Voltaic Cyclosword,Spear of Shojin,Plated Steelcaps,Long Sword,No_Item,Farsight Alteration,Titanic Hydra,Kraken Slayer,Mercury's Treads,Black Cleaver,No_Item,Cloth Armor,Oracle Lens,Rabadon's Deathcap,Control Ward,Malignance,Sorcerer's Shoes,Liandry's Torment,Dark Seal,Farsight Alteration,Doran's Blade,Muramana,B. F. Sword,Mercury's Treads,Lord Dominik's Regards,Trinity Force,Farsight Alteration,Celestial Opposition,Control Ward,Locket of the Iron Solari,Zeke's Convergence,Ionian Boots of Lucidity,Kindlegem,Oracle Lens,Grasp of the Undying,Precision,Aftershock,Precision,Press the Attack,Inspiration,Arcane Comet,Inspiration,Summon Aery,Resolve,Grasp of the Undying,Domination,Conqueror,Inspiration,Electrocute,Sorcery,Conqueror,Inspiration,Aftershock,Inspiration,Teleport,Flash,Smite,Flash,Flash,Teleport,Flash,Teleport,Flash,Heal,Teleport,Flash,Flash,Smite,Flash,Teleport,Flash,Teleport,Flash,Ignite,0,6,0,1,0,0
https://www.op.gg/summoners/euw/Unkn0wn-EUW11/matches/34-jfPz6Tmz0uNMP6OP8m5S9oyin6Z9WBXF1wvIFA9w%3D/1731282922000,0,24,29,29,24,46,30,68,84,26,25,3,1,0,1,4,9,3,2,54862,59521,14.6,15.0,883,903,31.2,31.9,-4659,4659,1950.648888888889,2116.302222222222,Ambessa,Graves,LeBlanc,Ashe,Poppy,Gnar,Viego,Syndra,Corki,Karma,Sterak's Gage,Kindlegem,Control Ward,Plated Steelcaps,Eclipse,No_Item,Oracle Lens,Youmuu's Ghostblade,Lord Dominik's Regards,The Collector,Immortal Shieldbow,Boots,Cloak of Agility,Oracle Lens,Banshee's Veil,No_Item,Dark Seal,Luden's Companion,Shadowflame,Sorcerer's Shoes,Oracle Lens,Doran's Blade,Statikk Shiv,Kraken Slayer,Berserker's Greaves,Pickaxe,Vampiric Scepter,Farsight Alteration,Bloodsong,Dead Man's Plate,No_Item,Locket of the Iron Solari,Plated Steelcaps,No_Item,Oracle Lens,Doran's Blade,Sterak's Gage,Cloth Armor,Trinity Force,Plated Steelcaps,Null-Magic Mantle,Stealth Ward,Sterak's Gage,No_Item,Plated Steelcaps,Kraken Slayer,Sundered Sky,Warden's Mail,Oracle Lens,Shadowflame,Zhonya's Hourglass,Stormsurge,Dark Seal,Sorcerer's Shoes,Blighting Jewel,Farsight Alteration,Doran's Blade,Trinity Force,Plated Steelcaps,Muramana,Lord Dominik's Regards,B. F. Sword,Farsight Alteration,Dream Maker,Shurelya's Battlesong,Mikael's Blessing,Ionian Boots of Lucidity,Forbidden Idol,No_Item,Oracle Lens,Conqueror,Resolve,Dark Harvest,Precision,Electrocute,Precision,Lethal Tempo,Inspiration,Hail of Blades,Inspiration,Fleet Footwork,Resolve,Conqueror,Inspiration,Summon Aery,Inspiration,Conqueror,Inspiration,Summon Aery,Inspiration,Flash,Teleport,Smite,Flash,Flash,Teleport,Barrier,Flash,Ignite,Flash,Teleport,Flash,Flash,Smite,Flash,Teleport,Flash,Cleanse,Flash,Heal,0,6,0,1,0,1
https://www.op.gg/summoners/euw/Unkn0wn-EUW11/matches/34-jfPz6Tmx3n3ZCu_nccebyXUVOz1_o5tJp4UDlOT4%3D/1731280266000,0,22,38,38,22,64,48,81,95,28,31,0,4,0,1,3,6,0,5,49267,58607,13.2,14.6,726,760,26.099999999999998,27.3,-9340,9340,1768.5589743589744,2103.8410256410257,Sylas,Skarner,Galio,Corki,Bard,Gnar,Viego,Cassiopeia,Lee Sin,LeBlanc,Hextech Rocketbelt,Zhonya's Hourglass,Dark Seal,Mercury's Treads,Doran's Ring,Aether Wisp,Farsight Alteration,Plated Steelcaps,Heartsteel,Unending Despair,Null-Magic Mantle,Control Ward,Ruby Crystal,Oracle Lens,Riftmaker,Zhonya's Hourglass,Hollow Radiance,Sorcerer's Shoes,No_Item,No_Item,Stealth Ward,Doran's Blade,Muramana,Trinity Force,Mercury's Treads,Cloak of Agility,Last Whisper,Farsight Alteration,Ionian Boots of Lucidity,Heartsteel,No_Item,Bloodsong,Trailblazer,Oblivion Orb,Oracle Lens,Doran's Blade,Sterak's Gage,Recurve Bow,Mercury's Treads,Trinity Force,Negatron Cloak,Stealth Ward,Sterak's Gage,Trinity Force,Mercury's Treads,Black Cleaver,Tunneler,Ruby Crystal,Oracle Lens,Liandry's Torment,Seeker's Armguard,Control Ward,Cryptbloom,Rylai's Crystal Scepter,Seraph's Embrace,Farsight Alteration,Doran's Shield,Control Ward,Phage,Sundered Sky,Eclipse,Mercury's Treads,Stealth Ward,Sorcerer's Shoes,Stormsurge,Zaz'Zak's Realmspike,Mejai's Soulstealer,Blighting Jewel,Blasting Wand,Oracle Lens,Phase Rush,Domination,Aftershock,Inspiration,Aftershock,Domination,Conqueror,Inspiration,Grasp of the Undying,Domination,Grasp of the Undying,Precision,Conqueror,Inspiration,Conqueror,Sorcery,Conqueror,Resolve,Electrocute,Sorcery,Flash,Teleport,Flash,Smite,Flash,Teleport,Flash,Teleport,Flash,Heal,Teleport,Flash,Smite,Flash,Flash,Teleport,Teleport,Flash,Ignite,Flash,0,6,0,1,0,0
https://www.op.gg/summoners/euw/Unkn0wn-EUW11/matches/34-jfPz6TmwLhUVzvMNwtWUELGs1Y_aTQDxpt4m2dQI%3D/1731277707000,0,24,29,29,24,34,34,83,87,21,31,1,3,0,1,5,9,1,4,52493,61862,13.8,15.0,826,920,30.1,33.5,-9369,9369,1915.285135135135,2257.127027027027,Camille,Diana,Yasuo,Corki,Maokai,Renekton,Graves,Swain,Ezreal,Poppy,Ravenous Hydra,Plated Steelcaps,Ruby Crystal,Trinity Force,Long Sword,No_Item,Oracle Lens,Riftmaker,Hextech Rocketbelt,Dark Seal,Sorcerer's Shoes,Lich Bane,Needlessly Large Rod,Oracle Lens,Infinity Edge,No_Item,Berserker's Greaves,Kraken Slayer,Immortal Shieldbow,No_Item,Oracle Lens,Control Ward,Pickaxe,Trinity Force,Lord Dominik's Regards,Slightly Magical Footwear,Muramana,Farsight Alteration,Trailblazer,Locket of the Iron Solari,Control Ward,Solstice Sleigh,Plated Steelcaps,No_Item,Oracle Lens,Doran's Blade,Sterak's Gage,Negatron Cloak,Stridebreaker,Plated Steelcaps,Giant's Belt,Farsight Alteration,The Collector,Youmuu's Ghostblade,Plated Steelcaps,Lord Dominik's Regards,Infinity Edge,No_Item,Oracle Lens,Doran's Ring,Blackfire Torch,Zhonya's Hourglass,Dark Seal,Plated Steelcaps,Ruby Crystal,Farsight Alteration,Doran's Blade,Muramana,Tunneler,Ionian Boots of Lucidity,Serylda's Grudge,Trinity Force,Farsight Alteration,Dead Man's Plate,Celestial Opposition,No_Item,Mercury's Treads,Warden's Mail,Giant's Belt,Oracle Lens,Grasp of the Undying,Inspiration,Conqueror,Inspiration,Lethal Tempo,Resolve,Conqueror,Inspiration,Aftershock,Domination,Conqueror,Resolve,Dark Harvest,Precision,Conqueror,Sorcery,Conqueror,Sorcery,Hail of Blades,Inspiration,Flash,Teleport,Flash,Smite,Teleport,Flash,Flash,Cleanse,Flash,Ignite,Flash,Teleport,Flash,Smite,Flash,Teleport,Flash,Cleanse,Flash,Exhaust,1,0,0,0,6,1
https://www.op.gg/summoners/euw/Unkn0wn-EUW11/matches/34-jfPz6TmxzQn99WYFZcdWQhzRKIK9g3AQB_BnJtuw%3D/1731254349000,0,32,44,44,32,77,68,82,86,29,31,3,3,1,1,4,9,4,4,67812,78181,16.6,16.4,1049,1105,28.4,29.900000000000002,-10369,10369,1849.418181818182,2132.209090909091,Zilean,Bel'Veth,Orianna,Corki,Rell,Singed,Viego,Ahri,Ezreal,Poppy,Seraph's Embrace,Ionian Boots of Lucidity,Control Ward,Kindlegem,Forbidden Idol,Cosmic Drive,Oracle Lens,Death's Dance,Kraken Slayer,Stridebreaker,Wit's End,Mercury's Treads,Long Sword,Oracle Lens,Shadowflame,Seeker's Armguard,Sorcerer's Shoes,Dark Seal,Luden's Companion,Rabadon's Deathcap,Oracle Lens,B. F. Sword,Muramana,Trinity Force,Plated Steelcaps,Mortal Reminder,Infinity Edge,Farsight Alteration,Celestial Opposition,Locket of the Iron Solari,Redemption,Ionian Boots of Lucidity,Knight's Vow,No_Item,Oracle Lens,Riftmaker,"Jak'Sho, The Protean",Boots of Swiftness,Liandry's Torment,Rylai's Crystal Scepter,Winged Moonplate,Oracle Lens,Black Cleaver,Kraken Slayer,Sundered Sky,Plated Steelcaps,B. F. Sword,Wit's End,Oracle Lens,Sorcerer's Shoes,Liandry's Torment,Malignance,Rabadon's Deathcap,Horizon Focus,Void Staff,Oracle Lens,Ionian Boots of Lucidity,Spear of Shojin,Trinity Force,Muramana,Serylda's Grudge,No_Item,Farsight Alteration,Locket of the Iron Solari,Bloodsong,Cloth Armor,Dead Man's Plate,Plated Steelcaps,Kindlegem,Oracle Lens,Summon Aery,Inspiration,Press the Attack,Inspiration,Summon Aery,Precision,Conqueror,Inspiration,Aftershock,Inspiration,Phase Rush,Resolve,Conqueror,Inspiration,Electrocute,Inspiration,Press the Attack,Inspiration,Aftershock,Inspiration,Teleport,Flash,Flash,Smite,Flash,Teleport,Flash,Barrier,Flash,Ignite,Ghost,Flash,Smite,Flash,Flash,Teleport,Flash,Barrier,Flash,Ignite,0,0,0,1,6,1
https://www.op.gg/summoners/euw/Unkn0wn-EUW11/matches/34-jfPz6Tmy57JzAPkg1g7Q7TD8Xm2k_KqvSQ1fnDdA%3D/1731249981000,1,27,22,22,27,46,40,72,74,35,34,1,3,1,0,10,2,2,3,66136,57759,15.8,15.0,1052,1010,34.4,33.0,8377,-8377,2159.997306397306,1886.4050505050504,Volibear,Karthus,Qiyana,Corki,Nautilus,Renekton,Vi,Ahri,Caitlyn,Braum,Rod of Ages,Navori Flickerblade,Frozen Heart,Spirit Visage,Iceborn Gauntlet,Ionian Boots of Lucidity,Farsight Alteration,Needlessly Large Rod,Liandry's Torment,Dark Seal,Void Staff,Blackfire Torch,Slightly Magical Footwear,Farsight Alteration,Hubris,Tunneler,No_Item,Serpent's Fang,Serylda's Grudge,Ionian Boots of Lucidity,Oracle Lens,Doran's Blade,Trinity Force,Rapid Firecannon,Muramana,Lord Dominik's Regards,Plated Steelcaps,Farsight Alteration,Locket of the Iron Solari,Bloodsong,No_Item,Zeke's Convergence,Plated Steelcaps,Kindlegem,Oracle Lens,Black Cleaver,Tunneler,Eclipse,No_Item,Mercury's Treads,Ruby Crystal,Farsight Alteration,Black Cleaver,Sundered Sky,No_Item,Mercury's Treads,Sterak's Gage,No_Item,Oracle Lens,Rabadon's Deathcap,Stormsurge,Malignance,Dark Seal,Ionian Boots of Lucidity,No_Item,Oracle Lens,Bloodthirster,Lord Dominik's Regards,Infinity Edge,Berserker's Greaves,The Collector,Cloak of Agility,Farsight Alteration,Locket of the Iron Solari,Knight's Vow,Solstice Sleigh,Control Ward,No_Item,Mercury's Treads,Oracle Lens,Press the Attack,Inspiration,Dark Harvest,Inspiration,Electrocute,Precision,Conqueror,Inspiration,Aftershock,Inspiration,Conqueror,Resolve,Conqueror,Inspiration,Electrocute,Sorcery,Lethal Tempo,Sorcery,Guardian,Inspiration,Flash,Teleport,Flash,Smite,Flash,Teleport,Flash,Cleanse,Flash,Ignite,Flash,Teleport,Flash,Smite,Flash,Teleport,Flash,Barrier,Flash,Ignite,1,3,2,0,3,0
https://www.op.gg/summoners/euw/Unkn0wn-EUW11/matches/34-jfPz6Tmz_mtJFgId9-iibQOqfpBlqJzJ5umcob-k%3D/1731241329000,1,25,13,13,25,24,37,71,53,16,22,1,2,0,0,7,2,1,2,48501,42045,13.0,12.4,718,713,29.1,29.0,6456,-6456,1964.5974683544305,1703.0886075949368,K'Sante,Bel'Veth,Orianna,Ezreal,Lulu,Jax,Elise,Yone,Jhin,Bard,Giant's Belt,"Jak'Sho, The Protean",Plated Steelcaps,Doran's Shield,Warden's Mail,Iceborn Gauntlet,Farsight Alteration,Cloth Armor,Kraken Slayer,Stridebreaker,No_Item,Mercury's Treads,No_Item,Oracle Lens,Mercury's Treads,Riftmaker,Amplifying Tome,Doran's Ring,Dark Seal,Seraph's Embrace,Farsight Alteration,Doran's Blade,Ionian Boots of Lucidity,Trinity Force,Muramana,Long Sword,Long Sword,Farsight Alteration,Ionian Boots of Lucidity,Moonstone Renewer,Dream Maker,Kindlegem,Forbidden Idol,No_Item,Oracle Lens,Doran's Shield,Trinity Force,Tunneler,Ruby Crystal,No_Item,Plated Steelcaps,Stealth Ward,Sorcerer's Shoes,Stormsurge,Control Ward,Void Staff,Hextech Alternator,Dark Seal,Oracle Lens,Blade of The Ruined King,Cloak of Agility,Immortal Shieldbow,Control Ward,Pickaxe,Berserker's Greaves,Farsight Alteration,Doran's Blade,Lord Dominik's Regards,Boots of Swiftness,The Collector,Cloak of Agility,No_Item,Farsight Alteration,Dead Man's Plate,Plated Steelcaps,Bloodsong,Negatron Cloak,Null-Magic Mantle,No_Item,Oracle Lens,Grasp of the Undying,Domination,Press the Attack,Inspiration,Conqueror,Sorcery,Press the Attack,Inspiration,Summon Aery,Resolve,Grasp of the Undying,Inspiration,Dark Harvest,Precision,Lethal Tempo,Resolve,Fleet Footwork,Sorcery,Guardian,Inspiration,Teleport,Flash,Flash,Smite,Flash,Teleport,Flash,Barrier,Heal,Flash,Flash,Teleport,Flash,Smite,Teleport,Flash,Flash,Barrier,Ignite,Flash,1,6,1,0,0,0
https://www.op.gg/summoners/euw/Unkn0wn-EUW11/matches/34-jfPz6Tmx9I8nXTHMUPjyON0ieERLrsacOhYmEHiU%3D/1731239246000,1,30,23,23,30,30,56,100,58,20,37,4,1,1,0,9,4,5,1,66415,61446,16.0,15.2,1020,1041,30.599999999999998,31.3,4969,-4969,1998.3274336283187,1848.8176991150442,K'Sante,Viego,Orianna,Corki,Blitzcrank,Camille,Bel'Veth,LeBlanc,Caitlyn,Tahm Kench,Plated Steelcaps,Kaenic Rookern,Iceborn Gauntlet,Negatron Cloak,Thornmail,Chain Vest,Oracle Lens,Kraken Slayer,Titanic Hydra,No_Item,Plated Steelcaps,Death's Dance,Wit's End,Oracle Lens,Refillable Potion,Sorcerer's Shoes,Seraph's Embrace,Rabadon's Deathcap,Haunting Guise,Fated Ashes,Farsight Alteration,B. F. Sword,Lord Dominik's Regards,Plated Steelcaps,Trinity Force,Muramana,Infinity Edge,Farsight Alteration,Bloodsong,Dead Man's Plate,No_Item,Boots of Swiftness,Kindlegem,Null-Magic Mantle,Oracle Lens,Ravenous Hydra,Plated Steelcaps,Sterak's Gage,Trinity Force,Steel Sigil,Doran's Shield,Oracle Lens,Kraken Slayer,Plated Steelcaps,Stridebreaker,Death's Dance,Recurve Bow,No_Item,Oracle Lens,Luden's Companion,Shadowflame,Rabadon's Deathcap,Blighting Jewel,Sorcerer's Shoes,Blasting Wand,Oracle Lens,Vampiric Scepter,The Collector,Doran's Blade,Lord Dominik's Regards,Berserker's Greaves,Infinity Edge,Farsight Alteration,Heartsteel,Plated Steelcaps,Celestial Opposition,Thornmail,Null-Magic Mantle,No_Item,Oracle Lens,Grasp of the Undying,Domination,Conqueror,Inspiration,Phase Rush,Inspiration,Conqueror,Inspiration,Aftershock,Inspiration,Grasp of the Undying,Inspiration,Press the Attack,Inspiration,Electrocute,Sorcery,Hail of Blades,Sorcery,Grasp of the Undying,Inspiration,Flash,Teleport,Flash,Smite,Flash,Teleport,Flash,Barrier,Ignite,Flash,Flash,Teleport,Flash,Smite,Teleport,Flash,Flash,Ghost,Ignite,Flash,1,6,1,0,0,0
https://www.op.gg/summoners/euw/Unkn0wn-EUW11/matches/34-jfPz6Tmws-Al4Z8tltxPTpobbS2kGlNbPUbVXIWI%3D/1731236319000,0,35,41,41,35,87,54,89,92,31,34,3,2,2,1,9,8,5,3,75707,80154,17.2,17.6,1109,1179,29.2,31.0,-4447,4447,1997.4811074918566,2114.812377850163,Aatrox,Skarner,Sylas,Jinx,Thresh,Yone,Amumu,Orianna,Corki,Zilean,Long Sword,Death's Dance,Mercury's Treads,Sterak's Gage,Sundered Sky,Eclipse,Farsight Alteration,Mercury's Treads,Sterak's Gage,Null-Magic Mantle,Spirit Visage,Heartsteel,Unending Despair,Oracle Lens,Rabadon's Deathcap,Zhonya's Hourglass,Hextech Rocketbelt,Mercury's Treads,Cosmic Drive,Blasting Wand,Oracle Lens,Berserker's Greaves,Infinity Edge,The Collector,Bloodthirster,Mortal Reminder,Phantom Dancer,Farsight Alteration,Celestial Opposition,Locket of the Iron Solari,Redemption,Ionian Boots of Lucidity,Knight's Vow,Control Ward,Oracle Lens,Death's Dance,Berserker's Greaves,No_Item,Immortal Shieldbow,Infinity Edge,Blade of The Ruined King,Farsight Alteration,Ionian Boots of Lucidity,Liandry's Torment,Abyssal Mask,Unending Despair,Dark Seal,Thornmail,Oracle Lens,Sorcerer's Shoes,Cryptbloom,Rabadon's Deathcap,Liandry's Torment,Oblivion Orb,Seraph's Embrace,Farsight Alteration,The Collector,Trinity Force,Muramana,Mercury's Treads,Mortal Reminder,Infinity Edge,Farsight Alteration,Celestial Opposition,Ionian Boots of Lucidity,Shurelya's Battlesong,Banshee's Veil,Oblivion Orb,Kindlegem,Oracle Lens,Conqueror,Resolve,Aftershock,Inspiration,Conqueror,Resolve,Lethal Tempo,Sorcery,Aftershock,Inspiration,Fleet Footwork,Resolve,Conqueror,Domination,Conqueror,Sorcery,Conqueror,Inspiration,Summon Aery,Domination,Teleport,Flash,Flash,Smite,Flash,Teleport,Cleanse,Flash,Ignite,Flash,Flash,Teleport,Smite,Flash,Flash,Teleport,Flash,Barrier,Flash,Exhaust,0,3,2,1,3,2
https://www.op.gg/summoners/euw/Unkn0wn-EUW11/matches/34-jfPz6Tmx-fvj3BIwsXDIlkkZxwNTNCRd-s8gArFw%3D/1731233649000,1,23,6,6,23,11,39,44,43,10,6,1,0,0,0,10,0,1,0,42167,27325,11.2,9.8,620,454,34.0,24.900000000000002,14842,-14842,2317.5755725190843,1501.8320610687024,Udyr,Ekko,Yasuo,Ezreal,Rell,Poppy,Graves,Orianna,Corki,Nautilus,Doran's Ring,Fimbulwinter,Unending Despair,Plated Steelcaps,Null-Magic Mantle,Ruby Crystal,Farsight Alteration,Rabadon's Deathcap,Lich Bane,Dark Seal,Amplifying Tome,Sorcerer's Shoes,No_Item,Oracle Lens,Kraken Slayer,Refillable Potion,Noonquiver,Pickaxe,Doran's Shield,Berserker's Greaves,Oracle Lens,Doran's Blade,Manamune,Control Ward,Ionian Boots of Lucidity,Long Sword,Trinity Force,Farsight Alteration,Celestial Opposition,Warmog's Armor,No_Item,Plated Steelcaps,No_Item,No_Item,Oracle Lens,Hollow Radiance,Tear of the Goddess,Doran's Shield,Mercury's Treads,No_Item,No_Item,Stealth Ward,Scorchclaw Pup,Youmuu's Ghostblade,Boots,No_Item,No_Item,No_Item,Oracle Lens,Ionian Boots of Lucidity,Doran's Ring,Refillable Potion,Dark Seal,Sheen,Seraph's Embrace,Stealth Ward,Slightly Magical Footwear,Trinity Force,Caulfield's Warhammer,Doran's Blade,Tear of the Goddess,Long Sword,Farsight Alteration,Solstice Sleigh,Plated Steelcaps,Locket of the Iron Solari,Bramble Vest,No_Item,No_Item,Oracle Lens,Grasp of the Undying,Inspiration,Electrocute,Inspiration,Grasp of the Undying,Precision,Conqueror,Sorcery,Aftershock,Inspiration,Grasp of the Undying,Inspiration,Dark Harvest,Precision,Conqueror,Sorcery,Conqueror,Inspiration,Aftershock,Inspiration,Flash,Teleport,Flash,Smite,Teleport,Flash,Flash,Barrier,Flash,Exhaust,Flash,Teleport,Smite,Flash,Flash,Teleport,Barrier,Flash,Flash,Ignite,1,5,2,0,1,0
https://www.op.gg/summoners/euw/Unkn0wn-EUW11/matches/34-jfPz6TmxP5YraLojWrrRgZUbRuaz58lO3TT1a_DM%3D/1731231693000,0,23,29,29,23,50,27,79,60,19,27,1,2,0,0,3,8,1,2,50419,58208,13.6,14.6,810,882,28.7,31.3,-7789,7789,1776.669523809524,2051.1390476190477,Riven,Kindred,Akali,Swain,Sylas,Fiora,Ekko,Yasuo,Corki,Alistar,Doran's Blade,Death's Dance,Sundered Sky,Ionian Boots of Lucidity,Eclipse,No_Item,Oracle Lens,Trinity Force,Kraken Slayer,Black Cleaver,Plated Steelcaps,No_Item,No_Item,Oracle Lens,Hextech Rocketbelt,Shattered Armguard,No_Item,Sorcerer's Shoes,Stormsurge,Doran's Ring,Oracle Lens,Plated Steelcaps,Tear of the Goddess,Lost Chapter,Rylai's Crystal Scepter,Doran's Ring,Zhonya's Hourglass,Stealth Ward,Celestial Opposition,Shattered Armguard,No_Item,Stormsurge,Plated Steelcaps,No_Item,Oracle Lens,Ravenous Hydra,No_Item,Plated Steelcaps,Trinity Force,No_Item,Doran's Blade,Farsight Alteration,Rabadon's Deathcap,Dark Seal,Lich Bane,Shadowflame,Sorcerer's Shoes,No_Item,Oracle Lens,Doran's Blade,Infinity Edge,Kraken Slayer,Immortal Shieldbow,Berserker's Greaves,Negatron Cloak,Oracle Lens,Doran's Blade,Muramana,Mercury's Treads,Trinity Force,Mortal Reminder,No_Item,Farsight Alteration,Celestial Opposition,Chain Vest,Locket of the Iron Solari,Ruby Crystal,Bramble Vest,Plated Steelcaps,Oracle Lens,Conqueror,Resolve,Press the Attack,Inspiration,Conqueror,Resolve,Conqueror,Sorcery,Electrocute,Inspiration,Conqueror,Resolve,Electrocute,Inspiration,Grasp of the Undying,Precision,Conqueror,Inspiration,Aftershock,Inspiration,Flash,Ignite,Ghost,Smite,Teleport,Flash,Flash,Teleport,Ignite,Flash,Teleport,Flash,Flash,Smite,Teleport,Flash,Flash,Teleport,Ignite,Flash,0,3,0,1,0,1
https://www.op.gg/summoners/euw/Unkn0wn-EUW11/matches/34-jfPz6TmxGh8SjnPYQXS5uSJE96_2etmigaz4Xs_k%3D/1731163666000,1,38,18,18,38,18,60,73,52,15,10,2,0,1,0,10,2,3,0,59123,48074,15.0,13.0,853,804,34.1,32.1,11049,-11049,2359.6174887892375,1918.6484304932735,Vladimir,Wukong,Corki,Jhin,Bard,Yone,Zyra,Zed,Ezreal,Camille,Stormsurge,Dark Seal,Ionian Boots of Lucidity,Liandry's Torment,Amplifying Tome,Doran's Ring,Farsight Alteration,Trinity Force,Sundered Sky,Steel Sigil,Caulfield's Warhammer,Plated Steelcaps,Pickaxe,Oracle Lens,Pickaxe,Trinity Force,Rapid Firecannon,Muramana,Doran's Blade,Plated Steelcaps,Farsight Alteration,Youmuu's Ghostblade,Infinity Edge,Doran's Blade,Plated Steelcaps,The Collector,Dagger,Farsight Alteration,Bloodsong,Locket of the Iron Solari,Kindlegem,Faerie Charm,Heartsteel,Boots of Swiftness,Oracle Lens,Doran's Shield,Stridebreaker,Blade of The Ruined King,Noonquiver,Pickaxe,Berserker's Greaves,Farsight Alteration,Control Ward,Shattered Armguard,Rylai's Crystal Scepter,Sorcerer's Shoes,Liandry's Torment,No_Item,Oracle Lens,Youmuu's Ghostblade,Long Sword,Edge of Night,Ionian Boots of Lucidity,Voltaic Cyclosword,Long Sword,Farsight Alteration,Doran's Blade,Muramana,Trinity Force,Caulfield's Warhammer,Last Whisper,Ionian Boots of Lucidity,Farsight Alteration,Bloodsong,Sundered Sky,Plated Steelcaps,Tunneler,No_Item,No_Item,Oracle Lens,Summon Aery,Precision,Conqueror,Inspiration,Conqueror,Inspiration,Dark Harvest,Precision,Grasp of the Undying,Domination,Fleet Footwork,Resolve,Arcane Comet,Precision,First Strike,Precision,Conqueror,Sorcery,Hail of Blades,Resolve,Flash,Ignite,Flash,Smite,Teleport,Flash,Flash,Barrier,Flash,Ignite,Flash,Teleport,Flash,Smite,Teleport,Flash,Flash,Barrier,Flash,Ignite,1,5,2,0,0,0
https://www.op.gg/summoners/euw/Unkn0wn-EUW11/matches/34-jfPz6TmzsKOAIN7h4KawKHqwtmX1qdkb1Ns4hmjc%3D/1731161727000,1,19,5,5,19,5,23,27,32,12,2,1,1,0,0,3,0,1,1,33541,22921,10.2,8.8,525,436,34.5,28.6,10620,-10620,2193.0653846153846,1498.680769230769,Aatrox,Udyr,Vladimir,Corki,Nautilus,K'Sante,Jarvan IV,Akshan,Seraphine,Lux,Doran's Shield,Mercury's Treads,Black Cleaver,Caulfield's Warhammer,No_Item,No_Item,Stealth Ward,Liandry's Torment,Ruby Crystal,Control Ward,Cloth Armor,Winged Moonplate,Mercury's Treads,Eye of the Herald,Ionian Boots of Lucidity,Doran's Ring,Dark Seal,Stormsurge,Haunting Guise,No_Item,Oracle Lens,Doran's Blade,Refillable Potion,Mercury's Treads,Manamune,Dagger,Trinity Force,Farsight Alteration,Bloodsong,Ionian Boots of Lucidity,No_Item,Zeke's Convergence,Ruby Crystal,No_Item,Oracle Lens,Thornmail,Doran's Shield,Cloth Armor,Boots,No_Item,Cloth Armor,Stealth Ward,Control Ward,Sundered Sky,Slightly Magical Footwear,Gustwalker Hatchling,No_Item,No_Item,Oracle Lens,Statikk Shiv,Refillable Potion,Long Sword,Long Sword,Doran's Blade,Slightly Magical Footwear,Farsight Alteration,Ionian Boots of Lucidity,Tear of the Goddess,Doran's Ring,Fated Ashes,Lost Chapter,No_Item,Stealth Ward,Bounty of Worlds,Amplifying Tome,No_Item,Lost Chapter,Amplifying Tome,Boots,Oracle Lens,Conqueror,Resolve,Conqueror,Inspiration,Summon Aery,Precision,Conqueror,Inspiration,Aftershock,Inspiration,Grasp of the Undying,Sorcery,Conqueror,Inspiration,Press the Attack,Inspiration,Summon Aery,Precision,Dark Harvest,Sorcery,Flash,Teleport,Flash,Smite,Flash,Ignite,Flash,Teleport,Flash,Ignite,Flash,Teleport,Smite,Flash,Flash,Teleport,Flash,Teleport,Flash,Ignite,1,6,0,0,0,0
https://www.op.gg/summoners/euw/Unkn0wn-EUW11/matches/34-jfPz6Tmwkae3Pnm7ZjX5PUIn_fyfAAhALIogRtm4%3D/1731159961000,1,31,29,29,31,55,45,68,60,18,30,3,1,2,0,9,3,5,1,65104,55440,15.6,14.0,903,839,31.2,29.0,9664,-9664,2248.437113402062,1914.680412371134,Mordekaiser,Elise,Irelia,Caitlyn,Braum,Gnar,Jarvan IV,Galio,Jinx,Nautilus,Riftmaker,Plated Steelcaps,Hextech Rocketbelt,No_Item,No_Item,Rylai's Crystal Scepter,Farsight Alteration,No_Item,Zhonya's Hourglass,Shadowflame,Dark Seal,Stormsurge,Sorcerer's Shoes,Oracle Lens,Doran's Blade,Sterak's Gage,Kraken Slayer,Death's Dance,Blade of The Ruined King,Plated Steelcaps,Oracle Lens,Doran's Blade,The Collector,Scout's Slingshot,Lord Dominik's Regards,Infinity Edge,Berserker's Greaves,Farsight Alteration,No_Item,Celestial Opposition,Plated Steelcaps,Warmog's Armor,Chain Vest,Kindlegem,Oracle Lens,Doran's Blade,Sterak's Gage,Trinity Force,Long Sword,Mercury's Treads,No_Item,Stealth Ward,No_Item,Sundered Sky,Black Cleaver,Tunneler,Pickaxe,Mercury's Treads,Oracle Lens,Sorcerer's Shoes,Stormsurge,No_Item,Shadowflame,Rabadon's Deathcap,Amplifying Tome,Oracle Lens,Pickaxe,Yun Tal Wildarrows,Infinity Edge,Berserker's Greaves,Mortal Reminder,Vampiric Scepter,Farsight Alteration,Bloodsong,Warden's Mail,Locket of the Iron Solari,Knight's Vow,Control Ward,Plated Steelcaps,Oracle Lens,Conqueror,Resolve,Dark Harvest,Precision,Conqueror,Resolve,Lethal Tempo,Sorcery,Guardian,Inspiration,Fleet Footwork,Resolve,Conqueror,Inspiration,Electrocute,Sorcery,Lethal Tempo,Sorcery,Aftershock,Inspiration,Ghost,Teleport,Smite,Flash,Flash,Teleport,Flash,Barrier,Flash,Exhaust,Flash,Teleport,Smite,Flash,Flash,Ignite,Flash,Barrier,Flash,Ignite,1,6,1,0,0,0
https://www.op.gg/summoners/euw/Unkn0wn-EUW11/matches/34-jfPz6TmyHxsGLHMEIZlJK7kjVu5lLORSYjVLakAA%3D/1731157540000,0,18,35,35,18,45,19,55,46,10,18,0,1,0,1,2,9,0,2,43101,57023,12.2,14.0,683,720,27.8,29.400000000000002,-13922,13922,1758.7189655172413,2326.8005747126435,Renekton,Zac,Taliyah,Corki,Nautilus,Darius,Graves,Ahri,Seraphine,Senna,Doran's Shield,Black Cleaver,Plated Steelcaps,Chain Vest,Sterak's Gage,No_Item,Oracle Lens,Spectre's Cowl,Ionian Boots of Lucidity,Sunfire Aegis,Thornmail,Kindlegem,No_Item,Oracle Lens,Doran's Ring,Needlessly Large Rod,Shadowflame,Luden's Companion,Dark Seal,Sorcerer's Shoes,Farsight Alteration,Doran's Blade,Refillable Potion,Mortal Reminder,Berserker's Greaves,Cloak of Agility,The Collector,Farsight Alteration,No_Item,Bloodsong,Warmog's Armor,Mercury's Treads,No_Item,No_Item,Oracle Lens,Sterak's Gage,Plated Steelcaps,Trinity Force,Kindlegem,No_Item,No_Item,Stealth Ward,Mercury's Treads,The Collector,Lord Dominik's Regards,Long Sword,Cloak of Agility,Cloak of Agility,Oracle Lens,Malignance,Ionian Boots of Lucidity,Cryptbloom,Liandry's Torment,No_Item,Shadowflame,Oracle Lens,Ionian Boots of Lucidity,Seraph's Embrace,Blackfire Torch,Rylai's Crystal Scepter,Doran's Ring,Amplifying Tome,Farsight Alteration,Dream Maker,Boots of Swiftness,Echoes of Helia,Black Cleaver,Kindlegem,Bandleglass Mirror,Oracle Lens,Conqueror,Resolve,Aftershock,Precision,Dark Harvest,Precision,Hail of Blades,Precision,Aftershock,Inspiration,Conqueror,Resolve,Dark Harvest,Precision,Electrocute,Sorcery,Conqueror,Inspiration,Grasp of the Undying,Sorcery,Flash,Teleport,Flash,Smite,Teleport,Flash,Flash,Cleanse,Flash,Ignite,Flash,Ghost,Flash,Smite,Flash,Teleport,Teleport,Flash,Flash,Heal,0,2,0,1,1,1
https://www.op.gg/summoners/euw/Unkn0wn-EUW11/matches/34-jfPz6Tmw3B7pkFanuOjc7-ccxedivyMpVSKY2yRg%3D/1731154882000,0,14,37,37,14,79,22,59,64,14,14,0,3,0,1,1,10,0,4,41226,57938,12.4,14.4,681,798,26.7,31.3,-16712,16712,1611.1310344827584,2264.2436781609194,Gnar,Viego,Ryze,Tristana,Bard,Riven,Jarvan IV,Orianna,Ezreal,Rell,Refillable Potion,Trinity Force,Phage,Kindlegem,Plated Steelcaps,Doran's Shield,Farsight Alteration,Kindlegem,Trinity Force,Mercury's Treads,Phage,Long Sword,No_Item,Oracle Lens,Rod of Ages,Frozen Heart,Seraph's Embrace,Negatron Cloak,Boots of Swiftness,No_Item,Farsight Alteration,Doran's Blade,Last Whisper,Berserker's Greaves,Yun Tal Wildarrows,Navori Flickerblade,Long Sword,Farsight Alteration,Bloodsong,Dead Man's Plate,Plated Steelcaps,Control Ward,Scout's Slingshot,Long Sword,Oracle Lens,Doran's Shield,Steel Sigil,Eclipse,Ionian Boots of Lucidity,Sundered Sky,Caulfield's Warhammer,Stealth Ward,Control Ward,Black Cleaver,Sundered Sky,Sterak's Gage,Plated Steelcaps,No_Item,Oracle Lens,Void Staff,Luden's Companion,Sorcerer's Shoes,Dark Seal,Shadowflame,Control Ward,Farsight Alteration,Doran's Blade,Muramana,Serylda's Grudge,Ionian Boots of Lucidity,Trinity Force,Pickaxe,Farsight Alteration,Plated Steelcaps,Locket of the Iron Solari,Celestial Opposition,Zeke's Convergence,Ruby Crystal,Control Ward,Oracle Lens,Fleet Footwork,Resolve,Conqueror,Inspiration,Phase Rush,Inspiration,Press the Attack,Inspiration,Guardian,Inspiration,Conqueror,Sorcery,Conqueror,Inspiration,Arcane Comet,Inspiration,Conqueror,Sorcery,Aftershock,Inspiration,Flash,Teleport,Flash,Smite,Flash,Teleport,Flash,Barrier,Flash,Ignite,Flash,Teleport,Smite,Flash,Flash,Teleport,Flash,Barrier,Flash,Ignite,0,2,0,1,3,2
