GAME_ID,BLUE_WIN,BLUE_KILLS,RED_KILLS,BLUE_DEATHS,RED_DEATHS,RED_ASSISTS,BLUE_ASSISTS,BLUE_WARDS_PLACED,RED_WARDS_PLACED,BLUE_WARDS_DESTROYED,RED_WARDS_DESTROYED,BLUE_DRAGONS,RED_DRAGONS,BLUE_BARONS,RED_BARONS,BLUE_TOWERS,RED_TOWERS,BLUE_ELITE_MONSTERS,RED_ELITE_MONSTERS,BLUE_TEAM_GOLD,RED_TEAM_GOLD,BLUE_TEAM_LEVEL,RED_TEAM_LEVEL,BLUE_TEAM_CS,RED_TEAM_CS,BLUE_TEAAM_CS_PER_MINUTE,RED_TEAAM_CS_PER_MINUTE,BLUE_GOLD_DIFF,RED_GOLD_DIFF,BLUE_GOLD_PER_MIN,RED_GOLD_PER_MIN,BLUE_TEAM_TOP,BLUE_TEAM_JNG,BLUE_TEAM_MID,BLUE_TEAM_ADC,BLUE_TEAM_SUP,RED_TEAM_TOP,RED_TEAM_JNG,RED_TEAM_MID,RED_TEAM_ADC,RED_TEAM_SUP,BLLUE_TEAM_TOP_ITEM_1,BLLUE_TEAM_TOP_ITEM_2,BLLUE_TEAM_TOP_ITEM_3,BLLUE_TEAM_TOP_ITEM_4,BLLUE_TEAM_TOP_ITEM_5,BLLUE_TEAM_TOP_ITEM_6,BLLUE_TEAM_TOP_ITEM_VISION,BLLUE_TEAM_JNG_ITEM_1,BLLUE_TEAM_JNG_ITEM_2,BLLUE_TEAM_JNG_ITEM_3,BLLUE_TEAM_JNG_ITEM_4,BLLUE_TEAM_JNG_ITEM_5,BLLUE_TEAM_JNG_ITEM_6,BLLUE_TEAM_JNG_ITEM_VISION,BLLUE_TEAM_MID_ITEM_1,BLLUE_TEAM_MID_ITEM_2,BLLUE_TEAM_MID_ITEM_3,BLLUE_TEAM_MID_ITEM_4,BLLUE_TEAM_MID_ITEM_5,BLLUE_TEAM_MID_ITEM_6,BLLUE_TEAM_MID_ITEM_VISION,BLLUE_TEAM_ADC_ITEM_1,BLLUE_TEAM_ADC_ITEM_2,BLLUE_TEAM_ADC_ITEM_3,BLLUE_TEAM_ADC_ITEM_4,BLLUE_TEAM_ADC_ITEM_5,BLLUE_TEAM_ADC_ITEM_6,BLLUE_TEAM_ADC_ITEM_VISION,BLLUE_TEAM_SUP_ITEM_1,BLLUE_TEAM_SUP_ITEM_2,BLLUE_TEAM_SUP_ITEM_3,BLLUE_TEAM_SUP_ITEM_4,BLLUE_TEAM_SUP_ITEM_5,BLLUE_TEAM_SUP_ITEM_6,BLLUE_TEAM_SUP_ITEM_VISION,RED_TEAM_TOP_ITEM_1,RED_TEAM_TOP_ITEM_2,RED_TEAM_TOP_ITEM_3,RED_TEAM_TOP_ITEM_4,RED_TEAM_TOP_ITEM_5,RED_TEAM_TOP_ITEM_6,RED_TEAM_TOP_ITEM_VISION,RED_TEAM_JNG_ITEM_1,RED_TEAM_JNG_ITEM_2,RED_TEAM_JNG_ITEM_3,RED_TEAM_JNG_ITEM_4,RED_TEAM_JNG_ITEM_5,RED_TEAM_JNG_ITEM_6,RED_TEAM_JNG_ITEM_VISION,RED_TEAM_MID_ITEM_1,RED_TEAM_MID_ITEM_2,RED_TEAM_MID_ITEM_3,RED_TEAM_MID_ITEM_4,RED_TEAM_MID_ITEM_5,RED_TEAM_MID_ITEM_6,RED_TEAM_MID_ITEM_VISION,RED_TEAM_ADC_ITEM_1,RED_TEAM_ADC_ITEM_2,RED_TEAM_ADC_ITEM_3,RED_TEAM_ADC_ITEM_4,RED_TEAM_ADC_ITEM_5,RED_TEAM_ADC_ITEM_6,RED_TEAM_ADC_ITEM_VISION,RED_TEAM_SUP_ITEM_1,RED_TEAM_SUP_ITEM_2,RED_TEAM_SUP_ITEM_3,RED_TEAM_SUP_ITEM_4,RED_TEAM_SUP_ITEM_5,RED_TEAM_SUP_ITEM_6,RED_TEAM_SUP_ITEM_VISION,BLUE_TEAM_TOP_RUNE_01,BLUE_TEAM_TOP_RUNE_02,BLUE_TEAM_JNG_RUNE_01,BLUE_TEAM_JNG_RUNE_02,BLUE_TEAM_MID_RUNE_01,BLUE_TEAM_MID_RUNE_02,BLUE_TEAM_ADC_RUNE_01,BLUE_TEAM_ADC_RUNE_02,BLUE_TEAM_SUP_RUNE_01,BLUE_TEAM_SUP_RUNE_02,RED_TEAM_TOP_RUNE_01,RED_TEAM_TOP_RUNE_02,RED_TEAM_JNG_RUNE_01,RED_TEAM_JNG_RUNE_02,RED_TEAM_MID_RUNE_01,RED_TEAM_MID_RUNE_02,RED_TEAM_ADC_RUNE_01,RED_TEAM_ADC_RUNE_02,RED_TEAM_SUP_RUNE_01,RED_TEAM_SUP_RUNE_02,BLUE_TEAM_TOP_SUMMONER_01,BLUE_TEAM_TOP_SUMMONER_02,BLUE_TEAM_JNG_SUMMONER_01,BLUE_TEAM_JNG_SUMMONER_02,BLUE_TEAM_MID_SUMMONER_01,BLUE_TEAM_MID_SUMMONER_02,BLUE_TEAM_ADC_SUMMONER_01,BLUE_TEAM_ADC_SUMMONER_02,BLUE_TEAM_SUP_SUMMONER_01,BLUE_TEAM_SUP_SUMMONER_02,RED_TEAM_TOP_SUMMONER_01,RED_TEAM_TOP_SUMMONER_02,RED_TEAM_JNG_SUMMONER_01,RED_TEAM_JNG_SUMMONER_02,RED_TEAM_MID_SUMMONER_01,RED_TEAM_MID_SUMMONER_02,RED_TEAM_ADC_SUMMONER_01,RED_TEAM_ADC_SUMMONER_02,RED_TEAM_SUP_SUMMONER_01,RED_TEAM_SUP_SUMMONER_02,BLUE_TEAM_RIFT_HERALDS,BLUE_TEAM_VOID_GRUBS,BLUE_TEAM_INHIBITORS,RED_TEAM_RIFT_HERALDS,RED_TEAM_VOID_GRUBS,RED_TEAM_INHIBITORS
https://www.op.gg/summoners/euw/Hannover-EUW/matches/uRd1PvnOddqBdTiiEuzgyr8E6epRIqlzOk2LlKaHUAU%3D/1734623762000,0,20,34,35,20,38,23,43,54,9,14,0,2,0,1,2,5,0,3,40459,48433,11.8,13.0,596,651,27.0,29.6,-7974,7974,1840.9915343915343,2203.8296296296294,Ambessa,Wukong,Ahri,Corki,Karma,K'Sante,Elise,Naafiri,Ezreal,Pyke,Doran's Blade,Eclipse,Black Cleaver,Ruby Crystal,Boots,No_Item,Stealth Ward,Pickaxe,Trinity Force,Sundered Sky,Long Sword,Slightly Magical Footwear,No_Item,Oracle Lens,Horizon Focus,Sorcerer's Shoes,Dark Seal,Malignance,Doran's Ring,Amplifying Tome,Farsight Alteration,Doran's Blade,Plated Steelcaps,Long Sword,Muramana,Long Sword,Trinity Force,Farsight Alteration,Redemption,Celestial Opposition,Glowing Mote,Ionian Boots of Lucidity,Moonstone Renewer,Control Ward,Oracle Lens,Iceborn Gauntlet,Plated Steelcaps,Doran's Shield,"Jak'Sho, The Protean",Unending Despair,Spectre's Cowl,Stealth Ward,Shadowflame,Stormsurge,Sorcerer's Shoes,Dark Seal,No_Item,No_Item,Oracle Lens,Synchronized Souls,Doran's Shield,Eclipse,Serrated Dirk,No_Item,Profane Hydra,Oracle Lens,Doran's Blade,Ionian Boots of Lucidity,Pickaxe,Trinity Force,Muramana,Long Sword,Farsight Alteration,Umbral Glaive,Synchronized Souls,Celestial Opposition,Serpent's Fang,Control Ward,No_Item,Oracle Lens,Conqueror,Domination,Conqueror,Inspiration,Electrocute,Sorcery,Conqueror,Inspiration,Summon Aery,Resolve,Grasp of the Undying,Inspiration,Dark Harvest,Precision,Arcane Comet,Domination,Press the Attack,Inspiration,Hail of Blades,Resolve,Flash,Teleport,Flash,Smite,Flash,Teleport,Flash,Barrier,Heal,Flash,Ghost,Teleport,Flash,Smite,Flash,Teleport,Flash,Barrier,Ignite,Flash,0,0,0,0,6,0
https://www.op.gg/summoners/euw/Hannover-EUW/matches/uRd1PvnOddpel_AqiwCK52foUKVEAMeIiSb4eqo8vwo%3D/1734621210000,1,28,11,12,29,18,44,80,42,18,18,1,2,1,0,10,2,2,2,56396,42853,14.2,12.2,874,753,35.5,30.6,13543,-13543,2285.6528634361234,1736.7735682819382,Singed,Wukong,Yone,Ziggs,Pyke,Cho'Gath,Dr. Mundo,Veigar,Sivir,Lulu,Riftmaker,Boots of Swiftness,Liandry's Torment,Giant's Belt,Dark Seal,Amplifying Tome,Farsight Alteration,Black Cleaver,Trinity Force,No_Item,Sundered Sky,Mercury's Treads,No_Item,Oracle Lens,Doran's Shield,Refillable Potion,Noonquiver,Berserker's Greaves,Blade of The Ruined King,Wit's End,Farsight Alteration,Oblivion Orb,Tear of the Goddess,Sorcerer's Shoes,Blackfire Torch,Liandry's Torment,Amplifying Tome,Farsight Alteration,Umbral Glaive,Synchronized Souls,Bloodsong,No_Item,Long Sword,Serpent's Fang,Oracle Lens,Locket of the Iron Solari,Heartsteel,Plated Steelcaps,Doran's Ring,Cloth Armor,No_Item,Oracle Lens,No_Item,Ruby Crystal,Plated Steelcaps,Spirit Visage,Unending Despair,Heartsteel,Oracle Lens,Shurelya's Battlesong,Doran's Ring,Rabadon's Deathcap,Tear of the Goddess,Fiendish Codex,Ionian Boots of Lucidity,Farsight Alteration,Boots of Swiftness,Cull,Doran's Blade,Essence Reaver,Infinity Edge,No_Item,Farsight Alteration,Dream Maker,Refillable Potion,Forbidden Idol,Moonstone Renewer,Ionian Boots of Lucidity,Ruby Crystal,Oracle Lens,Phase Rush,Resolve,Conqueror,Inspiration,Lethal Tempo,Resolve,Arcane Comet,Precision,Hail of Blades,Resolve,Grasp of the Undying,Domination,Fleet Footwork,Inspiration,First Strike,Sorcery,Lethal Tempo,Sorcery,Summon Aery,Resolve,Ghost,Flash,Smite,Flash,Flash,Teleport,Flash,Teleport,Ignite,Flash,Teleport,Flash,Smite,Flash,Flash,Teleport,Ghost,Flash,Heal,Flash,1,6,2,0,0,0
https://www.op.gg/summoners/euw/Hannover-EUW/matches/uRd1PvnOddrsCLA7pgkknVG9RT7JtVq4ZGMjeukPvyw%3D/1734616731000,0,44,52,52,45,93,60,142,89,35,46,2,3,1,1,8,8,3,4,81485,80765,17.4,17.6,1140,1097,28.9,27.8,720,-720,2063.929276315789,2045.6924342105262,Cho'Gath,Wukong,Syndra,Corki,Pyke,Singed,Teemo,Veigar,Tahm Kench,Bard,Null-Magic Mantle,"Jak'Sho, The Protean",Cosmic Drive,Force of Nature,Mercury's Treads,Rod of Ages,Farsight Alteration,Trinity Force,Maw of Malmortius,Control Ward,Sundered Sky,Force of Nature,Mercury's Treads,Oracle Lens,Cosmic Drive,Stormsurge,Void Staff,Liandry's Torment,Blackfire Torch,Rabadon's Deathcap,Farsight Alteration,Trinity Force,Mercury's Treads,Rapid Firecannon,Muramana,Infinity Edge,Bloodthirster,Farsight Alteration,Mercury's Treads,Bloodsong,Umbral Glaive,Kaenic Rookern,Abyssal Mask,Serrated Dirk,Oracle Lens,Rylai's Crystal Scepter,Boots of Swiftness,Zhonya's Hourglass,Abyssal Mask,Mejai's Soulstealer,Liandry's Torment,Oracle Lens,Liandry's Torment,Nashor's Tooth,Shadowflame,Void Staff,Boots of Swiftness,Rabadon's Deathcap,Oracle Lens,Infinity Edge,Trinity Force,Rapid Firecannon,Muramana,Vampiric Scepter,Boots of Swiftness,Farsight Alteration,Titanic Hydra,"Jak'Sho, The Protean",Heartsteel,No_Item,Boots of Swiftness,Null-Magic Mantle,Farsight Alteration,Dead Man's Plate,Plated Steelcaps,Bloodsong,Statikk Shiv,Kaenic Rookern,Haunting Guise,Oracle Lens,Phase Rush,Inspiration,Conqueror,Inspiration,Arcane Comet,Inspiration,Conqueror,Inspiration,Hail of Blades,Sorcery,Phase Rush,Resolve,Press the Attack,Inspiration,Press the Attack,Inspiration,Grasp of the Undying,Inspiration,Guardian,Inspiration,Teleport,Flash,Flash,Smite,Flash,Teleport,Cleanse,Flash,Ignite,Flash,Flash,Ghost,Flash,Smite,Flash,Teleport,Teleport,Flash,Ignite,Flash,1,6,0,0,0,1
https://www.op.gg/summoners/euw/Hannover-EUW/matches/uRd1PvnOddoTlXyF7Ua0DpAqmJvR7fMks8CdItI_jcs%3D/1734546131000,0,9,30,30,9,28,12,20,45,6,4,0,1,0,0,0,4,0,1,31251,41536,10.4,11.6,552,595,29.5,31.6,-10285,10285,1668.1277027027027,2217.1243243243243,Smolder,Diana,Aurora,Akshan,Sion,Riven,Nidalee,Cassiopeia,Yasuo,Pyke,Hubris,Cloak of Agility,Ionian Boots of Lucidity,Dagger,No_Item,Doran's Blade,Farsight Alteration,Needlessly Large Rod,Nashor's Tooth,Sorcerer's Shoes,Needlessly Large Rod,Aether Wisp,Glowing Mote,Oracle Lens,Malignance,Sorcerer's Shoes,Dark Seal,Fiendish Codex,No_Item,No_Item,Stealth Ward,Doran's Blade,Refillable Potion,Boots,Statikk Shiv,The Collector,Dagger,Stealth Ward,World Atlas,Boots,Knight's Vow,Cloth Armor,Ruby Crystal,No_Item,Oracle Lens,Eclipse,Refillable Potion,Sundered Sky,Ionian Boots of Lucidity,Long Sword,Doran's Blade,Oracle Lens,Control Ward,Hextech Rocketbelt,Zhonya's Hourglass,Dark Seal,Sorcerer's Shoes,No_Item,Oracle Lens,Archangel's Staff,Rylai's Crystal Scepter,No_Item,Shattered Armguard,Doran's Ring,No_Item,Stealth Ward,Noonquiver,Pickaxe,No_Item,Kraken Slayer,Berserker's Greaves,Doran's Shield,Farsight Alteration,Umbral Glaive,Synchronized Souls,Bloodsong,Serrated Dirk,Rectrix,Long Sword,Oracle Lens,Arcane Comet,Inspiration,Conqueror,Inspiration,Electrocute,Precision,Press the Attack,Resolve,Grasp of the Undying,Inspiration,Conqueror,Inspiration,Dark Harvest,Precision,Conqueror,Sorcery,Lethal Tempo,Resolve,Hail of Blades,Resolve,Teleport,Flash,Smite,Flash,Flash,Teleport,Flash,Teleport,Flash,Smite,Ignite,Flash,Smite,Flash,Flash,Teleport,Flash,Exhaust,Ignite,Flash,0,3,0,1,3,0
https://www.op.gg/summoners/euw/Hannover-EUW/matches/uRd1PvnOddoqLel6lUNgazy9NI9EO_CDd9RUPedqzeQ%3D/1734520036000,0,18,37,38,18,55,29,67,67,16,26,0,4,0,1,2,9,0,5,48378,59935,13.2,14.6,789,822,29.0,30.2,-11557,11557,1769.9268292682927,2192.7439024390246,Ekko,Jarvan IV,Viktor,Ezreal,Braum,Akali,Warwick,Yone,Corki,Nautilus,Sorcerer's Shoes,Hextech Rocketbelt,Nashor's Tooth,Amplifying Tome,Dark Seal,Needlessly Large Rod,Stealth Ward,Cloth Armor,Kindlegem,Negatron Cloak,Eclipse,Sundered Sky,Mercury's Treads,Stealth Ward,Blasting Wand,Doran's Ring,Luden's Companion,Sorcerer's Shoes,Blighting Jewel,Rabadon's Deathcap,Farsight Alteration,Doran's Blade,Caulfield's Warhammer,No_Item,Trinity Force,Muramana,Ionian Boots of Lucidity,Farsight Alteration,Randuin's Omen,Locket of the Iron Solari,Celestial Opposition,Plated Steelcaps,No_Item,No_Item,Oracle Lens,Zhonya's Hourglass,Dark Seal,Blighting Jewel,Sorcerer's Shoes,Stormsurge,Shadowflame,Oracle Lens,Stridebreaker,Mercury's Treads,Spirit Visage,Ruby Crystal,Pickaxe,Ruby Crystal,Oracle Lens,Infinity Edge,No_Item,Blade of The Ruined King,Immortal Shieldbow,Berserker's Greaves,Doran's Shield,Oracle Lens,Doran's Blade,Muramana,Trinity Force,Rapid Firecannon,Plated Steelcaps,Pickaxe,Farsight Alteration,Bloodsong,Locket of the Iron Solari,Knight's Vow,Control Ward,Boots of Swiftness,No_Item,Oracle Lens,Arcane Comet,Domination,Conqueror,Inspiration,Summon Aery,Resolve,Press the Attack,Inspiration,Guardian,Inspiration,Electrocute,Resolve,Press the Attack,Sorcery,Lethal Tempo,Resolve,Conqueror,Inspiration,Aftershock,Inspiration,Teleport,Flash,Smite,Flash,Flash,Teleport,Flash,Barrier,Exhaust,Flash,Teleport,Ignite,Flash,Smite,Teleport,Flash,Flash,Barrier,Flash,Ignite,0,3,0,1,3,0
https://www.op.gg/summoners/euw/Hannover-EUW/matches/uRd1PvnOddpYxKS0p8zQDm_04OKjbjBYgBlbZyJMfAA%3D/1734517370000,1,17,12,12,17,15,25,41,50,15,10,0,2,0,0,4,2,0,2,40645,38495,12.2,11.6,656,691,30.1,31.7,2150,-2150,1869.6699999999998,1770.77,Ambessa,Wukong,Aurora,Caitlyn,Bard,K'Sante,Viego,Tahm Kench,Azir,Janna,Doran's Shield,Refillable Potion,Voltaic Cyclosword,Tunneler,Boots of Swiftness,Ruby Crystal,Farsight Alteration,Black Cleaver,Trinity Force,Control Ward,Long Sword,Ruby Crystal,Slightly Magical Footwear,Oracle Lens,Doran's Ring,Mejai's Soulstealer,Amplifying Tome,Liandry's Torment,Malignance,Ionian Boots of Lucidity,Farsight Alteration,Doran's Blade,Berserker's Greaves,Yun Tal Wildarrows,Lord Dominik's Regards,Control Ward,No_Item,Farsight Alteration,Dead Man's Plate,Haunting Guise,Bloodsong,No_Item,Slightly Magical Footwear,Amplifying Tome,Oracle Lens,Unending Despair,Plated Steelcaps,Iceborn Gauntlet,Kindlegem,Spectre's Cowl,Doran's Shield,Oracle Lens,Titanic Hydra,No_Item,Slightly Magical Footwear,Cloth Armor,Kraken Slayer,No_Item,Stealth Ward,Heartsteel,Chain Vest,Boots of Swiftness,Kindlegem,Ruby Crystal,No_Item,Farsight Alteration,Doran's Ring,Refillable Potion,Liandry's Torment,Nashor's Tooth,Sorcerer's Shoes,No_Item,Farsight Alteration,Echoes of Helia,Boots of Swiftness,Dream Maker,Dark Seal,Bandleglass Mirror,Kindlegem,Oracle Lens,Grasp of the Undying,Domination,Conqueror,Inspiration,Electrocute,Sorcery,Lethal Tempo,Sorcery,Guardian,Inspiration,Grasp of the Undying,Inspiration,Conqueror,Inspiration,Grasp of the Undying,Inspiration,Summon Aery,Precision,Summon Aery,Domination,Flash,Teleport,Flash,Smite,Flash,Teleport,Flash,Ghost,Ignite,Flash,Flash,Teleport,Flash,Smite,Teleport,Flash,Flash,Teleport,Flash,Heal,0,3,0,1,3,0
https://www.op.gg/summoners/euw/Hannover-EUW/matches/uRd1PvnOddpDURe_sUOw_HwwqBvP861MjdPLkhCBAm0%3D/1734515344000,0,21,29,29,21,55,27,49,64,22,16,1,2,0,1,0,8,1,3,43992,54165,12.4,14.0,696,725,27.4,28.5,-10173,10173,1735.738775510204,2137.122448979592,Maokai,Viego,Katarina,Draven,Tahm Kench,Jax,Warwick,Aurora,Caitlyn,Bard,Doran's Shield,Fimbulwinter,Thornmail,Refillable Potion,Plated Steelcaps,Ruby Crystal,Oracle Lens,Sundered Sky,Kraken Slayer,Boots of Swiftness,Tunneler,Ruby Crystal,Pickaxe,Oracle Lens,Dark Seal,Refillable Potion,Sorcerer's Shoes,Lich Bane,Shadowflame,Needlessly Large Rod,Oracle Lens,Doran's Blade,Bloodthirster,Berserker's Greaves,Long Sword,B. F. Sword,Pickaxe,Farsight Alteration,Heartsteel,Plated Steelcaps,Bloodsong,Unending Despair,No_Item,No_Item,Oracle Lens,Trinity Force,Doran's Shield,Mercury's Treads,Sundered Sky,Pickaxe,Tunneler,Stealth Ward,Stridebreaker,Frozen Heart,No_Item,No_Item,No_Item,Plated Steelcaps,Oracle Lens,Doran's Ring,Control Ward,Malignance,Liandry's Torment,Cosmic Drive,Sorcerer's Shoes,Farsight Alteration,Zeal,Berserker's Greaves,Yun Tal Wildarrows,Lord Dominik's Regards,Infinity Edge,Control Ward,Farsight Alteration,Locket of the Iron Solari,Bloodsong,Heartsteel,No_Item,Boots of Swiftness,Glowing Mote,Oracle Lens,Grasp of the Undying,Sorcery,Conqueror,Inspiration,Electrocute,Precision,Lethal Tempo,Domination,Grasp of the Undying,Inspiration,Grasp of the Undying,Sorcery,Press the Attack,Sorcery,Electrocute,Sorcery,Lethal Tempo,Sorcery,Arcane Comet,Inspiration,Flash,Teleport,Smite,Flash,Flash,Teleport,Flash,Barrier,Ignite,Flash,Flash,Teleport,Flash,Smite,Flash,Teleport,Flash,Cleanse,Flash,Exhaust,1,5,0,0,1,1
https://www.op.gg/summoners/euw/Hannover-EUW/matches/uRd1PvnOddqwYNqNMbzUJGNzrSJWzthOY5ZWnWoq5Gg%3D/1734450168000,1,29,11,11,29,16,44,60,46,13,15,1,1,0,0,5,1,1,1,43827,33913,11.4,10.4,631,602,32.4,31.0,9914,-9914,2250.575675675676,1741.4783783783785,Darius,Skarner,Swain,Viktor,Pyke,Sylas,Master Yi,Ezreal,Vayne,Leona,Stridebreaker,Sterak's Gage,No_Item,Boots of Swiftness,No_Item,No_Item,Oracle Lens,No_Item,Heartsteel,Control Ward,Frozen Heart,Ruby Crystal,Mercury's Treads,Oracle Lens,Doran's Ring,Blackfire Torch,Boots of Swiftness,Aether Wisp,Fiendish Codex,No_Item,Stealth Ward,Needlessly Large Rod,Sorcerer's Shoes,Needlessly Large Rod,Liandry's Torment,Blackfire Torch,Doran's Ring,Farsight Alteration,Umbral Glaive,Boots of Swiftness,Celestial Opposition,Rectrix,Long Sword,Long Sword,Oracle Lens,Doran's Shield,Mercury's Treads,Cosmic Drive,Hextech Rocketbelt,No_Item,No_Item,Oracle Lens,Guinsoo's Rageblade,Blade of The Ruined King,Boots,No_Item,No_Item,No_Item,Stealth Ward,Doran's Blade,Caulfield's Warhammer,Tear of the Goddess,Trinity Force,Ionian Boots of Lucidity,Long Sword,Farsight Alteration,Blade of The Ruined King,Berserker's Greaves,Recurve Bow,Doran's Blade,No_Item,No_Item,Stealth Ward,Celestial Opposition,Locket of the Iron Solari,Refillable Potion,Mercury's Treads,No_Item,No_Item,Oracle Lens,Conqueror,Sorcery,Grasp of the Undying,Inspiration,Conqueror,Resolve,Summon Aery,Resolve,Hail of Blades,Resolve,Conqueror,Resolve,Lethal Tempo,Domination,Conqueror,Sorcery,Press the Attack,Sorcery,Aftershock,Inspiration,Flash,Ghost,Flash,Smite,Ghost,Flash,Flash,Teleport,Ignite,Flash,Flash,Teleport,Flash,Smite,Flash,Barrier,Flash,Ghost,Flash,Ignite,1,5,0,0,1,0
https://www.op.gg/summoners/euw/Hannover-EUW/matches/uRd1PvnOddrBHr_3sMjlLXuFk0-kORrbzDhdVlZwFIQ%3D/1734446815000,0,20,38,38,20,59,32,56,58,15,19,0,3,0,0,2,7,0,3,39824,49885,11.0,12.4,593,633,27.0,28.9,-10061,10061,1816.5333333333333,2275.4561403508774,Dr. Mundo,Udyr,Corki,Ashe,Renata Glasc,Cho'Gath,Master Yi,Viktor,Jhin,Rell,Doran's Shield,Boots of Swiftness,Warmog's Armor,Giant's Belt,Giant's Belt,No_Item,Oracle Lens,Unending Despair,Dark Seal,Liandry's Torment,Plated Steelcaps,Negatron Cloak,Ruby Crystal,Oracle Lens,Doran's Blade,Zeal,Muramana,Trinity Force,Slightly Magical Footwear,No_Item,Farsight Alteration,Doran's Blade,Refillable Potion,Statikk Shiv,Runaan's Hurricane,Berserker's Greaves,No_Item,Farsight Alteration,Locket of the Iron Solari,Solstice Sleigh,Ionian Boots of Lucidity,Kindlegem,Forbidden Idol,No_Item,Oracle Lens,Unending Despair,Control Ward,Heartsteel,Tear of the Goddess,Boots of Swiftness,No_Item,Oracle Lens,Guinsoo's Rageblade,Blade of The Ruined King,Tiamat,Kraken Slayer,Berserker's Greaves,Tunneler,Farsight Alteration,Cryptbloom,Ionian Boots of Lucidity,No_Item,Aether Wisp,Blackfire Torch,Liandry's Torment,Farsight Alteration,Boots of Swiftness,The Collector,Youmuu's Ghostblade,Cloak of Agility,Last Whisper,No_Item,Farsight Alteration,Mikael's Blessing,Boots of Swiftness,Celestial Opposition,No_Item,Ardent Censer,No_Item,Oracle Lens,Grasp of the Undying,Inspiration,Conqueror,Inspiration,Conqueror,Inspiration,Lethal Tempo,Inspiration,Guardian,Domination,Grasp of the Undying,Inspiration,Lethal Tempo,Domination,Summon Aery,Precision,Dark Harvest,Precision,Aftershock,Inspiration,Ghost,Teleport,Flash,Smite,Teleport,Flash,Cleanse,Flash,Heal,Flash,Flash,Teleport,Flash,Smite,Teleport,Flash,Flash,Cleanse,Ignite,Flash,0,2,0,1,4,2
https://www.op.gg/summoners/euw/Hannover-EUW/matches/uRd1PvnOddqQLsOFW6K4RSI0s8FpwAcUSyelcRRd_as%3D/1734444797000,0,15,25,25,16,39,14,53,63,22,19,0,3,0,0,1,4,0,3,42464,48373,12.0,13.4,773,794,32.9,33.8,-5909,5909,1808.0375000000001,2059.6316406250003,Gragas,Hecarim,Yone,Kog'Maw,Tahm Kench,Riven,Vi,Viktor,Jinx,Milio,Doran's Ring,Cosmic Drive,Tear of the Goddess,Sorcerer's Shoes,Fiendish Codex,No_Item,Farsight Alteration,Spear of Shojin,Eclipse,Plated Steelcaps,Steel Sigil,No_Item,No_Item,Oracle Lens,Stridebreaker,Cloak of Agility,Berserker's Greaves,No_Item,Blade of The Ruined King,No_Item,Farsight Alteration,Blade of The Ruined King,Guinsoo's Rageblade,Hearthbound Axe,No_Item,No_Item,Plated Steelcaps,Farsight Alteration,Chain Vest,Locket of the Iron Solari,Celestial Opposition,Control Ward,Kindlegem,Plated Steelcaps,Oracle Lens,Doran's Blade,Eclipse,Mercury's Treads,Death's Dance,Ruby Crystal,Caulfield's Warhammer,Farsight Alteration,Sundered Sky,Randuin's Omen,Control Ward,Long Sword,Boots,No_Item,Oracle Lens,Doran's Ring,Blackfire Torch,Needlessly Large Rod,Liandry's Torment,Ionian Boots of Lucidity,Needlessly Large Rod,Farsight Alteration,Berserker's Greaves,The Collector,Doran's Blade,Infinity Edge,Last Whisper,Cloak of Agility,Farsight Alteration,Ardent Censer,Ionian Boots of Lucidity,Dream Maker,Kindlegem,Glowing Mote,Amplifying Tome,Oracle Lens,Arcane Comet,Inspiration,Phase Rush,Precision,Fleet Footwork,Resolve,Lethal Tempo,Resolve,Guardian,Inspiration,Conqueror,Inspiration,Conqueror,Domination,First Strike,Sorcery,Lethal Tempo,Sorcery,Summon Aery,Resolve,Flash,Teleport,Ghost,Smite,Flash,Teleport,Flash,Barrier,Ignite,Flash,Flash,Teleport,Smite,Flash,Teleport,Flash,Barrier,Flash,Heal,Flash,1,5,0,0,1,0
https://www.op.gg/summoners/euw/Hannover-EUW/matches/uRd1PvnOddq-68rFxbO5msx2d3y8kPQiSq9jM2I1u9U%3D/1734442473000,1,32,34,34,32,63,72,96,103,43,51,4,2,1,2,10,7,5,4,84798,89760,17.6,18.0,1289,1391,29.2,31.4,-4962,4962,1914.7935483870967,2026.8387096774195,Gnar,Viego,Viktor,Yasuo,Braum,Zilean,Talon,Ekko,Draven,Lux,Trinity Force,Sterak's Gage,Wit's End,Black Cleaver,Dead Man's Plate,Mercury's Treads,Oracle Lens,Kraken Slayer,Death's Dance,Plated Steelcaps,Sundered Sky,Kaenic Rookern,Guardian Angel,Oracle Lens,Lich Bane,Sorcerer's Shoes,Zhonya's Hourglass,Liandry's Torment,Blackfire Torch,Needlessly Large Rod,Farsight Alteration,Guardian Angel,Blade of The Ruined King,Berserker's Greaves,Immortal Shieldbow,Infinity Edge,No_Item,Farsight Alteration,Locket of the Iron Solari,Knight's Vow,Solstice Sleigh,No_Item,Mercury's Treads,Kindlegem,Oracle Lens,Cosmic Drive,Frozen Heart,Seraph's Embrace,Mejai's Soulstealer,Horizon Focus,Ionian Boots of Lucidity,Farsight Alteration,Serpent's Fang,Serylda's Grudge,Ionian Boots of Lucidity,Opportunity,Axiom Arc,Youmuu's Ghostblade,Oracle Lens,Rabadon's Deathcap,Lich Bane,Shadowflame,Synchronized Souls,Stormsurge,Cryptbloom,Oracle Lens,Lord Dominik's Regards,The Collector,Infinity Edge,Bloodthirster,Immortal Shieldbow,Zephyr,Farsight Alteration,Shurelya's Battlesong,Zhonya's Hourglass,Mikael's Blessing,Zaz'Zak's Realmspike,Boots of Swiftness,Watchful Wardstone,Oracle Lens,Grasp of the Undying,Inspiration,Conqueror,Inspiration,Summon Aery,Resolve,Lethal Tempo,Resolve,Guardian,Precision,Summon Aery,Resolve,Conqueror,Inspiration,Hail of Blades,Sorcery,Lethal Tempo,Domination,Arcane Comet,Precision,Teleport,Flash,Flash,Smite,Flash,Teleport,Flash,Exhaust,Ignite,Flash,Flash,Teleport,Flash,Smite,Flash,Teleport,Flash,Cleanse,Flash,Heal,1,3,5,0,3,2
https://www.op.gg/summoners/euw/Hannover-EUW/matches/uRd1PvnOddojOYY-9rBmG0IcFlb6ennX-ZF8ZHDueM8%3D/1734376667000,1,52,29,29,52,43,87,76,119,51,24,4,0,0,2,9,5,4,2,70101,65819,16.0,15.6,938,961,29.5,30.2,4282,-4282,2206.3661354581673,2071.5940239043825,Ambessa,Shaco,Katarina,Ezreal,Lulu,Gwen,Warwick,Syndra,Varus,Pyke,Caulfield's Warhammer,Spear of Shojin,Voltaic Cyclosword,Eclipse,Plated Steelcaps,Hexdrinker,Oracle Lens,Last Whisper,Youmuu's Ghostblade,Profane Hydra,Caulfield's Warhammer,Voltaic Cyclosword,Berserker's Greaves,Oracle Lens,Dark Seal,Needlessly Large Rod,Zhonya's Hourglass,Sorcerer's Shoes,Shadowflame,Lich Bane,Oracle Lens,Spear of Shojin,Muramana,Trinity Force,Last Whisper,Caulfield's Warhammer,Ionian Boots of Lucidity,Farsight Alteration,Mikael's Blessing,Redemption,Dream Maker,No_Item,Moonstone Renewer,Ionian Boots of Lucidity,Oracle Lens,Needlessly Large Rod,No_Item,Zhonya's Hourglass,Plated Steelcaps,Nashor's Tooth,Riftmaker,Oracle Lens,Spirit Visage,Randuin's Omen,Stridebreaker,Plated Steelcaps,Control Ward,Blade of The Ruined King,Oracle Lens,Rabadon's Deathcap,Blighting Jewel,Zhonya's Hourglass,Sorcerer's Shoes,Blackfire Torch,Cosmic Drive,Farsight Alteration,Serylda's Grudge,Ruby Crystal,Muramana,Hubris,Ionian Boots of Lucidity,Serpent's Fang,Farsight Alteration,Synchronized Souls,Umbral Glaive,Celestial Opposition,Control Ward,Edge of Night,Serrated Dirk,Oracle Lens,Grasp of the Undying,Domination,Hail of Blades,Sorcery,Conqueror,Domination,Press the Attack,Inspiration,Summon Aery,Resolve,Conqueror,Resolve,Press the Attack,Inspiration,First Strike,Sorcery,Arcane Comet,Inspiration,Hail of Blades,Resolve,Flash,Teleport,Smite,Ignite,Teleport,Flash,Flash,Barrier,Flash,Heal,Teleport,Ignite,Smite,Flash,Flash,Teleport,Flash,Barrier,Ignite,Flash,1,4,1,0,2,0
https://www.op.gg/summoners/euw/Hannover-EUW/matches/uRd1PvnOddoOSUuf1UP1TGVeDim8szrQQ64j1cm1JsI%3D/1734374265000,1,43,26,26,43,29,59,78,79,25,33,3,1,1,0,11,3,4,1,65883,54876,15.6,14.2,882,881,32.8,32.8,11007,-11007,2457.1118852459017,2046.6049180327868,Ambessa,Vi,Viktor,Ezreal,Tahm Kench,Volibear,Viego,Veigar,Kai'Sa,Nautilus,Doran's Blade,Eclipse,Mercury's Treads,Spear of Shojin,Sundered Sky,Executioner's Calling,Farsight Alteration,Phage,Trinity Force,Sundered Sky,Sterak's Gage,Kindlegem,Mercury's Treads,Oracle Lens,Lich Bane,Luden's Companion,Sorcerer's Shoes,Rabadon's Deathcap,Banshee's Veil,Control Ward,Farsight Alteration,Doran's Blade,Trinity Force,Spear of Shojin,Muramana,Long Sword,Ionian Boots of Lucidity,Farsight Alteration,Knight's Vow,Heartsteel,Bloodsong,No_Item,Mercury's Treads,Kindlegem,Oracle Lens,Hextech Rocketbelt,Cosmic Drive,Boots of Swiftness,Kindlegem,Chain Vest,Dark Seal,Stealth Ward,Sundered Sky,Control Ward,Mercury's Treads,Kraken Slayer,Tunneler,Pickaxe,Oracle Lens,Luden's Companion,Void Staff,Needlessly Large Rod,Doran's Ring,Needlessly Large Rod,Sorcerer's Shoes,Farsight Alteration,Needlessly Large Rod,Guinsoo's Rageblade,Statikk Shiv,Berserker's Greaves,Zhonya's Hourglass,Nashor's Tooth,Farsight Alteration,Locket of the Iron Solari,Winged Moonplate,Celestial Opposition,Ruby Crystal,Giant's Belt,Plated Steelcaps,Oracle Lens,Grasp of the Undying,Domination,Conqueror,Inspiration,First Strike,Sorcery,Press the Attack,Inspiration,Grasp of the Undying,Inspiration,Press the Attack,Resolve,Conqueror,Domination,Electrocute,Sorcery,Press the Attack,Domination,Aftershock,Inspiration,Flash,Teleport,Smite,Flash,Flash,Teleport,Barrier,Flash,Ignite,Flash,Flash,Teleport,Smite,Flash,Flash,Teleport,Flash,Barrier,Flash,Ignite,1,6,2,0,0,0
https://www.op.gg/summoners/euw/Hannover-EUW/matches/uRd1PvnOddqpiK9TmpYwYohgifmE_X0iwShzt-AJxjI%3D/1734369925000,0,32,49,49,32,91,48,137,80,50,68,1,4,0,1,5,10,1,5,72643,81022,15.6,17.2,1009,1193,27.5,32.5,-8379,8379,1981.1727272727273,2209.6909090909094,Rumble,Viego,Irelia,Viktor,Pyke,Yone,Shaco,Kassadin,Xayah,Rakan,No_Item,Zhonya's Hourglass,Riftmaker,Ionian Boots of Lucidity,Liandry's Torment,Amplifying Tome,Oracle Lens,Titanic Hydra,Control Ward,Plated Steelcaps,Kraken Slayer,Sterak's Gage,Sundered Sky,Oracle Lens,Wit's End,Blade of The Ruined King,Hullbreaker,Hexdrinker,Sundered Sky,Plated Steelcaps,Farsight Alteration,Sorcerer's Shoes,Rabadon's Deathcap,Zhonya's Hourglass,Luden's Companion,Lich Bane,Void Staff,Farsight Alteration,Umbral Glaive,Synchronized Souls,Celestial Opposition,Control Ward,Edge of Night,Serpent's Fang,Oracle Lens,"Jak'Sho, The Protean",Infinity Edge,Blade of The Ruined King,Berserker's Greaves,Immortal Shieldbow,Steel Sigil,Farsight Alteration,Lord Dominik's Regards,Youmuu's Ghostblade,Control Ward,Boots of Swiftness,Infinity Edge,Edge of Night,Oracle Lens,Mejai's Soulstealer,Malignance,Zhonya's Hourglass,Seraph's Embrace,Rabadon's Deathcap,Void Staff,Oracle Lens,Zephyr,Doran's Blade,Infinity Edge,Bloodthirster,Navori Flickerblade,Essence Reaver,Farsight Alteration,Control Ward,Locket of the Iron Solari,Celestial Opposition,Plated Steelcaps,Trailblazer,Abyssal Mask,Oracle Lens,Conqueror,Resolve,Conqueror,Inspiration,Conqueror,Inspiration,First Strike,Precision,Hail of Blades,Resolve,Lethal Tempo,Resolve,Hail of Blades,Inspiration,Electrocute,Resolve,Lethal Tempo,Inspiration,Guardian,Inspiration,Flash,Teleport,Smite,Flash,Flash,Teleport,Teleport,Flash,Ignite,Flash,Flash,Teleport,Smite,Ignite,Flash,Teleport,Barrier,Flash,Flash,Ignite,1,6,0,0,0,1
https://www.op.gg/summoners/euw/Hannover-EUW/matches/uRd1PvnOddpYPHCTrwgURKKx0Zt_cnK4C7B82R5L-2s%3D/1734367042000,0,18,36,36,18,63,28,62,97,30,26,0,3,0,1,2,8,0,4,48451,60969,13.0,15.0,768,827,29.0,31.2,-12518,12518,1816.9125,2286.3375,Kennen,Nocturne,Viktor,Caitlyn,Bard,Zilean,Hecarim,Yone,Ashe,Pyke,Hextech Rocketbelt,Shadowflame,Blighting Jewel,Sorcerer's Shoes,Dark Seal,Doran's Ring,Stealth Ward,Frozen Heart,Tunneler,Stridebreaker,Control Ward,Plated Steelcaps,No_Item,Oracle Lens,Luden's Companion,Stormsurge,Zhonya's Hourglass,Sorcerer's Shoes,Amplifying Tome,No_Item,Stealth Ward,Doran's Blade,The Collector,Berserker's Greaves,Infinity Edge,Cloak of Agility,Long Sword,Farsight Alteration,Dead Man's Plate,Statikk Shiv,Bloodsong,Plated Steelcaps,Ruby Crystal,No_Item,Oracle Lens,Doran's Ring,Seraph's Embrace,Abyssal Mask,Ionian Boots of Lucidity,Amplifying Tome,No_Item,Stealth Ward,Control Ward,Ionian Boots of Lucidity,Eclipse,Black Cleaver,Death's Dance,No_Item,Oracle Lens,Recurve Bow,Blade of The Ruined King,Negatron Cloak,Berserker's Greaves,Immortal Shieldbow,Infinity Edge,Oracle Lens,Runaan's Hurricane,Berserker's Greaves,Lord Dominik's Regards,B. F. Sword,Statikk Shiv,No_Item,Farsight Alteration,Umbral Glaive,Edge of Night,Bloodsong,Youmuu's Ghostblade,Synchronized Souls,No_Item,Oracle Lens,Electrocute,Inspiration,Lethal Tempo,Domination,First Strike,Sorcery,Hail of Blades,Sorcery,Guardian,Inspiration,Summon Aery,Resolve,Phase Rush,Precision,Fleet Footwork,Resolve,Lethal Tempo,Inspiration,Hail of Blades,Resolve,Teleport,Flash,Flash,Smite,Flash,Teleport,Flash,Ghost,Ignite,Flash,Teleport,Flash,Smite,Ghost,Teleport,Flash,Barrier,Flash,Ignite,Flash,0,1,0,1,5,1
https://www.op.gg/summoners/euw/Hannover-EUW/matches/uRd1PvnOddrAzaLO9LsPuATiOM1RY0kwRYlllcVAxdw%3D/1734364512000,1,43,27,27,43,58,94,65,106,34,20,3,1,2,0,11,2,5,1,67659,58349,16.2,15.6,805,831,25.1,25.900000000000002,9310,-9310,2097.0333333333333,1808.4777777777779,Gragas,Graves,Sylas,Tahm Kench,Rell,Zilean,Talon,Galio,Kalista,Renata Glasc,Lost Chapter,Lich Bane,Cosmic Drive,Boots of Swiftness,Blighting Jewel,Blasting Wand,Oracle Lens,The Collector,Youmuu's Ghostblade,Steel Sigil,Immortal Shieldbow,Infinity Edge,Plated Steelcaps,Oracle Lens,Lich Bane,Shattered Armguard,Hextech Rocketbelt,Dark Seal,Sorcerer's Shoes,Riftmaker,Oracle Lens,Spirit Visage,Heartsteel,Unending Despair,Haunting Guise,Mercury's Treads,No_Item,Farsight Alteration,Abyssal Mask,No_Item,Celestial Opposition,Ionian Boots of Lucidity,Trailblazer,Frozen Heart,Oracle Lens,Cosmic Drive,Seraph's Embrace,Ionian Boots of Lucidity,Oblivion Orb,Verdant Barrier,Control Ward,Stealth Ward,Youmuu's Ghostblade,Eclipse,Mercury's Treads,Black Cleaver,Serpent's Fang,Serrated Dirk,Oracle Lens,Hollow Radiance,Riftmaker,No_Item,Mercury's Treads,Chain Vest,Doran's Ring,Oracle Lens,Giant's Belt,Blade of The Ruined King,Chain Vest,Berserker's Greaves,Terminus,Guinsoo's Rageblade,Farsight Alteration,No_Item,Mikael's Blessing,Redemption,Solstice Sleigh,Boots of Swiftness,Oblivion Orb,Oracle Lens,Phase Rush,Precision,Dark Harvest,Precision,Grasp of the Undying,Sorcery,Grasp of the Undying,Inspiration,Glacial Augment,Sorcery,Summon Aery,Inspiration,Conqueror,Inspiration,Aftershock,Sorcery,Lethal Tempo,Domination,Guardian,Domination,Flash,Teleport,Flash,Smite,Teleport,Flash,Teleport,Flash,Flash,Ignite,Teleport,Flash,Smite,Ignite,Flash,Ignite,Flash,Exhaust,Flash,Heal,1,6,4,0,0,0
https://www.op.gg/summoners/euw/Hannover-EUW/matches/uRd1PvnOddpnsxTGqrRwmfhqUN4ml_LvbpineHY_9S8%3D/1734360982000,1,32,30,30,32,57,57,88,51,22,25,0,3,0,1,7,7,0,4,52915,52018,13.0,13.6,627,695,25.099999999999998,27.8,897,-897,2129.5060975609754,2093.4073170731704,Ambessa,Nocturne,Karma,Jinx,Pyke,Camille,Viego,Ahri,Ashe,Bard,Pickaxe,Spear of Shojin,Eclipse,Tunneler,Plated Steelcaps,Ruby Crystal,Stealth Ward,Stridebreaker,Tunneler,Experimental Hexplate,Boots,Ruby Crystal,Pickaxe,Oracle Lens,Doran's Ring,Zhonya's Hourglass,Ionian Boots of Lucidity,Dark Seal,Amplifying Tome,Malignance,Stealth Ward,Doran's Blade,The Collector,Berserker's Greaves,Runaan's Hurricane,Cloak of Agility,Pickaxe,Farsight Alteration,Youmuu's Ghostblade,Synchronized Souls,Bloodsong,Umbral Glaive,No_Item,No_Item,Oracle Lens,Ravenous Hydra,Refillable Potion,Trinity Force,Doran's Blade,Plated Steelcaps,No_Item,Stealth Ward,Tiamat,Kraken Slayer,Plated Steelcaps,Control Ward,Tunneler,Death's Dance,Stealth Ward,Shadowflame,Liandry's Torment,Needlessly Large Rod,Malignance,Sorcerer's Shoes,Dark Seal,Oracle Lens,Bloodthirster,Berserker's Greaves,Phantom Dancer,Kraken Slayer,No_Item,No_Item,Farsight Alteration,Dead Man's Plate,Statikk Shiv,Bloodsong,Haunting Guise,Slightly Magical Footwear,Amplifying Tome,Oracle Lens,Grasp of the Undying,Domination,Lethal Tempo,Domination,Summon Aery,Precision,Lethal Tempo,Domination,Hail of Blades,Resolve,Grasp of the Undying,Inspiration,Conqueror,Inspiration,Electrocute,Sorcery,Lethal Tempo,Inspiration,Guardian,Inspiration,Flash,Teleport,Smite,Flash,Flash,Heal,Flash,Barrier,Ignite,Flash,Flash,Teleport,Flash,Smite,Teleport,Flash,Barrier,Flash,Ignite,Flash,1,6,1,0,0,1
https://www.op.gg/summoners/euw/Hannover-EUW/matches/uRd1PvnOddpQVlmreSFlok5QyZtQoRa08lXPr9jKalI%3D/1734358506000,0,18,27,27,18,60,22,75,67,20,27,2,1,0,1,5,8,2,2,49860,55574,12.6,13.4,811,771,29.9,28.4,-5714,5714,1833.0882352941178,2043.1617647058824,Tahm Kench,Kha'Zix,Kayle,Corki,Nautilus,Jax,Volibear,Karma,Varus,Nami,Heartsteel,Doran's Shield,Sunfire Aegis,Boots of Swiftness,Kindlegem,Chain Vest,Oracle Lens,Youmuu's Ghostblade,Serpent's Fang,Hubris,Ionian Boots of Lucidity,Long Sword,Long Sword,Oracle Lens,Rabadon's Deathcap,Lich Bane,Blasting Wand,Boots of Swiftness,Nashor's Tooth,Doran's Ring,Farsight Alteration,Plated Steelcaps,Long Sword,Trinity Force,Executioner's Calling,Muramana,Long Sword,Farsight Alteration,Zeke's Convergence,Mercury's Treads,Celestial Opposition,Null-Magic Mantle,Kindlegem,No_Item,Oracle Lens,Zhonya's Hourglass,Control Ward,Sundered Sky,Trinity Force,No_Item,Ionian Boots of Lucidity,Stealth Ward,Sundered Sky,Spirit Visage,Plated Steelcaps,No_Item,Kindlegem,Chain Vest,Oracle Lens,Doran's Ring,Zhonya's Hourglass,No_Item,Malignance,Ionian Boots of Lucidity,No_Item,Oracle Lens,Doran's Blade,Berserker's Greaves,Blade of The Ruined King,Guinsoo's Rageblade,Wit's End,Hearthbound Axe,Farsight Alteration,Blasting Wand,Shurelya's Battlesong,Dream Maker,Imperial Mandate,Ionian Boots of Lucidity,Dark Seal,Oracle Lens,Grasp of the Undying,Precision,Dark Harvest,Inspiration,Press the Attack,Sorcery,Conqueror,Inspiration,Aftershock,Inspiration,Grasp of the Undying,Sorcery,Press the Attack,Inspiration,Summon Aery,Precision,Lethal Tempo,Inspiration,Summon Aery,Domination,Ghost,Teleport,Flash,Smite,Flash,Teleport,Barrier,Flash,Ignite,Flash,Flash,Teleport,Flash,Smite,Flash,Heal,Flash,Barrier,Heal,Flash,1,0,0,0,6,1
https://www.op.gg/summoners/euw/Hannover-EUW/matches/uRd1PvnOddoNNzntsH7DvJjkR_eSwPik9JdpfEDcu-Q%3D/1734350239000,0,34,39,39,34,59,58,119,88,57,38,2,2,0,1,5,8,2,3,70328,71030,16.0,16.6,1090,1059,32.8,31.9,-702,702,2109.8399999999997,2130.8999999999996,Fiora,Taliyah,Ryze,Ashe,Pyke,Kennen,Skarner,Ahri,Jhin,Rell,Ravenous Hydra,Tunneler,Death's Dance,Mercury's Treads,Maw of Malmortius,Pickaxe,Farsight Alteration,Shadowflame,Dark Seal,Luden's Companion,Void Staff,Sorcerer's Shoes,Amplifying Tome,Oracle Lens,Mercury's Treads,Shattered Armguard,Randuin's Omen,Liandry's Torment,Seraph's Embrace,Abyssal Mask,Farsight Alteration,B. F. Sword,Kraken Slayer,Berserker's Greaves,Phantom Dancer,Mortal Reminder,Cloak of Agility,Farsight Alteration,Celestial Opposition,Edge of Night,Control Ward,Mercury's Treads,Umbral Glaive,Maw of Malmortius,Oracle Lens,Sorcerer's Shoes,Needlessly Large Rod,Shadowflame,Rabadon's Deathcap,Void Staff,Oblivion Orb,Oracle Lens,Heartsteel,Kaenic Rookern,Negatron Cloak,Sterak's Gage,Giant's Belt,Mercury's Treads,Oracle Lens,Seeker's Armguard,Rabadon's Deathcap,Malignance,Mejai's Soulstealer,Mercury's Treads,Horizon Focus,Farsight Alteration,Infinity Edge,Rapid Firecannon,Bloodthirster,Mortal Reminder,The Collector,Boots of Swiftness,Farsight Alteration,Trailblazer,Mercury's Treads,Celestial Opposition,Abyssal Mask,No_Item,No_Item,Oracle Lens,Grasp of the Undying,Inspiration,Dark Harvest,Precision,Phase Rush,Precision,Lethal Tempo,Inspiration,Hail of Blades,Resolve,Electrocute,Inspiration,Grasp of the Undying,Inspiration,Electrocute,Sorcery,Fleet Footwork,Sorcery,Aftershock,Inspiration,Teleport,Flash,Flash,Smite,Flash,Teleport,Flash,Cleanse,Flash,Ignite,Flash,Teleport,Smite,Flash,Flash,Teleport,Cleanse,Flash,Ignite,Flash,1,6,0,0,0,1
https://www.op.gg/summoners/euw/Hannover-EUW/matches/uRd1PvnOddqxazpAdHwyrYqdfvMc3yxDcGUr5trSvvQ%3D/1734278326000,0,8,35,35,8,47,8,28,45,16,3,0,3,0,0,0,5,0,3,28962,44764,9.6,11.6,499,645,27.0,34.9,-15802,15802,1566.7967213114755,2421.6590163934425,Renekton,Zyra,Akali,Ashe,Tahm Kench,Yasuo,Viego,Kennen,Kog'Maw,Pyke,No_Item,Mercury's Treads,Stridebreaker,No_Item,No_Item,No_Item,Oracle Lens,Liandry's Torment,Sorcerer's Shoes,Dark Seal,Hextech Alternator,Needlessly Large Rod,No_Item,Oracle Lens,Doran's Ring,Refillable Potion,Lich Bane,No_Item,Dark Seal,Sorcerer's Shoes,Oracle Lens,No_Item,Berserker's Greaves,Statikk Shiv,Doran's Blade,Scout's Slingshot,Dagger,Farsight Alteration,Heartsteel,Null-Magic Mantle,Bloodsong,Slightly Magical Footwear,No_Item,No_Item,Oracle Lens,Refillable Potion,Blade of The Ruined King,Berserker's Greaves,Immortal Shieldbow,Dagger,Doran's Shield,Farsight Alteration,No_Item,Blade of The Ruined King,Sundered Sky,Mercury's Treads,Long Sword,Long Sword,Oracle Lens,Hextech Rocketbelt,Zhonya's Hourglass,No_Item,Doran's Blade,Amplifying Tome,Boots,Oracle Lens,Sorcerer's Shoes,Fiendish Codex,Fiendish Codex,Seraph's Embrace,Luden's Companion,Doran's Blade,Farsight Alteration,Celestial Opposition,Youmuu's Ghostblade,No_Item,Mercury's Treads,Serrated Dirk,No_Item,Oracle Lens,Press the Attack,Resolve,Electrocute,Precision,Electrocute,Resolve,Lethal Tempo,Inspiration,Grasp of the Undying,Inspiration,Grasp of the Undying,Precision,Conqueror,Inspiration,Electrocute,Inspiration,Arcane Comet,Precision,Hail of Blades,Sorcery,Flash,Teleport,Flash,Smite,Flash,Teleport,Cleanse,Flash,Ignite,Flash,Teleport,Flash,Flash,Smite,Teleport,Flash,Teleport,Flash,Ignite,Flash,0,3,0,1,0,0
https://www.op.gg/summoners/euw/Hannover-EUW/matches/uRd1PvnOddqi7_1jbpXVT_f7sY0CWGQGiOotJ09Pqcw%3D/1734276520000,1,41,23,23,42,26,56,55,56,17,18,2,0,0,1,10,1,2,1,56198,45624,13.6,12.4,767,562,33.5,24.599999999999998,10574,-10574,2462.608988764045,1999.2539325842697,Riven,Karthus,Yasuo,Ashe,Rell,Gragas,Master Yi,Galio,Varus,Pyke,Ravenous Hydra,Long Sword,Long Sword,Doran's Blade,Sundered Sky,Mercury's Treads,Oracle Lens,Zhonya's Hourglass,Sorcerer's Shoes,Dark Seal,Blackfire Torch,Shadowflame,No_Item,Oracle Lens,Doran's Blade,Blade of The Ruined King,Berserker's Greaves,Immortal Shieldbow,Cloak of Agility,B. F. Sword,Farsight Alteration,Doran's Blade,B. F. Sword,Statikk Shiv,Berserker's Greaves,Runaan's Hurricane,Bloodthirster,Farsight Alteration,Locket of the Iron Solari,Celestial Opposition,Knight's Vow,Control Ward,No_Item,Mercury's Treads,Oracle Lens,Lich Bane,Lost Chapter,Cosmic Drive,Ionian Boots of Lucidity,Blighting Jewel,Blasting Wand,Oracle Lens,No_Item,Blade of The Ruined King,Boots,Guinsoo's Rageblade,Dagger,No_Item,Oracle Lens,Doran's Ring,Sorcerer's Shoes,Stormsurge,Refillable Potion,Lich Bane,Amplifying Tome,Oracle Lens,Doran's Blade,Berserker's Greaves,Blade of The Ruined King,Guinsoo's Rageblade,Recurve Bow,Long Sword,Farsight Alteration,Youmuu's Ghostblade,Synchronized Souls,Bloodsong,Serrated Dirk,Umbral Glaive,No_Item,Oracle Lens,Conqueror,Inspiration,Dark Harvest,Precision,Grasp of the Undying,Precision,Lethal Tempo,Inspiration,Aftershock,Inspiration,Phase Rush,Precision,Lethal Tempo,Domination,Aftershock,Sorcery,Lethal Tempo,Resolve,Hail of Blades,Resolve,Teleport,Flash,Flash,Smite,Teleport,Flash,Cleanse,Flash,Ignite,Flash,Flash,Teleport,Flash,Smite,Flash,Teleport,Flash,Cleanse,Ignite,Flash,1,6,2,0,0,0
https://www.op.gg/summoners/euw/Hannover-EUW/matches/uRd1PvnOddqtoIvGobd3QmB8it7R4fPht1l5sk-sSm4%3D/1734274109000,1,11,2,2,12,1,12,16,12,0,3,0,0,0,0,6,0,0,0,25270,14951,7.8,6.6,358,238,31.4,20.8,10319,-10319,2208.2792792792793,1306.5288288288289,Volibear,Master Yi,Ahri,Jinx,Lulu,Riven,Bel'Veth,Taliyah,Ziggs,Rell,Plated Steelcaps,Cosmic Drive,Refillable Potion,Kindlegem,Doran's Ring,No_Item,Stealth Ward,Gustwalker Hatchling,Blade of The Ruined King,Boots,No_Item,No_Item,No_Item,Oracle Lens,Doran's Ring,Lost Chapter,Amplifying Tome,Sorcerer's Shoes,No_Item,No_Item,Stealth Ward,Statikk Shiv,Doran's Blade,Control Ward,Berserker's Greaves,No_Item,No_Item,Stealth Ward,Boots,Ardent Censer,Runic Compass,Glowing Mote,No_Item,No_Item,Oracle Lens,Doran's Blade,Ruby Crystal,Refillable Potion,Long Sword,Glowing Mote,Long Sword,Stealth Ward,Gustwalker Hatchling,Hearthbound Axe,Rectrix,No_Item,No_Item,No_Item,Oracle Lens,Tear of the Goddess,Doran's Ring,Lost Chapter,Boots,Amplifying Tome,No_Item,Stealth Ward,Doran's Ring,Tear of the Goddess,Refillable Potion,Hextech Alternator,Amplifying Tome,Sapphire Crystal,Stealth Ward,World Atlas,Kindlegem,Ruby Crystal,Ruby Crystal,No_Item,No_Item,Oracle Lens,Press the Attack,Resolve,Lethal Tempo,Domination,Electrocute,Sorcery,Lethal Tempo,Inspiration,Summon Aery,Resolve,Conqueror,Sorcery,Conqueror,Domination,Phase Rush,Precision,Arcane Comet,Inspiration,Aftershock,Inspiration,Teleport,Flash,Flash,Smite,Teleport,Flash,Flash,Ghost,Heal,Flash,Ignite,Flash,Smite,Flash,Flash,Teleport,Teleport,Flash,Flash,Ignite,0,3,1,0,0,0
https://www.op.gg/summoners/euw/Hannover-EUW/matches/uRd1PvnOddpHIWURYxuWVahkW7TaPDmckgIFRdVR4KM%3D/1734267580000,1,45,33,33,45,46,81,70,77,30,16,4,1,2,0,8,4,6,1,71256,63690,16.4,15.2,954,923,28.8,27.8,7566,-7566,2160.122834645669,1930.759842519685,Malphite,Udyr,Aurelion Sol,Ezreal,Nami,Jayce,Pantheon,Zoe,Akshan,Sylas,Abyssal Mask,Fimbulwinter,Sunfire Aegis,Chain Vest,Kindlegem,Plated Steelcaps,Stealth Ward,Unending Despair,Fiendish Codex,Liandry's Torment,Plated Steelcaps,Spirit Visage,"Jak'Sho, The Protean",Oracle Lens,Blasting Wand,Zhonya's Hourglass,Blackfire Torch,Rylai's Crystal Scepter,Sorcerer's Shoes,Blighting Jewel,Farsight Alteration,Hexdrinker,Trinity Force,Ionian Boots of Lucidity,Muramana,Spear of Shojin,Bloodthirster,Farsight Alteration,Dream Maker,Imperial Mandate,No_Item,Staff of Flowing Water,Dawncore,Ionian Boots of Lucidity,Oracle Lens,Eclipse,Maw of Malmortius,Control Ward,Ionian Boots of Lucidity,Muramana,Serylda's Grudge,Stealth Ward,Black Cleaver,Eclipse,No_Item,Mercury's Treads,Serrated Dirk,Maw of Malmortius,Oracle Lens,Luden's Companion,Void Staff,Sorcerer's Shoes,Horizon Focus,Needlessly Large Rod,Needlessly Large Rod,Farsight Alteration,Infinity Edge,Statikk Shiv,Zeal,Boots of Swiftness,Mortal Reminder,The Collector,Farsight Alteration,Hextech Rocketbelt,Zhonya's Hourglass,Celestial Opposition,No_Item,Mercury's Treads,Dark Seal,Oracle Lens,Arcane Comet,Resolve,Conqueror,Inspiration,Arcane Comet,Resolve,Conqueror,Inspiration,Summon Aery,Inspiration,Conqueror,Inspiration,Conqueror,Inspiration,Summon Aery,Domination,Press the Attack,Resolve,Electrocute,Sorcery,Flash,Teleport,Flash,Smite,Teleport,Flash,Flash,Barrier,Flash,Heal,Teleport,Flash,Flash,Smite,Ignite,Flash,Flash,Barrier,Ignite,Flash,1,4,1,0,2,0
https://www.op.gg/summoners/euw/Hannover-EUW/matches/uRd1PvnOddqGSp_mtoriVH7qMVLSVuh-ZE7bjsJ2bd0%3D/1734215230000,0,29,38,38,29,56,42,92,77,23,43,0,4,1,1,4,7,1,5,58517,64681,14.8,15.6,817,919,26.8,30.4,-6164,6164,1921.881862745098,2124.3269607843135,Riven,Taliyah,Yone,Yasuo,Pyke,K'Sante,Viego,Aurora,Ashe,Lulu,Black Cleaver,Ionian Boots of Lucidity,Sundered Sky,Death's Dance,Long Sword,Long Sword,Oracle Lens,Sorcerer's Shoes,Zhonya's Hourglass,Blackfire Torch,Liandry's Torment,Dark Seal,Amplifying Tome,Oracle Lens,B. F. Sword,Immortal Shieldbow,Berserker's Greaves,Blade of The Ruined King,Wit's End,No_Item,Farsight Alteration,Berserker's Greaves,Stridebreaker,Noonquiver,Pickaxe,No_Item,Kraken Slayer,Farsight Alteration,Umbral Glaive,Youmuu's Ghostblade,Celestial Opposition,Control Ward,Serpent's Fang,Synchronized Souls,Oracle Lens,"Jak'Sho, The Protean",Negatron Cloak,Iceborn Gauntlet,Boots of Swiftness,Giant's Belt,Warden's Mail,Oracle Lens,Sundered Sky,Kraken Slayer,Death's Dance,Plated Steelcaps,Guardian Angel,No_Item,Stealth Ward,Rabadon's Deathcap,Malignance,Shadowflame,Sorcerer's Shoes,Void Staff,No_Item,Oracle Lens,Phantom Dancer,Control Ward,Pickaxe,Kraken Slayer,Berserker's Greaves,Mortal Reminder,Farsight Alteration,Mikael's Blessing,Redemption,Dream Maker,Control Ward,Ionian Boots of Lucidity,Moonstone Renewer,Oracle Lens,Conqueror,Inspiration,Dark Harvest,Sorcery,Fleet Footwork,Resolve,Lethal Tempo,Resolve,Hail of Blades,Resolve,Grasp of the Undying,Inspiration,Conqueror,Inspiration,Electrocute,Sorcery,Lethal Tempo,Inspiration,Summon Aery,Resolve,Flash,Ignite,Smite,Flash,Flash,Teleport,Exhaust,Flash,Ignite,Flash,Teleport,Flash,Flash,Smite,Flash,Teleport,Exhaust,Flash,Flash,Heal,0,5,0,1,1,0
https://www.op.gg/summoners/euw/Hannover-EUW/matches/uRd1PvnOddrFKxkNRJShtxt9UxAP8vujwxgM90dime0%3D/1734213055000,1,31,16,16,31,26,50,50,40,8,7,0,2,0,0,5,1,0,2,44653,35942,11.8,10.4,569,565,29.8,29.5,8711,-8711,2325.6770833333335,1871.9791666666667,Gnar,Lee Sin,Viktor,Jhin,Neeko,K'Sante,Master Yi,Akali,Caitlyn,Nautilus,Doran's Shield,Refillable Potion,Plated Steelcaps,Trinity Force,Ruby Crystal,Ruby Crystal,Stealth Ward,Eclipse,Black Cleaver,No_Item,Plated Steelcaps,Sundered Sky,No_Item,Stealth Ward,Doran's Ring,Blackfire Torch,Sorcerer's Shoes,Liandry's Torment,Control Ward,Amplifying Tome,Farsight Alteration,Doran's Blade,Youmuu's Ghostblade,Pickaxe,The Collector,Boots of Swiftness,B. F. Sword,Farsight Alteration,Celestial Opposition,Hextech Rocketbelt,Control Ward,Ionian Boots of Lucidity,Shattered Armguard,No_Item,Oracle Lens,Spectre's Cowl,Control Ward,Iceborn Gauntlet,Negatron Cloak,Boots of Swiftness,No_Item,Stealth Ward,Pickaxe,Blade of The Ruined King,Berserker's Greaves,Recurve Bow,Amplifying Tome,No_Item,Stealth Ward,Hextech Alternator,Needlessly Large Rod,Dark Seal,Sorcerer's Shoes,Stormsurge,No_Item,Oracle Lens,Doran's Blade,Infinity Edge,The Collector,No_Item,Slightly Magical Footwear,No_Item,Farsight Alteration,Zeke's Convergence,Mercury's Treads,Celestial Opposition,Ruby Crystal,No_Item,No_Item,Oracle Lens,Grasp of the Undying,Precision,Conqueror,Inspiration,First Strike,Sorcery,Dark Harvest,Precision,Arcane Comet,Inspiration,Grasp of the Undying,Inspiration,Lethal Tempo,Domination,Electrocute,Resolve,First Strike,Sorcery,Aftershock,Inspiration,Flash,Teleport,Flash,Smite,Flash,Teleport,Flash,Barrier,Flash,Heal,Teleport,Flash,Flash,Smite,Flash,Teleport,Flash,Cleanse,Ignite,Flash,0,4,0,0,2,0
https://www.op.gg/summoners/euw/Hannover-EUW/matches/uRd1PvnOddpEgmmUlEpUh7jru9jZJdVkTtyp3x9al2M%3D/1734211419000,0,41,38,38,41,40,64,72,87,26,20,2,2,1,1,7,10,3,3,71861,71817,16.4,16.8,1012,1006,31.099999999999998,30.9,44,-44,2209.240202702703,2207.8875000000003,Gnar,Karthus,Yone,Caitlyn,Neeko,Jax,Lee Sin,Tahm Kench,Corki,Zyra,Trinity Force,Plated Steelcaps,Black Cleaver,Sterak's Gage,Wit's End,No_Item,Farsight Alteration,Blackfire Torch,Sorcerer's Shoes,Horizon Focus,Shadowflame,Rabadon's Deathcap,Void Staff,Oracle Lens,Blade of The Ruined King,Immortal Shieldbow,Death's Dance,"Jak'Sho, The Protean",Berserker's Greaves,Cloak of Agility,Farsight Alteration,Mortal Reminder,Boots,The Collector,Doran's Blade,Infinity Edge,Vampiric Scepter,Farsight Alteration,Hextech Rocketbelt,Zhonya's Hourglass,Zaz'Zak's Realmspike,Control Ward,Oblivion Orb,Ionian Boots of Lucidity,Oracle Lens,Trinity Force,Stridebreaker,Frozen Heart,Sterak's Gage,Tunneler,Boots of Swiftness,Stealth Ward,Sterak's Gage,Eclipse,Guardian Angel,Mercury's Treads,Black Cleaver,No_Item,Stealth Ward,Dead Man's Plate,Spirit Visage,Heartsteel,No_Item,No_Item,Mercury's Treads,Farsight Alteration,Rapid Firecannon,Trinity Force,Muramana,Infinity Edge,Plated Steelcaps,Lord Dominik's Regards,Farsight Alteration,Zaz'Zak's Realmspike,Sorcerer's Shoes,Liandry's Torment,Blackfire Torch,Fiendish Codex,Blighting Jewel,Oracle Lens,Grasp of the Undying,Precision,Dark Harvest,Precision,Fleet Footwork,Resolve,Hail of Blades,Sorcery,Arcane Comet,Precision,Grasp of the Undying,Inspiration,Conqueror,Inspiration,Grasp of the Undying,Inspiration,Conqueror,Inspiration,Arcane Comet,Precision,Flash,Teleport,Flash,Smite,Flash,Teleport,Barrier,Flash,Flash,Heal,Teleport,Flash,Flash,Smite,Teleport,Flash,Flash,Teleport,Flash,Teleport,1,6,0,0,0,2
https://www.op.gg/summoners/euw/Hannover-EUW/matches/uRd1PvnOddrvcAe5miGEoxNVbWyE6SfFOKaaZ0t1FJ4%3D/1734208580000,0,16,25,25,16,30,25,37,39,6,6,1,1,0,0,0,6,1,1,35935,48087,11.2,12.4,571,747,26.9,35.3,-12152,12152,1688.2214765100673,2259.1208053691275,Ornn,Vi,Ahri,Xayah,Nami,Riven,Karthus,Irelia,Ziggs,Soraka,Doran's Shield,Ruby Crystal,Sunfire Aegis,Negatron Cloak,Chain Vest,Plated Steelcaps,Stealth Ward,Gustwalker Hatchling,Sundered Sky,Plated Steelcaps,Glowing Mote,Control Ward,Hexdrinker,Oracle Lens,Doran's Ring,Shattered Armguard,Needlessly Large Rod,No_Item,Malignance,Sorcerer's Shoes,Farsight Alteration,Doran's Blade,Cloak of Agility,Essence Reaver,Berserker's Greaves,Navori Flickerblade,B. F. Sword,Farsight Alteration,Ionian Boots of Lucidity,Imperial Mandate,Dream Maker,Control Ward,Bandleglass Mirror,Oblivion Orb,Oracle Lens,Black Cleaver,Steel Sigil,Eclipse,Ionian Boots of Lucidity,Pickaxe,No_Item,Oracle Lens,Blackfire Torch,Sorcerer's Shoes,Dark Seal,Oblivion Orb,Shadowflame,Amplifying Tome,Oracle Lens,Refillable Potion,Blade of The Ruined King,Hullbreaker,Doran's Shield,Boots,Recurve Bow,Stealth Ward,Luden's Companion,Sorcerer's Shoes,Void Staff,Horizon Focus,Doran's Ring,No_Item,Farsight Alteration,Celestial Opposition,Moonstone Renewer,Control Ward,Kindlegem,Forbidden Idol,Boots of Swiftness,Oracle Lens,Grasp of the Undying,Inspiration,Conqueror,Inspiration,Summon Aery,Precision,Lethal Tempo,Inspiration,Summon Aery,Inspiration,Conqueror,Inspiration,Dark Harvest,Precision,Conqueror,Inspiration,First Strike,Sorcery,Summon Aery,Resolve,Teleport,Flash,Smite,Flash,Flash,Teleport,Ghost,Flash,Ignite,Flash,Ignite,Flash,Flash,Smite,Flash,Teleport,Teleport,Flash,Heal,Flash,0,0,0,1,6,0
https://www.op.gg/summoners/euw/Hannover-EUW/matches/uRd1PvnOddrB0zmDmUGaz2unJtmY33OFiqfoNEYAjbw%3D/1734206059000,0,17,26,26,17,37,17,61,56,15,16,0,3,0,0,2,3,0,3,36710,43416,10.4,12.0,567,661,28.2,32.9,-6706,6706,1816.178947368421,2147.9494736842103,Pantheon,Kha'Zix,Sylas,Vex,Pyke,Ambessa,Viego,Viktor,Taliyah,Rell,Boots,Sundered Sky,Phage,Doran's Blade,Kindlegem,No_Item,Stealth Ward,No_Item,Long Sword,Youmuu's Ghostblade,Symbiotic Soles,Serrated Dirk,Tunneler,Oracle Lens,Sorcerer's Shoes,Hextech Rocketbelt,Cosmic Drive,Dark Seal,No_Item,Doran's Ring,Oracle Lens,Shadowflame,Control Ward,Needlessly Large Rod,Luden's Companion,Doran's Ring,Sorcerer's Shoes,Farsight Alteration,Umbral Glaive,Synchronized Souls,Celestial Opposition,Serrated Dirk,Long Sword,No_Item,Oracle Lens,Doran's Blade,Spear of Shojin,Plated Steelcaps,Eclipse,Steel Sigil,No_Item,Farsight Alteration,Titanic Hydra,Steel Sigil,Plated Steelcaps,Long Sword,Glowing Mote,Kraken Slayer,Oracle Lens,Doran's Ring,Sorcerer's Shoes,Blackfire Torch,Stormsurge,No_Item,Dark Seal,Farsight Alteration,Seraph's Embrace,Doran's Ring,Dark Seal,Haunting Guise,Sorcerer's Shoes,Fated Ashes,Stealth Ward,No_Item,Null-Magic Mantle,Solstice Sleigh,Kindlegem,Trailblazer,Ionian Boots of Lucidity,Oracle Lens,Press the Attack,Sorcery,Dark Harvest,Inspiration,Conqueror,Resolve,Electrocute,Sorcery,Hail of Blades,Resolve,Conqueror,Resolve,Conqueror,Inspiration,Summon Aery,Inspiration,Phase Rush,Precision,Aftershock,Inspiration,Ignite,Flash,Smite,Flash,Flash,Teleport,Flash,Teleport,Ignite,Flash,Flash,Teleport,Flash,Smite,Teleport,Flash,Flash,Teleport,Ignite,Flash,0,4,0,1,2,0
https://www.op.gg/summoners/euw/Hannover-EUW/matches/uRd1PvnOddpkkq3_g7Do3q_0zxsiRDJcsYoDvJ7qPUY%3D/1734183986000,1,28,11,11,28,14,33,42,33,8,9,1,1,0,0,4,0,1,1,39357,27336,10.4,9.6,542,432,33.6,26.8,12021,-12021,2446.5162162162164,1699.264864864865,Jax,Rengar,Syndra,Viktor,Alistar,Maokai,Gwen,Corki,Lucian,Rell,Doran's Shield,Caulfield's Warhammer,Tunneler,Trinity Force,No_Item,Boots,Stealth Ward,Youmuu's Ghostblade,No_Item,Serrated Dirk,Boots,Long Sword,Tiamat,Oracle Lens,Luden's Companion,Mejai's Soulstealer,Rabadon's Deathcap,Sorcerer's Shoes,Doran's Ring,Hextech Alternator,Farsight Alteration,Refillable Potion,Control Ward,Sorcerer's Shoes,Doran's Ring,Liandry's Torment,Blackfire Torch,Farsight Alteration,Locket of the Iron Solari,No_Item,Solstice Sleigh,Synchronized Souls,Kindlegem,Chain Vest,Oracle Lens,Unending Despair,Refillable Potion,Kindlegem,Tear of the Goddess,Boots,Ruby Crystal,Stealth Ward,No_Item,Nashor's Tooth,Amplifying Tome,Amplifying Tome,Ruby Crystal,Slightly Magical Footwear,Farsight Alteration,Trinity Force,No_Item,No_Item,Tear of the Goddess,Doran's Blade,Boots,Stealth Ward,Doran's Blade,Recurve Bow,Vampiric Scepter,Essence Reaver,Boots,No_Item,Stealth Ward,Trailblazer,Mercury's Treads,Celestial Opposition,No_Item,No_Item,Ruby Crystal,Oracle Lens,Lethal Tempo,Resolve,Conqueror,Domination,Summon Aery,Precision,First Strike,Precision,Aftershock,Inspiration,Grasp of the Undying,Inspiration,Conqueror,Inspiration,Conqueror,Inspiration,Press the Attack,Inspiration,Aftershock,Inspiration,Flash,Teleport,Smite,Flash,Flash,Teleport,Flash,Teleport,Flash,Ignite,Teleport,Flash,Flash,Smite,Teleport,Flash,Exhaust,Flash,Ignite,Flash,0,6,0,0,0,0
https://www.op.gg/summoners/euw/Hannover-EUW/matches/uRd1PvnOddp3x_ThHSXynzxG5YaNZapK00KBoR3Nbrg%3D/1734122881000,1,31,36,36,31,69,52,105,82,29,38,4,0,1,1,8,9,5,1,72932,66305,17.0,15.0,1145,879,33.4,25.700000000000003,6627,-6627,2132.5146198830407,1938.7426900584794,Yone,Shaco,Veigar,Ezreal,Pyke,Shen,Vi,Ahri,Jinx,Lulu,Berserker's Greaves,Immortal Shieldbow,Doran's Shield,Wit's End,Infinity Edge,Blade of The Ruined King,Farsight Alteration,Boots,Blackfire Torch,Liandry's Torment,Void Staff,Amplifying Tome,Needlessly Large Rod,Oracle Lens,Rabadon's Deathcap,No_Item,Liandry's Torment,Cryptbloom,Fimbulwinter,Boots of Swiftness,Farsight Alteration,Ionian Boots of Lucidity,Trinity Force,Muramana,Serylda's Grudge,Bloodthirster,Navori Flickerblade,Farsight Alteration,Serpent's Fang,Synchronized Souls,Bloodsong,No_Item,Umbral Glaive,Serrated Dirk,Oracle Lens,Cloth Armor,Kaenic Rookern,Doran's Shield,Sunfire Aegis,Plated Steelcaps,Bramble Vest,Farsight Alteration,Sterak's Gage,Sundered Sky,Guardian Angel,Plated Steelcaps,Control Ward,Negatron Cloak,Oracle Lens,Shadowflame,Malignance,Rabadon's Deathcap,Blighting Jewel,Sorcerer's Shoes,Banshee's Veil,Oracle Lens,Doran's Blade,Yun Tal Wildarrows,Infinity Edge,Berserker's Greaves,Runaan's Hurricane,Mortal Reminder,Farsight Alteration,Mikael's Blessing,Redemption,Dream Maker,Dawncore,Moonstone Renewer,Ionian Boots of Lucidity,Oracle Lens,Lethal Tempo,Resolve,Electrocute,Inspiration,Summon Aery,Precision,Conqueror,Inspiration,Hail of Blades,Resolve,Grasp of the Undying,Domination,Conqueror,Inspiration,Electrocute,Sorcery,Lethal Tempo,Sorcery,Summon Aery,Resolve,Flash,Teleport,Ignite,Smite,Flash,Teleport,Flash,Barrier,Ignite,Flash,Flash,Teleport,Flash,Smite,Teleport,Flash,Flash,Barrier,Flash,Heal,0,0,1,1,6,6
https://www.op.gg/summoners/euw/Hannover-EUW/matches/uRd1PvnOddrzcy0YVMzYmNJUHbDP6B7wJcORifFzFFk%3D/1734116569000,0,42,37,37,42,63,63,97,104,51,45,3,2,1,0,6,8,4,2,68200,68568,15.6,16.6,926,1007,27.7,30.0,-368,368,2045.9999999999998,2057.04,Aurora,Viego,LeBlanc,Varus,Pyke,Qiyana,Xin Zhao,Katarina,Veigar,Rakan,Horizon Focus,Zhonya's Hourglass,Blighting Jewel,Ionian Boots of Lucidity,Dark Seal,Luden's Companion,Oracle Lens,Sundered Sky,Kraken Slayer,Steel Sigil,Mercury's Treads,Sterak's Gage,Caulfield's Warhammer,Oracle Lens,Void Staff,Rabadon's Deathcap,Mejai's Soulstealer,Banshee's Veil,Luden's Companion,Sorcerer's Shoes,Oracle Lens,Youmuu's Ghostblade,Ionian Boots of Lucidity,No_Item,Muramana,Serylda's Grudge,Opportunity,Farsight Alteration,Umbral Glaive,Boots of Swiftness,Celestial Opposition,Edge of Night,Serrated Dirk,Rectrix,Oracle Lens,Serylda's Grudge,Death's Dance,Youmuu's Ghostblade,Ionian Boots of Lucidity,Hubris,Edge of Night,Oracle Lens,Sundered Sky,Titanic Hydra,Kindlegem,Spectre's Cowl,Mercury's Treads,Sterak's Gage,Oracle Lens,Lich Bane,Seeker's Armguard,Sorcerer's Shoes,Shadowflame,Dark Seal,Needlessly Large Rod,Farsight Alteration,Rod of Ages,Fimbulwinter,No_Item,Verdant Barrier,Rabadon's Deathcap,Ionian Boots of Lucidity,Farsight Alteration,Celestial Opposition,Control Ward,Locket of the Iron Solari,Knight's Vow,Mercury's Treads,Negatron Cloak,Oracle Lens,Electrocute,Precision,Conqueror,Inspiration,Electrocute,Sorcery,Arcane Comet,Inspiration,Hail of Blades,Resolve,Electrocute,Precision,Conqueror,Inspiration,Conqueror,Resolve,Summon Aery,Inspiration,Guardian,Domination,Teleport,Flash,Smite,Flash,Teleport,Flash,Teleport,Flash,Ignite,Flash,Flash,Teleport,Smite,Flash,Flash,Teleport,Flash,Teleport,Flash,Ignite,1,6,1,0,0,1
https://www.op.gg/summoners/euw/Hannover-EUW/matches/uRd1PvnOddrnLQCiShNKM6Q8hVk5nriUBsKx1IxypSE%3D/1734112605000,1,45,21,21,45,31,64,79,72,32,21,1,1,1,0,10,1,2,1,62116,44786,14.4,12.8,746,632,29.2,24.8,17330,-17330,2428.8948717948715,1751.2474358974357,Viktor,Viego,Orianna,Corki,Pyke,Zilean,Talon,Sylas,Ezreal,Bard,Iceborn Gauntlet,Mercury's Treads,Fated Ashes,Refillable Potion,Abyssal Mask,No_Item,Stealth Ward,Sundered Sky,Kraken Slayer,Control Ward,Tunneler,Ruby Crystal,Mercury's Treads,Oracle Lens,Seraph's Embrace,Dark Seal,Hextech Alternator,Stormsurge,Sorcerer's Shoes,Needlessly Large Rod,Farsight Alteration,Boots,Immortal Shieldbow,Rapid Firecannon,B. F. Sword,Trinity Force,Muramana,Farsight Alteration,Youmuu's Ghostblade,Voltaic Cyclosword,Bloodsong,Synchronized Souls,Serpent's Fang,Umbral Glaive,Oracle Lens,Cosmic Drive,Seraph's Embrace,Ionian Boots of Lucidity,No_Item,No_Item,No_Item,Stealth Ward,Edge of Night,Hubris,No_Item,No_Item,Youmuu's Ghostblade,Slightly Magical Footwear,Oracle Lens,Zhonya's Hourglass,Hextech Rocketbelt,Refillable Potion,Sorcerer's Shoes,Cosmic Drive,No_Item,Oracle Lens,Doran's Blade,Trinity Force,Ionian Boots of Lucidity,Muramana,No_Item,No_Item,Farsight Alteration,Bloodsong,Locket of the Iron Solari,No_Item,Dead Man's Plate,No_Item,Boots of Swiftness,Oracle Lens,Grasp of the Undying,Sorcery,Conqueror,Inspiration,Summon Aery,Inspiration,Conqueror,Inspiration,Hail of Blades,Resolve,Summon Aery,Inspiration,Conqueror,Inspiration,Electrocute,Resolve,Conqueror,Inspiration,Guardian,Domination,Flash,Teleport,Flash,Smite,Flash,Teleport,Barrier,Flash,Ignite,Flash,Teleport,Flash,Ignite,Smite,Flash,Teleport,Flash,Barrier,Flash,Exhaust,1,4,2,0,2,0
https://www.op.gg/summoners/euw/Hannover-EUW/matches/uRd1PvnOddpCcLOwBnnm641I5uPLTFoOkeNqE2FNsyk%3D/1734110488000,1,38,32,32,38,44,68,130,133,65,59,3,1,0,1,9,6,3,2,71118,68297,17.0,16.2,1039,1050,29.8,30.099999999999998,2821,-2821,2046.8107317073175,1965.6209756097564,Darius,Lee Sin,Ahri,Corki,Pyke,Aurora,Gwen,Jayce,Ezreal,Bard,Doran's Shield,Stridebreaker,Force of Nature,Mercury's Treads,Dead Man's Plate,Long Sword,Oracle Lens,Eclipse,Sundered Sky,Ionian Boots of Lucidity,Maw of Malmortius,Death's Dance,Serrated Dirk,Stealth Ward,Needlessly Large Rod,Horizon Focus,Zhonya's Hourglass,Sorcerer's Shoes,Dark Seal,Malignance,Oracle Lens,Boots of Swiftness,Trinity Force,Muramana,Rapid Firecannon,Bloodthirster,Hexdrinker,Farsight Alteration,Youmuu's Ghostblade,Synchronized Souls,Bloodsong,No_Item,Umbral Glaive,Edge of Night,Oracle Lens,Zhonya's Hourglass,Cosmic Drive,Needlessly Large Rod,Liandry's Torment,Void Staff,Plated Steelcaps,Farsight Alteration,Shadowflame,Amplifying Tome,Nashor's Tooth,Sorcerer's Shoes,Void Staff,Rabadon's Deathcap,Oracle Lens,Serylda's Grudge,Eclipse,Muramana,Long Sword,Edge of Night,Boots of Swiftness,Farsight Alteration,Doran's Blade,Trinity Force,Muramana,Ionian Boots of Lucidity,Spear of Shojin,Long Sword,Farsight Alteration,Zaz'Zak's Realmspike,Redemption,Shurelya's Battlesong,Control Ward,Synchronized Souls,Kindlegem,Oracle Lens,Conqueror,Resolve,Conqueror,Inspiration,Summon Aery,Precision,Fleet Footwork,Inspiration,Hail of Blades,Resolve,Grasp of the Undying,Sorcery,Dark Harvest,Sorcery,Phase Rush,Inspiration,Conqueror,Sorcery,Unsealed Spellbook,Domination,Ghost,Flash,Smite,Flash,Flash,Teleport,Barrier,Flash,Ignite,Flash,Teleport,Flash,Smite,Ghost,Flash,Teleport,Flash,Barrier,Flash,Exhaust,0,3,1,1,3,0
https://www.op.gg/summoners/euw/Hannover-EUW/matches/uRd1PvnOddpgbBhFI-rigYhQdM6kT_OROSidZa3CBj8%3D/1734088306000,0,44,49,49,44,112,98,84,130,38,36,3,2,1,2,6,10,4,4,83284,91982,17.6,17.6,1126,1204,25.8,27.5,-8698,8698,1907.0828985507248,2106.2544927536233,K'Sante,Udyr,Karma,Corki,Lux,Sylas,Ivern,Yone,Ashe,Pyke,"Jak'Sho, The Protean",Plated Steelcaps,Randuin's Omen,Unending Despair,Iceborn Gauntlet,Kindlegem,Oracle Lens,Kaenic Rookern,Liandry's Torment,"Jak'Sho, The Protean",Boots of Swiftness,Unending Despair,Frozen Heart,Oracle Lens,Cryptbloom,Malignance,Fiendish Codex,Ionian Boots of Lucidity,Horizon Focus,Morellonomicon,Farsight Alteration,Bloodthirster,Rapid Firecannon,Infinity Edge,Muramana,Trinity Force,Mortal Reminder,Farsight Alteration,Plated Steelcaps,Redemption,Celestial Opposition,Shurelya's Battlesong,Mikael's Blessing,Locket of the Iron Solari,Oracle Lens,Morellonomicon,Cosmic Drive,Sorcerer's Shoes,Riftmaker,Rabadon's Deathcap,Void Staff,Oracle Lens,Redemption,Mikael's Blessing,Ionian Boots of Lucidity,Dawncore,Moonstone Renewer,Ardent Censer,Oracle Lens,Berserker's Greaves,Blade of The Ruined King,Stridebreaker,Wit's End,Immortal Shieldbow,Last Whisper,Stealth Ward,Mortal Reminder,Runaan's Hurricane,Kraken Slayer,Zephyr,Serpent's Fang,Infinity Edge,Farsight Alteration,Mikael's Blessing,Serpent's Fang,Bloodsong,Vigilant Wardstone,Umbral Glaive,Boots of Swiftness,Oracle Lens,Grasp of the Undying,Inspiration,Conqueror,Inspiration,Arcane Comet,Precision,Conqueror,Inspiration,Aftershock,Domination,Conqueror,Resolve,Glacial Augment,Domination,Fleet Footwork,Resolve,Lethal Tempo,Inspiration,Hail of Blades,Resolve,Flash,Teleport,Flash,Smite,Flash,Teleport,Barrier,Flash,Flash,Heal,Teleport,Flash,Flash,Smite,Teleport,Flash,Flash,Barrier,Ignite,Flash,0,0,1,1,3,3
https://www.op.gg/summoners/euw/Hannover-EUW/matches/uRd1PvnOddoDf347Sx4mgZxvdv_hUS1Cw1WZR3Wjq6Q%3D/1734084597000,0,15,31,31,15,53,18,68,68,13,37,0,3,0,1,2,8,0,4,45805,59545,13.2,14.6,811,863,30.5,32.6,-13740,13740,1732.6239130434783,2252.3543478260867,Aatrox,Ambessa,Akali,Jinx,Karma,Riven,Taric,Sylas,Caitlyn,Pyke,Doran's Blade,Pickaxe,Eclipse,Sundered Sky,Plated Steelcaps,Steel Sigil,Stealth Ward,Spear of Shojin,Eclipse,Kindlegem,Phage,Boots,No_Item,Oracle Lens,Shadowflame,Stormsurge,Blighting Jewel,Sorcerer's Shoes,Dark Seal,No_Item,Farsight Alteration,Hullbreaker,Kraken Slayer,Berserker's Greaves,Runaan's Hurricane,No_Item,No_Item,Farsight Alteration,Dream Maker,Ionian Boots of Lucidity,Moonstone Renewer,Oblivion Orb,Forbidden Idol,Kindlegem,Oracle Lens,Eclipse,Sundered Sky,Ionian Boots of Lucidity,Death's Dance,Doran's Blade,No_Item,Oracle Lens,Echoes of Helia,Fimbulwinter,Locket of the Iron Solari,Ionian Boots of Lucidity,Aether Wisp,Mejai's Soulstealer,Oracle Lens,Needlessly Large Rod,Hextech Rocketbelt,Shattered Armguard,Dark Seal,Sorcerer's Shoes,Cosmic Drive,Oracle Lens,Rapid Firecannon,Berserker's Greaves,No_Item,Lord Dominik's Regards,Infinity Edge,The Collector,Farsight Alteration,Umbral Glaive,Serpent's Fang,Bloodsong,Control Ward,Serrated Dirk,Synchronized Souls,Oracle Lens,Conqueror,Resolve,Conqueror,Domination,Electrocute,Resolve,Lethal Tempo,Domination,Summon Aery,Inspiration,Conqueror,Inspiration,Glacial Augment,Precision,Conqueror,Resolve,Hail of Blades,Sorcery,Hail of Blades,Resolve,Flash,Teleport,Flash,Smite,Flash,Teleport,Flash,Barrier,Flash,Heal,Flash,Ignite,Smite,Flash,Flash,Teleport,Barrier,Flash,Ignite,Flash,0,3,0,1,3,1
https://www.op.gg/summoners/euw/Hannover-EUW/matches/uRd1PvnOddpoUH7p0rgKsOtqv5IVOJjQN-6F0F-mdDE%3D/1734003348000,1,28,22,22,28,37,60,69,61,15,14,1,3,1,0,10,3,2,3,60728,51113,15.2,13.8,893,786,31.7,27.900000000000002,9615,-9615,2168.8571428571427,1825.4642857142858,Renekton,Taric,Yone,Gwen,Janna,Jax,Skarner,Viktor,Tahm Kench,Senna,Black Cleaver,Sterak's Gage,Pickaxe,Eclipse,Boots,No_Item,Stealth Ward,Fimbulwinter,Negatron Cloak,Knight's Vow,Echoes of Helia,Ruby Crystal,Boots of Swiftness,Oracle Lens,Infinity Edge,Control Ward,Immortal Shieldbow,Berserker's Greaves,Blade of The Ruined King,No_Item,Farsight Alteration,Shadowflame,Mejai's Soulstealer,Nashor's Tooth,Void Staff,Sorcerer's Shoes,Needlessly Large Rod,Farsight Alteration,Dream Maker,Boots of Swiftness,Forbidden Idol,Echoes of Helia,Kindlegem,Moonstone Renewer,Oracle Lens,Doran's Shield,Seeker's Armguard,Control Ward,Trinity Force,Sundered Sky,Plated Steelcaps,Stealth Ward,Sterak's Gage,Heartsteel,No_Item,Plated Steelcaps,No_Item,Abyssal Mask,Oracle Lens,Lich Bane,Needlessly Large Rod,Sorcerer's Shoes,Luden's Companion,Void Staff,Doran's Ring,Farsight Alteration,Locket of the Iron Solari,Heartsteel,Bramble Vest,Control Ward,Null-Magic Mantle,Plated Steelcaps,Farsight Alteration,Mortal Reminder,No_Item,Bloodsong,Eclipse,Boots of Swiftness,Long Sword,Oracle Lens,Conqueror,Resolve,Glacial Augment,Precision,Fleet Footwork,Resolve,Dark Harvest,Sorcery,Summon Aery,Resolve,Grasp of the Undying,Inspiration,Grasp of the Undying,Inspiration,Summon Aery,Precision,Grasp of the Undying,Inspiration,Grasp of the Undying,Precision,Teleport,Flash,Smite,Flash,Flash,Teleport,Ghost,Teleport,Heal,Flash,Flash,Teleport,Flash,Smite,Flash,Teleport,Teleport,Flash,Flash,Heal,1,3,2,0,1,0
https://www.op.gg/summoners/euw/Hannover-EUW/matches/uRd1PvnOddo1nGb9ZLxT_Q8fABvi6EaPpJzvsgJf24w%3D/1734000577000,1,33,30,30,34,48,52,50,75,25,17,2,2,1,0,10,3,3,2,68635,56218,15.6,14.4,944,903,31.8,30.4,12417,-12417,2323.0307692307692,1902.7630769230768,Malphite,Gragas,Zed,Caitlyn,Taric,Rumble,Warwick,Yasuo,Viktor,Nautilus,Doran's Ring,Boots,Hollow Radiance,Thornmail,Abyssal Mask,Negatron Cloak,Farsight Alteration,Blighting Jewel,Lich Bane,Sorcerer's Shoes,Mejai's Soulstealer,Stormsurge,Rabadon's Deathcap,Oracle Lens,Eclipse,Serpent's Fang,Voltaic Cyclosword,Edge of Night,Maw of Malmortius,Ionian Boots of Lucidity,Oracle Lens,Doran's Blade,Infinity Edge,The Collector,Berserker's Greaves,Lord Dominik's Regards,Zeal,Farsight Alteration,Locket of the Iron Solari,Fimbulwinter,Celestial Opposition,Control Ward,Mercury's Treads,Kindlegem,Oracle Lens,Liandry's Torment,Riftmaker,Amplifying Tome,Sorcerer's Shoes,Dark Seal,Void Staff,Farsight Alteration,Stridebreaker,Blade of The Ruined King,Sterak's Gage,Mercury's Treads,Control Ward,Ruby Crystal,Oracle Lens,Blade of The Ruined King,Immortal Shieldbow,Berserker's Greaves,Doran's Blade,B. F. Sword,Cloak of Agility,Farsight Alteration,Void Staff,Sorcerer's Shoes,Lich Bane,Amplifying Tome,Amplifying Tome,Luden's Companion,Farsight Alteration,Bloodsong,Locket of the Iron Solari,Control Ward,Abyssal Mask,Boots of Swiftness,Kindlegem,Oracle Lens,Arcane Comet,Inspiration,Dark Harvest,Inspiration,First Strike,Sorcery,Lethal Tempo,Domination,Guardian,Precision,Arcane Comet,Domination,Lethal Tempo,Inspiration,Lethal Tempo,Resolve,Summon Aery,Resolve,Aftershock,Inspiration,Flash,Teleport,Smite,Flash,Flash,Teleport,Flash,Barrier,Ignite,Flash,Flash,Teleport,Smite,Flash,Ignite,Flash,Teleport,Flash,Flash,Ignite,1,3,2,0,3,0
https://www.op.gg/summoners/euw/Hannover-EUW/matches/uRd1PvnOddpqUxEm3J9FiLnO5arRNskVVU1rL0FIRH4%3D/1733932146000,1,42,18,18,42,18,61,83,83,42,29,3,1,2,0,10,5,5,1,70578,57921,16.6,14.6,1009,972,33.2,31.900000000000002,12657,-12657,2320.808108108108,1904.6094594594595,Dr. Mundo,Rengar,Vex,Ashe,Rell,Aatrox,Talon,Ryze,Ziggs,Pyke,"Jak'Sho, The Protean",Spirit Visage,Heartsteel,Bramble Vest,Plated Steelcaps,Control Ward,Oracle Lens,No_Item,Profane Hydra,Youmuu's Ghostblade,Ionian Boots of Lucidity,Serpent's Fang,Lord Dominik's Regards,Oracle Lens,Void Staff,Stormsurge,Zhonya's Hourglass,Luden's Companion,Mejai's Soulstealer,Sorcerer's Shoes,Oracle Lens,Doran's Blade,No_Item,Statikk Shiv,Berserker's Greaves,Kraken Slayer,Bloodthirster,Farsight Alteration,Locket of the Iron Solari,Control Ward,Solstice Sleigh,Zeke's Convergence,Ionian Boots of Lucidity,Giant's Belt,Oracle Lens,Pickaxe,Doran's Blade,Eclipse,Mercury's Treads,Sundered Sky,Kindlegem,Stealth Ward,Youmuu's Ghostblade,Eclipse,Edge of Night,Plated Steelcaps,Phage,Kindlegem,Oracle Lens,Seraph's Embrace,Cosmic Drive,Mercury's Treads,Banshee's Veil,Frozen Heart,Needlessly Large Rod,Farsight Alteration,Sorcerer's Shoes,Blackfire Torch,Zhonya's Hourglass,Oblivion Orb,No_Item,Seraph's Embrace,Farsight Alteration,Umbral Glaive,Synchronized Souls,Bloodsong,Serrated Dirk,Edge of Night,Long Sword,Oracle Lens,Grasp of the Undying,Inspiration,Conqueror,Domination,Electrocute,Sorcery,Lethal Tempo,Inspiration,Aftershock,Inspiration,Conqueror,Resolve,Conqueror,Inspiration,Phase Rush,Precision,Arcane Comet,Inspiration,Hail of Blades,Resolve,Flash,Teleport,Flash,Smite,Flash,Teleport,Flash,Barrier,Flash,Ignite,Teleport,Flash,Ignite,Smite,Teleport,Flash,Teleport,Flash,Ignite,Flash,1,6,2,0,0,0
https://www.op.gg/summoners/euw/Hannover-EUW/matches/uRd1PvnOddqCz6RLeWrONYOUO-7xeIBVW-iyRkFIEAY%3D/1733913713000,0,8,27,27,8,45,17,35,39,11,6,0,2,0,0,3,7,0,2,38063,45480,11.0,12.4,637,645,31.3,31.7,-7417,7417,1872.94126984127,2237.904761904762,Orianna,Graves,Yasuo,Aphelios,Alistar,Jayce,Kindred,Syndra,Kai'Sa,Tahm Kench,Doran's Ring,Blackfire Torch,Sorcerer's Shoes,Tear of the Goddess,Lost Chapter,No_Item,Stealth Ward,Boots,Youmuu's Ghostblade,The Collector,Last Whisper,No_Item,No_Item,Oracle Lens,Doran's Blade,Berserker's Greaves,Kraken Slayer,Pickaxe,No_Item,No_Item,Stealth Ward,Doran's Blade,Infinity Edge,The Collector,Boots of Swiftness,Cloak of Agility,Long Sword,Farsight Alteration,Celestial Opposition,Boots of Swiftness,Zeke's Convergence,Kindlegem,Control Ward,No_Item,Oracle Lens,Eclipse,Doran's Blade,Refillable Potion,Hubris,Boots,Opportunity,Stealth Ward,Trinity Force,Kraken Slayer,Plated Steelcaps,Phage,Kindlegem,No_Item,Oracle Lens,Stormsurge,Amplifying Tome,Luden's Companion,Sorcerer's Shoes,Amplifying Tome,Dark Seal,Farsight Alteration,Berserker's Greaves,Statikk Shiv,Guinsoo's Rageblade,Cull,Doran's Blade,Blasting Wand,Farsight Alteration,Heartsteel,Plated Steelcaps,Bloodsong,Kindlegem,Ruby Crystal,Cloth Armor,Oracle Lens,Arcane Comet,Inspiration,Dark Harvest,Precision,Lethal Tempo,Resolve,Press the Attack,Sorcery,Phase Rush,Inspiration,Conqueror,Resolve,Press the Attack,Inspiration,First Strike,Sorcery,Lethal Tempo,Inspiration,Grasp of the Undying,Inspiration,Flash,Teleport,Flash,Smite,Teleport,Flash,Flash,Barrier,Flash,Ignite,Flash,Teleport,Flash,Smite,Teleport,Flash,Exhaust,Flash,Ignite,Flash,0,3,0,1,3,2
https://www.op.gg/summoners/euw/Hannover-EUW/matches/uRd1PvnOddotV1x8F2vbFKQp-KAv2DrdJAii37vlETw%3D/1733911417000,1,40,25,25,40,51,57,79,94,31,25,1,2,1,0,10,2,2,2,63587,51545,15.0,13.2,844,767,30.3,27.6,12042,-12042,2287.7862433862433,1854.5291005291006,Gragas,Viego,Sylas,Aphelios,Pyke,Anivia,Xin Zhao,Viktor,Caitlyn,Thresh,Shattered Armguard,No_Item,Cosmic Drive,Ionian Boots of Lucidity,Rod of Ages,Seraph's Embrace,Farsight Alteration,Sundered Sky,Kraken Slayer,Sterak's Gage,Recurve Bow,Mercury's Treads,Negatron Cloak,Oracle Lens,Hextech Rocketbelt,Haunting Guise,Dark Seal,Rabadon's Deathcap,Shadowflame,Ionian Boots of Lucidity,Oracle Lens,Doran's Blade,The Collector,Infinity Edge,Boots of Swiftness,Lord Dominik's Regards,No_Item,Farsight Alteration,Edge of Night,Umbral Glaive,Celestial Opposition,No_Item,Long Sword,Synchronized Souls,Oracle Lens,Shattered Armguard,No_Item,Rod of Ages,Sorcerer's Shoes,Seraph's Embrace,No_Item,Farsight Alteration,Sterak's Gage,Sundered Sky,No_Item,Cloth Armor,Black Cleaver,Slightly Magical Footwear,Oracle Lens,Lich Bane,No_Item,Stormsurge,Sorcerer's Shoes,No_Item,Dark Seal,Stealth Ward,Doran's Blade,The Collector,Lord Dominik's Regards,Infinity Edge,Berserker's Greaves,Zeal,Farsight Alteration,Redemption,Celestial Opposition,Locket of the Iron Solari,Control Ward,Boots of Swiftness,Glowing Mote,Oracle Lens,Arcane Comet,Inspiration,Conqueror,Inspiration,Electrocute,Resolve,Press the Attack,Sorcery,Hail of Blades,Resolve,Arcane Comet,Precision,Conqueror,Inspiration,Summon Aery,Inspiration,Lethal Tempo,Sorcery,Aftershock,Domination,Flash,Teleport,Flash,Smite,Flash,Teleport,Flash,Cleanse,Ignite,Flash,Flash,Teleport,Flash,Smite,Flash,Teleport,Flash,Barrier,Exhaust,Flash,1,1,2,0,2,0
https://www.op.gg/summoners/euw/Hannover-EUW/matches/uRd1PvnOddpSXSVWc7lcAwWfA_IcdpPa2sAX2QNRhzg%3D/1733832614000,0,34,51,51,34,71,36,80,61,21,26,1,2,0,1,2,11,1,3,52197,65381,13.6,15.4,664,787,25.099999999999998,29.8,-13184,13184,1966.8434782608697,2463.631884057971,Gragas,Volibear,Yone,Aphelios,Pyke,Ambessa,Talon,Akshan,Syndra,Thresh,Doran's Ring,Cosmic Drive,Lost Chapter,Lich Bane,Ionian Boots of Lucidity,No_Item,Stealth Ward,Dead Man's Plate,Ionian Boots of Lucidity,Sundered Sky,Iceborn Gauntlet,No_Item,No_Item,Oracle Lens,Stridebreaker,Berserker's Greaves,No_Item,Blade of The Ruined King,No_Item,No_Item,Stealth Ward,Doran's Blade,Lord Dominik's Regards,Zeal,Infinity Edge,Boots,The Collector,Farsight Alteration,Youmuu's Ghostblade,Synchronized Souls,Bloodsong,Umbral Glaive,Edge of Night,Pickaxe,Oracle Lens,Voltaic Cyclosword,Axiom Arc,Edge of Night,Opportunity,Serrated Dirk,Boots of Swiftness,Stealth Ward,Youmuu's Ghostblade,Edge of Night,Serylda's Grudge,Hubris,Boots of Swiftness,Serrated Dirk,Oracle Lens,Doran's Blade,Statikk Shiv,Infinity Edge,Boots of Swiftness,The Collector,Noonquiver,Oracle Lens,Blackfire Torch,Cosmic Drive,Sorcerer's Shoes,Control Ward,Dark Seal,Needlessly Large Rod,Farsight Alteration,Solstice Sleigh,Redemption,Locket of the Iron Solari,Control Ward,Kindlegem,Boots of Swiftness,Oracle Lens,Phase Rush,Inspiration,Press the Attack,Sorcery,Lethal Tempo,Resolve,Press the Attack,Sorcery,Hail of Blades,Resolve,Grasp of the Undying,Inspiration,Conqueror,Inspiration,Electrocute,Sorcery,Arcane Comet,Inspiration,Aftershock,Inspiration,Flash,Teleport,Flash,Smite,Flash,Teleport,Flash,Barrier,Ignite,Flash,Flash,Teleport,Flash,Smite,Flash,Ignite,Teleport,Flash,Ignite,Flash,0,3,0,1,3,1
https://www.op.gg/summoners/euw/Hannover-EUW/matches/uRd1PvnOddqZDRSUPnHQslsE67s93qvS0-Z3b4wLCB4%3D/1733830474000,1,28,23,23,28,39,46,80,93,34,25,1,4,2,0,9,8,3,4,66368,56340,15.8,14.4,952,856,30.6,27.5,10028,-10028,2135.60396039604,1812.920792079208,Gnar,Lee Sin,Azir,Jinx,Tahm Kench,Malphite,Viego,Sylas,Smolder,Rakan,Mercury's Treads,Trinity Force,Sterak's Gage,No_Item,Recurve Bow,Negatron Cloak,Oracle Lens,Sterak's Gage,Eclipse,No_Item,Sundered Sky,Ruby Crystal,Plated Steelcaps,Stealth Ward,Nashor's Tooth,Zhonya's Hourglass,Needlessly Large Rod,Liandry's Torment,Oblivion Orb,Sorcerer's Shoes,Farsight Alteration,No_Item,Runaan's Hurricane,Lord Dominik's Regards,Berserker's Greaves,Infinity Edge,The Collector,Farsight Alteration,Locket of the Iron Solari,Mercury's Treads,Bloodsong,Chain Vest,Heartsteel,Bramble Vest,Oracle Lens,Frozen Heart,Plated Steelcaps,Kaenic Rookern,Warden's Mail,No_Item,Doran's Ring,Farsight Alteration,Kraken Slayer,Tunneler,Pickaxe,Sundered Sky,Plated Steelcaps,Ruby Crystal,Oracle Lens,Hextech Rocketbelt,Zhonya's Hourglass,Cosmic Drive,Needlessly Large Rod,Needlessly Large Rod,Sorcerer's Shoes,Oracle Lens,Vampiric Scepter,Rapid Firecannon,Lord Dominik's Regards,Spear of Shojin,Essence Reaver,Ionian Boots of Lucidity,Farsight Alteration,No_Item,Solstice Sleigh,Locket of the Iron Solari,Zeke's Convergence,Ionian Boots of Lucidity,No_Item,Oracle Lens,Grasp of the Undying,Precision,Conqueror,Inspiration,Conqueror,Inspiration,Lethal Tempo,Domination,Grasp of the Undying,Inspiration,Arcane Comet,Resolve,Conqueror,Inspiration,Conqueror,Resolve,Fleet Footwork,Inspiration,Guardian,Domination,Teleport,Flash,Flash,Smite,Flash,Teleport,Flash,Barrier,Ignite,Flash,Flash,Teleport,Flash,Smite,Teleport,Flash,Flash,Barrier,Flash,Heal,0,6,2,1,0,2
,,-1,-1,-1,-1,-1,-1,-1,-1,-1,-1,-1,-1,-1,-1,-1,-1,-1,-1,-1,-1,-1.0,-1.0,-1,-1,-1.0,-1.0,-1,-1,-1.0,-1.0,,,,,,,,,,,,,,,,,,,,,,,,,,,,,,,,,,,,,,,,,,,,,,,,,,,,,,,,,,,,,,,,,,,,,,,,,,,,,,,,,,,,,,,,,,,,,,,,,,,,,,,,,,,,,,,,,,,,,,,,,-1,-1,-1,-1,-1,-1
https://www.op.gg/summoners/euw/Hannover-EUW/matches/uRd1PvnOddo0-b2XASVGT0J2SN9TYmffkIvvo4DIWXU%3D/1733826668000,1,27,10,10,27,17,48,57,55,9,17,2,1,1,0,8,3,3,1,50253,40502,13.2,12.0,692,705,28.8,29.4,9751,-9751,2091.6113513513515,1685.7589189189189,Azir,Zac,Jax,Jinx,Braum,Kennen,Wukong,Aurora,Ashe,Nautilus,Doran's Ring,Needlessly Large Rod,Needlessly Large Rod,Liandry's Torment,Nashor's Tooth,Sorcerer's Shoes,Farsight Alteration,Warden's Mail,Ionian Boots of Lucidity,Spirit Visage,Ruby Crystal,Dark Seal,Sunfire Aegis,Oracle Lens,Mercury's Treads,Sundered Sky,Trinity Force,Ruby Crystal,Refillable Potion,No_Item,Stealth Ward,Berserker's Greaves,The Collector,Infinity Edge,Zeal,Doran's Blade,No_Item,Farsight Alteration,Locket of the Iron Solari,Knight's Vow,Bloodsong,No_Item,Plated Steelcaps,No_Item,Oracle Lens,Needlessly Large Rod,Liandry's Torment,Sorcerer's Shoes,Void Staff,No_Item,No_Item,Oracle Lens,Sundered Sky,Control Ward,Ruby Crystal,Slightly Magical Footwear,Trinity Force,Pickaxe,Oracle Lens,Doran's Ring,Luden's Companion,Control Ward,Void Staff,Sorcerer's Shoes,No_Item,Farsight Alteration,Doran's Blade,Kraken Slayer,Berserker's Greaves,Runaan's Hurricane,Executioner's Calling,Long Sword,Farsight Alteration,Bloodsong,Boots of Swiftness,Warmog's Armor,No_Item,Control Ward,No_Item,Oracle Lens,Summon Aery,Precision,Aftershock,Precision,Grasp of the Undying,Inspiration,Lethal Tempo,Sorcery,Guardian,Precision,Electrocute,Resolve,Conqueror,Inspiration,Electrocute,Sorcery,Lethal Tempo,Inspiration,Aftershock,Inspiration,Teleport,Flash,Flash,Smite,Teleport,Flash,Barrier,Flash,Exhaust,Flash,Flash,Teleport,Flash,Smite,Flash,Teleport,Flash,Barrier,Flash,Ignite,1,3,1,0,3,0
https://www.op.gg/summoners/euw/Hannover-EUW/matches/uRd1PvnOddpqCHbq8zGIfdmTaYOAnHDPGaZoS-o1yOg%3D/1733772885000,0,21,45,45,21,103,31,66,101,32,21,0,4,0,1,5,11,0,5,55699,64500,13.8,15.8,859,824,28.3,27.2,-8801,8801,1821.929906542056,2109.813084112149,Irelia,Udyr,Veigar,Ezreal,Tahm Kench,Soraka,Master Yi,Yone,Jinx,Bard,Steel Sigil,Plated Steelcaps,Executioner's Calling,Caulfield's Warhammer,Kraken Slayer,Blade of The Ruined King,Farsight Alteration,Eclipse,Stridebreaker,Plated Steelcaps,Dead Man's Plate,Hearthbound Axe,Ruby Crystal,Oracle Lens,Blighting Jewel,Seraph's Embrace,Oblivion Orb,Frozen Heart,Fiendish Codex,Ionian Boots of Lucidity,Farsight Alteration,Plated Steelcaps,Trinity Force,Executioner's Calling,Muramana,Frozen Heart,Vampiric Scepter,Farsight Alteration,Heartsteel,Thornmail,Bloodsong,Control Ward,Chain Vest,Plated Steelcaps,Oracle Lens,Ionian Boots of Lucidity,Redemption,Moonstone Renewer,Blasting Wand,Forbidden Idol,Forbidden Idol,Stealth Ward,Guinsoo's Rageblade,Blade of The Ruined King,Titanic Hydra,Plated Steelcaps,Kraken Slayer,Recurve Bow,Farsight Alteration,Berserker's Greaves,Infinity Edge,Iceborn Gauntlet,Immortal Shieldbow,Negatron Cloak,Blade of The Ruined King,Farsight Alteration,Doran's Blade,Berserker's Greaves,The Collector,Scout's Slingshot,Lord Dominik's Regards,Zeal,Farsight Alteration,Bloodsong,Negatron Cloak,Heartsteel,Cloth Armor,Giant's Belt,Boots of Swiftness,Oracle Lens,Conqueror,Inspiration,Press the Attack,Sorcery,First Strike,Sorcery,Press the Attack,Inspiration,Grasp of the Undying,Inspiration,Summon Aery,Resolve,Lethal Tempo,Domination,Lethal Tempo,Resolve,Lethal Tempo,Sorcery,Guardian,Domination,Teleport,Flash,Flash,Smite,Flash,Teleport,Barrier,Flash,Ignite,Flash,Teleport,Flash,Flash,Smite,Flash,Teleport,Barrier,Flash,Flash,Ignite,1,5,0,0,1,3
https://www.op.gg/summoners/euw/Hannover-EUW/matches/uRd1PvnOddqtC9BNXLHbyRhrTPQVh635sYVgKvIStK8%3D/1733763128000,0,17,43,43,17,44,20,63,56,10,22,0,3,0,1,2,11,0,4,48438,63633,13.2,15.2,808,926,31.799999999999997,36.300000000000004,-15195,15195,1912.5733905579398,2512.5476394849784,Renekton,Graves,Veigar,Ziggs,Pyke,Gnar,Zac,Akshan,Akali,Zoe,Sterak's Gage,Stridebreaker,Doran's Shield,Plated Steelcaps,Null-Magic Mantle,Kindlegem,Oracle Lens,The Collector,Youmuu's Ghostblade,Control Ward,Mercury's Treads,Noonquiver,Pickaxe,Oracle Lens,Blighting Jewel,Blasting Wand,Rabadon's Deathcap,Doran's Ring,Boots of Swiftness,Fimbulwinter,Oracle Lens,Needlessly Large Rod,Needlessly Large Rod,Horizon Focus,Luden's Companion,Tear of the Goddess,Sorcerer's Shoes,Farsight Alteration,Umbral Glaive,Synchronized Souls,Celestial Opposition,Edge of Night,Control Ward,No_Item,Oracle Lens,Doran's Blade,Refillable Potion,Sterak's Gage,Plated Steelcaps,Trinity Force,Negatron Cloak,Oracle Lens,Ionian Boots of Lucidity,Randuin's Omen,Control Ward,Dark Seal,Sunfire Aegis,Spirit Visage,Oracle Lens,Boots of Swiftness,Lord Dominik's Regards,Doran's Blade,Cloak of Agility,Infinity Edge,Statikk Shiv,Stealth Ward,Banshee's Veil,Rabadon's Deathcap,Dark Seal,Stormsurge,Shadowflame,Boots,Oracle Lens,Zaz'Zak's Realmspike,Luden's Companion,Needlessly Large Rod,Horizon Focus,Dark Seal,Synchronized Souls,Oracle Lens,Press the Attack,Resolve,Dark Harvest,Precision,Summon Aery,Precision,Arcane Comet,Inspiration,Hail of Blades,Resolve,Grasp of the Undying,Precision,Aftershock,Precision,Press the Attack,Domination,Electrocute,Resolve,Electrocute,Inspiration,Teleport,Flash,Flash,Smite,Teleport,Flash,Teleport,Flash,Ignite,Flash,Teleport,Flash,Smite,Flash,Flash,Teleport,Teleport,Flash,Ignite,Flash,0,1,0,1,5,3
https://www.op.gg/summoners/euw/Hannover-EUW/matches/uRd1PvnOddp9XluK8pONsD1xF9cLuUyOQ9wxQorQS08%3D/1733760941000,1,30,16,16,30,23,37,52,47,14,16,1,1,0,0,5,0,1,1,43955,33512,11.6,10.4,618,491,33.199999999999996,26.3,10443,-10443,2370.6067415730336,1807.3887640449436,Fiora,Graves,Aurora,Ashe,Poppy,Zac,Kindred,Sylas,Jhin,Renata Glasc,Ravenous Hydra,Hullbreaker,Doran's Blade,Plated Steelcaps,Ruby Crystal,Long Sword,Stealth Ward,Youmuu's Ghostblade,Lord Dominik's Regards,Cloth Armor,No_Item,Boots,The Collector,Oracle Lens,Doran's Ring,Luden's Companion,Refillable Potion,Sorcerer's Shoes,Shadowflame,Control Ward,Oracle Lens,Doran's Blade,No_Item,No_Item,Berserker's Greaves,Kraken Slayer,Runaan's Hurricane,Farsight Alteration,Dead Man's Plate,Synchronized Souls,Bloodsong,No_Item,Cloth Armor,Kindlegem,Oracle Lens,Doran's Shield,Refillable Potion,Control Ward,Ionian Boots of Lucidity,Cloth Armor,Sunfire Aegis,Stealth Ward,Gustwalker Hatchling,Kraken Slayer,Trinity Force,Boots of Swiftness,Pickaxe,Long Sword,Oracle Lens,Doran's Shield,Hextech Rocketbelt,Ionian Boots of Lucidity,Refillable Potion,Amplifying Tome,Dark Seal,Oracle Lens,Doran's Blade,The Collector,Infinity Edge,Dagger,Dagger,Boots of Swiftness,Farsight Alteration,No_Item,Locket of the Iron Solari,Celestial Opposition,No_Item,No_Item,Boots of Swiftness,Oracle Lens,Conqueror,Resolve,Dark Harvest,Precision,Electrocute,Precision,Lethal Tempo,Inspiration,Hail of Blades,Inspiration,Aftershock,Precision,Conqueror,Inspiration,Conqueror,Resolve,Dark Harvest,Precision,Guardian,Domination,Teleport,Flash,Flash,Smite,Flash,Teleport,Flash,Barrier,Ignite,Flash,Teleport,Flash,Smite,Flash,Teleport,Flash,Barrier,Flash,Ignite,Flash,1,6,0,0,0,0
https://www.op.gg/summoners/euw/Hannover-EUW/matches/uRd1PvnOddp_eokiV117_jv6G-6RsP0ZqVpHxXWf7mY%3D/1733757883000,0,31,41,41,31,59,38,91,119,36,39,0,5,0,2,6,10,0,7,63830,76418,15.0,17.0,942,1019,28.900000000000002,31.3,-12588,12588,1950.361111111111,2334.9944444444445,Garen,Viego,Veigar,Brand,Blitzcrank,Cho'Gath,Graves,Viktor,Draven,Pyke,Stridebreaker,The Collector,Lord Dominik's Regards,Phantom Dancer,Infinity Edge,Boots of Swiftness,Oracle Lens,No_Item,Plated Steelcaps,Kraken Slayer,Sundered Sky,Null-Magic Mantle,Sterak's Gage,Oracle Lens,Doran's Ring,Seraph's Embrace,Void Staff,Rabadon's Deathcap,Amplifying Tome,Boots of Swiftness,Farsight Alteration,Zhonya's Hourglass,Needlessly Large Rod,Needlessly Large Rod,Sorcerer's Shoes,Liandry's Torment,Rylai's Crystal Scepter,Farsight Alteration,Locket of the Iron Solari,Boots of Swiftness,Bloodsong,Control Ward,Trailblazer,Kindlegem,Oracle Lens,Hollow Radiance,Thornmail,Spectre's Cowl,Mercury's Treads,Doran's Shield,Heartsteel,Stealth Ward,Youmuu's Ghostblade,Immortal Shieldbow,Mercury's Treads,The Collector,Noonquiver,Long Sword,Oracle Lens,Ionian Boots of Lucidity,Stormsurge,Void Staff,Needlessly Large Rod,Shadowflame,Lich Bane,Farsight Alteration,Lord Dominik's Regards,Yun Tal Wildarrows,Bloodthirster,Plated Steelcaps,Infinity Edge,Cloak of Agility,Farsight Alteration,Celestial Opposition,Youmuu's Ghostblade,Umbral Glaive,Long Sword,Synchronized Souls,Edge of Night,Oracle Lens,Phase Rush,Resolve,Conqueror,Inspiration,Summon Aery,Precision,Arcane Comet,Precision,Aftershock,Inspiration,Grasp of the Undying,Precision,Dark Harvest,Precision,Summon Aery,Resolve,Lethal Tempo,Inspiration,Hail of Blades,Resolve,Flash,Ignite,Flash,Smite,Flash,Teleport,Teleport,Flash,Ignite,Flash,Teleport,Flash,Flash,Smite,Flash,Teleport,Flash,Cleanse,Flash,Ignite,0,6,0,0,0,2
https://www.op.gg/summoners/euw/Hannover-EUW/matches/uRd1PvnOddp1xbaxBYv1fmMEdU4AcuirxRwpatdXYLE%3D/1733752956000,1,38,34,34,38,52,67,108,83,27,32,0,4,1,0,10,3,1,4,68700,60802,15.8,15.6,923,919,28.7,28.599999999999998,7898,-7898,2136.0504201680674,1890.4823529411765,Aurora,Rek'Sai,Sylas,Jhin,Pyke,Garen,Lee Sin,Ahri,Ezreal,Bard,Blasting Wand,Rabadon's Deathcap,Liandry's Torment,Sorcerer's Shoes,Oblivion Orb,Luden's Companion,Stealth Ward,No_Item,Eclipse,Black Cleaver,Sterak's Gage,Steel Sigil,Plated Steelcaps,Oracle Lens,Mercury's Treads,Zhonya's Hourglass,Hextech Rocketbelt,Cosmic Drive,Blighting Jewel,Dark Seal,Oracle Lens,Rapid Firecannon,The Collector,Infinity Edge,No_Item,Mortal Reminder,Boots of Swiftness,Farsight Alteration,Umbral Glaive,Edge of Night,Celestial Opposition,No_Item,Synchronized Souls,Serrated Dirk,Oracle Lens,Stridebreaker,Phantom Dancer,Mortal Reminder,Negatron Cloak,Boots of Swiftness,Ruby Crystal,Oracle Lens,Eclipse,Sundered Sky,Plated Steelcaps,Black Cleaver,Long Sword,Control Ward,Stealth Ward,Malignance,Liandry's Torment,Sorcerer's Shoes,Mejai's Soulstealer,Oblivion Orb,Shadowflame,Farsight Alteration,Null-Magic Mantle,Ionian Boots of Lucidity,No_Item,Bloodthirster,Trinity Force,Muramana,Farsight Alteration,Dead Man's Plate,Statikk Shiv,Bloodsong,Negatron Cloak,Slightly Magical Footwear,Spectre's Cowl,Oracle Lens,Electrocute,Sorcery,Conqueror,Inspiration,Electrocute,Resolve,Fleet Footwork,Inspiration,Hail of Blades,Resolve,Phase Rush,Resolve,Conqueror,Inspiration,Summon Aery,Domination,Conqueror,Sorcery,Guardian,Inspiration,Flash,Teleport,Flash,Smite,Teleport,Flash,Barrier,Flash,Ignite,Flash,Flash,Ignite,Smite,Flash,Flash,Teleport,Barrier,Flash,Ignite,Flash,0,5,2,0,1,0
https://www.op.gg/summoners/euw/Hannover-EUW/matches/uRd1PvnOddrUt-Z_teGt1hvi1Z_dZvYB46KWbWIQxGU%3D/1733750162000,0,1,17,17,1,16,2,71,40,8,13,0,1,0,0,0,5,0,1,21558,34142,8.8,10.2,442,535,29.1,35.2,-12584,12584,1422.2291666666667,2252.4236111111113,Garen,Diana,Ambessa,Ashe,Karma,Ekko,Wukong,Akali,Jhin,Pyke,Tiamat,Refillable Potion,Boots,Doran's Shield,Dagger,Phage,Stealth Ward,Hextech Rocketbelt,No_Item,Gustwalker Hatchling,Amplifying Tome,Slightly Magical Footwear,Dark Seal,Oracle Lens,No_Item,No_Item,No_Item,No_Item,No_Item,No_Item,Stealth Ward,Doran's Blade,Refillable Potion,Hearthbound Axe,Dagger,Berserker's Greaves,Rectrix,Stealth Ward,Dream Maker,Control Ward,No_Item,Ruby Crystal,Ionian Boots of Lucidity,Bandleglass Mirror,Oracle Lens,Doran's Ring,Boots,Dark Seal,Nashor's Tooth,Lich Bane,No_Item,Stealth Ward,Tunneler,Trinity Force,Gustwalker Hatchling,Long Sword,Slightly Magical Footwear,No_Item,Oracle Lens,Stormsurge,Sorcerer's Shoes,Refillable Potion,Doran's Ring,Hextech Alternator,No_Item,Stealth Ward,Control Ward,Pickaxe,No_Item,Boots of Swiftness,The Collector,Doran's Blade,Farsight Alteration,Umbral Glaive,Synchronized Souls,Bloodsong,Long Sword,Long Sword,No_Item,Oracle Lens,Phase Rush,Resolve,Conqueror,Inspiration,Electrocute,Resolve,Lethal Tempo,Inspiration,Arcane Comet,Resolve,Arcane Comet,Domination,Conqueror,Inspiration,Electrocute,Resolve,Fleet Footwork,Inspiration,Hail of Blades,Resolve,Flash,Ignite,Smite,Flash,Teleport,Flash,Barrier,Flash,Flash,Heal,Teleport,Flash,Flash,Smite,Flash,Teleport,Barrier,Flash,Ignite,Flash,0,0,0,0,6,0
https://www.op.gg/summoners/euw/Hannover-EUW/matches/uRd1PvnOddoErnje0wuBQn20VKZIhCthVhV17sTIvxU%3D/1733748133000,1,21,6,6,21,12,18,31,29,6,4,1,0,0,0,5,0,1,0,35911,23567,10.2,8.4,518,359,32.9,22.8,12344,-12344,2288.8329670329667,1502.0725274725273,Jax,Graves,Tahm Kench,Ryze,Bard,Camille,Zac,Corki,Smolder,Janna,Trinity Force,Tunneler,Cull,Ionian Boots of Lucidity,Caulfield's Warhammer,Control Ward,Stealth Ward,Youmuu's Ghostblade,Pickaxe,Boots,Cloth Armor,Serrated Dirk,No_Item,Oracle Lens,Doran's Shield,Heartsteel,Unending Despair,Plated Steelcaps,No_Item,No_Item,Stealth Ward,Refillable Potion,No_Item,Ionian Boots of Lucidity,Tear of the Goddess,Fiendish Codex,Rod of Ages,Farsight Alteration,Dead Man's Plate,Pickaxe,Bloodsong,Scout's Slingshot,Rectrix,Slightly Magical Footwear,Oracle Lens,Doran's Shield,Refillable Potion,Trinity Force,Long Sword,No_Item,Slightly Magical Footwear,Stealth Ward,No_Item,No_Item,Mosstomper Seedling,Winged Moonplate,Trailblazer,Symbiotic Soles,Oracle Lens,Tear of the Goddess,Trinity Force,No_Item,Doran's Blade,Slightly Magical Footwear,No_Item,Stealth Ward,Doran's Blade,Essence Reaver,Boots,Refillable Potion,No_Item,No_Item,Stealth Ward,Kindlegem,Dream Maker,Bandleglass Mirror,No_Item,No_Item,Boots of Swiftness,Oracle Lens,Grasp of the Undying,Precision,Dark Harvest,Precision,Grasp of the Undying,Inspiration,Phase Rush,Resolve,Guardian,Inspiration,Grasp of the Undying,Inspiration,Aftershock,Inspiration,Conqueror,Inspiration,Arcane Comet,Precision,Summon Aery,Resolve,Flash,Teleport,Flash,Smite,Teleport,Flash,Flash,Teleport,Ignite,Flash,Teleport,Ignite,Smite,Flash,Flash,Barrier,Teleport,Flash,Flash,Heal,0,6,0,0,0,0
https://www.op.gg/summoners/euw/Hannover-EUW/matches/uRd1PvnOddqDNYYq2xpbLYAzODtaefZjOlYpnRaazDs%3D/1733746451000,0,24,41,41,24,72,22,57,71,14,30,0,1,0,0,1,8,0,1,41886,54027,12.0,12.8,597,700,26.0,30.5,-12141,12141,1825.8,2355.023076923077,Vladimir,Viego,Galio,Ezreal,Poppy,Jax,Zac,Syndra,Ashe,Pyke,Doran's Ring,Stormsurge,Void Staff,Ionian Boots of Lucidity,Dark Seal,Needlessly Large Rod,Farsight Alteration,Mosstomper Seedling,Kraken Slayer,Sundered Sky,Mercury's Treads,Ruby Crystal,Ruby Crystal,Oracle Lens,Glacial Buckler,Dark Seal,No_Item,Boots of Swiftness,Hollow Radiance,Warden's Mail,Oracle Lens,Muramana,Ionian Boots of Lucidity,Trinity Force,No_Item,Refillable Potion,Long Sword,Farsight Alteration,Locket of the Iron Solari,Synchronized Souls,Bloodsong,No_Item,Dead Man's Plate,Bramble Vest,Oracle Lens,Plated Steelcaps,Blade of The Ruined King,Null-Magic Mantle,Trinity Force,Tunneler,Ruby Crystal,Stealth Ward,Mejai's Soulstealer,Ruby Crystal,Null-Magic Mantle,Unending Despair,Sunfire Aegis,Ionian Boots of Lucidity,Oracle Lens,Stormsurge,Dark Seal,Blackfire Torch,Void Staff,Doran's Ring,Sorcerer's Shoes,Oracle Lens,B. F. Sword,Runaan's Hurricane,Kraken Slayer,Vampiric Scepter,Doran's Blade,Berserker's Greaves,Farsight Alteration,Plated Steelcaps,No_Item,Serrated Dirk,Celestial Opposition,Edge of Night,Umbral Glaive,Oracle Lens,Summon Aery,Precision,Conqueror,Inspiration,Aftershock,Sorcery,Press the Attack,Sorcery,Hail of Blades,Inspiration,Lethal Tempo,Resolve,Aftershock,Inspiration,Summon Aery,Inspiration,Lethal Tempo,Inspiration,Hail of Blades,Sorcery,Ignite,Flash,Smite,Flash,Flash,Ghost,Barrier,Flash,Ignite,Flash,Flash,Teleport,Smite,Flash,Flash,Teleport,Flash,Cleanse,Ignite,Flash,0,3,0,1,3,1
https://www.op.gg/summoners/euw/Hannover-EUW/matches/uRd1PvnOddq_OZ2HuEFKS1OV5FdMXNjleDlOzg8QcvQ%3D/1733334813000,0,23,17,17,23,42,26,61,71,23,26,3,0,0,1,6,8,3,1,55238,56688,14.2,14.6,939,913,33.9,33.0,-1450,1450,1999.0895238095238,2051.5657142857144,Riven,Elise,Sylas,Caitlyn,Thresh,Fiora,Jarvan IV,Ahri,Jinx,Lulu,Hubris,Death's Dance,Eclipse,Boots,Serpent's Fang,No_Item,Oracle Lens,Stormsurge,Amplifying Tome,Sorcerer's Shoes,Dark Seal,Rabadon's Deathcap,Needlessly Large Rod,Oracle Lens,Stormsurge,Hextech Rocketbelt,Zhonya's Hourglass,No_Item,Dark Seal,Sorcerer's Shoes,Oracle Lens,Doran's Blade,The Collector,Berserker's Greaves,Infinity Edge,Rapid Firecannon,No_Item,Farsight Alteration,Solstice Sleigh,Locket of the Iron Solari,Redemption,Control Ward,Boots of Swiftness,No_Item,Oracle Lens,Ravenous Hydra,Trinity Force,Plated Steelcaps,Doran's Blade,Long Sword,Cloth Armor,Stealth Ward,Mercury's Treads,Eclipse,No_Item,Sundered Sky,No_Item,No_Item,Oracle Lens,Doran's Ring,Needlessly Large Rod,Malignance,Sorcerer's Shoes,Oblivion Orb,Liandry's Torment,Oracle Lens,Bloodthirster,Berserker's Greaves,The Collector,Runaan's Hurricane,Infinity Edge,Doran's Blade,Farsight Alteration,Ardent Censer,Moonstone Renewer,Dream Maker,Forbidden Idol,Ionian Boots of Lucidity,Blasting Wand,Oracle Lens,Conqueror,Sorcery,Dark Harvest,Precision,Electrocute,Inspiration,Fleet Footwork,Sorcery,Glacial Augment,Resolve,Grasp of the Undying,Inspiration,Conqueror,Inspiration,Grasp of the Undying,Sorcery,Lethal Tempo,Domination,Summon Aery,Resolve,Flash,Ignite,Flash,Smite,Flash,Teleport,Flash,Barrier,Ignite,Flash,Teleport,Flash,Smite,Flash,Teleport,Flash,Flash,Barrier,Heal,Flash,1,6,1,0,0,1
https://www.op.gg/summoners/euw/Hannover-EUW/matches/uRd1PvnOddrlqCpogz2M4wCRMlRa0PvdjHMil7DmiiY%3D/1733315271000,0,45,62,63,45,73,63,114,83,28,36,2,4,1,1,11,9,3,5,79565,88380,17.4,17.6,1046,1275,26.9,32.8,-8815,8815,2031.4468085106384,2256.5106382978724,Singed,Talon,Jayce,Ziggs,Pyke,Renekton,Viego,Hwei,Smolder,Tahm Kench,Warmog's Armor,Boots of Swiftness,Liandry's Torment,Rylai's Crystal Scepter,Riftmaker,Cloth Armor,Stealth Ward,Black Cleaver,Youmuu's Ghostblade,Death's Dance,Serpent's Fang,Eclipse,Boots of Swiftness,Stealth Ward,Muramana,Eclipse,Plated Steelcaps,Serylda's Grudge,Serpent's Fang,Guardian Angel,Farsight Alteration,Seraph's Embrace,Morellonomicon,Luden's Companion,Horizon Focus,Needlessly Large Rod,Sorcerer's Shoes,Farsight Alteration,Umbral Glaive,Synchronized Souls,Celestial Opposition,Control Ward,Opportunity,Serpent's Fang,Oracle Lens,Eclipse,Control Ward,Boots of Swiftness,Sterak's Gage,Black Cleaver,"Jak'Sho, The Protean",Oracle Lens,Plated Steelcaps,Titanic Hydra,Negatron Cloak,Sterak's Gage,Kraken Slayer,Recurve Bow,Oracle Lens,Rabadon's Deathcap,Zhonya's Hourglass,Shadowflame,Seraph's Embrace,Sorcerer's Shoes,Horizon Focus,Farsight Alteration,Boots of Swiftness,Immortal Shieldbow,Zhonya's Hourglass,Hubris,Rapid Firecannon,Bloodthirster,Farsight Alteration,Heartsteel,Redemption,Bloodsong,Thornmail,Abyssal Mask,Boots of Swiftness,Oracle Lens,Conqueror,Resolve,Conqueror,Inspiration,Phase Rush,Inspiration,Arcane Comet,Precision,Hail of Blades,Resolve,Conqueror,Resolve,Conqueror,Inspiration,Arcane Comet,Precision,Arcane Comet,Inspiration,Grasp of the Undying,Inspiration,Flash,Ghost,Ignite,Smite,Flash,Teleport,Flash,Teleport,Ignite,Flash,Teleport,Flash,Flash,Smite,Flash,Teleport,Teleport,Flash,Ignite,Flash,0,3,3,1,3,1
https://www.op.gg/summoners/euw/Hannover-EUW/matches/uRd1PvnOddrsMkhScUKpSbTcj4xx4l-nJZjeWH-8rR4%3D/1733312086000,0,9,23,23,9,26,9,36,41,9,8,0,1,0,0,0,2,0,1,24613,32482,8.6,10.0,408,489,26.5,31.7,-7869,7869,1591.1434343434344,2099.8464646464645,Ambessa,Kindred,Sylas,Ezreal,Thresh,Poppy,Vi,Orianna,Corki,Pyke,Doran's Shield,Eclipse,Boots,Ruby Crystal,Cloth Armor,No_Item,Oracle Lens,Scorchclaw Pup,Kraken Slayer,Null-Magic Mantle,No_Item,No_Item,Slightly Magical Footwear,Stealth Ward,Doran's Shield,Hextech Rocketbelt,Boots,Needlessly Large Rod,Dark Seal,No_Item,Stealth Ward,Doran's Blade,Tear of the Goddess,Refillable Potion,Trinity Force,Ionian Boots of Lucidity,No_Item,Stealth Ward,Locket of the Iron Solari,No_Item,Celestial Opposition,Boots of Swiftness,No_Item,No_Item,Oracle Lens,Refillable Potion,Control Ward,Boots,Sunfire Aegis,Tear of the Goddess,Doran's Shield,Stealth Ward,Trinity Force,Plated Steelcaps,No_Item,No_Item,No_Item,No_Item,Oracle Lens,Sorcerer's Shoes,Amplifying Tome,No_Item,Luden's Companion,No_Item,Doran's Ring,Farsight Alteration,Trinity Force,Caulfield's Warhammer,Doran's Blade,Tear of the Goddess,Long Sword,Plated Steelcaps,Farsight Alteration,Umbral Glaive,Synchronized Souls,Bloodsong,Serrated Dirk,Long Sword,Control Ward,Oracle Lens,Grasp of the Undying,Domination,Press the Attack,Inspiration,Electrocute,Resolve,Press the Attack,Sorcery,Aftershock,Inspiration,Grasp of the Undying,Inspiration,Conqueror,Inspiration,Summon Aery,Precision,Conqueror,Inspiration,Hail of Blades,Resolve,Teleport,Flash,Flash,Smite,Flash,Teleport,Flash,Barrier,Flash,Ignite,Teleport,Flash,Flash,Smite,Flash,Teleport,Barrier,Flash,Ignite,Flash,0,2,0,0,1,0
https://www.op.gg/summoners/euw/Hannover-EUW/matches/uRd1PvnOddqkCoSl5FYbYmyQ_VsF4RP8ywbRmvhNYwg%3D/1733310547000,1,30,7,7,31,7,69,54,54,5,12,1,2,1,0,10,2,2,2,51573,38923,13.6,12.2,757,722,32.7,31.099999999999998,12650,-12650,2227.015909090909,1680.765909090909,Aurora,Viego,Vladimir,Ezreal,Braum,K'Sante,Master Yi,Ryze,Tristana,Nautilus,Cryptbloom,Liandry's Torment,Ionian Boots of Lucidity,Control Ward,Mejai's Soulstealer,No_Item,Oracle Lens,Sundered Sky,Plated Steelcaps,Kraken Slayer,Steel Sigil,Ruby Crystal,Pickaxe,Oracle Lens,Cosmic Drive,Sorcerer's Shoes,Mejai's Soulstealer,Rabadon's Deathcap,Amplifying Tome,No_Item,Farsight Alteration,Doran's Blade,Muramana,Trinity Force,Ionian Boots of Lucidity,Last Whisper,Long Sword,Farsight Alteration,Locket of the Iron Solari,Plated Steelcaps,Bloodsong,No_Item,Frozen Heart,No_Item,Oracle Lens,Sheen,Force of Nature,Chain Vest,Mercury's Treads,Ruby Crystal,Doran's Shield,Farsight Alteration,Guinsoo's Rageblade,Kraken Slayer,Berserker's Greaves,Long Sword,Long Sword,Long Sword,Stealth Ward,Seraph's Embrace,Rod of Ages,Needlessly Large Rod,Refillable Potion,Boots of Swiftness,No_Item,Stealth Ward,Boots,Pickaxe,Doran's Blade,Cloak of Agility,Navori Flickerblade,Kraken Slayer,Farsight Alteration,Celestial Opposition,Locket of the Iron Solari,Cloth Armor,Refillable Potion,Plated Steelcaps,No_Item,Oracle Lens,Summon Aery,Precision,Conqueror,Inspiration,Phase Rush,Precision,Press the Attack,Sorcery,Guardian,Inspiration,Grasp of the Undying,Inspiration,Lethal Tempo,Domination,Phase Rush,Inspiration,Lethal Tempo,Domination,Aftershock,Inspiration,Teleport,Flash,Flash,Smite,Flash,Ghost,Flash,Barrier,Exhaust,Flash,Teleport,Flash,Flash,Smite,Flash,Teleport,Flash,Barrier,Flash,Ignite,1,6,2,0,0,0
https://www.op.gg/summoners/euw/Hannover-EUW/matches/uRd1PvnOddqbWFVXMdOMv2IVC8h0-CBl0R17eKihpSg%3D/1733308331000,1,31,23,25,31,27,55,77,64,20,24,2,1,1,0,8,3,3,1,56214,48050,13.8,13.0,741,779,28.7,30.2,8164,-8164,2182.4258823529412,1865.4705882352941,Singed,Viego,Yone,Hwei,Pyke,Jax,Morgana,Galio,Varus,Braum,Doran's Ring,Liandry's Torment,Boots of Swiftness,Rylai's Crystal Scepter,Dark Seal,Winged Moonplate,Stealth Ward,No_Item,Sundered Sky,Trinity Force,Mercury's Treads,No_Item,No_Item,Oracle Lens,Doran's Shield,Blade of The Ruined King,"Jak'Sho, The Protean",Mercury's Treads,Immortal Shieldbow,Recurve Bow,Stealth Ward,Horizon Focus,Void Staff,Ionian Boots of Lucidity,Liandry's Torment,Blackfire Torch,Dark Seal,Farsight Alteration,Umbral Glaive,Synchronized Souls,Bloodsong,No_Item,Edge of Night,No_Item,Oracle Lens,Sundered Sky,Pickaxe,Boots of Swiftness,Tunneler,Trinity Force,Doran's Shield,Stealth Ward,Shadowflame,Liandry's Torment,Mejai's Soulstealer,Amplifying Tome,Sorcerer's Shoes,Amplifying Tome,Oracle Lens,Hollow Radiance,Plated Steelcaps,Riftmaker,Amplifying Tome,Dark Seal,No_Item,Farsight Alteration,No_Item,Muramana,Youmuu's Ghostblade,Hubris,Doran's Blade,Boots of Swiftness,Farsight Alteration,Celestial Opposition,Chain Vest,Locket of the Iron Solari,Plated Steelcaps,Kindlegem,Control Ward,Oracle Lens,Phase Rush,Resolve,Conqueror,Inspiration,Lethal Tempo,Resolve,Arcane Comet,Precision,Hail of Blades,Resolve,Grasp of the Undying,Sorcery,Dark Harvest,Inspiration,Aftershock,Inspiration,Arcane Comet,Inspiration,Guardian,Inspiration,Flash,Cleanse,Smite,Flash,Flash,Teleport,Flash,Teleport,Ignite,Flash,Teleport,Flash,Flash,Smite,Teleport,Flash,Flash,Teleport,Flash,Heal,1,0,1,0,6,0
https://www.op.gg/summoners/euw/Hannover-EUW/matches/uRd1PvnOddokU4TIOn_tyiIMXJlw5eoszOaO_fPBJbE%3D/1733247763000,0,30,47,47,30,54,33,75,69,18,32,0,4,0,1,3,6,0,5,52592,63682,13.6,15.0,797,836,29.8,31.3,-11090,11090,1961.057627118644,2374.5830508474573,Aurora,Ambessa,Akali,Ezreal,Pyke,Vladimir,Elise,Akshan,Ashe,Sylas,Shadowflame,Seeker's Armguard,Dark Seal,Luden's Companion,Ionian Boots of Lucidity,Verdant Barrier,Stealth Ward,Maw of Malmortius,Spear of Shojin,Eclipse,Ionian Boots of Lucidity,Long Sword,Long Sword,Oracle Lens,Rabadon's Deathcap,Shadowflame,Hextech Rocketbelt,No_Item,Sorcerer's Shoes,No_Item,Oracle Lens,Muramana,Spear of Shojin,Doran's Blade,Trinity Force,Long Sword,Ionian Boots of Lucidity,Farsight Alteration,Umbral Glaive,Synchronized Souls,Celestial Opposition,Control Ward,Edge of Night,No_Item,Oracle Lens,Shadowflame,Control Ward,Stormsurge,Dark Seal,Ionian Boots of Lucidity,Amplifying Tome,Farsight Alteration,Needlessly Large Rod,Stormsurge,Needlessly Large Rod,Shadowflame,Dark Seal,Sorcerer's Shoes,Oracle Lens,No_Item,Boots of Swiftness,Immortal Shieldbow,Infinity Edge,The Collector,Statikk Shiv,Farsight Alteration,Maw of Malmortius,Berserker's Greaves,Phantom Dancer,Kraken Slayer,B. F. Sword,Pickaxe,Farsight Alteration,Boots,Hextech Rocketbelt,Celestial Opposition,Mejai's Soulstealer,Zhonya's Hourglass,Cosmic Drive,Oracle Lens,Electrocute,Precision,Conqueror,Inspiration,Electrocute,Resolve,Conqueror,Inspiration,Hail of Blades,Resolve,Phase Rush,Resolve,Dark Harvest,Precision,Press the Attack,Resolve,Lethal Tempo,Inspiration,Electrocute,Resolve,Teleport,Flash,Flash,Smite,Flash,Teleport,Flash,Barrier,Ignite,Flash,Flash,Ghost,Flash,Smite,Flash,Ignite,Barrier,Flash,Flash,Ignite,1,6,0,0,0,0
https://www.op.gg/summoners/euw/Hannover-EUW/matches/uRd1PvnOddpHUfFPvppCUaPE4OSHImZ4kHvpUWzUzZE%3D/1733241531000,0,36,35,35,36,46,65,88,90,37,44,1,4,0,2,6,10,1,6,69627,78886,16.4,17.4,1020,1223,27.8,33.4,-9259,9259,1896.9585139318885,2149.2160990712073,Gragas,Master Yi,Ahri,Xayah,Rakan,Yone,Rengar,Akali,Smolder,Bard,Cosmic Drive,Hextech Rocketbelt,Zhonya's Hourglass,Fimbulwinter,Null-Magic Mantle,Plated Steelcaps,Oracle Lens,Guinsoo's Rageblade,Kraken Slayer,Titanic Hydra,Berserker's Greaves,Death's Dance,No_Item,Oracle Lens,Needlessly Large Rod,Zhonya's Hourglass,Horizon Focus,Needlessly Large Rod,Sorcerer's Shoes,Malignance,Oracle Lens,Navori Flickerblade,Infinity Edge,Berserker's Greaves,The Collector,Immortal Shieldbow,Steel Sigil,Farsight Alteration,Locket of the Iron Solari,Redemption,Celestial Opposition,Kindlegem,Ionian Boots of Lucidity,Watchful Wardstone,Oracle Lens,Blade of The Ruined King,Stridebreaker,Seeker's Armguard,Immortal Shieldbow,Infinity Edge,Berserker's Greaves,Farsight Alteration,Serrated Dirk,Profane Hydra,Youmuu's Ghostblade,Edge of Night,Lord Dominik's Regards,Ionian Boots of Lucidity,Oracle Lens,Rabadon's Deathcap,Banshee's Veil,Mejai's Soulstealer,Stormsurge,Mercury's Treads,Shadowflame,Oracle Lens,Rapid Firecannon,Hubris,Mortal Reminder,Spear of Shojin,Vampiric Scepter,Boots of Swiftness,Farsight Alteration,Locket of the Iron Solari,Redemption,Bloodsong,Warden's Mail,Boots of Swiftness,Kindlegem,Oracle Lens,Grasp of the Undying,Sorcery,Lethal Tempo,Domination,Electrocute,Sorcery,Lethal Tempo,Domination,Guardian,Domination,Lethal Tempo,Resolve,Conqueror,Domination,Electrocute,Sorcery,Arcane Comet,Inspiration,Guardian,Domination,Teleport,Flash,Flash,Smite,Flash,Teleport,Flash,Exhaust,Flash,Ignite,Teleport,Flash,Flash,Smite,Ignite,Flash,Flash,Barrier,Exhaust,Flash,1,6,2,0,0,1
https://www.op.gg/summoners/euw/Hannover-EUW/matches/uRd1PvnOddqVMhrYx5cnMvDSMOh9Lzq-a2PKzgR14o8%3D/1733238483000,0,39,41,41,40,65,66,108,82,36,43,2,4,2,0,7,9,4,4,79747,79788,17.4,17.2,1084,1158,27.9,29.7,-41,41,2055.5903726708075,2056.647204968944,Malphite,Elise,Zed,Ashe,Lulu,Jayce,Karthus,Tahm Kench,Talon,Senna,Locket of the Iron Solari,Knight's Vow,Redemption,Plated Steelcaps,No_Item,Thornmail,Oracle Lens,Liandry's Torment,Shadowflame,Rabadon's Deathcap,Sorcerer's Shoes,Stormsurge,Blighting Jewel,Oracle Lens,Serylda's Grudge,Maw of Malmortius,Ionian Boots of Lucidity,Opportunity,Eclipse,Edge of Night,Oracle Lens,Bloodthirster,Kraken Slayer,Mortal Reminder,Infinity Edge,Berserker's Greaves,Phantom Dancer,Farsight Alteration,Redemption,Dream Maker,Locket of the Iron Solari,Watchful Wardstone,Moonstone Renewer,Ionian Boots of Lucidity,Oracle Lens,Youmuu's Ghostblade,Shattered Armguard,Mercury's Treads,Muramana,Serylda's Grudge,Maw of Malmortius,Oracle Lens,Blackfire Torch,Shattered Armguard,Shadowflame,Rabadon's Deathcap,Liandry's Torment,Sorcerer's Shoes,Oracle Lens,Randuin's Omen,Heartsteel,Plated Steelcaps,No_Item,Spirit Visage,Bramble Vest,Farsight Alteration,Edge of Night,Youmuu's Ghostblade,Profane Hydra,Serpent's Fang,Synchronized Souls,Serylda's Grudge,Oracle Lens,Bloodsong,Rapid Firecannon,Youmuu's Ghostblade,Boots of Swiftness,Serrated Dirk,Black Cleaver,Oracle Lens,Arcane Comet,Resolve,Dark Harvest,Precision,Electrocute,Precision,Lethal Tempo,Inspiration,Summon Aery,Resolve,Conqueror,Inspiration,Dark Harvest,Precision,Grasp of the Undying,Inspiration,Electrocute,Sorcery,Grasp of the Undying,Precision,Flash,Teleport,Flash,Smite,Teleport,Flash,Flash,Barrier,Heal,Flash,Flash,Teleport,Smite,Flash,Teleport,Flash,Ignite,Flash,Flash,Heal,1,1,0,0,5,2
https://www.op.gg/summoners/euw/Hannover-EUW/matches/uRd1PvnOddo7irxIYDikNJ1hMi6UQx7n3hoyEe57Ck0%3D/1733235434000,1,25,22,22,25,37,42,56,46,8,19,1,1,0,1,10,1,1,2,55103,47105,13.4,13.0,832,701,33.699999999999996,28.3,7998,-7998,2229.749302325581,1906.1093023255812,Aatrox,Viego,Aurora,Ashe,Seraphine,Rengar,Talon,Annie,Kai'Sa,Lulu,Caulfield's Warhammer,Mercury's Treads,Steel Sigil,Voltaic Cyclosword,Spear of Shojin,Serylda's Grudge,Oracle Lens,Sundered Sky,Kraken Slayer,Black Cleaver,Cloth Armor,Control Ward,Mercury's Treads,Oracle Lens,Doran's Ring,Needlessly Large Rod,Cosmic Drive,Shattered Armguard,Malignance,Sorcerer's Shoes,Farsight Alteration,Doran's Blade,Yun Tal Wildarrows,Infinity Edge,Zeal,Berserker's Greaves,No_Item,Farsight Alteration,Redemption,Echoes of Helia,Dream Maker,No_Item,Ionian Boots of Lucidity,Kindlegem,Oracle Lens,Doran's Blade,Ravenous Hydra,Serpent's Fang,Ionian Boots of Lucidity,Rectrix,Serrated Dirk,Oracle Lens,Serpent's Fang,Youmuu's Ghostblade,Long Sword,Opportunity,Slightly Magical Footwear,Pickaxe,Oracle Lens,Doran's Ring,Dark Seal,No_Item,Malignance,Sorcerer's Shoes,Rylai's Crystal Scepter,Oracle Lens,Doran's Blade,Berserker's Greaves,Statikk Shiv,Amplifying Tome,Guinsoo's Rageblade,Nashor's Tooth,Farsight Alteration,Dream Maker,Redemption,Forbidden Idol,Ionian Boots of Lucidity,Moonstone Renewer,No_Item,Oracle Lens,Conqueror,Resolve,Conqueror,Inspiration,Arcane Comet,Domination,Hail of Blades,Inspiration,Guardian,Sorcery,Fleet Footwork,Resolve,Hail of Blades,Inspiration,Summon Aery,Inspiration,Press the Attack,Inspiration,Summon Aery,Inspiration,Teleport,Flash,Smite,Flash,Flash,Teleport,Flash,Barrier,Heal,Flash,Flash,Ignite,Ignite,Smite,Flash,Teleport,Flash,Cleanse,Heal,Flash,1,6,1,0,0,0
https://www.op.gg/summoners/euw/Hannover-EUW/matches/uRd1PvnOddqaDTjUpDHeBhKGy3nPZo0eTXfHaY-lkF8%3D/1733233236000,0,9,31,31,9,60,15,74,72,26,20,0,3,0,1,3,8,0,4,37760,49822,11.2,13.2,652,728,29.0,32.3,-12062,12062,1671.8167938931297,2205.8595419847325,Aatrox,Skarner,Akali,Ashe,Bard,Renekton,Udyr,Aurora,Jinx,Pyke,Black Cleaver,Sundered Sky,Plated Steelcaps,No_Item,No_Item,No_Item,Oracle Lens,Heartsteel,Thornmail,Cloth Armor,No_Item,No_Item,Plated Steelcaps,Oracle Lens,Doran's Ring,Needlessly Large Rod,Stormsurge,Shadowflame,Dark Seal,Boots,Oracle Lens,Doran's Blade,Refillable Potion,Kraken Slayer,Berserker's Greaves,Dagger,Dagger,Stealth Ward,Bloodsong,No_Item,No_Item,Heartsteel,Ruby Crystal,Boots of Swiftness,Oracle Lens,Doran's Shield,Control Ward,Plated Steelcaps,Black Cleaver,Tunneler,Ruby Crystal,Farsight Alteration,Dead Man's Plate,Dark Seal,Boots of Swiftness,Liandry's Torment,Fiendish Codex,No_Item,Oracle Lens,Doran's Ring,Refillable Potion,Control Ward,Mercury's Treads,Liandry's Torment,Malignance,Farsight Alteration,Doran's Blade,Yun Tal Wildarrows,Berserker's Greaves,Runaan's Hurricane,Infinity Edge,Cloak of Agility,Farsight Alteration,Youmuu's Ghostblade,Synchronized Souls,Bloodsong,No_Item,Serrated Dirk,Umbral Glaive,Oracle Lens,Conqueror,Resolve,Aftershock,Inspiration,Electrocute,Resolve,Lethal Tempo,Inspiration,Guardian,Domination,Conqueror,Resolve,Conqueror,Resolve,Electrocute,Sorcery,Lethal Tempo,Sorcery,Hail of Blades,Resolve,Flash,Teleport,Smite,Flash,Ignite,Flash,Flash,Barrier,Flash,Exhaust,Flash,Teleport,Flash,Smite,Flash,Teleport,Flash,Cleanse,Ignite,Flash,1,3,0,0,3,1
https://www.op.gg/summoners/euw/Hannover-EUW/matches/uRd1PvnOddrOOHZW1n20tKXezTbEFdNLSE62nnEoF4s%3D/1733229764000,0,10,21,21,10,35,13,54,47,7,12,0,2,0,1,0,5,0,3,36517,46704,11.4,13.2,661,711,29.1,31.4,-10187,10187,1604.887261146497,2052.596178343949,Riven,Ivern,Zed,Karthus,Leona,Karma,Talon,Galio,Jhin,Thresh,Tunneler,Doran's Shield,Eclipse,Ionian Boots of Lucidity,Caulfield's Warhammer,No_Item,Farsight Alteration,Redemption,Moonstone Renewer,Dark Seal,Ionian Boots of Lucidity,Forbidden Idol,Faerie Charm,Oracle Lens,Refillable Potion,Eclipse,Serpent's Fang,Ionian Boots of Lucidity,Pickaxe,Serrated Dirk,Stealth Ward,Doran's Ring,Blackfire Torch,Boots,Liandry's Torment,Dark Seal,No_Item,Stealth Ward,Trailblazer,Plated Steelcaps,Bloodsong,Control Ward,Cloth Armor,Kindlegem,Oracle Lens,Horizon Focus,Haunting Guise,No_Item,Doran's Ring,Ionian Boots of Lucidity,Malignance,Stealth Ward,Serpent's Fang,Youmuu's Ghostblade,Eclipse,No_Item,No_Item,Slightly Magical Footwear,Oracle Lens,Doran's Ring,Rod of Ages,Mercury's Treads,Mejai's Soulstealer,Unending Despair,Ruby Crystal,Farsight Alteration,Doran's Blade,The Collector,B. F. Sword,Pickaxe,Mercury's Treads,Hubris,Farsight Alteration,Celestial Opposition,Locket of the Iron Solari,Kindlegem,Forbidden Idol,Mercury's Treads,Control Ward,Oracle Lens,Conqueror,Resolve,Summon Aery,Inspiration,Electrocute,Precision,Dark Harvest,Precision,Aftershock,Domination,Summon Aery,Domination,Conqueror,Inspiration,Aftershock,Inspiration,Dark Harvest,Sorcery,Aftershock,Inspiration,Teleport,Flash,Smite,Flash,Teleport,Flash,Flash,Exhaust,Ignite,Flash,Flash,Teleport,Ignite,Smite,Flash,Teleport,Flash,Cleanse,Ignite,Flash,0,3,0,1,3,0
https://www.op.gg/summoners/euw/Hannover-EUW/matches/uRd1PvnOddoBOB-Lrjz3lBIHWTQxHuQy1mFUhRTLtKg%3D/1733227661000,0,47,43,43,47,54,72,177,107,41,75,2,3,1,2,5,11,3,5,87635,90280,17.4,17.4,1265,1298,29.7,30.4,-2645,2645,2065.283439490446,2127.6178343949045,Ekko,Lee Sin,Lissandra,Jhin,Pyke,Renekton,Elise,Syndra,Jinx,Tahm Kench,Rabadon's Deathcap,Hextech Rocketbelt,Banshee's Veil,Nashor's Tooth,Mercury's Treads,Void Staff,Oracle Lens,Sundered Sky,Eclipse,No_Item,Abyssal Mask,Sterak's Gage,Mercury's Treads,Stealth Ward,Void Staff,Luden's Companion,Zhonya's Hourglass,Banshee's Veil,Needlessly Large Rod,Sorcerer's Shoes,Farsight Alteration,Infinity Edge,Bloodthirster,Mortal Reminder,Hubris,Zephyr,The Collector,Farsight Alteration,Umbral Glaive,Synchronized Souls,Celestial Opposition,Hexdrinker,Serpent's Fang,Edge of Night,Oracle Lens,Randuin's Omen,Stridebreaker,Sterak's Gage,Death's Dance,Abyssal Mask,Mercury's Treads,Oracle Lens,Void Staff,Stormsurge,Sorcerer's Shoes,Liandry's Torment,Rabadon's Deathcap,Shadowflame,Oracle Lens,Mejai's Soulstealer,Stormsurge,Zhonya's Hourglass,Void Staff,Luden's Companion,Rabadon's Deathcap,Farsight Alteration,Infinity Edge,Yun Tal Wildarrows,The Collector,Lord Dominik's Regards,B. F. Sword,Berserker's Greaves,Farsight Alteration,Redemption,Locket of the Iron Solari,Solstice Sleigh,Plated Steelcaps,Negatron Cloak,Knight's Vow,Oracle Lens,Electrocute,Sorcery,Conqueror,Inspiration,Arcane Comet,Domination,Dark Harvest,Precision,Hail of Blades,Resolve,Conqueror,Resolve,Dark Harvest,Precision,First Strike,Sorcery,Lethal Tempo,Sorcery,Grasp of the Undying,Inspiration,Teleport,Flash,Flash,Smite,Flash,Teleport,Flash,Barrier,Ignite,Flash,Teleport,Flash,Flash,Smite,Flash,Teleport,Flash,Barrier,Ignite,Flash,0,5,0,1,1,5
https://www.op.gg/summoners/euw/Hannover-EUW/matches/uRd1PvnOddrg5iccgBsKdMD3RaLOY-OA49LtSSUIOgs%3D/1733155474000,1,37,30,31,37,38,48,95,82,31,27,3,2,1,0,9,3,4,2,70540,58928,16.4,15.0,997,880,30.4,27.0,11612,-11612,2141.902834008097,1789.3117408906885,Jayce,Viego,Syndra,Tahm Kench,Pyke,Vladimir,Udyr,Yone,Xayah,Nami,Ionian Boots of Lucidity,Executioner's Calling,Serpent's Fang,Serylda's Grudge,Muramana,Maw of Malmortius,Oracle Lens,Titanic Hydra,Kraken Slayer,Boots of Swiftness,Sundered Sky,Black Cleaver,Recurve Bow,Oracle Lens,Seraph's Embrace,Ionian Boots of Lucidity,Rabadon's Deathcap,Void Staff,Fiendish Codex,Liandry's Torment,Farsight Alteration,Heartsteel,Control Ward,No_Item,Plated Steelcaps,Null-Magic Mantle,Unending Despair,Farsight Alteration,Youmuu's Ghostblade,Umbral Glaive,Bloodsong,Serrated Dirk,Synchronized Souls,Serpent's Fang,Oracle Lens,Void Staff,Needlessly Large Rod,Needlessly Large Rod,Dark Seal,Cosmic Drive,Sorcerer's Shoes,Farsight Alteration,Unending Despair,Liandry's Torment,Spirit Visage,Mejai's Soulstealer,"Jak'Sho, The Protean",Plated Steelcaps,Farsight Alteration,Stridebreaker,Refillable Potion,Berserker's Greaves,Blade of The Ruined King,Noonquiver,Pickaxe,Stealth Ward,Essence Reaver,Navori Flickerblade,Mortal Reminder,Pickaxe,Cloak of Agility,Berserker's Greaves,Farsight Alteration,Aether Wisp,Oblivion Orb,Dream Maker,Imperial Mandate,Staff of Flowing Water,Ionian Boots of Lucidity,Oracle Lens,Conqueror,Inspiration,Conqueror,Inspiration,First Strike,Sorcery,Grasp of the Undying,Inspiration,Hail of Blades,Resolve,Phase Rush,Precision,Conqueror,Inspiration,Fleet Footwork,Resolve,Lethal Tempo,Inspiration,Summon Aery,Domination,Flash,Teleport,Flash,Smite,Teleport,Flash,Teleport,Flash,Ignite,Flash,Flash,Ghost,Flash,Smite,Teleport,Flash,Flash,Barrier,Heal,Flash,1,3,1,0,3,0
https://www.op.gg/summoners/euw/Hannover-EUW/matches/uRd1PvnOddqljVaT9dscVUfcIpT_NBWi6BMnfIwORcc%3D/1733152429000,0,17,37,37,17,51,26,71,66,15,23,0,3,0,1,2,11,0,4,44000,58506,12.6,14.0,681,768,28.099999999999998,31.6,-14506,14506,1820.689655172414,2420.937931034483,Garen,Lee Sin,Kayle,Seraphine,Rell,Qiyana,Nocturne,Gnar,Corki,Pyke,Stridebreaker,Phantom Dancer,Ruby Crystal,Plated Steelcaps,Cloth Armor,No_Item,Stealth Ward,Eclipse,Sundered Sky,Control Ward,Plated Steelcaps,Steel Sigil,Caulfield's Warhammer,Stealth Ward,Doran's Blade,Nashor's Tooth,Cull,Boots of Swiftness,Rabadon's Deathcap,Aether Wisp,Farsight Alteration,Doran's Ring,Seraph's Embrace,Moonstone Renewer,No_Item,Plated Steelcaps,No_Item,Farsight Alteration,Plated Steelcaps,Frozen Heart,Control Ward,Celestial Opposition,Kindlegem,Cloth Armor,Oracle Lens,Serpent's Fang,Profane Hydra,Serylda's Grudge,Ionian Boots of Lucidity,Serrated Dirk,Tunneler,Oracle Lens,Control Ward,Eclipse,Ionian Boots of Lucidity,Black Cleaver,Executioner's Calling,Tunneler,Oracle Lens,Trinity Force,Boots of Swiftness,Sterak's Gage,Null-Magic Mantle,Black Cleaver,Ruby Crystal,Farsight Alteration,Doran's Blade,No_Item,Last Whisper,Trinity Force,Muramana,Mercury's Treads,Farsight Alteration,Youmuu's Ghostblade,Synchronized Souls,Bloodsong,Control Ward,Umbral Glaive,Serrated Dirk,Oracle Lens,Phase Rush,Resolve,Conqueror,Inspiration,Press the Attack,Sorcery,Summon Aery,Precision,Aftershock,Inspiration,Electrocute,Precision,Conqueror,Domination,Grasp of the Undying,Precision,Conqueror,Inspiration,Hail of Blades,Resolve,Flash,Ignite,Smite,Flash,Flash,Teleport,Flash,Teleport,Flash,Ignite,Flash,Ignite,Smite,Flash,Flash,Teleport,Barrier,Flash,Ignite,Flash,0,0,0,1,6,3
https://www.op.gg/summoners/euw/Hannover-EUW/matches/uRd1PvnOddrS_JGblvMOWoYDN1PlxzrvC88h516xgnc%3D/1733150389000,0,6,18,18,6,19,6,29,42,12,6,0,0,0,0,0,5,0,0,23154,34930,8.2,10.0,371,494,24.3,32.3,-11776,11776,1512.4790322580645,2281.717741935484,Yone,Graves,Taliyah,Jhin,Leona,Renekton,Nidalee,Syndra,Ashe,Pyke,Refillable Potion,Vampiric Scepter,Doran's Blade,Recurve Bow,Boots,Pickaxe,Stealth Ward,Youmuu's Ghostblade,Scorchclaw Pup,Boots,Serrated Dirk,Cloak of Agility,No_Item,Stealth Ward,Doran's Ring,Amplifying Tome,No_Item,Fiendish Codex,Tear of the Goddess,Mercury's Treads,Stealth Ward,Refillable Potion,Boots of Swiftness,The Collector,No_Item,No_Item,Doran's Blade,Stealth Ward,Celestial Opposition,Refillable Potion,Cloth Armor,Plated Steelcaps,Kindlegem,Control Ward,Oracle Lens,Doran's Shield,Eclipse,Plated Steelcaps,Pickaxe,Tunneler,Ruby Crystal,Oracle Lens,Liandry's Torment,Amplifying Tome,No_Item,Boots,Scorchclaw Pup,No_Item,Oracle Lens,Luden's Companion,Control Ward,Horizon Focus,Doran's Ring,Slightly Magical Footwear,Dark Seal,Farsight Alteration,Refillable Potion,Yun Tal Wildarrows,Berserker's Greaves,Zeal,Doran's Blade,No_Item,Stealth Ward,Umbral Glaive,Synchronized Souls,Bloodsong,Serrated Dirk,Rectrix,Long Sword,Oracle Lens,Lethal Tempo,Resolve,Dark Harvest,Precision,Phase Rush,Precision,Dark Harvest,Precision,Aftershock,Inspiration,Conqueror,Resolve,Conqueror,Sorcery,Arcane Comet,Inspiration,Lethal Tempo,Inspiration,Hail of Blades,Resolve,Flash,Teleport,Smite,Flash,Flash,Teleport,Flash,Barrier,Flash,Ignite,Flash,Teleport,Flash,Smite,Flash,Teleport,Flash,Cleanse,Ignite,Flash,0,0,0,0,6,0
https://www.op.gg/summoners/euw/Hannover-EUW/matches/uRd1PvnOddoE8ert7P-bNSa9XPqgL2NkPTvLzPpY1N4%3D/1733148303000,0,12,31,31,13,47,30,44,46,12,13,0,3,0,0,0,5,0,3,32688,44408,10.0,11.4,491,623,25.2,31.900000000000002,-11720,11720,1683.9272727272726,2287.6848484848483,Renekton,Skarner,Ahri,Samira,Rell,Kled,Master Yi,Cassiopeia,Corki,Leona,Doran's Blade,Long Sword,Black Cleaver,Ruby Crystal,Plated Steelcaps,No_Item,Stealth Ward,Gustwalker Hatchling,Heartsteel,Plated Steelcaps,Ruby Crystal,Ruby Crystal,No_Item,Stealth Ward,Doran's Ring,Malignance,Amplifying Tome,Sorcerer's Shoes,Fiendish Codex,Fiendish Codex,Farsight Alteration,Boots,Hubris,The Collector,Doran's Blade,No_Item,No_Item,Farsight Alteration,Zeke's Convergence,Boots of Swiftness,Bloodsong,Kindlegem,Chain Vest,No_Item,Oracle Lens,Tiamat,Black Cleaver,Doran's Shield,Plated Steelcaps,Tunneler,Cloth Armor,Farsight Alteration,No_Item,Blade of The Ruined King,Guinsoo's Rageblade,Boots,No_Item,No_Item,Oracle Lens,Seraph's Embrace,Rylai's Crystal Scepter,Seeker's Armguard,Liandry's Torment,No_Item,No_Item,Farsight Alteration,Muramana,Trinity Force,Doran's Blade,Mercury's Treads,Last Whisper,Cloak of Agility,Farsight Alteration,Celestial Opposition,Locket of the Iron Solari,Refillable Potion,Control Ward,Kindlegem,Plated Steelcaps,Oracle Lens,Conqueror,Resolve,Grasp of the Undying,Inspiration,Electrocute,Sorcery,Conqueror,Sorcery,Aftershock,Inspiration,Conqueror,Resolve,Lethal Tempo,Domination,Conqueror,Sorcery,Conqueror,Inspiration,Aftershock,Inspiration,Flash,Teleport,Flash,Smite,Flash,Teleport,Flash,Cleanse,Ignite,Flash,Flash,Ignite,Flash,Smite,Flash,Teleport,Flash,Cleanse,Flash,Ignite,1,5,0,0,1,0
https://www.op.gg/summoners/euw/Hannover-EUW/matches/uRd1PvnOddoSY5oi5uJBHSSaaspw54NVFRTfwu9VLr0%3D/1733146444000,1,53,21,21,53,24,83,69,52,15,17,2,1,1,0,10,2,3,1,62791,45105,14.6,12.6,748,667,30.0,26.8,17686,-17686,2518.5401098901098,1809.1565934065932,Kled,Viego,Diana,Swain,Pyke,Ambessa,Master Yi,Sylas,Ashe,Braum,Profane Hydra,Opportunity,Doran's Blade,Eclipse,Ionian Boots of Lucidity,Steel Sigil,Stealth Ward,No_Item,Sundered Sky,Trinity Force,Sterak's Gage,Plated Steelcaps,Long Sword,Oracle Lens,Doran's Ring,Lich Bane,Zhonya's Hourglass,Sorcerer's Shoes,Dark Seal,Needlessly Large Rod,Farsight Alteration,Doran's Ring,Blackfire Torch,Sorcerer's Shoes,Zhonya's Hourglass,Cosmic Drive,Mejai's Soulstealer,Farsight Alteration,Youmuu's Ghostblade,Synchronized Souls,Bloodsong,Serrated Dirk,Tunneler,Umbral Glaive,Oracle Lens,Doran's Shield,Opportunity,Long Sword,Spear of Shojin,Plated Steelcaps,No_Item,Stealth Ward,Rectrix,Guinsoo's Rageblade,Blade of The Ruined King,Boots,Recurve Bow,Dagger,Stealth Ward,Hextech Rocketbelt,Void Staff,Mercury's Treads,No_Item,Cosmic Drive,Dark Seal,Oracle Lens,Phantom Dancer,No_Item,No_Item,Berserker's Greaves,Wit's End,Kraken Slayer,Farsight Alteration,Celestial Opposition,Locket of the Iron Solari,Ruby Crystal,Plated Steelcaps,Chain Vest,Glowing Mote,Oracle Lens,Conqueror,Resolve,Conqueror,Inspiration,Electrocute,Resolve,Conqueror,Resolve,Hail of Blades,Resolve,Grasp of the Undying,Domination,Lethal Tempo,Domination,Conqueror,Resolve,Lethal Tempo,Inspiration,Guardian,Inspiration,Flash,Teleport,Flash,Smite,Flash,Ignite,Flash,Exhaust,Ignite,Flash,Flash,Teleport,Flash,Smite,Flash,Exhaust,Flash,Cleanse,Ignite,Flash,1,0,2,0,3,0
https://www.op.gg/summoners/euw/Hannover-EUW/matches/uRd1PvnOddq3Dv6zTcJHE5iVccbFbpw4fNvWhPspTTE%3D/1733144486000,1,47,18,18,47,18,82,67,53,4,14,2,1,1,0,10,3,3,1,58164,44582,14.6,12.6,703,727,28.6,29.6,13582,-13582,2355.1067484662576,1805.1607361963188,Jax,Evelynn,Orianna,Smolder,Poppy,Kennen,Udyr,Yone,Yasuo,Taric,Sundered Sky,Stridebreaker,No_Item,Trinity Force,Mercury's Treads,No_Item,Stealth Ward,Rabadon's Deathcap,Lich Bane,No_Item,Blighting Jewel,Sorcerer's Shoes,Mejai's Soulstealer,Farsight Alteration,Doran's Ring,Void Staff,Seraph's Embrace,Ionian Boots of Lucidity,Liandry's Torment,Dark Seal,Farsight Alteration,Doran's Blade,Hubris,Rapid Firecannon,Lord Dominik's Regards,Ionian Boots of Lucidity,No_Item,Farsight Alteration,Bloodsong,Control Ward,Dead Man's Plate,Abyssal Mask,Boots of Swiftness,Serrated Dirk,Oracle Lens,Needlessly Large Rod,Liandry's Torment,No_Item,Hextech Alternator,Sorcerer's Shoes,No_Item,Stealth Ward,Liandry's Torment,Unending Despair,Spectre's Cowl,Dark Seal,Ruby Crystal,Mercury's Treads,Stealth Ward,Blade of The Ruined King,Immortal Shieldbow,Cloak of Agility,No_Item,No_Item,Berserker's Greaves,Oracle Lens,Tiamat,Blade of The Ruined King,Phage,Doran's Shield,Immortal Shieldbow,Berserker's Greaves,Farsight Alteration,Fimbulwinter,Plated Steelcaps,Bloodsong,Spirit Visage,Warden's Mail,No_Item,Oracle Lens,Grasp of the Undying,Sorcery,Electrocute,Inspiration,Conqueror,Sorcery,Arcane Comet,Inspiration,Hail of Blades,Inspiration,Summon Aery,Resolve,Conqueror,Inspiration,Lethal Tempo,Resolve,Grasp of the Undying,Precision,Guardian,Precision,Teleport,Flash,Flash,Smite,Teleport,Flash,Flash,Teleport,Flash,Ignite,Teleport,Flash,Flash,Smite,Flash,Teleport,Flash,Exhaust,Heal,Flash,1,6,2,0,0,0
https://www.op.gg/summoners/euw/Hannover-EUW/matches/uRd1PvnOddp7GT1vStPh4Lyr1D5BFe08jZ2DqOnonSU%3D/1733142440000,0,28,35,35,28,64,41,74,64,25,26,0,4,0,1,3,10,0,5,57333,69379,14.8,16.4,874,1023,27.2,31.8,-12046,12046,1793.8546012269937,2170.753987730061,Urgot,Kha'Zix,Aurora,Ziggs,Nautilus,Karma,Hecarim,Zed,Jhin,Leona,Serpent's Fang,Stridebreaker,Spear of Shojin,Tunneler,Pickaxe,Boots of Swiftness,Oracle Lens,Youmuu's Ghostblade,Edge of Night,Plated Steelcaps,Long Sword,Long Sword,Eclipse,Oracle Lens,Morellonomicon,Cosmic Drive,No_Item,Liandry's Torment,Sorcerer's Shoes,No_Item,Oracle Lens,Rabadon's Deathcap,Luden's Companion,Zhonya's Hourglass,Sorcerer's Shoes,No_Item,No_Item,Farsight Alteration,Control Ward,Locket of the Iron Solari,Celestial Opposition,Knight's Vow,Plated Steelcaps,Warden's Mail,Oracle Lens,Redemption,Runic Compass,Fimbulwinter,Mejai's Soulstealer,Malignance,Ionian Boots of Lucidity,Oracle Lens,Mercury's Treads,Eclipse,Black Cleaver,Maw of Malmortius,Zeke's Convergence,Steel Sigil,Oracle Lens,Edge of Night,Eclipse,Ionian Boots of Lucidity,Opportunity,Serylda's Grudge,The Brutalizer,Oracle Lens,Boots of Swiftness,Statikk Shiv,Rapid Firecannon,Infinity Edge,Lord Dominik's Regards,Vampiric Scepter,Farsight Alteration,Locket of the Iron Solari,Boots of Swiftness,Solstice Sleigh,Spectre's Cowl,Negatron Cloak,Trailblazer,Oracle Lens,Phase Rush,Resolve,Conqueror,Inspiration,Grasp of the Undying,Sorcery,Arcane Comet,Precision,Aftershock,Inspiration,Grasp of the Undying,Sorcery,Phase Rush,Precision,Electrocute,Precision,Fleet Footwork,Sorcery,Aftershock,Inspiration,Teleport,Flash,Flash,Smite,Flash,Teleport,Flash,Teleport,Flash,Ignite,Flash,Teleport,Ghost,Smite,Teleport,Flash,Flash,Barrier,Ignite,Flash,0,2,0,1,4,1
https://www.op.gg/summoners/euw/Hannover-EUW/matches/uRd1PvnOddq6C3V-gspUbaO-_9GrAyVnIamoLDbQR5U%3D/1733138969000,1,39,14,14,39,31,72,88,73,30,25,4,0,0,1,10,3,4,1,61936,52745,15.0,14.4,906,907,30.599999999999998,30.8,9191,-9191,2102.2072992700732,1790.25,Rumble,Ivern,Yone,Jinx,Thresh,Aurora,Vi,Anivia,Corki,Rell,"Jak'Sho, The Protean",Liandry's Torment,Mercury's Treads,Riftmaker,Ruby Crystal,No_Item,Farsight Alteration,Redemption,Dawncore,No_Item,Mejai's Soulstealer,Moonstone Renewer,Ionian Boots of Lucidity,Oracle Lens,Wit's End,Berserker's Greaves,Blade of The Ruined King,Cloak of Agility,Immortal Shieldbow,Doran's Shield,Farsight Alteration,Infinity Edge,Kraken Slayer,Phantom Dancer,Berserker's Greaves,Lord Dominik's Regards,Zeal,Farsight Alteration,Knight's Vow,Locket of the Iron Solari,Boots of Swiftness,Solstice Sleigh,Control Ward,Kindlegem,Oracle Lens,Rabadon's Deathcap,Oblivion Orb,Luden's Companion,Shadowflame,Sorcerer's Shoes,Blighting Jewel,Oracle Lens,Black Cleaver,Sundered Sky,Sterak's Gage,Plated Steelcaps,No_Item,No_Item,Oracle Lens,Seraph's Embrace,Liandry's Torment,Rod of Ages,Boots of Swiftness,Amplifying Tome,Amplifying Tome,Farsight Alteration,Muramana,Doran's Blade,Trinity Force,Slightly Magical Footwear,Scout's Slingshot,Zeal,Farsight Alteration,Trailblazer,Ionian Boots of Lucidity,Celestial Opposition,Knight's Vow,No_Item,No_Item,Oracle Lens,Arcane Comet,Resolve,Summon Aery,Inspiration,Lethal Tempo,Resolve,Lethal Tempo,Inspiration,Glacial Augment,Domination,Electrocute,Sorcery,Conqueror,Inspiration,Electrocute,Precision,Conqueror,Inspiration,Aftershock,Inspiration,Teleport,Flash,Smite,Flash,Flash,Teleport,Flash,Barrier,Ignite,Flash,Flash,Teleport,Smite,Flash,Flash,Teleport,Flash,Barrier,Ignite,Flash,1,2,2,0,4,0
https://www.op.gg/summoners/euw/Hannover-EUW/matches/uRd1PvnOddrLaGu2nm-8UkGBVgnJ_mWXkAuJDyJl2-Y%3D/1733136705000,0,21,37,37,22,49,22,61,71,18,20,2,1,0,1,5,10,2,2,54022,62761,14.0,15.4,844,892,29.5,31.1,-8739,8739,1869.9923076923076,2172.496153846154,Tahm Kench,Bel'Veth,Jayce,Fizz,Vel'Koz,Malphite,Jax,Yone,Hwei,Senna,No_Item,Heartsteel,Fimbulwinter,Boots of Swiftness,Kindlegem,Chain Vest,Farsight Alteration,Terminus,Kraken Slayer,Stridebreaker,Mercury's Treads,Recurve Bow,Recurve Bow,Oracle Lens,Serylda's Grudge,Slightly Magical Footwear,Eclipse,Muramana,Null-Magic Mantle,No_Item,Oracle Lens,Zhonya's Hourglass,Cryptbloom,Ionian Boots of Lucidity,Needlessly Large Rod,Lich Bane,Needlessly Large Rod,Oracle Lens,Zaz'Zak's Realmspike,Horizon Focus,Sorcerer's Shoes,Fated Ashes,Haunting Guise,Control Ward,Oracle Lens,Doran's Ring,Iceborn Gauntlet,Plated Steelcaps,Hollow Radiance,Warden's Mail,"Jak'Sho, The Protean",Oracle Lens,Sundered Sky,Trinity Force,"Jak'Sho, The Protean",Pickaxe,Boots of Swiftness,Recurve Bow,Stealth Ward,Doran's Shield,Berserker's Greaves,B. F. Sword,Blade of The Ruined King,Immortal Shieldbow,Cloak of Agility,Oracle Lens,Shattered Armguard,Ionian Boots of Lucidity,Needlessly Large Rod,Liandry's Torment,Blackfire Torch,Rabadon's Deathcap,Farsight Alteration,Bloodsong,Moonstone Renewer,Forbidden Idol,Black Cleaver,Boots of Swiftness,Forbidden Idol,Oracle Lens,Grasp of the Undying,Inspiration,Conqueror,Inspiration,Conqueror,Inspiration,Electrocute,Sorcery,Arcane Comet,Domination,Arcane Comet,Inspiration,Conqueror,Inspiration,Lethal Tempo,Resolve,Dark Harvest,Inspiration,Grasp of the Undying,Precision,Teleport,Flash,Flash,Smite,Teleport,Flash,Flash,Ignite,Heal,Flash,Flash,Teleport,Flash,Smite,Flash,Teleport,Teleport,Flash,Flash,Heal,0,5,0,1,1,1
https://www.op.gg/summoners/euw/Hannover-EUW/matches/uRd1PvnOddpxjpbmRwE8x6KomHYH7ysy-hnWtkNOigM%3D/1733134363000,1,26,9,9,26,14,30,37,23,4,9,0,1,0,0,2,1,0,1,34493,28073,10.2,8.8,503,443,31.0,27.2,6420,-6420,2122.646153846154,1727.5692307692307,Renekton,Kindred,Hwei,Varus,Pyke,Gragas,Yorick,Ambessa,Draven,Nautilus,Doran's Shield,Eclipse,Plated Steelcaps,Phage,Kindlegem,No_Item,Oracle Lens,Gustwalker Hatchling,Kraken Slayer,Berserker's Greaves,Serrated Dirk,No_Item,No_Item,Oracle Lens,Doran's Ring,Blackfire Torch,Ionian Boots of Lucidity,Lost Chapter,Tear of the Goddess,Glowing Mote,Farsight Alteration,Doran's Blade,No_Item,Blade of The Ruined King,Amplifying Tome,Recurve Bow,Berserker's Greaves,Oracle Lens,Umbral Glaive,Serrated Dirk,Celestial Opposition,Control Ward,No_Item,Synchronized Souls,Oracle Lens,Ionian Boots of Lucidity,Cosmic Drive,Tear of the Goddess,Doran's Ring,Kindlegem,Ruby Crystal,Stealth Ward,No_Item,Stridebreaker,Cloth Armor,No_Item,No_Item,Slightly Magical Footwear,Oracle Lens,Doran's Shield,Long Sword,Eclipse,Plated Steelcaps,Ruby Crystal,No_Item,Oracle Lens,Doran's Blade,The Collector,Refillable Potion,Boots,No_Item,No_Item,Stealth Ward,Zeke's Convergence,Plated Steelcaps,Bloodsong,No_Item,No_Item,No_Item,Oracle Lens,Conqueror,Resolve,Press the Attack,Domination,Summon Aery,Precision,Lethal Tempo,Inspiration,Hail of Blades,Resolve,Phase Rush,Inspiration,Conqueror,Inspiration,Electrocute,Sorcery,Press the Attack,Domination,Aftershock,Inspiration,Flash,Teleport,Flash,Smite,Flash,Teleport,Barrier,Flash,Flash,Ignite,Flash,Teleport,Flash,Smite,Teleport,Flash,Flash,Barrier,Ignite,Flash,1,3,0,0,3,0
https://www.op.gg/summoners/euw/Hannover-EUW/matches/uRd1PvnOddqhF71JyxipvwON0DSh2tQUV7493YGIdJw%3D/1733056298000,0,37,34,34,38,64,80,94,84,32,34,4,1,1,1,5,8,5,2,70993,73064,16.4,17.0,1019,1091,29.400000000000002,31.6,-2071,2071,2066.884810126582,2127.179746835443,Ambessa,Diana,Corki,Draven,Nami,Gragas,Udyr,Yone,Ashe,Leona,Doran's Shield,Eclipse,Mercury's Treads,Black Cleaver,Maw of Malmortius,Tunneler,Stealth Ward,Shadowflame,Lich Bane,Zhonya's Hourglass,Sorcerer's Shoes,Void Staff,Needlessly Large Rod,Oracle Lens,Doran's Blade,Cloak of Agility,Lord Dominik's Regards,Muramana,Trinity Force,Plated Steelcaps,Stealth Ward,Berserker's Greaves,Bloodthirster,Infinity Edge,The Collector,Mortal Reminder,Noonquiver,Farsight Alteration,Dream Maker,Mikael's Blessing,Ionian Boots of Lucidity,Ardent Censer,Imperial Mandate,Control Ward,Oracle Lens,Riftmaker,Fimbulwinter,Cryptbloom,No_Item,Cosmic Drive,Boots of Swiftness,Oracle Lens,Randuin's Omen,Liandry's Torment,Abyssal Mask,"Jak'Sho, The Protean",Dead Man's Plate,Plated Steelcaps,Oracle Lens,Immortal Shieldbow,Berserker's Greaves,Blade of The Ruined King,Death's Dance,B. F. Sword,Cloak of Agility,Oracle Lens,Mortal Reminder,Statikk Shiv,Runaan's Hurricane,Berserker's Greaves,Bloodthirster,No_Item,Farsight Alteration,Knight's Vow,Trailblazer,Bloodsong,No_Item,Plated Steelcaps,Negatron Cloak,Oracle Lens,Grasp of the Undying,Domination,Conqueror,Inspiration,Conqueror,Inspiration,Lethal Tempo,Sorcery,Summon Aery,Inspiration,Grasp of the Undying,Sorcery,Conqueror,Inspiration,Fleet Footwork,Resolve,Lethal Tempo,Inspiration,Aftershock,Inspiration,Flash,Teleport,Flash,Smite,Teleport,Flash,Flash,Cleanse,Flash,Heal,Flash,Teleport,Flash,Smite,Flash,Teleport,Barrier,Flash,Ignite,Flash,1,3,0,0,3,1
https://www.op.gg/summoners/euw/Hannover-EUW/matches/uRd1PvnOddq_FPLy5F1ASYYxpTF_Rq5n_dADXphKwZo%3D/1733053435000,0,25,28,28,25,53,36,65,71,29,19,3,0,0,1,5,9,3,1,58036,61402,14.6,15.0,979,870,32.3,28.8,-3366,3366,1916.021052631579,2027.1473684210528,Riven,Viego,Akali,Kai'Sa,Tahm Kench,Renekton,Vi,Cassiopeia,Ezreal,Nami,Doran's Blade,Steel Sigil,Plated Steelcaps,Black Cleaver,Sundered Sky,Caulfield's Warhammer,Stealth Ward,Titanic Hydra,Black Cleaver,Kraken Slayer,Tunneler,Plated Steelcaps,Caulfield's Warhammer,Oracle Lens,Needlessly Large Rod,Hextech Rocketbelt,Shattered Armguard,Dark Seal,Sorcerer's Shoes,Shadowflame,Oracle Lens,Blasting Wand,Statikk Shiv,Guinsoo's Rageblade,Nashor's Tooth,Shadowflame,Berserker's Greaves,Farsight Alteration,Heartsteel,Abyssal Mask,Bloodsong,Bramble Vest,No_Item,Boots of Swiftness,Oracle Lens,Plated Steelcaps,Eclipse,Doran's Blade,Sterak's Gage,Black Cleaver,Control Ward,Oracle Lens,Sundered Sky,Sterak's Gage,No_Item,Plated Steelcaps,Cloth Armor,Cloth Armor,Oracle Lens,Seraph's Embrace,Liandry's Torment,Rod of Ages,Dark Seal,Rylai's Crystal Scepter,Needlessly Large Rod,Farsight Alteration,Spear of Shojin,Control Ward,Trinity Force,Muramana,Ionian Boots of Lucidity,Serylda's Grudge,Farsight Alteration,Forbidden Idol,Dream Maker,Shurelya's Battlesong,Imperial Mandate,Ionian Boots of Lucidity,Kindlegem,Oracle Lens,Conqueror,Resolve,Conqueror,Inspiration,Fleet Footwork,Resolve,Lethal Tempo,Inspiration,Grasp of the Undying,Inspiration,Conqueror,Resolve,Conqueror,Inspiration,Conqueror,Sorcery,Conqueror,Inspiration,Summon Aery,Inspiration,Flash,Ignite,Flash,Smite,Teleport,Flash,Flash,Barrier,Ignite,Flash,Flash,Teleport,Flash,Smite,Teleport,Flash,Flash,Barrier,Flash,Heal,0,0,0,1,6,1
https://www.op.gg/summoners/euw/Hannover-EUW/matches/uRd1PvnOddqamOpHwFPMPA8UQg1hozIpoX4vV2NJ9A8%3D/1733050355000,1,33,16,16,33,25,43,41,57,13,12,2,0,0,0,10,1,2,0,50067,38337,12.4,11.2,693,607,32.0,27.9,11730,-11730,2316.5328358208953,1773.8014925373134,Gnar,Viego,Sylas,Corki,Rell,Pantheon,Zyra,Ornn,Ashe,Alistar,Plated Steelcaps,Pickaxe,No_Item,Trinity Force,Tunneler,Ruby Crystal,Oracle Lens,Mercury's Treads,Kraken Slayer,Titanic Hydra,Tunneler,Long Sword,Long Sword,Oracle Lens,Rabadon's Deathcap,Zhonya's Hourglass,Hextech Rocketbelt,Mejai's Soulstealer,Sorcerer's Shoes,Doran's Ring,Oracle Lens,Slightly Magical Footwear,Manamune,Trinity Force,Zeal,Scout's Slingshot,Doran's Blade,Farsight Alteration,Zeke's Convergence,Boots of Swiftness,Bloodsong,Control Ward,Negatron Cloak,Kindlegem,Oracle Lens,Doran's Blade,Plated Steelcaps,Black Cleaver,Vampiric Scepter,Pickaxe,Recurve Bow,Stealth Ward,Control Ward,Sorcerer's Shoes,Liandry's Torment,Oblivion Orb,Rylai's Crystal Scepter,No_Item,Oracle Lens,Hollow Radiance,Control Ward,Chain Vest,Plated Steelcaps,Kindlegem,Doran's Shield,Farsight Alteration,Doran's Blade,Kraken Slayer,Berserker's Greaves,Runaan's Hurricane,Pickaxe,No_Item,Farsight Alteration,Celestial Opposition,Locket of the Iron Solari,Kindlegem,Cloth Armor,Plated Steelcaps,No_Item,Oracle Lens,Grasp of the Undying,Precision,Conqueror,Inspiration,Conqueror,Resolve,Conqueror,Inspiration,Aftershock,Inspiration,Press the Attack,Sorcery,Electrocute,Precision,Unsealed Spellbook,Resolve,Lethal Tempo,Inspiration,Aftershock,Inspiration,Teleport,Flash,Flash,Smite,Flash,Teleport,Cleanse,Flash,Ignite,Flash,Teleport,Flash,Flash,Smite,Flash,Teleport,Flash,Barrier,Flash,Ignite,1,6,2,0,0,0
https://www.op.gg/summoners/euw/Hannover-EUW/matches/uRd1PvnOddoLAZn79tUyxKKN6FiKAwQqoGZex2sEIxQ%3D/1732991474000,0,32,48,48,32,61,34,89,92,32,28,0,1,0,2,3,10,0,3,62569,75981,15.6,17.0,950,981,29.099999999999998,30.2,-13412,13412,1927.348660714286,2340.486160714286,Ambessa,Elise,Zed,Karthus,Rell,Renekton,Graves,Akali,Ezreal,Poppy,Control Ward,Black Cleaver,Plated Steelcaps,Death's Dance,Eclipse,Tunneler,Stealth Ward,Shadowflame,Void Staff,Stormsurge,Needlessly Large Rod,Sorcerer's Shoes,No_Item,Oracle Lens,Serylda's Grudge,Eclipse,Ionian Boots of Lucidity,Voltaic Cyclosword,Serpent's Fang,Control Ward,Oracle Lens,Blackfire Torch,Needlessly Large Rod,Sorcerer's Shoes,Shadowflame,Void Staff,Needlessly Large Rod,Farsight Alteration,Knight's Vow,Bloodsong,Locket of the Iron Solari,Control Ward,Kindlegem,Mercury's Treads,Oracle Lens,Plated Steelcaps,Eclipse,Sterak's Gage,Death's Dance,"Jak'Sho, The Protean",Phage,Oracle Lens,Immortal Shieldbow,Youmuu's Ghostblade,No_Item,Mercury's Treads,Lord Dominik's Regards,The Collector,Oracle Lens,Rabadon's Deathcap,Zhonya's Hourglass,Dark Seal,Boots,Stormsurge,Shadowflame,Oracle Lens,Muramana,Trinity Force,Ionian Boots of Lucidity,Serylda's Grudge,Maw of Malmortius,Control Ward,Farsight Alteration,Locket of the Iron Solari,Force of Nature,Bloodsong,Giant's Belt,Dead Man's Plate,Boots of Swiftness,Oracle Lens,Grasp of the Undying,Domination,Dark Harvest,Precision,Electrocute,Sorcery,Dark Harvest,Precision,Aftershock,Inspiration,Conqueror,Resolve,Dark Harvest,Precision,Electrocute,Resolve,Conqueror,Inspiration,Hail of Blades,Inspiration,Teleport,Flash,Flash,Smite,Teleport,Ignite,Flash,Exhaust,Flash,Ignite,Teleport,Flash,Smite,Flash,Ignite,Flash,Flash,Barrier,Ignite,Flash,1,3,0,0,3,2
https://www.op.gg/summoners/euw/Hannover-EUW/matches/uRd1PvnOddr2TDxSQwrNeW8jP7K3DRjs0WeaHmHk7zM%3D/1732980075000,0,43,36,36,43,53,65,81,93,34,33,0,4,1,0,4,6,1,4,62787,65982,15.2,15.2,826,970,26.2,30.700000000000003,-3195,3195,1989.291089108911,2090.518811881188,Ambessa,Lee Sin,Ahri,Kai'Sa,Zac,Irelia,Viego,Aurora,Aphelios,Poppy,Plated Steelcaps,Spear of Shojin,Eclipse,Death's Dance,Steel Sigil,Doran's Blade,Stealth Ward,Sundered Sky,Eclipse,Pickaxe,Black Cleaver,Tunneler,Plated Steelcaps,Stealth Ward,Blighting Jewel,Zhonya's Hourglass,Sorcerer's Shoes,Dark Seal,Horizon Focus,Malignance,Farsight Alteration,Nashor's Tooth,Guinsoo's Rageblade,No_Item,Shattered Armguard,Kraken Slayer,Berserker's Greaves,Farsight Alteration,Ionian Boots of Lucidity,Randuin's Omen,Celestial Opposition,Kindlegem,Unending Despair,Zeke's Convergence,Oracle Lens,Doran's Blade,Blade of The Ruined King,Plated Steelcaps,Hullbreaker,Wit's End,Rectrix,Farsight Alteration,Trinity Force,Titanic Hydra,Control Ward,Black Cleaver,Plated Steelcaps,Sundered Sky,Oracle Lens,Cosmic Drive,Cloth Armor,Sorcerer's Shoes,Malignance,Liandry's Torment,No_Item,Farsight Alteration,Bloodthirster,Infinity Edge,Yun Tal Wildarrows,Lord Dominik's Regards,Noonquiver,Berserker's Greaves,Farsight Alteration,Dead Man's Plate,Knight's Vow,Bloodsong,Control Ward,Synchronized Souls,Kindlegem,Oracle Lens,Conqueror,Resolve,Conqueror,Inspiration,Electrocute,Sorcery,Lethal Tempo,Inspiration,Aftershock,Precision,Conqueror,Inspiration,Conqueror,Inspiration,Arcane Comet,Domination,Press the Attack,Sorcery,Hail of Blades,Inspiration,Teleport,Flash,Smite,Flash,Flash,Teleport,Barrier,Flash,Flash,Ignite,Teleport,Flash,Flash,Smite,Flash,Teleport,Flash,Barrier,Ignite,Flash,1,3,0,0,3,0
https://www.op.gg/summoners/euw/Hannover-EUW/matches/uRd1PvnOddq9T7_ZGsS8UKZKTOGo--GVbAltnysYX_0%3D/1732977262000,0,21,36,36,21,55,32,69,69,17,14,1,2,0,1,5,8,1,3,45869,55409,12.0,13.8,645,716,25.5,28.4,-9540,9540,1804.6819672131148,2180.026229508197,Gnar,Viego,Yone,Ziggs,Blitzcrank,Jayce,Skarner,Tahm Kench,Kayle,Nami,Doran's Shield,Plated Steelcaps,Trinity Force,Sterak's Gage,Negatron Cloak,Recurve Bow,Stealth Ward,Mercury's Treads,Kraken Slayer,Maw of Malmortius,Null-Magic Mantle,No_Item,No_Item,Stealth Ward,Blade of The Ruined King,Immortal Shieldbow,Berserker's Greaves,No_Item,Doran's Blade,No_Item,Farsight Alteration,Seraph's Embrace,Sorcerer's Shoes,Liandry's Torment,Needlessly Large Rod,Needlessly Large Rod,Doran's Ring,Farsight Alteration,Bloodsong,Frozen Heart,Trailblazer,Boots of Swiftness,Null-Magic Mantle,No_Item,Oracle Lens,Youmuu's Ghostblade,Muramana,Boots of Swiftness,Serylda's Grudge,Serrated Dirk,Doran's Blade,Farsight Alteration,Heartsteel,Kindlegem,No_Item,Chain Vest,Ruby Crystal,Plated Steelcaps,Oracle Lens,Doran's Shield,Heartsteel,Boots of Swiftness,Unending Despair,Spectre's Cowl,Ruby Crystal,Farsight Alteration,Seeker's Armguard,Lich Bane,Nashor's Tooth,Rabadon's Deathcap,Doran's Blade,Boots of Swiftness,Farsight Alteration,Ionian Boots of Lucidity,Solstice Sleigh,Imperial Mandate,Shurelya's Battlesong,Kindlegem,Forbidden Idol,Oracle Lens,Grasp of the Undying,Precision,Conqueror,Inspiration,Conqueror,Resolve,Arcane Comet,Inspiration,Glacial Augment,Sorcery,Phase Rush,Inspiration,Phase Rush,Precision,Grasp of the Undying,Precision,Press the Attack,Sorcery,Summon Aery,Domination,Teleport,Flash,Flash,Smite,Teleport,Flash,Teleport,Flash,Flash,Ignite,Flash,Teleport,Flash,Smite,Teleport,Flash,Flash,Teleport,Flash,Heal,1,2,0,0,4,1
https://www.op.gg/summoners/euw/Hannover-EUW/matches/uRd1PvnOddpUQhErsPcEU1iaYxVng4jGQMc9_Lpftwc%3D/1732970415000,0,38,39,39,38,59,54,75,99,31,34,1,3,1,1,5,10,2,4,63895,72503,15.8,16.6,834,961,25.2,29.2,-8608,8608,1928.3626126126128,2188.1536036036036,Yone,Jarvan IV,Akali,Tahm Kench,Senna,Swain,Elise,Irelia,Ashe,Bard,Infinity Edge,Executioner's Calling,B. F. Sword,Immortal Shieldbow,Blade of The Ruined King,Berserker's Greaves,Farsight Alteration,Eclipse,Sundered Sky,Mercury's Treads,Frozen Heart,Spectre's Cowl,Ruby Crystal,Oracle Lens,Rabadon's Deathcap,Shadowflame,Zhonya's Hourglass,Stormsurge,Mercury's Treads,No_Item,Oracle Lens,Abyssal Mask,Heartsteel,Unending Despair,Mercury's Treads,Doran's Shield,Null-Magic Mantle,Farsight Alteration,Ionian Boots of Lucidity,Echoes of Helia,Control Ward,Dream Maker,Moonstone Renewer,Dawncore,Oracle Lens,Plated Steelcaps,Seeker's Armguard,Rylai's Crystal Scepter,Liandry's Torment,Riftmaker,Fimbulwinter,Oracle Lens,Liandry's Torment,Rabadon's Deathcap,Void Staff,Mejai's Soulstealer,Stormsurge,Sorcerer's Shoes,Oracle Lens,Blade of The Ruined King,Hullbreaker,Doran's Blade,Kraken Slayer,Plated Steelcaps,Wit's End,Oracle Lens,Kraken Slayer,Phantom Dancer,Berserker's Greaves,Doran's Blade,Bloodthirster,Cloak of Agility,Farsight Alteration,Oblivion Orb,No_Item,Ionian Boots of Lucidity,Locket of the Iron Solari,Redemption,Bloodsong,Oracle Lens,Lethal Tempo,Resolve,Conqueror,Inspiration,Electrocute,Resolve,Grasp of the Undying,Inspiration,Summon Aery,Resolve,Conqueror,Sorcery,Dark Harvest,Precision,Conqueror,Inspiration,Lethal Tempo,Inspiration,Electrocute,Sorcery,Flash,Teleport,Flash,Smite,Teleport,Flash,Teleport,Flash,Heal,Flash,Teleport,Flash,Flash,Smite,Teleport,Flash,Exhaust,Flash,Flash,Ignite,0,2,1,1,1,1
https://www.op.gg/summoners/euw/Hannover-EUW/matches/uRd1PvnOddoRW18u6pPxd8eZxE7qrVI4uN2oG-e3jkc%3D/1732967403000,0,18,36,36,18,61,26,46,49,12,12,0,3,0,1,2,9,0,4,44621,56133,12.4,14.2,692,767,29.900000000000002,33.1,-11512,11512,1912.3285714285712,2405.7,Jax,Nidalee,Garen,Caitlyn,Braum,Heimerdinger,Wukong,Akali,Miss Fortune,Blitzcrank,Sundered Sky,Tunneler,Pickaxe,Mercury's Treads,Trinity Force,Ruby Crystal,Stealth Ward,Shadowflame,Lich Bane,Control Ward,Needlessly Large Rod,Sorcerer's Shoes,No_Item,Oracle Lens,Stridebreaker,Refillable Potion,Boots,Phantom Dancer,Cloth Armor,No_Item,Stealth Ward,Doran's Blade,Scout's Slingshot,Refillable Potion,Infinity Edge,Yun Tal Wildarrows,Berserker's Greaves,Farsight Alteration,Zeke's Convergence,Boots of Swiftness,Bloodsong,Knight's Vow,No_Item,No_Item,Oracle Lens,Sorcerer's Shoes,Blackfire Torch,Shadowflame,No_Item,Doran's Ring,Rabadon's Deathcap,Oracle Lens,Sundered Sky,Trinity Force,Sterak's Gage,Control Ward,No_Item,Ionian Boots of Lucidity,Oracle Lens,Sorcerer's Shoes,Dark Seal,Blasting Wand,Stormsurge,Shadowflame,Blighting Jewel,Oracle Lens,Serylda's Grudge,Youmuu's Ghostblade,The Collector,Vampiric Scepter,B. F. Sword,Boots of Swiftness,Farsight Alteration,Boots of Swiftness,Bloodsong,Spectre's Cowl,Frozen Heart,Trailblazer,Control Ward,Oracle Lens,Lethal Tempo,Resolve,Dark Harvest,Sorcery,Phase Rush,Resolve,Fleet Footwork,Sorcery,Guardian,Precision,Conqueror,Sorcery,Conqueror,Inspiration,Electrocute,Sorcery,Dark Harvest,Precision,Glacial Augment,Resolve,Flash,Teleport,Flash,Smite,Flash,Ignite,Flash,Barrier,Ignite,Flash,Flash,Teleport,Flash,Smite,Teleport,Flash,Flash,Cleanse,Flash,Ignite,0,1,0,1,5,1
https://www.op.gg/summoners/euw/Hannover-EUW/matches/uRd1PvnOddo_R6YF9BulfxmFX_OwaljFwfoggoP7Br8%3D/1732964891000,0,25,39,39,25,66,33,53,88,40,13,0,4,0,1,3,8,0,5,55988,63427,13.6,15.8,891,910,31.0,31.6,-7439,7439,1935.3876543209878,2192.5382716049385,Sion,Zac,Sylas,Kai'Sa,Senna,Yone,Morgana,Ahri,Miss Fortune,Poppy,Youmuu's Ghostblade,Axiom Arc,Opportunity,Serrated Dirk,Boots of Swiftness,Long Sword,Oracle Lens,No_Item,Randuin's Omen,No_Item,Spirit Visage,Sunfire Aegis,Mercury's Treads,Oracle Lens,Shadowflame,Rabadon's Deathcap,Hextech Rocketbelt,Mercury's Treads,Amplifying Tome,No_Item,Oracle Lens,Statikk Shiv,Berserker's Greaves,Needlessly Large Rod,Guinsoo's Rageblade,Nashor's Tooth,No_Item,Farsight Alteration,Mercury's Treads,Black Cleaver,Bloodsong,Phantom Dancer,Steel Sigil,No_Item,Oracle Lens,Berserker's Greaves,Doran's Blade,Blade of The Ruined King,Immortal Shieldbow,Infinity Edge,Control Ward,Farsight Alteration,Morellonomicon,Liandry's Torment,Sorcerer's Shoes,Dark Seal,Amplifying Tome,Rabadon's Deathcap,Stealth Ward,Liandry's Torment,Dark Seal,Horizon Focus,Malignance,Ionian Boots of Lucidity,Null-Magic Mantle,Farsight Alteration,Youmuu's Ghostblade,The Collector,Doran's Blade,Infinity Edge,Last Whisper,Boots of Swiftness,Farsight Alteration,Dead Man's Plate,Boots of Swiftness,Bloodsong,No_Item,Abyssal Mask,No_Item,Oracle Lens,Phase Rush,Resolve,Aftershock,Precision,Electrocute,Resolve,Lethal Tempo,Domination,Summon Aery,Inspiration,Lethal Tempo,Resolve,Dark Harvest,Inspiration,Summon Aery,Resolve,Press the Attack,Inspiration,Hail of Blades,Inspiration,Flash,Teleport,Smite,Flash,Teleport,Flash,Cleanse,Flash,Flash,Heal,Flash,Teleport,Flash,Smite,Flash,Teleport,Flash,Barrier,Ignite,Flash,0,6,0,0,0,1
https://www.op.gg/summoners/euw/Hannover-EUW/matches/uRd1PvnOddqX96on3mpPpCDJR2DCEs5TxewWwSSIzBQ%3D/1732961723000,0,27,25,25,27,38,34,61,79,33,26,2,1,0,1,3,11,2,2,50026,57666,13.2,14.0,771,822,30.2,32.4,-7640,7640,1972.856338028169,2274.1521126760563,Malphite,Viego,Sylas,Caitlyn,Lux,Gwen,Wukong,Tryndamere,Ezreal,Pyke,Plated Steelcaps,No_Item,No_Item,Frozen Heart,Thornmail,Hollow Radiance,Oracle Lens,Sundered Sky,Kraken Slayer,No_Item,Ruby Crystal,Ruby Crystal,Plated Steelcaps,Oracle Lens,Hextech Rocketbelt,Sorcerer's Shoes,Dark Seal,Fiendish Codex,Doran's Ring,Aether Wisp,Farsight Alteration,Infinity Edge,Rapid Firecannon,B. F. Sword,Doran's Blade,Berserker's Greaves,The Collector,Farsight Alteration,Bramble Vest,Locket of the Iron Solari,Celestial Opposition,Frozen Heart,Plated Steelcaps,No_Item,Oracle Lens,Rabadon's Deathcap,Ionian Boots of Lucidity,Shadowflame,Nashor's Tooth,Doran's Ring,No_Item,Stealth Ward,Sundered Sky,Trinity Force,Control Ward,Phage,Plated Steelcaps,Pickaxe,Oracle Lens,Stridebreaker,Essence Reaver,Infinity Edge,Executioner's Calling,No_Item,Berserker's Greaves,Oracle Lens,Doran's Blade,Serylda's Grudge,Trinity Force,Muramana,Long Sword,Ionian Boots of Lucidity,Farsight Alteration,Umbral Glaive,Edge of Night,Bloodsong,No_Item,Long Sword,Synchronized Souls,Oracle Lens,Grasp of the Undying,Sorcery,Conqueror,Inspiration,Conqueror,Resolve,Lethal Tempo,Sorcery,Aftershock,Domination,Conqueror,Inspiration,Conqueror,Inspiration,Lethal Tempo,Resolve,Press the Attack,Inspiration,Hail of Blades,Resolve,Teleport,Flash,Flash,Smite,Flash,Teleport,Flash,Barrier,Flash,Heal,Teleport,Ignite,Flash,Smite,Ghost,Flash,Flash,Barrier,Ignite,Flash,0,1,0,1,5,2
https://www.op.gg/summoners/euw/Hannover-EUW/matches/uRd1PvnOddpgHGsM9NuksbQfgULst_lk8B_syX2rLcg%3D/1732896926000,0,10,23,23,10,25,11,43,51,10,17,0,2,0,0,1,8,0,2,33124,42309,10.2,11.6,564,675,28.8,34.4,-9185,9185,1683.6508287292818,2150.5127071823204,Renekton,Kindred,Ahri,Kalista,Pyke,Volibear,Elise,Irelia,Jinx,Poppy,Doran's Shield,Null-Magic Mantle,Black Cleaver,Tunneler,Plated Steelcaps,Pickaxe,Stealth Ward,Cloak of Agility,Control Ward,Serrated Dirk,Berserker's Greaves,Kraken Slayer,Pickaxe,Oracle Lens,Doran's Ring,Seeker's Armguard,Malignance,Dark Seal,Sorcerer's Shoes,No_Item,Stealth Ward,Doran's Blade,Blade of The Ruined King,Berserker's Greaves,Recurve Bow,Pickaxe,No_Item,Stealth Ward,Boots of Swiftness,Refillable Potion,Umbral Glaive,Celestial Opposition,No_Item,No_Item,Oracle Lens,Boots of Swiftness,Cosmic Drive,Hextech Rocketbelt,Dark Seal,No_Item,No_Item,Stealth Ward,Sorcerer's Shoes,Dark Seal,Stormsurge,Hextech Alternator,No_Item,No_Item,Oracle Lens,Doran's Shield,Dagger,Recurve Bow,Null-Magic Mantle,Blade of The Ruined King,Plated Steelcaps,Farsight Alteration,Doran's Blade,Yun Tal Wildarrows,Berserker's Greaves,Infinity Edge,Zeal,No_Item,Farsight Alteration,Dead Man's Plate,Boots of Swiftness,Bloodsong,Kindlegem,Control Ward,No_Item,Oracle Lens,Conqueror,Resolve,Press the Attack,Domination,Electrocute,Sorcery,Hail of Blades,Precision,Hail of Blades,Resolve,Press the Attack,Resolve,Dark Harvest,Precision,Conqueror,Resolve,Lethal Tempo,Sorcery,Hail of Blades,Inspiration,Flash,Teleport,Flash,Smite,Flash,Teleport,Flash,Cleanse,Ignite,Flash,Flash,Teleport,Smite,Flash,Teleport,Flash,Barrier,Flash,Ignite,Flash,1,6,0,0,0,1
https://www.op.gg/summoners/euw/Hannover-EUW/matches/uRd1PvnOddp7lCnajEc0cxYmGPxVsB2pt8nnRM3cOQY%3D/1732894194000,1,33,30,30,33,55,61,86,75,31,32,1,4,0,2,9,6,1,6,66534,65588,15.8,15.6,1010,956,31.099999999999998,29.5,946,-946,2039.3563218390805,2010.360153256705,Gwen,Ambessa,Hwei,Corki,Nautilus,Aatrox,Kindred,LeBlanc,Ezreal,Tahm Kench,Void Staff,Shattered Armguard,Sorcerer's Shoes,Malignance,Rabadon's Deathcap,Nashor's Tooth,Oracle Lens,Voltaic Cyclosword,Steel Sigil,Spear of Shojin,Caulfield's Warhammer,Slightly Magical Footwear,Black Cleaver,Oracle Lens,Doran's Ring,Liandry's Torment,Blackfire Torch,Ionian Boots of Lucidity,Dark Seal,Cryptbloom,Stealth Ward,Doran's Blade,Muramana,Trinity Force,Plated Steelcaps,Executioner's Calling,Infinity Edge,Farsight Alteration,Trailblazer,Knight's Vow,Celestial Opposition,No_Item,Plated Steelcaps,Kindlegem,Oracle Lens,Mortal Reminder,Sundered Sky,Mercury's Treads,Maw of Malmortius,No_Item,No_Item,Farsight Alteration,The Collector,Kraken Slayer,Berserker's Greaves,Infinity Edge,Rapid Firecannon,Cloak of Agility,Oracle Lens,Cryptbloom,Sorcerer's Shoes,No_Item,Shadowflame,Stormsurge,Luden's Companion,Oracle Lens,Trinity Force,Muramana,Serylda's Grudge,Bloodthirster,Hexdrinker,Ionian Boots of Lucidity,Farsight Alteration,Solstice Sleigh,Plated Steelcaps,Heartsteel,Kaenic Rookern,Cloth Armor,Control Ward,Oracle Lens,Conqueror,Resolve,Conqueror,Inspiration,Summon Aery,Precision,Conqueror,Inspiration,Aftershock,Inspiration,Conqueror,Resolve,Conqueror,Domination,Electrocute,Sorcery,Conqueror,Inspiration,Guardian,Inspiration,Ghost,Teleport,Smite,Flash,Flash,Teleport,Teleport,Flash,Ignite,Flash,Flash,Teleport,Flash,Smite,Flash,Teleport,Flash,Barrier,Flash,Heal,1,5,1,0,1,0
https://www.op.gg/summoners/euw/Hannover-EUW/matches/uRd1PvnOddowJhPbUggpyWPQFibu2dKsvAnwVYkpY0M%3D/1732884019000,0,31,33,33,31,43,34,61,56,21,13,2,2,1,0,9,7,3,2,62703,58282,14.6,14.6,878,890,30.6,30.8,4421,-4421,2177.1875,2023.6805555555554,Ambessa,Morgana,Irelia,Corki,Lulu,Talon,Skarner,Kayle,Ashe,Seraphine,Serylda's Grudge,Voltaic Cyclosword,Spear of Shojin,Seeker's Armguard,Sundered Sky,Mercury's Treads,Oracle Lens,Needlessly Large Rod,Zhonya's Hourglass,Needlessly Large Rod,Liandry's Torment,Oblivion Orb,Sorcerer's Shoes,Oracle Lens,Doran's Blade,Mercury's Treads,Blade of The Ruined King,Hullbreaker,Death's Dance,Long Sword,Farsight Alteration,Muramana,Trinity Force,Bloodthirster,Doran's Blade,Zeal,Boots,Farsight Alteration,Dream Maker,Redemption,Mikael's Blessing,Control Ward,Ionian Boots of Lucidity,Moonstone Renewer,Oracle Lens,Tiamat,Youmuu's Ghostblade,Serylda's Grudge,Synchronized Souls,Serrated Dirk,Serpent's Fang,Oracle Lens,Heartsteel,Sterak's Gage,Plated Steelcaps,Chain Vest,Ruby Crystal,No_Item,Oracle Lens,Boots of Swiftness,Rabadon's Deathcap,Shadowflame,Dark Seal,Nashor's Tooth,Blighting Jewel,Farsight Alteration,Phantom Dancer,Yun Tal Wildarrows,Berserker's Greaves,Infinity Edge,No_Item,No_Item,Farsight Alteration,Ionian Boots of Lucidity,Moonstone Renewer,Dawncore,Dream Maker,Kindlegem,Forbidden Idol,Oracle Lens,Conqueror,Domination,Arcane Comet,Precision,Conqueror,Inspiration,Conqueror,Inspiration,Summon Aery,Resolve,Phase Rush,Domination,Grasp of the Undying,Inspiration,Press the Attack,Sorcery,Lethal Tempo,Inspiration,Summon Aery,Domination,Flash,Teleport,Smite,Flash,Teleport,Flash,Flash,Cleanse,Flash,Heal,Teleport,Ignite,Smite,Flash,Flash,Teleport,Flash,Barrier,Heal,Flash,1,6,3,0,0,1
https://www.op.gg/summoners/euw/Hannover-EUW/matches/uRd1PvnOddqRXOu2lqwfSjqo3_Y_uRQ-lqceXJstrdQ%3D/1732880437000,0,16,31,31,18,57,20,48,55,13,12,0,3,0,1,2,7,0,4,42320,52074,12.2,14.0,685,755,29.2,32.2,-9754,9754,1813.7142857142858,2231.7428571428572,Aurora,Zac,Corki,Tristana,Tahm Kench,Viego,Vi,Taliyah,Ezreal,Bard,Doran's Ring,Seeker's Armguard,Luden's Companion,Control Ward,Shadowflame,Sorcerer's Shoes,Oracle Lens,Unending Despair,Sunfire Aegis,Ionian Boots of Lucidity,Dark Seal,Kindlegem,Null-Magic Mantle,Oracle Lens,Refillable Potion,Mercury's Treads,Zeal,Muramana,Trinity Force,Doran's Blade,Farsight Alteration,Doran's Blade,Yun Tal Wildarrows,B. F. Sword,Berserker's Greaves,Pickaxe,Cloak of Agility,Farsight Alteration,Heartsteel,Plated Steelcaps,Bloodsong,Control Ward,Ruby Crystal,Cloth Armor,Oracle Lens,Doran's Blade,Blade of The Ruined King,Mercury's Treads,Sundered Sky,Ruby Crystal,No_Item,Stealth Ward,Sundered Sky,Sterak's Gage,No_Item,Ruby Crystal,Ruby Crystal,Slightly Magical Footwear,Oracle Lens,Doran's Ring,Amplifying Tome,Liandry's Torment,Sorcerer's Shoes,Needlessly Large Rod,Seraph's Embrace,Farsight Alteration,Muramana,Blade of The Ruined King,Long Sword,Doran's Blade,Trinity Force,Ionian Boots of Lucidity,Farsight Alteration,Dead Man's Plate,Statikk Shiv,Bloodsong,Plated Steelcaps,Negatron Cloak,No_Item,Oracle Lens,Electrocute,Sorcery,Aftershock,Precision,Conqueror,Inspiration,Press the Attack,Sorcery,Grasp of the Undying,Inspiration,Conqueror,Resolve,Conqueror,Inspiration,Phase Rush,Inspiration,Conqueror,Inspiration,Guardian,Inspiration,Teleport,Flash,Smite,Flash,Flash,Teleport,Exhaust,Flash,Ignite,Flash,Flash,Teleport,Flash,Smite,Flash,Teleport,Flash,Barrier,Ignite,Flash,0,6,0,1,0,1
https://www.op.gg/summoners/euw/Hannover-EUW/matches/uRd1PvnOddpFeIhfvCdTgJeReQW-mpcdPPjJoTC3PuE%3D/1732878484000,1,27,11,11,27,11,46,34,40,7,8,2,0,0,0,7,1,2,0,40682,29533,11.2,10.0,554,521,32.7,30.7,11149,-11149,2409.825477707007,1749.407006369427,Sion,Viego,Garen,Seraphine,Sona,Nasus,Diana,Yone,Tristana,Rakan,Youmuu's Ghostblade,Serpent's Fang,Hubris,Long Sword,Boots of Swiftness,No_Item,Oracle Lens,No_Item,Kraken Slayer,Long Sword,Slightly Magical Footwear,Cloth Armor,No_Item,Oracle Lens,Stridebreaker,Zeal,Dagger,No_Item,Boots of Swiftness,Doran's Shield,Stealth Ward,Doran's Ring,Tear of the Goddess,Dark Seal,Blackfire Torch,Ionian Boots of Lucidity,Fiendish Codex,Stealth Ward,Echoes of Helia,Boots of Swiftness,Bloodsong,Faerie Charm,Fiendish Codex,No_Item,Oracle Lens,Doran's Shield,Trinity Force,Glowing Mote,Mercury's Treads,No_Item,No_Item,Stealth Ward,Scorchclaw Pup,Hextech Rocketbelt,Dark Seal,Hextech Alternator,Sorcerer's Shoes,Aether Wisp,Oracle Lens,Doran's Blade,Berserker's Greaves,Blade of The Ruined King,Cloak of Agility,No_Item,No_Item,Stealth Ward,Doran's Blade,The Collector,Berserker's Greaves,Dagger,Dagger,Dagger,Farsight Alteration,Kindlegem,Null-Magic Mantle,Cloth Armor,Bloodsong,No_Item,Mercury's Treads,Oracle Lens,Phase Rush,Resolve,Conqueror,Inspiration,Phase Rush,Resolve,Conqueror,Sorcery,Summon Aery,Precision,Phase Rush,Inspiration,Conqueror,Inspiration,Lethal Tempo,Resolve,Lethal Tempo,Inspiration,Glacial Augment,Domination,Flash,Teleport,Flash,Smite,Flash,Ignite,Teleport,Flash,Flash,Heal,Flash,Teleport,Flash,Smite,Teleport,Flash,Flash,Cleanse,Flash,Ignite,1,6,1,0,0,0
https://www.op.gg/summoners/euw/Hannover-EUW/matches/uRd1PvnOddqGHGG5oHT82HCFMEIYbbstMwsIFxVg3vk%3D/1732876353000,1,44,28,28,44,53,69,73,58,21,18,4,0,1,0,11,0,5,0,65020,49122,15.2,13.8,850,685,29.9,24.1,15898,-15898,2300.7076923076925,1738.163076923077,Illaoi,Xin Zhao,Swain,Xayah,Pyke,Skarner,Zac,Veigar,Ashe,Seraphine,Spirit Visage,Black Cleaver,Mercury's Treads,Sterak's Gage,Ruby Crystal,No_Item,Oracle Lens,Black Cleaver,Sundered Sky,Mercury's Treads,Spirit Visage,Tunneler,Pickaxe,Oracle Lens,Cosmic Drive,Blackfire Torch,Oblivion Orb,Mercury's Treads,Spirit Visage,Negatron Cloak,Stealth Ward,Vampiric Scepter,Berserker's Greaves,Essence Reaver,Navori Flickerblade,Infinity Edge,Mortal Reminder,Farsight Alteration,Youmuu's Ghostblade,Synchronized Souls,Bloodsong,No_Item,Serrated Dirk,Umbral Glaive,Oracle Lens,Fimbulwinter,Giant's Belt,Bramble Vest,Boots,Unending Despair,Chain Vest,Stealth Ward,Bramble Vest,Randuin's Omen,No_Item,Ruby Crystal,Plated Steelcaps,Sunfire Aegis,Oracle Lens,Shurelya's Battlesong,Blasting Wand,Oblivion Orb,Void Staff,Rabadon's Deathcap,Sorcerer's Shoes,Farsight Alteration,Doran's Blade,Berserker's Greaves,Statikk Shiv,Kraken Slayer,Pickaxe,Recurve Bow,Farsight Alteration,Bloodsong,Redemption,Echoes of Helia,Blasting Wand,Ionian Boots of Lucidity,Forbidden Idol,Oracle Lens,Grasp of the Undying,Precision,Conqueror,Inspiration,Conqueror,Resolve,Lethal Tempo,Inspiration,Hail of Blades,Resolve,Grasp of the Undying,Sorcery,Aftershock,Precision,Summon Aery,Precision,Lethal Tempo,Inspiration,Guardian,Sorcery,Flash,Teleport,Flash,Smite,Flash,Teleport,Flash,Cleanse,Ignite,Flash,Teleport,Flash,Smite,Flash,Flash,Teleport,Flash,Barrier,Flash,Heal,1,6,3,0,0,0
https://www.op.gg/summoners/euw/Hannover-EUW/matches/uRd1PvnOddqX_XrKBQBANOGSjQC60MeJ5rYKP3SJars%3D/1732826674000,1,25,16,16,25,25,38,49,49,15,12,2,1,1,0,10,1,3,1,56203,44561,14.4,13.2,824,770,32.1,30.0,11642,-11642,2179.8359813084116,1728.3004672897198,Fiora,Hecarim,Sylas,Seraphine,Leona,Sett,Shaco,Anivia,Corki,Maokai,Trinity Force,Ravenous Hydra,Plated Steelcaps,Death's Dance,Pickaxe,Doran's Blade,Oracle Lens,Black Cleaver,Eclipse,Mercury's Treads,Pickaxe,Tunneler,Ruby Crystal,Oracle Lens,Hextech Rocketbelt,Rabadon's Deathcap,Control Ward,Lich Bane,Dark Seal,Mercury's Treads,Oracle Lens,Moonstone Renewer,Seraph's Embrace,Blackfire Torch,No_Item,Ionian Boots of Lucidity,Fiendish Codex,Farsight Alteration,Bloodsong,Control Ward,Locket of the Iron Solari,Plated Steelcaps,Kindlegem,Chain Vest,Oracle Lens,Doran's Blade,Refillable Potion,Long Sword,Plated Steelcaps,Blade of The Ruined King,Phage,Farsight Alteration,Executioner's Calling,Stridebreaker,Boots of Swiftness,Eclipse,Long Sword,Pickaxe,Oracle Lens,Malignance,Catalyst of Aeons,Dark Seal,Boots of Swiftness,No_Item,Seeker's Armguard,Farsight Alteration,Doran's Blade,Mercury's Treads,Trinity Force,Muramana,Rapid Firecannon,Pickaxe,Farsight Alteration,Solstice Sleigh,Negatron Cloak,Control Ward,Ionian Boots of Lucidity,Kindlegem,Locket of the Iron Solari,Oracle Lens,Grasp of the Undying,Inspiration,Phase Rush,Precision,Conqueror,Resolve,Conqueror,Sorcery,Aftershock,Precision,Conqueror,Resolve,Hail of Blades,Inspiration,Phase Rush,Precision,Conqueror,Inspiration,Aftershock,Inspiration,Flash,Teleport,Ghost,Smite,Teleport,Flash,Teleport,Flash,Flash,Ignite,Flash,Ignite,Flash,Smite,Ignite,Flash,Flash,Cleanse,Flash,Ignite,1,4,2,0,2,0
https://www.op.gg/summoners/euw/Hannover-EUW/matches/uRd1PvnOddo-FximGr5gAvvPeunlOly-VsLrFPNtihk%3D/1732823081000,1,37,42,42,37,80,61,97,91,33,31,3,2,2,0,8,4,5,2,73029,67873,16.8,15.8,951,1011,27.9,29.7,5156,-5156,2157.675,2005.3386363636364,Gangplank,Wukong,Aurora,Ezreal,Nautilus,Yone,Xin Zhao,Orianna,Kai'Sa,Janna,Trinity Force,Serpent's Fang,Mortal Reminder,Cloak of Agility,Cloak of Agility,Plated Steelcaps,Farsight Alteration,No_Item,Black Cleaver,Boots of Swiftness,Sterak's Gage,Trinity Force,Sundered Sky,Stealth Ward,Shadowflame,Malignance,Zhonya's Hourglass,Oblivion Orb,Sorcerer's Shoes,Rabadon's Deathcap,Farsight Alteration,Vampiric Scepter,Muramana,Trinity Force,Spear of Shojin,Serylda's Grudge,Ionian Boots of Lucidity,Farsight Alteration,Locket of the Iron Solari,Zeke's Convergence,Bloodsong,Chain Vest,Boots of Swiftness,Kindlegem,Oracle Lens,Berserker's Greaves,Blade of The Ruined King,Immortal Shieldbow,Infinity Edge,Steel Sigil,Pickaxe,Farsight Alteration,Black Cleaver,Titanic Hydra,Randuin's Omen,Kaenic Rookern,Plated Steelcaps,Executioner's Calling,Oracle Lens,Fiendish Codex,Luden's Companion,Shadowflame,Blighting Jewel,Sorcerer's Shoes,Zhonya's Hourglass,Farsight Alteration,Zhonya's Hourglass,Kraken Slayer,No_Item,Guinsoo's Rageblade,Nashor's Tooth,Berserker's Greaves,Farsight Alteration,Boots of Swiftness,Dream Maker,Redemption,Echoes of Helia,Dark Seal,Moonstone Renewer,Oracle Lens,Grasp of the Undying,Inspiration,Conqueror,Inspiration,Electrocute,Sorcery,Press the Attack,Inspiration,Aftershock,Inspiration,Lethal Tempo,Resolve,Conqueror,Domination,Arcane Comet,Precision,Lethal Tempo,Inspiration,Summon Aery,Domination,Teleport,Flash,Flash,Smite,Flash,Teleport,Flash,Barrier,Ignite,Flash,Flash,Teleport,Flash,Smite,Flash,Teleport,Flash,Barrier,Heal,Flash,0,2,1,1,4,0
https://www.op.gg/summoners/euw/Hannover-EUW/matches/uRd1PvnOddol9diBFL-j4AtBlfXiQdEFzlLcLnsCpPI%3D/1732801641000,0,19,39,39,19,72,23,45,65,12,7,0,3,1,0,2,11,1,3,52106,60031,14.6,14.6,818,796,29.4,28.6,-7925,7925,1870.4717948717948,2154.9589743589745,Yone,Dr. Mundo,Sylas,Varus,Nautilus,Riven,Lee Sin,Ahri,Swain,Senna,Berserker's Greaves,Blade of The Ruined King,Immortal Shieldbow,Cloak of Agility,No_Item,Doran's Blade,Oracle Lens,Spirit Visage,Unending Despair,Boots of Swiftness,Heartsteel,Bramble Vest,Chain Vest,Oracle Lens,Hextech Rocketbelt,Zhonya's Hourglass,Needlessly Large Rod,Amplifying Tome,Sorcerer's Shoes,Needlessly Large Rod,Oracle Lens,Serylda's Grudge,Opportunity,Doran's Blade,Muramana,Ionian Boots of Lucidity,Serrated Dirk,Farsight Alteration,Zeke's Convergence,Plated Steelcaps,Bloodsong,No_Item,Kindlegem,Abyssal Mask,Oracle Lens,Last Whisper,Boots,Sundered Sky,Death's Dance,Hexdrinker,Eclipse,Oracle Lens,No_Item,Black Cleaver,Long Sword,Eclipse,Sundered Sky,Plated Steelcaps,Stealth Ward,Blasting Wand,Oblivion Orb,Liandry's Torment,Sorcerer's Shoes,Malignance,Mejai's Soulstealer,Oracle Lens,Doran's Ring,Blackfire Torch,Fated Ashes,Boots of Swiftness,Haunting Guise,Cosmic Drive,Farsight Alteration,Bloodsong,Phantom Dancer,Executioner's Calling,Black Cleaver,Plated Steelcaps,No_Item,Oracle Lens,Lethal Tempo,Resolve,Fleet Footwork,Inspiration,Conqueror,Resolve,Arcane Comet,Inspiration,Aftershock,Precision,Conqueror,Sorcery,Conqueror,Inspiration,Summon Aery,Precision,Conqueror,Resolve,Grasp of the Undying,Precision,Teleport,Flash,Flash,Smite,Flash,Teleport,Flash,Barrier,Ignite,Flash,Ignite,Flash,Smite,Flash,Teleport,Flash,Flash,Ghost,Flash,Heal,0,2,0,1,4,3
https://www.op.gg/summoners/euw/Hannover-EUW/matches/uRd1PvnOddr1lTUm2Kwj8xNxFs3rkxsQqyvaWWKfWkY%3D/1732797776000,0,42,37,37,42,80,85,94,105,34,28,1,4,1,1,5,9,2,5,72314,73945,16.4,16.8,953,993,26.6,27.7,-1631,1631,2010.3892116182574,2055.7323651452284,Ambessa,Elise,Pantheon,Kai'Sa,Zac,Jax,Viego,Ahri,Jhin,Poppy,Sterak's Gage,Death's Dance,Control Ward,Eclipse,Mercury's Treads,Spear of Shojin,Oracle Lens,Zhonya's Hourglass,Null-Magic Mantle,Stormsurge,Sorcerer's Shoes,Shadowflame,Rabadon's Deathcap,Oracle Lens,Sundered Sky,Mercury's Treads,Black Cleaver,Pickaxe,Eclipse,Tunneler,Farsight Alteration,Statikk Shiv,Seeker's Armguard,Berserker's Greaves,Rabadon's Deathcap,Guinsoo's Rageblade,Nashor's Tooth,Farsight Alteration,Ionian Boots of Lucidity,Knight's Vow,Celestial Opposition,Abyssal Mask,Zeke's Convergence,Redemption,Oracle Lens,Sundered Sky,Shattered Armguard,No_Item,Mercury's Treads,Sterak's Gage,Trinity Force,Stealth Ward,Titanic Hydra,Kraken Slayer,Plated Steelcaps,Guardian Angel,Control Ward,Negatron Cloak,Oracle Lens,Malignance,Liandry's Torment,Void Staff,Sorcerer's Shoes,Needlessly Large Rod,Needlessly Large Rod,Farsight Alteration,Lord Dominik's Regards,Infinity Edge,Guardian Angel,Boots of Swiftness,The Collector,Rapid Firecannon,Farsight Alteration,Dead Man's Plate,Abyssal Mask,Bloodsong,Control Ward,Kindlegem,Synchronized Souls,Oracle Lens,Grasp of the Undying,Domination,Dark Harvest,Precision,Electrocute,Precision,Press the Attack,Inspiration,Aftershock,Precision,Grasp of the Undying,Inspiration,Conqueror,Inspiration,Electrocute,Sorcery,Dark Harvest,Precision,Hail of Blades,Inspiration,Teleport,Flash,Smite,Flash,Flash,Ghost,Flash,Cleanse,Flash,Ignite,Flash,Teleport,Flash,Smite,Flash,Teleport,Flash,Barrier,Ignite,Flash,1,4,0,0,2,1
https://www.op.gg/summoners/euw/Hannover-EUW/matches/uRd1PvnOddqGtCy5NInnVU3K7HgSdyDTCwzRDbdF41A%3D/1732794491000,1,38,30,30,38,57,46,87,67,30,26,4,0,1,0,9,1,5,0,64994,53699,15.6,14.4,906,762,30.099999999999998,25.4,11295,-11295,2166.4666666666662,1789.9666666666665,Aatrox,Shaco,Sylas,Ashe,Pyke,Aurora,Kayn,Tryndamere,Swain,Bard,Death's Dance,Voltaic Cyclosword,Mercury's Treads,Long Sword,Spear of Shojin,Long Sword,Oracle Lens,Profane Hydra,Lord Dominik's Regards,Youmuu's Ghostblade,Long Sword,Berserker's Greaves,The Brutalizer,Oracle Lens,Hextech Rocketbelt,Zhonya's Hourglass,Cosmic Drive,Ionian Boots of Lucidity,Needlessly Large Rod,Doran's Shield,Oracle Lens,Kraken Slayer,No_Item,Infinity Edge,Runaan's Hurricane,Berserker's Greaves,Executioner's Calling,Farsight Alteration,Youmuu's Ghostblade,Synchronized Souls,Bloodsong,Umbral Glaive,Last Whisper,Long Sword,Oracle Lens,Doran's Ring,Luden's Companion,Amplifying Tome,Boots of Swiftness,Shadowflame,Oblivion Orb,Stealth Ward,Chempunk Chainsword,Eclipse,Randuin's Omen,Black Cleaver,Mercury's Treads,No_Item,Oracle Lens,Stridebreaker,Executioner's Calling,Blade of The Ruined King,No_Item,No_Item,Berserker's Greaves,Oracle Lens,Rylai's Crystal Scepter,Lost Chapter,Zhonya's Hourglass,Liandry's Torment,No_Item,Plated Steelcaps,Stealth Ward,Dead Man's Plate,Bloodsong,Control Ward,Plated Steelcaps,Statikk Shiv,Kindlegem,Oracle Lens,Conqueror,Resolve,Hail of Blades,Sorcery,Conqueror,Resolve,Lethal Tempo,Inspiration,Hail of Blades,Resolve,Electrocute,Sorcery,Conqueror,Inspiration,Lethal Tempo,Resolve,Summon Aery,Resolve,Guardian,Inspiration,Teleport,Flash,Ignite,Smite,Flash,Teleport,Barrier,Flash,Ignite,Flash,Flash,Teleport,Flash,Smite,Ghost,Flash,Ghost,Flash,Flash,Ignite,1,5,1,0,1,0
https://www.op.gg/summoners/euw/Hannover-EUW/matches/uRd1PvnOddpliGrmP896sShk351DN-GCg-iJdR8ANkg%3D/1732792181000,1,28,10,10,28,9,33,31,37,2,4,0,2,0,0,3,0,0,2,36673,25915,10.0,9.0,448,439,28.8,28.3,10758,-10758,2354.010135135135,1663.4628378378377,Fiora,Lee Sin,Sylas,Jhin,Pyke,Aatrox,Udyr,Kog'Maw,Jayce,Karma,Plated Steelcaps,Ravenous Hydra,Cull,Doran's Blade,Long Sword,Long Sword,Oracle Lens,Gustwalker Hatchling,Sundered Sky,Ionian Boots of Lucidity,Control Ward,No_Item,Eclipse,Stealth Ward,Hextech Rocketbelt,Aether Wisp,Amplifying Tome,Doran's Ring,Sorcerer's Shoes,Mejai's Soulstealer,Oracle Lens,Doran's Blade,Refillable Potion,Boots of Swiftness,The Collector,Last Whisper,No_Item,Farsight Alteration,Youmuu's Ghostblade,Synchronized Souls,Bloodsong,Serrated Dirk,No_Item,No_Item,Oracle Lens,Plated Steelcaps,Bramble Vest,Refillable Potion,Caulfield's Warhammer,Long Sword,No_Item,Stealth Ward,Mosstomper Seedling,Dark Seal,Boots,Liandry's Torment,Cloth Armor,Ruby Crystal,Oracle Lens,Seraph's Embrace,Doran's Ring,Sorcerer's Shoes,Amplifying Tome,Amplifying Tome,No_Item,Farsight Alteration,Opportunity,Long Sword,Refillable Potion,Tear of the Goddess,Ionian Boots of Lucidity,Long Sword,Stealth Ward,Refillable Potion,Boots of Swiftness,Dream Maker,Imperial Mandate,No_Item,No_Item,Oracle Lens,Grasp of the Undying,Sorcery,Conqueror,Inspiration,Conqueror,Resolve,Dark Harvest,Precision,Hail of Blades,Resolve,Conqueror,Resolve,Conqueror,Resolve,Arcane Comet,Precision,Conqueror,Sorcery,Summon Aery,Resolve,Teleport,Flash,Flash,Smite,Flash,Teleport,Flash,Heal,Ignite,Flash,Teleport,Flash,Flash,Smite,Flash,Teleport,Teleport,Flash,Ignite,Flash,0,2,0,0,1,0
https://www.op.gg/summoners/euw/Hannover-EUW/matches/uRd1PvnOddrgakcr14bVe4jp4iUV2ie8lyKv2M6ZeS0%3D/1732790436000,1,49,30,30,49,39,59,60,49,20,13,2,1,1,0,11,0,3,1,67259,50138,15.2,13.4,830,690,31.0,25.9,17121,-17121,2522.2125,1880.175,Renekton,Hecarim,Malphite,Tristana,Elise,Jayce,Viego,Akali,Jhin,Tahm Kench,Doran's Blade,Spear of Shojin,Sterak's Gage,Plated Steelcaps,Eclipse,Long Sword,Oracle Lens,Black Cleaver,Eclipse,Ionian Boots of Lucidity,Sterak's Gage,Zeke's Convergence,No_Item,Oracle Lens,Kaenic Rookern,Sunfire Aegis,Thornmail,Plated Steelcaps,"Jak'Sho, The Protean",No_Item,Farsight Alteration,Doran's Blade,Infinity Edge,The Collector,Navori Flickerblade,Noonquiver,Berserker's Greaves,Farsight Alteration,Hextech Rocketbelt,Zhonya's Hourglass,Control Ward,Synchronized Souls,Bloodsong,Cosmic Drive,Oracle Lens,Ionian Boots of Lucidity,Eclipse,Doran's Blade,Muramana,Caulfield's Warhammer,Long Sword,Stealth Ward,Black Cleaver,Kraken Slayer,Caulfield's Warhammer,Long Sword,Plated Steelcaps,No_Item,Oracle Lens,Shadowflame,Sorcerer's Shoes,Stormsurge,Dark Seal,Needlessly Large Rod,Needlessly Large Rod,Farsight Alteration,Doran's Blade,The Collector,Hubris,Boots of Swiftness,Lord Dominik's Regards,Pickaxe,Farsight Alteration,Heartsteel,Boots of Swiftness,Bloodsong,Giant's Belt,Winged Moonplate,Crystalline Bracer,Oracle Lens,Conqueror,Resolve,Phase Rush,Precision,Arcane Comet,Resolve,Hail of Blades,Precision,Dark Harvest,Inspiration,Phase Rush,Inspiration,Conqueror,Inspiration,Electrocute,Resolve,Dark Harvest,Inspiration,Grasp of the Undying,Inspiration,Flash,Teleport,Ghost,Smite,Teleport,Flash,Flash,Barrier,Ignite,Flash,Flash,Teleport,Flash,Smite,Flash,Ignite,Flash,Exhaust,Ignite,Flash,0,6,2,1,0,0
https://www.op.gg/summoners/euw/Hannover-EUW/matches/uRd1PvnOddqNwy-nckXPA6DET3fxCwKSNtXeteUZbE0%3D/1732720195000,1,38,17,17,38,20,52,73,74,28,25,3,0,1,0,10,2,4,0,58958,46575,14.4,12.6,791,743,31.1,29.3,12383,-12383,2314.915337423313,1828.7116564417179,Kennen,Wukong,Irelia,Hwei,Senna,Ambessa,Rengar,Syndra,Ezreal,Pyke,Hextech Rocketbelt,Seeker's Armguard,No_Item,Doran's Blade,Rabadon's Deathcap,Sorcerer's Shoes,Farsight Alteration,Plated Steelcaps,No_Item,Frozen Heart,Sundered Sky,No_Item,Trinity Force,Oracle Lens,Doran's Blade,Blade of The Ruined King,Plated Steelcaps,Kraken Slayer,Sundered Sky,Wit's End,Oracle Lens,Needlessly Large Rod,Dark Seal,Shattered Armguard,Luden's Companion,Horizon Focus,Ionian Boots of Lucidity,Farsight Alteration,Moonstone Renewer,Ionian Boots of Lucidity,Kindlegem,Dream Maker,Forbidden Idol,Dawncore,Oracle Lens,Black Cleaver,Ravenous Hydra,Boots,Tunneler,No_Item,No_Item,Stealth Ward,Last Whisper,Profane Hydra,Youmuu's Ghostblade,Opportunity,Boots,Caulfield's Warhammer,Oracle Lens,Needlessly Large Rod,Refillable Potion,Zhonya's Hourglass,Sorcerer's Shoes,Dark Seal,Luden's Companion,Farsight Alteration,Doran's Blade,Long Sword,Muramana,Trinity Force,Ionian Boots of Lucidity,Long Sword,Farsight Alteration,Umbral Glaive,Synchronized Souls,Celestial Opposition,Serrated Dirk,Tunneler,Long Sword,Oracle Lens,Electrocute,Inspiration,Conqueror,Inspiration,Press the Attack,Domination,Arcane Comet,Precision,Summon Aery,Resolve,Conqueror,Resolve,Conqueror,Domination,First Strike,Sorcery,Press the Attack,Inspiration,Hail of Blades,Resolve,Teleport,Flash,Smite,Flash,Teleport,Flash,Flash,Teleport,Flash,Heal,Flash,Teleport,Flash,Smite,Flash,Teleport,Flash,Exhaust,Ignite,Flash,0,6,1,1,0,0
https://www.op.gg/summoners/euw/Hannover-EUW/matches/34-jfPz6TmyiEA3XTIEPF6NO45Wz_jufe-hl-rLsqTQ%3D/1732468712000,0,12,40,40,12,60,15,38,39,8,9,0,2,0,0,1,9,0,2,34842,48585,11.0,12.6,521,641,24.8,30.5,-13743,13743,1657.9986206896551,2311.9758620689654,Dr. Mundo,Vi,Sylas,Caitlyn,Bard,Ambessa,Viego,Ahri,Varus,Tahm Kench,Warmog's Armor,Slightly Magical Footwear,Giant's Belt,Giant's Belt,Crystalline Bracer,No_Item,Stealth Ward,Pickaxe,Sundered Sky,Tunneler,Plated Steelcaps,Ruby Crystal,No_Item,Oracle Lens,Cosmic Drive,Hextech Rocketbelt,Shattered Armguard,Dark Seal,Ionian Boots of Lucidity,No_Item,Oracle Lens,Doran's Blade,Berserker's Greaves,The Collector,Cloak of Agility,No_Item,No_Item,Farsight Alteration,Bloodsong,Dead Man's Plate,Boots of Swiftness,Scout's Slingshot,No_Item,No_Item,Oracle Lens,Doran's Shield,Refillable Potion,Eclipse,Boots,Spear of Shojin,Long Sword,Stealth Ward,Kraken Slayer,Sundered Sky,Plated Steelcaps,No_Item,Dagger,No_Item,Oracle Lens,Stormsurge,Malignance,Sorcerer's Shoes,No_Item,Mejai's Soulstealer,Doran's Ring,Oracle Lens,Doran's Blade,Tunneler,Serrated Dirk,Hubris,Manamune,Boots of Swiftness,Farsight Alteration,Heartsteel,Trailblazer,Bloodsong,Spectre's Cowl,Boots of Swiftness,No_Item,Oracle Lens,Grasp of the Undying,Inspiration,Conqueror,Inspiration,Electrocute,Precision,Lethal Tempo,Sorcery,Guardian,Inspiration,Grasp of the Undying,Domination,Conqueror,Inspiration,Electrocute,Sorcery,Arcane Comet,Inspiration,Grasp of the Undying,Inspiration,Flash,Teleport,Flash,Smite,Flash,Teleport,Flash,Barrier,Ignite,Flash,Teleport,Flash,Flash,Smite,Flash,Teleport,Teleport,Flash,Ignite,Flash,0,1,0,1,5,2
https://www.op.gg/summoners/euw/Hannover-EUW/matches/34-jfPz6TmxnPSIUx8RcpRrrt9N-QZcCG4Qt_9lWc-o%3D/1732465619000,1,24,13,13,24,19,31,54,48,16,12,3,0,1,0,10,4,4,0,52666,42014,13.4,11.8,788,687,34.3,29.8,10652,-10652,2298.152727272727,1833.3381818181817,Darius,Nidalee,Yasuo,Ezreal,Poppy,Swain,Viego,Yone,Tristana,Leona,Dead Man's Plate,No_Item,Winged Moonplate,Mercury's Treads,Doran's Shield,Trinity Force,Farsight Alteration,Liandry's Torment,Dark Seal,Horizon Focus,Oblivion Orb,Sorcerer's Shoes,Needlessly Large Rod,Oracle Lens,Stridebreaker,Blade of The Ruined King,Berserker's Greaves,Doran's Blade,Immortal Shieldbow,Long Sword,Farsight Alteration,Muramana,Last Whisper,Trinity Force,Ionian Boots of Lucidity,Executioner's Calling,No_Item,Farsight Alteration,Celestial Opposition,Locket of the Iron Solari,No_Item,Knight's Vow,Mercury's Treads,No_Item,Oracle Lens,Rylai's Crystal Scepter,Fimbulwinter,Boots of Swiftness,Amplifying Tome,Cloth Armor,Amplifying Tome,Farsight Alteration,Sundered Sky,Plated Steelcaps,Trinity Force,No_Item,No_Item,Control Ward,Oracle Lens,Doran's Blade,Blade of The Ruined King,Control Ward,Dagger,Immortal Shieldbow,Berserker's Greaves,Stealth Ward,Last Whisper,Berserker's Greaves,Infinity Edge,Cloak of Agility,The Collector,Doran's Blade,Farsight Alteration,Zeke's Convergence,Plated Steelcaps,Bloodsong,Chain Vest,No_Item,Kindlegem,Oracle Lens,Conqueror,Resolve,Conqueror,Sorcery,Lethal Tempo,Resolve,Lethal Tempo,Sorcery,Aftershock,Inspiration,Phase Rush,Precision,Conqueror,Inspiration,Lethal Tempo,Resolve,Hail of Blades,Precision,Aftershock,Inspiration,Flash,Ghost,Flash,Smite,Flash,Teleport,Flash,Cleanse,Flash,Exhaust,Flash,Teleport,Flash,Smite,Flash,Teleport,Flash,Barrier,Ignite,Flash,0,2,1,1,4,0
