GAME_ID,BLUE_WIN,BLUE_KILLS,RED_KILLS,BLUE_DEATHS,RED_DEATHS,RED_ASSISTS,BLUE_ASSISTS,BLUE_WARDS_PLACED,RED_WARDS_PLACED,BLUE_WARDS_DESTROYED,RED_WARDS_DESTROYED,BLUE_DRAGONS,RED_DRAGONS,BLUE_BARONS,RED_BARONS,BLUE_TOWERS,RED_TOWERS,BLUE_ELITE_MONSTERS,RED_ELITE_MONSTERS,BLUE_TEAM_GOLD,RED_TEAM_GOLD,BLUE_TEAM_LEVEL,RED_TEAM_LEVEL,BLUE_TEAM_CS,RED_TEAM_CS,BLUE_TEAAM_CS_PER_MINUTE,RED_TEAAM_CS_PER_MINUTE,BLUE_GOLD_DIFF,RED_GOLD_DIFF,BLUE_GOLD_PER_MIN,RED_GOLD_PER_MIN,BLUE_TEAM_TOP,BLUE_TEAM_JNG,BLUE_TEAM_MID,BLUE_TEAM_ADC,BLUE_TEAM_SUP,RED_TEAM_TOP,RED_TEAM_JNG,RED_TEAM_MID,RED_TEAM_ADC,RED_TEAM_SUP,BLLUE_TEAM_TOP_ITEM_1,BLLUE_TEAM_TOP_ITEM_2,BLLUE_TEAM_TOP_ITEM_3,BLLUE_TEAM_TOP_ITEM_4,BLLUE_TEAM_TOP_ITEM_5,BLLUE_TEAM_TOP_ITEM_6,BLLUE_TEAM_TOP_ITEM_VISION,BLLUE_TEAM_JNG_ITEM_1,BLLUE_TEAM_JNG_ITEM_2,BLLUE_TEAM_JNG_ITEM_3,BLLUE_TEAM_JNG_ITEM_4,BLLUE_TEAM_JNG_ITEM_5,BLLUE_TEAM_JNG_ITEM_6,BLLUE_TEAM_JNG_ITEM_VISION,BLLUE_TEAM_MID_ITEM_1,BLLUE_TEAM_MID_ITEM_2,BLLUE_TEAM_MID_ITEM_3,BLLUE_TEAM_MID_ITEM_4,BLLUE_TEAM_MID_ITEM_5,BLLUE_TEAM_MID_ITEM_6,BLLUE_TEAM_MID_ITEM_VISION,BLLUE_TEAM_ADC_ITEM_1,BLLUE_TEAM_ADC_ITEM_2,BLLUE_TEAM_ADC_ITEM_3,BLLUE_TEAM_ADC_ITEM_4,BLLUE_TEAM_ADC_ITEM_5,BLLUE_TEAM_ADC_ITEM_6,BLLUE_TEAM_ADC_ITEM_VISION,BLLUE_TEAM_SUP_ITEM_1,BLLUE_TEAM_SUP_ITEM_2,BLLUE_TEAM_SUP_ITEM_3,BLLUE_TEAM_SUP_ITEM_4,BLLUE_TEAM_SUP_ITEM_5,BLLUE_TEAM_SUP_ITEM_6,BLLUE_TEAM_SUP_ITEM_VISION,RED_TEAM_TOP_ITEM_1,RED_TEAM_TOP_ITEM_2,RED_TEAM_TOP_ITEM_3,RED_TEAM_TOP_ITEM_4,RED_TEAM_TOP_ITEM_5,RED_TEAM_TOP_ITEM_6,RED_TEAM_TOP_ITEM_VISION,RED_TEAM_JNG_ITEM_1,RED_TEAM_JNG_ITEM_2,RED_TEAM_JNG_ITEM_3,RED_TEAM_JNG_ITEM_4,RED_TEAM_JNG_ITEM_5,RED_TEAM_JNG_ITEM_6,RED_TEAM_JNG_ITEM_VISION,RED_TEAM_MID_ITEM_1,RED_TEAM_MID_ITEM_2,RED_TEAM_MID_ITEM_3,RED_TEAM_MID_ITEM_4,RED_TEAM_MID_ITEM_5,RED_TEAM_MID_ITEM_6,RED_TEAM_MID_ITEM_VISION,RED_TEAM_ADC_ITEM_1,RED_TEAM_ADC_ITEM_2,RED_TEAM_ADC_ITEM_3,RED_TEAM_ADC_ITEM_4,RED_TEAM_ADC_ITEM_5,RED_TEAM_ADC_ITEM_6,RED_TEAM_ADC_ITEM_VISION,RED_TEAM_SUP_ITEM_1,RED_TEAM_SUP_ITEM_2,RED_TEAM_SUP_ITEM_3,RED_TEAM_SUP_ITEM_4,RED_TEAM_SUP_ITEM_5,RED_TEAM_SUP_ITEM_6,RED_TEAM_SUP_ITEM_VISION,BLUE_TEAM_TOP_RUNE_01,BLUE_TEAM_TOP_RUNE_02,BLUE_TEAM_JNG_RUNE_01,BLUE_TEAM_JNG_RUNE_02,BLUE_TEAM_MID_RUNE_01,BLUE_TEAM_MID_RUNE_02,BLUE_TEAM_ADC_RUNE_01,BLUE_TEAM_ADC_RUNE_02,BLUE_TEAM_SUP_RUNE_01,BLUE_TEAM_SUP_RUNE_02,RED_TEAM_TOP_RUNE_01,RED_TEAM_TOP_RUNE_02,RED_TEAM_JNG_RUNE_01,RED_TEAM_JNG_RUNE_02,RED_TEAM_MID_RUNE_01,RED_TEAM_MID_RUNE_02,RED_TEAM_ADC_RUNE_01,RED_TEAM_ADC_RUNE_02,RED_TEAM_SUP_RUNE_01,RED_TEAM_SUP_RUNE_02,BLUE_TEAM_TOP_SUMMONER_01,BLUE_TEAM_TOP_SUMMONER_02,BLUE_TEAM_JNG_SUMMONER_01,BLUE_TEAM_JNG_SUMMONER_02,BLUE_TEAM_MID_SUMMONER_01,BLUE_TEAM_MID_SUMMONER_02,BLUE_TEAM_ADC_SUMMONER_01,BLUE_TEAM_ADC_SUMMONER_02,BLUE_TEAM_SUP_SUMMONER_01,BLUE_TEAM_SUP_SUMMONER_02,RED_TEAM_TOP_SUMMONER_01,RED_TEAM_TOP_SUMMONER_02,RED_TEAM_JNG_SUMMONER_01,RED_TEAM_JNG_SUMMONER_02,RED_TEAM_MID_SUMMONER_01,RED_TEAM_MID_SUMMONER_02,RED_TEAM_ADC_SUMMONER_01,RED_TEAM_ADC_SUMMONER_02,RED_TEAM_SUP_SUMMONER_01,RED_TEAM_SUP_SUMMONER_02,BLUE_TEAM_RIFT_HERALDS,BLUE_TEAM_VOID_GRUBS,BLUE_TEAM_INHIBITORS,RED_TEAM_RIFT_HERALDS,RED_TEAM_VOID_GRUBS,RED_TEAM_INHIBITORS
https://www.op.gg/summoners/euw/Boat%20Crew%202-David/matches/uRd1PvnOddpdx_TTev00o3aUpqt1_A1Q5GWVD9FgGyY%3D/1735579966000,0,21,41,41,21,84,31,65,79,20,18,0,4,0,1,3,11,0,5,56190,68169,14.6,16.4,869,1009,27.6,32.0,-11979,11979,1777.438775510204,2156.3663265306122,Camille,Skarner,Syndra,Kog'Maw,Zac,Zilean,Wukong,Yone,Swain,Alistar,Ravenous Hydra,Spear of Shojin,Control Ward,Trinity Force,Boots,Ruby Crystal,Oracle Lens,Thornmail,Heartsteel,Ruby Crystal,Kaenic Rookern,Mercury's Treads,No_Item,Oracle Lens,Luden's Companion,Zhonya's Hourglass,Ionian Boots of Lucidity,Cosmic Drive,Void Staff,No_Item,Farsight Alteration,Doran's Blade,Guinsoo's Rageblade,Wit's End,Berserker's Greaves,Terminus,No_Item,Farsight Alteration,Zeke's Convergence,Abyssal Mask,Celestial Opposition,Kindlegem,Ionian Boots of Lucidity,Null-Magic Mantle,Oracle Lens,Aether Wisp,Seraph's Embrace,Ionian Boots of Lucidity,Frozen Heart,Kindlegem,Fiendish Codex,Stealth Ward,Abyssal Mask,Sterak's Gage,Tunneler,Trinity Force,Black Cleaver,Boots of Swiftness,Oracle Lens,Immortal Shieldbow,Berserker's Greaves,Quicksilver Sash,Hullbreaker,Blade of The Ruined King,B. F. Sword,Farsight Alteration,Blackfire Torch,Cosmic Drive,Void Staff,Negatron Cloak,Rylai's Crystal Scepter,Boots of Swiftness,Farsight Alteration,Locket of the Iron Solari,Celestial Opposition,Knight's Vow,Boots of Swiftness,Kindlegem,Kindlegem,Oracle Lens,Conqueror,Resolve,Grasp of the Undying,Inspiration,First Strike,Sorcery,Lethal Tempo,Resolve,Aftershock,Precision,Summon Aery,Resolve,Conqueror,Inspiration,Fleet Footwork,Resolve,Conqueror,Sorcery,Aftershock,Inspiration,Flash,Teleport,Flash,Smite,Flash,Teleport,Flash,Barrier,Flash,Ignite,Teleport,Flash,Flash,Smite,Teleport,Flash,Flash,Teleport,Flash,Ignite,1,6,0,0,0,3
https://www.op.gg/summoners/euw/Boat%20Crew%202-David/matches/uRd1PvnOddpvUnLEkUPhq4pbnlTf6PIeusaDGjA0iE8%3D/1735552656000,0,26,43,43,26,78,38,69,69,21,16,1,1,0,2,4,10,1,3,55428,65967,14.0,15.8,819,883,27.7,29.8,-10539,10539,1865.1127962085307,2219.742654028436,Garen,Evelynn,Akshan,Jinx,Nautilus,Malphite,Ambessa,Xerath,Smolder,Zac,Chain Vest,Stridebreaker,Winged Moonplate,Boots of Swiftness,Mortal Reminder,Phantom Dancer,Stealth Ward,Rabadon's Deathcap,Dark Seal,Lich Bane,Sorcerer's Shoes,Blighting Jewel,Amplifying Tome,Stealth Ward,Slightly Magical Footwear,Cloak of Agility,Lord Dominik's Regards,Statikk Shiv,Infinity Edge,The Collector,Farsight Alteration,Last Whisper,No_Item,Berserker's Greaves,Yun Tal Wildarrows,Doran's Blade,Infinity Edge,Farsight Alteration,Locket of the Iron Solari,Bloodsong,Control Ward,Mercury's Treads,Abyssal Mask,Ruby Crystal,Oracle Lens,Sunfire Aegis,Force of Nature,Randuin's Omen,Ruby Crystal,Thornmail,Plated Steelcaps,Stealth Ward,Spear of Shojin,Eclipse,Black Cleaver,No_Item,Long Sword,Plated Steelcaps,Oracle Lens,Doran's Ring,Rylai's Crystal Scepter,Shadowflame,Luden's Companion,Sorcerer's Shoes,Hextech Alternator,Farsight Alteration,Lord Dominik's Regards,Hubris,Ionian Boots of Lucidity,Long Sword,Rapid Firecannon,Essence Reaver,Farsight Alteration,Spectre's Cowl,Zeke's Convergence,Celestial Opposition,Unending Despair,Ionian Boots of Lucidity,Kindlegem,Oracle Lens,Phase Rush,Resolve,Electrocute,Sorcery,Press the Attack,Inspiration,Lethal Tempo,Sorcery,Aftershock,Inspiration,Arcane Comet,Resolve,Dark Harvest,Inspiration,Arcane Comet,Precision,Arcane Comet,Inspiration,Aftershock,Precision,Ignite,Flash,Flash,Smite,Flash,Teleport,Barrier,Flash,Flash,Ignite,Flash,Teleport,Flash,Smite,Flash,Teleport,Heal,Flash,Flash,Ignite,1,6,0,0,0,2
https://www.op.gg/summoners/euw/Boat%20Crew%202-David/matches/uRd1PvnOddr5rek3tfTdgzpTtJlahPTQ8K6AxMLHbzY%3D/1735471457000,0,53,60,60,53,135,97,114,140,34,41,2,5,2,2,7,10,4,7,90891,93310,17.6,17.8,1152,1099,25.2,24.1,-2419,2419,2006.152702702703,2059.5450450450453,K'Sante,Jarvan IV,Anivia,Varus,Zac,Maokai,Wukong,Hwei,Miss Fortune,Rakan,Abyssal Mask,Unending Despair,Fimbulwinter,"Jak'Sho, The Protean",Mercury's Treads,Warden's Mail,Stealth Ward,Mercury's Treads,Sundered Sky,Eclipse,Sterak's Gage,Thornmail,Kaenic Rookern,Oracle Lens,Liandry's Torment,Malignance,Void Staff,Boots of Swiftness,Catalyst of Aeons,Zhonya's Hourglass,Farsight Alteration,Blade of The Ruined King,Nashor's Tooth,"Jak'Sho, The Protean",Terminus,Rabadon's Deathcap,Guinsoo's Rageblade,Farsight Alteration,Mercury's Treads,Zeke's Convergence,Celestial Opposition,Spirit Visage,Liandry's Torment,Riftmaker,Oracle Lens,Spirit Visage,Abyssal Mask,Negatron Cloak,Fimbulwinter,Mercury's Treads,Unending Despair,Oracle Lens,Black Cleaver,Trinity Force,Guardian Angel,Sterak's Gage,Sundered Sky,Mercury's Treads,Oracle Lens,Liandry's Torment,Blackfire Torch,Void Staff,Sorcerer's Shoes,Needlessly Large Rod,Horizon Focus,Farsight Alteration,Berserker's Greaves,Bloodthirster,Mortal Reminder,Infinity Edge,Essence Reaver,Rapid Firecannon,Farsight Alteration,Redemption,Locket of the Iron Solari,Celestial Opposition,No_Item,Knight's Vow,Mercury's Treads,Oracle Lens,Conqueror,Sorcery,Conqueror,Inspiration,Phase Rush,Precision,Lethal Tempo,Resolve,Aftershock,Precision,Grasp of the Undying,Inspiration,Conqueror,Inspiration,Arcane Comet,Precision,Press the Attack,Inspiration,Guardian,Domination,Flash,Teleport,Flash,Smite,Ignite,Flash,Flash,Barrier,Flash,Ignite,Teleport,Flash,Flash,Smite,Flash,Teleport,Barrier,Flash,Heal,Flash,0,5,1,1,0,2
https://www.op.gg/summoners/euw/Boat%20Crew%202-David/matches/uRd1PvnOddrfu3OnFFY9_29cwj5BggjDemC4KFM8Qis%3D/1735466917000,0,21,32,32,21,58,40,89,71,22,29,1,4,0,2,4,10,1,6,63677,70360,16.0,16.8,1037,1052,30.400000000000002,30.8,-6683,6683,1860.8803652968036,2056.1826484018266,Ornn,Viego,Syndra,Jinx,Zac,Sett,Wukong,Akali,Corki,Nami,Plated Steelcaps,Kaenic Rookern,Sunfire Aegis,Frozen Heart,Doran's Shield,Ruby Crystal,Oracle Lens,Trinity Force,Sterak's Gage,No_Item,Sundered Sky,Plated Steelcaps,Wit's End,Oracle Lens,Zhonya's Hourglass,Blackfire Torch,Rabadon's Deathcap,Dark Seal,Cosmic Drive,Sorcerer's Shoes,Farsight Alteration,Zeal,Berserker's Greaves,Infinity Edge,Lord Dominik's Regards,Doran's Blade,Yun Tal Wildarrows,Farsight Alteration,Celestial Opposition,Locket of the Iron Solari,Knight's Vow,Ionian Boots of Lucidity,Kindlegem,Dark Seal,Oracle Lens,Overlord's Bloodmail,Stridebreaker,Black Cleaver,Mercury's Treads,No_Item,No_Item,Stealth Ward,Trinity Force,Sundered Sky,Mercury's Treads,No_Item,No_Item,Black Cleaver,Oracle Lens,Blighting Jewel,Hextech Rocketbelt,Zhonya's Hourglass,Sorcerer's Shoes,No_Item,Shadowflame,Oracle Lens,Muramana,Plated Steelcaps,Trinity Force,Infinity Edge,Lord Dominik's Regards,Rapid Firecannon,Farsight Alteration,Dream Maker,Redemption,Dark Seal,Echoes of Helia,Boots of Swiftness,Dawncore,Oracle Lens,Grasp of the Undying,Precision,Conqueror,Inspiration,First Strike,Sorcery,Lethal Tempo,Sorcery,Aftershock,Precision,Conqueror,Resolve,Conqueror,Inspiration,Electrocute,Resolve,Conqueror,Inspiration,Summon Aery,Domination,Teleport,Flash,Flash,Smite,Flash,Teleport,Barrier,Flash,Flash,Ignite,Teleport,Flash,Flash,Smite,Flash,Teleport,Flash,Barrier,Flash,Heal,1,5,0,0,1,2
https://www.op.gg/summoners/euw/Boat%20Crew%202-David/matches/uRd1PvnOddpBBqNhOqSDBeJbGagYVFZ6MHlK34KzBUc%3D/1735464440000,0,9,30,30,9,49,9,70,60,13,17,0,4,0,1,5,11,0,5,49018,60533,13.0,15.2,858,861,29.9,29.9,-11515,11515,1707.723870967742,2108.891612903226,Yone,Wukong,Akali,Ezreal,Nami,Shen,Udyr,Viktor,Jinx,Zac,Infinity Edge,Berserker's Greaves,Blade of The Ruined King,Executioner's Calling,Long Sword,Cloak of Agility,Stealth Ward,Trinity Force,Sundered Sky,Maw of Malmortius,Slightly Magical Footwear,No_Item,No_Item,Oracle Lens,Shadowflame,Stormsurge,Sorcerer's Shoes,Dark Seal,No_Item,No_Item,Oracle Lens,Doran's Blade,Trinity Force,Muramana,Ionian Boots of Lucidity,Serylda's Grudge,Long Sword,Farsight Alteration,Ionian Boots of Lucidity,No_Item,Zaz'Zak's Realmspike,Imperial Mandate,Ardent Censer,No_Item,Oracle Lens,Sunfire Aegis,Heartsteel,Negatron Cloak,Doran's Shield,Plated Steelcaps,Kindlegem,Farsight Alteration,Unending Despair,Liandry's Torment,Spirit Visage,Mejai's Soulstealer,Plated Steelcaps,Bramble Vest,Oracle Lens,Void Staff,Cosmic Drive,Liandry's Torment,Mejai's Soulstealer,Sorcerer's Shoes,No_Item,Farsight Alteration,Infinity Edge,Runaan's Hurricane,Yun Tal Wildarrows,Doran's Blade,Berserker's Greaves,Last Whisper,Farsight Alteration,Celestial Opposition,Ionian Boots of Lucidity,Zeke's Convergence,Abyssal Mask,Kindlegem,Dark Seal,Oracle Lens,Lethal Tempo,Resolve,Conqueror,Inspiration,Electrocute,Sorcery,Conqueror,Inspiration,Summon Aery,Domination,Grasp of the Undying,Inspiration,Conqueror,Inspiration,Grasp of the Undying,Sorcery,Lethal Tempo,Sorcery,Aftershock,Precision,Teleport,Flash,Flash,Smite,Flash,Teleport,Flash,Barrier,Flash,Heal,Ignite,Flash,Flash,Smite,Flash,Teleport,Barrier,Flash,Flash,Ignite,0,3,0,0,3,2
https://www.op.gg/summoners/euw/Boat%20Crew%202-David/matches/uRd1PvnOddom51FHEKvP8v9acEmy5Bsl-keCDDC8qcQ%3D/1735462116000,0,19,35,35,19,66,33,66,72,15,14,1,2,1,1,1,10,2,3,50558,63981,13.8,15.6,788,890,27.8,31.4,-13423,13423,1788.9753846153847,2263.943076923077,Riven,Kindred,Viktor,Varus,Zac,Camille,Darius,Yone,Seraphine,Senna,Eclipse,Sundered Sky,Phage,Ionian Boots of Lucidity,No_Item,Doran's Blade,Stealth Ward,Plated Steelcaps,Serpent's Fang,Trinity Force,Zeal,Last Whisper,Dagger,Oracle Lens,Doran's Ring,Sorcerer's Shoes,Lich Bane,Luden's Companion,Needlessly Large Rod,Needlessly Large Rod,Farsight Alteration,Ionian Boots of Lucidity,Muramana,Youmuu's Ghostblade,Serylda's Grudge,Doran's Blade,Serrated Dirk,Farsight Alteration,Dark Seal,Knight's Vow,Celestial Opposition,Zeke's Convergence,Ionian Boots of Lucidity,Kindlegem,Oracle Lens,Trinity Force,Ravenous Hydra,Plated Steelcaps,Long Sword,Pickaxe,Cloth Armor,Stealth Ward,Trinity Force,Dead Man's Plate,No_Item,Winged Moonplate,Boots of Swiftness,Negatron Cloak,Oracle Lens,Negatron Cloak,Blade of The Ruined King,Immortal Shieldbow,Berserker's Greaves,Infinity Edge,Chain Vest,Farsight Alteration,Doran's Ring,Giant's Belt,Zhonya's Hourglass,Cosmic Drive,Seraph's Embrace,Ionian Boots of Lucidity,Farsight Alteration,Bloodsong,Boots of Swiftness,Black Cleaver,Phantom Dancer,Edge of Night,No_Item,Oracle Lens,Conqueror,Inspiration,Press the Attack,Inspiration,Summon Aery,Precision,Hail of Blades,Inspiration,Aftershock,Precision,Grasp of the Undying,Inspiration,Conqueror,Inspiration,Fleet Footwork,Resolve,Summon Aery,Precision,Summon Aery,Inspiration,Ignite,Flash,Flash,Smite,Teleport,Flash,Flash,Barrier,Flash,Ignite,Flash,Teleport,Flash,Smite,Flash,Teleport,Flash,Teleport,Flash,Heal,0,0,0,1,6,2
https://www.op.gg/summoners/euw/Boat%20Crew%202-David/matches/uRd1PvnOddpyfJQb778jQLT45OnOTv0IW_m2IIDkw1A%3D/1735459121000,1,31,18,18,31,34,56,68,74,26,19,2,1,1,0,8,3,3,1,58853,50812,14.6,13.8,833,843,29.1,29.4,8041,-8041,2066.1159574468084,1783.8255319148934,Ambessa,Viego,Lissandra,Aphelios,Rell,Rumble,Rek'Sai,Akshan,Smolder,Nami,Eclipse,Spear of Shojin,Sterak's Gage,Long Sword,No_Item,Plated Steelcaps,Oracle Lens,Kraken Slayer,Plated Steelcaps,Titanic Hydra,Sterak's Gage,No_Item,Control Ward,Oracle Lens,Rabadon's Deathcap,Shadowflame,Malignance,Dark Seal,Fiendish Codex,Sorcerer's Shoes,Oracle Lens,Mortal Reminder,The Collector,Boots of Swiftness,Cloak of Agility,Pickaxe,No_Item,Farsight Alteration,Knight's Vow,Locket of the Iron Solari,Celestial Opposition,Plated Steelcaps,Kindlegem,No_Item,Oracle Lens,Refillable Potion,Shattered Armguard,No_Item,Riftmaker,Liandry's Torment,Plated Steelcaps,Stealth Ward,Titanic Hydra,Control Ward,Mercury's Treads,Pickaxe,Executioner's Calling,Spear of Shojin,Oracle Lens,Doran's Blade,Infinity Edge,Cloak of Agility,Lord Dominik's Regards,Slightly Magical Footwear,The Collector,Farsight Alteration,Zeal,Muramana,Spear of Shojin,Plated Steelcaps,Vampiric Scepter,No_Item,Farsight Alteration,Boots of Swiftness,Solstice Sleigh,Imperial Mandate,Shurelya's Battlesong,Dark Seal,Glowing Mote,Oracle Lens,Grasp of the Undying,Domination,Conqueror,Inspiration,Electrocute,Sorcery,Press the Attack,Sorcery,Aftershock,Inspiration,Arcane Comet,Domination,Conqueror,Inspiration,Press the Attack,Inspiration,Fleet Footwork,Inspiration,Summon Aery,Domination,Teleport,Flash,Flash,Smite,Flash,Teleport,Flash,Barrier,Flash,Ignite,Teleport,Flash,Flash,Smite,Teleport,Flash,Teleport,Flash,Flash,Heal,1,5,1,0,1,0
https://www.op.gg/summoners/euw/Boat%20Crew%202-David/matches/uRd1PvnOddrIKT_vNP4j3c9YQUXv_T31Xu-RXiZ-IsU%3D/1735454936000,1,36,7,7,36,14,50,42,46,10,18,3,0,1,0,10,1,4,0,54118,38188,13.8,11.4,720,641,30.2,26.9,15930,-15930,2262.560451977401,1596.560451977401,Kennen,Skarner,Hwei,Jhin,Zac,Olaf,Taliyah,Volibear,Zeri,Leona,Doran's Blade,Liandry's Torment,Mercury's Treads,Shadowflame,Dark Seal,No_Item,Stealth Ward,Sterak's Gage,Heartsteel,Chain Vest,Ionian Boots of Lucidity,Kindlegem,Ruby Crystal,Oracle Lens,Doran's Ring,Sorcerer's Shoes,Zhonya's Hourglass,Blackfire Torch,Mejai's Soulstealer,Horizon Focus,Stealth Ward,Infinity Edge,The Collector,Berserker's Greaves,Last Whisper,Cloak of Agility,Control Ward,Farsight Alteration,Celestial Opposition,Ionian Boots of Lucidity,Zeke's Convergence,Abyssal Mask,Thornmail,No_Item,Oracle Lens,Doran's Shield,Stridebreaker,Maw of Malmortius,Boots,Pickaxe,No_Item,Stealth Ward,Blighting Jewel,Dark Seal,Blackfire Torch,Sorcerer's Shoes,Liandry's Torment,Blasting Wand,Oracle Lens,Doran's Shield,Tear of the Goddess,Spirit Visage,Mercury's Treads,Giant's Belt,Glowing Mote,Stealth Ward,Doran's Blade,Runaan's Hurricane,Statikk Shiv,No_Item,No_Item,Berserker's Greaves,Stealth Ward,Bloodsong,Synchronized Souls,Control Ward,Abyssal Mask,Cloth Armor,No_Item,Oracle Lens,Summon Aery,Domination,Grasp of the Undying,Inspiration,Arcane Comet,Inspiration,Dark Harvest,Precision,Aftershock,Precision,Conqueror,Inspiration,First Strike,Domination,Press the Attack,Resolve,Lethal Tempo,Inspiration,Aftershock,Domination,Flash,Ghost,Smite,Flash,Flash,Teleport,Flash,Cleanse,Flash,Ignite,Flash,Ghost,Smite,Flash,Flash,Teleport,Barrier,Flash,Flash,Exhaust,1,6,2,0,0,0
https://www.op.gg/summoners/euw/Boat%20Crew%202-David/matches/uRd1PvnOddptdYzqUFK1am0Hm-NslKhGsr0hz4egITg%3D/1735409707000,0,15,27,27,15,29,17,47,46,17,10,2,1,0,1,1,5,2,2,43651,50592,12.4,13.6,732,768,31.6,33.1,-6941,6941,1888.7451923076924,2189.0769230769233,Viktor,Wukong,Quinn,Kog'Maw,Thresh,Vladimir,Taliyah,Garen,Ezreal,Zac,Doran's Ring,Refillable Potion,Blackfire Torch,Liandry's Torment,Sorcerer's Shoes,Needlessly Large Rod,Farsight Alteration,Sundered Sky,Trinity Force,Boots of Swiftness,Negatron Cloak,Ruby Crystal,Control Ward,Oracle Lens,Edge of Night,The Collector,Last Whisper,Serrated Dirk,Synchronized Souls,Null-Magic Mantle,Stealth Ward,Doran's Blade,Guinsoo's Rageblade,Blade of The Ruined King,Berserker's Greaves,Recurve Bow,Long Sword,Stealth Ward,Solstice Sleigh,Locket of the Iron Solari,Control Ward,Boots of Swiftness,Spectre's Cowl,Null-Magic Mantle,Oracle Lens,Doran's Ring,Mejai's Soulstealer,Sorcerer's Shoes,Stormsurge,Shadowflame,Needlessly Large Rod,Stealth Ward,Liandry's Torment,Blackfire Torch,Zhonya's Hourglass,Control Ward,Dark Seal,Sorcerer's Shoes,Oracle Lens,Stridebreaker,Boots of Swiftness,Doran's Shield,Phantom Dancer,Cloak of Agility,No_Item,Stealth Ward,Doran's Blade,Trinity Force,Ionian Boots of Lucidity,Muramana,Bloodthirster,Long Sword,Farsight Alteration,Zeke's Convergence,Knight's Vow,Celestial Opposition,Ionian Boots of Lucidity,Dark Seal,Elixir of Iron,Oracle Lens,First Strike,Sorcery,Conqueror,Inspiration,Electrocute,Sorcery,Lethal Tempo,Resolve,Aftershock,Inspiration,Summon Aery,Precision,First Strike,Domination,Phase Rush,Resolve,Press the Attack,Inspiration,Aftershock,Precision,Flash,Teleport,Flash,Smite,Flash,Ignite,Flash,Barrier,Flash,Ignite,Flash,Ghost,Smite,Flash,Flash,Ignite,Flash,Barrier,Flash,Ignite,0,1,0,1,5,0
https://www.op.gg/summoners/euw/Boat%20Crew%202-David/matches/uRd1PvnOddrQrO5FM8RgLVbwer4Def5mpAn7C3wz33U%3D/1735382469000,0,6,28,28,6,60,7,70,94,41,34,2,1,0,1,2,11,2,2,42668,59443,13.2,15.0,835,980,30.2,35.6,-16775,16775,1537.3029411764705,2141.696323529412,K'Sante,Zac,Aurora,Ezreal,Bard,Varus,Karthus,Corki,Zeri,Rakan,Doran's Shield,Kindlegem,Chain Vest,Boots,Tear of the Goddess,Spirit Visage,Stealth Ward,Abyssal Mask,Sunfire Aegis,Dark Seal,Ionian Boots of Lucidity,Ruby Crystal,Amplifying Tome,Stealth Ward,Doran's Ring,Sorcerer's Shoes,Mejai's Soulstealer,Malignance,Shadowflame,No_Item,Oracle Lens,Doran's Blade,Muramana,Trinity Force,B. F. Sword,Ionian Boots of Lucidity,Long Sword,Farsight Alteration,Bloodsong,Warmog's Armor,Boots of Swiftness,Winged Moonplate,No_Item,No_Item,Oracle Lens,Terminus,Nashor's Tooth,Sorcerer's Shoes,Banshee's Veil,Rabadon's Deathcap,No_Item,Farsight Alteration,Shadowflame,Sorcerer's Shoes,Blighting Jewel,Blackfire Torch,Needlessly Large Rod,Needlessly Large Rod,Farsight Alteration,Doran's Blade,Trinity Force,Muramana,Zeal,Mercury's Treads,Dagger,Farsight Alteration,Berserker's Greaves,Last Whisper,Doran's Blade,Statikk Shiv,Runaan's Hurricane,Infinity Edge,Farsight Alteration,Celestial Opposition,Locket of the Iron Solari,No_Item,Redemption,No_Item,Mercury's Treads,Oracle Lens,Grasp of the Undying,Sorcery,Aftershock,Precision,Electrocute,Sorcery,Press the Attack,Inspiration,Grasp of the Undying,Domination,Press the Attack,Resolve,First Strike,Domination,Conqueror,Inspiration,Lethal Tempo,Resolve,Guardian,Domination,Teleport,Flash,Flash,Smite,Teleport,Flash,Flash,Barrier,Flash,Ignite,Flash,Barrier,Smite,Flash,Flash,Teleport,Flash,Barrier,Flash,Heal,0,2,0,1,4,3
https://www.op.gg/summoners/euw/Boat%20Crew%202-David/matches/uRd1PvnOddqnZlZGYwwRPhkCu5XWXejvbpVjKqxVres%3D/1735380249000,1,36,17,18,36,26,57,63,67,16,9,3,0,1,0,11,3,4,0,64594,51549,15.4,14.0,918,810,32.7,28.7,13045,-13045,2281.8532608695655,1821.0244565217392,Darius,Taliyah,Garen,Draven,Cho'Gath,Heimerdinger,Ambessa,Lissandra,Corki,Zac,Doran's Shield,Stridebreaker,Sterak's Gage,Sundered Sky,Mercury's Treads,Winged Moonplate,Farsight Alteration,Verdant Barrier,Sorcerer's Shoes,Zhonya's Hourglass,Mejai's Soulstealer,Shadowflame,Blackfire Torch,Oracle Lens,Stridebreaker,Boots of Swiftness,Phantom Dancer,Doran's Shield,Mortal Reminder,Serrated Dirk,Stealth Ward,Doran's Blade,Bloodthirster,Winged Moonplate,Boots of Swiftness,Trinity Force,Chain Vest,Stealth Ward,Solstice Sleigh,Shurelya's Battlesong,Ionian Boots of Lucidity,Ruby Crystal,Negatron Cloak,Warmog's Armor,Oracle Lens,Malignance,Void Staff,Rylai's Crystal Scepter,Sorcerer's Shoes,No_Item,No_Item,Oracle Lens,Spear of Shojin,Black Cleaver,Boots,Cloth Armor,Long Sword,Eclipse,Oracle Lens,Zhonya's Hourglass,Malignance,Haunting Guise,Sorcerer's Shoes,Amplifying Tome,No_Item,Farsight Alteration,B. F. Sword,Muramana,Trinity Force,Mortal Reminder,No_Item,Plated Steelcaps,Farsight Alteration,Celestial Opposition,Zeke's Convergence,Ionian Boots of Lucidity,Dark Seal,Abyssal Mask,No_Item,Oracle Lens,Conqueror,Resolve,First Strike,Domination,Phase Rush,Resolve,Lethal Tempo,Domination,Arcane Comet,Domination,Dark Harvest,Sorcery,Conqueror,Domination,Arcane Comet,Domination,Conqueror,Inspiration,Aftershock,Precision,Flash,Ghost,Smite,Flash,Flash,Ignite,Flash,Barrier,Ignite,Flash,Teleport,Flash,Smite,Flash,Flash,Teleport,Flash,Barrier,Flash,Ignite,1,6,2,0,0,0
https://www.op.gg/summoners/euw/Boat%20Crew%202-David/matches/uRd1PvnOddq56D29ZfOWZLn6SIkQQ8yVTKgY8PA0K_Y%3D/1735303548000,0,23,33,33,23,56,37,92,83,23,28,3,1,0,1,3,8,3,2,54250,61725,14.2,15.0,908,849,30.5,28.5,-7475,7475,1834.1666666666665,2086.892857142857,Aurora,Talon,Lissandra,Jhin,Rakan,K'Sante,Lee Sin,Viktor,Miss Fortune,Zac,Shadowflame,Blighting Jewel,Luden's Companion,Ionian Boots of Lucidity,Dark Seal,Blasting Wand,Stealth Ward,Youmuu's Ghostblade,Opportunity,Last Whisper,Edge of Night,Umbral Glaive,Boots of Swiftness,Oracle Lens,Doran's Ring,Zhonya's Hourglass,Null-Magic Mantle,Haunting Guise,Malignance,Sorcerer's Shoes,Farsight Alteration,Boots of Swiftness,Lord Dominik's Regards,Statikk Shiv,Infinity Edge,No_Item,No_Item,Farsight Alteration,Locket of the Iron Solari,Celestial Opposition,Control Ward,Redemption,Ionian Boots of Lucidity,No_Item,Oracle Lens,Boots of Swiftness,Kaenic Rookern,Iceborn Gauntlet,"Jak'Sho, The Protean",Spirit Visage,Ruby Crystal,Stealth Ward,Steel Sigil,Control Ward,B. F. Sword,Sterak's Gage,Sundered Sky,Mercury's Treads,Stealth Ward,Liandry's Torment,Dark Seal,Zhonya's Hourglass,Mercury's Treads,Doran's Ring,Blackfire Torch,Farsight Alteration,Berserker's Greaves,Infinity Edge,Bloodthirster,The Collector,Rapid Firecannon,Doran's Blade,Farsight Alteration,Zeke's Convergence,Abyssal Mask,Celestial Opposition,Ionian Boots of Lucidity,Dark Seal,Ruby Crystal,Oracle Lens,Electrocute,Precision,Phase Rush,Inspiration,Arcane Comet,Resolve,Fleet Footwork,Sorcery,Guardian,Domination,Aftershock,Inspiration,Conqueror,Inspiration,Summon Aery,Inspiration,Press the Attack,Inspiration,Aftershock,Precision,Teleport,Flash,Ignite,Smite,Flash,Teleport,Flash,Barrier,Flash,Ignite,Flash,Teleport,Flash,Smite,Flash,Teleport,Barrier,Flash,Flash,Ignite,0,6,0,1,0,1
https://www.op.gg/summoners/euw/Boat%20Crew%202-David/matches/uRd1PvnOddpQrTSRAPfvPHC9euKRm0_ycx1feft8LB8%3D/1735300157000,1,32,29,29,32,44,55,79,63,18,23,1,3,1,1,10,5,2,4,67611,59322,16.0,15.2,984,901,33.7,30.8,8289,-8289,2299.4604060913707,2017.5502538071066,Gnar,Dr. Mundo,Azir,Kai'Sa,Blitzcrank,Ambessa,Diana,Garen,Ashe,Seraphine,Hullbreaker,Thornmail,Negatron Cloak,Plated Steelcaps,Recurve Bow,Trinity Force,Oracle Lens,Spirit Visage,Tiamat,Boots of Swiftness,Unending Despair,Thornmail,Heartsteel,Oracle Lens,Rabadon's Deathcap,Nashor's Tooth,Blighting Jewel,Sorcerer's Shoes,Dark Seal,Shadowflame,Farsight Alteration,Shattered Armguard,Yun Tal Wildarrows,The Collector,Berserker's Greaves,Navori Flickerblade,Infinity Edge,Farsight Alteration,Locket of the Iron Solari,Bloodsong,No_Item,Boots of Swiftness,Trailblazer,No_Item,Oracle Lens,Doran's Shield,Plated Steelcaps,Eclipse,Voltaic Cyclosword,Spear of Shojin,Phage,Stealth Ward,Zhonya's Hourglass,Blighting Jewel,Oblivion Orb,Liandry's Torment,Nashor's Tooth,Sorcerer's Shoes,Oracle Lens,Stridebreaker,Cloak of Agility,Boots of Swiftness,Doran's Shield,Phantom Dancer,Mortal Reminder,Oracle Lens,Berserker's Greaves,Last Whisper,Hullbreaker,Runaan's Hurricane,Kraken Slayer,Long Sword,Farsight Alteration,Ionian Boots of Lucidity,Redemption,Dream Maker,Moonstone Renewer,Forbidden Idol,Forbidden Idol,Oracle Lens,Grasp of the Undying,Precision,Fleet Footwork,Inspiration,Conqueror,Sorcery,Press the Attack,Domination,Glacial Augment,Resolve,Grasp of the Undying,Domination,Conqueror,Inspiration,Phase Rush,Resolve,Lethal Tempo,Inspiration,Summon Aery,Resolve,Teleport,Flash,Flash,Smite,Flash,Teleport,Flash,Barrier,Flash,Ignite,Teleport,Flash,Flash,Smite,Flash,Ignite,Flash,Barrier,Flash,Heal,1,3,1,0,3,0
https://www.op.gg/summoners/euw/Boat%20Crew%202-David/matches/uRd1PvnOddq0N66FrjuiE71GyWL5pVx0UiHpOxic3z4%3D/1735297400000,1,32,20,22,32,35,68,63,63,8,17,3,0,1,0,9,2,4,0,58542,49799,14.6,13.4,859,819,31.3,29.9,8743,-8743,2128.8,1810.8727272727272,Singed,Kindred,Ornn,Jhin,Zac,Maokai,Talon,Sylas,Ezreal,Sona,Rylai's Crystal Scepter,Giant's Belt,Liandry's Torment,Dark Seal,Boots of Swiftness,Winged Moonplate,Stealth Ward,Infinity Edge,Trinity Force,Plated Steelcaps,Last Whisper,Long Sword,Control Ward,Oracle Lens,Hollow Radiance,Doran's Shield,Mercury's Treads,Unending Despair,Bramble Vest,Spectre's Cowl,Stealth Ward,Infinity Edge,The Collector,Boots of Swiftness,Lord Dominik's Regards,Rapid Firecannon,No_Item,Farsight Alteration,Spirit Visage,Zeke's Convergence,Celestial Opposition,Dark Seal,Ionian Boots of Lucidity,Haunting Guise,Oracle Lens,Fimbulwinter,Control Ward,Unending Despair,Hollow Radiance,Plated Steelcaps,Kindlegem,Stealth Ward,Youmuu's Ghostblade,Opportunity,Serylda's Grudge,No_Item,No_Item,Ionian Boots of Lucidity,Oracle Lens,Rabadon's Deathcap,Hextech Rocketbelt,Ionian Boots of Lucidity,Dark Seal,Lich Bane,No_Item,Oracle Lens,Muramana,Trinity Force,Last Whisper,Ionian Boots of Lucidity,No_Item,No_Item,Farsight Alteration,Boots of Swiftness,Echoes of Helia,Bloodsong,Staff of Flowing Water,Bandleglass Mirror,Ruby Crystal,Oracle Lens,Conqueror,Sorcery,Press the Attack,Domination,Grasp of the Undying,Inspiration,Fleet Footwork,Sorcery,Aftershock,Precision,Grasp of the Undying,Inspiration,Phase Rush,Inspiration,Conqueror,Resolve,Conqueror,Inspiration,Summon Aery,Precision,Flash,Teleport,Ghost,Smite,Teleport,Flash,Flash,Barrier,Flash,Ignite,Teleport,Flash,Ignite,Smite,Flash,Teleport,Barrier,Flash,Flash,Heal,0,2,1,1,4,0
https://www.op.gg/summoners/euw/Boat%20Crew%202-David/matches/uRd1PvnOddoQm_GIOR814N1jxB6RJ5Y-f4pGIhgovp0%3D/1735294880000,1,29,20,20,29,26,47,40,51,16,10,3,0,1,0,10,2,4,0,55244,43931,13.8,12.4,730,699,29.2,28.0,11313,-11313,2204.179797979798,1752.8025252525254,Gnar,Poppy,Zac,Caitlyn,Seraphine,Pantheon,Trundle,Sylas,Corki,Thresh,Wit's End,Sterak's Gage,Trinity Force,Doran's Shield,Plated Steelcaps,No_Item,Oracle Lens,Bramble Vest,Locket of the Iron Solari,Control Ward,Bami's Cinder,Dead Man's Plate,Plated Steelcaps,Oracle Lens,Hextech Rocketbelt,Spirit Visage,Ionian Boots of Lucidity,Warden's Mail,Oblivion Orb,Unending Despair,Oracle Lens,Infinity Edge,The Collector,No_Item,Cloak of Agility,Last Whisper,Berserker's Greaves,Farsight Alteration,Boots of Swiftness,Moonstone Renewer,Dream Maker,Echoes of Helia,Forbidden Idol,Forbidden Idol,Oracle Lens,Doran's Blade,Black Cleaver,Plated Steelcaps,Executioner's Calling,Serpent's Fang,Serrated Dirk,Stealth Ward,Stridebreaker,Mercury's Treads,Trinity Force,Bramble Vest,No_Item,No_Item,Oracle Lens,Doran's Ring,Hextech Rocketbelt,Dark Seal,Needlessly Large Rod,Sorcerer's Shoes,Oblivion Orb,Oracle Lens,Mortal Reminder,Muramana,Trinity Force,No_Item,Boots,No_Item,Farsight Alteration,Locket of the Iron Solari,Faerie Charm,Solstice Sleigh,Ionian Boots of Lucidity,Kindlegem,Control Ward,Oracle Lens,Grasp of the Undying,Inspiration,Phase Rush,Inspiration,Conqueror,Resolve,First Strike,Sorcery,Summon Aery,Resolve,Press the Attack,Inspiration,Press the Attack,Inspiration,Conqueror,Resolve,Conqueror,Inspiration,Glacial Augment,Resolve,Teleport,Flash,Flash,Smite,Flash,Teleport,Flash,Cleanse,Flash,Heal,Ignite,Flash,Flash,Smite,Flash,Teleport,Flash,Barrier,Ignite,Flash,1,4,2,0,2,0
https://www.op.gg/summoners/euw/Boat%20Crew%202-David/matches/uRd1PvnOddrvoFN_dLx86OW0fxPakR6CxMBrFYGZiJc%3D/1735217593000,0,24,25,25,24,29,36,55,55,16,16,0,3,0,1,3,11,0,4,46776,53602,13.0,13.8,724,805,29.9,33.2,-6826,6826,1942.6098360655735,2226.093989071038,Syndra,Jax,Aurora,Ezreal,Zac,Irelia,Xin Zhao,Viktor,Kog'Maw,Nautilus,Luden's Companion,Sorcerer's Shoes,Cryptbloom,Refillable Potion,Needlessly Large Rod,Needlessly Large Rod,Farsight Alteration,Sundered Sky,Trinity Force,Plated Steelcaps,Warden's Mail,Glacial Buckler,No_Item,Oracle Lens,Sorcerer's Shoes,Malignance,Shadowflame,Void Staff,No_Item,No_Item,Farsight Alteration,Doran's Blade,Ionian Boots of Lucidity,Trinity Force,Muramana,Caulfield's Warhammer,Long Sword,Farsight Alteration,Ionian Boots of Lucidity,Zeke's Convergence,Celestial Opposition,Dark Seal,Negatron Cloak,Kindlegem,Oracle Lens,Guardian Angel,Blade of The Ruined King,Mercury's Treads,Control Ward,Kraken Slayer,Hullbreaker,Oracle Lens,Sundered Sky,Titanic Hydra,No_Item,Ruby Crystal,No_Item,Mercury's Treads,Oracle Lens,Doran's Ring,Blackfire Torch,Control Ward,Mercury's Treads,Amplifying Tome,Lich Bane,Farsight Alteration,Doran's Blade,Berserker's Greaves,Wit's End,Guinsoo's Rageblade,Chain Vest,Negatron Cloak,Farsight Alteration,Locket of the Iron Solari,Celestial Opposition,Control Ward,Kindlegem,Mercury's Treads,Cloth Armor,Oracle Lens,Arcane Comet,Precision,Lethal Tempo,Inspiration,Electrocute,Sorcery,Press the Attack,Inspiration,Aftershock,Precision,Conqueror,Inspiration,Conqueror,Inspiration,Summon Aery,Resolve,Lethal Tempo,Resolve,Aftershock,Inspiration,Flash,Teleport,Flash,Smite,Flash,Teleport,Flash,Barrier,Flash,Ignite,Teleport,Flash,Smite,Flash,Flash,Teleport,Flash,Barrier,Flash,Ignite,0,0,0,1,6,3
https://www.op.gg/summoners/euw/Boat%20Crew%202-David/matches/uRd1PvnOddrK7g31scT9g6S_Xqu9JAabQdLkBP4uxP4%3D/1735215374000,0,17,39,39,17,45,24,43,50,8,4,1,2,0,0,3,9,1,2,39308,47828,10.6,12.0,583,582,29.6,29.599999999999998,-8520,8520,1991.9594594594594,2423.7162162162163,Jayce,Hecarim,Aurora,Draven,Zac,Olaf,Kindred,Malphite,Kog'Maw,Rell,Doran's Blade,Long Sword,Serylda's Grudge,Eclipse,Slightly Magical Footwear,Tear of the Goddess,Stealth Ward,Black Cleaver,Eclipse,Ruby Crystal,Long Sword,No_Item,Plated Steelcaps,Oracle Lens,Malignance,Sorcerer's Shoes,Fated Ashes,Refillable Potion,Haunting Guise,Doran's Ring,Farsight Alteration,Infinity Edge,Doran's Blade,The Collector,Berserker's Greaves,Long Sword,No_Item,Farsight Alteration,Plated Steelcaps,Zeke's Convergence,Celestial Opposition,Dark Seal,Kindlegem,Chain Vest,Oracle Lens,Doran's Blade,Death's Dance,Slightly Magical Footwear,Hexdrinker,Long Sword,Ravenous Hydra,Oracle Lens,No_Item,Trinity Force,Slightly Magical Footwear,Serrated Dirk,Pickaxe,Cloth Armor,Oracle Lens,Sunfire Aegis,Randuin's Omen,Plated Steelcaps,Dark Seal,Blasting Wand,No_Item,Stealth Ward,Doran's Blade,Berserker's Greaves,Wit's End,Guinsoo's Rageblade,"Jak'Sho, The Protean",No_Item,Farsight Alteration,Locket of the Iron Solari,Celestial Opposition,Control Ward,Ionian Boots of Lucidity,Ruby Crystal,Zeke's Convergence,Oracle Lens,Conqueror,Inspiration,Conqueror,Sorcery,Electrocute,Precision,Lethal Tempo,Domination,Aftershock,Precision,Conqueror,Inspiration,Press the Attack,Inspiration,Arcane Comet,Resolve,Lethal Tempo,Resolve,Aftershock,Inspiration,Teleport,Flash,Smite,Ghost,Flash,Teleport,Flash,Barrier,Flash,Ignite,Flash,Ghost,Flash,Smite,Flash,Teleport,Flash,Barrier,Flash,Ignite,0,0,0,1,6,2
https://www.op.gg/summoners/euw/Boat%20Crew%202-David/matches/uRd1PvnOddqgFkLYzlOK5CFCt3q-mAa60vZzjonPdX4%3D/1735212632000,0,3,14,14,3,20,1,41,28,7,10,0,1,0,0,1,2,0,1,25518,32483,9.4,10.0,498,536,30.8,33.199999999999996,-6965,6965,1575.4591304347823,2005.4721739130432,Jayce,Yorick,Viktor,Caitlyn,Pyke,Wukong,Elise,Yone,Draven,Zac,Doran's Blade,Refillable Potion,Eclipse,Ionian Boots of Lucidity,Long Sword,Tear of the Goddess,Stealth Ward,No_Item,Trinity Force,Pickaxe,No_Item,No_Item,Slightly Magical Footwear,Oracle Lens,Sorcerer's Shoes,Refillable Potion,Control Ward,Blackfire Torch,Dark Seal,Doran's Ring,Farsight Alteration,Doran's Blade,Refillable Potion,Serrated Dirk,B. F. Sword,Berserker's Greaves,Pickaxe,Farsight Alteration,Celestial Opposition,Refillable Potion,Rectrix,Symbiotic Soles,Serrated Dirk,Long Sword,Oracle Lens,Doran's Shield,Refillable Potion,Trinity Force,Long Sword,No_Item,Plated Steelcaps,Stealth Ward,Scorchclaw Pup,Stormsurge,Needlessly Large Rod,Dark Seal,Sorcerer's Shoes,No_Item,Eye of the Herald,Doran's Shield,Noonquiver,Blade of The Ruined King,Berserker's Greaves,No_Item,No_Item,Farsight Alteration,Doran's Blade,Bloodthirster,Refillable Potion,Long Sword,Pickaxe,No_Item,Stealth Ward,Zeke's Convergence,Kindlegem,Celestial Opposition,Ionian Boots of Lucidity,Cloth Armor,No_Item,Oracle Lens,Conqueror,Inspiration,Conqueror,Inspiration,First Strike,Sorcery,Lethal Tempo,Sorcery,Hail of Blades,Sorcery,Conqueror,Resolve,Dark Harvest,Precision,Fleet Footwork,Resolve,Lethal Tempo,Domination,Aftershock,Precision,Teleport,Flash,Flash,Smite,Flash,Teleport,Barrier,Flash,Ignite,Flash,Flash,Teleport,Flash,Smite,Teleport,Flash,Flash,Barrier,Flash,Ignite,0,6,0,1,0,0
https://www.op.gg/summoners/euw/Boat%20Crew%202-David/matches/uRd1PvnOddoVEs71wGiuF-D2l3GokQyOoKvV4d4X_D0%3D/1735210900000,1,50,26,26,50,42,55,57,74,19,15,0,3,1,0,11,2,1,3,67665,57324,15.4,14.6,803,867,28.5,30.799999999999997,10341,-10341,2407.5561797752807,2039.61797752809,Irelia,Lillia,Olaf,Xerath,Zac,Viktor,Udyr,Yone,Draven,Poppy,Blade of The Ruined King,Kraken Slayer,Plated Steelcaps,Doran's Blade,Wit's End,Guardian Angel,Stealth Ward,Mercury's Treads,Liandry's Torment,Zhonya's Hourglass,Dark Seal,Giant's Belt,Control Ward,Oracle Lens,B. F. Sword,Experimental Hexplate,Plated Steelcaps,Maw of Malmortius,Death's Dance,Ravenous Hydra,Oracle Lens,Doran's Ring,Blackfire Torch,Rabadon's Deathcap,Horizon Focus,No_Item,Sorcerer's Shoes,Farsight Alteration,Celestial Opposition,Zeke's Convergence,Ionian Boots of Lucidity,Unending Despair,Spirit Visage,Kindlegem,Oracle Lens,Needlessly Large Rod,Liandry's Torment,Blackfire Torch,Void Staff,Needlessly Large Rod,Sorcerer's Shoes,Farsight Alteration,Liandry's Torment,Force of Nature,Frozen Heart,Oblivion Orb,Null-Magic Mantle,Boots of Swiftness,Oracle Lens,Doran's Blade,Blade of The Ruined King,Berserker's Greaves,Immortal Shieldbow,B. F. Sword,Pickaxe,Stealth Ward,Mortal Reminder,The Collector,Noonquiver,Infinity Edge,Vampiric Scepter,Boots,Farsight Alteration,Dead Man's Plate,Ruby Crystal,Control Ward,Boots of Swiftness,Negatron Cloak,Bloodsong,Oracle Lens,Press the Attack,Domination,Conqueror,Inspiration,Conqueror,Inspiration,Arcane Comet,Domination,Aftershock,Precision,Summon Aery,Resolve,Conqueror,Inspiration,Lethal Tempo,Resolve,Lethal Tempo,Domination,Aftershock,Inspiration,Teleport,Flash,Flash,Smite,Flash,Ghost,Flash,Teleport,Flash,Ignite,Teleport,Flash,Smite,Flash,Teleport,Flash,Flash,Barrier,Flash,Ignite,1,5,3,0,1,0
https://www.op.gg/summoners/euw/Boat%20Crew%202-David/matches/uRd1PvnOddqgpCavVn6WL9HncMWEYZ2cEZW4epZhiio%3D/1735208548000,1,22,16,18,22,31,35,50,58,16,11,2,1,1,0,10,1,3,1,54817,42148,14.0,12.8,865,712,36.1,29.8,12669,-12669,2292.826442307692,1762.9211538461536,Singed,Olaf,Yone,Ezreal,Zac,Cho'Gath,Wukong,Viktor,Ashe,Bard,Doran's Ring,Riftmaker,Liandry's Torment,Boots of Swiftness,No_Item,Rylai's Crystal Scepter,Stealth Ward,Plated Steelcaps,Sundered Sky,Stridebreaker,Hexdrinker,Steel Sigil,Pickaxe,Oracle Lens,Doran's Shield,Blade of The Ruined King,Mercury's Treads,Wit's End,Noonquiver,No_Item,Stealth Ward,Spear of Shojin,Muramana,Trinity Force,Ionian Boots of Lucidity,Long Sword,No_Item,Farsight Alteration,Celestial Opposition,Zeke's Convergence,Ionian Boots of Lucidity,Spirit Visage,Ruby Crystal,Dark Seal,Oracle Lens,Sunfire Aegis,Heartsteel,Boots of Swiftness,Negatron Cloak,Kindlegem,No_Item,Stealth Ward,Mercury's Treads,Trinity Force,Sundered Sky,Long Sword,No_Item,No_Item,Oracle Lens,Blackfire Torch,Sorcerer's Shoes,Needlessly Large Rod,Liandry's Torment,Doran's Ring,Needlessly Large Rod,Farsight Alteration,Doran's Blade,Kraken Slayer,Zeal,Dagger,Berserker's Greaves,Dagger,Farsight Alteration,Dead Man's Plate,Kindlegem,Bloodsong,Cloth Armor,No_Item,Plated Steelcaps,Oracle Lens,Conqueror,Resolve,Conqueror,Inspiration,Lethal Tempo,Resolve,Conqueror,Inspiration,Aftershock,Precision,Hail of Blades,Resolve,Conqueror,Inspiration,First Strike,Sorcery,Lethal Tempo,Inspiration,Guardian,Domination,Flash,Ghost,Smite,Ghost,Teleport,Flash,Flash,Barrier,Flash,Ignite,Flash,Teleport,Smite,Flash,Flash,Teleport,Flash,Ghost,Flash,Ignite,1,6,2,0,0,0
https://www.op.gg/summoners/euw/Boat%20Crew%202-David/matches/uRd1PvnOddoYwdeJUBngkzYTYkb-wRFpErIeOep7Rcs%3D/1735205670000,0,23,32,32,23,46,37,49,56,9,15,1,2,0,1,0,11,1,3,47040,57293,13.2,14.2,722,810,29.1,32.6,-10253,10253,1909.270588235294,2325.421764705882,Yone,Zac,Akali,Caitlyn,Lux,Irelia,Graves,Viktor,Varus,Bard,Immortal Shieldbow,No_Item,B. F. Sword,Berserker's Greaves,Blade of The Ruined King,Doran's Shield,Farsight Alteration,Abyssal Mask,Sunfire Aegis,Ionian Boots of Lucidity,Dark Seal,Warden's Mail,No_Item,Oracle Lens,Doran's Shield,Needlessly Large Rod,Hextech Rocketbelt,Boots,Dark Seal,Shadowflame,Oracle Lens,Doran's Blade,Cloak of Agility,Boots,Lord Dominik's Regards,Infinity Edge,The Collector,Farsight Alteration,Shurelya's Battlesong,Shattered Armguard,Dark Seal,Zaz'Zak's Realmspike,Boots of Swiftness,Needlessly Large Rod,Oracle Lens,Blade of The Ruined King,Hullbreaker,Mercury's Treads,Kraken Slayer,Pickaxe,Steel Sigil,Oracle Lens,Youmuu's Ghostblade,Boots,The Collector,Lord Dominik's Regards,B. F. Sword,No_Item,Oracle Lens,Blasting Wand,Blighting Jewel,Zhonya's Hourglass,Sorcerer's Shoes,Dark Seal,Blackfire Torch,Farsight Alteration,Doran's Blade,Youmuu's Ghostblade,Edge of Night,Muramana,Ionian Boots of Lucidity,No_Item,Farsight Alteration,Boots of Swiftness,Bloodsong,Dead Man's Plate,Statikk Shiv,Kindlegem,Null-Magic Mantle,Oracle Lens,Lethal Tempo,Resolve,Aftershock,Precision,Electrocute,Resolve,Hail of Blades,Sorcery,Arcane Comet,Precision,Press the Attack,Domination,Dark Harvest,Precision,First Strike,Sorcery,Arcane Comet,Inspiration,Guardian,Inspiration,Flash,Teleport,Flash,Smite,Teleport,Flash,Barrier,Flash,Flash,Heal,Teleport,Flash,Smite,Flash,Flash,Teleport,Flash,Barrier,Flash,Ignite,0,6,0,1,0,3
https://www.op.gg/summoners/euw/Boat%20Crew%202-David/matches/uRd1PvnOddpd6M5ppPJA1ofKVpIet8JsYPZ4gPhlfjE%3D/1735125809000,1,23,19,19,23,36,28,61,61,20,12,1,2,0,0,8,0,1,2,56001,47902,14.0,13.4,911,826,33.2,30.1,8099,-8099,2033.3696428571427,1739.2988095238095,K'Sante,Talon,Viktor,Jhin,Zac,Maokai,Viego,Orianna,Jinx,Thresh,Unending Despair,Cloth Armor,No_Item,"Jak'Sho, The Protean",Mercury's Treads,Doran's Shield,Oracle Lens,Youmuu's Ghostblade,Hubris,Serylda's Grudge,Opportunity,Long Sword,Ionian Boots of Lucidity,Oracle Lens,No_Item,Blackfire Torch,Zhonya's Hourglass,Sorcerer's Shoes,Lich Bane,Dark Seal,Stealth Ward,Doran's Blade,Pickaxe,Essence Reaver,Boots of Swiftness,Mortal Reminder,Cloak of Agility,Farsight Alteration,Celestial Opposition,Knight's Vow,Zeke's Convergence,Ionian Boots of Lucidity,Ruby Crystal,No_Item,Oracle Lens,Unending Despair,Control Ward,Plated Steelcaps,Fimbulwinter,Spirit Visage,No_Item,Farsight Alteration,Kraken Slayer,Plated Steelcaps,Titanic Hydra,Tunneler,Pickaxe,Control Ward,Oracle Lens,Liandry's Torment,Doran's Ring,Blackfire Torch,Amplifying Tome,Sorcerer's Shoes,Mejai's Soulstealer,Farsight Alteration,Doran's Blade,Lord Dominik's Regards,No_Item,Berserker's Greaves,Yun Tal Wildarrows,Infinity Edge,Farsight Alteration,Locket of the Iron Solari,Celestial Opposition,Boots of Swiftness,Control Ward,Kindlegem,Chain Vest,Oracle Lens,Grasp of the Undying,Inspiration,Phase Rush,Inspiration,Summon Aery,Resolve,Dark Harvest,Sorcery,Aftershock,Precision,Grasp of the Undying,Inspiration,Conqueror,Inspiration,Summon Aery,Precision,Lethal Tempo,Sorcery,Glacial Augment,Resolve,Flash,Teleport,Ignite,Smite,Flash,Teleport,Flash,Heal,Flash,Ignite,Teleport,Flash,Flash,Smite,Teleport,Flash,Flash,Barrier,Flash,Exhaust,1,5,1,0,1,0
https://www.op.gg/summoners/euw/Boat%20Crew%202-David/matches/uRd1PvnOddovcd__IjSB7HZoWxkHsUEC9SEK0SrJWEs%3D/1735123536000,0,15,37,37,15,43,21,66,49,13,17,0,3,0,1,2,5,0,4,41393,50264,11.6,13.2,680,637,30.7,28.7,-8871,8871,1863.895321637427,2263.3497076023395,Irelia,Udyr,Yone,Caitlyn,Pyke,Heimerdinger,Wukong,Akshan,Kai'Sa,Zac,Hearthbound Axe,Rectrix,Recurve Bow,Blade of The Ruined King,Mercury's Treads,Doran's Blade,Stealth Ward,Unending Despair,Liandry's Torment,Plated Steelcaps,Ruby Crystal,No_Item,No_Item,Oracle Lens,Doran's Shield,Berserker's Greaves,Blade of The Ruined King,Refillable Potion,Immortal Shieldbow,Cloak of Agility,Stealth Ward,Cloak of Agility,Doran's Blade,Long Sword,The Collector,Berserker's Greaves,Infinity Edge,Farsight Alteration,Serrated Dirk,No_Item,Bloodsong,Long Sword,Umbral Glaive,Boots of Swiftness,Oracle Lens,Sorcerer's Shoes,Blackfire Torch,Zhonya's Hourglass,Liandry's Torment,Amplifying Tome,Amplifying Tome,Oracle Lens,No_Item,Trinity Force,No_Item,Sundered Sky,Phage,Plated Steelcaps,Oracle Lens,Doran's Blade,Statikk Shiv,Plated Steelcaps,The Collector,Pickaxe,B. F. Sword,Farsight Alteration,Kraken Slayer,Doran's Blade,Guinsoo's Rageblade,Plated Steelcaps,Hearthbound Axe,Dagger,Farsight Alteration,Ionian Boots of Lucidity,Randuin's Omen,Celestial Opposition,Zeke's Convergence,Kindlegem,No_Item,Oracle Lens,Conqueror,Resolve,Conqueror,Inspiration,Lethal Tempo,Resolve,Hail of Blades,Precision,Hail of Blades,Resolve,Conqueror,Sorcery,Conqueror,Inspiration,Press the Attack,Inspiration,Lethal Tempo,Inspiration,Aftershock,Precision,Flash,Teleport,Flash,Smite,Flash,Teleport,Flash,Barrier,Ignite,Flash,Flash,Teleport,Smite,Flash,Teleport,Flash,Barrier,Flash,Flash,Ignite,0,3,0,1,3,0
https://www.op.gg/summoners/euw/Boat%20Crew%202-David/matches/uRd1PvnOddrwYqfghnG_0ObANXZA2jc3AObLN-Umx-M%3D/1735121637000,0,20,34,35,20,44,24,55,55,16,14,2,1,0,1,3,11,2,2,50091,60677,13.2,14.8,835,836,30.3,30.3,-10586,10586,1823.7014563106798,2209.114077669903,Riven,Viego,Viktor,Ashe,Lulu,Ornn,Olaf,Akali,Caitlyn,Zac,Black Cleaver,Ionian Boots of Lucidity,Tunneler,Death's Dance,Caulfield's Warhammer,No_Item,Farsight Alteration,Trinity Force,Black Cleaver,Tunneler,Slightly Magical Footwear,Pickaxe,No_Item,Oracle Lens,Blackfire Torch,Liandry's Torment,Needlessly Large Rod,Sorcerer's Shoes,Needlessly Large Rod,Mejai's Soulstealer,Farsight Alteration,Kraken Slayer,Berserker's Greaves,Hullbreaker,Mortal Reminder,No_Item,No_Item,Farsight Alteration,Dream Maker,Forbidden Idol,Moonstone Renewer,Ardent Censer,Ionian Boots of Lucidity,Control Ward,Oracle Lens,Winter's Approach,Abyssal Mask,Sunfire Aegis,Plated Steelcaps,"Jak'Sho, The Protean",World Atlas,Stealth Ward,Hexdrinker,Sundered Sky,Stridebreaker,Plated Steelcaps,Death's Dance,Control Ward,Oracle Lens,Doran's Ring,Stormsurge,Sorcerer's Shoes,Shadowflame,Needlessly Large Rod,Dark Seal,Oracle Lens,Doran's Blade,The Collector,Berserker's Greaves,Last Whisper,Infinity Edge,Long Sword,Farsight Alteration,Zeke's Convergence,Knight's Vow,Celestial Opposition,Ionian Boots of Lucidity,Abyssal Mask,Ruby Crystal,Oracle Lens,Conqueror,Inspiration,Conqueror,Inspiration,First Strike,Sorcery,Lethal Tempo,Inspiration,Summon Aery,Inspiration,Grasp of the Undying,Precision,Conqueror,Inspiration,Electrocute,Resolve,First Strike,Sorcery,Aftershock,Precision,Flash,Teleport,Smite,Flash,Flash,Teleport,Barrier,Flash,Heal,Flash,Teleport,Flash,Smite,Ghost,Teleport,Ignite,Barrier,Flash,Flash,Ignite,0,3,0,1,3,3
https://www.op.gg/summoners/euw/Boat%20Crew%202-David/matches/uRd1PvnOddoXpoDrqCXuOdK34j7y0U53OrGfc-tf8Iw%3D/1735040143000,0,19,32,32,20,46,28,65,79,26,24,0,3,1,0,1,10,1,3,52562,58315,14.2,14.6,814,849,29.0,30.1,-5753,5753,1881.1663157894736,2087.063157894737,Darius,Graves,Syndra,Viktor,Zac,Ambessa,Talon,Yone,Swain,Bard,Stridebreaker,Sterak's Gage,Caulfield's Warhammer,Doran's Shield,Plated Steelcaps,Steel Sigil,Oracle Lens,Youmuu's Ghostblade,Plated Steelcaps,B. F. Sword,Lord Dominik's Regards,The Collector,Pickaxe,Oracle Lens,Needlessly Large Rod,Blackfire Torch,Zhonya's Hourglass,Sorcerer's Shoes,Dark Seal,Needlessly Large Rod,Farsight Alteration,Sorcerer's Shoes,Blackfire Torch,Shattered Armguard,Liandry's Torment,No_Item,Doran's Ring,Farsight Alteration,Celestial Opposition,Zeke's Convergence,Knight's Vow,Oblivion Orb,Ionian Boots of Lucidity,Dark Seal,Oracle Lens,Voltaic Cyclosword,Kindlegem,Plated Steelcaps,Eclipse,Sterak's Gage,No_Item,Stealth Ward,Youmuu's Ghostblade,Hubris,Edge of Night,No_Item,Opportunity,Slightly Magical Footwear,Oracle Lens,Infinity Edge,Berserker's Greaves,Blade of The Ruined King,Immortal Shieldbow,Giant's Belt,Negatron Cloak,Farsight Alteration,Zhonya's Hourglass,Amplifying Tome,Sorcerer's Shoes,Doran's Ring,Blackfire Torch,Rylai's Crystal Scepter,Farsight Alteration,Locket of the Iron Solari,Bloodsong,Control Ward,Dead Man's Plate,No_Item,Mercury's Treads,Oracle Lens,Conqueror,Sorcery,Dark Harvest,Precision,First Strike,Sorcery,Summon Aery,Precision,Aftershock,Precision,Conqueror,Resolve,Conqueror,Inspiration,Lethal Tempo,Resolve,Conqueror,Resolve,Guardian,Domination,Flash,Ghost,Smite,Flash,Flash,Teleport,Flash,Teleport,Flash,Ignite,Teleport,Flash,Ignite,Smite,Flash,Teleport,Teleport,Flash,Flash,Ignite,0,2,0,0,4,2
,,-1,-1,-1,-1,-1,-1,-1,-1,-1,-1,-1,-1,-1,-1,-1,-1,-1,-1,-1,-1,-1.0,-1.0,-1,-1,-1.0,-1.0,-1,-1,-1.0,-1.0,,,,,,,,,,,,,,,,,,,,,,,,,,,,,,,,,,,,,,,,,,,,,,,,,,,,,,,,,,,,,,,,,,,,,,,,,,,,,,,,,,,,,,,,,,,,,,,,,,,,,,,,,,,,,,,,,,,,,,,,,-1,-1,-1,-1,-1,-1
https://www.op.gg/summoners/euw/Boat%20Crew%202-David/matches/uRd1PvnOddqJXFBmjjpz9_Ons2GEx8-qMkNbvJ1EzII%3D/1735035753000,1,16,15,15,16,14,33,46,45,15,12,1,2,1,0,10,1,2,2,47452,38522,12.2,11.8,700,676,32.3,31.2,8930,-8930,2181.023602484472,1770.5763975155282,Gragas,Viego,Irelia,Hwei,Zac,Fiora,Rengar,Vayne,Tristana,Rakan,Refillable Potion,Lost Chapter,Tear of the Goddess,Cosmic Drive,Hextech Alternator,Ionian Boots of Lucidity,Stealth Ward,Ruby Crystal,No_Item,Titanic Hydra,Plated Steelcaps,No_Item,Kraken Slayer,Oracle Lens,Hullbreaker,Blade of The Ruined King,Plated Steelcaps,Hearthbound Axe,Long Sword,No_Item,Oracle Lens,Doran's Ring,Blackfire Torch,Liandry's Torment,Amplifying Tome,Amplifying Tome,Sorcerer's Shoes,Farsight Alteration,Plated Steelcaps,Zeke's Convergence,Celestial Opposition,Thornmail,Warden's Mail,No_Item,Oracle Lens,Trinity Force,Ravenous Hydra,Boots,Null-Magic Mantle,Ruby Crystal,Doran's Shield,Stealth Ward,Voltaic Cyclosword,Boots,Lord Dominik's Regards,No_Item,No_Item,No_Item,Oracle Lens,Trinity Force,Guinsoo's Rageblade,Recurve Bow,Berserker's Greaves,Doran's Blade,No_Item,Farsight Alteration,Refillable Potion,Doran's Blade,Yun Tal Wildarrows,The Collector,Berserker's Greaves,Long Sword,Farsight Alteration,Ionian Boots of Lucidity,Dream Maker,Zeke's Convergence,Kindlegem,No_Item,No_Item,Oracle Lens,Phase Rush,Inspiration,Conqueror,Inspiration,Conqueror,Resolve,Arcane Comet,Inspiration,Aftershock,Precision,Conqueror,Resolve,Conqueror,Domination,Press the Attack,Resolve,Lethal Tempo,Domination,Guardian,Domination,Teleport,Flash,Flash,Smite,Teleport,Flash,Flash,Teleport,Flash,Ignite,Flash,Ignite,Flash,Smite,Flash,Ghost,Flash,Barrier,Flash,Ignite,1,6,3,0,0,0
,,-1,-1,-1,-1,-1,-1,-1,-1,-1,-1,-1,-1,-1,-1,-1,-1,-1,-1,-1,-1,-1.0,-1.0,-1,-1,-1.0,-1.0,-1,-1,-1.0,-1.0,,,,,,,,,,,,,,,,,,,,,,,,,,,,,,,,,,,,,,,,,,,,,,,,,,,,,,,,,,,,,,,,,,,,,,,,,,,,,,,,,,,,,,,,,,,,,,,,,,,,,,,,,,,,,,,,,,,,,,,,,-1,-1,-1,-1,-1,-1
https://www.op.gg/summoners/euw/Boat%20Crew%202-David/matches/uRd1PvnOddrfMPF5vD3pZwi3JpQiwybBKY_EDxePtB8%3D/1734875870000,0,17,40,40,17,74,18,56,72,25,20,0,3,0,2,4,9,0,5,53851,63416,13.8,15.4,857,857,30.7,30.8,-9565,9565,1923.25,2264.8571428571427,Ambessa,Master Yi,Viktor,Ezreal,Zac,Darius,Vi,Hwei,Caitlyn,Karma,Plated Steelcaps,Eclipse,Black Cleaver,Pickaxe,Ruby Crystal,Doran's Shield,Stealth Ward,Guinsoo's Rageblade,Blade of The Ruined King,Berserker's Greaves,Kraken Slayer,No_Item,No_Item,Oracle Lens,Liandry's Torment,Needlessly Large Rod,Blackfire Torch,Sorcerer's Shoes,Dark Seal,Needlessly Large Rod,Farsight Alteration,Doran's Blade,Muramana,Trinity Force,Ionian Boots of Lucidity,Serylda's Grudge,Tunneler,Farsight Alteration,Zeke's Convergence,Spirit Visage,Celestial Opposition,Ionian Boots of Lucidity,Dark Seal,Cloth Armor,Oracle Lens,Dead Man's Plate,Stridebreaker,Sterak's Gage,Plated Steelcaps,No_Item,No_Item,Farsight Alteration,Sterak's Gage,Sundered Sky,Guardian Angel,Plated Steelcaps,Black Cleaver,No_Item,Oracle Lens,Zhonya's Hourglass,Liandry's Torment,Seraph's Embrace,No_Item,Doran's Ring,Ionian Boots of Lucidity,Farsight Alteration,Berserker's Greaves,Infinity Edge,The Collector,Rapid Firecannon,Vampiric Scepter,Doran's Blade,Farsight Alteration,Zaz'Zak's Realmspike,Shurelya's Battlesong,Redemption,Imperial Mandate,Ionian Boots of Lucidity,No_Item,Oracle Lens,Grasp of the Undying,Domination,Lethal Tempo,Domination,Arcane Comet,Precision,Conqueror,Sorcery,Aftershock,Precision,Conqueror,Resolve,Conqueror,Inspiration,Summon Aery,Precision,Hail of Blades,Sorcery,Arcane Comet,Inspiration,Flash,Teleport,Flash,Smite,Flash,Teleport,Barrier,Flash,Flash,Ignite,Flash,Ghost,Flash,Smite,Flash,Teleport,Barrier,Flash,Flash,Ignite,0,1,0,1,5,1
https://www.op.gg/summoners/euw/Boat%20Crew%202-David/matches/uRd1PvnOddr1ge91sU8_iTnuRwf9vlNN-yw8fSGzkdc%3D/1734873380000,0,16,39,39,16,64,19,72,60,18,21,1,3,0,1,2,10,1,4,48979,62128,13.2,15.4,819,880,29.9,32.1,-13149,13149,1782.9175732217573,2261.563179916318,Ambessa,Diana,Corki,Kog'Maw,Maokai,Gnar,Viego,Xerath,Jhin,Zac,Youmuu's Ghostblade,Voltaic Cyclosword,Plated Steelcaps,Opportunity,No_Item,No_Item,Oracle Lens,Fiendish Codex,Hextech Rocketbelt,Zhonya's Hourglass,Sorcerer's Shoes,Haunting Guise,No_Item,Oracle Lens,Slightly Magical Footwear,Trinity Force,Muramana,B. F. Sword,Pickaxe,Cloak of Agility,Farsight Alteration,Horizon Focus,No_Item,Doran's Ring,Luden's Companion,Sorcerer's Shoes,Seraph's Embrace,Farsight Alteration,Celestial Opposition,Control Ward,Kindlegem,Trailblazer,Boots of Swiftness,Cloth Armor,Oracle Lens,Wit's End,Cloth Armor,Sterak's Gage,Plated Steelcaps,Trinity Force,No_Item,Oracle Lens,No_Item,Wit's End,Titanic Hydra,Steel Sigil,Slightly Magical Footwear,Kraken Slayer,Oracle Lens,Horizon Focus,Doran's Ring,Malignance,Sorcerer's Shoes,Dark Seal,Needlessly Large Rod,Stealth Ward,No_Item,Long Sword,Rapid Firecannon,The Collector,Boots of Swiftness,Infinity Edge,Farsight Alteration,Celestial Opposition,Zeke's Convergence,Ionian Boots of Lucidity,Abyssal Mask,Dark Seal,Warden's Mail,Oracle Lens,Grasp of the Undying,Domination,Conqueror,Inspiration,Conqueror,Inspiration,Arcane Comet,Precision,Aftershock,Domination,Grasp of the Undying,Precision,Conqueror,Inspiration,Arcane Comet,Precision,Fleet Footwork,Inspiration,Aftershock,Precision,Teleport,Flash,Flash,Smite,Teleport,Flash,Flash,Teleport,Flash,Ignite,Flash,Teleport,Smite,Flash,Flash,Teleport,Flash,Cleanse,Flash,Ignite,1,5,0,0,1,2
https://www.op.gg/summoners/euw/Boat%20Crew%202-David/matches/uRd1PvnOddqGSJZAfluMkpF48ac8SbvyQPx9CDhDLcE%3D/1734870825000,1,27,12,12,27,20,35,76,66,23,19,2,1,1,0,11,0,3,1,58384,42606,14.6,12.0,904,765,34.8,29.4,15778,-15778,2255.7454545454543,1646.140909090909,Kennen,Wukong,Aurora,Corki,Nautilus,Maokai,Viego,Lux,Caitlyn,Zac,Hextech Rocketbelt,Void Staff,No_Item,Sorcerer's Shoes,Liandry's Torment,No_Item,Oracle Lens,Phage,Trinity Force,Abyssal Mask,Mercury's Treads,Ruby Crystal,Sundered Sky,Stealth Ward,Void Staff,Liandry's Torment,Malignance,No_Item,Doran's Ring,Mercury's Treads,Oracle Lens,Trinity Force,Lord Dominik's Regards,Muramana,Doran's Blade,Boots,Pickaxe,Farsight Alteration,Locket of the Iron Solari,Celestial Opposition,No_Item,Mercury's Treads,Kindlegem,Cloth Armor,Oracle Lens,Hollow Radiance,Mercury's Treads,Fimbulwinter,Cloth Armor,Kindlegem,No_Item,Stealth Ward,Mercury's Treads,Kraken Slayer,Trinity Force,Recurve Bow,Null-Magic Mantle,Dagger,Oracle Lens,Luden's Companion,Blighting Jewel,Dark Seal,Sorcerer's Shoes,Horizon Focus,No_Item,Farsight Alteration,Berserker's Greaves,Yun Tal Wildarrows,Infinity Edge,Cloak of Agility,Doran's Blade,Long Sword,Farsight Alteration,Zeke's Convergence,Kindlegem,Celestial Opposition,Null-Magic Mantle,Dark Seal,Ionian Boots of Lucidity,Oracle Lens,Summon Aery,Domination,Conqueror,Inspiration,Grasp of the Undying,Precision,Conqueror,Inspiration,Aftershock,Inspiration,Aftershock,Inspiration,Conqueror,Inspiration,Arcane Comet,Inspiration,Hail of Blades,Sorcery,Aftershock,Precision,Flash,Teleport,Flash,Smite,Flash,Teleport,Flash,Barrier,Flash,Ignite,Teleport,Flash,Flash,Smite,Flash,Teleport,Barrier,Flash,Flash,Ignite,1,3,2,0,3,0
https://www.op.gg/summoners/euw/Boat%20Crew%202-David/matches/uRd1PvnOddolHuJcSCdFNCh5UPYC_-kq6C_npJYxLLg%3D/1734867728000,0,28,41,41,28,82,44,79,81,16,24,1,5,1,2,6,9,2,7,71498,82833,16.6,17.6,1105,1120,29.8,30.2,-11335,11335,1921.6853754940712,2226.3415019762847,Ornn,Viego,Sylas,Corki,Maokai,Vladimir,Graves,Galio,Draven,Zac,Randuin's Omen,Bramble Vest,Kaenic Rookern,Plated Steelcaps,"Jak'Sho, The Protean",Unending Despair,Stealth Ward,Sterak's Gage,Tunneler,Titanic Hydra,Wit's End,Kraken Slayer,Plated Steelcaps,Oracle Lens,Needlessly Large Rod,Zhonya's Hourglass,Hextech Rocketbelt,Blighting Jewel,Ionian Boots of Lucidity,Cosmic Drive,Oracle Lens,Infinity Edge,Muramana,Trinity Force,Plated Steelcaps,Rapid Firecannon,Mortal Reminder,Farsight Alteration,Redemption,Locket of the Iron Solari,Bloodsong,Bramble Vest,Plated Steelcaps,Trailblazer,Oracle Lens,Needlessly Large Rod,Mejai's Soulstealer,Ionian Boots of Lucidity,Stormsurge,Liandry's Torment,Void Staff,Stealth Ward,Youmuu's Ghostblade,The Collector,Boots of Swiftness,Lord Dominik's Regards,Infinity Edge,Steel Sigil,Oracle Lens,Mejai's Soulstealer,Oblivion Orb,Randuin's Omen,Hollow Radiance,Mercury's Treads,Liandry's Torment,Oracle Lens,Infinity Edge,Bloodthirster,The Collector,Lord Dominik's Regards,Immortal Shieldbow,Zephyr,Farsight Alteration,Zeke's Convergence,Celestial Opposition,Knight's Vow,Ionian Boots of Lucidity,Abyssal Mask,Haunting Guise,Oracle Lens,Grasp of the Undying,Sorcery,Conqueror,Inspiration,Conqueror,Resolve,Conqueror,Inspiration,Aftershock,Inspiration,Summon Aery,Precision,Dark Harvest,Precision,Aftershock,Sorcery,Lethal Tempo,Domination,Aftershock,Precision,Flash,Teleport,Flash,Smite,Flash,Teleport,Flash,Barrier,Ignite,Flash,Ignite,Flash,Smite,Flash,Teleport,Flash,Flash,Cleanse,Flash,Ignite,0,6,0,0,0,2
https://www.op.gg/summoners/euw/Boat%20Crew%202-David/matches/uRd1PvnOddp3v-tB7XCnILaMbEGH2EVrp48CIZ0Pi1Q%3D/1734863474000,0,10,28,28,10,44,18,52,48,9,11,0,2,0,1,1,5,0,3,37471,49433,11.8,13.8,605,779,27.0,34.9,-11962,11962,1681.1313513513517,2217.804864864865,Renekton,Viego,Twisted Fate,Viktor,Neeko,Ornn,Rengar,Akali,Corki,Zac,Sterak's Gage,Black Cleaver,Doran's Blade,Boots,No_Item,No_Item,Stealth Ward,Black Cleaver,Kraken Slayer,Plated Steelcaps,Cloth Armor,No_Item,No_Item,Oracle Lens,Rod of Ages,Doran's Ring,Lich Bane,Boots of Swiftness,Dark Seal,Cloak of Agility,Stealth Ward,Ionian Boots of Lucidity,Lich Bane,Luden's Companion,Doran's Ring,No_Item,No_Item,Farsight Alteration,Ionian Boots of Lucidity,Hextech Rocketbelt,Celestial Opposition,Oblivion Orb,No_Item,Control Ward,Oracle Lens,"Jak'Sho, The Protean",No_Item,Unending Despair,Bramble Vest,Plated Steelcaps,Ruby Crystal,Stealth Ward,Ionian Boots of Lucidity,Voltaic Cyclosword,Tiamat,Lord Dominik's Regards,Long Sword,Long Sword,Stealth Ward,Mercury's Treads,Lich Bane,Liandry's Torment,Needlessly Large Rod,No_Item,No_Item,Oracle Lens,Trinity Force,Mercury's Treads,Doran's Blade,Muramana,Zeal,Scout's Slingshot,Farsight Alteration,Spirit Visage,Unending Despair,Celestial Opposition,Ionian Boots of Lucidity,No_Item,Bramble Vest,Oracle Lens,Conqueror,Resolve,Conqueror,Inspiration,Arcane Comet,Inspiration,First Strike,Sorcery,Arcane Comet,Inspiration,Grasp of the Undying,Inspiration,Conqueror,Domination,Conqueror,Resolve,Conqueror,Inspiration,Aftershock,Precision,Flash,Teleport,Flash,Smite,Flash,Teleport,Flash,Teleport,Flash,Exhaust,Flash,Teleport,Smite,Flash,Flash,Teleport,Barrier,Flash,Flash,Ignite,1,5,0,0,1,0
https://www.op.gg/summoners/euw/Boat%20Crew%202-David/matches/uRd1PvnOddqszE9f3GQHnkFD6HQOLftqvzzAb0GZ55A%3D/1734781131000,1,18,6,6,18,11,19,29,27,7,3,0,0,0,0,4,0,0,0,35697,25428,10.2,9.2,555,431,33.8,26.3,10269,-10269,2177.263829787234,1550.9276595744682,Jayce,Udyr,Akali,Corki,Zac,Ambessa,Ivern,Yone,Jinx,Poppy,Manamune,No_Item,Eclipse,Boots of Swiftness,No_Item,No_Item,Stealth Ward,No_Item,Liandry's Torment,Boots of Swiftness,Kindlegem,No_Item,Ruby Crystal,Eye of the Herald,Doran's Ring,Refillable Potion,Lich Bane,Dark Seal,Needlessly Large Rod,Boots,Oracle Lens,Doran's Blade,Tear of the Goddess,Trinity Force,Plated Steelcaps,Caulfield's Warhammer,Long Sword,Farsight Alteration,Celestial Opposition,Zeke's Convergence,Ionian Boots of Lucidity,Kindlegem,Chain Vest,No_Item,Oracle Lens,Doran's Shield,Eclipse,Refillable Potion,No_Item,No_Item,Boots,Stealth Ward,Gustwalker Hatchling,Redemption,Dark Seal,Ionian Boots of Lucidity,No_Item,No_Item,Oracle Lens,Blade of The Ruined King,Refillable Potion,Berserker's Greaves,Dagger,No_Item,No_Item,Stealth Ward,Berserker's Greaves,Refillable Potion,The Collector,No_Item,Doran's Blade,No_Item,Farsight Alteration,Control Ward,Zeke's Convergence,Celestial Opposition,Boots of Swiftness,Bramble Vest,No_Item,Oracle Lens,Conqueror,Inspiration,Conqueror,Inspiration,Electrocute,Resolve,Conqueror,Inspiration,Aftershock,Precision,Electrocute,Resolve,Glacial Augment,Resolve,Fleet Footwork,Resolve,Lethal Tempo,Sorcery,Phase Rush,Inspiration,Flash,Teleport,Smite,Flash,Ignite,Flash,Flash,Barrier,Flash,Ignite,Teleport,Flash,Flash,Smite,Teleport,Flash,Barrier,Flash,Ignite,Flash,1,6,0,0,0,0
https://www.op.gg/summoners/euw/Boat%20Crew%202-David/matches/uRd1PvnOddonw7flIkMFB3vb_MiqstiajCTQ50Frzp4%3D/1734779531000,1,32,16,16,32,25,50,59,57,19,20,3,0,1,0,9,1,4,0,56074,41364,14.2,12.0,860,673,34.3,27.0,14710,-14710,2247.900440528634,1658.2044052863437,Rumble,Viego,Viktor,Ezreal,Alistar,Yone,Ivern,Akali,Jinx,Zac,Liandry's Torment,Abyssal Mask,Dark Seal,Doran's Ring,Plated Steelcaps,Bramble Vest,Farsight Alteration,Long Sword,Kraken Slayer,Titanic Hydra,No_Item,Plated Steelcaps,No_Item,Oracle Lens,Rabadon's Deathcap,Blackfire Torch,Sorcerer's Shoes,Banshee's Veil,No_Item,Dark Seal,Farsight Alteration,Doran's Blade,Spear of Shojin,Ionian Boots of Lucidity,Muramana,Long Sword,Trinity Force,Farsight Alteration,Knight's Vow,Celestial Opposition,Zeke's Convergence,Ruby Crystal,Boots of Swiftness,No_Item,Oracle Lens,Doran's Shield,Noonquiver,Blade of The Ruined King,Berserker's Greaves,No_Item,Wit's End,Farsight Alteration,Redemption,Kindlegem,Moonstone Renewer,Fiendish Codex,Forbidden Idol,Ionian Boots of Lucidity,Oracle Lens,Doran's Ring,Blighting Jewel,Lich Bane,Boots,Shadowflame,No_Item,Oracle Lens,Kraken Slayer,Phantom Dancer,Berserker's Greaves,Pickaxe,No_Item,No_Item,Farsight Alteration,Ionian Boots of Lucidity,Zeke's Convergence,Celestial Opposition,Kindlegem,Negatron Cloak,No_Item,Oracle Lens,Arcane Comet,Domination,Conqueror,Inspiration,Summon Aery,Resolve,Conqueror,Inspiration,Phase Rush,Inspiration,Fleet Footwork,Resolve,Glacial Augment,Domination,Electrocute,Resolve,Lethal Tempo,Inspiration,Aftershock,Precision,Ignite,Flash,Smite,Flash,Flash,Teleport,Flash,Barrier,Flash,Ignite,Teleport,Flash,Flash,Smite,Ignite,Flash,Barrier,Flash,Flash,Ignite,1,6,1,0,0,0
https://www.op.gg/summoners/euw/Boat%20Crew%202-David/matches/uRd1PvnOddok7A1YGVVqm1cOGk2mNhTc48anJVgie4M%3D/1734777046000,1,34,20,20,34,33,52,61,63,22,21,3,2,2,0,11,5,5,2,68927,59607,16.8,15.4,983,982,30.7,30.7,9320,-9320,2159.9244239631334,1867.869124423963,Garen,Viego,Aurora,Jhin,Zac,Akali,Nidalee,Yone,Corki,Thresh,Stridebreaker,The Collector,Cloak of Agility,Phantom Dancer,No_Item,Boots of Swiftness,Oracle Lens,Death's Dance,Kraken Slayer,Titanic Hydra,Plated Steelcaps,No_Item,Sundered Sky,Oracle Lens,Malignance,Cosmic Drive,Sorcerer's Shoes,Doran's Ring,Liandry's Torment,Control Ward,Oracle Lens,Last Whisper,Boots of Swiftness,The Collector,Infinity Edge,Rapid Firecannon,Cloak of Agility,Farsight Alteration,Dark Seal,Zeke's Convergence,Celestial Opposition,Ionian Boots of Lucidity,Spirit Visage,Frozen Heart,Oracle Lens,Control Ward,Shadowflame,Stormsurge,Zhonya's Hourglass,Sorcerer's Shoes,Dark Seal,Oracle Lens,Hextech Alternator,Liandry's Torment,Ionian Boots of Lucidity,Horizon Focus,Aether Wisp,No_Item,Oracle Lens,Doran's Blade,Guardian Angel,Infinity Edge,Immortal Shieldbow,Berserker's Greaves,Blade of The Ruined King,Farsight Alteration,Doran's Blade,Muramana,Slightly Magical Footwear,Mortal Reminder,Trinity Force,Infinity Edge,Farsight Alteration,Solstice Sleigh,Locket of the Iron Solari,Knight's Vow,Control Ward,Giant's Belt,Boots of Swiftness,Oracle Lens,Phase Rush,Resolve,Conqueror,Inspiration,Grasp of the Undying,Precision,Fleet Footwork,Inspiration,Aftershock,Precision,Electrocute,Precision,Conqueror,Sorcery,Fleet Footwork,Resolve,Conqueror,Inspiration,Aftershock,Inspiration,Flash,Ignite,Smite,Flash,Flash,Teleport,Barrier,Flash,Flash,Ignite,Flash,Teleport,Flash,Smite,Teleport,Flash,Flash,Barrier,Ignite,Flash,1,1,2,0,5,0
https://www.op.gg/summoners/euw/Boat%20Crew%202-David/matches/uRd1PvnOddrzKb4BdyBk59PJfSQBA1-LzdiLY1oHBC8%3D/1734704681000,1,29,13,13,29,29,48,51,39,15,18,2,1,1,0,10,2,3,1,57309,43219,13.8,12.4,834,765,34.5,31.599999999999998,14090,-14090,2365.133333333333,1783.6412698412698,Yone,Zac,Viktor,Jhin,Rell,Singed,Viego,Yasuo,Kog'Maw,Braum,Doran's Blade,Berserker's Greaves,Blade of The Ruined King,Immortal Shieldbow,B. F. Sword,Cloak of Agility,Stealth Ward,Randuin's Omen,Sunfire Aegis,Spirit Visage,Dark Seal,Ruby Crystal,Ionian Boots of Lucidity,Oracle Lens,Rabadon's Deathcap,Blackfire Torch,Seeker's Armguard,Ionian Boots of Lucidity,Liandry's Torment,Void Staff,Farsight Alteration,Boots of Swiftness,The Collector,Infinity Edge,Zeal,No_Item,Doran's Blade,Farsight Alteration,Ionian Boots of Lucidity,Locket of the Iron Solari,Celestial Opposition,No_Item,No_Item,Knight's Vow,Oracle Lens,Liandry's Torment,Amplifying Tome,Boots of Swiftness,Dark Seal,Giant's Belt,Doran's Ring,Farsight Alteration,No_Item,Dagger,Negatron Cloak,Mercury's Treads,Sundered Sky,Kraken Slayer,Oracle Lens,Doran's Blade,Immortal Shieldbow,Pickaxe,Kraken Slayer,Berserker's Greaves,Cloak of Agility,Farsight Alteration,Doran's Blade,Guinsoo's Rageblade,Wit's End,Berserker's Greaves,Terminus,Negatron Cloak,Farsight Alteration,Kindlegem,Plated Steelcaps,Locket of the Iron Solari,Celestial Opposition,Cloth Armor,No_Item,Oracle Lens,Lethal Tempo,Resolve,Aftershock,Precision,First Strike,Sorcery,Dark Harvest,Precision,Aftershock,Inspiration,Phase Rush,Resolve,Conqueror,Inspiration,Lethal Tempo,Inspiration,Lethal Tempo,Resolve,Guardian,Inspiration,Flash,Teleport,Smite,Flash,Teleport,Flash,Flash,Barrier,Flash,Ignite,Ghost,Flash,Smite,Flash,Teleport,Flash,Flash,Barrier,Flash,Ignite,0,4,2,1,2,0
https://www.op.gg/summoners/euw/Boat%20Crew%202-David/matches/uRd1PvnOddrsxW0Z3AtSBgkSPX91NdP9sIKI43VQOl4%3D/1734701630000,0,11,30,31,11,39,15,49,50,13,18,1,2,0,1,2,10,1,3,41749,57259,12.2,14.6,748,866,29.2,34.0,-15510,15510,1640.1392857142857,2249.4607142857144,Rumble,Xin Zhao,Viktor,Corki,Janna,Jayce,Zac,Akali,Varus,Seraphine,Shadowflame,Refillable Potion,No_Item,Liandry's Torment,No_Item,Boots of Swiftness,Stealth Ward,Sundered Sky,Eclipse,Mercury's Treads,Control Ward,Long Sword,No_Item,Oracle Lens,No_Item,Blackfire Torch,Zhonya's Hourglass,Sorcerer's Shoes,Dark Seal,No_Item,Farsight Alteration,Trinity Force,Muramana,Rapid Firecannon,Cloak of Agility,Doran's Blade,Boots,Farsight Alteration,Moonstone Renewer,Forbidden Idol,Dream Maker,Ionian Boots of Lucidity,Forbidden Idol,No_Item,Oracle Lens,Youmuu's Ghostblade,Opportunity,Boots of Swiftness,Eclipse,Muramana,Long Sword,Farsight Alteration,Giant's Belt,Dark Seal,Ionian Boots of Lucidity,Spirit Visage,Sunfire Aegis,Chain Vest,Oracle Lens,Stormsurge,Shattered Armguard,Shadowflame,Dark Seal,Sorcerer's Shoes,No_Item,Oracle Lens,Youmuu's Ghostblade,Tear of the Goddess,Doran's Blade,Caulfield's Warhammer,Edge of Night,Boots of Swiftness,Farsight Alteration,Celestial Opposition,Moonstone Renewer,Ionian Boots of Lucidity,Echoes of Helia,Forbidden Idol,No_Item,Oracle Lens,Arcane Comet,Resolve,Conqueror,Inspiration,First Strike,Sorcery,Conqueror,Inspiration,Summon Aery,Resolve,Phase Rush,Inspiration,Aftershock,Precision,Electrocute,Resolve,Arcane Comet,Inspiration,Summon Aery,Resolve,Teleport,Flash,Flash,Smite,Flash,Teleport,Barrier,Flash,Flash,Heal,Flash,Teleport,Smite,Flash,Flash,Teleport,Flash,Barrier,Flash,Heal,0,3,0,1,3,3
https://www.op.gg/summoners/euw/Boat%20Crew%202-David/matches/uRd1PvnOddp6eLAzTj1l6OcA8nxejUUyQofFTtIPeYQ%3D/1734698166000,0,11,26,26,11,38,21,87,75,30,29,0,4,0,1,4,9,0,5,48429,58424,13.0,14.6,866,933,31.0,33.4,-9995,9995,1733.8777777777777,2091.7234567901232,Gnar,Vi,Viktor,Hwei,Pyke,Garen,Elise,Smolder,Corki,Zac,Trinity Force,Control Ward,Wit's End,No_Item,Plated Steelcaps,Black Cleaver,Oracle Lens,Control Ward,Sundered Sky,Mercury's Treads,Kindlegem,Sterak's Gage,No_Item,Oracle Lens,Doran's Ring,Sorcerer's Shoes,Shadowflame,Blackfire Torch,Blighting Jewel,No_Item,Oracle Lens,Sorcerer's Shoes,Blighting Jewel,Fiendish Codex,No_Item,Blackfire Torch,Liandry's Torment,Farsight Alteration,Celestial Opposition,Umbral Glaive,Mercury's Treads,Control Ward,Serrated Dirk,Tunneler,Oracle Lens,No_Item,Force of Nature,Stridebreaker,Dead Man's Plate,Boots of Swiftness,Tunneler,Oracle Lens,No_Item,Void Staff,Sorcerer's Shoes,Dark Seal,Liandry's Torment,Rylai's Crystal Scepter,Oracle Lens,Lord Dominik's Regards,Essence Reaver,Spear of Shojin,Boots of Swiftness,No_Item,No_Item,Farsight Alteration,Doran's Blade,Control Ward,Trinity Force,Mercury's Treads,Lord Dominik's Regards,Muramana,Farsight Alteration,Ionian Boots of Lucidity,Celestial Opposition,No_Item,Abyssal Mask,Zeke's Convergence,No_Item,Oracle Lens,Grasp of the Undying,Precision,Conqueror,Inspiration,Summon Aery,Resolve,Arcane Comet,Precision,Hail of Blades,Resolve,Phase Rush,Resolve,Dark Harvest,Precision,Fleet Footwork,Sorcery,Conqueror,Inspiration,Aftershock,Precision,Flash,Teleport,Smite,Flash,Teleport,Flash,Teleport,Flash,Flash,Ignite,Ignite,Flash,Flash,Smite,Flash,Teleport,Flash,Barrier,Flash,Ignite,1,5,0,0,1,1
https://www.op.gg/summoners/euw/Boat%20Crew%202-David/matches/uRd1PvnOddrUEeizI5v1okbTVGQshQP7VbzfZMf5iXI%3D/1734693696000,0,25,34,34,25,50,45,95,94,37,43,2,3,1,1,4,10,3,4,68324,75727,16.2,16.8,1076,1096,29.599999999999998,30.2,-7403,7403,1872.5837037037038,2075.4807407407407,Aatrox,Volibear,Viktor,Caitlyn,Senna,Teemo,Vi,Jayce,Hwei,Rell,Mercury's Treads,Maw of Malmortius,Eclipse,Pickaxe,Death's Dance,Tunneler,Oracle Lens,Spirit Visage,Null-Magic Mantle,Unending Despair,Plated Steelcaps,Iceborn Gauntlet,Ruby Crystal,Oracle Lens,Void Staff,Cosmic Drive,Zhonya's Hourglass,Sorcerer's Shoes,Blackfire Torch,Liandry's Torment,Farsight Alteration,Bloodthirster,Infinity Edge,No_Item,Berserker's Greaves,The Collector,Rapid Firecannon,Farsight Alteration,Dream Maker,Dawncore,Control Ward,Boots of Swiftness,Moonstone Renewer,Echoes of Helia,Oracle Lens,Shadowflame,Malignance,Sorcerer's Shoes,Nashor's Tooth,Liandry's Torment,Oblivion Orb,Farsight Alteration,Sundered Sky,Trinity Force,No_Item,Mercury's Treads,Tunneler,Pickaxe,Oracle Lens,Serylda's Grudge,Edge of Night,Youmuu's Ghostblade,Opportunity,Steel Sigil,Plated Steelcaps,Oracle Lens,Mejai's Soulstealer,Rabadon's Deathcap,Sorcerer's Shoes,Liandry's Torment,Void Staff,Blackfire Torch,Farsight Alteration,Mercury's Treads,Dead Man's Plate,Celestial Opposition,Abyssal Mask,Kindlegem,Chain Vest,Oracle Lens,Electrocute,Resolve,Press the Attack,Inspiration,Summon Aery,Resolve,Lethal Tempo,Sorcery,Grasp of the Undying,Precision,Press the Attack,Resolve,Press the Attack,Inspiration,Electrocute,Sorcery,Arcane Comet,Precision,Aftershock,Inspiration,Teleport,Flash,Flash,Smite,Flash,Teleport,Flash,Barrier,Heal,Flash,Flash,Ignite,Smite,Flash,Teleport,Flash,Teleport,Flash,Flash,Ignite,0,0,0,1,6,4
https://www.op.gg/summoners/euw/Boat%20Crew%202-David/matches/uRd1PvnOddqZg7TdBBDguAGq75-Ryy4hH20tD1aLigQ%3D/1734690774000,1,45,20,20,45,29,51,43,58,11,12,2,0,1,0,9,1,3,0,57326,46143,14.0,12.8,678,705,28.8,29.9,11183,-11183,2440.6118811881183,1964.5039603960395,Ambessa,Elise,Akali,Varus,Zac,Rumble,Karthus,Yone,Corki,Poppy,Eclipse,Voltaic Cyclosword,Mercury's Treads,Spear of Shojin,Long Sword,No_Item,Farsight Alteration,Amplifying Tome,Amplifying Tome,Lich Bane,Shadowflame,Needlessly Large Rod,Sorcerer's Shoes,Oracle Lens,Lich Bane,Sorcerer's Shoes,Shadowflame,Needlessly Large Rod,Dark Seal,Stormsurge,Oracle Lens,Tear of the Goddess,Youmuu's Ghostblade,Boots of Swiftness,Doran's Blade,Edge of Night,Caulfield's Warhammer,Farsight Alteration,Celestial Opposition,Ionian Boots of Lucidity,Zeke's Convergence,Spirit Visage,Unending Despair,Dark Seal,Oracle Lens,Zhonya's Hourglass,Liandry's Torment,Sorcerer's Shoes,No_Item,Dark Seal,No_Item,Stealth Ward,Blackfire Torch,Shadowflame,Rabadon's Deathcap,Dark Seal,Sorcerer's Shoes,No_Item,Farsight Alteration,Berserker's Greaves,Blade of The Ruined King,Immortal Shieldbow,Cloak of Agility,No_Item,Doran's Blade,Oracle Lens,Doran's Blade,Trinity Force,Muramana,Boots,Scout's Slingshot,Cloak of Agility,Farsight Alteration,Bloodsong,Mercury's Treads,Dead Man's Plate,Control Ward,Kindlegem,Null-Magic Mantle,Oracle Lens,Conqueror,Resolve,Dark Harvest,Precision,Electrocute,Sorcery,First Strike,Sorcery,Aftershock,Precision,Conqueror,Sorcery,First Strike,Domination,Grasp of the Undying,Precision,Conqueror,Inspiration,Aftershock,Domination,Teleport,Flash,Flash,Smite,Flash,Teleport,Barrier,Flash,Flash,Ignite,Flash,Teleport,Smite,Flash,Teleport,Flash,Flash,Exhaust,Flash,Ignite,1,6,2,0,0,0
https://www.op.gg/summoners/euw/Boat%20Crew%202-David/matches/uRd1PvnOddo3OjTVb1HCkiExSC39BXIt7yd068Fu5Ao%3D/1734687357000,1,28,26,26,28,40,62,85,103,42,34,4,2,1,1,9,4,5,3,71706,64072,16.6,15.6,1058,970,29.5,27.1,7634,-7634,2002.6000000000001,1789.3981981981983,Jax,Vi,Taliyah,Miss Fortune,Seraphine,Illaoi,Wukong,Karma,Corki,Braum,Trinity Force,Sterak's Gage,Plated Steelcaps,No_Item,Sundered Sky,No_Item,Stealth Ward,Mercury's Treads,Sundered Sky,Black Cleaver,Death's Dance,Long Sword,No_Item,Stealth Ward,Seraph's Embrace,Cryptbloom,Needlessly Large Rod,Liandry's Torment,Shadowflame,Ionian Boots of Lucidity,Farsight Alteration,Boots of Swiftness,The Collector,Infinity Edge,Lord Dominik's Regards,Hubris,Bloodthirster,Farsight Alteration,Dream Maker,Moonstone Renewer,Ionian Boots of Lucidity,Echoes of Helia,Dawncore,Oblivion Orb,Oracle Lens,Fimbulwinter,Black Cleaver,Iceborn Gauntlet,Plated Steelcaps,Long Sword,Long Sword,Stealth Ward,Trinity Force,Sundered Sky,Control Ward,B. F. Sword,Sterak's Gage,Mercury's Treads,Oracle Lens,Shurelya's Battlesong,Malignance,Sorcerer's Shoes,Aether Wisp,Hextech Alternator,Horizon Focus,Farsight Alteration,Infinity Edge,Muramana,Trinity Force,Plated Steelcaps,Mortal Reminder,Rapid Firecannon,Farsight Alteration,Solstice Sleigh,Locket of the Iron Solari,Knight's Vow,Control Ward,Mercury's Treads,Giant's Belt,Oracle Lens,Fleet Footwork,Resolve,Hail of Blades,Inspiration,Phase Rush,Precision,First Strike,Sorcery,Summon Aery,Resolve,Grasp of the Undying,Precision,Conqueror,Inspiration,Arcane Comet,Domination,Conqueror,Inspiration,Guardian,Inspiration,Flash,Teleport,Flash,Smite,Flash,Teleport,Barrier,Flash,Flash,Heal,Teleport,Flash,Flash,Smite,Flash,Teleport,Flash,Barrier,Heal,Flash,1,3,2,0,3,0
https://www.op.gg/summoners/euw/Boat%20Crew%202-David/matches/uRd1PvnOddr0xkYyG3uKv3TqQdJ5MUygA2MVrZW5Lx8%3D/1734684391000,1,48,17,17,48,15,51,42,49,4,6,1,0,0,0,9,2,1,0,53688,41110,12.8,11.8,605,635,27.3,28.700000000000003,12578,-12578,2404.431901840491,1841.122699386503,Jax,Viego,Taliyah,Draven,Zac,Olaf,Poppy,Irelia,Brand,Rell,Trinity Force,Mercury's Treads,Sundered Sky,Tunneler,No_Item,No_Item,Stealth Ward,Trinity Force,Sundered Sky,Tunneler,Ruby Crystal,No_Item,Slightly Magical Footwear,Oracle Lens,Doran's Ring,Seraph's Embrace,Haunting Guise,Oblivion Orb,Ionian Boots of Lucidity,Fated Ashes,Oracle Lens,Doran's Blade,Bloodthirster,Berserker's Greaves,Infinity Edge,Mortal Reminder,Immortal Shieldbow,Farsight Alteration,Celestial Opposition,Zeke's Convergence,Ionian Boots of Lucidity,Spectre's Cowl,Kindlegem,Dark Seal,Oracle Lens,Ravenous Hydra,Plated Steelcaps,Phage,Doran's Blade,Dagger,Ruby Crystal,Stealth Ward,Plated Steelcaps,Dead Man's Plate,Sundered Sky,No_Item,No_Item,No_Item,Stealth Ward,Wit's End,Blade of The Ruined King,Mercury's Treads,Rectrix,Recurve Bow,Doran's Blade,Stealth Ward,Doran's Ring,Liandry's Torment,Oblivion Orb,Sorcerer's Shoes,Blackfire Torch,No_Item,Farsight Alteration,Celestial Opposition,Locket of the Iron Solari,No_Item,Ruby Crystal,Mercury's Treads,Warden's Mail,Oracle Lens,Lethal Tempo,Resolve,Conqueror,Inspiration,Phase Rush,Precision,Lethal Tempo,Domination,Aftershock,Precision,Conqueror,Inspiration,Phase Rush,Domination,Conqueror,Inspiration,Arcane Comet,Precision,Aftershock,Inspiration,Flash,Teleport,Flash,Smite,Flash,Teleport,Flash,Barrier,Flash,Ignite,Ghost,Flash,Flash,Smite,Teleport,Flash,Flash,Ghost,Flash,Ignite,1,3,1,0,3,0
https://www.op.gg/summoners/euw/Boat%20Crew%202-David/matches/uRd1PvnOddoLs8vnhPvZtHUbubM_leJSIEhYJhJ7BMg%3D/1734682305000,0,18,31,32,19,64,27,55,53,13,11,1,3,0,1,2,7,1,4,44087,56178,12.8,14.2,711,757,27.7,29.5,-12091,12091,1714.4944444444443,2184.7,K'Sante,Vi,Viktor,Corki,Lulu,Darius,Ivern,Taliyah,Draven,Zac,Plated Steelcaps,Refillable Potion,Iceborn Gauntlet,Kindlegem,Doran's Shield,Chain Vest,Farsight Alteration,Mercury's Treads,Sundered Sky,Black Cleaver,Caulfield's Warhammer,No_Item,No_Item,Stealth Ward,Needlessly Large Rod,Blackfire Torch,Liandry's Torment,Dark Seal,Sorcerer's Shoes,Oblivion Orb,Farsight Alteration,Plated Steelcaps,Muramana,Trinity Force,Last Whisper,Long Sword,No_Item,Farsight Alteration,Dark Seal,Redemption,Dream Maker,Moonstone Renewer,Ionian Boots of Lucidity,Long Sword,Oracle Lens,Doran's Blade,Stridebreaker,Tunneler,Plated Steelcaps,Sterak's Gage,Caulfield's Warhammer,Oracle Lens,Shurelya's Battlesong,No_Item,Redemption,Mejai's Soulstealer,Blasting Wand,Synchronized Souls,Oracle Lens,Doran's Ring,Needlessly Large Rod,Liandry's Torment,Seraph's Embrace,Ionian Boots of Lucidity,Hextech Alternator,Farsight Alteration,Bloodthirster,Infinity Edge,The Collector,Berserker's Greaves,Doran's Blade,Noonquiver,Farsight Alteration,Celestial Opposition,Zeke's Convergence,Spirit Visage,Ionian Boots of Lucidity,Kindlegem,Dark Seal,Oracle Lens,Grasp of the Undying,Inspiration,Hail of Blades,Inspiration,Summon Aery,Precision,Conqueror,Inspiration,Guardian,Inspiration,Conqueror,Resolve,Glacial Augment,Sorcery,Phase Rush,Precision,Lethal Tempo,Domination,Aftershock,Precision,Teleport,Flash,Flash,Smite,Teleport,Flash,Flash,Barrier,Flash,Heal,Ignite,Flash,Smite,Flash,Flash,Teleport,Flash,Barrier,Flash,Ignite,1,3,0,0,3,1
https://www.op.gg/summoners/euw/Boat%20Crew%202-David/matches/uRd1PvnOddo_rn9tDoVfeUDwiRfJVTGu-vbobbMxz40%3D/1734680337000,0,15,37,37,16,59,23,47,49,17,7,1,2,0,1,2,10,1,3,40731,55261,11.8,13.6,601,706,25.8,30.4,-14530,14530,1752.3802325581396,2377.508139534884,Ryze,Ivern,Aurora,Tristana,Rell,Riven,Lee Sin,Viktor,Ashe,Zac,Seraph's Embrace,Ionian Boots of Lucidity,Luden's Companion,No_Item,No_Item,No_Item,Stealth Ward,Forbidden Idol,Ionian Boots of Lucidity,Redemption,Dark Seal,Staff of Flowing Water,Glowing Mote,Oracle Lens,Mercury's Treads,Malignance,Amplifying Tome,Liandry's Torment,Dark Seal,No_Item,Stealth Ward,Yun Tal Wildarrows,The Collector,Doran's Blade,Berserker's Greaves,B. F. Sword,Vampiric Scepter,Farsight Alteration,Zeke's Convergence,Plated Steelcaps,Bloodsong,Kindlegem,Negatron Cloak,No_Item,Oracle Lens,Spear of Shojin,Black Cleaver,Caulfield's Warhammer,Pickaxe,Mercury's Treads,Doran's Blade,Stealth Ward,Death's Dance,Eclipse,Control Ward,Mercury's Treads,Sundered Sky,Hexdrinker,Stealth Ward,Needlessly Large Rod,Blackfire Torch,Sorcerer's Shoes,Dark Seal,Liandry's Torment,Needlessly Large Rod,Farsight Alteration,Doran's Blade,Statikk Shiv,Kraken Slayer,Cull,No_Item,Berserker's Greaves,Farsight Alteration,Celestial Opposition,Zeke's Convergence,Spirit Visage,Ionian Boots of Lucidity,No_Item,Dark Seal,Oracle Lens,Phase Rush,Resolve,Glacial Augment,Sorcery,Arcane Comet,Inspiration,Lethal Tempo,Domination,Aftershock,Inspiration,Conqueror,Inspiration,Conqueror,Inspiration,Summon Aery,Precision,Lethal Tempo,Inspiration,Aftershock,Precision,Flash,Teleport,Smite,Flash,Teleport,Flash,Flash,Barrier,Flash,Ignite,Flash,Ignite,Flash,Smite,Teleport,Flash,Flash,Barrier,Flash,Ignite,0,3,0,1,3,1
https://www.op.gg/summoners/euw/Boat%20Crew%202-David/matches/uRd1PvnOddoBZWH2HHbuNZBF38EsaCGDCHM6Q7KaoK0%3D/1734644963000,1,27,8,8,27,15,40,49,72,21,19,1,2,1,0,5,1,2,2,49315,39239,13.4,11.8,760,706,32.699999999999996,30.3,10076,-10076,2120.0841121495323,1686.9102803738315,Darius,K'Sante,Yone,Viktor,Seraphine,Gangplank,Wukong,Akali,Kog'Maw,Pyke,Stridebreaker,Dead Man's Plate,Null-Magic Mantle,Plated Steelcaps,Sterak's Gage,No_Item,Oracle Lens,Negatron Cloak,No_Item,Boots of Swiftness,Cloth Armor,Iceborn Gauntlet,Spectre's Cowl,Oracle Lens,Doran's Shield,Stridebreaker,Berserker's Greaves,Blade of The Ruined King,Long Sword,Cloak of Agility,Farsight Alteration,Doran's Ring,Blackfire Torch,Sorcerer's Shoes,Liandry's Torment,Hextech Alternator,Needlessly Large Rod,Farsight Alteration,Dream Maker,Ionian Boots of Lucidity,Refillable Potion,Moonstone Renewer,Forbidden Idol,Kindlegem,Oracle Lens,Trinity Force,Refillable Potion,Boots of Swiftness,Serrated Dirk,Pickaxe,Doran's Blade,Stealth Ward,Phage,Boots of Swiftness,Ruby Crystal,Trinity Force,Pickaxe,Control Ward,Stealth Ward,Doran's Ring,No_Item,Shadowflame,Stormsurge,Sorcerer's Shoes,Dark Seal,Oracle Lens,Guinsoo's Rageblade,Blade of The Ruined King,Refillable Potion,Berserker's Greaves,No_Item,No_Item,Farsight Alteration,Bloodsong,Umbral Glaive,Refillable Potion,Control Ward,Boots of Swiftness,Edge of Night,Oracle Lens,Conqueror,Resolve,Aftershock,Inspiration,Grasp of the Undying,Precision,Summon Aery,Precision,Summon Aery,Resolve,Grasp of the Undying,Inspiration,Conqueror,Inspiration,Conqueror,Resolve,Lethal Tempo,Resolve,Hail of Blades,Inspiration,Flash,Ghost,Smite,Flash,Teleport,Flash,Flash,Teleport,Flash,Heal,Flash,Teleport,Flash,Smite,Teleport,Flash,Flash,Barrier,Flash,Ignite,1,6,0,0,0,0
https://www.op.gg/summoners/euw/Boat%20Crew%202-David/matches/uRd1PvnOddoEw2S683LDiEayk4fG6YxzGYCal9fPcIE%3D/1734643248000,1,37,29,29,37,52,47,79,61,23,19,3,1,1,0,10,1,4,1,64200,50561,15.2,13.6,893,729,33.1,26.9,13639,-13639,2357.1014492753625,1856.3458937198068,Yasuo,Elise,Volibear,Jayce,Poppy,Riven,Camille,Ahri,Ashe,Rell,Negatron Cloak,Recurve Bow,Berserker's Greaves,Immortal Shieldbow,Kraken Slayer,Iceborn Gauntlet,Farsight Alteration,Liandry's Torment,Dark Seal,Control Ward,Stormsurge,Rabadon's Deathcap,Sorcerer's Shoes,Oracle Lens,Boots of Swiftness,Cosmic Drive,Hextech Rocketbelt,Unending Despair,Spirit Visage,Ruby Crystal,Stealth Ward,Edge of Night,Youmuu's Ghostblade,Serylda's Grudge,Serrated Dirk,Boots of Swiftness,Opportunity,Farsight Alteration,Bloodsong,Boots of Swiftness,Dead Man's Plate,Locket of the Iron Solari,Control Ward,No_Item,Oracle Lens,Ionian Boots of Lucidity,Eclipse,Death's Dance,Hexdrinker,No_Item,Glowing Mote,Oracle Lens,Ravenous Hydra,Spear of Shojin,Null-Magic Mantle,Trinity Force,Slightly Magical Footwear,No_Item,Oracle Lens,Needlessly Large Rod,Horizon Focus,Needlessly Large Rod,Ionian Boots of Lucidity,Dark Seal,Malignance,Oracle Lens,Berserker's Greaves,Last Whisper,Long Sword,Kraken Slayer,Phantom Dancer,Doran's Blade,Farsight Alteration,Ionian Boots of Lucidity,Locket of the Iron Solari,Celestial Opposition,Dead Man's Plate,Kindlegem,Negatron Cloak,Oracle Lens,Lethal Tempo,Resolve,Dark Harvest,Precision,Press the Attack,Resolve,Electrocute,Inspiration,Aftershock,Inspiration,Conqueror,Inspiration,Conqueror,Inspiration,Electrocute,Precision,Lethal Tempo,Inspiration,Aftershock,Inspiration,Flash,Teleport,Flash,Smite,Flash,Teleport,Heal,Flash,Flash,Ignite,Flash,Ignite,Flash,Smite,Teleport,Flash,Barrier,Flash,Flash,Ignite,0,6,2,1,0,0
https://www.op.gg/summoners/euw/Boat%20Crew%202-David/matches/uRd1PvnOddoBJj1K1U4NMy7lub1MEEwsQDTuxcX98_k%3D/1734641049000,0,39,47,47,39,87,59,87,92,19,23,3,2,0,1,7,10,3,3,64163,69204,15.0,16.4,823,883,26.0,27.8,-5041,5041,2013.6260638297874,2171.8276595744683,K'Sante,Jarvan IV,Zoe,Syndra,Zac,Camille,Qiyana,Viktor,Varus,Poppy,"Jak'Sho, The Protean",Thornmail,Chain Vest,Iceborn Gauntlet,Plated Steelcaps,Kindlegem,Stealth Ward,Sundered Sky,Plated Steelcaps,Pickaxe,Frozen Heart,Black Cleaver,Tunneler,Stealth Ward,Horizon Focus,Blackfire Torch,Zhonya's Hourglass,Riftmaker,Ionian Boots of Lucidity,No_Item,Farsight Alteration,Needlessly Large Rod,Void Staff,Stormsurge,Sorcerer's Shoes,Needlessly Large Rod,Luden's Companion,Farsight Alteration,Ionian Boots of Lucidity,Zeke's Convergence,Celestial Opposition,Spirit Visage,Unending Despair,Ruby Crystal,Oracle Lens,Ravenous Hydra,Spear of Shojin,No_Item,Maw of Malmortius,Mercury's Treads,Trinity Force,Oracle Lens,Serylda's Grudge,Serrated Dirk,Youmuu's Ghostblade,Boots,Tunneler,Profane Hydra,Oracle Lens,Luden's Companion,Liandry's Torment,Void Staff,Doran's Ring,Mercury's Treads,Needlessly Large Rod,Farsight Alteration,Ionian Boots of Lucidity,Youmuu's Ghostblade,Muramana,Caulfield's Warhammer,Edge of Night,Doran's Blade,Farsight Alteration,Bloodsong,Boots of Swiftness,Trailblazer,Abyssal Mask,Kindlegem,No_Item,Oracle Lens,Grasp of the Undying,Precision,Conqueror,Inspiration,Summon Aery,Precision,Electrocute,Sorcery,Aftershock,Precision,Grasp of the Undying,Inspiration,Electrocute,Sorcery,Arcane Comet,Precision,Arcane Comet,Inspiration,Aftershock,Inspiration,Teleport,Flash,Flash,Smite,Teleport,Flash,Heal,Flash,Flash,Ignite,Flash,Teleport,Flash,Smite,Flash,Teleport,Flash,Teleport,Flash,Ignite,0,6,0,1,0,2
https://www.op.gg/summoners/euw/Boat%20Crew%202-David/matches/uRd1PvnOddrfDZIfSQ5t8XuMTe_3Y2cmGDWElw7exd0%3D/1734638562000,0,23,43,43,23,48,24,61,69,23,17,0,4,0,1,2,10,0,5,53086,65786,14.2,15.6,845,923,29.200000000000003,31.9,-12700,12700,1827.5508196721312,2264.7639344262293,Yorick,Graves,Viktor,Jhin,Karma,Jayce,Wukong,Ahri,Kalista,Zac,Trinity Force,Sundered Sky,Cloth Armor,No_Item,Plated Steelcaps,No_Item,Oracle Lens,The Collector,Youmuu's Ghostblade,Lord Dominik's Regards,Boots,Cloak of Agility,Pickaxe,Oracle Lens,Liandry's Torment,Rabadon's Deathcap,Ionian Boots of Lucidity,Blackfire Torch,No_Item,No_Item,Farsight Alteration,Infinity Edge,Hubris,Zeal,The Collector,Boots of Swiftness,Scout's Slingshot,Farsight Alteration,Imperial Mandate,Ionian Boots of Lucidity,Zaz'Zak's Realmspike,Control Ward,Oblivion Orb,Fiendish Codex,Oracle Lens,Doran's Blade,Edge of Night,Boots of Swiftness,Eclipse,Muramana,Last Whisper,Farsight Alteration,Sundered Sky,Sterak's Gage,Cloth Armor,Cloth Armor,Trinity Force,Boots of Swiftness,Stealth Ward,Rabadon's Deathcap,Zhonya's Hourglass,Malignance,Dark Seal,Ionian Boots of Lucidity,Lich Bane,Oracle Lens,Terminus,Chain Vest,Blade of The Ruined King,Guinsoo's Rageblade,Berserker's Greaves,Negatron Cloak,Farsight Alteration,Ionian Boots of Lucidity,Knight's Vow,Celestial Opposition,Dark Seal,Zeke's Convergence,Abyssal Mask,Oracle Lens,Conqueror,Resolve,Dark Harvest,Precision,Summon Aery,Precision,Dark Harvest,Precision,Arcane Comet,Domination,Conqueror,Inspiration,Conqueror,Inspiration,Electrocute,Sorcery,Lethal Tempo,Domination,Aftershock,Precision,Flash,Teleport,Flash,Smite,Flash,Teleport,Barrier,Flash,Heal,Flash,Teleport,Flash,Flash,Smite,Teleport,Flash,Flash,Barrier,Flash,Ignite,1,5,0,0,1,2
https://www.op.gg/summoners/euw/Boat%20Crew%202-David/matches/uRd1PvnOddrWanIyNAnLEpvLRhVtbOOcET08CopoWtw%3D/1734636217000,1,30,12,12,30,13,56,52,53,17,8,3,0,1,0,10,2,4,0,52528,37721,13.0,11.2,723,616,32.4,27.7,14807,-14807,2352.0,1689.0,Cho'Gath,Viego,Zoe,Kalista,Thresh,Darius,Lee Sin,Galio,Ashe,Zac,Doran's Ring,Plated Steelcaps,Sunfire Aegis,Dead Man's Plate,No_Item,No_Item,Oracle Lens,Sterak's Gage,Kraken Slayer,No_Item,Sundered Sky,B. F. Sword,Slightly Magical Footwear,Oracle Lens,Doran's Ring,Ionian Boots of Lucidity,Blackfire Torch,Riftmaker,Fiendish Codex,Fiendish Codex,Farsight Alteration,Vampiric Scepter,Terminus,Berserker's Greaves,Blade of The Ruined King,Guinsoo's Rageblade,B. F. Sword,Farsight Alteration,Solstice Sleigh,Locket of the Iron Solari,No_Item,Boots of Swiftness,Kindlegem,Forbidden Idol,Oracle Lens,Stridebreaker,Winged Moonplate,Cloth Armor,Mercury's Treads,Doran's Shield,Ruby Crystal,Oracle Lens,Scorchclaw Pup,Control Ward,Eclipse,Kindlegem,Phage,Plated Steelcaps,Stealth Ward,Haunting Guise,No_Item,Hollow Radiance,Mercury's Treads,Fiendish Codex,No_Item,Oracle Lens,Doran's Blade,Phantom Dancer,No_Item,Berserker's Greaves,Kraken Slayer,Cull,Farsight Alteration,Celestial Opposition,Ionian Boots of Lucidity,Zeke's Convergence,Spirit Visage,Ruby Crystal,Dark Seal,Oracle Lens,Grasp of the Undying,Domination,Conqueror,Inspiration,Summon Aery,Precision,Lethal Tempo,Domination,Aftershock,Inspiration,Conqueror,Resolve,Conqueror,Inspiration,Aftershock,Sorcery,Lethal Tempo,Inspiration,Aftershock,Precision,Teleport,Flash,Flash,Smite,Teleport,Flash,Flash,Barrier,Ignite,Flash,Flash,Ghost,Flash,Smite,Teleport,Flash,Flash,Cleanse,Flash,Ignite,1,3,2,0,3,0
https://www.op.gg/summoners/euw/Boat%20Crew%202-David/matches/uRd1PvnOddqdO0_soVZMKqcLqCyFlKsd9hhYEC9tKLo%3D/1734634105000,1,20,8,8,20,10,29,42,31,5,9,1,0,0,0,5,1,1,0,40288,30349,11.4,10.0,617,510,33.7,27.7,9939,-9939,2209.341935483871,1664.3000000000002,Ambessa,Nidalee,Corki,Syndra,Zac,Poppy,Ivern,Yasuo,Caitlyn,Zilean,Doran's Shield,Eclipse,Plated Steelcaps,Phage,Ruby Crystal,Control Ward,Farsight Alteration,No_Item,Dark Seal,Sorcerer's Shoes,Lich Bane,Amplifying Tome,No_Item,Oracle Lens,Zeal,Refillable Potion,Boots,Manamune,Doran's Blade,Trinity Force,Farsight Alteration,No_Item,Cosmic Drive,Dark Seal,Doran's Ring,Sorcerer's Shoes,Blackfire Torch,Oracle Lens,Zeke's Convergence,Ionian Boots of Lucidity,Celestial Opposition,Warden's Mail,Dark Seal,No_Item,Oracle Lens,Doran's Shield,Refillable Potion,Sunfire Aegis,Plated Steelcaps,Tear of the Goddess,No_Item,Stealth Ward,Kindlegem,Redemption,Ionian Boots of Lucidity,Gustwalker Hatchling,Bandleglass Mirror,No_Item,Oracle Lens,Dagger,No_Item,Phage,Blade of The Ruined King,Berserker's Greaves,Doran's Shield,Farsight Alteration,Doran's Blade,B. F. Sword,Berserker's Greaves,The Collector,Pickaxe,No_Item,Stealth Ward,Solstice Sleigh,Kindlegem,Kindlegem,Ionian Boots of Lucidity,Kindlegem,Null-Magic Mantle,Oracle Lens,Grasp of the Undying,Domination,Dark Harvest,Precision,Conqueror,Resolve,First Strike,Sorcery,Aftershock,Precision,Grasp of the Undying,Sorcery,Glacial Augment,Resolve,Grasp of the Undying,Precision,Hail of Blades,Sorcery,Summon Aery,Inspiration,Flash,Teleport,Flash,Smite,Barrier,Flash,Teleport,Flash,Flash,Ignite,Flash,Teleport,Flash,Smite,Flash,Teleport,Flash,Barrier,Flash,Ignite,0,4,0,0,2,0
https://www.op.gg/summoners/euw/Boat%20Crew%202-David/matches/uRd1PvnOddpTrLRm6JEFddEPD9eFXLnF8gsR_MyR9To%3D/1734631369000,1,45,49,49,45,63,92,90,66,15,24,4,1,1,1,7,8,5,2,75406,75474,17.6,16.4,1007,968,28.8,27.7,-68,68,2144.2464454976307,2146.18009478673,Ambessa,Graves,Viktor,Miss Fortune,Rell,Camille,Rengar,Galio,Corki,Maokai,Doran's Blade,Eclipse,Plated Steelcaps,Voltaic Cyclosword,Death's Dance,Tunneler,Stealth Ward,The Collector,Plated Steelcaps,Lord Dominik's Regards,Immortal Shieldbow,Steel Sigil,Youmuu's Ghostblade,Oracle Lens,Void Staff,Zhonya's Hourglass,Mejai's Soulstealer,Sorcerer's Shoes,Blackfire Torch,Lich Bane,Farsight Alteration,Lord Dominik's Regards,Youmuu's Ghostblade,Bloodthirster,No_Item,Plated Steelcaps,The Collector,Farsight Alteration,Knight's Vow,Locket of the Iron Solari,Celestial Opposition,Ruby Crystal,Ionian Boots of Lucidity,Redemption,Oracle Lens,Ravenous Hydra,Trinity Force,Ruby Crystal,Plated Steelcaps,Death's Dance,Spear of Shojin,Oracle Lens,Profane Hydra,Youmuu's Ghostblade,Opportunity,Plated Steelcaps,Edge of Night,Lord Dominik's Regards,Oracle Lens,Giant's Belt,Dark Seal,Zhonya's Hourglass,Riftmaker,Plated Steelcaps,Hollow Radiance,Farsight Alteration,Infinity Edge,Trinity Force,Plated Steelcaps,Muramana,Rapid Firecannon,Lord Dominik's Regards,Farsight Alteration,Solstice Sleigh,Knight's Vow,Locket of the Iron Solari,Ionian Boots of Lucidity,Trailblazer,Kindlegem,Oracle Lens,Grasp of the Undying,Precision,Dark Harvest,Precision,First Strike,Sorcery,Press the Attack,Inspiration,Aftershock,Inspiration,Conqueror,Resolve,Conqueror,Domination,Aftershock,Sorcery,Conqueror,Inspiration,First Strike,Sorcery,Teleport,Ignite,Flash,Smite,Teleport,Flash,Flash,Exhaust,Flash,Ignite,Flash,Teleport,Smite,Flash,Flash,Teleport,Flash,Barrier,Flash,Ignite,0,3,1,1,3,1
https://www.op.gg/summoners/euw/Boat%20Crew%202-David/matches/uRd1PvnOddpX3RzZFBlM7MmBK84ho_VN3ixenH1Gg5M%3D/1734613640000,0,23,46,47,23,82,33,54,69,17,14,0,4,1,1,7,4,1,5,56575,58952,14.0,15.4,846,809,30.4,29.1,-2377,2377,2025.5246913580245,2110.627160493827,Kai'Sa,Rumble,Riven,Irelia,Nautilus,Viktor,Vi,Aurora,Corki,Zac,Statikk Shiv,Guinsoo's Rageblade,Nashor's Tooth,Berserker's Greaves,Blasting Wand,Doran's Blade,Farsight Alteration,Zhonya's Hourglass,Shadowflame,Blighting Jewel,Sorcerer's Shoes,Liandry's Torment,No_Item,Oracle Lens,Eclipse,Sundered Sky,Black Cleaver,Ionian Boots of Lucidity,Hexdrinker,Caulfield's Warhammer,Oracle Lens,Doran's Blade,Blade of The Ruined King,Hullbreaker,Control Ward,Plated Steelcaps,Wit's End,Farsight Alteration,Knight's Vow,Locket of the Iron Solari,Control Ward,Solstice Sleigh,Ionian Boots of Lucidity,Null-Magic Mantle,Oracle Lens,Iceborn Gauntlet,Riftmaker,Tear of the Goddess,Mejai's Soulstealer,Fiendish Codex,Ionian Boots of Lucidity,Farsight Alteration,Mercury's Treads,Sundered Sky,Black Cleaver,Caulfield's Warhammer,Steel Sigil,Pickaxe,Stealth Ward,Shadowflame,Void Staff,Malignance,Needlessly Large Rod,Dark Seal,Sorcerer's Shoes,Oracle Lens,Trinity Force,Plated Steelcaps,B. F. Sword,Muramana,Cloak of Agility,Rapid Firecannon,Farsight Alteration,Dark Seal,Zeke's Convergence,Dream Maker,Spirit Visage,Kindlegem,Ionian Boots of Lucidity,Oracle Lens,Press the Attack,Inspiration,Dark Harvest,Sorcery,Conqueror,Inspiration,Press the Attack,Inspiration,Aftershock,Inspiration,Grasp of the Undying,Sorcery,Hail of Blades,Inspiration,Electrocute,Sorcery,Conqueror,Inspiration,Aftershock,Precision,Flash,Barrier,Flash,Smite,Ignite,Flash,Flash,Teleport,Flash,Exhaust,Flash,Teleport,Flash,Smite,Teleport,Flash,Barrier,Flash,Flash,Ignite,0,6,0,0,0,0
https://www.op.gg/summoners/euw/Boat%20Crew%202-David/matches/uRd1PvnOddq0N3Z6lO5vaAYTHOyQMe2s7jbycyfhrX4%3D/1734611285000,1,38,24,25,38,31,56,64,93,26,16,1,3,1,0,10,5,2,3,67440,57831,16.0,14.6,939,919,30.2,29.5,9609,-9609,2174.595918367347,1864.754693877551,Gragas,Viego,Ahri,Ashe,Zac,Gnar,Jax,Syndra,Caitlyn,Zoe,Void Staff,Lost Chapter,Cosmic Drive,Boots of Swiftness,Lich Bane,Amplifying Tome,Oracle Lens,Sterak's Gage,Mercury's Treads,Steel Sigil,Wit's End,Sundered Sky,Trinity Force,Oracle Lens,Lich Bane,Banshee's Veil,Ionian Boots of Lucidity,Dark Seal,Malignance,Void Staff,Oracle Lens,Doran's Blade,Berserker's Greaves,Kraken Slayer,Phantom Dancer,Bloodthirster,No_Item,Farsight Alteration,Zeke's Convergence,Celestial Opposition,Knight's Vow,Abyssal Mask,Ionian Boots of Lucidity,Warden's Mail,Oracle Lens,Trinity Force,Wit's End,Randuin's Omen,Mercury's Treads,Sterak's Gage,Doran's Shield,Stealth Ward,Trinity Force,Sterak's Gage,No_Item,Mercury's Treads,Cloth Armor,Cloth Armor,Oracle Lens,Dark Seal,No_Item,Ionian Boots of Lucidity,Liandry's Torment,Blackfire Torch,Void Staff,Farsight Alteration,Zeal,Berserker's Greaves,Yun Tal Wildarrows,Last Whisper,Infinity Edge,Cloak of Agility,Farsight Alteration,Shurelya's Battlesong,Boots of Swiftness,Celestial Opposition,Imperial Mandate,Fiendish Codex,Fiendish Codex,Oracle Lens,Phase Rush,Inspiration,Conqueror,Inspiration,Electrocute,Sorcery,Lethal Tempo,Inspiration,Aftershock,Precision,Grasp of the Undying,Precision,Conqueror,Inspiration,Electrocute,Sorcery,Lethal Tempo,Sorcery,Summon Aery,Precision,Teleport,Flash,Smite,Flash,Teleport,Flash,Flash,Cleanse,Flash,Ignite,Teleport,Flash,Flash,Smite,Flash,Teleport,Flash,Barrier,Flash,Ignite,1,0,2,0,6,1
https://www.op.gg/summoners/euw/Boat%20Crew%202-David/matches/uRd1PvnOddqlA37FSqoepNPI3Mf1pK6B2AoF9wFpxZw%3D/1734608937000,0,16,31,31,16,61,29,96,72,25,30,0,5,0,1,5,9,0,6,57071,67020,14.0,16.2,988,987,30.7,30.7,-9949,9949,1768.0819607843139,2076.3058823529414,Jax,Neeko,Yone,Corki,Nautilus,Ambessa,Rengar,Draven,Aurora,Zac,Control Ward,Zhonya's Hourglass,Plated Steelcaps,Sundered Sky,Trinity Force,No_Item,Stealth Ward,No_Item,Zhonya's Hourglass,Hextech Rocketbelt,Sorcerer's Shoes,Shadowflame,No_Item,Oracle Lens,Iceborn Gauntlet,No_Item,Blade of The Ruined King,Wit's End,No_Item,Berserker's Greaves,Farsight Alteration,Infinity Edge,No_Item,Plated Steelcaps,Muramana,Trinity Force,Lord Dominik's Regards,Farsight Alteration,No_Item,Chain Vest,Bloodsong,Kindlegem,Trailblazer,Boots of Swiftness,Oracle Lens,Plated Steelcaps,Black Cleaver,Eclipse,Death's Dance,Pickaxe,No_Item,Stealth Ward,Profane Hydra,Ionian Boots of Lucidity,Pickaxe,Lord Dominik's Regards,B. F. Sword,Voltaic Cyclosword,Oracle Lens,No_Item,Plated Steelcaps,Bloodthirster,Lord Dominik's Regards,Infinity Edge,Doran's Blade,Farsight Alteration,Sorcerer's Shoes,Luden's Companion,Hextech Alternator,Shadowflame,Dark Seal,Amplifying Tome,Farsight Alteration,Spirit Visage,Randuin's Omen,Celestial Opposition,Ionian Boots of Lucidity,Dark Seal,Zeke's Convergence,Oracle Lens,Grasp of the Undying,Sorcery,Dark Harvest,Inspiration,Fleet Footwork,Resolve,Conqueror,Inspiration,Aftershock,Inspiration,Conqueror,Resolve,Conqueror,Domination,Lethal Tempo,Domination,Electrocute,Sorcery,Aftershock,Precision,Teleport,Flash,Smite,Flash,Teleport,Flash,Flash,Teleport,Ignite,Flash,Flash,Teleport,Flash,Smite,Flash,Barrier,Teleport,Flash,Flash,Ignite,1,6,0,0,0,1
https://www.op.gg/summoners/euw/Boat%20Crew%202-David/matches/uRd1PvnOddrsUTKOXQe7OD7hMXTG-flCYQjnHmQKxzc%3D/1734605780000,0,12,32,32,12,42,14,30,29,7,9,0,2,0,0,0,9,0,2,34350,47891,11.0,12.4,568,671,27.8,32.9,-13541,13541,1674.2016806722688,2334.1831932773107,Riven,Dr. Mundo,Yasuo,Kog'Maw,Zac,Aatrox,Xin Zhao,Vex,Karthus,Taric,Doran's Blade,Eclipse,Ionian Boots of Lucidity,Null-Magic Mantle,Long Sword,No_Item,Stealth Ward,Boots of Swiftness,Heartsteel,Bramble Vest,Spectre's Cowl,Kindlegem,No_Item,Oracle Lens,Phage,Blade of The Ruined King,Dagger,Long Sword,Berserker's Greaves,Long Sword,Stealth Ward,Doran's Blade,Blade of The Ruined King,Berserker's Greaves,Guinsoo's Rageblade,No_Item,No_Item,Farsight Alteration,Celestial Opposition,Zeke's Convergence,Mercury's Treads,Kindlegem,Null-Magic Mantle,Ruby Crystal,Oracle Lens,Tiamat,Refillable Potion,Eclipse,Plated Steelcaps,Doran's Blade,The Brutalizer,Oracle Lens,Titanic Hydra,Null-Magic Mantle,Sundered Sky,Slightly Magical Footwear,No_Item,No_Item,Oracle Lens,Blackfire Torch,Sorcerer's Shoes,Liandry's Torment,Dark Seal,Doran's Ring,No_Item,Oracle Lens,Rabadon's Deathcap,Mejai's Soulstealer,Sorcerer's Shoes,Blackfire Torch,Liandry's Torment,No_Item,Stealth Ward,Bloodsong,Tear of the Goddess,Knight's Vow,Boots of Swiftness,Kindlegem,Locket of the Iron Solari,Oracle Lens,Conqueror,Sorcery,Fleet Footwork,Inspiration,Lethal Tempo,Inspiration,Lethal Tempo,Resolve,Aftershock,Precision,Conqueror,Resolve,Conqueror,Inspiration,Electrocute,Sorcery,Dark Harvest,Precision,Glacial Augment,Precision,Flash,Ignite,Smite,Flash,Teleport,Flash,Flash,Cleanse,Flash,Ignite,Flash,Teleport,Smite,Flash,Flash,Teleport,Flash,Exhaust,Flash,Ignite,0,1,0,1,5,1
https://www.op.gg/summoners/euw/Boat%20Crew%202-David/matches/uRd1PvnOddrQxnsXZHKps70X9hyrWtN1hAbatF0r3GY%3D/1734603950000,1,30,13,13,30,18,63,88,55,16,22,2,2,2,0,11,5,4,2,61801,48373,15.4,13.2,864,799,30.299999999999997,28.1,13428,-13428,2170.392261904762,1698.8136904761905,Bel'Veth,Karthus,Yone,Ashe,Renata Glasc,Gragas,Viego,Galio,Caitlyn,Rell,Stridebreaker,Blade of The Ruined King,Mercury's Treads,Doran's Shield,Bramble Vest,No_Item,Farsight Alteration,Sorcerer's Shoes,Rabadon's Deathcap,Control Ward,Shadowflame,Blackfire Torch,No_Item,Oracle Lens,Doran's Blade,Immortal Shieldbow,Berserker's Greaves,Blade of The Ruined King,Pickaxe,Wit's End,Farsight Alteration,Doran's Blade,Berserker's Greaves,Kraken Slayer,Phantom Dancer,Lord Dominik's Regards,B. F. Sword,Farsight Alteration,No_Item,Locket of the Iron Solari,Redemption,Celestial Opposition,Ionian Boots of Lucidity,Kindlegem,Oracle Lens,Cosmic Drive,Fimbulwinter,Control Ward,Lich Bane,Ionian Boots of Lucidity,No_Item,Oracle Lens,Kraken Slayer,Slightly Magical Footwear,Sundered Sky,Wit's End,Cloth Armor,Control Ward,Oracle Lens,Riftmaker,Control Ward,Blasting Wand,Plated Steelcaps,Hollow Radiance,No_Item,Oracle Lens,Doran's Blade,Boots,Rapid Firecannon,The Collector,Infinity Edge,Cloak of Agility,Farsight Alteration,Celestial Opposition,Locket of the Iron Solari,Plated Steelcaps,Abyssal Mask,Control Ward,No_Item,Oracle Lens,Conqueror,Resolve,First Strike,Domination,Lethal Tempo,Resolve,Lethal Tempo,Inspiration,Guardian,Domination,Phase Rush,Precision,Conqueror,Inspiration,Aftershock,Sorcery,Lethal Tempo,Sorcery,Aftershock,Inspiration,Teleport,Flash,Smite,Flash,Teleport,Flash,Flash,Cleanse,Flash,Heal,Flash,Teleport,Flash,Smite,Teleport,Flash,Barrier,Flash,Flash,Ignite,1,2,2,0,4,1
https://www.op.gg/summoners/euw/Boat%20Crew%202-David/matches/uRd1PvnOddrBBDjSvQkBxEPW7f0aT_Q2tjRczyUn3sY%3D/1734601362000,1,36,22,23,36,31,65,61,58,13,13,3,1,1,0,4,3,4,1,53731,50004,14.0,13.0,742,720,28.7,27.8,3727,-3727,2075.9704545454547,1931.9727272727273,Malphite,Kayn,Viktor,Jhin,Rell,Ambessa,Vi,Akali,Draven,Zac,Sunfire Aegis,Thornmail,Cloth Armor,Plated Steelcaps,Kaenic Rookern,No_Item,Stealth Ward,Plated Steelcaps,Voltaic Cyclosword,Black Cleaver,Death's Dance,No_Item,No_Item,Oracle Lens,Doran's Ring,Zhonya's Hourglass,No_Item,Blackfire Torch,Liandry's Torment,Sorcerer's Shoes,Farsight Alteration,Boots of Swiftness,The Collector,Rapid Firecannon,Mortal Reminder,No_Item,Doran's Blade,Farsight Alteration,Celestial Opposition,Trailblazer,Control Ward,Ruby Crystal,Mercury's Treads,Zeke's Convergence,Oracle Lens,Black Cleaver,Spear of Shojin,Steel Sigil,Boots,Pickaxe,No_Item,Stealth Ward,Slightly Magical Footwear,Sundered Sky,Black Cleaver,Steel Sigil,No_Item,No_Item,Stealth Ward,Doran's Shield,Dark Seal,Shadowflame,Sorcerer's Shoes,No_Item,Lich Bane,Stealth Ward,The Collector,Infinity Edge,Mortal Reminder,Berserker's Greaves,Vampiric Scepter,Pickaxe,Farsight Alteration,Knight's Vow,Zeke's Convergence,Celestial Opposition,Ionian Boots of Lucidity,Spirit Visage,No_Item,Oracle Lens,Arcane Comet,Resolve,Conqueror,Inspiration,Summon Aery,Resolve,Fleet Footwork,Inspiration,Aftershock,Inspiration,Grasp of the Undying,Precision,Hail of Blades,Inspiration,Electrocute,Resolve,Lethal Tempo,Domination,Aftershock,Precision,Flash,Teleport,Flash,Smite,Teleport,Flash,Barrier,Flash,Flash,Ignite,Flash,Teleport,Flash,Smite,Teleport,Flash,Flash,Barrier,Flash,Ignite,0,5,0,0,1,0
,,-1,-1,-1,-1,-1,-1,-1,-1,-1,-1,-1,-1,-1,-1,-1,-1,-1,-1,-1,-1,-1.0,-1.0,-1,-1,-1.0,-1.0,-1,-1,-1.0,-1.0,,,,,,,,,,,,,,,,,,,,,,,,,,,,,,,,,,,,,,,,,,,,,,,,,,,,,,,,,,,,,,,,,,,,,,,,,,,,,,,,,,,,,,,,,,,,,,,,,,,,,,,,,,,,,,,,,,,,,,,,,-1,-1,-1,-1,-1,-1
https://www.op.gg/summoners/euw/Boat%20Crew%202-David/matches/uRd1PvnOddqV_LYnqdhPUcE0cbOu_Y598fryM5JOb7U%3D/1734594577000,1,38,22,22,38,34,55,40,43,11,9,2,0,0,0,11,1,2,0,55753,40167,13.4,11.6,712,594,32.8,27.4,15586,-15586,2565.624778761062,1848.3929203539824,Draven,Kayn,Akali,Viktor,Zac,Irelia,Viego,Ekko,Aurelion Sol,Rell,Doran's Blade,Bloodthirster,The Collector,Berserker's Greaves,Infinity Edge,No_Item,Farsight Alteration,Slightly Magical Footwear,Voltaic Cyclosword,Black Cleaver,Hexdrinker,Caulfield's Warhammer,No_Item,Oracle Lens,Rabadon's Deathcap,Dark Seal,Boots,Hextech Rocketbelt,Doran's Shield,Stormsurge,Oracle Lens,Seeker's Armguard,Needlessly Large Rod,No_Item,Liandry's Torment,Blackfire Torch,Mercury's Treads,Farsight Alteration,Celestial Opposition,Zeke's Convergence,Refillable Potion,Ionian Boots of Lucidity,Kindlegem,Spectre's Cowl,Oracle Lens,Blade of The Ruined King,Plated Steelcaps,Negatron Cloak,Recurve Bow,Recurve Bow,No_Item,Farsight Alteration,The Collector,Trinity Force,Long Sword,Slightly Magical Footwear,No_Item,No_Item,Eye of the Herald,Doran's Ring,Lich Bane,Stormsurge,Sorcerer's Shoes,No_Item,No_Item,Stealth Ward,Doran's Ring,Liandry's Torment,Shattered Armguard,Dark Seal,Sorcerer's Shoes,Rylai's Crystal Scepter,Farsight Alteration,Refillable Potion,Celestial Opposition,Abyssal Mask,Ionian Boots of Lucidity,Control Ward,Cloth Armor,Oracle Lens,Lethal Tempo,Domination,Conqueror,Inspiration,Electrocute,Precision,Summon Aery,Precision,Aftershock,Precision,Conqueror,Sorcery,Conqueror,Inspiration,Hail of Blades,Sorcery,Arcane Comet,Precision,Aftershock,Inspiration,Flash,Teleport,Flash,Smite,Flash,Teleport,Teleport,Flash,Flash,Ignite,Flash,Teleport,Smite,Flash,Teleport,Flash,Flash,Teleport,Flash,Ignite,0,1,2,1,2,0
https://www.op.gg/summoners/euw/Boat%20Crew%202-David/matches/uRd1PvnOddqbMpwzcgud_NX71RwmHU_Uk33-y-uAoHE%3D/1734534421000,1,33,22,22,33,31,57,81,80,17,33,2,3,1,2,10,7,3,5,77897,72215,17.4,17.0,1237,1211,33.9,33.1,5682,-5682,2126.3775675675674,1971.2743243243242,Riven,Kindred,Viktor,Swain,Nami,Gragas,Wukong,Ekko,Olaf,Lulu,Sterak's Gage,Sundered Sky,Mortal Reminder,Eclipse,Death's Dance,Mercury's Treads,Oracle Lens,Mercury's Treads,Infinity Edge,Mortal Reminder,The Collector,Trinity Force,No_Item,Oracle Lens,Blackfire Torch,Sorcerer's Shoes,Cryptbloom,Oblivion Orb,Needlessly Large Rod,Liandry's Torment,Farsight Alteration,Cosmic Drive,Shattered Armguard,Liandry's Torment,Boots of Swiftness,Blackfire Torch,Abyssal Mask,Farsight Alteration,Dream Maker,Shurelya's Battlesong,Imperial Mandate,Staff of Flowing Water,Ionian Boots of Lucidity,Forbidden Idol,Oracle Lens,Luden's Companion,Sorcerer's Shoes,Doran's Ring,Shadowflame,Cosmic Drive,Fiendish Codex,Stealth Ward,Sundered Sky,Sterak's Gage,Abyssal Mask,Ruby Crystal,Trinity Force,Boots of Swiftness,Stealth Ward,Stormsurge,Lich Bane,Elixir of Sorcery,Rabadon's Deathcap,Nashor's Tooth,Sorcerer's Shoes,Oracle Lens,Zeke's Convergence,Maw of Malmortius,Plated Steelcaps,Death's Dance,Experimental Hexplate,Ravenous Hydra,Oracle Lens,Dream Maker,Shurelya's Battlesong,Redemption,Moonstone Renewer,Ionian Boots of Lucidity,Kindlegem,Oracle Lens,Conqueror,Inspiration,Press the Attack,Inspiration,Summon Aery,Resolve,Conqueror,Sorcery,Summon Aery,Inspiration,Phase Rush,Inspiration,Conqueror,Inspiration,Hail of Blades,Sorcery,Conqueror,Inspiration,Summon Aery,Domination,Flash,Teleport,Smite,Flash,Teleport,Flash,Ghost,Flash,Flash,Ignite,Flash,Teleport,Flash,Smite,Flash,Teleport,Flash,Ghost,Heal,Flash,1,5,2,0,1,0
https://www.op.gg/summoners/euw/Boat%20Crew%202-David/matches/uRd1PvnOddqQN3rdxg65iHxt7oR4pAIFE6Hak81GKGU%3D/1734531572000,1,53,48,48,53,62,106,93,83,36,29,2,2,1,1,11,6,3,3,80551,72114,17.4,16.4,986,894,27.5,24.900000000000002,8437,-8437,2251.206986899563,2015.4131004366811,Kennen,Wukong,Fizz,Jhin,Galio,K'Sante,Warwick,Viktor,Corki,Rell,Hextech Rocketbelt,Void Staff,Dark Seal,Sorcerer's Shoes,Shadowflame,Rabadon's Deathcap,Oracle Lens,Abyssal Mask,Trinity Force,Black Cleaver,Sundered Sky,Tunneler,Plated Steelcaps,Stealth Ward,No_Item,Rabadon's Deathcap,Zhonya's Hourglass,Lich Bane,Sorcerer's Shoes,Void Staff,Oracle Lens,Rapid Firecannon,The Collector,Infinity Edge,Lord Dominik's Regards,Boots of Swiftness,Guardian Angel,Farsight Alteration,Control Ward,Celestial Opposition,Locket of the Iron Solari,Plated Steelcaps,Bramble Vest,Abyssal Mask,Oracle Lens,Iceborn Gauntlet,Fimbulwinter,Kaenic Rookern,Mercury's Treads,Unending Despair,Spectre's Cowl,Farsight Alteration,Stridebreaker,Bramble Vest,Ruby Crystal,Sterak's Gage,Blade of The Ruined King,Mercury's Treads,Oracle Lens,Sorcerer's Shoes,Banshee's Veil,Zhonya's Hourglass,Liandry's Torment,Amplifying Tome,Blackfire Torch,Farsight Alteration,Plated Steelcaps,Trinity Force,Zeal,Muramana,Infinity Edge,Immortal Shieldbow,Farsight Alteration,Knight's Vow,Locket of the Iron Solari,Celestial Opposition,Mercury's Treads,Abyssal Mask,Kindlegem,Oracle Lens,Electrocute,Inspiration,Conqueror,Inspiration,Electrocute,Sorcery,Fleet Footwork,Sorcery,Aftershock,Inspiration,Aftershock,Inspiration,Press the Attack,Inspiration,Fleet Footwork,Resolve,Conqueror,Inspiration,Aftershock,Inspiration,Teleport,Flash,Flash,Smite,Flash,Teleport,Flash,Barrier,Ignite,Flash,Flash,Teleport,Smite,Flash,Teleport,Flash,Flash,Barrier,Flash,Ignite,0,4,3,0,2,0
https://www.op.gg/summoners/euw/Boat%20Crew%202-David/matches/uRd1PvnOddqK0LeupSdsCoSO_m1i6ARnVKjnjj6oGEY%3D/1734528845000,1,29,14,14,29,25,44,53,58,19,18,1,2,0,0,10,2,1,2,54651,45727,14.0,13.0,826,797,32.3,31.1,8924,-8924,2139.7746031746033,1790.3693121693123,Darius,Wukong,Akali,Corki,Zac,Poppy,Viego,Galio,Kalista,Senna,Stridebreaker,Refillable Potion,Dead Man's Plate,Plated Steelcaps,Long Sword,No_Item,Oracle Lens,Sundered Sky,Black Cleaver,Plated Steelcaps,Pickaxe,Trinity Force,No_Item,Oracle Lens,Doran's Shield,Liandry's Torment,Sorcerer's Shoes,Needlessly Large Rod,Amplifying Tome,Riftmaker,Stealth Ward,Doran's Blade,Muramana,Plated Steelcaps,Trinity Force,No_Item,Infinity Edge,Farsight Alteration,Celestial Opposition,Zeke's Convergence,Ionian Boots of Lucidity,Unending Despair,Kindlegem,No_Item,Oracle Lens,Iceborn Gauntlet,No_Item,Plated Steelcaps,Fimbulwinter,No_Item,Doran's Shield,Farsight Alteration,Slightly Magical Footwear,Titanic Hydra,Kraken Slayer,Black Cleaver,No_Item,No_Item,Oracle Lens,Doran's Ring,Hollow Radiance,Riftmaker,Amplifying Tome,Sorcerer's Shoes,Dark Seal,Farsight Alteration,Blade of The Ruined King,Guinsoo's Rageblade,Berserker's Greaves,Recurve Bow,Doran's Blade,Hearthbound Axe,Farsight Alteration,Echoes of Helia,Celestial Opposition,Boots of Swiftness,Moonstone Renewer,No_Item,No_Item,Oracle Lens,Conqueror,Resolve,Conqueror,Inspiration,Conqueror,Resolve,Conqueror,Inspiration,Aftershock,Precision,Grasp of the Undying,Inspiration,Conqueror,Inspiration,Aftershock,Sorcery,Lethal Tempo,Inspiration,Summon Aery,Resolve,Flash,Ghost,Flash,Smite,Teleport,Flash,Teleport,Flash,Flash,Ignite,Teleport,Flash,Flash,Smite,Flash,Teleport,Flash,Barrier,Flash,Heal,1,5,2,0,1,0
https://www.op.gg/summoners/euw/Boat%20Crew%202-David/matches/uRd1PvnOddr8TNN03Hmjcg_Vx5tEbIG2fjFaqqInmrc%3D/1734526607000,0,9,28,28,9,43,12,45,52,9,8,1,1,0,0,1,8,1,1,35280,46936,11.0,12.6,635,697,30.8,33.6,-11656,11656,1694.3684210526314,2254.1631578947367,Maokai,Jax,Viktor,Caitlyn,Thresh,Dr. Mundo,Viego,Ryze,Corki,Zac,Unending Despair,No_Item,Plated Steelcaps,Kindlegem,Tear of the Goddess,Doran's Shield,Stealth Ward,Trinity Force,Sundered Sky,Control Ward,Slightly Magical Footwear,Null-Magic Mantle,Ruby Crystal,Stealth Ward,Doran's Ring,Blackfire Torch,Sorcerer's Shoes,Haunting Guise,Fated Ashes,No_Item,Farsight Alteration,Doran's Blade,The Collector,Boots,Dagger,Infinity Edge,Dagger,Farsight Alteration,Celestial Opposition,Locket of the Iron Solari,No_Item,Boots of Swiftness,No_Item,No_Item,Oracle Lens,Heartsteel,Warmog's Armor,No_Item,No_Item,Boots of Swiftness,No_Item,Farsight Alteration,No_Item,Titanic Hydra,Tunneler,Kraken Slayer,Plated Steelcaps,No_Item,Oracle Lens,Rod of Ages,Refillable Potion,Seraph's Embrace,Control Ward,Mercury's Treads,Blighting Jewel,Stealth Ward,Ionian Boots of Lucidity,Noonquiver,Muramana,Trinity Force,Doran's Blade,Long Sword,Farsight Alteration,Celestial Opposition,Zeke's Convergence,Ionian Boots of Lucidity,Spirit Visage,Ruby Crystal,No_Item,Oracle Lens,Grasp of the Undying,Inspiration,Lethal Tempo,Inspiration,Summon Aery,Resolve,Lethal Tempo,Domination,Aftershock,Inspiration,Grasp of the Undying,Inspiration,Conqueror,Inspiration,Phase Rush,Resolve,Conqueror,Inspiration,Aftershock,Precision,Teleport,Flash,Smite,Flash,Flash,Teleport,Flash,Barrier,Ignite,Flash,Flash,Teleport,Flash,Smite,Flash,Teleport,Flash,Barrier,Flash,Ignite,0,3,0,1,3,1
https://www.op.gg/summoners/euw/Boat%20Crew%202-David/matches/uRd1PvnOddrIIRpKf0QBRBZ-mZX0GjZ--_7svm2TR2U%3D/1734525041000,1,27,9,10,27,8,43,31,40,15,5,0,0,0,0,9,2,0,0,43041,32631,11.8,10.4,614,591,32.8,31.6,10410,-10410,2293.1680327868853,1738.5368852459017,Ambessa,Skarner,Viktor,Ashe,Zac,Darius,Viego,Syndra,Jinx,Lux,Plated Steelcaps,No_Item,Eclipse,Black Cleaver,No_Item,No_Item,Farsight Alteration,Heartsteel,Sterak's Gage,Plated Steelcaps,Kindlegem,Chain Vest,No_Item,Oracle Lens,Amplifying Tome,Amplifying Tome,Doran's Ring,Lich Bane,Blackfire Torch,Ionian Boots of Lucidity,Farsight Alteration,Kraken Slayer,Berserker's Greaves,No_Item,Doran's Blade,Zeal,No_Item,Farsight Alteration,Celestial Opposition,Zeke's Convergence,Chain Vest,Kindlegem,Dark Seal,Ionian Boots of Lucidity,Oracle Lens,Stridebreaker,Refillable Potion,Control Ward,Doran's Shield,Plated Steelcaps,No_Item,Oracle Lens,Ruby Crystal,Blade of The Ruined King,Slightly Magical Footwear,Caulfield's Warhammer,Ruby Crystal,No_Item,Stealth Ward,Ionian Boots of Lucidity,Amplifying Tome,Aether Wisp,Blackfire Torch,Dark Seal,Doran's Ring,Farsight Alteration,Runaan's Hurricane,Berserker's Greaves,The Collector,No_Item,Doran's Blade,No_Item,Farsight Alteration,Ruby Crystal,Locket of the Iron Solari,Boots of Swiftness,Dream Maker,Control Ward,No_Item,Oracle Lens,Grasp of the Undying,Domination,Grasp of the Undying,Inspiration,Summon Aery,Precision,Lethal Tempo,Inspiration,Aftershock,Precision,Conqueror,Resolve,Conqueror,Inspiration,Summon Aery,Resolve,Lethal Tempo,Domination,Aftershock,Inspiration,Flash,Teleport,Flash,Smite,Flash,Teleport,Barrier,Flash,Flash,Ignite,Flash,Ghost,Flash,Smite,Flash,Teleport,Flash,Barrier,Flash,Heal,1,0,1,0,6,0
https://www.op.gg/summoners/euw/Boat%20Crew%202-David/matches/uRd1PvnOddoix4_GgHFyCjTx0fWCu-BlHKgVWzgP7oo%3D/1734523569000,1,26,22,22,26,41,41,67,64,25,19,3,1,1,0,11,2,4,1,60084,49735,14.4,13.4,908,801,34.1,30.0,10349,-10349,2257.1238095238095,1868.3518518518517,Camille,Teemo,Syndra,Corki,Poppy,Malphite,Lee Sin,Viktor,Caitlyn,Zac,Ravenous Hydra,Refillable Potion,Trinity Force,Mercury's Treads,Doran's Shield,Tunneler,Farsight Alteration,Liandry's Torment,Zhonya's Hourglass,Mejai's Soulstealer,Sorcerer's Shoes,Nashor's Tooth,Blighting Jewel,Oracle Lens,Dark Seal,Doran's Ring,Ionian Boots of Lucidity,Blackfire Torch,Liandry's Torment,Void Staff,Farsight Alteration,Doran's Blade,Muramana,Rapid Firecannon,Mercury's Treads,Trinity Force,Cloak of Agility,Farsight Alteration,Boots of Swiftness,Dead Man's Plate,Kaenic Rookern,Bloodsong,No_Item,No_Item,Oracle Lens,Refillable Potion,Kindlegem,Ruby Crystal,Sunfire Aegis,Abyssal Mask,Slightly Magical Footwear,Oracle Lens,Sundered Sky,Eclipse,Control Ward,Caulfield's Warhammer,Hexdrinker,Mercury's Treads,Stealth Ward,Shadowflame,Blackfire Torch,Liandry's Torment,Mercury's Treads,Doran's Ring,No_Item,Oracle Lens,Berserker's Greaves,Infinity Edge,The Collector,Lord Dominik's Regards,No_Item,No_Item,Farsight Alteration,Celestial Opposition,Zeke's Convergence,Abyssal Mask,Ionian Boots of Lucidity,Ruby Crystal,No_Item,Oracle Lens,Grasp of the Undying,Inspiration,Press the Attack,Inspiration,Electrocute,Sorcery,Conqueror,Inspiration,Aftershock,Inspiration,Grasp of the Undying,Inspiration,Conqueror,Inspiration,Summon Aery,Inspiration,Lethal Tempo,Sorcery,Aftershock,Precision,Teleport,Flash,Flash,Smite,Flash,Teleport,Flash,Barrier,Ignite,Flash,Teleport,Flash,Smite,Flash,Flash,Teleport,Flash,Barrier,Flash,Ignite,1,6,3,0,0,0
https://www.op.gg/summoners/euw/Boat%20Crew%202-David/matches/uRd1PvnOddqTtEwHers53AGwuFUuxyk-JppeLI1i54I%3D/1734521338000,0,17,45,45,17,89,29,83,71,24,34,0,3,0,0,4,7,0,3,55165,62737,13.8,15.2,896,928,29.0,30.1,-7572,7572,1791.8558394160584,2037.8076642335768,Maokai,Nidalee,Gangplank,Corki,Alistar,Ambessa,Zac,Aurora,Caitlyn,Nami,Fimbulwinter,Unending Despair,Spirit Visage,Cloth Armor,No_Item,Plated Steelcaps,Farsight Alteration,Void Staff,Sorcerer's Shoes,Dark Seal,No_Item,Lich Bane,Zhonya's Hourglass,Oracle Lens,Trinity Force,Opportunity,Doran's Blade,Serrated Dirk,Cloak of Agility,Mercury's Treads,Farsight Alteration,Cloak of Agility,Long Sword,Plated Steelcaps,Muramana,Trinity Force,Infinity Edge,Farsight Alteration,Celestial Opposition,No_Item,Zeke's Convergence,Locket of the Iron Solari,Boots of Swiftness,Ruby Crystal,Oracle Lens,Spear of Shojin,Eclipse,Mercury's Treads,Black Cleaver,Executioner's Calling,Pickaxe,Farsight Alteration,Spirit Visage,Zeke's Convergence,Ionian Boots of Lucidity,Dark Seal,Unending Despair,Haunting Guise,Oracle Lens,Luden's Companion,Needlessly Large Rod,Zhonya's Hourglass,Sorcerer's Shoes,Mejai's Soulstealer,Shadowflame,Stealth Ward,Lord Dominik's Regards,No_Item,The Collector,Infinity Edge,Cloak of Agility,Berserker's Greaves,Farsight Alteration,Dream Maker,Mikael's Blessing,Redemption,Dark Seal,Boots of Swiftness,Imperial Mandate,Oracle Lens,Grasp of the Undying,Sorcery,Electrocute,Sorcery,Arcane Comet,Inspiration,Conqueror,Inspiration,Phase Rush,Inspiration,Conqueror,Resolve,Aftershock,Precision,Electrocute,Sorcery,Lethal Tempo,Sorcery,Summon Aery,Inspiration,Flash,Teleport,Flash,Smite,Teleport,Flash,Flash,Barrier,Flash,Ignite,Teleport,Flash,Flash,Smite,Flash,Teleport,Flash,Barrier,Flash,Heal,1,3,0,0,0,1
https://www.op.gg/summoners/euw/Boat%20Crew%202-David/matches/uRd1PvnOddoovP8hky37aV_P3AYAwU7ZNwg0vFh5xfg%3D/1734518634000,0,24,29,29,24,37,31,53,62,12,11,0,4,0,1,4,10,0,5,45059,57518,12.4,14.2,667,790,26.599999999999998,31.400000000000002,-12459,12459,1789.1073529411767,2283.8029411764705,Pantheon,Viego,Azir,Ezreal,Rell,Aurora,Yorick,Yone,Draven,Renata Glasc,Plated Steelcaps,Eclipse,Sundered Sky,No_Item,No_Item,No_Item,Stealth Ward,Sundered Sky,Blade of The Ruined King,Long Sword,Slightly Magical Footwear,Long Sword,Control Ward,Oracle Lens,Haunting Guise,Shadowflame,Nashor's Tooth,Sorcerer's Shoes,Fated Ashes,Dark Seal,Farsight Alteration,Doran's Blade,Ruby Crystal,Tunneler,Muramana,Trinity Force,Ionian Boots of Lucidity,Stealth Ward,Knight's Vow,Zeke's Convergence,Celestial Opposition,Plated Steelcaps,Ruby Crystal,Ruby Crystal,Oracle Lens,Doran's Ring,Shadowflame,Seeker's Armguard,Luden's Companion,Needlessly Large Rod,Sorcerer's Shoes,Oracle Lens,Spear of Shojin,Trinity Force,Plated Steelcaps,Black Cleaver,No_Item,Haunting Guise,Oracle Lens,Immortal Shieldbow,Blade of The Ruined King,Berserker's Greaves,Cloak of Agility,B. F. Sword,Doran's Shield,Oracle Lens,Doran's Blade,The Collector,Infinity Edge,Vampiric Scepter,Berserker's Greaves,No_Item,Stealth Ward,Redemption,Ionian Boots of Lucidity,Locket of the Iron Solari,Celestial Opposition,No_Item,No_Item,Oracle Lens,Press the Attack,Sorcery,Conqueror,Inspiration,Conqueror,Sorcery,Press the Attack,Sorcery,Aftershock,Inspiration,Summon Aery,Resolve,Conqueror,Inspiration,Fleet Footwork,Resolve,Lethal Tempo,Domination,Guardian,Domination,Ignite,Flash,Flash,Smite,Flash,Teleport,Barrier,Flash,Flash,Ignite,Teleport,Flash,Flash,Smite,Flash,Teleport,Flash,Barrier,Flash,Ignite,0,2,0,1,4,2
https://www.op.gg/summoners/euw/Boat%20Crew%202-David/matches/uRd1PvnOddqMfQqJRhndlHmsfgLwZS4XvDYywDCswcM%3D/1734516512000,0,31,42,42,31,42,43,65,91,22,25,1,2,0,2,1,11,1,4,54727,67530,14.6,15.4,797,858,27.7,29.9,-12803,12803,1897.2026666666666,2341.04,Aurora,Volibear,Hwei,Corki,Zac,Vayne,Elise,Yone,Viktor,Pyke,Shadowflame,Luden's Companion,Dark Seal,Sorcerer's Shoes,No_Item,No_Item,Oracle Lens,Iceborn Gauntlet,Sundered Sky,Mercury's Treads,Spectre's Cowl,Negatron Cloak,No_Item,Oracle Lens,Horizon Focus,Blackfire Torch,Needlessly Large Rod,Sorcerer's Shoes,Needlessly Large Rod,No_Item,Farsight Alteration,Cloak of Agility,Plated Steelcaps,Hexdrinker,Lord Dominik's Regards,Trinity Force,Muramana,Farsight Alteration,Ionian Boots of Lucidity,Randuin's Omen,Celestial Opposition,Abyssal Mask,Dark Seal,Zeke's Convergence,Oracle Lens,No_Item,Doran's Blade,Recurve Bow,Boots of Swiftness,Wit's End,Blade of The Ruined King,Farsight Alteration,Stormsurge,Sorcerer's Shoes,Shattered Armguard,Shadowflame,Void Staff,No_Item,Oracle Lens,Mortal Reminder,Wit's End,Berserker's Greaves,Blade of The Ruined King,Immortal Shieldbow,Infinity Edge,Oracle Lens,Shadowflame,Blackfire Torch,Sorcerer's Shoes,Liandry's Torment,No_Item,Dark Seal,Farsight Alteration,Bloodsong,Edge of Night,No_Item,Umbral Glaive,Hexdrinker,Mercury's Treads,Oracle Lens,Summon Aery,Domination,Press the Attack,Sorcery,Arcane Comet,Precision,Conqueror,Inspiration,Aftershock,Precision,Lethal Tempo,Sorcery,Dark Harvest,Precision,Fleet Footwork,Resolve,Summon Aery,Precision,Hail of Blades,Resolve,Teleport,Flash,Flash,Smite,Teleport,Flash,Barrier,Flash,Flash,Ignite,Flash,Ghost,Smite,Flash,Flash,Teleport,Teleport,Flash,Flash,Ignite,0,0,0,1,6,2
https://www.op.gg/summoners/euw/Boat%20Crew%202-David/matches/uRd1PvnOddrWsAK5Y_WVuzYU81fLmEzif1ySSkTbUvo%3D/1734512672000,0,32,43,43,32,74,64,70,64,25,15,3,1,0,1,2,8,3,2,57051,64948,14.0,14.6,785,736,25.9,24.2,-7897,7897,1871.9859374999999,2131.10625,Viktor,Kindred,Katarina,Gnar,Janna,Draven,Trundle,Sylas,Ashe,Rell,Oblivion Orb,Needlessly Large Rod,Needlessly Large Rod,Sorcerer's Shoes,Blackfire Torch,Liandry's Torment,Farsight Alteration,The Collector,No_Item,Boots of Swiftness,Pickaxe,Trinity Force,Mortal Reminder,Oracle Lens,Nashor's Tooth,Stormsurge,Shadowflame,Blighting Jewel,Sorcerer's Shoes,Doran's Blade,Oracle Lens,Doran's Shield,Trinity Force,Randuin's Omen,Plated Steelcaps,Sterak's Gage,No_Item,Oracle Lens,Forbidden Idol,Boots of Swiftness,Dream Maker,Echoes of Helia,Moonstone Renewer,Forbidden Idol,Oracle Lens,Bloodthirster,The Collector,Infinity Edge,Caulfield's Warhammer,Hexdrinker,Berserker's Greaves,Farsight Alteration,Trinity Force,Spectre's Cowl,Control Ward,Titanic Hydra,Boots of Swiftness,Ruby Crystal,Oracle Lens,Hextech Rocketbelt,Rabadon's Deathcap,Zhonya's Hourglass,Mercury's Treads,Cosmic Drive,Dark Seal,Oracle Lens,Berserker's Greaves,Kraken Slayer,Phantom Dancer,Infinity Edge,Cloak of Agility,No_Item,Farsight Alteration,Ionian Boots of Lucidity,Locket of the Iron Solari,Celestial Opposition,Dead Man's Plate,Kindlegem,Chain Vest,Oracle Lens,Summon Aery,Precision,Press the Attack,Inspiration,Conqueror,Domination,Grasp of the Undying,Precision,Summon Aery,Domination,Lethal Tempo,Resolve,Lethal Tempo,Inspiration,Electrocute,Resolve,Lethal Tempo,Inspiration,Aftershock,Inspiration,Teleport,Flash,Flash,Smite,Ignite,Flash,Teleport,Flash,Flash,Heal,Flash,Teleport,Flash,Smite,Flash,Teleport,Flash,Barrier,Flash,Ignite,0,1,0,1,5,1
https://www.op.gg/summoners/euw/Boat%20Crew%202-David/matches/uRd1PvnOddrv3hM-8ajlC7FqWVptMS4dMc-GRe9V8rU%3D/1734510054000,0,18,38,38,19,58,35,47,46,8,12,1,3,0,1,2,9,1,4,41698,56249,11.8,14.0,617,755,25.6,31.3,-14551,14551,1726.1032558139536,2328.446976744186,K'Sante,Vi,Taliyah,Ashe,Bard,Darius,Wukong,Sylas,Jinx,Zac,Doran's Shield,Refillable Potion,Cloth Armor,Iceborn Gauntlet,Thornmail,Plated Steelcaps,Farsight Alteration,Sundered Sky,Plated Steelcaps,Sterak's Gage,Ruby Crystal,No_Item,Control Ward,Oracle Lens,Sorcerer's Shoes,Doran's Ring,Seraph's Embrace,Dark Seal,Liandry's Torment,Amplifying Tome,Stealth Ward,Doran's Blade,Kraken Slayer,Berserker's Greaves,Phantom Dancer,Pickaxe,Vampiric Scepter,Farsight Alteration,Dead Man's Plate,Negatron Cloak,Bloodsong,Haunting Guise,Slightly Magical Footwear,No_Item,Oracle Lens,Sterak's Gage,Control Ward,No_Item,Doran's Blade,Plated Steelcaps,Stridebreaker,Farsight Alteration,Sundered Sky,Trinity Force,Boots of Swiftness,Sterak's Gage,Warden's Mail,No_Item,Oracle Lens,Zhonya's Hourglass,Hextech Rocketbelt,Refillable Potion,Cosmic Drive,Ionian Boots of Lucidity,Doran's Ring,Stealth Ward,Doran's Blade,Yun Tal Wildarrows,Berserker's Greaves,Infinity Edge,Last Whisper,Cloak of Agility,Farsight Alteration,Ionian Boots of Lucidity,Knight's Vow,Celestial Opposition,Zeke's Convergence,Spectre's Cowl,Dark Seal,Oracle Lens,Grasp of the Undying,Inspiration,Conqueror,Inspiration,Phase Rush,Precision,Lethal Tempo,Inspiration,Guardian,Inspiration,Conqueror,Resolve,Conqueror,Inspiration,Conqueror,Resolve,Lethal Tempo,Sorcery,Aftershock,Precision,Flash,Teleport,Flash,Smite,Flash,Teleport,Flash,Barrier,Ignite,Flash,Ghost,Flash,Flash,Smite,Teleport,Flash,Flash,Barrier,Flash,Ignite,0,3,0,1,3,1
https://www.op.gg/summoners/euw/Boat%20Crew%202-David/matches/uRd1PvnOddqZMHSRAVE-6uoNhOXUz3TpuqtSlYQQS88%3D/1734507828000,1,22,11,11,22,11,28,41,38,12,9,2,1,0,0,5,3,2,1,44953,37197,12.2,11.0,699,618,33.1,29.3,7756,-7756,2129.3526315789472,1761.963157894737,Riven,Kha'Zix,Akali,Kalista,Milio,K'Sante,Vi,Ekko,Swain,Zac,Black Cleaver,Eclipse,Tunneler,Ionian Boots of Lucidity,No_Item,Doran's Blade,Stealth Ward,Serylda's Grudge,Profane Hydra,Mercury's Treads,Long Sword,Long Sword,No_Item,Oracle Lens,Doran's Ring,Dark Seal,Seeker's Armguard,Stormsurge,Shadowflame,Sorcerer's Shoes,Oracle Lens,Blade of The Ruined King,Cull,Terminus,Berserker's Greaves,Null-Magic Mantle,Doran's Blade,Farsight Alteration,Dream Maker,Ionian Boots of Lucidity,Echoes of Helia,Moonstone Renewer,Faerie Charm,No_Item,Oracle Lens,Iceborn Gauntlet,Ruby Crystal,Chain Vest,Chain Vest,Plated Steelcaps,No_Item,Stealth Ward,Sundered Sky,Slightly Magical Footwear,Sterak's Gage,No_Item,No_Item,Control Ward,Oracle Lens,Hextech Alternator,Needlessly Large Rod,Dark Seal,Lich Bane,Sorcerer's Shoes,Stormsurge,Stealth Ward,Malignance,Plated Steelcaps,Doran's Ring,Rylai's Crystal Scepter,No_Item,No_Item,Farsight Alteration,Celestial Opposition,Zeke's Convergence,Kindlegem,Boots,No_Item,Dark Seal,Oracle Lens,Conqueror,Inspiration,First Strike,Domination,Electrocute,Resolve,Lethal Tempo,Domination,Summon Aery,Resolve,Grasp of the Undying,Inspiration,Conqueror,Inspiration,Hail of Blades,Sorcery,Conqueror,Domination,Aftershock,Precision,Ignite,Flash,Smite,Flash,Ignite,Flash,Barrier,Flash,Heal,Flash,Flash,Teleport,Flash,Smite,Flash,Teleport,Flash,Ghost,Flash,Ignite,1,6,0,0,0,0
https://www.op.gg/summoners/euw/Boat%20Crew%202-David/matches/uRd1PvnOddqfgO_7XHpZst49IWt_INLLUxNiuW3EEPU%3D/1734447134000,1,20,7,7,20,5,43,47,50,14,12,1,2,0,0,4,1,1,2,41085,33484,12.0,11.0,653,649,31.5,31.5,7601,-7601,1979.2773722627737,1613.097810218978,Zilean,Viego,Orianna,Jinx,Zac,Riven,Wukong,Galio,Ashe,Yuumi,Doran's Ring,Seraph's Embrace,Ionian Boots of Lucidity,Fiendish Codex,Amplifying Tome,Kindlegem,Stealth Ward,No_Item,Trinity Force,Kindlegem,Sundered Sky,Plated Steelcaps,No_Item,Oracle Lens,Doran's Ring,Refillable Potion,Sorcerer's Shoes,Liandry's Torment,Seraph's Embrace,No_Item,Farsight Alteration,Refillable Potion,Pickaxe,B. F. Sword,Doran's Blade,Berserker's Greaves,Yun Tal Wildarrows,Oracle Lens,Celestial Opposition,Zeke's Convergence,Refillable Potion,Ionian Boots of Lucidity,Kindlegem,Oblivion Orb,Oracle Lens,Doran's Blade,Tunneler,Ionian Boots of Lucidity,Eclipse,Caulfield's Warhammer,Ruby Crystal,Oracle Lens,Trinity Force,Boots of Swiftness,Tunneler,Ruby Crystal,Glowing Mote,No_Item,Eye of the Herald,Doran's Ring,Hollow Radiance,Plated Steelcaps,Refillable Potion,Amplifying Tome,Ruby Crystal,Stealth Ward,Phantom Dancer,Control Ward,Long Sword,Berserker's Greaves,Kraken Slayer,Doran's Blade,Farsight Alteration,Dream Maker,Moonstone Renewer,Echoes of Helia,Control Ward,Dark Seal,No_Item,Oracle Lens,Summon Aery,Resolve,Conqueror,Inspiration,Phase Rush,Inspiration,Lethal Tempo,Sorcery,Aftershock,Precision,Conqueror,Inspiration,Conqueror,Inspiration,Aftershock,Inspiration,Lethal Tempo,Inspiration,Summon Aery,Resolve,Teleport,Flash,Smite,Flash,Flash,Teleport,Ghost,Flash,Flash,Ignite,Flash,Ignite,Flash,Smite,Flash,Teleport,Flash,Barrier,Heal,Exhaust,0,6,0,1,0,0
https://www.op.gg/summoners/euw/Boat%20Crew%202-David/matches/uRd1PvnOddrDzCZYfSzEiowYtfT5W3OifjJbAz31euE%3D/1734358045000,0,5,20,20,5,28,6,32,41,10,8,0,0,0,0,0,3,0,0,24088,34661,8.8,10.4,437,552,27.9,35.3,-10573,10573,1540.9235294117645,2217.2845588235296,Gnar,Rengar,Sylas,Corki,Lulu,Viktor,Zac,Irelia,Jinx,Pyke,Doran's Shield,Plated Steelcaps,Refillable Potion,Phage,Hearthbound Axe,Glowing Mote,Stealth Ward,Voltaic Cyclosword,Long Sword,Long Sword,Boots,No_Item,Gustwalker Hatchling,Stealth Ward,Doran's Ring,Dark Seal,Hextech Rocketbelt,Boots,Null-Magic Mantle,Amplifying Tome,Oracle Lens,Doran's Blade,Tear of the Goddess,Refillable Potion,Trinity Force,Slightly Magical Footwear,Long Sword,Stealth Ward,Control Ward,Dream Maker,Kindlegem,No_Item,Ionian Boots of Lucidity,Bandleglass Mirror,Oracle Lens,Doran's Ring,Refillable Potion,Luden's Companion,Hextech Alternator,Sorcerer's Shoes,Dark Seal,Farsight Alteration,Mosstomper Seedling,Sunfire Aegis,Boots,Dark Seal,Unending Despair,No_Item,Stealth Ward,Refillable Potion,Boots,Blade of The Ruined King,Tunneler,No_Item,Doran's Blade,Stealth Ward,B. F. Sword,Dagger,Yun Tal Wildarrows,Boots,Doran's Blade,Dagger,Farsight Alteration,Celestial Opposition,Refillable Potion,Boots of Swiftness,No_Item,Umbral Glaive,No_Item,Oracle Lens,Grasp of the Undying,Precision,Fleet Footwork,Domination,Conqueror,Resolve,Conqueror,Inspiration,Summon Aery,Resolve,Summon Aery,Resolve,Aftershock,Precision,Conqueror,Inspiration,Lethal Tempo,Sorcery,Hail of Blades,Resolve,Teleport,Flash,Smite,Flash,Teleport,Flash,Barrier,Flash,Heal,Flash,Teleport,Flash,Flash,Smite,Flash,Teleport,Barrier,Flash,Flash,Ignite,0,3,0,0,3,0
https://www.op.gg/summoners/euw/Boat%20Crew%202-David/matches/uRd1PvnOddrSuA7z22yW0b0qCLs8cOVLesUgzD1vv6Y%3D/1734355191000,0,16,31,31,16,42,27,42,68,16,12,0,2,0,1,2,9,0,3,43910,54207,12.6,13.8,698,758,29.7,32.2,-10297,10297,1870.7218934911243,2309.410650887574,Maokai,Nocturne,LeBlanc,Jinx,Rell,Ambessa,Gragas,Irelia,Ezreal,Renata Glasc,Bramble Vest,Fimbulwinter,Unending Despair,Kindlegem,Plated Steelcaps,Doran's Shield,Stealth Ward,Stridebreaker,Black Cleaver,Long Sword,Plated Steelcaps,No_Item,No_Item,Farsight Alteration,Rabadon's Deathcap,Luden's Companion,Void Staff,Dark Seal,Sorcerer's Shoes,No_Item,Oracle Lens,Yun Tal Wildarrows,Infinity Edge,Berserker's Greaves,Doran's Blade,No_Item,No_Item,Farsight Alteration,Ionian Boots of Lucidity,Locket of the Iron Solari,Celestial Opposition,Kindlegem,Negatron Cloak,No_Item,Oracle Lens,Black Cleaver,Executioner's Calling,Mercury's Treads,No_Item,Doran's Blade,Eclipse,Farsight Alteration,Lich Bane,Shadowflame,Dark Seal,Sorcerer's Shoes,Amplifying Tome,Amplifying Tome,Oracle Lens,Blade of The Ruined King,Steel Sigil,Mercury's Treads,Hullbreaker,Wit's End,No_Item,Farsight Alteration,Doran's Blade,Trinity Force,Ionian Boots of Lucidity,Muramana,Glowing Mote,Tunneler,Farsight Alteration,No_Item,Bloodsong,Locket of the Iron Solari,Redemption,No_Item,Boots of Swiftness,Oracle Lens,Grasp of the Undying,Inspiration,Conqueror,Domination,Electrocute,Sorcery,Lethal Tempo,Sorcery,Aftershock,Inspiration,Grasp of the Undying,Domination,Electrocute,Inspiration,Conqueror,Inspiration,Conqueror,Sorcery,Guardian,Domination,Flash,Teleport,Smite,Flash,Ignite,Flash,Flash,Barrier,Flash,Ignite,Flash,Teleport,Smite,Flash,Teleport,Flash,Flash,Cleanse,Flash,Heal,0,0,0,1,6,1
https://www.op.gg/summoners/euw/Boat%20Crew%202-David/matches/uRd1PvnOddqAy9Yv_R_esyteUZnaXrT8LUBEOCz7hmY%3D/1734353426000,0,30,41,41,30,76,62,90,99,30,29,2,2,0,1,7,7,2,3,65510,69126,15.6,16.2,967,957,28.0,27.7,-3616,3616,1894.2650602409637,1998.8240963855421,Renekton,Shaco,Ahri,Jhin,Zac,Viktor,Ambessa,Sylas,Corki,Thresh,Stridebreaker,Randuin's Omen,Ruby Crystal,Plated Steelcaps,Black Cleaver,Sterak's Gage,Oracle Lens,Serpent's Fang,Youmuu's Ghostblade,Lord Dominik's Regards,Berserker's Greaves,Voltaic Cyclosword,No_Item,Oracle Lens,Shadowflame,Blasting Wand,Blighting Jewel,Malignance,Rabadon's Deathcap,Sorcerer's Shoes,Oracle Lens,Zeal,Lord Dominik's Regards,The Collector,Boots of Swiftness,Doran's Blade,Infinity Edge,Farsight Alteration,Zeke's Convergence,Knight's Vow,Celestial Opposition,Mercury's Treads,Abyssal Mask,Ruby Crystal,Oracle Lens,Control Ward,Liandry's Torment,Plated Steelcaps,Abyssal Mask,Iceborn Gauntlet,No_Item,Farsight Alteration,Control Ward,Plated Steelcaps,Null-Magic Mantle,Sterak's Gage,Eclipse,Death's Dance,Oracle Lens,Cosmic Drive,Hextech Rocketbelt,Shattered Armguard,Sorcerer's Shoes,Dark Seal,Needlessly Large Rod,Oracle Lens,Lord Dominik's Regards,Bloodthirster,Muramana,Trinity Force,Zephyr,Infinity Edge,Farsight Alteration,Mikael's Blessing,Celestial Opposition,Knight's Vow,No_Item,Locket of the Iron Solari,Boots of Swiftness,Oracle Lens,Conqueror,Resolve,Hail of Blades,Precision,Electrocute,Resolve,Fleet Footwork,Sorcery,Aftershock,Precision,Grasp of the Undying,Sorcery,Conqueror,Inspiration,Electrocute,Resolve,Conqueror,Inspiration,Aftershock,Inspiration,Teleport,Flash,Smite,Ignite,Flash,Teleport,Flash,Barrier,Flash,Ignite,Flash,Teleport,Flash,Smite,Flash,Teleport,Cleanse,Flash,Flash,Ignite,0,6,1,0,0,1
https://www.op.gg/summoners/euw/Boat%20Crew%202-David/matches/uRd1PvnOddoHGCGhW-UmFBqmL59u9LeNaNn9cqG1JA4%3D/1734351057000,0,17,24,24,17,52,33,53,55,20,14,0,3,0,1,1,9,0,4,42335,53786,12.2,14.0,665,837,25.400000000000002,32.1,-11451,11451,1621.340425531915,2059.8893617021276,Sion,Zac,Katarina,Caitlyn,Lux,Darius,Skarner,Aurelion Sol,Ashe,Braum,Knight's Vow,Mercury's Treads,Thornmail,Cloth Armor,No_Item,No_Item,Stealth Ward,Sunfire Aegis,Ionian Boots of Lucidity,Dark Seal,Spirit Visage,Cloth Armor,No_Item,Oracle Lens,Dark Seal,Needlessly Large Rod,No_Item,Lich Bane,Shadowflame,Sorcerer's Shoes,Stealth Ward,Doran's Blade,Infinity Edge,Last Whisper,The Collector,Berserker's Greaves,Long Sword,Farsight Alteration,Dream Maker,Boots of Swiftness,Luden's Companion,Redemption,No_Item,No_Item,Oracle Lens,Stridebreaker,Mercury's Treads,Sterak's Gage,Dead Man's Plate,Spectre's Cowl,No_Item,Farsight Alteration,Unending Despair,Heartsteel,Control Ward,Bramble Vest,Chain Vest,Mercury's Treads,Oracle Lens,Doran's Ring,Blackfire Torch,Rylai's Crystal Scepter,Sorcerer's Shoes,Haunting Guise,Amplifying Tome,Farsight Alteration,Kraken Slayer,Phantom Dancer,Pickaxe,Berserker's Greaves,Doran's Blade,B. F. Sword,Farsight Alteration,Solstice Sleigh,Bramble Vest,Locket of the Iron Solari,Mercury's Treads,Chain Vest,Kindlegem,Oracle Lens,Grasp of the Undying,Inspiration,Aftershock,Precision,Electrocute,Precision,Lethal Tempo,Sorcery,Arcane Comet,Inspiration,Conqueror,Resolve,Grasp of the Undying,Inspiration,Arcane Comet,Precision,Lethal Tempo,Inspiration,Aftershock,Inspiration,Teleport,Flash,Smite,Flash,Flash,Teleport,Flash,Cleanse,Flash,Heal,Flash,Ghost,Flash,Smite,Teleport,Flash,Flash,Barrier,Heal,Flash,0,0,0,1,6,1
https://www.op.gg/summoners/euw/Boat%20Crew%202-David/matches/uRd1PvnOddpbVoPLMZO9EVdLUWGxIwoL6FSzRhlXcgo%3D/1734348584000,0,15,43,43,16,51,26,35,35,5,4,0,0,0,0,0,11,0,0,33717,49705,10.4,11.8,462,540,22.9,26.8,-15988,15988,1674.0608391608391,2467.870629370629,Gnar,Volibear,Viktor,Caitlyn,Morgana,Sylas,Skarner,Akali,Tristana,Rell,Doran's Shield,Trinity Force,No_Item,Mercury's Treads,No_Item,No_Item,Stealth Ward,Gustwalker Hatchling,Cosmic Drive,Mercury's Treads,Kindlegem,No_Item,Null-Magic Mantle,Oracle Lens,Doran's Ring,Refillable Potion,Blackfire Torch,Mercury's Treads,Haunting Guise,Amplifying Tome,Farsight Alteration,Doran's Blade,The Collector,Infinity Edge,Berserker's Greaves,No_Item,No_Item,Farsight Alteration,Sorcerer's Shoes,Liandry's Torment,Amplifying Tome,Zaz'Zak's Realmspike,Amplifying Tome,Cloth Armor,Oracle Lens,Refillable Potion,Hextech Rocketbelt,Cosmic Drive,Doran's Ring,Mercury's Treads,Needlessly Large Rod,Stealth Ward,Gustwalker Hatchling,Heartsteel,Unending Despair,Ruby Crystal,Glowing Mote,Slightly Magical Footwear,Oracle Lens,Dead Man's Plate,Sorcerer's Shoes,Needlessly Large Rod,Doran's Shield,Aether Wisp,Dark Seal,Oracle Lens,Infinity Edge,The Collector,Navori Flickerblade,Berserker's Greaves,Doran's Blade,B. F. Sword,Farsight Alteration,Celestial Opposition,Locket of the Iron Solari,Boots of Swiftness,Zeke's Convergence,No_Item,No_Item,Oracle Lens,Grasp of the Undying,Precision,Press the Attack,Inspiration,Summon Aery,Inspiration,Lethal Tempo,Sorcery,Arcane Comet,Domination,Conqueror,Inspiration,Aftershock,Inspiration,Dark Harvest,Resolve,Hail of Blades,Precision,Aftershock,Inspiration,Flash,Teleport,Flash,Smite,Flash,Teleport,Flash,Barrier,Ignite,Flash,Flash,Teleport,Flash,Smite,Flash,Teleport,Flash,Barrier,Flash,Ignite,0,0,0,1,6,3
https://www.op.gg/summoners/euw/Boat%20Crew%202-David/matches/uRd1PvnOddrcE4qDkJAd3GbH8U4RvTE2PEXEpvT-HPw%3D/1734346553000,1,35,16,16,35,15,39,43,44,8,11,0,2,0,0,9,3,0,2,50310,39607,12.4,11.4,605,636,28.599999999999998,30.0,10703,-10703,2391.7868852459014,1882.955737704918,Gragas,Xin Zhao,Azir,Tristana,Zac,Aatrox,Sylas,Jayce,Jinx,Thresh,Doran's Ring,Cosmic Drive,Ionian Boots of Lucidity,Seraph's Embrace,Aether Wisp,Sheen,Stealth Ward,Titanic Hydra,Plated Steelcaps,Sundered Sky,No_Item,No_Item,No_Item,Oracle Lens,Dark Seal,Nashor's Tooth,Shattered Armguard,Rabadon's Deathcap,Sorcerer's Shoes,No_Item,Farsight Alteration,Doran's Blade,The Collector,Berserker's Greaves,Infinity Edge,Zeal,Dagger,Farsight Alteration,Celestial Opposition,Zeke's Convergence,Ionian Boots of Lucidity,Unending Despair,Warden's Mail,Ruby Crystal,Oracle Lens,Sundered Sky,No_Item,Boots,Eclipse,No_Item,No_Item,Stealth Ward,Hextech Rocketbelt,Dark Seal,Scorchclaw Pup,Sorcerer's Shoes,Cosmic Drive,No_Item,Stealth Ward,Doran's Blade,Youmuu's Ghostblade,Caulfield's Warhammer,Opportunity,Tear of the Goddess,Ionian Boots of Lucidity,Farsight Alteration,Doran's Blade,Yun Tal Wildarrows,Berserker's Greaves,Infinity Edge,Dagger,No_Item,Farsight Alteration,Locket of the Iron Solari,Celestial Opposition,Boots of Swiftness,Kindlegem,Cloth Armor,Control Ward,Oracle Lens,Phase Rush,Inspiration,Conqueror,Inspiration,Press the Attack,Sorcery,Hail of Blades,Precision,Aftershock,Precision,Conqueror,Resolve,Dark Harvest,Precision,Phase Rush,Resolve,Lethal Tempo,Sorcery,Aftershock,Inspiration,Flash,Teleport,Smite,Flash,Flash,Teleport,Barrier,Flash,Flash,Ignite,Flash,Teleport,Flash,Smite,Flash,Teleport,Barrier,Flash,Flash,Ignite,1,6,1,0,0,0
https://www.op.gg/summoners/euw/Boat%20Crew%202-David/matches/uRd1PvnOddrvpZV8KkZSHa6c-rgAAveiadVpWt_vpxM%3D/1734344135000,1,38,18,18,38,24,64,54,40,12,10,1,2,1,0,11,3,2,2,61705,48214,14.4,13.4,816,820,30.9,31.2,13491,-13491,2336.912765957447,1825.977021276596,Fiora,Skarner,Viego,Caitlyn,Zac,Kayle,Kindred,Orianna,Corki,Maokai,Ravenous Hydra,No_Item,Trinity Force,Plated Steelcaps,Death's Dance,Ruby Crystal,Farsight Alteration,Spirit Visage,Heartsteel,No_Item,Unending Despair,Bramble Vest,Plated Steelcaps,Oracle Lens,Doran's Shield,Blade of The Ruined King,Refillable Potion,Plated Steelcaps,Sundered Sky,Cloth Armor,Farsight Alteration,Rapid Firecannon,Long Sword,Boots of Swiftness,Lord Dominik's Regards,The Collector,Infinity Edge,Farsight Alteration,Mejai's Soulstealer,Knight's Vow,Celestial Opposition,Ionian Boots of Lucidity,Zeke's Convergence,Kindlegem,Oracle Lens,Doran's Blade,Nashor's Tooth,Riftmaker,Boots of Swiftness,Needlessly Large Rod,Needlessly Large Rod,Stealth Ward,Kraken Slayer,Plated Steelcaps,Trinity Force,Phage,Kindlegem,Pickaxe,Oracle Lens,Luden's Companion,Ionian Boots of Lucidity,Liandry's Torment,Needlessly Large Rod,Needlessly Large Rod,No_Item,Oracle Lens,Muramana,Trinity Force,Plated Steelcaps,Doran's Blade,Executioner's Calling,Last Whisper,Farsight Alteration,Trailblazer,Locket of the Iron Solari,Celestial Opposition,Plated Steelcaps,Kindlegem,No_Item,Oracle Lens,Press the Attack,Resolve,Aftershock,Inspiration,Conqueror,Domination,Hail of Blades,Sorcery,Aftershock,Precision,Lethal Tempo,Sorcery,Press the Attack,Inspiration,Summon Aery,Precision,Conqueror,Inspiration,Aftershock,Inspiration,Teleport,Flash,Smite,Flash,Flash,Teleport,Barrier,Flash,Flash,Ignite,Flash,Teleport,Flash,Smite,Teleport,Flash,Flash,Barrier,Ignite,Flash,1,3,2,0,3,0
https://www.op.gg/summoners/euw/Boat%20Crew%202-David/matches/uRd1PvnOddqEHHk3FHkBYxjYEPgASYnIrU7M_95SYdE%3D/1734341485000,0,21,38,38,21,39,29,76,67,19,23,2,2,0,1,1,9,2,3,48389,63055,13.6,15.4,813,911,29.8,33.3,-14666,14666,1759.6,2292.909090909091,Trundle,Jarvan IV,Corki,Brand,Nami,Zac,Rengar,Viktor,Gragas,Pyke,Boots of Swiftness,Refillable Potion,Ravenous Hydra,Spirit Visage,Vampiric Scepter,Recurve Bow,Stealth Ward,Sterak's Gage,Eclipse,Sundered Sky,Mercury's Treads,Negatron Cloak,Kindlegem,Oracle Lens,Doran's Blade,Muramana,Scout's Slingshot,Trinity Force,Zeal,Boots,Farsight Alteration,Doran's Ring,Rylai's Crystal Scepter,Sorcerer's Shoes,Blackfire Torch,Fated Ashes,Haunting Guise,Farsight Alteration,Dream Maker,Control Ward,Kindlegem,Imperial Mandate,Ionian Boots of Lucidity,Bandleglass Mirror,Oracle Lens,Fiendish Codex,Heartsteel,Sunfire Aegis,Ionian Boots of Lucidity,Dark Seal,Haunting Guise,Stealth Ward,Profane Hydra,Hubris,Lord Dominik's Regards,Ionian Boots of Lucidity,Serrated Dirk,No_Item,Farsight Alteration,Sorcerer's Shoes,Amplifying Tome,Lich Bane,Void Staff,Luden's Companion,Doran's Ring,Oracle Lens,Luden's Companion,Rabadon's Deathcap,Sorcerer's Shoes,Lich Bane,Blighting Jewel,Blasting Wand,Oracle Lens,Bloodsong,Umbral Glaive,Control Ward,Edge of Night,Serrated Dirk,Boots of Swiftness,Oracle Lens,Lethal Tempo,Resolve,Conqueror,Inspiration,Conqueror,Inspiration,Arcane Comet,Precision,Summon Aery,Resolve,Aftershock,Precision,Dark Harvest,Precision,Phase Rush,Precision,Phase Rush,Precision,Hail of Blades,Resolve,Ignite,Teleport,Flash,Smite,Teleport,Flash,Flash,Ghost,Heal,Flash,Flash,Teleport,Flash,Smite,Flash,Teleport,Teleport,Flash,Flash,Ignite,0,0,0,1,6,1
https://www.op.gg/summoners/euw/Boat%20Crew%202-David/matches/uRd1PvnOddo4Cmr-iuKQG3xOHO8VELSR3HXxfOaFxgk%3D/1734339371000,0,23,47,47,24,98,41,66,59,21,21,1,2,0,1,4,10,1,3,58788,69953,14.6,16.0,901,925,27.7,28.4,-11165,11165,1801.5677419354836,2143.720967741935,Camille,Skarner,Viktor,Ezreal,Maokai,Aurora,Sejuani,Qiyana,Jinx,Zac,Ravenous Hydra,Sterak's Gage,Mercury's Treads,Trinity Force,Steel Sigil,Doran's Blade,Farsight Alteration,Unending Despair,No_Item,Control Ward,Sterak's Gage,Heartsteel,Ionian Boots of Lucidity,Oracle Lens,Blighting Jewel,Blackfire Torch,Zhonya's Hourglass,Dark Seal,Sorcerer's Shoes,Liandry's Torment,Farsight Alteration,Chempunk Chainsword,Muramana,Serylda's Grudge,Trinity Force,Ionian Boots of Lucidity,No_Item,Farsight Alteration,Kindlegem,Locket of the Iron Solari,Celestial Opposition,Mercury's Treads,Trailblazer,Forbidden Idol,Oracle Lens,Shadowflame,Horizon Focus,Liandry's Torment,Luden's Companion,Sorcerer's Shoes,Mejai's Soulstealer,Oracle Lens,Locket of the Iron Solari,Knight's Vow,Warmog's Armor,Zeke's Convergence,Plated Steelcaps,No_Item,Oracle Lens,Serylda's Grudge,Profane Hydra,Youmuu's Ghostblade,Serrated Dirk,Ionian Boots of Lucidity,Pickaxe,Oracle Lens,Berserker's Greaves,Kraken Slayer,Phantom Dancer,Lord Dominik's Regards,Infinity Edge,Control Ward,Farsight Alteration,Celestial Opposition,Zeke's Convergence,Ionian Boots of Lucidity,Mejai's Soulstealer,Spirit Visage,Unending Despair,Oracle Lens,Hail of Blades,Resolve,Grasp of the Undying,Inspiration,Summon Aery,Resolve,Press the Attack,Inspiration,Aftershock,Inspiration,Electrocute,Precision,Aftershock,Domination,Conqueror,Resolve,Lethal Tempo,Inspiration,Aftershock,Precision,Teleport,Flash,Smite,Flash,Flash,Teleport,Flash,Barrier,Ignite,Flash,Teleport,Flash,Flash,Smite,Flash,Teleport,Flash,Barrier,Flash,Ignite,1,2,0,0,4,2
https://www.op.gg/summoners/euw/Boat%20Crew%202-David/matches/uRd1PvnOddrHE0FFdkCtb1v2nMTqkxctIRfEiNpCuus%3D/1734337053000,1,33,13,13,33,16,51,51,66,21,6,2,1,1,0,7,2,3,1,54428,42006,13.8,12.2,759,744,30.7,30.2,12422,-12422,2197.4037267080744,1695.8944099378882,Camille,Kindred,Sylas,Ziggs,Zac,Gwen,Lee Sin,Orianna,Corki,Leona,Ravenous Hydra,Tunneler,Trinity Force,Ruby Crystal,Ruby Crystal,Mercury's Treads,Stealth Ward,The Collector,No_Item,B. F. Sword,Mercury's Treads,Cloak of Agility,Trinity Force,Oracle Lens,No_Item,Hextech Rocketbelt,Cosmic Drive,Mercury's Treads,Dark Seal,Blighting Jewel,Oracle Lens,Stormsurge,Luden's Companion,Sorcerer's Shoes,Dark Seal,Horizon Focus,No_Item,Farsight Alteration,Celestial Opposition,Zeke's Convergence,Ionian Boots of Lucidity,Abyssal Mask,No_Item,No_Item,Oracle Lens,Hextech Alternator,Nashor's Tooth,Cosmic Drive,Dark Seal,Sorcerer's Shoes,No_Item,Farsight Alteration,Sundered Sky,Pickaxe,Control Ward,Long Sword,Mercury's Treads,Eclipse,Stealth Ward,Doran's Ring,Luden's Companion,Liandry's Torment,Sorcerer's Shoes,Needlessly Large Rod,No_Item,Farsight Alteration,Muramana,Long Sword,Trinity Force,Boots of Swiftness,Long Sword,Doran's Blade,Farsight Alteration,Celestial Opposition,Mercury's Treads,Ruby Crystal,Locket of the Iron Solari,Cloth Armor,Control Ward,Oracle Lens,Grasp of the Undying,Sorcery,Press the Attack,Domination,Conqueror,Resolve,Arcane Comet,Precision,Aftershock,Precision,Conqueror,Resolve,Conqueror,Inspiration,Summon Aery,Inspiration,Conqueror,Inspiration,Aftershock,Inspiration,Ignite,Teleport,Flash,Smite,Flash,Teleport,Teleport,Flash,Flash,Ignite,Teleport,Ignite,Smite,Flash,Teleport,Flash,Flash,Teleport,Flash,Ignite,1,6,1,0,0,0
https://www.op.gg/summoners/euw/Boat%20Crew%202-David/matches/uRd1PvnOddra1xrey7IXWnjDBUerutNhrWdEp-PAtBk%3D/1734335132000,1,30,26,26,31,38,43,54,52,14,9,4,0,1,0,7,5,5,0,56117,50987,14.0,12.6,744,713,27.400000000000002,26.2,5130,-5130,2068.8294930875577,1879.705069124424,Volibear,Vi,Vex,Corki,Nami,Gnar,Nidalee,Sylas,Ezreal,Pyke,Hextech Rocketbelt,Cosmic Drive,Chain Vest,Ionian Boots of Lucidity,Dark Seal,Kindlegem,Oracle Lens,Sundered Sky,Mercury's Treads,Ruby Crystal,Black Cleaver,No_Item,No_Item,Oracle Lens,Doran's Ring,Luden's Companion,Dark Seal,Horizon Focus,Ionian Boots of Lucidity,Cryptbloom,Stealth Ward,Trinity Force,Muramana,B. F. Sword,Boots of Swiftness,Bloodthirster,Lord Dominik's Regards,Farsight Alteration,Dream Maker,Shurelya's Battlesong,Dark Seal,Boots of Swiftness,Imperial Mandate,Ardent Censer,Oracle Lens,Wit's End,Trinity Force,Sterak's Gage,Boots of Swiftness,No_Item,No_Item,Farsight Alteration,Liandry's Torment,Zhonya's Hourglass,Control Ward,Fiendish Codex,Mercury's Treads,Oblivion Orb,Oracle Lens,No_Item,Hextech Rocketbelt,Zhonya's Hourglass,Dark Seal,Mercury's Treads,Cosmic Drive,Oracle Lens,Doran's Blade,Muramana,Trinity Force,Ionian Boots of Lucidity,Tunneler,Ruby Crystal,Farsight Alteration,Opportunity,Youmuu's Ghostblade,Celestial Opposition,Boots of Swiftness,Long Sword,No_Item,Oracle Lens,Press the Attack,Sorcery,Conqueror,Domination,Electrocute,Sorcery,Conqueror,Inspiration,Summon Aery,Resolve,Grasp of the Undying,Precision,Conqueror,Sorcery,Conqueror,Resolve,Press the Attack,Inspiration,Hail of Blades,Sorcery,Flash,Teleport,Smite,Flash,Flash,Teleport,Flash,Barrier,Flash,Heal,Flash,Teleport,Smite,Flash,Flash,Teleport,Barrier,Flash,Flash,Ignite,0,0,1,0,6,0
https://www.op.gg/summoners/euw/Boat%20Crew%202-David/matches/uRd1PvnOddqtoIvGobd3QmB8it7R4fPht1l5sk-sSm4%3D/1734274109000,1,11,2,2,12,1,12,16,12,0,3,0,0,0,0,6,0,0,0,25270,14951,7.8,6.6,358,238,31.4,20.8,10319,-10319,2211.1250000000005,1308.2125,Volibear,Master Yi,Ahri,Jinx,Lulu,Riven,Bel'Veth,Taliyah,Ziggs,Rell,Plated Steelcaps,Cosmic Drive,Refillable Potion,Kindlegem,Doran's Ring,No_Item,Stealth Ward,Gustwalker Hatchling,Blade of The Ruined King,Boots,No_Item,No_Item,No_Item,Oracle Lens,Doran's Ring,Lost Chapter,Amplifying Tome,Sorcerer's Shoes,No_Item,No_Item,Stealth Ward,Statikk Shiv,Doran's Blade,Control Ward,Berserker's Greaves,No_Item,No_Item,Stealth Ward,Boots,Ardent Censer,Runic Compass,Glowing Mote,No_Item,No_Item,Oracle Lens,Doran's Blade,Ruby Crystal,Refillable Potion,Long Sword,Glowing Mote,Long Sword,Stealth Ward,Gustwalker Hatchling,Hearthbound Axe,Rectrix,No_Item,No_Item,No_Item,Oracle Lens,Tear of the Goddess,Doran's Ring,Lost Chapter,Boots,Amplifying Tome,No_Item,Stealth Ward,Doran's Ring,Tear of the Goddess,Refillable Potion,Hextech Alternator,Amplifying Tome,Sapphire Crystal,Stealth Ward,World Atlas,Kindlegem,Ruby Crystal,Ruby Crystal,No_Item,No_Item,Oracle Lens,Press the Attack,Resolve,Lethal Tempo,Domination,Electrocute,Sorcery,Lethal Tempo,Inspiration,Summon Aery,Resolve,Conqueror,Sorcery,Conqueror,Domination,Phase Rush,Precision,Arcane Comet,Inspiration,Aftershock,Inspiration,Teleport,Flash,Flash,Smite,Teleport,Flash,Flash,Ghost,Heal,Flash,Ignite,Flash,Smite,Flash,Flash,Teleport,Teleport,Flash,Flash,Ignite,0,3,1,0,0,0
https://www.op.gg/summoners/euw/Boat%20Crew%202-David/matches/uRd1PvnOddpDVRmqKRVvjJDmIeYSjwudu9CwOvKFfks%3D/1734272955000,0,23,29,30,23,75,48,97,94,21,36,3,3,0,3,4,6,3,6,64269,73110,15.8,16.8,1025,1026,27.3,27.5,-8841,8841,1713.84,1949.6,K'Sante,Skarner,Sylas,Jhin,Nami,Varus,Volibear,Ahri,Samira,Janna,Mercury's Treads,Iceborn Gauntlet,"Jak'Sho, The Protean",Control Ward,Thornmail,Negatron Cloak,Farsight Alteration,Control Ward,Spirit Visage,Unending Despair,Sterak's Gage,Heartsteel,Boots of Swiftness,Oracle Lens,Void Staff,Hextech Rocketbelt,Zhonya's Hourglass,Cosmic Drive,Sorcerer's Shoes,No_Item,Farsight Alteration,Doran's Blade,The Collector,Mortal Reminder,Infinity Edge,Rapid Firecannon,Boots of Swiftness,Farsight Alteration,Dream Maker,Ionian Boots of Lucidity,Imperial Mandate,Staff of Flowing Water,Oblivion Orb,Mejai's Soulstealer,Oracle Lens,Plated Steelcaps,Blade of The Ruined King,Experimental Hexplate,Terminus,Cloth Armor,Doran's Blade,Farsight Alteration,Sundered Sky,Unending Despair,Spirit Visage,No_Item,Thornmail,Mercury's Treads,Oracle Lens,Liandry's Torment,Zhonya's Hourglass,Malignance,Sorcerer's Shoes,Cryptbloom,Oblivion Orb,Oracle Lens,Infinity Edge,The Collector,Quicksilver Sash,Lord Dominik's Regards,Boots of Swiftness,Immortal Shieldbow,Farsight Alteration,Dream Maker,Boots of Swiftness,Redemption,Moonstone Renewer,Echoes of Helia,Ruby Crystal,Oracle Lens,Aftershock,Inspiration,Grasp of the Undying,Inspiration,Electrocute,Resolve,Dark Harvest,Precision,Summon Aery,Inspiration,Press the Attack,Resolve,Press the Attack,Inspiration,Summon Aery,Domination,Conqueror,Domination,Summon Aery,Resolve,Flash,Teleport,Smite,Flash,Flash,Teleport,Flash,Barrier,Flash,Heal,Barrier,Flash,Flash,Smite,Teleport,Flash,Barrier,Flash,Flash,Heal,0,6,0,1,0,0
https://www.op.gg/summoners/euw/Boat%20Crew%202-David/matches/uRd1PvnOddqdOl6Kd2KnF0kl0BgzXgDGREQ238xHNBU%3D/1734269581000,0,21,29,29,21,51,28,56,53,14,18,1,2,0,1,3,10,1,3,53996,61731,14.6,15.0,887,932,31.5,33.3,-7735,7735,1916.6519083969467,2191.2148854961833,Viktor,Zac,Riven,Sivir,Yuumi,Aurora,Elise,Tristana,Corki,Thresh,Rabadon's Deathcap,Plated Steelcaps,Zhonya's Hourglass,No_Item,Lich Bane,Hextech Alternator,Farsight Alteration,Spirit Visage,Randuin's Omen,Dark Seal,Ionian Boots of Lucidity,Kindlegem,Sunfire Aegis,Oracle Lens,Long Sword,No_Item,No_Item,Eclipse,Sundered Sky,Mercury's Treads,Oracle Lens,Navori Flickerblade,Berserker's Greaves,Pickaxe,Yun Tal Wildarrows,Doran's Blade,B. F. Sword,Farsight Alteration,Dream Maker,Forbidden Idol,Moonstone Renewer,Mikael's Blessing,Kindlegem,No_Item,Oracle Lens,Void Staff,Liandry's Torment,Sorcerer's Shoes,Control Ward,Shadowflame,No_Item,Oracle Lens,Rabadon's Deathcap,Mejai's Soulstealer,Stormsurge,Shadowflame,Sorcerer's Shoes,No_Item,Oracle Lens,Cloak of Agility,Infinity Edge,Doran's Blade,Berserker's Greaves,The Collector,Navori Flickerblade,Farsight Alteration,Muramana,Trinity Force,The Collector,Doran's Blade,Slightly Magical Footwear,Last Whisper,Farsight Alteration,Trailblazer,Solstice Sleigh,No_Item,Warmog's Armor,No_Item,Boots of Swiftness,Oracle Lens,Grasp of the Undying,Sorcery,Aftershock,Precision,Conqueror,Resolve,Lethal Tempo,Sorcery,Summon Aery,Resolve,Electrocute,Sorcery,Electrocute,Sorcery,Hail of Blades,Precision,Conqueror,Inspiration,Aftershock,Inspiration,Flash,Teleport,Flash,Smite,Teleport,Flash,Cleanse,Flash,Heal,Exhaust,Teleport,Flash,Flash,Smite,Flash,Teleport,Flash,Barrier,Flash,Ignite,0,0,0,1,6,2
https://www.op.gg/summoners/euw/Boat%20Crew%202-David/matches/uRd1PvnOddoLw1QP_dmRrBGkHaFLUzmVEY9zP4ToLb8%3D/1734267349000,0,19,35,35,19,57,23,54,47,8,17,0,0,0,0,2,7,0,0,39296,48179,11.2,12.8,578,647,27.2,30.400000000000002,-8883,8883,1846.1208053691275,2263.442953020134,Gnar,Zac,Viktor,Corki,Bard,Malphite,Lillia,Yone,Ezreal,Janna,Doran's Shield,Trinity Force,Null-Magic Mantle,Pickaxe,Boots,Phage,Oracle Lens,Mosstomper Seedling,Bami's Cinder,Ionian Boots of Lucidity,Spirit Visage,Chain Vest,No_Item,Stealth Ward,Doran's Ring,Blackfire Torch,Liandry's Torment,Sorcerer's Shoes,Needlessly Large Rod,Needlessly Large Rod,Farsight Alteration,Muramana,Trinity Force,The Collector,Doran's Blade,No_Item,Slightly Magical Footwear,Farsight Alteration,Bloodsong,Boots of Swiftness,Dead Man's Plate,Control Ward,Scout's Slingshot,No_Item,Oracle Lens,Unending Despair,Malignance,Plated Steelcaps,Doran's Ring,Kindlegem,No_Item,Oracle Lens,Zhonya's Hourglass,Ionian Boots of Lucidity,Liandry's Torment,Dark Seal,Oblivion Orb,Amplifying Tome,Oracle Lens,Doran's Shield,Blade of The Ruined King,Berserker's Greaves,Immortal Shieldbow,No_Item,No_Item,Oracle Lens,Caulfield's Warhammer,Ionian Boots of Lucidity,Doran's Blade,Muramana,No_Item,Trinity Force,Farsight Alteration,Boots of Swiftness,Bloodsong,Shurelya's Battlesong,Moonstone Renewer,Blasting Wand,Forbidden Idol,Oracle Lens,Grasp of the Undying,Precision,Aftershock,Precision,Summon Aery,Precision,Conqueror,Inspiration,Guardian,Domination,Arcane Comet,Resolve,Conqueror,Inspiration,Fleet Footwork,Resolve,Conqueror,Inspiration,Summon Aery,Domination,Flash,Teleport,Flash,Smite,Teleport,Flash,Flash,Barrier,Ignite,Flash,Teleport,Flash,Flash,Smite,Flash,Teleport,Barrier,Flash,Flash,Heal,0,0,0,1,6,1
https://www.op.gg/summoners/euw/Boat%20Crew%202-David/matches/uRd1PvnOddqgqa9ieLHhOys1c1kq_Ql7HHj8pWzVjAc%3D/1734264798000,0,13,19,19,13,30,27,74,63,21,24,1,2,0,1,2,9,1,3,47191,56339,13.2,14.6,819,932,29.9,34.0,-9148,9148,1734.5881081081081,2070.838918918919,Ambessa,Zac,Zoe,Draven,Nautilus,Renekton,Master Yi,Viktor,Jhin,Nami,Pickaxe,Eclipse,Plated Steelcaps,Spear of Shojin,Control Ward,Long Sword,Stealth Ward,Spirit Visage,Sunfire Aegis,Ionian Boots of Lucidity,Warden's Mail,Giant's Belt,No_Item,Oracle Lens,Luden's Companion,Control Ward,Lich Bane,Sorcerer's Shoes,Dark Seal,Doran's Ring,Farsight Alteration,The Collector,Berserker's Greaves,Vampiric Scepter,Doran's Blade,Hubris,B. F. Sword,Farsight Alteration,Celestial Opposition,Plated Steelcaps,Zeke's Convergence,Giant's Belt,Warden's Mail,Control Ward,Oracle Lens,Stridebreaker,Eclipse,Plated Steelcaps,Steel Sigil,Sterak's Gage,Ruby Crystal,Farsight Alteration,Guinsoo's Rageblade,Blade of The Ruined King,Mercury's Treads,No_Item,No_Item,No_Item,Oracle Lens,Doran's Ring,Liandry's Torment,Blasting Wand,Zhonya's Hourglass,Sorcerer's Shoes,Blackfire Torch,Farsight Alteration,The Collector,Rapid Firecannon,Pickaxe,B. F. Sword,Boots of Swiftness,No_Item,Farsight Alteration,No_Item,Shurelya's Battlesong,Dream Maker,Imperial Mandate,Ionian Boots of Lucidity,No_Item,Oracle Lens,Grasp of the Undying,Domination,Aftershock,Precision,Electrocute,Sorcery,Lethal Tempo,Domination,Aftershock,Inspiration,Conqueror,Resolve,Lethal Tempo,Domination,Summon Aery,Resolve,Dark Harvest,Resolve,Summon Aery,Domination,Flash,Teleport,Flash,Smite,Ignite,Flash,Barrier,Flash,Flash,Ignite,Flash,Teleport,Flash,Smite,Flash,Teleport,Flash,Barrier,Heal,Flash,0,4,0,1,2,1
https://www.op.gg/summoners/euw/Boat%20Crew%202-David/matches/uRd1PvnOddpSvMS0Ri5l94AWdXb28GiMYspYFJKh0yI%3D/1734262015000,1,35,18,18,35,22,49,53,61,21,9,2,1,1,0,10,2,3,1,58272,42956,14.4,12.4,820,658,32.9,26.4,15316,-15316,2336.377358490566,1722.2924528301887,Yone,Jarvan IV,Aurora,Hwei,Zac,Rumble,Pantheon,Garen,Caitlyn,Janna,Pickaxe,Berserker's Greaves,Noonquiver,Blade of The Ruined King,No_Item,Stridebreaker,Farsight Alteration,Sundered Sky,Eclipse,Randuin's Omen,Plated Steelcaps,Pickaxe,Ruby Crystal,Oracle Lens,Shadowflame,Sorcerer's Shoes,Rabadon's Deathcap,Dark Seal,Blackfire Torch,Amplifying Tome,Oracle Lens,Luden's Companion,Horizon Focus,Mejai's Soulstealer,Ionian Boots of Lucidity,Doran's Ring,Amplifying Tome,Stealth Ward,Zeke's Convergence,Redemption,Celestial Opposition,Dark Seal,Ionian Boots of Lucidity,Sunfire Aegis,Oracle Lens,Sorcerer's Shoes,Zhonya's Hourglass,Liandry's Torment,Hextech Alternator,Dark Seal,No_Item,Farsight Alteration,Mercury's Treads,Tunneler,Caulfield's Warhammer,No_Item,No_Item,Black Cleaver,Oracle Lens,Stridebreaker,Boots of Swiftness,Phantom Dancer,Cloak of Agility,Long Sword,No_Item,Stealth Ward,B. F. Sword,Boots of Swiftness,The Collector,Doran's Blade,Pickaxe,Mortal Reminder,Farsight Alteration,Dream Maker,Boots of Swiftness,Echoes of Helia,Dark Seal,Kindlegem,Bandleglass Mirror,Oracle Lens,Lethal Tempo,Resolve,Conqueror,Inspiration,Electrocute,Precision,Arcane Comet,Precision,Aftershock,Precision,Arcane Comet,Resolve,Press the Attack,Inspiration,Phase Rush,Resolve,Hail of Blades,Sorcery,Summon Aery,Resolve,Teleport,Flash,Smite,Flash,Flash,Teleport,Teleport,Flash,Flash,Ignite,Teleport,Flash,Smite,Flash,Flash,Ignite,Ghost,Flash,Flash,Heal,1,3,1,0,2,0
https://www.op.gg/summoners/euw/Boat%20Crew%202-David/matches/uRd1PvnOddr6z4YirIm0zdbpKGQZjne9GyHRJK9TgVI%3D/1734259915000,0,8,21,21,8,22,8,25,38,3,4,1,1,0,0,0,3,1,1,25381,33617,9.2,10.2,432,486,27.9,31.4,-8236,8236,1644.4028169014082,2178.002816901408,Garen,Viego,Hwei,Ezreal,Karma,Ambessa,Lee Sin,Viktor,Caitlyn,Lux,Doran's Shield,Stridebreaker,Ruby Crystal,Boots,No_Item,No_Item,Stealth Ward,Tiamat,Kraken Slayer,Slightly Magical Footwear,Giant's Belt,Gustwalker Hatchling,Ruby Crystal,Stealth Ward,Doran's Ring,Sorcerer's Shoes,Luden's Companion,No_Item,Dark Seal,No_Item,Stealth Ward,Trinity Force,Refillable Potion,Control Ward,Ionian Boots of Lucidity,Doran's Blade,Tear of the Goddess,Stealth Ward,Ionian Boots of Lucidity,Dream Maker,Kindlegem,Control Ward,Forbidden Idol,No_Item,Oracle Lens,Doran's Blade,Eclipse,Plated Steelcaps,Ruby Crystal,Ruby Crystal,No_Item,Stealth Ward,Gustwalker Hatchling,Eclipse,Control Ward,Slightly Magical Footwear,Caulfield's Warhammer,Tunneler,Stealth Ward,Doran's Ring,Luden's Companion,Refillable Potion,Boots,No_Item,No_Item,Farsight Alteration,Health Potion,No_Item,Doran's Blade,Infinity Edge,Boots,Yun Tal Wildarrows,Farsight Alteration,Celestial Opposition,Luden's Companion,Sorcerer's Shoes,Amplifying Tome,Dark Seal,No_Item,Oracle Lens,Phase Rush,Resolve,Conqueror,Inspiration,Arcane Comet,Precision,Press the Attack,Inspiration,Arcane Comet,Domination,Grasp of the Undying,Domination,Conqueror,Inspiration,Summon Aery,Precision,Lethal Tempo,Sorcery,Arcane Comet,Inspiration,Ignite,Flash,Flash,Smite,Flash,Teleport,Cleanse,Flash,Flash,Heal,Flash,Teleport,Smite,Flash,Teleport,Flash,Flash,Barrier,Flash,Heal,0,5,0,0,1,0
https://www.op.gg/summoners/euw/Boat%20Crew%202-David/matches/uRd1PvnOddpQ6tg8D3gw1fFeX6jUk6AbSMRYlOkS5AQ%3D/1734258242000,1,37,29,30,37,54,76,94,66,29,32,3,0,1,0,10,4,4,0,67705,59777,16.2,15.0,931,908,30.5,29.599999999999998,7928,-7928,2205.071100917431,1946.8655963302751,Jax,Graves,Orianna,Ezreal,Leona,Mordekaiser,Wukong,Swain,Ashe,Rell,Negatron Cloak,Zhonya's Hourglass,Mercury's Treads,Trinity Force,Sundered Sky,Doran's Shield,Stealth Ward,Pickaxe,Youmuu's Ghostblade,Mercury's Treads,Mortal Reminder,Immortal Shieldbow,The Collector,Oracle Lens,Mercury's Treads,Luden's Companion,Seraph's Embrace,Rabadon's Deathcap,No_Item,No_Item,Farsight Alteration,Ionian Boots of Lucidity,Trinity Force,Muramana,Serylda's Grudge,Horizon Focus,Stormsurge,Farsight Alteration,Bloodsong,Locket of the Iron Solari,No_Item,Boots of Swiftness,Knight's Vow,Giant's Belt,Oracle Lens,Zhonya's Hourglass,Rejuvenation Bead,Riftmaker,Rylai's Crystal Scepter,Plated Steelcaps,Liandry's Torment,Oracle Lens,Sterak's Gage,Trinity Force,Plated Steelcaps,Sundered Sky,Pickaxe,No_Item,Oracle Lens,Blackfire Torch,Rylai's Crystal Scepter,Dark Seal,Doran's Ring,Boots of Swiftness,Zhonya's Hourglass,Oracle Lens,Kraken Slayer,Phantom Dancer,Bloodthirster,Berserker's Greaves,Doran's Blade,B. F. Sword,Farsight Alteration,Celestial Opposition,Locket of the Iron Solari,Ionian Boots of Lucidity,Zeke's Convergence,Kindlegem,Chain Vest,Oracle Lens,Grasp of the Undying,Sorcery,Dark Harvest,Precision,Phase Rush,Precision,Conqueror,Inspiration,Aftershock,Domination,Conqueror,Resolve,Conqueror,Inspiration,Conqueror,Resolve,Lethal Tempo,Inspiration,Aftershock,Inspiration,Teleport,Flash,Smite,Flash,Teleport,Flash,Flash,Cleanse,Flash,Ignite,Ignite,Flash,Flash,Smite,Teleport,Flash,Flash,Cleanse,Flash,Ignite,1,0,2,0,6,0
https://www.op.gg/summoners/euw/Boat%20Crew%202-David/matches/uRd1PvnOddpekE7JSjLSOg1cJ2oxmi2XzsxNI92KCUg%3D/1734255768000,1,26,13,13,26,18,39,68,50,16,12,1,0,1,0,9,1,2,0,51648,39488,12.8,12.0,685,666,30.3,29.3,12160,-12160,2266.773333333333,1733.0844444444444,Darius,Viego,Orianna,Draven,Rakan,Ambessa,Bel'Veth,Viktor,Kog'Maw,Pyke,Dead Man's Plate,Stridebreaker,Plated Steelcaps,Sterak's Gage,No_Item,No_Item,Stealth Ward,Kraken Slayer,Sterak's Gage,Titanic Hydra,Plated Steelcaps,No_Item,Control Ward,Oracle Lens,Sorcerer's Shoes,Luden's Companion,Shadowflame,Needlessly Large Rod,Control Ward,No_Item,Farsight Alteration,The Collector,Berserker's Greaves,Infinity Edge,Doran's Blade,Vampiric Scepter,B. F. Sword,Farsight Alteration,Solstice Sleigh,No_Item,Kindlegem,Cloth Armor,Zeke's Convergence,Plated Steelcaps,Oracle Lens,Doran's Shield,Eclipse,Boots,Voltaic Cyclosword,Long Sword,No_Item,Stealth Ward,Phage,Kraken Slayer,Plated Steelcaps,Long Sword,Dagger,Long Sword,Oracle Lens,Stormsurge,Sorcerer's Shoes,Dark Seal,Shadowflame,Needlessly Large Rod,Doran's Ring,Farsight Alteration,Doran's Blade,Hearthbound Axe,Guinsoo's Rageblade,Plated Steelcaps,Recurve Bow,Dagger,Farsight Alteration,Synchronized Souls,Celestial Opposition,Youmuu's Ghostblade,Serrated Dirk,Long Sword,Ruby Crystal,Oracle Lens,Conqueror,Resolve,Conqueror,Inspiration,Phase Rush,Resolve,Lethal Tempo,Domination,Guardian,Domination,Electrocute,Resolve,Conqueror,Inspiration,Summon Aery,Precision,Lethal Tempo,Resolve,Hail of Blades,Sorcery,Flash,Ghost,Flash,Smite,Teleport,Flash,Flash,Barrier,Flash,Heal,Teleport,Flash,Flash,Smite,Teleport,Flash,Flash,Barrier,Flash,Ignite,1,6,1,0,0,0
https://www.op.gg/summoners/euw/Boat%20Crew%202-David/matches/uRd1PvnOddrFWX3pt7XzsIlhO9QytpCrLYQuIC9g7SI%3D/1734253685000,1,44,33,33,44,39,69,55,65,11,11,1,3,1,0,10,6,2,3,67917,60712,15.6,15.0,873,849,29.5,28.8,7205,-7205,2291.175903614458,2048.1156626506026,Viktor,Ambessa,Naafiri,Jinx,Zac,Gnar,Vi,Vex,Nilah,Neeko,Doran's Ring,Zhonya's Hourglass,Liandry's Torment,Sorcerer's Shoes,Blackfire Torch,Blasting Wand,Farsight Alteration,Edge of Night,Voltaic Cyclosword,Hubris,Opportunity,Mercury's Treads,Guardian Angel,Oracle Lens,Serrated Dirk,Tunneler,Opportunity,Ionian Boots of Lucidity,Long Sword,Hubris,Farsight Alteration,Berserker's Greaves,Kraken Slayer,Phantom Dancer,Lord Dominik's Regards,Infinity Edge,No_Item,Farsight Alteration,Ionian Boots of Lucidity,Knight's Vow,Celestial Opposition,Zeke's Convergence,Abyssal Mask,Warden's Mail,Oracle Lens,Randuin's Omen,Black Cleaver,Trinity Force,Mercury's Treads,No_Item,Doran's Shield,Farsight Alteration,Plated Steelcaps,Trinity Force,Sundered Sky,Steel Sigil,Null-Magic Mantle,Control Ward,Oracle Lens,Luden's Companion,Shattered Armguard,Rabadon's Deathcap,Sorcerer's Shoes,Dark Seal,Shadowflame,Oracle Lens,The Collector,Infinity Edge,Immortal Shieldbow,Plated Steelcaps,Death's Dance,Control Ward,Farsight Alteration,Zaz'Zak's Realmspike,Liandry's Torment,Hextech Rocketbelt,Ionian Boots of Lucidity,Oblivion Orb,Stormsurge,Oracle Lens,Summon Aery,Precision,Dark Harvest,Inspiration,Electrocute,Sorcery,Lethal Tempo,Inspiration,Aftershock,Precision,Grasp of the Undying,Precision,Conqueror,Inspiration,Electrocute,Sorcery,Press the Attack,Domination,Arcane Comet,Domination,Teleport,Flash,Flash,Smite,Teleport,Flash,Flash,Barrier,Flash,Ignite,Flash,Teleport,Smite,Flash,Flash,Teleport,Teleport,Flash,Flash,Ignite,1,2,2,0,1,1
https://www.op.gg/summoners/euw/Boat%20Crew%202-David/matches/uRd1PvnOddo-DLvpyDX7tiscBsZyyKGdu0u9ibNmdCQ%3D/1734204918000,1,35,35,36,35,53,45,50,65,19,14,0,3,1,0,9,4,1,3,66309,58657,15.4,14.8,935,824,31.1,27.5,7652,-7652,2200.388340807175,1946.4654708520181,K'Sante,Poppy,Aurora,Caitlyn,Soraka,Riven,Bel'Veth,Corki,Hwei,Rell,Randuin's Omen,Iceborn Gauntlet,Plated Steelcaps,Thornmail,"Jak'Sho, The Protean",No_Item,Oracle Lens,Unending Despair,Sundered Sky,Ionian Boots of Lucidity,Spirit Visage,Chain Vest,Negatron Cloak,Oracle Lens,Horizon Focus,Riftmaker,Blackfire Torch,Cosmic Drive,Synchronized Souls,Mejai's Soulstealer,Oracle Lens,Doran's Blade,Berserker's Greaves,The Collector,Infinity Edge,Lord Dominik's Regards,Dagger,Farsight Alteration,Celestial Opposition,Redemption,Moonstone Renewer,Dawncore,Faerie Charm,Ionian Boots of Lucidity,Oracle Lens,No_Item,Plated Steelcaps,Death's Dance,Sundered Sky,Black Cleaver,No_Item,Oracle Lens,Plated Steelcaps,Kraken Slayer,Randuin's Omen,Blade of The Ruined King,Negatron Cloak,Ruby Crystal,Oracle Lens,Pickaxe,Lord Dominik's Regards,Muramana,Mercury's Treads,B. F. Sword,Trinity Force,Farsight Alteration,Liandry's Torment,Seraph's Embrace,Oblivion Orb,Cryptbloom,Sorcerer's Shoes,Amplifying Tome,Farsight Alteration,Ionian Boots of Lucidity,Locket of the Iron Solari,Celestial Opposition,Zeke's Convergence,Kindlegem,Negatron Cloak,Oracle Lens,Grasp of the Undying,Domination,Phase Rush,Inspiration,Arcane Comet,Precision,Lethal Tempo,Sorcery,Summon Aery,Resolve,Conqueror,Sorcery,Press the Attack,Domination,Conqueror,Inspiration,Arcane Comet,Precision,Aftershock,Inspiration,Teleport,Flash,Flash,Smite,Flash,Teleport,Barrier,Flash,Heal,Flash,Ignite,Flash,Smite,Flash,Teleport,Flash,Flash,Teleport,Flash,Ignite,0,6,1,1,0,0
https://www.op.gg/summoners/euw/Boat%20Crew%202-David/matches/uRd1PvnOddrY9OTxmP2H7iUX7yEsvpZHlMbrtc4dV4Q%3D/1734202378000,0,21,36,36,21,65,33,59,69,21,26,2,2,0,2,4,11,2,4,60010,69181,15.4,16.4,964,991,30.6,31.6,-9171,9171,1911.608870967742,2203.7495967741934,Gnar,Zac,Akali,Draven,Alistar,Riven,Diana,Corki,Hwei,Nami,Trinity Force,Sterak's Gage,Kindlegem,Wit's End,Plated Steelcaps,Pickaxe,Stealth Ward,Sunfire Aegis,Dark Seal,Ionian Boots of Lucidity,Spirit Visage,Unending Despair,Ruby Crystal,Oracle Lens,Stormsurge,Dark Seal,Boots,Shattered Armguard,Shadowflame,Rabadon's Deathcap,Oracle Lens,Doran's Blade,Cloak of Agility,Berserker's Greaves,The Collector,Bloodthirster,Infinity Edge,Farsight Alteration,Dream Maker,Locket of the Iron Solari,Knight's Vow,Plated Steelcaps,Ruby Crystal,Control Ward,Farsight Alteration,Hexdrinker,Mercury's Treads,Death's Dance,Black Cleaver,Eclipse,Long Sword,Oracle Lens,Zhonya's Hourglass,Nashor's Tooth,Rabadon's Deathcap,Lich Bane,Sorcerer's Shoes,Amplifying Tome,Oracle Lens,Mercury's Treads,Trinity Force,Muramana,Rapid Firecannon,Hexdrinker,Glowing Mote,Stealth Ward,No_Item,Void Staff,Shattered Armguard,Blackfire Torch,Liandry's Torment,Sorcerer's Shoes,Farsight Alteration,Mejai's Soulstealer,Shurelya's Battlesong,Dream Maker,Imperial Mandate,Staff of Flowing Water,Ionian Boots of Lucidity,Oracle Lens,Fleet Footwork,Resolve,Aftershock,Precision,Electrocute,Resolve,Lethal Tempo,Domination,Glacial Augment,Resolve,Conqueror,Sorcery,Conqueror,Inspiration,Conqueror,Inspiration,Arcane Comet,Precision,Summon Aery,Domination,Teleport,Flash,Flash,Smite,Flash,Teleport,Barrier,Flash,Flash,Ignite,Ignite,Flash,Smite,Flash,Teleport,Flash,Teleport,Flash,Heal,Flash,0,0,0,0,3,2
https://www.op.gg/summoners/euw/Boat%20Crew%202-David/matches/uRd1PvnOddp87Rhhf1Jts3v89E2ZZcS7VaUcLE6e8pQ%3D/1734199736000,1,40,26,26,40,36,52,117,85,28,36,3,1,1,0,11,3,4,1,71568,62651,16.8,15.6,1022,1008,30.5,30.0,8917,-8917,2130.6503816793893,1865.1824427480915,Renekton,Graves,Fizz,Hwei,Rakan,Aurora,Zed,Lux,Caitlyn,Pyke,Sterak's Gage,Stridebreaker,Spirit Visage,Mercury's Treads,No_Item,No_Item,Oracle Lens,The Collector,Youmuu's Ghostblade,B. F. Sword,Lord Dominik's Regards,Boots,Immortal Shieldbow,Oracle Lens,Blighting Jewel,Rabadon's Deathcap,Zhonya's Hourglass,Lich Bane,Ionian Boots of Lucidity,Stormsurge,Oracle Lens,Blackfire Torch,Stormsurge,Needlessly Large Rod,Dark Seal,Shadowflame,Sorcerer's Shoes,Farsight Alteration,Solstice Sleigh,Locket of the Iron Solari,Redemption,No_Item,Plated Steelcaps,Zeke's Convergence,Oracle Lens,Rabadon's Deathcap,Malignance,Zhonya's Hourglass,Sorcerer's Shoes,Blighting Jewel,Shadowflame,Farsight Alteration,Eclipse,Voltaic Cyclosword,Ionian Boots of Lucidity,Serylda's Grudge,Edge of Night,No_Item,Oracle Lens,Luden's Companion,Blasting Wand,Zhonya's Hourglass,Blighting Jewel,Needlessly Large Rod,Sorcerer's Shoes,Oracle Lens,Doran's Blade,Yun Tal Wildarrows,Infinity Edge,Mercury's Treads,Immortal Shieldbow,No_Item,Farsight Alteration,Boots of Swiftness,Youmuu's Ghostblade,Celestial Opposition,Edge of Night,Serrated Dirk,Long Sword,Oracle Lens,Press the Attack,Resolve,Dark Harvest,Precision,Electrocute,Sorcery,Summon Aery,Precision,Guardian,Domination,Electrocute,Sorcery,Electrocute,Inspiration,Summon Aery,Resolve,Fleet Footwork,Sorcery,Hail of Blades,Sorcery,Teleport,Flash,Smite,Flash,Flash,Teleport,Flash,Teleport,Heal,Flash,Flash,Teleport,Flash,Smite,Flash,Teleport,Teleport,Flash,Flash,Ignite,0,3,3,1,3,0
https://www.op.gg/summoners/euw/Boat%20Crew%202-David/matches/uRd1PvnOddoDfoulegaIuDqDEf4khDoxr8zvhE3-7s8%3D/1734197186000,1,7,3,4,7,0,9,7,6,1,1,0,0,0,0,0,0,0,0,12607,9691,5.4,5.2,190,156,29.3,23.9,2916,-2916,1937.1731707317074,1489.1048780487804,Yasuo,Rengar,Singed,Taliyah,Rell,Akali,Nidalee,Yone,Nilah,Zac,Doran's Blade,Refillable Potion,Berserker's Greaves,No_Item,No_Item,Dagger,Stealth Ward,Gustwalker Hatchling,Serrated Dirk,Boots,Long Sword,No_Item,No_Item,Oracle Lens,Doran's Ring,Refillable Potion,Amplifying Tome,Boots,No_Item,No_Item,Stealth Ward,Doran's Ring,Refillable Potion,Dark Seal,Lost Chapter,Amplifying Tome,Boots,Stealth Ward,World Atlas,Ruby Crystal,Total Biscuit of Everlasting Will,Refillable Potion,Ionian Boots of Lucidity,No_Item,Oracle Lens,Doran's Shield,Dark Seal,Refillable Potion,Ruby Crystal,Cloth Armor,Ruby Crystal,Stealth Ward,Scorchclaw Pup,Dark Seal,Boots,No_Item,No_Item,No_Item,Oracle Lens,Doran's Shield,Boots,Cull,Dagger,Dagger,No_Item,Stealth Ward,Long Sword,No_Item,No_Item,Boots,Cull,Doran's Blade,Stealth Ward,World Atlas,No_Item,Boots,No_Item,No_Item,No_Item,Oracle Lens,Grasp of the Undying,Precision,Conqueror,Domination,Phase Rush,Resolve,Dark Harvest,Precision,Aftershock,Inspiration,Conqueror,Resolve,Dark Harvest,Precision,Lethal Tempo,Resolve,Conqueror,Domination,Aftershock,Precision,Exhaust,Flash,Smite,Flash,Flash,Ghost,Teleport,Flash,Flash,Ignite,Ignite,Teleport,Smite,Flash,Flash,Teleport,Teleport,Flash,Flash,Ignite,0,0,0,0,0,0
https://www.op.gg/summoners/euw/Boat%20Crew%202-David/matches/uRd1PvnOddpt7iLiKEqYyJHJym8jeu6h1kP7JqWdeP8%3D/1734183709000,0,33,36,37,33,63,35,59,96,27,29,0,4,0,1,4,9,0,5,58859,63810,14.4,15.6,854,908,28.3,30.2,-4951,4951,1941.4225130890052,2104.7277486910994,K'Sante,Elise,Zed,Draven,Zac,Gnar,Kha'Zix,Orianna,Corki,Leona,Spirit Visage,Unending Despair,Iceborn Gauntlet,Mercury's Treads,Cloth Armor,Control Ward,Stealth Ward,Shadowflame,Stormsurge,Rabadon's Deathcap,No_Item,Sorcerer's Shoes,No_Item,Oracle Lens,Serylda's Grudge,Voltaic Cyclosword,Youmuu's Ghostblade,Pickaxe,Caulfield's Warhammer,Mercury's Treads,Oracle Lens,Infinity Edge,The Collector,Lord Dominik's Regards,Doran's Blade,Boots of Swiftness,Noonquiver,Farsight Alteration,Zeke's Convergence,Knight's Vow,Celestial Opposition,Ionian Boots of Lucidity,Negatron Cloak,Kindlegem,Oracle Lens,Recurve Bow,Black Cleaver,Plated Steelcaps,Trinity Force,Negatron Cloak,Recurve Bow,Farsight Alteration,Edge of Night,Serylda's Grudge,Umbral Glaive,Synchronized Souls,Tunneler,Pickaxe,Oracle Lens,Rabadon's Deathcap,Amplifying Tome,Sorcerer's Shoes,Seraph's Embrace,Void Staff,Amplifying Tome,Farsight Alteration,Rapid Firecannon,Muramana,Doran's Blade,Infinity Edge,Plated Steelcaps,Trinity Force,Farsight Alteration,No_Item,Bloodsong,Locket of the Iron Solari,Knight's Vow,Plated Steelcaps,Negatron Cloak,Oracle Lens,Aftershock,Domination,Dark Harvest,Precision,Electrocute,Resolve,Lethal Tempo,Domination,Aftershock,Precision,Grasp of the Undying,Inspiration,Dark Harvest,Inspiration,Summon Aery,Precision,Conqueror,Inspiration,Aftershock,Inspiration,Flash,Teleport,Flash,Smite,Teleport,Flash,Flash,Barrier,Flash,Ignite,Flash,Teleport,Flash,Smite,Teleport,Flash,Flash,Barrier,Flash,Ignite,0,0,0,0,6,1
https://www.op.gg/summoners/euw/Boat%20Crew%202-David/matches/uRd1PvnOddrJYyDrAoplTB24fSogo9Lw482Y5hgZSQM%3D/1734177897000,1,23,18,18,23,25,28,51,41,10,14,3,0,1,0,9,4,4,0,50079,41875,13.0,11.4,729,660,32.8,29.7,8204,-8204,2239.3048780487807,1872.459349593496,Rumble,Bel'Veth,Tristana,Viktor,Maokai,Camille,Viego,Akali,Jinx,Zac,Doran's Ring,Zhonya's Hourglass,Refillable Potion,Sorcerer's Shoes,Dark Seal,Liandry's Torment,Oracle Lens,Plated Steelcaps,Long Sword,Dagger,Null-Magic Mantle,Kraken Slayer,Stridebreaker,Oracle Lens,Doran's Blade,Kraken Slayer,Refillable Potion,Null-Magic Mantle,Berserker's Greaves,Navori Flickerblade,Farsight Alteration,Refillable Potion,Liandry's Torment,No_Item,Doran's Ring,Sorcerer's Shoes,Blackfire Torch,Farsight Alteration,Knight's Vow,Celestial Opposition,Locket of the Iron Solari,Control Ward,No_Item,Boots of Swiftness,Oracle Lens,Ravenous Hydra,Control Ward,Doran's Shield,Trinity Force,Boots,No_Item,Oracle Lens,Plated Steelcaps,Long Sword,Long Sword,Tunneler,Giant's Belt,Trinity Force,Oracle Lens,Doran's Shield,Stormsurge,Shadowflame,Refillable Potion,Sorcerer's Shoes,Control Ward,Oracle Lens,Yun Tal Wildarrows,Berserker's Greaves,Doran's Blade,Infinity Edge,Last Whisper,Long Sword,Farsight Alteration,Ionian Boots of Lucidity,Zeke's Convergence,Celestial Opposition,Abyssal Mask,No_Item,Cloth Armor,Oracle Lens,Arcane Comet,Resolve,Conqueror,Domination,Press the Attack,Resolve,Summon Aery,Precision,Aftershock,Inspiration,Conqueror,Resolve,Conqueror,Inspiration,Electrocute,Resolve,Lethal Tempo,Sorcery,Aftershock,Precision,Flash,Teleport,Smite,Flash,Teleport,Flash,Teleport,Flash,Flash,Ignite,Flash,Teleport,Flash,Smite,Flash,Teleport,Flash,Cleanse,Flash,Ignite,1,5,1,0,1,0
