GAME_ID,BLUE_WIN,BLUE_KILLS,RED_KILLS,BLUE_DEATHS,RED_DEATHS,RED_ASSISTS,BLUE_ASSISTS,BLUE_WARDS_PLACED,RED_WARDS_PLACED,BLUE_WARDS_DESTROYED,RED_WARDS_DESTROYED,BLUE_DRAGONS,RED_DRAGONS,BLUE_BARONS,RED_BARONS,BLUE_TOWERS,RED_TOWERS,BLUE_ELITE_MONSTERS,RED_ELITE_MONSTERS,BLUE_TEAM_GOLD,RED_TEAM_GOLD,BLUE_TEAM_LEVEL,RED_TEAM_LEVEL,BLUE_TEAM_CS,RED_TEAM_CS,BLUE_TEAAM_CS_PER_MINUTE,RED_TEAAM_CS_PER_MINUTE,BLUE_GOLD_DIFF,RED_GOLD_DIFF,BLUE_GOLD_PER_MIN,RED_GOLD_PER_MIN,BLUE_TEAM_TOP,BLUE_TEAM_JNG,BLUE_TEAM_MID,BLUE_TEAM_ADC,BLUE_TEAM_SUP,RED_TEAM_TOP,RED_TEAM_JNG,RED_TEAM_MID,RED_TEAM_ADC,RED_TEAM_SUP,BLLUE_TEAM_TOP_ITEM_1,BLLUE_TEAM_TOP_ITEM_2,BLLUE_TEAM_TOP_ITEM_3,BLLUE_TEAM_TOP_ITEM_4,BLLUE_TEAM_TOP_ITEM_5,BLLUE_TEAM_TOP_ITEM_6,BLLUE_TEAM_TOP_ITEM_VISION,BLLUE_TEAM_JNG_ITEM_1,BLLUE_TEAM_JNG_ITEM_2,BLLUE_TEAM_JNG_ITEM_3,BLLUE_TEAM_JNG_ITEM_4,BLLUE_TEAM_JNG_ITEM_5,BLLUE_TEAM_JNG_ITEM_6,BLLUE_TEAM_JNG_ITEM_VISION,BLLUE_TEAM_MID_ITEM_1,BLLUE_TEAM_MID_ITEM_2,BLLUE_TEAM_MID_ITEM_3,BLLUE_TEAM_MID_ITEM_4,BLLUE_TEAM_MID_ITEM_5,BLLUE_TEAM_MID_ITEM_6,BLLUE_TEAM_MID_ITEM_VISION,BLLUE_TEAM_ADC_ITEM_1,BLLUE_TEAM_ADC_ITEM_2,BLLUE_TEAM_ADC_ITEM_3,BLLUE_TEAM_ADC_ITEM_4,BLLUE_TEAM_ADC_ITEM_5,BLLUE_TEAM_ADC_ITEM_6,BLLUE_TEAM_ADC_ITEM_VISION,BLLUE_TEAM_SUP_ITEM_1,BLLUE_TEAM_SUP_ITEM_2,BLLUE_TEAM_SUP_ITEM_3,BLLUE_TEAM_SUP_ITEM_4,BLLUE_TEAM_SUP_ITEM_5,BLLUE_TEAM_SUP_ITEM_6,BLLUE_TEAM_SUP_ITEM_VISION,RED_TEAM_TOP_ITEM_1,RED_TEAM_TOP_ITEM_2,RED_TEAM_TOP_ITEM_3,RED_TEAM_TOP_ITEM_4,RED_TEAM_TOP_ITEM_5,RED_TEAM_TOP_ITEM_6,RED_TEAM_TOP_ITEM_VISION,RED_TEAM_JNG_ITEM_1,RED_TEAM_JNG_ITEM_2,RED_TEAM_JNG_ITEM_3,RED_TEAM_JNG_ITEM_4,RED_TEAM_JNG_ITEM_5,RED_TEAM_JNG_ITEM_6,RED_TEAM_JNG_ITEM_VISION,RED_TEAM_MID_ITEM_1,RED_TEAM_MID_ITEM_2,RED_TEAM_MID_ITEM_3,RED_TEAM_MID_ITEM_4,RED_TEAM_MID_ITEM_5,RED_TEAM_MID_ITEM_6,RED_TEAM_MID_ITEM_VISION,RED_TEAM_ADC_ITEM_1,RED_TEAM_ADC_ITEM_2,RED_TEAM_ADC_ITEM_3,RED_TEAM_ADC_ITEM_4,RED_TEAM_ADC_ITEM_5,RED_TEAM_ADC_ITEM_6,RED_TEAM_ADC_ITEM_VISION,RED_TEAM_SUP_ITEM_1,RED_TEAM_SUP_ITEM_2,RED_TEAM_SUP_ITEM_3,RED_TEAM_SUP_ITEM_4,RED_TEAM_SUP_ITEM_5,RED_TEAM_SUP_ITEM_6,RED_TEAM_SUP_ITEM_VISION,BLUE_TEAM_TOP_RUNE_01,BLUE_TEAM_TOP_RUNE_02,BLUE_TEAM_JNG_RUNE_01,BLUE_TEAM_JNG_RUNE_02,BLUE_TEAM_MID_RUNE_01,BLUE_TEAM_MID_RUNE_02,BLUE_TEAM_ADC_RUNE_01,BLUE_TEAM_ADC_RUNE_02,BLUE_TEAM_SUP_RUNE_01,BLUE_TEAM_SUP_RUNE_02,RED_TEAM_TOP_RUNE_01,RED_TEAM_TOP_RUNE_02,RED_TEAM_JNG_RUNE_01,RED_TEAM_JNG_RUNE_02,RED_TEAM_MID_RUNE_01,RED_TEAM_MID_RUNE_02,RED_TEAM_ADC_RUNE_01,RED_TEAM_ADC_RUNE_02,RED_TEAM_SUP_RUNE_01,RED_TEAM_SUP_RUNE_02,BLUE_TEAM_TOP_SUMMONER_01,BLUE_TEAM_TOP_SUMMONER_02,BLUE_TEAM_JNG_SUMMONER_01,BLUE_TEAM_JNG_SUMMONER_02,BLUE_TEAM_MID_SUMMONER_01,BLUE_TEAM_MID_SUMMONER_02,BLUE_TEAM_ADC_SUMMONER_01,BLUE_TEAM_ADC_SUMMONER_02,BLUE_TEAM_SUP_SUMMONER_01,BLUE_TEAM_SUP_SUMMONER_02,RED_TEAM_TOP_SUMMONER_01,RED_TEAM_TOP_SUMMONER_02,RED_TEAM_JNG_SUMMONER_01,RED_TEAM_JNG_SUMMONER_02,RED_TEAM_MID_SUMMONER_01,RED_TEAM_MID_SUMMONER_02,RED_TEAM_ADC_SUMMONER_01,RED_TEAM_ADC_SUMMONER_02,RED_TEAM_SUP_SUMMONER_01,RED_TEAM_SUP_SUMMONER_02,BLUE_TEAM_RIFT_HERALDS,BLUE_TEAM_VOID_GRUBS,BLUE_TEAM_INHIBITORS,RED_TEAM_RIFT_HERALDS,RED_TEAM_VOID_GRUBS,RED_TEAM_INHIBITORS
https://www.op.gg/summoners/euw/KC%20NEXT%20ADKING-EUW/matches/uRd1PvnOddpLOOh2Oe1v6GA2vN3dQT1nNGK1xMVJqDU%3D/1734527214000,1,19,6,6,19,8,25,30,32,7,3,1,0,0,0,4,0,1,0,35070,23410,10.2,8.8,529,395,34.5,25.8,11660,-11660,2297.689655172414,1533.7586206896551,Garen,Viego,Ahri,Ashe,Seraphine,Camille,Volibear,Hwei,Kalista,Renata Glasc,Doran's Shield,Slightly Magical Footwear,Executioner's Calling,Phantom Dancer,No_Item,Trinity Force,Stealth Ward,No_Item,Kraken Slayer,Control Ward,Tunneler,No_Item,Slightly Magical Footwear,Oracle Lens,Doran's Ring,Malignance,Imperial Mandate,Sorcerer's Shoes,Control Ward,Fiendish Codex,Oracle Lens,Doran's Blade,No_Item,Vampiric Scepter,Kraken Slayer,Phantom Dancer,Berserker's Greaves,Farsight Alteration,Solstice Sleigh,Redemption,No_Item,Ionian Boots of Lucidity,Amplifying Tome,Faerie Charm,Oracle Lens,Sheen,Phage,Doran's Shield,Dagger,Slightly Magical Footwear,Long Sword,Stealth Ward,Gustwalker Hatchling,Sundered Sky,Control Ward,Slightly Magical Footwear,Pickaxe,Ruby Crystal,Oracle Lens,Boots,Blackfire Torch,No_Item,No_Item,No_Item,Doran's Ring,Farsight Alteration,Blade of The Ruined King,Berserker's Greaves,Recurve Bow,Doran's Blade,No_Item,No_Item,Stealth Ward,Kindlegem,Bounty of Worlds,Refillable Potion,Control Ward,Forbidden Idol,Boots of Swiftness,Oracle Lens,Grasp of the Undying,Inspiration,Conqueror,Inspiration,Electrocute,Sorcery,Lethal Tempo,Inspiration,Guardian,Sorcery,Grasp of the Undying,Inspiration,Press the Attack,Inspiration,Arcane Comet,Precision,Lethal Tempo,Domination,Guardian,Domination,Ignite,Flash,Flash,Smite,Flash,Teleport,Flash,Barrier,Flash,Heal,Flash,Teleport,Flash,Smite,Flash,Teleport,Flash,Cleanse,Flash,Ignite,0,5,0,0,1,0
https://www.op.gg/summoners/euw/KC%20NEXT%20ADKING-EUW/matches/uRd1PvnOddoFXDcrWPzN6W5zee2APJ46nCeTs8_ug7c%3D/1734525308000,1,24,24,24,24,34,46,86,65,21,34,2,2,1,0,8,4,3,2,55207,49954,14.2,13.4,849,778,32.7,29.8,5253,-5253,2111.743169398907,1910.808743169399,Ambessa,Vi,Viktor,Kalista,Renata Glasc,Lee Sin,Darius,Kassadin,Corki,Neeko,Refillable Potion,Sundered Sky,Eclipse,Doran's Shield,Pickaxe,Plated Steelcaps,Oracle Lens,Sundered Sky,Black Cleaver,No_Item,Plated Steelcaps,Ruby Crystal,No_Item,Oracle Lens,Liandry's Torment,Sorcerer's Shoes,Zhonya's Hourglass,Needlessly Large Rod,Blackfire Torch,Mejai's Soulstealer,Farsight Alteration,Blade of The Ruined King,Guinsoo's Rageblade,Hearthbound Axe,Recurve Bow,Berserker's Greaves,Doran's Blade,Farsight Alteration,Celestial Opposition,Boots of Swiftness,Locket of the Iron Solari,Redemption,Control Ward,No_Item,Oracle Lens,Tunneler,No_Item,Doran's Blade,Eclipse,Black Cleaver,Plated Steelcaps,Stealth Ward,Trinity Force,Dead Man's Plate,No_Item,No_Item,Plated Steelcaps,No_Item,Oracle Lens,Refillable Potion,Rod of Ages,Seraph's Embrace,Doran's Shield,Sorcerer's Shoes,Fiendish Codex,Farsight Alteration,Doran's Blade,Plated Steelcaps,B. F. Sword,Trinity Force,Muramana,Rapid Firecannon,Farsight Alteration,Zhonya's Hourglass,Celestial Opposition,Hextech Rocketbelt,Control Ward,No_Item,Ionian Boots of Lucidity,Oracle Lens,Grasp of the Undying,Domination,Conqueror,Inspiration,Summon Aery,Resolve,Lethal Tempo,Domination,Guardian,Domination,Conqueror,Resolve,Lethal Tempo,Inspiration,Fleet Footwork,Resolve,Conqueror,Inspiration,Arcane Comet,Inspiration,Flash,Teleport,Flash,Smite,Flash,Teleport,Flash,Barrier,Exhaust,Flash,Flash,Ignite,Flash,Smite,Teleport,Flash,Flash,Barrier,Flash,Heal,0,4,1,1,2,0
https://www.op.gg/summoners/euw/KC%20NEXT%20ADKING-EUW/matches/uRd1PvnOddpJOvFcHPjnI36fzi6Wefu0Dp7Ur9tbH_4%3D/1734522436000,1,21,18,18,21,32,35,64,58,16,22,0,2,1,0,10,3,1,2,55993,51380,14.4,14.2,856,905,32.5,34.4,4613,-4613,2120.94696969697,1946.2121212121212,K'Sante,Pantheon,Viktor,Ezreal,Senna,Gnar,Taliyah,Yone,Corki,Janna,Control Ward,Plated Steelcaps,Unending Despair,Kaenic Rookern,Thornmail,Negatron Cloak,Oracle Lens,Plated Steelcaps,Sundered Sky,Sterak's Gage,Hullbreaker,No_Item,No_Item,Stealth Ward,Dark Seal,Needlessly Large Rod,Needlessly Large Rod,Sorcerer's Shoes,Shadowflame,Luden's Companion,Farsight Alteration,Doran's Blade,Ionian Boots of Lucidity,Trinity Force,Muramana,Horizon Focus,Last Whisper,Farsight Alteration,Dagger,Control Ward,Bloodsong,Muramana,Black Cleaver,Boots of Swiftness,Oracle Lens,Doran's Blade,No_Item,Plated Steelcaps,Black Cleaver,Sterak's Gage,Trinity Force,Stealth Ward,Liandry's Torment,Blackfire Torch,Shattered Armguard,Dark Seal,Sorcerer's Shoes,Needlessly Large Rod,Oracle Lens,Blade of The Ruined King,Cloak of Agility,Immortal Shieldbow,Berserker's Greaves,B. F. Sword,Doran's Shield,Oracle Lens,Doran's Blade,Plated Steelcaps,Executioner's Calling,Trinity Force,Muramana,Last Whisper,Farsight Alteration,Bloodsong,Shurelya's Battlesong,Fiendish Codex,Dark Seal,Boots of Swiftness,Bandleglass Mirror,Oracle Lens,Grasp of the Undying,Sorcery,Press the Attack,Inspiration,Summon Aery,Resolve,Press the Attack,Inspiration,Summon Aery,Inspiration,Fleet Footwork,Resolve,First Strike,Domination,Fleet Footwork,Resolve,Press the Attack,Inspiration,Arcane Comet,Domination,Flash,Teleport,Smite,Flash,Flash,Teleport,Flash,Teleport,Flash,Heal,Flash,Teleport,Flash,Smite,Flash,Teleport,Teleport,Flash,Flash,Heal,1,6,2,0,0,0
https://www.op.gg/summoners/euw/KC%20NEXT%20ADKING-EUW/matches/uRd1PvnOddoqLel6lUNgazy9NI9EO_CDd9RUPedqzeQ%3D/1734520036000,0,18,37,38,18,55,29,67,67,16,26,0,4,0,1,2,9,0,5,48378,59935,13.2,14.6,789,822,29.0,30.2,-11557,11557,1769.9268292682927,2192.7439024390246,Ekko,Jarvan IV,Viktor,Ezreal,Braum,Akali,Warwick,Yone,Corki,Nautilus,Sorcerer's Shoes,Hextech Rocketbelt,Nashor's Tooth,Amplifying Tome,Dark Seal,Needlessly Large Rod,Stealth Ward,Cloth Armor,Kindlegem,Negatron Cloak,Eclipse,Sundered Sky,Mercury's Treads,Stealth Ward,Blasting Wand,Doran's Ring,Luden's Companion,Sorcerer's Shoes,Blighting Jewel,Rabadon's Deathcap,Farsight Alteration,Doran's Blade,Caulfield's Warhammer,No_Item,Trinity Force,Muramana,Ionian Boots of Lucidity,Farsight Alteration,Randuin's Omen,Locket of the Iron Solari,Celestial Opposition,Plated Steelcaps,No_Item,No_Item,Oracle Lens,Zhonya's Hourglass,Dark Seal,Blighting Jewel,Sorcerer's Shoes,Stormsurge,Shadowflame,Oracle Lens,Stridebreaker,Mercury's Treads,Spirit Visage,Ruby Crystal,Pickaxe,Ruby Crystal,Oracle Lens,Infinity Edge,No_Item,Blade of The Ruined King,Immortal Shieldbow,Berserker's Greaves,Doran's Shield,Oracle Lens,Doran's Blade,Muramana,Trinity Force,Rapid Firecannon,Plated Steelcaps,Pickaxe,Farsight Alteration,Bloodsong,Locket of the Iron Solari,Knight's Vow,Control Ward,Boots of Swiftness,No_Item,Oracle Lens,Arcane Comet,Domination,Conqueror,Inspiration,Summon Aery,Resolve,Press the Attack,Inspiration,Guardian,Inspiration,Electrocute,Resolve,Press the Attack,Sorcery,Lethal Tempo,Resolve,Conqueror,Inspiration,Aftershock,Inspiration,Teleport,Flash,Smite,Flash,Flash,Teleport,Flash,Barrier,Exhaust,Flash,Teleport,Ignite,Flash,Smite,Teleport,Flash,Flash,Barrier,Flash,Ignite,0,3,0,1,3,0
https://www.op.gg/summoners/euw/KC%20NEXT%20ADKING-EUW/matches/uRd1PvnOddrfq7Q3jmUEZwpoKYWOd-YgvQz51GNq91o%3D/1734468084000,0,15,21,21,15,34,26,51,57,19,21,0,3,0,1,2,5,0,4,41265,48558,11.8,13.0,696,769,31.8,35.2,-7293,7293,1890.3519553072624,2224.4446927374297,K'Sante,Jarvan IV,Viktor,Jinx,Lulu,Gwen,Elise,Akshan,Sivir,Blitzcrank,Doran's Shield,Kaenic Rookern,No_Item,Plated Steelcaps,Unending Despair,No_Item,Oracle Lens,Tunneler,Sundered Sky,Spear of Shojin,Plated Steelcaps,Ruby Crystal,Control Ward,Oracle Lens,Doran's Ring,Luden's Companion,No_Item,Shattered Armguard,Dark Seal,Sorcerer's Shoes,Farsight Alteration,Doran's Blade,Runaan's Hurricane,The Collector,Berserker's Greaves,Cloak of Agility,No_Item,Farsight Alteration,Dream Maker,No_Item,Kindlegem,Forbidden Idol,Moonstone Renewer,Ionian Boots of Lucidity,Oracle Lens,Needlessly Large Rod,Elixir of Sorcery,Nashor's Tooth,Shadowflame,Ionian Boots of Lucidity,No_Item,Farsight Alteration,Sorcerer's Shoes,Blighting Jewel,Control Ward,Liandry's Torment,Dark Seal,Stormsurge,Oracle Lens,Doran's Blade,Boots,Long Sword,The Collector,Statikk Shiv,Rapid Firecannon,Stealth Ward,Navori Flickerblade,Doran's Blade,Last Whisper,Essence Reaver,Infinity Edge,Berserker's Greaves,Farsight Alteration,Celestial Opposition,Boots of Swiftness,Locket of the Iron Solari,Warden's Mail,Cloth Armor,No_Item,Oracle Lens,Grasp of the Undying,Inspiration,Conqueror,Inspiration,Summon Aery,Resolve,Lethal Tempo,Domination,Summon Aery,Resolve,Conqueror,Resolve,Dark Harvest,Precision,Press the Attack,Domination,Lethal Tempo,Sorcery,Glacial Augment,Sorcery,Ghost,Teleport,Flash,Smite,Flash,Teleport,Flash,Barrier,Flash,Heal,Teleport,Flash,Flash,Smite,Flash,Teleport,Flash,Barrier,Flash,Ignite,1,6,0,0,0,0
https://www.op.gg/summoners/euw/KC%20NEXT%20ADKING-EUW/matches/uRd1PvnOddpo25TmoBgChrVrSORJ6ng8NMOSq0aGITY%3D/1734466513000,0,22,34,34,22,47,34,55,61,15,16,0,4,0,1,3,9,0,5,50097,60592,13.8,14.6,807,868,30.2,32.4,-10495,10495,1872.785046728972,2265.121495327103,K'Sante,Udyr,Viktor,Ashe,Lulu,Ambessa,Elise,Irelia,Draven,Thresh,Iceborn Gauntlet,Kaenic Rookern,No_Item,Thornmail,No_Item,Plated Steelcaps,Oracle Lens,Dark Seal,Randuin's Omen,Liandry's Torment,Plated Steelcaps,Null-Magic Mantle,No_Item,Oracle Lens,Sorcerer's Shoes,Liandry's Torment,Oblivion Orb,Cosmic Drive,Verdant Barrier,Dark Seal,Farsight Alteration,Bloodthirster,No_Item,No_Item,Kraken Slayer,Phantom Dancer,Berserker's Greaves,Farsight Alteration,Redemption,Dream Maker,No_Item,Moonstone Renewer,Kindlegem,Ionian Boots of Lucidity,Oracle Lens,Doran's Shield,Eclipse,Plated Steelcaps,Black Cleaver,Ruby Crystal,Pickaxe,Oracle Lens,Sorcerer's Shoes,Stormsurge,Liandry's Torment,Dark Seal,Blighting Jewel,Rabadon's Deathcap,Oracle Lens,Blade of The Ruined King,Hullbreaker,Kraken Slayer,Doran's Shield,Mercury's Treads,No_Item,Stealth Ward,B. F. Sword,The Collector,Bloodthirster,Lord Dominik's Regards,Berserker's Greaves,Cloak of Agility,Farsight Alteration,Locket of the Iron Solari,Solstice Sleigh,No_Item,Trailblazer,Ruby Crystal,Boots of Swiftness,Oracle Lens,Grasp of the Undying,Inspiration,Conqueror,Resolve,Summon Aery,Resolve,Lethal Tempo,Inspiration,Summon Aery,Resolve,Grasp of the Undying,Domination,Dark Harvest,Precision,Press the Attack,Inspiration,Lethal Tempo,Domination,Aftershock,Inspiration,Teleport,Flash,Flash,Smite,Flash,Teleport,Flash,Barrier,Flash,Heal,Flash,Teleport,Flash,Smite,Flash,Teleport,Flash,Barrier,Flash,Ignite,0,6,0,1,0,1
https://www.op.gg/summoners/euw/KC%20NEXT%20ADKING-EUW/matches/uRd1PvnOddr4ry_qLbCEn-yTnS7Llh8FHP9lgIMxZU4%3D/1734464606000,0,14,28,28,14,44,18,59,59,20,17,1,3,0,1,3,7,1,4,43049,54336,12.2,13.8,759,822,31.1,33.6,-11287,11287,1757.1020408163265,2217.795918367347,Tryndamere,Wukong,Sylas,Jinx,Lulu,Jax,Vi,Viktor,Ashe,Thresh,Berserker's Greaves,Navori Flickerblade,Ravenous Hydra,Pickaxe,No_Item,Doran's Blade,Oracle Lens,Kindlegem,Trinity Force,Phage,Sundered Sky,No_Item,Slightly Magical Footwear,Stealth Ward,Doran's Ring,Cosmic Drive,Hextech Rocketbelt,Ionian Boots of Lucidity,Blighting Jewel,No_Item,Oracle Lens,Berserker's Greaves,Yun Tal Wildarrows,Phantom Dancer,Doran's Blade,Last Whisper,Long Sword,Farsight Alteration,Redemption,Dream Maker,Control Ward,Ruby Crystal,Moonstone Renewer,Ionian Boots of Lucidity,Oracle Lens,Doran's Blade,Plated Steelcaps,Trinity Force,Sundered Sky,Frozen Heart,Ruby Crystal,Stealth Ward,Sterak's Gage,Sundered Sky,Plated Steelcaps,B. F. Sword,Cloth Armor,Cloth Armor,Oracle Lens,Dark Seal,Sorcerer's Shoes,No_Item,Lich Bane,Luden's Companion,Rabadon's Deathcap,Farsight Alteration,Kraken Slayer,Berserker's Greaves,Phantom Dancer,B. F. Sword,Pickaxe,Doran's Blade,Farsight Alteration,Trailblazer,Solstice Sleigh,Control Ward,Cloth Armor,Kindlegem,Boots of Swiftness,Oracle Lens,Grasp of the Undying,Precision,Conqueror,Inspiration,Conqueror,Resolve,Lethal Tempo,Sorcery,Summon Aery,Resolve,Lethal Tempo,Inspiration,Conqueror,Inspiration,Summon Aery,Precision,Lethal Tempo,Inspiration,Aftershock,Inspiration,Flash,Ignite,Flash,Smite,Teleport,Flash,Cleanse,Flash,Flash,Heal,Flash,Teleport,Flash,Smite,Flash,Teleport,Barrier,Flash,Flash,Ignite,1,0,0,0,6,0
https://www.op.gg/summoners/euw/KC%20NEXT%20ADKING-EUW/matches/uRd1PvnOddpTRLUhZTq0ZLPxsyPzyJbIThym1ci6MMM%3D/1734458719000,0,12,26,26,12,44,18,59,61,15,15,0,3,0,0,2,6,0,3,40464,50149,11.8,13.4,735,789,31.900000000000002,34.2,-9685,9685,1763.2357541899441,2185.263687150838,Renekton,Zac,Katarina,Viktor,Rell,Jax,Jarvan IV,Galio,Tristana,Thresh,Eclipse,Plated Steelcaps,Ruby Crystal,Sterak's Gage,Long Sword,Doran's Blade,Oracle Lens,Randuin's Omen,No_Item,Dark Seal,Spectre's Cowl,Sunfire Aegis,Ionian Boots of Lucidity,Oracle Lens,Doran's Blade,Blade of The Ruined King,Mercury's Treads,Recurve Bow,Dagger,Rectrix,Stealth Ward,Lich Bane,Luden's Companion,Blighting Jewel,No_Item,Doran's Ring,Sorcerer's Shoes,Farsight Alteration,Celestial Opposition,Ionian Boots of Lucidity,Control Ward,Trailblazer,Kindlegem,Null-Magic Mantle,Oracle Lens,Doran's Shield,Mercury's Treads,Trinity Force,Sundered Sky,Amplifying Tome,Amplifying Tome,Stealth Ward,Sundered Sky,Eclipse,Spectre's Cowl,Mercury's Treads,Ruby Crystal,Glowing Mote,Stealth Ward,Hextech Rocketbelt,Seeker's Armguard,Hollow Radiance,Mejai's Soulstealer,Doran's Ring,Mercury's Treads,Oracle Lens,Infinity Edge,Yun Tal Wildarrows,Navori Flickerblade,Boots,No_Item,No_Item,Farsight Alteration,Force of Nature,Solstice Sleigh,No_Item,Winged Moonplate,Chain Vest,Boots of Swiftness,Oracle Lens,Conqueror,Resolve,Aftershock,Inspiration,Conqueror,Resolve,Summon Aery,Precision,Aftershock,Inspiration,Grasp of the Undying,Inspiration,Conqueror,Inspiration,Aftershock,Sorcery,Press the Attack,Domination,Aftershock,Inspiration,Flash,Teleport,Smite,Flash,Flash,Teleport,Flash,Teleport,Flash,Ignite,Teleport,Flash,Flash,Smite,Flash,Teleport,Flash,Barrier,Flash,Ignite,0,3,0,1,3,1
https://www.op.gg/summoners/euw/KC%20NEXT%20ADKING-EUW/matches/uRd1PvnOddpKClvXNNyUj8WPMmCgLWPk3DBPv3IBDnY%3D/1734443399000,0,24,30,30,24,53,38,70,85,29,26,2,3,0,1,2,9,2,4,53613,63791,14.0,15.4,838,958,28.3,32.2,-10178,10178,1809.7215189873418,2153.2827004219407,Malphite,Skarner,Gwen,Jinx,Lulu,Jayce,Wukong,Vladimir,Viktor,Senna,Hollow Radiance,Doran's Ring,Spectre's Cowl,Frozen Heart,Negatron Cloak,Ionian Boots of Lucidity,Stealth Ward,No_Item,Heartsteel,Plated Steelcaps,Spirit Visage,Thornmail,Negatron Cloak,Oracle Lens,Shadowflame,Nashor's Tooth,Void Staff,Needlessly Large Rod,Sorcerer's Shoes,No_Item,Stealth Ward,Refillable Potion,Infinity Edge,The Collector,Bloodthirster,Berserker's Greaves,Doran's Blade,Farsight Alteration,Redemption,Dream Maker,Moonstone Renewer,Control Ward,Ionian Boots of Lucidity,Ruby Crystal,Oracle Lens,Edge of Night,Youmuu's Ghostblade,Ionian Boots of Lucidity,Opportunity,Serylda's Grudge,B. F. Sword,Farsight Alteration,Boots of Swiftness,Black Cleaver,Control Ward,Trinity Force,Sundered Sky,Negatron Cloak,Stealth Ward,Cosmic Drive,Doran's Ring,Void Staff,Boots of Swiftness,Riftmaker,No_Item,Farsight Alteration,Sorcerer's Shoes,Needlessly Large Rod,Dark Seal,Void Staff,Shadowflame,Luden's Companion,Farsight Alteration,Black Cleaver,Bloodsong,Rapid Firecannon,Boots of Swiftness,Tunneler,Control Ward,Oracle Lens,Arcane Comet,Precision,Grasp of the Undying,Inspiration,Dark Harvest,Sorcery,Press the Attack,Inspiration,Summon Aery,Resolve,Conqueror,Inspiration,Conqueror,Inspiration,Summon Aery,Precision,Arcane Comet,Precision,Fleet Footwork,Inspiration,Teleport,Flash,Flash,Smite,Ghost,Teleport,Flash,Barrier,Heal,Flash,Flash,Teleport,Flash,Smite,Flash,Ghost,Flash,Teleport,Heal,Flash,0,6,0,1,0,1
https://www.op.gg/summoners/euw/KC%20NEXT%20ADKING-EUW/matches/uRd1PvnOddouHVJM7pfkhfUw8ll0cA93yFTO-UdPbi4%3D/1734441081000,0,1,13,13,1,10,2,26,38,4,8,0,2,0,0,1,7,0,2,23606,35260,9.4,10.0,481,582,30.599999999999998,36.9,-11654,11654,1497.2948571428572,2236.4914285714285,Shen,Dr. Mundo,Tristana,Corki,Nami,Jayce,Viego,Cho'Gath,Ezreal,Karma,Heartsteel,Boots,Refillable Potion,Ruby Crystal,No_Item,No_Item,Stealth Ward,No_Item,Heartsteel,Boots of Swiftness,Ruby Crystal,No_Item,No_Item,Oracle Lens,Doran's Blade,The Collector,Refillable Potion,Boots,Cull,No_Item,Stealth Ward,Doran's Blade,Boots,Refillable Potion,Tear of the Goddess,Phage,Hearthbound Axe,Stealth Ward,Runic Compass,Imperial Mandate,Boots,Control Ward,No_Item,No_Item,Oracle Lens,Doran's Blade,Manamune,Youmuu's Ghostblade,Last Whisper,Control Ward,Ionian Boots of Lucidity,Oracle Lens,Kraken Slayer,Plated Steelcaps,Ruby Crystal,Mosstomper Seedling,Glowing Mote,No_Item,Eye of the Herald,Shurelya's Battlesong,Dead Man's Plate,Doran's Ring,Synchronized Souls,Haunting Guise,No_Item,Oracle Lens,Ionian Boots of Lucidity,Doran's Blade,Control Ward,Trinity Force,Manamune,No_Item,Farsight Alteration,Redemption,Dream Maker,Control Ward,Ionian Boots of Lucidity,Ruby Crystal,No_Item,Oracle Lens,Grasp of the Undying,Domination,Fleet Footwork,Inspiration,Fleet Footwork,Resolve,Conqueror,Inspiration,Summon Aery,Resolve,Phase Rush,Inspiration,Conqueror,Inspiration,Hail of Blades,Sorcery,Press the Attack,Inspiration,Arcane Comet,Resolve,Flash,Teleport,Flash,Smite,Flash,Teleport,Barrier,Flash,Flash,Heal,Flash,Teleport,Flash,Smite,Ignite,Flash,Flash,Barrier,Flash,Heal,0,3,0,1,3,0
https://www.op.gg/summoners/euw/KC%20NEXT%20ADKING-EUW/matches/uRd1PvnOddqJAVG3ZL9StISkH7tRvi2RLnsf1jqYcwo%3D/1734439117000,0,9,26,26,9,46,9,53,50,16,14,1,1,0,0,1,9,1,1,36140,46248,11.2,12.8,618,697,28.8,32.5,-10108,10108,1689.3846153846155,2161.88875739645,Kennen,Kindred,Jax,Corki,Leona,Yone,Warwick,Rumble,Caitlyn,Janna,Hextech Rocketbelt,Doran's Blade,Amplifying Tome,Needlessly Large Rod,Needlessly Large Rod,Sorcerer's Shoes,Stealth Ward,Cloak of Agility,Kraken Slayer,Serrated Dirk,Pickaxe,Boots,No_Item,Oracle Lens,Doran's Shield,Refillable Potion,Trinity Force,Mercury's Treads,Sundered Sky,No_Item,Stealth Ward,Doran's Blade,Refillable Potion,Trinity Force,Manamune,No_Item,Slightly Magical Footwear,Farsight Alteration,Plated Steelcaps,Control Ward,Cloth Armor,Locket of the Iron Solari,Kindlegem,Bloodsong,Oracle Lens,Berserker's Greaves,Blade of The Ruined King,Tiamat,Doran's Shield,Phage,Dagger,Stealth Ward,Stridebreaker,Spirit Visage,Mercury's Treads,Blade of The Ruined King,No_Item,Dark Seal,Oracle Lens,Doran's Ring,Shattered Armguard,Needlessly Large Rod,Sorcerer's Shoes,Liandry's Torment,No_Item,Oracle Lens,The Collector,Long Sword,Cloak of Agility,Berserker's Greaves,Infinity Edge,Doran's Blade,Farsight Alteration,Dream Maker,Boots of Swiftness,Echoes of Helia,No_Item,Moonstone Renewer,Ruby Crystal,Oracle Lens,Electrocute,Inspiration,Conqueror,Domination,Grasp of the Undying,Inspiration,Conqueror,Inspiration,Aftershock,Domination,Fleet Footwork,Resolve,Press the Attack,Inspiration,Arcane Comet,Domination,Lethal Tempo,Sorcery,Summon Aery,Resolve,Teleport,Flash,Flash,Smite,Flash,Teleport,Flash,Barrier,Flash,Ignite,Flash,Teleport,Smite,Flash,Flash,Teleport,Flash,Cleanse,Exhaust,Flash,0,3,0,1,3,1
https://www.op.gg/summoners/euw/KC%20NEXT%20ADKING-EUW/matches/uRd1PvnOddrCRE_oYtz5EjFSxJlr-L6lG4Fx9uafZZA%3D/1734436984000,0,24,26,26,24,47,33,45,70,24,19,0,3,0,1,4,10,0,4,49769,57389,13.4,14.6,796,862,30.200000000000003,32.9,-7620,7620,1909.3767295597481,2201.7163522012575,Jax,Warwick,Corki,Viktor,Hwei,Zac,Udyr,Irelia,Ezreal,Sona,Executioner's Calling,Sundered Sky,Mercury's Treads,Doran's Shield,Trinity Force,Cloth Armor,Stealth Ward,Bramble Vest,Mercury's Treads,Stridebreaker,Blade of The Ruined King,No_Item,No_Item,Oracle Lens,Doran's Blade,Muramana,Plated Steelcaps,Lord Dominik's Regards,Control Ward,Trinity Force,Farsight Alteration,Blighting Jewel,Blasting Wand,Oblivion Orb,Liandry's Torment,Blackfire Torch,Sorcerer's Shoes,Farsight Alteration,Blighting Jewel,Zaz'Zak's Realmspike,No_Item,Blackfire Torch,Sorcerer's Shoes,Amplifying Tome,Oracle Lens,Doran's Shield,Sunfire Aegis,Thornmail,Spirit Visage,Boots,Ruby Crystal,Stealth Ward,Unending Despair,Dark Seal,Plated Steelcaps,Liandry's Torment,Spirit Visage,Giant's Belt,Oracle Lens,Negatron Cloak,Recurve Bow,Blade of The Ruined King,Hullbreaker,Plated Steelcaps,Recurve Bow,Oracle Lens,Bloodthirster,Hexdrinker,Caulfield's Warhammer,Trinity Force,Muramana,Ionian Boots of Lucidity,Farsight Alteration,No_Item,Control Ward,Bloodsong,Staff of Flowing Water,Seraph's Embrace,Boots of Swiftness,Oracle Lens,Grasp of the Undying,Sorcery,Press the Attack,Sorcery,Conqueror,Inspiration,Summon Aery,Precision,Arcane Comet,Inspiration,Grasp of the Undying,Precision,Conqueror,Resolve,Conqueror,Resolve,Press the Attack,Inspiration,Summon Aery,Inspiration,Teleport,Flash,Flash,Smite,Teleport,Flash,Teleport,Flash,Flash,Heal,Flash,Teleport,Flash,Smite,Teleport,Flash,Flash,Teleport,Flash,Heal,1,4,0,0,2,2
https://www.op.gg/summoners/euw/KC%20NEXT%20ADKING-EUW/matches/uRd1PvnOddoJXFFNs4HGFtlcqbJqFLMVRO8ljgk1yzM%3D/1734370910000,1,37,23,23,37,32,43,69,75,29,15,3,0,1,0,8,2,4,0,62727,50329,15.2,13.2,888,798,31.0,27.8,12398,-12398,2192.4,1759.0718446601943,Gragas,Taliyah,Nasus,Ezreal,Neeko,Rumble,Wukong,Kassadin,Corki,Lulu,Void Staff,Needlessly Large Rod,Lost Chapter,Boots of Swiftness,Cosmic Drive,Dark Seal,Farsight Alteration,Sorcerer's Shoes,Banshee's Veil,Shadowflame,Blighting Jewel,Luden's Companion,Blasting Wand,Oracle Lens,No_Item,Trinity Force,Sundered Sky,Spirit Visage,Tunneler,Ionian Boots of Lucidity,Farsight Alteration,Last Whisper,Caulfield's Warhammer,Ionian Boots of Lucidity,Bloodthirster,Muramana,Trinity Force,Farsight Alteration,Zaz'Zak's Realmspike,Hextech Rocketbelt,Zhonya's Hourglass,Control Ward,Null-Magic Mantle,Ionian Boots of Lucidity,Oracle Lens,Boots of Swiftness,Amplifying Tome,Cryptbloom,Dark Seal,Liandry's Torment,Shadowflame,Oracle Lens,Sundered Sky,Trinity Force,Pickaxe,No_Item,Mercury's Treads,No_Item,Oracle Lens,Void Staff,Seraph's Embrace,No_Item,Dark Seal,Ionian Boots of Lucidity,Malignance,Farsight Alteration,Trinity Force,Cloak of Agility,Last Whisper,Muramana,Mercury's Treads,Doran's Blade,Farsight Alteration,Redemption,Dream Maker,Oblivion Orb,Boots,No_Item,Moonstone Renewer,Oracle Lens,Phase Rush,Inspiration,First Strike,Domination,Fleet Footwork,Resolve,Press the Attack,Inspiration,Arcane Comet,Inspiration,Arcane Comet,Precision,Conqueror,Inspiration,Electrocute,Resolve,Conqueror,Inspiration,Summon Aery,Resolve,Teleport,Flash,Flash,Smite,Flash,Ghost,Flash,Barrier,Flash,Heal,Teleport,Flash,Flash,Smite,Teleport,Flash,Flash,Barrier,Flash,Heal,0,2,1,1,1,0
https://www.op.gg/summoners/euw/KC%20NEXT%20ADKING-EUW/matches/uRd1PvnOddqNe3U_97FZINNu1hjLZysHXHBgPbfiYm4%3D/1733949988000,1,37,28,28,37,37,52,58,77,21,16,2,2,1,0,9,2,3,2,60148,52333,14.8,13.6,758,785,27.7,28.5,7815,-7815,2175.5659574468086,1892.895744680851,K'Sante,Viego,Sylas,Sivir,Lulu,Kayle,Diana,Irelia,Yasuo,Senna,Bramble Vest,Iceborn Gauntlet,Plated Steelcaps,Kaenic Rookern,Fimbulwinter,Ruby Crystal,Oracle Lens,Titanic Hydra,Kraken Slayer,Guardian Angel,Plated Steelcaps,No_Item,Control Ward,Oracle Lens,Rabadon's Deathcap,Hextech Rocketbelt,Doran's Ring,Sorcerer's Shoes,Shadowflame,Needlessly Large Rod,Oracle Lens,Plated Steelcaps,Long Sword,Yun Tal Wildarrows,Infinity Edge,Doran's Blade,Navori Flickerblade,Farsight Alteration,Redemption,Dream Maker,Ionian Boots of Lucidity,Control Ward,Moonstone Renewer,Kindlegem,Oracle Lens,Boots of Swiftness,Nashor's Tooth,Doran's Blade,Needlessly Large Rod,Needlessly Large Rod,No_Item,Farsight Alteration,Sorcerer's Shoes,Zhonya's Hourglass,No_Item,Nashor's Tooth,Riftmaker,No_Item,Oracle Lens,Blade of The Ruined King,Wit's End,No_Item,Kraken Slayer,No_Item,Plated Steelcaps,Stealth Ward,Infinity Edge,Kraken Slayer,Immortal Shieldbow,Executioner's Calling,Long Sword,Berserker's Greaves,Farsight Alteration,Bloodsong,Black Cleaver,Rapid Firecannon,Boots of Swiftness,Pickaxe,Serrated Dirk,Oracle Lens,Grasp of the Undying,Inspiration,Conqueror,Inspiration,Electrocute,Resolve,Press the Attack,Sorcery,Summon Aery,Resolve,Press the Attack,Resolve,Conqueror,Inspiration,Conqueror,Inspiration,Lethal Tempo,Resolve,Grasp of the Undying,Inspiration,Teleport,Flash,Flash,Smite,Flash,Teleport,Flash,Barrier,Heal,Flash,Flash,Teleport,Flash,Smite,Teleport,Flash,Flash,Exhaust,Flash,Heal,1,5,1,0,1,0
https://www.op.gg/summoners/euw/KC%20NEXT%20ADKING-EUW/matches/uRd1PvnOddpcbPZlLzPu-XhmUdedh3sUN2ZSSLYRGV8%3D/1733947659000,0,13,20,20,14,21,13,31,31,9,6,1,1,0,0,0,3,1,1,29423,36297,9.8,10.2,491,545,30.3,33.7,-6874,6874,1829.6655462184874,2257.1243697478994,Gwen,Hecarim,Sylas,Corki,Shaco,Viktor,Taliyah,Jayce,Ashe,Nautilus,Doran's Ring,Refillable Potion,Nashor's Tooth,Sorcerer's Shoes,Amplifying Tome,No_Item,Stealth Ward,No_Item,Ionian Boots of Lucidity,Eclipse,Pickaxe,Tunneler,No_Item,Oracle Lens,Dark Seal,Refillable Potion,Hextech Rocketbelt,Sorcerer's Shoes,Doran's Ring,Fiendish Codex,Oracle Lens,Tear of the Goddess,Doran's Blade,Trinity Force,No_Item,No_Item,No_Item,Farsight Alteration,Bounty of Worlds,Imperial Mandate,Boots of Swiftness,Aether Wisp,Bandleglass Mirror,No_Item,Oracle Lens,Sorcerer's Shoes,Doran's Ring,Stormsurge,Dark Seal,Needlessly Large Rod,Aether Wisp,Stealth Ward,Sorcerer's Shoes,Luden's Companion,Zhonya's Hourglass,No_Item,Amplifying Tome,Dark Seal,Eye of the Herald,Youmuu's Ghostblade,Tunneler,Caulfield's Warhammer,Doran's Blade,Tear of the Goddess,Ionian Boots of Lucidity,Oracle Lens,Doran's Blade,No_Item,No_Item,Phantom Dancer,Kraken Slayer,Berserker's Greaves,Farsight Alteration,No_Item,Plated Steelcaps,Locket of the Iron Solari,Celestial Opposition,No_Item,No_Item,Oracle Lens,Conqueror,Resolve,Phase Rush,Precision,Electrocute,Sorcery,Conqueror,Inspiration,Arcane Comet,Domination,Summon Aery,Resolve,First Strike,Domination,Conqueror,Inspiration,Lethal Tempo,Inspiration,Aftershock,Inspiration,Teleport,Flash,Ghost,Smite,Ignite,Flash,Flash,Cleanse,Flash,Ignite,Flash,Teleport,Flash,Smite,Flash,Teleport,Flash,Barrier,Flash,Ignite,0,2,0,1,4,0
https://www.op.gg/summoners/euw/KC%20NEXT%20ADKING-EUW/matches/uRd1PvnOddrX3reggivyfFpp9IYoL075a-o-QajJEvE%3D/1733914508000,1,28,29,29,28,48,71,107,117,45,38,1,4,2,0,8,5,3,4,70472,64216,16.4,15.4,970,978,27.7,27.8,6256,-6256,1994.4905660377358,1817.4339622641508,Ornn,Skarner,Ahri,Caitlyn,Lux,Darius,Vi,Viktor,Ziggs,Rakan,Thornmail,"Jak'Sho, The Protean",Negatron Cloak,Plated Steelcaps,Spectre's Cowl,No_Item,Stealth Ward,Kaenic Rookern,Mercury's Treads,No_Item,Unending Despair,Heartsteel,No_Item,Oracle Lens,Banshee's Veil,No_Item,Ionian Boots of Lucidity,Shadowflame,Malignance,Rabadon's Deathcap,Farsight Alteration,Berserker's Greaves,Infinity Edge,Lord Dominik's Regards,Rapid Firecannon,The Collector,Bloodthirster,Farsight Alteration,Shurelya's Battlesong,Shattered Armguard,Oblivion Orb,Solstice Sleigh,Imperial Mandate,Boots of Swiftness,Oracle Lens,Randuin's Omen,No_Item,Kaenic Rookern,Trinity Force,Mercury's Treads,Sterak's Gage,Oracle Lens,Randuin's Omen,No_Item,Plated Steelcaps,Ruby Crystal,Sundered Sky,Kaenic Rookern,Oracle Lens,Sorcerer's Shoes,Lich Bane,Void Staff,Rabadon's Deathcap,Blackfire Torch,No_Item,Farsight Alteration,Void Staff,Horizon Focus,Amplifying Tome,Boots of Swiftness,Liandry's Torment,Seraph's Embrace,Farsight Alteration,Celestial Opposition,Locket of the Iron Solari,Abyssal Mask,Kindlegem,Mercury's Treads,Cloth Armor,Oracle Lens,Grasp of the Undying,Inspiration,Aftershock,Inspiration,Electrocute,Precision,Fleet Footwork,Sorcery,Arcane Comet,Precision,Conqueror,Resolve,Conqueror,Inspiration,Summon Aery,Resolve,Arcane Comet,Precision,Guardian,Domination,Teleport,Flash,Flash,Smite,Flash,Teleport,Flash,Teleport,Flash,Heal,Ghost,Flash,Flash,Smite,Flash,Teleport,Flash,Teleport,Ignite,Flash,0,2,1,1,4,0
https://www.op.gg/summoners/euw/KC%20NEXT%20ADKING-EUW/matches/uRd1PvnOddoEGmOySnn8osclkvg7JxB_K0vKMzWzwVM%3D/1733855930000,0,26,35,35,26,66,41,74,75,29,32,2,2,0,1,4,8,2,3,54778,64874,14.6,15.8,898,997,30.6,33.8,-10096,10096,1865.4129729729727,2209.2227027027025,Ornn,Karthus,Aurora,Corki,Nami,Gnar,Viego,Syndra,Sivir,Rell,Randuin's Omen,Plated Steelcaps,Unending Despair,Spectre's Cowl,Bramble Vest,Negatron Cloak,Stealth Ward,Rabadon's Deathcap,Blackfire Torch,Fiendish Codex,Sorcerer's Shoes,Void Staff,Control Ward,Oracle Lens,Mercury's Treads,Malignance,Control Ward,Cosmic Drive,Amplifying Tome,Doran's Ring,Oracle Lens,Trinity Force,Muramana,Rapid Firecannon,Infinity Edge,Plated Steelcaps,Doran's Blade,Farsight Alteration,Dream Maker,Shurelya's Battlesong,No_Item,Imperial Mandate,Faerie Charm,Ionian Boots of Lucidity,Oracle Lens,Wit's End,No_Item,Black Cleaver,Mercury's Treads,Trinity Force,Doran's Blade,Oracle Lens,Mercury's Treads,Kraken Slayer,Sterak's Gage,Wit's End,Cloth Armor,Long Sword,Oracle Lens,Luden's Companion,Stormsurge,Blighting Jewel,Sorcerer's Shoes,Mejai's Soulstealer,Blasting Wand,Farsight Alteration,Doran's Blade,Berserker's Greaves,B. F. Sword,Essence Reaver,Lord Dominik's Regards,Infinity Edge,Farsight Alteration,Celestial Opposition,Locket of the Iron Solari,Control Ward,Zeke's Convergence,Ionian Boots of Lucidity,Kindlegem,Oracle Lens,Summon Aery,Resolve,Dark Harvest,Precision,Electrocute,Sorcery,Conqueror,Inspiration,Electrocute,Sorcery,Grasp of the Undying,Precision,Conqueror,Inspiration,Summon Aery,Inspiration,Lethal Tempo,Inspiration,Aftershock,Inspiration,Flash,Teleport,Flash,Smite,Teleport,Flash,Flash,Barrier,Flash,Heal,Teleport,Flash,Smite,Flash,Flash,Teleport,Barrier,Flash,Flash,Ignite,1,6,0,0,0,1
https://www.op.gg/summoners/euw/KC%20NEXT%20ADKING-EUW/matches/uRd1PvnOddo4iiXFURK-eRyLrOkB6PCAgd58sxVx7LU%3D/1733778091000,0,22,36,37,22,46,34,66,82,25,18,0,4,0,1,2,5,0,5,48081,56075,13.0,14.2,739,785,28.3,30.3,-7994,7994,1834.6697368421053,2139.703947368421,Gragas,Viego,Sylas,Varus,Zoe,Sion,Wukong,Ryze,Corki,Taliyah,Doran's Ring,Hextech Alternator,Boots of Swiftness,Tear of the Goddess,Cosmic Drive,Lost Chapter,Oracle Lens,Sundered Sky,Kraken Slayer,Control Ward,Sterak's Gage,Mercury's Treads,No_Item,Oracle Lens,Cosmic Drive,Shattered Armguard,Hextech Rocketbelt,Needlessly Large Rod,Dark Seal,Mercury's Treads,Oracle Lens,Berserker's Greaves,Doran's Blade,No_Item,Terminus,Guinsoo's Rageblade,Blade of The Ruined King,Farsight Alteration,Celestial Opposition,Horizon Focus,No_Item,Sorcerer's Shoes,Oblivion Orb,Hextech Alternator,Oracle Lens,Hollow Radiance,Mercury's Treads,Unending Despair,Giant's Belt,Negatron Cloak,Cloth Armor,Oracle Lens,Black Cleaver,Trinity Force,No_Item,Sundered Sky,Mercury's Treads,No_Item,Oracle Lens,Doran's Ring,Seraph's Embrace,Seeker's Armguard,Sorcerer's Shoes,Rod of Ages,No_Item,Farsight Alteration,B. F. Sword,Trinity Force,Muramana,Rapid Firecannon,Pickaxe,Slightly Magical Footwear,Farsight Alteration,Ionian Boots of Lucidity,Zaz'Zak's Realmspike,Luden's Companion,Dark Seal,Horizon Focus,Oblivion Orb,Oracle Lens,Phase Rush,Inspiration,Conqueror,Inspiration,Electrocute,Resolve,Lethal Tempo,Inspiration,Summon Aery,Inspiration,Grasp of the Undying,Inspiration,Conqueror,Inspiration,Phase Rush,Resolve,Conqueror,Inspiration,Summon Aery,Domination,Teleport,Flash,Flash,Smite,Teleport,Flash,Flash,Barrier,Flash,Ignite,Flash,Teleport,Smite,Flash,Teleport,Flash,Flash,Cleanse,Ignite,Flash,0,1,0,1,5,0
https://www.op.gg/summoners/euw/KC%20NEXT%20ADKING-EUW/matches/uRd1PvnOddrTB3ZZ9abjzaZ7UPHqXAJ_TSO4Cnmd5Ek%3D/1733775972000,1,37,23,23,37,45,45,74,82,22,15,1,1,1,0,8,2,2,1,61291,51319,15.2,14.0,852,771,30.099999999999998,27.099999999999998,9972,-9972,2155.752413793103,1805.0131034482758,Ornn,Lee Sin,Akali,Varus,Zoe,Ambessa,Viego,Taliyah,Ezreal,Bard,Doran's Shield,Sunfire Aegis,Plated Steelcaps,Bramble Vest,Giant's Belt,Negatron Cloak,Stealth Ward,Eclipse,No_Item,Black Cleaver,Sundered Sky,Long Sword,Plated Steelcaps,Stealth Ward,Void Staff,Rabadon's Deathcap,Stormsurge,Verdant Barrier,Shadowflame,Boots,Oracle Lens,Youmuu's Ghostblade,Edge of Night,Muramana,Serrated Dirk,Doran's Blade,Boots of Swiftness,Farsight Alteration,Zaz'Zak's Realmspike,Luden's Companion,No_Item,Horizon Focus,No_Item,Synchronized Souls,Oracle Lens,Doran's Blade,Eclipse,Voltaic Cyclosword,Mercury's Treads,Tunneler,Ruby Crystal,Stealth Ward,Titanic Hydra,Caulfield's Warhammer,Kraken Slayer,Tunneler,Ruby Crystal,Slightly Magical Footwear,Oracle Lens,Doran's Ring,Seraph's Embrace,Liandry's Torment,Sorcerer's Shoes,Shadowflame,No_Item,Farsight Alteration,Doran's Blade,Muramana,B. F. Sword,Vampiric Scepter,Ionian Boots of Lucidity,Trinity Force,Farsight Alteration,Mikael's Blessing,Bloodsong,Locket of the Iron Solari,Boots of Swiftness,Ruby Crystal,Forbidden Idol,Oracle Lens,Grasp of the Undying,Inspiration,Conqueror,Inspiration,Electrocute,Resolve,Hail of Blades,Inspiration,Electrocute,Inspiration,Conqueror,Resolve,Conqueror,Inspiration,Phase Rush,Precision,Press the Attack,Inspiration,Guardian,Domination,Flash,Teleport,Flash,Smite,Ignite,Flash,Flash,Barrier,Ignite,Flash,Flash,Teleport,Flash,Smite,Flash,Teleport,Flash,Barrier,Heal,Flash,1,6,1,0,0,0
https://www.op.gg/summoners/euw/KC%20NEXT%20ADKING-EUW/matches/uRd1PvnOddrfpJ-gkaP5uQZ8TdTObLw9uBKuWoFY58M%3D/1733767594000,1,34,30,30,34,55,50,110,84,28,32,2,2,2,0,10,1,4,2,71067,60620,16.4,16.0,1000,967,29.9,29.0,10447,-10447,2132.0099999999998,1818.6,Varus,Taliyah,Katarina,Corki,Maokai,Veigar,Kindred,Akali,Ezreal,Lulu,Control Ward,Zhonya's Hourglass,Guinsoo's Rageblade,Tunneler,Mercury's Treads,Wit's End,Farsight Alteration,Needlessly Large Rod,Luden's Companion,Zhonya's Hourglass,Shadowflame,Sorcerer's Shoes,Needlessly Large Rod,Oracle Lens,Needlessly Large Rod,Needlessly Large Rod,Zhonya's Hourglass,Lich Bane,Shadowflame,Sorcerer's Shoes,Farsight Alteration,Infinity Edge,Plated Steelcaps,Noonquiver,Muramana,Rapid Firecannon,Trinity Force,Farsight Alteration,Plated Steelcaps,Knight's Vow,Celestial Opposition,Giant's Belt,Control Ward,Locket of the Iron Solari,Oracle Lens,Horizon Focus,Luden's Companion,No_Item,Void Staff,Rabadon's Deathcap,Boots of Swiftness,Oracle Lens,The Collector,Trinity Force,Immortal Shieldbow,Boots of Swiftness,Zeal,Scout's Slingshot,Oracle Lens,Stormsurge,Shadowflame,Rabadon's Deathcap,Sorcerer's Shoes,Null-Magic Mantle,Amplifying Tome,Farsight Alteration,Doran's Blade,Caulfield's Warhammer,Bloodthirster,Ionian Boots of Lucidity,Trinity Force,Muramana,Farsight Alteration,Dream Maker,Redemption,No_Item,Ionian Boots of Lucidity,Kindlegem,Moonstone Renewer,Oracle Lens,Press the Attack,Resolve,Hail of Blades,Precision,Electrocute,Precision,Conqueror,Inspiration,Aftershock,Inspiration,Summon Aery,Inspiration,Press the Attack,Inspiration,Electrocute,Resolve,Conqueror,Inspiration,Summon Aery,Resolve,Flash,Barrier,Flash,Smite,Ignite,Flash,Flash,Barrier,Ignite,Flash,Flash,Teleport,Flash,Smite,Flash,Teleport,Cleanse,Flash,Ignite,Flash,1,4,4,0,2,0
https://www.op.gg/summoners/euw/KC%20NEXT%20ADKING-EUW/matches/uRd1PvnOddqLDM4SzAII77LqYnfEQQTdjBUPpxU6tvc%3D/1733741876000,0,15,24,24,15,39,24,73,93,27,20,0,4,0,2,4,10,0,6,52845,63328,14.0,15.4,903,980,30.5,33.1,-10483,10483,1781.6314285714288,2135.058285714286,Vayne,Taliyah,Yone,Caitlyn,Lux,Corki,Diana,Zac,Yasuo,Neeko,Trinity Force,Blade of The Ruined King,No_Item,Berserker's Greaves,No_Item,Executioner's Calling,Farsight Alteration,Verdant Barrier,Blackfire Torch,No_Item,Sorcerer's Shoes,Shadowflame,No_Item,Oracle Lens,Immortal Shieldbow,Blade of The Ruined King,Berserker's Greaves,No_Item,Infinity Edge,No_Item,Farsight Alteration,Infinity Edge,The Collector,Mortal Reminder,Cloak of Agility,B. F. Sword,Berserker's Greaves,Farsight Alteration,Seeker's Armguard,No_Item,Zaz'Zak's Realmspike,No_Item,Sorcerer's Shoes,Luden's Companion,Oracle Lens,Infinity Edge,Trinity Force,Muramana,Plated Steelcaps,Rapid Firecannon,No_Item,Farsight Alteration,Hextech Rocketbelt,Control Ward,Zhonya's Hourglass,Dark Seal,Sorcerer's Shoes,Rabadon's Deathcap,Oracle Lens,Spirit Visage,Thornmail,Mercury's Treads,Unending Despair,Dark Seal,No_Item,Oracle Lens,Blade of The Ruined King,Stridebreaker,Cloak of Agility,Immortal Shieldbow,Doran's Blade,Berserker's Greaves,Farsight Alteration,Zaz'Zak's Realmspike,Hextech Rocketbelt,Control Ward,Zhonya's Hourglass,Sorcerer's Shoes,Aether Wisp,Oracle Lens,Fleet Footwork,Sorcery,Dark Harvest,Precision,Lethal Tempo,Resolve,Fleet Footwork,Sorcery,Arcane Comet,Domination,Conqueror,Inspiration,Conqueror,Inspiration,Conqueror,Resolve,Lethal Tempo,Resolve,Arcane Comet,Inspiration,Flash,Teleport,Flash,Smite,Flash,Teleport,Flash,Exhaust,Flash,Heal,Flash,Cleanse,Smite,Flash,Flash,Teleport,Teleport,Flash,Ignite,Flash,0,4,0,1,2,2
https://www.op.gg/summoners/euw/KC%20NEXT%20ADKING-EUW/matches/uRd1PvnOddqwzU3yIdoOWtA_gIFY2IUcnYPD2HgDLUE%3D/1733694665000,1,34,18,18,34,26,31,47,47,14,15,2,0,1,0,11,2,3,0,56272,45182,14.2,12.6,797,688,34.6,29.900000000000002,11090,-11090,2437.2585987261145,1956.9273885350317,Poppy,Rengar,Orianna,Smolder,Heimerdinger,Aatrox,Kayn,Ahri,Corki,Senna,Spirit Visage,No_Item,Ionian Boots of Lucidity,Fimbulwinter,Sundered Sky,No_Item,Stealth Ward,Control Ward,Profane Hydra,Youmuu's Ghostblade,Boots,Opportunity,Last Whisper,Oracle Lens,Doran's Ring,Seeker's Armguard,Seraph's Embrace,Shadowflame,Mejai's Soulstealer,Sorcerer's Shoes,Farsight Alteration,Doran's Blade,Hubris,Ionian Boots of Lucidity,Rapid Firecannon,Long Sword,Last Whisper,Farsight Alteration,Sorcerer's Shoes,Blackfire Torch,Zaz'Zak's Realmspike,Control Ward,Rylai's Crystal Scepter,Shadowflame,Oracle Lens,Doran's Shield,Ruby Crystal,Pickaxe,Plated Steelcaps,Sundered Sky,Kindlegem,Stealth Ward,Caulfield's Warhammer,Hubris,Ionian Boots of Lucidity,Opportunity,No_Item,Control Ward,Oracle Lens,Doran's Ring,Null-Magic Mantle,Amplifying Tome,Ionian Boots of Lucidity,Malignance,Horizon Focus,Oracle Lens,Doran's Blade,Trinity Force,Slightly Magical Footwear,Muramana,Infinity Edge,Noonquiver,Farsight Alteration,Boots of Swiftness,Dream Maker,Forbidden Idol,Faerie Charm,Moonstone Renewer,Echoes of Helia,Oracle Lens,Grasp of the Undying,Sorcery,Conqueror,Domination,Arcane Comet,Precision,Arcane Comet,Inspiration,Conqueror,Sorcery,Conqueror,Resolve,Dark Harvest,Inspiration,Electrocute,Sorcery,Conqueror,Inspiration,Summon Aery,Resolve,Teleport,Flash,Flash,Smite,Flash,Teleport,Flash,Teleport,Flash,Ignite,Flash,Teleport,Flash,Smite,Flash,Teleport,Flash,Teleport,Flash,Heal,1,6,3,0,0,0
https://www.op.gg/summoners/euw/KC%20NEXT%20ADKING-EUW/matches/uRd1PvnOddqEiZ4BTg0vlMhxxa89R69C9wYjg54kZIE%3D/1733692454000,0,10,28,28,10,27,13,40,47,10,7,0,1,0,1,1,9,0,2,35184,47411,11.0,12.8,569,673,26.6,31.200000000000003,-12227,12227,1631.4368715083801,2198.387150837989,Gnar,Lillia,Yone,Smolder,Soraka,Vladimir,Wukong,Azir,Xayah,Blitzcrank,No_Item,No_Item,No_Item,Mercury's Treads,Trinity Force,Doran's Shield,Stealth Ward,Scorchclaw Pup,Liandry's Torment,Haunting Guise,Dark Seal,Fiendish Codex,Ionian Boots of Lucidity,Oracle Lens,Berserker's Greaves,Tiamat,Refillable Potion,Doran's Shield,Phage,Blade of The Ruined King,Farsight Alteration,Doran's Blade,Hubris,Refillable Potion,Boots of Swiftness,Lord Dominik's Regards,No_Item,Farsight Alteration,Celestial Opposition,No_Item,Moonstone Renewer,Kindlegem,Forbidden Idol,Ionian Boots of Lucidity,Oracle Lens,Doran's Ring,Boots of Swiftness,Stormsurge,Cosmic Drive,Hextech Alternator,No_Item,Farsight Alteration,Sundered Sky,Trinity Force,No_Item,No_Item,No_Item,Slightly Magical Footwear,Oracle Lens,Nashor's Tooth,No_Item,Liandry's Torment,Dark Seal,Amplifying Tome,Sorcerer's Shoes,Farsight Alteration,Doran's Blade,Refillable Potion,Navori Flickerblade,Essence Reaver,Berserker's Greaves,Mortal Reminder,Farsight Alteration,Bloodsong,Trailblazer,Glacial Buckler,Warden's Mail,Synchronized Souls,No_Item,Oracle Lens,Grasp of the Undying,Precision,Conqueror,Inspiration,Fleet Footwork,Resolve,Arcane Comet,Inspiration,Summon Aery,Resolve,Summon Aery,Precision,Conqueror,Inspiration,Summon Aery,Precision,Lethal Tempo,Inspiration,Aftershock,Inspiration,Flash,Teleport,Flash,Smite,Flash,Teleport,Flash,Exhaust,Heal,Flash,Flash,Ghost,Flash,Smite,Teleport,Flash,Flash,Barrier,Flash,Ignite,0,0,0,1,6,2
https://www.op.gg/summoners/euw/KC%20NEXT%20ADKING-EUW/matches/uRd1PvnOddoMKebuhVvhjoDxexetfXayMpLxLJEPibE%3D/1733690426000,0,13,25,25,13,63,18,71,66,23,29,0,4,0,1,3,7,0,5,49025,57108,13.2,14.8,894,836,31.4,29.3,-8083,8083,1722.5,2006.4972972972973,Gragas,Lee Sin,Smolder,Yasuo,Sona,Poppy,Xin Zhao,Galio,Soraka,Nautilus,Ionian Boots of Lucidity,Fimbulwinter,Cosmic Drive,Doran's Ring,Dark Seal,Bramble Vest,Oracle Lens,Eclipse,Control Ward,Plated Steelcaps,Sundered Sky,Long Sword,Kindlegem,Stealth Ward,Doran's Blade,Mortal Reminder,No_Item,Essence Reaver,Boots of Swiftness,Spear of Shojin,Farsight Alteration,Doran's Shield,B. F. Sword,Berserker's Greaves,Pickaxe,Kraken Slayer,Mortal Reminder,Stealth Ward,Echoes of Helia,Dream Maker,Oblivion Orb,Ionian Boots of Lucidity,Tear of the Goddess,Fiendish Codex,Oracle Lens,Fimbulwinter,Sundered Sky,Thornmail,Mercury's Treads,Control Ward,Unending Despair,Oracle Lens,Sundered Sky,No_Item,Eclipse,Boots,Spear of Shojin,Spectre's Cowl,Farsight Alteration,Doran's Shield,Plated Steelcaps,No_Item,Sunfire Aegis,Frozen Heart,Riftmaker,Oracle Lens,Dawncore,Redemption,Moonstone Renewer,No_Item,Boots of Swiftness,No_Item,Farsight Alteration,Bloodsong,Locket of the Iron Solari,Control Ward,Boots of Swiftness,Kindlegem,Thornmail,Oracle Lens,Phase Rush,Inspiration,Conqueror,Inspiration,Conqueror,Inspiration,Lethal Tempo,Resolve,Summon Aery,Resolve,Grasp of the Undying,Sorcery,Conqueror,Domination,Aftershock,Sorcery,Summon Aery,Resolve,Aftershock,Inspiration,Flash,Teleport,Flash,Smite,Flash,Teleport,Flash,Exhaust,Flash,Heal,Flash,Teleport,Smite,Flash,Flash,Teleport,Heal,Flash,Flash,Ignite,0,1,0,0,5,0
https://www.op.gg/summoners/euw/KC%20NEXT%20ADKING-EUW/matches/uRd1PvnOddoIjFIokRD7Kbx_4eCPqda3JJpIQ1OKTCE%3D/1733688010000,1,38,21,21,38,30,82,91,86,34,27,2,1,1,0,11,5,3,1,64107,57041,15.6,14.2,815,861,26.8,28.3,7066,-7066,2125.4727272727273,1891.1989304812835,Heimerdinger,Jarvan IV,Galio,Ashe,Rakan,Azir,Skarner,Gangplank,Yasuo,Neeko,Randuin's Omen,Sorcerer's Shoes,Malignance,Rylai's Crystal Scepter,Liandry's Torment,Riftmaker,Stealth Ward,Sundered Sky,Control Ward,Frozen Heart,Ionian Boots of Lucidity,Spectre's Cowl,Eclipse,Oracle Lens,Mejai's Soulstealer,Plated Steelcaps,Zhonya's Hourglass,Control Ward,Riftmaker,Hollow Radiance,Oracle Lens,Doran's Blade,B. F. Sword,Pickaxe,Berserker's Greaves,Kraken Slayer,Phantom Dancer,Farsight Alteration,Mercury's Treads,Locket of the Iron Solari,Dream Maker,Trailblazer,Watchful Wardstone,Mejai's Soulstealer,Oracle Lens,Nashor's Tooth,Shattered Armguard,Liandry's Torment,Sorcerer's Shoes,Doran's Ring,No_Item,Farsight Alteration,Unending Despair,Plated Steelcaps,Spectre's Cowl,Heartsteel,Negatron Cloak,Control Ward,Oracle Lens,Trinity Force,Infinity Edge,The Collector,Boots of Swiftness,Cloak of Agility,Hubris,Farsight Alteration,Berserker's Greaves,Long Sword,No_Item,Immortal Shieldbow,Kraken Slayer,Infinity Edge,Oracle Lens,Celestial Opposition,Hextech Rocketbelt,Shurelya's Battlesong,Control Ward,Kindlegem,Ionian Boots of Lucidity,Oracle Lens,Electrocute,Sorcery,Conqueror,Inspiration,Aftershock,Domination,Lethal Tempo,Inspiration,Guardian,Domination,Conqueror,Sorcery,Aftershock,Inspiration,Arcane Comet,Domination,Lethal Tempo,Resolve,Arcane Comet,Inspiration,Teleport,Flash,Smite,Flash,Teleport,Flash,Flash,Cleanse,Ignite,Flash,Flash,Teleport,Flash,Smite,Teleport,Flash,Flash,Exhaust,Flash,Ignite,1,3,3,0,3,0
https://www.op.gg/summoners/euw/KC%20NEXT%20ADKING-EUW/matches/uRd1PvnOddpO3jPwScX3FXWnj1meHsoBD2n6UpltrI0%3D/1733682363000,1,14,4,4,14,6,18,56,55,22,19,3,0,0,0,3,2,3,0,42022,35905,12.4,11.4,803,730,36.8,33.5,6117,-6117,1928.0682352941176,1647.405882352941,Aurora,Wukong,Ezreal,Jhin,Seraphine,K'Sante,Lillia,Smolder,Caitlyn,Lux,Boots of Swiftness,Malignance,Liandry's Torment,Blighting Jewel,No_Item,No_Item,Farsight Alteration,No_Item,Mercury's Treads,Black Cleaver,No_Item,Trinity Force,No_Item,Oracle Lens,Last Whisper,Slightly Magical Footwear,Muramana,Trinity Force,Control Ward,Doran's Blade,Farsight Alteration,Doran's Blade,The Collector,B. F. Sword,Hubris,No_Item,Boots of Swiftness,Farsight Alteration,Dream Maker,Mikael's Blessing,No_Item,Kindlegem,No_Item,Ionian Boots of Lucidity,Oracle Lens,Unending Despair,Kaenic Rookern,Cloth Armor,Plated Steelcaps,Glowing Mote,Doran's Shield,Stealth Ward,Liandry's Torment,Seeker's Armguard,Dark Seal,Ionian Boots of Lucidity,Needlessly Large Rod,No_Item,Oracle Lens,Doran's Blade,No_Item,Essence Reaver,Tunneler,Ionian Boots of Lucidity,Ruby Crystal,Farsight Alteration,Doran's Blade,The Collector,Cloak of Agility,Boots,Pickaxe,B. F. Sword,Farsight Alteration,Sorcerer's Shoes,Control Ward,Zaz'Zak's Realmspike,Luden's Companion,No_Item,No_Item,Oracle Lens,Electrocute,Sorcery,Conqueror,Inspiration,Press the Attack,Inspiration,Dark Harvest,Precision,Guardian,Sorcery,Grasp of the Undying,Inspiration,Dark Harvest,Inspiration,Fleet Footwork,Sorcery,Fleet Footwork,Sorcery,Arcane Comet,Resolve,Teleport,Flash,Flash,Smite,Flash,Teleport,Flash,Barrier,Heal,Flash,Flash,Teleport,Flash,Smite,Teleport,Flash,Barrier,Flash,Flash,Heal,1,1,0,0,5,0
https://www.op.gg/summoners/euw/KC%20NEXT%20ADKING-EUW/matches/uRd1PvnOddoxgt5gqPnT37aNXGbSYoGXa7w4OdoAWo4%3D/1733654224000,0,20,35,35,20,58,20,81,57,19,31,0,4,0,1,4,9,0,5,53562,64192,14.2,16.0,891,973,30.5,33.2,-10630,10630,1821.9860655737707,2183.5803278688527,Renekton,Viego,Akali,Varus,Nautilus,Kennen,Ambessa,Yone,Corki,Lux,Doran's Shield,Stridebreaker,Sterak's Gage,Mercury's Treads,Black Cleaver,Control Ward,Oracle Lens,Titanic Hydra,Control Ward,Plated Steelcaps,Kraken Slayer,Sterak's Gage,Steel Sigil,Oracle Lens,Seeker's Armguard,Stormsurge,Dark Seal,Shadowflame,Sorcerer's Shoes,No_Item,Oracle Lens,Youmuu's Ghostblade,Edge of Night,Control Ward,Boots of Swiftness,Last Whisper,Muramana,Farsight Alteration,Locket of the Iron Solari,Bloodsong,Mercury's Treads,Kindlegem,Cloth Armor,Control Ward,Oracle Lens,Sorcerer's Shoes,Hextech Rocketbelt,Shadowflame,Needlessly Large Rod,Needlessly Large Rod,Dark Seal,Stealth Ward,Black Cleaver,Eclipse,Spear of Shojin,Plated Steelcaps,Ruby Crystal,Tunneler,Oracle Lens,No_Item,Blade of The Ruined King,Berserker's Greaves,Immortal Shieldbow,Infinity Edge,Doran's Shield,Farsight Alteration,Infinity Edge,No_Item,Muramana,Plated Steelcaps,Lord Dominik's Regards,Trinity Force,Farsight Alteration,Plated Steelcaps,Redemption,Celestial Opposition,Kindlegem,Chain Vest,Locket of the Iron Solari,Oracle Lens,Press the Attack,Resolve,Conqueror,Inspiration,Electrocute,Sorcery,Hail of Blades,Sorcery,Aftershock,Inspiration,Summon Aery,Domination,Conqueror,Inspiration,Grasp of the Undying,Precision,Conqueror,Inspiration,Aftershock,Domination,Flash,Teleport,Flash,Smite,Flash,Teleport,Flash,Barrier,Exhaust,Flash,Teleport,Flash,Flash,Smite,Flash,Teleport,Teleport,Flash,Flash,Exhaust,0,6,0,1,0,2
https://www.op.gg/summoners/euw/KC%20NEXT%20ADKING-EUW/matches/uRd1PvnOddqnDnrpbbbU_jJ3ZYZxvPnbnArhDqzsnPA%3D/1733348690000,1,43,35,35,43,57,57,118,113,43,43,4,2,1,2,9,8,5,4,90845,82381,17.6,17.4,1455,1194,36.5,29.9,8464,-8464,2262.6821561338293,2051.868773234201,Draven,Udyr,Yasuo,Corki,Nautilus,Gangplank,Graves,Jinx,Ahri,Leona,Infinity Edge,Rapid Firecannon,Berserker's Greaves,Bloodthirster,Lord Dominik's Regards,The Collector,Farsight Alteration,Plated Steelcaps,Randuin's Omen,Liandry's Torment,Kaenic Rookern,Dead Man's Plate,Giant's Belt,Oracle Lens,Randuin's Omen,Stridebreaker,Berserker's Greaves,Blade of The Ruined King,Immortal Shieldbow,Chain Vest,Farsight Alteration,Zephyr,Mercurial Scimitar,Trinity Force,Muramana,Infinity Edge,Lord Dominik's Regards,Farsight Alteration,Locket of the Iron Solari,Randuin's Omen,Control Ward,Celestial Opposition,Plated Steelcaps,Kindlegem,Oracle Lens,Trinity Force,Serpent's Fang,The Collector,Mortal Reminder,Infinity Edge,Plated Steelcaps,Farsight Alteration,Plated Steelcaps,Youmuu's Ghostblade,Vampiric Scepter,The Collector,Mortal Reminder,Infinity Edge,Oracle Lens,Infinity Edge,B. F. Sword,Lord Dominik's Regards,Yun Tal Wildarrows,Phantom Dancer,Berserker's Greaves,Farsight Alteration,Needlessly Large Rod,Sorcerer's Shoes,Zhonya's Hourglass,Shadowflame,Malignance,Void Staff,Oracle Lens,Plated Steelcaps,Randuin's Omen,Control Ward,Bloodsong,Locket of the Iron Solari,Knight's Vow,Oracle Lens,Lethal Tempo,Sorcery,Conqueror,Resolve,Grasp of the Undying,Precision,Conqueror,Inspiration,Aftershock,Inspiration,Grasp of the Undying,Inspiration,Dark Harvest,Inspiration,Lethal Tempo,Sorcery,Electrocute,Sorcery,Aftershock,Inspiration,Flash,Teleport,Flash,Smite,Teleport,Flash,Barrier,Flash,Flash,Ignite,Flash,Teleport,Flash,Smite,Barrier,Flash,Flash,Teleport,Flash,Ignite,1,5,2,0,1,2
https://www.op.gg/summoners/euw/KC%20NEXT%20ADKING-EUW/matches/uRd1PvnOddprT8NMbWbDIEX-iFUIILFzscw4N_h_RVc%3D/1733345199000,1,34,12,13,34,18,51,97,85,32,49,3,1,1,0,9,4,4,1,63773,49486,15.6,13.8,972,901,33.7,31.2,14287,-14287,2208.723414634146,1713.9053658536584,Singed,Volibear,Sylas,Varus,Rakan,Gragas,Kindred,Ahri,Corki,Janna,Force of Nature,Rylai's Crystal Scepter,No_Item,Boots of Swiftness,Dark Seal,Liandry's Torment,Farsight Alteration,Dead Man's Plate,Boots of Swiftness,Sundered Sky,Spirit Visage,No_Item,No_Item,Oracle Lens,Hextech Rocketbelt,Cosmic Drive,Mercury's Treads,Seeker's Armguard,Needlessly Large Rod,Dark Seal,Oracle Lens,Doran's Blade,Muramana,Serylda's Grudge,Hubris,Edge of Night,Ionian Boots of Lucidity,Farsight Alteration,Bloodsong,Locket of the Iron Solari,Kindlegem,Redemption,Boots of Swiftness,No_Item,Oracle Lens,Cosmic Drive,Lich Bane,No_Item,Ionian Boots of Lucidity,Lost Chapter,Dark Seal,Stealth Ward,The Collector,Kraken Slayer,Control Ward,Boots,Cloak of Agility,B. F. Sword,Oracle Lens,Void Staff,Malignance,Sorcerer's Shoes,Horizon Focus,Oblivion Orb,No_Item,Oracle Lens,Muramana,Doran's Blade,Infinity Edge,Trinity Force,Slightly Magical Footwear,Cloth Armor,Farsight Alteration,Mikael's Blessing,Moonstone Renewer,Control Ward,Dream Maker,Boots of Swiftness,Forbidden Idol,Oracle Lens,Conqueror,Resolve,Press the Attack,Sorcery,Conqueror,Resolve,Hail of Blades,Sorcery,Glacial Augment,Domination,Phase Rush,Precision,Conqueror,Domination,Electrocute,Sorcery,Conqueror,Inspiration,Summon Aery,Resolve,Ghost,Flash,Flash,Smite,Teleport,Flash,Flash,Barrier,Flash,Ignite,Flash,Teleport,Flash,Smite,Flash,Teleport,Flash,Cleanse,Flash,Ignite,1,4,2,0,2,0
https://www.op.gg/summoners/euw/KC%20NEXT%20ADKING-EUW/matches/uRd1PvnOddoe8wZxoujpabXUPEUxJ7gwQV--DpHZEWM%3D/1733309384000,1,19,14,14,19,32,32,60,82,28,18,3,2,2,0,11,2,5,2,66957,54642,16.2,15.2,1130,1025,36.5,32.9,12315,-12315,2145.726254826255,1751.075675675676,Ambessa,Elise,Yone,Varus,Senna,Karthus,Rammus,Ahri,Caitlyn,Rakan,Sterak's Gage,Eclipse,Steel Sigil,Spear of Shojin,Glowing Mote,Mercury's Treads,Oracle Lens,Sorcerer's Shoes,Rylai's Crystal Scepter,Rabadon's Deathcap,Stormsurge,Void Staff,Dark Seal,Oracle Lens,Immortal Shieldbow,Null-Magic Mantle,Berserker's Greaves,Blade of The Ruined King,Wit's End,Infinity Edge,Farsight Alteration,Doran's Blade,Muramana,Youmuu's Ghostblade,Boots of Swiftness,Serylda's Grudge,Long Sword,Farsight Alteration,Dream Maker,Boots of Swiftness,Echoes of Helia,Moonstone Renewer,Dark Seal,Dawncore,Oracle Lens,Dark Seal,Rylai's Crystal Scepter,Horizon Focus,Sorcerer's Shoes,Blackfire Torch,Hextech Alternator,Farsight Alteration,Hollow Radiance,Thornmail,Plated Steelcaps,Null-Magic Mantle,Chain Vest,Ruby Crystal,Oracle Lens,Sorcerer's Shoes,Malignance,Horizon Focus,Needlessly Large Rod,Needlessly Large Rod,Dark Seal,Oracle Lens,Rapid Firecannon,Mortal Reminder,B. F. Sword,The Collector,Berserker's Greaves,Infinity Edge,Farsight Alteration,Celestial Opposition,No_Item,Knight's Vow,Ionian Boots of Lucidity,Locket of the Iron Solari,Kindlegem,Oracle Lens,Conqueror,Resolve,Dark Harvest,Precision,Fleet Footwork,Resolve,Hail of Blades,Precision,Summon Aery,Resolve,First Strike,Domination,Aftershock,Precision,Electrocute,Sorcery,Fleet Footwork,Sorcery,Glacial Augment,Resolve,Flash,Teleport,Flash,Smite,Teleport,Flash,Barrier,Flash,Flash,Heal,Flash,Teleport,Flash,Smite,Flash,Teleport,Flash,Cleanse,Ignite,Flash,1,5,3,0,1,0
https://www.op.gg/summoners/euw/KC%20NEXT%20ADKING-EUW/matches/uRd1PvnOddr9hkAkYSWy2qvQtRPZ1hyKNQqNAl8_txk%3D/1733252128000,1,25,21,21,25,40,42,47,47,18,18,1,2,1,0,2,2,2,2,45549,41052,12.6,11.4,674,604,31.0,27.8,4497,-4497,2087.6625,1881.5499999999997,Fiddlesticks,Jarvan IV,Akali,Yasuo,Braum,Gnar,Zac,Akshan,Ashe,Lux,Doran's Ring,Liandry's Torment,Plated Steelcaps,Ruby Crystal,Glowing Mote,Negatron Cloak,Scarecrow Effigy,Boots of Swiftness,Glacial Buckler,Sundered Sky,Black Cleaver,No_Item,No_Item,Stealth Ward,Doran's Ring,Shadowflame,Needlessly Large Rod,Stormsurge,Dark Seal,Boots,Oracle Lens,Tiamat,Kraken Slayer,Immortal Shieldbow,Berserker's Greaves,No_Item,Doran's Shield,Farsight Alteration,Celestial Opposition,Locket of the Iron Solari,Kindlegem,Chain Vest,Plated Steelcaps,Rejuvenation Bead,Oracle Lens,Doran's Shield,Mercury's Treads,Trinity Force,Recurve Bow,Negatron Cloak,Recurve Bow,Farsight Alteration,Cloth Armor,Control Ward,Cloth Armor,Spirit Visage,Sunfire Aegis,Mercury's Treads,Oracle Lens,No_Item,Doran's Blade,Slightly Magical Footwear,The Collector,Infinity Edge,Noonquiver,Farsight Alteration,Runaan's Hurricane,Kraken Slayer,Berserker's Greaves,Last Whisper,Long Sword,Doran's Blade,Farsight Alteration,Plated Steelcaps,Locket of the Iron Solari,Celestial Opposition,Forbidden Idol,Kindlegem,No_Item,Oracle Lens,Arcane Comet,Resolve,Conqueror,Inspiration,Electrocute,Resolve,Lethal Tempo,Resolve,Guardian,Inspiration,Grasp of the Undying,Precision,Aftershock,Precision,Press the Attack,Inspiration,Lethal Tempo,Inspiration,Summon Aery,Resolve,Flash,Teleport,Smite,Flash,Ignite,Flash,Flash,Exhaust,Ignite,Flash,Flash,Teleport,Smite,Flash,Flash,Teleport,Cleanse,Flash,Flash,Heal,1,2,0,0,4,0
https://www.op.gg/summoners/euw/KC%20NEXT%20ADKING-EUW/matches/uRd1PvnOddpiyGd7VC4LX3Q99uwSRHI8oDejUCKol3g%3D/1733222142000,1,37,19,19,37,39,69,61,101,29,21,1,2,0,0,10,3,1,2,61762,50249,14.0,13.0,783,741,28.0,26.6,11513,-11513,2228.1227848101266,1812.7803797468355,Volibear,Kayn,Sylas,Jhin,Rell,Ambessa,Lee Sin,Vladimir,Varus,Pyke,Boots of Swiftness,Cosmic Drive,Fimbulwinter,Spirit Visage,Unending Despair,Doran's Ring,Oracle Lens,Chempunk Chainsword,Eclipse,Plated Steelcaps,Black Cleaver,Long Sword,Control Ward,Oracle Lens,Zhonya's Hourglass,Hextech Rocketbelt,Dark Seal,Sorcerer's Shoes,Cosmic Drive,No_Item,Oracle Lens,Doran's Blade,Infinity Edge,Zeal,Plated Steelcaps,Hubris,The Collector,Farsight Alteration,Locket of the Iron Solari,Celestial Opposition,Frozen Heart,Plated Steelcaps,Kindlegem,No_Item,Oracle Lens,Boots,Eclipse,Doran's Shield,Voltaic Cyclosword,Ruby Crystal,Executioner's Calling,Stealth Ward,Profane Hydra,No_Item,No_Item,No_Item,No_Item,No_Item,Stealth Ward,Cosmic Drive,Void Staff,Boots of Swiftness,Dark Seal,Doran's Ring,Needlessly Large Rod,Stealth Ward,Youmuu's Ghostblade,Boots of Swiftness,Edge of Night,Muramana,Last Whisper,No_Item,Farsight Alteration,Bloodsong,Boots of Swiftness,No_Item,Edge of Night,Executioner's Calling,Umbral Glaive,Oracle Lens,Grasp of the Undying,Precision,Conqueror,Inspiration,Electrocute,Resolve,Dark Harvest,Precision,Aftershock,Inspiration,Conqueror,Resolve,Conqueror,Inspiration,Phase Rush,Inspiration,Hail of Blades,Inspiration,Hail of Blades,Resolve,Teleport,Flash,Flash,Smite,Flash,Teleport,Flash,Barrier,Flash,Ignite,Flash,Teleport,Flash,Smite,Ignite,Flash,Flash,Cleanse,Flash,Ignite,1,6,2,0,0,0
https://www.op.gg/summoners/euw/KC%20NEXT%20ADKING-EUW/matches/uRd1PvnOddr1byjFFCC29ggkLlgAjFuJLH75W5bfK7g%3D/1733170487000,1,27,18,18,27,21,38,58,42,14,21,1,2,0,0,7,1,1,2,48457,38569,12.4,11.4,735,619,35.5,29.9,9888,-9888,2342.6231788079467,1864.5940397350992,Irelia,Udyr,Kog'Maw,Corki,Poppy,Sylas,Viego,Jax,Yasuo,Rell,Doran's Shield,Blade of The Ruined King,Plated Steelcaps,Kraken Slayer,Tunneler,Pickaxe,Stealth Ward,Dead Man's Plate,Haunting Guise,Dark Seal,Plated Steelcaps,Fiendish Codex,Liandry's Torment,Oracle Lens,Doran's Ring,Luden's Companion,Sorcerer's Shoes,Refillable Potion,Shadowflame,No_Item,Farsight Alteration,No_Item,Essence Reaver,Trinity Force,Boots,Dagger,Doran's Blade,Farsight Alteration,Bloodsong,Control Ward,Boots of Swiftness,Dead Man's Plate,Kindlegem,Null-Magic Mantle,Oracle Lens,Lich Bane,Hextech Rocketbelt,Dark Seal,Doran's Ring,Sorcerer's Shoes,No_Item,Farsight Alteration,Sundered Sky,Kraken Slayer,Control Ward,Plated Steelcaps,Negatron Cloak,Recurve Bow,Oracle Lens,Trinity Force,Plated Steelcaps,Doran's Blade,Caulfield's Warhammer,Tunneler,Ruby Crystal,Stealth Ward,Berserker's Greaves,Doran's Shield,Kraken Slayer,Pickaxe,Long Sword,No_Item,Oracle Lens,Celestial Opposition,Locket of the Iron Solari,Plated Steelcaps,No_Item,Kindlegem,No_Item,Oracle Lens,Conqueror,Resolve,Conqueror,Inspiration,Arcane Comet,Precision,Conqueror,Sorcery,Hail of Blades,Inspiration,Conqueror,Resolve,Conqueror,Inspiration,Grasp of the Undying,Inspiration,Conqueror,Resolve,Aftershock,Inspiration,Flash,Teleport,Smite,Flash,Flash,Teleport,Cleanse,Flash,Flash,Ignite,Flash,Teleport,Smite,Flash,Flash,Teleport,Flash,Exhaust,Flash,Ignite,1,6,1,0,0,0
https://www.op.gg/summoners/euw/KC%20NEXT%20ADKING-EUW/matches/uRd1PvnOddqyDFfa8HQbA_KY2J86zDQ_lPuebQFCQmY%3D/1733166482000,0,28,30,30,28,48,48,86,110,44,45,4,2,0,2,4,10,4,4,70980,81793,16.8,17.2,1206,1303,30.2,32.5,-10813,10813,1769.890909090909,2039.513766233766,Gnar,Udyr,Galio,Yasuo,Lux,Irelia,Xin Zhao,LeBlanc,Nilah,Seraphine,Plated Steelcaps,Executioner's Calling,Randuin's Omen,Black Cleaver,Sterak's Gage,Trinity Force,Farsight Alteration,Control Ward,Liandry's Torment,Thornmail,Frozen Heart,Boots of Swiftness,Abyssal Mask,Oracle Lens,Serpent's Fang,Plated Steelcaps,Hollow Radiance,Dark Seal,Warden's Mail,Frozen Heart,Oracle Lens,Blade of The Ruined King,Berserker's Greaves,Death's Dance,Immortal Shieldbow,Infinity Edge,No_Item,Farsight Alteration,Sorcerer's Shoes,Shadowflame,Zaz'Zak's Realmspike,Luden's Companion,Oblivion Orb,Needlessly Large Rod,Oracle Lens,Terminus,Blade of The Ruined King,Mercury's Treads,Kraken Slayer,Wit's End,"Jak'Sho, The Protean",Farsight Alteration,Black Cleaver,Eclipse,Mercury's Treads,Sterak's Gage,Sundered Sky,Ruby Crystal,Oracle Lens,Ionian Boots of Lucidity,Shadowflame,Liandry's Torment,Blackfire Torch,Rabadon's Deathcap,No_Item,Oracle Lens,Mercurial Scimitar,Plated Steelcaps,Navori Flickerblade,Infinity Edge,Mortal Reminder,The Collector,Farsight Alteration,Forbidden Idol,Solstice Sleigh,Staff of Flowing Water,Dawncore,Ionian Boots of Lucidity,Moonstone Renewer,Farsight Alteration,Grasp of the Undying,Precision,Conqueror,Inspiration,Aftershock,Sorcery,Lethal Tempo,Resolve,Arcane Comet,Resolve,Conqueror,Inspiration,Conqueror,Inspiration,Electrocute,Sorcery,Conqueror,Resolve,Summon Aery,Resolve,Flash,Teleport,Smite,Flash,Flash,Teleport,Ignite,Flash,Flash,Heal,Flash,Teleport,Flash,Smite,Flash,Teleport,Flash,Cleanse,Flash,Heal,1,6,0,0,0,2
https://www.op.gg/summoners/euw/KC%20NEXT%20ADKING-EUW/matches/uRd1PvnOddrY2Ug8R9pD1Q_ygu1AJEeYNBe38BnnonM%3D/1733163540000,0,23,31,31,23,44,48,74,87,23,29,0,4,0,1,2,11,0,5,50733,64089,14.2,15.2,772,942,26.7,32.6,-13356,13356,1764.6260869565217,2229.182608695652,Ambessa,Wukong,Galio,Karthus,Nami,Renekton,Diana,Aurora,Yasuo,Poppy,Eclipse,Spear of Shojin,Control Ward,Plated Steelcaps,No_Item,Steel Sigil,Farsight Alteration,Trinity Force,Sundered Sky,Ruby Crystal,Mercury's Treads,Ruby Crystal,No_Item,Oracle Lens,Blighting Jewel,Hollow Radiance,Seeker's Armguard,Riftmaker,Mercury's Treads,Blasting Wand,Oracle Lens,Blackfire Torch,Liandry's Torment,Sorcerer's Shoes,Void Staff,No_Item,No_Item,Farsight Alteration,Solstice Sleigh,Redemption,Control Ward,Ionian Boots of Lucidity,Oblivion Orb,Imperial Mandate,Oracle Lens,Plated Steelcaps,Eclipse,Black Cleaver,Executioner's Calling,Sterak's Gage,Pickaxe,Oracle Lens,Hextech Rocketbelt,No_Item,Zhonya's Hourglass,Dark Seal,Mercury's Treads,Liandry's Torment,Oracle Lens,Shadowflame,Malignance,Control Ward,Dark Seal,Luden's Companion,Sorcerer's Shoes,Oracle Lens,Immortal Shieldbow,Blade of The Ruined King,Infinity Edge,Kaenic Rookern,Chain Vest,Berserker's Greaves,Farsight Alteration,Locket of the Iron Solari,Bloodsong,Control Ward,Abyssal Mask,Bramble Vest,Mercury's Treads,Oracle Lens,Conqueror,Resolve,Conqueror,Inspiration,Phase Rush,Resolve,Dark Harvest,Precision,Summon Aery,Resolve,Conqueror,Resolve,Conqueror,Inspiration,Electrocute,Sorcery,Lethal Tempo,Resolve,Hail of Blades,Inspiration,Flash,Teleport,Flash,Smite,Flash,Teleport,Flash,Exhaust,Flash,Heal,Teleport,Flash,Smite,Flash,Flash,Teleport,Flash,Exhaust,Flash,Ignite,0,3,0,1,3,3
https://www.op.gg/summoners/euw/KC%20NEXT%20ADKING-EUW/matches/uRd1PvnOddrMOYzFh9qapvBnB1QdfQ36jneehDAHTqI%3D/1733161509000,1,27,10,10,27,15,47,51,37,12,15,0,1,0,0,5,0,0,1,45035,34510,11.4,10.2,672,591,32.9,29.0,10525,-10525,2192.4934210526317,1680.092105263158,Aurora,Viego,Cassiopeia,Yasuo,Rell,Jayce,Rammus,Kayle,Ezreal,Seraphine,Blasting Wand,Luden's Companion,Dark Seal,Sorcerer's Shoes,Amplifying Tome,Amplifying Tome,Farsight Alteration,Slightly Magical Footwear,Null-Magic Mantle,Kraken Slayer,Trinity Force,Recurve Bow,Control Ward,Oracle Lens,Rylai's Crystal Scepter,Seraph's Embrace,Mejai's Soulstealer,Cloth Armor,Amplifying Tome,No_Item,Farsight Alteration,Stridebreaker,Immortal Shieldbow,No_Item,B. F. Sword,Kraken Slayer,Berserker's Greaves,Farsight Alteration,Locket of the Iron Solari,Bloodsong,No_Item,Mercury's Treads,Kindlegem,Cloth Armor,Oracle Lens,Boots,Caulfield's Warhammer,Youmuu's Ghostblade,Maw of Malmortius,Tear of the Goddess,Doran's Blade,Stealth Ward,Hollow Radiance,Cloth Armor,Thornmail,Boots,No_Item,No_Item,Oracle Lens,Doran's Blade,Boots of Swiftness,Nashor's Tooth,Needlessly Large Rod,No_Item,No_Item,Farsight Alteration,Doran's Blade,Muramana,Refillable Potion,Trinity Force,Ionian Boots of Lucidity,No_Item,Farsight Alteration,Redemption,Amplifying Tome,Dream Maker,Ionian Boots of Lucidity,Kindlegem,Glowing Mote,Oracle Lens,Electrocute,Sorcery,Conqueror,Inspiration,Phase Rush,Precision,Lethal Tempo,Resolve,Aftershock,Inspiration,Phase Rush,Inspiration,Aftershock,Precision,Press the Attack,Sorcery,Press the Attack,Inspiration,Summon Aery,Resolve,Flash,Teleport,Flash,Smite,Teleport,Flash,Flash,Exhaust,Flash,Ignite,Teleport,Flash,Flash,Smite,Flash,Teleport,Flash,Barrier,Flash,Heal,1,6,0,0,0,0
https://www.op.gg/summoners/euw/KC%20NEXT%20ADKING-EUW/matches/uRd1PvnOddo0-JX5kYNnlZ9cMkqKmBlge7lu7VBDHC8%3D/1733159117000,0,17,42,42,17,57,26,81,76,21,31,1,3,0,1,4,9,1,4,52503,61103,13.8,15.6,795,897,27.3,30.9,-8600,8600,1796.1552631578948,2090.3657894736843,K'Sante,Lee Sin,Vex,Ziggs,Nautilus,Poppy,Dr. Mundo,Akali,Ashe,Alistar,Iceborn Gauntlet,Spirit Visage,Randuin's Omen,Mercury's Treads,No_Item,No_Item,Oracle Lens,Black Cleaver,Sundered Sky,Control Ward,Sterak's Gage,Mercury's Treads,Executioner's Calling,Stealth Ward,Shadowflame,Luden's Companion,Sorcerer's Shoes,Needlessly Large Rod,No_Item,No_Item,Oracle Lens,Sorcerer's Shoes,Dark Seal,Tear of the Goddess,Void Staff,Rabadon's Deathcap,Luden's Companion,Farsight Alteration,Bloodsong,Locket of the Iron Solari,Control Ward,Boots of Swiftness,Kindlegem,Negatron Cloak,Oracle Lens,Fimbulwinter,No_Item,Mercury's Treads,Spirit Visage,Sunfire Aegis,Doran's Shield,Farsight Alteration,Heartsteel,Tiamat,Unending Despair,Boots of Swiftness,Spirit Visage,Tunneler,Oracle Lens,Rabadon's Deathcap,Void Staff,Stormsurge,Dark Seal,Shadowflame,Boots,Oracle Lens,Mortal Reminder,Kraken Slayer,Phantom Dancer,Berserker's Greaves,B. F. Sword,Doran's Blade,Farsight Alteration,Celestial Opposition,Locket of the Iron Solari,Boots of Swiftness,Zeke's Convergence,Kindlegem,No_Item,Oracle Lens,Grasp of the Undying,Inspiration,Conqueror,Inspiration,Electrocute,Sorcery,Arcane Comet,Inspiration,Aftershock,Inspiration,Grasp of the Undying,Inspiration,Fleet Footwork,Inspiration,Electrocute,Resolve,Lethal Tempo,Inspiration,Aftershock,Inspiration,Teleport,Flash,Flash,Smite,Teleport,Flash,Flash,Teleport,Flash,Ignite,Teleport,Flash,Flash,Smite,Ignite,Flash,Flash,Barrier,Flash,Ignite,1,6,0,0,0,2
https://www.op.gg/summoners/euw/KC%20NEXT%20ADKING-EUW/matches/uRd1PvnOddp2elrG4SaMhhsqqcrx9xk9aAXx40MHuow%3D/1733061341000,1,30,22,23,30,44,54,122,86,48,51,4,0,2,0,11,1,6,0,72241,60756,17.0,16.6,1100,1063,33.1,31.9,11485,-11485,2167.23,1822.6799999999998,Vayne,Jarvan IV,Ahri,Ashe,Pyke,Sion,Udyr,Kassadin,Corki,Poppy,Boots of Swiftness,Hearthbound Axe,Control Ward,Wit's End,Guinsoo's Rageblade,Blade of The Ruined King,Farsight Alteration,Sundered Sky,Ionian Boots of Lucidity,Sterak's Gage,No_Item,Black Cleaver,Eclipse,Stealth Ward,Rabadon's Deathcap,Mejai's Soulstealer,Sorcerer's Shoes,Malignance,Liandry's Torment,Blighting Jewel,Oracle Lens,Infinity Edge,Berserker's Greaves,Recurve Bow,Kraken Slayer,Phantom Dancer,Mortal Reminder,Farsight Alteration,Umbral Glaive,Edge of Night,Bloodsong,No_Item,Boots of Swiftness,Maw of Malmortius,Oracle Lens,Unending Despair,Sunfire Aegis,Plated Steelcaps,Thornmail,Kaenic Rookern,No_Item,Stealth Ward,Dead Man's Plate,Dark Seal,Liandry's Torment,Boots of Swiftness,Riftmaker,Chain Vest,Oracle Lens,Dark Seal,Zhonya's Hourglass,Seraph's Embrace,Malignance,Rod of Ages,Boots,Stealth Ward,Doran's Blade,Muramana,Bloodthirster,Trinity Force,No_Item,Plated Steelcaps,Farsight Alteration,Celestial Opposition,Boots of Swiftness,Dead Man's Plate,Control Ward,Winged Moonplate,Giant's Belt,Oracle Lens,Lethal Tempo,Domination,Conqueror,Inspiration,Electrocute,Sorcery,Lethal Tempo,Inspiration,Hail of Blades,Resolve,Grasp of the Undying,Inspiration,Conqueror,Inspiration,Electrocute,Precision,Conqueror,Inspiration,Aftershock,Inspiration,Flash,Ghost,Flash,Smite,Flash,Teleport,Flash,Barrier,Flash,Ignite,Teleport,Flash,Flash,Smite,Teleport,Flash,Cleanse,Flash,Flash,Ignite,1,6,5,0,0,0
https://www.op.gg/summoners/euw/KC%20NEXT%20ADKING-EUW/matches/uRd1PvnOddp0D72Je7gOHG91zn3H_qqOtJpZBFpIY40%3D/1733058635000,0,19,36,36,19,69,29,84,107,45,32,3,1,0,1,5,10,3,2,55015,63707,14.2,15.2,921,907,31.2,30.6,-8692,8692,1868.433962264151,2163.6339622641513,Lee Sin,Elise,Corki,Ezreal,Braum,Sylas,Nocturne,Aurora,Ashe,Thresh,No_Item,Eclipse,Ravenous Hydra,Tunneler,Spear of Shojin,Mercury's Treads,Stealth Ward,Shadowflame,Lich Bane,No_Item,No_Item,Stormsurge,Sorcerer's Shoes,Oracle Lens,Doran's Blade,Noonquiver,No_Item,Trinity Force,Muramana,Mercury's Treads,Stealth Ward,Trinity Force,Ionian Boots of Lucidity,Spear of Shojin,Muramana,Horizon Focus,No_Item,Farsight Alteration,Celestial Opposition,Locket of the Iron Solari,Control Ward,Mercury's Treads,Chain Vest,Kindlegem,Oracle Lens,Hextech Rocketbelt,Oblivion Orb,Cosmic Drive,Blasting Wand,Sorcerer's Shoes,Amplifying Tome,Stealth Ward,Stridebreaker,Experimental Hexplate,No_Item,Ionian Boots of Lucidity,Sterak's Gage,No_Item,Farsight Alteration,Doran's Ring,Malignance,Cosmic Drive,Sorcerer's Shoes,Liandry's Torment,Amplifying Tome,Oracle Lens,Berserker's Greaves,Infinity Edge,Mortal Reminder,Kraken Slayer,Bloodthirster,Phantom Dancer,Farsight Alteration,Mikael's Blessing,Celestial Opposition,Locket of the Iron Solari,Control Ward,Plated Steelcaps,Kindlegem,Oracle Lens,Conqueror,Resolve,Dark Harvest,Precision,Conqueror,Inspiration,Conqueror,Inspiration,Guardian,Inspiration,Conqueror,Resolve,Lethal Tempo,Domination,Electrocute,Sorcery,Lethal Tempo,Inspiration,Aftershock,Domination,Flash,Teleport,Flash,Smite,Teleport,Flash,Flash,Barrier,Ignite,Flash,Teleport,Flash,Flash,Smite,Flash,Teleport,Flash,Barrier,Flash,Ignite,0,6,0,1,0,2
https://www.op.gg/summoners/euw/KC%20NEXT%20ADKING-EUW/matches/uRd1PvnOddpfSAvNn_Cqf9Arqmhe7f6epPm4ngrgdaY%3D/1733049759000,0,6,24,24,6,26,6,52,65,21,22,0,3,0,0,0,5,0,3,31244,44631,10.8,12.0,591,694,29.0,34.1,-13387,13387,1528.9617021276595,2184.0702127659574,Maokai,Diana,Ambessa,Xayah,Rakan,Yone,Elise,Sylas,Corki,Poppy,Unending Despair,Boots,Tear of the Goddess,Doran's Shield,Ruby Crystal,No_Item,Stealth Ward,Hextech Rocketbelt,Amplifying Tome,Dark Seal,Amplifying Tome,Sorcerer's Shoes,Amplifying Tome,Oracle Lens,Doran's Shield,The Brutalizer,Long Sword,Eclipse,Boots,Long Sword,Stealth Ward,Doran's Blade,Essence Reaver,Berserker's Greaves,Cloak of Agility,B. F. Sword,Pickaxe,Farsight Alteration,Celestial Opposition,Kindlegem,Locket of the Iron Solari,No_Item,No_Item,Ionian Boots of Lucidity,Oracle Lens,Doran's Blade,Berserker's Greaves,Control Ward,Immortal Shieldbow,Blade of The Ruined King,B. F. Sword,Farsight Alteration,Stormsurge,No_Item,Mejai's Soulstealer,Rabadon's Deathcap,Sorcerer's Shoes,No_Item,Oracle Lens,Doran's Ring,Hextech Rocketbelt,Refillable Potion,Ionian Boots of Lucidity,Fiendish Codex,Glowing Mote,Oracle Lens,Doran's Blade,Refillable Potion,Slightly Magical Footwear,Trinity Force,Muramana,No_Item,Farsight Alteration,Locket of the Iron Solari,Control Ward,Bloodsong,Mercury's Treads,Dead Man's Plate,No_Item,Oracle Lens,Grasp of the Undying,Inspiration,Conqueror,Inspiration,Conqueror,Resolve,Press the Attack,Inspiration,Guardian,Domination,Lethal Tempo,Resolve,Dark Harvest,Precision,Conqueror,Resolve,Conqueror,Inspiration,Hail of Blades,Inspiration,Flash,Teleport,Flash,Smite,Flash,Teleport,Flash,Barrier,Flash,Ignite,Flash,Teleport,Flash,Smite,Flash,Teleport,Barrier,Flash,Flash,Ignite,0,1,0,1,5,0
https://www.op.gg/summoners/euw/KC%20NEXT%20ADKING-EUW/matches/uRd1PvnOddrZGzXWH-qf5vJ5vuoDLBrwDjnO66zzeDI%3D/1732999823000,0,38,31,31,38,68,96,100,128,39,28,2,3,0,2,4,11,2,5,71003,75529,16.6,16.6,1108,1097,29.900000000000002,29.4,-4526,4526,1913.5560283687942,2035.533333333333,Anivia,Jarvan IV,Qiyana,Ashe,Leona,Irelia,Lee Sin,Yasuo,Ziggs,Nautilus,Malignance,Liandry's Torment,Zhonya's Hourglass,Dark Seal,Void Staff,Boots of Swiftness,Farsight Alteration,Sterak's Gage,Randuin's Omen,Control Ward,Sundered Sky,Spectre's Cowl,Slightly Magical Footwear,Oracle Lens,Youmuu's Ghostblade,Profane Hydra,Opportunity,Serylda's Grudge,Ionian Boots of Lucidity,Serpent's Fang,Oracle Lens,Kraken Slayer,Berserker's Greaves,Phantom Dancer,Mortal Reminder,Bloodthirster,Cloak of Agility,Farsight Alteration,Plated Steelcaps,Control Ward,Knight's Vow,Locket of the Iron Solari,Kindlegem,Bloodsong,Oracle Lens,Death's Dance,No_Item,Sterak's Gage,Mercury's Treads,Wit's End,Blade of The Ruined King,Oracle Lens,Sterak's Gage,Sundered Sky,Warden's Mail,Eclipse,Death's Dance,Mercury's Treads,Stealth Ward,Doran's Blade,Kraken Slayer,Berserker's Greaves,Immortal Shieldbow,Infinity Edge,Chain Vest,Farsight Alteration,Sorcerer's Shoes,Zhonya's Hourglass,Blasting Wand,Luden's Companion,Rabadon's Deathcap,Shadowflame,Farsight Alteration,Redemption,Celestial Opposition,Locket of the Iron Solari,No_Item,Mercury's Treads,Knight's Vow,Oracle Lens,Phase Rush,Precision,Conqueror,Inspiration,Electrocute,Precision,Lethal Tempo,Inspiration,Aftershock,Domination,Conqueror,Inspiration,Conqueror,Inspiration,Lethal Tempo,Resolve,Arcane Comet,Inspiration,Aftershock,Inspiration,Flash,Ignite,Flash,Smite,Flash,Teleport,Flash,Barrier,Flash,Ignite,Flash,Teleport,Flash,Smite,Teleport,Flash,Teleport,Flash,Flash,Ignite,0,0,0,1,6,5
https://www.op.gg/summoners/euw/KC%20NEXT%20ADKING-EUW/matches/uRd1PvnOddpRl7LKV0Y2wJDRADj6p_JUlMjGWdrLBQY%3D/1732996100000,0,11,25,25,11,45,21,62,61,13,19,0,4,1,0,3,7,1,4,45585,53915,13.2,14.2,781,862,29.8,32.9,-8330,8330,1745.2542857142857,2064.174285714286,Jax,Wukong,Sylas,Corki,Leona,Poppy,Volibear,Ryze,Ashe,Braum,Trinity Force,Sundered Sky,Long Sword,Ruby Crystal,Ruby Crystal,Mercury's Treads,Stealth Ward,Trinity Force,Black Cleaver,Tunneler,Boots of Swiftness,No_Item,No_Item,Oracle Lens,Hextech Rocketbelt,Sorcerer's Shoes,Dark Seal,Doran's Ring,Shadowflame,Amplifying Tome,Oracle Lens,Infinity Edge,Trinity Force,Muramana,Doran's Blade,No_Item,Plated Steelcaps,Farsight Alteration,Mercury's Treads,Locket of the Iron Solari,Celestial Opposition,Kindlegem,Chain Vest,Control Ward,Oracle Lens,Unending Despair,"Jak'Sho, The Protean",No_Item,Sundered Sky,Fimbulwinter,Mercury's Treads,Oracle Lens,Iceborn Gauntlet,Ionian Boots of Lucidity,Black Cleaver,Frozen Heart,Glowing Mote,Spectre's Cowl,Oracle Lens,Rod of Ages,Seraph's Embrace,Cloth Armor,Liandry's Torment,Oblivion Orb,Mercury's Treads,Farsight Alteration,Elixir of Wrath,Trinity Force,Zeal,Kraken Slayer,Berserker's Greaves,Doran's Blade,Farsight Alteration,Knight's Vow,Celestial Opposition,Locket of the Iron Solari,Control Ward,No_Item,Mercury's Treads,Oracle Lens,Grasp of the Undying,Inspiration,Conqueror,Inspiration,Electrocute,Sorcery,Conqueror,Inspiration,Aftershock,Inspiration,Grasp of the Undying,Sorcery,Press the Attack,Sorcery,Phase Rush,Precision,Lethal Tempo,Inspiration,Guardian,Inspiration,Flash,Teleport,Flash,Smite,Teleport,Flash,Flash,Cleanse,Flash,Ignite,Teleport,Flash,Flash,Smite,Flash,Teleport,Flash,Cleanse,Flash,Ignite,0,3,0,1,3,1
https://www.op.gg/summoners/euw/KC%20NEXT%20ADKING-EUW/matches/uRd1PvnOddpJ1j3vA3CZunL9HhrbC08nTcutyqND-Xc%3D/1732993503000,0,23,32,32,23,38,29,71,58,8,23,2,1,0,1,1,8,2,2,42890,55427,12.2,13.4,649,748,26.5,30.599999999999998,-12537,12537,1760.410447761194,2274.9888059701493,Zilean,Bel'Veth,Volibear,Ziggs,Blitzcrank,Irelia,Viego,Sylas,Aphelios,Lulu,Doran's Ring,Frozen Heart,Seraph's Embrace,Ionian Boots of Lucidity,No_Item,No_Item,Stealth Ward,Stridebreaker,Kraken Slayer,Recurve Bow,No_Item,Recurve Bow,Plated Steelcaps,Oracle Lens,Doran's Ring,Iceborn Gauntlet,Spirit Visage,Boots,Bramble Vest,Cloth Armor,Stealth Ward,Needlessly Large Rod,Doran's Ring,Oblivion Orb,Horizon Focus,Luden's Companion,Sorcerer's Shoes,Farsight Alteration,Trailblazer,Bloodsong,Cloth Armor,Control Ward,Kindlegem,Boots of Swiftness,Oracle Lens,Sterak's Gage,Blade of The Ruined King,Kraken Slayer,Mercury's Treads,Sundered Sky,Recurve Bow,Stealth Ward,Kraken Slayer,Mercury's Treads,Titanic Hydra,Pickaxe,No_Item,No_Item,Oracle Lens,Doran's Ring,Hextech Rocketbelt,Cosmic Drive,Sorcerer's Shoes,Mejai's Soulstealer,Amplifying Tome,Farsight Alteration,Doran's Blade,Berserker's Greaves,Noonquiver,Infinity Edge,The Collector,Long Sword,Farsight Alteration,Dream Maker,Redemption,Moonstone Renewer,Amplifying Tome,Kindlegem,Boots of Swiftness,Oracle Lens,Summon Aery,Resolve,Press the Attack,Inspiration,Press the Attack,Resolve,Arcane Comet,Precision,Glacial Augment,Sorcery,Lethal Tempo,Domination,Conqueror,Inspiration,Conqueror,Resolve,Fleet Footwork,Sorcery,Summon Aery,Inspiration,Teleport,Flash,Flash,Smite,Flash,Ignite,Teleport,Flash,Flash,Ignite,Teleport,Flash,Flash,Smite,Flash,Teleport,Flash,Teleport,Flash,Heal,0,6,0,1,0,1
https://www.op.gg/summoners/euw/KC%20NEXT%20ADKING-EUW/matches/uRd1PvnOddr2b7qG3tMX2r7AMlnME78-K-po6awMLGY%3D/1732987678000,1,33,13,13,33,23,49,58,56,16,16,1,2,1,0,9,2,2,2,54075,41368,13.6,12.2,774,682,33.1,29.2,12707,-12707,2335.056818181818,1786.3454545454545,Urgot,Morgana,Taliyah,Corki,Lulu,Sett,Skarner,Azir,Lucian,Nami,Doran's Blade,Tunneler,Long Sword,Boots of Swiftness,Spear of Shojin,Black Cleaver,Stealth Ward,Shadowflame,Liandry's Torment,Seeker's Armguard,Dark Seal,Sorcerer's Shoes,Hextech Alternator,Oracle Lens,Seraph's Embrace,Liandry's Torment,Needlessly Large Rod,Ionian Boots of Lucidity,Doran's Ring,Dark Seal,Farsight Alteration,B. F. Sword,Trinity Force,Muramana,Rapid Firecannon,Plated Steelcaps,Doran's Blade,Farsight Alteration,Dream Maker,Control Ward,Shurelya's Battlesong,Kindlegem,Ardent Censer,Ionian Boots of Lucidity,Oracle Lens,Boots of Swiftness,Stridebreaker,Kindlegem,Phage,No_Item,Doran's Blade,Farsight Alteration,Tunneler,Ruby Crystal,Control Ward,Mercury's Treads,Heartsteel,No_Item,Oracle Lens,Haunting Guise,Fated Ashes,Dark Seal,Nashor's Tooth,Mercury's Treads,Shadowflame,Farsight Alteration,Slightly Magical Footwear,No_Item,Control Ward,Essence Reaver,Infinity Edge,Rapid Firecannon,Farsight Alteration,Imperial Mandate,Solstice Sleigh,Ionian Boots of Lucidity,Shurelya's Battlesong,No_Item,No_Item,Oracle Lens,Press the Attack,Resolve,Arcane Comet,Inspiration,Phase Rush,Precision,Conqueror,Inspiration,Summon Aery,Inspiration,Conqueror,Resolve,Grasp of the Undying,Inspiration,Summon Aery,Precision,Press the Attack,Inspiration,Summon Aery,Domination,Teleport,Flash,Flash,Smite,Flash,Teleport,Flash,Barrier,Flash,Heal,Ghost,Flash,Smite,Flash,Teleport,Flash,Flash,Ignite,Flash,Heal,1,6,1,0,0,0
https://www.op.gg/summoners/euw/KC%20NEXT%20ADKING-EUW/matches/uRd1PvnOddrc_gNQwIz7aI5LnXPcF1-_INZzUvdomhc%3D/1732985542000,0,15,19,19,15,31,19,54,50,20,17,0,2,0,0,3,3,0,2,38578,40607,11.0,11.8,649,676,31.9,33.1,-2029,2029,1880.6774999999998,1979.59125,Renekton,Elise,Talon,Ashe,Pyke,Malphite,Ivern,Ambessa,Corki,Sona,Doran's Shield,Refillable Potion,Black Cleaver,Mercury's Treads,Tunneler,Pickaxe,Oracle Lens,Hextech Alternator,Stormsurge,Dark Seal,Sorcerer's Shoes,No_Item,Needlessly Large Rod,Oracle Lens,Pickaxe,Youmuu's Ghostblade,Tiamat,Serpent's Fang,Serrated Dirk,Boots,Oracle Lens,Doran's Blade,Statikk Shiv,Berserker's Greaves,Recurve Bow,Rectrix,No_Item,Stealth Ward,Celestial Opposition,Ionian Boots of Lucidity,Umbral Glaive,Serrated Dirk,Control Ward,Rectrix,Oracle Lens,Spectre's Cowl,Sunfire Aegis,Plated Steelcaps,Bramble Vest,Doran's Ring,Warden's Mail,Stealth Ward,Moonstone Renewer,Ionian Boots of Lucidity,Redemption,Dark Seal,No_Item,No_Item,Oracle Lens,Refillable Potion,Voltaic Cyclosword,Plated Steelcaps,Doran's Shield,Tunneler,Ruby Crystal,Stealth Ward,Doran's Blade,Plated Steelcaps,Manamune,Cloak of Agility,Trinity Force,No_Item,Farsight Alteration,Bloodsong,Echoes of Helia,Bandleglass Mirror,Ruby Crystal,Boots of Swiftness,No_Item,Oracle Lens,Conqueror,Resolve,Dark Harvest,Precision,Electrocute,Sorcery,Lethal Tempo,Inspiration,Hail of Blades,Resolve,Arcane Comet,Resolve,Summon Aery,Inspiration,Conqueror,Resolve,Conqueror,Inspiration,Summon Aery,Precision,Flash,Teleport,Flash,Smite,Ignite,Flash,Barrier,Flash,Flash,Ignite,Flash,Teleport,Flash,Smite,Flash,Teleport,Flash,Cleanse,Flash,Heal,1,1,0,0,0,0
https://www.op.gg/summoners/euw/KC%20NEXT%20ADKING-EUW/matches/uRd1PvnOddpeeQR-eZixuG1FzCuddNjP4g84U0JKFOM%3D/1732983739000,0,14,29,29,14,47,21,65,60,15,21,0,2,0,1,3,6,0,3,42810,51602,12.2,13.2,725,693,30.7,29.3,-8792,8792,1805.591836734694,2176.4108843537415,Aurora,Rengar,Sylas,Ezreal,Rakan,Gangplank,Poppy,Corki,Swain,Senna,Doran's Ring,Malignance,Liandry's Torment,Sorcerer's Shoes,Needlessly Large Rod,Amplifying Tome,Oracle Lens,Opportunity,Voltaic Cyclosword,Ionian Boots of Lucidity,Last Whisper,Long Sword,Long Sword,Oracle Lens,Doran's Ring,Dark Seal,Hextech Rocketbelt,Sorcerer's Shoes,Shadowflame,Amplifying Tome,Oracle Lens,Doran's Blade,Caulfield's Warhammer,Long Sword,Ionian Boots of Lucidity,Muramana,Trinity Force,Farsight Alteration,Celestial Opposition,Locket of the Iron Solari,Control Ward,Glowing Mote,Cloth Armor,Mercury's Treads,Oracle Lens,Doran's Shield,Ionian Boots of Lucidity,Trinity Force,The Collector,Executioner's Calling,Cloak of Agility,Stealth Ward,Sundered Sky,Dead Man's Plate,No_Item,Winged Moonplate,Mercury's Treads,No_Item,Oracle Lens,Trinity Force,Muramana,Immortal Shieldbow,Doran's Blade,Plated Steelcaps,Negatron Cloak,Stealth Ward,Doran's Ring,Malignance,Rylai's Crystal Scepter,Boots,Cloth Armor,Amplifying Tome,Farsight Alteration,Ionian Boots of Lucidity,Echoes of Helia,Control Ward,Dream Maker,Moonstone Renewer,Forbidden Idol,Oracle Lens,Electrocute,Sorcery,Conqueror,Domination,Electrocute,Precision,Press the Attack,Inspiration,Guardian,Domination,Grasp of the Undying,Inspiration,Phase Rush,Precision,Conqueror,Inspiration,Conqueror,Resolve,Summon Aery,Resolve,Teleport,Flash,Smite,Flash,Teleport,Flash,Flash,Barrier,Flash,Ignite,Flash,Teleport,Flash,Smite,Teleport,Flash,Flash,Teleport,Heal,Flash,0,4,0,1,2,1
https://www.op.gg/summoners/euw/KC%20NEXT%20ADKING-EUW/matches/uRd1PvnOddotsL7Ecl5q8fheRs30p95Fg3pVKNT1lzg%3D/1732979891000,0,11,19,19,11,32,10,24,52,10,7,0,1,0,0,3,5,0,1,32927,40288,10.4,11.4,540,622,28.8,33.1,-7361,7361,1760.2484276729558,2153.761006289308,Ornn,Viego,LeBlanc,Draven,Nautilus,Illaoi,Gragas,Yasuo,Ezreal,Braum,Doran's Shield,Unending Despair,Fimbulwinter,No_Item,Bramble Vest,Plated Steelcaps,Stealth Ward,Tunneler,Kraken Slayer,Plated Steelcaps,Caulfield's Warhammer,No_Item,No_Item,Oracle Lens,Doran's Ring,Luden's Companion,Dark Seal,Hextech Alternator,Boots,Needlessly Large Rod,Oracle Lens,Doran's Blade,The Collector,Cloak of Agility,Berserker's Greaves,No_Item,No_Item,Farsight Alteration,Solstice Sleigh,Plated Steelcaps,Locket of the Iron Solari,Control Ward,Ruby Crystal,No_Item,Oracle Lens,Doran's Shield,Boots,Black Cleaver,Iceborn Gauntlet,Long Sword,No_Item,Stealth Ward,No_Item,Sorcerer's Shoes,Lich Bane,Dark Seal,Needlessly Large Rod,No_Item,Oracle Lens,Doran's Shield,Berserker's Greaves,No_Item,Pickaxe,Noonquiver,Blade of The Ruined King,Farsight Alteration,Trinity Force,Muramana,Caulfield's Warhammer,Doran's Blade,Ionian Boots of Lucidity,No_Item,Farsight Alteration,Locket of the Iron Solari,Celestial Opposition,Kindlegem,No_Item,No_Item,Mercury's Treads,Oracle Lens,Grasp of the Undying,Inspiration,Conqueror,Inspiration,Electrocute,Sorcery,Lethal Tempo,Domination,Aftershock,Inspiration,Conqueror,Resolve,Electrocute,Inspiration,Fleet Footwork,Resolve,Conqueror,Inspiration,Guardian,Inspiration,Teleport,Flash,Flash,Smite,Teleport,Flash,Flash,Barrier,Flash,Ignite,Flash,Teleport,Flash,Smite,Flash,Teleport,Flash,Barrier,Flash,Heal,1,1,0,0,5,0
https://www.op.gg/summoners/euw/KC%20NEXT%20ADKING-EUW/matches/uRd1PvnOddo-gfNlRZLG3h3SYIWP0wguS_2gMj-1WDQ%3D/1732978228000,0,32,47,47,33,84,55,104,113,50,38,1,1,0,2,2,11,1,3,61716,71881,15.6,16.0,899,912,28.6,29.1,-10165,10165,1953.8231155778894,2275.629648241206,Heimerdinger,Vi,Galio,Corki,Maokai,Gnar,Lee Sin,Ahri,Ezreal,Poppy,Doran's Ring,Rabadon's Deathcap,Dark Seal,Shadowflame,Blighting Jewel,Sorcerer's Shoes,Oracle Lens,Black Cleaver,Sundered Sky,Control Ward,B. F. Sword,Sterak's Gage,Plated Steelcaps,Oracle Lens,Doran's Ring,No_Item,Zhonya's Hourglass,Plated Steelcaps,Riftmaker,Hollow Radiance,Farsight Alteration,Infinity Edge,Plated Steelcaps,Rapid Firecannon,Trinity Force,Noonquiver,Muramana,Farsight Alteration,Boots of Swiftness,Locket of the Iron Solari,Solstice Sleigh,No_Item,Trailblazer,Giant's Belt,Oracle Lens,Control Ward,"Jak'Sho, The Protean",No_Item,Mercury's Treads,Trinity Force,Sterak's Gage,Farsight Alteration,Black Cleaver,Eclipse,Steel Sigil,Sterak's Gage,Mercury's Treads,Sundered Sky,Stealth Ward,Rabadon's Deathcap,Malignance,Mercury's Treads,Liandry's Torment,Void Staff,Mejai's Soulstealer,Oracle Lens,Trinity Force,Muramana,Long Sword,Ionian Boots of Lucidity,Serylda's Grudge,B. F. Sword,Farsight Alteration,Knight's Vow,Bloodsong,Locket of the Iron Solari,No_Item,Dead Man's Plate,Boots of Swiftness,Oracle Lens,Conqueror,Sorcery,Conqueror,Inspiration,Aftershock,Sorcery,Conqueror,Inspiration,Aftershock,Domination,Fleet Footwork,Resolve,Conqueror,Inspiration,Electrocute,Sorcery,Conqueror,Inspiration,Aftershock,Inspiration,Flash,Exhaust,Flash,Smite,Teleport,Flash,Flash,Teleport,Flash,Ignite,Teleport,Flash,Flash,Smite,Flash,Teleport,Flash,Cleanse,Flash,Ignite,0,2,0,1,4,4
https://www.op.gg/summoners/euw/KC%20NEXT%20ADKING-EUW/matches/uRd1PvnOddpf7LxhbMm6wkw34_fSEkuBrZ1EhYo3yyk%3D/1732917612000,0,18,31,32,18,37,24,57,65,24,15,0,3,0,1,1,7,0,4,44688,55585,12.6,14.4,747,797,29.7,31.7,-10897,10897,1778.6268656716418,2212.3383084577113,Gragas,Graves,Yone,Caitlyn,Lux,Yasuo,Udyr,Mordekaiser,Ezreal,Sona,Lost Chapter,Sheen,Cosmic Drive,Boots of Swiftness,Aether Wisp,Needlessly Large Rod,Stealth Ward,Youmuu's Ghostblade,The Collector,Boots,Lord Dominik's Regards,Cloak of Agility,No_Item,Oracle Lens,Doran's Blade,Blade of The Ruined King,Immortal Shieldbow,Berserker's Greaves,No_Item,No_Item,Stealth Ward,Doran's Blade,Long Sword,The Collector,Berserker's Greaves,Infinity Edge,Noonquiver,Farsight Alteration,Shurelya's Battlesong,Mejai's Soulstealer,Celestial Opposition,Oblivion Orb,Sorcerer's Shoes,Sapphire Crystal,Oracle Lens,B. F. Sword,Berserker's Greaves,Pickaxe,Cloak of Agility,Blade of The Ruined King,Immortal Shieldbow,Stealth Ward,Dead Man's Plate,Plated Steelcaps,Liandry's Torment,Kindlegem,Ruby Crystal,Chain Vest,Oracle Lens,Haunting Guise,Riftmaker,Rylai's Crystal Scepter,Doran's Ring,Plated Steelcaps,Amplifying Tome,Farsight Alteration,Bloodthirster,Serylda's Grudge,No_Item,Trinity Force,Muramana,Ionian Boots of Lucidity,Farsight Alteration,Dream Maker,Ionian Boots of Lucidity,Echoes of Helia,Moonstone Renewer,Forbidden Idol,Control Ward,Oracle Lens,Phase Rush,Precision,Dark Harvest,Precision,Conqueror,Resolve,Fleet Footwork,Sorcery,Arcane Comet,Precision,Lethal Tempo,Resolve,Conqueror,Resolve,Conqueror,Resolve,Press the Attack,Inspiration,Summon Aery,Precision,Flash,Teleport,Smite,Flash,Teleport,Flash,Flash,Barrier,Flash,Heal,Flash,Teleport,Flash,Smite,Teleport,Flash,Flash,Teleport,Flash,Heal,0,3,0,1,3,1
https://www.op.gg/summoners/euw/KC%20NEXT%20ADKING-EUW/matches/uRd1PvnOddrMHtjT5m-BxbpeEy24hvC0CJTS4PWnR30%3D/1732915128000,0,26,44,45,26,89,45,110,82,37,42,1,4,0,2,2,11,1,6,61147,74080,15.6,16.8,1029,1025,30.799999999999997,30.7,-12933,12933,1839.5919491525422,2228.677966101695,Sett,Udyr,Vex,Caitlyn,Rell,Aurora,Skarner,Yasuo,Corki,Janna,Stridebreaker,Overlord's Bloodmail,Boots of Swiftness,Tunneler,Doran's Shield,Ruby Crystal,Stealth Ward,Unending Despair,Randuin's Omen,Boots of Swiftness,Liandry's Torment,Haunting Guise,Kaenic Rookern,Oracle Lens,Shadowflame,Lost Chapter,Horizon Focus,Blighting Jewel,Sorcerer's Shoes,Blasting Wand,Farsight Alteration,Vampiric Scepter,Berserker's Greaves,Rapid Firecannon,Infinity Edge,The Collector,Lord Dominik's Regards,Farsight Alteration,Celestial Opposition,Locket of the Iron Solari,No_Item,Knight's Vow,Ionian Boots of Lucidity,Giant's Belt,Oracle Lens,Boots of Swiftness,Liandry's Torment,Mejai's Soulstealer,Banshee's Veil,Cosmic Drive,Void Staff,Oracle Lens,Unending Despair,Heartsteel,No_Item,Kindlegem,Thornmail,Mercury's Treads,Oracle Lens,Guardian Angel,Infinity Edge,Control Ward,Immortal Shieldbow,Blade of The Ruined King,Berserker's Greaves,Farsight Alteration,Infinity Edge,Muramana,Trinity Force,Plated Steelcaps,Rapid Firecannon,Last Whisper,Farsight Alteration,Dark Seal,Dream Maker,Echoes of Helia,Boots of Swiftness,Moonstone Renewer,Kindlegem,Oracle Lens,Conqueror,Resolve,Conqueror,Resolve,Electrocute,Sorcery,Lethal Tempo,Sorcery,Aftershock,Inspiration,Electrocute,Sorcery,Aftershock,Inspiration,Fleet Footwork,Resolve,Conqueror,Inspiration,Summon Aery,Domination,Flash,Teleport,Flash,Smite,Teleport,Flash,Flash,Barrier,Flash,Ignite,Teleport,Flash,Smite,Flash,Flash,Teleport,Teleport,Flash,Heal,Flash,0,3,0,1,3,3
https://www.op.gg/summoners/euw/KC%20NEXT%20ADKING-EUW/matches/uRd1PvnOddoRRY7aw8V9j-ndBOOW3GCEe9mCGUoQWVY%3D/1732912721000,0,19,29,29,19,51,36,83,89,26,35,3,2,0,1,4,8,3,3,57394,66486,15.0,16.2,969,1065,30.299999999999997,33.2,-9092,9092,1780.385306122449,2062.422857142857,Jax,Vi,Hwei,Caitlyn,Lux,Gnar,Dr. Mundo,Yasuo,Ziggs,Nautilus,Ruby Crystal,Pickaxe,Plated Steelcaps,Blade of The Ruined King,Trinity Force,Sundered Sky,Stealth Ward,Black Cleaver,Sundered Sky,Control Ward,Tunneler,Ruby Crystal,Plated Steelcaps,Oracle Lens,Fiendish Codex,Blighting Jewel,Sorcerer's Shoes,Liandry's Torment,Blackfire Torch,Horizon Focus,Farsight Alteration,Last Whisper,Berserker's Greaves,The Collector,Infinity Edge,Rapid Firecannon,Cloak of Agility,Farsight Alteration,Mercury's Treads,Locket of the Iron Solari,Celestial Opposition,Oblivion Orb,Kindlegem,Control Ward,Oracle Lens,Randuin's Omen,Trinity Force,Plated Steelcaps,Sterak's Gage,Recurve Bow,Doran's Shield,Stealth Ward,Unending Despair,Tiamat,Boots of Swiftness,Spirit Visage,Thornmail,Heartsteel,Oracle Lens,Cloth Armor,Stridebreaker,Berserker's Greaves,Blade of The Ruined King,Immortal Shieldbow,Infinity Edge,Farsight Alteration,Oblivion Orb,Seraph's Embrace,Blasting Wand,Sorcerer's Shoes,Liandry's Torment,Luden's Companion,Farsight Alteration,Locket of the Iron Solari,Celestial Opposition,Zeke's Convergence,Ruby Crystal,Mercury's Treads,Control Ward,Oracle Lens,Grasp of the Undying,Inspiration,Conqueror,Inspiration,Arcane Comet,Precision,Lethal Tempo,Sorcery,Aftershock,Domination,Grasp of the Undying,Precision,Fleet Footwork,Inspiration,Grasp of the Undying,Precision,Arcane Comet,Inspiration,Aftershock,Inspiration,Flash,Teleport,Flash,Smite,Flash,Teleport,Flash,Barrier,Flash,Heal,Teleport,Flash,Flash,Smite,Teleport,Flash,Flash,Teleport,Flash,Ignite,1,3,0,0,3,1
https://www.op.gg/summoners/euw/KC%20NEXT%20ADKING-EUW/matches/uRd1PvnOddpKyHxrJysmuDN3edFaSuQ05wMiDaMHB94%3D/1732909632000,0,22,23,23,22,40,53,68,83,37,45,0,4,0,1,3,9,0,5,51772,63568,13.4,15.4,791,1037,26.8,35.2,-11796,11796,1748.743111111111,2147.1857777777777,Renekton,Ivern,Qiyana,Ziggs,Nami,Anivia,Udyr,Talon,Taliyah,Poppy,"Jak'Sho, The Protean",Sterak's Gage,No_Item,No_Item,Eclipse,Mercury's Treads,Farsight Alteration,Moonstone Renewer,Ionian Boots of Lucidity,Redemption,Staff of Flowing Water,Dark Seal,Control Ward,Oracle Lens,Youmuu's Ghostblade,Profane Hydra,Edge of Night,Doran's Blade,Ionian Boots of Lucidity,Long Sword,Oracle Lens,Luden's Companion,Seraph's Embrace,Void Staff,No_Item,Sorcerer's Shoes,No_Item,Farsight Alteration,Dream Maker,Imperial Mandate,Ionian Boots of Lucidity,Staff of Flowing Water,Control Ward,Bandleglass Mirror,Oracle Lens,Doran's Ring,Lost Chapter,Tear of the Goddess,Boots of Swiftness,Liandry's Torment,Rod of Ages,Farsight Alteration,Unending Despair,Dark Seal,Liandry's Torment,Mercury's Treads,Spirit Visage,Haunting Guise,Oracle Lens,Opportunity,Youmuu's Ghostblade,Tiamat,Synchronized Souls,Serpent's Fang,Serylda's Grudge,Oracle Lens,Rabadon's Deathcap,Blackfire Torch,Luden's Companion,Cosmic Drive,Sorcerer's Shoes,Dark Seal,Oracle Lens,Trailblazer,Bloodsong,Locket of the Iron Solari,Control Ward,Kindlegem,Boots of Swiftness,Oracle Lens,Conqueror,Resolve,Summon Aery,Inspiration,Electrocute,Precision,Arcane Comet,Inspiration,Summon Aery,Resolve,Phase Rush,Precision,Conqueror,Resolve,Electrocute,Sorcery,Dark Harvest,Precision,Hail of Blades,Inspiration,Flash,Teleport,Flash,Smite,Flash,Teleport,Flash,Teleport,Flash,Heal,Flash,Teleport,Flash,Smite,Ignite,Flash,Flash,Teleport,Flash,Ignite,0,4,0,0,2,1
https://www.op.gg/summoners/euw/KC%20NEXT%20ADKING-EUW/matches/uRd1PvnOddpz43emVKCqsD4CqQl-709kZdQaZBjmfTM%3D/1732907090000,1,29,21,21,29,45,46,103,86,46,51,5,0,0,1,7,1,5,1,64772,57600,15.2,14.4,1041,908,34.699999999999996,30.2,7172,-7172,2159.0666666666666,1920.0,Ambessa,Udyr,Taliyah,Corki,Pyke,Renekton,Zyra,Ahri,Draven,Rell,Maw of Malmortius,No_Item,No_Item,Eclipse,Death's Dance,Mercury's Treads,Farsight Alteration,Liandry's Torment,Randuin's Omen,Dark Seal,Mercury's Treads,Force of Nature,No_Item,Oracle Lens,Mercury's Treads,Zhonya's Hourglass,Luden's Companion,Mejai's Soulstealer,Liandry's Torment,Amplifying Tome,Farsight Alteration,Plated Steelcaps,B. F. Sword,No_Item,Trinity Force,Rapid Firecannon,Muramana,Farsight Alteration,Boots of Swiftness,No_Item,Bloodsong,Umbral Glaive,Edge of Night,Long Sword,Oracle Lens,Eclipse,Black Cleaver,Plated Steelcaps,Sterak's Gage,Long Sword,Ruby Crystal,Farsight Alteration,Liandry's Torment,Blackfire Torch,Blighting Jewel,Sorcerer's Shoes,No_Item,Oblivion Orb,Oracle Lens,Horizon Focus,Malignance,Cryptbloom,Ionian Boots of Lucidity,Dark Seal,Amplifying Tome,Oracle Lens,The Collector,Berserker's Greaves,Infinity Edge,Lord Dominik's Regards,B. F. Sword,Pickaxe,Farsight Alteration,Cloth Armor,Celestial Opposition,Locket of the Iron Solari,No_Item,Kindlegem,Mercury's Treads,Oracle Lens,Conqueror,Resolve,Conqueror,Resolve,Phase Rush,Precision,Conqueror,Inspiration,Hail of Blades,Resolve,Conqueror,Resolve,Arcane Comet,Precision,Electrocute,Sorcery,Lethal Tempo,Domination,Aftershock,Inspiration,Flash,Teleport,Flash,Smite,Teleport,Flash,Flash,Cleanse,Flash,Ignite,Flash,Teleport,Flash,Smite,Flash,Teleport,Barrier,Flash,Flash,Ignite,1,0,0,0,6,0
https://www.op.gg/summoners/euw/KC%20NEXT%20ADKING-EUW/matches/uRd1PvnOddr4T1_zpfhQgfw671TT30BKnbb1OJecdJk%3D/1732889895000,1,36,12,12,36,11,39,87,76,26,32,2,0,1,0,9,1,3,0,59440,43176,14.4,12.6,846,802,34.300000000000004,32.5,16264,-16264,2414.75,1754.0249999999999,Ambessa,Hecarim,Orianna,Varus,Poppy,Camille,Lillia,Lux,Corki,Rakan,Control Ward,Spear of Shojin,Sterak's Gage,Mercury's Treads,Eclipse,No_Item,Farsight Alteration,Spear of Shojin,Eclipse,Control Ward,Zeke's Convergence,Sterak's Gage,Ionian Boots of Lucidity,Oracle Lens,Ionian Boots of Lucidity,Shadowflame,No_Item,Needlessly Large Rod,Liandry's Torment,Seraph's Embrace,Farsight Alteration,Ionian Boots of Lucidity,Muramana,Hubris,Serrated Dirk,Tunneler,Doran's Blade,Farsight Alteration,Bloodsong,Locket of the Iron Solari,Cloth Armor,Dead Man's Plate,Boots of Swiftness,Kindlegem,Oracle Lens,Trinity Force,Ravenous Hydra,Sterak's Gage,Slightly Magical Footwear,No_Item,No_Item,Oracle Lens,Seeker's Armguard,Liandry's Torment,No_Item,Mercury's Treads,Rylai's Crystal Scepter,No_Item,Oracle Lens,Shadowflame,Luden's Companion,Dark Seal,Needlessly Large Rod,Sorcerer's Shoes,No_Item,Farsight Alteration,Plated Steelcaps,Muramana,Trinity Force,Zeal,No_Item,Doran's Blade,Farsight Alteration,Celestial Opposition,Plated Steelcaps,Locket of the Iron Solari,Ruby Crystal,Control Ward,No_Item,Oracle Lens,Conqueror,Resolve,Phase Rush,Precision,Conqueror,Inspiration,Hail of Blades,Sorcery,Hail of Blades,Inspiration,Grasp of the Undying,Inspiration,Conqueror,Inspiration,Arcane Comet,Inspiration,Conqueror,Inspiration,Guardian,Domination,Flash,Teleport,Ghost,Smite,Flash,Teleport,Flash,Barrier,Flash,Ignite,Teleport,Flash,Flash,Smite,Flash,Teleport,Flash,Cleanse,Flash,Heal,1,6,1,0,0,0
https://www.op.gg/summoners/euw/KC%20NEXT%20ADKING-EUW/matches/uRd1PvnOddqYrCrZdf_ArI-05Ms8IFjHUbF-WwgfuEc%3D/1732887416000,0,29,31,31,29,42,54,81,91,26,34,0,3,0,0,2,9,0,3,51242,57221,13.6,13.8,777,812,29.1,30.599999999999998,-5979,5979,1935.2031914893616,2161.0058510638296,Jax,Wukong,Sylas,Sivir,Pyke,Dr. Mundo,Lee Sin,Ahri,Ezreal,Braum,Stridebreaker,Blade of The Ruined King,Mercury's Treads,Sundered Sky,Executioner's Calling,No_Item,Stealth Ward,Sundered Sky,Trinity Force,Control Ward,Plated Steelcaps,Kindlegem,Phage,Oracle Lens,Ionian Boots of Lucidity,Dark Seal,Riftmaker,Amplifying Tome,Cosmic Drive,Hextech Rocketbelt,Oracle Lens,Doran's Blade,Executioner's Calling,Berserker's Greaves,Essence Reaver,Navori Flickerblade,Last Whisper,Farsight Alteration,Serrated Dirk,Celestial Opposition,Umbral Glaive,Synchronized Souls,Long Sword,Control Ward,Oracle Lens,Doran's Shield,Warmog's Armor,Plated Steelcaps,Heartsteel,Bramble Vest,Chain Vest,Stealth Ward,Sundered Sky,Eclipse,No_Item,Sterak's Gage,Plated Steelcaps,No_Item,Stealth Ward,Rabadon's Deathcap,Amplifying Tome,Sorcerer's Shoes,Dark Seal,Malignance,Shadowflame,Oracle Lens,Ionian Boots of Lucidity,Caulfield's Warhammer,Long Sword,Muramana,Frozen Heart,Trinity Force,Farsight Alteration,Plated Steelcaps,Locket of the Iron Solari,Thornmail,Solstice Sleigh,No_Item,No_Item,Oracle Lens,Lethal Tempo,Resolve,Conqueror,Inspiration,Electrocute,Resolve,Lethal Tempo,Sorcery,Hail of Blades,Resolve,Grasp of the Undying,Inspiration,Conqueror,Inspiration,Electrocute,Sorcery,Press the Attack,Inspiration,Guardian,Inspiration,Flash,Teleport,Smite,Flash,Flash,Teleport,Barrier,Flash,Flash,Ignite,Flash,Teleport,Flash,Smite,Flash,Teleport,Flash,Barrier,Flash,Ignite,0,3,0,1,3,1
https://www.op.gg/summoners/euw/KC%20NEXT%20ADKING-EUW/matches/uRd1PvnOddqRXOu2lqwfSjqo3_Y_uRQ-lqceXJstrdQ%3D/1732880437000,0,16,31,31,18,57,20,48,55,13,12,0,3,0,1,2,7,0,4,42320,52074,12.2,14.0,685,755,29.2,32.2,-9754,9754,1802.5185185185187,2217.9666666666667,Aurora,Zac,Corki,Tristana,Tahm Kench,Viego,Vi,Taliyah,Ezreal,Bard,Doran's Ring,Seeker's Armguard,Luden's Companion,Control Ward,Shadowflame,Sorcerer's Shoes,Oracle Lens,Unending Despair,Sunfire Aegis,Ionian Boots of Lucidity,Dark Seal,Kindlegem,Null-Magic Mantle,Oracle Lens,Refillable Potion,Mercury's Treads,Zeal,Muramana,Trinity Force,Doran's Blade,Farsight Alteration,Doran's Blade,Yun Tal Wildarrows,B. F. Sword,Berserker's Greaves,Pickaxe,Cloak of Agility,Farsight Alteration,Heartsteel,Plated Steelcaps,Bloodsong,Control Ward,Ruby Crystal,Cloth Armor,Oracle Lens,Doran's Blade,Blade of The Ruined King,Mercury's Treads,Sundered Sky,Ruby Crystal,No_Item,Stealth Ward,Sundered Sky,Sterak's Gage,No_Item,Ruby Crystal,Ruby Crystal,Slightly Magical Footwear,Oracle Lens,Doran's Ring,Amplifying Tome,Liandry's Torment,Sorcerer's Shoes,Needlessly Large Rod,Seraph's Embrace,Farsight Alteration,Muramana,Blade of The Ruined King,Long Sword,Doran's Blade,Trinity Force,Ionian Boots of Lucidity,Farsight Alteration,Dead Man's Plate,Statikk Shiv,Bloodsong,Plated Steelcaps,Negatron Cloak,No_Item,Oracle Lens,Electrocute,Sorcery,Aftershock,Precision,Conqueror,Inspiration,Press the Attack,Sorcery,Grasp of the Undying,Inspiration,Conqueror,Resolve,Conqueror,Inspiration,Phase Rush,Inspiration,Conqueror,Inspiration,Guardian,Inspiration,Teleport,Flash,Smite,Flash,Flash,Teleport,Exhaust,Flash,Ignite,Flash,Flash,Teleport,Flash,Smite,Flash,Teleport,Flash,Barrier,Ignite,Flash,0,6,0,1,0,1
https://www.op.gg/summoners/euw/KC%20NEXT%20ADKING-EUW/matches/uRd1PvnOddriXg-rRNYhQQuL24KIhG7IMV_wl_IZlZs%3D/1732878048000,0,24,29,29,24,54,32,78,84,40,30,3,1,1,1,6,9,4,2,62960,68580,15.4,16.4,1038,1051,32.1,32.4,-5620,5620,1939.526066350711,2112.654028436019,Aurora,Master Yi,Akali,Corki,Nautilus,Gragas,Kindred,Smolder,Jinx,Lulu,Sorcerer's Shoes,Stormsurge,Rabadon's Deathcap,Blasting Wand,Luden's Companion,Blighting Jewel,Farsight Alteration,Kraken Slayer,Blade of The Ruined King,Tiamat,Plated Steelcaps,Guinsoo's Rageblade,Ruby Crystal,Oracle Lens,Zhonya's Hourglass,Fated Ashes,Void Staff,Lich Bane,Shadowflame,Sorcerer's Shoes,Oracle Lens,The Collector,Trinity Force,Plated Steelcaps,Muramana,No_Item,Doran's Blade,Farsight Alteration,Bloodsong,Locket of the Iron Solari,Knight's Vow,Warden's Mail,Plated Steelcaps,Control Ward,Oracle Lens,Fimbulwinter,Cosmic Drive,Spirit Visage,Glacial Buckler,Ionian Boots of Lucidity,Warden's Mail,Farsight Alteration,The Collector,Kraken Slayer,Infinity Edge,Plated Steelcaps,Last Whisper,No_Item,Oracle Lens,B. F. Sword,Hubris,Boots of Swiftness,Rapid Firecannon,Spear of Shojin,Vampiric Scepter,Farsight Alteration,Berserker's Greaves,Lord Dominik's Regards,B. F. Sword,The Collector,Infinity Edge,Phantom Dancer,Farsight Alteration,Ionian Boots of Lucidity,Redemption,Dream Maker,Moonstone Renewer,No_Item,Locket of the Iron Solari,Oracle Lens,Electrocute,Sorcery,Lethal Tempo,Domination,Electrocute,Resolve,Conqueror,Inspiration,Aftershock,Inspiration,Phase Rush,Precision,Press the Attack,Domination,Grasp of the Undying,Precision,Lethal Tempo,Sorcery,Summon Aery,Resolve,Flash,Teleport,Flash,Smite,Flash,Teleport,Flash,Barrier,Flash,Ignite,Flash,Teleport,Flash,Smite,Flash,Teleport,Flash,Barrier,Flash,Heal,1,5,0,0,1,1
https://www.op.gg/summoners/euw/KC%20NEXT%20ADKING-EUW/matches/uRd1PvnOddp1cnJc5uUVmFryeWROXIPBj54D6Duv0PU%3D/1732874244000,0,28,21,22,28,35,53,80,91,31,38,1,2,1,0,2,10,2,2,53739,57530,13.8,13.6,796,887,29.2,32.5,-3791,3791,1978.3038461538463,2117.8626373626375,Shen,Kindred,Syndra,Corki,Nautilus,Yone,Wukong,LeBlanc,Yasuo,Rakan,Doran's Shield,Plated Steelcaps,Sunfire Aegis,Unending Despair,Bramble Vest,No_Item,Farsight Alteration,Lord Dominik's Regards,No_Item,Boots,Immortal Shieldbow,No_Item,Kraken Slayer,Farsight Alteration,No_Item,Cosmic Drive,Void Staff,Rabadon's Deathcap,Sorcerer's Shoes,Blackfire Torch,Oracle Lens,Doran's Blade,Plated Steelcaps,Cloak of Agility,Rapid Firecannon,Muramana,Trinity Force,Farsight Alteration,Bloodsong,Locket of the Iron Solari,Knight's Vow,Control Ward,Ruby Crystal,Plated Steelcaps,Oracle Lens,Berserker's Greaves,Infinity Edge,Negatron Cloak,Blade of The Ruined King,Immortal Shieldbow,Doran's Blade,Oracle Lens,Trinity Force,Sundered Sky,No_Item,Mercury's Treads,Death's Dance,No_Item,Oracle Lens,Doran's Ring,Rabadon's Deathcap,No_Item,Luden's Companion,Ionian Boots of Lucidity,Banshee's Veil,Oracle Lens,Infinity Edge,No_Item,Kraken Slayer,Berserker's Greaves,Immortal Shieldbow,No_Item,Farsight Alteration,Locket of the Iron Solari,Celestial Opposition,No_Item,Mercury's Treads,Cloth Armor,Kindlegem,Oracle Lens,Grasp of the Undying,Domination,Press the Attack,Domination,First Strike,Sorcery,Conqueror,Inspiration,Aftershock,Inspiration,Lethal Tempo,Resolve,Conqueror,Inspiration,Electrocute,Sorcery,Lethal Tempo,Resolve,Guardian,Domination,Teleport,Flash,Smite,Flash,Teleport,Flash,Flash,Exhaust,Flash,Ignite,Flash,Teleport,Flash,Smite,Flash,Teleport,Exhaust,Flash,Flash,Ignite,1,0,0,0,6,3
https://www.op.gg/summoners/euw/KC%20NEXT%20ADKING-EUW/matches/uRd1PvnOddppQh4YBJx5uWpXv6pnEwxkKE1BlH9pegM%3D/1732832745000,1,43,27,27,43,49,83,93,89,34,30,2,2,2,0,11,4,4,2,73890,62849,17.0,15.8,1028,997,31.599999999999998,30.700000000000003,11041,-11041,2278.546255506608,1938.0748898678412,Ambessa,Graves,Orianna,Varus,Lux,Camille,Bel'Veth,Hwei,Caitlyn,Lulu,Plated Steelcaps,Death's Dance,Doran's Blade,Pickaxe,Eclipse,Spear of Shojin,Stealth Ward,The Collector,Youmuu's Ghostblade,B. F. Sword,Immortal Shieldbow,Plated Steelcaps,Infinity Edge,Oracle Lens,Amplifying Tome,Amplifying Tome,Void Staff,Shadowflame,Mercury's Treads,Seraph's Embrace,Stealth Ward,Youmuu's Ghostblade,Muramana,Edge of Night,Opportunity,Last Whisper,Ionian Boots of Lucidity,Farsight Alteration,Luden's Companion,No_Item,Zaz'Zak's Realmspike,Mejai's Soulstealer,Rabadon's Deathcap,Sorcerer's Shoes,Oracle Lens,Ravenous Hydra,Sterak's Gage,Mercury's Treads,Trinity Force,Death's Dance,Cloth Armor,Oracle Lens,Stridebreaker,Kraken Slayer,Wit's End,No_Item,No_Item,Slightly Magical Footwear,Oracle Lens,Ionian Boots of Lucidity,Blackfire Torch,Void Staff,Liandry's Torment,Needlessly Large Rod,Needlessly Large Rod,Farsight Alteration,Bloodthirster,Rapid Firecannon,The Collector,Berserker's Greaves,Infinity Edge,No_Item,Farsight Alteration,Redemption,Dream Maker,No_Item,Forbidden Idol,Ionian Boots of Lucidity,Moonstone Renewer,Oracle Lens,Conqueror,Resolve,Dark Harvest,Precision,Arcane Comet,Precision,Arcane Comet,Inspiration,Arcane Comet,Inspiration,Grasp of the Undying,Sorcery,Press the Attack,Inspiration,Arcane Comet,Precision,Lethal Tempo,Sorcery,Summon Aery,Resolve,Flash,Teleport,Flash,Smite,Flash,Teleport,Flash,Barrier,Heal,Flash,Teleport,Flash,Flash,Smite,Teleport,Flash,Flash,Cleanse,Flash,Heal,1,6,3,0,0,0
https://www.op.gg/summoners/euw/KC%20NEXT%20ADKING-EUW/matches/uRd1PvnOddou4waz7frabRmwJeSIzQxQN52U5Gh5SmM%3D/1732830253000,1,25,10,11,25,17,37,58,42,10,9,2,0,0,0,7,1,2,0,44783,32463,12.2,10.6,677,565,34.9,29.1,12320,-12320,2301.348611111111,1668.2375,Gragas,Master Yi,Aurora,Corki,Poppy,Illaoi,Hecarim,Yone,Ziggs,Rell,Ionian Boots of Lucidity,Cosmic Drive,Fimbulwinter,Doran's Ring,Dark Seal,Sheen,Farsight Alteration,Guinsoo's Rageblade,Blade of The Ruined King,Berserker's Greaves,Dagger,Long Sword,No_Item,Stealth Ward,Malignance,Shadowflame,Dark Seal,Sorcerer's Shoes,Doran's Ring,Needlessly Large Rod,Farsight Alteration,Doran's Blade,Essence Reaver,Boots of Swiftness,B. F. Sword,Pickaxe,Long Sword,Farsight Alteration,Dead Man's Plate,Bloodsong,Ruby Crystal,No_Item,Glowing Mote,Boots of Swiftness,Oracle Lens,Doran's Shield,Refillable Potion,Control Ward,Mercury's Treads,Ruby Crystal,Black Cleaver,Stealth Ward,Gustwalker Hatchling,Eclipse,Plated Steelcaps,Kindlegem,Pickaxe,Phage,Oracle Lens,Doran's Shield,Berserker's Greaves,Blade of The Ruined King,Noonquiver,No_Item,No_Item,Stealth Ward,Luden's Companion,Lost Chapter,Sorcerer's Shoes,Dark Seal,Doran's Ring,Tear of the Goddess,Farsight Alteration,Celestial Opposition,Mercury's Treads,Locket of the Iron Solari,Control Ward,Ruby Crystal,No_Item,Oracle Lens,Phase Rush,Precision,Lethal Tempo,Domination,Electrocute,Sorcery,Conqueror,Inspiration,Aftershock,Inspiration,Grasp of the Undying,Precision,Phase Rush,Precision,Lethal Tempo,Resolve,Arcane Comet,Inspiration,Aftershock,Inspiration,Flash,Teleport,Flash,Smite,Flash,Teleport,Flash,Barrier,Flash,Ignite,Flash,Teleport,Smite,Ghost,Flash,Teleport,Flash,Teleport,Flash,Ignite,1,6,0,0,0,0
https://www.op.gg/summoners/euw/KC%20NEXT%20ADKING-EUW/matches/uRd1PvnOddqY7DmynALYsofaVrxMex2__jXJEletRbQ%3D/1732817190000,1,28,13,13,28,15,39,42,31,7,6,2,0,0,0,6,0,2,0,41908,31270,11.4,10.2,598,504,32.3,27.3,10638,-10638,2256.584615384615,1683.7692307692307,Shen,Karthus,Jayce,Ezreal,Bard,Ambessa,Hecarim,LeBlanc,Corki,Zilean,Doran's Shield,Sunfire Aegis,Ruby Crystal,Sheen,Ionian Boots of Lucidity,Chain Vest,Farsight Alteration,Mejai's Soulstealer,Sorcerer's Shoes,Amplifying Tome,Blackfire Torch,Needlessly Large Rod,Control Ward,Oracle Lens,Refillable Potion,Ionian Boots of Lucidity,Youmuu's Ghostblade,Doran's Blade,Opportunity,No_Item,Farsight Alteration,Trinity Force,Muramana,Caulfield's Warhammer,Last Whisper,Ionian Boots of Lucidity,Doran's Blade,Farsight Alteration,Boots of Swiftness,Control Ward,Bloodsong,Dead Man's Plate,Scout's Slingshot,Long Sword,Oracle Lens,Mercury's Treads,Doran's Shield,Eclipse,Control Ward,Phage,No_Item,Oracle Lens,Caulfield's Warhammer,Eclipse,Ionian Boots of Lucidity,Serrated Dirk,No_Item,No_Item,Oracle Lens,Doran's Ring,Aether Wisp,Dark Seal,Sorcerer's Shoes,Luden's Companion,Shadowflame,Oracle Lens,Trinity Force,Slightly Magical Footwear,Cull,Tear of the Goddess,No_Item,No_Item,Farsight Alteration,Solstice Sleigh,Ionian Boots of Lucidity,Kindlegem,Kindlegem,Kindlegem,No_Item,Oracle Lens,Grasp of the Undying,Inspiration,Dark Harvest,Precision,Electrocute,Sorcery,Press the Attack,Inspiration,Guardian,Inspiration,Conqueror,Resolve,Phase Rush,Precision,Electrocute,Sorcery,Conqueror,Inspiration,Summon Aery,Precision,Ignite,Flash,Flash,Smite,Flash,Teleport,Flash,Teleport,Flash,Ignite,Teleport,Flash,Ghost,Smite,Flash,Teleport,Flash,Barrier,Flash,Heal,1,6,0,0,0,0
https://www.op.gg/summoners/euw/KC%20NEXT%20ADKING-EUW/matches/uRd1PvnOddqH8_z-VJucjwxTZPjdwiS_fK_nv5ce9qg%3D/1732813966000,1,28,9,9,28,24,60,63,56,18,13,2,1,0,0,10,1,2,1,56686,42072,14.6,13.0,927,769,35.5,29.5,14614,-14614,2169.799043062201,1610.4114832535886,K'Sante,Viego,Swain,Corki,Thresh,Cho'Gath,Vi,Galio,Lucian,Nami,No_Item,Mercury's Treads,Doran's Shield,Spirit Visage,Fimbulwinter,Iceborn Gauntlet,Farsight Alteration,Sundered Sky,Kraken Slayer,Control Ward,Mercury's Treads,Sterak's Gage,Negatron Cloak,Oracle Lens,Haunting Guise,Dark Seal,Cosmic Drive,Doran's Ring,Boots of Swiftness,Blackfire Torch,Oracle Lens,Plated Steelcaps,Trinity Force,Muramana,The Collector,Pickaxe,Doran's Blade,Farsight Alteration,Locket of the Iron Solari,Redemption,Solstice Sleigh,Ionian Boots of Lucidity,No_Item,No_Item,Oracle Lens,Doran's Ring,Tear of the Goddess,Ruby Crystal,Plated Steelcaps,Sunfire Aegis,Kaenic Rookern,Farsight Alteration,Pickaxe,Sundered Sky,No_Item,Mercury's Treads,Ruby Crystal,Phage,Oracle Lens,Riftmaker,Hollow Radiance,Mercury's Treads,Ruby Crystal,No_Item,Doran's Ring,Farsight Alteration,Cloak of Agility,Lord Dominik's Regards,No_Item,Rapid Firecannon,Ionian Boots of Lucidity,Essence Reaver,Farsight Alteration,Imperial Mandate,Dream Maker,Ionian Boots of Lucidity,Aether Wisp,Glowing Mote,Faerie Charm,Stealth Ward,Grasp of the Undying,Domination,Conqueror,Inspiration,Conqueror,Sorcery,Conqueror,Inspiration,Aftershock,Inspiration,Arcane Comet,Resolve,Conqueror,Inspiration,Aftershock,Sorcery,Press the Attack,Inspiration,Summon Aery,Domination,Flash,Teleport,Smite,Flash,Teleport,Flash,Flash,Barrier,Flash,Ignite,Teleport,Flash,Flash,Smite,Flash,Teleport,Flash,Ignite,Flash,Heal,1,6,2,0,0,0
https://www.op.gg/summoners/euw/KC%20NEXT%20ADKING-EUW/matches/uRd1PvnOddp0T7_z2ApwOSDDVbO-vu_sUgC85TlaUkI%3D/1732811365000,1,37,28,28,37,55,94,103,127,63,34,1,5,3,0,9,5,4,5,85068,77757,17.6,17.2,1238,1264,30.5,31.1,7311,-7311,2106.1852090032153,1925.173311897106,Gnar,Jarvan IV,LeBlanc,Corki,Braum,Ryze,Skarner,Tristana,Lucian,Nami,Mercury's Treads,Sterak's Gage,Randuin's Omen,Trinity Force,Thornmail,Black Cleaver,Oracle Lens,Randuin's Omen,Kindlegem,Spear of Shojin,Sterak's Gage,Plated Steelcaps,Sundered Sky,Oracle Lens,Stormsurge,Luden's Companion,Sorcerer's Shoes,Rabadon's Deathcap,Void Staff,Aether Wisp,Oracle Lens,Infinity Edge,Rapid Firecannon,Bloodthirster,Trinity Force,Muramana,Lord Dominik's Regards,Farsight Alteration,Celestial Opposition,Locket of the Iron Solari,Knight's Vow,Warden's Mail,Bramble Vest,Plated Steelcaps,Oracle Lens,Plated Steelcaps,Zhonya's Hourglass,Seraph's Embrace,Needlessly Large Rod,Rod of Ages,Void Staff,Farsight Alteration,Heartsteel,Unending Despair,Knight's Vow,Mercury's Treads,"Jak'Sho, The Protean",No_Item,Oracle Lens,Mortal Reminder,Kraken Slayer,Berserker's Greaves,Navori Flickerblade,Bloodthirster,Guardian Angel,Farsight Alteration,Essence Reaver,Berserker's Greaves,Infinity Edge,Lord Dominik's Regards,Rapid Firecannon,Bloodthirster,Farsight Alteration,Imperial Mandate,Solstice Sleigh,Moonstone Renewer,Aether Wisp,Ardent Censer,Boots of Swiftness,Oracle Lens,Fleet Footwork,Resolve,Conqueror,Inspiration,Electrocute,Sorcery,Conqueror,Inspiration,Guardian,Precision,Phase Rush,Resolve,Grasp of the Undying,Inspiration,Press the Attack,Resolve,Press the Attack,Inspiration,Summon Aery,Domination,Teleport,Flash,Smite,Flash,Flash,Teleport,Flash,Barrier,Flash,Exhaust,Flash,Teleport,Flash,Smite,Flash,Teleport,Barrier,Flash,Flash,Heal,0,6,2,0,0,0
https://www.op.gg/summoners/euw/KC%20NEXT%20ADKING-EUW/matches/uRd1PvnOddoUsHJzVVJYprrjB_G8cBBL-L4URwl7bQI%3D/1732808080000,1,31,23,23,31,26,40,70,89,32,26,2,1,1,0,7,3,3,1,59635,51010,15.2,13.6,894,800,31.6,28.4,8625,-8625,2119.010152284264,1812.53807106599,Ambessa,Rengar,Syndra,Ziggs,Rell,Aurora,Wukong,Akali,Corki,Rakan,Doran's Shield,Eclipse,Maw of Malmortius,Boots,Tunneler,Ruby Crystal,Oracle Lens,Serylda's Grudge,Profane Hydra,Youmuu's Ghostblade,Edge of Night,Ionian Boots of Lucidity,Long Sword,Oracle Lens,Cosmic Drive,Seeker's Armguard,Dark Seal,Sorcerer's Shoes,Blackfire Torch,Rabadon's Deathcap,Farsight Alteration,Horizon Focus,Seraph's Embrace,Luden's Companion,Sorcerer's Shoes,Needlessly Large Rod,Dark Seal,Farsight Alteration,Solstice Sleigh,No_Item,Locket of the Iron Solari,Zeke's Convergence,Ionian Boots of Lucidity,Ruby Crystal,Oracle Lens,Zhonya's Hourglass,Amplifying Tome,Malignance,Dark Seal,Sorcerer's Shoes,Doran's Ring,Oracle Lens,Trinity Force,Sterak's Gage,Sundered Sky,Plated Steelcaps,No_Item,No_Item,Oracle Lens,Blighting Jewel,Blasting Wand,Verdant Barrier,Mercury's Treads,Shadowflame,Lich Bane,Oracle Lens,Muramana,Rapid Firecannon,Cloak of Agility,Trinity Force,Plated Steelcaps,No_Item,Farsight Alteration,Locket of the Iron Solari,Celestial Opposition,No_Item,Chain Vest,Kindlegem,Mercury's Treads,Oracle Lens,Grasp of the Undying,Domination,Conqueror,Domination,First Strike,Sorcery,Arcane Comet,Inspiration,Aftershock,Inspiration,Electrocute,Inspiration,Conqueror,Inspiration,Electrocute,Resolve,Conqueror,Inspiration,Guardian,Domination,Teleport,Flash,Flash,Smite,Teleport,Flash,Flash,Teleport,Flash,Ignite,Teleport,Flash,Smite,Flash,Flash,Teleport,Flash,Teleport,Flash,Heal,0,3,1,1,3,0
https://www.op.gg/summoners/euw/KC%20NEXT%20ADKING-EUW/matches/uRd1PvnOddoGhE79fmdH92hSlO9H6-9EApKQ91MP7Jk%3D/1732805930000,0,5,19,19,5,31,8,55,48,15,21,0,1,0,0,1,3,0,1,31035,38704,10.4,11.6,598,659,31.0,34.1,-7669,7669,1602.6270491803277,1998.6491803278686,Ornn,Jarvan IV,Syndra,Ashe,Pyke,Illaoi,Dr. Mundo,Lux,Kog'Maw,Rakan,Boots,Bramble Vest,Tear of the Goddess,Heartsteel,No_Item,Null-Magic Mantle,Farsight Alteration,Long Sword,Boots of Swiftness,Ruby Crystal,Pickaxe,No_Item,Sundered Sky,Stealth Ward,Luden's Companion,Needlessly Large Rod,Control Ward,Dark Seal,Hextech Alternator,Sorcerer's Shoes,Farsight Alteration,Kraken Slayer,Berserker's Greaves,Doran's Blade,Zeal,Dagger,Dagger,Farsight Alteration,Bloodsong,Refillable Potion,Umbral Glaive,Synchronized Souls,No_Item,No_Item,Oracle Lens,Black Cleaver,Refillable Potion,Plated Steelcaps,Sundered Sky,Pickaxe,No_Item,Stealth Ward,Unending Despair,Heartsteel,Boots of Swiftness,No_Item,No_Item,No_Item,Eye of the Herald,Doran's Ring,Luden's Companion,Dark Seal,Sorcerer's Shoes,Hextech Alternator,Amplifying Tome,Farsight Alteration,Amplifying Tome,Doran's Ring,No_Item,Sorcerer's Shoes,Seraph's Embrace,Luden's Companion,Farsight Alteration,Celestial Opposition,Mercury's Treads,Locket of the Iron Solari,Control Ward,No_Item,No_Item,Oracle Lens,Grasp of the Undying,Inspiration,Conqueror,Inspiration,First Strike,Sorcery,Lethal Tempo,Inspiration,Hail of Blades,Inspiration,Conqueror,Resolve,Fleet Footwork,Inspiration,Arcane Comet,Domination,Arcane Comet,Precision,Guardian,Domination,Teleport,Flash,Flash,Smite,Flash,Teleport,Flash,Barrier,Flash,Ignite,Flash,Teleport,Flash,Smite,Flash,Teleport,Flash,Teleport,Flash,Heal,0,3,0,1,0,0
https://www.op.gg/summoners/euw/KC%20NEXT%20ADKING-EUW/matches/uRd1PvnOddrIV65E_QcrIAQ3nJJ_1SyAVwD8z0vSOds%3D/1732746960000,0,17,23,23,17,44,21,48,73,21,18,0,3,0,1,0,10,0,4,42299,54136,12.0,13.8,746,788,30.2,31.9,-11837,11837,1701.4122905027932,2177.537430167598,K'Sante,Sejuani,Yasuo,Corki,Lux,Gnar,Vi,Akali,Ziggs,Nami,Doran's Shield,Plated Steelcaps,Iceborn Gauntlet,Negatron Cloak,Spectre's Cowl,No_Item,Stealth Ward,Kaenic Rookern,Sunfire Aegis,Ionian Boots of Lucidity,Control Ward,Winged Moonplate,Giant's Belt,Oracle Lens,Doran's Shield,Tiamat,Berserker's Greaves,Blade of The Ruined King,Phage,Dagger,Oracle Lens,Doran's Blade,Mercury's Treads,Muramana,Hexdrinker,Trinity Force,No_Item,Farsight Alteration,Boots of Swiftness,Luden's Companion,Hextech Alternator,Zaz'Zak's Realmspike,Amplifying Tome,No_Item,Oracle Lens,Ruby Crystal,Doran's Shield,No_Item,Plated Steelcaps,Trinity Force,Black Cleaver,Farsight Alteration,Sundered Sky,Control Ward,Black Cleaver,Sterak's Gage,No_Item,Slightly Magical Footwear,Oracle Lens,Blighting Jewel,Hextech Rocketbelt,Zhonya's Hourglass,Blasting Wand,Shadowflame,Sorcerer's Shoes,Stealth Ward,Seraph's Embrace,Luden's Companion,Control Ward,Fiendish Codex,Fiendish Codex,Sorcerer's Shoes,Farsight Alteration,Boots of Swiftness,Solstice Sleigh,Control Ward,Shurelya's Battlesong,No_Item,Imperial Mandate,Oracle Lens,Grasp of the Undying,Inspiration,Aftershock,Precision,Lethal Tempo,Resolve,Hail of Blades,Inspiration,Arcane Comet,Precision,Grasp of the Undying,Precision,Conqueror,Inspiration,Conqueror,Resolve,Arcane Comet,Inspiration,Summon Aery,Domination,Flash,Teleport,Flash,Smite,Teleport,Flash,Teleport,Flash,Flash,Heal,Flash,Teleport,Smite,Flash,Flash,Teleport,Flash,Teleport,Flash,Heal,0,3,0,1,3,2
https://www.op.gg/summoners/euw/KC%20NEXT%20ADKING-EUW/matches/uRd1PvnOddqZvOO2ukNvf-XaVP08Aj2uwwilKyxb4yE%3D/1732744722000,0,35,37,37,35,60,67,91,103,31,29,0,4,0,1,2,10,0,5,62639,73955,16.0,16.6,898,1079,26.6,32.0,-11316,11316,1868.6424369747897,2206.2205882352937,Zilean,Viego,Yasuo,Jinx,Xerath,Yone,Graves,Akali,Ziggs,Blitzcrank,Frozen Heart,Abyssal Mask,Seraph's Embrace,Ionian Boots of Lucidity,No_Item,No_Item,Stealth Ward,Mercury's Treads,Trinity Force,Control Ward,Sterak's Gage,Wit's End,Sundered Sky,Oracle Lens,Doran's Blade,Stridebreaker,Berserker's Greaves,Blade of The Ruined King,Immortal Shieldbow,Pickaxe,Farsight Alteration,Immortal Shieldbow,Berserker's Greaves,Infinity Edge,Rapid Firecannon,The Collector,No_Item,Farsight Alteration,No_Item,Sorcerer's Shoes,Zaz'Zak's Realmspike,Imperial Mandate,Cryptbloom,Blasting Wand,Oracle Lens,Berserker's Greaves,Infinity Edge,Blade of The Ruined King,Control Ward,Immortal Shieldbow,Steel Sigil,Farsight Alteration,The Collector,Youmuu's Ghostblade,Boots of Swiftness,Immortal Shieldbow,Executioner's Calling,Cloak of Agility,Stealth Ward,Rabadon's Deathcap,Stormsurge,Zhonya's Hourglass,Sorcerer's Shoes,Shadowflame,Needlessly Large Rod,Oracle Lens,Rabadon's Deathcap,Sorcerer's Shoes,Blighting Jewel,Luden's Companion,Seraph's Embrace,Horizon Focus,Farsight Alteration,Celestial Opposition,Locket of the Iron Solari,Redemption,Zeke's Convergence,Boots of Swiftness,Control Ward,Oracle Lens,Summon Aery,Resolve,Conqueror,Inspiration,Lethal Tempo,Resolve,Lethal Tempo,Inspiration,Arcane Comet,Precision,Lethal Tempo,Resolve,Dark Harvest,Precision,Electrocute,Resolve,Arcane Comet,Inspiration,Glacial Augment,Sorcery,Teleport,Flash,Flash,Smite,Teleport,Flash,Barrier,Flash,Flash,Heal,Flash,Teleport,Flash,Smite,Flash,Teleport,Flash,Teleport,Flash,Ignite,1,3,0,0,3,2
https://www.op.gg/summoners/euw/KC%20NEXT%20ADKING-EUW/matches/uRd1PvnOddqD7NESEb6Cpxp-Uj6H8mWKCiIzvS07TDE%3D/1732711948000,0,52,43,43,52,86,87,120,135,52,42,2,4,0,2,6,7,2,6,83805,83576,17.4,17.8,1069,1149,26.2,28.099999999999998,229,-229,2042.3067226890755,2036.7260504201681,Aurora,Skarner,Zed,Draven,Pyke,Gnar,Brand,Ambessa,Ezreal,Rakan,Seeker's Armguard,Malignance,Cosmic Drive,Rabadon's Deathcap,Boots of Swiftness,Void Staff,Oracle Lens,"Jak'Sho, The Protean",Heartsteel,Unending Despair,Spirit Visage,Thornmail,Mercury's Treads,Oracle Lens,Opportunity,Voltaic Cyclosword,Serpent's Fang,Ionian Boots of Lucidity,Serylda's Grudge,Death's Dance,Oracle Lens,Maw of Malmortius,Berserker's Greaves,Infinity Edge,The Collector,Bloodthirster,Lord Dominik's Regards,Farsight Alteration,Youmuu's Ghostblade,Bloodsong,Watchful Wardstone,Edge of Night,Synchronized Souls,Umbral Glaive,Oracle Lens,Doran's Shield,Randuin's Omen,Sterak's Gage,Mercury's Treads,Trinity Force,Black Cleaver,Farsight Alteration,Banshee's Veil,Zhonya's Hourglass,Rabadon's Deathcap,Sorcerer's Shoes,Rylai's Crystal Scepter,Liandry's Torment,Oracle Lens,Eclipse,Voltaic Cyclosword,Plated Steelcaps,Sundered Sky,Death's Dance,Ruby Crystal,Stealth Ward,Trinity Force,Muramana,Bloodthirster,Serylda's Grudge,Frozen Heart,Ionian Boots of Lucidity,Farsight Alteration,Celestial Opposition,Locket of the Iron Solari,Knight's Vow,Abyssal Mask,Ionian Boots of Lucidity,Watchful Wardstone,Oracle Lens,Electrocute,Sorcery,Grasp of the Undying,Inspiration,Electrocute,Precision,Press the Attack,Domination,Hail of Blades,Sorcery,Fleet Footwork,Resolve,Conqueror,Sorcery,Electrocute,Resolve,Press the Attack,Inspiration,Guardian,Domination,Teleport,Flash,Flash,Smite,Teleport,Flash,Barrier,Flash,Flash,Ignite,Teleport,Flash,Smite,Flash,Teleport,Flash,Flash,Barrier,Ignite,Flash,1,6,0,0,0,1
https://www.op.gg/summoners/euw/KC%20NEXT%20ADKING-EUW/matches/uRd1PvnOddoVaJ_dJ3BVAElEqnphxbwNY-uLtRiqeMA%3D/1732645893000,1,17,7,7,17,7,18,47,29,7,10,2,0,0,0,2,0,2,0,33562,24918,10.0,9.0,534,441,34.6,28.5,8644,-8644,2173.277049180328,1613.5426229508198,Sylas,Vi,Irelia,Draven,Poppy,Aurora,Wukong,Galio,Varus,Renata Glasc,Doran's Ring,Hextech Rocketbelt,Refillable Potion,Dark Seal,Boots,Amplifying Tome,Farsight Alteration,No_Item,Sundered Sky,No_Item,Slightly Magical Footwear,No_Item,No_Item,Oracle Lens,Doran's Shield,Rectrix,Blade of The Ruined King,Control Ward,Plated Steelcaps,Hearthbound Axe,Stealth Ward,Hubris,Pickaxe,Boots,Cloak of Agility,Doran's Blade,B. F. Sword,Farsight Alteration,Dead Man's Plate,Bloodsong,Ruby Crystal,Control Ward,No_Item,Boots of Swiftness,Oracle Lens,Doran's Ring,Refillable Potion,Boots,Liandry's Torment,No_Item,Dark Seal,Farsight Alteration,Gustwalker Hatchling,Trinity Force,Kindlegem,Slightly Magical Footwear,Phage,No_Item,Oracle Lens,Dark Seal,Hollow Radiance,Doran's Ring,Refillable Potion,Plated Steelcaps,No_Item,Stealth Ward,Doran's Blade,Boots,Blade of The Ruined King,Cull,Dagger,Dagger,Farsight Alteration,Celestial Opposition,Kindlegem,Boots of Swiftness,Cloth Armor,Null-Magic Mantle,No_Item,Oracle Lens,Conqueror,Resolve,Conqueror,Inspiration,Conqueror,Resolve,Lethal Tempo,Inspiration,Hail of Blades,Inspiration,Grasp of the Undying,Sorcery,Conqueror,Inspiration,Aftershock,Domination,Lethal Tempo,Inspiration,Guardian,Domination,Flash,Teleport,Flash,Smite,Flash,Teleport,Flash,Cleanse,Flash,Ignite,Teleport,Flash,Flash,Smite,Flash,Teleport,Barrier,Flash,Heal,Flash,0,6,0,0,0,0
https://www.op.gg/summoners/euw/KC%20NEXT%20ADKING-EUW/matches/34-jfPz6TmzyNgtQ3h7W4TbKdKFl13BF5nI0o2amkG0%3D/1732292089000,0,17,35,35,17,51,19,98,87,34,39,1,4,0,2,2,9,1,6,55000,70732,15.0,17.0,999,1058,31.599999999999998,33.5,-15732,15732,1743.1693989071039,2241.7792349726774,K'Sante,Kindred,Irelia,Ziggs,Rakan,Vayne,Vi,Akali,Kog'Maw,Pyke,Iceborn Gauntlet,Plated Steelcaps,Thornmail,Kindlegem,Spectre's Cowl,No_Item,Stealth Ward,Black Cleaver,Kraken Slayer,Plated Steelcaps,Wit's End,Sheen,Ruby Crystal,Oracle Lens,Blade of The Ruined King,Wit's End,Sundered Sky,Doran's Blade,Cloth Armor,Mercury's Treads,Farsight Alteration,Dark Seal,Sorcerer's Shoes,Blighting Jewel,Luden's Companion,Rabadon's Deathcap,Seraph's Embrace,Farsight Alteration,Zeke's Convergence,Locket of the Iron Solari,Ruby Crystal,Solstice Sleigh,Control Ward,Ionian Boots of Lucidity,Oracle Lens,Blade of The Ruined King,Berserker's Greaves,Guinsoo's Rageblade,Hearthbound Axe,Trinity Force,Your Cut,Farsight Alteration,Sundered Sky,Sterak's Gage,No_Item,Null-Magic Mantle,Plated Steelcaps,Trinity Force,Oracle Lens,Shadowflame,Shattered Armguard,Sorcerer's Shoes,Lich Bane,Void Staff,Needlessly Large Rod,Oracle Lens,Void Staff,Needlessly Large Rod,Needlessly Large Rod,Shadowflame,Luden's Companion,Sorcerer's Shoes,Farsight Alteration,Serrated Dirk,Youmuu's Ghostblade,Celestial Opposition,Boots of Swiftness,Edge of Night,No_Item,Oracle Lens,Grasp of the Undying,Inspiration,Press the Attack,Inspiration,Conqueror,Inspiration,Arcane Comet,Inspiration,Guardian,Domination,Fleet Footwork,Sorcery,Conqueror,Inspiration,Electrocute,Resolve,Arcane Comet,Precision,Hail of Blades,Sorcery,Teleport,Flash,Flash,Smite,Teleport,Flash,Flash,Teleport,Ignite,Flash,Flash,Ghost,Flash,Smite,Teleport,Flash,Flash,Teleport,Ignite,Flash,0,6,0,1,0,3
,,-1,-1,-1,-1,-1,-1,-1,-1,-1,-1,-1,-1,-1,-1,-1,-1,-1,-1,-1,-1,-1.0,-1.0,-1,-1,-1.0,-1.0,-1,-1,-1.0,-1.0,,,,,,,,,,,,,,,,,,,,,,,,,,,,,,,,,,,,,,,,,,,,,,,,,,,,,,,,,,,,,,,,,,,,,,,,,,,,,,,,,,,,,,,,,,,,,,,,,,,,,,,,,,,,,,,,,,,,,,,,,-1,-1,-1,-1,-1,-1
https://www.op.gg/summoners/euw/KC%20NEXT%20ADKING-EUW/matches/34-jfPz6TmwL-GzVduT_XT3WU4vAzqjxjBhAUhXkcks%3D/1732288230000,0,31,49,49,31,81,47,101,93,32,39,2,1,0,1,3,9,2,2,59413,70962,14.2,15.6,828,865,26.9,28.2,-11549,11549,1934.3767441860464,2310.3906976744183,Gnar,Viego,LeBlanc,Ezreal,Rakan,Poppy,Gragas,Taliyah,Corki,Pyke,Plated Steelcaps,Trinity Force,Black Cleaver,Pickaxe,Tunneler,Ruby Crystal,Stealth Ward,Titanic Hydra,Kraken Slayer,Death's Dance,Steel Sigil,Mercury's Treads,B. F. Sword,Stealth Ward,Shadowflame,Luden's Companion,Dark Seal,Sorcerer's Shoes,Needlessly Large Rod,Needlessly Large Rod,Oracle Lens,Ionian Boots of Lucidity,Bloodthirster,No_Item,Trinity Force,Muramana,Serylda's Grudge,Farsight Alteration,Chain Vest,Locket of the Iron Solari,Solstice Sleigh,Zeke's Convergence,Ionian Boots of Lucidity,Kindlegem,Oracle Lens,Unending Despair,No_Item,Fimbulwinter,Plated Steelcaps,Spirit Visage,Sundered Sky,Oracle Lens,Shadowflame,Ionian Boots of Lucidity,Zhonya's Hourglass,Cryptbloom,Dark Seal,Lich Bane,Oracle Lens,Liandry's Torment,Shattered Armguard,Ionian Boots of Lucidity,No_Item,Rabadon's Deathcap,Seraph's Embrace,Oracle Lens,Long Sword,Boots,Muramana,Infinity Edge,Trinity Force,Doran's Blade,Farsight Alteration,Steel Sigil,Youmuu's Ghostblade,Celestial Opposition,Edge of Night,Opportunity,Boots of Swiftness,Oracle Lens,Grasp of the Undying,Precision,Conqueror,Inspiration,Electrocute,Sorcery,Conqueror,Inspiration,Guardian,Domination,Grasp of the Undying,Inspiration,Dark Harvest,Inspiration,Phase Rush,Precision,Conqueror,Inspiration,Hail of Blades,Sorcery,Teleport,Flash,Flash,Smite,Ignite,Teleport,Flash,Barrier,Flash,Heal,Teleport,Flash,Flash,Smite,Flash,Teleport,Flash,Barrier,Ignite,Flash,0,0,0,1,3,2
https://www.op.gg/summoners/euw/KC%20NEXT%20ADKING-EUW/matches/34-jfPz6TmxQJ8OG-C5QeeMqVD0k0LT_ULMCFQy2uYQ%3D/1732286041000,1,35,39,40,35,55,59,95,84,29,37,4,1,0,1,9,4,4,2,65264,67563,15.6,15.4,897,904,27.8,28.0,-2299,2299,2008.123076923077,2078.8615384615387,Fiora,Wukong,Brand,Ezreal,Rell,Nidalee,Sylas,Yasuo,Swain,Pyke,Ravenous Hydra,Death's Dance,Trinity Force,Negatron Cloak,Ruby Crystal,Plated Steelcaps,Farsight Alteration,Negatron Cloak,Kindlegem,Black Cleaver,Sundered Sky,Trinity Force,Boots of Swiftness,Stealth Ward,Zhonya's Hourglass,Liandry's Torment,Rylai's Crystal Scepter,Dark Seal,Sorcerer's Shoes,Oblivion Orb,Farsight Alteration,Bloodthirster,Ionian Boots of Lucidity,No_Item,Serylda's Grudge,Trinity Force,Muramana,Farsight Alteration,Locket of the Iron Solari,Zeke's Convergence,Celestial Opposition,Abyssal Mask,Control Ward,Boots of Swiftness,Oracle Lens,Doran's Blade,Sundered Sky,Trinity Force,Plated Steelcaps,Executioner's Calling,Sterak's Gage,Oracle Lens,Lich Bane,Dark Seal,Zhonya's Hourglass,Rabadon's Deathcap,Slightly Magical Footwear,Amplifying Tome,Oracle Lens,Randuin's Omen,Blade of The Ruined King,Berserker's Greaves,Immortal Shieldbow,Infinity Edge,No_Item,Oracle Lens,Zhonya's Hourglass,Rylai's Crystal Scepter,Blackfire Torch,Boots of Swiftness,No_Item,Cosmic Drive,Oracle Lens,Steel Sigil,Youmuu's Ghostblade,Celestial Opposition,Boots of Swiftness,Opportunity,Edge of Night,Oracle Lens,Conqueror,Resolve,Conqueror,Inspiration,Conqueror,Sorcery,Press the Attack,Inspiration,Aftershock,Inspiration,Grasp of the Undying,Domination,Dark Harvest,Inspiration,Lethal Tempo,Resolve,Conqueror,Resolve,Hail of Blades,Sorcery,Flash,Teleport,Flash,Smite,Flash,Teleport,Flash,Barrier,Ignite,Flash,Ignite,Flash,Flash,Smite,Teleport,Flash,Flash,Teleport,Ignite,Flash,1,0,1,0,6,0
https://www.op.gg/summoners/euw/KC%20NEXT%20ADKING-EUW/matches/34-jfPz6Tmy85Ny4IMZyjovgK901-Iv1Dtr9sUmcby8%3D/1732283686000,1,36,24,24,36,35,51,68,75,29,27,3,1,1,0,9,6,4,1,60542,55383,15.2,13.2,838,832,30.7,30.400000000000002,5159,-5159,2217.8752475247525,2028.882178217822,K'Sante,Elise,Yone,Lux,Rell,Gnar,Zyra,Orianna,Draven,Pyke,Chain Vest,Iceborn Gauntlet,Unending Despair,Plated Steelcaps,Spirit Visage,Giant's Belt,Oracle Lens,Rabadon's Deathcap,Stormsurge,Sorcerer's Shoes,Mejai's Soulstealer,Rylai's Crystal Scepter,Shadowflame,Oracle Lens,Berserker's Greaves,Blade of The Ruined King,Immortal Shieldbow,Cloak of Agility,Pickaxe,No_Item,Oracle Lens,Doran's Ring,Stormsurge,Luden's Companion,Dark Seal,Sorcerer's Shoes,Needlessly Large Rod,Farsight Alteration,Celestial Opposition,Locket of the Iron Solari,Plated Steelcaps,No_Item,Zeke's Convergence,Ruby Crystal,Oracle Lens,Sterak's Gage,Doran's Blade,Plated Steelcaps,Trinity Force,Pickaxe,Kindlegem,Stealth Ward,Dark Seal,Control Ward,Sorcerer's Shoes,Liandry's Torment,Shadowflame,Amplifying Tome,Oracle Lens,Stormsurge,Luden's Companion,Sorcerer's Shoes,Dark Seal,Needlessly Large Rod,Needlessly Large Rod,Farsight Alteration,Infinity Edge,Lord Dominik's Regards,Quicksilver Sash,Berserker's Greaves,The Collector,Hubris,Farsight Alteration,Edge of Night,Youmuu's Ghostblade,Celestial Opposition,Boots of Swiftness,Long Sword,Long Sword,Oracle Lens,Grasp of the Undying,Domination,Dark Harvest,Precision,Fleet Footwork,Resolve,Arcane Comet,Domination,Aftershock,Inspiration,Grasp of the Undying,Precision,Electrocute,Precision,Summon Aery,Inspiration,Lethal Tempo,Inspiration,Hail of Blades,Sorcery,Teleport,Flash,Flash,Smite,Teleport,Flash,Flash,Barrier,Flash,Ignite,Teleport,Flash,Flash,Smite,Flash,Teleport,Flash,Cleanse,Ignite,Flash,1,3,1,0,3,0
https://www.op.gg/summoners/euw/KC%20NEXT%20ADKING-EUW/matches/34-jfPz6Tmwrtij8ABs6YdZKpNm0Pu4JsoWdNFhK1eA%3D/1732281534000,1,33,16,16,33,34,67,71,53,18,28,2,1,1,0,11,0,3,1,57969,48732,14.6,14.2,806,842,31.0,32.5,9237,-9237,2224.391860465116,1869.9488372093022,Gragas,Wukong,Ziggs,Ashe,Nautilus,Gnar,Viego,Kassadin,Jinx,Lulu,Lost Chapter,Hextech Rocketbelt,Amplifying Tome,Cosmic Drive,Doran's Ring,Boots of Swiftness,Farsight Alteration,No_Item,No_Item,Sterak's Gage,Trinity Force,Sundered Sky,Boots of Swiftness,Stealth Ward,Seraph's Embrace,Luden's Companion,No_Item,Sorcerer's Shoes,Horizon Focus,No_Item,Farsight Alteration,No_Item,Infinity Edge,Bloodthirster,Kraken Slayer,Phantom Dancer,Berserker's Greaves,Farsight Alteration,Bloodsong,Locket of the Iron Solari,No_Item,Knight's Vow,Kindlegem,Plated Steelcaps,Oracle Lens,Sterak's Gage,Mercury's Treads,Trinity Force,No_Item,No_Item,No_Item,Stealth Ward,Titanic Hydra,No_Item,Kraken Slayer,Plated Steelcaps,Tunneler,Pickaxe,Oracle Lens,Mercury's Treads,Rod of Ages,Seraph's Embrace,Dark Seal,Rabadon's Deathcap,Lost Chapter,Farsight Alteration,Berserker's Greaves,Infinity Edge,Zeal,Yun Tal Wildarrows,Scout's Slingshot,Doran's Blade,Farsight Alteration,Refillable Potion,Ionian Boots of Lucidity,Dream Maker,Moonstone Renewer,Forbidden Idol,Kindlegem,Oracle Lens,Phase Rush,Inspiration,Conqueror,Inspiration,Arcane Comet,Precision,Lethal Tempo,Inspiration,Aftershock,Inspiration,Grasp of the Undying,Precision,Conqueror,Inspiration,Fleet Footwork,Resolve,Lethal Tempo,Sorcery,Summon Aery,Resolve,Teleport,Flash,Flash,Smite,Teleport,Flash,Flash,Barrier,Flash,Ignite,Teleport,Flash,Smite,Flash,Flash,Teleport,Flash,Barrier,Heal,Flash,1,3,4,0,3,0
https://www.op.gg/summoners/euw/KC%20NEXT%20ADKING-EUW/matches/34-jfPz6TmwHIVu-NTRguhW_IPNutNsFdynyh29Izs4%3D/1732274774000,1,38,29,30,38,51,63,71,100,35,17,1,3,2,0,11,3,3,3,67358,59270,16.0,15.0,862,902,28.2,29.5,8088,-8088,2195.149107142857,1931.5669642857142,K'Sante,Zac,Ahri,Caitlyn,Leona,Ambessa,Teemo,Sylas,Draven,Rakan,"Jak'Sho, The Protean",Randuin's Omen,Plated Steelcaps,Thornmail,Iceborn Gauntlet,No_Item,Oracle Lens,Spirit Visage,Sunfire Aegis,Dark Seal,"Jak'Sho, The Protean",Ionian Boots of Lucidity,Warden's Mail,Oracle Lens,Needlessly Large Rod,Malignance,Sorcerer's Shoes,Horizon Focus,Void Staff,Rabadon's Deathcap,Oracle Lens,Executioner's Calling,The Collector,Last Whisper,Rapid Firecannon,Plated Steelcaps,Infinity Edge,Farsight Alteration,Locket of the Iron Solari,Celestial Opposition,No_Item,Plated Steelcaps,Ruby Crystal,Knight's Vow,Oracle Lens,Pickaxe,Eclipse,Black Cleaver,Spear of Shojin,Mercury's Treads,Tunneler,Oracle Lens,Liandry's Torment,Sorcerer's Shoes,Nashor's Tooth,Malignance,Blighting Jewel,Blasting Wand,Stealth Ward,Zhonya's Hourglass,Hextech Rocketbelt,Fiendish Codex,Sorcerer's Shoes,Cosmic Drive,No_Item,Stealth Ward,Yun Tal Wildarrows,Hubris,Cloak of Agility,Berserker's Greaves,Mortal Reminder,B. F. Sword,Farsight Alteration,Solstice Sleigh,Locket of the Iron Solari,Zeke's Convergence,Mercury's Treads,Control Ward,No_Item,Oracle Lens,Aftershock,Inspiration,Aftershock,Precision,Electrocute,Sorcery,First Strike,Sorcery,Aftershock,Inspiration,Conqueror,Domination,Press the Attack,Sorcery,Conqueror,Sorcery,Lethal Tempo,Sorcery,Guardian,Domination,Flash,Teleport,Flash,Smite,Teleport,Flash,Barrier,Flash,Ignite,Flash,Flash,Teleport,Flash,Smite,Teleport,Flash,Flash,Cleanse,Heal,Flash,0,6,5,1,0,0
https://www.op.gg/summoners/euw/KC%20NEXT%20ADKING-EUW/matches/34-jfPz6Tmx1FmMgAC0rlecfs-NxjEgmkxtcE1IeEGM%3D/1732270416000,1,24,13,13,24,23,48,88,96,46,42,4,0,1,0,8,1,5,0,59477,49014,15.0,13.8,944,918,32.1,31.2,10463,-10463,2009.7251141552513,1656.1808219178083,Singed,Xin Zhao,Hwei,Draven,Karma,Aurora,Jarvan IV,Orianna,Caitlyn,Poppy,Rylai's Crystal Scepter,Randuin's Omen,Boots of Swiftness,Fimbulwinter,No_Item,Doran's Ring,Farsight Alteration,Sundered Sky,Randuin's Omen,Titanic Hydra,Mercury's Treads,Cloth Armor,Ruby Crystal,Oracle Lens,Sorcerer's Shoes,Control Ward,Shadowflame,Void Staff,Blackfire Torch,Horizon Focus,Farsight Alteration,Youmuu's Ghostblade,Doran's Blade,B. F. Sword,Lord Dominik's Regards,Plated Steelcaps,The Collector,Farsight Alteration,Ionian Boots of Lucidity,Imperial Mandate,Control Ward,Dream Maker,Echoes of Helia,Kindlegem,Oracle Lens,Doran's Ring,Boots of Swiftness,Liandry's Torment,Cosmic Drive,Glowing Mote,Haunting Guise,Farsight Alteration,Steel Sigil,Sundered Sky,Caulfield's Warhammer,Hexdrinker,Mercury's Treads,No_Item,Oracle Lens,Needlessly Large Rod,No_Item,No_Item,Luden's Companion,Shadowflame,Sorcerer's Shoes,Farsight Alteration,Pickaxe,Berserker's Greaves,B. F. Sword,Infinity Edge,Lord Dominik's Regards,The Collector,Farsight Alteration,Bloodsong,Dead Man's Plate,Kindlegem,Boots of Swiftness,Null-Magic Mantle,Cloth Armor,Oracle Lens,Summon Aery,Resolve,Conqueror,Inspiration,Arcane Comet,Inspiration,Fleet Footwork,Inspiration,Arcane Comet,Precision,Grasp of the Undying,Precision,Conqueror,Inspiration,Arcane Comet,Inspiration,Hail of Blades,Sorcery,Hail of Blades,Inspiration,Ghost,Flash,Flash,Smite,Flash,Teleport,Flash,Barrier,Flash,Ignite,Teleport,Flash,Smite,Flash,Flash,Teleport,Flash,Barrier,Flash,Ignite,1,3,2,0,3,0
https://www.op.gg/summoners/euw/KC%20NEXT%20ADKING-EUW/matches/34-jfPz6Tmwa8ROYPOdDqzRtjrzGz8dATHMEUX5UU1g%3D/1732221490000,1,37,41,41,37,57,58,101,88,37,42,2,3,1,0,8,2,3,3,69825,65363,16.0,16.0,984,992,30.5,30.7,4462,-4462,2163.5915492957747,2025.3323943661971,Riven,Zac,Syndra,Corki,Camille,Aurora,Ambessa,Akali,Ezreal,Gragas,Doran's Shield,Death's Dance,Sundered Sky,Ionian Boots of Lucidity,Null-Magic Mantle,Eclipse,Oracle Lens,Dark Seal,Randuin's Omen,Spirit Visage,Sunfire Aegis,Spectre's Cowl,Ionian Boots of Lucidity,Oracle Lens,Luden's Companion,Rabadon's Deathcap,Shadowflame,Sorcerer's Shoes,Stormsurge,No_Item,Farsight Alteration,Pickaxe,Muramana,Plated Steelcaps,Trinity Force,Rapid Firecannon,Infinity Edge,Farsight Alteration,Bloodsong,Mercury's Treads,Sterak's Gage,No_Item,Sundered Sky,Spectre's Cowl,Oracle Lens,Needlessly Large Rod,Liandry's Torment,Seeker's Armguard,Sorcerer's Shoes,Riftmaker,Malignance,Stealth Ward,Sterak's Gage,Spear of Shojin,Control Ward,Eclipse,Voltaic Cyclosword,Plated Steelcaps,Oracle Lens,Rabadon's Deathcap,Sorcerer's Shoes,Shattered Armguard,Stormsurge,Shadowflame,Dark Seal,Oracle Lens,Ionian Boots of Lucidity,Pickaxe,Tunneler,Serylda's Grudge,Muramana,Trinity Force,Farsight Alteration,Celestial Opposition,Locket of the Iron Solari,No_Item,Ionian Boots of Lucidity,Abyssal Mask,Kindlegem,Oracle Lens,Conqueror,Inspiration,Aftershock,Precision,First Strike,Sorcery,Conqueror,Inspiration,Hail of Blades,Resolve,Grasp of the Undying,Sorcery,Conqueror,Domination,Electrocute,Resolve,Conqueror,Inspiration,Guardian,Inspiration,Flash,Ignite,Smite,Flash,Flash,Teleport,Teleport,Flash,Flash,Ignite,Teleport,Flash,Flash,Smite,Flash,Ignite,Flash,Barrier,Ignite,Flash,1,3,1,0,3,0
https://www.op.gg/summoners/euw/KC%20NEXT%20ADKING-EUW/matches/34-jfPz6TmwTm9xvCDOtxP79YL5k2cXaFZqNR9Y2wnY%3D/1732209263000,1,28,13,15,28,19,48,71,66,30,26,1,3,1,0,10,3,2,3,54214,43634,13.6,12.0,733,757,29.1,30.0,10580,-10580,2157.206282722513,1736.2219895287958,Volibear,Wukong,Yone,Soraka,Leona,Ambessa,Viego,Sylas,Draven,Nautilus,Control Ward,Boots of Swiftness,Hextech Rocketbelt,Unending Despair,Cosmic Drive,Dark Seal,Oracle Lens,Trinity Force,Sundered Sky,Plated Steelcaps,Caulfield's Warhammer,Ruby Crystal,Pickaxe,Oracle Lens,Doran's Blade,Blade of The Ruined King,Immortal Shieldbow,Giant's Belt,Berserker's Greaves,No_Item,Stealth Ward,No_Item,Redemption,Ionian Boots of Lucidity,Moonstone Renewer,Dawncore,No_Item,Farsight Alteration,Bloodsong,Plated Steelcaps,Locket of the Iron Solari,Kindlegem,Bramble Vest,Chain Vest,Oracle Lens,Black Cleaver,Executioner's Calling,Long Sword,Boots,No_Item,Ravenous Hydra,Stealth Ward,Titanic Hydra,Kraken Slayer,Plated Steelcaps,Control Ward,Phage,Pickaxe,Oracle Lens,Hextech Rocketbelt,Cosmic Drive,Seeker's Armguard,Doran's Ring,No_Item,Sorcerer's Shoes,Oracle Lens,Doran's Blade,The Collector,Executioner's Calling,Boots,Infinity Edge,Cloak of Agility,Farsight Alteration,Bramble Vest,Bloodsong,Locket of the Iron Solari,Control Ward,Ruby Crystal,Mercury's Treads,Oracle Lens,Press the Attack,Resolve,Conqueror,Inspiration,Lethal Tempo,Resolve,Summon Aery,Resolve,Aftershock,Domination,Conqueror,Domination,Conqueror,Inspiration,Conqueror,Resolve,Lethal Tempo,Domination,Aftershock,Inspiration,Flash,Teleport,Flash,Smite,Flash,Teleport,Heal,Flash,Ignite,Flash,Teleport,Ignite,Flash,Smite,Flash,Teleport,Flash,Cleanse,Flash,Ignite,1,5,2,0,1,0
https://www.op.gg/summoners/euw/KC%20NEXT%20ADKING-EUW/matches/34-jfPz6TmwUPPpEUmUs0eIW91KxFhXQpQpULakYrk8%3D/1732207330000,1,37,23,23,37,49,68,112,113,40,40,4,1,0,2,9,4,4,3,74763,70902,17.2,16.8,1207,1125,34.0,31.7,3861,-3861,2096.3949324324326,1988.1304054054056,Gragas,Zac,Akshan,Jhin,Zoe,Galio,Kindred,Taliyah,Ashe,Poppy,Rabadon's Deathcap,Hextech Rocketbelt,Cosmic Drive,Void Staff,No_Item,Boots of Swiftness,Stealth Ward,Randuin's Omen,Mejai's Soulstealer,Abyssal Mask,Spirit Visage,Sunfire Aegis,Ionian Boots of Lucidity,Oracle Lens,Statikk Shiv,Mercury's Treads,The Collector,Infinity Edge,Rapid Firecannon,Doran's Blade,Farsight Alteration,Guardian Angel,The Collector,Infinity Edge,Boots of Swiftness,Rapid Firecannon,Lord Dominik's Regards,Farsight Alteration,Zaz'Zak's Realmspike,Horizon Focus,No_Item,Stormsurge,Boots of Swiftness,Blighting Jewel,Oracle Lens,Thornmail,Hollow Radiance,Riftmaker,Mercury's Treads,"Jak'Sho, The Protean",Needlessly Large Rod,Oracle Lens,Infinity Edge,Kraken Slayer,Mercury's Treads,The Collector,Lord Dominik's Regards,Zeal,Oracle Lens,Rabadon's Deathcap,Void Staff,Sorcerer's Shoes,Liandry's Torment,Seraph's Embrace,Needlessly Large Rod,Farsight Alteration,Berserker's Greaves,Kraken Slayer,Phantom Dancer,Infinity Edge,Lord Dominik's Regards,No_Item,Farsight Alteration,Bloodsong,Kindlegem,Control Ward,Boots of Swiftness,Trailblazer,Force of Nature,Oracle Lens,Phase Rush,Inspiration,Aftershock,Inspiration,Press the Attack,Inspiration,Dark Harvest,Sorcery,Summon Aery,Inspiration,Aftershock,Sorcery,Press the Attack,Domination,Phase Rush,Inspiration,Lethal Tempo,Inspiration,Hail of Blades,Inspiration,Teleport,Flash,Smite,Flash,Flash,Teleport,Flash,Barrier,Flash,Ignite,Flash,Teleport,Flash,Smite,Teleport,Flash,Flash,Cleanse,Flash,Ignite,1,1,1,0,5,0
https://www.op.gg/summoners/euw/KC%20NEXT%20ADKING-EUW/matches/34-jfPz6TmwBdhV2iSa9cE8mheCu3tTfNoKzSIhAd_s%3D/1732204408000,1,18,8,8,18,12,27,48,43,19,8,1,1,0,0,4,1,1,1,39131,32356,11.0,10.8,613,571,30.9,28.599999999999998,6775,-6775,1971.9559055118111,1630.5385826771653,Gnar,Wukong,Ahri,Ashe,Alistar,Yone,Volibear,Aurora,Tristana,Blitzcrank,Trinity Force,Ruby Crystal,Pickaxe,Long Sword,Doran's Shield,Mercury's Treads,Oracle Lens,No_Item,Trinity Force,Boots of Swiftness,Sundered Sky,Pickaxe,No_Item,Eye of the Herald,Amplifying Tome,Horizon Focus,Dark Seal,Malignance,Ionian Boots of Lucidity,Doran's Ring,Oracle Lens,Executioner's Calling,No_Item,Doran's Blade,Kraken Slayer,Phantom Dancer,Berserker's Greaves,Farsight Alteration,Boots of Swiftness,Trailblazer,Kindlegem,Celestial Opposition,Control Ward,Null-Magic Mantle,Oracle Lens,Tiamat,Berserker's Greaves,Blade of The Ruined King,Dagger,Doran's Shield,Ruby Crystal,Stealth Ward,Chain Vest,Sundered Sky,Winged Moonplate,Mercury's Treads,Ruby Crystal,No_Item,Oracle Lens,Doran's Ring,Refillable Potion,Luden's Companion,Sorcerer's Shoes,Amplifying Tome,Amplifying Tome,Stealth Ward,Berserker's Greaves,The Collector,Doran's Blade,B. F. Sword,Cloak of Agility,No_Item,Farsight Alteration,Celestial Opposition,Locket of the Iron Solari,Control Ward,Boots of Swiftness,Ruby Crystal,No_Item,Oracle Lens,Grasp of the Undying,Inspiration,Conqueror,Inspiration,Electrocute,Sorcery,Lethal Tempo,Inspiration,Phase Rush,Inspiration,Fleet Footwork,Resolve,Press the Attack,Inspiration,Electrocute,Precision,Lethal Tempo,Inspiration,Glacial Augment,Sorcery,Flash,Teleport,Smite,Flash,Flash,Teleport,Flash,Barrier,Ignite,Flash,Flash,Teleport,Flash,Smite,Flash,Teleport,Cleanse,Flash,Flash,Ignite,1,0,0,0,3,0
https://www.op.gg/summoners/euw/KC%20NEXT%20ADKING-EUW/matches/34-jfPz6TmzRYBLeUaUcqIMfOlpe4aWKYPqzH9JAk6c%3D/1732200581000,1,21,8,8,21,10,28,35,36,7,8,1,0,0,0,3,0,1,0,36369,27237,10.6,9.4,574,455,35.4,28.0,9132,-9132,2233.6866141732285,1672.8236220472443,Gragas,Rengar,Yasuo,Varus,Xerath,Aatrox,Kindred,Sylas,Ezreal,Bard,Doran's Ring,Ionian Boots of Lucidity,Tear of the Goddess,Cosmic Drive,Giant's Belt,Ruby Crystal,Stealth Ward,Boots,Profane Hydra,Youmuu's Ghostblade,Long Sword,Long Sword,No_Item,Oracle Lens,Doran's Blade,Kraken Slayer,Berserker's Greaves,Noonquiver,Pickaxe,No_Item,Farsight Alteration,Doran's Blade,Youmuu's Ghostblade,Pickaxe,Long Sword,Tear of the Goddess,Boots of Swiftness,Farsight Alteration,Zaz'Zak's Realmspike,No_Item,Luden's Companion,Dark Seal,Boots,No_Item,Oracle Lens,Plated Steelcaps,Sundered Sky,Doran's Shield,Long Sword,Refillable Potion,Long Sword,Stealth Ward,Scorchclaw Pup,The Collector,Boots,No_Item,Rectrix,Dagger,Stealth Ward,Hextech Rocketbelt,Sorcerer's Shoes,Refillable Potion,Doran's Ring,Dark Seal,Fiendish Codex,Stealth Ward,Sheen,Tear of the Goddess,Ionian Boots of Lucidity,Doran's Blade,Phage,Dagger,Stealth Ward,Bloodsong,Dead Man's Plate,No_Item,No_Item,Slightly Magical Footwear,Cloth Armor,Oracle Lens,Phase Rush,Precision,Conqueror,Domination,Lethal Tempo,Resolve,Arcane Comet,Inspiration,Arcane Comet,Domination,Conqueror,Resolve,Press the Attack,Domination,Electrocute,Resolve,Press the Attack,Inspiration,Guardian,Inspiration,Flash,Teleport,Flash,Smite,Teleport,Flash,Flash,Teleport,Flash,Heal,Teleport,Flash,Smite,Flash,Flash,Teleport,Flash,Exhaust,Ignite,Flash,0,1,0,0,2,0
https://www.op.gg/summoners/euw/KC%20NEXT%20ADKING-EUW/matches/34-jfPz6Tmy1-vwfUMc543WocYXI-3L3P8p90EE-Eok%3D/1732198936000,0,22,25,25,22,68,34,114,88,34,37,3,3,0,2,6,9,3,5,65807,72606,16.2,17.2,1130,1102,30.7,30.0,-6799,6799,1778.5675675675675,1962.3243243243244,Anivia,Shaco,Jax,Ashe,Seraphine,Zilean,Lee Sin,Yasuo,Ezreal,Neeko,Malignance,Boots of Swiftness,Fated Ashes,Catalyst of Aeons,Haunting Guise,Zhonya's Hourglass,Farsight Alteration,Infinity Edge,Youmuu's Ghostblade,Berserker's Greaves,Last Whisper,Serpent's Fang,No_Item,Oracle Lens,Plated Steelcaps,Shattered Armguard,Control Ward,Trinity Force,Sundered Sky,Sterak's Gage,Stealth Ward,Berserker's Greaves,B. F. Sword,Mortal Reminder,Kraken Slayer,Bloodthirster,Phantom Dancer,Farsight Alteration,Solstice Sleigh,Redemption,Moonstone Renewer,Ionian Boots of Lucidity,Dark Seal,Kindlegem,Oracle Lens,Glacial Buckler,Seraph's Embrace,Ionian Boots of Lucidity,Cosmic Drive,Warden's Mail,Control Ward,Stealth Ward,Control Ward,Sundered Sky,Plated Steelcaps,Sterak's Gage,Chempunk Chainsword,Spirit Visage,Stealth Ward,Doran's Shield,Stridebreaker,Berserker's Greaves,Blade of The Ruined King,Immortal Shieldbow,Infinity Edge,Oracle Lens,Tunneler,Muramana,Pickaxe,Serylda's Grudge,Trinity Force,Ionian Boots of Lucidity,Farsight Alteration,Banshee's Veil,Shattered Armguard,Hextech Rocketbelt,Ionian Boots of Lucidity,Control Ward,Celestial Opposition,Oracle Lens,Electrocute,Precision,Hail of Blades,Inspiration,Grasp of the Undying,Inspiration,Lethal Tempo,Inspiration,Summon Aery,Inspiration,Summon Aery,Resolve,Conqueror,Inspiration,Grasp of the Undying,Precision,Press the Attack,Sorcery,Arcane Comet,Domination,Teleport,Flash,Smite,Ignite,Teleport,Flash,Flash,Barrier,Flash,Heal,Teleport,Flash,Flash,Smite,Teleport,Flash,Flash,Barrier,Flash,Heal,1,2,0,0,4,1
https://www.op.gg/summoners/euw/KC%20NEXT%20ADKING-EUW/matches/34-jfPz6Tmwv2kn09edMxQwxe2VgACxw79RahGh82W4%3D/1732190439000,1,22,12,12,22,16,23,53,36,10,10,2,0,1,0,4,2,3,0,45963,37184,13.4,11.4,748,670,33.9,30.3,8779,-8779,2080.4305263157894,1683.0652631578948,Sylas,Shaco,Naafiri,Kai'Sa,Lulu,Jax,Wukong,Ahri,Ezreal,Blitzcrank,Zhonya's Hourglass,Cosmic Drive,Hextech Rocketbelt,Ionian Boots of Lucidity,Dark Seal,Needlessly Large Rod,Oracle Lens,Infinity Edge,Youmuu's Ghostblade,Berserker's Greaves,Cloak of Agility,No_Item,No_Item,Oracle Lens,Refillable Potion,Long Sword,Doran's Blade,Hubris,Eclipse,Boots,Farsight Alteration,Doran's Blade,Berserker's Greaves,No_Item,Phantom Dancer,The Collector,Kraken Slayer,Farsight Alteration,Dream Maker,Ionian Boots of Lucidity,Moonstone Renewer,Kindlegem,Forbidden Idol,No_Item,Oracle Lens,Doran's Blade,Ruby Crystal,Trinity Force,Plated Steelcaps,Tunneler,Caulfield's Warhammer,Stealth Ward,Caulfield's Warhammer,Trinity Force,Tunneler,Boots of Swiftness,No_Item,Ruby Crystal,Oracle Lens,Doran's Ring,Horizon Focus,Malignance,Ionian Boots of Lucidity,Dark Seal,Blighting Jewel,Stealth Ward,Slightly Magical Footwear,Trinity Force,Muramana,Long Sword,Doran's Blade,No_Item,Farsight Alteration,Refillable Potion,Bloodsong,Locket of the Iron Solari,Ruby Crystal,Synchronized Souls,Cloth Armor,Oracle Lens,Conqueror,Resolve,Hail of Blades,Inspiration,Conqueror,Domination,Lethal Tempo,Inspiration,Summon Aery,Inspiration,Grasp of the Undying,Inspiration,Conqueror,Inspiration,Electrocute,Sorcery,Press the Attack,Inspiration,Glacial Augment,Sorcery,Teleport,Flash,Smite,Ignite,Flash,Teleport,Flash,Barrier,Flash,Heal,Teleport,Flash,Flash,Smite,Teleport,Flash,Flash,Barrier,Flash,Ignite,1,1,0,0,0,0
https://www.op.gg/summoners/euw/KC%20NEXT%20ADKING-EUW/matches/34-jfPz6Tmyn1i1QVlUtT6GfaWTl6NTsoKVD96AgjxU%3D/1732188249000,0,34,45,45,34,65,63,77,98,33,41,1,3,0,2,3,9,1,5,63749,72976,15.4,16.4,963,992,30.3,31.3,-9227,9227,2001.0896860986547,2290.7264573991033,Rumble,Taliyah,Corki,Xayah,Rell,Galio,Warwick,Orianna,Jinx,Pyke,Needlessly Large Rod,Liandry's Torment,Sorcerer's Shoes,Void Staff,Amplifying Tome,Riftmaker,Farsight Alteration,Liandry's Torment,Blackfire Torch,Needlessly Large Rod,Sorcerer's Shoes,Void Staff,Needlessly Large Rod,Oracle Lens,Infinity Edge,Trinity Force,No_Item,Muramana,Berserker's Greaves,Rapid Firecannon,Farsight Alteration,Berserker's Greaves,Infinity Edge,Essence Reaver,Navori Flickerblade,Last Whisper,Executioner's Calling,Farsight Alteration,Celestial Opposition,Locket of the Iron Solari,Ionian Boots of Lucidity,Kindlegem,Zeke's Convergence,No_Item,Oracle Lens,Mercury's Treads,No_Item,Zhonya's Hourglass,Dark Seal,Riftmaker,Hollow Radiance,Oracle Lens,Kaenic Rookern,Titanic Hydra,Randuin's Omen,Mercury's Treads,B. F. Sword,Long Sword,Oracle Lens,Horizon Focus,Rabadon's Deathcap,Seraph's Embrace,Blighting Jewel,Mejai's Soulstealer,Ionian Boots of Lucidity,Farsight Alteration,Rapid Firecannon,Zephyr,Bloodthirster,Yun Tal Wildarrows,Lord Dominik's Regards,Infinity Edge,Farsight Alteration,Ionian Boots of Lucidity,Umbral Glaive,Opportunity,Bloodsong,Youmuu's Ghostblade,No_Item,Oracle Lens,Arcane Comet,Resolve,First Strike,Domination,Conqueror,Inspiration,Lethal Tempo,Inspiration,Aftershock,Inspiration,Aftershock,Sorcery,Lethal Tempo,Domination,Summon Aery,Precision,Lethal Tempo,Sorcery,Hail of Blades,Inspiration,Flash,Teleport,Flash,Smite,Flash,Teleport,Barrier,Flash,Flash,Ignite,Flash,Teleport,Ghost,Smite,Teleport,Flash,Flash,Cleanse,Flash,Ignite,1,4,0,0,2,1
https://www.op.gg/summoners/euw/KC%20NEXT%20ADKING-EUW/matches/34-jfPz6Tmzz-nHG7gmLoHhEDh6EkVHRxsOuyKnXEcM%3D/1732185885000,0,31,35,35,31,61,38,70,109,41,29,2,3,0,1,4,10,2,4,61881,70568,15.6,16.8,992,1028,29.9,30.9,-8687,8687,1859.0858369098712,2120.068669527897,Aurora,Vi,Akali,Ashe,Bard,Rumble,Udyr,Corki,Ezreal,Poppy,Sorcerer's Shoes,Malignance,Zhonya's Hourglass,Dark Seal,Liandry's Torment,Blighting Jewel,Oracle Lens,Sundered Sky,Black Cleaver,No_Item,Mercury's Treads,Abyssal Mask,No_Item,Oracle Lens,Rabadon's Deathcap,Void Staff,Stormsurge,Dark Seal,Banshee's Veil,Sorcerer's Shoes,Stealth Ward,Kraken Slayer,Wit's End,Statikk Shiv,Doran's Blade,Berserker's Greaves,Last Whisper,Farsight Alteration,Dead Man's Plate,Statikk Shiv,Bloodsong,Kaenic Rookern,Haunting Guise,Slightly Magical Footwear,Oracle Lens,Rabadon's Deathcap,Negatron Cloak,Liandry's Torment,Blighting Jewel,Shadowflame,Mercury's Treads,Oracle Lens,Unending Despair,Liandry's Torment,"Jak'Sho, The Protean",Boots of Swiftness,Kaenic Rookern,Amplifying Tome,Oracle Lens,Trinity Force,Muramana,Rapid Firecannon,B. F. Sword,Hexdrinker,Mercury's Treads,Farsight Alteration,Bloodthirster,Ionian Boots of Lucidity,No_Item,Trinity Force,Serylda's Grudge,Muramana,Farsight Alteration,Bloodsong,Locket of the Iron Solari,Mercury's Treads,Control Ward,Dead Man's Plate,Kindlegem,Oracle Lens,Arcane Comet,Domination,Conqueror,Inspiration,Electrocute,Resolve,Lethal Tempo,Inspiration,Guardian,Inspiration,Arcane Comet,Resolve,Conqueror,Resolve,Conqueror,Inspiration,Press the Attack,Inspiration,Hail of Blades,Inspiration,Flash,Teleport,Flash,Smite,Flash,Teleport,Flash,Barrier,Ignite,Flash,Flash,Teleport,Flash,Smite,Flash,Teleport,Flash,Cleanse,Flash,Ignite,1,0,0,0,6,2
https://www.op.gg/summoners/euw/KC%20NEXT%20ADKING-EUW/matches/34-jfPz6TmyY2e4-8SBnZtw6ESpX7JSlg4I-ZZBeCsU%3D/1732183539000,0,3,11,12,3,13,3,37,34,9,14,1,1,0,0,0,0,1,1,24876,26887,9.4,9.8,523,493,33.6,31.6,-2011,2011,1592.779856115108,1721.5417266187053,Renekton,Kha'Zix,Akali,Ezreal,Karma,Nasus,Lee Sin,Sylas,Ashe,Lulu,Doran's Shield,Black Cleaver,Executioner's Calling,Boots,Long Sword,No_Item,Stealth Ward,Gustwalker Hatchling,No_Item,No_Item,Long Sword,Slightly Magical Footwear,Youmuu's Ghostblade,Oracle Lens,Refillable Potion,Hextech Rocketbelt,Dark Seal,Oblivion Orb,Doran's Shield,Boots,Stealth Ward,Doran's Blade,Trinity Force,Caulfield's Warhammer,Slightly Magical Footwear,Tear of the Goddess,No_Item,Farsight Alteration,Dream Maker,Boots,Refillable Potion,Aether Wisp,Dark Seal,Bandleglass Mirror,Oracle Lens,Doran's Shield,Trinity Force,Ionian Boots of Lucidity,No_Item,No_Item,No_Item,Farsight Alteration,Scorchclaw Pup,Eclipse,Sundered Sky,Slightly Magical Footwear,No_Item,No_Item,Stealth Ward,Hextech Rocketbelt,Refillable Potion,Dark Seal,Doran's Ring,Ionian Boots of Lucidity,No_Item,Oracle Lens,Doran's Blade,Refillable Potion,Statikk Shiv,Berserker's Greaves,No_Item,No_Item,Farsight Alteration,Bandleglass Mirror,Refillable Potion,Dream Maker,Boots,Glowing Mote,Kindlegem,Oracle Lens,Conqueror,Resolve,Dark Harvest,Inspiration,Electrocute,Resolve,Press the Attack,Inspiration,Arcane Comet,Domination,Fleet Footwork,Resolve,Conqueror,Inspiration,Conqueror,Resolve,Lethal Tempo,Inspiration,Summon Aery,Resolve,Flash,Teleport,Flash,Smite,Flash,Teleport,Flash,Cleanse,Heal,Flash,Ghost,Teleport,Flash,Smite,Teleport,Flash,Flash,Barrier,Flash,Ignite,0,3,0,0,3,0
https://www.op.gg/summoners/euw/KC%20NEXT%20ADKING-EUW/matches/34-jfPz6TmzzZU5tssHiIgiWDw1zTh6V2hNCne0gcEM%3D/1732122790000,0,27,23,23,27,39,44,74,100,41,33,4,0,1,0,6,8,5,0,56960,60829,15.2,14.8,887,985,30.099999999999998,33.4,-3869,3869,1927.5437262357416,2058.4718631178707,Janna,Viego,Sylas,Corki,Leona,Fiora,Zyra,Ahri,Ashe,Bard,Dark Seal,Redemption,Shurelya's Battlesong,Control Ward,Moonstone Renewer,Boots of Swiftness,Farsight Alteration,Titanic Hydra,Kraken Slayer,Wit's End,Mercury's Treads,Tunneler,Control Ward,Oracle Lens,Mercury's Treads,Riftmaker,Hextech Rocketbelt,Seeker's Armguard,Needlessly Large Rod,Dark Seal,Farsight Alteration,Slightly Magical Footwear,Trinity Force,Muramana,Infinity Edge,Rapid Firecannon,Doran's Blade,Farsight Alteration,Bloodsong,Zeke's Convergence,Locket of the Iron Solari,Control Ward,Mercury's Treads,Kindlegem,Oracle Lens,Ravenous Hydra,Boots of Swiftness,Trinity Force,Hullbreaker,Tunneler,Pickaxe,Farsight Alteration,Verdant Barrier,Liandry's Torment,Control Ward,Sorcerer's Shoes,Oblivion Orb,Rylai's Crystal Scepter,Oracle Lens,Void Staff,Malignance,No_Item,Mercury's Treads,Horizon Focus,Dark Seal,Oracle Lens,Berserker's Greaves,Last Whisper,Cloak of Agility,Phantom Dancer,Kraken Slayer,Bloodthirster,Farsight Alteration,Bloodsong,No_Item,Cloth Armor,Heartsteel,Kindlegem,Mercury's Treads,Oracle Lens,Summon Aery,Resolve,Conqueror,Inspiration,Conqueror,Resolve,Conqueror,Inspiration,Aftershock,Domination,Grasp of the Undying,Inspiration,Arcane Comet,Precision,Summon Aery,Domination,Lethal Tempo,Inspiration,Grasp of the Undying,Domination,Flash,Heal,Flash,Smite,Flash,Teleport,Cleanse,Flash,Flash,Ignite,Teleport,Flash,Flash,Smite,Teleport,Flash,Flash,Cleanse,Flash,Ignite,0,3,1,1,3,1
https://www.op.gg/summoners/euw/KC%20NEXT%20ADKING-EUW/matches/34-jfPz6TmyR14Vm8Qwp2Yj-o_9Zx5jMjjq_IEFveEI%3D/1732120337000,0,18,37,37,19,89,40,73,102,36,37,1,3,0,1,4,8,1,4,61086,68407,15.2,16.6,1053,979,31.0,28.7,-7321,7321,1805.8270072992698,2022.2507299270071,Fiora,Jarvan IV,Orianna,Ashe,Taric,Rumble,Nocturne,Galio,Jhin,Rakan,Ravenous Hydra,Trinity Force,Death's Dance,Mercury's Treads,Cloth Armor,Doran's Shield,Farsight Alteration,Spirit Visage,Sundered Sky,Randuin's Omen,Ionian Boots of Lucidity,Black Cleaver,No_Item,Oracle Lens,Seraph's Embrace,Horizon Focus,Void Staff,Plated Steelcaps,Needlessly Large Rod,Needlessly Large Rod,Farsight Alteration,Berserker's Greaves,B. F. Sword,Pickaxe,Phantom Dancer,Kraken Slayer,Lord Dominik's Regards,Farsight Alteration,Locket of the Iron Solari,Boots of Swiftness,Celestial Opposition,Control Ward,Fimbulwinter,Kindlegem,Oracle Lens,Zhonya's Hourglass,Riftmaker,Plated Steelcaps,Oblivion Orb,Liandry's Torment,Doran's Ring,Stealth Ward,Mercury's Treads,Stridebreaker,Experimental Hexplate,Bramble Vest,Warden's Mail,Giant's Belt,Oracle Lens,Hollow Radiance,Dark Seal,Zhonya's Hourglass,Plated Steelcaps,Riftmaker,Needlessly Large Rod,Oracle Lens,Doran's Blade,Boots of Swiftness,Lord Dominik's Regards,The Collector,Infinity Edge,Rapid Firecannon,Farsight Alteration,Solstice Sleigh,Locket of the Iron Solari,Zeke's Convergence,Kindlegem,Mercury's Treads,Control Ward,Oracle Lens,Grasp of the Undying,Inspiration,Conqueror,Inspiration,Summon Aery,Inspiration,Lethal Tempo,Inspiration,Guardian,Precision,Conqueror,Resolve,Conqueror,Domination,Aftershock,Inspiration,Fleet Footwork,Inspiration,Guardian,Domination,Teleport,Flash,Flash,Smite,Teleport,Flash,Flash,Cleanse,Ignite,Flash,Teleport,Flash,Flash,Smite,Flash,Teleport,Flash,Cleanse,Flash,Heal,1,1,0,0,4,1
https://www.op.gg/summoners/euw/KC%20NEXT%20ADKING-EUW/matches/34-jfPz6TmxMDdBkoqsTsUHSiJ5f4WDg611Ld9k0J-w%3D/1732116933000,1,21,11,11,21,19,38,95,77,23,27,3,1,0,0,6,3,3,1,55206,48279,14.4,13.2,956,859,34.3,30.7,6927,-6927,1979.0830188679245,1730.7566037735849,Gwen,Graves,Karma,Ashe,Leona,Aatrox,Talon,Ornn,Ziggs,Nami,Plated Steelcaps,Nashor's Tooth,Riftmaker,Doran's Ring,Void Staff,Needlessly Large Rod,Farsight Alteration,The Collector,Opportunity,Lord Dominik's Regards,Boots,No_Item,No_Item,Oracle Lens,Ardent Censer,Control Ward,Fiendish Codex,Kindlegem,Malignance,Ionian Boots of Lucidity,Farsight Alteration,Mortal Reminder,Doran's Blade,B. F. Sword,Kraken Slayer,Berserker's Greaves,Phantom Dancer,Farsight Alteration,Boots of Swiftness,Locket of the Iron Solari,Bloodsong,Kindlegem,Control Ward,Chain Vest,Oracle Lens,Doran's Blade,Mercury's Treads,Eclipse,Sundered Sky,Tunneler,No_Item,Farsight Alteration,No_Item,Hubris,Youmuu's Ghostblade,No_Item,Axiom Arc,Ionian Boots of Lucidity,Oracle Lens,Unending Despair,Hollow Radiance,Doran's Shield,Plated Steelcaps,Spectre's Cowl,Bramble Vest,Stealth Ward,Luden's Companion,Horizon Focus,Tear of the Goddess,Sorcerer's Shoes,Shadowflame,No_Item,Farsight Alteration,Solstice Sleigh,Mikael's Blessing,Imperial Mandate,Ionian Boots of Lucidity,Dark Seal,Control Ward,Oracle Lens,Conqueror,Resolve,Dark Harvest,Precision,Arcane Comet,Resolve,Lethal Tempo,Inspiration,Aftershock,Inspiration,Conqueror,Resolve,Conqueror,Inspiration,Unsealed Spellbook,Resolve,Arcane Comet,Inspiration,Guardian,Sorcery,Teleport,Ignite,Flash,Smite,Flash,Teleport,Flash,Barrier,Ignite,Flash,Flash,Teleport,Smite,Flash,Teleport,Flash,Flash,Teleport,Flash,Heal,0,0,0,1,6,0
https://www.op.gg/summoners/euw/KC%20NEXT%20ADKING-EUW/matches/34-jfPz6Tmyi-M0JGEhC_Eueaervyf4Et_1bZzZ30wc%3D/1732114090000,0,26,40,40,26,76,57,108,130,49,58,3,2,0,2,3,11,3,4,66260,75947,16.2,17.4,1099,1105,30.7,30.900000000000002,-9687,9687,1855.28,2126.516,Lee Sin,Viego,Aurora,Ashe,Poppy,Irelia,Zac,LeBlanc,Ezreal,Bard,Steel Sigil,Boots of Swiftness,Ravenous Hydra,Black Cleaver,Sundered Sky,Sterak's Gage,Stealth Ward,Sundered Sky,Wit's End,Tunneler,Kraken Slayer,Plated Steelcaps,Pickaxe,Oracle Lens,Stormsurge,Needlessly Large Rod,Needlessly Large Rod,Void Staff,Malignance,Mercury's Treads,Farsight Alteration,Last Whisper,Cloak of Agility,Infinity Edge,Yun Tal Wildarrows,Berserker's Greaves,Executioner's Calling,Farsight Alteration,Bloodsong,Dead Man's Plate,Locket of the Iron Solari,Winged Moonplate,Bramble Vest,Boots of Swiftness,Oracle Lens,Plated Steelcaps,Blade of The Ruined King,Tunneler,Kraken Slayer,Terminus,Executioner's Calling,Oracle Lens,Randuin's Omen,Ruby Crystal,Spirit Visage,Thornmail,Sunfire Aegis,Ionian Boots of Lucidity,Oracle Lens,Void Staff,Needlessly Large Rod,Luden's Companion,Dark Seal,Mercury's Treads,Shadowflame,Oracle Lens,Spear of Shojin,Ionian Boots of Lucidity,Blade of The Ruined King,Trinity Force,Muramana,Serylda's Grudge,Farsight Alteration,No_Item,Locket of the Iron Solari,Bloodsong,Redemption,Dead Man's Plate,Boots of Swiftness,Oracle Lens,Conqueror,Resolve,Conqueror,Inspiration,Summon Aery,Resolve,Lethal Tempo,Inspiration,Hail of Blades,Inspiration,Conqueror,Inspiration,Aftershock,Inspiration,Electrocute,Sorcery,Press the Attack,Inspiration,Guardian,Domination,Flash,Teleport,Flash,Smite,Flash,Teleport,Flash,Barrier,Ignite,Flash,Teleport,Flash,Smite,Flash,Teleport,Flash,Flash,Cleanse,Exhaust,Flash,1,6,0,0,0,2
https://www.op.gg/summoners/euw/KC%20NEXT%20ADKING-EUW/matches/34-jfPz6TmwOsyavgFtC8U8tjx_6c1P51WtGZoBvkpc%3D/1732110048000,1,17,3,3,17,6,24,41,28,8,6,0,2,0,0,3,0,0,2,33428,23500,9.8,9.0,511,465,33.3,30.400000000000002,9928,-9928,2172.82,1527.5,Fiora,Nocturne,Aurora,Ezreal,Rakan,Sylas,Vi,Ryze,Caitlyn,Lulu,Ravenous Hydra,Sheen,No_Item,Slightly Magical Footwear,No_Item,Doran's Shield,Stealth Ward,Stridebreaker,No_Item,Mercury's Treads,Kindlegem,No_Item,No_Item,Oracle Lens,Amplifying Tome,Malignance,Doran's Ring,Dark Seal,Sorcerer's Shoes,Hextech Alternator,Oracle Lens,Doran's Blade,Trinity Force,Control Ward,Long Sword,Manamune,Ionian Boots of Lucidity,Farsight Alteration,Celestial Opposition,Locket of the Iron Solari,Control Ward,Ionian Boots of Lucidity,Kindlegem,Faerie Charm,Oracle Lens,Hextech Rocketbelt,Doran's Ring,Fiendish Codex,Boots,No_Item,No_Item,Oracle Lens,Mosstomper Seedling,Tunneler,Ionian Boots of Lucidity,Ruby Crystal,Caulfield's Warhammer,Ruby Crystal,Stealth Ward,Doran's Ring,Seraph's Embrace,Sorcerer's Shoes,No_Item,No_Item,No_Item,Stealth Ward,Doran's Blade,Boots,Refillable Potion,B. F. Sword,Pickaxe,Serrated Dirk,Stealth Ward,Dream Maker,Refillable Potion,Ionian Boots of Lucidity,Bandleglass Mirror,Kindlegem,Control Ward,Oracle Lens,Grasp of the Undying,Inspiration,Lethal Tempo,Domination,Electrocute,Sorcery,Press the Attack,Inspiration,Guardian,Domination,Conqueror,Resolve,Conqueror,Domination,Phase Rush,Resolve,Hail of Blades,Sorcery,Summon Aery,Resolve,Teleport,Flash,Smite,Flash,Flash,Teleport,Flash,Barrier,Flash,Ignite,Teleport,Flash,Flash,Smite,Teleport,Flash,Flash,Ghost,Flash,Heal,0,6,0,0,0,0
https://www.op.gg/summoners/euw/KC%20NEXT%20ADKING-EUW/matches/34-jfPz6TmyB_3u1AEqg4ucQqbPsgZAg6Dj8mQHUFJo%3D/1732104138000,1,32,30,30,33,41,36,87,107,46,36,2,3,1,1,9,4,3,4,75953,71216,16.8,17.2,1216,1130,34.1,31.599999999999998,4737,-4737,2138.748736462094,2005.3602888086643,Gnar,Rengar,Sion,Ziggs,Pyke,LeBlanc,Graves,Sylas,Caitlyn,Lux,Trinity Force,Mercury's Treads,Wit's End,Hullbreaker,Warden's Mail,Giant's Belt,Oracle Lens,Serpent's Fang,Profane Hydra,Youmuu's Ghostblade,Serylda's Grudge,Opportunity,Ionian Boots of Lucidity,Oracle Lens,Unending Despair,Mercury's Treads,Heartsteel,"Jak'Sho, The Protean",Long Sword,Hollow Radiance,Oracle Lens,Seraph's Embrace,Sorcerer's Shoes,Seeker's Armguard,Shadowflame,Luden's Companion,Rabadon's Deathcap,Farsight Alteration,Celestial Opposition,Edge of Night,Umbral Glaive,Ionian Boots of Lucidity,Control Ward,Hexdrinker,Oracle Lens,Luden's Companion,Blasting Wand,Liandry's Torment,Rabadon's Deathcap,Sorcerer's Shoes,Blighting Jewel,Oracle Lens,Youmuu's Ghostblade,The Collector,Plated Steelcaps,Lord Dominik's Regards,Immortal Shieldbow,Infinity Edge,Oracle Lens,Zhonya's Hourglass,Cosmic Drive,Hextech Rocketbelt,Control Ward,Amplifying Tome,Sorcerer's Shoes,Oracle Lens,Rapid Firecannon,Infinity Edge,Berserker's Greaves,Lord Dominik's Regards,The Collector,B. F. Sword,Farsight Alteration,Plated Steelcaps,Redemption,Celestial Opposition,Oblivion Orb,Giant's Belt,Locket of the Iron Solari,Oracle Lens,Grasp of the Undying,Precision,Conqueror,Domination,Arcane Comet,Resolve,Arcane Comet,Inspiration,Hail of Blades,Resolve,First Strike,Sorcery,Dark Harvest,Precision,Phase Rush,Precision,Fleet Footwork,Sorcery,Aftershock,Domination,Teleport,Flash,Flash,Smite,Flash,Teleport,Flash,Teleport,Flash,Ignite,Flash,Teleport,Flash,Smite,Teleport,Flash,Flash,Teleport,Flash,Exhaust,0,2,2,0,3,0
https://www.op.gg/summoners/euw/KC%20NEXT%20ADKING-EUW/matches/34-jfPz6TmxtCgo9cI4xWU7TjY7qFqK63YIFHTIgXtY%3D/1732101310000,0,15,28,28,15,40,19,41,36,7,17,0,2,0,0,0,3,0,2,34411,44497,10.8,12.0,570,634,29.1,32.4,-10086,10086,1757.1574468085107,2272.1872340425534,K'Sante,Lee Sin,Galio,Jinx,Rell,Gnar,Rengar,LeBlanc,Ziggs,Alistar,Iceborn Gauntlet,Null-Magic Mantle,Chain Vest,Chain Vest,Boots,No_Item,Stealth Ward,Scorchclaw Pup,Eclipse,Sundered Sky,Control Ward,Pickaxe,Plated Steelcaps,Stealth Ward,No_Item,Hollow Radiance,Dark Seal,Doran's Ring,Sorcerer's Shoes,Haunting Guise,Oracle Lens,Doran's Blade,Cull,Yun Tal Wildarrows,Berserker's Greaves,Dagger,Dagger,Farsight Alteration,Dead Man's Plate,Boots,Celestial Opposition,No_Item,No_Item,No_Item,Oracle Lens,Doran's Shield,Plated Steelcaps,Trinity Force,Cull,Pickaxe,Kindlegem,Oracle Lens,Control Ward,Profane Hydra,Youmuu's Ghostblade,Serrated Dirk,Boots,No_Item,Eye of the Herald,Sorcerer's Shoes,Luden's Companion,Horizon Focus,Blighting Jewel,Control Ward,Dark Seal,Oracle Lens,Dark Seal,Sorcerer's Shoes,Doran's Ring,Rabadon's Deathcap,Luden's Companion,Blighting Jewel,Farsight Alteration,Celestial Opposition,Zeke's Convergence,Locket of the Iron Solari,Ionian Boots of Lucidity,No_Item,No_Item,Oracle Lens,Grasp of the Undying,Domination,Conqueror,Inspiration,Aftershock,Sorcery,Lethal Tempo,Sorcery,Glacial Augment,Resolve,Fleet Footwork,Resolve,Conqueror,Domination,First Strike,Domination,Arcane Comet,Inspiration,Aftershock,Inspiration,Teleport,Ignite,Flash,Smite,Flash,Teleport,Flash,Barrier,Ignite,Flash,Flash,Teleport,Flash,Smite,Teleport,Flash,Flash,Teleport,Flash,Ignite,0,3,0,1,3,0
https://www.op.gg/summoners/euw/KC%20NEXT%20ADKING-EUW/matches/34-jfPz6TmxbMnjUQMWz6Dmakg2kPsLFliC-m2ZMoLs%3D/1732099092000,0,24,43,43,24,87,41,81,78,31,30,1,4,0,1,3,7,1,5,54579,63181,14.2,15.6,886,884,30.700000000000003,30.5,-8602,8602,1881.1208737864076,2177.597572815534,Irelia,Wukong,Gragas,Corki,Pyke,Aatrox,Viego,Ahri,Ashe,Lux,Plated Steelcaps,Blade of The Ruined King,Kraken Slayer,Wit's End,Glacial Buckler,Warden's Mail,Farsight Alteration,Control Ward,Sundered Sky,Mercury's Treads,Black Cleaver,Ruby Crystal,Trinity Force,Oracle Lens,Seraph's Embrace,Cosmic Drive,Ionian Boots of Lucidity,Amplifying Tome,No_Item,No_Item,Oracle Lens,Plated Steelcaps,Trinity Force,Muramana,Infinity Edge,Doran's Blade,Long Sword,Farsight Alteration,Bloodsong,Mercury's Treads,Control Ward,Umbral Glaive,Edge of Night,No_Item,Oracle Lens,Pickaxe,Ruby Crystal,Plated Steelcaps,Black Cleaver,Sundered Sky,Death's Dance,Farsight Alteration,Randuin's Omen,Kraken Slayer,Control Ward,Sundered Sky,Sterak's Gage,Plated Steelcaps,Oracle Lens,Zhonya's Hourglass,Void Staff,Dark Seal,Ionian Boots of Lucidity,Malignance,Horizon Focus,Oracle Lens,Yun Tal Wildarrows,Phantom Dancer,Berserker's Greaves,Mortal Reminder,Long Sword,B. F. Sword,Farsight Alteration,Plated Steelcaps,Locket of the Iron Solari,Celestial Opposition,Frozen Heart,Giant's Belt,No_Item,Oracle Lens,Conqueror,Inspiration,Conqueror,Inspiration,Phase Rush,Inspiration,Conqueror,Inspiration,Hail of Blades,Inspiration,Conqueror,Resolve,Conqueror,Inspiration,Electrocute,Sorcery,Lethal Tempo,Inspiration,Aftershock,Domination,Flash,Teleport,Flash,Smite,Teleport,Flash,Cleanse,Flash,Ignite,Flash,Flash,Teleport,Flash,Smite,Flash,Teleport,Barrier,Flash,Flash,Heal,1,5,0,0,1,1
https://www.op.gg/summoners/euw/KC%20NEXT%20ADKING-EUW/matches/34-jfPz6TmzFZpgaqubSKXhkJOYALTjlVHb0oexooEY%3D/1732049403000,1,42,21,21,42,34,63,85,62,18,20,1,1,1,0,10,1,2,1,63069,48878,15.0,13.6,781,796,27.7,28.3,14191,-14191,2237.932258064516,1734.3806451612902,Renekton,Skarner,Syndra,Aphelios,Lulu,Vayne,Viego,Corki,Veigar,Alistar,Stridebreaker,Randuin's Omen,Control Ward,Plated Steelcaps,Sterak's Gage,Doran's Shield,Oracle Lens,Randuin's Omen,Heartsteel,Giant's Belt,Unending Despair,Bramble Vest,Plated Steelcaps,Oracle Lens,Rabadon's Deathcap,Dark Seal,Sorcerer's Shoes,Luden's Companion,Stormsurge,Void Staff,Farsight Alteration,Youmuu's Ghostblade,Doran's Blade,Noonquiver,Berserker's Greaves,The Collector,Infinity Edge,Farsight Alteration,Forbidden Idol,Dream Maker,Redemption,Forbidden Idol,Moonstone Renewer,Ionian Boots of Lucidity,Oracle Lens,Doran's Blade,Boots of Swiftness,Trinity Force,Terminus,No_Item,No_Item,Stealth Ward,Titanic Hydra,Kraken Slayer,Black Cleaver,Control Ward,Dagger,Mercury's Treads,Oracle Lens,Trinity Force,Muramana,Mercury's Treads,Doran's Blade,Long Sword,Noonquiver,Farsight Alteration,Blighting Jewel,Rabadon's Deathcap,Luden's Companion,Dark Seal,Ionian Boots of Lucidity,Blasting Wand,Farsight Alteration,Celestial Opposition,Locket of the Iron Solari,Knight's Vow,Control Ward,Mercury's Treads,Kindlegem,Oracle Lens,Press the Attack,Resolve,Aftershock,Inspiration,First Strike,Sorcery,Fleet Footwork,Sorcery,Summon Aery,Resolve,Lethal Tempo,Sorcery,Conqueror,Inspiration,Conqueror,Inspiration,Summon Aery,Precision,Phase Rush,Resolve,Flash,Teleport,Flash,Smite,Flash,Teleport,Flash,Barrier,Flash,Heal,Flash,Ghost,Flash,Smite,Flash,Teleport,Teleport,Flash,Flash,Ignite,0,0,1,1,1,0
https://www.op.gg/summoners/euw/KC%20NEXT%20ADKING-EUW/matches/34-jfPz6TmwsUGa5Yyg_Hgy52jqQejKUGVXr6piwrMI%3D/1732047215000,1,36,26,26,36,30,54,64,84,36,24,1,2,1,0,8,1,2,2,60227,48555,15.0,13.6,843,756,30.7,27.6,11672,-11672,2205.4957746478876,1778.0704225352113,Qiyana,Skarner,Yone,Ziggs,Zoe,Zilean,Wukong,Sylas,Draven,Pyke,Youmuu's Ghostblade,Serylda's Grudge,Ionian Boots of Lucidity,Edge of Night,Tunneler,Ruby Crystal,Oracle Lens,Heartsteel,Unending Despair,Spirit Visage,Control Ward,Thornmail,Mercury's Treads,Oracle Lens,Blade of The Ruined King,Immortal Shieldbow,Berserker's Greaves,B. F. Sword,No_Item,Cloak of Agility,Oracle Lens,Morellonomicon,Luden's Companion,Needlessly Large Rod,Sorcerer's Shoes,Dark Seal,Seraph's Embrace,Farsight Alteration,Celestial Opposition,Zhonya's Hourglass,Horizon Focus,Plated Steelcaps,Amplifying Tome,No_Item,Oracle Lens,Doran's Ring,Seraph's Embrace,Frozen Heart,Ionian Boots of Lucidity,Control Ward,No_Item,Stealth Ward,Boots of Swiftness,Trinity Force,Ruby Crystal,Black Cleaver,Null-Magic Mantle,Sundered Sky,Oracle Lens,Lich Bane,Hextech Rocketbelt,Dark Seal,Void Staff,Sorcerer's Shoes,No_Item,Farsight Alteration,Lord Dominik's Regards,Youmuu's Ghostblade,Doran's Blade,Bloodthirster,Plated Steelcaps,No_Item,Farsight Alteration,Bloodsong,Umbral Glaive,Mercury's Treads,Control Ward,Serrated Dirk,Long Sword,Oracle Lens,Electrocute,Precision,Grasp of the Undying,Inspiration,Lethal Tempo,Resolve,Arcane Comet,Inspiration,Summon Aery,Domination,Summon Aery,Resolve,Conqueror,Inspiration,Electrocute,Sorcery,Press the Attack,Inspiration,Hail of Blades,Inspiration,Flash,Teleport,Flash,Smite,Flash,Teleport,Flash,Teleport,Flash,Ignite,Teleport,Flash,Smite,Flash,Flash,Teleport,Flash,Barrier,Flash,Ignite,1,6,1,0,0,0
https://www.op.gg/summoners/euw/KC%20NEXT%20ADKING-EUW/matches/34-jfPz6Tmyq6-MYB2xKd34twAHAIIIBirLnHzpOV2E%3D/1732039512000,0,26,25,26,26,40,43,86,75,33,34,1,2,0,1,5,8,1,3,56262,58496,13.8,14.4,875,851,31.700000000000003,30.9,-2234,2234,2050.0323886639676,2131.433198380567,Volibear,Taliyah,Qiyana,Ashe,Pyke,Sion,Viego,Sylas,Ziggs,Nautilus,Boots of Swiftness,Dark Seal,Hextech Rocketbelt,Spirit Visage,Cosmic Drive,Doran's Ring,Oracle Lens,No_Item,Liandry's Torment,Zhonya's Hourglass,No_Item,Sorcerer's Shoes,Luden's Companion,Oracle Lens,Serpent's Fang,Youmuu's Ghostblade,Profane Hydra,Serrated Dirk,Serylda's Grudge,Ionian Boots of Lucidity,Oracle Lens,Doran's Blade,Berserker's Greaves,Kraken Slayer,Phantom Dancer,B. F. Sword,Pickaxe,Farsight Alteration,Celestial Opposition,Youmuu's Ghostblade,Control Ward,Boots of Swiftness,Edge of Night,Serrated Dirk,Oracle Lens,Titanic Hydra,Boots,Heartsteel,Warmog's Armor,Cloth Armor,No_Item,Stealth Ward,Titanic Hydra,Ruby Crystal,Slightly Magical Footwear,Sterak's Gage,Ruby Crystal,Kraken Slayer,Oracle Lens,Hextech Rocketbelt,Rabadon's Deathcap,Amplifying Tome,Dark Seal,Sorcerer's Shoes,Doran's Ring,Oracle Lens,Seraph's Embrace,Luden's Companion,Rabadon's Deathcap,Sorcerer's Shoes,Blasting Wand,Blighting Jewel,Farsight Alteration,Abyssal Mask,Bloodsong,Locket of the Iron Solari,No_Item,No_Item,Boots of Swiftness,Oracle Lens,Press the Attack,Resolve,Dark Harvest,Inspiration,Electrocute,Precision,Lethal Tempo,Inspiration,Hail of Blades,Sorcery,Grasp of the Undying,Inspiration,Conqueror,Inspiration,Electrocute,Resolve,Arcane Comet,Inspiration,Aftershock,Inspiration,Flash,Teleport,Flash,Smite,Flash,Ignite,Flash,Barrier,Ignite,Flash,Flash,Teleport,Smite,Flash,Flash,Teleport,Flash,Teleport,Flash,Ignite,1,3,0,0,3,1
https://www.op.gg/summoners/euw/KC%20NEXT%20ADKING-EUW/matches/34-jfPz6TmyJsKg-54tc2dr4gv6710bTr44PeMrTy0M%3D/1732037268000,0,9,19,19,9,31,12,34,35,9,8,0,2,0,0,1,0,0,2,27019,30095,9.0,9.6,459,478,30.2,31.400000000000002,-3076,3076,1770.8398648648647,1972.4425675675675,Volibear,Kindred,Galio,Ashe,Renata Glasc,Aatrox,Nocturne,Orianna,Ezreal,Neeko,Control Ward,Boots of Swiftness,Hextech Rocketbelt,Dark Seal,Cosmic Drive,No_Item,Oracle Lens,Trinity Force,Plated Steelcaps,Scorchclaw Pup,No_Item,No_Item,No_Item,Oracle Lens,Doran's Ring,Boots,Hollow Radiance,No_Item,No_Item,No_Item,Stealth Ward,Kraken Slayer,Berserker's Greaves,Refillable Potion,Dagger,No_Item,Doran's Blade,Stealth Ward,Kindlegem,Bloodsong,Null-Magic Mantle,No_Item,Cloth Armor,Boots of Swiftness,Oracle Lens,Caulfield's Warhammer,Cloth Armor,Mercury's Treads,Tunneler,No_Item,Doran's Shield,Stealth Ward,Tiamat,Experimental Hexplate,Boots,Scorchclaw Pup,Ruby Crystal,No_Item,Oracle Lens,Seraph's Embrace,Sorcerer's Shoes,Fated Ashes,No_Item,No_Item,Doran's Ring,Farsight Alteration,Doran's Blade,Refillable Potion,Ionian Boots of Lucidity,Tear of the Goddess,Trinity Force,Long Sword,Farsight Alteration,Zaz'Zak's Realmspike,Ionian Boots of Lucidity,Hextech Rocketbelt,Control Ward,No_Item,No_Item,Oracle Lens,Press the Attack,Resolve,Press the Attack,Domination,Aftershock,Sorcery,Lethal Tempo,Inspiration,Guardian,Domination,Conqueror,Resolve,Conqueror,Domination,Conqueror,Sorcery,Conqueror,Inspiration,Arcane Comet,Inspiration,Flash,Teleport,Flash,Smite,Teleport,Flash,Flash,Barrier,Flash,Heal,Teleport,Flash,Flash,Smite,Flash,Teleport,Flash,Barrier,Flash,Ignite,0,6,0,0,0,0
https://www.op.gg/summoners/euw/KC%20NEXT%20ADKING-EUW/matches/34-jfPz6TmyowxbNnYqxK78zAz0LFu6UuEYAM5S_7tI%3D/1732035481000,0,25,30,30,26,54,41,93,90,36,27,1,2,1,1,7,9,2,3,60580,66650,14.4,16.2,946,1042,30.599999999999998,33.8,-6070,6070,1954.1935483870968,2150.0,Pantheon,Nidalee,Jayce,Ziggs,Nautilus,Darius,Elise,Yone,Ashe,Poppy,Plated Steelcaps,Sundered Sky,Black Cleaver,Long Sword,Sterak's Gage,Doran's Blade,Stealth Ward,Liandry's Torment,Zhonya's Hourglass,Control Ward,Sorcerer's Shoes,Blackfire Torch,No_Item,Oracle Lens,Tunneler,Muramana,Youmuu's Ghostblade,Plated Steelcaps,Serylda's Grudge,Serpent's Fang,Oracle Lens,Luden's Companion,Stormsurge,Sorcerer's Shoes,Tear of the Goddess,Void Staff,Needlessly Large Rod,Farsight Alteration,Bloodsong,Plated Steelcaps,Locket of the Iron Solari,Control Ward,Knight's Vow,Kindlegem,Oracle Lens,Trinity Force,Sterak's Gage,Force of Nature,No_Item,Plated Steelcaps,No_Item,Oracle Lens,Rylai's Crystal Scepter,Stormsurge,Oblivion Orb,No_Item,Blasting Wand,Sorcerer's Shoes,Oracle Lens,Berserker's Greaves,Negatron Cloak,Iceborn Gauntlet,Infinity Edge,Immortal Shieldbow,Blade of The Ruined King,Farsight Alteration,Kraken Slayer,Phantom Dancer,Noonquiver,Berserker's Greaves,Infinity Edge,Bloodthirster,Farsight Alteration,Locket of the Iron Solari,Bloodsong,Control Ward,Boots of Swiftness,Dead Man's Plate,Giant's Belt,Oracle Lens,Conqueror,Resolve,Dark Harvest,Precision,Phase Rush,Inspiration,Arcane Comet,Inspiration,Aftershock,Inspiration,Conqueror,Sorcery,Dark Harvest,Precision,Fleet Footwork,Resolve,Lethal Tempo,Inspiration,Hail of Blades,Inspiration,Ignite,Flash,Smite,Flash,Flash,Teleport,Flash,Teleport,Flash,Ignite,Flash,Ghost,Flash,Smite,Flash,Teleport,Flash,Barrier,Flash,Ignite,1,5,0,0,1,1
